ARM GAS  C:\Users\PUBLIC~1.LAP\AppData\Local\Temp\cc7IVmQP.s 			page 1


   1              		.cpu cortex-m3
   2              		.arch armv7-m
   3              		.fpu softvfp
   4              		.eabi_attribute 20, 1
   5              		.eabi_attribute 21, 1
   6              		.eabi_attribute 23, 3
   7              		.eabi_attribute 24, 1
   8              		.eabi_attribute 25, 1
   9              		.eabi_attribute 26, 1
  10              		.eabi_attribute 30, 4
  11              		.eabi_attribute 34, 1
  12              		.eabi_attribute 18, 4
  13              		.file	"chpipes.c"
  14              		.section	.gnu.lto_.profile.83ad1332,"e",%progbits
  15 0000 28B52FFD 		.ascii	"(\265/\375 \0061\000\000\002\000\000\000\000\000"
  15      20063100 
  15      00020000 
  15      000000
  16              		.text
  17              		.section	.gnu.lto_.icf.83ad1332,"e",%progbits
  18 0000 28B52FFD 		.ascii	"(\265/\375 \354\205\003\000\004\005\340\000\011\000"
  18      20EC8503 
  18      000405E0 
  18      000900
  19 000f 88A48274 		.ascii	"\210\244\202t\006\002\000\002\001\002\002\001\001\354"
  19      06020002 
  19      01020201 
  19      01EC
  20 001d E7F3DE04 		.ascii	"\347\363\336\004\026\002\002\002\003\000\352\354\327"
  20      16020202 
  20      0300EAEC 
  20      D7
  21 002a C5020103 		.ascii	"\305\002\001\003\235\330\221\321\001\000\004\232\257"
  21      9DD891D1 
  21      0100049A 
  21      AF
  22 0037 89E80400 		.ascii	"\211\350\004\000\005\213\334\305\261\011\020\002\002"
  22      058BDCC5 
  22      B1091002 
  22      02
  23 0044 03020402 		.ascii	"\003\002\004\002\003\002\005\006\260\255\217\360\007"
  23      03020506 
  23      B0AD8FF0 
  23      07
  24 0051 0A07A898 		.ascii	"\012\007\250\230\300\325\007\002\010\000\014\000.+\242"
  24      C0D50702 
  24      08000C00 
  24      2E2BA2
  25 0060 B2665406 		.ascii	"\262fT\006\224:f\037\3167\314\034\324\265jU\200\260"
  25      943A661F 
  25      CE37CC1C 
  25      D4B56A55 
  25      80B0
  26 0072 40D4EEFA 		.ascii	"@\324\356\372\015`\001"
  26      0D6001
  27              		.text
  28              		.section	.gnu.lto_.ipa_sra.83ad1332,"e",%progbits
ARM GAS  C:\Users\PUBLIC~1.LAP\AppData\Local\Temp\cc7IVmQP.s 			page 2


  29 0000 28B52FFD 		.ascii	"(\265/\375`\335\000\235\004\0002\305\015\025\260%\351"
  29      60DD009D 
  29      040032C5 
  29      0D15B025 
  29      E9
  30 0011 0CC3B0A2 		.ascii	"\014\303\260\242<\014\3030\220\220P\255\021B\232\334"
  30      3C0CC330 
  30      909050AD 
  30      11429ADC 
  31 0021 32A51642 		.ascii	"2\245\026Bo\210s\274\007LE\217\354P\330k\315\263:\360"
  31      6F8873BC 
  31      074C458F 
  31      EC50D86B 
  31      CDB33AF0 
  32 0035 3BC18EF3 		.ascii	";\301\216\363L_!\021\275=\325\320\354\340\203) \240"
  32      4C5F2111 
  32      BD3DD5D0 
  32      ECE08329 
  32      20A0
  33 0047 821923F3 		.ascii	"\202\031#\363F\032L\003\361\274[@\211\300\013DV.\202"
  33      461A4C03 
  33      F1BC5B40 
  33      89C00B44 
  33      562E82
  34 005a C521B78C 		.ascii	"\305!\267\214\214\354MM\260\022\220\006\334\304\366"
  34      8CEC4D4D 
  34      B0129006 
  34      DCC4F6
  35 0069 EE8C87CE 		.ascii	"\356\214\207\3165\320,\016\347\270\232\240P\200b\\\240"
  35      35D02C0E 
  35      E7B89AA0 
  35      5080625C 
  35      A0
  36 007a C0032C70 		.ascii	"\300\003,p\000\0046\200B\001\260M\254+F^\000h\007\361"
  36      00043680 
  36      4201B04D 
  36      AC2B465E 
  36      006807F1 
  37 008e 3989C202 		.ascii	"9\211\302\002\231\017\322\272!?K\004_\270!"
  37      990FD2BA 
  37      213F4B04 
  37      5FB821
  38              		.text
  39              		.section	.gnu.lto_.inline.83ad1332,"e",%progbits
  40 0000 28B52FFD 		.ascii	"(\265/\375`\334\002=\013\0006Q83Po\322\030D\370\315"
  40      60DC023D 
  40      0B003651 
  40      3833506F 
  40      D21844F8 
  41 0015 216C4710 		.ascii	"!lG\020\007\3340\273\263\364\\\365\312\214b<pE\354\310"
  41      07DC30BB 
  41      B3F45CF5 
  41      CA8C623C 
  41      7045ECC8 
  42 0029 DD84E122 		.ascii	"\335\204\341\"c&f\206\002Z\010\004\200\2646#\333h\267"
  42      63266686 
  42      025A0804 
ARM GAS  C:\Users\PUBLIC~1.LAP\AppData\Local\Temp\cc7IVmQP.s 			page 3


  42      80B43623 
  42      DB68B7
  43 003c 4DB69432 		.ascii	"M\266\2242\005$\000/\000*\000Y\315\220\277w\266\333"
  43      0524002F 
  43      002A0059 
  43      CD90BF77 
  43      B6DB
  44 004e B980E7D9 		.ascii	"\271\200\347\331\311\335]\367\020\273\033\361\230q\365"
  44      C9DD5DF7 
  44      10BB1BF1 
  44      9871F5
  45 005d CB1FE82E 		.ascii	"\313\037\350.q\035/\035\355\356{j%\005\033!\203\365"
  45      711D2F1D 
  45      EDEE7B6A 
  45      25051B21 
  45      83F5
  46 006f A3221695 		.ascii	"\243\"\026\225\216\204\263\322-L\177M\333\3022\371_"
  46      8E84B3D2 
  46      2D4C7F4D 
  46      DBC232F9 
  46      5F
  47 0080 19829201 		.ascii	"\031\202\222\001\022\360\236<i)\225 d\3428\202\322B"
  47      12F09E3C 
  47      69299520 
  47      64E23882 
  47      D242
  48 0092 54225118 		.ascii	"T\"Q\030\0138\234\003\272\371+W\307$R\211\250\343'S"
  48      0B389C03 
  48      BAF92B57 
  48      C7245289 
  48      A8E32753 
  49 00a6 7657E0A9 		.ascii	"vW\340\251ma\340\225\256\361\330\302\362\321\231\350"
  49      6D61E095 
  49      AEF1D8C2 
  49      F2D199E8 
  50 00b6 E366AA70 		.ascii	"\343f\252p\017JRH\343\202\240A9\262\343\007\276-\254"
  50      0F4A5248 
  50      E382A041 
  50      39B2E307 
  50      BE2DAC
  51 00c9 DD1EC0BD 		.ascii	"\335\036\300\275;9\332\335\351|\022\355a\246\243\203"
  51      3B39DADD 
  51      E97C12ED 
  51      61A6A383 
  52 00d9 7BF9708E 		.ascii	"{\371p\216\036\245\030Y\021\251\276`&\333]jbw\007vU"
  52      1EA51859 
  52      11A9BE60 
  52      26DB5D6A 
  52      62770776 
  53 00ee 38207002 		.ascii	"8 p\0021#f=K\216\216\322;\271\2242\356\203\264?\205"
  53      3123663D 
  53      4B8E8ED2 
  53      3BB99432 
  53      EE83B43F 
  54 0103 5BC6B708 		.ascii	"[\306\267\010\324\325\345\032\270\007\036\017`\377\001"
  54      D4D5E51A 
  54      B8071E0F 
ARM GAS  C:\Users\PUBLIC~1.LAP\AppData\Local\Temp\cc7IVmQP.s 			page 4


  54      60FF01
  55 0112 80ED2573 		.ascii	"\200\355%s\314\002\235;y\240E\3440\306C\005\005\023"
  55      CC029D3B 
  55      79A045E4 
  55      30C64305 
  55      0513
  56 0124 EE4028A4 		.ascii	"\356@(\244{W\302Z\335\211\235t;\024^\302u='1;\360\315"
  56      7B57C25A 
  56      DD899D74 
  56      3B145EC2 
  56      753D2731 
  57 013b 69058387 		.ascii	"i\005\203\207?\212\2379\036\005 \005\244\213\326\000"
  57      3F8A9F39 
  57      1E052005 
  57      A48BD600 
  58 014b F10C156A 		.ascii	"\361\014\025j\202\302\224\332tBla\300\352f+\256\334"
  58      82C294DA 
  58      74426C61 
  58      C0EA662B 
  58      AEDC
  59 015d 217BDC34 		.ascii	"!{\3344\356\216\344\036\225\340\267\010\376\234\366"
  59      EE8EE41E 
  59      95E0B708 
  59      FE9CF6
  60 016c DE83157C 		.ascii	"\336\203\025|\010"
  60      08
  61              		.text
  62              		.section	.gnu.lto_.jmpfuncs.83ad1332,"e",%progbits
  63 0000 28B52FFD 		.ascii	"(\265/\375`\246\004\025\011\000\322\311\034#\240%I\007"
  63      60A60415 
  63      0900D2C9 
  63      1C23A025 
  63      4907
  64 0012 FF731480 		.ascii	"\377s\024\200\235G\377\377\377D\352\370\337\333\246"
  64      9D47FFFF 
  64      FF44EAF8 
  64      DFDBA6
  65 0021 60006054 		.ascii	"`\000`T\325\305Z\326,!m\267\275e\332\001uL\363\3163"
  65      D5C55AD6 
  65      2C216DB7 
  65      BD65DA01 
  65      754CF3CE 
  66 0036 1F3D6124 		.ascii	"\037=a$\005'\2115\355\361\212#\030-w\316\312\300.\306"
  66      05278935 
  66      EDF18A23 
  66      182D77CE 
  66      CAC02EC6 
  67 004a F246E60A 		.ascii	"\362F\346\012\313\024\323B\337\340\377l\340\005\356"
  67      CB14D342 
  67      DFE0FF6C 
  67      E005EE
  68 0059 787AC003 		.ascii	"xz\300\003|\345\365\353\000\373y\205\010>\202\335\220"
  68      7CE5F5EB 
  68      00FB7985 
  68      083E82DD 
  68      90
  69 006a 524A1FAA 		.ascii	"RJ\037\252\017]UUL\011\315\243i\315\303o\337\262\257"
ARM GAS  C:\Users\PUBLIC~1.LAP\AppData\Local\Temp\cc7IVmQP.s 			page 5


  69      0F5D5555 
  69      4C09CDA3 
  69      69CDC36F 
  69      DFB2AF
  70 007d 53052246 		.ascii	"S\005\"F\250\241Q;)\330\376\035p\"!#3\017\022@\321@"
  70      A8A1513B 
  70      29D8FE1D 
  70      70222123 
  70      330F1240 
  71 0093 020CA418 		.ascii	"\002\014\244\030\212 \243\211F1c\004F\211*\262\260\302"
  71      8A20A389 
  71      46316304 
  71      46892AB2 
  71      B0C2
  72 00a5 448B0D80 		.ascii	"D\213\015\200\226\204\216\025\242'\267\026\201 \002"
  72      96848E15 
  72      A227B716 
  72      812002
  73 00b4 5268D768 		.ascii	"Rh\327h=\303\354\376P\031a'\354\\O\346\255\034\330J"
  73      3DC3ECFE 
  73      50196127 
  73      EC5C4FE6 
  73      AD1CD84A 
  74 00c8 2C3B8452 		.ascii	",;\204R0M\306\350\277\007\004\231oM\023\220\000\322"
  74      304DC6E8 
  74      BF070499 
  74      6F4D1390 
  74      00D2
  75 00da 26552A28 		.ascii	"&U*(\273\207\306\021\363\205H'\025z\321\236\344\305"
  75      BB87C611 
  75      F3854827 
  75      157AD19E 
  75      E4C5
  76 00ec B445C45A 		.ascii	"\264E\304Zn\300\211wY\017s\347\226S)\325eF\217l\\\207"
  76      6EC08977 
  76      590F73E7 
  76      965329D5 
  76      65468F6C 
  77 0102 EF85ED44 		.ascii	"\357\205\355Dzm\177\000\201\223\333u\026@!\304\212P"
  77      7A6D7F00 
  77      8193DB75 
  77      164021C4 
  77      8A50
  78 0114 02347035 		.ascii	"\0024p5\346\006?L\363\000\377\327\265\237\2035\264\302"
  78      E6063F4C 
  78      F300FFD7 
  78      B59F8335 
  78      B4C2
  79 0126 7E9E0036 		.ascii	"~\236\0006[\366"
  79      5BF6
  80              		.text
  81              		.section	.gnu.lto_.pureconst.83ad1332,"e",%progbits
  82 0000 28B52FFD 		.ascii	"(\265/\375  \001\001\000\034\000\000\000\011\000\205"
  82      20200101 
  82      001C0000 
  82      00090085 
  83 0010 04019A04 		.ascii	"\004\001\232\004\002\232\004\003\272\005\004\272\005"
ARM GAS  C:\Users\PUBLIC~1.LAP\AppData\Local\Temp\cc7IVmQP.s 			page 6


  83      029A0403 
  83      BA0504BA 
  83      05
  84 001d 059A0406 		.ascii	"\005\232\004\006\272\005\007\231\004\010\231\004"
  84      BA050799 
  84      04089904 
  85              		.text
  86              		.section	.gnu.lto_.ipa_modref.83ad1332,"e",%progbits
  87 0000 28B52FFD 		.ascii	"(\265/\375`\205\0005\006\000\202\211\037&\220E\351U"
  87      60850035 
  87      06008289 
  87      1F269045 
  87      E955
  88 0012 90813FBA 		.ascii	"\220\201?\272n\323%\034$e3\015\201\223\331n\031\233"
  88      6ED3251C 
  88      2465330D 
  88      8193D96E 
  88      199B
  89 0024 4CC40D08 		.ascii	"L\304\015\010;m\306\017@#{I\333$\245\024\225\"\211P"
  89      3B6DC60F 
  89      40237B49 
  89      DB24A514 
  89      95228950 
  90 0038 88589B59 		.ascii	"\210X\233Y\233Mg\345\3129xkf4\273\325\346\3212\201F"
  90      9B4D67E5 
  90      CA39786B 
  90      6634BBD5 
  90      E6D13281 
  91 004d A95053A2 		.ascii	"\251PS\242k-\307\305\223E\362\020\324\004b7E\026\001"
  91      6B2DC7C5 
  91      9345F210 
  91      D4046237 
  91      451601
  92 0060 8E7A887D 		.ascii	"\216z\210}\371:w\241\273\317\317\000\312\2749dC\341"
  92      F93A77A1 
  92      BBCFCF00 
  92      CABC3964 
  92      43E1
  93 0072 109B0FEB 		.ascii	"\020\233\017\353\\\360\027\272\021\355\330\233\330\272"
  93      5CF017BA 
  93      11EDD89B 
  93      D8BA
  94 0080 6EF3F7B9 		.ascii	"n\363\367\271\333\256tY[kC\034\000<An.\270\032o\023"
  94      DBAE7459 
  94      5B6B431C 
  94      003C416E 
  94      2EB81A6F 
  95 0095 9EFFEC74 		.ascii	"\236\377\354t~\201\305Z8\247\024\\wk\034\213VX\250\221"
  95      7E81C55A 
  95      38A7145C 
  95      776B1C8B 
  95      5658A891 
  96 00a9 0E2C006C 		.ascii	"\016,\000l\310\032\216\313\005\220\035\353V!\270\032"
  96      C81A8ECB 
  96      05901DEB 
  96      5621B81A 
  97 00b9 A6A310BC 		.ascii	"\246\243\020\274T\004\371\271\303\345b\236U(w\2272\242"
ARM GAS  C:\Users\PUBLIC~1.LAP\AppData\Local\Temp\cc7IVmQP.s 			page 7


  97      5404F9B9 
  97      C3E5629E 
  97      55287797 
  97      32A2
  98 00cb 4B1B1880 		.ascii	"K\033\030\200\003"
  98      03
  99              		.text
 100              		.section	.gnu.lto_.lto.83ad1332,"e",%progbits
 101 0000 0C000000 		.ascii	"\014\000\000\000\001\000\001\000"
 101      01000100 
 102              		.text
 103              		.section	.gnu.lto_chPipeGetFreeCount.233.83ad1332,"e",%progbits
 104 0000 28B52FFD 		.ascii	"(\265/\375`\364\000m\014\000\326\026TB\360r\234\016"
 104      60F4006D 
 104      0C00D616 
 104      5442F072 
 104      9C0E
 105 0012 D8BCE026 		.ascii	"\330\274\340&v\375\235\217J\3143U@\317M,U\261\347\253"
 105      76FD9D8F 
 105      4ACC3355 
 105      40CF4D2C 
 105      55B1E7AB 
 106 0026 B5C8FAF1 		.ascii	"\265\310\372\361\267\023#m\011\011\340\341o\315\017"
 106      B713236D 
 106      0909E0E1 
 106      6FCD0F
 107 0035 D79C094A 		.ascii	"\327\234\011JB\341\316\242S\037\373\240|\340\346 C\212"
 107      42E1CEA2 
 107      531FFBA0 
 107      7CE0E620 
 107      438A
 108 0047 0A7EFF48 		.ascii	"\012~\377H\2046\2212\245@\000=\000B\0002v\303\002^\220"
 108      84369132 
 108      A540003D 
 108      00420032 
 108      76C3025E 
 109 005c 3DDAF651 		.ascii	"=\332\366Q<\005\210O\020D\260\0278|\244\250vC-\363\000"
 109      3C05884F 
 109      1044B017 
 109      387CA4A8 
 109      76432DF3 
 110 0071 D7A37500 		.ascii	"\327\243u\000\327\243\216\370\351y\362\257\342\226\312"
 110      D7A38EF8 
 110      E979F2AF 
 110      E296CA
 111 0080 6485A464 		.ascii	"d\205\244d\303\023k\260\273N\222\222\017\267\3366\001"
 111      C3136BB0 
 111      BB4E9292 
 111      0FB7DE36 
 111      01
 112 0091 DB0CEC8B 		.ascii	"\333\014\354\213\004\276\234\216W\332\212i=\312\237"
 112      04BE9C8E 
 112      57DA8A69 
 112      3DCA9F
 113 00a0 160B0B1A 		.ascii	"\026\013\013\032<4\033\273\036~\364\330\033Q\305\304"
 113      3C341BBB 
 113      1E7EF4D8 
ARM GAS  C:\Users\PUBLIC~1.LAP\AppData\Local\Temp\cc7IVmQP.s 			page 8


 113      1B51C5C4 
 114 00b0 0F9F221D 		.ascii	"\017\237\"\035e\014\011\222\277\342`\351(+\210\225j"
 114      650C0992 
 114      BFE260E9 
 114      282B8895 
 114      6A
 115 00c1 772F25FB 		.ascii	"w/%\373\362\2306\210}\261\235y\024\223-\273\250\225"
 115      F2983688 
 115      7DB19D79 
 115      14932DBB 
 115      A895
 116 00d3 A90B68B1 		.ascii	"\251\013h\261\343\004\3044\323\317\350\260\272T\025"
 116      E304C434 
 116      D3CFE8B0 
 116      BA5415
 117 00e2 53AD3172 		.ascii	"S\2551r\"\244;\214K1:\016\372\302S@\331.\207\215\357"
 117      22A43B8C 
 117      4B313A0E 
 117      FAC25340 
 117      D92E878D 
 118 00f7 4243C82F 		.ascii	"BC\310/a\322\203\037\240\222\343\004\374re\207!\251"
 118      61D2831F 
 118      A092E304 
 118      FC726587 
 118      21A9
 119 0109 22EC5BAB 		.ascii	"\"\354[\253!\354+\235ai,f\236\227\346\014\2106\257\363"
 119      21EC2B9D 
 119      61692C66 
 119      9E97E60C 
 119      8836AFF3 
 120 011d 388FB655 		.ascii	"8\217\266U\030}<\030:\255\323}D!M\024\322$D\350:\035"
 120      187D3C18 
 120      3AADD37D 
 120      44214D14 
 120      D22444E8 
 121 0133 E780B341 		.ascii	"\347\200\263Ap\300\003m\0318%n\324}&P\320h8\012\036"
 121      70C0036D 
 121      1938256E 
 121      D47D2650 
 121      D068380A 
 122 0148 2408BFDB 		.ascii	"$\010\277\333Q3\237~\2664\323\250#&R\336\036\303\202"
 122      51339F7E 
 122      B634D3A8 
 122      232652DE 
 122      1EC382
 123 015b A50F1700 		.ascii	"\245\017\027\0002\003\302\260?\013\265ne\203\026\006"
 123      3203C2B0 
 123      3F0BB56E 
 123      65831606 
 124 016b A1FB8B71 		.ascii	"\241\373\213q\250\254\007\303\020\012\211\246\307\177"
 124      A8AC07C3 
 124      100A89A6 
 124      C77F
 125 0179 D8153676 		.ascii	"\330\0256v\271\206\213\327\002\252!4P\241\000]\241N"
 125      B9868BD7 
 125      02AA2134 
 125      50A1005D 
ARM GAS  C:\Users\PUBLIC~1.LAP\AppData\Local\Temp\cc7IVmQP.s 			page 9


 125      A14E
 126 018b 07654954 		.ascii	"\007eIT6\374\317\334\246v\222\001"
 126      36FCCFDC 
 126      A6769201 
 127              		.text
 128              		.section	.gnu.lto_pipe_write.263.83ad1332,"e",%progbits
 129 0000 28B52FFD 		.ascii	"(\265/\375`T\004\025\032\0006\256\242F\240\\M:\260\256"
 129      60540415 
 129      1A0036AE 
 129      A246A05C 
 129      4D3AB0AE 
 130 0014 9B9F1767 		.ascii	"\233\237\027g\202XA:\031H\025\324\325\015.\361\275\361"
 130      8258413A 
 130      194815D4 
 130      D50D2EF1 
 130      BDF1
 131 0026 59B5CEB7 		.ascii	"Y\265\316\267\246`\026\322v\323\233\305T\306\213\361"
 131      A66016D2 
 131      76D39BC5 
 131      54C68BF1 
 132 0036 2D8BC8E7 		.ascii	"-\213\310\347a>\\\357\350\303\256X\002\2147\307\247"
 132      613E5CEF 
 132      E8C3AE58 
 132      028C37C7 
 132      A7
 133 0047 0B7B1289 		.ascii	"\013{\022\211\006GM\310\336DJ\231\002\216\000\177\000"
 133      06474DC8 
 133      DE444A99 
 133      028E007F 
 133      00
 134 0058 8D00136E 		.ascii	"\215\000\023n\342\247$\003\000S\311\245\252\326\233"
 134      E2A72403 
 134      0053C9A5 
 134      AAD69B
 135 0067 819D8F60 		.ascii	"\201\235\217`\023;\237\312T\302\200\320P-\322<`\336"
 135      133B9FCA 
 135      54C280D0 
 135      502DD23C 
 135      60DE
 136 0079 262EBE53 		.ascii	"&.\276S+\224\324T\255\267\003w\360\355\374\377]\262"
 136      2B94D454 
 136      ADB70377 
 136      F0EDFCFF 
 136      5DB2
 137 008b 4C5E5CB4 		.ascii	"L^\\\264\260\344\225j\320@\211S\353\3555\264.\272\263"
 137      B0E4956A 
 137      D0408953 
 137      EBED35B4 
 137      2EBAB3
 138 009e DB1FBAB3 		.ascii	"\333\037\272\263\177\254\270\036\235]\263\370\335r;"
 138      7FACB81E 
 138      9D5DB3F8 
 138      DD723B
 139 00ad A72060C8 		.ascii	"\247 `\310\232\322z6\226N\2606vC\265VVm\211;\236\232"
 139      9AD27A36 
 139      964EB036 
 139      7643B556 
ARM GAS  C:\Users\PUBLIC~1.LAP\AppData\Local\Temp\cc7IVmQP.s 			page 10


 139      566D893B 
 140 00c3 8DEDAE40 		.ascii	"\215\355\256@\025\325\033\260F\353\\MD\310-\227c\324"
 140      15D51BB0 
 140      46EB5C4D 
 140      44C82D97 
 140      63D4
 141 00d5 66CC9E84 		.ascii	"f\314\236\204Z\353\231\254\315\330\177\373?\374_\341"
 141      5AEB99AC 
 141      CDD87FFB 
 141      3FFC5FE1 
 142 00e5 EF6A012C 		.ascii	"\357j\001,\310\237\304J1\361\325Z\033D\371\220\364\015"
 142      C89FC44A 
 142      31F1D55A 
 142      1B44F990 
 142      F40D
 143 00f7 D9F97541 		.ascii	"\331\371uAwn\323\034e\310\0322\276\372oJ\334>\376\355"
 143      776ED31C 
 143      65C81A32 
 143      BEFA6F4A 
 143      DC3EFEED 
 144 010b 6AADF5DD 		.ascii	"j\255\365\335\343\337\333^h\241\366A\013\265\013\264"
 144      E3DFDB5E 
 144      68A1F641 
 144      0BB50BB4 
 145 011b 517BD7DA 		.ascii	"Q{\327\332v\177\266\311\256\317\344\203\224\337\242"
 145      767FB6C9 
 145      AECFE483 
 145      94DFA2
 146 012a FC1ECA67 		.ascii	"\374\036\312gQ>\017\345\357P\376\347\361=\312\247\224"
 146      513E0FE5 
 146      EF50FEE7 
 146      F13DCAA7 
 146      94
 147 013b 3F27BF9B 		.ascii	"?'\277\233\374\236|\356\370;`i\260)c\004\250RkS\035"
 147      FC9E7CEE 
 147      F83B6069 
 147      B0296304 
 147      A8526B53 
 148 0150 3A3537AD 		.ascii	":57\255\024\331\333n\324\362\377\342\373d\313\263\376"
 148      14D9DB6E 
 148      D4F2FFE2 
 148      FB64CBB3 
 148      FE
 149 0161 47894337 		.ascii	"G\211C7\246\002Y\226\232\216t;\215%\354\257wz\255F\247"
 149      A6025996 
 149      9A8E743B 
 149      8D25ECAF 
 149      777AAD46 
 150 0176 2B5FA3B0 		.ascii	"+_\243\260\222c\003b\260\201\232\366\257a\003\343\334"
 150      92630362 
 150      B0819AF6 
 150      AF6103E3 
 150      DC
 151 0187 E4C6AE0B 		.ascii	"\344\306\256\013dN\325T\267\217\273\032l\000d\312.4"
 151      644ED554 
 151      B78FBB1A 
 151      6C0064CA 
ARM GAS  C:\Users\PUBLIC~1.LAP\AppData\Local\Temp\cc7IVmQP.s 			page 11


 151      2E34
 152 0199 9673AF5D 		.ascii	"\226s\257]\315\200\351\212\366l\257\233\312\250d\306"
 152      CD80E98A 
 152      F66CAF9B 
 152      CAA864C6 
 153 01a9 61A9680B 		.ascii	"a\251h\0138c\223u\330*\341\354y\004\316\223\255k*\""
 153      38639375 
 153      D82AE1EC 
 153      7904CE93 
 153      AD6B2A22 
 154 01bd 9B59720D 		.ascii	"\233Yr\015\330\335]\257\227Q\307\354\036v\212\330M\345"
 154      D8DD5DAF 
 154      9751C7EC 
 154      1E768AD8 
 154      4DE5
 155 01cf E6C9F6D3 		.ascii	"\346\311\366\323\334`\237\30763\276\272\017\373\364"
 155      DC609FC7 
 155      3633BEBA 
 155      0FFBF4
 156 01de 1FE28897 		.ascii	"\037\342\210\227\344n\341\234\344Z\274\375\217\200\361"
 156      E46EE19C 
 156      E45ABCFD 
 156      8F80F1
 157 01ed 921FA275 		.ascii	"\222\037\242u\375\027\027\011BV\020\362\211\215\031"
 157      FD171709 
 157      425610F2 
 157      898D19
 158 01fc 712CC63F 		.ascii	"q,\306?B\020\212\210\301bHG\257\243\024\341\313\010"
 158      42108A88 
 158      C1624847 
 158      AFA314E1 
 158      CB08
 159 020e 56224C7A 		.ascii	"V\"Lz\205I\257\014\027`F0$\012E\015\024$\210\231\020"
 159      8549AF0C 
 159      17604630 
 159      240A450D 
 159      14248899 
 160 0223 A1A2A805 		.ascii	"\241\242\250\005\322\012X\011\020!\210\210\212\036T"
 160      D20A5809 
 160      10218888 
 160      8A1E54
 161 0232 5870ABDB 		.ascii	"Xp\253\333\325\356\001v\213\\\222\223\265\354\002l\245"
 161      D5EE0176 
 161      8B5C9293 
 161      B5EC026C 
 161      A5
 162 0243 92E4685D 		.ascii	"\222\344h]\275\326\2300\255\236HpO6\031(\205\203\366"
 162      BDD69830 
 162      AD9E4870 
 162      4F361928 
 162      8583F6
 163 0256 7C09DB8A 		.ascii	"|\011\333\212\\#\324\254\356\351&\323\205\325\023I\224"
 163      5C23D4AC 
 163      EEE926D3 
 163      85D51349 
 163      94
 164 0267 27A10E6A 		.ascii	"'\241\016j\036\026\217\361\030v\013OO1P\232@9\032\231"
ARM GAS  C:\Users\PUBLIC~1.LAP\AppData\Local\Temp\cc7IVmQP.s 			page 12


 164      1E168FF1 
 164      18760B4F 
 164      4F31509A 
 164      40391A99 
 165 027b F1D55D0D 		.ascii	"\361\325]\015\324AM\264\243\316\3504sY\011\211\302i"
 165      D4414DB4 
 165      A3CEE834 
 165      73590989 
 165      C269
 166 028d 99424D70 		.ascii	"\231BMp\312/4\226\303\001T\250a8\313\020BS\023\314("
 166      CA2F3496 
 166      C30154A8 
 166      6138CB10 
 166      425313CC 
 167 02a2 6E0A950E 		.ascii	"n\012\225\016\240\"\231\302\352\021 E\305\214\221\004"
 167      A02299C2 
 167      EA112045 
 167      C58C9104 
 168 02b2 4D417237 		.ascii	"MAr7bH\230\317\003\251\373V\035\0061\242\346\255\023"
 168      624898CF 
 168      03A9FB56 
 168      1D0631A2 
 168      E6AD13
 169 02c5 7C8D167F 		.ascii	"|\215\026\177\266\0039u\277\223\213\333\316zh\373\347"
 169      B6033975 
 169      BF938BDB 
 169      CE7A68FB 
 169      E7
 170 02d6 9738E168 		.ascii	"\2278\341h\260\204\277\325\236\2758(\267 L\354=E-\021"
 170      B084BFD5 
 170      9EBD3828 
 170      B7204CEC 
 170      3D452D11 
 171 02ea 6BE06BFC 		.ascii	"k\340k\374'\304R\24293\317s\036<\020\256\260d\036\272"
 171      27C452A2 
 171      3933CF73 
 171      1E3C10AE 
 171      B0641EBA 
 172 02fe 17A7576D 		.ascii	"\027\247Wm\216'\217\253\227u-rQr\005pI;d\352RH\344N"
 172      8E278FAB 
 172      97752D72 
 172      51720570 
 172      493B64EA 
 173 0316 CB4E673B 		.ascii	"\313Ng;\021\341,DS3\267=\320\226|\344\323\200_\365\371"
 173      11E12C44 
 173      5333B73D 
 173      D0967CE4 
 173      D3805FF5 
 174 032b C6EA4B1A 		.ascii	"\306\352K\032\271\361\333\345;\233c,\000@\237\276\203"
 174      B9F1DBE5 
 174      3B9B632C 
 174      00409FBE 
 174      83
 175 033c 40E411EF 		.ascii	"@\344\021\357\025wx9\342\015\357\256T\003Y\177"
 175      15777839 
 175      E20DEFAE 
 175      5403597F 
ARM GAS  C:\Users\PUBLIC~1.LAP\AppData\Local\Temp\cc7IVmQP.s 			page 13


 176              		.text
 177              		.section	.gnu.lto_pipe_read.264.83ad1332,"e",%progbits
 178 0000 28B52FFD 		.ascii	"(\265/\375`\236\004]\033\000\006p\250H\260XQ:\373\350"
 178      609E045D 
 178      1B000670 
 178      A848B058 
 178      513AFBE8 
 179 0014 8E9B1F64 		.ascii	"\216\233\037d\010@,\377\244\003\335\321\0152U\017\246"
 179      08402CFF 
 179      A403DDD1 
 179      0D32550F 
 179      A6
 180 0025 903F56F9 		.ascii	"\220?V\371!\342`\341\355\023g\266\257\347\025\253+*"
 180      21E260E1 
 180      ED1367B6 
 180      AFE715AB 
 180      2B2A
 181 0037 BB3AAA64 		.ascii	"\273:\252dk\224f\360\371*e\266\341UJ\377\025\2370+\275"
 181      6B9466F0 
 181      F92A65B6 
 181      E1554AFF 
 181      159F302B 
 182 004c 7ADED82C 		.ascii	"z\336\330,!d\023)e\012\223\000\201\000\225\000\353;"
 182      21641329 
 182      650A9300 
 182      81009500 
 182      EB3B
 183 005e F9BF677B 		.ascii	"\371\277g{\325X\262p\332F\0272\002\274h\222\344\251"
 183      D558B270 
 183      DA461732 
 183      02BC6892 
 183      E4A9
 184 0070 D633C1D2 		.ascii	"\3263\301\322S\340\331~\023:\251\326$\201y\217\260\270"
 184      53E0D97E 
 184      133AA9D6 
 184      2481798F 
 184      B0B8
 185 0082 AAD62428 		.ascii	"\252\326$(K\265\236\012\016a\\\372\377Kd\213\264\270"
 185      4BB59E0A 
 185      0E615CFA 
 185      FF4B648B 
 185      B4B8
 186 0094 2DC390E8 		.ascii	"-\303\220\350C\323\224[S\353\011{\255+\\\012\356\200"
 186      43D3945B 
 186      53EB097B 
 186      AD2B5C0A 
 186      EE80
 187 00a6 7069EB58 		.ascii	"pi\353X\333\212!\005\233m\337\365-\210\004D\215n\347"
 187      DB8A2105 
 187      9B6DDFF5 
 187      2D880444 
 187      8D6EE7
 188 00b9 62C5A20D 		.ascii	"b\305\242\015\351\315\316\004_\265Vr7\304\340jW\264"
 188      E9CDCE04 
 188      5FB55672 
 188      37C4E06A 
 188      57B4
ARM GAS  C:\Users\PUBLIC~1.LAP\AppData\Local\Temp\cc7IVmQP.s 			page 14


 189 00cb 0D2278AA 		.ascii	"\015\"x\252\002u\263\313\201.\242\037\272\365-\303\330"
 189      0275B3CB 
 189      812EA21F 
 189      BAF52DC3 
 189      D8
 190 00dc E198C50A 		.ascii	"\341\230\305\012\265\326\263n7c?\356\177\332\377\026"
 190      B5D6B36E 
 190      37633FEE 
 190      7FDAFF16 
 191 00ec 3F8823F5 		.ascii	"?\210#\365\337(B\272\337\304B91\326Zy\236\304\202F\037"
 191      DF2842BA 
 191      DFC44239 
 191      31D65A79 
 191      9EC48246 
 192 0101 4BBF2CC2 		.ascii	"K\277,\302\245\333a\2176:\0327\236\372O\034w\216\177"
 192      A5DB618F 
 192      363A1A37 
 192      9EFA4F1C 
 192      778E7F
 193 0114 C1DA46FF 		.ascii	"\301\332F\377\236{\235M\332\347l\322\256k{\373V\310"
 193      9E7B9D4D 
 193      DAE76CD2 
 193      AE6B7BFB 
 193      56C8
 194 0126 C759DEAE 		.ascii	"\307Y\336\256\200=\262{\023\362Y\315'\233\277j\276\252"
 194      803DB27B 
 194      13F259CD 
 194      279BBF6A 
 194      BEAA
 195 0138 F963F3C5 		.ascii	"\371c\363\305\346\207\"\2376\037l~\207|\246\374}\251"
 195      E687229F 
 195      361F6C7E 
 195      877CA6FC 
 195      7DA9
 196 014a 94444525 		.ascii	"\224DE%\020S+Q\233\250\352D\255\000\331s\267\267\374"
 196      10532B51 
 196      9BA8EA44 
 196      AD00D973 
 196      B7B7FC
 197 015d EFB7C92A 		.ascii	"\357\267\311*\375\344W,\223\367\021\230\"+~r\351\356"
 197      FDE4572C 
 197      93F71198 
 197      222B7E72 
 197      E9EE
 198 016f 92A0D85A 		.ascii	"\222\240\330Zj\035\266\330+e\"1\205\235\302\214\021"
 198      6A1DB6D8 
 198      2B652231 
 198      859DC28C 
 198      11
 199 0180 1E016635 		.ascii	"\036\001f5\330\256\376;x`)H\234\314\256\313\203\315"
 199      D8AEFE3B 
 199      78602948 
 199      9CCCAECB 
 199      83CD
 200 0192 D352778E 		.ascii	"\323Rw\216\267\232\325\004\316\370\270\344\370w\332"
 200      B79AD504 
 200      CEF8B8E4 
ARM GAS  C:\Users\PUBLIC~1.LAP\AppData\Local\Temp\cc7IVmQP.s 			page 15


 200      F877DA
 201 01a1 AD7EF062 		.ascii	"\255~\360b\012\354n\332=\305\034\202\373\260X\3006@"
 201      0AEC6EDA 
 201      3DC51C82 
 201      FBB058C0 
 201      3640
 202 01b3 8677106B 		.ascii	"\206w\020k\245\326M\217\312\374x\334\177\210]\262\361"
 202      A5D64D8F 
 202      CAFC78DC 
 202      7F885DB2 
 202      F1
 203 01c4 985AEBEA 		.ascii	"\230Z\353\352\320\260\032\247\271m\320@\332\241\024"
 203      D0B01AA7 
 203      B96DD040 
 203      DAA114
 204 01d3 4440E334 		.ascii	"D@\3434\253\317f\032\034O}\225\036b\251\210\030k\315"
 204      ABCF661A 
 204      1C4F7D95 
 204      1E62A988 
 204      186BCD
 205 01e6 F17CA7C4 		.ascii	"\361|\247\304F|}\310\302\2458\275J{\240\227\006\027"
 205      467C7DC8 
 205      C2A538BD 
 205      4A7BA097 
 205      0617
 206 01f8 23090F00 		.ascii	"#\011\017\000o\377%J^\335_\271\016\377\361!!\004$CQ"
 206      6FFF254A 
 206      5EDD5FB9 
 206      0EFFF121 
 206      21042443 
 207 020d 466040E3 		.ascii	"F`@\343\0064F\261\263\030\317f|\331\002\232\317\254"
 207      063446B1 
 207      B318CF66 
 207      7CD9029A 
 207      CFAC
 208 021f 9CFDC860 		.ascii	"\234\375\310`\262\0244X\254\004\242\005\301hA0\016\032"
 208      B2143458 
 208      AC04A205 
 208      C1684130 
 208      0E1A
 209 0231 CA58F973 		.ascii	"\312X\371s\241\207\247\001\203\331\011\037\025=\265"
 209      A187A701 
 209      83D9091F 
 209      153DB5
 210 0240 1FA11248 		.ascii	"\037\241\022H\304\210\235\235\036\011\030\034\234\267"
 210      C4889D9D 
 210      1E09181C 
 210      9CB7
 211 024e 056B1BB1 		.ascii	"\005k\033\261\032\000\014)\247[\3374\224+\345\347\224"
 211      1A000C29 
 211      A75BDF34 
 211      942BE5E7 
 211      94
 212 025f EB2A9261 		.ascii	"\353*\222a\276\220M\217\242~\274\033\353L\270\362Rk"
 212      BE904D8F 
 212      A27EBC1B 
 212      EB4CB8F2 
ARM GAS  C:\Users\PUBLIC~1.LAP\AppData\Local\Temp\cc7IVmQP.s 			page 16


 212      526B
 213 0271 299D56F5 		.ascii	")\235V\365\252\033L\027U\323#\250\237N\217\235C\336"
 213      AA1B4C17 
 213      55D323A8 
 213      9F4E8F9D 
 213      43DE
 214 0283 30BF61B9 		.ascii	"0\277a\271\214\255\302\001eD\247\027l1[\355\352\234"
 214      8CADC201 
 214      6544A717 
 214      6C315BED 
 214      EA9C
 215 0295 DEF9C164 		.ascii	"\336\371\301d\"\341ZWz\364\234d\241\005\212\214|M9\376"
 215      22E15A57 
 215      7AF49C64 
 215      A1058A8C 
 215      7C4D39FE 
 216 02a9 31D31091 		.ascii	"1\323\020\221\220Y\250q8\247\014S\250&\020R\322\244"
 216      9059A871 
 216      38A70C53 
 216      A8261052 
 216      D2A4
 217 02bb A4D00690 		.ascii	"\244\320\006\220\"\031B\353\022\0005\"\251\2443\301"
 217      221942EB 
 217      12003522 
 217      A9A433C1 
 218 02cb 0C0513B6 		.ascii	"\014\005\023\266[?\003\212\231#\032\227\212\005G\371"
 218      5B3F038A 
 218      99231A97 
 218      8A0547F9 
 219 02db 39900E6B 		.ascii	"9\220\016k!\256gE\330e+\005\177\366\353\0371\000M\265"
 219      21AE6745 
 219      D8652B05 
 219      7FF6EB1F 
 219      31004DB5 
 220 02ef 9EE57CBA 		.ascii	"\236\345|\272\266fJ5\237\3075\313\333\222\015\036i\273"
 220      B6664A35 
 220      9FC735CB 
 220      DB920D1E 
 220      69BB
 221 0301 E571B026 		.ascii	"\345q\260&}I\3378s\001\341\264\224\346\224\216\037B"
 221      7D49DF38 
 221      7301E1B4 
 221      94E6948E 
 221      1F42
 222 0313 FF28F939 		.ascii	"\377(\3719\036\203\346\362\340L\300p3\003\266\336h\245"
 222      1E83E6F2 
 222      E04CC070 
 222      3303B6DE 
 222      68A5
 223 0325 45244283 		.ascii	"E$B\203\213\020\033\207\231>e$\343\342\220\022\234\242"
 223      8B101B87 
 223      993E6524 
 223      E3E29012 
 223      9CA2
 224 0337 F3B424B7 		.ascii	"\363\264$\267\302\251\200\245I9\373r\360\257%qn\244"
 224      C2A980A5 
 224      4939FB72 
ARM GAS  C:\Users\PUBLIC~1.LAP\AppData\Local\Temp\cc7IVmQP.s 			page 17


 224      F0AF2571 
 224      6EA4
 225 0349 0B8CA716 		.ascii	"\013\214\247\026{U\302\011\321\240\366?\032\210\361"
 225      7B55C209 
 225      D1A0F63F 
 225      1A88F1
 226 0358 EED66720 		.ascii	"\356\326g \367\243\000\314\242%\000c\001RN\374W\274"
 226      F7A300CC 
 226      A2250063 
 226      01524EFC 
 226      57BC
 227 036a 158BA46F 		.ascii	"\025\213\244op\207\2375\030\213\012"
 227      70879F35 
 227      188B0A
 228              		.text
 229              		.section	.gnu.lto_chPipeObjectInit.265.83ad1332,"e",%progbits
 230 0000 28B52FFD 		.ascii	"(\265/\375`R\002m\017\000\246\332aE\000\2234\034/5C"
 230      6052026D 
 230      0F00A6DA 
 230      61450093 
 230      341C2F35 
 231 0015 8B6AB40C 		.ascii	"\213j\264\014\012\266\177\264\032\305\2328\313[\206"
 231      0AB67FB4 
 231      1AC59A38 
 231      CB5B86
 232 0024 6EB4FE47 		.ascii	"n\264\376G\2577S#1\037\011\024A\022\336\240\374T\255"
 232      AF375323 
 232      311F0914 
 232      4112DEA0 
 232      FC54AD
 233 0037 26D7A7C4 		.ascii	"&\327\247\304\317\356\344w\376'\035`\200\214r\277Q\315"
 233      CFEEE477 
 233      FE271D60 
 233      808C72BF 
 233      51CD
 234 0049 53AF59B2 		.ascii	"S\257Y\262\033\355\275\245L)G\000J\000Q\000;'\337;?"
 234      1BEDBDA5 
 234      4C294700 
 234      4A005100 
 234      3B27DF3B 
 235 005e EDC35EE3 		.ascii	"\355\303^\343z,\306\340\256\314\006g\227F\300\011\276"
 235      7A2CC6E0 
 235      AECC0667 
 235      9746C009 
 235      BE
 236 006f 77240FE0 		.ascii	"w$\017\340\275\343\016\300{g\227\315\343\264\224\265"
 236      BDE30EC0 
 236      7B6797CD 
 236      E3B494B5 
 237 007f BDB8B9ED 		.ascii	"\275\270\271\355n\250$\356z\272\374\333\034\034gd\236"
 237      6EA824EE 
 237      7ABAFCDB 
 237      1C1C6764 
 237      9E
 238 0090 230C76D7 		.ascii	"#\014v\3279\316\200\270\365\266\005\330^`g\216W\001"
 238      39CE80B8 
 238      F5B605D8 
ARM GAS  C:\Users\PUBLIC~1.LAP\AppData\Local\Temp\cc7IVmQP.s 			page 18


 238      5E60678E 
 238      5701
 239 00a2 F3EDAE89 		.ascii	"\363\355\256\211\237\342\205\225;J\304x\357\324\226"
 239      9FE28595 
 239      3B4AC478 
 239      EFD496
 240 00b1 D323E295 		.ascii	"\323#\342\225Dl\232L\352\010\373\334*\215\315\245E\\"
 240      446C9A4C 
 240      EA08FBDC 
 240      2A8DCDA5 
 240      455C
 241 00c3 3AC4A541 		.ascii	":\304\245A\231\376\\\366\203\217\375\337g\377G\003f"
 241      99FE5CF6 
 241      838FFDDF 
 241      67FF4703 
 241      66
 242 00d4 D751DBFD 		.ascii	"\327Q\333\375PD\310\362t1L\330>\310\266\316Z7\005)\203"
 242      5044C8F2 
 242      74314CD8 
 242      3EC8B6CE 
 242      5A370529 
 243 00e9 09F9D124 		.ascii	"\011\371\321$\035t\355\353l\370F\233\302sV\336} \365"
 243      1D74EDEB 
 243      6CF8469B 
 243      C27356DE 
 243      7D20F5
 244 00fc 50E01843 		.ascii	"P\340\030C\300\270\315r\0315\330\311\263M\3079\335D"
 244      C0B8CD72 
 244      1935D8C9 
 244      B34DC739 
 244      DD44
 245 010e CFB67017 		.ascii	"\317\266p\027\342\016\314\206g_x\213\326\214\333\217"
 245      E20ECC86 
 245      675F788B 
 245      D68CDB8F 
 246 011e 8FDA2E67 		.ascii	"\217\332.gq \243\217+\250\037M\211\005\361p\202C\352"
 246      7120A38F 
 246      2BA81F4D 
 246      8905F170 
 246      8243EA
 247 0131 2B7A30FC 		.ascii	"+z0\374F\247\006T{\025/\257\300*\251J\2256\025X\235"
 247      46A70654 
 247      7B152FAF 
 247      C02AA94A 
 247      95361558 
 248 0146 54A20A65 		.ascii	"T\242\012e\012M\031VaIlY\245\302U*T\201 \226DT\003\222"
 248      0A4D1956 
 248      61496C59 
 248      A5C2552A 
 248      54812096 
 249 015e C901032A 		.ascii	"\311\001\003*\227\223\006R\013\305\022[VXJJH'\016\020"
 249      97930652 
 249      0BC5125B 
 249      56584A4A 
 249      48270E10 
 250 0172 D0F6DC2A 		.ascii	"\320\366\334*\215\037\014\341y\351\313\243\024\335P"
 250      8D1F0CE1 
ARM GAS  C:\Users\PUBLIC~1.LAP\AppData\Local\Temp\cc7IVmQP.s 			page 19


 250      79E9CBA3 
 250      14DD50
 251 0181 794DA428 		.ascii	"yM\244(=B5\"\234FHQl\243\004\251-aB/ \020\003\021!\352"
 251      3D423522 
 251      9C464851 
 251      6CA304A9 
 251      2D61422F 
 252 019b 01E2D0A9 		.ascii	"\001\342\320\251\037\030\201GL\341\374D0H\270\030\202"
 252      1F188147 
 252      4CE1FC44 
 252      3048B818 
 252      82
 253 01ac 7E62C0B4 		.ascii	"~b\300\264\251\015\303\223C\2355\026\274\333\276\202"
 253      A90DC393 
 253      439D3516 
 253      BCDBBE82 
 254 01bc A9B08C59 		.ascii	"\251\260\214Y\2614\213\371V4\213\321\342\177\240e2\020"
 254      B1348BF9 
 254      56348BD1 
 254      E27FA065 
 254      3210
 255 01ce D1B0D41D 		.ascii	"\321\260\324\035\365\2426\247\203\030\326\330,\357^"
 255      F5A236A7 
 255      8318D6D8 
 255      2CEF5E
 256 01dd A1B6968F 		.ascii	"\241\266\226\217\374\262\264P>\364B\227\031\021\256"
 256      FCB2B450 
 256      3EF44297 
 256      1911AE
 257 01ec 425F5650 		.ascii	"B_VPG\013<\274h=\031"
 257      470B3CBC 
 257      683D19
 258              		.text
 259              		.section	.gnu.lto_chPipeReset.266.83ad1332,"e",%progbits
 260 0000 28B52FFD 		.ascii	"(\265/\375`\177\003\015\027\000\366'\222J\260TRc\347"
 260      607F030D 
 260      1700F627 
 260      924AB054 
 260      5263E7
 261 0013 54F85B7C 		.ascii	"T\370[|\221\275{\013\363c\335D\300$@%rw\326)\314\247"
 261      91BD7B0B 
 261      F363DD44 
 261      C0244025 
 261      7277D629 
 262 0029 9CDF5438 		.ascii	"\234\337T8\255P\267\271\214\270\320\340\245\356)n\006"
 262      AD50B7B9 
 262      8CB8D0E0 
 262      A5EE296E 
 262      06
 263 003a 9BBD6BF0 		.ascii	"\233\275k\360\034\272L\351\004\035\237\224\330\362\235"
 263      1CBA4CE9 
 263      041D9F94 
 263      D8F29D
 264 0049 B9E4354C 		.ascii	"\271\3445L\331\262\014F\300\032\331M\266L)s\000\177"
 264      D9B20C46 
 264      C01AD94D 
 264      B64C2973 
ARM GAS  C:\Users\PUBLIC~1.LAP\AppData\Local\Temp\cc7IVmQP.s 			page 20


 264      007F
 265 005b 007E0051 		.ascii	"\000~\000Q@R\353e\330\345\305\026\317\221|/\252'\235"
 265      4052EB65 
 265      D8E5C516 
 265      CF917C2F 
 265      AA279D
 266 006e E8F325A3 		.ascii	"\350\363%\24381Iy\270\222\025\000\331R\321s$\263\034"
 266      38314979 
 266      B8921500 
 266      D952D173 
 266      24B31C
 267 0081 213969FB 		.ascii	"!9i\373\330$'-\211\355[\373E7\372}\370\343\331\275H"
 267      D824272D 
 267      89ED5BFB 
 267      4537FA7D 
 267      F8E3D9BD 
 268 0096 431CF712 		.ascii	"C\034\367\022W\354\";I\373Iy\022v\223\362\244\177\266"
 268      57EC223B 
 268      49FB4979 
 268      127693F2 
 268      A47FB6
 269 00a9 901329DC 		.ascii	"\220\023)\334*\"AZ\367^sl\361\337\355\317\377\321g\301"
 269      2A22415A 
 269      F75E736C 
 269      F1DFEDCF 
 269      FFD167C1 
 270 00bd 2111B731 		.ascii	"!\021\2671\007\367^\333\340\020\212{\274m\002\366\005"
 270      07F75EDB 
 270      E0108A7B 
 270      BC6D02F6 
 270      05
 271 00ce D8E3823C 		.ascii	"\330\343\202<j\264\260\200\326\013\252\264-<\307\205"
 271      6AB4B080 
 271      D60BAAB4 
 271      2D3CC785 
 272 00de 71879122 		.ascii	"q\207\221\",\014\277\361\2424\025\274\"G;\303mX\253"
 272      2C0CBFF1 
 272      A23415BC 
 272      22473BC3 
 272      6D58AB
 273 00f1 0F095E39 		.ascii	"\017\011^9\367'\225\034\311\024YFJ%\0266\332'j\0374"
 273      F727951C 
 273      C9145946 
 273      4A251636 
 273      DA276A1F 
 274 0106 2D68BCF6 		.ascii	"-h\274\366ip\010\3329wJe\367\336\226\031 6\310`\374"
 274      697008DA 
 274      39774A65 
 274      F7DE9619 
 274      2036C860 
 275 011b 8CA59253 		.ascii	"\214\245\222SP\010\264^6\021\310\216,\354\303\356Hd"
 275      5008B45E 
 275      3611C88E 
 275      2CECC3EE 
 275      4864
 276 012d CFAC6333 		.ascii	"\317\254c3\353RfM\306\254a\037\376\017`\362U\304\225"
 276      EB52664D 
ARM GAS  C:\Users\PUBLIC~1.LAP\AppData\Local\Temp\cc7IVmQP.s 			page 21


 276      C6AC611F 
 276      FE0F60F2 
 276      55C495
 277 0140 647341BC 		.ascii	"dsA\274&\276\270n\221\324\021\243\211\311(\0016/\017"
 277      26BEB86E 
 277      91D411A3 
 277      89C92801 
 277      362F0F
 278 0153 12108187 		.ascii	"\022\020\201\207\335\221h\246\253\010\034\201?#\364"
 278      DD9168A6 
 278      AB081C81 
 278      3F23F4
 279 0162 4757E922 		.ascii	"GW\351\"Q$h\274A\232\236\033\012\261\006$\375\226J\260"
 279      512468BC 
 279      419A9E1B 
 279      0AB10624 
 279      FD964AB0 
 280 0176 8A40E375 		.ascii	"\212@\343u\212}\361\261*\230S\305\306\006OAa\212\015"
 280      8A7DF1B1 
 280      2A9853C5 
 280      C6064F41 
 280      618A0D
 281 0189 F158598E 		.ascii	"\361XY\2166\204\010#\244v\267\222y\224\204\223r\374"
 281      36840823 
 281      A476B792 
 281      79948493 
 281      72FC
 282 019b D1BFA248 		.ascii	"\321\277\242HTC\010u\223\011\331\023*=\376\303\236\371"
 282      54430875 
 282      9309D913 
 282      2A3DFEC3 
 282      9EF9
 283 01ad 3E6CCF4E 		.ascii	">l\317N\316\310\204l\011\225\223\266W(O\236\313\367"
 283      CEC8846C 
 283      099593B6 
 283      57284F9E 
 283      CBF7
 284 01bf 4FFC6C6A 		.ascii	"O\374lj(\314\272\002\332/\3775\245\215{\356\351\251"
 284      28CCBA02 
 284      DA2FFF35 
 284      A58D7BEE 
 284      E9A9
 285 01d1 3B741773 		.ascii	";t\027s\317\332V\200f \355\361\320\365\006\207F\203"
 285      CFDA5680 
 285      6620EDF1 
 285      D0F50687 
 285      4683
 286 01e3 BB01B0AE 		.ascii	"\273\001\260\256v\2369\2715]w2&\332ScL\234\014\356\026"
 286      769E39B9 
 286      355D7732 
 286      26DA5363 
 286      4C9C0CEE 
 287 01f8 63FA3EA0 		.ascii	"c\372>\240\023\254\253\241=\365\324\235\346m\305\245"
 287      13ACABA1 
 287      3DF5D49D 
 287      E66DC5A5 
 288 0208 C38D06C6 		.ascii	"\303\215\006\306\\}=\225g\356\250\273\235z2\260\256"
ARM GAS  C:\Users\PUBLIC~1.LAP\AppData\Local\Temp\cc7IVmQP.s 			page 22


 288      5C7D3D95 
 288      67EEA8BB 
 288      9D7A32B0 
 288      AE
 289 0219 B6F6ACBA 		.ascii	"\266\366\254\272\323D5\360\350\234;\251\351\353\261"
 289      D34435F0 
 289      E89C3BA9 
 289      E9EBB1
 290 0228 F078D667 		.ascii	"\360x\326gmEy)Ow\232go5qR\235U5W\325\304\315\2448\251"
 290      6D457929 
 290      4F779A67 
 290      6F357152 
 290      9D553557 
 291 0242 2EC6A605 		.ascii	".\306\246\005\301\001\336\016\365\331\364\350xR\235"
 291      C101DE0E 
 291      F5D9F4E8 
 291      78529D
 292 0251 DC8DCD16 		.ascii	"\334\215\315\026? `\002\021ce\035\215\321\007\036\214"
 292      3F206002 
 292      1163651D 
 292      8DD1071E 
 292      8C
 293 0262 0997CE0D 		.ascii	"\011\227\316\015\316r\003\341\030\353\001\271\260\305"
 293      CE7203E1 
 293      18EB01B9 
 293      B0C5
 294 0270 88B2DD1C 		.ascii	"\210\262\335\034\001\015\227\243\301$n\372\020\310\342"
 294      010D97A3 
 294      C1246EFA 
 294      10C8E2
 295 027f 2A475F4C 		.ascii	"*G_L\332\301\353\372!\306\315!VHK\320\236\010\242\021"
 295      DAC1EBFA 
 295      21C6CD21 
 295      56484BD0 
 295      9E08A211 
 296 0293 3A029A03 		.ascii	":\002\232\003\213\273\033q\365a\332\200J\261`+\350\343"
 296      8BBB1B71 
 296      F561DA80 
 296      4AB1602B 
 296      E8E3
 297 02a5 70104B8F 		.ascii	"p\020K\217\204;\240\227\224-\031\006\222\015\0179\302"
 297      843BA097 
 297      942D1906 
 297      920D0F39 
 297      C2
 298 02b6 5E34F815 		.ascii	"^4\370\025\206\237\231\034l{\011nTR;\307\306\306\265"
 298      869F991C 
 298      6C7B096E 
 298      54523BC7 
 298      C6C6B5
 299 02c9 FDD6F029 		.ascii	"\375\326\360)4*p\330\003\313\033\020\262\005\304\354"
 299      342A70D8 
 299      03CB1B10 
 299      B205C4EC 
 300 02d9 897C0317 		.ascii	"\211|\003\027\020\036\317R\321\022\261hE&xq\0312"
 300      101ECF52 
 300      D112B168 
ARM GAS  C:\Users\PUBLIC~1.LAP\AppData\Local\Temp\cc7IVmQP.s 			page 23


 300      45267871 
 300      1932
 301              		.text
 302              		.section	.gnu.lto_chPipeWriteTimeout.267.83ad1332,"e",%progbits
 303 0000 28B52FFD 		.ascii	"(\265/\375` \001\235\015\000v\030[D\000\223\223\016"
 303      6020019D 
 303      0D007618 
 303      5B440093 
 303      930E
 304 0012 1B4E6B33 		.ascii	"\033Nk3\301\2667{6\355\007\261`\322\365Z\244\235\032"
 304      C1B6377B 
 304      36ED07B1 
 304      60D2F55A 
 304      A49D1A
 305 0025 8D814608 		.ascii	"\215\201F\010\341\320\222\033\321\030\2120\016\2260"
 305      E1D0921B 
 305      D1188A30 
 305      0E9630
 306 0034 B13B0FA5 		.ascii	"\261;\017\2459\310\001t\257l??\241N}\200\374\371,]\226"
 306      39C80174 
 306      AF6C3F3F 
 306      A14E7D80 
 306      FCF92C5D 
 307 0049 2E362021 		.ascii	".6 !do)S\012F\000F\000D\000o\221\342\256\302\011cy5"
 307      646F2953 
 307      0A460046 
 307      0044006F 
 307      91E2AEC2 
 308 0061 BC1EBB9F 		.ascii	"\274\036\273\237\006\362\002\327#<\201\353QQt\331\035"
 308      06F202D7 
 308      233C81EB 
 308      515174D9 
 308      1D
 309 0072 6A767E80 		.ascii	"jv~\200\324\207\303\214\345\012\017\264\230h\011H\251"
 309      D487C38C 
 309      E50A0FB4 
 309      98680948 
 309      A9
 310 0083 40101B32 		.ascii	"@\020\0332 \016\363\014\221\3622\261\222\335u\242R+"
 310      200EF30C 
 310      91F232B1 
 310      92DD75A2 
 310      522B
 311 0095 77BCED08 		.ascii	"w\274\355\010\266)\330\027\021\337\217]\365_\177\371"
 311      B629D817 
 311      11DF8F5D 
 311      F55F7FF9 
 312 00a5 E357BFC6 		.ascii	"\343W\277\306\3647!5\317\201cwD\215\217\225\2113\\l"
 312      F4372135 
 312      CF816377 
 312      448D8F95 
 312      89335C6C 
 313 00b9 A7D81BDB 		.ascii	"\247\330\033\333\360\363\240#\006\202W\335I\014X\201"
 313      F0F3A023 
 313      068257DD 
 313      490C5881 
 314 00c9 E1B2E381 		.ascii	"\341\262\343\201\252NhH2\377\202b\000\273\252\0301\273"
ARM GAS  C:\Users\PUBLIC~1.LAP\AppData\Local\Temp\cc7IVmQP.s 			page 24


 314      AA4E6848 
 314      32FF8262 
 314      00BBAA18 
 314      31BB
 315 00db 5F023BC8 		.ascii	"_\002;\310\036m\373,\002\211\251\352\245Qm\015\241<"
 315      1E6DFB2C 
 315      0289A9EA 
 315      A5516D0D 
 315      A13C
 316 00ed 2A534C37 		.ascii	"*SL7\304\205\014\025\352\322\225j\2005\343e\313\266"
 316      C4850C15 
 316      EAD2956A 
 316      8035E365 
 316      CBB6
 317 00ff E82F4A23 		.ascii	"\350/J#>\213\304!\333\335\247x\364Q\256\307\324\303"
 317      3E8BC421 
 317      DBDDA778 
 317      F451AEC7 
 317      D4C3
 318 0111 1C01CB8D 		.ascii	"\034\001\313\215\326\312\224?\354O%\265\205\306\314"
 318      D6CA943F 
 318      EC4F25B5 
 318      85C6CC
 319 0120 0ACF7AC2 		.ascii	"\012\317z\302\276\322\331\003\244\222\350\023\332H\330"
 319      BED2D903 
 319      A492E813 
 319      DA48D8
 320 012f 86739DE4 		.ascii	"\206s\235\344\270\264G\301\350\303m\034\310\243y:\214"
 320      B8B447C1 
 320      E8C36D1C 
 320      C8A3793A 
 320      8C
 321 0140 B4CE6632 		.ascii	"\264\316f2\022i#\221v\301\302\326\331@\0228#\014\026"
 321      12692391 
 321      76C1C2D6 
 321      D9401238 
 321      230C16
 322 0153 70A10F89 		.ascii	"p\241\017\211s\002*m&\0302\210\210pH&4\370L\247C\315"
 322      73022A6D 
 322      26183288 
 322      88704826 
 322      34F84CA7 
 323 0169 321E2568 		.ascii	"2\036%h\322\357\256+J]bR\323\011n\002\035\000c\010\014"
 323      D2EFAE2B 
 323      4A5D6252 
 323      D3096E02 
 323      1D006308 
 324 017e 87536603 		.ascii	"\207Sf\003`\226\204\260E\016\205!\275\306Dk\023\313"
 324      609684B0 
 324      450E8521 
 324      BDC6446B 
 324      13CB
 325 0190 1ECC82B6 		.ascii	"\036\314\202\266,\342B\247 \030\221\2338\033\033\241"
 325      2CE242A7 
 325      2018919B 
 325      381B1BA1 
 326 01a0 9A16AE81 		.ascii	"\232\026\256\201\026\260.\320\003}`1\240\0154\001x\201"
ARM GAS  C:\Users\PUBLIC~1.LAP\AppData\Local\Temp\cc7IVmQP.s 			page 25


 326      16B02ED0 
 326      037D6031 
 326      A00D3401 
 326      7881
 327 01b2 B228FCCC 		.ascii	"\262(\374\314\323T{40\265\007"
 327      D3547B34 
 327      30B507
 328              		.text
 329              		.section	.gnu.lto_chPipeReadTimeout.268.83ad1332,"e",%progbits
 330 0000 28B52FFD 		.ascii	"(\265/\375` \001\225\015\000v\330ZD\000\221(\035\220"
 330      60200195 
 330      0D0076D8 
 330      5A440091 
 330      281D90
 331 0013 0F67BA04 		.ascii	"\017g\272\004\361\306J\273\026!\267\211\354\242\011"
 331      F1C64ABB 
 331      1621B789 
 331      ECA209
 332 0022 66F11033 		.ascii	"f\361\0203\351\337_\315\247x\230\321 \212 \0063_\224"
 332      E9DF5FCD 
 332      A77898D1 
 332      208A2006 
 332      335F94
 333 0035 37DAB277 		.ascii	"7\332\262w\014\245n\335s}v\330\201\311\2407 \004\336"
 333      0CA56EDD 
 333      737D76D8 
 333      81C9A037 
 333      2004DE
 334 0048 22DC1A43 		.ascii	"\"\334\032C\204\220\275\245L)F\000E\000D\000oA\261G"
 334      8490BDA5 
 334      4C294600 
 334      45004400 
 334      6F41B147 
 335 005c 2195B952 		.ascii	"!\225\271R5`v\354~\033\347\004\260G\370\001\330\243"
 335      356076EC 
 335      7E1BE704 
 335      B047F801 
 335      D8A3
 336 006e A6F0D23B 		.ascii	"\246\360\322;\324\364|\000+\017\207Z\211+4\260r\202"
 336      D4F47C00 
 336      2B0F875A 
 336      892B34B0 
 336      7282
 337 0080 26C02A05 		.ascii	"&\300*\005rl\314|\370\3133\304\012\225\231\221\354\256"
 337      726CCC7C 
 337      F8CB33C4 
 337      0A959991 
 337      ECAE
 338 0092 53B552B9 		.ascii	"S\265R\271\343mC\260=\301\276\210\337\237\235\365cw"
 338      E36D43B0 
 338      3DC1BE88 
 338      DF9F9DF5 
 338      6377
 339 00a4 F9E35BBF 		.ascii	"\371\343[\277\306\3647  \216\343\306\356\210\036<v&"
 339      C6F43720 
 339      208EE3C6 
 339      EE881E3C 
ARM GAS  C:\Users\PUBLIC~1.LAP\AppData\Local\Temp\cc7IVmQP.s 			page 26


 339      7626
 340 00b6 CE60611B 		.ascii	"\316`a\033\305\336\330\206_\207W\314\003\267\274\223"
 340      C5DED886 
 340      5F8757CC 
 340      03B7BC93 
 341 00c6 10A0A2A2 		.ascii	"\020\240\242\242%\207\003e\231\310\214d\336\345\304"
 341      25870365 
 341      99C88C64 
 341      DEE5C4
 342 00d5 1FBBAC18 		.ascii	"\037\273\254\0301\273\037\210\033h\217\266}\226\231"
 342      31BB1F88 
 342      1B688FB6 
 342      7D9699
 343 00e4 A92AA651 		.ascii	"\251*\246Q\355\014\242\274J\323L\027\001\014\031-\324"
 343      ED0CA2BC 
 343      4AD34C17 
 343      010C192D 
 343      D4
 344 00f5 262CB580 		.ascii	"&,\265\200\353\205J\032\333\243\303\230D|Wi\203\266"
 344      EB854A1A 
 344      DBA3C398 
 344      447C5769 
 344      83B6
 345 0107 BB5FF1E8 		.ascii	"\273_\361\350\237`\217\251\177\371\001\0232/Z\247\254"
 345      9F608FA9 
 345      7FF90113 
 345      322F5AA7 
 345      AC
 346 0118 B1BF94D4 		.ascii	"\261\277\224\324\025\032/\027(+\012\033Kk\017%\323\010"
 346      151A2F17 
 346      282B0A1B 
 346      4B6B0F25 
 346      D308
 347 012a 24E24A99 		.ascii	"$\342J\231\206w\236\354\272\364'\001\011\324q]\350\263"
 347      86779EEC 
 347      BAF42701 
 347      09D4715D 
 347      E8B3
 348 013c 7D389036 		.ascii	"}8\2206\017WB\032m\244\321f\241\002\347\341B\021:\""
 348      0F57421A 
 348      6DA4D166 
 348      A102E7E1 
 348      42113A22 
 349 0150 0B147422 		.ascii	"\013\024t\"P\251c\0222q%\0270\204\204tF$0\370N\251C"
 349      50A96312 
 349      32712517 
 349      30848474 
 349      462430F8 
 350 0167 D5341D2C 		.ascii	"\3254\035,5\351{\330U\245&9\351)\0057\001\035\000c\010"
 350      35E97BD8 
 350      55A52639 
 350      E9290537 
 350      011D0063 
 351 017c 0C875366 		.ascii	"\014\207Sf\003`\226\204\260E\016\205!\275\306Dk\023"
 351      03609684 
 351      B0450E85 
 351      21BDC644 
ARM GAS  C:\Users\PUBLIC~1.LAP\AppData\Local\Temp\cc7IVmQP.s 			page 27


 351      6B13
 352 018e CB1ECC82 		.ascii	"\313\036\314\202\266,\342B\247 \030\221\2338\033\033"
 352      B62CE242 
 352      A7201891 
 352      9B381B1B 
 353 019e A19A16AE 		.ascii	"\241\232\026\256\201\026\260.\320\003}`1\240\0154\001"
 353      8116B02E 
 353      D0037D60 
 353      31A00D34 
 353      01
 354 01af 7881B228 		.ascii	"x\201\262(\374\314\323T{40\265\007"
 354      FCCCD354 
 354      7B3430B5 
 354      07
 355              		.text
 356              		.section	.gnu.lto_chPipeWriteTimeout.part.0.289.83ad1332,"e",%progbits
 357 0000 28B52FFD 		.ascii	"(\265/\375`\227\006%&\000ZD\364\016Cp\250Qc\021\000"
 357      60970625 
 357      26005A44 
 357      F40E4370 
 357      A8516311 
 358 0015 FA472250 		.ascii	"\372G\"P\027\370\323\217Fz\3323\364[\001`\2608\000S"
 358      17F8D38F 
 358      467ADA33 
 358      F45B0160 
 358      B0380053 
 359 0029 A57598D4 		.ascii	"\245u\230\324\203\242\025\011\3244\375\207\314\226\207"
 359      83A21509 
 359      D434FD87 
 359      CC9687
 360 0038 9C54ED5E 		.ascii	"\234T\355^U\211\222\245\226$\023\004\230f\337\230\012"
 360      558992A5 
 360      96241304 
 360      9866DF98 
 360      0A
 361 0049 11676C7B 		.ascii	"\021gl{\357\275\245L)\331\000\321\000\334\000)\216+"
 361      EFBDA54C 
 361      29D900D1 
 361      00DC0029 
 361      8E2B
 362 005b A3A399D7 		.ascii	"\243\243\231\327\332\275b\017n\032Dz\303\276\331\254"
 362      DABD620F 
 362      6E1A447A 
 362      C3BED9AC 
 363 006b DFA265CA 		.ascii	"\337\242e\312\3242\205'm\203\353\307\262\024\235\245"
 363      D4328527 
 363      6D83EBC7 
 363      B2149DA5 
 364 007b F82B2320 		.ascii	"\370+# fP\3262\224\365aXf\224Xf\354\271`\353\301\376"
 364      6650D632 
 364      94F56158 
 364      66945866 
 364      ECB960EB 
 365 0091 45558ADD 		.ascii	"EU\212\335#W\266\365_T\266\335\013\346%\355^\261\010"
 365      2357B6F5 
 365      5F54B6DD 
 365      0BE625ED 
ARM GAS  C:\Users\PUBLIC~1.LAP\AppData\Local\Temp\cc7IVmQP.s 			page 28


 365      5EB108
 366 00a4 376D21BD 		.ascii	"7m!\275i\277J\015\027K1&G\256l\373]\367\272\341b\010"
 366      69BF4A0D 
 366      174B3126 
 366      47AE6CFB 
 366      5DF7BAE1 
 367 00ba 2B94CC68 		.ascii	"+\224\314h\306\030\350^1\335\315\334\007\2347\313\007"
 367      C618E85E 
 367      31DDCDDC 
 367      079C37CB 
 367      07
 368 00cb 386F5A2E 		.ascii	"8oZ.\243\265x[\212\236fi\353P\321\307q\033jF\210O\022"
 368      A3B5785B 
 368      8A9E6669 
 368      EB50D1C7 
 368      711B6A46 
 369 00e2 20449EC2 		.ascii	" D\236\302\271\032\222\314QQ\011B~V$V\326\315\022\303"
 369      B91A92CC 
 369      51510942 
 369      7E562456 
 369      D6CD12C3 
 370 00f6 15AF2627 		.ascii	"\025\257&'\363\352\003\353X\332\26123O>\201\224\253"
 370      F3EA03EB 
 370      58DAB132 
 370      334F3E81 
 370      94AB
 371 0108 21B5C461 		.ascii	"!\265\304aY\2259\265W\036X\306j\237|)\345\254\015\022"
 371      599539B5 
 371      571E58C6 
 371      6A9F7C29 
 371      E5AC0D12 
 372 011c 4BC82BD2 		.ascii	"K\310+\322\207P\016\367^\277\252\310}\273\355.\373\022"
 372      87500EF7 
 372      5EBFAAC8 
 372      7DBBED2E 
 372      FB12
 373 012e 6C5349CE 		.ascii	"lSI\316\031\355\265\377\306\305\221\366\212\273a\221"
 373      19EDB5FF 
 373      C6C591F6 
 373      8ABB6191 
 374 013e DE7B97DA 		.ascii	"\336{\227\332\330\200\362\237P\2357\253}\362\014\316"
 374      D880F29F 
 374      509D37AB 
 374      7DF20CCE 
 375 014e D0905955 		.ascii	"\320\220YU\225P\265[\266C\016\276\316\242\330*\261\037"
 375      9550B55B 
 375      B6430EBE 
 375      CEA2D82A 
 375      B11F
 376 0160 F6230138 		.ascii	"\366#\0018\302U\033\341\252qE\037\373\211\212\252oC"
 376      C2551BE1 
 376      AA71451F 
 376      FB898AAA 
 376      6F43
 377 0172 B68FB9D3 		.ascii	"\266\217\271\323o\371\321\242\352\363i\267\371\261\273"
 377      6FF9D1A2 
 377      EAF369B7 
ARM GAS  C:\Users\PUBLIC~1.LAP\AppData\Local\Temp\cc7IVmQP.s 			page 29


 377      F9B1BB
 378 0181 7CD86D89 		.ascii	"|\330m\211\252\353\301\376\037\250h\347s\344\336\037"
 378      AAEBC1FE 
 378      1FA868E7 
 378      73E4DE1F 
 379 0191 85065D24 		.ascii	"\205\006]$f\030(7\373\323\3761\267\366\327\250\261\201"
 379      66182837 
 379      FBD3FE31 
 379      B7F6D7A8 
 379      B181
 380 01a3 3556BEA7 		.ascii	"5V\276\247\361\322\237\034O^\274\214/tU\375\354h\354"
 380      F1D29F1C 
 380      4F5EBC8C 
 380      2F7455FD 
 380      EC68EC
 381 01b6 9B873F63 		.ascii	"\233\207?c\003e[\206\030\371\335\214\227\324\220=\001"
 381      03655B86 
 381      18F9DD8C 
 381      97D4903D 
 381      01
 382 01c7 03BE8C89 		.ascii	"\003\276\214\211z\274\356\27570\017\343\223\031#&\306"
 382      7ABCEEBD 
 382      37300FE3 
 382      93192326 
 382      C6
 383 01d8 1513A3C9 		.ascii	"\025\023\243\311\231\265{o\211\177\271\027_-\015\015"
 383      99B57B6F 
 383      897FB917 
 383      5F2D0D0D 
 384 01e8 4DC78E33 		.ascii	"M\307\2163\021\351\027\373Vf\337\206\325/\253\341'}"
 384      11E917FB 
 384      5666DF86 
 384      D52FABE1 
 384      277D
 385 01fa 33EB5274 		.ascii	"3\353Rt\316\330\245\030\367\242v\313W\273\251\305\305"
 385      CED8A518 
 385      F7A276CB 
 385      57BBA9C5 
 385      C5
 386 020b B4951680 		.ascii	"\264\225\026\200E^\355\251\035-6\346\220uYZ{d\221.\243"
 386      455EEDA9 
 386      1D2D36E6 
 386      9075595A 
 386      7B64912E 
 387 0220 654ADAA9 		.ascii	"eJ\332\251\240\372\350y\263v\361\253x\345\017\317\026"
 387      A0FAE879 
 387      B376F1AB 
 387      78E50FCF 
 387      16
 388 0231 C3EEA789 		.ascii	"\303\356\247\211\000\223\233\305\241\225!\263\252\254"
 388      00939BC5 
 388      A19521B3 
 388      AAAC
 389 023f 1DB223F0 		.ascii	"\035\262#\360\034\251\230\266\2646\013&\3161J\216J\310"
 389      1CA998B6 
 389      B4360B26 
 389      CE314A8E 
ARM GAS  C:\Users\PUBLIC~1.LAP\AppData\Local\Temp\cc7IVmQP.s 			page 30


 389      4AC8
 390 0251 8C71A6EF 		.ascii	"\214q\246\357\021\004K\2208w\214U\320\332\032\004\025"
 390      11044B90 
 390      38778C55 
 390      D0DA1A04 
 390      15
 391 0262 B5A7B599 		.ascii	"\265\247\265\231>\324#S\233\263\322\303\303\325\001"
 391      3ED42353 
 391      9BB3D2C3 
 391      C3D501
 392 0271 F13C4D0C 		.ascii	"\361<M\014\352\234\366d^\265\270\362,I\372wD\244\307"
 392      EA9CF664 
 392      5EB5B8F2 
 392      2C49FA77 
 392      44A4C7
 393 0284 EAA4C19C 		.ascii	"\352\244\301\234\327\261m>\035\333\266\233N\351\261"
 393      D7B16D3E 
 393      1DDBB69B 
 393      4EE9B1
 394 0293 2E697053 		.ascii	".ipS\351$\262|\377hnkc\305\310\225>U\265\220\355\317"
 394      E924B27C 
 394      FF686E6B 
 394      63C5C895 
 394      3E55B590 
 395 02a9 E7CF9BAD 		.ascii	"\347\317\233\255\362\305\323\264\005\270\302\310\354"
 395      F2C5D3B4 
 395      05B8C2C8 
 395      EC
 396 02b6 18AB2013 		.ascii	"\030\253 \023\250\245\265\366\351D=\322\264W\373}\004"
 396      A8A5B5F6 
 396      E9443DD2 
 396      B457FB7D 
 396      04
 397 02c7 D17273B4 		.ascii	"\321rs\264\327\3666\016\23613k\267l\013\250\325\332"
 397      D7F6360E 
 397      9E31336B 
 397      B76C0BA8 
 397      D5DA
 398 02d9 2852D423 		.ascii	"(R\324#\003\246\022\002\177\274\037ja\265\322\202\034"
 398      03A61202 
 398      7FBC1F6A 
 398      61B5D282 
 398      1C
 399 02ea 049F30C8 		.ascii	"\004\2370\310\033BE\345L<9\035\271\227\264\333\271`"
 399      1B4245E5 
 399      4C3C391D 
 399      B997B4DB 
 399      B960
 400 02fc 31F40D7F 		.ascii	"1\364\015\177M:\236\020\310\244{jzrb\322\021i\360F\270"
 400      4D3A9E10 
 400      C8A47B6A 
 400      7A7262D2 
 400      1169F046 
 401 0311 97C41302 		.ascii	"\227\304\023\002w\275\235\316)\202\005\031N&:\350\206"
 401      77BD9DCE 
 401      29820519 
 401      4E263AE8 
ARM GAS  C:\Users\PUBLIC~1.LAP\AppData\Local\Temp\cc7IVmQP.s 			page 31


 401      86
 402 0322 442130A8 		.ascii	"D!0\250\223\002\376~\300\235\006\367\222\206T\303\336"
 402      9302FE7E 
 402      C09D06F7 
 402      928654C3 
 402      DE
 403 0333 4EC76B31 		.ascii	"N\307k1\005c'\345\323\021\205\024\\\014\177\226'\005"
 403      056327E5 
 403      D3118514 
 403      5C0C7F96 
 403      2705
 404 0345 6C51D280 		.ascii	"lQ\322\200\372Y\342\024\220\367\363\021Q\251\007\243"
 404      FA59E214 
 404      90F7F311 
 404      51A907A3 
 405 0355 6A3058BD 		.ascii	"j0X\275K\032\362\202\276`o\247\333\011\207\272(\037"
 405      4B1AF282 
 405      BE606FA7 
 405      DB0987BA 
 405      281F
 406 0367 8C215037 		.ascii	"\214!P7\004\352\236H\370\242|=&\025K\023$\004\177<\242"
 406      04EA9E48 
 406      F8A27C3D 
 406      26154B13 
 406      24047F3C 
 407 037c 0AAADE94 		.ascii	"\012\252\336\224\017\006\013(%%\025\027<T\260]o\225"
 407      0F060B28 
 407      25251517 
 407      3C54B05D 
 407      6F95
 408 038e 20A5386B 		.ascii	" \2458kdd\253\255\262\241\227\363\242\"Kdq\026\003\032"
 408      6464ABAD 
 408      B2A197F3 
 408      A2224B64 
 408      7116031A 
 409 03a2 A0AE144F 		.ascii	"\240\256\024O\336&F\220\033\243\203\2573)\351\011\300"
 409      DE264690 
 409      1BA383AF 
 409      3329E909 
 409      C0
 410 03b3 BA12D9D2 		.ascii	"\272\022\331\322\"}\036Y\227\025\311Z\213\224\363\262"
 410      227D1E59 
 410      9715C95A 
 410      8B94F3B2 
 411 03c3 1AE18242 		.ascii	"\032\341\202Bf_\336\033\177\250a,\306\030C\246hDD\302"
 411      665FDE1B 
 411      7FA8612C 
 411      C61843A6 
 411      684444C2 
 412 03d7 489A0C07 		.ascii	"H\232\014\007\220\002\231\252\2629\022`\346\035\230"
 412      900299AA 
 412      B2391260 
 412      E61D98
 413 03e6 B0A4A0B0 		.ascii	"\260\244\240\260>\265k\006\015\014\200\263c\002[\312"
 413      3EB56B06 
 413      0D0C80B3 
 413      63025BCA 
ARM GAS  C:\Users\PUBLIC~1.LAP\AppData\Local\Temp\cc7IVmQP.s 			page 32


 414 03f6 C5815E55 		.ascii	"\305\201^U/\260\277\324j\0136\207\266\2771\322\265\216"
 414      2FB0BFD4 
 414      6A0B3687 
 414      B6BF31D2 
 414      B58E
 415 0408 36088249 		.ascii	"6\010\202I\003\005\225\353\024\024K\203\374\217@\256"
 415      030595EB 
 415      14144B83 
 415      FC8F40AE 
 416 0418 27AB53CB 		.ascii	"'\253S\313\011I0\211b?`\301\2119nX\365X\257u\010\250"
 416      09493089 
 416      623F60C1 
 416      89396E58 
 416      F558AF75 
 417 042e 514BEB3B 		.ascii	"QK\353;\005Ye\367\252\323Ah}\201\004\012\344\023n\350"
 417      055965F7 
 417      AAD34168 
 417      7D81040A 
 417      E4136EE8 
 418 0442 842B45D6 		.ascii	"\204+E\326}-\241\327\002\356\241\026(\202V\276\253\267"
 418      7D2DA1D7 
 418      02EEA116 
 418      288256BE 
 418      ABB7
 419 0454 A3BABFE7 		.ascii	"\243\272\277\347h\336\355gM\372\320\266-@\020\213]e"
 419      68DEED67 
 419      4DFAD0B6 
 419      2D40108B 
 419      5D65
 420 0466 2E8DCB42 		.ascii	".\215\313B\027W|\246z\2427\013zRT\315\206a\242H1\345"
 420      17577CA6 
 420      7AA2370B 
 420      7A5254CD 
 420      8661A248 
 421 047c FA0F45A5 		.ascii	"\372\017E\245\027y\240\365;Xp\320\250\015\241\372\026"
 421      1779A0F5 
 421      3B5870D0 
 421      A80DA1FA 
 421      16
 422 048d 3ACD1956 		.ascii	":\315\031Vbm\016{\367\233J\023\023sK\027@\020j\020\304"
 422      626D0E7B 
 422      F79B4A13 
 422      13734B17 
 422      40106A10 
 423 04a2 C4A4E104 		.ascii	"\304\244\341\004A\034U\276\354Il\274\235\314\032\277"
 423      411C55BE 
 423      EC496CBC 
 423      9DCC1ABF 
 424 04b2 CAAFFDFC 		.ascii	"\312\257\375\374\340]7\210<\264=0r\002D\230\006\246"
 424      E05D3788 
 424      3CB43D30 
 424      72024498 
 424      06A6
 425 04c4 FE0E62E1 		.ascii	"\376\016b\341\2644Y\301P\001"
 425      B43459C1 
 425      5001
 426              		.text
ARM GAS  C:\Users\PUBLIC~1.LAP\AppData\Local\Temp\cc7IVmQP.s 			page 33


 427              		.section	.gnu.lto_chPipeReadTimeout.part.0.290.83ad1332,"e",%progbits
 428 0000 28B52FFD 		.ascii	"(\265/\375`\227\006=&\000\312C\354\016Dp\250M:\011@"
 428      6097063D 
 428      2600CA43 
 428      EC0E4470 
 428      A84D3A09 
 429 0015 B1D04442 		.ascii	"\261\320DBO\340\250\252>\013x\304SEwT\257\260y>O`\331"
 429      4FE0A8AA 
 429      3E0B78C4 
 429      53457754 
 429      AFB0793E 
 430 002c C0C1BCC0 		.ascii	"\300\301\274\300\234o\357\366\277~m\265\364\301\320"
 430      9C6FEFF6 
 430      BF7E6DB5 
 430      F4C1D0
 431 003b F6850A28 		.ascii	"\366\205\012(\011,@\341=\022s\250\012\251\021#z4\265"
 431      092C40E1 
 431      3D1273A8 
 431      0AA91123 
 431      7A34B5
 432 004e 4688DC29 		.ascii	"F\210\334)\005\333\000\321\000\327\000I4\307\326\221"
 432      05DB00D1 
 432      00D70049 
 432      34C7D691 
 433 005e 96982D70 		.ascii	"\226\230-piJ\366\340\247A\2408l\236\317\372/gU\347Y"
 433      694AF6E0 
 433      A741A038 
 433      6C9ECFFA 
 433      2F6755E7 
 434 0073 159EB40D 		.ascii	"\025\236\264\015\256/\363\222\264\227\344\267\216\200"
 434      AE2FF392 
 434      B497E4B7 
 434      8E80
 435 0081 44D10297 		.ascii	"D\321\002\227\301\254\037\353B\303\354B\303\355\302"
 435      C1AC1FEB 
 435      42C3EC42 
 435      C3EDC2
 436 0090 D6871DCC 		.ascii	"\326\207\035\314\312$K\217ly\353\301\254\274K\323\260"
 436      CA244B8F 
 436      6C79EBC1 
 436      ACBC4BD3 
 436      B0
 437 00a1 655A9A92 		.ascii	"eZ\232\222E\370i\013\350O\373[l8i\22299\262\365,\327"
 437      45F8690B 
 437      E84FFB5B 
 437      6C386992 
 437      3939B2F5 
 438 00b7 82C3C910 		.ascii	"\202\303\311\020Y:\263,\266\263AiJ\366\373\351\373\200"
 438      593AB32C 
 438      B6B34169 
 438      4AF6FBE9 
 438      FB80
 439 00c9 DC4FF301 		.ascii	"\334O\363\001r?\227\211u5\371\035\252\313\235\346V\242"
 439      723F9789 
 439      7535F91D 
 439      AACB9DE6 
 439      56A2
ARM GAS  C:\Users\PUBLIC~1.LAP\AppData\Local\Temp\cc7IVmQP.s 			page 34


 440 00db A49FE33B 		.ascii	"\244\237\343;\235\230\270>J\200\0149*gK\310RG\325I\360"
 440      9D98B83E 
 440      4A800C39 
 440      2A674BC8 
 440      5247D549 
 441 00f0 7AAE2AB9 		.ascii	"z\256*\271\272~\232\030\304\264<\271\232W\037\\Z\346"
 441      BA7E9A18 
 441      C4B43CB9 
 441      9A571F5C 
 441      5AE6
 442 0102 96A1B17D 		.ascii	"\226\241\261}\371\004V\266\204T\263\307\225e\372\324"
 442      F90456B6 
 442      8454B3C7 
 442      9565FAD4 
 443 0112 5E797061 		.ascii	"^ypa\325\375\362\246\2256;J.\257\327\244\023\3518\244"
 443      D5FDF2A6 
 443      95363B4A 
 443      2EAFD7A4 
 443      13E938A4 
 444 0126 69EA5F11 		.ascii	"i\352_\021\271y\267\235\305\276\004\373\\\022X\233\332"
 444      B979B79D 
 444      C5BE04FB 
 444      5C12589B 
 444      DA
 445 0137 8FF3E24A 		.ascii	"\217\363\342J{\305\341\264@\3234er\273\021\345K\261"
 445      7BC5E1B4 
 445      40D33465 
 445      72BB11E5 
 445      4BB1
 446 0149 CAFDACFB 		.ascii	"\312\375\254\373\345\031\264\261)\273\256\352\241\272"
 446      E519B4B1 
 446      29BBAEEA 
 446      A1BA
 447 0157 5F5E2207 		.ascii	"_^\"\007`c\252x\227\330\037\373\223\000 \365\252\217"
 447      6063AA78 
 447      97D81FFB 
 447      930020F5 
 447      AA8F
 448 0169 7AD53DA3 		.ascii	"z\325=\243\227\375EF\325<\242\335\323\334\350\277\374"
 448      97FD4546 
 448      D53CA2DD 
 448      D3DCE8BF 
 448      FC
 449 017a 3AA3EADC 		.ascii	":\243\352\334\323\356\363e\267\371\261{\213\252\353"
 449      D3EEF365 
 449      B7F9B17B 
 449      8BAAEB
 450 0189 C3FE1FA8 		.ascii	"\303\376\037\250o\317q$M\177\304\031J\223\234g\250<"
 450      6FCF7124 
 450      4D7FC419 
 450      4A939C67 
 450      A83C
 451 019b CC9FF6A7 		.ascii	"\314\237\366\247\371\332w\323f\003n\262\206oc\246@:"
 451      F9DA77D3 
 451      66036EB2 
 451      866F63A6 
 451      403A
ARM GAS  C:\Users\PUBLIC~1.LAP\AppData\Local\Temp\cc7IVmQP.s 			page 35


 452 01ad A4C0F89A 		.ascii	"\244\300\370\232/\010R\3621gc\363\214\374\032\033@\373"
 452      2F0852F2 
 452      316763F3 
 452      8CFC1A1B 
 452      40FB
 453 01bf 22A408F1 		.ascii	"\"\244\010\361lfj3\223\022V\374\232\253\366\014J\323"
 453      6C666A33 
 453      931256FC 
 453      9AABF60C 
 453      4AD3
 454 01d1 9457E667 		.ascii	"\224W\346g|5i\320\310H\321\310\210\302\006.M\323\022"
 454      7C3569D0 
 454      C848D1C8 
 454      88C2062E 
 454      4DD312
 455 01e4 277331BE 		.ascii	"'s1\276Z\232\0313;x\220\021\201\222\261yh6\017Y}4\033"
 455      5A9A1933 
 455      3B789011 
 455      8192B179 
 455      68360F59 
 456 01fb FED2BC30 		.ascii	"\376\322\2740`\222\366a\201\011_\276\332O\261\265sg"
 456      6092F661 
 456      81095FBE 
 456      DA4FB1B5 
 456      7367
 457 020d 2E80555E 		.ascii	".\200U^\355\350\0351>'\321\3324w\221V\351\265\263+i"
 457      EDE81D31 
 457      3E27D1DA 
 457      34779156 
 457      E9B5B32B 
 458 0222 3905D5D7 		.ascii	"9\005\325\327\345xk'\301\222b\201\202\233\034; '\002"
 458      E5786B27 
 458      C1926281 
 458      829B1C3B 
 458      202702
 459 0235 4E78DB73 		.ascii	"Nx\333s3\243\354\272\332%Z\026\177\264\260\234k\356"
 459      33A3ECBA 
 459      DA255A16 
 459      7FB4B09C 
 459      6BEE
 460 0247 6EDFE4D1 		.ascii	"n\337\344\321\252\242\243\036:e\344\320\367\360J\013"
 460      AAA2A31E 
 460      3A65E4D0 
 460      F7F04A0B 
 461 0257 32070F56 		.ascii	"2\007\017V%\004\347\006A\325mn\355\246\017\365Jt}Y{"
 461      2504E706 
 461      41D56D6E 
 461      EDA60FF5 
 461      4A747D59 
 462 026c 82BD3710 		.ascii	"\202\2757\020\327\343\304\340-\267W\363jd\012\\\223"
 462      D7E3C4E0 
 462      2DB757F3 
 462      6A640A5C 
 462      93
 463 027d A58F4704 		.ascii	"\245\217G\004\252U\2414\250\3637{\347\333\261\275\373"
 463      AA55A134 
 463      A8F3377B 
ARM GAS  C:\Users\PUBLIC~1.LAP\AppData\Local\Temp\cc7IVmQP.s 			page 36


 463      E7DBB1BD 
 463      FB
 464 028e F9846AD5 		.ascii	"\371\204j\325&\015~.\235D\227\357\237\315wn\\\212\210"
 464      260D7E2E 
 464      9D4497EF 
 464      9FCD776E 
 464      5C8A88
 465 02a1 F9B9AA71 		.ascii	"\371\271\252q\336\277O\2408_f2wn\201)s\314\356`UB&P"
 465      DEBF4FA0 
 465      385F6632 
 465      776E8129 
 465      73CCEE60 
 466 02b9 CDDD853A 		.ascii	"\315\335\205:Q\257<\367j\277\017/$p\2646\365~\347\344"
 466      51AF3CF7 
 466      6ABF0F2F 
 466      2470B436 
 466      F57EE7E4 
 467 02cd 290BB3FB 		.ascii	")\013\263\373e[@\255k\243HQ\257\264/\266:\026\211A\242"
 467      655B40AD 
 467      6BA34851 
 467      AFB42FB6 
 467      3A168941 
 468 02e2 CEC7EAA5 		.ascii	"\316\307\352\245\005>\010\303\2431\210\214\222\362\231"
 468      053E08C3 
 468      A331888C 
 468      92F299
 469 02f1 807A42B2 		.ascii	"\200zB\262P\011\010|\321\0029D\022\235~\301c\261\351"
 469      5009087C 
 469      D1023944 
 469      129D7EC1 
 469      63B1E9
 470 0304 07E504F5 		.ascii	"\007\345\004\365\324\364\243\252\021\034a\241R\360X"
 470      D4F4A3AA 
 470      111C61A1 
 470      52F058
 471 0313 040A81BF 		.ascii	"\004\012\201\277\247\010\026f<\231\350\360CR\035\213"
 471      A7081666 
 471      3C99E8F0 
 471      43521D8B 
 472 0323 C6DF5491 		.ascii	"\306\337T\221H,\0025X\250\204\264B\012\201\277\240\213"
 472      482C0235 
 472      58A884B4 
 472      420A81BF 
 472      A08B
 473 0335 AA18C0A9 		.ascii	"\252\030\300\251\341\217\352H\341\005\222\270\301\251"
 473      E18FEA48 
 473      E10592B8 
 473      C1A9
 474 0343 A20BB346 		.ascii	"\242\013\263F\024q\251\252\212A\342\220J7u\243T5\032"
 474      1471A9AA 
 474      8A41E290 
 474      4A3775A3 
 474      54351A
 475 0356 AB814AC8 		.ascii	"\253\201J\310\240qh\024\002\177\300#\362'5\214\201,"
 475      A0716814 
 475      027FC023 
 475      F227358C 
ARM GAS  C:\Users\PUBLIC~1.LAP\AppData\Local\Temp\cc7IVmQP.s 			page 37


 475      812C
 476 0368 FE90C51F 		.ascii	"\376\220\305\037\024\211\241\324P\330\244\202i\202\004"
 476      1489A1D4 
 476      50D8A482 
 476      698204
 477 0377 233148A5 		.ascii	"#1H\245\302JX5\214\321\"jiI\305\005\017\025l\327\357"
 477      C24A5835 
 477      8CD1226A 
 477      6949C505 
 477      0F156CD7 
 478 038c 9224B4B7 		.ascii	"\222$\264\267GG[\367j\247;\235\033\031m\321\366\026"
 478      47475BF7 
 478      6AA73B9D 
 478      1B196DD1 
 478      F616
 479 039e 835B5C96 		.ascii	"\203[\\\226\024_~\307V\010\016\226\003\2601V\320\034"
 479      145F7EC7 
 479      56080E96 
 479      03B03156 
 479      D01C
 480 03b0 80752D5A 		.ascii	"\200u-Zs\225\316!\255\315\232\264\273J:7k\221)W\314"
 480      7395CE21 
 480      ADCD9AB4 
 480      BB4A3A37 
 480      6B912957 
 481 03c5 F666BA01 		.ascii	"\366f\272\001\200\201\250a(\306\030CF\241\031\021\011"
 481      8081A861 
 481      28C61843 
 481      46A11911 
 481      09
 482 03d6 2369321C 		.ascii	"#i2\034\220\002\231\252\2629\022@\366\035\230\260\244"
 482      900299AA 
 482      B2391240 
 482      F61D98B0 
 482      A4
 483 03e7 A0B03EB5 		.ascii	"\240\260>\265k\006\015\014\200\267c\002[\312\305\201"
 483      6B060D0C 
 483      80B76302 
 483      5BCAC581 
 484 03f7 5E552FB0 		.ascii	"^U/\260\276Th\323\206\206\266\2772\322\263\2160\010"
 484      BE5468D3 
 484      8686B6BF 
 484      32D2B38E 
 484      3008
 485 0409 82492D05 		.ascii	"\202I-\005\343uZc\207A\376G A\262I5%\244\266$\244\226"
 485      E3755A63 
 485      8741FE47 
 485      2041B249 
 485      3525A4B6 
 486 0420 24CA7EC8 		.ascii	"$\312~\310\332\023\263'\26061F\255,\240^\375Y\377\260"
 486      DA13B327 
 486      B0363146 
 486      AD2CA05E 
 486      FD59FFB0 
 487 0434 92D57674 		.ascii	"\222\325vt\235tB\273\013tP0\2378\203\023\256\024Z\267"
 487      9D7442BB 
 487      0B745030 
ARM GAS  C:\Users\PUBLIC~1.LAP\AppData\Local\Temp\cc7IVmQP.s 			page 38


 487      9F388313 
 487      AE145AB7 
 488 0448 B5845E0B 		.ascii	"\265\204^\013r\017Yi\250\276\362M\275\035\225\375\035"
 488      720F5969 
 488      A8BEF24D 
 488      BD1D95FD 
 488      1D
 489 0459 47E3853E 		.ascii	"G\343\205>\3266\237g\253\005/b\271\333\314\240qC\350"
 489      D6369F67 
 489      AB052F62 
 489      B9DBCCA0 
 489      7143E8
 490 046c F78ACF54 		.ascii	"\367\212\317T/\032p\243$C\365l\030\276\212\012f\035"
 490      2F1A70A3 
 490      2443F56C 
 490      18BE8A0A 
 490      661D
 491 047e 9F815017 		.ascii	"\237\201P\027\"\2574\261\003L\031\232\265A\247\376B"
 491      22AF34B1 
 491      034C199A 
 491      B541A7FE 
 491      42
 492 048f 073BCD8A 		.ascii	"\007;\315\212\257\315\261\367|#y\240dni\015dC\025B\030"
 492      AFCDB1F7 
 492      7C2379A0 
 492      646E690D 
 492      64431542 
 493 04a4 79181C20 		.ascii	"y\030\034 \211C\316\230}\210M\267\226Y\343\327\250\335"
 493      8943CE98 
 493      7D884DB7 
 493      9659E3D7 
 493      A8DD
 494 04b6 9AF3F707 		.ascii	"\232\363\367\007|\3352\262\3456\2541I \342\0360\365"
 494      7CDD32B2 
 494      E536AC31 
 494      4920E21E 
 494      30F5
 495 04c8 771FD3A1 		.ascii	"w\037\323\241\335dtC\005"
 495      DD647443 
 495      05
 496              		.text
 497              		.section	.gnu.lto_.symbol_nodes.83ad1332,"e",%progbits
 498 0000 28B52FFD 		.ascii	"(\265/\375`*\002\255\012\000\342\31796PU\322\001h0\351"
 498      602A02AD 
 498      0A00E2CF 
 498      39365055 
 498      D2016830 
 499 0015 5C5D681E 		.ascii	"\\]h\036\035\224m\303eF\366\033\233\320\"5E\017\033"
 499      1D946DC3 
 499      6546F61B 
 499      9BD02235 
 499      450F1B
 500 0028 92C09299 		.ascii	"\222\300\222\231\031\0233Cwf\346\376\211\245\377CI\017"
 500      19133343 
 500      7766E6FE 
 500      89A5FF43 
 500      490F
ARM GAS  C:\Users\PUBLIC~1.LAP\AppData\Local\Temp\cc7IVmQP.s 			page 39


 501 003a 048C6D08 		.ascii	"\004\214m\010\333\036;I)\003z-h\324\"r\001\277\016\017"
 501      DB1E3B49 
 501      29037A2D 
 501      68D42272 
 501      01BF0E0F 
 502 004e B7E91D4E 		.ascii	"\267\351\035N\353\035f\257D\360\036\212\357p\203\363"
 502      EB1D66AF 
 502      44F01E8A 
 502      EF7083F3 
 503 005e 6D158063 		.ascii	"m\025\200c\347\234{H\024\377k?cCb\331\1777\201\343\344"
 503      E79C7B48 
 503      14FF6B3F 
 503      634362D9 
 503      7F3781E3 
 504 0073 C8CC813F 		.ascii	"\310\314\201?f'\323oe\374*R\223\0173\346[s\332W\221"
 504      6627D36F 
 504      65FC2A52 
 504      930F33E6 
 504      5B73DA57 
 505 0088 2AED9A90 		.ascii	"*\355\232\220Vb\250=\234\273%:7/\324\376\322}(\356'"
 505      5662A83D 
 505      9CBB253A 
 505      372FD4FE 
 505      D27D28EE 
 506 009d 9AB54F73 		.ascii	"\232\265Os\207\247yC\2429$\242\031\004\242\231\343\241"
 506      87A77943 
 506      A23924A2 
 506      1904A299 
 506      E3A1
 507 00af 5964A526 		.ascii	"Yd\245&U=;\016\315\036\333\320\254\24105(\031Cs\306"
 507      553D3B0E 
 507      CD1EDBD0 
 507      ACA13035 
 507      28194373 
 508 00c4 42330663 		.ascii	"B3\006c\232\212B\363EB3\311Gb\330\007h\324\"Bh\0369"
 508      9A8A42F3 
 508      454233C9 
 508      4762D807 
 508      68D42242 
 509 00db 68B63068 		.ascii	"h\2660h\256x\022\303\264\024\325Vu\321\326I)eA/\015"
 509      AE7812C3 
 509      B414D556 
 509      75D1D649 
 509      2965412F 
 510 00f0 ABEA2902 		.ascii	"\253\352)\0023 \340\002)\"\326\001#\241\017\335\241"
 510      3320E002 
 510      2922D601 
 510      23A10FDD 
 510      A1
 511 0101 9D05BB83 		.ascii	"\235\005\273\203\030\232\005\033\012\256\031\2100H\273"
 511      189A051B 
 511      0AAE1988 
 511      3048BB
 512 0110 C5FBDAA8 		.ascii	"\305\373\332\250\241-,kp\241\335)\020[\210\363t_\333"
 512      A12D2C6B 
 512      70A1DD29 
 512      105B88F3 
ARM GAS  C:\Users\PUBLIC~1.LAP\AppData\Local\Temp\cc7IVmQP.s 			page 40


 512      745FDB
 513 0123 589988CF 		.ascii	"X\231\210\317\327A!\331A\331\267\265[\305 E\206QM\202"
 513      D74121D9 
 513      41D9B7B5 
 513      5BC52045 
 513      86514D82 
 514 0137 04480049 		.ascii	"\004H\000I\220\030$_\240U,\005m\301\230A\350\014t\034"
 514      9018245F 
 514      A0552C05 
 514      6DC19841 
 514      E80C741C 
 515 014b 0170C4D0 		.ascii	"\001p\304\320\200 \366 M\311\005=)\370\232t\221\234"
 515      8020F620 
 515      4DC9053D 
 515      29F89A74 
 515      919C
 516 015d 654E     		.ascii	"eN"
 517              		.text
 518              		.section	.gnu.lto_.refs.83ad1332,"e",%progbits
 519 0000 28B52FFD 		.ascii	"(\265/\375 \005)\000\000\001\000\000\000\000"
 519      20052900 
 519      00010000 
 519      0000
 520              		.text
 521              		.section	.gnu.lto_.decls.83ad1332,"e",%progbits
 522 0000 28B52FFD 		.ascii	"(\265/\375`\367%\005\241\000\272\375\\8Q0PR\352\317"
 522      60F72505 
 522      A100BAFD 
 522      5C385130 
 522      5052EACF 
 523 0014 5B160530 		.ascii	"[\026\0050\356:WME\224p\267k\255h\304\363\330\252\201"
 523      EE3A574D 
 523      459470B7 
 523      6BAD68C4 
 523      F3D8AA81 
 524 0028 99F0DDBB 		.ascii	"\231\360\335\273\217\373WK/\216\005A\364`\240\203.h"
 524      8FFB574B 
 524      2F8E0541 
 524      F460A083 
 524      2E68
 525 003a 16D8F9D8 		.ascii	"\026\330\371\330Ha-\327@J\304\324aY\246\213\037\216"
 525      48612DD7 
 525      404AC4D4 
 525      6159A68B 
 525      1F8E
 526 004c 65BA9C32 		.ascii	"e\272\2342\025p\221\2540\375e \272\3547w\2232\245\024"
 526      157091AC 
 526      30FD6520 
 526      BAEC3777 
 526      9332A514 
 527 0060 26037303 		.ascii	"&\003s\003\204\003k\337\350JA\2163\334\005\335\371\251"
 527      84036BDF 
 527      E84A418E 
 527      33DC05DD 
 527      F9A9
 528 0072 B7A665D4 		.ascii	"\267\246e\324\3726>\311\245\"^\351\225p\210\211\201"
 528      FA363EC9 
ARM GAS  C:\Users\PUBLIC~1.LAP\AppData\Local\Temp\cc7IVmQP.s 			page 41


 528      A5225EE9 
 528      95708889 
 528      81
 529 0083 AEED2244 		.ascii	"\256\355\"D\250}u\254\035\346\035h\270\030\032\2748"
 529      A87D75AC 
 529      1DE61D68 
 529      B8181ABC 
 529      38
 530 0094 234B908E 		.ascii	"#K\220\216\326'V9\250\3342c\350\232f\364\031\320\006"
 530      D6275639 
 530      A8DC3263 
 530      E89A66F4 
 530      19D006
 531 00a7 1B5A4A6F 		.ascii	"\033ZJo\364EII\272z<~\347\264*\312)\366\270\357sm\023"
 531      F4454949 
 531      BA7A3C7E 
 531      E7B42ACA 
 531      29F6B8EF 
 532 00be 736E6726 		.ascii	"sng&\352\345\2133\372@\004\276\347o.\306\247K@c\316"
 532      EAE58B33 
 532      FA4004BE 
 532      E76F2EC6 
 532      A74B4063 
 533 00d3 9428E35B 		.ascii	"\224(\343[rx\276\025G&\217\015\214\207\3412\343kw\371"
 533      7278BE15 
 533      47268F0D 
 533      8C87E132 
 533      E36B77F9 
 534 00e7 2C2188D1 		.ascii	",!\210\321\334\235o\351\315}\265\3579\230\257\345 E"
 534      DC9D6FE9 
 534      CD7DB5EF 
 534      3998AFE5 
 534      2045
 535 00f9 D1CFCEF7 		.ascii	"\321\317\316\3671~\351g\036\306\313\360\276g~\363\211"
 535      317EE967 
 535      1EC6CBF0 
 535      BE677EF3 
 535      89
 536 010a 5CEA7BDD 		.ascii	"\\\352{\335\236\347zl{\356\346a\222{9\322x\\\006\231"
 536      9EE77A6C 
 536      7BEEE661 
 536      927B39D2 
 536      785C0699 
 537 011e BAFC01F7 		.ascii	"\272\374\001\367\227\255\277&{\262\3667Y\373\271\326"
 537      97ADBF26 
 537      7BB2F637 
 537      59FBB9D6 
 538 012e FEACD5E9 		.ascii	"\376\254\325\351|\214K\373\314\353\232\2469\325\321"
 538      7C8C4BFB 
 538      CCEB9AA6 
 538      39D5D1
 539 013d 2112B5D2 		.ascii	"!\022\265\322D\262\266\216\367\231\332\037]]\314{\234"
 539      44B2B68E 
 539      F799DA1F 
 539      5D5DCC7B 
 539      9C
 540 014e CBB58B71 		.ascii	"\313\265\213q\270\233\246\213\30193\335C\344\270\207"
ARM GAS  C:\Users\PUBLIC~1.LAP\AppData\Local\Temp\cc7IVmQP.s 			page 42


 540      B89BA68B 
 540      C13933DD 
 540      43E4B887 
 541 015e B84750C0 		.ascii	"\270GP\300\310\250\270_j\355\027\262\366CWo{\242\332"
 541      C8A8B85F 
 541      6AED17B2 
 541      F643576F 
 541      7BA2DA
 542 0171 7145793D 		.ascii	"qEy=\356GZ\373\213\326\017\337\\\023\360\016*\032\216"
 542      EE475AFB 
 542      8BD60FDF 
 542      5C13F00E 
 542      2A1A8E
 543 0184 19B02D36 		.ascii	"\031\260-6\260\244x\332\015M\316R\276-\336\304\307|"
 543      B0A478DA 
 543      0D4DCE52 
 543      BE2DDEC4 
 543      C77C
 544 0196 1A366477 		.ascii	"\0326dwf\316\267x\024\307\262L\352\321 \303\3139;\027"
 544      66CEB778 
 544      14C7B24C 
 544      EAD120C3 
 544      CB393B17 
 545 01aa 5773A96F 		.ascii	"Ws\251o\361,\355]\356\305\303\303\363\001'\213\035%"
 545      F12CED5D 
 545      EEC5C3C3 
 545      F301278B 
 545      1D25
 546 01bc 59B1969B 		.ascii	"Y\261\226\233\251\035L}\217\321r\214|A\302\025v\346"
 546      A91D4C7D 
 546      8FD1728C 
 546      7C41C215 
 546      76E6
 547 01ce 5974ECA6 		.ascii	"Yt\354\246\352\274<n\337Z\313>\250}mJF\036_q+.u3'kg"
 547      EABC3C6E 
 547      DF5ACB3E 
 547      A87D6D4A 
 547      461E5F71 
 548 01e9 E2501A4F 		.ascii	"\342P\032Osn\346\234\333\261\252p\3102\274jDs\236\266"
 548      736EE69C 
 548      DBB1AA70 
 548      C832BC6A 
 548      44739EB6 
 549 01fd 89EE1266 		.ascii	"\211\356\022f.\305\251\3344\247\371G\216\027\015#\253"
 549      2EC5A9DC 
 549      34A7F947 
 549      8E170D23 
 549      AB
 550 020e 0F3C3C34 		.ascii	"\017<<4^[\322-\025\2677\251L\361\2707\254\345\343\262"
 550      5E5BD22D 
 550      15B737A9 
 550      4CF1B837 
 550      ACE5E3B2 
 551 0222 9AB72231 		.ascii	"\232\267\"1\245\307\375\342\006'\203*b\327\345q\003"
 551      A5C7FDE2 
 551      0627832A 
 551      62D7E571 
ARM GAS  C:\Users\PUBLIC~1.LAP\AppData\Local\Temp\cc7IVmQP.s 			page 43


 551      03
 552 0233 ADED626D 		.ascii	"\255\355bmv\355\251{\030{\202#D\010\231\274\307b?2M"
 552      76EDA97B 
 552      187B8223 
 552      440899BC 
 552      C7623F32 
 553 0248 772A56A9 		.ascii	"w*V\251;\311\037\336\011\223\214\346\343F\261\366\010"
 553      3BC91FDE 
 553      09938CE6 
 553      E346B1F6 
 553      08
 554 0259 EB1AC2EA 		.ascii	"\353\032\302\352\200wP=\273\007\225\303\324;\250[5j"
 554      8077503D 
 554      BB0795C3 
 554      D43BA85B 
 554      356A
 555 026b CB28575B 		.ascii	"\313(W[\216\345Z\270\013\232\361r\236\356\3440\031\263"
 555      8EE55AB8 
 555      0B9AF172 
 555      9EEEE430 
 555      19B3
 556 027d 26F6D893 		.ascii	"&\366\330\223\270\022\227\036\340K\372\201\010\372."
 556      B812971E 
 556      E04BFA81 
 556      08FA2E
 557 028c BBF25CCE 		.ascii	"\273\362\\\316S\235[\244\315.\355qg\220\325\005t\345"
 557      539D5BA4 
 557      CD2EED71 
 557      6790D505 
 557      74E5
 558 029e 08FAD7F6 		.ascii	"\010\372\327\366\003T\357\363\003\324\004\334\203\212"
 558      0354EFF3 
 558      03D404DC 
 558      838A
 559 02ac BD834AF5 		.ascii	"\275\203J\365\007\364\301h\353\362\006\014\371\002\334"
 559      07F4C168 
 559      EBF2060C 
 559      F902DC
 560 02bb 81240C74 		.ascii	"\201$\014t_e\267O\237\000\242n\267\341A`\335t_\030\340"
 560      5F65B74F 
 560      9F00A26E 
 560      B7E14160 
 560      DD745F18 
 561 02d0 FE8383F9 		.ascii	"\376\203\203\371\001^\200\356\337\351~\177\235\317\351"
 561      015E80EE 
 561      DFE97E7F 
 561      9DCFE9
 562 02df 7E9BEEA7 		.ascii	"~\233\356\247\351~\265\373q/\320}\231\272\273\257\273"
 562      E97EB5FB 
 562      712FD07D 
 562      99BABBAF 
 562      BB
 563 02f0 F7DCBABB 		.ascii	"\367\334\272\273\315\340\036\240\373\332h\276\265.*"
 563      CDE01EA0 
 563      FBDA68BE 
 563      B52E2A
 564 02ff 3C43A6DB 		.ascii	"<C\246\333\035\310]\267K\261\353\366_ww\001\321}S\350"
ARM GAS  C:\Users\PUBLIC~1.LAP\AppData\Local\Temp\cc7IVmQP.s 			page 44


 564      1DC85DB7 
 564      4BB1EBF6 
 564      5F777701 
 564      D17D53E8 
 565 0313 76F5BBFD 		.ascii	"v\365\273\3756\013\335\275\202\327u;]N\367\375\240\333"
 565      360BDDBD 
 565      82D7753B 
 565      5D4EF7FD 
 565      A0DB
 566 0325 E5BADDAD 		.ascii	"\345\272\335\255\333\333\272}\255\333\323\272\035\255"
 566      DBDBBA7D 
 566      ADDBD3BA 
 566      1DAD
 567 0333 DBC9BA9D 		.ascii	"\333\311\272\235\253\333\261\272}\254\333\303\272\275"
 567      ABDBB1BA 
 567      7DACDBC3 
 567      BABD
 568 0341 ABDB9374 		.ascii	"\253\333\223t{\264\333\245\272\335\251\333\227\272\335"
 568      7BB4DBA5 
 568      BADDA9DB 
 568      97BADD
 569 0350 A6DBD76E 		.ascii	"\246\333\327n\327\321\3558\272\375Fw\327u\267Vw\307"
 569      D7D1ED38 
 569      BAFD4677 
 569      D775B756 
 569      77C7
 570 0362 757B52B7 		.ascii	"u{R\267\333\350\366g\267\343t\373M\267\327t;Mwou\267"
 570      DBE8F667 
 570      B7E374FB 
 570      4DB7D774 
 570      3B4D776F 
 571 0378 02DD3DA5 		.ascii	"\002\335=\245\273k\372\372\372\372\272\361\011\335*"
 571      BB6BFAFA 
 571      FAFABAF1 
 571      09DD2A
 572 0387 52B70135 		.ascii	"R\267\0015\001E9g\325j\307\016YfF\263\332\022\223\200"
 572      01453967 
 572      D56AC70E 
 572      596646B3 
 572      DA129380 
 573 039b 67CE3B96 		.ascii	"g\316;\226\323\274C\235\346L@V[\252\371T-/\311\2329"
 573      D3BC439D 
 573      E64C4056 
 573      5BAAF954 
 573      2D2FC99A 
 574 03b0 3B59CE4B 		.ascii	";Y\316K1r\316\034r\3168\271\231tD\024\004z\023\203\010"
 574      3172CE1C 
 574      72CE38B9 
 574      99744414 
 574      047A1383 
 575 03c5 2A232301 		.ascii	"*##\001\3426\234_A\240%n`\362\025\315D\323\245;\217"
 575      E2369C5F 
 575      41A0256E 
 575      60F215CD 
 575      44D3A53B 
 576 03da A0399ADB 		.ascii	"\2409\232\333\234\236\353\327r\232\303\352r\264hA\315"
 576      9C9EEBD7 
ARM GAS  C:\Users\PUBLIC~1.LAP\AppData\Local\Temp\cc7IVmQP.s 			page 45


 576      729AC3EA 
 576      72B46841 
 576      CD
 577 03eb 795B0644 		.ascii	"y[\006D\210t=\276:~G\214\304\260\372\326\356\233c\015"
 577      88743DBE 
 577      3A7E478C 
 577      C4B0FAD6 
 577      EE9B630D 
 578 03ff CBD354EA 		.ascii	"\313\323T\352\342\2707V\251\260(\"N\345|\313z<\305\253"
 578      E2B83756 
 578      A9B02822 
 578      4EE57CCB 
 578      7A3CC5AB 
 579 0413 6A423DA7 		.ascii	"jB=\24760\256\210\346\036\337\247\026\346\015=\244\367"
 579      3630AE88 
 579      E61EDFA7 
 579      16E60D3D 
 579      A4F7
 580 0425 796B7499 		.ascii	"ykt\231\211\343z,\006\014;2\332\023\373\361S\256\367"
 580      89E37A2C 
 580      060C3B32 
 580      DA13FBF1 
 580      53AEF7
 581 0438 BA399A93 		.ascii	"\2729\232\223\004%\235\363B\366R\230\346x\014\301\213"
 581      04259DF3 
 581      42F65298 
 581      E6780CC1 
 581      8B
 582 0449 72FDF36F 		.ascii	"r\375\363o\020ab\363&\217\006f\3466\277\355\363|\032"
 582      106162F3 
 582      268F0666 
 582      E636BFED 
 582      F37C1A
 583 045c F67BD232 		.ascii	"\366{\3222\307v\303_i\342\234{\242\341\261\264D\323"
 583      C776C35F 
 583      69E29C7B 
 583      A2E1B1B4 
 583      44D3
 584 046e DE4B98BD 		.ascii	"\336K\230\275kt\231\337wg<\337\215q\221\356\362\346"
 584      6B7499DF 
 584      77673CDF 
 584      8D7191EE 
 584      F2E6
 585 0480 4BE31E5D 		.ascii	"K\343\036]\031\267\350\022]\030\327\351\322\333\364"
 585      19B7E812 
 585      5D18D7E9 
 585      D2DBF4
 586 048f B07EBD37 		.ascii	"\260~\2757\323u\233\257\305\261\334\345\023\305\223"
 586      D3759BAF 
 586      C5B1DCE5 
 586      13C593
 587 049e 18E7C2F1 		.ascii	"\030\347\302\3619\220\346\"\370z&T\377t\233\337\344"
 587      3990E622 
 587      F87A2654 
 587      FF749BDF 
 587      E4
 588 04af 9DDC2C39 		.ascii	"\235\334,9d\0312\210\274\216%\276h\217\0272\304m.\347"
ARM GAS  C:\Users\PUBLIC~1.LAP\AppData\Local\Temp\cc7IVmQP.s 			page 46


 588      64193288 
 588      BC8E25BE 
 588      688F1732 
 588      C46D2EE7 
 589 04c3 FC356EF3 		.ascii	"\3745n\363\317t\230'Qs<\270\356\215\013\217\005p\253"
 589      CF749827 
 589      51733CB8 
 589      EE8D0B8F 
 589      0570AB
 590 04d6 792B561B 		.ascii	"y+V\033\363\016*\231\307\3732.\375\274\376\274'\263"
 590      F30E2A99 
 590      C7FB322E 
 590      FDBCFEBC 
 590      27B3
 591 04e8 68CE39EF 		.ascii	"h\3169\357\357^\010\330X\364\363>\314\333\345\033\013"
 591      EF5E08D8 
 591      58F4F33E 
 591      CCDBE51B 
 591      0B
 592 04f9 9C4D41F0 		.ascii	"\234MA\360\360\360\274\363\211\347\264[\341V.X\202\230"
 592      F0F0BCF3 
 592      89E7B45B 
 592      E1562E58 
 592      8298
 593 050b 987BB9BF 		.ascii	"\230{\271\277A#\010\326\234\224\027c$:\347U^\014\320"
 593      412308D6 
 593      9C941763 
 593      243AE755 
 593      5E0CD0
 594 051e 8BCAC80A 		.ascii	"\213\312\310\012\253\356\351~\214K\177\356\335\372\331"
 594      ABEEE97E 
 594      8C4B7FEE 
 594      DDFAD9
 595 052d 1E4C4E94 		.ascii	"\036LN\224\352I\322\212[\225\023\363quZhC\036\3039\034"
 595      EA49D28A 
 595      5B9513F3 
 595      71755A68 
 595      431EC339 
 596 0542 1329B6B3 		.ascii	"\023)\266\263\365\355\335\200\031n\011\217\307\255:"
 596      F5EDDD80 
 596      196E098F 
 596      C7AD3A
 597 0551 595BED5A 		.ascii	"Y[\355Z[\325Z[\315=\2507\336A\365\362[\276\313Z\003"
 597      5BD55A5B 
 597      CD3DA837 
 597      DE41F5F2 
 597      5BBECB5A 
 598 0566 79598EEF 		.ascii	"yY\216\357\213K\337\313\257\331\360(\322\004\012\306"
 598      8B4BDFCB 
 598      AFD9F028 
 598      D2040AC6 
 599 0576 FD1BD3E5 		.ascii	"\375\033\323\345\271\240\231\021\221y\314\345\325\010"
 599      B9A09911 
 599      9179CCE5 
 599      D508
 600 0584 78932B62 		.ascii	"x\223+b[\373\267\266\366o\313\332?3\264\263)c3\320\036"
 600      5BFBB7B6 
ARM GAS  C:\Users\PUBLIC~1.LAP\AppData\Local\Temp\cc7IVmQP.s 			page 47


 600      F66FCBDA 
 600      3F33B4B3 
 600      296333D0 
 601 0599 67B951B2 		.ascii	"g\271Q\262\274\240bX\336\014\0139\272\232\312\272\362"
 601      BCA06258 
 601      DE0C0B39 
 601      BA9ACABA 
 601      F2
 602 05aa 56AED0F8 		.ascii	"V\256\320\370R\366x:w\007\206\244\364\370\247\374OA"
 602      52F6783A 
 602      770786A4 
 602      F4F8A7FC 
 602      4F41
 603 05bc E04CCECC 		.ascii	"\340L\316\314\247\362U\372\247|\231{\010\367\020:7b"
 603      A7F255FA 
 603      A77C997B 
 603      08F7103A 
 603      3762
 604 05ce 4C392515 		.ascii	"L9%\025\367\357j\355_\325\332?))\037\305\211\354\354"
 604      F7EF6AED 
 604      5FD5DA3F 
 604      29291FC5 
 604      89ECEC
 605 05e1 EBF13FF9 		.ascii	"\353\361?\3711\2276\360P\324\347\3224\237\371MY\365"
 605      319736F0 
 605      50D4E7D2 
 605      349FF94D 
 605      59F5
 606 05f3 DD35ADED 		.ascii	"\3355\255\355\015\2503x\003j\377\230\302\360S\033T\323"
 606      0DA83378 
 606      036AFF98 
 606      C2F0531B 
 606      54D3
 607 0605 73ED9F11 		.ascii	"s\355\237\021\030\315Q\026[\331\343\3761\327\306g\326"
 607      18CD5116 
 607      5BD9E3FE 
 607      31D7C667 
 607      D6
 608 0616 EFAAC1DB 		.ascii	"\357\252\301\333\253a\214\335\332Xn\345\340\036T$\035"
 608      AB618CDD 
 608      DA586EE5 
 608      E01E5424 
 608      1D
 609 0627 06C9EA8F 		.ascii	"\006\311\352\217\364\030\362SJ\242>\307]>u\222\234<"
 609      F418F253 
 609      4AA23EC7 
 609      5D3E7592 
 609      9C3C
 610 0639 B96A2257 		.ascii	"\271j\"W\344\253\206D\241~\207\223\263h\222\227\376"
 610      E4AB8644 
 610      A17E8793 
 610      B3689297 
 610      FE
 611 064a 9257F25A 		.ascii	"\222W\362Z\277\3656|\226K\037\253\261\276\206\257\362"
 611      BFF5367C 
 611      964B1FAB 
 611      B1BE86AF 
ARM GAS  C:\Users\PUBLIC~1.LAP\AppData\Local\Temp\cc7IVmQP.s 			page 48


 611      F2
 612 065b 695826F2 		.ascii	"iX&\362\262@\237\332Z\032\036\010\236\23283+n\000\340"
 612      B2409FDA 
 612      5A1A1E08 
 612      9E9A3833 
 612      2B6E00E0 
 613 066f C6D1B531 		.ascii	"\306\321\2651\324\332\030z\304\303h\371\200!\266c}#"
 613      D4DA187A 
 613      C4C368F9 
 613      8021B663 
 613      7D23
 614 0681 4FE552E0 		.ascii	"O\345R\340G\263\016\206\321\204\257\314\343\3067\326"
 614      47B30E86 
 614      D184AFCC 
 614      E3C637D6 
 615 0691 2107AA40 		.ascii	"!\007\252@\240\332\370h\355\376)\":r^DY\210\274\324"
 615      A0DAF868 
 615      EDFE2922 
 615      3A725E44 
 615      5988BCD4 
 616 06a5 EF39E5CB 		.ascii	"\3579\345\313W\337\332\027o\355K\267\366u[\373\266\255"
 616      57DFDA17 
 616      6FED4BB7 
 616      F6755BFB 
 616      B6AD
 617 06b7 22BC83DA 		.ascii	"\"\274\203\332\364\301f\014\310Z\323\343wr)\017\244"
 617      F4C1660C 
 617      C85AD3E3 
 617      7772290F 
 617      A4
 618 06c8 CD33B20A 		.ascii	"\3153\262\012\342\322wz\037x\037~dW\340\2560\020\250"
 618      E2D2777A 
 618      1F781F7E 
 618      6457E0AE 
 618      3010A8
 619 06db 91242630 		.ascii	"\221$&0\217\233\200Jv\321!i\377\343}\\7<!_V\326\276"
 619      8F9B804A 
 619      76D12169 
 619      FFE37D5C 
 619      373C215F 
 620 06f2 51D6BE60 		.ascii	"Q\326\276`L:4Q\244P\226\222\004k#\314Ti\361\341a\242"
 620      4C3A3451 
 620      A4509692 
 620      046B23CC 
 620      5469F1E1 
 621 0708 C6CD6E37 		.ascii	"\306\315n7\274&v\226\207\231\315\032Z\242xisf\214\012"
 621      BC267696 
 621      8799CD1A 
 621      5AA27869 
 621      73668C0A 
 622 071c 9C953EAF 		.ascii	"\234\225>\257\256\031ak\333(9\323w\217\211\307\304\355"
 622      AE19616B 
 622      DB2839D3 
 622      778F89C7 
 622      C4ED
 623 072e F1D5BB66 		.ascii	"\361\325\273fr\326\230\336\370:\214\233\015\223\011"
 623      72D698DE 
ARM GAS  C:\Users\PUBLIC~1.LAP\AppData\Local\Temp\cc7IVmQP.s 			page 49


 623      F83A8C9B 
 623      0D9309
 624 073d 0D578F2F 		.ascii	"\015W\217/\336\315[\255\304\350\360\372\255\341p\027"
 624      DECD5BAD 
 624      C4E8F0FA 
 624      ADE17017 
 625 074d F46984AE 		.ascii	"\364i\204\256yU\006\215f\217GX\024\231\353\364\334\002"
 625      7955068D 
 625      668F4758 
 625      1499EBF4 
 625      DC02
 626 075f A7774746 		.ascii	"\247wGF\303\351\012\310\343\272\272\264(\024\035\335"
 626      C3E90AC8 
 626      E3BABAB4 
 626      28141DDD 
 627 076f 753AB1D4 		.ascii	"u:\261\324\262a\222\223\273m\336\304EE\005GOJ\306\354"
 627      B2619293 
 627      BB6DDEC4 
 627      45450547 
 627      4F4AC6EC 
 628 0783 71DB1CC1 		.ascii	"q\333\034\301\301\3358\025\252\256\322\260~iI[z4]\337"
 628      C1DD3815 
 628      AAAED2B0 
 628      7E69495B 
 628      7A345DDF 
 629 0797 B89BBE37 		.ascii	"\270\233\2767/EL\334\334.\231\010(\320+\012\0152\254"
 629      2F454CDC 
 629      DC2E9908 
 629      28D02B0A 
 629      0D32AC
 630 07aa 0A9EA888 		.ascii	"\012\236\250\210\\}\351\376r\333N\360\\#F\021\337\234"
 630      5C7DE9FE 
 630      72DB4EF0 
 630      5C234611 
 630      DF9C
 631 07bc 7A352583 		.ascii	"z5%\203\013L\337\266\026\220\330\360\370\262}\221\242"
 631      0B4CDFB6 
 631      1690D8F0 
 631      F8B27D91 
 631      A2
 632 07cd 1ABEBE   		.ascii	"\032\276\276"
 633 07d0 8A868713 		.ascii	"\212\206\207\023\030\275\307]#\245\246v\327D@\211\270"
 633      18BDC75D 
 633      23A5A676 
 633      D7444089 
 633      B8
 634 07e1 30D05445 		.ascii	"0\320TEE\005\230d%l\252K\337\265\356\257\002Z\261\252"
 634      45059864 
 634      256CAA4B 
 634      DFB5EEAF 
 634      025AB1AA 
 635 07f5 91F5F872 		.ascii	"\221\365\370r\371#:\320=3\"4Z\322\322\314\034\313\225"
 635      F9233AD0 
 635      3D332234 
 635      5AD2D2CC 
 635      1CCB95
 636 0808 19B22965 		.ascii	"\031\262)e}\255\224]\264\273v\223\231PyR|x\331\271$"
ARM GAS  C:\Users\PUBLIC~1.LAP\AppData\Local\Temp\cc7IVmQP.s 			page 50


 636      7DAD945D 
 636      B4BB7693 
 636      99507952 
 636      7C78D9B9 
 637 081d 0247791A 		.ascii	"\002Gy\032S\003K_\264\276g\035F\212\211\222V\026'Z\356"
 637      53034B5F 
 637      B4BE671D 
 637      468A8992 
 637      5616275A 
 638 0832 96E858AF 		.ascii	"\226\350X\257Y\207Q{@AUy|\257\364\333C\301!\345R\351"
 638      5987517B 
 638      40415579 
 638      7CAFF4DB 
 638      43C121E5 
 639 0848 5BA5ECC7 		.ascii	"[\245\354\307\223S\215)\3354@16\036\321\307Mc\2646\015"
 639      93538D29 
 639      DD344031 
 639      361ED1C7 
 639      4D63B436 
 640 085d D17AA374 		.ascii	"\321z\243t\224K\366]\371\207J\204\266$\242f\010S\035"
 640      944BF65D 
 640      F9874A84 
 640      B624A266 
 640      08531D
 641 0870 9994BE64 		.ascii	"\231\224\276d4`\234\210nx\032>\223z5\225Y\305\304\356"
 641      34609C88 
 641      6E781A3E 
 641      937A3595 
 641      59C5C4EE 
 642 0884 D89A9BA0 		.ascii	"\330\232\233\240\251v_U\302\236\364\035\233\346\215"
 642      A9765F55 
 642      C29EF41D 
 642      9BE68D
 643 0893 A972A36E 		.ascii	"\251r\243n\023\354)\345\355\353\353\206\275h\322\304"
 643      13EC29E5 
 643      EDEBEB86 
 643      BD68D2C4 
 644 08a3 730629AB 		.ascii	"s\006)\253I\337\260v\263\251z\022\253{|\231\200\255"
 644      49DFB076 
 644      B3A97A12 
 644      AB7B7C99 
 644      80AD
 645 08b5 59B26E57 		.ascii	"Y\262nW\326\345\222J/\327\272|B\025\325\021\323\343"
 645      D6E5924A 
 645      2FD7BA7C 
 645      4215D511 
 645      D3E3
 646 08c7 AD6CDA97 		.ascii	"\255l\332\227\313\245\212j z|\267h\306\234\354\340\361"
 646      CBA58A6A 
 646      207A7CB7 
 646      68C69CEC 
 646      E0F1
 647 08d9 F86AF9D6 		.ascii	"\370j\371\326\353}M\345x|\227\204\255\275RY\335$V\027"
 647      EB7D4DE5 
 647      787C9784 
 647      ADBD5259 
 647      DD245617 
ARM GAS  C:\Users\PUBLIC~1.LAP\AppData\Local\Temp\cc7IVmQP.s 			page 51


 648 08ed 4BCDF9A7 		.ascii	"K\315\371\247\320\037\317#G.\326gh\316d:1\212\214\314"
 648      D01FCF23 
 648      472ED667 
 648      68CE643A 
 648      318A8CCC 
 649 0901 E5A52511 		.ascii	"\345\245%\021\022\364\261\315\260\241/\026\0135\257"
 649      12F4B1CD 
 649      B0A12F16 
 649      0B35AF
 650 0910 B8C7F7EA 		.ascii	"\270\307\367\352F\325(\205qCz|k\2708~wrfe\036_$ng\003"
 650      46D52885 
 650      71437A7C 
 650      6BB8387E 
 650      77726665 
 651 092a C585ADEF 		.ascii	"\305\205\255\357.\331\224\301\221\255=\326^\231SS7\272"
 651      2ED994C1 
 651      91AD3DD6 
 651      5E995353 
 651      37BA
 652 093c 4AA3547D 		.ascii	"J\243T}\243\277$R\224\204=\276Fn\224\036\021\025\326"
 652      A3BF2452 
 652      94843DBE 
 652      466E941E 
 652      1115D6
 653 094f E35BC4B7 		.ascii	"\343[\304\267\334GR\021'xB\204\\)\217\312D\\.\310z\362"
 653      DC475211 
 653      27784284 
 653      5C298FCA 
 653      445C2EC8 
 654 0965 E518D257 		.ascii	"\345\030\322W\012\207\217\252y\366\370\322p\243\356"
 654      0A878FAA 
 654      79F6F8D2 
 654      70A3EE
 655 0974 1698DC5D 		.ascii	"\026\230\334]\024\224\215R\027.E5yrZJ\217\357\323\305"
 655      14948D52 
 655      172E4535 
 655      79725A4A 
 655      8FEFD3C5 
 656 0988 F14BA49E 		.ascii	"\361K\244\236\224\0367\235\333a\243|\345\012\326\332"
 656      941E379D 
 656      DB61A37C 
 656      E50AD6DA 
 657 0998 77C7E5D1 		.ascii	"w\307\345\321\267G\367\270N'r\316\314i\376a\003ff\351"
 657      B747F7B8 
 657      4E2772CE 
 657      CC69FE61 
 657      036666E9 
 658 09ac 29A2FB42 		.ascii	")\242\373B\373:u_ ?u\273\000r\266\3139\033\240\343\204"
 658      FB3A755F 
 658      203F75BB 
 658      0072B6CB 
 658      391BA0E3 
 659 09c1 8BCBD3E3 		.ascii	"\213\313\323\343\247k\232\037s\314[WS\337\037Q\372\216"
 659      A76B9A1F 
 659      73CC5B57 
 659      53DF1F51 
 659      FA8E
ARM GAS  C:\Users\PUBLIC~1.LAP\AppData\Local\Temp\cc7IVmQP.s 			page 52


 660 09d3 2879E734 		.ascii	"(y\3474\327\300\225\347\243iT\3018{\334\300\247\225"
 660      D7C095E7 
 660      A36954C1 
 660      387BDCC0 
 660      A795
 661 09e5 834FBD35 		.ascii	"\203O\2755xzho\340\025 wB\354p\230\320\346\323c\317"
 661      787A686F 
 661      E0152077 
 661      42EC7098 
 661      D0E6D363 
 662 09fa 1AE41C40 		.ascii	"\032\344\034@\316k\323\311\206;\277\234\226\271\351"
 662      CE6BD3C9 
 662      863BBF9C 
 662      96B9E9
 663 0a09 34B7E3FC 		.ascii	"4\267\343\374\202>C8\247NI\271\011}zn2\263s\232\363"
 663      823E4338 
 663      A74E49B9 
 663      097D7A6E 
 663      32B3739A 
 664 0a1e 4ECED0EC 		.ascii	"N\316\320\354\2342\237y\232\263c5\241\331\231\241Ow"
 664      9C329F79 
 664      9AB36335 
 664      A1D999A1 
 664      4F77
 665 0a30 6627E88E 		.ascii	"f'\350\216\263\011]\346/'\033;\371\313\351\351\374r"
 665      B3095DE6 
 665      2F271B3B 
 665      F9CBE9E9 
 665      FC72
 666 0a42 7AEE38A7 		.ascii	"z\3568\247\314\234\247\314e\210\234\231O\347\227\221"
 666      CC9CA7CC 
 666      65889C99 
 666      4FE79791 
 667 0a52 E74E6E3A 		.ascii	"\347Nn:-\235_L\033\032\344\234\365\224,}I\344\005\225"
 667      2D9D5F4C 
 667      1B1AE49C 
 667      F5942C7D 
 667      49E40595 
 668 0a66 BF9847FF 		.ascii	"\277\230G\377t\346\0359g&\2376\363R\316M(\210\354\005"
 668      74E61D39 
 668      67269F36 
 668      F352CE4D 
 668      2888EC05 
 669 0a7a 75A21141 		.ascii	"u\242\021Au2\026\215h.\206\310\237c\220M\220\346\205"
 669      7532168D 
 669      682E86C8 
 669      9F63904D 
 669      90E685
 670 0a8d 52F922C5 		.ascii	"R\371\"\305p\330\"\250,*\215'z\330$\262\203\236\024"
 670      70D822A8 
 670      2C2A8D27 
 670      7AD824B2 
 670      839E14
 671 0aa0 275290D0 		.ascii	"'R\220\320AO;\304\226\320\006\0370\261\262\307\342\317"
 671      414F3BC4 
 671      96D0061F 
 671      30B1B2C7 
ARM GAS  C:\Users\PUBLIC~1.LAP\AppData\Local\Temp\cc7IVmQP.s 			page 53


 671      E2CF
 672 0ab2 0BA1D08F 		.ascii	"\013\241\320\217\020\347\004\212\023>H\261\001\007\301"
 672      10E7048A 
 672      133E48B1 
 672      0107C1
 673 0ac1 96550683 		.ascii	"\226U\006\2038>\2542\005V\206b\012\234\0237M$\341C\034"
 673      383EAC32 
 673      05568662 
 673      0A9C1337 
 673      4D24E143 
 674 0ad6 2A53B03F 		.ascii	"*S\260?A>,q\250dQ\020\207)\210C\016:\2541H\311\242\260"
 674      413E2C71 
 674      A8645110 
 674      87298843 
 674      0E3AAC31 
 675 0aee 49A10C4A 		.ascii	"I\241\014J\341CD\2018\014\300\305\0209\002M\023I\264"
 675      E1434481 
 675      380CC0C5 
 675      1039024D 
 675      1349B4
 676 0b01 381693AD 		.ascii	"8\026\223\255R\205\212\342\012!;\202=\"\217#\214I\241"
 676      52858AE2 
 676      0A213B82 
 676      3D228F23 
 676      8C49A1
 677 0b14 0A082410 		.ascii	"\012\010$\020jq,\032U(_(\215A\027F\030TX\340c\342\347"
 677      6A712C1A 
 677      55285F28 
 677      8D411746 
 677      185458E0 
 678 0b2b 27E87844 		.ascii	"'\350xD\036\201B\310$\261E\036\201,\204\354\017~\001"
 678      1E8142C8 
 678      24B1451E 
 678      812C84EC 
 678      0F7E01
 679 0b3e 3434B246 		.ascii	"44\262F\325\305\020\371sLa\250%\201U\332\264\305\343"
 679      D5C510F9 
 679      734C61A8 
 679      258155DA 
 679      B4C5E3
 680 0b51 091338EC 		.ascii	"\011\0238\354\370\010Y\024\037\000p\200D\233\024\002"
 680      F8085914 
 680      1F007080 
 680      449B1402 
 681 0b61 91688390 		.ascii	"\221h\203\220\254\261\210\202\012 |\204l\222\246!`\333"
 681      ACB18882 
 681      0A207C84 
 681      6C92A621 
 681      60DB
 682 0b73 6252A8A6 		.ascii	"bR\250\246=\006!;`\331$\010-\033\002\013T<\2018\004"
 682      3D06213B 
 682      60D92408 
 682      2D1B020B 
 682      543C8138 
 683 0b88 A04D1847 		.ascii	"\240M\030G\014\261m\0229\254i\343\210\011b0&\205kKP"
 683      0CB16D12 
 683      39AC69E3 
ARM GAS  C:\Users\PUBLIC~1.LAP\AppData\Local\Temp\cc7IVmQP.s 			page 54


 683      88096230 
 683      26856B4B 
 684 0b9d E2B6C11F 		.ascii	"\342\266\301\037a\014I\266=\026\225/\2248?H$\220\361"
 684      610C49B6 
 684      3D16952F 
 684      94383F48 
 684      2490F1
 685 0bb0 8791C50E 		.ascii	"\207\221\305\016/\332b2H\034\356\000\251I\037\342m\""
 685      2FDA6232 
 685      481CEE00 
 685      A9491FE2 
 685      6D22
 686 0bc2 0936891C 		.ascii	"\0116\211\034\022\207=$\214\230 \006\022Pl\320\243\354"
 686      12873D24 
 686      8C982006 
 686      12506CD0 
 686      A3EC
 687 0bd4 39228D46 		.ascii	"9\"\215F\344\020\203v\210m\217\310\341\315P;l\217\305"
 687      E4108376 
 687      886D8FC8 
 687      E1CD503B 
 687      6C8FC5
 688 0be7 609B4402 		.ascii	"`\233D\002\331\000)\177\250\035\336\244\332\006q\330"
 688      D900297F 
 688      A81DDEA4 
 688      DA0671D8 
 689 0bf7 E151D82A 		.ascii	"\341Q\330*\217\305\240\022\031$\016s\222B\342\020\263"
 689      8FC5A012 
 689      19240E73 
 689      9242E210 
 689      B3
 690 0c08 46E111B3 		.ascii	"F\341\021\263J\341\012\241\220\332\006\217-\212?B\027"
 690      4AE10AA1 
 690      90DA068F 
 690      2D8A3F42 
 690      17
 691 0c19 ADB2C6E7 		.ascii	"\255\262\306\347\310\012\333\225m\205\255\322\007il"
 691      C80ADB95 
 691      6D85ADD2 
 691      07696C
 692 0c28 81CA16C2 		.ascii	"\201\312\026\302\037\026\2776\330\002\225,\330$\036"
 692      1F16BF36 
 692      D802952C 
 692      D8241E
 693 0c37 B22FAC40 		.ascii	"\262/\254@N\320Bi|\341\223TY\037\344\260-\016\261+\320"
 693      4ED04269 
 693      7CE19354 
 693      591FE4B0 
 693      2D0EB12B 
 694 0c4c 0B2B90C9 		.ascii	"\013+\220\311\266\025\372\265\301\026J\343\257\205R"
 694      B615FAB5 
 694      C1164AE3 
 694      AF8552
 695 0c5b 09649348 		.ascii	"\011d\223H\"\220\320\310*\203\304\341\015\220\221U\266"
 695      2290D0C8 
 695      2A83C4E1 
 695      0D909155 
ARM GAS  C:\Users\PUBLIC~1.LAP\AppData\Local\Temp\cc7IVmQP.s 			page 55


 695      B6
 696 0c6c 422AD050 		.ascii	"B*\320Pkl\205T!V\015\3626\030$\016\201-\216\305\266"
 696      6B6C8554 
 696      21560DF2 
 696      3618240E 
 696      812D8EC5 
 697 0c81 281402B6 		.ascii	"(\024\002\266P\032\3276\350B)4\266G6\006\326\246\305"
 697      501AD736 
 697      E8422934 
 697      B6473606 
 697      D6A6C5
 698 0c94 B1E87364 		.ascii	"\261\350sd\201\330u\2505\002\333`\013D\026\223@?B6\271"
 698      81D875A8 
 698      3502DB60 
 698      0B441693 
 698      403F4236 
 699 0ca9 B641B589 		.ascii	"\266A\265\211\024\014\265\306$N\262,X\004\255P\201\220"
 699      140CB5C6 
 699      244EB22C 
 699      5804AD50 
 699      8190
 700 0cbb ED4DB640 		.ascii	"\355M\266@I\241_\262\005\362I\376\332 +CQ\251\266\307"
 700      49A15FB2 
 700      05F249FE 
 700      DA202B43 
 700      51A9B6C7 
 701 0ccf E1FD4122 		.ascii	"\341\375A\"9\010\376ZV\311&\177\311V\350\266Avxd\223"
 701      3908FE5A 
 701      56C9267F 
 701      C956E8B6 
 701      41767864 
 702 0ce4 2C0B3609 		.ascii	",\0136\011@\262M\336\241\3268\304M$1\324\032\333 p\210"
 702      40B24DDE 
 702      A1D638C4 
 702      4D2431D4 
 702      1ADB2070 
 703 0cf9 6D838C4D 		.ascii	"m\203\214M$\241l\225\305\037\342\260\207\365\011\372"
 703      24A16C95 
 703      C51FE2B0 
 703      87F509FA 
 704 0d09 191E8B3D 		.ascii	"\031\036\213=m2\202\030\330$\020n\2035A\342pm\207\330"
 704      6D328218 
 704      D824106E 
 704      833541E2 
 704      706D87D8 
 705 0d1d 236683D8 		.ascii	"#f\203\330 \030~mp\365\021\262Ib\033$\016i\222\354Q"
 705      20187E6D 
 705      70F511B2 
 705      49621B24 
 705      0E6992EC 
 706 0d32 08F91B6A 		.ascii	"\010\371\033j\215B\270\015R\320\036\213A\300\236\240"
 706      8D42B80D 
 706      52D01E8B 
 706      41C09EA0 
 707 0d42 440709A4 		.ascii	"D\007\011\244PB\010\353\220\204\222\005*\002\021\207"
 707      504208EB 
 707      90849205 
ARM GAS  C:\Users\PUBLIC~1.LAP\AppData\Local\Temp\cc7IVmQP.s 			page 56


 707      2A021187 
 708 0d52 3DC3A4B2 		.ascii	"=\303\244\262gE\361G\211\354Q\"{R\230P\\Q$v\240B\202"
 708      6745F147 
 708      89EC5122 
 708      7B529850 
 708      5C512476 
 709 0d69 074A0019 		.ascii	"\007J\000\031\331V\305\013bP\361'(t\300\001\025\026"
 709      D956C50B 
 709      6250F127 
 709      2874C001 
 709      1516
 710 0d7b 7860A2BB 		.ascii	"x`\242\273\361\217\350\214+5\037k\"X\011\003\322CJ\245"
 710      F18FE88C 
 710      2B351F6B 
 710      22580903 
 710      D2434AA5 
 711 0d8f 0AA3C3E3 		.ascii	"\012\243\303\343\301\365Sb\3055c\007\326\315\303\241"
 711      C1F55362 
 711      C5356307 
 711      D6CDC3A1 
 712 0d9f 94C614F7 		.ascii	"\224\306\024\367\323C\002[\262\324F\263\025%\205utc"
 712      D343025B 
 712      B2D446B3 
 712      15258575 
 712      7463
 713 0db1 1C38070E 		.ascii	"\0348\007\016]\226 \322\307\024\270\007\025\350\035"
 713      5D9620D2 
 713      C714B807 
 713      15E81D
 714 0dc0 54AC54A2 		.ascii	"T\254T\242\361\215\034\"@r\204=Vq\322\024\027\006\240"
 714      F18D1C22 
 714      4072843D 
 714      5671D214 
 714      1706A0
 715 0dd3 A1837256 		.ascii	"\241\203rV\366\370\201\022\215mt\207\037\220*##\374"
 715      F6F88112 
 715      8D6D7487 
 715      1F902A23 
 715      23FC
 716 0de5 BC4CCF67 		.ascii	"\274L\317g\2262\217\221\032\323@\272\303a\316\230\201"
 716      96328F91 
 716      1AD340BA 
 716      C361CE98 
 716      81
 717 0df6 E50632CE 		.ascii	"\345\0062\316\306E\316\033\327(\2309\303\310Y\232\245"
 717      C645CE1B 
 717      D7289839 
 717      C3C8599A 
 717      A5
 718 0e07 6E9993BB 		.ascii	"n\231\223\273\201[q\214n\034\343\306y\227\022U\350\326"
 718      815B718C 
 718      6E1CE3C6 
 718      79971255 
 718      E8D6
 719 0e19 E66E8CF0 		.ascii	"\346n\214\3605\316|\270\371{>\003\203\015\250\202\311"
 719      35CE7CB8 
 719      F97B3E03 
ARM GAS  C:\Users\PUBLIC~1.LAP\AppData\Local\Temp\cc7IVmQP.s 			page 57


 719      830DA882 
 719      C9
 720 0e2a 3C89D21C 		.ascii	"<\211\322\0342\006\221\214\310\310h\222t\302\012\020"
 720      3206918C 
 720      C8C86892 
 720      74C20A10 
 721 0e3a 86427122 		.ascii	"\206Bq\"\310\360\006\022@$A\016Z\205L\215\214\210H\220"
 721      C8F00612 
 721      4024410E 
 721      5A854C8D 
 721      8C884890 
 722 0e4e 9282A420 		.ascii	"\222\202\244 \225\341\237)\004 ,6\366\243\244\351\212"
 722      95E19F29 
 722      04202C36 
 722      F6A3A4E9 
 722      8A
 723 0e5f 5EEE6B11 		.ascii	"^\356k\021\320\271\227\177\366I\256\341f\307\301<\013"
 723      D0B9977F 
 723      F649AEE1 
 723      66C7C13C 
 723      0B
 724 0e70 EC9A59BC 		.ascii	"\354\232Y\274\210Y\266\244\000z\367~}\331\277\221\212"
 724      8859B6A4 
 724      007AF77E 
 724      7DD9BF91 
 724      8A
 725 0e81 4D2F4DED 		.ascii	"M/M\355\255\215\371\035\3640\254\340m\357K\315\254\300"
 725      AD8DF91D 
 725      F430ACE0 
 725      6DEF4BCD 
 725      ACC0
 726 0e93 6E72EAD3 		.ascii	"nr\352\323\274\310QO\235\352\376\273\177G\\\0123\336"
 726      BCC8514F 
 726      9DEAFEBB 
 726      7F475C0A 
 726      33DE
 727 0ea5 F63EBB21 		.ascii	"\366>\273!\342\262\272\356\230\001\344<$\016\361&\327"
 727      E2B2BAEE 
 727      9801E43C 
 727      240EF126 
 727      D7
 728 0eb6 31730256 		.ascii	"1s\002V(\265\364\356\256//\335p\323\353j\223\265\347"
 728      28B5F4EE 
 728      AE2F2FDD 
 728      70D3EB6A 
 728      93B5E7
 729 0ec9 BEC7CCCB 		.ascii	"\276\307\314\313:\254?O\221IX\370[\320\361\352\314R"
 729      3AAC3F4F 
 729      914958F8 
 729      5BD0F1EA 
 729      CC52
 730 0edb 597D2ECC 		.ascii	"Y}.\314\306L\015\013\354x\023V\352W\205.&{\347\307\014"
 730      C64C0D0B 
 730      EC781356 
 730      EA57852E 
 730      267BE7C7 
 731 0ef0 16952B2C 		.ascii	"\026\225+,\204\360\226g\256\225\207\\\001\243\262a\275"
ARM GAS  C:\Users\PUBLIC~1.LAP\AppData\Local\Temp\cc7IVmQP.s 			page 58


 731      84F09667 
 731      AE95875C 
 731      01A3B261 
 731      BD
 732 0f01 CA1C140B 		.ascii	"\312\034\024\013\015\255\314\312\027\216\212\264\020"
 732      0DADCCCA 
 732      178E8AB4 
 732      10
 733 0f0e BD54D3AB 		.ascii	"\275T\323\253\200\003I\354\215\021IPD\024\335&\317\216"
 733      800349EC 
 733      8D114950 
 733      4414DD26 
 733      CF8E
 734 0f20 4B57801B 		.ascii	"KW\200\033\311\311\270V\242\374\022\312\315\345\365"
 734      C9C9B856 
 734      A2FC12CA 
 734      CDE5F5
 735 0f2f 9F84CE9F 		.ascii	"\237\204\316\237~\336\\\213\263\312@!\020\270\215@\302"
 735      7EDE5C8B 
 735      B3CA4021 
 735      10B88D40 
 735      C2
 736 0f40 61F5EB4E 		.ascii	"a\365\353N\350!\014\310\216i\243\027\004\200]3\365\230"
 736      E8210CC8 
 736      8E69A317 
 736      04805D33 
 736      F598
 737 0f52 E27BA73C 		.ascii	"\342{\247<-c\350\362\205s3v\003&\0372\232\244\221\330"
 737      2D63E8F2 
 737      85733376 
 737      03261F32 
 737      9AA491D8 
 738 0f66 47355D6B 		.ascii	"G5]k\261\3456\366\013\247\331\302\234\245!\016\252`"
 738      B1E536F6 
 738      0BA7D9C2 
 738      9CA5210E 
 738      AA60
 739 0f78 9251A8CA 		.ascii	"\222Q\250\312\360#<\025g\012jb\371\361\237\325\006\244"
 739      F0233C15 
 739      670A6A62 
 739      F9F19FD5 
 739      06A4
 740 0f8a ABAF954D 		.ascii	"\253\257\225M\362\325\365\344~\006\307\242:\206C\271"
 740      F2D5F5E4 
 740      7E06C7A2 
 740      3A8643B9 
 741 0f9a B3B3622A 		.ascii	"\263\263b*qX"
 741      7158
 742 0fa0 CA3D317D 		.ascii	"\312=1}}n\003\305\232\324\034\332\203Y\2270\265V\242"
 742      7D6E03C5 
 742      9AD41CDA 
 742      83599730 
 742      B556A2
 743 0fb3 CFF249B0 		.ascii	"\317\362I\260n\340&\204~|\246\03360\027\301\233A\274"
 743      6EE02684 
 743      7E7CA61B 
 743      363017C1 
ARM GAS  C:\Users\PUBLIC~1.LAP\AppData\Local\Temp\cc7IVmQP.s 			page 59


 743      9B41BC
 744 0fc6 1FA43FA5 		.ascii	"\037\244?\245\340\006\360\213U\236.\344\223\344r\316"
 744      E006F08B 
 744      559E2EE4 
 744      93E472CE 
 745 0fd6 83989550 		.ascii	"\203\230\225P\360'\303f\032C\001\3677\374C\247\267\334"
 745      F027C366 
 745      1A4301F7 
 745      37FC43A7 
 745      B7DC
 746 0fe8 EB7E019F 		.ascii	"\353~\001\237\365M\261\020\320\234t\363=\232h\236<k"
 746      F54DB110 
 746      D09C74F3 
 746      3D9A689E 
 746      3C6B
 747 0ffa 99170D12 		.ascii	"\231\027\015\022\007\267I\336\007\022\265\010< \\\244"
 747      07B749DE 
 747      0712B508 
 747      3C205CA4 
 748 100a 31262BB5 		.ascii	"1&+\265NT\177\211\037\202\331h\347t\246Xo\332\310\276"
 748      4E547F89 
 748      1F82D968 
 748      E774A658 
 748      6FDAC8BE 
 749 101e BE98E3DE 		.ascii	"\276\230\343\336 Mh\301c\261\326nV\347\261\273\341\361"
 749      204D68C1 
 749      63B1D66E 
 749      56E7B1BB 
 749      E1F1
 750 1030 F0BD0647 		.ascii	"\360\275\006G\314\333 v!1\025W\014\277Sfe\265L\354i"
 750      CCDB2076 
 750      21311557 
 750      0CBF5366 
 750      65B54CEC 
 751 1045 2E5983C3 		.ascii	".Y\203\303\256\253\220\023\323*U}\216\277@\0000\253"
 751      AEAB9013 
 751      D32A557D 
 751      8EBF4000 
 751      30AB
 752 1057 1175FB57 		.ascii	"\021u\373W\326\372K\241a!y\312o\274\311\235\011\340"
 752      D6FA4BA1 
 752      612179CA 
 752      6FBCC99D 
 752      09E0
 753 1069 0D08467E 		.ascii	"\015\010F~\221v\275o\006\"\206E\314\234\007\0030\267"
 753      9176BD6F 
 753      06228645 
 753      CC9C0703 
 753      30B7
 754 107b 7EBAF512 		.ascii	"~\272\365\022\307#=\25363\343\235]\"0\234Na\004\341"
 754      C7233DAB 
 754      3633E39D 
 754      5D22309C 
 754      4E6104E1 
 755 108f 30820AD3 		.ascii	"0\202\012\323w\304\342lA\215\341\362\347\026|\333\277"
 755      77C4E26C 
 755      418DE1F2 
ARM GAS  C:\Users\PUBLIC~1.LAP\AppData\Local\Temp\cc7IVmQP.s 			page 60


 755      E7167CDB 
 755      BF
 756 10a0 F7358AD6 		.ascii	"\3675\212\3262\004\032U\372\276\011\214\223L\200\"\351"
 756      32041A55 
 756      FABE098C 
 756      934C8022 
 756      E9
 757 10b1 585134F2 		.ascii	"XQ4\362^D\207\306\216H\035g\025\212\351D\243\001\034"
 757      5E4487C6 
 757      8E481D67 
 757      158AE944 
 757      A3011C
 758 10c4 92490B5C 		.ascii	"\222I\013\\4\302vC\022x2^\303\177}{\020(\036F\225C\302"
 758      34C27643 
 758      1278325E 
 758      C37F7D7B 
 758      10281E46 
 759 10db 61D0C413 		.ascii	"a\320\304\023\302\256\330\303\322\037\003\305\261w\022"
 759      C2AED8C3 
 759      D21F03C5 
 759      B17712
 760 10ea B7179570 		.ascii	"\267\027\225p8\262\0141}\247\273\022v2\022\014\310T"
 760      38B20C31 
 760      7DA7BB12 
 760      7632120C 
 760      C854
 761 10fc 61979647 		.ascii	"a\227\226G\352^\2464\331\"\215|V\254\2308\036E.\242"
 761      EA5EA634 
 761      D9228D7C 
 761      56AC9838 
 761      1E452EA2 
 762 1110 5B224D8B 		.ascii	"[\"M\213/XE\"o\230e\304\004\004$\0009\033K\213\003\204"
 762      2F584522 
 762      6F9865C4 
 762      04042400 
 762      391B4B8B 
 763 1126 41D17B6A 		.ascii	"A\321{j%\177~\330\237\3533\021hk\207\235Yc\235\300&"
 763      257F7ED8 
 763      9FEB3311 
 763      686B879D 
 763      59639DC0 
 764 113b 13FBE9DC 		.ascii	"\023\373\351\334P>^\340E\221\337c\301,\277\244\270#"
 764      503E5EE0 
 764      4591DF63 
 764      C12CBFA4 
 764      B823
 765 114d AA701A73 		.ascii	"\252p\032s\330\310\305\244\020\214\306^\352\350\017"
 765      D8C8C5A4 
 765      108CC65E 
 765      EAE80F
 766 115c 4E9A1EF2 		.ascii	"N\232\036\362\276Kp\365\035\323\352R\360\322\236\254"
 766      BE4B70F5 
 766      1DD3EA52 
 766      F0D29EAC 
 767 116c A46FB006 		.ascii	"\244o\260\006\256\277\001c\037\"\266{\"RL\242\271-\034"
 767      AEBF0163 
 767      1F22B67B 
ARM GAS  C:\Users\PUBLIC~1.LAP\AppData\Local\Temp\cc7IVmQP.s 			page 61


 767      22524CA2 
 767      B92D1C
 768 117f 1C4895BD 		.ascii	"\034H\225\275\360\352(\216XX\354\002\360\022LQ\340Q"
 768      F0EA288E 
 768      5858EC02 
 768      F0124C51 
 768      E051
 769 1191 5C7DFBAC 		.ascii	"\\}\373\254f\317\336mc\202\332\016\323\221$\023X\322"
 769      66CFDE6D 
 769      6382DA0E 
 769      D3912413 
 769      58D2
 770 11a3 70EDF4B7 		.ascii	"p\355\364\267\347$,\372\304\226\327\326\232\206&\311"
 770      E7242CFA 
 770      C496D7D6 
 770      9A8626C9 
 771 11b3 72CEE002 		.ascii	"r\316\340\0027\212\025\006\372\360\240\001\322\024\016"
 771      378A1506 
 771      FAF0A001 
 771      D2140E
 772 11c2 D76F93D2 		.ascii	"\327o\223\322\324c\213\314\330\241|\017\357Jm!\332\273"
 772      D4638BCC 
 772      D8A17C0F 
 772      EF4A6D21 
 772      DABB
 773 11d4 74706C6D 		.ascii	"tplmW\307\005\021\350\010\240r\311xN4\375\360\366|;"
 773      57C70511 
 773      E808A072 
 773      C9784E34 
 773      FDF0F67C 
 774 11e9 FAC5D189 		.ascii	"\372\305\321\211#\020&\377S\373T/Zily\014h\306\276\357"
 774      231026FF 
 774      53FB542F 
 774      5A696C79 
 774      0C68C6BE 
 775 11fe 71D228F7 		.ascii	"q\322(\367B&hC\342\307_\337\025\210\225\256\2710\370"
 775      42266843 
 775      E2C75FDF 
 775      158895AE 
 775      B930F8
 776 1211 FC6261BF 		.ascii	"\374ba\277\365C \205\214\215\205\031L\232\013 \304\020"
 776      F5432085 
 776      8C8D8519 
 776      4C9A0B20 
 776      C410
 777 1223 0115DE18 		.ascii	"\001\025\336\030\012)\204\264jh`x\212\301\216Iy\030"
 777      0A2984B4 
 777      6A686078 
 777      8AC18E49 
 777      7918
 778 1235 7E94197E 		.ascii	"~\224\031~\261\300\226\234\247\346\310\340\"\030\324"
 778      B1C0969C 
 778      A7E6C8E0 
 778      2218D4
 779 1244 E3E5A5A8 		.ascii	"\343\345\245\250A2\214\006\233\335\335\004\305\233\321"
 779      41328C06 
 779      9BDDDD04 
ARM GAS  C:\Users\PUBLIC~1.LAP\AppData\Local\Temp\cc7IVmQP.s 			page 62


 779      C59BD1
 780 1253 1F04E7EC 		.ascii	"\037\004\347\354\305\222\267\220$\012\237:mG\364}>K"
 780      C592B790 
 780      240A9F3A 
 780      6D47F47D 
 780      3E4B
 781 1265 6A05046C 		.ascii	"j\005\004l\000\237\301\200\031X5\355.\033+\002\005\021"
 781      009FC180 
 781      195835ED 
 781      2E1B2B02 
 781      0511
 782 1277 553AFA92 		.ascii	"U:\372\222G(L\347\315#\364\2711\236\\'2\242\202l\225"
 782      47284CE7 
 782      CD23F4B9 
 782      319E5C27 
 782      32A2826C 
 783 128c B5CA4866 		.ascii	"\265\312Hf`\302w\020\214]\215*i\223\347U\025\271Z\370"
 783      60C27710 
 783      8C5D8D2A 
 783      6993E755 
 783      15B95AF8 
 784 12a0 B084845F 		.ascii	"\260\204\204_]\220\304+7Xt\317\017\316j~\204J\307Q\327"
 784      5D90C42B 
 784      375874CF 
 784      0FCE6A7E 
 784      844AC751 
 785 12b5 FA0332CE 		.ascii	"\372\0032\316\375R\\\016\350@\314X\370P\023\372\252"
 785      FD525C0E 
 785      E840CC58 
 785      F85013FA 
 785      AA
 786 12c6 A7F92273 		.ascii	"\247\371\"s\"\016\351\031\230\2747\031v\002m\304+Yl"
 786      220EE919 
 786      98BC3719 
 786      76026DC4 
 786      2B596C
 787 12d9 8B58426A 		.ascii	"\213XBj_6,\240\366\353$\015\256\177%\024\271P\330E\211"
 787      5F362CA0 
 787      F6EB240D 
 787      AE7F2514 
 787      B950D845 
 788 12ee E676767D 		.ascii	"\346vv}J\026\006\300\317\337\004\013\357D%^\276\207"
 788      4A1606C0 
 788      CFDF040B 
 788      EF44255E 
 788      BE87
 789 1300 86E8C13A 		.ascii	"\206\350\301:\346\265\210\316F\300\374u,\215\203\337"
 789      E6B588CE 
 789      46C0FC75 
 789      2C8D83DF 
 790 1310 16165D29 		.ascii	"\026\026])m\240C.i{\002\240\305\240\244\233\222\271"
 790      6DA0432E 
 790      697B02A0 
 790      C5A0A49B 
 790      92B9
 791 1322 30B010FF 		.ascii	"0\260\020\377-T\305\217 \255l=!\275\372\350a7L\266N"
 791      2D54C58F 
ARM GAS  C:\Users\PUBLIC~1.LAP\AppData\Local\Temp\cc7IVmQP.s 			page 63


 791      20AD6C3D 
 791      21BDFAE8 
 791      61374CB6 
 792 1337 AAC088E9 		.ascii	"\252\300\210\351\356\302w\347725\006\250W\251m\220\360"
 792      EEC277E7 
 792      37323506 
 792      A857A96D 
 792      90F0
 793 1349 47D377B8 		.ascii	"G\323w\270\311\375\210\343\253\364)\301\211\216\367"
 793      C9FD88E3 
 793      ABF429C1 
 793      898EF7
 794 1358 C6571D62 		.ascii	"\306W\035b\205\256\206O\301\210\274I0\037\314~\257\272"
 794      85AE864F 
 794      C188BC49 
 794      301FCC7E 
 794      AFBA
 795 136a AAFABCED 		.ascii	"\252\372\274\355\366~{\\\257\362y\226l\037\000>\210"
 795      F67E7B5C 
 795      AFF27996 
 795      6C1F003E 
 795      88
 796 137b DB78CD0F 		.ascii	"\333x\315\017+?\331\261\342+d\014\272\311,k}d7`\376"
 796      2B3FD9B1 
 796      E22B640C 
 796      BAC92C6B 
 796      7D643760 
 797 1390 802D81AC 		.ascii	"\200-\201\254\316\375gq\254\350\007\202\026\275s\370"
 797      CEFD6771 
 797      ACE80782 
 797      16BD73F8 
 798 13a0 837B231F 		.ascii	"\203{#\037P\266%g?\203\202\215\365\032t\006l\023\346"
 798      50B62567 
 798      3F83828D 
 798      F51A7406 
 798      6C13E6
 799 13b3 390DFAB7 		.ascii	"9\015\372\267\203\2336xp\314 L^\026\266G\237\273e\376"
 799      839B3678 
 799      70CC204C 
 799      5E16B647 
 799      9FBB65FE 
 800 13c7 08CC5671 		.ascii	"\010\314Vq\322\254\263\201`y\227\366I\274\335?0\\H/"
 800      D2ACB381 
 800      607997F6 
 800      49BCDD3F 
 800      305C482F 
 801 13db 6B5F7900 		.ascii	"k_y\000\373\264,\346\366\010\273\256lJg0\257N\376X\337"
 801      FBB42CE6 
 801      F608BBAE 
 801      6C4A6730 
 801      AF4EFE58 
 802 13f0 51FA1E7D 		.ascii	"Q\372\036}\356\0361\"y\213\227?\347\020v\333\361\372"
 802      EE1E3122 
 802      798B973F 
 802      E71076DB 
 802      F1FA
 803 1402 D4E812E5 		.ascii	"\324\350\022\345'\307\333\315ax\010\376\010f\205'\315"
ARM GAS  C:\Users\PUBLIC~1.LAP\AppData\Local\Temp\cc7IVmQP.s 			page 64


 803      27C7DBCD 
 803      617808FE 
 803      08668527 
 803      CD
 804 1413 634F87BE 		.ascii	"cO\207\276Nh\237\303\354\213\017*/\244\011a\256\355"
 804      4E689FC3 
 804      EC8B0F2A 
 804      2FA40961 
 804      AEED
 805 1425 3533A618 		.ascii	"53\246\030\255"
 805      AD
 806              		.text
 807              		.section	.gnu.lto_.symtab.83ad1332,"e",%progbits
 808 0000 63685069 		.ascii	"chPipeObjectInit\000"
 808      70654F62 
 808      6A656374 
 808      496E6974 
 808      00
 809 0011 00       		.ascii	"\000"
 810 0012 00       		.ascii	"\000"
 811 0013 00       		.ascii	"\000"
 812 0014 00000000 		.ascii	"\000\000\000\000\000\000\000\000"
 812      00000000 
 813 001c C8010000 		.ascii	"\310\001\000\000"
 814 0020 63685069 		.ascii	"chPipeReset\000"
 814      70655265 
 814      73657400 
 815 002c 00       		.ascii	"\000"
 816 002d 00       		.ascii	"\000"
 817 002e 00       		.ascii	"\000"
 818 002f 00000000 		.ascii	"\000\000\000\000\000\000\000\000"
 818      00000000 
 819 0037 CC010000 		.ascii	"\314\001\000\000"
 820 003b 63685069 		.ascii	"chPipeWriteTimeout\000"
 820      70655772 
 820      69746554 
 820      696D656F 
 820      757400
 821 004e 00       		.ascii	"\000"
 822 004f 00       		.ascii	"\000"
 823 0050 00       		.ascii	"\000"
 824 0051 00000000 		.ascii	"\000\000\000\000\000\000\000\000"
 824      00000000 
 825 0059 B8010000 		.ascii	"\270\001\000\000"
 826 005d 63685069 		.ascii	"chPipeReadTimeout\000"
 826      70655265 
 826      61645469 
 826      6D656F75 
 826      7400
 827 006f 00       		.ascii	"\000"
 828 0070 00       		.ascii	"\000"
 829 0071 00       		.ascii	"\000"
 830 0072 00000000 		.ascii	"\000\000\000\000\000\000\000\000"
 830      00000000 
 831 007a C1010000 		.ascii	"\301\001\000\000"
 832 007e 63684D74 		.ascii	"chMtxUnlock\000"
 832      78556E6C 
ARM GAS  C:\Users\PUBLIC~1.LAP\AppData\Local\Temp\cc7IVmQP.s 			page 65


 832      6F636B00 
 833 008a 00       		.ascii	"\000"
 834 008b 02       		.ascii	"\002"
 835 008c 00       		.ascii	"\000"
 836 008d 00000000 		.ascii	"\000\000\000\000\000\000\000\000"
 836      00000000 
 837 0095 D0010000 		.ascii	"\320\001\000\000"
 838 0099 63684D74 		.ascii	"chMtxLock\000"
 838      784C6F63 
 838      6B00
 839 00a3 00       		.ascii	"\000"
 840 00a4 02       		.ascii	"\002"
 841 00a5 00       		.ascii	"\000"
 842 00a6 00000000 		.ascii	"\000\000\000\000\000\000\000\000"
 842      00000000 
 843 00ae DE010000 		.ascii	"\336\001\000\000"
 844 00b2 63685468 		.ascii	"chThdSuspendTimeoutS\000"
 844      64537573 
 844      70656E64 
 844      54696D65 
 844      6F757453 
 845 00c7 00       		.ascii	"\000"
 846 00c8 02       		.ascii	"\002"
 847 00c9 00       		.ascii	"\000"
 848 00ca 00000000 		.ascii	"\000\000\000\000\000\000\000\000"
 848      00000000 
 849 00d2 E3010000 		.ascii	"\343\001\000\000"
 850 00d6 63685468 		.ascii	"chThdResume\000"
 850      64526573 
 850      756D6500 
 851 00e2 00       		.ascii	"\000"
 852 00e3 02       		.ascii	"\002"
 853 00e4 00       		.ascii	"\000"
 854 00e5 00000000 		.ascii	"\000\000\000\000\000\000\000\000"
 854      00000000 
 855 00ed E8010000 		.ascii	"\350\001\000\000"
 856 00f1 63684D74 		.ascii	"chMtxObjectInit\000"
 856      784F626A 
 856      65637449 
 856      6E697400 
 857 0101 00       		.ascii	"\000"
 858 0102 02       		.ascii	"\002"
 859 0103 00       		.ascii	"\000"
 860 0104 00000000 		.ascii	"\000\000\000\000\000\000\000\000"
 860      00000000 
 861 010c EA010000 		.ascii	"\352\001\000\000"
 862 0110 63685363 		.ascii	"chSchRescheduleS\000"
 862      68526573 
 862      63686564 
 862      756C6553 
 862      00
 863 0121 00       		.ascii	"\000"
 864 0122 02       		.ascii	"\002"
 865 0123 00       		.ascii	"\000"
 866 0124 00000000 		.ascii	"\000\000\000\000\000\000\000\000"
 866      00000000 
 867 012c ED010000 		.ascii	"\355\001\000\000"
ARM GAS  C:\Users\PUBLIC~1.LAP\AppData\Local\Temp\cc7IVmQP.s 			page 66


 868 0130 63685468 		.ascii	"chThdResumeI\000"
 868      64526573 
 868      756D6549 
 868      00
 869 013d 00       		.ascii	"\000"
 870 013e 02       		.ascii	"\002"
 871 013f 00       		.ascii	"\000"
 872 0140 00000000 		.ascii	"\000\000\000\000\000\000\000\000"
 872      00000000 
 873 0148 EF010000 		.ascii	"\357\001\000\000"
 874              		.text
 875              		.section	.gnu.lto_.ext_symtab.83ad1332,"e",%progbits
 876 0000 01       		.ascii	"\001"
 877 0001 01       		.ascii	"\001"
 878 0002 00       		.ascii	"\000"
 879 0003 01       		.ascii	"\001"
 880 0004 00       		.ascii	"\000"
 881 0005 01       		.ascii	"\001"
 882 0006 00       		.ascii	"\000"
 883 0007 01       		.ascii	"\001"
 884 0008 00       		.ascii	"\000"
 885 0009 01       		.ascii	"\001"
 886 000a 00       		.ascii	"\000"
 887 000b 01       		.ascii	"\001"
 888 000c 00       		.ascii	"\000"
 889 000d 01       		.ascii	"\001"
 890 000e 00       		.ascii	"\000"
 891 000f 01       		.ascii	"\001"
 892 0010 00       		.ascii	"\000"
 893 0011 01       		.ascii	"\001"
 894 0012 00       		.ascii	"\000"
 895 0013 01       		.ascii	"\001"
 896 0014 00       		.ascii	"\000"
 897 0015 01       		.ascii	"\001"
 898 0016 00       		.ascii	"\000"
 899              		.text
 900              		.section	.gnu.lto_.opts,"e",%progbits
 901 0000 272D666E 		.ascii	"'-fno-openmp' '-fno-openacc' '-fno-pie' '-fcf-prote"
 901      6F2D6F70 
 901      656E6D70 
 901      2720272D 
 901      666E6F2D 
 902 0033 6374696F 		.ascii	"ction=none' '-mcpu=cortex-m3' '-mthumb' '-mfloat-ab"
 902      6E3D6E6F 
 902      6E652720 
 902      272D6D63 
 902      70753D63 
 903 0066 693D736F 		.ascii	"i=soft' '-mlibarch=armv7-m' '-march=armv7-m' '-Os' "
 903      66742720 
 903      272D6D6C 
 903      69626172 
 903      63683D61 
 904 0099 272D666F 		.ascii	"'-fomit-frame-pointer' '-falign-functions=16' '-ffu"
 904      6D69742D 
 904      6672616D 
 904      652D706F 
 904      696E7465 
ARM GAS  C:\Users\PUBLIC~1.LAP\AppData\Local\Temp\cc7IVmQP.s 			page 67


 905 00cc 6E637469 		.ascii	"nction-sections' '-fdata-sections' '-fno-common' '-"
 905      6F6E2D73 
 905      65637469 
 905      6F6E7327 
 905      20272D66 
 906 00ff 666C746F 		.ascii	"flto' '-Xassembler' '-alms=./build/lst/chpipes.lst'"
 906      2720272D 
 906      58617373 
 906      656D626C 
 906      65722720 
 907 0132 00       		.ascii	"\000"
 908              		.text
 909              		.comm	__gnu_lto_slim,1,1
 910              		.ident	"GCC: (GNU) 12.2.0"
ARM GAS  C:\Users\PUBLIC~1.LAP\AppData\Local\Temp\cc7IVmQP.s 			page 68


DEFINED SYMBOLS
                            *ABS*:00000000 chpipes.c
                            *COM*:00000001 __gnu_lto_slim

NO UNDEFINED SYMBOLS
