ARM GAS  C:\Users\PUBLIC~1.LAP\AppData\Local\Temp\ccVx4h18.s 			page 1


   1              		.cpu cortex-m3
   2              		.arch armv7-m
   3              		.fpu softvfp
   4              		.eabi_attribute 20, 1
   5              		.eabi_attribute 21, 1
   6              		.eabi_attribute 23, 3
   7              		.eabi_attribute 24, 1
   8              		.eabi_attribute 25, 1
   9              		.eabi_attribute 26, 1
  10              		.eabi_attribute 30, 4
  11              		.eabi_attribute 34, 1
  12              		.eabi_attribute 18, 4
  13              		.file	"chsys.c"
  14              		.section	.gnu.lto_.profile.83ad37c9,"e",%progbits
  15 0000 28B52FFD 		.ascii	"(\265/\375 \0061\000\000\002\000\000\000\000\000"
  15      20063100 
  15      00020000 
  15      000000
  16              		.text
  17              		.section	.gnu.lto_.icf.83ad37c9,"e",%progbits
  18 0000 28B52FFD 		.ascii	"(\265/\375 \325\215\005\000\204\011\311\000\021\000"
  18      20D58D05 
  18      008409C9 
  18      001100
  19 000f 81B8A6BB 		.ascii	"\201\270\246\273\014\000\001\230\267\372\276\015\000"
  19      0C000198 
  19      B7FABE0D 
  19      00
  20 001c 02E0FBF1 		.ascii	"\002\340\373\361\271\004\000\003\344\341\360\340\006"
  20      B9040003 
  20      E4E1F0E0 
  20      06
  21 0029 02020002 		.ascii	"\002\002\000\002\001\004\240\342\234\212\012\005\256"
  21      0104A0E2 
  21      9C8A0A05 
  21      AE
  22 0036 CFEAE10C 		.ascii	"\317\352\341\014\006\002\002\002\001\006\007\207\272"
  22      06020202 
  22      01060787 
  22      BA
  23 0043 9BAD0608 		.ascii	"\233\255\006\010\324\305\304\323\012\004\002\003\002"
  23      D4C5C4D3 
  23      0A040203 
  23      02
  24 0050 0409AADA 		.ascii	"\004\011\252\332\235\326\001\002\002\005\002\004\012"
  24      9DD60102 
  24      02050204 
  24      0A
  25 005d B4F387C1 		.ascii	"\264\363\207\301\016\030\002\005\002\004\002\005\002"
  25      0E180205 
  25      02040205 
  25      02
  26 006a 06070204 		.ascii	"\006\007\002\004\002\007\002\010\011\002\012\013\224"
  26      02070208 
  26      09020A0B 
  26      94
  27 0077 BCD9E00C 		.ascii	"\274\331\340\014\000\014\327\206\314\213\006\000\015"
ARM GAS  C:\Users\PUBLIC~1.LAP\AppData\Local\Temp\ccVx4h18.s 			page 2


  27      000CD786 
  27      CC8B0600 
  27      0D
  28 0084 94F1DD91 		.ascii	"\224\361\335\221\014\000\016\373\300\276\360\002\000"
  28      0C000EFB 
  28      C0BEF002 
  28      00
  29 0091 0F9184A9 		.ascii	"\017\221\204\251\360\006\004\002\013\002\014\022\240"
  29      F0060402 
  29      0B020C12 
  29      A0
  30 009e E29C8A0A 		.ascii	"\342\234\212\012\000\011\000\007\301\333\361\001\212"
  30      00090007 
  30      C1DBF101 
  30      8A
  31 00ab 71A5469F 		.ascii	"q\245F\237\001x\236X1b\232\266l\240\015"
  31      01789E58 
  31      31629AB6 
  31      6CA00D
  32              		.text
  33              		.section	.gnu.lto_.ipa_sra.83ad37c9,"e",%progbits
  34 0000 28B52FFD 		.ascii	"(\265/\375 g=\002\000\304\002[\000\015\000\000\001\001"
  34      20673D02 
  34      00C4025B 
  34      000D0000 
  34      0101
  35 0012 00010203 		.ascii	"\000\001\002\003\001\001\005\000\001\010\011\000\003"
  35      01010500 
  35      01080900 
  35      03
  36 001f 0A030B0C 		.ascii	"\012\003\013\014\000\003\000\001\015\001\000\001\016"
  36      00030001 
  36      0D010001 
  36      0E
  37 002c 0300030F 		.ascii	"\003\000\003\017\001\000\000\000\000\001\000\012\000"
  37      01000000 
  37      0001000A 
  37      00
  38 0039 382B34AF 		.ascii	"8+4\257\3444\334\322HL\034/\206\2012\274bIn\220\015"
  38      E434DCD2 
  38      484C1C2F 
  38      868132BC 
  38      62496E90 
  39 004e 6001     		.ascii	"`\001"
  40              		.text
  41              		.section	.gnu.lto_.inline.83ad37c9,"e",%progbits
  42 0000 28B52FFD 		.ascii	"(\265/\375`\001\002e\013\000vP85P\305&\215\001P\254"
  42      60010265 
  42      0B007650 
  42      383550C5 
  42      268D0150 
  43 0015 D83B7793 		.ascii	"\330;w\2238\375\2056\210\201Ld7s\001b\021b@\211\024"
  43      38FD8536 
  43      88814C64 
  43      37730162 
  43      11624089 
  44 002a 2C806234 		.ascii	",\200b4i\364\232\231\261\335d2\235\355Xm\333\022#7\334"
ARM GAS  C:\Users\PUBLIC~1.LAP\AppData\Local\Temp\ccVx4h18.s 			page 3


  44      69F49A99 
  44      B1DD6432 
  44      9DED586D 
  44      DB122337 
  45 003f 6D4B2953 		.ascii	"mK)S&\000'\000,\000X\351\207\225A\322VNv\024bw''\225"
  45      26002700 
  45      2C0058E9 
  45      879541D2 
  45      564E7614 
  46 0058 533E521A 		.ascii	"S>R\032\332\335\312\022~>\204\335M\370|\364\344\356"
  46      DADDCA12 
  46      7E3E84DD 
  46      4DF87CF4 
  46      E4EE
  47 006a 6E7B7702 		.ascii	"n{w\002\010i0\356\362\341\343 \315\345\301m,P\007\016"
  47      086930EE 
  47      F2E1E320 
  47      CDE5C16D 
  47      2C50070E 
  48 007e 890782A5 		.ascii	"\211\007\202\245dW\330?mO\227\202?)\245\327u]\223{R"
  48      6457D83F 
  48      6D4F9782 
  48      3F29A5D7 
  48      755D937B 
  49 0093 E9447E01 		.ascii	"\351D~\001O\035\313\377\346M\245\015#\037\015\315\231"
  49      4F1DCBFF 
  49      E64DA50D 
  49      231F0DCD 
  49      99
  50 00a4 339586B0 		.ascii	"3\225\206\260\231'#F\326\206f\334)\025\351\300\370\010"
  50      99272346 
  50      D68666DC 
  50      2915E9C0 
  50      F808
  51 00b6 28B4DF25 		.ascii	"(\264\337%\316,\022+\020)\320\005{\0224\262D\322\305"
  51      CE2C122B 
  51      1029D005 
  51      7B1234B2 
  51      44D2C5
  52 00c9 C81251C6 		.ascii	"\310\022Q\306\014h\246Ib\022\327\221\312\320\345\331"
  52      0C68A649 
  52      6212D791 
  52      CAD0E5D9 
  53 00d9 4B508947 		.ascii	"KP\211G\000i\312/\277$\"\247]FJ\257\005\006\313\262"
  53      0069CA2F 
  53      BF2422A7 
  53      5D464AAF 
  53      0506CBB2 
  54 00ed 0B3D2080 		.ascii	"\013= \200\242BU\346\001\000\031i\031\013\011\267\302"
  54      A24255E6 
  54      01001969 
  54      190B09B7 
  54      C2
  55 00fe FA22A425 		.ascii	"\372\"\244%\240\007=c\226\3076\003\251\365\222\222$"
  55      A0073D63 
  55      96C73603 
  55      A9F59292 
ARM GAS  C:\Users\PUBLIC~1.LAP\AppData\Local\Temp\ccVx4h18.s 			page 4


  55      24
  56 010f B8C152AB 		.ascii	"\270\301R\253-\240LP\325 \004\203@\011\3344H\252\320"
  56      2DA04C50 
  56      D5200483 
  56      4009DC34 
  56      48AAD0
  57 0122 DEC02FC5 		.ascii	"\336\300/\305\2200\200\016L,\314^\326d\353\033O_C\267"
  57      9030800E 
  57      4C2CCC5E 
  57      D664EB1B 
  57      4F5F43B7 
  58 0136 DB3B0A97 		.ascii	"\333;\012\227d6\323pnGq\370~0)\334l\331y\273\262E3j"
  58      6436D370 
  58      6E4771F8 
  58      7E3029DC 
  58      6CD979BB 
  59 014e B0852BE4 		.ascii	"\260\205+\344\212\255\203\221]\343\310\254\262\215\006"
  59      8AAD8391 
  59      5DE3C8AC 
  59      B28D06
  60 015d 1CFCF01D 		.ascii	"\034\374\360\035\2078\307Cw\354\310\222Y\330:\301O\206"
  60      8738C743 
  60      77ECC892 
  60      59D83AC1 
  60      4F86
  61 016f 1831FC7E 		.ascii	"\0301\374~LsC"
  61      4C7343
  62              		.text
  63              		.section	.gnu.lto_.jmpfuncs.83ad37c9,"e",%progbits
  64 0000 28B52FFD 		.ascii	"(\265/\375 \226%\003\000\342\005\023\035\260'\215\001"
  64      20962503 
  64      00E20513 
  64      1DB0278D 
  64      01
  65 0011 802449A9 		.ascii	"\200$I\251\020\030&\3411\334\005\202\241\244\241\265"
  65      101826E1 
  65      31DC0582 
  65      A1A4A1B5 
  66 0021 92B6ADB5 		.ascii	"\222\266\255\265@\310\2262\245^!\373\273B\211\337\022"
  66      40C89632 
  66      A55E21FB 
  66      BB4289DF 
  66      12
  67 0032 93A312D4 		.ascii	"\223\243\022\324\301\021h\000\001p\306/>\224\245\025"
  67      C1116800 
  67      0170C62F 
  67      3E94A515 
  68 0042 E415A4BE 		.ascii	"\344\025\244\276\224Rc\263\270Y\326Pf\364(\024\2627"
  68      945263B3 
  68      B859D650 
  68      66F42814 
  68      B237
  69 0054 B5748F8A 		.ascii	"\265t\217\212\010\000\272\3612\017\265\232>\202\300"
  69      0800BAF1 
  69      320FB59A 
  69      3E82C0
  70 0063 85C2D198 		.ascii	"\205\302\321\230Q\300m\033h\003"
ARM GAS  C:\Users\PUBLIC~1.LAP\AppData\Local\Temp\ccVx4h18.s 			page 5


  70      51C06D1B 
  70      6803
  71              		.text
  72              		.section	.gnu.lto_.pureconst.83ad37c9,"e",%progbits
  73 0000 28B52FFD 		.ascii	"(\265/\375 ,a\001\000(\000\000\000\015\000\230\004\001"
  73      202C6101 
  73      00280000 
  73      000D0098 
  73      0401
  74 0012 BA0502BA 		.ascii	"\272\005\002\272\005\003\264\004\005\272\005\010\265"
  74      0503B404 
  74      05BA0508 
  74      B5
  75 001f 05098404 		.ascii	"\005\011\204\004\012\205\004\013\230\004\014\272\005"
  75      0A85040B 
  75      98040CBA 
  75      05
  76 002c 0DBA050E 		.ascii	"\015\272\005\016\200\004\017\232\004"
  76      80040F9A 
  76      04
  77              		.text
  78              		.section	.gnu.lto_.ipa_modref.83ad37c9,"e",%progbits
  79 0000 28B52FFD 		.ascii	"(\265/\375 \253%\003\000B\305\017\030\240)\035\360\037"
  79      20AB2503 
  79      0042C50F 
  79      18A0291D 
  79      F01F
  80 0012 FEFFFFFF 		.ascii	"\376\377\377\377b\377\327\337\376o5k{\326\336\323\210"
  80      62FFD7DF 
  80      FE6F356B 
  80      7BD6DED3 
  80      88
  81 0023 9429DB3F 		.ascii	"\224)\333?\235\362\246\034\371\356\322a\317\371\006"
  81      9DF2A61C 
  81      F9EED261 
  81      CFF906
  82 0032 D1B08B09 		.ascii	"\321\260\213\011U\316\360\245J\247\320\276\012\250\255"
  82      55CEF0A5 
  82      4AA7D0BE 
  82      0AA8AD
  83 0041 7C956552 		.ascii	"|\225eR\376A\304\364\360\023\016\000<\205\010r\000\271"
  83      FE41C4F4 
  83      F0130E00 
  83      3C850872 
  83      00B9
  84 0053 E1489B6A 		.ascii	"\341H\233j\336\314\233\207\232r3\350\242\006\327<\363"
  84      DECC9B87 
  84      9A7233E8 
  84      A206D73C 
  84      F3
  85 0064 D9D7E6F2 		.ascii	"\331\327\346\362@\343\015`\001"
  85      40E30D60 
  85      01
  86              		.text
  87              		.section	.gnu.lto_.lto.83ad37c9,"e",%progbits
  88 0000 0C000000 		.ascii	"\014\000\000\000\001\000\001\000"
  88      01000100 
ARM GAS  C:\Users\PUBLIC~1.LAP\AppData\Local\Temp\ccVx4h18.s 			page 6


  89              		.text
  90              		.section	.gnu.lto___oslib_init.262.83ad37c9,"e",%progbits
  91 0000 28B52FFD 		.ascii	"(\265/\375`\002\000\315\006\000\262\213-3PM\324\001"
  91      600200CD 
  91      0600B28B 
  91      2D33504D 
  91      D401
  92 0012 24A1EAC2 		.ascii	"$\241\352\302\235:\363r\232R!\3317\006\315\016+\001"
  92      9D3AF372 
  92      9A5221D9 
  92      3706CD0E 
  92      2B01
  93 0024 62103E4C 		.ascii	"b\020>LU\212\342\367o\243\334\225\360\252\340\343\264"
  93      558AE2F7 
  93      6FA3DC95 
  93      F0AAE0E3 
  93      B4
  94 0035 81E82813 		.ascii	"\201\350(\023D\221xjVn\231\002\237\007\021\255S\222"
  94      4491786A 
  94      566E9902 
  94      9F0711AD 
  94      5392
  95 0047 13855525 		.ascii	"\023\205U%\013*#Z+JV\224\214x\240\021\235\015\320\223"
  95      0B2A235A 
  95      2B4A5694 
  95      8C78A011 
  95      9D0DD093 
  96 005b 80705131 		.ascii	"\200pQ1a@\032\323\242Ub\302q\240\005\207\347\353e\232"
  96      61401AD3 
  96      A25562C2 
  96      71A00587 
  96      E7EB659A 
  97 006f 3B082FCC 		.ascii	";\010/\3148\263N2\006F8\376\033\034q\265\357E$\354\340"
  97      38B34E32 
  97      064638FE 
  97      1B1C71B5 
  97      EF4524EC 
  98 0084 FE3F2C32 		.ascii	"\376?,2\311\277Ls\3677\006\334\242\260t\203\264\254"
  98      C9BF4C73 
  98      F73706DC 
  98      A2B07483 
  98      B4AC
  99 0096 74D85C4C 		.ascii	"t\330\\L\376\257\300\257?\205\340\243\001A\017\225\356"
  99      FEAFC0AF 
  99      3F85E0A3 
  99      01410F95 
  99      EE
 100 00a7 965CB2D7 		.ascii	"\226\\\262\327\306\353\273\336\006h\033\266\021\200"
 100      C6EBBBDE 
 100      06681BB6 
 100      1180
 101 00b5 A1BB1FB5 		.ascii	"\241\273\037\265-d\317\373\277\340\277\302\177.\015"
 101      2D64CFFB 
 101      BFE0BFC2 
 101      7F2E0D
 102 00c4 0033A13F 		.ascii	"\0003\241?\037\370\016W\240\035\300\014\224\240yx\315"
 102      1FF80E57 
ARM GAS  C:\Users\PUBLIC~1.LAP\AppData\Local\Temp\ccVx4h18.s 			page 7


 102      A01DC00C 
 102      94A07978 
 102      CD
 103 00d5 C65CC8B1 		.ascii	"\306\\\310\261\202\035/C\204\313\261h'\031"
 103      821D2F43 
 103      84CBB168 
 103      2719
 104              		.text
 105              		.section	.gnu.lto_ch_core0_cfg.266.83ad37c9,"e",%progbits
 106 0000 28B52FFD 		.ascii	"(\265/\375 \265%\005\000$\011t\000\000\0005\000\005"
 106      20B52505 
 106      00240974 
 106      00000035 
 106      0005
 107 0012 01061301 		.ascii	"\001\006\023\001\260\002\005\001\212\001\202\200\200"
 107      B0020501 
 107      8A018280 
 107      80
 108 001f BCE2E6F8 		.ascii	"\274\342\346\370\002\177}\000\005\001Q\202\200\200\010"
 108      027F7D00 
 108      05015182 
 108      808008
 109 002e 7BB801B7 		.ascii	"{\270\001\267\001\000\230\315\001\330\307\001{y\230"
 109      010098CD 
 109      01D8C701 
 109      7B7998
 110 003d C7017B77 		.ascii	"\307\001{w\000\005\001'2\206\010u\206\200\200\270\306"
 110      00050127 
 110      32860875 
 110      868080B8 
 110      C6
 111 004e 3173BD01 		.ascii	"1s\275\001\000?\202\210\200(qo\276\001m\274\001k\273"
 111      003F8288 
 111      8028716F 
 111      BE016DBC 
 111      016BBB
 112 0061 0169BA01 		.ascii	"\001i\272\001g\271\001\000/D:\\00a_liuhy\\temp126\\"
 112      67B90100 
 112      2F443A5C 
 112      3030615F 
 112      6C697568 
 113 007f 43686962 		.ascii	"ChibiOS/os/rt/src/chsys.c\000\003c0\000\006\0007\303"
 113      694F532F 
 113      6F732F72 
 113      742F7372 
 113      632F6368 
 114 00a1 07A4302F 		.ascii	"\007\2440/\364lc?\335\303@\021"
 114      F46C633F 
 114      DDC34011 
 115              		.text
 116              		.section	.gnu.lto_chSysWaitSystemState.267.83ad37c9,"e",%progbits
 117 0000 28B52FFD 		.ascii	"(\265/\375`\221\000\225\012\000\266SJ@ M&\035\227\025"
 117      60910095 
 117      0A00B653 
 117      4A40204D 
 117      261D9715 
 118 0014 900D362B 		.ascii	"\220\0156+\304\211\016fF\001{UJ\335!\370\363\015L\024"
ARM GAS  C:\Users\PUBLIC~1.LAP\AppData\Local\Temp\ccVx4h18.s 			page 8


 118      C4890E66 
 118      46017B55 
 118      4ADD21F8 
 118      F30D4C14 
 119 0028 73B852FB 		.ascii	"s\270R\373x\006\203\210\247Z\330\036pT\250c\243*<ID"
 119      78068388 
 119      A75AD81E 
 119      7054A863 
 119      A32A3C49 
 120 003d A70B8D08 		.ascii	"\247\013\215\010\377e\372\005\234\306\255~\264\267\334"
 120      FF65FA05 
 120      9CC6AD7E 
 120      B4B7DC
 121 004c 29053700 		.ascii	")\0057\0006\0005\000\321\273\234\032=\277\"\365\341"
 121      36003500 
 121      D1BB9C1A 
 121      3DBF22F5 
 121      E1
 122 005d 03439714 		.ascii	"\003C\227\024\023L\237\022B*E\230\000G\3222\223\271"
 122      134C9F12 
 122      422A4598 
 122      0047D232 
 122      93B9
 123 006f 242029EA 		.ascii	"$ )\352Y\227\252\324\353\003M\217\220\216\335u\374@"
 123      5997AAD4 
 123      EB034D8F 
 123      908EDD75 
 123      FC40
 124 0081 06F7E3B6 		.ascii	"\006\367\343\2663\2667l\203\010'\373\253_c\364\245E"
 124      33B6376C 
 124      830827FB 
 124      AB5F63F4 
 124      A545
 125 0093 837B68ED 		.ascii	"\203{h\355\226J\214X\330tI\220\330~\264)\032\336W \353"
 125      964A8C58 
 125      D8744990 
 125      D87EB429 
 125      1ADE5720 
 126 00a8 EE8AC386 		.ascii	"\356\212\303\206\335\360\302\224\310\247=;\366\220\300"
 126      DDF0C294 
 126      C8A73D3B 
 126      F690C0
 127 00b7 76D0300A 		.ascii	"v\3200\012\261\273\232:\260\006z\322\353c\030b\243("
 127      B1BB9A3A 
 127      B0067AD2 
 127      EB631862 
 127      A328
 128 00c9 C2F6760B 		.ascii	"\302\366v\013\240\310\356V|\012\257\360\361!|zA\027"
 128      A0C8EE56 
 128      7C0AAFF0 
 128      F1217C7A 
 128      4117
 129 00db FF7DFADD 		.ascii	"\377}\372\335\343\363:U-\326\005Q$q\271\273\253\212"
 129      E3F33A55 
 129      2DD60551 
 129      2471B9BB 
 129      AB8A
ARM GAS  C:\Users\PUBLIC~1.LAP\AppData\Local\Temp\ccVx4h18.s 			page 9


 130 00ed B2C350B4 		.ascii	"\262\303P\264<\230\311\254\001\033\016\303m\323\032"
 130      3C98C9AC 
 130      011B0EC3 
 130      6DD31A
 131 00fc 8CADDB38 		.ascii	"\214\255\3338\032M\343\3314\316\243m\011\264\002\003"
 131      1A4DE3D9 
 131      34CEA36D 
 131      09B40203 
 132 010c 3A990E07 		.ascii	":\231\016\007\300\245B\311P\200`\303]:\316\247s\300"
 132      C0A542C9 
 132      508060C3 
 132      5D3ACEA7 
 132      73C0
 133 011e 006632B9 		.ascii	"\000f2\271p\004\320\302\275\236,\200\005\023\251H*\312"
 133      7004D0C2 
 133      BD9E2C80 
 133      0513A948 
 133      2ACA
 134 0130 BF667891 		.ascii	"\277fx\221\300\031\017\0002\003\353<B\324\026f\024\245"
 134      C0190F00 
 134      3203EB3C 
 134      42D41666 
 134      14A5
 135 0142 46331066 		.ascii	"F3\020f$\270\253\226~\227\005T\012]\320\002\016R\250"
 135      24B8AB96 
 135      7E970554 
 135      0A5DD002 
 135      0E52A8
 136 0155 5E1C150A 		.ascii	"^\034\025\012S;\311"
 136      533BC9
 137              		.text
 138              		.section	.gnu.lto_chSysInit.268.83ad37c9,"e",%progbits
 139 0000 28B52FFD 		.ascii	"(\265/\375`\000\003\355\025\000\366g\220K\240VN:\327"
 139      600003ED 
 139      1500F667 
 139      904BA056 
 139      4E3AD7
 140 0013 EBE00F78 		.ascii	"\353\340\017xa\0369TJ\361\211E<4\205\353\310{LXK69M"
 140      611E3954 
 140      4AF18945 
 140      3C3485EB 
 140      C87B4C58 
 141 002b CCF8226E 		.ascii	"\314\370\"n\351\332^=\300\317a\201Au=d\022\201b\014"
 141      E9DA5E3D 
 141      C0CF6181 
 141      41753D64 
 141      1281620C 
 142 003f 4EEDA16B 		.ascii	"N\355\241k)P\344\3270\344\330\250xA7\343\016y\251\362"
 142      2950E4D7 
 142      30E4D8A8 
 142      784137E3 
 142      0E79A9F2 
 143 0053 36C8267B 		.ascii	"6\310&{'\031s\000w\000}\000\335\035\373e&b\216\375\376"
 143      27197300 
 143      77007D00 
 143      DD1DFB65 
 143      26628EFD 
ARM GAS  C:\Users\PUBLIC~1.LAP\AppData\Local\Temp\ccVx4h18.s 			page 10


 144 0068 501C7BBA 		.ascii	"P\034{\272\214\334\177\034\204\025\235XA2\372mu\003"
 144      8CDC7F1C 
 144      84159D58 
 144      4132FA6D 
 144      7503
 145 007a 1DFCF20B 		.ascii	"\035\374\362\013\354Wv\003\342o\370\002\342/\347\230"
 145      EC577603 
 145      E26FF802 
 145      E22FE798 
 146 008a 8D1CA8A1 		.ascii	"\215\034\250\241\211\\Uqu\367h[\360\037\002\317a\315"
 146      895C5571 
 146      75F7685B 
 146      F01F02CF 
 146      61CD
 147 009c FD86B6E6 		.ascii	"\375\206\266\346\370\325\011\011\257W\364\033\312\272"
 147      F8D50909 
 147      AF57F41B 
 147      CABA
 148 00aa 5BA56714 		.ascii	"[\245g\024\312j\211\336\256\2060\222n\017u\006MLx\275"
 148      CA6A89DE 
 148      AE863092 
 148      6E0F7506 
 148      4D4C78BD 
 149 00be A457140B 		.ascii	"\244W\024\013\335\315\225\327Cq\026\317\314<\314\037"
 149      DDCD95D7 
 149      437116CF 
 149      CC3CCC1F 
 150 00ce C05C8702 		.ascii	"\300\\\207\0029\314\004K\335=\201\231\3478l+\27778("
 150      39CC044B 
 150      DD3D8199 
 150      E7386C2B 
 150      BF373828 
 151 00e2 FEA24C65 		.ascii	"\376\242LeYk}\007\022\231\317W\001\251,u7\014\177\352"
 151      596B7D07 
 151      1299CF57 
 151      01A92C75 
 151      370C7FEA 
 152 00f6 5429FFC5 		.ascii	"T)\377\305/\007\011\325\363~\371B\342\357\2151\204K"
 152      2F0709D5 
 152      F37EF942 
 152      E2EF8D31 
 152      844B
 153 0108 89AE7A31 		.ascii	"\211\256z1\003w\325\372\230_\273\273\210\255\022\363"
 153      0377D5FA 
 153      985FBBBB 
 153      88AD12F3 
 154 0118 7FE70320 		.ascii	"\177\347\003 \340\305u\325\244\300\005\260M|=i\255\353"
 154      E0C575D5 
 154      A4C005B0 
 154      4D7C3D69 
 154      ADEB
 155 012a C3E9BF9F 		.ascii	"\303\351\277\237\371|\251\003\231cLt\032\214\000kg\205"
 155      F97CA903 
 155      99634C74 
 155      1A8C006B 
 155      6785
 156 013c FB0C8E59 		.ascii	"\373\014\216Y:\262B\304\243\370\305\353)[:\253c~\326"
ARM GAS  C:\Users\PUBLIC~1.LAP\AppData\Local\Temp\ccVx4h18.s 			page 11


 156      3AB242C4 
 156      A3F8C5EB 
 156      295B3AAB 
 156      637ED6
 157 014f 0C765479 		.ascii	"\014vTy,\301c1\247\360\257\2309\345\227\006vT\221X6"
 157      2CC16331 
 157      A7F0AF98 
 157      39E59706 
 157      76549158 
 158 0164 2C39F029 		.ascii	",9\360)Y?\025RIt\365\213\253\225\220\256\003\365Q\017"
 158      593F1552 
 158      4974F58B 
 158      AB9590AE 
 158      03F5510F 
 159 0178 6203EB3E 		.ascii	"b\003\353>\372q \034\302\0166\242\215\370\373\250\367"
 159      FA71201C 
 159      C20E36A2 
 159      8DF8FBA8 
 159      F7
 160 0189 3061DDBA 		.ascii	"0a\335\272\035\347\341\341\203Y\317\303\311\211mi\031"
 160      1DE7E1E1 
 160      8359CFC3 
 160      C9896D69 
 160      19
 161 019a D96695CA 		.ascii	"\331f\225\312\\\356\324\363\370:\202Z;\333|\255\217"
 161      5CEED4F3 
 161      F83A825A 
 161      3BDB7CAD 
 161      8F
 162 01ab 0330D95B 		.ascii	"\0030\331[\246\312\253\361\333\006)\234P\025\031Q\233"
 162      A6CAABF1 
 162      DB06299C 
 162      50151951 
 162      9B
 163 01bc 3CECEE0E 		.ascii	"<\354\356\016\255\217M\321\306\003\214CO[iCa\264\262"
 163      AD8F4DD1 
 163      C6038C43 
 163      4F5B6943 
 163      61B4B2
 164 01cf CB02D903 		.ascii	"\313\002\331\003\023\375)\323\034\035Y\015m&\200k-$"
 164      13FD29D3 
 164      1C1D590D 
 164      6D26806B 
 164      2D24
 165 01e1 B983939A 		.ascii	"\271\203\223\232\251mf,\321Sf\244\315\320f2\343m\250"
 165      A96D662C 
 165      D15366A4 
 165      CDD06632 
 165      E36DA8
 166 01f4 CCC0B596 		.ascii	"\314\300\265\226\022=\311\0329\316 \304\204\230\325"
 166      123DC91A 
 166      39CE20C4 
 166      8498D5
 167 0203 5C18D31B 		.ascii	"\\\030\323\033z\376\214>\247\315v\222\025\270V\202\010"
 167      7AFE8C3E 
 167      A7CD7692 
 167      15B85682 
ARM GAS  C:\Users\PUBLIC~1.LAP\AppData\Local\Temp\ccVx4h18.s 			page 12


 167      08
 168 0214 EA217D4C 		.ascii	"\352!}L\011\346\231lIqi\215\034I4\035o\350\230\236#"
 168      09E6996C 
 168      4971698D 
 168      1C49341D 
 168      6FE8989E 
 169 0229 8DC6D431 		.ascii	"\215\306\3241k270/\021~l\345\355\006W\0132{pr\\\\n("
 169      6B323730 
 169      2F117E6C 
 169      E5ED0657 
 169      0B327B70 
 170 0242 601881BA 		.ascii	"`\030\201\272[%\206z\310\242\213D3 `\002!f\327\003\015"
 170      5B25867A 
 170      C8A28B44 
 170      33206002 
 170      2166D703 
 171 0257 E80309C6 		.ascii	"\350\003\011\306\204Kw\203G\206kF\235\240ta\371#1\220"
 171      844B7783 
 171      47866B46 
 171      9DA07461 
 171      F9233190 
 172 026b 56EA2D03 		.ascii	"V\352-\003,s\017\305\262\235[jw\210\271Dl\265lE3\317"
 172      2C730FC5 
 172      B29D5B6A 
 172      7788B944 
 172      6CB56C45 
 173 0281 F1785DDD 		.ascii	"\361x]\335\347;\004\202\265\321S\011\0349\214\002\025"
 173      E73B0482 
 173      B5D15309 
 173      1C398C02 
 173      15
 174 0292 CB08D74E 		.ascii	"\313\010\327N\010\351o\371=iq\207\265\016\011\032\260"
 174      08E96FF9 
 174      3D697187 
 174      B50E091A 
 174      B0
 175 02a3 4218BD82 		.ascii	"B\030\275\202P\015\272}\200\357\006\024\022.\226\315"
 175      500DBA7D 
 175      80EF0614 
 175      122E96CD 
 176 02b3 6BC91B8E 		.ascii	"k\311\033\216\027\344\300\244\210\332\"#B\177\300\227"
 176      17E4C0A4 
 176      88DA2223 
 176      427FC097 
 177 02c3 72E7EA4F 		.ascii	"r\347\352O"
 178              		.text
 179              		.section	.gnu.lto_chSysHalt.269.83ad37c9,"e",%progbits
 180 0000 28B52FFD 		.ascii	"(\265/\375`\206\001M\017\000&^lG\000\223\324\030\220"
 180      6086014D 
 180      0F00265E 
 180      6C470093 
 180      D41890
 181 0013 0FD26100 		.ascii	"\017\322a\000\277M\254e\353\223\031f\316H\310\024\202"
 181      BF4DAC65 
 181      EB931966 
 181      CE48C814 
 181      82
ARM GAS  C:\Users\PUBLIC~1.LAP\AppData\Local\Temp\ccVx4h18.s 			page 13


 182 0024 49360DC6 		.ascii	"I6\015\306\313(\240\311r.\027|\200\327F^\315\335\327"
 182      CB28A0C9 
 182      722E177C 
 182      80D7465E 
 182      CDDDD7
 183 0037 6093DE08 		.ascii	"`\223\336\010zJ\317\254\251J\321\264r\366\021!\212\351"
 183      7A4ACFAC 
 183      A94AD1B4 
 183      72F61121 
 183      8AE9
 184 0049 7C3720EB 		.ascii	"|7 \353\355\254\221\225D\312\224\002Q\000[\000Y\000"
 184      EDAC9195 
 184      44CA9402 
 184      51005B00 
 184      5900
 185 005b 768A2D3A 		.ascii	"v\212-:\275\310\366\245}\023\257\311\016s\301\241{m"
 185      BDC8F6A5 
 185      7D13AFC9 
 185      0E73C1A1 
 185      7B6D
 186 006d B69A7B6F 		.ascii	"\266\232{o!&\001\235\202\234\000w\352\371\210;\265\314"
 186      2126019D 
 186      829C0077 
 186      EAF9883B 
 186      B5CC
 187 007f BEF9EDC1 		.ascii	"\276\371\355\301\315\021c&\347\336[g\010O)\273gJ\231"
 187      CD116326 
 187      E7DE5B67 
 187      084F29BB 
 187      674A99
 188 0092 3FD2724F 		.ascii	"?\322rO\207O\000,-\227\237\222{\257\345\214\205\303"
 188      874F002C 
 188      2D979F92 
 188      7BAFE58C 
 188      85C3
 189 00a4 4D6FBBC4 		.ascii	"Mo\273\3046\015\3736\237\235\3720\356\364'>\252q\203"
 189      360DFB36 
 189      9F9DFA30 
 189      EEF4273E 
 189      AA7183
 190 00b7 23C64585 		.ascii	"#\306E\205\324\261\237\302v\250\002H\303k\012\234\336"
 190      D4B19FC2 
 190      76A80248 
 190      C36B0A9C 
 190      DE
 191 00c8 856F5FE6 		.ascii	"\205o_\346!\032\333\312\215\036\030\344\216}S\221\023"
 191      211ADBCA 
 191      8D1E18E4 
 191      8E7D5391 
 191      13
 192 00d9 847DBA81 		.ascii	"\204}\272\201\307\214'\315>\314/\271\221\216\232\207"
 192      C78C27CD 
 192      3ECC2FB9 
 192      918E9A87 
 193 00e9 9A0111B7 		.ascii	"\232\001\021\267\273\262\363\343\332\2403H\3701\227"
 193      BBB2F3E3 
 193      DAA03348 
ARM GAS  C:\Users\PUBLIC~1.LAP\AppData\Local\Temp\ccVx4h18.s 			page 14


 193      F83197
 194 00f8 49390ADF 		.ascii	"I9\012\337\006\307\207K\3546\037\220!:\015$#.\260{\245"
 194      06C7874B 
 194      EC361F90 
 194      213A0D24 
 194      232EB07B 
 195 010d 621EEC43 		.ascii	"b\036\354CQ\255DDR\011\030T\333\376\370\223\346{&\355"
 195      51AD4444 
 195      52091854 
 195      DBFEF893 
 195      E67B26ED 
 196 0121 BEA9DC73 		.ascii	"\276\251\334s\357\275s\322\276\342l\325iV\002^\374\027"
 196      EFBD73D2 
 196      BEE26CD5 
 196      6956025E 
 196      FC17
 197 0133 87613B96 		.ascii	"\207a;\226\374\214\305\235\322\022698\031\244\216\345"
 197      FC8CC59D 
 197      D2123639 
 197      3819A48E 
 197      E5
 198 0144 B4BFB790 		.ascii	"\264\277\267\2200\340\345\336\017%\033<\2130\300\216"
 198      30E0E5DE 
 198      0F251B3C 
 198      8B30C08E 
 199 0154 7B6F69C5 		.ascii	"{oi\305g&\370#N=\302d\216\211!\330\201\037\177 '\337"
 199      6726F823 
 199      4E3DC264 
 199      8E8921D8 
 199      811F7F20 
 200 016a E8B2207B 		.ascii	"\350\262 {$kY\252\361\033A[\273\023\030\212m\231\324"
 200      246B59AA 
 200      F11B415B 
 200      BB13188A 
 200      6D99D4
 201 017d 4E0C4D15 		.ascii	"N\014M\025e\202:\231\352\313B\327\300\036\251\023C\353"
 201      65823A99 
 201      EACB42D7 
 201      C01EA913 
 201      43EB
 202 018f D97A0A41 		.ascii	"\331z\012A@\341\004aA\035_b\350\252\255\020\004C\253"
 202      40E10461 
 202      411D5F62 
 202      E8AAAD10 
 202      0443AB
 203 01a2 A0158EAB 		.ascii	"\240\025\216\253N\344lIcl\364l\265\342X_b\035\303\212"
 203      4EE46C49 
 203      636CF46C 
 203      B5E2585F 
 203      621DC38A 
 204 01b6 72F045F8 		.ascii	"r\360E\370<S\252\024\024\000@\004cB(}\320\012\0330\010"
 204      3C53AA14 
 204      14004004 
 204      6342287D 
 204      D00A1B30 
 205 01cb 9CA8CDAF 		.ascii	"\234\250\315\257\026\006a\336\235\012\222\330\214\350"
 205      160661DE 
ARM GAS  C:\Users\PUBLIC~1.LAP\AppData\Local\Temp\ccVx4h18.s 			page 15


 205      9D0A92D8 
 205      8CE8
 206 01d9 967B5C99 		.ascii	"\226{\\\231\206\312\236\230,\025\266D\254Z\011\204\305"
 206      86CA9E98 
 206      2C15B644 
 206      AC5A0984 
 206      C5
 207 01ea EDB4D932 		.ascii	"\355\264\3312p\343\012\305\011"
 207      70E30AC5 
 207      09
 208              		.text
 209              		.section	.gnu.lto_chSysGetIdleThreadX.270.83ad37c9,"e",%progbits
 210 0000 28B52FFD 		.ascii	"(\265/\375`R\000]\011\000F\321A: \261\322\001\244\003"
 210      6052005D 
 210      090046D1 
 210      413A20B1 
 210      D201A403 
 211 0014 5F8C10FC 		.ascii	"_\214\020\374\002\276\327qq/J\247\313k\017\010\200]"
 211      02BED771 
 211      712F4AA7 
 211      CB6B0F08 
 211      805D
 212 0026 FEE07F8B 		.ascii	"\376\340\177\213\261RXP\256\255\235\2745\011\242\204"
 212      B1525850 
 212      AEAD9DBC 
 212      3509A284 
 213 0036 E49A01A1 		.ascii	"\344\232\001\241\207\235\240\323\302\305\0204\371d\223"
 213      879DA0D3 
 213      C2C51034 
 213      F96493
 214 0045 BD530A2E 		.ascii	"\275S\012.\0001\000.\000\035\227\223\334\306\315\356"
 214      0031002E 
 214      001D9793 
 214      DCC6CDEE 
 215 0055 580BEEF9 		.ascii	"X\013\356\371N\275\023|\247S\344\342\245\350\337v\017"
 215      4EBD137C 
 215      A753E4E2 
 215      A5E8DF76 
 215      0F
 216 0066 E5B68BCD 		.ascii	"\345\266\213\315^\227\235\206\335\265\214\315>\356y"
 216      5E979D86 
 216      DDB58CCD 
 216      3EEE79
 217 0075 DB06B615 		.ascii	"\333\006\266\025l\327\0044\373\265[N\000\035\310\013"
 217      6CD70434 
 217      FBB55B4E 
 217      001DC80B 
 218 0085 83CCAE6C 		.ascii	"\203\314\256l\227\2638\012c\362\332o\273|\233\003^\023"
 218      97B3380A 
 218      63F2DA6F 
 218      BB7C9B03 
 218      5E13
 219 0097 C197C740 		.ascii	"\301\227\307@\307\010\215\315\356xpj\020x\352\247\\"
 219      C7088DCD 
 219      EE78706A 
 219      1078EAA7 
 219      5C
ARM GAS  C:\Users\PUBLIC~1.LAP\AppData\Local\Temp\ccVx4h18.s 			page 16


 220 00a8 C5651182 		.ascii	"\305e\021\202#\276x\213\311>}\314\000\035\236e\345!"
 220      23BE788B 
 220      C93E7DCC 
 220      001D9E65 
 220      E521
 221 00ba D9DDD0CA 		.ascii	"\331\335\320\312o\032~\311\251Y-\371\330\251\337\372"
 221      6F1A7EC9 
 221      A9592DF9 
 221      D8A9DFFA 
 222 00ca 4EE59C31 		.ascii	"N\345\23419\234\033L\352\354\361%g\210}og(\225\364\010"
 222      399C1B4C 
 222      EAECF125 
 222      67887D6F 
 222      672895F4 
 223 00df 216485A4 		.ascii	"!d\205\244Q\035\245\302\252J\325\360T%\"J\025%\222\203"
 223      511DA5C2 
 223      AA4AD5F0 
 223      5425224A 
 223      15259283 
 224 00f3 28044A40 		.ascii	"(\004J@\231,T\"\026iU\302\230\240\370|D\013\017u\334"
 224      992C5422 
 224      166955C2 
 224      98A0F87C 
 224      440B0F75 
 225 0108 7B3B6972 		.ascii	"{;ir\012\310fp\260\011\263\003\014\0002\241\341\037"
 225      0AC86670 
 225      B009B303 
 225      0C0032A1 
 225      E11F
 226 011a D8CEC472 		.ascii	"\330\316\304r\271&f\372\332\264\3175\034\022\213\227"
 226      B92666FA 
 226      DAB4CF35 
 226      1C128B97 
 227 012a 875010B5 		.ascii	"\207P\020\265-\270VL\302$\003"
 227      2DB8564C 
 227      C22403
 228              		.text
 229              		.section	.gnu.lto_chSysIntegrityCheckI.271.83ad37c9,"e",%progbits
 230 0000 28B52FFD 		.ascii	"(\265/\375`\352\012\2253\000\012VT\023F`\236N\007{K"
 230      60EA0A95 
 230      33000A56 
 230      54134660 
 230      9E4E077B 
 231 0015 8BA45958 		.ascii	"\213\244YX\313\215\215\367\364)\365\353t\231R\237\350"
 231      CB8D8DF7 
 231      F429F5EB 
 231      7499529F 
 231      E8
 232 0026 9E7B6F74 		.ascii	"\236{ot\356\233\273\337\353\3417\177N\227\016\030C~"
 232      EE9BBBDF 
 232      EBE1377F 
 232      4E970E18 
 232      437E
 233 0038 B06827B9 		.ascii	"\260h'\271\025L\240\320\365u\313i\021\3036\032\011\020"
 233      154CA0D0 
 233      F575CB69 
 233      11C3361A 
ARM GAS  C:\Users\PUBLIC~1.LAP\AppData\Local\Temp\ccVx4h18.s 			page 17


 233      0910
 234 004a D1521311 		.ascii	"\321R\023\021\262\367\336;\311\224\002!\001\030\001"
 234      B2F7DE3B 
 234      C9940221 
 234      011801
 235 0059 24015B61 		.ascii	"$\001[a/\213\035k~0\014\023\360\265\033\2709w;\234C"
 235      2F8B1D6B 
 235      7E300C13 
 235      F0B51BB8 
 235      39773B9C 
 236 006e 553891CE 		.ascii	"U8\221\316k \014\313\335E\201\341h\201F\340\372:\344"
 236      6B200CCB 
 236      DD4581E1 
 236      688146E0 
 236      FA3AE4
 237 0081 49D657D5 		.ascii	"I\326W\325\217\254\257\335\335\010\022\250h-\217^\200"
 237      8FACAFDD 
 237      DD0812A8 
 237      682D8F5E 
 237      80
 238 0092 F342A50B 		.ascii	"\363B\245\013\016\014G\225^\307\373.\3336\371\276\306"
 238      0E0C4795 
 238      5EC7FB2E 
 238      DB36F9BE 
 238      C6
 239 00a3 B625BEAF 		.ascii	"\266%\276\257\333\355t:\235\272\032\365^[-\367a\366"
 239      DBED743A 
 239      9DBA1AF5 
 239      5E5B2DF7 
 239      61F6
 240 00b5 2C953C49 		.ascii	",\225<I\344qG\307\370\026\211Ca\020\350\266\354\252"
 240      E47147C7 
 240      F8168943 
 240      6110E8B6 
 240      ECAA
 241 00c7 7ED66ADF 		.ascii	"~\326j\337r\237\326\316.M\2323\316\231qDr\017\364G^"
 241      729FD6CE 
 241      2E4D9A33 
 241      CE997144 
 241      720FF447 
 242 00dc C2B95228 		.ascii	"\302\271R(\327\226\346\204s\036\037uk9\311\346H![[\232"
 242      D796E684 
 242      731E1F75 
 242      6B39C9E6 
 242      48215B5B 
 243 00f1 93CD8F75 		.ascii	"\223\315\217uq=\362\016\017\235\0356\262Q\315\337i["
 243      713DF20E 
 243      0F9D1D36 
 243      B251CDDF 
 243      695B
 244 0103 9A53CD8B 		.ascii	"\232S\315\213ht52\361\314\207@8mi\3163\027\322\361 "
 244      68743532 
 244      F1CC8740 
 244      386D69CE 
 244      3317D2F1 
 245 0118 0A126696 		.ascii	"\012\022f\226\203j\022\232\2261O\362\3410\343A\302\342"
 245      836A129A 
ARM GAS  C:\Users\PUBLIC~1.LAP\AppData\Local\Temp\ccVx4h18.s 			page 18


 245      96314FF2 
 245      E130E341 
 245      C2E2
 246 012a 32D0BB84 		.ascii	"2\320\273\204\225}e\227H\207\223\314[\340\223\2664'"
 246      957D6597 
 246      488793CC 
 246      5BE093B6 
 246      3427
 247 013c 99B36AEB 		.ascii	"\231\263j\353\025\303GQ\214\205\272 \216\037\236G\273"
 247      15C34751 
 247      8C85BA20 
 247      8E1F9E47 
 247      BB
 248 014d F2DA26C3 		.ascii	"\362\332&\303U\005v\323XL\206\177\324\211\272\204\321"
 248      550576D3 
 248      584C867F 
 248      D489BA84 
 248      D1
 249 015e 50876018 		.ascii	"P\207`\030\366\"\236]\210q\345\334>\200a\270s,\346\364"
 249      F6229E5D 
 249      8871E5DC 
 249      3E8061B8 
 249      732CE6F4 
 250 0172 FEF1EE5C 		.ascii	"\376\361\356\\\326\335\024\272\335\277\352\317\003\315"
 250      D6DD14BA 
 250      DDBFEACF 
 250      03CD
 251 0180 D0FBF696 		.ascii	"\320\373\366\226e?\246\202\225=\356%\2372b\370FsT\030"
 251      653FA682 
 251      953DEE25 
 251      9F3262F8 
 251      46735418 
 252 0194 86E1150F 		.ascii	"\206\341\025\017\313u)\"F }\015\213\365\025\350_\210"
 252      CB752922 
 252      46207D0D 
 252      8BF515E8 
 252      5F88
 253 01a6 17E9DC8A 		.ascii	"\027\351\334\212\374\327\356Y,\373?\277t\247\204\005"
 253      FCD7EE59 
 253      2CFB3FBF 
 253      74A78405 
 254 01b6 1AD72BB1 		.ascii	"\032\327+\261\342%\246\376\263\241\374\011V\220Zw\224"
 254      E225A6FE 
 254      B3A1FC09 
 254      56905A77 
 254      94
 255 01c7 3B19C123 		.ascii	";\031\301#F\312\357J\274j0\014+h\342vS\355k\2766\212"
 255      46CAEF4A 
 255      BC6A300C 
 255      2B68E276 
 255      53ED6BBE 
 256 01dd AAECB1AF 		.ascii	"\252\354\261\257\355U\254\257\312\367\250\027\215q\201"
 256      ED55ACAF 
 256      CAF7A817 
 256      8D7181
 257 01ec CEAD58A0 		.ascii	"\316\255X\240\026\307\357\375\231td\272\262\264\335"
 257      16C7EFFD 
ARM GAS  C:\Users\PUBLIC~1.LAP\AppData\Local\Temp\ccVx4h18.s 			page 19


 257      997464BA 
 257      B2B4DD
 258 01fb 3B8F45BE 		.ascii	";\217E\276\277\027q\025\317\016\312\027\031W\376\353"
 258      BF177115 
 258      CF0ECA17 
 258      1957FEEB 
 259 020b 8E6EE57F 		.ascii	"\216n\345\177\372Ii\263\327\217\243;i\200\000\244#\243"
 259      FA4969B3 
 259      D78FA33B 
 259      698000A4 
 259      23A3
 260 021d 00450088 		.ascii	"\000E\000\210\206\204\202\200~|\230=Ke\322\211\270#"
 260      86848280 
 260      7E7C983D 
 260      4B65D289 
 260      B823
 261 022f 8F9D7B47 		.ascii	"\217\235{G\307\223x\033_?\342]$\272\021\357\2410\010"
 261      C793781B 
 261      5F3FE25D 
 261      24BA11EF 
 261      A13008
 262 0242 745B36E7 		.ascii	"t[6\347^sn\365]\316;\347\334N \370F\216^\005+0\034c"
 262      5E736EF5 
 262      5DCE3BE7 
 262      DC4E20F8 
 262      468E5E05 
 263 025a 2A07DE5B 		.ascii	"*\007\336[\361~x\022\367#\356F\334\345\\\355\366\272"
 263      F17E7812 
 263      F723EE46 
 263      DCE55CED 
 263      F6BA
 264 026c 24CDB847 		.ascii	"$\315\270G\215\011tG\256\\0)\003\301\347\332\243F\260"
 264      8D097447 
 264      AE5C3029 
 264      03C1E7DA 
 264      A346B0
 265 027f C09810F1 		.ascii	"\300\230\020\361\203\341\250\003\327\327\357V\321^\244"
 265      83E1A803 
 265      D7D7EF56 
 265      D15EA4
 266 028e 85DD2D97 		.ascii	"\205\335-\227\345\006N\356\242x;F\340\377\307]\374\177"
 266      E5064EEE 
 266      A2783B46 
 266      E0FFC75D 
 266      FC7F
 267 02a0 B9F6A6D3 		.ascii	"\271\366\246\323\206\366\002\370(\033}\305\241\177?"
 267      86F602F8 
 267      281B7DC5 
 267      A17F3F
 268 02af 763A77F9 		.ascii	"v:w\371\332\300^\242o\265\230\037(\205\323\364>\322"
 268      DAC05EA2 
 268      6FB5981F 
 268      2885D3F4 
 268      3ED2
 269 02c1 1CE33FDB 		.ascii	"\034\343?\333\315\007\000\377nH\244Z\034\370D*\220+"
 269      CD0700FF 
 269      6E48A45A 
ARM GAS  C:\Users\PUBLIC~1.LAP\AppData\Local\Temp\ccVx4h18.s 			page 20


 269      1CF8442A 
 269      902B
 270 02d3 4A5EA2FB 		.ascii	"J^\242\373\371\343\014\316f\215\032\017i\246\206\376"
 270      F9E30CCE 
 270      668D1A0F 
 270      69A686FE 
 271 02e3 C7A6D0A2 		.ascii	"\307\246\320\242\015\037\303\000\037u\366'\024\372\342"
 271      0D1FC300 
 271      1F75F627 
 271      14FAE2
 272 02f2 C74F36D0 		.ascii	"\307O6\320\206E\017t\326'\364*\356\242\271\3623\336"
 272      86450F74 
 272      D627F42A 
 272      EEA2B9F2 
 272      33DE
 273 0304 D764F41E 		.ascii	"\327d\364\036\303\372Z|$\276W\213\343'\205X\346\212"
 273      C3FA5A7C 
 273      24BE578B 
 273      E3278558 
 273      E68A
 274 0316 0C88A62B 		.ascii	"\014\210\246+\326\327\000\377B\3468\024w\277\350\227"
 274      D6D700FF 
 274      42E63814 
 274      77BFE897 
 275 0326 A040C971 		.ascii	"\240@\311q\314\340\266\014\377\331\032\\\314\325\006"
 275      CCE0B60C 
 275      FFD91A5C 
 275      CCD506
 276 0335 0FD3A454 		.ascii	"\017\323\244T\343\340`<|\021z\247\363\242\2617R\003"
 276      E3E0603C 
 276      7C117AA7 
 276      F3A2B137 
 276      5203
 277 0347 5CDED808 		.ascii	"\\\336\330\010\377\271\304\325\254>\261\362E\326[\346"
 277      FFB9C4D5 
 277      AC3EB1F2 
 277      45D65BE6 
 278 0357 D08809BA 		.ascii	"\320\210\011\272\355'\263\330\344/u\254\001\232\201"
 278      ED27B3D8 
 278      E42F75AC 
 278      019A81
 279 0366 B53E1F55 		.ascii	"\265>\037U\246\307.\237\370\261G\335\345+\373k\231\337"
 279      A6C72E9F 
 279      F8B147DD 
 279      E52BFB6B 
 279      99DF
 280 0378 2A7BFC96 		.ascii	"*{\374\226o\217\370GP\367\237\255\027\302\347_\210\031"
 280      6F8FF847 
 280      50F79FAD 
 280      17C2E75F 
 280      8819
 281 038a A89667B1 		.ascii	"\250\226g\261\3553U w\323V]\331?~\374\344yY\260\\\231"
 281      ED335520 
 281      77D3565D 
 281      D93F7EFC 
 281      E47959B0 
 282 03a0 5AFE8F81 		.ascii	"Z\376\217\201\221\262\377\354\25124\025\350\243f\364"
ARM GAS  C:\Users\PUBLIC~1.LAP\AppData\Local\Temp\ccVx4h18.s 			page 21


 282      91B2FFEC 
 282      A9323415 
 282      E8A366F4 
 283 03b0 BDF2871F 		.ascii	"\275\362\207\037?\225\201\005TU\231\312D\210\247\252"
 283      3F958105 
 283      545599CA 
 283      4488A7AA 
 284 03c0 A2FA135E 		.ascii	"\242\372\023^\242\3714e\325\214\262r\033\312@3\253I"
 284      A2F93465 
 284      D58CB272 
 284      1BCA4033 
 284      AB49
 285 03d2 024A092A 		.ascii	"\002J\011*ES\311*\205R\023\205\022\223\005)\020R$\""
 285      4553C92A 
 285      85521385 
 285      12930529 
 285      10522422 
 286 03e6 38294070 		.ascii	"8)@p\200j*\312\312)\213\304\225\224\011\017OKKN\014"
 286      806A2ACA 
 286      CA298BC4 
 286      9594090F 
 286      4F4B4B4E 
 287 03fb 24284561 		.ascii	"$(Ea\177\034\235\231\031\314\201\031\314sO\216\341^"
 287      7F1C9D99 
 287      19CC8119 
 287      CC734F8E 
 287      E15E
 288 040d C4DD3171 		.ascii	"\304\3351q};\355Z\254\324LO\307]\213\335\371\270\273"
 288      7D3BED5A 
 288      ACD44C4F 
 288      C75D8BDD 
 288      F9B8BB
 289 0420 773EFF0A 		.ascii	"w>\377\012>\237\177\022\311\350\324\230\217\243[]\012"
 289      3E9F7F12 
 289      C9E8D498 
 289      8FA35B5D 
 289      0A
 290 0431 3F28E897 		.ascii	"?(\350\227>z\364\274\365)\005\274\277\015\3419z\235"
 290      3E7AF4BC 
 290      F52905BC 
 290      BF0DE139 
 290      7A9D
 291 0443 8FBDCE5D 		.ascii	"\217\275\316]\2767=%\322\267\312\323\363B\030/\230Z"
 291      BE373D25 
 291      D2B7CAD3 
 291      F342182F 
 291      985A
 292 0455 E785D8D6 		.ascii	"\347\205\330\326,\377\331\261\023\323+\340?\007\027"
 292      2CFFD9B1 
 292      13D32BE0 
 292      3F0717
 293 0464 A8F09154 		.ascii	"\250\360\221T yh\224\311\340\367|l!\267\310_G\377^["
 293      20796894 
 293      C9E0F77C 
 293      6C21B7C8 
 293      5F47FF5E 
 294 0479 A43CFF6C 		.ascii	"\244<\377l)\267?d\322\273[\335\321\350\215\037?\271"
ARM GAS  C:\Users\PUBLIC~1.LAP\AppData\Local\Temp\ccVx4h18.s 			page 22


 294      29B73F64 
 294      D2BB5BDD 
 294      D1E88D1F 
 294      3FB9
 295 048b F521073C 		.ascii	"\365!\007<\220\333\334\321\253x0{53W\356b\0322\276\020"
 295      90DBDCD1 
 295      AB78307B 
 295      353357EE 
 295      621A32BE 
 296 04a0 DB5BDECB 		.ascii	"\333[\336\313\333\363Jb\310[\315\014w`z\223\376sX\221"
 296      DBF34A62 
 296      C85BCD0C 
 296      77607A93 
 296      FE735891 
 297 04b4 067FC02F 		.ascii	"\006\177\300/ey\223\241m\214hAb\360\277\246\034\237"
 297      657993A1 
 297      6D8C6841 
 297      62F0BFA6 
 297      1C9F
 298 04c6 C3541403 		.ascii	"\303T\024\003\303\2607Y_\215\336\353\274\310\253\012"
 298      C3B03759 
 298      5F8DDEEB 
 298      BCC8AB0A 
 299 04d6 F408CC8D 		.ascii	"\364\010\314\215\035\307U]\261p\371\"\353\200\354\250"
 299      1DC7555D 
 299      B170F922 
 299      EB80ECA8 
 300 04e6 41540419 		.ascii	"AT\004\031rFF\244\240 I!\215\001\340\002\221\031*n\020"
 300      724646A4 
 300      A0204921 
 300      8D01E002 
 300      91192A6E 
 301 04fb 3885C64A 		.ascii	"8\205\306J\322\264\006-\000%E\321\317\373\265I\237g"
 301      D2B4062D 
 301      002545D1 
 301      CFFBB549 
 301      9F67
 302 050d 330B7A79 		.ascii	"3\013zy7\261\354t\322\010\222\023V\342Cu\334J\372\205"
 302      37B1EC74 
 302      D2089213 
 302      56E24375 
 302      DC4AFA85 
 303 0521 3447DA99 		.ascii	"4G\332\231\260\304\226b\010ZC\025\363!\265\306\030I"
 303      B0C49662 
 303      085A4315 
 303      F321B5C6 
 303      1849
 304 0533 869D1EB3 		.ascii	"\206\235\036\263\353,\037\250\204\256\213\215q5\317"
 304      EB2C1FA8 
 304      84AE8B8D 
 304      7135CF
 305 0542 3DE44B21 		.ascii	"=\344K!\2031\025f\177\211\274\260\033A\217\321\240\320"
 305      83311566 
 305      7F89BCB0 
 305      1B418FD1 
 305      A0D0
 306 0554 EA1B1FA4 		.ascii	"\352\033\037\244\302\242X\001\213\223?h\321\277\332"
ARM GAS  C:\Users\PUBLIC~1.LAP\AppData\Local\Temp\ccVx4h18.s 			page 23


 306      C2A25801 
 306      8B933F68 
 306      D1BFDA
 307 0563 F46D0194 		.ascii	"\364m\001\224%\356\306\002\210q\320\226\313\312\003"
 307      25EEC602 
 307      8871D096 
 307      CBCA03
 308 0572 541AAFF3 		.ascii	"T\032\257\363\370\267\307\206Q\304z\255\365\003\015"
 308      F8B7C786 
 308      51C47AAD 
 308      F5030D
 309 0581 2C478029 		.ascii	",G\200)E\320\234\344\0318\20318\341\225\354GLd\370\022"
 309      45D09CE4 
 309      19388331 
 309      38E195EC 
 309      474C64F8 
 310 0596 58671008 		.ascii	"Xg\020\010m\314\242\231(\242\375J\317\275)h\305\217"
 310      6DCCA299 
 310      28A2FD4A 
 310      CFBD2968 
 310      C58F
 311 05a8 FFBBC397 		.ascii	"\377\273\303\227\247\3619\371\232\207\340o\356C\236"
 311      A7F139F9 
 311      9A87E06F 
 311      EE439E
 312 05b7 3A8DED03 		.ascii	":\215\355\003#\200\026\327\353\212}i\207\357=\365\240"
 312      238016D7 
 312      EB8A7D69 
 312      87EF3DF5 
 312      A0
 313 05c8 5E239D7E 		.ascii	"^#\235~\360\367\2068\244\206\344B\265\206\244N\331\335"
 313      F0F78638 
 313      A486E442 
 313      B586A44E 
 313      D9DD
 314 05da DEC51168 		.ascii	"\336\305\021hX\346\033\346\027\356\200\200`\032/\003"
 314      58E61BE6 
 314      17EE8080 
 314      601A2F03 
 315 05ea F8D76DEC 		.ascii	"\370\327m\354Z,qU\300\276\305tG\323\025\"\220k\205M"
 315      5A2C7155 
 315      C0BEC574 
 315      47D31522 
 315      906B854D 
 316 05fe BAA4D202 		.ascii	"\272\244\322\002\303A\\B\007\330\025\034\024\010g\341"
 316      C3415C42 
 316      07D8151C 
 316      140867E1 
 317 060e 41E565F6 		.ascii	"A\345e\366\331\021s\240\224\016\003\201\001\324\034"
 317      D91173A0 
 317      940E0381 
 317      01D41C
 318 061d B0ECA006 		.ascii	"\260\354\240\006\034\215\220\256\277\253z\001d\203\260"
 318      1C8D90AE 
 318      BFAB7A01 
 318      6483B0
 319 062c 035D2E13 		.ascii	"\003].\023\360\242\005\230A@\016\300\014\004r@\3609"
ARM GAS  C:\Users\PUBLIC~1.LAP\AppData\Local\Temp\ccVx4h18.s 			page 24


 319      F0A20598 
 319      41400EC0 
 319      0C047240 
 319      F039
 320 063e 664D1845 		.ascii	"fM\030E\031\227\025K\211\035a\0136^\342\361_\\\210y"
 320      1997154B 
 320      891D610B 
 320      365EE2F1 
 320      5F5C8879 
 321 0652 331A8C4B 		.ascii	"3\032\214K%\002<\353*\365\363\022\322CBZ\037\302\241"
 321      25023CEB 
 321      2AF5F312 
 321      D243425A 
 321      1FC2A1
 322 0665 7D2A1A20 		.ascii	"}*\032 \260\224Wy\032\362\311\375\224\313\273\354=T"
 322      B0945779 
 322      1AF2C9FD 
 322      94CBBBEC 
 322      3D54
 323 0677 27BB4F85 		.ascii	"'\273O\205\032"
 323      1A
 324              		.text
 325              		.section	.gnu.lto_chSysTimerHandlerI.272.83ad37c9,"e",%progbits
 326 0000 28B52FFD 		.ascii	"(\265/\375 \332%\006\0002K+4`k\323\001\333\210\312\350"
 326      20DA2506 
 326      00324B2B 
 326      34606BD3 
 326      01DB88CA 
 327 0015 96680823 		.ascii	"\226h\010#nYE\340\030F\255H\307!D\373\274GJ\242\273"
 327      6E5945E0 
 327      1846AD48 
 327      C72144FB 
 327      BC474AA2 
 328 002a E688EB29 		.ascii	"\346\210\353)\301\025@\374\003P\224\254\365*G0\\\363"
 328      C11540FC 
 328      035094AC 
 328      F52A4730 
 328      5CF3
 329 003c 8FFFCB2D 		.ascii	"\217\377\313-S\24603\233\025%\251kJ\354\222\363@\206"
 329      53A63033 
 329      9B1525A9 
 329      6B4AEC92 
 329      F34086
 330 004f 3ED68055 		.ascii	">\326\200Uu&MFB0 \300\246\254J\260\012\002\004\242h"
 330      75264D46 
 330      423020C0 
 330      A6AC4AB0 
 330      0A0204A2 
 331 0064 DA782478 		.ascii	"\332x$x\335\017\340\"\344\226\363F{\201!jg\315\260\010"
 331      DD0FE022 
 331      E496F346 
 331      7B81216A 
 331      67CDB008 
 332 0078 1BF636B8 		.ascii	"\033\3666\270\305\225\2605\362\377\336\317\336K\204"
 332      C595B035 
 332      F2FFDECF 
 332      DE4B84
ARM GAS  C:\Users\PUBLIC~1.LAP\AppData\Local\Temp\ccVx4h18.s 			page 25


 333 0087 6A7CFC0F 		.ascii	"j|\374\017!\036\017%\030\024\266\265b\315\346P\020\364"
 333      211E0F25 
 333      1814B6B5 
 333      62CDE650 
 333      10F4
 334 0099 0D10878E 		.ascii	"\015\020\207\216\377r'T\323\250Y\265B)\235\267i\234"
 334      FF722754 
 334      D3A859B5 
 334      42299DB7 
 334      699C
 335 00ab 70FE3B76 		.ascii	"p\376;v\036\204z\325\266\305\266d[!\007\0003\003n:\203"
 335      1E847AD5 
 335      B6C5B664 
 335      5B210700 
 335      33036E3A 
 336 00c0 2A5C4797 		.ascii	"*\\G\227\361/\343\212\313\261h'\031"
 336      F12FE38A 
 336      CBB16827 
 336      19
 337              		.text
 338              		.section	.gnu.lto_chSysGetStatusAndLockX.273.83ad37c9,"e",%progbits
 339 0000 28B52FFD 		.ascii	"(\265/\375`\221\001=\017\000\266\333gF\000\221\2521"
 339      6091013D 
 339      0F00B6DB 
 339      67460091 
 339      AA31
 340 0012 1889B3D3 		.ascii	"\030\211\263\323o\316\215\263\252\012\332\3156g\006"
 340      6FCE8DB3 
 340      AA0ADACD 
 340      366706
 341 0021 AD9F28CD 		.ascii	"\255\237(\315\023\336bw\375|\340H%P-\212\361\255\313"
 341      13DE6277 
 341      FD7CE048 
 341      25502D8A 
 341      F1ADCB
 342 0034 3F1C8EAC 		.ascii	"?\034\216\254{\0025~js\014\033a\350\023d\304\251\345"
 342      7B02357E 
 342      6A730C1B 
 342      61E81364 
 342      C4A9E5
 343 0047 1A84D7F3 		.ascii	"\032\204\327\363\012\367\250\320\222\275\245L)P\000"
 343      0AF7A8D0 
 343      92BDA54C 
 343      295000
 344 0056 55005500 		.ascii	"U\000U\000\357\034\342\271\313\376\370'\216\302\345"
 344      EF1CE2B9 
 344      CBFEF827 
 344      8EC2E5
 345 0065 178986CE 		.ascii	"\027\211\206\316\214\214\215\030\217{G\352\235\000\347"
 345      8C8C8D18 
 345      8F7B47EA 
 345      9D00E7
 346 0074 1DF7019C 		.ascii	"\035\367\001\234wS\346\257sS\276\374\316\010g\242\006"
 346      7753E6AF 
 346      7353BEFC 
 346      CE0867A2 
 346      06
ARM GAS  C:\Users\PUBLIC~1.LAP\AppData\Local\Temp\ccVx4h18.s 			page 26


 347 0085 866CB672 		.ascii	"\206l\266r\316\343\3413\300,\306y\367\336\323.9\314"
 347      CEE3E133 
 347      C02CC679 
 347      F7DED32E 
 347      39CC
 348 0097 58A4EC8C 		.ascii	"X\244\354\214\334{-e\263\226\273\273m\022\3335\354\233"
 348      DC7B2D65 
 348      B396BBBB 
 348      6D12DB35 
 348      EC9B
 349 00a9 021FED70 		.ascii	"\002\037\355p\301a\263\"o\354\221E\316\020\366\271;"
 349      C161B322 
 349      6FEC9145 
 349      CE10F6B9 
 349      3B
 350 00ba 63ECDBEE 		.ascii	"c\354\333\356\331\201\324\320`t\210\210\030o\207\233"
 350      D981D4D0 
 350      60748888 
 350      186F879B 
 351 00ca 1E97A68B 		.ascii	"\036\227\246\2131\342\266\337\276\277\3426\177\364\247"
 351      31E2B6DF 
 351      BEBFE236 
 351      7FF4A7
 352 00d9 E66A9D85 		.ascii	"\346j\235\205%\010\210\031.>`x\012K\031$`\265{o\313"
 352      25088819 
 352      2E3E6078 
 352      0A4B1924 
 352      60B57B6F 
 353 00ee AFF9F3AE 		.ascii	"\257\371\363\256u\025\031\274\330xaDn7\233\003\001\324"
 353      751519BC 
 353      D8786144 
 353      6E379B03 
 353      01D4
 354 0100 869434E1 		.ascii	"\206\2244\341d:\201\242\322\202\020\005\252\324\267"
 354      643A81A2 
 354      D2821005 
 354      AAD4B7
 355 010f 2AB540D6 		.ascii	"*\265@\326\011u\202\022\012\225\032D\240#\354\334g\314"
 355      09758212 
 355      0A951A44 
 355      A023ECDC 
 355      67CC
 356 0121 9C005E4A 		.ascii	"\234\000^J\320\300&\214\343<\322\266`\345e\236\363\312"
 356      D0C0268C 
 356      E33CD2B6 
 356      60E5659E 
 356      F3CA
 357 0133 E91767CE 		.ascii	"\351\027g\316\323\376yiq\271\221#&o\266\312g\354\017"
 357      D3FE7969 
 357      71B99123 
 357      266FB6CA 
 357      67EC0F
 358 0146 BF85ED8F 		.ascii	"\277\205\355\217w,\317\206\3230\360\356/\306\026\035"
 358      772CCF86 
 358      D330F0EE 
 358      2FC6161D 
 359 0156 4C9F44D5 		.ascii	"L\237D\325gQL\036\202P\001\217d2\022`\020\364\211a\005"
ARM GAS  C:\Users\PUBLIC~1.LAP\AppData\Local\Temp\ccVx4h18.s 			page 27


 359      67514C1E 
 359      8250018F 
 359      64321260 
 359      10F48961 
 360 016b 2B1D2560 		.ascii	"+\035%`p\301\256\304P\365\300 \250\326\012'\366dS\225"
 360      70C1AEC4 
 360      50F5C020 
 360      A8D60A27 
 360      F6645395 
 361 017f 7E1458A8 		.ascii	"~\024X\250\232RB?1\024QR\011i$\242#\023\010t\245\362"
 361      9A52423F 
 361      31145152 
 361      096924A2 
 361      23130874 
 362 0195 D1943095 		.ascii	"\321\2240\225\012\253\204\025\212e?\221\343\012\262"
 362      0AAB8415 
 362      8A653F91 
 362      E30AB2
 363 01a4 2D0B565A 		.ascii	"-\013VZEKWb\034\000T\004\372\244P\026\324\012\267L\316"
 363      454B5762 
 363      1C005404 
 363      FAA45016 
 363      D40AB74C 
 364 01b9 608756EB 		.ascii	"`\207V\353\200\034\010\026\250{\320\014V\242\330\273"
 364      801C0816 
 364      A87BD00C 
 364      56A2D8BB 
 365 01c9 81ADF208 		.ascii	"\201\255\362\010B\271\2063mQ\362\020\002\327e\002E3"
 365      42B98633 
 365      6D51F210 
 365      02D76502 
 365      4533
 366 01db 5F6A115C 		.ascii	"_j\021\\S\365\225\206\301C\220\342n1j\310\241&oW)\003"
 366      53F59586 
 366      C14390E2 
 366      6E316AC8 
 366      A1266F57 
 367              		.text
 368              		.section	.gnu.lto_chSysRestoreStatusX.274.83ad37c9,"e",%progbits
 369 0000 28B52FFD 		.ascii	"(\265/\375`,\003u\027\000vj\233J\260\326Qc\264\027V"
 369      602C0375 
 369      1700766A 
 369      9B4AB0D6 
 369      5163B417 
 370 0015 2C8061A4 		.ascii	",\200a\244\227K7\364\310\014\360\206\025#\365\227y\016"
 370      974B37F4 
 370      C80CF086 
 370      1523F597 
 370      790E
 371 0027 1236FEDC 		.ascii	"\0226\376\334\345Q#\211BT\206\231F$\033b\205\006\305"
 371      E5512389 
 371      42548699 
 371      46241B62 
 371      8506C5
 372 003a BBCBAAFD 		.ascii	"\273\313\252\3751!t\273\213\223a\214\201\354\015|\207"
 372      312174BB 
 372      8B93618C 
ARM GAS  C:\Users\PUBLIC~1.LAP\AppData\Local\Temp\ccVx4h18.s 			page 28


 372      81EC0D7C 
 372      87
 373 004b DE021386 		.ascii	"\336\002\023\206\026\211Sb\367\336[\246\024~\000\202"
 373      16895362 
 373      F7DE5BA6 
 373      147E0082 
 374 005b 008C0043 		.ascii	"\000\214\000C\266\354\244\225\331\276\265\377\3420z"
 374      B6ECA495 
 374      D9BEB5FF 
 374      E2307A
 375 006a 9F2272EC 		.ascii	"\237\"r\354^\3400\353\336`\214g`'gW)O\216\037P\236t"
 375      5EE030EB 
 375      DE608C67 
 375      60276757 
 375      294F8E1F 
 376 0081 CF46F2A0 		.ascii	"\317F\362\240\204k\244\011\015\256{\257)\232x\357%9"
 376      846BA409 
 376      0DAE7BAF 
 376      299A78EF 
 376      2539
 377 0093 8AB6E7BF 		.ascii	"\212\266\347\277j\007\212\220\302\372\025\275\2049\235"
 377      6A078A90 
 377      C2FA15BD 
 377      84399D
 378 00a2 7CD5ACBE 		.ascii	"|\325\254\276B\204I\013\353\347\364qTiZ\241\224\362"
 378      4284490B 
 378      EBE7F471 
 378      54695AA1 
 378      94F2
 379 00b4 BB3016D8 		.ascii	"\2730\026\330\342\321D\366;\262b\312\017i\234\335{O"
 379      E2D144F6 
 379      3BB262CA 
 379      0F699CDD 
 379      7B4F
 380 00c6 75BBF433 		.ascii	"u\273\3643\262\366U\273\367\332*\3756\334\257\333\326"
 380      B2F655BB 
 380      F7DA2AFD 
 380      36DCAFDB 
 380      D6
 381 00d7 D987B16D 		.ascii	"\331\207\261mRG\366\211\0354\262\"\011\373\343\025\245"
 381      5247F689 
 381      1D34B222 
 381      09FBE315 
 381      A5
 382 00e8 EC9835F9 		.ascii	"\354\2305\371\341=~\352\267\260\025\0320Z$Ip\"x\233"
 382      E13D7EEA 
 382      B7B0151A 
 382      305A2449 
 382      7022789B 
 383 00fc BAA0DC22 		.ascii	"\272\240\334\"d\017\026\037\376\366\375\253\017\375"
 383      640F161F 
 383      FEF6FDAB 
 383      0FFD
 384 010a 1C367A40 		.ascii	"\0346z@\307\262%\320\301\211P\310\215\343\260\323\003"
 384      C7B225D0 
 384      C18950C8 
 384      8DE3B0D3 
ARM GAS  C:\Users\PUBLIC~1.LAP\AppData\Local\Temp\ccVx4h18.s 			page 29


 384      03
 385 011b FD610C1F 		.ascii	"\375a\014\0370\005\362mX\006\364\032\353\354(xA\274"
 385      3005F26D 
 385      5806F41A 
 385      EBEC2878 
 385      41BC
 386 012d 92422C65 		.ascii	"\222B,eq\335\0334\220\002v\322\257\272p\3503\3142\004"
 386      71DD1B34 
 386      900276D2 
 386      AFBA70E8 
 386      33CC3204 
 387 0141 2AE832CC 		.ascii	"*\3502\314\302D(\344C\205\007-V-I\002\274\367>\306\255"
 387      C24428E4 
 387      4385072D 
 387      562D4902 
 387      BCF73EC6 
 388 0156 6CDE8116 		.ascii	"l\336\201\026\202\302\263\0034\034\006\020\314\240\357"
 388      82C2B303 
 388      341C0610 
 388      CCA0EF
 389 0165 E315A54C 		.ascii	"\343\025\245L\014\031\266|\242\257\014`\355\023\265"
 389      0C19B67C 
 389      A2AF0C60 
 389      ED13B5
 390 0174 57F2A95E 		.ascii	"W\362\251^3\022\257}T\275@A\212$\202\360\300\220l\011"
 390      3312AF7D 
 390      54BD4041 
 390      8A2482F0 
 390      C0906C09 
 391 0188 1F07F223 		.ascii	"\037\007\362#\007C\262#\\\326\362\244\375]\370\030\221"
 391      0743B223 
 391      5CD6F2A4 
 391      FD5DF818 
 391      91
 392 0199 A9A72825 		.ascii	"\251\247(%\276\253\230q\025d|)IQ\203\207-\016ZH\304"
 392      BEAB9871 
 392      15647C29 
 392      49518387 
 392      2D0E5A48 
 393 01ae AEBF94A3 		.ascii	"\256\277\224\243H\212\307q\033\255\025\\T'\256\240\214"
 393      488AC771 
 393      1BAD155C 
 393      5427AEA0 
 393      8C
 394 01bf 6C145BE8 		.ascii	"l\024[\350Yv\314\337a;v\222\002\014\3112\271\234|W\216"
 394      5976CCDF 
 394      613B7692 
 394      020CC932 
 394      B99C7C57 
 395 01d4 C774F478 		.ascii	"\307t\364x\212RRd\273\354\275\267H4Qi\305\322\205\225"
 395      8A525264 
 395      BBECBDB7 
 395      48345169 
 395      C5D28595 
 396 01e8 F048E6A9 		.ascii	"\360H\346\251\251\016\325\275\254Z\323Zf09\365\007]"
 396      A90ED5BD 
 396      AC5AD35A 
ARM GAS  C:\Users\PUBLIC~1.LAP\AppData\Local\Temp\ccVx4h18.s 			page 30


 396      663039F5 
 396      075D
 397 01fa 75766637 		.ascii	"uvf77\233\000\253\015D\253\353On\006Ck\231\335nl\000"
 397      379B00AB 
 397      0D44ABEB 
 397      4F6E0643 
 397      6B99DD6E 
 398 0210 8C93394F 		.ascii	"\214\2239O\236\2345\267\352jLTMi\314[\315\315Fc\356"
 398      9E9C35B7 
 398      EA6A4C54 
 398      4D69CC5B 
 398      CDCD4663 
 399 0225 2CA01176 		.ascii	",\240\021v=A+\252\226\306\311\240jz\342N\323\026\263"
 399      3D412BAA 
 399      96C6C9A0 
 399      6A7AE24E 
 399      D316B3
 400 0238 40C876F3 		.ascii	"@\310v\363\300\\wj\372c\372\244:]z:0\016\235\020\324"
 400      C05C776A 
 400      FA63FAA4 
 400      3A5D7A3A 
 400      300E9D10 
 401 024d 73FAE410 		.ascii	"s\372\344\020\254\273U\364)\263\362V\334i\236\352j\356"
 401      ACBB55F4 
 401      29B3F256 
 401      DC699EEA 
 401      6AEE
 402 025f 54734DCD 		.ascii	"TsM\315\233Mn'\207\243\301Q0s\340G\207\356px\270\240"
 402      9B4D6E27 
 402      87A3C151 
 402      3073E047 
 402      87EE7078 
 403 0275 5C4F8E0E 		.ascii	"\\O\216\016-5 P\002A\252\3226\024\350\037\007\303\222"
 403      2D352050 
 403      0241AAD2 
 403      3614E81F 
 403      07C392
 404 0288 97EF0A8F 		.ascii	"\227\357\012\217-\327\224+\202cV\253\312\302\015\204"
 404      2DD7942B 
 404      826356AB 
 404      CAC20D84 
 405 0298 F1BF3749 		.ascii	"\361\2777I[\333\204+\034S\330\3436\267\020qM\3718\012"
 405      5BDB842B 
 405      1C53D8E3 
 405      36B71071 
 405      4DF9380A 
 406 02ac AB80CE65 		.ascii	"\253\200\316e\255\"\367G\021\323\200\261\316\277k\260"
 406      AD22F747 
 406      11D380B1 
 406      CEBF6BB0 
 407 02bc 97576B39 		.ascii	"\227Wk9\220\317\240,\2441\254K|\177\224x\351i\270\223"
 407      90CFA02C 
 407      A431AC4B 
 407      7C7F9478 
 407      E969B893 
 408 02d0 7B40D68D 		.ascii	"{@\326\215\006:\036C2\011\316n\3443\316TY\211\255:\030"
 408      063A1E43 
ARM GAS  C:\Users\PUBLIC~1.LAP\AppData\Local\Temp\ccVx4h18.s 			page 31


 408      3209CE6E 
 408      E433CE54 
 408      5989AD3A 
 409 02e5 B8DD4D0E 		.ascii	"\270\335M\0161\275\002h$\021K\303\003s\031y\273\202"
 409      31BD0268 
 409      24114BC3 
 409      03731979 
 409      BB82
 410 02f7 1E       		.ascii	"\036"
 411              		.text
 412              		.section	.gnu.lto_chSysIsCounterWithinX.275.83ad37c9,"e",%progbits
 413 0000 28B52FFD 		.ascii	"(\265/\375`\200\000\265\011\000\266\322D; \005)\035"
 413      608000B5 
 413      0900B6D2 
 413      443B2005 
 413      291D
 414 0012 A7538288 		.ascii	"\247S\202\210\244\000\304\011\220,\262\351?\247iA*\014"
 414      A400C409 
 414      902CB2E9 
 414      3FA76941 
 414      2A0C
 415 0024 C1B6A0CC 		.ascii	"\301\266\240\314h\365\373%\210dN\033N[d3p:\0049b\024"
 415      68F5FB25 
 415      88644E1B 
 415      4E5B6433 
 415      703A0439 
 416 003a 79652740 		.ascii	"ye'@,0\2634\343\011\"\233\310\235R2\0005\000.\000\223"
 416      2C30B334 
 416      E309229B 
 416      C89D5232 
 416      0035002E 
 417 0050 BB41F769 		.ascii	"\273A\367i\333\037\007\225W\037-b42.8\273\343\247(_"
 417      DB1F0795 
 417      571F2D62 
 417      34322E38 
 417      BBE3A728 
 418 0065 5DAEFCB7 		.ascii	"]\256\374\267\234[\261\335^0\326e\200\304\356Z\276`"
 418      9C5BB1DD 
 418      5E30D665 
 418      80C4EE5A 
 418      BE60
 419 0077 24B7DE76 		.ascii	"$\267\336v\202\355\010\373\004\001\367\346M\011\202"
 419      82ED08FB 
 419      0401F7E6 
 419      4D0982
 420 0086 CDEEC82D 		.ascii	"\315\356\310-ggfL\212m\225=`\323R\\\301\272j\"\020\263"
 420      6767664C 
 420      8A6D953D 
 420      60D3525C 
 420      C1BA6A22 
 421 009c 1A90F769 		.ascii	"\032\220\367i)\355\307\316\242\272,e\201\335\331\013"
 421      29EDC7CE 
 421      A2BA2C65 
 421      81DDD90B 
 422 00ac CCEEA8E0 		.ascii	"\314\356\250\340\217\367\331\371A\367z\355\264\301v"
 422      8FF7D9F9 
 422      41F77AED 
ARM GAS  C:\Users\PUBLIC~1.LAP\AppData\Local\Temp\ccVx4h18.s 			page 32


 422      B4C176
 423 00bb 73C5A64A 		.ascii	"s\305\246JM\3258U\275*\200\020\025\020\031\300\036Y"
 423      4DD53855 
 423      BD2A8010 
 423      151019C0 
 423      1E59
 424 00cd 524FEC73 		.ascii	"RO\354s\273\273V\023\333\322\335i\377\374\354\347.\373"
 424      BBBB5613 
 424      DBD2DD69 
 424      FFFCECE7 
 424      2EFB
 425 00df 55A5A54A 		.ascii	"U\245\245J\007\032\246\221\212'\221\030N\321\004\252"
 425      071AA691 
 425      8A279118 
 425      4ED104AA 
 426 00ef C1851015 		.ascii	"\301\205\020\025\222\300\017<\205\237x\372\302\216\357"
 426      92C00F3C 
 426      859F78FA 
 426      C28EEF
 427 00fe A2A29451 		.ascii	"\242\242\224Q\"M\204@\037\006\017\216\221\030B\221>"
 427      224D8440 
 427      1F060F8E 
 427      91184291 
 427      3E
 428 010f 4A1B1822 		.ascii	"J\033\030\"\217'\364@\361\215{w\332ii\3132\015\0002"
 428      8F27F440 
 428      F18D7B77 
 428      DA6969CB 
 428      320D0032 
 429 0123 03C2B050 		.ascii	"\003\302\260P\270\026\0148\346\000\356\232\3152\001"
 429      B8160C38 
 429      E600EE9A 
 429      CD3201
 430 0132 0213C120 		.ascii	"\002\023\301 @\036\300l\001j\242\351\232O"
 430      401EC06C 
 430      016AA2E9 
 430      9A4F
 431              		.text
 432              		.section	.gnu.lto_chSysPolledDelayX.276.83ad37c9,"e",%progbits
 433 0000 28B52FFD 		.ascii	"(\265/\375`\200\001M\017\000\206\034hG\360\260(\035"
 433      6080014D 
 433      0F00861C 
 433      6847F0B0 
 433      281D
 434 0012 BFDFCDE9 		.ascii	"\277\337\315\351b6\247D\206D\344\367\337^\363[\000\244"
 434      6236A744 
 434      8644E4F7 
 434      DF5EF35B 
 434      00A4
 435 0024 D6776CDE 		.ascii	"\326wl\336\036t\207\304<z\302\226\017B\205.h\345L\224"
 435      1E7487C4 
 435      3C7AC296 
 435      0F42852E 
 435      68E54C94 
 436 0038 EDA61692 		.ascii	"\355\246\026\222Y\326\3324\316\226wY\005\355\214\363"
 436      59D6DA34 
 436      CE967759 
ARM GAS  C:\Users\PUBLIC~1.LAP\AppData\Local\Temp\ccVx4h18.s 			page 33


 436      05ED8CF3 
 437 0048 607D03BB 		.ascii	"`}\003\2731\255\245\033\331[\356\224\002Q\000P\000Q"
 437      31ADA51B 
 437      D95BEE94 
 437      02510050 
 437      0051
 438 005a 009F043E 		.ascii	"\000\237\004>\200\373\224\027\300}ze\323xM\302\336n"
 438      80FB9417 
 438      C07D7A65 
 438      D3784DC2 
 438      DE6E
 439 006c AD1BBBDB 		.ascii	"\255\033\273\333\351\010k\\]N\215+\277\200\317\355\025"
 439      E9086B5C 
 439      5D4E8D2B 
 439      BF80CFED 
 439      15
 440 007d 72B80C80 		.ascii	"r\270\014\200\242\345S\202\\,%<\302\226$\351\321\271"
 440      A2E55382 
 440      5C2C253C 
 440      C29624E9 
 440      D1B9
 441 008f 0985AEA8 		.ascii	"\011\205\256\250\237\271L\341\203\363\012[\036A\014"
 441      9FB94CE1 
 441      83F30A5B 
 441      1E410C
 442 009e 76D7F115 		.ascii	"v\327\361\025v\270\271\333>\261\235\301\376\207=:V\230"
 442      76B8B9DB 
 442      3EB19DC1 
 442      FE873D3A 
 442      5698
 443 00b0 2DA33919 		.ascii	"-\2439\031=e\264\274\314\257\240\320\016\010\031\032"
 443      3D65B4BC 
 443      CCAFA0D0 
 443      0E08191A 
 444 00c0 76765972 		.ascii	"vvYr\340\330\234yc\3026U\334j\247Q]\346\003/*\373\263"
 444      E0D89C79 
 444      63C23655 
 444      DC6AA751 
 444      5DE6032F 
 445 00d7 D3542EB3 		.ascii	"\323T.\263\272\330\200\331\335\320\247\255b\207>5d\373"
 445      BAD880D9 
 445      DDD0A7AD 
 445      62873E35 
 445      64FB
 446 00e9 D13ECC63 		.ascii	"\321>\314cV\227\331`\000\2732\0270vk\037\026\351\010"
 446      5697D960 
 446      00BB3217 
 446      30766B1F 
 446      16E908
 447 00fc AAFA9947 		.ascii	"\252\372\231G\017\264\032\266\031\255\310c\251S9=\355"
 447      0FB41AB6 
 447      19ADC863 
 447      A953393D 
 447      ED
 448 010d 71C54CE6 		.ascii	"q\305L\346Rsb%\376\3704\376\376b\352i\016\341rwW}\233"
 448      52736225 
 448      FEF834FE 
ARM GAS  C:\Users\PUBLIC~1.LAP\AppData\Local\Temp\ccVx4h18.s 			page 34


 448      FE62EA69 
 448      0EE17277 
 449 0124 BFDB5CE8 		.ascii	"\277\333\\\350\330\0251\342\267x\015\350\223\370\364"
 449      D81531E2 
 449      B7780DE8 
 449      93F8F4
 450 0133 D80DB14F 		.ascii	"\330\015\261Oq)\275\355\006b\334b<3\032\213\370c\327"
 450      7129BDED 
 450      0662DC62 
 450      3C331A8B 
 450      F863D7
 451 0146 56A2C6EC 		.ascii	"V\242\306\354\223\274\004&\201\214N\237G\362\272\222"
 451      93BC0426 
 451      818C4E9F 
 451      47F2BA92 
 452 0156 8F04184A 		.ascii	"\217\004\030J&4\350@\324\351K\351,|&\323\347-\000G("
 452      2634E840 
 452      D4E94BE9 
 452      2C7C26D3 
 452      E72D0047 
 453 016b 9ECAE3EC 		.ascii	"\236\312\343\354\201\200*\220\344u\336\011\354P\247"
 453      81802A90 
 453      E475DE09 
 453      EC50A7
 454 017a 0EFC3A0A 		.ascii	"\016\374:\012\021J'%\222\003\321\210\010\202\024\323"
 454      114A2725 
 454      9203D188 
 454      088214D3 
 455 018a 08255291 		.ascii	"\010%R\221R%\024\223\012!!\"\005\017\272\032\353\012"
 455      52251493 
 455      0A212122 
 455      050FBA1A 
 455      EB0A
 456 019c B3494C0E 		.ascii	"\263IL\016KYRc\376\325\006\307\025N\205\231\013\034"
 456      4B595263 
 456      FED506C7 
 456      154E8599 
 456      0B1C
 457 01ae 00A81542 		.ascii	"\000\250\025B\231\014\353\024B4\024+S\212\270\240P5"
 457      990CEB14 
 457      4234142B 
 457      538AB8A0 
 457      5035
 458 01c0 105824B1 		.ascii	"\020X$\261\005H\354+l\257\247Y!Z\262a\210\005\202\320"
 458      0548EC2B 
 458      6CAFA759 
 458      215AB261 
 458      880582D0 
 459 01d4 A149BC00 		.ascii	"\241I\274\000\340\006P\266\010ECg\220AE#VW\202fq\220"
 459      E00650B6 
 459      08454367 
 459      90414523 
 459      56578266 
 460 01ea 42F5E2A8 		.ascii	"B\365\342\250P\230\332I\006"
 460      5098DA49 
 460      06
 461              		.text
ARM GAS  C:\Users\PUBLIC~1.LAP\AppData\Local\Temp\ccVx4h18.s 			page 35


 462              		.section	.gnu.lto_chSysGetStatusAndLockX.part.0.293.83ad37c9,"e",%progbits
 463 0000 28B52FFD 		.ascii	"(\265/\375`\317\004\325\034\000\306q\263G\220\234Qc"
 463      60CF04D5 
 463      1C00C671 
 463      B347909C 
 463      5163
 464 0012 801EB355 		.ascii	"\200\036\263U\254l.\363v\225\312\316=t\362!m\314&[\222"
 464      AC6C2EF3 
 464      7695CACE 
 464      3D74F221 
 464      6DCC265B 
 465 0027 E4EECA1C 		.ascii	"\344\356\312\034,Y\024\370CC6\347\260\317[\007[t{\331"
 465      2C5914F8 
 465      434336E7 
 465      B0CF5B07 
 465      5B747BD9 
 466 003b 0791922E 		.ascii	"\007\221\222.\241o+\227\334\347;_pg\235\215:\200\201"
 466      A16F2B97 
 466      DCE73B5F 
 466      70679D8D 
 466      3A8081
 467 004e 5A304BF6 		.ascii	"Z0K\366\3362\245\226\000\236\000\237\000KLFu)#\274\367"
 467      DE32A596 
 467      009E009F 
 467      004B4C46 
 467      752923BC 
 468 0063 7E782528 		.ascii	"~x%(N\345\023_\214\334{e(l\031\317\364\215\370\374)"
 468      4EE5135F 
 468      8CDC7B65 
 468      286C19CF 
 468      F48DF8FC 
 469 0078 CB84BE4B 		.ascii	"\313\204\276K\365<\003\016/\216&\377\310\221\030]\252"
 469      F53C030E 
 469      2F8E26FF 
 469      C891185D 
 469      AA
 470 0089 173B6A12 		.ascii	"\027;j\022\260\304Te\346\336a\203\233\336\211\335\234"
 470      B0C45465 
 470      E6DE6183 
 470      9BDE89DD 
 470      9C
 471 009a FDC0EB66 		.ascii	"\375\300\353f\371\002\257\233\266\221-\273i\237\035"
 471      F902AF9B 
 471      B6912DBB 
 471      699F1D
 472 00a9 46C1257D 		.ascii	"F\301%}p\001\273\356\275'\351\343\276\233%i_>\377\350"
 472      7001BBEE 
 472      BD27E9E3 
 472      BE9B2569 
 472      5F3EFFE8 
 473 00bd A6925B31 		.ascii	"\246\222[1\306\025\301\030/a<\305'\200\302d|\022\214"
 473      C615C118 
 473      2F613CC5 
 473      2780C264 
 473      7C128C
 474 00d0 71324010 		.ascii	"q2@\020X\316\356\275\237\272e\021\374YK\340/\030\317"
 474      58CEEEBD 
ARM GAS  C:\Users\PUBLIC~1.LAP\AppData\Local\Temp\ccVx4h18.s 			page 36


 474      9FBA6511 
 474      FC594BE0 
 474      2F18CF
 475 00e3 BDD73119 		.ascii	"\275\3271\0317\354\266C\330\317\261\313\011\001;\021"
 475      37ECB643 
 475      D8CFB1CB 
 475      09013B11 
 476 00f3 7C46CB4B 		.ascii	"|F\313K#\011\366\003\016\033\330\366N\004!\243\012\222"
 476      2309F603 
 476      0E1BD8F6 
 476      4E0421A3 
 476      0A92
 477 0105 7EC49C28 		.ascii	"~\304\234(2KE\272\356\035\2367\237u\230}?\313\265\244"
 477      324B45BA 
 477      EE1D9E37 
 477      9F75987D 
 477      3FCBB5A4 
 478 0119 4EA92DB3 		.ascii	"N\251-\263r,\376\226\226\013\334\257\330\"\250\241E"
 478      722CFE96 
 478      960BDCAF 
 478      D822A8A1 
 478      45
 479 012a DC12069D 		.ascii	"\334\022\006\235\3126\013\012\011\347k\341\006\334%"
 479      CA360B0A 
 479      09E76BE1 
 479      06DC25
 480 0139 29398848 		.ascii	")9\210Hy\226_\345\312\227;\226\255\201\032h\210[SN\305"
 480      79965FE5 
 480      CA973B96 
 480      AD811A68 
 480      885B534E 
 481 014e 163A956F 		.ascii	"\026:\225o\005\265D\310\316\371W\226\345\036E\007[\312"
 481      05B544C8 
 481      CEF95796 
 481      E51E4507 
 481      5BCA
 482 0160 C1624A57 		.ascii	"\301bJW\220\230\325\023\337\024\2578\361\315\230\237"
 482      9098D513 
 482      DF14AF38 
 482      F1CD989F 
 483 0170 89579914 		.ascii	"\211W\231\024\026i\362\242\275\236\312\025\240\270\010"
 483      1669F2A2 
 483      BD9ECA15 
 483      A0B808
 484 017f 573BC999 		.ascii	"W;\311\231\3302\363N\364M\221\270u\243\350\001/C\006"
 484      D832F34E 
 484      F44D91B8 
 484      75A3E801 
 484      2F4306
 485 0192 444CC93A 		.ascii	"DL\311:\341\334\244]\367\272i\203\267\272\015\027\222"
 485      E1DCA45D 
 485      F7BA6983 
 485      B7BA0D17 
 485      92
 486 01a3 193BCE20 		.ascii	"\031;\316 \331\243\311\333{\357\021I>\331f\360\262\344"
 486      D9A3C9DB 
 486      7BEF1149 
ARM GAS  C:\Users\PUBLIC~1.LAP\AppData\Local\Temp\ccVx4h18.s 			page 37


 486      3ED966F0 
 486      B2E4
 487 01b5 A7FE1636 		.ascii	"\247\376\0266`\2740\206\001\3324&\217g\360:i\311S\271"
 487      60BC3086 
 487      01DA3426 
 487      8F67F03A 
 487      69C953B9 
 488 01c9 07A3902E 		.ascii	"\007\243\220.\251\037E\032?\273\306Vq0\266\215\377\305"
 488      A91F451A 
 488      3FBBC656 
 488      7130B68D 
 488      FFC5
 489 01db B6CD4DA0 		.ascii	"\266\315M\240\230\222e\302\271\371c\225\333\\a\315\330"
 489      989265C2 
 489      B9F96395 
 489      DB5C61CD 
 489      D8
 490 01ec 71E6C81E 		.ascii	"q\346\310\036-\371d\362\365\362\222<l\001\326\366Y\367"
 490      2DF964F2 
 490      F5F2923C 
 490      6C01D6F6 
 490      59F7
 491 01fe 61082464 		.ascii	"a\010$d\271\327\305Q\315\325ab\015\361\342\031\320\310"
 491      B9D7C551 
 491      CDD56162 
 491      0DF1E219 
 491      D0C8
 492 0210 BD720804 		.ascii	"\275r\010\004G\223\320\230F\331\342^y\253\222`\304 "
 492      4793D098 
 492      46D9E25E 
 492      79AB9260 
 492      C420
 493 0222 F73624FD 		.ascii	"\3676$\375\214\026\242\202`9\227\003\346\251\272\\\232"
 493      8C16A282 
 493      60399703 
 493      E6A9BA5C 
 493      9A
 494 0233 8359B5A6 		.ascii	"\203Y\265\246-\230\345\340T\242t\0251b\346c\253\015"
 494      2D98E5E0 
 494      54A27415 
 494      3162E663 
 494      AB0D
 495 0245 B07A81B4 		.ascii	"\260z\201\264\272\022\341f9\264\0053\233O\015\200o:"
 495      BA12E166 
 495      39B40533 
 495      9B4F0D80 
 495      6F3A
 496 0257 281A04B4 		.ascii	"(\032\004\264\342\326\034\2073Uu=\247\215\203\255\326"
 496      E2D61C87 
 496      3355753D 
 496      A78D83AD 
 496      D6
 497 0268 73EE52A4 		.ascii	"s\356R\244\035vCEk\252\276|\323IU\035zC\317\232\203"
 497      1D764345 
 497      6BAABE7C 
 497      D349551D 
 497      7A43CF9A 
ARM GAS  C:\Users\PUBLIC~1.LAP\AppData\Local\Temp\ccVx4h18.s 			page 38


 498 027d 09276A3E 		.ascii	"\011'j>\031\316u\247\352\210\316\022\272\\N\207b\360"
 498      19CE75A7 
 498      EA88CE12 
 498      BA5C4E87 
 498      62F0
 499 028f 2D255134 		.ascii	"-%Q4\204\226\300AXw+iTg\345\2557\364D\325\365\334\251"
 499      8496C041 
 499      58772B69 
 499      5467E5AD 
 499      37F444D5 
 500 02a6 E7AA3B6D 		.ascii	"\347\252;m\036p#p\267\236\037\011;\017\210r\351\356"
 500      1E702370 
 500      B79E1F09 
 500      3B0F8872 
 500      E9EE
 501 02b8 87772BC2 		.ascii	"\207w+\302\015\001\211\240\321~(h8m\333\363 \221H&\223"
 501      0D0189A0 
 501      D17E2868 
 501      386DDBF3 
 501      20914826 
 502 02cd 5BA7927C 		.ascii	"[\247\222|2\363!\246d{\340\214\011Z\250qD\342\230R\244"
 502      32F321A6 
 502      647BE08C 
 502      095AA871 
 502      44E29852 
 503 02e2 8229292D 		.ascii	"\202))-N\322\001\220\002\021*\254\007\022`\205I\253"
 503      4ED20190 
 503      02112AAC 
 503      07126085 
 503      49AB
 504 02f4 A52A2928 		.ascii	"\245*)(\247F\235e\014\024\350\010<[\242\026o>\357\360"
 504      A7469D65 
 504      0C14E808 
 504      3C5BA216 
 504      6F3EEFF0 
 505 0308 9C749317 		.ascii	"\234t\223\027\005\210\037\310\305=\321\015m\207m\012"
 505      05881FC8 
 505      C53DD10D 
 505      6D876D0A 
 506 0318 8B94D34C 		.ascii	"\213\224\323L\245\005G%\020/\220j\341\0231l}\030\323"
 506      A5054725 
 506      102F906A 
 506      E113316C 
 506      7D18D3
 507 032b AADE2F1A 		.ascii	"\252\336/\032p^m\262\275bN\207\020\234\302\334Og\003"
 507      705E6DB2 
 507      BD624E87 
 507      109CC2DC 
 507      4F6703
 508 033e 1507E51A 		.ascii	"\025\007\345\032\364F\361@X\311U\264\004*\351\216\255"
 508      F446F140 
 508      58C955B4 
 508      042AE98E 
 508      AD
 509 034f 2AAA4371 		.ascii	"*\252CqK\221\302\315|#\222\214\3008\232\026*A\364\327"
 509      4B91C2CD 
 509      7C23928C 
ARM GAS  C:\Users\PUBLIC~1.LAP\AppData\Local\Temp\ccVx4h18.s 			page 39


 509      C0389A16 
 509      2A41F4D7 
 510 0363 ACD3F1E7 		.ascii	"\254\323\361\347\200\304\215o\231\010\230\200\266\316"
 510      80C48D6F 
 510      99089880 
 510      B6CE
 511 0371 FBD23656 		.ascii	"\373\3226VK\360\217\3055\304\270\342>:\243Xf_Fo\351"
 511      4BF08FC5 
 511      35C4B8E2 
 511      3E3AA358 
 511      665F466F 
 512 0386 E850AFE7 		.ascii	"\350P\257\347f\0059R\302=@\262\246\307\265B05\340d&"
 512      66053952 
 512      C23D40B2 
 512      A6C7B542 
 512      3035E064 
 513 039b 648863DD 		.ascii	"d\210c\335\203\372\013=?"
 513      83FA0B3D 
 513      3F
 514              		.text
 515              		.section	.gnu.lto_chSysRestoreStatusX.part.0.294.83ad37c9,"e",%progbits
 516 0000 28B52FFD 		.ascii	"(\265/\375`V\003\255\026\000vf\215I\240Tn\306\3048\234"
 516      605603AD 
 516      16007666 
 516      8D49A054 
 516      6EC6C438 
 517 0015 107B8186 		.ascii	"\020{\201\206\356\344\347\246\311\302F\261e\251\220"
 517      EEE4E7A6 
 517      C9C246B1 
 517      65A990
 518 0024 1B38DE8B 		.ascii	"\0338\336\213\223`\355\\\033\232\354\375\337\327\212"
 518      9360ED5C 
 518      1B9AECFD 
 518      DFD78A
 519 0033 68993DB8 		.ascii	"h\231=\270\277\337\272\373x\320S\210\373\352\344\310"
 519      BFDFBAFB 
 519      78D05388 
 519      FBEAE4C8 
 520 0043 79236683 		.ascii	"y#f\2036BNc\320\244\010\376\211\331\334\326^\332$\245"
 520      36424E63 
 520      D0A408FE 
 520      89D9DCD6 
 520      5EDA24A5 
 521 0057 6F007600 		.ascii	"o\000v\000~\000@_\350\233\024\360A\037\021\303\025\""
 521      7E00405F 
 521      E89B14F0 
 521      411F11C3 
 521      1522
 522 0069 4B796951 		.ascii	"KyiQ\264\017\365\250\237\007}l\2737\230\305u\357p\345"
 522      B40FF5A8 
 522      9F077D6C 
 522      BB3798C5 
 522      75EF70E5 
 523 007d A573B597 		.ascii	"\245s\265\227\270\027\240\275$?\200\366\362\366\362"
 523      B817A0BD 
 523      243F80F6 
 523      F2F6F2
ARM GAS  C:\Users\PUBLIC~1.LAP\AppData\Local\Temp\ccVx4h18.s 			page 40


 524 008c 4FB6814D 		.ascii	"O\266\201M\327\310?\266\220\017c.Y\022+\263{\257\371"
 524      D7C83FB6 
 524      900F632E 
 524      59122BB3 
 524      7BAFF9
 525 009f 726CF19F 		.ascii	"rl\361\237\217\"\371\343\013\377\240\322\022\326\021"
 525      8F22F9E3 
 525      0BFFA0D2 
 525      12D611
 526 00ae D0C753DD 		.ascii	"\320\307S\335@\231\326\030\326\021\322E\001'O*\334{"
 526      4099D618 
 526      D611D245 
 526      01274F2A 
 526      DC7B
 527 00c0 5D2B7197 		.ascii	"]+q\227\267M\301~\002[4\022\277\324I\373>\217\367H\243"
 527      B74DC17E 
 527      025B3412 
 527      BFD449FB 
 527      3E8FF748 
 528 00d5 82A436D7 		.ascii	"\202\2446\327\275\374\035[@\365:,\022@\241\244\352+"
 528      BDFC1D5B 
 528      40F53A2C 
 528      1240A1A4 
 528      EA2B
 529 00e7 C7BB6C9C 		.ascii	"\307\273l\234O\371Y\302 \034\253\376\226z\034+nhxS\234"
 529      4FF959C2 
 529      201CABFE 
 529      967A1C2B 
 529      6E687853 
 530 00fc 14A918C1 		.ascii	"\024\251\030\301e\346\242v#\313(`'\260\214RV\325\341"
 530      65E6A276 
 530      23CB2860 
 530      27B08C52 
 530      56D5E1
 531 010f 363C4A21 		.ascii	"6<J!\241\361\032v\373)K\020\262\010\266\366\360W\366"
 531      A1F11A76 
 531      FB294B10 
 531      B208B6F6 
 531      F057F6
 532 0122 CDBF5B19 		.ascii	"\315\277[\031\005L\350+\311\367*\217OMD\202\367\336"
 532      054CE82B 
 532      C9F72A8F 
 532      4F4D4482 
 532      F7DE
 533 0134 CF3855CF 		.ascii	"\3178U\317\247\314\323\244\307\276\375H_F\021.\210'"
 533      A7CCD3A4 
 533      C7BEFD48 
 533      5F46112E 
 533      8827
 534 0146 EFB864E1 		.ascii	"\357\270d\341I'\020!\212\004\215A\343\310\344\261\015"
 534      49271021 
 534      8A048D41 
 534      E3C8E4B1 
 534      0D
 535 0157 35221129 		.ascii	"5\"\021)\354@l\233/f\333\366\222\246F$\0321Xi/\177\366"
 535      EC406C9B 
 535      2F66DBF6 
ARM GAS  C:\Users\PUBLIC~1.LAP\AppData\Local\Temp\ccVx4h18.s 			page 41


 535      92A64624 
 535      1A315869 
 536 016e ABDBC2A0 		.ascii	"\253\333\302\240L\2548\022$\236\031\200h\237\250x\021"
 536      4CAC3812 
 536      249E1980 
 536      689FA878 
 536      11
 537 017f 1E7D2C11 		.ascii	"\036},\021\023\032\25782y$O\336q\311&\017(H\272\227"
 537      131AAF38 
 537      3279244F 
 537      DE71C926 
 537      0F2848BA 
 538 0194 C41993AB 		.ascii	"\304\031\223\253Tv9\375H\265\276\234s\001\372\006\007"
 538      547639FD 
 538      48B5BE9C 
 538      7301FA06 
 538      07
 539 01a5 348C8931 		.ascii	"4\214\21114L\311\271\340\370\006\301\007\241*\025\030"
 539      344CC9B9 
 539      E0F806C1 
 539      07A12A15 
 539      18
 540 01b6 438A5E98 		.ascii	"C\212^\230\335;4_\336+\376\261\253\212\252'fE\267,\300"
 540      DD3B345F 
 540      DE2BFEB1 
 540      AB8AAA27 
 540      6645B72C 
 541 01cb A9A4EC0E 		.ascii	"\251\244\354\016\332\326\330\340dv\272\000\346\261\234"
 541      DAD6D8E0 
 541      6476BA00 
 541      E6B19C
 542 01da E70D4D9B 		.ascii	"\347\015M\233\266*\214\211\262\353\213\271\203\331\351"
 542      B62A8C89 
 542      B2EB8BB9 
 542      83D9E9
 543 01e9 5ECC9E07 		.ascii	"^\314\236\0074C/\307\327\242,\315<\026\224]O\336i\352"
 543      34432FC7 
 543      D7A22CCD 
 543      3C16945D 
 543      4FDE69EA 
 544 01fd 5620F0E8 		.ascii	"V \360\350d,\230m\217]wL\235UU\327s\202y(\007_\316\251"
 544      642C986D 
 544      8F5D774C 
 544      9D5555D7 
 544      73827928 
 545 0215 933A687B 		.ascii	"\223:h{\355\350\223\245\375\265\274\323<\331\326\354"
 545      EDE893A5 
 545      FDB5BCD3 
 545      3CD9D6EC 
 546 0225 B166BB9A 		.ascii	"\261f\273\232;\015\251M\312{\231y\220k\260\243\242\275"
 546      3B0DA94D 
 546      CA7B9979 
 546      906BB0A3 
 546      A2BD
 547 0237 991FCF97 		.ascii	"\231\037\317\227\346\320\324\264\264\314\004C\250a("
 547      E6D0D4B4 
 547      B4CC0443 
ARM GAS  C:\Users\PUBLIC~1.LAP\AppData\Local\Temp\ccVx4h18.s 			page 42


 547      A86128
 548 0246 24995366 		.ascii	"$\231Sf\204\204$HR\320\346`\002\031Sg\033\022`\3469"
 548      84842448 
 548      52D0E660 
 548      02195367 
 548      1B1260E6 
 549 025b 45B1C9CF 		.ascii	"E\261\311\317\342\262\253\305\024\360\220/-y\373+'\267"
 549      E2B2ABC5 
 549      14F0902F 
 549      2D79FB2B 
 549      27B7
 550 026d 4E9C5C59 		.ascii	"N\234\\Y\333R\024\206k\267\306\346\\Q\015\314\015\323"
 550      DB521486 
 550      6BB7C6E6 
 550      5C510DCC 
 550      0DD3
 551 027f 2104761C 		.ascii	"!\004v\034\354\310\252AR\026\244G\324H\275N>\372D\344"
 551      ECC8AA41 
 551      5216A447 
 551      D448BD4E 
 551      3EFA44E4 
 552 0293 6CC59413 		.ascii	"l\305\224\023\201~}\2525[i\367Y\236\310\360=\031al\325"
 552      817E7DAA 
 552      355B69F7 
 552      599EC8F0 
 552      3D19616C 
 553 02a8 A604ADEC 		.ascii	"\246\004\255\354\0355\307\207\225\251\325\300\335\352"
 553      1D35C787 
 553      95A9D5C0 
 553      DDEA
 554 02b6 F130A3A4 		.ascii	"\3610\243\244\353\205\034\326\234\214\261M\237XLfu|"
 554      EB851CD6 
 554      9C8CB14D 
 554      9F584C66 
 554      757C
 555 02c8 485B237E 		.ascii	"H[#~\261\222\356\242\022\255\254v\236\306%\273\337@"
 555      B192EEA2 
 555      12ADAC76 
 555      9EC625BB 
 555      DF40
 556 02da DDFEDA6A 		.ascii	"\335\376\332j\012"
 556      0A
 557              		.text
 558              		.section	.gnu.lto_.symbol_nodes.83ad37c9,"e",%progbits
 559 0000 28B52FFD 		.ascii	"(\265/\375`\213\001\025\011\000b\315130U\322\001\240"
 559      608B0115 
 559      090062CD 
 559      31333055 
 559      D201A0
 560 0013 053F6468 		.ascii	"\005?dh\272\016%\360\346C\025x\371\252X\261\316\252"
 560      BA0E25F0 
 560      E6431578 
 560      F9AA58B1 
 560      CEAA
 561 0025 D682DDDE 		.ascii	"\326\202\335\336AC!+#\"\\\252\331\231U\325h\304\002"
 561      4143212B 
 561      23225CAA 
ARM GAS  C:\Users\PUBLIC~1.LAP\AppData\Local\Temp\ccVx4h18.s 			page 43


 561      D99955D5 
 561      68C402
 562 0038 EE5AB5E7 		.ascii	"\356Z\265\347\265\353N2\005E!l\321\017\017\313\004L"
 562      B5EB4E32 
 562      0545216C 
 562      D10F0FCB 
 562      044C
 563 004a 048D030A 		.ascii	"\004\215\003\012\002\014[\011\215aN\033\273\020\314"
 563      020C5B09 
 563      8D614E1B 
 563      BB10CC
 564 0059 464C6520 		.ascii	"FLe \006e\327A\231\307}\323q\317p\3348\0337\215\306"
 564      0665D741 
 564      99C77DD3 
 564      71CF70DC 
 564      381B378D 
 565 006e 5D83F9B2 		.ascii	"]\203\371\262=-e\3346\310\2000|ra\231\3266\304\3021"
 565      3D2D65DC 
 565      36C88030 
 565      7C726199 
 565      D636C4C2 
 566 0083 15F78AE2 		.ascii	"\025\367\212\342\206\231\270_$n\227\210\373\271HDIF"
 566      8699B85F 
 566      246E9788 
 566      FBB94844 
 566      4946
 567 0095 D7DD6288 		.ascii	"\327\335b\210\233\245\251\216Z\017\367\212\311(\255"
 567      9BA5A98E 
 567      5A0FF78A 
 567      C928AD
 568 00a4 C02A6726 		.ascii	"\300*g&\211\303\255\202%A(\247\232{>\037,%\244\323\235"
 568      89C3AD82 
 568      254128A7 
 568      9A7B3E1F 
 568      2C25A4D3 
 569 00b9 D270EFA0 		.ascii	"\322p\357\240\322\271\025\303\255\023\220\316\275\236"
 569      D2B915C3 
 569      AD1390CE 
 569      BD9E
 570 00c7 F6EDD043 		.ascii	"\366\355\320C\200\314\314\205\333\304m\235\012( \340"
 570      80CCCC85 
 570      DBC46D9D 
 570      0A2820E0 
 571 00d7 02199AEB 		.ascii	"\002\031\232\353\004\034\004\321\316\241\275\015\322"
 571      041C04D1 
 571      CEA1BD0D 
 571      D2
 572 00e4 20354865 		.ascii	" 5He\220\206\303X\223@\022$\006\311;\350\032\227\332"
 572      9086C358 
 572      93401224 
 572      06C93BE8 
 572      1A97DA
 573 00f7 9A602C77 		.ascii	"\232`,w{\215,[\017\200&\375\021\376#\216\037\361d\366"
 573      7B8D2C5B 
 573      0F8026FD 
 573      11FE238E 
 573      1FF164F6 
ARM GAS  C:\Users\PUBLIC~1.LAP\AppData\Local\Temp\ccVx4h18.s 			page 44


 574 010b 560C229F 		.ascii	"V\014\"\237\201\035\217\026\027Hc8\224\311\2151\021"
 574      811D8F16 
 574      17486338 
 574      94C98D31 
 574      11
 575 011c 009D2D61 		.ascii	"\000\235-a\330\303\230\022\234\"Ym!9\353\235"
 575      D8C39812 
 575      9C22596D 
 575      2139EB9D 
 576              		.text
 577              		.section	.gnu.lto_.refs.83ad37c9,"e",%progbits
 578 0000 28B52FFD 		.ascii	"(\265/\375 mU\002\000\322\206\021\025\200\251\35130"
 578      206D5502 
 578      00D28611 
 578      1580A9E9 
 578      3330
 579 0012 03585EB7 		.ascii	"\003X^\267'4\026q0\336FZ\322&R\246\257(O\364\021\345"
 579      27341671 
 579      30DE465A 
 579      D22652A6 
 579      AF284FF4 
 580 0028 87BEA1BC 		.ascii	"\207\276\241\274\320'\224\017\372\200r\324?\345\244"
 580      D027940F 
 580      FA8072D4 
 580      3FE5A4
 581 0037 A3E37563 		.ascii	"\243\343uc\223\332\354\016\023\023\005\014\320\324\246"
 581      93DAEC0E 
 581      1313050C 
 581      D0D4A6
 582 0046 760D6F39 		.ascii	"v\015o9k\257V\312\253\311\376E\000"
 582      6BAF56CA 
 582      ABC9FE45 
 582      00
 583              		.text
 584              		.section	.gnu.lto_.decls.83ad37c9,"e",%progbits
 585 0000 28B52FFD 		.ascii	"(\265/\375`\2215\325\333\000\032SqKV \012YI\035\303"
 585      609135D5 
 585      DB001A53 
 585      714B5620 
 585      0A59491D 
 586 0015 6701393D 		.ascii	"g\0019=\234\003\231\330w89C\2658\002\366\020\226\021"
 586      9C0399D8 
 586      77383943 
 586      B53802F6 
 586      109611
 587 0028 3983FD48 		.ascii	"9\203\375HP\240a9\037q}\244z\0138\236/)\252)\234\330"
 587      50A06139 
 587      1F717DA4 
 587      7A0B389E 
 587      2F29AA29 
 588 003e 4A686103 		.ascii	"Jha\003m+\271\332\210\264}\012[\324\264m\333V\375\261"
 588      6D2BB9DA 
 588      88B47D0A 
 588      5BD4B46D 
 588      DB56FDB1 
 589 0052 8C984159 		.ascii	"\214\230AY^\250\356,\251\0358Qh\312\266\267\224I\246"
 589      5EA8EE2C 
ARM GAS  C:\Users\PUBLIC~1.LAP\AppData\Local\Temp\ccVx4h18.s 			page 45


 589      A91D3851 
 589      68CAB6B7 
 589      9449A6
 590 0065 3804A904 		.ascii	"8\004\251\004\271\004I\332\323#\355yO\373\315\335!\362"
 590      B90449DA 
 590      D323ED79 
 590      4FFBCDDD 
 590      21F2
 591 0077 407EEB42 		.ascii	"@~\353B\311\366\221\234\005f\366\034\023\357\213\334"
 591      C9F6919C 
 591      0566F61C 
 591      13EF8BDC 
 592 0087 E713F921 		.ascii	"\347\023\371!67\260\306\320r\366,D\273\377\226\220\232"
 592      3637B0C6 
 592      D072F62C 
 592      44BBFF96 
 592      909A
 593 0099 2A6B4764 		.ascii	"*kGd>\013\371 \023\324}A\262\322\236\253\264\347\246"
 593      3E0BF920 
 593      13D47D41 
 593      B2D29EAB 
 593      B4E7A6
 594 00ac F6FCA42B 		.ascii	"\366\374\244+<\326U\2243\027U>\377\300M\272\300\232"
 594      3CD65594 
 594      3317553E 
 594      FFC04DBA 
 594      C09A
 595 00be 9F3DBB78 		.ascii	"\237=\273x\037\337#W\275 r\225F;&\243\177\307\024\030"
 595      1FDF2357 
 595      BD207295 
 595      463B26A3 
 595      7FC71418 
 596 00d2 59A07C86 		.ascii	"Y\240|\206F\307,Q\222\361\371\251\376\251\006\220fo"
 596      46C72C51 
 596      92F1F9A9 
 596      FEA90690 
 596      666F
 597 00e4 A3AF7A1D 		.ascii	"\243\257z\035\376T?uo\005\367V\240sSf\364E\206\232\035"
 597      FE543F75 
 597      6F05F756 
 597      A0735366 
 597      F445869A 
 598 00f9 DF69C776 		.ascii	"\337i\307vZ\003\316\"\025\345\233Jk\013\373\3746\376"
 598      5A03CE22 
 598      15E59B4A 
 598      6B0BFBFC 
 598      36FE
 599 010b C67D5AF0 		.ascii	"\306}Z\360P*\323\011\272\323\244WA\366\306\260i\277"
 599      502AD309 
 599      BAD3A457 
 599      41F6C6B0 
 599      69BF
 600 011d 16A823B8 		.ascii	"\026\250#\270\026\250\216\245h\002\334\035\265)\353"
 600      16A88EA5 
 600      6802DC1D 
 600      B529EB
 601 012c D86285C3 		.ascii	"\330b\205\303L;^\"\343\367\242k\016\012\022\355\270"
ARM GAS  C:\Users\PUBLIC~1.LAP\AppData\Local\Temp\ccVx4h18.s 			page 46


 601      4C3B5E22 
 601      E3F7A26B 
 601      0E0A12ED 
 601      B8
 602 013d 88A6E099 		.ascii	"\210\246\340\2318\371\265\2435xyC\300|v\254\245\035"
 602      38F9B5A3 
 602      35787943 
 602      C07C76AC 
 602      A51D
 603 014f FBD0156E 		.ascii	"\373\320\025n\006\365\215\234\213\222\231OBEo\230#_"
 603      06F58D9C 
 603      8B92994F 
 603      42456F98 
 603      235F
 604 0161 6E1A4E32 		.ascii	"n\032N2u\230\230\230\275r\354\213\230\213\327\303y\275"
 604      75989898 
 604      BD72EC8B 
 604      988BD7C3 
 604      79BD
 605 0173 5C294CDA 		.ascii	"\\)L\332>\351]\374\362_\274\322\257x\244\373|\026\376"
 605      3EE95DFC 
 605      F25FBCD2 
 605      AF78A4FB 
 605      7C16FE
 606 0186 2CFEE8E2 		.ascii	",\376\350\342]\260\322\253!\205g\003OM\227\265\024\350"
 606      5DB0D2AB 
 606      21856703 
 606      4F4D97B5 
 606      14E8
 607 0198 2E64FF3A 		.ascii	".d\377:\355\037\247\375\333\364o\257\250\025e\237\357"
 607      ED1FA7FD 
 607      DBF46FAF 
 607      A815659F 
 607      EF
 608 01a9 9E2A4609 		.ascii	"\236*F\011\01702\275<\234\252*2f>\247I\311\340\030\223"
 608      0F3032BD 
 608      3C9CAA2A 
 608      32663EA7 
 608      49C9E018 
 609 01be 04CD3DC3 		.ascii	"\004\315=\303\344\251\205r\210\366\327\322w\314%s\237"
 609      E4A98572 
 609      88F6D7D2 
 609      77CC2573 
 609      9F
 610 01cf BE5BC6F3 		.ascii	"\276[\306\363\2121\2752=\264\212\353S}>\325?G\0300:"
 610      8A31BD32 
 610      3DB48AEB 
 610      537D3ED5 
 610      3F471830 
 611 01e4 5FC08ED8 		.ascii	"_\300\216\330>\203\271w)3J\226\260\317\3763\264\277"
 611      3E83B977 
 611      29334A96 
 611      B0CFFE33 
 611      B4BF
 612 01f6 92F667A1 		.ascii	"\222\366g\241\375\356i\277y\232\303\335Q\3474\330\234"
 612      FDEE69BF 
 612      799AC3DD 
ARM GAS  C:\Users\PUBLIC~1.LAP\AppData\Local\Temp\ccVx4h18.s 			page 47


 612      51E734D8 
 612      9C
 613 0207 E590C3F1 		.ascii	"\345\220\303\361\231\313]\273[n~{?\315\320\335\347\345"
 613      99CB5DBB 
 613      5B6E7E7B 
 613      3FCDD0DD 
 613      E7E5
 614 0219 72B1F068 		.ascii	"r\261\360hH\323\246\330\021\311\331\375n\321\242\263"
 614      48D3A6D8 
 614      11C9D9FD 
 614      6ED1A2B3 
 615 0229 989EB47C 		.ascii	"\230\236\264|\236\363\311\020\343\354\021Fg\271X0\035"
 615      9EF3C910 
 615      E3EC1146 
 615      67B95830 
 615      1D
 616 023a 5E55589D 		.ascii	"^UX\235\366+\247\3334\250{[dd}~\273W\356\363\302]*~"
 616      F62BA7DB 
 616      34A87B5B 
 616      64647D7E 
 616      BB57EEF3 
 617 0252 D56E0A9E 		.ascii	"\325n\012\236\241{+\367\336~\271\254T\330-\300b8\367"
 617      A17B2BF7 
 617      DE7EB9AC 
 617      54D82DC0 
 617      6238F7
 618 0265 86F6C0DD 		.ascii	"\206\366\300\335\265\353v\243\204n\251\0340\030.\216"
 618      B5EB76A3 
 618      846EA91C 
 618      30182E8E 
 619 0275 68E0E1F9 		.ascii	"h\340\341\371\201%y&Q\263_\036\332\375\272U\271]\352"
 619      81257926 
 619      51B35F1E 
 619      DAFDBA55 
 619      B95DEA
 620 0288 B8929FDB 		.ascii	"\270\222\237\333j\352\220\312dDi\266K\345\255\260\304"
 620      6AEA90CA 
 620      644469B6 
 620      4BE5ADB0 
 620      C4
 621 0299 C47DF63B 		.ascii	"\304}\366;C\373\215\241\375\262\310\240\352\273\243"
 621      43FB8DA1 
 621      FDB2C8A0 
 621      EABBA3
 622 02a8 46F93579 		.ascii	"F\3715y\2429}v\020h\377\200f\200\3374'\177U\207#\371"
 622      A2397D76 
 622      1068FF80 
 622      6680DF34 
 622      277F5587 
 623 02be D9AF93DB 		.ascii	"\331\257\223\333\304}k\320\021s\025\006\313g\027j?A"
 623      C47D6BD0 
 623      11731506 
 623      CB67176A 
 623      3F41
 624 02d0 5F26B7EC 		.ascii	"_&\267\354>9\\3\377)\241:/\203F\231\227\317n\202\366"
 624      3E395C33 
 624      FF29A13A 
ARM GAS  C:\Users\PUBLIC~1.LAP\AppData\Local\Temp\ccVx4h18.s 			page 48


 624      2F834699 
 624      97CF6E82 
 625 02e5 CB41BD1C 		.ascii	"\313A\275\034T\027A;\224l\204\316o7\203\352gwG\375p"
 625      5417413B 
 625      946C84CE 
 625      6F3783EA 
 625      677747FD 
 626 02fa 77D4BBEF 		.ascii	"w\324\273\357\216\332\323\343\027\272\363SB\267N\315"
 626      8EDAD3E3 
 626      17BAF353 
 626      42B74ECD 
 627 030a 9E1ED399 		.ascii	"\236\036\323\231\317\356\000}\271.\222\374\325\334x"
 627      CFEE007D 
 627      B92E92FC 
 627      D5DC78
 628 0319 7B432D60 		.ascii	"{C-`3&ns\237\257\221{\344>Ad\340\027\372\266\214\356"
 628      33266E73 
 628      9FAF917B 
 628      E43E4164 
 628      E017FAB6 
 629 032f 0DC5B963 		.ascii	"\015\305\271c\\lH}\236`jg\340\257\375R\240\336\275K"
 629      5C6C487D 
 629      9E606A67 
 629      E0AFFD52 
 629      A0DEBD4B 
 630 0343 814A809B 		.ascii	"\201J\200\233A\315wG\345\000\002.\270g\020^\313\207"
 630      41CD7747 
 630      E500022E 
 630      B867105E 
 630      CB87
 631 0355 FB5BB9BF 		.ascii	"\373[\271\277\016\367\237\362\035\367<\001\367\033m"
 631      0EF79FF2 
 631      1DF73C01 
 631      F71B6D
 632 0364 2E21B9FF 		.ascii	".!\271\377\001\240<\001\356\177\303\375k\314p\377%\257"
 632      01A03C01 
 632      EE7FC3FD 
 632      6BCC70FF 
 632      25AF
 633 0376 E09E7DDC 		.ascii	"\340\236}\334_\0001`\270\277\213\237{~\200\011\317\356"
 633      5F003160 
 633      B8BF8B9F 
 633      7B7E8009 
 633      CFEE
 634 0388 3904EE7E 		.ascii	"9\004\356~\305\335\255\254p\277K\367\313\274r\277L\""
 634      C5DDADAC 
 634      70BF4BF7 
 634      CBBC72BF 
 634      4C22
 635 039a BE4503DC 		.ascii	"\276E\003\334}\203{\256@\023\017\367kc\205\273\333\270"
 635      7D837BAE 
 635      40130FF7 
 635      6B6385BB 
 635      DBB8
 636 03ac E7E1CDE1 		.ascii	"\347\341\315\341~\233\356w\207\373\255R\272\177\322"
 636      7E9BEE77 
 636      87FBAD52 
ARM GAS  C:\Users\PUBLIC~1.LAP\AppData\Local\Temp\ccVx4h18.s 			page 49


 636      BA7FD2
 637 03bb 2DB8E7A0 		.ascii	"-\270\347\240\373\213\300\375\213\334/\023\367_?\005"
 637      FB8BC0FD 
 637      8BDC2F13 
 637      F75F3F05 
 638 03cb 8A0D9788 		.ascii	"\212\015\227\210\373u>\221\373\037\335\177\310'p\317"
 638      FB753E91 
 638      FB1FDD7F 
 638      C82770CF 
 639 03db 1C70BF43 		.ascii	"\034p\277C<\340\356O\367\271g\034\367\267q\177\035\367"
 639      3CE0EE4F 
 639      F7B9671C 
 639      F7B7717F 
 639      1DF7
 640 03ed AF71FF1C 		.ascii	"\257q\377\034\367\257\340\376C\367\027^\012\200\334"
 640      F7AFE0FE 
 640      43F7175E 
 640      0A80DC
 641 03fc 1DC73D17 		.ascii	"\035\307=\027@C\320U\367\034\302\375M\270\377\011\356"
 641      4043D055 
 641      F71CC2FD 
 641      4DB8FF09 
 641      EE
 642 040d CF01F7D7 		.ascii	"\317\001\367\327\200\373\227\340\376$\270\377\217\373"
 642      80FB97E0 
 642      FE24B8FF 
 642      8FFB
 643 041b 7FE0FE17 		.ascii	"\177\340\376\027p\177\017\334\177\204\373\033\300\375"
 643      707F0FDC 
 643      7F84FB1B 
 643      C0FD
 644 0429 29707F09 		.ascii	")p\177\011\270?\004\334_\001\356\337\343\376\030\270"
 644      B83F04DC 
 644      5F01EEDF 
 644      E3FE18B8 
 645 0439 FF05EECF 		.ascii	"\377\005\356\317\343\376\003p\377\015\356W\314\375\242"
 645      E3FE0370 
 645      FF0DEE57 
 645      CCFDA2
 646 0448 717738F7 		.ascii	"qw8\367\213\344~9p\277Y\356\277\343~\021\340\376\026"
 646      8BE47E39 
 646      70BF59EE 
 646      BFE37E11 
 646      E0FE16
 647 045b DCAF96FB 		.ascii	"\334\257\226\373\277\373\015\342\376\356~\365\334}\003"
 647      BFFB0DE2 
 647      FEEE7EF5 
 647      DC7D03
 648 046a EE378DFB 		.ascii	"\3567\215\373U\342~\223\270_\250\373E\342~\275\334o"
 648      55E27E93 
 648      B85FA8FB 
 648      45E27EBD 
 648      DC6F
 649 047c 97FB7DBA 		.ascii	"\227\373}\272\337#\356\327\210\373\345r\277E\334\035"
 649      DF23EED7 
 649      88FBE572 
 649      BF45DC1D 
ARM GAS  C:\Users\PUBLIC~1.LAP\AppData\Local\Temp\ccVx4h18.s 			page 50


 650 048c 89BB8770 		.ascii	"\211\273\207p\367(\356\256\263\267\267\267\347\2369"
 650      F728EEAE 
 650      B3B7B7B7 
 650      E79E39
 651 049b B8DB40C0 		.ascii	"\270\333@\300=\001\024\0047od\244\014yj=\035\265\257"
 651      3D011404 
 651      376F64A4 
 651      0C796A3D 
 651      1DB5AF
 652 04ae 2E4A84E4 		.ascii	".J\204\344\245\231\341\305F\3453Fs\333\232I\\|v\033"
 652      A599E1C5 
 652      46E53346 
 652      73DB9A49 
 652      5C7C761B 
 653 04c2 1FDA2FD7 		.ascii	"\037\332/\327\024\274v\304\271w\026\017\341\206e\027"
 653      14BC76C4 
 653      B977160F 
 653      E1866517 
 654 04d2 C52B852E 		.ascii	"\305+\205.\014\026G%\253M\353I\032\023;)H\304\316\320"
 654      0C164725 
 654      AB4DEB49 
 654      1A133B29 
 654      48C4CED0 
 655 04e6 7AAC5C91 		.ascii	"z\254\\\221\301t\270\013\316\202\301\340-\030\013\376"
 655      C174B80B 
 655      CE82C1E0 
 655      2D180BFE 
 656 04f6 82C56039 		.ascii	"\202\305`9l\207\361p\030\254\005\227\301gp\035\236\303"
 656      6C87F170 
 656      18AC0597 
 656      C167701D 
 656      9EC3
 657 0508 63B0176C 		.ascii	"c\260\027l\006\337a.\367\211\243\356\370\015\303=qR"
 657      06DF612E 
 657      F789A3EE 
 657      F80DC33D 
 657      7152
 658 051a E6AC9245 		.ascii	"\346\254\222E\346\004J\022*Fp\330\222\265+?\306\320"
 658      E6044A12 
 658      2A4670D8 
 658      92B52B3F 
 658      C6D0
 659 052c CE9CD49E 		.ascii	"\316\234\324\236l\\bL\260Y\023g\023<v\241d*\272\314"
 659      6C5C624C 
 659      B0591367 
 659      133C76A1 
 659      642ABACC 
 660 0540 9C7BC3F9 		.ascii	"\234{\303\371\345\212\342'xL\003\322\336O\037>#I\"x"
 660      E58AE227 
 660      784C03D2 
 660      DE4F1F3E 
 660      23492278 
 661 0554 363CF4D4 		.ascii	"6<\364\324\250>d\257\201\242\323\267*5h\332k\304\264"
 661      A83E64AF 
 661      81A2D3B7 
 661      2A3568DA 
 661      6BC4B4
ARM GAS  C:\Users\PUBLIC~1.LAP\AppData\Local\Temp\ccVx4h18.s 			page 51


 662 0567 D724D15E 		.ascii	"\327$\321^\303\245\275FK{\015\017\3555M\250/\354\251"
 662      C3A5BD46 
 662      4B7B0D0F 
 662      ED354DA8 
 662      2FECA9
 663 057a 04FDEC35 		.ascii	"\004\375\35457\264\327\320\320^\023C{\315\012\355?4"
 663      37B4D7D0 
 663      D05E1343 
 663      7BCD0AED 
 663      3F34
 664 058c DA7F63B4 		.ascii	"\332\177c\264\377\276h\377e\321\376k\323\376S\323\376"
 664      FFBE68FF 
 664      65D1FE6B 
 664      D3FE53D3 
 664      FE
 665 059d 73A2FDB7 		.ascii	"s\242\375\267\304\254\354\312\200\361#\352s\2323)v]"
 665      C4ACECCA 
 665      80F123EA 
 665      739A3329 
 665      765D
 666 05af DA7F43B4 		.ascii	"\332\177C\264\230\216\003\213&\271\322\376\333\241="
 666      988E038B 
 666      26B9D2FE 
 666      DBA13D
 667 05be 6D0D7F71 		.ascii	"m\015\177q\270ynI#%P\034*\243\"P\320\033\247\217\270"
 667      B8796E49 
 667      2325501C 
 667      2AA32250 
 667      D01BA78F 
 668 05d3 DD5D49E2 		.ascii	"\335]I\342\225b\025\371A\303\013'\325\270}\261z\"y\342"
 668      956215F9 
 668      41C30B27 
 668      D5B87DB1 
 668      7A2279E2 
 669 05e7 C8316569 		.ascii	"\3101eiz\212\335<IR\266u\325<\255\300\022s\344\255\332"
 669      7A8ADD3C 
 669      4952B675 
 669      D53CADC0 
 669      1273E4AD 
 670 05fc 9E942C19 		.ascii	"\236\224,\031\371\255=1C\205kH\325r\306\336\347\236"
 670      F9AD3D31 
 670      43856B48 
 670      D572C6DE 
 670      E79E
 671 060e 21370906 		.ascii	"!7\011\006\342$\253\007\017y\032XH\014\037E0\221\373"
 671      E224AB07 
 671      0F791A58 
 671      480C1F45 
 671      3091FB
 672 0621 C443F096 		.ascii	"\304C\360\226\006\234-\266\2632j\366\037\224\306AR\246"
 672      069C2DB6 
 672      B3326AF6 
 672      1F94C641 
 672      52A6
 673 0633 130EA4CF 		.ascii	"\023\016\244\317\376S\322\216\2018\277\011\000\035\266"
 673      FE53D28E 
 673      8138BF09 
ARM GAS  C:\Users\PUBLIC~1.LAP\AppData\Local\Temp\ccVx4h18.s 			page 52


 673      001DB6
 674 0642 24D21676 		.ascii	"$\322\026vb-\033Wy?p\342\356zp\371l\205\177`\036\370"
 674      622D1B57 
 674      793F70E2 
 674      EE7A70F9 
 674      6C857F60 
 675 0658 0AFBC03B 		.ascii	"\012\373\300;0\026\356q\2378\353{8\206\302Q\237\006"
 675      3016EE71 
 675      9F38EB7B 
 675      3886C251 
 675      9F06
 676 066a CBD0D2F2 		.ascii	"\313\320\322\362_\2508q\326]\362oXtN\273\350\213A3\303"
 676      5FA83871 
 676      D65DF26F 
 676      58744EBB 
 676      E88B4133 
 677 067f 597806BE 		.ascii	"Yx\006\276\201\365#\272\367\376z\270\237C\263\022U\222"
 677      81F523BA 
 677      F7FE7AB8 
 677      9F43B312 
 677      5592
 678 0691 85A5B08E 		.ascii	"\205\245\260\216\026h^\2348\353\307\374\031,\257\032"
 678      16685E9C 
 678      38EBC7FC 
 678      192CAF1A 
 679 06a1 52F07494 		.ascii	"R\360t\224\350-\211\272\220\253>\307\233\226'zx\352"
 679      E82D89BA 
 679      90AB3EC7 
 679      9B96277A 
 679      78EA
 680 06b3 3E3115C6 		.ascii	">1\025\306\201\251p\023\347\370\000\004n\207S\003\317"
 680      81A97013 
 680      E7F80004 
 680      6E875303 
 680      CF
 681 06c4 AF4ECE05 		.ascii	"\257N\316\005\220\234-\2448\342\300\226\274\264\353"
 681      909C2DA4 
 681      38E2C096 
 681      BCB4EB
 682 06d3 2CEDDA87 		.ascii	",\355\332\207\326\315\233A\275\312\273\243\332\000\001"
 682      D6CD9B41 
 682      BDCABBA3 
 682      DA0001
 683 06e2 DD98AECF 		.ascii	"\335\230\256\317\256\243\264\032v\302MW\317\214\355"
 683      AEA3B41A 
 683      76C24D57 
 683      CF8CED
 684 06f1 09D7B84F 		.ascii	"\011\327\270O\354\204i`\247\037M\234<5Q\352X\244\240"
 684      EC846960 
 684      A71F4D9C 
 684      3C3551EA 
 684      58A4A0
 685 0704 66D734B4 		.ascii	"f\3274\264\353\026\332uR3Y\2513\332Q\2471\363\363p\022"
 685      EB16DA75 
 685      523359A9 
 685      33DA51A7 
 685      31F3F370 
ARM GAS  C:\Users\PUBLIC~1.LAP\AppData\Local\Temp\ccVx4h18.s 			page 53


 686 0719 D55A0CBC 		.ascii	"\325Z\014\274t\237\230\211]\370g=\032\314\304/0\014"
 686      749F9889 
 686      5DF8673D 
 686      1ACCC42F 
 686      300C
 687 072b 2A37381E 		.ascii	"*78\036\015<x\254IMIUz\323\301Q\243\222\313\203\323"
 687      0D3C78AC 
 687      494D4955 
 687      7AD3C151 
 687      A392CB83 
 688 0740 EEA3A2DD 		.ascii	"\356\243\242\335\367\245\361N\241\200H5\255a#0\264("
 688      F7A5F14E 
 688      A1804835 
 688      AD612330 
 688      B428
 689 0752 6E815960 		.ascii	"n\201Y`\244\373\304\313\327\303Gx\205\223(^^+\330\250"
 689      A4FBC4CB 
 689      D7C34778 
 689      8593285E 
 689      5E2BD8A8 
 690 0766 898B230F 		.ascii	"\211\213#\0176u\207\2443V\246B\222\312\270\266\264\373"
 690      367587A4 
 690      3356A642 
 690      92CAB8B6 
 690      B4FB
 691 0778 B2B43B36 		.ascii	"\262\264;6\302I/\252\0303>\343\255\216\025\241\023\""
 691      C2492FAA 
 691      18333EE3 
 691      AD8E15A1 
 691      1322
 692 078a A5F75E0F 		.ascii	"\245\367^\017\014\023(b\237\335\307\324\356K\322\356"
 692      0C132862 
 692      9FDDC7D4 
 692      EE4BD2EE 
 693 079a 3BD277DF 		.ascii	";\322w\337\014\252\231(\032]N<]\346\000/jH\341\302\273"
 693      0CAA9928 
 693      1A5D4E3C 
 693      5DE6002F 
 693      6A48E1C2 
 694 07af CF2FF364 		.ascii	"\317/\363d\224XT{Erv\325N\273\212E\377\335\203\271O"
 694      9458547B 
 694      457276D5 
 694      4EBB8A45 
 694      FFDD83B9 
 695 07c4 6FFB3036 		.ascii	"o\37306,\252\254Xb\323\256\343"
 695      2CAAAC58 
 695      62D3AEE3 
 696 07d0 6DAAAB50 		.ascii	"m\252\253P\274\340\310\011\021\2433\323v\367\371]~K"
 696      BCE0C809 
 696      11A333D3 
 696      76F7F95D 
 696      7E4B
 697 07e2 97E7F275 		.ascii	"\227\347\362uX\014 d\203\251\362S\\\226e9?\035\266!"
 697      580C2064 
 697      83A9F253 
 697      5C966539 
 697      3F1DB621 
ARM GAS  C:\Users\PUBLIC~1.LAP\AppData\Local\Temp\ccVx4h18.s 			page 54


 698 07f6 47A6C867 		.ascii	"G\246\310gW\223\264\253+\264\247y\332S\274\271\317\022"
 698      5793B4AB 
 698      2BB4A779 
 698      DA53BCB9 
 698      CF12
 699 0808 952485EA 		.ascii	"\225$\205\3523\026\350\206\254\25509-\367qPQ\232\326"
 699      3316E886 
 699      ACAD3039 
 699      2DF77150 
 699      519AD6
 700 081b D0B4A762 		.ascii	"\320\264\247b:\215\222\354ER\036\327\323K\215I=\214"
 700      3A8D92EC 
 700      45521ED7 
 700      D34B8D49 
 700      3D8C
 701 082d 18BF84B7 		.ascii	"\030\277\204\2673\207\311\352\351\204\343\245\236\276"
 701      3387C9EA 
 701      E984E3A5 
 701      9EBE
 702 083b EE941BB7 		.ascii	"\356\224\033\267{\340\215\2211\375xz\036\217\265\004"
 702      7BE08D91 
 702      31FD787A 
 702      1E8FB504 
 703 084b 8DDA1FF9 		.ascii	"\215\332\037\371\263\013%Ku\270E?\307[\215-\243v]\236"
 703      B30B254B 
 703      75B8453F 
 703      C75B8D2D 
 703      A3765D9E 
 704 085f 859BD3F9 		.ascii	"\205\233\323\371D\2704\371\266\217\362i_\345\235\374"
 704      44B834F9 
 704      B68FF269 
 704      5FE59DFC 
 705 086f 94B7F250 		.ascii	"\224\267\362P\376\311_y\267_{\266\227\362)<\225\373"
 705      FEC95F79 
 705      B75F7BB6 
 705      97F2293C 
 705      95FB
 706 0881 7CB57BC6 		.ascii	"|\265{\306/\330\015\313R{\255\033\207\223L\022:\274"
 706      2FD80DCB 
 706      527BAD1B 
 706      87934C12 
 706      3ABC
 707 0893 8C5DB49B 		.ascii	"\214]\264\233\246\024\315\200\351gh\331\275\332\323"
 707      A614CD80 
 707      E96768D9 
 707      BDDAD3
 708 08a2 F81A37C9 		.ascii	"\370\0327\311\012\273E\213\037\367\011\224+E\357\353"
 708      0ABB458B 
 708      1FF70994 
 708      2B45EFEB 
 709 08b2 CADDBA1E 		.ascii	"\312\335\272\036tQ\265Gs.f<xxxr\230:\270\033\006\310"
 709      7451B547 
 709      732E663C 
 709      78787872 
 709      983AB81B 
 710 08c8 9E423593 		.ascii	"\236B5\2237\373\262\373\3743\377\263\037\273q[\307\232"
 710      37FBB2FB 
ARM GAS  C:\Users\PUBLIC~1.LAP\AppData\Local\Temp\ccVx4h18.s 			page 55


 710      FC33FFB3 
 710      1FBB715B 
 710      C79A
 711 08da 73EF7DF6 		.ascii	"s\357}\366d\267n\311\231\363\317\276\353\305\222\027"
 711      64B76EC9 
 711      99F3CFBE 
 711      EBC59217 
 712 08ea 7454D9C0 		.ascii	"tT\331\300\303\303\363K&\336\262K{:D{i8*Te>_\265\257"
 712      C3C3F34B 
 712      26DEB24B 
 712      7B3A447B 
 712      69382A54 
 713 0903 5772CF60 		.ascii	"Wr\317`PqE\327\036\012\226u\271\276\256\225\207\372"
 713      507145D7 
 713      1E0A9675 
 713      B9BEAE95 
 713      87FA
 714 0915 C0B45C1C 		.ascii	"\300\264\\\034\341Z\362`\037v\237\377\365O\177\2567"
 714      E15AF260 
 714      1F769FFF 
 714      F54F7FAE 
 714      37
 715 0926 C2C3C3A3 		.ascii	"\302\303\303\243!\307\251e\306\244\263\247Nh\2220^U"
 715      21C7A965 
 715      C6A4B3A7 
 715      4E689230 
 715      5E55
 716 0938 7A7CF6BA 		.ascii	"z|\366\272vb>\346\240\364#\371\347\266Cr\343\263\247"
 716      76623EE6 
 716      A0F423F9 
 716      E7B64372 
 716      E3B3A7
 717 094b 015F5D6C 		.ascii	"\001_]l\\i\332s^\326\303\271c\243z~f\300\315\240\372"
 717      5C69DA73 
 717      5ED6C3B9 
 717      63A37A7E 
 717      66C0CDA0 
 718 0960 D0F4784E 		.ascii	"\320\364xN\223\363#G\023\331g5\237y\252\023\356\320"
 718      93F32347 
 718      13D96735 
 718      9F79AA13 
 718      EED0
 719 0972 DAA07C06 		.ascii	"\332\240|\006\321\343\331L\232\003HRR\306\313K6\312"
 719      D1E3D94C 
 719      9A034852 
 719      52C6CB4B 
 719      36CA
 720 0984 3A34AB5C 		.ascii	":4\253\\&\277y\231[\226\021\343y\214\230\374\344$\214"
 720      26BF7999 
 720      5B9611E3 
 720      798C98FC 
 720      E4248C
 721 0997 F65EB1F7 		.ascii	"\366^\261\367\263K\035\023\235cb\010\003\003\206I\005"
 721      B34B1D13 
 721      9D636208 
 721      03038649 
 721      05
ARM GAS  C:\Users\PUBLIC~1.LAP\AppData\Local\Temp\ccVx4h18.s 			page 56


 722 09a8 4A5C1A06 		.ascii	"J\\\032\006\245\235g/v9\2322\231r\030\240\011\322\305"
 722      A59D672F 
 722      76399A32 
 722      997218A0 
 722      09D2C5
 723 09bb 96BF788E 		.ascii	"\226\277x\216\312\225\265\231\301e\312\030n\316.\356"
 723      CA95B599 
 723      C165CA18 
 723      6ECE2EEE 
 724 09cb 3F150AEC 		.ascii	"?\025\012\354k\307J\373\316S\335\014\234\035dNJ:.9J"
 724      6BC74AFB 
 724      CE53DD0C 
 724      9C1D644E 
 724      4A3A2E39 
 725 09e0 296CCD7D 		.ascii	")l\315}\366\314\305=k\311[\236\352\204\006\320\311\035"
 725      F6CCC53D 
 725      6BC95B9E 
 725      EA8406D0 
 725      C91D
 726 09f2 7DD67033 		.ascii	"}\326p3\250\370\356\250\331\251\307\363\334\231\026"
 726      A8F8EEA8 
 726      D9A9C7F3 
 726      DC9916
 727 0a01 1E59394B 		.ascii	"\036Y9K\216\242Se\344\211R\306\222\237\316(-A\3629."
 727      8EA25365 
 727      E48952C6 
 727      929FCE28 
 727      2D41F239 
 728 0a16 2E3F3D00 		.ascii	".?=\000J\021(\0338\275\270#67\267\374\026\202I\010S"
 728      4A11281B 
 728      38BDB823 
 728      3637B7FC 
 728      16824908 
 729 0a2b 678792CC 		.ascii	"g\207\222\314\310\025\317o\276\2460L\322|\316V\036\353"
 729      C815CF6F 
 729      BEA6304C 
 729      D27CCE56 
 729      1EEB
 730 0a3d 2E779ED4 		.ascii	".w\236\324\234\016\026+fP>\373\005\027mm%\004\311\252"
 730      9C0E162B 
 730      66503EFB 
 730      05176D6D 
 730      2504C9AA 
 731 0a51 925A61BA 		.ascii	"\222Za\272\002\365\331-,\241Be\002A|l\341x5]\225\321"
 731      02F5D92D 
 731      2CA14265 
 731      02417C6C 
 731      E178355D 
 732 0a67 9B32253F 		.ascii	"\2332%?\375\327\226*!n\307\014\256\033\266-.\025\210"
 732      FDD7962A 
 732      216EC70C 
 732      AE1BB62D 
 732      2E1588
 733 0a7a 685753CB 		.ascii	"hWS\313O\034\232Gp\025\030Q\262G\006oo'\016\327\310"
 733      4F1C9A47 
 733      70151851 
 733      B247066F 
ARM GAS  C:\Users\PUBLIC~1.LAP\AppData\Local\Temp\ccVx4h18.s 			page 57


 733      6F270ED7 
 734 0a8f 0A26995D 		.ascii	"\012&\231]\223\373\314Mr\024\274\314xx\321\315d^\340"
 734      93FBCC4D 
 734      7214BCCC 
 734      7878D1CD 
 734      645EE0
 735 0aa2 398A7B76 		.ascii	"9\212{v\222\323>\352\246\271\267\362\367\306dj\372\234"
 735      92D33EEA 
 735      A6B9B7F2 
 735      F7C6646A 
 735      FA9C
 736 0ab4 9FF47886 		.ascii	"\237\364x\206\342;\267\355k\215\371\371\000wG\335y\247"
 736      E23BB7ED 
 736      6B8DF9F9 
 736      007747DD 
 736      79A7
 737 0ac6 CE94B3B3 		.ascii	"\316\224\263\263\217\272\026\224\333\353J\032f\033\322"
 737      8FBA1694 
 737      DBEB4A1A 
 737      661BD2
 738 0ad5 9C81A42C 		.ascii	"\234\201\244,\227}\024^\352\235&\205\274\350\336k\027"
 738      977D145E 
 738      EA9D2685 
 738      BCE8DE6B 
 738      17
 739 0ae6 D8A4E935 		.ascii	"\330\244\3515\345\246\304\3042\231\223&'\276\350\242"
 739      E5A6C4C4 
 739      32999326 
 739      27BEE8A2 
 740 0af6 639EC96A 		.ascii	"c\236\311j\350\304\2048u\230Ph\016\323I'X\316\355\004"
 740      E8C48438 
 740      75985068 
 740      0ED34927 
 740      58CEED04 
 741 0b0a C5E177C4 		.ascii	"\305\341w\304\265`\202y\016\273^M0O\237\363Wz\367\366"
 741      B5608279 
 741      0EBB5E4D 
 741      304F9FF3 
 741      577AF7F6 
 742 0b1e 63C9E7AC 		.ascii	"c\311\347\254$'\343\234\310\371\310\311\\\247\2242;"
 742      2427E39C 
 742      C8F9C8C9 
 742      5CA79432 
 742      3B
 743 0b2f E3E5959F 		.ascii	"\343\345\225\237\314\3228k\252\236\262\344i\321D\210"
 743      CCD2386B 
 743      AA9EB2E4 
 743      69D14488 
 744 0b3f E4E76F6F 		.ascii	"\344\347oo&>p\\,\201\341\314E<?\363\021\234\272\037"
 744      263E705C 
 744      2C81E1CC 
 744      453C3FF3 
 744      119CBA1F 
 745 0b53 5ED43EE7 		.ascii	"^\324>\347#\237\215\344.\317G2\327\2152\037\311{\033"
 745      239F8DE4 
 745      2ECF4732 
 745      D78D321F 
ARM GAS  C:\Users\PUBLIC~1.LAP\AppData\Local\Temp\ccVx4h18.s 			page 58


 745      C97B1B
 746 0b66 DD5B41CE 		.ascii	"\335[A\316\275\025\340\027hK\310\250\331s\340\264\337"
 746      BD15E017 
 746      684BC8A8 
 746      D973E0B4 
 746      DF
 747 0b77 799B181C 		.ascii	"y\233\030\034<\300\234\011\021\222\267.\244\351\260"
 747      3CC09C09 
 747      1192B72E 
 747      A4E9B0
 748 0b86 D04287E3 		.ascii	"\320B\207\343\256\316l|\336\272zL\254\274P\343\322Z"
 748      AECE6C7C 
 748      DEBA7A4C 
 748      ACBC50E3 
 748      D25A
 749 0b98 5A1988BE 		.ascii	"Z\031\210\276\341\334N\\\034l\252\264)\2238=\003\311"
 749      E1DC4E5C 
 749      1C6CAAB4 
 749      2993383D 
 749      03C9
 750 0baa 4D53714D 		.ascii	"MSqMo\365\243\322\204\005\232,\215\205\225\237\356\336"
 750      6FF5A3D2 
 750      84059A2C 
 750      8D85959F 
 750      EEDE
 751 0bbc 4B8CE824 		.ascii	"K\214\350$5+M\252\266\374>\361V\236\341A>\342\026\365"
 751      352B4DAA 
 751      B6FC3EF1 
 751      569EE141 
 751      3EE216F5 
 752 0bd0 75EDC1D0 		.ascii	"u\355\301\320\301\303yd\037\227l\357m\344\344T\221\004"
 752      C1C37964 
 752      1F976CEF 
 752      6DE4E454 
 752      9104
 753 0be2 F9A2A387 		.ascii	"\371\242\243\207g\037\251\230\253$aBn\226\220\262\344"
 753      671FA998 
 753      AB246142 
 753      6E9690B2 
 753      E4
 754 0bf3 C4C89175 		.ascii	"\304\310\221u\344\310;vLM\345\252\"\264.\321\233\274"
 754      E4C83B76 
 754      4C4DE5AA 
 754      22B42ED1 
 754      9BBC
 755 0c05 BA296732 		.ascii	"\272)g2\225\347*\0147\3256\343\263\337\341\275\327\222"
 755      95E72A0C 
 755      37D536E3 
 755      B3DFE1BD 
 755      D792
 756 0c17 A546171A 		.ascii	"\245F\027\032\3558o7\262\324\215\214C\335\373\241M)"
 756      ED386F37 
 756      B2D48D8C 
 756      43DDFBA1 
 756      4D29
 757 0c29 260E28A8 		.ascii	"&\016(\250\034u7\023\316\202)pNN\034pj\210a1\373\034"
 757      1C753713 
ARM GAS  C:\Users\PUBLIC~1.LAP\AppData\Local\Temp\ccVx4h18.s 			page 59


 757      CE822970 
 757      4E4E1C70 
 757      6A886131 
 758 0c3f 85F74CA8 		.ascii	"\205\367L\250\262\204\303D;\316\017\355\231Fn\362\\"
 758      B284C344 
 758      3BCE0FED 
 758      99466EF2 
 758      5C
 759 0c50 C3738DFC 		.ascii	"\303s\215\374t\231{o\036\373(\256g)\251e\015o;19\270"
 759      74997B6F 
 759      1EFB28AE 
 759      6729A965 
 759      0D6F3B31 
 760 0c66 FB9DE727 		.ascii	"\373\235\347'\367\354\3640\234\016\303\336b\366\336"
 760      F7ECF430 
 760      9C0EC3DE 
 760      62F6DE
 761 0c75 01B8D9AB 		.ascii	"\001\270\331\253\303\202\364\371o\264\350\012\027z\235"
 761      C382F4F9 
 761      6FB4E80A 
 761      177A9D
 762 0c84 02CC0C7E 		.ascii	"\002\314\014~=\247\010\030\332\225\030\034\243\246R"
 762      3DA70818 
 762      DA95181C 
 762      A3A652
 763 0c93 C7E7BB29 		.ascii	"\307\347\273)\2607\206\275\265rj\351.\303\246\222[9"
 763      B03786BD 
 763      B5726AE9 
 763      2EC3A692 
 763      5B39
 764 0ca5 15B5B00C 		.ascii	"\025\265\260\014k2+XB\247\230\266\262\311\274[i\264"
 764      6B322B58 
 764      42A798B6 
 764      B2C9BC5B 
 764      69B4
 765 0cb7 97D0BD2D 		.ascii	"\227\320\275-\354\335\334K\250\021sC\367\276\\\312\346"
 765      ECDDDC4B 
 765      A8117343 
 765      F7BE5CCA 
 765      E6
 766 0cc8 5EEE26F3 		.ascii	"^\356&\363.\367T\323\302R\331L\356\260\251%\013;l\212"
 766      2EF754D3 
 766      C252D94C 
 766      EEB0A925 
 766      0B3B6C8A 
 767 0cdc B90C9B62 		.ascii	"\271\014\233bZXB\215\366\206\032%+\330\333\210\271\014"
 767      5A58428D 
 767      F6861A25 
 767      2BD8DB88 
 767      B90C
 768 0cee CB625AD8 		.ascii	"\313bZ\330\312\251\3442\314h\211\002{'\347\274\2227"
 768      CAA9E432 
 768      CC688902 
 768      7B27E7BC 
 768      9237
 769 0d00 790466B5 		.ascii	"y\004f\265\303\214^<s\271m\354\275\237.T\271\235\366"
 769      C38C5E3C 
ARM GAS  C:\Users\PUBLIC~1.LAP\AppData\Local\Temp\ccVx4h18.s 			page 60


 769      73B96DEC 
 769      BD9F2E54 
 769      B99DF6
 770 0d13 5636376C 		.ascii	"V67l\260\346\262\312QSgs\301p\"\355\275\325 6,\244m"
 770      B0E6B2CA 
 770      51536773 
 770      C17022ED 
 770      BDD52036 
 771 0d2a 23E77E73 		.ascii	"#\347~s2\232\200\271\267\215$t\333P\241{O\260\337\222"
 771      329A80B9 
 771      B78D2474 
 771      DB50A17B 
 771      4FB0DF92 
 772 0d3e 6F17FAB6 		.ascii	"o\027\372\266\223i\312\275o\332\336N,\366\336\025\366"
 772      9369CABD 
 772      6FDADE4E 
 772      2CF6DE15 
 772      F6
 773 0d4f DE385BC9 		.ascii	"\3368[\311\364\342\210\252y\303\342\250\331bo\345\270"
 773      F4E288AA 
 773      79C3E2A8 
 773      D9626FE5 
 773      B8
 774 0d60 4BCB30AA 		.ascii	"K\3130\252f\317\023\2610\347>\202&\357\362Es;\367\226"
 774      66CF13B1 
 774      30E73E82 
 774      26EFF245 
 774      733BF796 
 775 0d74 29A60E4B 		.ascii	")\246\016KB7Y\230\0347/\253\350\347,C\003\232\254\033"
 775      42375998 
 775      1C372FAB 
 775      E8E72C43 
 775      039AAC1B 
 776 0d88 30ED77C8 		.ascii	"0\355w\310\315J\277\317\254\314K\036\354-\343\003\020"
 776      CD4ABFCF 
 776      ACCC4B1E 
 776      EC2DE303 
 776      10
 777 0d99 205017D8 		.ascii	" P\027\330t\301\325}\371\214\005\232\343\305bK\322\362"
 777      74C1D57D 
 777      F98C059A 
 777      E3C5624B 
 777      D2F2
 778 0dab A5CCF4CC 		.ascii	"\245\314\364\314\354\234YIN0\362\213\314\314.r\214\373"
 778      EC9C5949 
 778      4E30F28B 
 778      CCCC2E72 
 778      8CFB
 779 0dbd CC4A1FE7 		.ascii	"\314J\037\347yEf\321\342\245^8\263RFz)\26335\244\360"
 779      794566D1 
 779      E2A55E38 
 779      B352467A 
 779      29B33335 
 780 0dd3 F0E83242 		.ascii	"\360\3502B\234\311\233\3547[\332o\252\264\337\320\320"
 780      9CC99BEC 
 780      375BDA6F 
 780      AAB4DFD0 
ARM GAS  C:\Users\PUBLIC~1.LAP\AppData\Local\Temp\ccVx4h18.s 			page 61


 780      D0
 781 0de4 7EB3425F 		.ascii	"~\263B_\0146x\332=\033\371}f#\254\225\273\344\360r\342"
 781      0C3678DA 
 781      3D1BF97D 
 781      6623AC95 
 781      BBE4F072 
 782 0df9 6DA6D305 		.ascii	"m\246\323\005:ae\232l\011\313;@\254\220\011`\221\255"
 782      3A61659A 
 782      6C09CB3B 
 782      40AC9009 
 782      6091AD
 783 0e0c 70A1C28F 		.ascii	"p\241\302\217H\010\210b\015nhU\260-rH\342g\004\237\232"
 783      48088862 
 783      0D6E6855 
 783      B02D7248 
 783      E267049F 
 784 0e21 2372B812 		.ascii	"#r\270\022\215\307\023+\006\022?>D\343\261\203\013H"
 784      8DC7132B 
 784      06123F3E 
 784      44E3B183 
 784      0B48
 785 0e33 A2F603C7 		.ascii	"\242\366\003\307\341N\320\272\342\244\0378\016WV\310"
 785      E14ED0BA 
 785      E2A41F38 
 785      0E5756C8 
 786 0e43 04103904 		.ascii	"\004\0209\004ZW\034\"\027\206@!h\024*\222\020\014\006"
 786      5A571C22 
 786      17864021 
 786      68142A92 
 786      100C06
 787 0e56 ADC82192 		.ascii	"\255\310!\222\030\002[\034\012\025\001S\010\001q|H\214"
 787      18025B1C 
 787      0A150153 
 787      0801717C 
 787      488C
 788 0e68 C0C1CF06 		.ascii	"\300\301\317\006\025X[\026\271\2568.\354\320\242\000"
 788      15585B16 
 788      B9AE382E 
 788      ECD0A200 
 789 0e78 E1834270 		.ascii	"\341\203BpX\3028\242D\006\204\301\006\210\340#\014b"
 789      58C238A2 
 789      440684C1 
 789      0688E023 
 789      0C62
 790 0e8a 70610720 		.ascii	"pa\007 a\020\371\303\012\021\001\261\302 \222%!\014"
 790      6110F9C3 
 790      0A1101B1 
 790      C2209225 
 790      210C
 791 0e9c FE088315 		.ascii	"\376\010\203\025\\\330\201\310\022W\033\"K|\300\020"
 791      5CD881C8 
 791      12571B22 
 791      4B7CC010 
 792 0eac 9015AEAB 		.ascii	"\220\025\256\253\215\013;8\240\350hl\203\300\023\353"
 792      8D0B3B38 
 792      A0E8686C 
 792      83C013EB 
ARM GAS  C:\Users\PUBLIC~1.LAP\AppData\Local\Temp\ccVx4h18.s 			page 62


 793 0ebc 9A034CB1 		.ascii	"\232\003L\261~\010\256\302 \206u\005*\262\033\326\025"
 793      7E08AEC2 
 793      20867505 
 793      2AB21BD6 
 793      15
 794 0ecd 85E0BA4E 		.ascii	"\205\340\272N`B\021P\210\035\001\304\012\011\031G\260"
 794      60421150 
 794      881D01C4 
 794      0A091947 
 794      B0
 795 0ede 60427128 		.ascii	"`Bq(l\207%\020\031E }2\370\034Y!\240\"\320\203\022\027"
 795      6C872510 
 795      1945207D 
 795      32F81C59 
 795      21A022D0 
 796 0ef5 848CC60A 		.ascii	"\204\214\306\012\254\251\017\012AV(\"\210m\213>%X! "
 796      ACA90F0A 
 796      41562822 
 796      886D8B3E 
 796      25582120 
 797 0f09 9F9D5608 		.ascii	"\237\235V\010\350\001\262\350gX\364\371\261?\355\020"
 797      E801B2E8 
 797      6758F4F9 
 797      B13FED10 
 798 0f19 5802861D 		.ascii	"X\002\206\035\366hl\221,\211\011$\370\320\241=\002\207"
 798      F6686C91 
 798      2C890924 
 798      F8D0A13D 
 798      0287
 799 0f2b 3A988042 		.ascii	":\230\200B\320\370\001Pq\003$Q\013l\177Z\326\002\310"
 799      D0F80150 
 799      71032451 
 799      0B6C7F5A 
 799      D602C8
 800 0f3e A21F6190 		.ascii	"\242\037a\220\002\027v01\024Z@;,\016W\023C!\244q]o<"
 800      02177630 
 800      31145A40 
 800      3B2C0E57 
 800      134321A4 
 801 0f56 04110315 		.ascii	"\004\021\003\025l{4\006k\234\210\201\006(\210G\240\366"
 801      6C7B3406 
 801      6B9C8881 
 801      06288847 
 801      A0F6
 802 0f68 05F4E076 		.ascii	"\005\364\340v\265\001*\262:@Ev\315a\205\200\206:A'\202"
 802      B5012AB2 
 802      3A404576 
 802      CD618580 
 802      863A4127 
 803 0f7d EB07F7F0 		.ascii	"\353\007\367\360A\030,\006[d\213D\026!5;TTb-Q\302\010"
 803      41182C06 
 803      5B648B44 
 803      1621353B 
 803      5454622D 
 804 0f94 EDC20E21 		.ascii	"\355\302\016!\210\301\225=\032}<\260"
 804      88C1953D 
 804      1A7D3CB0 
ARM GAS  C:\Users\PUBLIC~1.LAP\AppData\Local\Temp\ccVx4h18.s 			page 63


 805 0fa0 47A3080F 		.ascii	"G\243\010\017?>? \210\360\320\252`A\010\361\001\211"
 805      3F3E3F20 
 805      88F0D0AA 
 805      604108F1 
 805      0189
 806 0fb2 1222B206 		.ascii	"\022\"\262\006|F\020!\302\004\016F\340\200\203\017~"
 806      7C461021 
 806      C2040E46 
 806      E080830F 
 806      7E
 807 0fc3 74891044 		.ascii	"t\211\020D\220\360\363\201Z\"\004\021#>\020\241\003"
 807      90F0F381 
 807      5A220411 
 807      233E10A1 
 807      03
 808 0fd4 1F891F11 		.ascii	"\037\211\037\021#\344\017\037>|\350\351\351\351\001"
 808      23E40F1F 
 808      3E7CE8E9 
 808      E9E901
 809 0fe3 01024408 		.ascii	"\001\002D\010\"\370\224\020\021\002\011\035\374@\214"
 809      22F89410 
 809      1102091D 
 809      FC408C
 810 0ff2 E0200324 		.ascii	"\340 \003$8\370\341\200\304/\304\010 \210 \"mW\020!"
 810      38F8E180 
 810      C42FC408 
 810      20882022 
 810      6D571021 
 811 1006 DAE29048 		.ascii	"\332\342\220H\207\300\300\317\006 \244\277v\315qa\207"
 811      87C0C0CF 
 811      0620A4BF 
 811      76CD7161 
 811      87
 812 1017 2024710D 		.ascii	" $q\015\016\213\300\241_\020\221\011\026h%\262A&\200"
 812      0E8BC0A1 
 812      5F109109 
 812      166825B2 
 812      412680
 813 102a 70BBDEB4 		.ascii	"p\273\336\264E\366x$\012\026\035\323v\315\320\256?d"
 813      45F67824 
 813      0A161DD3 
 813      76CDD0AE 
 813      3F64
 814 103c 11D2873C 		.ascii	"\021\322\207<\262\304!Q{\034\242X\205A\011\332U\010"
 814      B2C42151 
 814      7B1CA258 
 814      854109DA 
 814      5508
 815 104e 88E2C8B6 		.ascii	"\210\342\310\266\305!\262\010\211\223\266\253N\213l"
 815      C521B208 
 815      8993B6AB 
 815      4E8B6C
 816 105d 8558A055 		.ascii	"\205X\240U\030\304\001J[\024j\273\326\024\035[\3440"
 816      18C4014A 
 816      5B146ABB 
 816      D6141D5B 
 816      E430
ARM GAS  C:\Users\PUBLIC~1.LAP\AppData\Local\Temp\ccVx4h18.s 			page 64


 817 106f 883DAEC2 		.ascii	"\210=\256\302\240M\020{\364\265\353\017h\270\372\332"
 817      A04D107B 
 817      F4B5EB0F 
 817      68B8FADA 
 818 107f 55756107 		.ascii	"Uua\007\005\264\353j\223\211\202'\216\271]1\004\015"
 818      05B4EB6A 
 818      93898227 
 818      8EB95D31 
 818      040D
 819 1091 4F64081A 		.ascii	"Od\010\032\236(\032\203\252\220\3218DLsj\034\356\024"
 819      9E281A83 
 819      AA90D138 
 819      444C736A 
 819      1CEE14
 820 10a4 B5C3E32A 		.ascii	"\265\303\343*\014Z\030R\217@B\354\302\016\354\321\030"
 820      0C5A1852 
 820      8F4042EC 
 820      C20EECD1 
 820      18
 821 10b5 14063D80 		.ascii	"\024\006=\200\200\201\006(@ \261\201\007\244\207\242"
 821      80810628 
 821      4020B181 
 821      07A487A2 
 822 10c5 91483406 		.ascii	"\221H4\006%\320\252`\333\2421x\243\242\015\266\305\341"
 822      25D0AA60 
 822      DBA23178 
 822      A3A20DB6 
 822      C5E1
 823 10d7 DA1E8D43 		.ascii	"\332\036\215C6C\310W\321\006\361QmW\234\025i\\\205\301"
 823      3643C857 
 823      D106F151 
 823      6D579C15 
 823      695C85C1 
 824 10eb 9C235B4C 		.ascii	"\234#[LaL\217@a0\263D`1\263H\240\011`1h(\004D\241E\326"
 824      614C8F40 
 824      6130B344 
 824      6031B348 
 824      A0096031 
 825 1106 00155960 		.ascii	"\000\025Y`\253\331\026\330\"\323ve\201\214\304\326\207"
 825      ABD916D8 
 825      22D37665 
 825      818CC4D6 
 825      87
 826 1117 0C020A9D 		.ascii	"\014\002\012\235H\333\265\365!O\260\307\034d=`\302\250"
 826      48DBB5F5 
 826      214FB0C7 
 826      1C643D60 
 826      C2A8
 827 1129 41109258 		.ascii	"A\020\222X\004tTY c\260\035\252`\365\220\007L\030\333"
 827      04745459 
 827      2063B01D 
 827      AA60F590 
 827      074C18DB 
 828 113d 146ABBB2 		.ascii	"\024j\273\262\301\"{dO\260\307\013\355:tl\333\024i\273"
 828      C1227B64 
 828      4FB0C70B 
 828      ED3A746C 
ARM GAS  C:\Users\PUBLIC~1.LAP\AppData\Local\Temp\ccVx4h18.s 			page 65


 828      DB1469BB 
 829 1151 06218969 		.ascii	"\006!\211i\020\022\351c\217F\341\020\220\310\"Wa\360"
 829      1012E963 
 829      8F46E110 
 829      90C82257 
 829      61F0
 830 1163 6688C822 		.ascii	"f\210\310\"\333\024\352\220\212\226\330\246PS\260*\321"
 830      DB14EA90 
 830      8A96D8A6 
 830      5053B02A 
 830      D1
 831 1174 6DD7DF2A 		.ascii	"m\327\337*\014\372\202\212\303v\010L\341sa\007\2440"
 831      0CFA828A 
 831      C376084C 
 831      E1736107 
 831      A430
 832 1186 E8810522 		.ascii	"\350\201\005\"\022\012\026\207\031\240`\217C\271]kT"
 832      120A1687 
 832      19A0608F 
 832      43B95D6B 
 832      54
 833 1197 B0C5CC12 		.ascii	"\260\305\314\022\261D\037\010B\022u\273\242\200\004"
 833      B1441F08 
 833      421275BB 
 833      A28004
 834 11a6 12DB228B 		.ascii	"\022\333\"\213\202\265\011*\016\201\212\354\020\253"
 834      82B5092A 
 834      0E818AEC 
 834      10AB
 835 11b4 55B02D11 		.ascii	"U\260-\021q\025\006u\213\034\012\251h\211\276vm}\306"
 835      71150675 
 835      8B1C0AA9 
 835      6889BE76 
 835      6D7DC6
 836 11c7 E1714808 		.ascii	"\341qH\010\310\0365\020\220=\012\333\342\020H\254A\262"
 836      C81E3510 
 836      903D0ADB 
 836      E21048AC 
 836      41B2
 837 11d9 C122B045 		.ascii	"\301\"\260E\026\207?\327\240G\004\001H\010\301\002:"
 837      16873FD7 
 837      A0470401 
 837      4808C102 
 837      3A
 838 11ea D8015984 		.ascii	"\330\001Y\204\024\006=\004\217H\017\355\321\003\322"
 838      14063D04 
 838      8F480FED 
 838      D103D2
 839 11f9 E8E14784 		.ascii	"\350\341G\204\241\211\241PD\007\026\000\242g\210\310"
 839      A189A150 
 839      44071600 
 839      A26788C8 
 840 1209 B61D2812 		.ascii	"\266\035(\022\022\015\205V\340\207\017\035p\300\210"
 840      120D8556 
 840      E0870F1D 
 840      70C088
 841 1218 0E7EE529 		.ascii	"\016~\345)Vz\225j\245L\025C\320\234\333i\006\007\367"
ARM GAS  C:\Users\PUBLIC~1.LAP\AppData\Local\Temp\ccVx4h18.s 			page 66


 841      567A956A 
 841      A54C1543 
 841      D09CDB69 
 841      0607F7
 842 122b 34CB532D 		.ascii	"4\313S-\033\2747.NW=<\365\321\303\314\233\004OVVwA$"
 842      1BBC372E 
 842      4E573D3C 
 842      F5D1C3CC 
 842      9B044F56 
 843 1243 585679AA 		.ascii	"XVy\252\243\352JTojJ\015\214\030-\345)\016\251\264y"
 843      A3EA4A54 
 843      6F6A4A0D 
 843      8C182DE5 
 843      290EA9B4 
 844 1258 AB947B27 		.ascii	"\253\224{'\355{\207g\344J\264\231T\355\306\262\272\260"
 844      ED7B8767 
 844      E44AB499 
 844      54EDC6B2 
 844      BAB0
 845 126a 45ED489F 		.ascii	"E\355H\237<\265\221>\2457\334\322\346\2307r\312\304"
 845      3CB5913E 
 845      A537DCD2 
 845      E6983772 
 845      CAC4
 846 127c B851F639 		.ascii	"\270Q\3669\203X\223\2475\232 \320\245S\031\236\316H"
 846      835893A7 
 846      359A20D0 
 846      A553199E 
 846      CE48
 847 128e 65E43133 		.ascii	"e\34413\354H\227\322\2452L\031dh\367\224\211C\311S\030"
 847      EC4897D2 
 847      A5324C19 
 847      6468F794 
 847      8943C953 
 848 12a3 4A394A8D 		.ascii	"J9J\2159\307\344\332K\221<MJ\221R\027\021\010\003\245"
 848      39C7E4DA 
 848      4B913C4D 
 848      4A915217 
 848      110803A5 
 849 12b7 8B0D2F75 		.ascii	"\213\015/u\201\313:\340\352\362\364\371.m\3417gl`\261"
 849      81CB3AE0 
 849      EAF2F4F9 
 849      2E6DE137 
 849      676C60B1 
 850 12cb AAD32CFE 		.ascii	"\252\323,\376\013\315\221\247\312#u\3179\307\344\262"
 850      0BCD91A7 
 850      CA2375CF 
 850      39C7E4B2 
 851 12db 926E4F93 		.ascii	"\222nO\223\351\316O\026$\3676\202n\251\237\204e\250"
 851      E9CE4F16 
 851      24F73682 
 851      6EA99F84 
 851      65A8
 852 12ed 03D3D391 		.ascii	"\003\323\323\221L\030s\0141\204\014\032\242\031\232"
 852      4C18730C 
 852      31840C1A 
 852      A2199A
ARM GAS  C:\Users\PUBLIC~1.LAP\AppData\Local\Temp\ccVx4h18.s 			page 67


 853 12fc A4035315 		.ascii	"\244\003S\025@`P\\,\236\353\322\332\003\023\200\321"
 853      4060505C 
 853      2C9EEBD2 
 853      DA031380 
 853      D1
 854 130d 69F3A1AE 		.ascii	"i\363\241\256d\312)\205DDD$(HAaI%\035\254B|\216\036"
 854      64CA2985 
 854      44444424 
 854      28484161 
 854      49251DAC 
 855 1325 EC58777B 		.ascii	"\354Xw{\337\207\335;\234\022@P\230n\034\255\336\220"
 855      DF87DD3B 
 855      9C124050 
 855      986E1CAD 
 855      DE90
 856 1337 F48B647E 		.ascii	"\364\213d~\001:\020E\322\233]N\011\344%\010\177\303"
 856      013A1045 
 856      D29B5D4E 
 856      09E42508 
 856      7FC3
 857 1349 99AE3690 		.ascii	"\231\2566\220\234[;X\010Lw\261\013\362\207\370\200 "
 857      9C5B3B58 
 857      084C77B1 
 857      0BF287F8 
 857      8020
 858 135b EA0A75D4 		.ascii	"\352\012u\324R\220\3658\3369\215\350\303\210\013D\015"
 858      5290F538 
 858      DE398DE8 
 858      C3880B44 
 858      0D
 859 136c 13A3BDBE 		.ascii	"\023\243\275\276\240)\353c^\276u\235\006\010m\366\365"
 859      A029EB63 
 859      5EBE759D 
 859      06086DF6 
 859      F5
 860 137d 0B7933E1 		.ascii	"\013y3\341\326\020\344\241\207\353V\314\000M\202\005"
 860      D610E4A1 
 860      87EB56CC 
 860      004D8205 
 861 138d 2260CFFD 		.ascii	"\"`\317\375\000\253\033t\224\343\001\231v\232\025\317"
 861      00AB1B74 
 861      94E30199 
 861      769A15CF 
 862 139d E1B2C0EA 		.ascii	"\341\262\300\3526\322\275(\312\377\370Dgm\037l\206i"
 862      36D2BD28 
 862      CAFFF844 
 862      676D1F6C 
 862      8669
 863 13af F39C406C 		.ascii	"\363\234@l\343\242\361o\376\202\214&\000\313\2778\271"
 863      E3A2F16F 
 863      FE828C26 
 863      00CBBF38 
 863      B9
 864 13c0 4CBE5285 		.ascii	"L\276R\205\260{UqtJ\206\251.\253W\201\317\013R\372p"
 864      B07B5571 
 864      744A86A9 
 864      2EAB5781 
ARM GAS  C:\Users\PUBLIC~1.LAP\AppData\Local\Temp\ccVx4h18.s 			page 68


 864      CF0B52FA 
 865 13d5 6F501EB2 		.ascii	"oP\036\262\205\\\234\217x\325\244\232u\022a\221\316"
 865      855C9C8F 
 865      78D5A49A 
 865      75126191 
 865      CE
 866 13e6 4445D4B5 		.ascii	"DE\324\265\262\220\015b\334\203\311s\032;9\262\376%"
 866      B2900D62 
 866      DC83C973 
 866      1A3B39B2 
 866      FE25
 867 13f8 B7D34D6E 		.ascii	"\267\323Mn\321\241\223\211\277\343\214\217\216\321\005"
 867      D1A19389 
 867      BFE38C8F 
 867      8ED105
 868 1407 569009B1 		.ascii	"V\220\011\261\253:\225`\217E\375/\305\021\025\204z8"
 868      AB3A9560 
 868      8F45FD2F 
 868      C5111584 
 868      7A38
 869 1419 39C27462 		.ascii	"9\302tb\234,S\235 \021\310, ?\320\236wL\021\023H\031"
 869      9C2C539D 
 869      2011C82C 
 869      203FD09E 
 869      774C1113 
 870 142f EBFECB87 		.ascii	"\353\376\313\207\335N''&\026\357\025\011\240G\375\202"
 870      DD4E2727 
 870      2616EF15 
 870      09A047FD 
 870      82
 871 1440 33FB051C 		.ascii	"3\373\005\034\270L\256\345\334\004\3138\274\367\352"
 871      B84CAEE5 
 871      DC04CB38 
 871      BCF7EA
 872 144f 8DD3F6DE 		.ascii	"\215\323\366\336\327*y \330|HY\374pq\016\034\277\347"
 872      D72A7920 
 872      D87C4859 
 872      FC70710E 
 872      1CBFE7
 873 1462 2B3CCB64 		.ascii	"+<\313d\301\326}\252\002RY\240!\244\345\027\250\355"
 873      C1D67DAA 
 873      025259A0 
 873      21A4E517 
 873      A8ED
 874 1474 0BC2FCE9 		.ascii	"\013\302\374\3517\024p-Y.\216M4\363\343W\032v\252?\262"
 874      3714702D 
 874      592E8E4D 
 874      34F3E357 
 874      1A76AA3F 
 875 1489 586E8B06 		.ascii	"Xn\213\006<\012\007F\245b\200)mF8\221\376A\301W\377"
 875      3C0A0746 
 875      A5628029 
 875      6D463891 
 875      FE41C157 
 876 149e 7C7414BC 		.ascii	"|t\024\274R\312\270B\225\207W\234J\350\011\240\\Y\310"
 876      52CAB842 
 876      9587579C 
ARM GAS  C:\Users\PUBLIC~1.LAP\AppData\Local\Temp\ccVx4h18.s 			page 69


 876      4AE809A0 
 876      5C59C8
 877 14b1 DF231853 		.ascii	"\337#\030S\017\355\"\013\242\227\255\333\324\2766\351"
 877      0FED220B 
 877      A297ADDB 
 877      D4BE36E9 
 878 14c1 3CE86D15 		.ascii	"<\350m\025\230\025\361(\000X\325\322\304v \205\313\276"
 878      9815F128 
 878      0058D5D2 
 878      C4762085 
 878      CBBE
 879 14d3 9D83D53A 		.ascii	"\235\203\325:\356\221\2471d{\023\326l\177\004\222V\331"
 879      EE91A731 
 879      647B13D6 
 879      6C7F0492 
 879      56D9
 880 14e5 572FA420 		.ascii	"W/\244 \346\327+\261\300}\0301\3125\2532\342\324\306"
 880      E6D72BB1 
 880      C07D1831 
 880      CA35AB32 
 880      E2D4C6
 881 14f8 6ADF09BC 		.ascii	"j\337\011\274\034\305\361`\342\275\255\221\277!\210"
 881      1CC5F160 
 881      E2BDAD91 
 881      BF2188
 882 1507 7F4EA2EA 		.ascii	"\177N\242\352\344\372\376\215\367\371\362\376n\260G"
 882      E4FAFE8D 
 882      F7F9F2FE 
 882      6EB047
 883 1516 16768160 		.ascii	"\026v\201`\027\370\022\200\003\002\2470\301x\037\210"
 883      17F81280 
 883      0302A730 
 883      C1781F88 
 884 1526 CEA5F66D 		.ascii	"\316\245\366m\030G\223\030L\201-\337o0\011\323\340\262"
 884      18479318 
 884      4C812DDF 
 884      6F3009D3 
 884      E0B2
 885 1538 7DE52CAB 		.ascii	"}\345,\253\244\035\325\377\353\317^;\375ve\246o\025"
 885      A41DD5FF 
 885      EBCF5E3B 
 885      FD7665A6 
 885      6F15
 886 154a 31601E5C 		.ascii	"1`\036\\H\204\332\257\225:\327\002@G\216\373\"d\335"
 886      4884DAAF 
 886      953AD702 
 886      40478EFB 
 886      2264DD
 887 155d 611F8CA4 		.ascii	"a\037\214\244kzY\254\311\010\033\301)\225\341@kL\302"
 887      6B7A59AC 
 887      C9081BC1 
 887      2995E140 
 887      6B4CC2
 888 1570 98A59925 		.ascii	"\230\245\231%\000oG\001\375F\010L\206\251\273G^\236"
 888      006F4701 
 888      FD46084C 
 888      86A9BB47 
ARM GAS  C:\Users\PUBLIC~1.LAP\AppData\Local\Temp\ccVx4h18.s 			page 70


 888      5E9E
 889 1582 A65ABCBA 		.ascii	"\246Z\274\272\215\237\275\230\376\024\324\325W,n\237"
 889      8D9FBD98 
 889      FE14D4D5 
 889      572C6E9F 
 890 1592 E6203586 		.ascii	"\346 5\206+\216\337X\016L\030\031\345\271bN1\342\253"
 890      2B8EDF58 
 890      0E4C1819 
 890      E5B9624E 
 890      31E2AB
 891 15a5 819B31F5 		.ascii	"\201\2331\365=\260\032\204\210_q\025h\325\241%9IV\371"
 891      3DB01A84 
 891      885F7115 
 891      68D5A125 
 891      394956F9 
 892 15b9 5072875E 		.ascii	"Pr\207^9\031c\267\352I:mV&\230\0213I\200\021I\016i\357"
 892      391963B7 
 892      EA493A6D 
 892      56269811 
 892      33498011 
 893 15d1 860968C3 		.ascii	"\206\011h\303t\031\023M\214\324\277\236r\206\012\344"
 893      7419134D 
 893      8CD4BF9E 
 893      72860AE4 
 894 15e1 188B5C8F 		.ascii	"\030\213\\\217v\303\340e\372A\032\272\272Bbp\340\223"
 894      76C3E065 
 894      FA411ABA 
 894      BA426270 
 894      E093
 895 15f3 BA46569E 		.ascii	"\272FV\236\335)\036\342\224&\020!\216\2504B\226g\013"
 895      DD291EE2 
 895      94261021 
 895      8EA83442 
 895      96670B
 896 1606 B85D8063 		.ascii	"\270]\200c6{j\376\347\222\007\227\0116\365\177\321\000"
 896      367B6AFE 
 896      E7920797 
 896      0936F57F 
 896      D100
 897 1618 88486741 		.ascii	"\210HgA\"J7\271\240\"5\377\221\345\256\244\340\033\357"
 897      224A37B9 
 897      A02235FF 
 897      91E5AEA4 
 897      E01BEF
 898 162b B834C39C 		.ascii	"\2704\303\234\\\253\323\036\005\013\244\304tZ\314\251"
 898      5CABD31E 
 898      050BA4C4 
 898      745ACCA9 
 899 163b F75C3ADB 		.ascii	"\367\\:\333V\261\251rf\257L\021\316\205UN\225H5\251"
 899      56B1A972 
 899      66AF4C11 
 899      CE85554E 
 899      954835A9 
 900 164f 72C7833D 		.ascii	"r\307\203=\031\245\217\237H\316\213\331'\224\310\266"
 900      19A58F9F 
 900      48CE8BD9 
 900      2794C8B6 
ARM GAS  C:\Users\PUBLIC~1.LAP\AppData\Local\Temp\ccVx4h18.s 			page 71


 901 165f 2472AA9C 		.ascii	"$r\252\234\312P\031\243\210\270\356\370Bf\223i\322\374"
 901      CA5019A3 
 901      88B8EEF8 
 901      42669369 
 901      D2FC
 902 1671 23CD12D2 		.ascii	"#\315\022\322 *\270\344\004%\246\212\315)\027b\354\315"
 902      202AB8E4 
 902      0425A68A 
 902      CD291762 
 902      ECCD
 903 1683 8E31E16C 		.ascii	"\2161\341l\"+\257\277\346\262f$ $T2\233`\357\324gD\270"
 903      222BAFBF 
 903      E6B26624 
 903      20245432 
 903      9B60EFD4 
 904 169a 70CA5C31 		.ascii	"p\312\\1\225\353\350[\203\264S\230B\024/\242`\314\355"
 904      95EBE85B 
 904      83B45398 
 904      42142FA2 
 904      60CCED
 905 16ad 986CCEA5 		.ascii	"\230l\316\245\006o\302\006\236\352/\336\024[\225a<\325"
 905      066FC206 
 905      9EEA2FDE 
 905      145B9561 
 905      3CD5
 906 16bf 2550B92A 		.ascii	"%P\271*\234k}\354<N\027\202\003hIh\327\356AH\325eB\027"
 906      9C6B7DEC 
 906      3C4E1782 
 906      03684968 
 906      D7EE4148 
 907 16d7 A46EC525 		.ascii	"\244n\305%\023\243'\313\262.a1\006\035\177\274`T\215"
 907      13A327CB 
 907      B22E6131 
 907      061D7FBC 
 907      60548D
 908 16ea 772C7616 		.ascii	"w,v\026li\005S\011\014\205\001\314\033>dw\302\276w\211"
 908      6C690553 
 908      090C8501 
 908      CC1B3E64 
 908      77C2BE77 
 909 16ff 750FC3C4 		.ascii	"u\017\303\304\247 \\\201\003A\212\335\022[N\316rsmK"
 909      A7205C81 
 909      03418ADD 
 909      125B4ECE 
 909      72736D4B 
 910 1713 F02D4821 		.ascii	"\360-H!]w\332xB,\354D\220\207e\264(\324\032\265[\240"
 910      5D77DA78 
 910      422CEC44 
 910      908765B4 
 910      28D41AB5 
 911 1729 FBEB482F 		.ascii	"\373\353H/:\256\273\220\367j\236!p\251\302\374[\343"
 911      3AAEBB90 
 911      F76A9E21 
 911      70A9C2FC 
 911      5BE3
 912 173b 47754AAE 		.ascii	"GuJ\256!\035\016\223\0370\211\246\002\241\253\315M\273"
 912      211D0E93 
ARM GAS  C:\Users\PUBLIC~1.LAP\AppData\Local\Temp\ccVx4h18.s 			page 72


 912      1F3089A6 
 912      02A1ABCD 
 912      4DBB
 913 174d F812ABED 		.ascii	"\370\022\253\355\301~C\002\2631\231\273\310\2553\263"
 913      C17E4302 
 913      B33199BB 
 913      C8AD33B3 
 914 175d BC2D390B 		.ascii	"\274-9\013rU\277\374n\250\325\236#\320\007\305\345&"
 914      7255BFFC 
 914      6EA8D59E 
 914      23D007C5 
 914      E526
 915 176f BB       		.ascii	"\273"
 916 1770 F91CD8E7 		.ascii	"\371\034\330\3475\017\243\3347~_\017\000\300R \011\250"
 916      350FA3DC 
 916      377E5F0F 
 916      00C05220 
 916      09A8
 917 1782 627940D1 		.ascii	"by@\321VR\322\020\014\272A\004\363\015!f\230:\000\257"
 917      5652D210 
 917      0CBA4104 
 917      F30D2166 
 917      983A00AF 
 918 1796 2FC0BDCF 		.ascii	"/\300\275\317\307NR\013\204\211\022\205\306\261\342"
 918      C74E520B 
 918      84891285 
 918      C6B1E2
 919 17a5 DF674AD4 		.ascii	"\337gJ\324}od\262\233\2707\361\360\214\261nV\277\327"
 919      7D6F64B2 
 919      9BB837F1 
 919      F08CB16E 
 919      56BFD7
 920 17b8 31A399A5 		.ascii	"1\243\231\245\332\210\232&+\211\217\366\257s\017J\331"
 920      DA889A26 
 920      2B898FF6 
 920      AF730F4A 
 920      D9
 921 17c9 4B469709 		.ascii	"KF\227\011\244A;\236\35643E\270\201/\221{-\\\206[ \315"
 921      A4413B9E 
 921      EE343345 
 921      B8812F91 
 921      7B2D5C86 
 922 17e0 AC10210E 		.ascii	"\254\020!\016S\032\272J$\215K&\005e\274\237#%v\230\270"
 922      531ABA4A 
 922      248D4B26 
 922      0565BC9F 
 922      23257698 
 923 17f5 3C99800A 		.ascii	"<\231\200\012\221\322\312\030\016&\225H\021\323[\340"
 923      91D2CA18 
 923      0E269548 
 923      11D35BE0 
 924 1805 77FC9F80 		.ascii	"w\374\237\200\3602\372`?\227\305\266\250l\347\\M\206"
 924      F032FA60 
 924      3F97C5B6 
 924      A86CE75C 
 924      4D86
 925 1817 6D3E6865 		.ascii	"m>he\267\375\\n_\353\023;\300\3532\000\3626n\260\005"
ARM GAS  C:\Users\PUBLIC~1.LAP\AppData\Local\Temp\ccVx4h18.s 			page 73


 925      B7FD5C6E 
 925      5FEB133B 
 925      C0EB3200 
 925      F2366EB0 
 926 182c 5D2C5016 		.ascii	"],P\026\222\022\3364X\334\343\307\220\217\362\302\250"
 926      9212DE34 
 926      58DCE3C7 
 926      908FF2C2 
 926      A8
 927 183d C9EF8E95 		.ascii	"\311\357\216\225\\a\232\372\335\375_N8\024,\222I\275"
 927      5C619AFA 
 927      DDFD5F4E 
 927      38142C92 
 927      49BD
 928 184f B15D6887 		.ascii	"\261]h\207b\214\302\332PsK\245z\036\237\024\2122\322"
 928      628CC2DA 
 928      50734BA5 
 928      7A1E9F14 
 928      8A32D2
 929 1862 EAA98824 		.ascii	"\352\251\210$\370\273\251\306\230\2179[D\371\227\202"
 929      F8BBA9C6 
 929      988F395B 
 929      44F99782 
 930 1872 2AB49F22 		.ascii	"*\264\237\"\325\274\330k\223\2433\345\203\351\273\376"
 930      D5BCD86B 
 930      93A333E5 
 930      83E9BBFE 
 931 1882 F3EE7223 		.ascii	"\363\356r#\251:\205\240\365Mw\235[;\302;\316@i$\302"
 931      A93A85A0 
 931      F54D779D 
 931      5B3BC23B 
 931      CE406924 
 932 1897 EADBCE22 		.ascii	"\352\333\316\")\000M\0322\300M\377\214\006\332KG\242"
 932      29004D1A 
 932      32C04DFF 
 932      8C06DA4B 
 932      47A2
 933 18a9 52DA1F37 		.ascii	"R\332\0377\213\300\241\011/v\340\346\215:m\220\307\246"
 933      8BC0A109 
 933      2F76E0E6 
 933      8D3A6D90 
 933      C7A6
 934 18bb F698A97C 		.ascii	"\366\230\251|10\376>o\250\353\264\245\005\021\276i\032"
 934      3130FE3E 
 934      6FA8EBB4 
 934      A50511BE 
 934      691A
 935 18cd 300FDF51 		.ascii	"0\017\337Q\257\310fK\361\263M\313\303\302\211\202\332"
 935      AFC8664B 
 935      F1B34DCB 
 935      C3C28982 
 935      DA
 936 18de D07DA50C 		.ascii	"\320}\245\014R\224/\212[\244\034\234\273\221xpz\244"
 936      52942F8A 
 936      5BA41C9C 
 936      BB917870 
 936      7AA4
ARM GAS  C:\Users\PUBLIC~1.LAP\AppData\Local\Temp\ccVx4h18.s 			page 74


 937 18f0 3C03B93E 		.ascii	"<\003\271>\226\001\255\354Z\201\232\26342\011y\263\362"
 937      9601ADEC 
 937      5A819AB3 
 937      34320979 
 937      B3F2
 938 1902 64FFD23D 		.ascii	"d\377\322=I#?\027\326R\363p\362\246t\014U<\015\313B"
 938      49233F17 
 938      D652F370 
 938      F2A6740C 
 938      553C0DCB 
 939 1917 39704A2D 		.ascii	"9pJ-UvO`\016\314\214\267o\276\370\365l\362\036\213b"
 939      55764F60 
 939      0ECC8CB7 
 939      6FBEF8F5 
 939      6CF21E8B 
 940 192c EA66787A 		.ascii	"\352fxz\321?\220f\306\361\021\321t\306\323\344\252\256"
 940      D13F9066 
 940      C6F111D1 
 940      74C6D3E4 
 940      AAAE
 941 193e 769F421C 		.ascii	"v\237B\034\327o\003)\322\271\305B\000\202p\205\177\212"
 941      D76F0329 
 941      D2B9C542 
 941      00827085 
 941      7F8A
 942 1950 3ADD1A02 		.ascii	":\335\032\002\217\016\364E^\307:\355\006\363$~\225\351"
 942      8F0EF445 
 942      5EC73AED 
 942      06F3247E 
 942      95E9
 943 1962 73A50482 		.ascii	"s\245\004\202\303]\010Y3\005@j\177\331\031Xu\213\375"
 943      C35D0859 
 943      3305406A 
 943      7FD91958 
 943      758BFD
 944 1975 71E30AC6 		.ascii	"q\343\012\306rB5'\354\015r\246\220a\017\335>\276\036"
 944      72423527 
 944      EC0D72A6 
 944      90610FDD 
 944      3EBE1E
 945 1988 85DBB2A1 		.ascii	"\205\333\262\241>\274Z\262\222\241\012\254\370c\200"
 945      3EBC5AB2 
 945      92A10AAC 
 945      F86380
 946 1997 2490B280 		.ascii	"$\220\262\200\242\331:\332=\336\004\340[.r\345\023y"
 946      A2D93ADA 
 946      3DDE04E0 
 946      5B2E72E5 
 946      1379
 947 19a9 748D8F4F 		.ascii	"t\215\217OT\027@\272#q\365\334Q\020K;\236(\225\0217"
 947      541740BA 
 947      2371F5DC 
 947      51104B3B 
 947      9E289511 
 948 19be 8D1A4638 		.ascii	"\215\032F8]\371`2\376CO\007\\\012\337THD9\006\257,\233"
 948      5DF96032 
 948      FE434F07 
ARM GAS  C:\Users\PUBLIC~1.LAP\AppData\Local\Temp\ccVx4h18.s 			page 75


 948      5C0ADF54 
 948      48443906 
 949 19d5 2670BE71 		.ascii	"&p\276q\201\003\270\257Gf/\012s\202F\245Js\267-5\206"
 949      8103B8AF 
 949      47662F0A 
 949      738246A5 
 949      4A73B72D 
 950 19eb A9D890D1 		.ascii	"\251\330\220\321\"\342pW\326\317\324=\203-Y\015\355"
 950      22E27057 
 950      D6CFD43D 
 950      832D590D 
 950      ED
 951 19fc E52771C9 		.ascii	"\345'q\311\206`\301\216$\3351\330\203+\240\321\037{"
 951      8660C18E 
 951      24DD31D8 
 951      832BA0D1 
 951      1F7B
 952 1a0e 88A8BA96 		.ascii	"\210\250\272\2267z\034/\345'\004\331\313al\371F\241"
 952      377A1C2F 
 952      E52704D9 
 952      CB616CF9 
 952      46A1
 953 1a20 A8D714F0 		.ascii	"\250\327\024\360\343\\\015d\300\371en\030@\272\233\264"
 953      E35C0D64 
 953      C0F9656E 
 953      1840BA9B 
 953      B4
 954 1a31 228042E6 		.ascii	"\"\200B\3463\244\026\021M\312\375C\000\330\304\223p"
 954      33A41611 
 954      4DCAFD43 
 954      00D8C493 
 954      70
 955 1a42 106D4523 		.ascii	"\020mE#\254\211x\015:\246\256[\300g\235b#\230[\012\300"
 955      AC89780D 
 955      3AA6AE5B 
 955      C0679D62 
 955      23985B0A 
 956 1a57 A94FC0B2 		.ascii	"\251O\300\262\241B\244{\355\226\304\237\037~\277.v\246"
 956      A142A47B 
 956      ED96C49F 
 956      1F7EBF2E 
 956      76A6
 957 1a69 4A4E6255 		.ascii	"JNbU\252\214u\317m\177\361\217Gz\356\376\002\363y\240"
 957      AA8C75CF 
 957      6D7FF18F 
 957      477AEEFE 
 957      02F379A0 
 958 1a7d 8A716CAE 		.ascii	"\212ql\2567\232\210o\245\357Y\260\263!\177\320\001o"
 958      379A886F 
 958      A5EF59B0 
 958      B3217FD0 
 958      016F
 959 1a8f FAF8D227 		.ascii	"\372\370\322'\030\244\343\351t\226\214\375|k\264x\000"
 959      18A4E3E9 
 959      74968CFD 
 959      7C6BB478 
 959      00
ARM GAS  C:\Users\PUBLIC~1.LAP\AppData\Local\Temp\ccVx4h18.s 			page 76


 960 1aa0 3A3241F0 		.ascii	":2A\360\231\363&*TF9\212{\360\022N\263\025`\356\305"
 960      99F3262A 
 960      5446398A 
 960      7BF0124E 
 960      B31560EE 
 961 1ab5 C4C0C904 		.ascii	"\304\300\311\004\300\013\330\241\034U\324\241\201'\301"
 961      C00BD8A1 
 961      1C55D4A1 
 961      8127C1
 962 1ac4 67A56071 		.ascii	"g\245`q\377\253_)\1774\177\315\340\235\357\"=^/\217"
 962      FFAB5F29 
 962      7F347FCD 
 962      E09DEF22 
 962      3D5E2F8F 
 963 1ad8 AFE9F4D0 		.ascii	"\257\351\364\320\273\212-\022\360\005\334\211\335\316"
 963      BB8A2D12 
 963      F005DC89 
 963      DDCE
 964 1ae6 3D1E5673 		.ascii	"=\036VsP\267ss\340;\275\277Y|\017\354\211o\241>\312"
 964      50B77373 
 964      E03BBDBF 
 964      597C0FEC 
 964      896FA13E 
 965 1afb B8C7F981 		.ascii	"\270\307\371\201\367\026\200oa58}`W\027O\275\207\355"
 965      F716806F 
 965      6135387D 
 965      6057174F 
 965      BD87ED
 966 1b0e F716E873 		.ascii	"\367\026\350svw\315\030\001\276a\306$O\357L\303\360"
 966      7677CD18 
 966      01BE61C6 
 966      244FEF4C 
 966      C3F0
 967 1b20 41DC7678 		.ascii	"A\334vx\353\005\372S.\2517\266v\200\376cq\203\353\355"
 967      EB05FA53 
 967      2EA937B6 
 967      7680FE63 
 967      7183EBED 
 968 1b34 622E263E 		.ascii	"b.&>\354:\355S\007.Xl\017b\002\331\021\265m\370U\367"
 968      EC3AED53 
 968      072E586C 
 968      0F6202D9 
 968      11B56DF8 
 969 1b4a 0E9F9FF4 		.ascii	"\016\237\237\364\2337[UG?W\303S\342\332k\012;\317\217"
 969      9B375B55 
 969      473F57C3 
 969      53E2DA6B 
 969      0A3BCF8F 
 970 1b5e EB435756 		.ascii	"\353CWVE\247\327\347\237\206\276wOn\245\335=\375\260"
 970      45A7D7E7 
 970      9F86BE77 
 970      4F6EA5DD 
 970      3DFDB0
 971 1b71 7D69C4C5 		.ascii	"}i\304\305\373\202=a\003)\234\235\\7\262\274\376\272"
 971      FB823D61 
 971      03299C9D 
 971      5C37B2BC 
ARM GAS  C:\Users\PUBLIC~1.LAP\AppData\Local\Temp\ccVx4h18.s 			page 77


 971      FEBA
 972 1b83 02       		.ascii	"\002"
 973              		.text
 974              		.section	.gnu.lto_.symtab.83ad37c9,"e",%progbits
 975 0000 63685379 		.ascii	"chSysWaitSystemState\000"
 975      73576169 
 975      74537973 
 975      74656D53 
 975      74617465 
 976 0015 00       		.ascii	"\000"
 977 0016 00       		.ascii	"\000"
 978 0017 00       		.ascii	"\000"
 979 0018 00000000 		.ascii	"\000\000\000\000\000\000\000\000"
 979      00000000 
 980 0020 2A020000 		.ascii	"*\002\000\000"
 981 0024 63685F73 		.ascii	"ch_system\000"
 981      79737465 
 981      6D00
 982 002e 00       		.ascii	"\000"
 983 002f 00       		.ascii	"\000"
 984 0030 00       		.ascii	"\000"
 985 0031 00000000 		.ascii	"\000\000\000\000\000\000\000\000"
 985      00000000 
 986 0039 2B020000 		.ascii	"+\002\000\000"
 987 003d 63685379 		.ascii	"chSysInit\000"
 987      73496E69 
 987      7400
 988 0047 00       		.ascii	"\000"
 989 0048 00       		.ascii	"\000"
 990 0049 00       		.ascii	"\000"
 991 004a 00000000 		.ascii	"\000\000\000\000\000\000\000\000"
 991      00000000 
 992 0052 2D020000 		.ascii	"-\002\000\000"
 993 0056 63683000 		.ascii	"ch0\000"
 994 005a 00       		.ascii	"\000"
 995 005b 00       		.ascii	"\000"
 996 005c 00       		.ascii	"\000"
 997 005d 00000000 		.ascii	"\000\000\000\000\000\000\000\000"
 997      00000000 
 998 0065 02020000 		.ascii	"\002\002\000\000"
 999 0069 63685F63 		.ascii	"ch_core0_cfg\000"
 999      6F726530 
 999      5F636667 
 999      00
 1000 0076 00       		.ascii	"\000"
 1001 0077 00       		.ascii	"\000"
 1002 0078 00       		.ascii	"\000"
 1003 0079 00000000 		.ascii	"\000\000\000\000\000\000\000\000"
 1003      00000000 
 1004 0081 11020000 		.ascii	"\021\002\000\000"
 1005 0085 63685379 		.ascii	"chSysHalt\000"
 1005      7348616C 
 1005      7400
 1006 008f 00       		.ascii	"\000"
 1007 0090 00       		.ascii	"\000"
 1008 0091 00       		.ascii	"\000"
 1009 0092 00000000 		.ascii	"\000\000\000\000\000\000\000\000"
ARM GAS  C:\Users\PUBLIC~1.LAP\AppData\Local\Temp\ccVx4h18.s 			page 78


 1009      00000000 
 1010 009a 31020000 		.ascii	"1\002\000\000"
 1011 009e 63685379 		.ascii	"chSysGetIdleThreadX\000"
 1011      73476574 
 1011      49646C65 
 1011      54687265 
 1011      61645800 
 1012 00b2 00       		.ascii	"\000"
 1013 00b3 00       		.ascii	"\000"
 1014 00b4 00       		.ascii	"\000"
 1015 00b5 00000000 		.ascii	"\000\000\000\000\000\000\000\000"
 1015      00000000 
 1016 00bd 34020000 		.ascii	"4\002\000\000"
 1017 00c1 63685379 		.ascii	"chSysIntegrityCheckI\000"
 1017      73496E74 
 1017      65677269 
 1017      74794368 
 1017      65636B49 
 1018 00d6 00       		.ascii	"\000"
 1019 00d7 00       		.ascii	"\000"
 1020 00d8 00       		.ascii	"\000"
 1021 00d9 00000000 		.ascii	"\000\000\000\000\000\000\000\000"
 1021      00000000 
 1022 00e1 3C020000 		.ascii	"<\002\000\000"
 1023 00e5 63685379 		.ascii	"chSysTimerHandlerI\000"
 1023      7354696D 
 1023      65724861 
 1023      6E646C65 
 1023      724900
 1024 00f8 00       		.ascii	"\000"
 1025 00f9 00       		.ascii	"\000"
 1026 00fa 00       		.ascii	"\000"
 1027 00fb 00000000 		.ascii	"\000\000\000\000\000\000\000\000"
 1027      00000000 
 1028 0103 3E020000 		.ascii	">\002\000\000"
 1029 0107 63685379 		.ascii	"chSysGetStatusAndLockX\000"
 1029      73476574 
 1029      53746174 
 1029      7573416E 
 1029      644C6F63 
 1030 011e 00       		.ascii	"\000"
 1031 011f 00       		.ascii	"\000"
 1032 0120 00       		.ascii	"\000"
 1033 0121 00000000 		.ascii	"\000\000\000\000\000\000\000\000"
 1033      00000000 
 1034 0129 1D020000 		.ascii	"\035\002\000\000"
 1035 012d 63685379 		.ascii	"chSysRestoreStatusX\000"
 1035      73526573 
 1035      746F7265 
 1035      53746174 
 1035      75735800 
 1036 0141 00       		.ascii	"\000"
 1037 0142 00       		.ascii	"\000"
 1038 0143 00       		.ascii	"\000"
 1039 0144 00000000 		.ascii	"\000\000\000\000\000\000\000\000"
 1039      00000000 
 1040 014c 24020000 		.ascii	"$\002\000\000"
ARM GAS  C:\Users\PUBLIC~1.LAP\AppData\Local\Temp\ccVx4h18.s 			page 79


 1041 0150 63685379 		.ascii	"chSysIsCounterWithinX\000"
 1041      73497343 
 1041      6F756E74 
 1041      65725769 
 1041      7468696E 
 1042 0166 00       		.ascii	"\000"
 1043 0167 00       		.ascii	"\000"
 1044 0168 00       		.ascii	"\000"
 1045 0169 00000000 		.ascii	"\000\000\000\000\000\000\000\000"
 1045      00000000 
 1046 0171 44020000 		.ascii	"D\002\000\000"
 1047 0175 63685379 		.ascii	"chSysPolledDelayX\000"
 1047      73506F6C 
 1047      6C656444 
 1047      656C6179 
 1047      5800
 1048 0187 00       		.ascii	"\000"
 1049 0188 00       		.ascii	"\000"
 1050 0189 00       		.ascii	"\000"
 1051 018a 00000000 		.ascii	"\000\000\000\000\000\000\000\000"
 1051      00000000 
 1052 0192 48020000 		.ascii	"H\002\000\000"
 1053 0196 5F5F6D61 		.ascii	"__main_thread_stack_base__\000"
 1053      696E5F74 
 1053      68726561 
 1053      645F7374 
 1053      61636B5F 
 1054 01b1 00       		.ascii	"\000"
 1055 01b2 02       		.ascii	"\002"
 1056 01b3 00       		.ascii	"\000"
 1057 01b4 00000000 		.ascii	"\000\000\000\000\000\000\000\000"
 1057      00000000 
 1058 01bc 4A020000 		.ascii	"J\002\000\000"
 1059 01c0 5F5F6D61 		.ascii	"__main_thread_stack_end__\000"
 1059      696E5F74 
 1059      68726561 
 1059      645F7374 
 1059      61636B5F 
 1060 01da 00       		.ascii	"\000"
 1061 01db 02       		.ascii	"\002"
 1062 01dc 00       		.ascii	"\000"
 1063 01dd 00000000 		.ascii	"\000\000\000\000\000\000\000\000"
 1063      00000000 
 1064 01e5 4C020000 		.ascii	"L\002\000\000"
 1065 01e9 5F5F6661 		.ascii	"__factory_init\000"
 1065      63746F72 
 1065      795F696E 
 1065      697400
 1066 01f8 00       		.ascii	"\000"
 1067 01f9 02       		.ascii	"\002"
 1068 01fa 00       		.ascii	"\000"
 1069 01fb 00000000 		.ascii	"\000\000\000\000\000\000\000\000"
 1069      00000000 
 1070 0203 55020000 		.ascii	"U\002\000\000"
 1071 0207 5F5F6865 		.ascii	"__heap_init\000"
 1071      61705F69 
 1071      6E697400 
ARM GAS  C:\Users\PUBLIC~1.LAP\AppData\Local\Temp\ccVx4h18.s 			page 80


 1072 0213 00       		.ascii	"\000"
 1073 0214 02       		.ascii	"\002"
 1074 0215 00       		.ascii	"\000"
 1075 0216 00000000 		.ascii	"\000\000\000\000\000\000\000\000"
 1075      00000000 
 1076 021e 57020000 		.ascii	"W\002\000\000"
 1077 0222 5F5F636F 		.ascii	"__core_init\000"
 1077      72655F69 
 1077      6E697400 
 1078 022e 00       		.ascii	"\000"
 1079 022f 02       		.ascii	"\002"
 1080 0230 00       		.ascii	"\000"
 1081 0231 00000000 		.ascii	"\000\000\000\000\000\000\000\000"
 1081      00000000 
 1082 0239 59020000 		.ascii	"Y\002\000\000"
 1083 023d 63685363 		.ascii	"chSchRescheduleS\000"
 1083      68526573 
 1083      63686564 
 1083      756C6553 
 1083      00
 1084 024e 00       		.ascii	"\000"
 1085 024f 02       		.ascii	"\002"
 1086 0250 00       		.ascii	"\000"
 1087 0251 00000000 		.ascii	"\000\000\000\000\000\000\000\000"
 1087      00000000 
 1088 0259 5B020000 		.ascii	"[\002\000\000"
 1089 025d 6368496E 		.ascii	"chInstanceObjectInit\000"
 1089      7374616E 
 1089      63654F62 
 1089      6A656374 
 1089      496E6974 
 1090 0272 00       		.ascii	"\000"
 1091 0273 02       		.ascii	"\002"
 1092 0274 00       		.ascii	"\000"
 1093 0275 00000000 		.ascii	"\000\000\000\000\000\000\000\000"
 1093      00000000 
 1094 027d 60020000 		.ascii	"`\002\000\000"
 1095 0281 63685654 		.ascii	"chVTDoTickI\000"
 1095      446F5469 
 1095      636B4900 
 1096 028d 00       		.ascii	"\000"
 1097 028e 02       		.ascii	"\002"
 1098 028f 00       		.ascii	"\000"
 1099 0290 00000000 		.ascii	"\000\000\000\000\000\000\000\000"
 1099      00000000 
 1100 0298 62020000 		.ascii	"b\002\000\000"
 1101              		.text
 1102              		.section	.gnu.lto_.ext_symtab.83ad37c9,"e",%progbits
 1103 0000 01       		.ascii	"\001"
 1104 0001 01       		.ascii	"\001"
 1105 0002 00       		.ascii	"\000"
 1106 0003 02       		.ascii	"\002"
 1107 0004 01       		.ascii	"\001"
 1108 0005 01       		.ascii	"\001"
 1109 0006 00       		.ascii	"\000"
 1110 0007 02       		.ascii	"\002"
 1111 0008 01       		.ascii	"\001"
ARM GAS  C:\Users\PUBLIC~1.LAP\AppData\Local\Temp\ccVx4h18.s 			page 81


 1112 0009 02       		.ascii	"\002"
 1113 000a 00       		.ascii	"\000"
 1114 000b 01       		.ascii	"\001"
 1115 000c 00       		.ascii	"\000"
 1116 000d 01       		.ascii	"\001"
 1117 000e 00       		.ascii	"\000"
 1118 000f 01       		.ascii	"\001"
 1119 0010 00       		.ascii	"\000"
 1120 0011 01       		.ascii	"\001"
 1121 0012 00       		.ascii	"\000"
 1122 0013 01       		.ascii	"\001"
 1123 0014 00       		.ascii	"\000"
 1124 0015 01       		.ascii	"\001"
 1125 0016 00       		.ascii	"\000"
 1126 0017 01       		.ascii	"\001"
 1127 0018 00       		.ascii	"\000"
 1128 0019 01       		.ascii	"\001"
 1129 001a 00       		.ascii	"\000"
 1130 001b 02       		.ascii	"\002"
 1131 001c 01       		.ascii	"\001"
 1132 001d 02       		.ascii	"\002"
 1133 001e 01       		.ascii	"\001"
 1134 001f 01       		.ascii	"\001"
 1135 0020 00       		.ascii	"\000"
 1136 0021 01       		.ascii	"\001"
 1137 0022 00       		.ascii	"\000"
 1138 0023 01       		.ascii	"\001"
 1139 0024 00       		.ascii	"\000"
 1140 0025 01       		.ascii	"\001"
 1141 0026 00       		.ascii	"\000"
 1142 0027 01       		.ascii	"\001"
 1143 0028 00       		.ascii	"\000"
 1144 0029 01       		.ascii	"\001"
 1145 002a 00       		.ascii	"\000"
 1146              		.text
 1147              		.section	.gnu.lto_.opts,"e",%progbits
 1148 0000 272D666E 		.ascii	"'-fno-openmp' '-fno-openacc' '-fno-pie' '-fcf-prote"
 1148      6F2D6F70 
 1148      656E6D70 
 1148      2720272D 
 1148      666E6F2D 
 1149 0033 6374696F 		.ascii	"ction=none' '-mcpu=cortex-m3' '-mthumb' '-mfloat-ab"
 1149      6E3D6E6F 
 1149      6E652720 
 1149      272D6D63 
 1149      70753D63 
 1150 0066 693D736F 		.ascii	"i=soft' '-mlibarch=armv7-m' '-march=armv7-m' '-Os' "
 1150      66742720 
 1150      272D6D6C 
 1150      69626172 
 1150      63683D61 
 1151 0099 272D666F 		.ascii	"'-fomit-frame-pointer' '-falign-functions=16' '-ffu"
 1151      6D69742D 
 1151      6672616D 
 1151      652D706F 
 1151      696E7465 
 1152 00cc 6E637469 		.ascii	"nction-sections' '-fdata-sections' '-fno-common' '-"
ARM GAS  C:\Users\PUBLIC~1.LAP\AppData\Local\Temp\ccVx4h18.s 			page 82


 1152      6F6E2D73 
 1152      65637469 
 1152      6F6E7327 
 1152      20272D66 
 1153 00ff 666C746F 		.ascii	"flto' '-Xassembler' '-alms=./build/lst/chsys.lst'\000"
 1153      2720272D 
 1153      58617373 
 1153      656D626C 
 1153      65722720 
 1154              		.text
 1155              		.comm	__gnu_lto_slim,1,1
 1156              		.ident	"GCC: (GNU) 12.2.0"
ARM GAS  C:\Users\PUBLIC~1.LAP\AppData\Local\Temp\ccVx4h18.s 			page 83


DEFINED SYMBOLS
                            *ABS*:00000000 chsys.c
                            *COM*:00000001 __gnu_lto_slim

NO UNDEFINED SYMBOLS
