ARM GAS  C:\Users\PUBLIC~1.LAP\AppData\Local\Temp\cclsaOPx.s 			page 1


   1              		.cpu cortex-m3
   2              		.arch armv7-m
   3              		.fpu softvfp
   4              		.eabi_attribute 20, 1
   5              		.eabi_attribute 21, 1
   6              		.eabi_attribute 23, 3
   7              		.eabi_attribute 24, 1
   8              		.eabi_attribute 25, 1
   9              		.eabi_attribute 26, 1
  10              		.eabi_attribute 30, 4
  11              		.eabi_attribute 34, 1
  12              		.eabi_attribute 18, 4
  13              		.file	"chvt.c"
  14              		.section	.gnu.lto_.profile.83ad406f,"e",%progbits
  15 0000 28B52FFD 		.ascii	"(\265/\375 \010A\000\000\004\000\000\000\000\001\002"
  15      20084100 
  15      00040000 
  15      00000102 
  16 0010 00       		.ascii	"\000"
  17              		.text
  18              		.section	.gnu.lto_.icf.83ad406f,"e",%progbits
  19 0000 28B52FFD 		.ascii	"(\265/\375 \376\335\004\000\204\006\362\000\012\000"
  19      20FEDD04 
  19      008406F2 
  19      000A00
  20 000f CAB3A2EC 		.ascii	"\312\263\242\354\017\010\002\000\002\001\001\313\210"
  20      0F080200 
  20      020101CB 
  20      88
  21 001c BBFF0B18 		.ascii	"\273\377\013\030\002\000\002\334\356\322\302\001\014"
  21      020002DC 
  21      EED2C201 
  21      0C
  22 0029 02000203 		.ascii	"\002\000\002\003\002\004\002\003\002\005\002\003\002"
  22      02040203 
  22      02050203 
  22      02
  23 0036 02020302 		.ascii	"\002\002\003\002\000\002\006\004\371\270\266\027\002"
  23      00020604 
  23      F9B8B617 
  23      02
  24 0043 05FAC5B9 		.ascii	"\005\372\305\271\370\017\000\006\360\357\266\271\004"
  24      F80F0006 
  24      F0EFB6B9 
  24      04
  25 0050 06020203 		.ascii	"\006\002\002\003\007\353\224\3231\010\323\203\277\235"
  25      07EB94D3 
  25      3108D383 
  25      BF9D
  26 005e 040609EC 		.ascii	"\004\006\011\354\215\247\213\007\006\012\224\276\227"
  26      8DA78B07 
  26      060A94BE 
  26      97
  27 006b D7030A02 		.ascii	"\327\003\012\002\002\006\001\000\025\000]%\000\2736"
  27      02060100 
  27      15005D25 
  27      00BB36
ARM GAS  C:\Users\PUBLIC~1.LAP\AppData\Local\Temp\cclsaOPx.s 			page 2


  28 007a 7DA65FE0 		.ascii	"}\246_\340\014\317\253\215\205Y\200\005o`\200\205\241"
  28      0CCFAB8D 
  28      85598005 
  28      6F608085 
  28      A1
  29 008b D43C9E2A 		.ascii	"\324<\236*\202\245N\005eE\245\354\000\206\200t\273\314"
  29      82A54E05 
  29      6545A5EC 
  29      00868074 
  29      BBCC
  30 009d 6C167BC7 		.ascii	"l\026{\307\323\006\260"
  30      D306B0
  31              		.text
  32              		.section	.gnu.lto_.ipa_sra.83ad406f,"e",%progbits
  33 0000 28B52FFD 		.ascii	"(\265/\375 \224\235\002\000\324\002\210\000\012\000"
  33      20949D02 
  33      00D40288 
  33      000A00
  34 000f 01030103 		.ascii	"\001\003\001\003\000\000\002\000\001\004\001\005\001"
  34      00000200 
  34      01040105 
  34      01
  35 001c 00040007 		.ascii	"\000\004\000\007\001\006\004\001\001\000\000\001\007"
  35      01060401 
  35      01000001 
  35      07
  36 0029 04080101 		.ascii	"\004\010\001\001\000\001\011\001\003\012\000\001\000"
  36      00010901 
  36      030A0001 
  36      00
  37 0036 01001000 		.ascii	"\001\000\020\000 4\010\220\250.r\014\200\231L\013]\015"
  37      20340890 
  37      A82E720C 
  37      80994C0B 
  37      5D0D
  38 0048 C00D1875 		.ascii	"\300\015\030u\0004$J\334\334\214\233\001\333\254\361"
  38      0034244A 
  38      DCDC8C9B 
  38      01DBACF1 
  39 0058 12C606B0 		.ascii	"\022\306\006\260"
  40              		.text
  41              		.section	.gnu.lto_.inline.83ad406f,"e",%progbits
  42 0000 28B52FFD 		.ascii	"(\265/\375`\201\001e\011\000\362\015-1`k\222\016\342"
  42      60810165 
  42      0900F20D 
  42      2D31606B 
  42      920EE2
  43 0013 238742F0 		.ascii	"#\207B\360\246\240\027\246\311\371\360\266\011\211\343"
  43      A6A017A6 
  43      C9F9F0B6 
  43      0989E3
  44 0022 06F57FD0 		.ascii	"\006\365\177\320\002\251\324_k/\025%\015\002\000\220"
  44      02A9D45F 
  44      6B2F1525 
  44      0D020090 
  45 0032 C7125185 		.ascii	"\307\022Q\205\233mb[\023K\266\334)\377;\204h\237\320"
  45      9B6D625B 
ARM GAS  C:\Users\PUBLIC~1.LAP\AppData\Local\Temp\cclsaOPx.s 			page 3


  45      134BB6DC 
  45      29FF3B84 
  45      689FD0
  46 0045 0B45C723 		.ascii	"\013E\307#\320':\036\027\323\016\323\336\322\013g\223"
  46      D0273A1E 
  46      17D30ED3 
  46      DED20B67 
  46      93
  47 0056 01B05482 		.ascii	"\001\260T\202\263\311HG\226\312\252j\232A\016\025O\311"
  47      B3C94847 
  47      96CAAA6A 
  47      9A410E15 
  47      4FC9
  48 0068 11F4C432 		.ascii	"\021\364\3042\362\010\231\012\325\264\337\341\275\367"
  48      F208990A 
  48      D5B4DFE1 
  48      BDF7
  49 0076 F039E4CF 		.ascii	"\3609\344\317\350#%o\000\204\262>\037'6e\341W\212h\277"
  49      E823256F 
  49      0084B23E 
  49      1F273665 
  49      E1578A68 
  50 008b 9015161A 		.ascii	"\220\025\026\032\037\004\014\345\350\330\300L\356OY"
  50      1F040CE5 
  50      E8D8C04C 
  50      EE4F59
  51 009a 7DACDC57 		.ascii	"}\254\334W\022\343\272>\023\206c%=\327\365\031\030\243"
  51      12E3BA3E 
  51      13866325 
  51      3DD7F519 
  51      18A3
  52 00ac E8B2D93D 		.ascii	"\350\262\331=h{JY\373\013r,\336\261\312\367\336\203"
  52      687B4A59 
  52      FB0B722C 
  52      DEB1CAF7 
  52      DE83
  53 00be DEDD8632 		.ascii	"\336\335\2062 P\002Q\210J\017G\376\236-\263'\367\345"
  53      20500251 
  53      884A0F47 
  53      FE9E2DB3 
  53      27F7E5
  54 00d1 9A739461 		.ascii	"\232s\224ap\031\000x\242j\201\332\033\276\270\202\""
  54      70190078 
  54      A26A81DA 
  54      1BBEB882 
  54      22
  55 00e2 0CC1A24A 		.ascii	"\014\301\242J\327\010\332\203)\377\\\010\343\364\257"
  55      D708DA83 
  55      29FF5C08 
  55      E3F4AF
  56 00f1 F4A57989 		.ascii	"\364\245y\211\000\341~\2331\354E\026rv8`\265\325\331"
  56      00E17E9B 
  56      31EC4516 
  56      72763860 
  56      B5D5D9
  57 0104 780BB510 		.ascii	"x\013\265\020\343\0257\344\332!$g\0069\342\030,h\345"
  57      E31537E4 
ARM GAS  C:\Users\PUBLIC~1.LAP\AppData\Local\Temp\cclsaOPx.s 			page 4


  57      DA212467 
  57      0639E218 
  57      2C68E5
  58 0117 D58B8097 		.ascii	"\325\213\200\227\3352\213\271\201(\232A\244\367h\010"
  58      DD328BB9 
  58      81289A41 
  58      A4F76808 
  59 0127 7E8A9C83 		.ascii	"~\212\234\2033{\251\321\336@\016\203\025w\010"
  59      337BA9D1 
  59      DE400E83 
  59      157708
  60              		.text
  61              		.section	.gnu.lto_.jmpfuncs.83ad406f,"e",%progbits
  62 0000 28B52FFD 		.ascii	"(\265/\375`\372\000=\006\000\002\212\037(\200EI\007"
  62      60FA003D 
  62      0600028A 
  62      1F288045 
  62      4907
  63 0012 00CC2A45 		.ascii	"\000\314*EQ\250\307Du\003>\036\306\210\362\332\250\366"
  63      51A8C744 
  63      75033E1E 
  63      C688F2DA 
  63      A8F6
  64 0024 F11026E4 		.ascii	"\361\020&\344qAGF\334\217x\3557\262\011!;\311m\353\014"
  64      71414746 
  64      DC8F78ED 
  64      37B20921 
  64      3BC96DEB 
  65 0039 AE1108C8 		.ascii	"\256\021\010\310\306N\3256c\3762@\246pI\270dw\272\234"
  65      C64ED536 
  65      63FE3240 
  65      A67049B8 
  65      6477BA9C 
  66 004d 604CD7FE 		.ascii	"`L\327\376J\012\221}\360\237\326 |\010\357\202.\266"
  66      4A0A917D 
  66      F09FD620 
  66      7C08EF82 
  66      2EB6
  67 005f 309AE894 		.ascii	"0\232\350\224+\215.y\325\361\270#\257\303\020|%\254"
  67      2B8D2E79 
  67      D5F1B823 
  67      AFC3107C 
  67      25AC
  68 0071 A1B5D6AE 		.ascii	"\241\265\326\256O\276g\330\031\336\257\242\256\242["
  68      4FBE67D8 
  68      19DEAFA2 
  68      AEA25B
  69 0080 C5BE54FC 		.ascii	"\305\276T\374\351/\323\327\351\003\001  \320\202\011"
  69      E92FD3D7 
  69      E9030120 
  69      20D08209 
  70 0090 C8F6EE20 		.ascii	"\310\366\356 \036\322\255\015\254K\231\035`\270\004"
  70      1ED2AD0D 
  70      AC4B991D 
  70      60B804
  71 009f 56E19A08 		.ascii	"V\341\232\010\331@8e\271\342\232\001\332V\243\233\014"
  71      D9403865 
ARM GAS  C:\Users\PUBLIC~1.LAP\AppData\Local\Temp\cclsaOPx.s 			page 5


  71      B9E29A01 
  71      DA56A39B 
  71      0C
  72 00b0 BFCDC80F 		.ascii	"\277\315\310\017T\003\030jf\250\231\201\201\027;\230"
  72      5403186A 
  72      66A89981 
  72      81173B98 
  73 00c0 9C65A8DE 		.ascii	"\234e\250\336\272\230\226\273\376l\366\025\031}A\201"
  73      BA9896BB 
  73      FE6CF615 
  73      197D4181 
  74 00d0 DD       		.ascii	"\335"
  75              		.text
  76              		.section	.gnu.lto_.pureconst.83ad406f,"e",%progbits
  77 0000 28B52FFD 		.ascii	"(\265/\375 #\031\001\000\037\000\000\000\012\000\232"
  77      20231901 
  77      001F0000 
  77      000A009A 
  78 0010 04019A04 		.ascii	"\004\001\232\004\002\272\005\004\232\004\005\200\004"
  78      02BA0504 
  78      9A040580 
  78      04
  79 001d 069A0407 		.ascii	"\006\232\004\007\232\004\010\232\004\011\265\004\012"
  79      9A04089A 
  79      0409B504 
  79      0A
  80 002a 9A04     		.ascii	"\232\004"
  81              		.text
  82              		.section	.gnu.lto_.ipa_modref.83ad406f,"e",%progbits
  83 0000 28B52FFD 		.ascii	"(\265/\375`\216\000M\005\0002F\022\032\240'\351\377"
  83      608E004D 
  83      05003246 
  83      121AA027 
  83      E9FF
  84 0012 67E5BFFE 		.ascii	"g\345\277\376\257]UUU\305\203\017\242f\342w\263\333"
  84      AF5D5555 
  84      55C5830F 
  84      A266E277 
  84      B3DB
  85 0024 DF129952 		.ascii	"\337\022\231R\032:mcD\246;\037\310\312I\266\005\344"
  85      1A3A6D63 
  85      44A63B1F 
  85      C8CA49B6 
  85      05E4
  86 0036 E204ADCA 		.ascii	"\342\004\255\312\005aU\037\012+;`U\2625\024\003\246"
  86      0561551F 
  86      0A2B3B60 
  86      55B23514 
  86      03A6
  87 0048 D3347F33 		.ascii	"\3234\1773\345S\372v\260U\303\036\216\010( @\002c\224"
  87      E553FA76 
  87      B055C31E 
  87      8E082820 
  87      40026394 
  88 005c 643708B9 		.ascii	"d7\010\2712\000'\004\3167d\241\014\302!!\203\275\257"
  88      32002704 
  88      CE3764A1 
ARM GAS  C:\Users\PUBLIC~1.LAP\AppData\Local\Temp\cclsaOPx.s 			page 6


  88      0CC22121 
  88      83BDAF
  89 006f E36B9C78 		.ascii	"\343k\234x \305\320h2\272?+\033~[\360\326\231\204\301"
  89      20C5D068 
  89      32BA3F2B 
  89      1B7E5BF0 
  89      D69984C1 
  90 0083 2D20588C 		.ascii	"- X\214\341\001\346\366\203Q\260!\246y\007\003lPq\306"
  90      E101E6F6 
  90      8351B021 
  90      A6790703 
  90      6C5071C6 
  91 0097 B5C5116C 		.ascii	"\265\305\021l\022\245\036\254)s0v!\214\200\370\364\005"
  91      12A51EAC 
  91      29733076 
  91      218C80F8 
  91      F405
  92 00a9 6C9A2CA0 		.ascii	"l\232,\240\250\241\206Z87"
  92      A8A1865A 
  92      3837
  93              		.text
  94              		.section	.gnu.lto_.lto.83ad406f,"e",%progbits
  95 0000 0C000000 		.ascii	"\014\000\000\000\001\000\001\000"
  95      01000100 
  96              		.text
  97              		.section	.gnu.lto_ch_dlist_insert.37.83ad406f,"e",%progbits
  98 0000 28B52FFD 		.ascii	"(\265/\375`\205\003\215\030\000\366\353\233H\300\030"
  98      6085038D 
  98      1800F6EB 
  98      9B48C018 
  99 0010 513A0055 		.ascii	"Q:\000U\222\316\\;Z1J\206%\226\362X\337\320T\264\233"
  99      92CE5C3B 
  99      5A314A86 
  99      2596F258 
  99      DFD054B4 
 100 0025 35544C99 		.ascii	"5TL\231\253\271?\177\272xO\266o1K\264\225X\351VC\236"
 100      ABB93F7F 
 100      BA784FB6 
 100      6F314BB4 
 100      9558E956 
 101 003b D924C820 		.ascii	"\331$\310 \212\030\2341\214\364\232\340M^Y(\354\320"
 101      8A189C31 
 101      8CF49AE0 
 101      4D5E5928 
 101      ECD0
 102 004d 5ED3257F 		.ascii	"^\323%\177\357-w\222\001\205\000~\000\205\000\274\003"
 102      EF2D7792 
 102      0185007E 
 102      008500BC 
 102      03
 103 005e AFCC8179 		.ascii	"\257\314\201y\226\265\325=\230\237\335\217.\030\202"
 103      96B5D53D 
 103      989FDD8F 
 103      2E1882
 104 006d 420E2A76 		.ascii	"B\016*v>\200*\200\257\374\311\374!'m'\022\262\351\336"
 104      3E802A80 
 104      AFFCC9FC 
ARM GAS  C:\Users\PUBLIC~1.LAP\AppData\Local\Temp\cclsaOPx.s 			page 7


 104      21276D27 
 104      12B2E9DE 
 105 0081 A02D4EEE 		.ascii	"\240-N\356\345%`\011\340+\201\013\260\257\364,\373\312"
 105      E5256009 
 105      E02B810B 
 105      B0AFF42C 
 105      FBCA
 106 0093 36E62CE7 		.ascii	"6\346,\347\375\334\020c\221\0132\367\336V\363`:m\257"
 106      FDDC1063 
 106      910B32F7 
 106      DE56F360 
 106      3A6DAF
 107 00a6 B4A78D5F 		.ascii	"\264\247\215_@\307\0301\327\342\225\332\335\270$\225"
 107      40C71831 
 107      D7E295DA 
 107      DDB82495 
 108 00b6 7B412710 		.ascii	"{A'\020\035\355\336\373\224\221\303M\032\344\306\373"
 108      1DEDDEFB 
 108      9491C34D 
 108      1AE4C6FB 
 109 00c6 BD6FE8C9 		.ascii	"\275o\350\311\201E\314\335\370,]\270\367\362\024s6\316"
 109      8145CCDD 
 109      F82C5DB8 
 109      F7F21473 
 109      36CE
 110 00d8 F6CCEC62 		.ascii	"\366\314\354b\346\016\314\235$\234\363\241\020\274\367"
 110      E60ECC9D 
 110      249CF3A1 
 110      10BCF7
 111 00e7 46E0FB60 		.ascii	"F\340\373`:)\244\036\241}Euj\244\222T\336\346\031f\036"
 111      3A29A41E 
 111      A17D4575 
 111      6AA49254 
 111      DEE61966 
 112 00fc 6EB60FF3 		.ascii	"n\266\017\363\035\214DH\334=\\\303Z\251\036\364\247"
 112      1D8C4448 
 112      DC3D5CC3 
 112      5AA91EF4 
 112      A7
 113 010d 5EFE0050 		.ascii	"^\376\000P'\362\237\350d\032:\331d'\203vr\251N\266t"
 113      27F29FE8 
 113      641A3AD9 
 113      64278376 
 113      72A94EB6 
 114 0122 72A5E79D 		.ascii	"r\245\347\235\347\313\363\007\004`R\246I\3568\306\334"
 114      E7CBF307 
 114      046052A6 
 114      49EE38C6 
 114      DC
 115 0133 5BE367E6 		.ascii	"[\343g\346\032\325'@\316\373\231\317?r!\346\023\363"
 115      1AD52740 
 115      CEFB99CF 
 115      3F7221E6 
 115      13F3
 116 0145 DC08DBF1 		.ascii	"\334\010\333\361\350\304\303|z\375{|bf^\370k\343\336"
 116      E8C4C37C 
 116      7AFD7B7C 
ARM GAS  C:\Users\PUBLIC~1.LAP\AppData\Local\Temp\cclsaOPx.s 			page 8


 116      62665EF8 
 116      6BE3DE
 117 0158 0BD00E48 		.ascii	"\013\320\016H\227{\003\315b\034\"KU\316\237\204 F_\222"
 117      977B03CD 
 117      621C224B 
 117      55CE9F84 
 117      20465F92 
 118 016c 8EF68518 		.ascii	"\216\366\205\030\347Nj\375CB\207/tZ4\372H]m\037F\371"
 118      E74E6AFD 
 118      4342872F 
 118      745A34FA 
 118      485D6D1F 
 119 0182 C81DCDEA 		.ascii	"\310\035\315\352\366\011)'\252g\213\357\3753|$\215^"
 119      F6092927 
 119      AA678BEF 
 119      FD337C24 
 119      8D5E
 120 0194 35D309A0 		.ascii	"5\323\011\240\337\342K\026\354\014Y\\\314$F\315\277"
 120      DFE24B16 
 120      EC0C595C 
 120      CC2446CD 
 120      BF
 121 01a5 644BCD1C 		.ascii	"dK\315\0343a/\202M\340E_\266]\352\3078c\3731\202p\214"
 121      33612F82 
 121      4DE0455F 
 121      B65DEAC7 
 121      3863FB31 
 122 01bc 732535B0 		.ascii	"s%5\260\366\203\261\012Y\336\350\275\367R$+tT?\254n"
 122      F683B10A 
 122      59DEE8BD 
 122      F752242B 
 122      74543FAC 
 123 01d1 305EA9FD 		.ascii	"0^\251\375^\265\265\242\033\202\001\204k\242\243\335"
 123      5EB5B5A2 
 123      1B820184 
 123      6BA2A3DD 
 124 01e1 D8ED1333 		.ascii	"\330\355\0233\231\253G\320d/W\235\275d.:\203\311\\\224"
 124      99AB47D0 
 124      642F579D 
 124      BD642E3A 
 124      83C95C94 
 125 01f5 610A7668 		.ascii	"a\012vh;1\031\254D\353\345J!+q\"\326\242\241h\355\344"
 125      3B3119AC 
 125      44EBE54A 
 125      212B7122 
 125      D6A2A168 
 126 020b B43E7888 		.ascii	"\264>x\210\221\210\3012\330Dh\300`\206\363\242\331\360"
 126      9188C132 
 126      D84468C0 
 126      6086F3A2 
 126      D9F0
 127 021d C052C464 		.ascii	"\300R\304d\"F,X`CA\003\004\336\355\335\323\252\026\231"
 127      22462C58 
 127      60434103 
 127      04DEEDDD 
 127      D3AA1699 
 128 0231 D2376D11 		.ascii	"\3227m\021\304R\304\350\3267V\375~\277\337\015X\243"
ARM GAS  C:\Users\PUBLIC~1.LAP\AppData\Local\Temp\cclsaOPx.s 			page 9


 128      C452C4E8 
 128      D63756FD 
 128      7EBFDF0D 
 128      58A3
 129 0243 5A5B18B9 		.ascii	"Z[\030\271\220\011C\323U\372\342\027S\323\364\305\300"
 129      900943D3 
 129      55FAE217 
 129      53D3F4C5 
 129      C0
 130 0254 009A7263 		.ascii	"\000\232rc\352\367\216`\324B\226R\302F\272!\"u\251("
 130      EAF78E60 
 130      D4429652 
 130      C246BA21 
 130      2275A928 
 131 0268 610AC450 		.ascii	"a\012\304P\222\256\246\213&\025\361\313\205\370u(!x"
 131      92AEA68B 
 131      2615F1CB 
 131      85F87528 
 131      2178
 132 027a 531347A8 		.ascii	"S\023G\250!<\344\2302\012\315\314\210\204\321\322\344"
 132      213CE498 
 132      320ACDCC 
 132      8884D1D2 
 132      E4
 133 028b 01800211 		.ascii	"\001\200\002\021Qd\036\020X6T\223\024\206\003A\024\217"
 133      51641E10 
 133      58365493 
 133      14860341 
 133      148F
 134 029d C09347C8 		.ascii	"\300\223G\310\261\316m\263ibQZ\274\330\350\252\030\226"
 134      B1CE6DB3 
 134      6962515A 
 134      BCD8E8AA 
 134      1896
 135 02af DF23E27E 		.ascii	"\337#\342~.\343\217\026G0\236\222p[\224x&\023\0141\221"
 135      2EE38F16 
 135      47309E92 
 135      705B9478 
 135      26130C31 
 136 02c4 A29AC6A8 		.ascii	"\242\232\306\250\272c%\033\262\250j\2775q\306\022\345"
 136      BA63251B 
 136      B2A86ABF 
 136      3571C612 
 136      E5
 137 02d5 80100AB3 		.ascii	"\200\020\012\263(5wE:+f\226\343\313\374\340\307\340"
 137      28357745 
 137      3A2B6696 
 137      E3CBFCE0 
 137      C7E0
 138 02e7 D54C6038 		.ascii	"\325L`8f\326@T-\300\220I\005\305\255\024f\272\226\027"
 138      66D64054 
 138      2DC09049 
 138      05C5AD14 
 138      66BA9617 
 139 02fb D5C1AFC2 		.ascii	"\325\301\257\302fN\213\243R\205\363\366\336\011\376"
 139      664E8BA3 
 139      5285F3F6 
ARM GAS  C:\Users\PUBLIC~1.LAP\AppData\Local\Temp\cclsaOPx.s 			page 10


 139      DE09FE
 140 030a B2CE5F28 		.ascii	"\262\316_(x\224\022\210\336\312\354 \357\231\350K\003"
 140      78941288 
 140      DECAEC20 
 140      EF99E84B 
 140      03
 141              		.text
 142              		.section	.gnu.lto_ch_dlist_dequeue.39.83ad406f,"e",%progbits
 143 0000 28B52FFD 		.ascii	"(\265/\375`\243\000\305\012\000\024\0226\001\000\000"
 143      60A300C5 
 143      0A001412 
 143      36010000 
 144 0010 3B000000 		.ascii	";\000\000\000&\000\000\000\001\003\000\001\222\221\212"
 144      26000000 
 144      01030001 
 144      92918A
 145 001f 02008080 		.ascii	"\002\000\200\200\200@\007\002\001\201\221\212\347\251"
 145      80400702 
 145      0181918A 
 145      E7A9
 146 002d C34601BB 		.ascii	"\303F\001\273\001\001\000\177\002\001\177\001\246\003"
 146      0101007F 
 146      02017F01 
 146      A603
 147 003b 05010613 		.ascii	"\005\001\006\023\001\004\005\001\006\025\001 /\300\200"
 147      01040501 
 147      06150120 
 147      2FC080
 148 004a 80F8C4C7 		.ascii	"\200\370\304\307\232\220\001\236\250\300\004\177\000"
 148      9A90019E 
 148      A8C0047F 
 148      00
 149 0057 7DB801B7 		.ascii	"}\270\001\267\001\000\000\000\000\005\001\0108\000-"
 149      01000000 
 149      00050108 
 149      38002D
 150 0066 C08080D0 		.ascii	"\300\200\200\320\212\303\207\200\020\004\177\272\001"
 150      8AC38780 
 150      10047FBA 
 150      01
 151 0073 020B0000 		.ascii	"\002\013\000\000}\000\000\000\257\322\005\340\200\374"
 151      7D000000 
 151      AFD205E0 
 151      80FC
 152 0081 FF8F8080 		.ascii	"\377\217\200\200\375\030\336\323F\007\001\000\002\004"
 152      FD18DED3 
 152      46070100 
 152      0204
 153 008f 0101BA01 		.ascii	"\001\001\272\001\000\000\243\003\200\004\001\000\000"
 153      0000A303 
 153      80040100 
 153      00
 154 009c A4030281 		.ascii	"\244\003\002\201\300\000\000\376\002\202\276\371\314"
 154      C00000FE 
 154      0282BEF9 
 154      CC
 155 00a9 9A0C0301 		.ascii	"\232\014\003\001\005\001\006\177\001\000\005\001\254"
ARM GAS  C:\Users\PUBLIC~1.LAP\AppData\Local\Temp\cclsaOPx.s 			page 11


 155      0501067F 
 155      01000501 
 155      AC
 156 00b6 087B76BD 		.ascii	"\010{v\275\001\0006\200\200\200\010\177\276\001y\000"
 156      01003680 
 156      8080087F 
 156      BE017900 
 157 00c6 A91C0302 		.ascii	"\251\034\003\002\300\001w\362\212\335\250\016{|\302"
 157      C00177F2 
 157      8ADDA80E 
 157      7B7CC2
 158 00d5 0302F28A 		.ascii	"\003\002\362\212\327\251\343\012z\304\003\001\000\202"
 158      D7A9E30A 
 158      7AC40301 
 158      0082
 159 00e3 0382E0B9 		.ascii	"\003\202\340\271\352\320\001\003\004\243\003\200\004"
 159      EAD00103 
 159      04A30380 
 159      04
 160 00f0 0180C035 		.ascii	"\001\200\3005D:\\00a_liuhy\\temp126\\ChibiOS/os/rt/"
 160      443A5C30 
 160      30615F6C 
 160      69756879 
 160      5C74656D 
 161 0117 696E636C 		.ascii	"include/chlists.h\000\003dlp\025\0002\241%\037X\331"
 161      7564652F 
 161      63686C69 
 161      7374732E 
 161      68000364 
 162 0135 E2D51018 		.ascii	"\342\325\020\030(\002\351\0268\030\022\265\254\010%"
 162      2802E916 
 162      381812B5 
 162      AC0825
 163 0144 0F450618 		.ascii	"\017E\006\030\006Q\211`:\353\312\204\346\032>1q\344"
 163      06518960 
 163      3AEBCA84 
 163      E61A3E31 
 163      71E4
 164 0156 D7EC6024 		.ascii	"\327\354`$\224\275\340g\036S;\311"
 164      94BDE067 
 164      1E533BC9 
 165              		.text
 166              		.section	.gnu.lto_chVTObjectInit.264.83ad406f,"e",%progbits
 167 0000 28B52FFD 		.ascii	"(\265/\375`3\000e\010\000\322\217:90\221\322\001#\014"
 167      60330065 
 167      0800D28F 
 167      3A393091 
 167      D201230C 
 168 0014 38D853CD 		.ascii	"8\330S\315\320\027C\011\250\252\273y\304\302OIn\312"
 168      D0174309 
 168      A8AABB79 
 168      C4C24F49 
 168      6ECA
 169 0026 90BF6173 		.ascii	"\220\277as\271ZBFL\031@\200)\205\232\037h\321M\362\337"
 169      B95A4246 
 169      4C194080 
 169      29859A1F 
ARM GAS  C:\Users\PUBLIC~1.LAP\AppData\Local\Temp\cclsaOPx.s 			page 12


 169      68D14DF2 
 170 003b DD13FD10 		.ascii	"\335\023\375\020C\225l%\233\354\235R\"\2204\315y@R\307"
 170      43956C25 
 170      9BEC9D52 
 170      229034CD 
 170      794052C7 
 171 004f 556EF455 		.ascii	"Un\364UpT\277\214*\361\340Ux]\303\026J\000\2110,\300"
 171      7054BF8C 
 171      2AF1E055 
 171      785DC316 
 171      4A008930 
 172 0065 ADD485DE 		.ascii	"\255\324\205\336\305\004\305\347\263-8x\306}\266s\345"
 172      C504C5E7 
 172      B32D3878 
 172      C67DB673 
 172      E5
 173 0076 08570C35 		.ascii	"\010W\0145Q\366C\315\376\276\022\012\304\330\032W)q"
 173      51F643CD 
 173      FEBE120A 
 173      C4D81A57 
 173      2971
 174 0088 763794B2 		.ascii	"v7\224\262\3011GHN}\223vJM^\254\031\224\264\261\307"
 174      C1314748 
 174      4E7D9376 
 174      4A4D5EAC 
 174      1994B4B1 
 175 009d 939C21F6 		.ascii	"\223\234!\366\263\235+\373\255_f\007 \207q\331\365\270"
 175      B39D2BFB 
 175      AD5F6607 
 175      208771D9 
 175      F5B8
 176 00af A9D9186D 		.ascii	"\251\331\030m)\011\260}i\237\365\023\361-\223;\273("
 176      2909B07D 
 176      699FF513 
 176      F12D933B 
 176      BB28
 177 00c1 2FD8EE88 		.ascii	"/\330\356\210`\020\347\264\340\004\332i\366\001\355"
 177      6010E7B4 
 177      E004DA69 
 177      F601ED
 178 00d0 D4A22DF3 		.ascii	"\324\242-\363\021b_X:hv\267N\221\213\227\242\177\327"
 178      11625F58 
 178      3A6876B7 
 178      4E918B97 
 178      A27FD7
 179 00e3 3B29D5E9 		.ascii	";)\325\351\022\200aw-S\252\217{\336\266\201m\005\333"
 179      12806177 
 179      2D53AA8F 
 179      7BDEB681 
 179      6D05DB
 180 00f6 B00C0032 		.ascii	"\260\014\0002Cg\025\030.\230K\370\230\320=/0\327\360"
 180      43671518 
 180      2E984BF8 
 180      98D03D2F 
 180      30D7F0
 181 0109 0A26C625 		.ascii	"\012&\306%Xb5E\334\341E;\311"
 181      58623545 
ARM GAS  C:\Users\PUBLIC~1.LAP\AppData\Local\Temp\cclsaOPx.s 			page 13


 181      DCE1453B 
 181      C9
 182              		.text
 183              		.section	.gnu.lto_chVTObjectDispose.265.83ad406f,"e",%progbits
 184 0000 28B52FFD 		.ascii	"(\265/\375 \362\305\006\000\302\314/3`o\032\003\024"
 184      20F2C506 
 184      00C2CC2F 
 184      33606F1A 
 184      0314
 185 0012 08C39E82 		.ascii	"\010\303\236\202,@-\244\177&.X\303J\256TlM\226\332F"
 185      2C402DA4 
 185      7F262E58 
 185      C34AAE54 
 185      6C4D96DA 
 186 0027 FA7FA9E3 		.ascii	"\372\177\251\343\267\300:\351\360\010U\017\321Z\253"
 186      B7C03AE9 
 186      F008550F 
 186      D15AAB
 187 0036 A17A8983 		.ascii	"\241z\211\203\016\322\344\2262\245\2408r\275:q\204]"
 187      0ED2E496 
 187      32A5A038 
 187      72BD3A71 
 187      845D
 188 0048 F00A8960 		.ascii	"\360\012\211`\014A\321\005\204p\310&2\214\301J8\370"
 188      0C41D105 
 188      8470C826 
 188      328CC14A 
 188      38F8
 189 005a 802C28A2 		.ascii	"\200,(\242\225\201ad\025\021\022\036\217\245\320\320"
 189      95816164 
 189      1511121E 
 189      8FA5D0D0 
 190 006a 99777597 		.ascii	"\231wu\227*\247\344J\355$5\327\321\272\372\377\272T"
 190      2AA7E44A 
 190      ED2435D7 
 190      D1BAFAFF 
 190      BA54
 191 007c DB0A4ACC 		.ascii	"\333\012J\314\342\362\237b`\256\362N>\002\332\272\265"
 191      E2F29F62 
 191      60AEF24E 
 191      3E02DABA 
 191      B5
 192 008d 067188B4 		.ascii	"\006q\210\264\210F7?\011\212\311?\015\372\001\360\343"
 192      8846373F 
 192      098AC93F 
 192      0DFA01F0 
 192      E3
 193 009e 7820E357 		.ascii	"x \343WY \343W\331\266x>|%e\343\345?t\036\226n\262\366"
 193      5920E357 
 193      D9B6783E 
 193      7C2565E3 
 193      E53F741E 
 194 00b6 88372614 		.ascii	"\2107&\024\311M\263\360\277\315\204\342p\235\333\022"
 194      C94DB3F0 
 194      BFCD84E2 
 194      709DDB12 
 195 00c6 B445687B 		.ascii	"\264Eh{\012\010\0002\241'/0.\034\200y\227\000\210\325"
ARM GAS  C:\Users\PUBLIC~1.LAP\AppData\Local\Temp\cclsaOPx.s 			page 14


 195      0A080032 
 195      A1272F30 
 195      2E1C8079 
 195      970088D5 
 196 00da 14718717 		.ascii	"\024q\207\027\355$\003"
 196      ED2403
 197              		.text
 198              		.section	.gnu.lto_chVTDoSetI.266.83ad406f,"e",%progbits
 199 0000 28B52FFD 		.ascii	"(\265/\375`\210\001\005\017\000fZaG\340\2626\035\242"
 199      60880105 
 199      0F00665A 
 199      6147E0B2 
 199      361DA2
 200 0013 87C2F016 		.ascii	"\207\302\360\026\270\"\302E\366\231\025\276\361\233"
 200      B822C245 
 200      F69915BE 
 200      F19B
 201 0021 86298F08 		.ascii	"\206)\217\010\201\340cl0\\\014\205\003C\230\3130\326"
 201      81E0636C 
 201      305C0C85 
 201      034398CB 
 201      30D6
 202 0033 5B6FBEA4 		.ascii	"[o\276\244\031\311Y\035m*\204\202\000|\022\007D'4\305"
 202      19C9591D 
 202      6D2A8482 
 202      007C1207 
 202      442734C5 
 203 0047 B9C38323 		.ascii	"\271\303\203#\250\024\321E;\273\333\336)\005G\000J\000"
 203      A814D145 
 203      3BBBDBDE 
 203      29054700 
 203      4A00
 204 0059 4E0029D8 		.ascii	"N\000)\330\251/\355\333\\\225\372\215\214\263\335\025"
 204      A92FEDDB 
 204      5C95FA8D 
 204      8CB3DD15 
 205 0069 8C9D5D31 		.ascii	"\214\235]1\201Q\260S\222\027\250\247\327\011\324S\247"
 205      8151B053 
 205      9217A8A7 
 205      D709D453 
 205      A7
 206 007a 6C1F1725 		.ascii	"l\037\027%,\217\326\007!\273\273\315\024O]\246\374\347"
 206      2C8FD607 
 206      21BBBBCD 
 206      144F5DA6 
 206      FCE7
 207 008c 3C0B673A 		.ascii	"<\013g:\\\002h\260\273\226\341L\211{\336\366\001\333"
 207      5C0268B0 
 207      BB96E14C 
 207      897BDEF6 
 207      01DB
 208 009e 116C3912 		.ascii	"\021l9\022r\242\260\177\355<aW\351\3547?v\234\277^\374"
 208      72A2B07F 
 208      ED3C6157 
 208      E9EC373F 
 208      769CBF5E 
 209 00b3 AFAFFEA9 		.ascii	"\257\257\376\251\005\350A\263c\245\265;\242Ed{(\317"
ARM GAS  C:\Users\PUBLIC~1.LAP\AppData\Local\Temp\cclsaOPx.s 			page 15


 209      05E841B3 
 209      63A5B53B 
 209      A245647B 
 209      28CF
 210 00c5 0ADBF75D 		.ascii	"\012\333\367]|4\275\205Sfh\247\266\311\326N\257\331"
 210      7C34BD85 
 210      536668A7 
 210      B6C9D64E 
 210      AFD9
 211 00d7 BE44FFE8 		.ascii	"\276D\377\350\330q0qP'!@\204N\013\010\003\271\212\371"
 211      D8713071 
 211      50272140 
 211      844E0B08 
 211      03B98AF9 
 212 00eb 1174C0B9 		.ascii	"\021t\300\271:v!\371\320$!\346\372\343k\224\356\023"
 212      3A7621F9 
 212      D02421E6 
 212      FAE36B94 
 212      EE13
 213 00fd 7EB486D3 		.ascii	"~\264\206\323\360J|N\235\315\217/a\301\012M\034A\265"
 213      F04A7C4E 
 213      9DCD8F2F 
 213      61C10A4D 
 213      1C41B5
 214 0110 373C468C 		.ascii	"7<F\214\014\233 u\332.\327A\015\271\246\015s\226\177"
 214      0C9B2075 
 214      DA2ED741 
 214      0DB9A60D 
 214      73967F
 215 0123 B0DD55F1 		.ascii	"\260\335U\361_\274p\2305*d\352)\005\301R\321\200\262"
 215      5FBC7098 
 215      352A64EA 
 215      2905C152 
 215      D180B2
 216 0136 882D7A08 		.ascii	"\210-z\010$n4\273\027S\206\357TQ\\K\010\003\035}\247"
 216      246E34BB 
 216      175386EF 
 216      54515C4B 
 216      08031D7D 
 217 014b E9CEE43B 		.ascii	"\351\316\344;\211\272\255#\225\266\217\264\225`\266"
 217      89BAAD23 
 217      95B68FB4 
 217      9560B6
 218 015a 092BDE05 		.ascii	"\011+\336\005O\364\000\244\242\000e\344\022\372@(\221"
 218      4FF400A4 
 218      A20065E4 
 218      12FA4028 
 218      91
 219 016b C96B61E1 		.ascii	"\311ka\341NN@\013 \230\210\340s\216\345P\365\200\023"
 219      4E4E400B 
 219      209888E0 
 219      738EE550 
 219      F58013
 220 017e F4889C13 		.ascii	"\364\210\234\023\007H\3417<\0035<\267Q\301\026X\344"
 220      0748E137 
 220      3C03353C 
 220      B751C116 
ARM GAS  C:\Users\PUBLIC~1.LAP\AppData\Local\Temp\cclsaOPx.s 			page 16


 220      58E4
 221 0190 C3072720 		.ascii	"\303\007' \300\002\021)\354\0012 \017k$\254\241\205"
 221      C0021129 
 221      EC013220 
 221      0F6B24AC 
 221      A185
 222 01a2 B2EF6E0C 		.ascii	"\262\357n\014\001\013(\023\271Te\013\016\255\3276\234"
 222      010B2813 
 222      B954650B 
 222      0EADD736 
 222      9C
 223 01b3 6F76B33A 		.ascii	"ov\263:\236p\362\343\310bd\306\345v?F\221]Wk\227i\270"
 223      9E70F2E3 
 223      C86264C6 
 223      E5763F46 
 223      915D576B 
 224 01ca 3D242078 		.ascii	"=$ x\224\026#A\270z\243\206\326\341f/Q\317>\213\251"
 224      94162341 
 224      B87AA386 
 224      D6E1662F 
 224      51CF3E8B 
 225 01df 0D4D1408 		.ascii	"\015M\024\010,\322\033^\010\213\014"
 225      2CD21B5E 
 225      088B0C
 226              		.text
 227              		.section	.gnu.lto_chVTDoSetContinuousI.267.83ad406f,"e",%progbits
 228 0000 28B52FFD 		.ascii	"(\265/\375`\206\001\355\016\000\206ZaF\360\2624\035"
 228      608601ED 
 228      0E00865A 
 228      6146F0B2 
 228      341D
 229 0012 B242B1C5 		.ascii	"\262B\261\305\006_\002\266d\012\232\264\351$\206Q_\277"
 229      065F02B6 
 229      640A9AB4 
 229      E9248651 
 229      5FBF
 230 0024 35E689BE 		.ascii	"5\346\211\276n\264\300\367\037Gc\214\374T7\333\264\265"
 230      6EB4C0F7 
 230      1F47638C 
 230      FC5437DB 
 230      B4B5
 231 0036 F41E9265 		.ascii	"\364\036\222euBl2[\017\250v\273\257\247&\031\331\235"
 231      75426C32 
 231      5B0FA876 
 231      BBAFA726 
 231      19D99D
 232 0049 55A65BD9 		.ascii	"U\246[\331t\220\261\273\355\235RG\000J\000N\000'\327"
 232      7490B1BB 
 232      ED9D5247 
 232      004A004E 
 232      0027D7
 233 005c A92FEDCB 		.ascii	"\251/\355\313|Fu\232\027c\273\253\0358\273\242\002\233"
 233      7C46759A 
 233      1763BBAB 
 233      1D38BBA2 
 233      029B
 234 006e 5CA7A11F 		.ascii	"\\\247\241\037\250\247\326\013\324S\253\354\237\213"
ARM GAS  C:\Users\PUBLIC~1.LAP\AppData\Local\Temp\cclsaOPx.s 			page 17


 234      A8A7D60B 
 234      D453ABEC 
 234      9F8B
 235 007c 14968767 		.ascii	"\024\226\207g\024\262\273\332dq\325\245\312\277\315"
 235      14B2BBDA 
 235      6471D5A5 
 235      CABFCD
 236 008b B110E6C3 		.ascii	"\261\020\346\303%\000\007\273k\031\302\230\270\347m"
 236      250007BB 
 236      6B19C298 
 236      B8E76D
 237 009a 27B02DC1 		.ascii	"'\260-\301\226\004\002\276\265S\205]\245\261\323\374"
 237      960402BE 
 237      B553855D 
 237      A5B1D3FC 
 238 00aa D76BFE7A 		.ascii	"\327k\376z\361\267\276\372e\026`\310\352\307\306c\227"
 238      F1B7BEFA 
 238      651660C8 
 238      EAC7C663 
 238      97
 239 00bb 441091DD 		.ascii	"D\020\221\335\2419.l\337\217\361\361t\030>\011\"\263"
 239      A1392E6C 
 239      DF8FF1F1 
 239      74183E09 
 239      22B3
 240 00cd BBD9A97D 		.ascii	"\273\331\251}\262\263\323g\266-\321>?8\017fM\352%\004"
 240      B2B3D367 
 240      B62DD13E 
 240      3F380F66 
 240      4DEA2504 
 241 00e1 9C185103 		.ascii	"\234\030Q\003H\003\271r\011\012\347\352\330\211\344"
 241      4803B972 
 241      090AE7EA 
 241      D889E4
 242 00f0 438744CC 		.ascii	"C\207D\314\365\307\3370\275'\374h\016\267\341\215\364"
 242      F5C7DF30 
 242      BD27FC68 
 242      0EB7E18D 
 242      F4
 243 0101 9C1A9B1F 		.ascii	"\234\032\233\037?\362\342&D!\247\335\3414\\\200\352"
 243      3FF2E226 
 243      4421A7DD 
 243      E1345C80 
 243      EA
 244 0112 B4573E23 		.ascii	"\264W>#\345c\306\232v\313o\354s\355.\212/\203\305\303"
 244      E563C69A 
 244      76CB6FEC 
 244      73ED2E8A 
 244      2F83C5C3 
 245 0126 8C69F152 		.ascii	"\214i\361ROi\210\036@)@Y\304\026A\310\271\302\001%\216"
 245      4F69881E 
 245      40294059 
 245      C41641C8 
 245      B9C20125 
 246 013b 343B96D3 		.ascii	"4;\226\323\206\017US\234\212H\003%}\250\351\216\344"
 246      860F5553 
 246      9C8A4803 
ARM GAS  C:\Users\PUBLIC~1.LAP\AppData\Local\Temp\cclsaOPx.s 			page 18


 246      257DA8E9 
 246      8EE4
 247 014d 438D3AAD 		.ascii	"C\215:\255+\231\264\257\244\231Z\264\012\023\274\014"
 247      2B99B4AF 
 247      A4995AB4 
 247      0A13BC0C 
 248 015d DE08C286 		.ascii	"\336\010\302\206\262\300\204\264\"\372\266\324\350\344"
 248      B2C084B4 
 248      22FAB6D4 
 248      E8E4
 249 016b A9A47025 		.ascii	"\251\244p%%\033\203\010$\"x\233_:tv\300\011\332\200"
 249      251B8308 
 249      2422789B 
 249      5F3A7476 
 249      C009DA80 
 250 017f 94330768 		.ascii	"\2243\007h\341:\036\202\030\034\317\271`\014)\362\341"
 250      E13A1E82 
 250      181CCFB9 
 250      600C29F2 
 250      E1
 251 0190 E9802620 		.ascii	"\351\200& \320\002\021\251\344\001\"\240\20716\254\240"
 251      D00211A9 
 251      E40122A0 
 251      873136AC 
 251      A0
 252 01a1 42D9EE34 		.ascii	"B\331\3564\246\200E\224\011\275\024E\013\214\254\317"
 252      A6804594 
 252      09BD1445 
 252      0B8CACCF 
 253 01b1 19C66F56 		.ascii	"\031\306oV\337n\345*;\276\0029\313\254u\227\213\"!\\"
 253      DF6EE52A 
 253      3BBE0239 
 253      CBAC7597 
 253      8B22215C 
 254 01c5 4958DE70 		.ascii	"IX\336p{X@\300\243A\270z\243\206\326\341f\226@o\337"
 254      7B5840C0 
 254      A341B87A 
 254      A386D6E1 
 254      6696406F 
 255 01da C5D2E626 		.ascii	"\305\322\346&\012\016\026\241\015/\004A\006"
 255      0A0E16A1 
 255      0D2F0441 
 255      06
 256              		.text
 257              		.section	.gnu.lto_chVTDoResetI.268.83ad406f,"e",%progbits
 258 0000 28B52FFD 		.ascii	"(\265/\375`\210\001\225\016\000\266\330\\E\000\261&"
 258      60880195 
 258      0E00B6D8 
 258      5C4500B1 
 258      26
 259 0011 1DAF2304 		.ascii	"\035\257#\004\362)\277C\350\001\346\362\236\034\303"
 259      F229BF43 
 259      E801E6F2 
 259      9E1CC3
 260 0020 7006FA00 		.ascii	"p\006\372\000EK\276R\264&3``\315\242\2122\3477\303j"
 260      454BBE52 
 260      B4263360 
ARM GAS  C:\Users\PUBLIC~1.LAP\AppData\Local\Temp\cclsaOPx.s 			page 19


 260      60CDA28A 
 260      32E737C3 
 261 0035 752E8B64 		.ascii	"u.\213d\330\015\357-io\260_\237!P\334\310V\252\355\217"
 261      D80DEF2D 
 261      696FB05F 
 261      9F2150DC 
 261      C856AAED 
 262 004a F29F5822 		.ascii	"\362\237X\"\215v\2232\245B\000C\000O\000\366Q<E\353"
 262      8D769332 
 262      A5420043 
 262      004F00F6 
 262      513C45EB 
 263 005e 342FD676 		.ascii	"4/\326vW\340\354\354\202\010l\222=\212\234\204=\206"
 263      57E0ECEC 
 263      82086C92 
 263      3D8A9C84 
 263      3D86
 264 0070 2E007B74 		.ascii	".\000{t\313\276q\360\301\376\360\260\011\332]NG\274"
 264      CBBE71F0 
 264      C1FEF0B0 
 264      09DA5D4E 
 264      47BC
 265 0082 F56CF957 		.ascii	"\365l\371Wq\355\213\201y\212\026\354\256\363\213\361"
 265      71ED8B81 
 265      798A16EC 
 265      AEF38BF1 
 266 0092 70EB6D13 		.ascii	"p\353m\023\260}b\247\201/[\365\232U\266\273(,\274\013"
 266      B07D62A7 
 266      812F5BF5 
 266      9A55B6BB 
 266      282CBC0B 
 267 00a6 3A53E2D1 		.ascii	":S\342\321\177\301\036E\252=1t\324\270\262\207\015\302"
 267      7FC11E45 
 267      AA3D3174 
 267      D4B8B287 
 267      0DC2
 268 00b8 A48AB01F 		.ascii	"\244\212\260\037Z\225\2613\275iz\244iM\323Y\246E\247"
 268      5A95B133 
 268      BD697AA4 
 268      694DD359 
 268      A645A7
 269 00cb F9E307C7 		.ascii	"\371\343\007\307\341?9\273\035\302\035\353\023yLl\266"
 269      E13F39BB 
 269      1DC21DEB 
 269      13794C6C 
 269      B6
 270 00dc 9F018FB1 		.ascii	"\237\001\217\261G\347\340ur\342\011\234\240\034\037"
 270      47E7E075 
 270      72E2099C 
 270      A01C1F
 271 00eb B9A97DA2 		.ascii	"\271\251}\242\220\377,\242A\327\376\014\026\310'c\300"
 271      90FF2CA2 
 271      41D7FE0C 
 271      16C82763 
 271      C0
 272 00fc 6BD313A0 		.ascii	"k\323\023\240\233\357\303HoH\377ph\232\351H\325\306"
 272      9BEFC348 
ARM GAS  C:\Users\PUBLIC~1.LAP\AppData\Local\Temp\cclsaOPx.s 			page 20


 272      6F48FF70 
 272      689AE948 
 272      D5C6
 273 010e 86101960 		.ascii	"\206\020\031`\240Fl\012h:\002\304\362\027\250\354.R"
 273      A0466C0A 
 273      683A02C4 
 273      F217A8EC 
 273      2E52
 274 0120 AB8C853D 		.ascii	"\253\214\205=fJ\"a\013o\301\002\020)\317E\335\221x."
 274      664A2261 
 274      0B6FC102 
 274      1029CF45 
 274      DD91782E 
 275 0134 A68EEB5A 		.ascii	"\246\216\353ZT\234\327\302\251P\034\004\007\247\011"
 275      549CD7C2 
 275      A9501C04 
 275      07A709
 276 0143 27138312 		.ascii	"'\023\203\022J\002\223\024\313\212W\302`Z\235*\244\250"
 276      4A029314 
 276      CB8A57C2 
 276      605A9D2A 
 276      A4A8
 277 0155 94949414 		.ascii	"\224\224\224\0244 \001\367\241U\031K\000\341\343R\227"
 277      342001F7 
 277      A155194B 
 277      00E1E352 
 277      97
 278 0166 43C2300C 		.ascii	"C\3020\014\177\000\253\201\012\231\211p\236\235\323"
 278      7F00AB81 
 278      0A998970 
 278      9E9DD3
 279 0175 48D1974A 		.ascii	"H\321\227J\227\377\036\003|\005\013' p\202\241\301\272"
 279      97FF1E03 
 279      7C050B27 
 279      207082A1 
 279      C1BA
 280 0187 01C2D026 		.ascii	"\001\302\320&\012\214b\235\013\204\307\360\221]\034"
 280      0A8C629D 
 280      0B84C7F0 
 280      915D1C
 281 0196 4896CD4C 		.ascii	"H\226\315L\341f0\237\322\246{\255xu59\006\214\307i\211"
 281      E166309F 
 281      D2A67BAD 
 281      78753539 
 281      068CC769 
 282 01ab DC2586B5 		.ascii	"\334%\206\265,\334\210\177\032\301\301\317\363\2548"
 282      2CDC887F 
 282      1AC1C1CF 
 282      F3AC38
 283 01ba 1CA64DB2 		.ascii	"\034\246M\262:\365\272\351\214\346;\307\330\302\007"
 283      3AF5BAE9 
 283      8CE63BC7 
 283      D8C207
 284 01c9 43A73134 		.ascii	"C\24714?\274\231\217\262\301\022\357\024\211\303\213"
 284      3FBC998F 
 284      B2C112EF 
 284      1489C38B 
ARM GAS  C:\Users\PUBLIC~1.LAP\AppData\Local\Temp\cclsaOPx.s 			page 21


 285 01d9 969201   		.ascii	"\226\222\001"
 286              		.text
 287              		.section	.gnu.lto_chVTGetRemainingIntervalI.269.83ad406f,"e",%progbits
 288 0000 28B52FFD 		.ascii	"(\265/\375`s\002M\024\000&\345\205J\3200'\0352G(h!6"
 288      6073024D 
 288      140026E5 
 288      854AD030 
 288      271D3247 
 289 0018 57FD0A85 		.ascii	"W\375\012\205\012U-jQ`O3\226\027\341\235\241u\017\211"
 289      0A552D6A 
 289      51604F33 
 289      9617E19D 
 289      A1750F89 
 290 002c 66349025 		.ascii	"f4\220%\247\277\026M\3760\326s4\010w\015{*\014?-\302"
 290      A7BF164D 
 290      FE30D673 
 290      3408770D 
 290      7B2A0C3F 
 291 0042 A924A948 		.ascii	"\251$\251H^\230Sa\240$\321m\266\242\177#\204l\"w\222"
 291      5E985361 
 291      A024D16D 
 291      B6A27F23 
 291      846C2277 
 292 0057 016F006B 		.ascii	"\001o\000k\000o\000\257\213\200\322'\335l\253[w#\252"
 292      006F00AF 
 292      8B80D227 
 292      DD6CAB5B 
 292      7723AA
 293 006a 7B67604D 		.ascii	"{g`M\304\327\2078\022\316\332\034\354\204\2743E\223"
 293      C4D78738 
 293      12CEDA1C 
 293      EC84BC33 
 293      4593
 294 007c 8DEE1D8C 		.ascii	"\215\356\035\214\300A\300\327\357\001\300W\356\260L"
 294      C041C0D7 
 294      EF01C057 
 294      EEB04C
 295 008b 6D07C3FA 		.ascii	"m\007\303\3721\265\355s\016~\200\000z\370*y\\%\006Z"
 295      31B5ED73 
 295      0E7E8000 
 295      7AF82A79 
 295      5C25065A 
 296 009f 5170D020 		.ascii	"Qp\320 \313\240\177\037\212\022\222\207W\271\3631\223"
 296      CBA07F1F 
 296      8A129287 
 296      57B9F331 
 296      93
 297 00b0 D3D4974E 		.ascii	"\323\324\227N{J\035\312\035%\320i\230\322\335K\311R"
 297      7B4A1DCA 
 297      1D25D069 
 297      98D2DD4B 
 297      C952
 298 00c2 C357FCEE 		.ascii	"\303W\374\356\332\354\356\202]z\024bw\237\274\356G\234"
 298      DAECEE82 
 298      5D7A1462 
 298      779FBCEE 
 298      479C
ARM GAS  C:\Users\PUBLIC~1.LAP\AppData\Local\Temp\cclsaOPx.s 			page 22


 299 00d4 09E675D5 		.ascii	"\011\346u\325\3357z]\0133\364\344\353\307i\300W\221"
 299      DD377A5D 
 299      0B33F4E4 
 299      EBC769C0 
 299      5791
 300 00e6 4F2A2CF3 		.ascii	"O*,\363Fs\354\356r(\343v\177\322B\305\207e\242]\327"
 300      4673ECEE 
 300      7228E376 
 300      7FD242C5 
 300      8765A25D 
 301 00fb 93FE8E96 		.ascii	"\223\376\216\226\270t\301\353\276\365\273\371e\246K"
 301      B874C1EB 
 301      BEF5BBF9 
 301      65A64B
 302 010a 3FBA07E0 		.ascii	"?\272\007\340:\251z6'\272\177z8\232E\225:\272\3567O"
 302      3AA97A36 
 302      27BA7F7A 
 302      389A4595 
 302      3ABAEE37 
 303 011f 7771F64A 		.ascii	"wq\366J_Z\227i#\217\212\022\350F1'\203G\317\217Q\215"
 303      5F5A9769 
 303      238F8A12 
 303      E8463127 
 303      8347CF8F 
 304 0135 EE5D8131 		.ascii	"\356]\2011\230\240*\343\226v\232\334bfrE6(!}\214[Y\226"
 304      98A02AE3 
 304      96769ADC 
 304      62667245 
 304      3628217D 
 305 014d 4FE8E201 		.ascii	"O\350\342\001\347\020\025\2712I;\315\260\305\262\323"
 305      E71015B9 
 305      32493BCD 
 305      B0C5B2D3 
 306 015d 87EE47C0 		.ascii	"\207\356G\300\217\311\312\224Yx/t(\326\356K\214\002"
 306      8FC9CA94 
 306      59782F74 
 306      28D6EE4B 
 306      8C02
 307 016f 72E46EEC 		.ascii	"r\344n\354PO\024d!\271\033\360\2252\204,+2\350\343s"
 307      504F1464 
 307      21B91BF0 
 307      9532842C 
 307      2B32E8E3 
 308 0184 8B5FC533 		.ascii	"\213_\3053ta'\334\311&\236D\215&~\004_\317U\250\352"
 308      746127DC 
 308      C9269E44 
 308      8D267E04 
 308      5FCF55A8 
 309 0199 EBEE66C6 		.ascii	"\353\356f\306\355\354McHn\267\302y\264+\265\027YK\215"
 309      EDEC4D63 
 309      486EB7C2 
 309      79B42BB5 
 309      17594B8D 
 310 01ad 7969E198 		.ascii	"yi\341\230Z\015o\214\244V\343\022\203\305df`5\031\330"
 310      5A0D6F8C 
 310      A456E312 
 310      83C56466 
ARM GAS  C:\Users\PUBLIC~1.LAP\AppData\Local\Temp\cclsaOPx.s 			page 23


 310      603519D8 
 311 01c1 0C0C2CC2 		.ascii	"\014\014,\302\203\031\313\314\205\201\312\311\001\223"
 311      8319CBCC 
 311      8581CAC9 
 311      0193
 312 01cf 189AACA6 		.ascii	"\030\232\254\2462\272\320\314^$\254\224\224\250(h@\262"
 312      32BAD0CC 
 312      5E24AC94 
 312      94A82868 
 312      40B2
 313 01e1 7D26DA59 		.ascii	"}&\332Y\326\212\352\321\353\365z\267\201_\2728\3434"
 313      D68AEAD1 
 313      EBF57AB7 
 313      815FBA38 
 313      E334
 314 01f3 3F6610E4 		.ascii	"?f\020\344M\271\361\255\010d\334\376\374\304\0017\025"
 314      4DB9F1AD 
 314      0864DCFE 
 314      FCC40137 
 314      15
 315 0204 32D15E6A 		.ascii	"2\321^j\004\271\352\276\235D\021\005#\222\0331\255x"
 315      04B9EABE 
 315      9D441105 
 315      23921B31 
 315      AD78
 316 0216 30742896 		.ascii	"0t(\226\211\321\303\305,$C\004\273\010/ `\002!\204\304"
 316      89D1C3C5 
 316      2C244304 
 316      BB082F20 
 316      60022184 
 317 022b 0744423C 		.ascii	"\007DB<\277\321\211\266A\346-\004\037\334r$\343\201"
 317      BFD189B6 
 317      41E62D04 
 317      1FDC7224 
 317      E381
 318 023d 93E0772E 		.ascii	"\223\340w.\376\332\354 \201\211/\013\026\24732\260\321"
 318      FEDAEC20 
 318      81892F0B 
 318      16A73332 
 318      B0D1
 319 024f C2C0F7D3 		.ascii	"\302\300\367\323\326l \346_@\356\367-#\335b\313\031"
 319      D66C20E6 
 319      5F40EEF7 
 319      2D23DD62 
 319      CB19
 320 0261 3374AC60 		.ascii	"3t\254`\211\315MW\371B\353\025\314\"@[\030\266\242\243"
 320      89CD4D57 
 320      F942EB15 
 320      CC22405B 
 320      18B6A2A3 
 321 0275 C1DC4F86 		.ascii	"\301\334O\2061P$A|\264\177\3320jI\266U\363h\030\255"
 321      31502441 
 321      7CB47FDA 
 321      306A49B6 
 321      55F36818 
 322 028a E886DAB4 		.ascii	"\350\206\332\264f\342\356\205\235"
 322      66E2EE85 
ARM GAS  C:\Users\PUBLIC~1.LAP\AppData\Local\Temp\cclsaOPx.s 			page 24


 322      9D
 323              		.text
 324              		.section	.gnu.lto_chVTDoTickI.270.83ad406f,"e",%progbits
 325 0000 28B52FFD 		.ascii	"(\265/\375`\276\001\335\017\000\206\334hG\340\262(\035"
 325      60BE01DD 
 325      0F0086DC 
 325      6847E0B2 
 325      281D
 326 0012 D30E2A78 		.ascii	"\323\016*x\020\322 HX\377\317\373{\244\266\002\277\016"
 326      10D22048 
 326      58FFCFFB 
 326      7BA4B602 
 326      BF0E
 327 0024 ED123A28 		.ascii	"\355\022:(\231\362#\320\216@\210G\023?\247G\263}\372"
 327      99F223D0 
 327      8E408847 
 327      133FA747 
 327      B37DFA
 328 0037 A7B7E2B3 		.ascii	"\247\267\342\263\261Q\004\216\0260\257E\371\276\317"
 328      B151048E 
 328      1630AF45 
 328      F9BECF
 329 0046 860B12E6 		.ascii	"\206\013\022\346Y\035\010o\275\371\266\211\224)\005"
 329      591D086F 
 329      BDF9B689 
 329      942905
 330 0055 50004F00 		.ascii	"P\000O\000W\000\2379d\3456\233s\212.m\024[ty\221A[\347"
 330      57009F39 
 330      64E5369B 
 330      738A2E6D 
 330      145B7479 
 331 006d 3315260F 		.ascii	"3\025&\017\236[\2209g\267. \270\340\271U\320\277\354"
 331      9E5B9039 
 331      67B72E20 
 331      B8E0B955 
 331      D0BFEC
 332 0080 2131F6E1 		.ascii	"!1\366\341\034H\345\313\0218a\203\023\022K\341\024\340"
 332      1C48E5CB 
 332      11386183 
 332      13124BE1 
 332      14E0
 333 0092 C0A0B8EC 		.ascii	"\300\240\270\354\032\"\006S\005\000a\316i\025c%ny\333"
 333      1A220653 
 333      050061CE 
 333      69156325 
 333      6E79DB
 334 00a5 136C6BB0 		.ascii	"\023lk\260U\0065 T\300\\r\233\0124'\013\222/\363\332"
 334      55063520 
 334      54C05C72 
 334      9B0A3427 
 334      0B922FF3 
 335 00ba 0AE4E2D2 		.ascii	"\012\344\342\322,\227^\274\024\360\223\317\345\367d"
 335      2C975EBC 
 335      14F093CF 
 335      E5F764
 336 00c9 DCB1D168 		.ascii	"\334\261\321h\217=\003\323m\261\237 \305\212\037^\026"
 336      8F3D03D3 
ARM GAS  C:\Users\PUBLIC~1.LAP\AppData\Local\Temp\cclsaOPx.s 			page 25


 336      6DB19F20 
 336      C58A1F5E 
 336      16
 337 00da 7BD52155 		.ascii	"{\325!UKUs\252VU_t\021.23\320\306\234#F\236y#s\274\260"
 337      4B5573AA 
 337      56555F74 
 337      112E3233 
 337      D0C69C23 
 338 00f5 7D3FE634 		.ascii	"}?\3464\2245L6)\024\267\027Vjbl\241\001\225\232l\267"
 338      94354C36 
 338      2914B717 
 338      566A626C 
 338      A101959A 
 339 010b C5A7F1DA 		.ascii	"\305\247\361\332\2349\303\213\366\206\317@]\312X\035"
 339      9C39C38B 
 339      F686CF40 
 339      5DCA581D 
 340 011b 6821FB5F 		.ascii	"h!\373_t\2200\261C'Ew|\232\277\307x\201\346\234$\377"
 340      749030B1 
 340      43274577 
 340      7C9ABFC7 
 340      7881E69C 
 341 0131 F61A945F 		.ascii	"\366\032\224_\237\313\320\236v\0048n/=j\266P{\254K\003"
 341      9FCBD09E 
 341      7604386E 
 341      2F3D6AB6 
 341      507BAC4B 
 342 0146 63B53917 		.ascii	"c\2659\027}\374\252\317WW\003>\215X-\326\227:y\235)"
 342      7DFCAACF 
 342      5757033E 
 342      8D582DD6 
 342      973A799D 
 343 015b 832BE571 		.ascii	"\203+\345q\370\034\330\033\265<\234\274\3163au-\223"
 343      F81CD81B 
 343      B53C9CBC 
 343      CE336175 
 343      2D93
 344 016d 8EA5EA2C 		.ascii	"\216\245\352,P\3700|\247\010%R\003\006\035JL\255\322"
 344      50F8307C 
 344      A7082552 
 344      03061D4A 
 344      4CADD2
 345 0180 EBE4FA52 		.ascii	"\353\344\372R#$\"\"\245\007\022F3\341\227\005\244\003"
 345      23242222 
 345      A5071246 
 345      33E19705 
 345      A403
 346 0192 73136E08 		.ascii	"s\023n\010\204\033\240\366\010\211^\364\356\264\334"
 346      841BA0F6 
 346      08895EF4 
 346      EEB4DC
 347 01a1 1B057202 		.ascii	"\033\005r\002\214\3438\336\364\341V\356\002\357\001"
 347      8CE338DE 
 347      F4E156EE 
 347      02EF01
 348 01b0 22204002 		.ascii	"\" @\002c\214\262\036@\012A\211\2057\031\025\274\246"
 348      638CB21E 
ARM GAS  C:\Users\PUBLIC~1.LAP\AppData\Local\Temp\cclsaOPx.s 			page 26


 348      400A4189 
 348      85371915 
 348      BCA6
 349 01c2 2D84F5BB 		.ascii	"-\204\365\273\325^{\206\036]\270k`\270\365\327<\302"
 349      D55E7B86 
 349      1E5DB86B 
 349      60B8F5D7 
 349      3CC2
 350 01d4 DB0D1B05 		.ascii	"\333\015\033\005\202\032\237\2333A\026\246\303X\304"
 350      821A9F9B 
 350      334116A6 
 350      C358C4
 351 01e3 7A0018D7 		.ascii	"z\000\030\327SSzv\3710\331\367@h?\305\226\2607\347\275"
 351      53537A76 
 351      F930D9F7 
 351      40683FC5 
 351      96B037E7 
 352 01f8 E1B0ABAF 		.ascii	"\341\260\253\257\342J\351\242vh`\035\012"
 352      E24AE9A2 
 352      7668601D 
 352      0A
 353              		.text
 354              		.section	.gnu.lto_chVTDoTickI.part.0.281.83ad406f,"e",%progbits
 355 0000 28B52FFD 		.ascii	"(\265/\375`\217\005\315!\000\306:\324Ip\032R:\001\375"
 355      608F05CD 
 355      2100C63A 
 355      D449701A 
 355      523A01FD 
 356 0014 B5985265 		.ascii	"\265\230Re\253\347.@H\301\341\325\2642\303\335v{\\'"
 356      ABE72E40 
 356      48C1E1D5 
 356      B432C3DD 
 356      767B5C27 
 357 0028 8E9B911D 		.ascii	"\216\233\221\035\306\374\012\245\266\331\017\227\370"
 357      C6FC0AA5 
 357      B6D90F97 
 357      F8
 358 0035 7B664955 		.ascii	"{fIUaA\221\024\332\362N\010\316\011\241_\205\025\337"
 358      61419114 
 358      DAF24E08 
 358      CE09A15F 
 358      8515DF
 359 0048 8579D8B8 		.ascii	"\205y\330\270\000\252\257\007\007i\204\220\275e\012"
 359      00AAAF07 
 359      07698490 
 359      BD650A
 360 0057 B500BF00 		.ascii	"\265\000\277\000\277\000}fV\326T\326\324\031Gn3m\\U"
 360      BF007D66 
 360      56D654D6 
 360      D419476E 
 360      336D5C55 
 361 006b 436B7FFD 		.ascii	"Ck\177\3759/\376vv\223?\347\306\026\373\216\222\314"
 361      392FFE76 
 361      76933FE7 
 361      C616FB8E 
 361      92CC
 362 007d 2BE79C63 		.ascii	"+\347\234c\304\357/\250w\330s\232P\315|:o\312\231\263"
ARM GAS  C:\Users\PUBLIC~1.LAP\AppData\Local\Temp\cclsaOPx.s 			page 27


 362      C4EF2FA8 
 362      77D8739A 
 362      50CD7C3A 
 362      6FCA99B3 
 363 0091 ACC09AC9 		.ascii	"\254\300\232\311\261\231Ok\224\025\217\015)l\312\344"
 363      B1994F6B 
 363      94158F0D 
 363      296CCAE4 
 364 00a1 EC7CD0E9 		.ascii	"\354|\320\351%\254\235\362\272\200\332)\332\003\324"
 364      25AC9DF2 
 364      BA80DA29 
 364      DA03D4
 365 00b0 4E733AED 		.ascii	"Ns:\355\256\377P[\331\352\307?\256\235\037r\2306ds9"
 365      AEFF505B 
 365      D9EAC73F 
 365      AE9D1F72 
 365      98366473 
 366 00c5 67B653AC 		.ascii	"g\266S\254u\365)>\266NMQ|\327\343\273\223WQ\255\333"
 366      75F5293E 
 366      B64E4D51 
 366      7CD7E3BB 
 366      935751AD 
 367 00da B99AD161 		.ascii	"\271\232\321a\310\253^au\012\200kG\243;.\254\306\250"
 367      C8AB5E61 
 367      750A806B 
 367      47A33B2E 
 367      ACC6A8
 368 00ed 85A69790 		.ascii	"\205\246\227\220\235+)\024\217\235\255\365Y\337\032"
 368      9D2B2914 
 368      8F9DADF5 
 368      59DF1A
 369 00fc 5753F716 		.ascii	"WS\367\026\350U\207!\347\374F*\3738\375\337\352\357"
 369      E8558721 
 369      E7FC462A 
 369      FB38FDDF 
 369      EAEF
 370 010e DE8F6A05 		.ascii	"\336\217j\005\347M\341\374\367Z\313\263\365\223h,H\015"
 370      E74DE1FC 
 370      F75ACBB3 
 370      F593682C 
 370      480D
 371 0120 DE72CE43 		.ascii	"\336r\316CWb\224x\023iR;\275\270\317z\303\223\306Z\022"
 371      57629478 
 371      1369523B 
 371      BDB8CF7A 
 371      C393C65A 
 372 0135 0B79DD1C 		.ascii	"\013y\335\0347\366\"f,\355\342\345\361\332\012t4\273"
 372      37F62266 
 372      2CEDE2E5 
 372      F1DA0A74 
 372      34BB
 373 0147 8E81FCBB 		.ascii	"\216\201\374\273\373uw\257\323\271Ww\367)\317=\272s"
 373      FB7577AF 
 373      D3B95777 
 373      F729CF3D 
 373      BA73
 374 0159 8F75EEAF 		.ascii	"\217u\356\257\316}\013\270<\0340s\276\361\246M\376\221"
ARM GAS  C:\Users\PUBLIC~1.LAP\AppData\Local\Temp\cclsaOPx.s 			page 28


 374      CE7D0BB8 
 374      3C1C3073 
 374      BEF1A64D 
 374      FE91
 375 016b 5639D2CD 		.ascii	"V9\322\315n\263\266\362 !\250+\361\242\234\037\274\246"
 375      6EB3B6F2 
 375      2021A82B 
 375      F1A29C1F 
 375      BCA6
 376 017d 9C0F8284 		.ascii	"\234\017\202\204\214WB Cj\014\210+Y\003l.g'\373\246"
 376      8C574220 
 376      436A0C88 
 376      2B59036C 
 376      2E6727FB 
 377 0192 32E53D67 		.ascii	"2\345=gY\200-\345=c\244\330z\260h\265c\246\0226\314"
 377      59802DE5 
 377      3D63A4D8 
 377      7AB068B5 
 377      63A61236 
 378 01a7 60A35D57 		.ascii	"`\243]W\025\304\355\331P^\364\223\367pQ\012\333\311"
 378      15C4EDD9 
 378      505EF493 
 378      F770510A 
 378      DBC9
 379 01b9 7BD23CD9 		.ascii	"{\322<\331z\270\350\264\343\246\034\033f\316\231\330"
 379      7AB8E8B4 
 379      E3A61C1B 
 379      66CE99D8 
 380 01c9 68DF51AA 		.ascii	"h\337Q\252\221\265\330\003\270\207\334\266\014I\361"
 380      91B5D803 
 380      B887DCB6 
 380      0C49F1
 381 01d8 F2EA0EAD 		.ascii	"\362\352\016\255\233b\035N\362P\3450r/Vq\362\367\271"
 381      9B621D4E 
 381      F250E530 
 381      722F5671 
 381      F2F7B9
 382 01eb 3AACE2F7 		.ascii	":\254\342\367\2316\300[\316\310c\2226\203\304`\213L"
 382      9936C05B 
 382      CEC86392 
 382      3683C460 
 382      8B4C
 383 01fd 97392EF9 		.ascii	"\2279.\371\261\353\370u;\331\351\256\237\230\034\233"
 383      B1EBF875 
 383      3BD9E9AE 
 383      9F981C9B 
 384 020d 8DE6B6D6 		.ascii	"\215\346\266\326F\205\363q'P\363\201\006\305\3134\037"
 384      4685F371 
 384      2750F381 
 384      06C5CB34 
 384      1F
 385 021e 4B2CF844 		.ascii	"K,\370Dj\212W<\343\246\356\032\261\026C\224fU\015y\003"
 385      6A8A573C 
 385      E3A6EE1A 
 385      B1164394 
 385      66550D79 
 386 0233 A2B2E0A2 		.ascii	"\242\262\340\242\270\3611>O\30654\230\303\241\030\303"
ARM GAS  C:\Users\PUBLIC~1.LAP\AppData\Local\Temp\cclsaOPx.s 			page 29


 386      B8F1313E 
 386      4FC63534 
 386      98C3A118 
 386      C3
 387 0244 7D437F31 		.ascii	"}C\1771Z1\346Q\025d\254\031\366v\343\260R]3\037\266"
 387      5A31E651 
 387      1564AC19 
 387      F676E3B0 
 387      525D331F 
 388 0259 6EFB71DE 		.ascii	"n\373q\336]\376\343t\332[\251\356\323\307\003\222\367"
 388      5DFEE374 
 388      DA5BA9EE 
 388      D3C70392 
 388      F7
 389 026a BBA1344E 		.ascii	"\273\2414N\027\260\254\"g\220\367\315\337\255\372\203"
 389      17B0AC22 
 389      6790F7CD 
 389      DFADFA83 
 390 027a E82D2D01 		.ascii	"\350--\001-H:[&\224Q\346\344\014\334\213\177\021#n'"
 390      2D483A5B 
 390      269451E6 
 390      E40CDC8B 
 390      7F11236E 
 391 028f 03370E85 		.ascii	"\0037\016\205\3016\250\373\360\036\250\001\017\002p"
 391      C136A8FB 
 391      F01EA801 
 391      0F0270
 392 029e C8D41251 		.ascii	"\310\324\022Q\244\340\2058\352\355\376\373\361\371\224"
 392      A4E08538 
 392      EAEDFEFB 
 392      F1F994
 393 02ad 4E1081C4 		.ascii	"N\020\201\304\240\021\333\016\205E\354\221\321Q\257"
 393      A011DB0E 
 393      8545EC91 
 393      D151AF
 394 02bc 882DC268 		.ascii	"\210-\302h;\024\211\300%\241\377~\332\241\320\367\363"
 394      3B1489C0 
 394      25A1FF7E 
 394      DAA1D0F7 
 394      F3
 395 02cd B1BD0814 		.ascii	"\261\275\010\024\234z!\210Xbq(db[\010\203A\241\357\302"
 395      9C7A2188 
 395      58627128 
 395      64625B08 
 395      8341A1EF 
 396 02e2 7F3F4423 		.ascii	"\177?D#\361\347c[\025MK\276\026\300\011LE'\314\264T"
 396      F1E7635B 
 396      154D4BBE 
 396      16C0094C 
 396      4527CCB4 
 397 02f7 7442EFFB 		.ascii	"tB\357\373):\375|\254oHd\213C\226(d\217<\000S\000\177"
 397      293AFD7C 
 397      AC6F4864 
 397      8B439628 
 397      648F3C00 
 398 030e 45494341 		.ascii	"EICA\022\230\202m1\311\370k\002.\235@\001\004\224T!"
 398      1298826D 
ARM GAS  C:\Users\PUBLIC~1.LAP\AppData\Local\Temp\cclsaOPx.s 			page 30


 398      31C9F86B 
 398      022E9D40 
 398      01049454 
 399 0323 C3CFFFDB 		.ascii	"\303\317\377\333\030\310\327\270$mH\214\364\322\341"
 399      18C8D7B8 
 399      246D488C 
 399      F4D2E1
 400 0332 658FE915 		.ascii	"e\217\351\025_$O\270#=G\2646\227\030H+^ DM{ \015\022"
 400      5F244FB8 
 400      233D47B4 
 400      36971848 
 400      2B5E2044 
 401 034b 01B9C61D 		.ascii	"\001\271\306\035\326(\233\262lM\030\232s\316*^\376\017"
 401      D6289BB2 
 401      6C4D189A 
 401      73CE2A5E 
 401      FE0F
 402 035d 68A88120 		.ascii	"h\250\201 %\031SHFf$\2104\251\306p\002\031\262c\007"
 402      25195348 
 402      46662488 
 402      34A9C670 
 402      0219B263 
 403 0372 12C03626 		.ascii	"\022\3006&EA\225H )\253<-cC\306\226\011\212x\245\261"
 403      45419548 
 403      2029AB3C 
 403      2D6343C6 
 403      96098A78 
 404 0388 E7B2409A 		.ascii	"\347\262@\232\276\206\317\266\311JK\374\234B\251\336"
 404      BE86CFB6 
 404      C94A4BFC 
 404      9C42A9DE 
 405 0398 1F7026B6 		.ascii	"\037p&\266\223^\206\2272\355\011\235s\003%4/\224\000"
 405      935E8697 
 405      32ED099D 
 405      73032534 
 405      2F9400
 406 03ab A22C3B61 		.ascii	"\242,;ae\017\177/\271\253\210(\227=_\241\301\206\215"
 406      650F7F2F 
 406      B9AB8828 
 406      973D5FA1 
 406      C1868D
 407 03be 82953157 		.ascii	"\202\2251W\021\276\007\007\240\341f6\221KhJP\011\212"
 407      11BE0707 
 407      A0E16636 
 407      914B684A 
 407      50098A
 408 03d1 22A63B17 		.ascii	"\"\246;\027\236W\325d\255N\235\205$\300+\020\011\323"
 408      9E57D564 
 408      AD4E9D85 
 408      24C02B10 
 408      09D3
 409 03e3 13C0D899 		.ascii	"\023\300\330\231k\316\311\326\024\267\020g\366\005\325"
 409      6BCEC9D6 
 409      14B71067 
 409      F605D5
 410 03f2 683975BA 		.ascii	"h9u\272I#\013\253\264\223.\230\033\371\223\310L\000"
 410      49230BAB 
ARM GAS  C:\Users\PUBLIC~1.LAP\AppData\Local\Temp\cclsaOPx.s 			page 31


 410      B4932E98 
 410      1BF993C8 
 410      4C00
 411 0404 260A0D34 		.ascii	"&\012\0154\231\337\336=0\245\033\223\022A\376\212n\007"
 411      99DFDE3D 
 411      30A51B93 
 411      1241FE8A 
 411      6E07
 412 0416 F851C61E 		.ascii	"\370Q\306\036>\264\021/W\012\346\350~\270Z\266A\005"
 412      3EB4112F 
 412      570AE6E8 
 412      7EB85AB6 
 412      4105
 413 0428 44BADB49 		.ascii	"D\272\333I6\260\206\363n(vr\200\011\0240\265\024\272"
 413      36B086F3 
 413      6E287672 
 413      80091430 
 413      B514BA
 414 043b 032DB3DD 		.ascii	"\003-\263\335\263N\240\002"
 414      B34EA002 
 415              		.text
 416              		.section	.gnu.lto_.symbol_nodes.83ad406f,"e",%progbits
 417 0000 28B52FFD 		.ascii	"(\265/\375`x\000\255\006\000\364\011t\001\000\000\000"
 417      607800AD 
 417      0600F409 
 417      74010000 
 417      00
 418 0011 02277F11 		.ascii	"\002'\177\021\200\200\200\200\004\001\220\316\000\000"
 418      80808080 
 418      040190CE 
 418      0000
 419 001f 7F0000B9 		.ascii	"\177\000\000\271\220\202\202\200\006%\177\022\350\314"
 419      90828280 
 419      06257F12 
 419      E8CC
 420 002d 99339902 		.ascii	"\2313\231\002\177\023\267\275\224\034\224\202\202\200"
 420      7F13B7BD 
 420      941C9482 
 420      8280
 421 003b 20000000 		.ascii	" \000\000\000\005\220\002\011`\210\002\177\024\272\220"
 421      05900209 
 421      6088027F 
 421      14BA90
 422 004a 82028902 		.ascii	"\202\002\211\002\177\025\212\002\177\026\213\002\177"
 422      7F158A02 
 422      7F168B02 
 422      7F
 423 0057 178C027F 		.ascii	"\027\214\002\177\030\215\002\177\031\252\333\3426\216"
 423      188D027F 
 423      19AADBE2 
 423      368E
 424 0065 027F1AF3 		.ascii	"\002\177\032\363\240\235(\001\222\002\177\033\377\037"
 424      A09D2801 
 424      92027F1B 
 424      FF1F
 425 0073 00008090 		.ascii	"\000\000\200\220\200\003\001\013\244\006\003\002\001"
 425      8003010B 
ARM GAS  C:\Users\PUBLIC~1.LAP\AppData\Local\Temp\cclsaOPx.s 			page 32


 425      A4060302 
 425      01
 426 0080 F39DCE1A 		.ascii	"\363\235\316\032\001\242\007\003\002\000\311\302\353"
 426      01A20703 
 426      0200C9C2 
 426      EB
 427 008d E3030142 		.ascii	"\343\003\001B\004\002\365\001\003\006\001\242\001\003"
 427      0402F501 
 427      030601A2 
 427      0103
 428 009b 070800E2 		.ascii	"\007\010\000\342\001\003\012\002\267\275\224\034\001"
 428      01030A02 
 428      B7BD941C 
 428      01
 429 00a8 A2060015 		.ascii	"\242\006\000\025\000``\227M\230\032\032\326\030J\033"
 429      00606097 
 429      4D981A1A 
 429      D6184A1B 
 430 00b8 3733F180 		.ascii	"73\361\200\272\002\227\225\235\316?\222 z\004\007\037"
 430      BA029795 
 430      9DCE3F92 
 430      207A0407 
 430      1F
 431 00c9 011F011F 		.ascii	"\001\037\001\037\001Ox,\222\341#\274\012\277g\301y\272"
 431      014F782C 
 431      92E123BC 
 431      0ABF67C1 
 431      79BA
 432 00db A1ADE904 		.ascii	"\241\255\351\004"
 433              		.text
 434              		.section	.gnu.lto_.refs.83ad406f,"e",%progbits
 435 0000 28B52FFD 		.ascii	"(\265/\375 =\351\001\0009\000\000\000\002\002\002\003"
 435      203DE901 
 435      00390000 
 435      00020202 
 435      03
 436 0011 0D000003 		.ascii	"\015\000\000\003\016\000\001\006\002\003\005\000\001"
 436      0E000106 
 436      02030500 
 436      01
 437 001e 07020305 		.ascii	"\007\002\003\005\000\001\010\001\003\011\000\002\011"
 437      00010801 
 437      03090002 
 437      09
 438 002b 00030100 		.ascii	"\000\003\001\000\002\003\012\000\004\012\000\003\001"
 438      02030A00 
 438      040A0003 
 438      01
 439 0038 00010303 		.ascii	"\000\001\003\003\000\000\003\004\000\002\003\005\000"
 439      00000304 
 439      00020305 
 439      00
 440 0045 00       		.ascii	"\000"
 441              		.text
 442              		.section	.gnu.lto_.decls.83ad406f,"e",%progbits
 443 0000 28B52FFD 		.ascii	"(\265/\375`\216&%\246\000\012\006!:Y@\312$\245\016\262"
 443      608E2625 
ARM GAS  C:\Users\PUBLIC~1.LAP\AppData\Local\Temp\cclsaOPx.s 			page 33


 443      A6000A06 
 443      213A5940 
 443      CA24A50E 
 444 0015 55E1D978 		.ascii	"U\341\331x<\261L\373\004\010\210 \230\361\353h\023w"
 444      3CB14CFB 
 444      04088820 
 444      98F1EB68 
 444      1377
 445 0027 A5936E66 		.ascii	"\245\223nf\3766n\267qI\226\007va-\003X\177\20353\326"
 445      FE366EB7 
 445      71499607 
 445      76612D03 
 445      587F8335 
 446 003d 8812B111 		.ascii	"\210\022\261\021m\026\020\373\216\265\341i\232\221\256"
 446      6D1610FB 
 446      8EB5E169 
 446      9A91AE
 447 004c 26280E6A 		.ascii	"&(\016j_#\024\312\335\370\004 0T\303\206\262\016eU\004"
 447      5F2314CA 
 447      DDF80420 
 447      3054C386 
 447      B20E6555 
 448 0061 BBECB652 		.ascii	"\273\354\266R&\231\002U\003\203\003\232\003\030M;>\323"
 448      26990255 
 448      0383039A 
 448      03184D3B 
 448      3ED3
 449 0073 172E8DAA 		.ascii	"\027.\215\2524u\021s\261\326\324\342n\375\322\013\313"
 449      34751173 
 449      B1D6D4E2 
 449      6EFDD20B 
 449      CB
 450 0084 DED02ACF 		.ascii	"\336\320*\317\275\243L\027\372->i\333\324\370\312\216"
 450      BDA34C17 
 450      FA2D3E69 
 450      DBD4F8CA 
 450      8E
 451 0095 C45DE525 		.ascii	"\304]\345%\026\232\352h\005\224\317J?$\273\247\214!"
 451      169AEA68 
 451      0594CF4A 
 451      3F24BBA7 
 451      8C21
 452 00a7 7AC527E1 		.ascii	"z\305'\341\267\351\213.0\355XK7\325\2756$\252\317\037"
 452      B7E98B2E 
 452      30ED584B 
 452      37D5BD36 
 452      24AACF1F 
 453 00bb 3CD2853E 		.ascii	"<\322\205>\212?\341W\307\017e\375Q\321\363\202Gq\267"
 453      8A3FE157 
 453      C70F65FD 
 453      51D1F382 
 453      4771B7
 454 00ce FEE84490 		.ascii	"\376\350D\220\264\306\306\206\205\313\007\324\207\232"
 454      B4C6C686 
 454      85CB07D4 
 454      879A
 455 00dc DDFFC828 		.ascii	"\335\377\310(\012\034V\362s\263\005\256D\030\322\225"
ARM GAS  C:\Users\PUBLIC~1.LAP\AppData\Local\Temp\cclsaOPx.s 			page 34


 455      0A1C56F2 
 455      73B305AE 
 455      4418D295 
 456 00ec 2EFA131F 		.ascii	".\372\023\0375e\327dJ;~\241]\210\205\014:\226\224\244"
 456      3565D764 
 456      4A3B7EA1 
 456      5D88850C 
 456      3A9694A4 
 457 0100 1D17E905 		.ascii	"\035\027\351\005|\320\003=\015\270\246\344\347\007z"
 457      7CD0033D 
 457      0DB8A6E4 
 457      E7077A
 458 010f 12327634 		.ascii	"\0222v4\352\330>;\006\322\376W\364+\037\011E\230\024"
 458      EAD83E3B 
 458      06D2FE57 
 458      F42B1F09 
 458      459814
 459 0122 3CED1F45 		.ascii	"<\355\037E{\364\353\233\350\234&viT\015\273\212O\265"
 459      7BF4EB9B 
 459      E89C2676 
 459      69540DBB 
 459      8A4FB5
 460 0135 EC4CCCF8 		.ascii	"\354L\314\370Le\011\234\022\206\230\276\333OH\236{o"
 460      4C65099C 
 460      128698BE 
 460      DB4F489E 
 460      7B6F
 461 0147 BB8B77A1 		.ascii	"\273\213w\241\367\356\312\3715\273sw\227\356\326\241"
 461      F7EECAF9 
 461      35BB7377 
 461      97EED6A1 
 462 0157 3DF756B3 		.ascii	"=\367V\263\251\261\301^)\212\020\251S\322d`\212<\255"
 462      A9B1C15E 
 462      298A10A9 
 462      53D26460 
 462      8A3CAD
 463 016a E97DF6DF 		.ascii	"\351}\366\337\322\376Y\372\356KA\365\177\222\342n\030"
 463      D2FE59FA 
 463      EE4B41F5 
 463      7F92E26E 
 463      18
 464 017b 48DB0C25 		.ascii	"H\333\014%Q\230\340\"J\272i\034\\\036\024\270\346g$"
 464      5198E022 
 464      4ABA691C 
 464      5C1E14B8 
 464      E66724
 465 018e 2D7B7A44 		.ascii	"-{zD^\267\3556\271d8\331\354\360\3244gF\304\335\216"
 465      5EB7ED36 
 465      B96438D9 
 465      ECF0D434 
 465      6746C4DD 
 466 01a3 B8AA9E5C 		.ascii	"\270\252\236\\\267\013\345\276]\350m\273F\374\256]\266"
 466      B70BE5BE 
 466      5DE86DBB 
 466      46FCAE5D 
 466      B6
 467 01b4 8B05C255 		.ascii	"\213\005\302U{YF\330A\\R\317k\326v\235\\0\011O;\212"
ARM GAS  C:\Users\PUBLIC~1.LAP\AppData\Local\Temp\cclsaOPx.s 			page 35


 467      7B5946D8 
 467      415C52CF 
 467      6BD6769D 
 467      5C30094F 
 468 01ca AE5CA49C 		.ascii	"\256\\\244\234\231\211\265d\277l\372F/\005\265\346."
 468      9989B564 
 468      BF6CFA46 
 468      2F05B5E6 
 468      2E
 469 01db B9699945 		.ascii	"\271i\231E\221\213(E4\223%\370\010Q\023\307\347\273"
 469      918B2845 
 469      349325F8 
 469      085113C7 
 469      E7BB
 470 01ed C4FD2AB9 		.ascii	"\304\375*\271h\3766ao\273\275\267\000rt\032\364\363"
 470      68FE3661 
 470      6FBBBDB7 
 470      0072741A 
 470      F4F3
 471 01ff 39C2A5A0 		.ascii	"9\302\245\240\376\245Qo\221+\305.T\024eI\223\260\340"
 471      FEA5516F 
 471      912BC52E 
 471      54146549 
 471      93B0E0
 472 0212 6925A53E 		.ascii	"i%\245>#yI\2032m\374\320G\256\021\026\032/\322\210n"
 472      23794983 
 472      326DFCD0 
 472      47AE1116 
 472      1A2FD288 
 473 0227 68A76351 		.ascii	"h\247cQ\223\330m%\237\375Vi\277R:\302\035r\341\352\241"
 473      93D86D25 
 473      9FFD5669 
 473      BF523AC2 
 473      1D72E1EA 
 474 023c 25956542 		.ascii	"%\225eB|S9\244P|&C\223\213\202~\366Q\343[\262bJ\361"
 474      7C5339A4 
 474      507C2643 
 474      938B827E 
 474      F651E35B 
 475 0254 79C3D6D5 		.ascii	"y\303\326\325\342\032\013r\303\356\330\205^\261\313"
 475      E21A0B72 
 475      C3EED885 
 475      5EB1CB
 476 0263 C32FD7ED 		.ascii	"\303/\327\355\362\034\335{\271\367\366\013\334\257\216"
 476      F21CDD7B 
 476      B9F7F60B 
 476      DCAF8E
 477 0272 1F170C27 		.ascii	"\037\027\014'\2332'\236\204\314\355\035\365\213\345"
 477      9B32279E 
 477      84CCED1D 
 477      F58BE5
 478 0281 BE41EC66 		.ascii	"\276A\354f]\255\227et3\305p\221\005Imjll\236\313\211"
 478      5DAD9765 
 478      7433C570 
 478      9105496D 
 478      6A6C6C9E 
 479 0297 AE84CE17 		.ascii	"\256\204\316\027\310\365\272\320\013\367\313Y\226Q\031"
ARM GAS  C:\Users\PUBLIC~1.LAP\AppData\Local\Temp\cclsaOPx.s 			page 36


 479      C8F5BAD0 
 479      0BF7CB59 
 479      965119
 480 02a6 9F0DA130 		.ascii	"\237\015\2410\254\317\256\243\375^Pe\356\005\325\201"
 480      ACCFAEA3 
 480      FD5E5065 
 480      EE05D581 
 481 02b6 DAD32E05 		.ascii	"\332\323.\005\365\245\003\355~\265\334o\216\213u\243"
 481      F5A503ED 
 481      7EB5DC6F 
 481      8E8B75A3 
 482 02c6 79CBB9A7 		.ascii	"y\313\271\247{GgZz<\025}\360\331\207\352\225\343\315"
 482      7B47675A 
 482      7A3C157D 
 482      F0D987EA 
 482      95E3CD
 483 02d9 C667AF80 		.ascii	"\306g\257\200\206\336\036\227Gt\327\334)`f@>\273\003"
 483      86DE1E97 
 483      4774D7DC 
 483      29606640 
 483      3EBB03
 484 02ec B4DF1D1E 		.ascii	"\264\337\035\036\000\247\215\201\377\264\277\326\227"
 484      00A78D81 
 484      FFB4BFD6 
 484      97
 485 02f9 46A5E052 		.ascii	"F\245\340RP\363\245Q\321\236\203\373cp\377\232%\010"
 485      50F3A551 
 485      D19E83FB 
 485      6370FF9A 
 485      2508
 486 030b 70FF0BEE 		.ascii	"p\377\013\356o\000\367/\200\373S\340\376\023|\000\334"
 486      6F00F72F 
 486      80FB53E0 
 486      FE137C00 
 486      DC
 487 031c 02779CC3 		.ascii	"\002w\234\303\375&y\232\273:\262\227\200\303e\334\261"
 487      FD26799A 
 487      BB3AB297 
 487      80C365DC 
 487      B1
 488 032d 9A908F39 		.ascii	"\232\220\2179\200\004w\234\344\255\210\373-2}\030'\356"
 488      8004779C 
 488      E4AD88FB 
 488      2D327D18 
 488      27EE
 489 033f FEC4DDDB 		.ascii	"\376\304\335\333\376\345\313)\270\343!\230\313\315\177"
 489      FEE5CB29 
 489      B8E32198 
 489      CBCD7F
 490 034e EED8C7F5 		.ascii	"\356\330\307\365\271c\027\356\016\346\376\370\303\334"
 490      B96317EE 
 490      0EE6FEF8 
 490      C3DC
 491 035c 5D4C757F 		.ascii	"]Lu\177w\367\003\270_=\217q\307S\3567\317\375J\335\357"
 491      77F703B8 
 491      5F3D8F71 
 491      C753EE37 
ARM GAS  C:\Users\PUBLIC~1.LAP\AppData\Local\Temp\cclsaOPx.s 			page 37


 491      CFFD4ADD 
 492 0371 9CFB8D73 		.ascii	"\234\373\215s\277o\356\267\315\375\252\271_&\356\367"
 492      BF6FEEB7 
 492      CDFDAAB9 
 492      5F26EEF7 
 493 0381 CCFD1A71 		.ascii	"\314\375\032q\277S\334\375\315\335\205\356\236\346\356"
 493      BF53DCFD 
 493      CDDD85EE 
 493      9EE6EE
 494 0390 77EE3EE6 		.ascii	"w\356>\346\356T\334o\230\373\375r\367\251\273Gq\367"
 494      EE54DC6F 
 494      98FBFD72 
 494      F7A9BB47 
 494      71F7
 495 03a2 38778773 		.ascii	"8w\207s\3672w'sw!\356.\000w'\342\356.{{{{\356X\003\356"
 495      F7327727 
 495      737721EE 
 495      2E007727 
 495      E2EE2E7B 
 496 03bd BF08DC27 		.ascii	"\277\010\334'\230\020\032\254\324\242\226L\367V\253"
 496      98101AAC 
 496      D4A2964C 
 496      F756AB
 497 03cc B161815B 		.ascii	"\261a\201[3a\225\363\214\257\251\011\227Q\024\355\032"
 497      336195F3 
 497      8CAFA909 
 497      975114ED 
 497      1A
 498 03dd 4DBB4EA2 		.ascii	"M\273N\242\265syiT\033 x\273\333!\246\255p\325\327\010"
 498      B5737969 
 498      541B2078 
 498      BBDB21A6 
 498      AD70D5D7 
 499 03f2 22AD819F 		.ascii	"\"\255\201\237\027\212\2550\025\266\222\"{\332\264\020"
 499      178AAD30 
 499      15B69222 
 499      7BDAB410 
 500 0402 810332A2 		.ascii	"\201\0032\242f\327]\332\365\225v\375\324\256e\350\031"
 500      66D75DDA 
 500      F59576FD 
 500      D4AE65E8 
 500      19
 501 0413 2D50EC78 		.ascii	"-P\354x2i\034\303\000CEWX{o\031\027\212c\340\250\345"
 501      32691CC3 
 501      00434557 
 501      587B6F19 
 501      178A63E0 
 502 0429 D4D35E8E 		.ascii	"\324\323^\216\234]\037i\327B\032;\341\247\013\3653\374"
 502      9C5D1F69 
 502      D7421A3B 
 502      E1A70BF5 
 502      33FC
 503 043b C2054809 		.ascii	"\302\005H\011\011\243\317\256\267v\031?S\3757m\252\201"
 503      09A3CFAE 
 503      B776193F 
 503      53FD376D 
 503      AA81
ARM GAS  C:\Users\PUBLIC~1.LAP\AppData\Local\Temp\cclsaOPx.s 			page 38


 504 044d 59B301E4 		.ascii	"Y\263\001\344\215N\273;nq\241\230\011\257\300LX\011"
 504      8D4EBB3B 
 504      6E71A198 
 504      09AFC04C 
 504      5809
 505 045f 2FB15560 		.ascii	"/\261U`c\347M\337\311\215\031\2263f\201\225\326\360"
 505      63E74DDF 
 505      C98D1996 
 505      33668195 
 505      D6F0
 506 0471 723CB5FF 		.ascii	"r<\265\377\244\264\377\236\264\377\230\264;V\201S\264"
 506      A4B4FF9E 
 506      B4FF98B4 
 506      3B568153 
 506      B4
 507 0482 1002E1E9 		.ascii	"\020\002\341\3513\212\350\256@u\243\353\263\377Jh\374"
 507      338AE8AE 
 507      4075A3EB 
 507      B3FF4A68 
 507      FC
 508 0493 01465A22 		.ascii	"\001FZ\"\222\002\311gW\353\264\253q\372\3715$\244\207"
 508      9202C967 
 508      57EBB4AB 
 508      71FAF935 
 508      24A487
 509 04a6 45C684B6 		.ascii	"E\306\204\266\365@\360~\306\034EA\347\306@x\"+\346\362"
 509      F540F07E 
 509      C61C4541 
 509      E7C64078 
 509      222BE6F2 
 510 04ba 88644C9F 		.ascii	"\210dL\237\311\377\221Z1\247\344\325~\344a\240\207{"
 510      C9FF915A 
 510      31A7E4D5 
 510      7EE461A0 
 510      877B
 511 04cc BD1BFDF2 		.ascii	"\275\033\375\362A\241\315\255\025\3713/\346\234\323"
 511      41A1CDAD 
 511      15F9332F 
 511      E69CD3
 512 04db C567A13D 		.ascii	"\305g\241=\327\336\315m\017\017\341%Nb\"\2741\023\027"
 512      D7DECD6D 
 512      0F0FE125 
 512      4E6222BC 
 512      311317
 513 04ee E11FACC4 		.ascii	"\341\037\254\304M|\002\227\300&0\011\034\204\205.\024"
 513      4D7C0297 
 513      C0263009 
 513      1C84852E 
 513      14
 514 04ff 033D95DF 		.ascii	"\003=\225\337\020\256\036\006\372&\237\002J\312\357"
 514      10AE1E06 
 514      FA269F02 
 514      4ACAEF
 515 050e E50711CD 		.ascii	"\345\007\021\315a\340\365`U\357t\347\200\001\006\372"
 515      61E0F560 
 515      55EF74E7 
 515      800106FA 
ARM GAS  C:\Users\PUBLIC~1.LAP\AppData\Local\Temp\cclsaOPx.s 			page 39


 516 051e B0177B49 		.ascii	"\260\027{IF\330AAR\317,\361&\256\344\251\370&\031os"
 516      46D84141 
 516      52CF2CF1 
 516      26AEE4A9 
 516      F826196F 
 517 0533 7BEF3D0C 		.ascii	"{\357=\014\364W\334\355(H\014\033\033\233\\\007\247"
 517      F457DCED 
 517      28480C1B 
 517      1B9B5C07 
 517      A7
 518 0544 C6A282EC 		.ascii	"\306\242\202\354\352\023m\345C\370\274\013}=\177\275"
 518      EA136DE5 
 518      43F8BC0B 
 518      7D3D7FBD 
 519 0554 9F7E8A0D 		.ascii	"\237~\212\015\205D\357\253|S\320\017\261\327\373\270"
 519      8544EFAB 
 519      7C53D00F 
 519      B1D7FBB8 
 520 0564 A7929400 		.ascii	"\247\222\224\000\245dW\260\261\261yfs\312T\323\256\236"
 520      A56457B0 
 520      B1B17966 
 520      73CA54D3 
 520      AE9E
 521 0576 6939AD96 		.ascii	"i9\255\226\344\211\312\347\237\362?Xs[OGUw\263\236\356"
 521      E489CAE7 
 521      9FF23F58 
 521      735B4F47 
 521      5577B39E 
 522 058b C7551524 		.ascii	"\307U\025$\305\302{\273\277\273\320\257\373(66651\317"
 522      C5C27BBB 
 522      BFBBD0AF 
 522      FB283636 
 522      363531CF 
 523 059f AA20473A 		.ascii	"\252 G:\273j\204n\256\256\207\022\031\237\345n\034\220"
 523      BB6A846E 
 523      AEAE8712 
 523      199FE56E 
 523      1C90
 524 05b1 194FB6B4 		.ascii	"\031O\266\264\224\217\262\343x\260\370\354\352S\273"
 524      948FB2E3 
 524      78B0F8EC 
 524      EA53BB
 525 05c0 2A43BB0A 		.ascii	"*C\273\012\245\335\236\355\241\334\350\327\376Y\263"
 525      A5DD9EED 
 525      A1DCE8D7 
 525      FE59B3
 526 05cf A0CA965B 		.ascii	"\240\312\226[\232\276]\350\273}\233\013\213)\257\261"
 526      9ABE5DE8 
 526      BB7D9B0B 
 526      8B29AFB1 
 527 05df 9CDD9704 		.ascii	"\234\335\227\004\312?Q\202\344\007\357\363\223w\"\001"
 527      CA3F5182 
 527      E407EFF3 
 527      93772201 
 528 05ef 9C5C8931 		.ascii	"\234\\\2111\355\2760\355> \332}>\324\322\210\210\231"
 528      EDBE30ED 
 528      3E20DA7D 
ARM GAS  C:\Users\PUBLIC~1.LAP\AppData\Local\Temp\cclsaOPx.s 			page 40


 528      3ED4D288 
 528      8899
 529 0601 50F29909 		.ascii	"P\362\231\011&\333\301\345\264Z\362h\371\305\320\025"
 529      26DBC1E5 
 529      B45AF268 
 529      F9C5D015 
 530 0611 0D27EDBE 		.ascii	"\015'\355\276\2453\351\221\023N\314>G\347\356~\020!"
 530      A533E991 
 530      134ECC3E 
 530      47E7EE7E 
 530      1021
 531 0623 7DFE23FF 		.ascii	"}\376#\377G\006\020\302\336\312G\362I\374\217\274\221"
 531      470610C2 
 531      DECA47F2 
 531      49FC8FBC 
 531      91
 532 0634 7B2DDC6B 		.ascii	"{-\334kA\346%L)\207\244f\367\251\320\356;\322\3563A"
 532      41E6254C 
 532      2987A466 
 532      F7A9D0EE 
 532      3BD2EE33 
 533 0649 C4ECE754 		.ascii	"\304\354\347Tv\326\365\371\205|\331\205Z\360C\324fR"
 533      76D6F5F9 
 533      857CD985 
 533      5AF043D4 
 533      6652
 534 065b 748740A3 		.ascii	"t\207@\243\306\336\335g\367m\355\327\0025\004\327\002"
 534      C6DEDD67 
 534      F76DEDD7 
 534      023504D7 
 534      02
 535 066c D5B3154D 		.ascii	"\325\263\025M\301\245Q\203d\250\266\250&:\355\031\356"
 535      C1A55183 
 535      64A8B6A8 
 535      263AED19 
 535      EE
 536 067d 8B6568C7 		.ascii	"\213eh\307\023\2635\355\031M?\327w]\350\004\377\303"
 536      13B335ED 
 536      194D3FD7 
 536      775DE804 
 536      FFC3
 537 068f 3960E038 		.ascii	"9`\3408\271\265\347Z\246z8\246L\240\336\275;\201\352"
 537      B9B5E75A 
 537      A67A38A6 
 537      4CA0DEBD 
 537      3B81EA
 538 06a2 B94C5FB9 		.ascii	"\271L_\271\033\321\324\343Xz\361QYO\037t\004\026\004"
 538      1BD1D4E3 
 538      587AF151 
 538      594F1F74 
 538      041604
 539 06b5 CB4B2EC6 		.ascii	"\313K.\306\323\220\361tz\023`g;\276\307\373x\350G_\353"
 539      D390F174 
 539      7A136067 
 539      3BBEC7FB 
 539      78E8475F 
 540 06ca 753C8F0B 		.ascii	"u<\217\013\375,\377\254\317\3614\242\256\024]\331T\260"
ARM GAS  C:\Users\PUBLIC~1.LAP\AppData\Local\Temp\cclsaOPx.s 			page 41


 540      FD2CFFAC 
 540      CFF134A2 
 540      AE145DD9 
 540      54B0
 541 06dc 698982C4 		.ascii	"i\211\202\304\310\233\204\354\031L{\216j\317:p\334\350"
 541      C89B84EC 
 541      194C7B8E 
 541      6ACF3A70 
 541      DCE8
 542 06ee D18244D8 		.ascii	"\321\202D\330\347\267\241\332i\305\340\202Q\303\012"
 542      E7B7A1DA 
 542      69C5E082 
 542      51C30A
 543 06fd E6C50BBC 		.ascii	"\346\305\013\274*\237\237>\274\246\273\026UO\005\266"
 543      2A9F9F3E 
 543      BCA6BB16 
 543      554F05B6 
 544 070d 226889A4 		.ascii	"\"h\211\244=\023\351\227\3613.\364\367R[&\223\360\272"
 544      3D13E997 
 544      F1332EF4 
 544      F7525B26 
 544      93F0BA
 545 0720 42E5B3E7 		.ascii	"B\345\263\347 \355s\177\352\357\247:\336\323\356\037"
 545      20ED737F 
 545      EAEFA73A 
 545      DED3EE1F 
 546 0730 0543468E 		.ascii	"\005CF\216\353G\012\343\241|M\"N\272\246h\307p\3321"
 546      EB470AE3 
 546      A17C4D22 
 546      4EBAA668 
 546      C770DA31 
 547 0744 9BF63929 		.ascii	"\233\3669)\0041\020\342\320R,qm\231\020\242\375E\353"
 547      043110E2 
 547      D0522C71 
 547      6D9910A2 
 547      FD45EB
 548 0757 03A915A2 		.ascii	"\003\251\025\242\037<>\347fn\346#\026+\241l\344\371"
 548      1F3C3EE7 
 548      666EE623 
 548      162BA16C 
 548      E4F9
 549 0769 28276F11 		.ascii	"('o\021\246;\251\227*\355\236\213\312\324\250\022D\276"
 549      A63BA997 
 549      2AED9E8B 
 549      CAD4A812 
 549      44BE
 550 077b F2096C04 		.ascii	"\362\011l\004\357k\012\331\347L\"\223\310Cw7\325\022"
 550      EF6B0AD9 
 550      E74C2293 
 550      C8437737 
 550      D512
 551 078d 5037E40A 		.ascii	"P7\344\012+\233\360<$E\005\243\310\347\034\224\205\374"
 551      2B9BF03C 
 551      244505A3 
 551      C8E71C94 
 551      85FC
 552 079f 08E90C48 		.ascii	"\010\351\014H(\227H\321\0267\245\302\003\313\012,3\257"
ARM GAS  C:\Users\PUBLIC~1.LAP\AppData\Local\Temp\cclsaOPx.s 			page 42


 552      289748D1 
 552      1637A5C2 
 552      03CB0A2C 
 552      33AF
 553 07b1 1C0AABA5 		.ascii	"\034\012\253\245\262\317\031\350J\247\256\230Qyy\241"
 553      B2CF19E8 
 553      4AA7AE98 
 553      517979A1 
 554 07c1 A32A94D6 		.ascii	"\243*\224\326\214\257\374\223\367\004\005\323\364sN"
 554      8CAFFC93 
 554      F70405D3 
 554      F4734E
 555 07d0 7EDE59E9 		.ascii	"~\336Y\3519\211\367^\226;'\363\336\312{-\304\334k\001"
 555      3989F75E 
 555      963B27F3 
 555      DECA7B2D 
 555      C4DC6B01 
 556 07e4 0F8DFDC0 		.ascii	"\017\215\375\300S\263\2770\351\351a#\267\331l\242\301"
 556      53B3BF30 
 556      E9E96123 
 556      B7D96CA2 
 556      C1
 557 07f5 06F32548 		.ascii	"\006\363%H\373\024\307\323)8/\343\355\375\223\201h\320"
 557      FB14C7D3 
 557      29382FE3 
 557      EDFD9381 
 557      68D0
 558 0807 D7662E5D 		.ascii	"\327f.]\230\3005E\262\3428\357\367[\007\034\320g\\\345"
 558      98C03545 
 558      B2E238EF 
 558      F75B071C 
 558      D0675CE5 
 559 081b 97813C8B 		.ascii	"\227\201<\213\230\374\\\352\336v\322g\214\347\230\012"
 559      98FC5CEA 
 559      DE76D267 
 559      8CE7980A 
 560 082b 1427675B 		.ascii	"\024'g[{\032\3339\276c\201\004w\303J]\014%K\246\330"
 560      7B1ADB39 
 560      BE638104 
 560      77C34A5D 
 560      0C254BA6 
 561 0840 69775993 		.ascii	"iwY\223\"\005\317q(\223\011\222\2231\027\302\216\350"
 561      2205CF71 
 561      28930992 
 561      933117C2 
 561      8EE8
 562 0852 879CE3B9 		.ascii	"\207\234\343\271\013videQ\201\305\305a&yo\365\323\304"
 562      0B766964 
 562      655181C5 
 562      C5612679 
 562      6FF5D3C4 
 563 0866 03FAF616 		.ascii	"\003\372\366\026$\010\001\250\312\244Qkk\270\355\012"
 563      240801A8 
 563      CAA4516B 
 563      6BB8ED0A 
 564 0876 8C9DD58D 		.ascii	"\214\235\325\215*\014\305q\233\023U\217!\237\361\223"
 564      2A0CC571 
ARM GAS  C:\Users\PUBLIC~1.LAP\AppData\Local\Temp\cclsaOPx.s 			page 43


 564      9B13558F 
 564      219FF193 
 565 0886 2BF5B101 		.ascii	"+\365\261\001YC\373\214\235\\\260_\021\350\323\306g"
 565      5943FB8C 
 565      9D5CB05F 
 565      11E8D3C6 
 565      67
 566 0897 CC76D562 		.ascii	"\314v\325b\364x\204`\364yIM\255\307s'-]\310P\310\242"
 566      F4788460 
 566      F479494D 
 566      ADC77327 
 566      2D5DC850 
 567 08ad 2E42688E 		.ascii	".Bh\216\206\231\350\275\267R\3519\203\011\015\303K\034"
 567      8699E8BD 
 567      B752E939 
 567      83090DC3 
 567      4B1C
 568 08bf 33F9D5E8 		.ascii	"3\371\325\350!$H\372\322U%V#\017\011>C\202\245\352\336"
 568      212448FA 
 568      D2552556 
 568      230F093E 
 568      4382A5EA 
 569 08d4 1F753235 		.ascii	"\037u25\223$\301R\235\334[\031\335L\025\366\214\256"
 569      9324C152 
 569      9DDC5B19 
 569      DD4C15F6 
 569      8CAE
 570 08e6 B0A63B29 		.ascii	"\260\246;)\351B\213\332\026\216%\247s,}\331\203c+\021"
 570      E9428BDA 
 570      168E25A7 
 570      732C7DD9 
 570      83632B11 
 571 08fa D5DE3265 		.ascii	"\325\3362ef\206\215T\260\367\026\332\227\356i\203\306"
 571      66868D54 
 571      B0F716DA 
 571      97EE6983 
 571      C6
 572 090b 1C36A275 		.ascii	"\0346\242u\260u\345}\306 \274\222\213\252\345gL\004"
 572      B075E57D 
 572      C620BC92 
 572      8BAAE567 
 572      4C04
 573 091d 06055E56 		.ascii	"\006\005^V\0140\027\263\270\262#-\264c1<\346\230\314"
 573      0C3017B3 
 573      B8B2232D 
 573      B463313C 
 573      E698CC
 574 0930 C970D96D 		.ascii	"\311p\331m\356\275c\354\0376\012p\024%5/\270c!\216\313"
 574      EEBD63EC 
 574      1F360A70 
 574      1425352F 
 574      B863218E 
 575 0945 AE56CB5D 		.ascii	"\256V\313]\016(\322\317Nw\265|\233\315\214\350\263\267"
 575      0E28D2CF 
 575      4E77B57C 
 575      9BCD8CE8 
 575      B3B7
ARM GAS  C:\Users\PUBLIC~1.LAP\AppData\Local\Temp\cclsaOPx.s 			page 44


 576 0957 0CE90837 		.ascii	"\014\351\0107z]\203&\005\277\356bt\304$\315\016F\351"
 576      7A5D8326 
 576      05BFEE62 
 576      74C424CD 
 576      0E46E9
 577 096a 5C427DBE 		.ascii	"\\B}\276[\203\275'\354\255\227NF\227\331\345\224\334"
 577      5B83BD27 
 577      ECAD974E 
 577      4697D9E5 
 577      94DC
 578 097c 4BA7B919 		.ascii	"K\247\271\031f\227\263i\201\031u:\332Kg\363\356\245"
 578      6697B369 
 578      8119753A 
 578      DA4B67F3 
 578      EEA5
 579 098e 7233A37B 		.ascii	"r3\243{\317\354\355\334\314\250\262y\261\226\316\315"
 579      CFECEDDC 
 579      CCA8B279 
 579      B196CECD 
 580 099e DCCEE665 		.ascii	"\334\316\346en'\347\014s\351L\356.'\243\231\335\345"
 580      6E27E70C 
 580      73E94CEE 
 580      2E27A399 
 580      DDE5
 581 09b0 D4647639 		.ascii	"\324dv95g\230Q\345\336Qe\322\302\336\312&\263\213\252"
 581      35679851 
 581      E5DE5165 
 581      D2C2DECA 
 581      26B38BAA 
 582 09c4 39B3974E 		.ascii	"9\263\227NIf\227\322H\203\275\223UH\2227\371\303\025"
 582      496697D2 
 582      4883BD93 
 582      55489237 
 582      F9C315
 583 09d7 B5BB9443 		.ascii	"\265\273\224C\337dn\245\275\367\212\033]\356\244\275"
 583      DF646EA5 
 583      BDF78A1B 
 583      5DEEA4BD 
 584 09e7 97CE0A9B 		.ascii	"\227\316\012\233\313\311T\362\343\224\331X'\236%\366"
 584      CBC954F2 
 584      E394D958 
 584      279E25F6 
 585 09f7 DE6A0DA5 		.ascii	"\336j\015\245\231\262\255|\356\264$\245\004\315\275"
 585      99B2AD7C 
 585      EEB424A5 
 585      04CDBD
 586 0a06 9592D1AD 		.ascii	"\225\222\321\255\244F\367\226`\247%\323n4m'\313\226"
 586      A446F796 
 586      60A725D3 
 586      6E346D27 
 586      CB96
 587 0a18 7BDFB2BD 		.ascii	"{\337\262\275\223\200\366\336\021\366\3360{y4\364\363"
 587      9380F6DE 
 587      11F6DE30 
 587      7B7934F4 
 587      F3
 588 0a29 E47C01FA 		.ascii	"\344|\001\372q\006\355\033.\256\021\263\353\311\271"
ARM GAS  C:\Users\PUBLIC~1.LAP\AppData\Local\Temp\cclsaOPx.s 			page 45


 588      7106ED1B 
 588      2EAE11B3 
 588      EBC9B9
 589 0a38 610890AE 		.ascii	"a\010\220\256\347\376\211&/s\310\271\237\273\315\251"
 589      E7FE8926 
 589      2F73C8B9 
 589      9FBBCDA9 
 590 0a48 A9BB92D1 		.ascii	"\251\273\222\321\375U\027\203\326#j\016\207\371\205"
 590      FD551783 
 590      D6236A0E 
 590      87F985
 591 0a57 E230FC45 		.ascii	"\3420\374E\001\347>b\200\225\021Us\272w\022\002~G\321"
 591      01E73E62 
 591      80951155 
 591      73BA7712 
 591      027E47D1 
 592 0a6b 640A2818 		.ascii	"d\012(\030\376R\242\241\307\004\246\011\235\014\267"
 592      FE52A2A1 
 592      C704A609 
 592      9D0CB7
 593 0a7a CF51DC85 		.ascii	"\317Q\334\205\265\360\017\314\205}` x\353B\261\327\243"
 593      B5F00FCC 
 593      857D6020 
 593      78EB42B1 
 593      D7A3
 594 0a8c 39C681AF 		.ascii	"9\306\201\257h\334iU\022v&\301^\367\0126\332SoN\027"
 594      68DC6955 
 594      127626C1 
 594      5EF70A36 
 594      DA536F4E 
 595 0aa1 186A2C08 		.ascii	"\030j,\010\366\302S\370\306\224T\336\021V1\266\304\212"
 595      F6C253F8 
 595      C69454DE 
 595      115631B6 
 595      C48A
 596 0ab3 17CE817B 		.ascii	"\027\316\201{\214Iy\216ya\030Xj\252G\321\325TF\353\312"
 596      8C49798E 
 596      79611858 
 596      6AAA47D1 
 596      D55446EB 
 597 0ac8 8F161232 		.ascii	"\217\026\0222\217w\221\006e\310gg\231\332q\241\030\212"
 597      8F779106 
 597      65C86767 
 597      99DA71A1 
 597      188A
 598 0ada B1A05807 		.ascii	"\261\240X\007\316\012\036\004\215;,\022*\020\301\345"
 598      CE0A1E04 
 598      8D3B2C12 
 598      2A10C1E5 
 599 0aea 881CAE44 		.ascii	"\210\034\256D\343\021\304\332\263N\350\340\001\207h"
 599      E311C4DA 
 599      B34EE8E0 
 599      018768
 600 0af9 3C4AC083 		.ascii	"<J\300\203\240q\247\270\001\344\010\017\302\240\004"
 600      A071A7B8 
 600      01E4080F 
 600      C2A004
ARM GAS  C:\Users\PUBLIC~1.LAP\AppData\Local\Temp\cclsaOPx.s 			page 46


 601 0b08 17660806 		.ascii	"\027f\010\006uV\344\020I\304\271a\217\306\015n<\340"
 601      7556E410 
 601      49C4B961 
 601      8FC60D6E 
 601      3CE0
 602 0b1a 78B0C006 		.ascii	"x\260\300\0067\255\017{\201v\345pA[\034\366h\2668\334"
 602      37AD0F7B 
 602      8176E570 
 602      415B1CF6 
 602      68B638DC 
 603 0b2e 190114B1 		.ascii	"\031\001\024\261\003\204\301\351\220\201\010xx\000\004"
 603      0384C1E9 
 603      90810878 
 603      780004
 604 0b3d D69645AE 		.ascii	"\326\226E\256+\314\210\326X,\262k\033\242e\307h\204"
 604      2BCC88D6 
 604      582CB26B 
 604      1BA265C7 
 604      6884
 605 0b4f C0EA638F 		.ascii	"\300\352c\217F\020\354\2075\002\021\306\243\2605\026"
 605      4610EC87 
 605      350211C6 
 605      A3B03516 
 606 0b5f 7F2080EC 		.ascii	"\177 \200\354Nn\221Ec\320\327\006Y\036\037v-\016\333"
 606      4E6E9145 
 606      63D0D706 
 606      591E1F76 
 606      2D0EDB
 607 0b72 9D61CF87 		.ascii	"\235a\317\207u\215\200\203\243S\034\262\035Zv\002\025"
 607      758D8083 
 607      A3531CB2 
 607      1D5A7602 
 607      15
 608 0b83 705A16C9 		.ascii	"pZ\026\311vx\301A\366\030{\212\303\266h\334`\002N\313"
 608      7678C141 
 608      F6187B8A 
 608      C3B668DC 
 608      60024ECB 
 609 0b97 7A401A79 		.ascii	"z@\032y\220C\016f\332a\021\007\0031\356\242!C{\004\362"
 609      90430E66 
 609      DA611107 
 609      0331EEA2 
 609      21437B04 
 610 0bac 64C0F120 		.ascii	"d\300\361 8\324\200\221\003\015p@\030\224\320\036Yd"
 610      38D48091 
 610      030D7040 
 610      1894D01E 
 610      5964
 611 0bbe 7128C3E6 		.ascii	"q(\303\346\254~\001\021\203\017\333\036\215\301\026"
 611      AC7E0111 
 611      830FDB1E 
 611      8DC116
 612 0bcd 2762C820 		.ascii	"'b\310 \004\361\010\324\256\200\015#\220\027h\020\006"
 612      04F108D4 
 612      AE800D23 
 612      90176810 
 612      06
ARM GAS  C:\Users\PUBLIC~1.LAP\AppData\Local\Temp\cclsaOPx.s 			page 47


 613 0bde 71BBC6B8 		.ascii	"q\273\306\2700\203\016\222\270\006\207E \017\213N\317"
 613      30830E92 
 613      B8068745 
 613      200F8B4E 
 613      CF
 614 0bef 07366725 		.ascii	"\0076g%\262:\037rp\273\276\264E\366x\354\011\376\326"
 614      B23A1F72 
 614      70BBBEB4 
 614      45F678EC 
 614      09FED6
 615 0c02 11475F1B 		.ascii	"\021G_\033Bm\327\226\021\307\0269\324a\217\2530\350"
 615      426DD796 
 615      11C71639 
 615      D4618FAB 
 615      30E8
 616 0c14 A2C31E7F 		.ascii	"\242\303\036\177\355\312\2223\\\177\355\252\2720C\002"
 616      EDCA9233 
 616      5C7FEDAA 
 616      BA304302 
 617 0c24 DA7575C9 		.ascii	"\332uu\311=A\020\307\334\256\023t\206 (\350\014A\024"
 617      3D4110C7 
 617      DCAE1374 
 617      862028E8 
 617      0C4114
 618 0c37 8D4175C7 		.ascii	"\215Au\307h\344!\372\262/\267+\315\210vx\\\205\301\031"
 618      68E421FA 
 618      B22FB72B 
 618      CD887678 
 618      5C85C119 
 619 0c4b 1EF59823 		.ascii	"\036\365\230#d\217\306\2400xc\001\014\031\204\260@\207"
 619      648FC6A0 
 619      30786301 
 619      0C1984B0 
 619      4087
 620 0c5d 07DC206F 		.ascii	"\007\334 o\212F\"\321\030t@\353\303\266Ec\360\305\247"
 620      8A4622D1 
 620      187440EB 
 620      C3B64563 
 620      F0C5A7
 621 0c70 0DB6C5E1 		.ascii	"\015\266\305\341\332\036\215<.<\310\367i\203\370\250"
 621      DA1E8D3C 
 621      2E3CC8F7 
 621      6983F8A8 
 622 0c80 B62B0C1B 		.ascii	"\266+\014\033,\002[dq\270\"\215\2530\030sd\213\"\214"
 622      2C025B64 
 622      71B8228D 
 622      AB301873 
 622      648B228C 
 623 0c94 BE235018 		.ascii	"\276#P\030\314,\021X\314,\022\370\001X\324\031\356\000"
 623      CC2C1158 
 623      CC2C12F8 
 623      0158D419 
 623      EE00
 624 0ca6 3D68912D 		.ascii	"=h\221-9E\026\330j\266\005\266H_\273\2629Fb\373C\352"
 624      394516D8 
 624      6AB605B6 
 624      485FBBB2 
ARM GAS  C:\Users\PUBLIC~1.LAP\AppData\Local\Temp\cclsaOPx.s 			page 48


 624      394662FB 
 625 0cbc 007740F8 		.ascii	"\000w@\370\332\265\375!A\260\307\254\203$\216\3109\252"
 625      DAB5FD21 
 625      41B0C7AC 
 625      83248EC8 
 625      39AA
 626 0cce 6C8E31D8 		.ascii	"l\2161\330\016}X\315\343\201\017\306V\204\332\256l\260"
 626      0E7D58CD 
 626      E3810FC6 
 626      5684DAAE 
 626      6CB0
 627 0ce0 C81E5910 		.ascii	"\310\036Y\020\354QB\273\362\034\333V\204\257]u\220D"
 627      EC5142BB 
 627      F21CDB56 
 627      84AF5D75 
 627      9044
 628 0cf2 9F0E12F9 		.ascii	"\237\016\022\371c\217F!\017\220\310\"Wa\360\205\207"
 628      638F4621 
 628      0F90C822 
 628      5761F085 
 628      87
 629 0d03 C8225B11 		.ascii	"\310\"[\021*\217OKlE\250\"X\265\347\266+\2130\370\323"
 629      2A8F4F4B 
 629      6C45A822 
 629      58B5E7B6 
 629      2B8B30F8 
 630 0d18 290EDB21 		.ascii	")\016\333!P\304\257][\330\036\266\347\003:H\242nW\017"
 630      50C4AF5D 
 630      5BD81EB6 
 630      E7033A48 
 630      A26E570F 
 631 0d2c 9040625B 		.ascii	"\220@b[dC\260.:\305aN\221\345a\265\017\333\366\020W"
 631      6443B02E 
 631      3AC5614E 
 631      91E561B5 
 631      0FDBF610 
 632 0d41 6150FBB4 		.ascii	"aP\373\264\304_\273\266?\343\360\310\263\003d\217:\007"
 632      C45FBBB6 
 632      3FE3F0C8 
 632      B303648F 
 632      3A07
 633 0d53 C81E856D 		.ascii	"\310\036\205mq\010$\266\264+\205veA\216@\376Vd\004A"
 633      710824B6 
 633      B42B8576 
 633      65418E40 
 633      FE566404 
 634 0d68 D6031F8C 		.ascii	"\326\003\037\214\031\344\000\215;\354Qm\221\303\235"
 634      19E4008D 
 634      3BEC516D 
 634      91C39D
 635 0d77 1C5FBBB6 		.ascii	"\034_\273\266!t\273\312\034Y\342\260\247=\016C\254\302"
 635      2174BBCA 
 635      1C59E2B0 
 635      A73D0E43 
 635      ACC2
 636 0d89 608460B1 		.ascii	"`\204`\261\007D>\002y\260\0133 \205\301\0336\247g'X"
 636      07443E02 
ARM GAS  C:\Users\PUBLIC~1.LAP\AppData\Local\Temp\cclsaOPx.s 			page 49


 636      79B00B33 
 636      2085C11B 
 636      36A76727 
 637 0d9e 1C62D0AE 		.ascii	"\034b\320\256;\300\020G\266-\016\221#\2200\276\326\207"
 637      3BC01047 
 637      B62D0E91 
 637      239030BE 
 637      D687
 638 0db0 2DE67695 		.ascii	"-\346v\225i\221\355\016\233\263\012\2030\236\301\206"
 638      6991ED0E 
 638      9BB30A83 
 638      309EC186 
 639 0dc0 0D28D8C0 		.ascii	"\015(\330\300\005&\240\203\031\332\020\302\340M\360"
 639      0526A083 
 639      19DA10C2 
 639      E04DF0
 640 0dcf 88BC698F 		.ascii	"\210\274i\2177H\343\215\007\014\014?\014\205\033t\240"
 640      3748E38D 
 640      070C0C3F 
 640      0C851B74 
 640      A0
 641 0de0 000E1B78 		.ascii	"\000\016\033x\210l\333\301\010a\317pg\005j\320\320A"
 641      886CDBC1 
 641      0861CF70 
 641      67056AD0 
 641      D041
 642 0df2 0338C010 		.ascii	"\0038\300\020\202=\362d\367l\303=[\345\0320t\322'\350"
 642      823DF264 
 642      F76CC33D 
 642      5BE51A30 
 642      74D227E8 
 643 0e06 E7055C0A 		.ascii	"\347\005\\\012\352\357\322\250\271j\203\347g\214\224"
 643      EAEFD2A8 
 643      B96A83E7 
 643      678C94
 644 0e15 8B145F9F 		.ascii	"\213\024_\237\325L\365G:\000\000\026\272\2613\263\317"
 644      D54CF547 
 644      3A000016 
 644      BAB133B3 
 644      CF
 645 0e26 1C36789E 		.ascii	"\0346x\236r\032\237\013+!\241\3173<K\315\300\261\027"
 645      721A9F0B 
 645      2B21A1CF 
 645      333C4BCD 
 645      C0B117
 646 0e39 4314E539 		.ascii	"C\024\3459FT\2254+PPtVnN\236\237\234\260\324\327l\356"
 646      46549534 
 646      2B505074 
 646      566E4E9E 
 646      9F9CB0D4 
 647 0e50 1DC32747 		.ascii	"\035\303'G\325\023\255\311\263\263\011K\275\203ro\022"
 647      D513ADC9 
 647      B3B3094B 
 647      BD83726F 
 647      12
 648 0e61 7B4377A8 		.ascii	"{Cw\250zM\271%\230\257\026\356-\260\3646\331@\305\210"
 648      7A4DB925 
ARM GAS  C:\Users\PUBLIC~1.LAP\AppData\Local\Temp\cclsaOPx.s 			page 50


 648      98AF16EE 
 648      2DB0F436 
 648      D940C588 
 649 0e75 AA098343 		.ascii	"\252\011\203C\243\360\254\002Ef\341[\303\220g\005eI"
 649      A3F0AC02 
 649      4566E15B 
 649      C3906705 
 649      6549
 650 0e87 C9338BB5 		.ascii	"\3113\213\265\260\263*y\205\314\262\010\355\371\001"
 650      B0B32A79 
 650      85CCB208 
 650      EDF901
 651 0e96 8318A872 		.ascii	"\203\030\250r\3118K\302 #\204\214\314\310\314\210\222"
 651      C9384BC2 
 651      2023848C 
 651      CCC8CC88 
 651      92
 652 0ea7 0E720A10 		.ascii	"\016r\012\020\210\303i\032\270\230\007\022\300$9\214"
 652      88C3691A 
 652      B8980712 
 652      C024398C 
 653 0eb7 4A8650D1 		.ascii	"J\206P\321\214\024\224\224\244\214J\245\315H\316\250"
 653      8C149494 
 653      A48C4AA5 
 653      CD48CEA8 
 654 0ec7 BF35FEBA 		.ascii	"\2775\376\272\036\343QF\333\366\255\010\027D.0\252\301"
 654      1EE35146 
 654      DBF6AD08 
 654      17442E30 
 654      AAC1
 655 0ed9 BBAF1DAF 		.ascii	"\273\257\035\257/\266\327\024g\233\234\003\005\262\346"
 655      2FB6D714 
 655      679B9C03 
 655      05B2E6
 656 0ee8 B8CD23B9 		.ascii	"\270\315#\271\272\314\201~\3605\221\260p\377C?}\374"
 656      BACC817E 
 656      F03591B0 
 656      70FF433F 
 656      7DFC
 657 0efa 4A2C35A4 		.ascii	"J,5\244xB\"% {\030\035\032\251\351\303\337\0104\374"
 657      78422225 
 657      207B181D 
 657      1AA9E9C3 
 657      DF0834FC 
 658 0f0e 8A5B8865 		.ascii	"\212[\210e\242KVFZB7\200&d\027\220&\244\014\012\320"
 658      A24B5646 
 658      5A423780 
 658      26641790 
 658      26A40C0A 
 659 0f23 9FCC7FD0 		.ascii	"\237\314\177\320\243 \334_\"i\004\007D\326{\245\324"
 659      A320DC5F 
 659      22690407 
 659      44D67BA5 
 659      D4
 660 0f34 55F7A6C1 		.ascii	"U\367\246\301j\270\177\224\212\320Y+\225\242?\207\330"
 660      6AB87F94 
 660      8AD0592B 
ARM GAS  C:\Users\PUBLIC~1.LAP\AppData\Local\Temp\cclsaOPx.s 			page 51


 660      95A23F87 
 660      D8
 661 0f45 8C6EFA98 		.ascii	"\214n\372\230v\330\262N\356\002\324\351\270sZf$\317"
 661      76D8B24E 
 661      EE02D4E9 
 661      B8735A66 
 661      24CF
 662 0f57 EACBA3EF 		.ascii	"\352\313\243\357osm\273\365\271\355\025\314\350\217"
 662      6F736DBB 
 662      F5B9ED15 
 662      CCE88F
 663 0f66 C2FAF813 		.ascii	"\302\372\370\023\224\364\355\213\256\020`\226\002-:"
 663      94F4ED8B 
 663      AE106096 
 663      022D3A
 664 0f75 923227DE 		.ascii	"\2222'\336\253q\2263\305\356\227\302\241(\360\366\206"
 664      AB719633 
 664      C5EE97C2 
 664      A128F0F6 
 664      86
 665 0f86 86F06F6C 		.ascii	"\206\360ol\200+KiG\221\272\311\347+,\335\266\001\037"
 665      802B4B69 
 665      4791BAC9 
 665      E72B2CDD 
 665      B6011F
 666 0f99 1918CA25 		.ascii	"\031\030\312%w]n"
 666      775D6E
 667 0fa0 E6A6ADD4 		.ascii	"\346\246\255\324\034\355\341i\252\267\001N\014B\007"
 667      1CEDE169 
 667      AAB7014E 
 667      0C4207
 668 0faf 7D1C2E67 		.ascii	"}\034.gp\323Z<l\205\315;\310Qb'\",\016,\302\234@1=+"
 668      70D35A3C 
 668      6C85CD3B 
 668      C8516227 
 668      222C0E2C 
 669 0fc9 D55A26E7 		.ascii	"\325Z&\347\010S\374(}\202`\253\261|\024\303\371\275"
 669      0853FC28 
 669      7D8260AB 
 669      B17C14C3 
 669      F9BD
 670 0fdb 5A10AA86 		.ascii	"Z\020\252\206\3432\206\204L$D\313\011k\033\037\324F"
 670      E3328684 
 670      4C2444CB 
 670      096B1B1F 
 670      D446
 671 0fed 82D58986 		.ascii	"\202\325\211\206^UQ\332\275s\377t\240s\203c\234\356"
 671      5E5551DA 
 671      BD73FF74 
 671      A0738363 
 671      9CEE
 672 0fff BC4B4EAA 		.ascii	"\274KN\252\221\361h\222Z\344\254\272h\230\"\341\330"
 672      91F16892 
 672      5AE4ACBA 
 672      689822E1 
 672      D8
 673 1010 B91E4E8D 		.ascii	"\271\036N\215>\375=.H%~\330\236\326U\362\026-\336\207"
ARM GAS  C:\Users\PUBLIC~1.LAP\AppData\Local\Temp\cclsaOPx.s 			page 52


 673      3EFD3D2E 
 673      48257ED8 
 673      9ED655F2 
 673      162DDE87 
 674 1024 12BF2489 		.ascii	"\022\277$\211\205\255k\307\213\300'5L\215\300\006Q{"
 674      85AD6BC7 
 674      8BC02735 
 674      4C8DC006 
 674      517B
 675 1036 B547D2DF 		.ascii	"\265G\322\337\244*\211\023\362\004\"\2013\276)\302\327"
 675      A42A8913 
 675      F2042281 
 675      33BE29C2 
 675      D7
 676 1047 164B26ED 		.ascii	"\026K&\355\235\246\350D\034ey\021\354\203aU\230\216"
 676      9DA6E844 
 676      1C657911 
 676      EC836155 
 676      988E
 677 1059 FC4FF413 		.ascii	"\374O\364\023\013\\\250\202`u\372\004a\014\001\322D"
 677      0B5CA882 
 677      6075FA04 
 677      610C01D2 
 677      44
 678 106a 86682807 		.ascii	"\206h(\007%g\2035\2425\304B&\354?\350[_\276\240\312"
 678      25678335 
 678      A235C442 
 678      26EC3FE8 
 678      5B5FBEA0 
 679 107f 5776AA81 		.ascii	"Wv\252\201E\214\367\235\213\240e\030u\375\261DV\373"
 679      458CF79D 
 679      8BA06518 
 679      75FDB144 
 679      56FB
 680 1091 D6D28341 		.ascii	"\326\322\203A<\250\226\202E\310j5\270O\245&\242\202"
 680      3CA89682 
 680      45C86A35 
 680      B84FA526 
 680      A282
 681 10a3 CD175E82 		.ascii	"\315\027^\202U\011\367~u\014\347a\347\026\306\370R#"
 681      5509F77E 
 681      750CE761 
 681      E716C6F8 
 681      5223
 682 10b5 B44672A7 		.ascii	"\264Fr\247\005\263\3550\330\244\372F\271\351\013S<v"
 682      05B3ED30 
 682      D8A4FA46 
 682      B9E90B53 
 682      3C76
 683 10c7 46D207EE 		.ascii	"F\322\007\356B\360\276\326*9\355\301\375\377\223\343"
 683      42F0BED6 
 683      2A39EDC1 
 683      FDFF93E3 
 684 10d7 51BA87B1 		.ascii	"Q\272\207\2612\341\"\271\002\332}\226\357\266\307\264"
 684      32E122B9 
 684      02DA7D96 
 684      EFB6C7B4 
ARM GAS  C:\Users\PUBLIC~1.LAP\AppData\Local\Temp\cclsaOPx.s 			page 53


 685 10e7 AC4DA66E 		.ascii	"\254M\246n$\247\022\022\371\340P\240\332\010Q\216\243"
 685      24A71212 
 685      F9E050A0 
 685      DA08518E 
 685      A3
 686 10f8 F3911282 		.ascii	"\363\221\022\202\230\026\215.\034S\006!\212\306\320"
 686      98168D2E 
 686      1C530621 
 686      8AC6D0
 687 1107 AE1E42B8 		.ascii	"\256\036B\270\244\315\035\036q\305J-\326\217\037\340"
 687      A4CD1D1E 
 687      71C54A2D 
 687      D68F1FE0 
 688 1117 A6036147 		.ascii	"\246\003aG.5|j\024\360\260du\036\307\375\344\013X\212"
 688      2E357C6A 
 688      14F0B064 
 688      751EC7FD 
 688      E40B588A 
 689 112b F58840E0 		.ascii	"\365\210@\340\211M6\021{\005u+v\226\353^\331\335#\034"
 689      894D3611 
 689      7B05752B 
 689      7696EB5E 
 689      D9DD231C 
 690 113f 05D13BD6 		.ascii	"\005\321;\326\276\224\322\007\016,Z\217\014L!\344\325"
 690      BE94D207 
 690      0E2C5A8F 
 690      0C4C21E4 
 690      D5
 691 1150 D2C7C204 		.ascii	"\322\307\302\004C\227>\032\036P\250@\301\354I\236\321"
 691      43973E1A 
 691      1E50A840 
 691      C1EC499E 
 691      D1
 692 1161 78D36F59 		.ascii	"x\323oY\333\232\324\227\0066'\336\210)\315!\016\226"
 692      DB9AD497 
 692      063627DE 
 692      8829CD21 
 692      0E96
 693 1173 40978A53 		.ascii	"@\227\212S\211\303LcBL\013\377\355y\236\202\360Y*?c"
 693      89C34C63 
 693      424C0BFF 
 693      ED799E82 
 693      F0592A3F 
 694 1188 83671CB8 		.ascii	"\203g\034\270\314A\241{\274X.\202\017-(\276o\020\206"
 694      CC41A17B 
 694      BC582E82 
 694      0F2D28BE 
 694      6F1086
 695 119b 20B89E0B 		.ascii	" \270\236\013\320H&\000\375\201\215e\021'\227H2\012"
 695      D0482600 
 695      FD818D65 
 695      11279748 
 695      320A
 696 11ad 2E9A9386 		.ascii	".\232\223\206\366\305Zj\0044\231\200%\243\314\342\265"
 696      F6C55A6A 
 696      04349980 
 696      25A3CCE2 
ARM GAS  C:\Users\PUBLIC~1.LAP\AppData\Local\Temp\cclsaOPx.s 			page 54


 696      B5
 697 11be 4531A00E 		.ascii	"E1\240\016\205\223\003\235\224\1776\353\253y\237\375"
 697      8593039D 
 697      947F36EB 
 697      AB799FFD 
 698 11ce FDDE294D 		.ascii	"\375\336)M/\316\277n\346\035\021<s&?\227\275\367\350"
 698      2FCEBF6E 
 698      E61D113C 
 698      73263F97 
 698      BDF7E8
 699 11e1 1B5DE198 		.ascii	"\033]\341\230\006\177&\340\210\300\203\364\300a\247"
 699      067F26E0 
 699      88C083F4 
 699      C061A7
 700 11f0 0CA08804 		.ascii	"\014\240\210\004\376q\037Km\232\246\347\371\372\340"
 700      FE711F4B 
 700      6D9AA6E7 
 700      F9FAE0
 701 11ff 1381F79C 		.ascii	"\023\201\367\234\350\220PT0\3004\347$\207\350J\260\370"
 701      E8905054 
 701      30C034E7 
 701      2487E84A 
 701      B0F8
 702 1211 4390E503 		.ascii	"C\220\345\003B\233+B\005*\350\3248_\221D\344U\355\355"
 702      429B2B42 
 702      052AE8D4 
 702      385F9144 
 702      E455EDED 
 703 1225 EF2DBF92 		.ascii	"\357-\277\222\313\325=?1\212\227W\373\000\276\003\311"
 703      CBD53D3F 
 703      318A9757 
 703      FB00BE03 
 703      C9
 704 1236 3C3A5A51 		.ascii	"<:ZQ\234\263k\332\214ep\006\336\367'{\256F\275\257\274"
 704      9CB36BDA 
 704      8C657006 
 704      DEF7277B 
 704      AE46BDAF 
 705 124b 1397753C 		.ascii	"\023\227u<83\\\230.\375\356D\002\343Y\002`\2121\222"
 705      38335C98 
 705      2EFDEE44 
 705      02E35902 
 705      608A3192 
 706 125f 34D7DF89 		.ascii	"4\327\337\211`{\0153\243\203\367\004\227\302K\324\331"
 706      607B0D33 
 706      A383F704 
 706      97C24BD4 
 706      D9
 707 1270 661B4C9B 		.ascii	"f\033L\233\364\214/9\264\275\311\342.\367\200\225 \256"
 707      F48C2F39 
 707      B4BDC9E2 
 707      2EF78095 
 707      20AE
 708 1282 19E24820 		.ascii	"\031\342H n \033\031\345J$Z\210_\201sqr\314\342\005"
 708      6E201B19 
 708      E54A245A 
 708      885F8173 
ARM GAS  C:\Users\PUBLIC~1.LAP\AppData\Local\Temp\cclsaOPx.s 			page 55


 708      7172CCE2 
 709 1297 63DCF863 		.ascii	"c\334\370c\031\302\322N&\361\305\200Ks\203b\014\231"
 709      19C2D24E 
 709      26F1C580 
 709      4B738362 
 709      0C99
 710 12a9 BB19258A 		.ascii	"\273\031%\212\300\371\262gX/.\301\357\360\226\340\365"
 710      C0F9B267 
 710      582F2EC1 
 710      EFF096E0 
 710      F5
 711 12ba F3FBDBF9 		.ascii	"\363\373\333\371\223\004\270+\305\240\"\034\024P\005"
 711      9304B82B 
 711      C5A0221C 
 711      145005
 712 12c9 54B90DE8 		.ascii	"T\271\015\350\3668`\004K\024|\247-u5\334\270{\227\346"
 712      F6386004 
 712      4B147CA7 
 712      2D7535DC 
 712      B87B97E6 
 713 12dd F57775FB 		.ascii	"\365wu\373\224\005\311\376\364\024pc\215\2238\206\""
 713      9405C9FE 
 713      F4147063 
 713      8D933886 
 713      22
 714 12ee BFCB942D 		.ascii	"\277\313\224-\277\0271\216j\324\276\010\001@\257A\324"
 714      BF17318E 
 714      6AD4BE08 
 714      0140AF41 
 714      D4
 715 12ff 8860D038 		.ascii	"\210`\3208\003\236\234\356m\\r\336Z\210\360\363rb(\222"
 715      039E9CEE 
 715      6D5C72DE 
 715      5A88F0F3 
 715      72622892 
 716 1313 FA0CD9E0 		.ascii	"\372\014\331\340=\310\375e_\234T/\232\326\310\364%\370"
 716      3DC8FD65 
 716      5F9C542F 
 716      9AD6C8F4 
 716      25F8
 717 1325 BD11D334 		.ascii	"\275\021\3234\264\3260\201\252$\336\267\332\237\002"
 717      B4D63081 
 717      AA24DEB7 
 717      DA9F02
 718 1334 793EBCA4 		.ascii	"y>\274\244i\2135M\330j\223\002\251\317\212\021\347\276"
 718      698B354D 
 718      D86A9302 
 718      A9CF8A11 
 718      E7BE
 719 1346 C0A81454 		.ascii	"\300\250\024T\021\006\276\217\332w\212L\\\243\031\250"
 719      1106BE8F 
 719      DA778A4C 
 719      5CA319A8 
 720 1356 3D02D08A 		.ascii	"=\002\320\212\376R\000\260\365V\202\270gh\202\017\361"
 720      FE5200B0 
 720      F55682B8 
 720      6768820F 
ARM GAS  C:\Users\PUBLIC~1.LAP\AppData\Local\Temp\cclsaOPx.s 			page 56


 720      F1
 721 1367 2B25F0FA 		.ascii	"+%\360\372\356GP\315\032\201\301\347\336\037\022\002"
 721      EE4750CD 
 721      1A81C1E7 
 721      DE1F1202 
 722 1377 E68A810F 		.ascii	"\346\212\201\017\327\003QZ\225\374\022\265!\012\336"
 722      D703515A 
 722      95FC12B5 
 722      210ADE
 723 1386 67281568 		.ascii	"g(\025hl\267\261d)k, T4<\316\221\221b\244\203|K#\320"
 723      6CB7B164 
 723      296B2C20 
 723      54343CCE 
 723      919162A4 
 724 139f D9D163AA 		.ascii	"\331\321c\252Ao<>*5\204x-\316\016\032e\022%\002\340"
 724      416F3C3E 
 724      2A358478 
 724      2DCE0E1A 
 724      65122502 
 725 13b4 86F30024 		.ascii	"\206\363\000$\200\034\373\001\272u\353\037#\3753\351"
 725      801CFB01 
 725      BA75EB1F 
 725      23FD33E9 
 726 13c4 1D90F19B 		.ascii	"\035\220\361\233\277\253r?\016\365a'\374\\4-\011\224"
 726      BFAB723F 
 726      0EF56127 
 726      FC5C342D 
 726      0994
 727 13d6 A409E1DE 		.ascii	"\244\011\341\336.\352\016\352@I0\356\307b\027\274\333"
 727      2EEA0EEA 
 727      404930EE 
 727      C76217BC 
 727      DB
 728 13e7 8E48B49E 		.ascii	"\216H\264\236\020\211\314\232d\032\312\345\246\330\221"
 728      1089CC9A 
 728      641ACAE5 
 728      A6D891
 729 13f6 9A604BC2 		.ascii	"\232`K\302[\254\301\001\273\000\340\365`\302$\037\036"
 729      5BACC101 
 729      BB00E0F5 
 729      60C2241F 
 729      1E
 730 1407 94747A7A 		.ascii	"\224tzzx\030\002U\357\224!\005|^\374tio\177\3074\204"
 730      78180255 
 730      EF942105 
 730      7C5EFC74 
 730      696F7FC7 
 731 141d D9DB23C0 		.ascii	"\331\333#\300b\3162X\321\035\005\361\261e\353b\263$"
 731      62CE3258 
 731      D11D05F1 
 731      B165EB62 
 731      B324
 732 142f FEFD717F 		.ascii	"\376\375q\177;\361>\377\277~\203\377\207c\324\017\212"
 732      3BF13EFF 
 732      BF7E83FF 
 732      8763D40F 
 732      8A
ARM GAS  C:\Users\PUBLIC~1.LAP\AppData\Local\Temp\cclsaOPx.s 			page 57


 733 1440 7B237CD5 		.ascii	"{#|\325\237\335\301\007W\177jhS.b\335m\372Q\322\022"
 733      9FDDC107 
 733      577F6A68 
 733      532E62DD 
 733      6DFA51D2 
 734 1455 0457CE76 		.ascii	"\004W\316v=\274q~#+=\311\357\223\336%\274\220\316\366"
 734      3DBC717E 
 734      232B3DC9 
 734      EF93DE25 
 734      BC90CEF6 
 735 1469 FA4EFF2D 		.ascii	"\372N\377-p\230\251\354%~\2508[7_Xf\207^\315.\201\247"
 735      7098A9EC 
 735      257EA838 
 735      5B375F58 
 735      66875ECD 
 736 1480 93E7D6BF 		.ascii	"\223\347\326\277\353\254\210\337\315\236\015\331\370"
 736      EBAC88DF 
 736      CD9E0DD9 
 736      F8
 737 148d A827CFBC 		.ascii	"\250'\317\274\022\302[N\357\257\377\013\265\217;\214"
 737      12C25B4E 
 737      EFAFFF0B 
 737      B58F3B8C 
 738 149d 87CFD966 		.ascii	"\207\317\331f\322\263\3634\\\375x\364\317\320p\031\371"
 738      D2B3F334 
 738      5CFD78F4 
 738      CFD07019 
 738      F9
 739 14ae 3E157FB0 		.ascii	">\025\177\260\317O\253\341\302\212o\271\357\204\326"
 739      CF4FABE1 
 739      C28A6FB9 
 739      EF84D6
 740 14bd 11D7E6E7 		.ascii	"\021\327\346\347\262C\2721I->$-\007K\265\001"
 740      B243BA31 
 740      492D3E24 
 740      2D074BB5 
 740      01
 741              		.text
 742              		.section	.gnu.lto_.symtab.83ad406f,"e",%progbits
 743 0000 63685654 		.ascii	"chVTObjectInit\000"
 743      4F626A65 
 743      6374496E 
 743      697400
 744 000f 00       		.ascii	"\000"
 745 0010 00       		.ascii	"\000"
 746 0011 00       		.ascii	"\000"
 747 0012 00000000 		.ascii	"\000\000\000\000\000\000\000\000"
 747      00000000 
 748 001a DF010000 		.ascii	"\337\001\000\000"
 749 001e 63685654 		.ascii	"chVTObjectDispose\000"
 749      4F626A65 
 749      63744469 
 749      73706F73 
 749      6500
 750 0030 00       		.ascii	"\000"
 751 0031 00       		.ascii	"\000"
 752 0032 00       		.ascii	"\000"
ARM GAS  C:\Users\PUBLIC~1.LAP\AppData\Local\Temp\cclsaOPx.s 			page 58


 753 0033 00000000 		.ascii	"\000\000\000\000\000\000\000\000"
 753      00000000 
 754 003b E1010000 		.ascii	"\341\001\000\000"
 755 003f 63685654 		.ascii	"chVTDoSetI\000"
 755      446F5365 
 755      744900
 756 004a 00       		.ascii	"\000"
 757 004b 00       		.ascii	"\000"
 758 004c 00       		.ascii	"\000"
 759 004d 00000000 		.ascii	"\000\000\000\000\000\000\000\000"
 759      00000000 
 760 0055 E8010000 		.ascii	"\350\001\000\000"
 761 0059 63685654 		.ascii	"chVTDoSetContinuousI\000"
 761      446F5365 
 761      74436F6E 
 761      74696E75 
 761      6F757349 
 762 006e 00       		.ascii	"\000"
 763 006f 00       		.ascii	"\000"
 764 0070 00       		.ascii	"\000"
 765 0071 00000000 		.ascii	"\000\000\000\000\000\000\000\000"
 765      00000000 
 766 0079 EA010000 		.ascii	"\352\001\000\000"
 767 007d 63685654 		.ascii	"chVTDoResetI\000"
 767      446F5265 
 767      73657449 
 767      00
 768 008a 00       		.ascii	"\000"
 769 008b 00       		.ascii	"\000"
 770 008c 00       		.ascii	"\000"
 771 008d 00000000 		.ascii	"\000\000\000\000\000\000\000\000"
 771      00000000 
 772 0095 EC010000 		.ascii	"\354\001\000\000"
 773 0099 63685654 		.ascii	"chVTGetRemainingIntervalI\000"
 773      47657452 
 773      656D6169 
 773      6E696E67 
 773      496E7465 
 774 00b3 00       		.ascii	"\000"
 775 00b4 00       		.ascii	"\000"
 776 00b5 00       		.ascii	"\000"
 777 00b6 00000000 		.ascii	"\000\000\000\000\000\000\000\000"
 777      00000000 
 778 00be F0010000 		.ascii	"\360\001\000\000"
 779 00c2 63685654 		.ascii	"chVTDoTickI\000"
 779      446F5469 
 779      636B4900 
 780 00ce 00       		.ascii	"\000"
 781 00cf 00       		.ascii	"\000"
 782 00d0 00       		.ascii	"\000"
 783 00d1 00000000 		.ascii	"\000\000\000\000\000\000\000\000"
 783      00000000 
 784 00d9 DA010000 		.ascii	"\332\001\000\000"
 785 00dd 63683000 		.ascii	"ch0\000"
 786 00e1 00       		.ascii	"\000"
 787 00e2 02       		.ascii	"\002"
 788 00e3 00       		.ascii	"\000"
ARM GAS  C:\Users\PUBLIC~1.LAP\AppData\Local\Temp\cclsaOPx.s 			page 59


 789 00e4 00000000 		.ascii	"\000\000\000\000\000\000\000\000"
 789      00000000 
 790 00ec CA010000 		.ascii	"\312\001\000\000"
 791              		.text
 792              		.section	.gnu.lto_.ext_symtab.83ad406f,"e",%progbits
 793 0000 01       		.ascii	"\001"
 794 0001 01       		.ascii	"\001"
 795 0002 00       		.ascii	"\000"
 796 0003 01       		.ascii	"\001"
 797 0004 00       		.ascii	"\000"
 798 0005 01       		.ascii	"\001"
 799 0006 00       		.ascii	"\000"
 800 0007 01       		.ascii	"\001"
 801 0008 00       		.ascii	"\000"
 802 0009 01       		.ascii	"\001"
 803 000a 00       		.ascii	"\000"
 804 000b 01       		.ascii	"\001"
 805 000c 00       		.ascii	"\000"
 806 000d 01       		.ascii	"\001"
 807 000e 00       		.ascii	"\000"
 808 000f 02       		.ascii	"\002"
 809 0010 01       		.ascii	"\001"
 810              		.text
 811              		.section	.gnu.lto_.opts,"e",%progbits
 812 0000 272D666E 		.ascii	"'-fno-openmp' '-fno-openacc' '-fno-pie' '-fcf-prote"
 812      6F2D6F70 
 812      656E6D70 
 812      2720272D 
 812      666E6F2D 
 813 0033 6374696F 		.ascii	"ction=none' '-mcpu=cortex-m3' '-mthumb' '-mfloat-ab"
 813      6E3D6E6F 
 813      6E652720 
 813      272D6D63 
 813      70753D63 
 814 0066 693D736F 		.ascii	"i=soft' '-mlibarch=armv7-m' '-march=armv7-m' '-Os' "
 814      66742720 
 814      272D6D6C 
 814      69626172 
 814      63683D61 
 815 0099 272D666F 		.ascii	"'-fomit-frame-pointer' '-falign-functions=16' '-ffu"
 815      6D69742D 
 815      6672616D 
 815      652D706F 
 815      696E7465 
 816 00cc 6E637469 		.ascii	"nction-sections' '-fdata-sections' '-fno-common' '-"
 816      6F6E2D73 
 816      65637469 
 816      6F6E7327 
 816      20272D66 
 817 00ff 666C746F 		.ascii	"flto' '-Xassembler' '-alms=./build/lst/chvt.lst'\000"
 817      2720272D 
 817      58617373 
 817      656D626C 
 817      65722720 
 818              		.text
 819              		.comm	__gnu_lto_slim,1,1
 820              		.ident	"GCC: (GNU) 12.2.0"
ARM GAS  C:\Users\PUBLIC~1.LAP\AppData\Local\Temp\cclsaOPx.s 			page 60


ARM GAS  C:\Users\PUBLIC~1.LAP\AppData\Local\Temp\cclsaOPx.s 			page 61


DEFINED SYMBOLS
                            *ABS*:00000000 chvt.c
                            *COM*:00000001 __gnu_lto_slim

NO UNDEFINED SYMBOLS
