ARM GAS  C:\Users\PUBLIC~1.LAP\AppData\Local\Temp\cc5KItyk.s 			page 1


   1              		.cpu cortex-m3
   2              		.arch armv7-m
   3              		.fpu softvfp
   4              		.eabi_attribute 20, 1
   5              		.eabi_attribute 21, 1
   6              		.eabi_attribute 23, 3
   7              		.eabi_attribute 24, 1
   8              		.eabi_attribute 25, 1
   9              		.eabi_attribute 26, 1
  10              		.eabi_attribute 30, 4
  11              		.eabi_attribute 34, 1
  12              		.eabi_attribute 18, 4
  13              		.file	"hal_usb_lld.c"
  14              		.section	.gnu.lto_.profile.83ad7a2e,"e",%progbits
  15 0000 28B52FFD 		.ascii	"(\265/\375 \015i\000\000\011\000\000\000\000\001\011"
  15      200D6900 
  15      00090000 
  15      00000109 
  16 0010 00000000 		.ascii	"\000\000\000\000\000\000"
  16      0000
  17              		.text
  18              		.section	.gnu.lto_.icf.83ad7a2e,"e",%progbits
  19 0000 28B52FFD 		.ascii	"(\265/\375`\262\002\215\015\000\264\020\246\003\000"
  19      60B2028D 
  19      0D00B410 
  19      A60300
  20 000f 1D00CDB0 		.ascii	"\035\000\315\260\314\214\002\004\002\000\002\001\001"
  20      CC8C0204 
  20      02000201 
  20      01
  21 001c AECFA0A3 		.ascii	"\256\317\240\243\017\002\352\250\264\252\017$\002\002"
  21      0F02EAA8 
  21      B4AA0F24 
  21      0202
  22 002a 02030204 		.ascii	"\002\003\002\004\002\005\002\006\002\005\007\002\010"
  22      02050206 
  22      02050702 
  22      08
  23 0037 02090209 		.ascii	"\002\011\002\011\012\002\012\006\002\010\003\341\216"
  23      0A020A06 
  23      020803E1 
  23      8E
  24 0044 D8782A0B 		.ascii	"\330x*\013\014\002\015\016\002\016\017\006\004\265\334"
  24      0C020D0E 
  24      020E0F06 
  24      04B5DC
  25 0053 CC90080A 		.ascii	"\314\220\010\012\005\351\233\240\346\005\002\002\000"
  25      05E99BA0 
  25      E6050202 
  25      00
  26 0060 021006BF 		.ascii	"\002\020\006\277\237\263\321\010\034\000\002\005\006"
  26      9FB3D108 
  26      1C000205 
  26      06
  27 006d 02030B07 		.ascii	"\002\003\013\007\372\255\233\371\003\010\011\313\210"
  27      FAAD9BF9 
  27      030809CB 
ARM GAS  C:\Users\PUBLIC~1.LAP\AppData\Local\Temp\cc5KItyk.s 			page 2


  27      88
  28 007a F2FA0790 		.ascii	"\362\372\007\220\001\002\021\002\022\002\023\002\024"
  28      01021102 
  28      12021302 
  28      14
  29 0087 02021202 		.ascii	"\002\002\022\002\025\010\002\017\007\017\004\012\240"
  29      1508020F 
  29      070F040A 
  29      A0
  30 0094 E29C8A0A 		.ascii	"\342\234\212\012\013\225\270\342\302\016\026\014\346"
  30      0B95B8E2 
  30      C20E160C 
  30      E6
  31 00a1 B6F9C40A 		.ascii	"\266\371\304\012\002\002\027\002\003\015\212\354\342"
  31      02021702 
  31      030D8AEC 
  31      E2
  32 00ae CA090EE2 		.ascii	"\312\011\016\342\213\217\327\015\000\002\001\017\310"
  32      8B8FD70D 
  32      0002010F 
  32      C8
  33 00bb F8D18C0B 		.ascii	"\370\321\214\013\020\241\241\210\227\014\010\030\001"
  33      10A1A188 
  33      970C0818 
  33      01
  34 00c8 11E18CB2 		.ascii	"\021\341\214\262\312\015\000\022\264\203\241\364\014"
  34      CA0D0012 
  34      B483A1F4 
  34      0C
  35 00d5 0C060203 		.ascii	"\014\006\002\003\023\225\220\372\273\016\000\024\025"
  35      139590FA 
  35      BB0E0014 
  35      15
  36 00e2 93CA9DAE 		.ascii	"\223\312\235\256\010\012\026\336\326\276\306\012\020"
  36      080A16DE 
  36      D6BEC60A 
  36      10
  37 00ef 17B5EEBC 		.ascii	"\027\265\356\274\301\003\010\030\313\365\306\240\012"
  37      C1030818 
  37      CBF5C6A0 
  37      0A
  38 00fc 0119D9E2 		.ascii	"\001\031\331\342\240\221\003\032\251\333\224\210\015"
  38      A091031A 
  38      A9DB9488 
  38      0D
  39 0109 041BF2DA 		.ascii	"\004\033\362\332\226\204\014\037\240\342\234\212\012"
  39      96840C1F 
  39      A0E29C8A 
  39      0A
  40 0116 004AA8E1 		.ascii	"\000J\250\341\245\000\005R\027\265\244\016P\002b\246"
  40      A5000552 
  40      17B5A40E 
  40      500262A6 
  41 0126 88EC1200 		.ascii	"\210\354\022\000$-\006B\215\206\202\251Yv\353\277\015"
  41      242D0642 
  41      8D8682A9 
  41      5976EBBF 
ARM GAS  C:\Users\PUBLIC~1.LAP\AppData\Local\Temp\cc5KItyk.s 			page 3


  41      0D
  42 0137 B26EA49F 		.ascii	"\262n\244\237\265\223E\242\023\3648\367I[F$\355\205"
  42      B59345A2 
  42      13F438F7 
  42      495B4624 
  42      ED85
  43 0149 D93B6C51 		.ascii	"\331;lQ\322)\355\"\335Z.\004er\323\"0K\341,\333\206"
  43      D229ED22 
  43      DD5A2E04 
  43      6572D322 
  43      304BE12C 
  44 015f DFD0AFCF 		.ascii	"\337\320\257\317\330\016\011` }\255\016#8\350\231\344"
  44      D80E0960 
  44      207DAD0E 
  44      2338E899 
  44      E4
  45 0170 21A374B8 		.ascii	"!\243t\270\275\240\304\354\372\342\265\3171DG\036\217"
  45      BDA0C4EC 
  45      FAE2B5CF 
  45      3144471E 
  45      8F
  46 0181 F483F9B3 		.ascii	"\364\203\371\263\363\366\262B\340\241\275\032u9eb\020"
  46      F3F6B242 
  46      E0A1BD1A 
  46      75396562 
  46      10
  47 0192 FEA6848D 		.ascii	"\376\246\204\215f\370\274\263n\015!m\306\262\360\222"
  47      66F8BCB3 
  47      6E0D216D 
  47      C6B2F092 
  48 01a2 D7655AB7 		.ascii	"\327eZ\267\177\216\247\232\"D\004\275'>\215\016=\235"
  48      7F8EA79A 
  48      224404BD 
  48      273E8D0E 
  48      3D9D
  49 01b4 A0429675 		.ascii	"\240B\226u\254J\036"
  49      AC4A1E
  50              		.text
  51              		.section	.gnu.lto_.ipa_sra.83ad7a2e,"e",%progbits
  52 0000 28B52FFD 		.ascii	"(\265/\375`W\000\265\004\000\242\205\021\030\200k\241"
  52      605700B5 
  52      0400A285 
  52      1118806B 
  52      A1
  53 0011 032632A2 		.ascii	"\003&2\242M\214\30466\011$6\327\020m$B\366\226)\005"
  53      4D8CC436 
  53      36092436 
  53      D7106D24 
  53      42F69629 
  54 0026 369C6666 		.ascii	"6\234ff\335C\214\027\244HlB\034\026\305r\206\223\353"
  54      DD438C17 
  54      A4486C42 
  54      1C16C572 
  54      8693EB
  55 0039 1FCC9A7D 		.ascii	"\037\314\232}a\255\347\021\006\273 \360\013@Y\202\354"
  55      61ADE711 
  55      06BB20F0 
ARM GAS  C:\Users\PUBLIC~1.LAP\AppData\Local\Temp\cc5KItyk.s 			page 4


  55      0B405982 
  55      EC
  56 004a 168D2E95 		.ascii	"\026\215.\225F\223:\356\010$ p\202Av<lq_\323\306\011"
  56      46933AEE 
  56      08242070 
  56      8241763C 
  56      6C715FD3 
  57 0060 AB881E00 		.ascii	"\253\210\036\000\326\256\0051,\315\364a\235a\032\361"
  57      D6AE0531 
  57      2CCDF461 
  57      9D611AF1 
  58 0070 3A204061 		.ascii	": @a\202M\353\012\366\221\265\002=.A\244\271\323\306"
  58      824DEB0A 
  58      F691B502 
  58      3D2E41A4 
  58      B9D3C6
  59 0083 68651278 		.ascii	"he\022x\257D\201\006\250\204\200=q\260\374\020\203\302"
  59      AF448106 
  59      A884803D 
  59      71B0FC10 
  59      83C2
  60 0095 60300232 		.ascii	"`0\0022\030d\006W\027`\010"
  60      18640657 
  60      176008
  61              		.text
  62              		.section	.gnu.lto_.inline.83ad7a2e,"e",%progbits
  63 0000 28B52FFD 		.ascii	"(\265/\375`\010\006\375\025\000\266]eE\000\257(\215"
  63      600806FD 
  63      1500B65D 
  63      654500AF 
  63      288D
  64 0012 01843F50 		.ascii	"\001\204?P\224>/q(>\233&J\200\354\221zx\210t\353\307"
  64      943E2F71 
  64      283E9B26 
  64      4A80EC91 
  64      7A788874 
  65 0028 E454B16B 		.ascii	"\344T\261k\005\356=\017\215G\267\217 \203}\332X\333"
  65      05EE3D0F 
  65      8D47B78F 
  65      20837DDA 
  65      58DB
  66 003a 4BFF5E9D 		.ascii	"K\377^\235\337R_P\225N\242\311_\344\026\351\325@\330"
  66      DF525F50 
  66      954EA2C9 
  66      5FE416E9 
  66      D540D8
  67 004d 4F48EC96 		.ascii	"OH\354\226R\246K\000X\000P\000\335\206\\\332\217l\354"
  67      52A64B00 
  67      58005000 
  67      DD865CDA 
  67      8F6CEC
  68 0060 C307D3C1 		.ascii	"\303\007\323\301O\227,)+\377\204\220\225\224B\356I\242"
  68      4F972C29 
  68      2BFF8490 
  68      959442EE 
  68      49A2
  69 0072 3103870D 		.ascii	"1\003\207\015\015\336\216\323~\2657\260\234\227\010"
ARM GAS  C:\Users\PUBLIC~1.LAP\AppData\Local\Temp\cc5KItyk.s 			page 5


  69      0DDE8ED3 
  69      7EB537B0 
  69      9C9708
  70 0081 25CDCC73 		.ascii	"%\315\314s\2652`9/\013V8\334\237\244y\236\335n\247\256"
  70      B5326039 
  70      2F0B5638 
  70      DC9FA479 
  70      9EDD6EA7 
  71 0096 298DA98D 		.ascii	")\215\251\215\372\331\351\027c\314\236t6#\033j_%4-\240"
  71      FAD9E917 
  71      63CC9E74 
  71      36231B6A 
  71      5F25342D 
  72 00ab A628A161 		.ascii	"\246(\241a\021R\251\006\035\232\032\334\032D\355\027"
  72      1152A906 
  72      1D9A1ADC 
  72      1A44ED17 
  73 00bb E305D0A6 		.ascii	"\343\005\320\246\325\264JP\234\226\225\231\\\264Ja5"
  73      D5B44A50 
  73      9C969599 
  73      5CB44A61 
  73      35
  74 00cc AE94D18E 		.ascii	"\256\224\321\216hY1\001\372\220\355P\002\007\306 {\363"
  74      68593101 
  74      FA90ED50 
  74      0207C620 
  74      7BF3
  75 00de F6029AC3 		.ascii	"\366\002\232\303SDO\330\250\304(8\373\015E\251\252\366"
  75      53444FD8 
  75      A8C42838 
  75      FB0D45A9 
  75      AAF6
  76 00f0 F33CB71D 		.ascii	"\363<\267\035\027\242\037\334\336P\242\003\020DmT`b"
  76      17A21FDC 
  76      DE50A203 
  76      10446D54 
  76      6062
  77 0102 529E55B4 		.ascii	"R\236U\264\202d+{\0131\306\326{\364\200\246\203\012"
  77      82642B7B 
  77      0B31C6D6 
  77      7BF480A6 
  77      830A
  78 0114 9A28ABAC 		.ascii	"\232(\253\254\1773\037d\006\2245L\011\341\301\305gn"
  78      7F331F64 
  78      0694354C 
  78      09E1C1C5 
  78      676E
  79 0126 4304F33B 		.ascii	"C\004\363;<\347\177\352'\357\344\375~r\300\374\223\307"
  79      3CE77FEA 
  79      27EFE4FD 
  79      7E72C0FC 
  79      93C7
  80 0138 2DE824FB 		.ascii	"-\350$\373\021e\211\325\234(\012\022\305\2002\343\222"
  80      116589D5 
  80      9C280A12 
  80      C58032E3 
  80      92
ARM GAS  C:\Users\PUBLIC~1.LAP\AppData\Local\Temp\cc5KItyk.s 			page 6


  81 0149 3A7F0297 		.ascii	":\177\002\227H\037\221\300'\017\245\003R\233\251\366"
  81      481F91C0 
  81      270FA503 
  81      529BA9F6 
  82 0159 26C65689 		.ascii	"&\306V\211D\214-\217G\277\210~\256\330+\201\356\212"
  82      448C2D8F 
  82      47BF887E 
  82      AED82B81 
  82      EE8A
  83 016b BD460BF0 		.ascii	"\275F\013\360h\211\310\030\333\001~U\261c\"\203`\245"
  83      6889C818 
  83      DB017E55 
  83      B1632283 
  83      60A5
  84 017d 2B764C64 		.ascii	"+vLdF\003\370\344\301\024\214\253MH\245\001\202\005"
  84      4603F8E4 
  84      C1148CAB 
  84      4D48A501 
  84      8205
  85 018f C676C7AE 		.ascii	"\306v\307\256\020\256\275\330?>\213v\003\205\224\343"
  85      10AEBDD8 
  85      3F3E8B76 
  85      038594E3 
  86 019f E1663A80 		.ascii	"\341f:\200\211\2501I\305\214\014\005\221&Ia8\200\002"
  86      89A83149 
  86      C58C0C05 
  86      91264961 
  86      388002
  87 01b2 91292AF2 		.ascii	"\221)*\362\022@\304A\0041BJ\021MP\230\262\312\250g\341"
  87      1240C441 
  87      0431424A 
  87      114D5098 
  87      B2CAA867 
  88 01c7 C11E1450 		.ascii	"\301\036\024P\353\233\371\017\336\217\014\356\303\023"
  88      EB9BF90F 
  88      DE8F0CEE 
  88      C313
  89 01d5 D19C7E24 		.ascii	"\321\234~$\245\250W\252\372\345,\345'\246\324\030\313"
  89      A5A857AA 
  89      FAE52CE5 
  89      27A6D418 
  89      CB
  90 01e6 B2973C58 		.ascii	"\262\227<X\036\236\216\263`H\0115\274*_\317$\237=j\036"
  90      1E9E8EB3 
  90      60480935 
  90      BC2A5FCF 
  90      249F3D6A 
  91 01fb 8508A265 		.ascii	"\205\010\242eM\366ipd\370@\206\314;_\031\361\210\260"
  91      4DF66970 
  91      64F84086 
  91      CC3B5F19 
  91      F188B0
  92 020e 01257243 		.ascii	"\001%rC\231R\357R\305\021)c\375j\377\210\205\255b\342"
  92      9952EF52 
  92      C5112963 
  92      FD6AFF88 
  92      85AD62E2 
ARM GAS  C:\Users\PUBLIC~1.LAP\AppData\Local\Temp\cc5KItyk.s 			page 7


  93 0222 8AEE7F7E 		.ascii	"\212\356\177~\232\233,\254\223S\265\006?~N\300w\317"
  93      9A9B2CAC 
  93      9353B506 
  93      3F7E4EC0 
  93      77CF
  94 0234 203A5DA8 		.ascii	" :]\250\\\243\025\337\240bp\205\010\360\272\024\340"
  94      5CA315DF 
  94      A0627085 
  94      08F0BA14 
  94      E0
  95 0245 67CA9E80 		.ascii	"g\312\236\200\020\332\377\347nR\304\357\260_\236\024"
  95      10DAFFE7 
  95      6E52C4EF 
  95      B05F9E14 
  96 0255 A3928D4A 		.ascii	"\243\222\215J\030\2669\007\027\000$\214\304xj\014w\363"
  96      18B63907 
  96      1700248C 
  96      C4786A0C 
  96      77F3
  97 0267 50A7BDF0 		.ascii	"P\247\275\360\312\032\276\350\034[5\224\321\246\331"
  97      CA1ABEE8 
  97      1C5B3594 
  97      D1A6D9
  98 0276 6419F228 		.ascii	"d\031\362(I\210\276\241\241\013J\017\356XlW\247\356"
  98      4988BEA1 
  98      A10B4A0F 
  98      EE586C57 
  98      A7EE
  99 0288 B518E5AD 		.ascii	"\265\030\345\255\020K\217\375\201\301\372\242ab\004"
  99      104B8FFD 
  99      81C1FAA2 
  99      616204
 100 0297 8CFC427E 		.ascii	"\214\374B~\377\227H\270\357\356\206y\270'\027\224w."
 100      FF9748B8 
 100      EFEE8679 
 100      B8271794 
 100      772E
 101 02a9 C610C5C0 		.ascii	"\306\020\305\300\342\3766\364e\246\252#<\315I\021\236"
 101      E2FE36F4 
 101      65A6AA23 
 101      3CCD4911 
 101      9E
 102 02ba CB333B37 		.ascii	"\3133;7\346\214\306\026p\206\306p?\2011"
 102      E68CC616 
 102      7086C670 
 102      3F8131
 103              		.text
 104              		.section	.gnu.lto_.jmpfuncs.83ad7a2e,"e",%progbits
 105 0000 28B52FFD 		.ascii	"(\265/\375`\244\003E\012\0002\215'*pK\222\016\260\252"
 105      60A40345 
 105      0A00328D 
 105      272A704B 
 105      920EB0AA 
 106 0014 62FD7F7D 		.ascii	"b\375\177}\"\375\305\377sU\201\012\000\000 D\016\230"
 106      22FDC5FF 
 106      7355810A 
 106      00002044 
ARM GAS  C:\Users\PUBLIC~1.LAP\AppData\Local\Temp\cc5KItyk.s 			page 8


 106      0E98
 107 0026 97786D5D 		.ascii	"\227xm]\233H\377\377\277\233\334|\333v\333[&\031t\032"
 107      9B48FFFF 
 107      BF9BDC7C 
 107      DB76DB5B 
 107      2619741A 
 108 003a 8605DE0A 		.ascii	"\206\005\336\012\011\014\253|\370\013\341\240\220\257"
 108      090CAB7C 
 108      F80BE1A0 
 108      90AF
 109 0048 41018F92 		.ascii	"A\001\217\222=\363%\250\262~ \2311\002,H\300\223\372"
 109      3DF325A8 
 109      B27E2099 
 109      31022C48 
 109      C093FA
 110 005b A46EDC88 		.ascii	"\244n\334\210\353\027\36719\316\241g<\306\306\264,\271"
 110      EB17F731 
 110      39CEA167 
 110      3CC6C6B4 
 110      2CB9
 111 006d 975C5F2C 		.ascii	"\227\\_,\276\342\336\321\320:\362\345*q/q=\022EQ\264"
 111      BEE2DED1 
 111      D03AF2E5 
 111      2A712F71 
 111      3D124551 
 112 0082 41A49104 		.ascii	"A\244\221\004x8K\272)nIEQ\310\015\232l\320\234\2344"
 112      78384BBA 
 112      296E4945 
 112      51C80D9A 
 112      6CD09C9C 
 113 0097 AE465AE4 		.ascii	"\256FZ\344[O\223\323T%\304_m\232\352'\331\320&\002B"
 113      5B4F93D3 
 113      5425C45F 
 113      6D9AEA27 
 113      D9D02602 
 114 00ac A8414906 		.ascii	"\250AI\006\221\320\024\244P\031\326`\242A\2065\017\022"
 114      91D014A4 
 114      5019D660 
 114      A2418635 
 114      0F12
 115 00be 00726186 		.ascii	"\000ra\206\341p\224\021:g\004J\314(5\227gii\007\360"
 115      E1709411 
 115      3A67044A 
 115      CC283597 
 115      67696907 
 116 00d3 D3FE8F27 		.ascii	"\323\376\217'\227\315\010CEq\000\212|\243O\332\211Q"
 116      97CD0843 
 116      4571008A 
 116      7CA34FDA 
 116      8951
 117 00e5 209F0FC5 		.ascii	" \237\017\305\214\344\341k\254\303\265!l\027w\304fZ"
 117      8CE4E16B 
 117      ACC3B521 
 117      6C1777C4 
 117      665A
 118 00f7 46F848BC 		.ascii	"F\370H\274=x\231\330\336ZC\231\327r\\]\267T\026\357"
 118      3D7899D8 
ARM GAS  C:\Users\PUBLIC~1.LAP\AppData\Local\Temp\cc5KItyk.s 			page 9


 118      DE5A4399 
 118      D7725C5D 
 118      B75416EF 
 119 010b 4CCAC142 		.ascii	"L\312\301B\335\256\304\033*\0051\005\306\241\014=[B"
 119      DDAEC41B 
 119      2A053105 
 119      C6A10C3D 
 119      5B42
 120 011d 6D7C9AE2 		.ascii	"m|\232\342\251\311:\301\244\277\015\032(Z4#\004\016"
 120      A9C93AC1 
 120      A4BF0D1A 
 120      285A3423 
 120      040E
 121 012f C2F763B3 		.ascii	"\302\367c\263\010\2464\257\010\250\374B\344\373\270"
 121      08A634AF 
 121      08A8FC42 
 121      E4FBB8
 122 013e BF09882C 		.ascii	"\277\011\210,(\254p\220\221\343\277\026H\372\324\003"
 122      28AC7090 
 122      91E3BF16 
 122      48FAD403 
 123 014e AB024706 		.ascii	"\253\002G\006"
 124              		.text
 125              		.section	.gnu.lto_.pureconst.83ad7a2e,"e",%progbits
 126 0000 28B52FFD 		.ascii	"(\265/\375 SE\002\0002\005\021\034\240E\215\001\377"
 126      20534502 
 126      00320511 
 126      1CA0458D 
 126      01FF
 127 0012 2748F3FF 		.ascii	"'H\363\377\377\375\252\252\003\377\376\377\377\223\265"
 127      FFFDAAAA 
 127      03FFFEFF 
 127      FF93B5
 128 0021 249B46D2 		.ascii	"$\233F\3226\264M\006^\360\345\004\037\270\300\003\016"
 128      36B44D06 
 128      5EF0E504 
 128      1FB8C003 
 128      0E
 129 0032 904D32C9 		.ascii	"\220M2\311#\031\344\217;\266\306\306\370\242\016\212"
 129      2319E48F 
 129      3BB6C6C6 
 129      F8A20E8A 
 130 0042 278EF8E1 		.ascii	"'\216\370\341\312u\303\013'\374\326\335\031\002\000"
 130      CA75C30B 
 130      27FCD6DD 
 130      190200
 131              		.text
 132              		.section	.gnu.lto_.ipa_modref.83ad7a2e,"e",%progbits
 133 0000 28B52FFD 		.ascii	"(\265/\375`Q\002\325\011\000b\014%(\220)\031\016\217"
 133      605102D5 
 133      0900620C 
 133      25289029 
 133      190E8F
 134 0013 57EA7FCC 		.ascii	"W\352\177\314\337\335\376d\376\177UT\337\331\003}Cm"
 134      DFDDFE64 
 134      FE7F5554 
 134      DFD9037D 
ARM GAS  C:\Users\PUBLIC~1.LAP\AppData\Local\Temp\cc5KItyk.s 			page 10


 134      436D
 135 0025 8F34DB8F 		.ascii	"\2174\333\217\376#\360-\251b\2456\221\204l)S/T\341Q"
 135      FE23F02D 
 135      A962A536 
 135      91846C29 
 135      532F54E1 
 136 003a 32E13584 		.ascii	"2\3415\204P\305-\241\302\203>\367C\"\003g\262\240\257"
 136      50C52DA1 
 136      C2833EF7 
 136      43220367 
 136      B2A0AF
 137 004d 182378A0 		.ascii	"\030#x\240)1\032;k\272\270\024\035\002)\375&\013\350"
 137      29311A3B 
 137      6BBAB814 
 137      1D0229FD 
 137      260BE8
 138 0060 04079018 		.ascii	"\004\007\220\030\305\237\004_\004\037\004\225#l\232"
 138      C59F045F 
 138      041F0495 
 138      236C9A
 139 006f 74A13884 		.ascii	"t\2418\204\250a\373\260t\245\277\267\370\034DK\034\270"
 139      A861FBB0 
 139      74A5BFB7 
 139      F81C444B 
 139      1CB8
 140 0081 23A4C53A 		.ascii	"#\244\305:\343\275\027n\010\227\012\242\376\024w\003"
 140      E3BD176E 
 140      08970AA2 
 140      FE147703 
 141 0091 1FA2EFC4 		.ascii	"\037\242\357\304Ad6\266\356\341f\340~\214(\002J\250"
 141      416436B6 
 141      EEE166E0 
 141      7E8C2802 
 141      4AA8
 142 00a3 2151A8CA 		.ascii	"!Q\250\312\026V\012\033\007`\242Q\254\216\007\021\340"
 142      16560A1B 
 142      0760A251 
 142      AC8E0711 
 142      E0
 143 00b4 34E41822 		.ascii	"4\344\030\"\233YP\242Rk@\212*[\232\203\306\351\345w"
 143      9B5950A2 
 143      526B408A 
 143      2A5B9A83 
 143      C6E9E577 
 144 00c8 985E9612 		.ascii	"\230^\226\022>\034\243T\334\261\316\3144\273\260\022"
 144      3E1CA354 
 144      DCB1CECC 
 144      34BBB012 
 145 00d8 D20C412E 		.ascii	"\322\014A.\023\342\015C\274\362\261\322\315\\\211\300"
 145      13E20D43 
 145      BCF2B1D2 
 145      CD5C89C0 
 146 00e8 F0ADE489 		.ascii	"\360\255\344\211\200\256_y\200\004W\023\370\323\301"
 146      80AE5F79 
 146      80045713 
 146      F8D3C1
 147 00f7 BBBF4686 		.ascii	"\273\277F\206\016\210}P\014d\230\027\253\317>\366\037"
ARM GAS  C:\Users\PUBLIC~1.LAP\AppData\Local\Temp\cc5KItyk.s 			page 11


 147      0E887D50 
 147      0C649817 
 147      ABCF3EF6 
 147      1F
 148 0108 2B12B889 		.ascii	"+\022\270\211\245s@\3253T\017`\316\036\204\316/ \034"
 148      A57340D5 
 148      33540F60 
 148      CE1E84CE 
 148      2F201C
 149 011b 60584886 		.ascii	"`XH\206\342\355Wx\356Q\367\340\037\333e\036\262\000"
 149      E2ED5778 
 149      EE51F7E0 
 149      1FDB651E 
 149      B200
 150 012d 9CB7ECE0 		.ascii	"\234\267\354\340\331T;*\357\177\023\3741\301[qF\204"
 150      D9543B2A 
 150      EF7F13FC 
 150      31C15B71 
 150      4684
 151 013f C807C7A2 		.ascii	"\310\007\307\242\007"
 151      07
 152              		.text
 153              		.section	.gnu.lto_.lto.83ad7a2e,"e",%progbits
 154 0000 0C000000 		.ascii	"\014\000\000\000\001\000\001\000"
 154      01000100 
 155              		.text
 156              		.section	.gnu.lto_ep0config.314.83ad7a2e,"e",%progbits
 157 0000 28B52FFD 		.ascii	"(\265/\375 \351=\006\000\324\012\214\000\000\000Q\000"
 157      20E93D06 
 157      00D40A8C 
 157      00000051 
 157      00
 158 0011 05013680 		.ascii	"\005\0016\200\200\200\274\302\347\370\001\177}{\000"
 158      8080BCC2 
 158      E7F8017F 
 158      7D7B00
 159 0020 0005018A 		.ascii	"\000\005\001\212\001\202\200\200\350\002y\267\001\370"
 159      01828080 
 159      E80279B7 
 159      01F8
 160 002e CEF10377 		.ascii	"\316\361\003w}us\271\006'\001\300\230\315\001qo\330"
 160      7D7573B9 
 160      062701C0 
 160      98CD0171 
 160      6FD8
 161 0040 CC01716D 		.ascii	"\314\001qm\230\314\001qk(\001\000?\202\210\200\300\001"
 161      98CC0171 
 161      6B280100 
 161      3F828880 
 161      C001
 162 0052 6967BF01 		.ascii	"ig\277\001e\276\001c\275\001a\274\001_\273\001]\273"
 162      65BE0163 
 162      BD0161BC 
 162      015FBB01 
 162      5DBB
 163 0064 015BBA01 		.ascii	"\001[\272\001Y\270\001\000OD:\\00a_liuhy\\temp126\\"
 163      59B80100 
ARM GAS  C:\Users\PUBLIC~1.LAP\AppData\Local\Temp\cc5KItyk.s 			page 12


 163      4F443A5C 
 163      3030615F 
 163      6C697568 
 164 0082 43686962 		.ascii	"ChibiOS-Contrib/os/hal/ports/HT32/LLD/USBv1_usb_lld"
 164      694F532D 
 164      436F6E74 
 164      7269622F 
 164      6F732F68 
 165 00b5 2E630009 		.ascii	".c\000\011\000$\317\210Q\005\015\210\206I\364M\" \340"
 165      0024CF88 
 165      51050D88 
 165      8649F44D 
 165      2220E0
 166 00c8 9FC60054 		.ascii	"\237\306\000Tv\003(\002"
 166      76032802 
 167              		.text
 168              		.section	.gnu.lto_usb_get_int_flags.315.83ad7a2e,"e",%progbits
 169 0000 28B52FFD 		.ascii	"(\265/\375`e\000\315\011\000$\021\342\000\000\000Q\000"
 169      606500CD 
 169      09002411 
 169      E2000000 
 169      5100
 170 0012 00002600 		.ascii	"\000\000&\000\000\000\001\003\000\001\222\221\212\002"
 170      00000103 
 170      00019291 
 170      8A02
 171 0020 00808080 		.ascii	"\000\200\200\200@\007\002\001\201\221\212\327\233\332"
 171      40070201 
 171      81918AD7 
 171      9BDA
 172 002e 0401B901 		.ascii	"\004\001\271\001\001\000\177\002\001\177\001\246\003"
 172      01007F02 
 172      017F01A6 
 172      03
 173 003b 05010613 		.ascii	"\005\001\006\023\001\004\005\001\006\025\001 /\300\200"
 173      01040501 
 173      06150120 
 173      2FC080
 174 004a 80F8C4DC 		.ascii	"\200\370\304\334\221\305\007\205H\177\000}\270\001\267"
 174      91C50785 
 174      487F007D 
 174      B801B7
 175 0059 01000B00 		.ascii	"\001\000\013\000\000}\000\000\000\257\322\005\340\200"
 175      007D0000 
 175      00AFD205 
 175      E080
 176 0067 FCFF8F80 		.ascii	"\374\377\217\200\200\305\345\001\273#\005\001\000\002"
 176      80C5E501 
 176      BB230501 
 176      0002
 177 0075 02020002 		.ascii	"\002\002\000\002\002\004\000\002\000\000\000\243\003"
 177      02040002 
 177      000000A3 
 177      03
 178 0082 80040100 		.ascii	"\200\004\001\000\000\244\003\002\201\300\000\000\376"
 178      00A40302 
 178      81C00000 
ARM GAS  C:\Users\PUBLIC~1.LAP\AppData\Local\Temp\cc5KItyk.s 			page 13


 178      FE
 179 008f 02C2BEE9 		.ascii	"\002\302\276\351\017\003\001\005\001\006y\001\000\200"
 179      0F030105 
 179      01067901 
 179      0080
 180 009d 80AA8004 		.ascii	"\200\252\200\004\005\001\254\010w\274\001\273\001\000"
 180      0501AC08 
 180      77BC01BB 
 180      0100
 181 00ab 36A18080 		.ascii	"6\241\200\200\010u\275\001s\000\251\035\003\002\277"
 181      0875BD01 
 181      7300A91D 
 181      0302BF
 182 00ba 01718398 		.ascii	"\001q\203\230\207\355\002\003\004\003\001\003\002\000"
 182      87ED0203 
 182      04030103 
 182      0200
 183 00c8 82038220 		.ascii	"\202\003\202 \003\004\000\001\200\300OD:\\00a_liuhy"
 183      03040001 
 183      80C04F44 
 183      3A5C3030 
 183      615F6C69 
 184 00df 5C74656D 		.ascii	"\\temp126\\ChibiOS-Contrib/os/hal/ports/HT32/LLD/US"
 184      70313236 
 184      5C436869 
 184      62694F53 
 184      2D436F6E 
 185 0110 4276315F 		.ascii	"Bv1_usb_lld.c\000\016\000\001\317\2102\003\302\260\007"
 185      7573625F 
 185      6C6C642E 
 185      63000E00 
 185      01CF8832 
 186 0128 7316B4AE 		.ascii	"s\026\264\256(\232W\30551\306\245\264\340\302\2709\214"
 186      289A57C5 
 186      3531C6A5 
 186      B4E0C2B8 
 186      398C
 187 013a 5CC17270 		.ascii	"\\\301rp\255\230\204I\006"
 187      AD988449 
 187      06
 188              		.text
 189              		.section	.gnu.lto_usb_get_ep_int_flags.317.83ad7a2e,"e",%progbits
 190 0000 28B52FFD 		.ascii	"(\265/\375`\307\000\245\013\000&UPA\020O&\035c \202"
 190      60C700A5 
 190      0B002655 
 190      5041104F 
 190      261D6320 
 191 0015 A9FB2F5D 		.ascii	"\251\373/]\276/\260\271\202\377~\223\022\326 E\225\224"
 191      BE2FB0B9 
 191      82FF7E93 
 191      12D62045 
 191      9594
 192 0027 15A0DD5E 		.ascii	"\025\240\335^\376\356Z\000\010\365\216x?\377E\225\007"
 192      FEEE5A00 
 192      08F58E78 
 192      3FFF4595 
 192      07
ARM GAS  C:\Users\PUBLIC~1.LAP\AppData\Local\Temp\cc5KItyk.s 			page 14


 193 0038 3DCA7D93 		.ascii	"=\312}\223-ePC\317\020'\013\020\015\031\231\266P$\233"
 193      2D655043 
 193      CF10270B 
 193      100D1999 
 193      B650249B 
 194 004c EC9D5239 		.ascii	"\354\235R9\000;\000>\000\221W\333~\207{x\031\346\201"
 194      003B003E 
 194      009157DB 
 194      7E877B78 
 194      19E681
 195 005f 00C1D172 		.ascii	"\000\301\321r\267\335n\011R.\371^\275s|\2574\303a\237"
 195      B7DD6E09 
 195      522EF95E 
 195      BD737CAF 
 195      34C3619F 
 196 0073 30FF1FEE 		.ascii	"0\377\037\356\355*\260\230\321b\237\220\001\273\353"
 196      ED2AB098 
 196      D1629F90 
 196      01BBEB
 197 0082 39A34DB8 		.ascii	"9\243M\270\351mWl\213\354\023\010\337\353\351\244\205"
 197      E96D576C 
 197      8BEC1308 
 197      DFEBE9A4 
 197      85
 198 0093 8DC48461 		.ascii	"\215\304\204a\227\261I1\330\367\226^p}\355\367\350\364"
 198      97B14931 
 198      D8F7965E 
 198      707DEDF7 
 198      E8F4
 199 00a5 A4D3FF3A 		.ascii	"\244\323\377:L<\347bWB\214\027\273\242\242\340`\373"
 199      4C3CE762 
 199      57428C17 
 199      BBA2A2E0 
 199      60FB
 200 00b7 656BD89E 		.ascii	"ek\330\236\3635\253p\306.\210\024'v\367b\003\001\225"
 200      F335AB70 
 200      C62E8814 
 200      2776F762 
 200      030195
 201 00ca 526454E6 		.ascii	"RdT\346IO+\245\271\010\024\036\204\307\245,\267\261"
 201      494F2BA5 
 201      B908141E 
 201      84C7A52C 
 201      B7B1
 202 00dc 52C26352 		.ascii	"R\302cR\213\025|Dj\242\333\265\260\261\355z9Jt\273\033"
 202      8B157C44 
 202      6AA2DBB5 
 202      B0B1ED7A 
 202      394A74BB 
 203 00f1 E0D56670 		.ascii	"\340\325fp\021ddw7!nkm\3506\274z\253a\327o\020\252\323"
 203      11646477 
 203      37216E6B 
 203      6DE836BC 
 203      7AAB61D7 
 204 0109 34828F04 		.ascii	"4\202\217\004\242H2\221-R\306U t\000\354|>\240\006\200"
 204      A2483291 
 204      2D52C655 
ARM GAS  C:\Users\PUBLIC~1.LAP\AppData\Local\Temp\cc5KItyk.s 			page 15


 204      207400EC 
 204      7C3EA006 
 205 011e C80392AC 		.ascii	"\310\003\222\254\325\250\002\305\022\012$G\320\024\256"
 205      D5A802C5 
 205      120A2447 
 205      D014AE
 206 012d 580B46CE 		.ascii	"X\013F\316%\004\012M!\2123\332h2\252\324\2115r\200j"
 206      25040A4D 
 206      218A33DA 
 206      6832AAD4 
 206      89357280 
 207 0142 8522A984 		.ascii	"\205\"\251\204\301\214\004t@\345\336\001\023\000\001"
 207      C18C0474 
 207      40E5DE01 
 207      130001
 208 0151 CF883203 		.ascii	"\317\2102\003\302\260Cs\026\264\007\240\003\261\200"
 208      C2B04373 
 208      16B407A0 
 208      03B180
 209 0160 BC43BCD1 		.ascii	"\274C\274\321)\370\343\331b{\213K\021\3015\321b\242"
 209      29F8E3D9 
 209      627B8B4B 
 209      11C135D1 
 209      62A2
 210 0172 296A903A 		.ascii	")j\220:\004\011\000\225\321\324\316'"
 210      04090095 
 210      D1D4CE27 
 211              		.text
 212              		.section	.gnu.lto_usb_packet_transmit.320.83ad7a2e,"e",%progbits
 213 0000 28B52FFD 		.ascii	"(\265/\375`%\011m/\000JT\210\022CP\244N\007Fo/\323\023"
 213      6025096D 
 213      2F004A54 
 213      88124350 
 213      A44E0746 
 214 0018 3267522F 		.ascii	"2gR/\017\246\031\010Jy\253\303K:\266\216>yWw^Q5\224"
 214      0FA61908 
 214      4A79ABC3 
 214      4B3AB68E 
 214      3E795777 
 215 0030 61B9D3B0 		.ascii	"a\271\323\260\304^f\206\213\3134\204\030E\015\246\002"
 215      C45E6686 
 215      8BCB3484 
 215      18450DA6 
 215      02
 216 0041 76970A5C 		.ascii	"v\227\012\\\316|\306H\333m\275\311\336;\311\224\002"
 216      CE7CC648 
 216      DB6DBDC9 
 216      DE3BC994 
 216      02
 217 0052 11010201 		.ascii	"\021\001\002\001\030\001P\367\250\263\335\336\355`\332"
 217      180150F7 
 217      A8B3DDDE 
 217      ED60DA
 218 0061 F7DAD50B 		.ascii	"\367\332\325\013\263\3131\366\245=\017\317\214Mn*\346"
 218      B3CB31F6 
 218      A53D0FCF 
 218      8C4D6E2A 
ARM GAS  C:\Users\PUBLIC~1.LAP\AppData\Local\Temp\cc5KItyk.s 			page 16


 218      E6
 219 0072 5CDABBB8 		.ascii	"\\\332\273\270\227v}\275\223\301C\371\347\205\035\231"
 219      97767DBD 
 219      93C143F9 
 219      E7851D99 
 220 0082 1BE98AD6 		.ascii	"\033\351\212\326W\367-^\327n\264\314\207\334\034\024"
 220      57F72D5E 
 220      D76EB4CC 
 220      87DC1C14 
 221 0092 D01AED59 		.ascii	"\320\032\355Y\033PS)8\23034\201\257\275\325\372\372"
 221      1B505329 
 221      38983334 
 221      81AFBDD5 
 221      FAFA
 222 00a4 34538332 		.ascii	"4S\2032\263nG\011\214\273\033P%\035\213\215\376\234"
 222      B36E4709 
 222      8CBB1B50 
 222      251D8B8D 
 222      FE9C
 223 00b6 ABF019D1 		.ascii	"\253\360\031\321\372\332\216\273\275\212\323%\335\012"
 223      FADA8EBB 
 223      BD8AD325 
 223      DD0A
 224 00c4 8E1EE68C 		.ascii	"\216\036\346\214\345OL\316P\251\006\321\372\252\344"
 224      E54F4CCE 
 224      50A906D1 
 224      FAAAE4
 225 00d3 45ACAFAA 		.ascii	"E\254\257\252\017\261\276v\262;\016\222\332\363\341"
 225      0FB1BE76 
 225      B23B0E92 
 225      DAF3E1
 226 00e2 49D39373 		.ascii	"I\323\223s>>\222\376\351t:u\025\352\355\342\244\027"
 226      3E3E92FE 
 226      E9743A75 
 226      15EAEDE2 
 226      A417
 227 00f4 5F97386C 		.ascii	"_\2278l\205\354\252>N\266\013%0-\271[s;\363\"\021\177"
 227      85ECAA3E 
 227      4EB60B25 
 227      302DB95B 
 227      733BF322 
 228 010a 55E110B5 		.ascii	"U\341\020\265*/\015\273H\232B\234\010\347C\270\245'"
 228      2A2F0DBB 
 228      489A429C 
 228      08E743B8 
 228      A527
 229 011c 6D4170BB 		.ascii	"mAp\273t\244\371\346B\007l{cb\026\210\257\352\221Z\217"
 229      74A4F9E6 
 229      42076C7B 
 229      63621688 
 229      AFEA915A 
 230 0131 2646B7A5 		.ascii	"&F\267\245\032\305g\260\317\367\324\260*\224\220\347"
 230      1AC567B0 
 230      CFF7D4B0 
 230      2A9490E7 
 231 0141 16E4A674 		.ascii	"\026\344\246t\2164\205\370\003\266\021Q\225r\316^\347"
 231      8E3485F8 
ARM GAS  C:\Users\PUBLIC~1.LAP\AppData\Local\Temp\cc5KItyk.s 			page 17


 231      03B61151 
 231      9572CE5E 
 231      E7
 232 0152 98CD4D89 		.ascii	"\230\315M\211\261PB\316\271\361\232[\323\333\350\335"
 232      B15042CE 
 232      B9F19A5B 
 232      D3DBE8DD 
 233 0162 4EEC6E1A 		.ascii	"N\354n\032\335m\220\215\227v\224X\332\370\377]\016S"
 233      DD6D908D 
 233      97769458 
 233      DAF8FF5D 
 233      0E53
 234 0174 FAC1CB64 		.ascii	"\372\301\313d\265\370\205g~D\270_\2156\3474d;\231$\222"
 234      B5F88567 
 234      7E44B85F 
 234      8D36E734 
 234      643B9924 
 235 0189 110A48B0 		.ascii	"\021\012H\260\276J\375\360,\317\236g\367\015\357#\201"
 235      BE4AFDF0 
 235      2CCF9E67 
 235      F70DEF23 
 235      81
 236 019a 74E69CAB 		.ascii	"t\346\234\253\272M8\337\2116\347\214\024\223tr\035\003"
 236      BA4D38DF 
 236      8936E78C 
 236      14937472 
 236      1D03
 237 01ac 99E0607D 		.ascii	"\231\340`}U\360Pp\372\020\274\277\233\211\313\303\224"
 237      55F05070 
 237      FA10BCBF 
 237      9B89CBC3 
 237      94
 238 01bd A2616937 		.ascii	"\242ai7\364\014\377\334 \337\0356\375r\335UH\252\007"
 238      F40CFFDC 
 238      20DF1D36 
 238      FD72DD55 
 238      48AA07
 239 01d0 6EE73DE5 		.ascii	"n\347=\345w\336G\177\272/p\250\267\224G\275\025\270"
 239      77DE477F 
 239      BA2F70A8 
 239      B79447BD 
 239      15B8
 240 01e2 15F7048E 		.ascii	"\025\367\004\216\305\035\001\324\223\353y;\271\270\233"
 240      C51D01D4 
 240      93EB793B 
 240      B9B89B
 241 01f1 1CCF9BE9 		.ascii	"\034\317\233\351\305\275\364\342V\"\3426\000\204\273"
 241      C5BDF4E2 
 241      5622E236 
 241      0084BB
 242 0200 C08B9BC0 		.ascii	"\300\213\233\300\213;\311\210{@\021\267\200\"\356\000"
 242      8B3BC988 
 242      7B4011B7 
 242      8022EE00 
 243 0210 2E6EA417 		.ascii	".n\244\027\367\321\213\333\310\210\273\250\210\233\250"
 243      F7D18BDB 
 243      C888BBA8 
ARM GAS  C:\Users\PUBLIC~1.LAP\AppData\Local\Temp\cc5KItyk.s 			page 18


 243      889BA8
 244 021f 887BC8C5 		.ascii	"\210{\310\305-\364\342\006\360\342\0162\342\006*\342"
 244      2DF4E206 
 244      F0E20E32 
 244      E2062AE2 
 245 022f 36167117 		.ascii	"6\026q\027]\334\357\213\3335\342&\026q\017\213\270\333"
 245      5DDCEF8B 
 245      DB35E226 
 245      16710F8B 
 245      B8DB
 246 0241 17B7F0C5 		.ascii	"\027\267\360\305\315\276\270\327\027\267\352\342~\""
 246      CDBEB8D7 
 246      17B7EAE2 
 246      7E22
 247 024f 6E3CC4ED 		.ascii	"n<\304\355\020\210b\332\024\020\314\271\307\324Of\263"
 247      108862DA 
 247      1410CCB9 
 247      C7D44F66 
 247      B3
 248 0260 F639713D 		.ascii	"\3669q=w<w;\367;\367?\364Du\206~\010x\327\024\376\\"
 248      773C773B 
 248      F73BF73F 
 248      F4447586 
 248      7E0878D7 
 249 0277 FB9E0FAB 		.ascii	"\373\236\017\253\360\355\255\017\276U\325}\247_\023"
 249      F0EDAD0F 
 249      BE55D57D 
 249      A75F13
 250 0286 C242AFE5 		.ascii	"\302B\257\345\024\\\306)}\260\000\336\375\007\217\357"
 250      145CC629 
 250      7DB000DE 
 250      FD078FEF 
 251 0296 307FB4DE 		.ascii	"0\177\264\336\177l\320\003x\326o\351\007\350\203\376"
 251      7F6CD003 
 251      78D66FE9 
 251      07E883FE 
 252 02a6 F5BA80DE 		.ascii	"\365\272\200\336/\276Q\216W[\374!`\027\272'\032\226"
 252      2FBE518E 
 252      575BFC21 
 252      6017BA27 
 252      1A96
 253 02b8 E34BE2B6 		.ascii	"\343K\342\266\376\\\323\277\357G\352\376\334\315X\246"
 253      FE5CD3BF 
 253      EF47EAFE 
 253      DCCD58A6 
 254 02c8 7F5FCBB9 		.ascii	"\177_\313\271f\031G|\367Y?\246\024\315\343\200%\351"
 254      6619477C 
 254      F7593FA6 
 254      14CDE380 
 254      25E9
 255 02da DA762FD6 		.ascii	"\332v/\326W\342;\033\034\323\267?\374U\3162\212\022"
 255      57E23B1B 
 255      1CD3B73F 
 255      FC55CE32 
 255      8A12
 256 02ec 4BAF78A0 		.ascii	"K\257x\240\027Q`\373\233\344\\2\313\001gR\013\353k\373"
 256      175160FB 
ARM GAS  C:\Users\PUBLIC~1.LAP\AppData\Local\Temp\cc5KItyk.s 			page 19


 256      9BE45C32 
 256      CB016752 
 256      0BEB6BFB 
 257 0300 BEE74F4D 		.ascii	"\276\347OM;\272'\332\337\225QsS\205?\365\252\032\246"
 257      3BBA27DA 
 257      DF955173 
 257      53853FF5 
 257      AA1AA6
 258 0313 54CD4BA0 		.ascii	"T\315K\240\331\243X\366\205\217\244f\031'<>\373\354"
 258      D9A358F6 
 258      858FA466 
 258      19273C3E 
 258      FBEC
 259 0325 94227926 		.ascii	"\224\"y&\270\233+)'\340\205\003\3166O\316\343\273\027"
 259      B89B2B29 
 259      27E08503 
 259      CE364FCE 
 259      E3BB17
 260 0338 3F7026DD 		.ascii	"?p&\335\363\214V9\371\014\276G\261\353w\325\301I\303"
 260      F38C5639 
 260      F90CBE47 
 260      B1EB77D5 
 260      C149C3
 261 034b 7BFAA753 		.ascii	"{\372\247S\217b\325_\377\375\230oJ+Wse\024\230\263\021"
 261      8F62D55F 
 261      FFFD986F 
 261      4A2B5773 
 261      651498B3 
 262 0360 E4DF05A2 		.ascii	"\344\337\005\242\300\014\236f\303\031G\323\301\250\346"
 262      C00C9E66 
 262      C31947D3 
 262      C1A8E6
 263 036f 25393B16 		.ascii	"%9;\026\213\365^\347O|R\272g\024K{\301\3777}+\306\302"
 263      8BF55EE7 
 263      4F7C52BA 
 263      67144B7B 
 263      C1FF377D 
 264 0386 6AA85F3E 		.ascii	"j\250_>\326\202\205\012\265\303\004\020Y\036\256X\025"
 264      D682850A 
 264      B5C30410 
 264      591EAE58 
 264      15
 265 0397 625E2F46 		.ascii	"b^/F\366\3651\\\314\013\213u\221\225\251\255b\301\012"
 265      F6F5315C 
 265      CC0B8B75 
 265      9195A9AD 
 265      62C10A
 266 03aa 3030AE2E 		.ascii	"00\256.\2622.\0064(d\2118V\340\300\341\330\300A\010"
 266      B2322E06 
 266      34286489 
 266      3856E0C0 
 266      E1D8C041 
 267 03bf 0C47B219 		.ascii	"\014G\262\031cabG\260\024.\216da\307\256\257\261\031"
 267      63616247 
 267      B0142E8E 
 267      6461C7AE 
 267      AFB119
ARM GAS  C:\Users\PUBLIC~1.LAP\AppData\Local\Temp\cc5KItyk.s 			page 20


 268 03d2 31C2ACA4 		.ascii	"1\302\254\244\262\260\276\272\276\\Xm!\0330\020\203"
 268      B2B0BEBA 
 268      BE5C586D 
 268      211B3010 
 268      83
 269 03e3 E13563CB 		.ascii	"\3415c\313\314E\331\027\030W\212\251\251\255\010\025"
 269      CC45D917 
 269      18578AA9 
 269      A9AD0815 
 270 03f3 B0A0D95F 		.ascii	"\260\240\331_\256\316[<>6h\217V\\z\035lkQ\217b\225~"
 270      AECE5B3C 
 270      3E36688F 
 270      565C7A1D 
 270      6C6B518F 
 271 040a E95F2F09 		.ascii	"\351_/\011\0053\227XM\351\327h\030\272\247\201\357N"
 271      05339758 
 271      4DE9D768 
 271      18BAA781 
 271      EF4E
 272 041c 4AC1CA24 		.ascii	"J\301\312$\225\265:\006\236\206\022A\246\264\351\273"
 272      95B53A06 
 272      9E861241 
 272      A6B4E9BB 
 273 042c ADF0D995 		.ascii	"\255\360\331\225\221\023\347\013D\316is\217n\310\373"
 273      9113E70B 
 273      44CE6973 
 273      8F6EC8FB 
 274 043c 733D4443 		.ascii	"s=DC\254\372\025\315\367\032\023~\366\230\272\232s\316"
 274      ACFA15CD 
 274      F71A137E 
 274      F698BA9A 
 274      73CE
 275 044e EE181E43 		.ascii	"\356\030\036C\344\267\332>=\324\257u\253U\357y\276\302"
 275      E4B7DA3E 
 275      3DD4AF75 
 275      AB55EF79 
 275      BEC2
 276 0460 15992EE3 		.ascii	"\025\231.\343\240\276\275\017\205\253\"g\322N\306\372"
 276      A0BEBD0F 
 276      85AB2267 
 276      D24EC6FA 
 277 0470 9A04E72D 		.ascii	"\232\004\347-:\365\005^KI\030L|z\002\217DJz\002\003"
 277      3AF5055E 
 277      4B49184C 
 277      7C7A028F 
 277      444A7A02 
 278 0485 3E49C300 		.ascii	">I\303\000\244\017\360\002\362\004\370! \230\341\034"
 278      A40FF002 
 278      F204F821 
 278      2098E11C 
 279 0495 21D5B7CA 		.ascii	"!\325\267\312:\375\023\322#\275\226s\332:\375\321S\005"
 279      3AFD13D2 
 279      23BD9673 
 279      DA3AFDD1 
 279      5305
 280 04a7 19FD51D1 		.ascii	"\031\375Q\321\033i\025\011\005\200\255\250Q4\306\220"
 280      1B691509 
ARM GAS  C:\Users\PUBLIC~1.LAP\AppData\Local\Temp\cc5KItyk.s 			page 21


 280      0580ADA8 
 280      5134C690 
 281 04b7 53A46646 		.ascii	"S\244fF&\215$I\206\003\360\002\021!\252m\021@\245C\322"
 281      268D2449 
 281      8603F002 
 281      1121AA6D 
 281      1140A543 
 282 04cc 0D51B51B 		.ascii	"\015Q\265\033\001C*p\367a\316;\011l`Zi\2624z\327\217"
 282      01432A70 
 282      F761CE3B 
 282      096C605A 
 282      69B2347A 
 283 04e2 4482D7DD 		.ascii	"D\202\327\335\212\322^\224B\363\324W\037\203V\033\337"
 283      8AD25E94 
 283      42F3D457 
 283      1F83561B 
 283      DF
 284 04f3 B4D66D37 		.ascii	"\264\326m7h\230\001\260\331\374\345Z\314T!\025(\015"
 284      689801B0 
 284      D9FCE55A 
 284      CC542115 
 284      280D
 285 0505 981EF736 		.ascii	"\230\036\3676`\206\216\304\344\203\025|A0\207\316m\273"
 285      60868EC4 
 285      E483157C 
 285      413087CE 
 285      6DBB
 286 0517 D024072C 		.ascii	"\320$\007,5\341lz\263\010\236:\353\266\030\215m)W\323"
 286      35E16C7A 
 286      B3089E3A 
 286      EBB6188D 
 286      6D2957D3 
 287 052b C7B52D78 		.ascii	"\307\265-x.\212\341\007\311\214\2066)S_\243\237\310"
 287      2E8AE107 
 287      C98C8636 
 287      29535FA3 
 287      9FC8
 288 053d 0E8DBB19 		.ascii	"\016\215\273\0317\272\276\204\357%\206\207\014c\200"
 288      37BABE84 
 288      EF258687 
 288      0C6380
 289 054c BA118CF0 		.ascii	"\272\021\214\360\331\317\221\373\350\021\373\317.\226"
 289      D9CF91FB 
 289      E811FBCF 
 289      2E96
 290 055a 44E86983 		.ascii	"D\350i\203\212<\320\222\210=\222S`\222\010XL\277\"\226"
 290      8A3CD092 
 290      883D9253 
 290      60920858 
 290      4CBF2296 
 291 056e BC1C79B1 		.ascii	"\274\034y\261y\242}\217\205\015\255\033\262.\006\274"
 291      79A27D8F 
 291      850DAD1B 
 291      B22E06BC 
 292 057e 65F5CB9A 		.ascii	"e\365\313\232\001)k\317\376\226\257\274\254\330FK\230"
 292      01296BCF 
 292      FE96AFBC 
ARM GAS  C:\Users\PUBLIC~1.LAP\AppData\Local\Temp\cc5KItyk.s 			page 22


 292      ACD8464B 
 292      98
 293 058f 3C3F44B5 		.ascii	"<?D\265\317\275\311^\201&\203\021\220g\233\300\262\177"
 293      CFBDC95E 
 293      81268311 
 293      90679BC0 
 293      B27F
 294 05a1 034A9C1F 		.ascii	"\003J\234\037\203\272\321\3316\014\204\201\337\012\221"
 294      83BAD1D9 
 294      360C8481 
 294      DF0A91
 295 05b0 94BB2121 		.ascii	"\224\273!!\347\035~)L\304\267\3075\367\031\305\034p"
 295      E71D7E29 
 295      4CC4B7C7 
 295      35F719C5 
 295      1C70
 296 05c2 C6D22811 		.ascii	"\306\322(\021\026\313\217\307Z\032\012\014\266\323V"
 296      16CB8FC7 
 296      5A1A0A0C 
 296      B6D356
 297 05d1 C1E1A582 		.ascii	"\301\341\245\202\371-,\"\212\231\347p\300|\0246\261"
 297      F92D2C22 
 297      8A99E770 
 297      C07C1436 
 297      B1
 298 05e2 C59EE98E 		.ascii	"\305\236\351\216\016S\330\034\275,\\Y3zU\213\240Cc\222"
 298      0E53D81C 
 298      BD2C5C59 
 298      337A558B 
 298      A0436392 
 299 05f6 FF       		.ascii	"\377"
 300              		.text
 301              		.section	.gnu.lto_usb_packet_receive.321.83ad7a2e,"e",%progbits
 302 0000 28B52FFD 		.ascii	"(\265/\375`K\011u/\000zSp\022BP\244N\007\306\365\234"
 302      604B0975 
 302      2F007A53 
 302      70124250 
 302      A44E07C6 
 303 0016 7C1F3E60 		.ascii	"|\037>`i\023\220\257\326\3275C\024\375\231\345q\313"
 303      691390AF 
 303      D6D73543 
 303      14FD99E5 
 303      71CB
 304 0028 75DAE116 		.ascii	"u\332\341\026\270c31<e\376\304\364{%\304\377\244@~\220"
 304      B8633331 
 304      3C65FEC4 
 304      F47B25C4 
 304      FFA4407E 
 305 003d 3BE3A8D9 		.ascii	";\343\250\3312u\233\260\315[7!\273{\223\275w\222)\005"
 305      32759BB0 
 305      CD5B3721 
 305      BB7B93BD 
 305      77922905 
 306 0051 1601FC00 		.ascii	"\026\001\374\000\027\001`\376\245\035L\277z\312&\023"
 306      170160FE 
 306      A51D4CBF 
 306      7ACA2613 
ARM GAS  C:\Users\PUBLIC~1.LAP\AppData\Local\Temp\cc5KItyk.s 			page 23


 307 0061 BBAFD657 		.ascii	"\273\257\326W\357\346\321\316\305\273x\236G\373\365"
 307      EFE6D1CE 
 307      C5BB789E 
 307      47FBF5
 308 0070 42E34774 		.ascii	"B\343Gt\256\013\217\254\031\245\203\001-SC{\302\342"
 308      AE0B8FAC 
 308      19A58301 
 308      2D53437B 
 308      C2E2
 309 0082 79A3EDB1 		.ascii	"y\243\355\261v\004\022\205\242'g\350\001_\333D\353+"
 309      76041285 
 309      A22767E8 
 309      015FDB44 
 309      EB2B
 310 0094 EE4E2AE0 		.ascii	"\356N*\340\341Zp\364\347l\027\210\004\306\216EG\017"
 310      E15A70F4 
 310      E76C1788 
 310      04C68E45 
 310      470F
 311 00a6 73D6D2C6 		.ascii	"s\326\322\306L\316\320\252\006\321\372\332\335\355W"
 311      4CCED0AA 
 311      06D1FADA 
 311      DDED57
 312 00b5 DC8E472B 		.ascii	"\334\216G+1\240\011\363\006\373\316\374\344\014E:y\021"
 312      31A009F3 
 312      06FBCEFC 
 312      E40C453A 
 312      7911
 313 00c7 EBABEA44 		.ascii	"\353\253\352D\254\257\337\244\177:\235N]\205z\037\261"
 313      ACAFDFA4 
 313      7F3A9D4E 
 313      5D857A1F 
 313      B1
 314 00d8 D2858EC6 		.ascii	"\322\205\216\306\"\361u\207\255\220]\325\307\312va\004"
 314      22F17587 
 314      AD905DD5 
 314      C7CA7661 
 314      04
 315 00e9 D5EE895F 		.ascii	"\325\356\211_\223\255\207\013\005\256\305\201I\303\307"
 315      93AD870B 
 315      05AEC581 
 315      49C3C7
 316 00f8 266D48DC 		.ascii	"&mH\334\010\347E\270#\230\370\346\357[\335\232\021\354"
 316      08E745B8 
 316      2398F8E6 
 316      EF5BDD9A 
 316      11EC
 317 010a 3E296973 		.ascii	">)is\363\241z\204\006\004\212\007\256\271\251S\200\364"
 317      F3A17A84 
 317      06048A07 
 317      AEB9A953 
 317      80F4
 318 011c F079DD5A 		.ascii	"\360y\335Z\021\334\252\016\266\3309q1\376\024\270FD"
 318      11DCAA0E 
 318      B6D83971 
 318      31FE14B8 
 318      4644
ARM GAS  C:\Users\PUBLIC~1.LAP\AppData\Local\Temp\cc5KItyk.s 			page 24


 319 012e 7D3C3D3F 		.ascii	"}<=?\257[\213\303Ba\0040\2762\261\333\243\244\015\211"
 319      AF5B8BC3 
 319      42610430 
 319      BE32B1DB 
 319      A3A40D89 
 320 0142 B32E9B10 		.ascii	"\263.\233\020_\231hX\015\342od3S\235r\316\036u\254\306"
 320      5F996858 
 320      0DE26F64 
 320      33539D72 
 320      CE1E75AC 
 321 0157 7686B130 		.ascii	"v\206\2610B\316\271q\223\255\315{\310\273}Bw\217u\267"
 321      42CEB971 
 321      93ADCD7B 
 321      C8BB7D42 
 321      778F75B7 
 322 016b 6A016DCE 		.ascii	"j\001m\316gY\355gr\224\260\022\234\301\372Z\365KN\236"
 322      6759ED67 
 322      7294B012 
 322      9CC1FA5A 
 322      F54B4E9E 
 323 017f 4B2CDDE1 		.ascii	"K,\335\341ef \020\31493\350>\341dR\2649\347\2541\312"
 323      65662010 
 323      CC3933E8 
 323      3EE16452 
 323      B439E7AC 
 324 0195 265B05E2 		.ascii	"&[\005\342\350|m\327\301\372\212\177\310G\365\376^'"
 324      E87C6DD7 
 324      C1FA8A7F 
 324      C847F5FE 
 324      5E27
 325 01a7 0798265D 		.ascii	"\007\230&]bi7\264\007~g\267g\005\262\221\353_\322\275"
 325      626937B4 
 325      077E67B7 
 325      6705B291 
 325      EB5FD2BD 
 326 01bb C0F7BC93 		.ascii	"\300\367\274\223\376\364\306rq_9\324\033\351x\336V\356"
 326      FEF4C672 
 326      715F39D4 
 326      1BE978DE 
 326      56EE
 327 01cd C5BBCAB1 		.ascii	"\305\273\312\261\270#p-\356T.n\251\026w\224\353yC\035"
 327      B823702D 
 327      EE542E6E 
 327      A9167794 
 327      EB79431D 
 328 01e1 711338E2 		.ascii	"q\0238\342~2\342v2\342n2\342f2\342^zq+\275\270\223\212"
 328      7E32E276 
 328      32E26E32 
 328      E26632E2 
 328      5E7A712B 
 329 01f9 B807BCB8 		.ascii	"\270\007\274\270\005\274\270\221\\\334GF\334FE\334E"
 329      05BCB891 
 329      5CDC4746 
 329      DC4645DC 
 329      45
 330 020a 2FEE002F 		.ascii	"/\356\000/n\"\0277\000#\356\241\"n\241\027\367\361\305"
 330      6E221737 
ARM GAS  C:\Users\PUBLIC~1.LAP\AppData\Local\Temp\cc5KItyk.s 			page 25


 330      0023EEA1 
 330      226EA117 
 330      F7F1C5
 331 021d 6D747117 		.ascii	"mtq\027\215\270\211E\334\357\213\333%\342\036\276\270"
 331      8DB88945 
 331      DCEF8BDB 
 331      25E21EBE 
 331      B8
 332 022e 5B17B7D0 		.ascii	"[\027\267\320\305\315\272\270W\027\267\352\342\376!"
 332      C5CDBAB8 
 332      5717B7EA 
 332      E2FE21
 333 023d 6EDCE276 		.ascii	"n\334\342v\007C+\202\246T~9\003\231\012\312nV\276(\276"
 333      07432B82 
 333      A6547E39 
 333      03990ACA 
 333      6E56BE28 
 334 0252 E7AEE7FE 		.ascii	"\347\256\347\376t\207\272\343\271{q\266;L\273\230~\367"
 334      7487BAE3 
 334      B97B71B6 
 334      3B4CBB98 
 334      7EF7
 335 0264 CA7EA065 		.ascii	"\312~\240e\011f\206<\207\357l\253'\376X\336\237\273"
 335      0966863C 
 335      87EF6CAB 
 335      27FE58DE 
 335      9FBB
 336 0276 92857AE2 		.ascii	"\222\205z\342C\230\353\363~\273\240\014%\227#\301\346"
 336      4398EBF3 
 336      7EBBA00C 
 336      259723C1 
 336      E6
 337 0287 60F2DFFF 		.ascii	"`\362\337\377Ai\322e\373\356\253\230\313\303\244b\346"
 337      4169D265 
 337      FBEEAB98 
 337      CBC3A462 
 337      E6
 338 0298 74BE3214 		.ascii	"t\2762\024p\272\366\033\254\257\311\377\250\232\033"
 338      70BAF61B 
 338      ACAFC9FF 
 338      A89A1B
 339 02a7 D463FDF0 		.ascii	"\324c\375\360\335m\016\220I\305,\314\021\247\232\366"
 339      DD6D0E90 
 339      49C52CCC 
 339      11A79AF6 
 340 02b7 9D5E6CFB 		.ascii	"\235^l\373`\022\\\216W{\034\245\223BK\203\365\265}\027"
 340      60125C8E 
 340      577B1CA5 
 340      93424B83 
 340      F5B57D17 
 341 02cb E352CBBF 		.ascii	"\343R\313\277?\317\177c\007oO\250\266O\261\017\366\326"
 341      3FCF7F63 
 341      076F4FA8 
 341      B64FB10F 
 341      F6D6
 342 02dd AB97FA66 		.ascii	"\253\227\372f\267\360\261\376\371\244I\325,\007\315"
 342      B7F0B1FE 
ARM GAS  C:\Users\PUBLIC~1.LAP\AppData\Local\Temp\cc5KItyk.s 			page 26


 342      F9A449D5 
 342      2C07CD
 343 02ec 3EC5B22F 		.ascii	">\305\262/|g\302I\275\200AL8\366\235\353_=S\034\027"
 343      7C67C249 
 343      BD80414C 
 343      38F69DEB 
 343      5F3D531C 
 344 0301 F9EB0BDD 		.ascii	"\371\353\013\335\344\372\370\372\316\306\177\300\037"
 344      E4FAF8FA 
 344      CEC67FC0 
 344      1F
 345 030e 4E1F192C 		.ascii	"N\037\031,\344\375\307F}s\215S\375\261N8\365)\026\371"
 345      E4FDC746 
 345      7D738D53 
 345      FDB14E38 
 345      F52916F9 
 346 0322 EAB36F72 		.ascii	"\352\263or}\322\210\230Y\3606\031\014\304\375i\220\212"
 346      7DD28898 
 346      59F03619 
 346      0CC4FD69 
 346      908A
 347 0334 63D384FC 		.ascii	"c\323\204\374\025/\315\237\250\377\267z\334\307\224"
 347      152FCD9F 
 347      A8FFB77A 
 347      DCC794
 348 0343 9A61A9AA 		.ascii	"\232a\251\252\276\023'My\322\3678X\252\1779yt\316\360"
 348      BE13274D 
 348      79D2F738 
 348      58AA7F39 
 348      7974CEF0 
 349 0357 9FEEBEE0 		.ascii	"\237\356\276\340j2D\011\346\234$\313O\003\023\007O\323"
 349      6A324409 
 349      E69C24CB 
 349      4F031307 
 349      4FD3
 350 0369 018DF77D 		.ascii	"\001\215\367}PR\263\\\316\256\305j\375\260-\315\335"
 350      5052B35C 
 350      CEAEC56A 
 350      FDB02DCD 
 350      DD
 351 037a 134F84F3 		.ascii	"\023O\204\363\221\010.\306\302n\250^.F\026\366`>\026"
 351      91082EC6 
 351      C26EA85E 
 351      2E4616F6 
 351      603E16
 352 038d 03460B95 		.ascii	"\003F\013\225\203\004\020Z\036,\260b/\260\030\027Y\231"
 352      8304105A 
 352      1E2CB062 
 352      2FB01817 
 352      5999
 353 039f DA2DAC5C 		.ascii	"\332-\254\\|}mq\221\225ma\331\230\240%\002Ya\303\006"
 353      7C7D6D71 
 353      91956D61 
 353      D998A025 
 353      025961C3 
 354 03b4 64324108 		.ascii	"d2A\010\014H\262\032cab\310/\026]H\2620$\227\327X\015"
 354      0C48B21A 
ARM GAS  C:\Users\PUBLIC~1.LAP\AppData\Local\Temp\cc5KItyk.s 			page 27


 354      636162C8 
 354      2F165D48 
 354      B2302497 
 355 03cb B0300A55 		.ascii	"\2600\012UZ\035\274\270\274\272(\240\310Jb\211\315x"
 355      5A1DBCB8 
 355      BCBA28A0 
 355      C84A6289 
 355      CD78
 356 03dd 5103058E 		.ascii	"Q\003\005\216\2562\257\257-\026WW(\032T\350\000\315"
 356      AE32AFAF 
 356      2D165757 
 356      281A54E8 
 356      00CD
 357 03ef FE4B8C6A 		.ascii	"\376K\214jU\334,\177\331\004^My\367\323\251+\357\330"
 357      55DC2C7F 
 357      D9045E4D 
 357      79F7D3A9 
 357      2BEFD8
 358 0402 A7277005 		.ascii	"\247'p\005\373P\336==\276\263\306\351\231M\357\364x"
 358      FB50DE3D 
 358      3DBEB3C6 
 358      E9994DEF 
 358      F478
 359 0414 0C534A16 		.ascii	"\014SJ\026|\326\364\370N\021\246_*\227\236\011N\271"
 359      7CD6F4F8 
 359      4E11A65F 
 359      2A979E09 
 359      4EB9
 360 0426 0567E5D2 		.ascii	"\005g\345\322\3439k\224^J\364\346\240\325'\275\322\343"
 360      E3396B94 
 360      5E4AF4E6 
 360      A0D527BD 
 360      D2E3
 361 0438 A8A0A4F7 		.ascii	"\250\240\244\367\250C-\347\334=\347\204\336\331C7\343"
 361      A8432DE7 
 361      DC3DE784 
 361      DED94337 
 361      E3
 362 0449 825FDDD8 		.ascii	"\202_\335\330nB\275\327q5\347\234\217\352\202o\233\303"
 362      6E42BDD7 
 362      7135E79C 
 362      8FEA826F 
 362      9BC3
 363 045b C6011B8E 		.ascii	"\306\001\033\216~\200\321#\275\200>HHG\200E\2437z\010"
 363      7E80D123 
 363      BD803E48 
 363      48478045 
 363      A3377A08 
 364 046f 747EC4A2 		.ascii	"t~\304\242\021\000\276h\350\211>\300 \221\003z\362\001"
 364      1100BE68 
 364      E8893EC0 
 364      2091037A 
 364      F201
 365 0481 BCBFD195 		.ascii	"\274\277\321\225y\207\360\320C\240\323c\302\271B+\212"
 365      7987F0D0 
 365      43A0D363 
 365      C2B9422B 
ARM GAS  C:\Users\PUBLIC~1.LAP\AppData\Local\Temp\cc5KItyk.s 			page 28


 365      8A
 366 0492 2F447CE3 		.ascii	"/D|\343\037\037\017\302c\374\000N\236m\362\213\357o"
 366      1F1F0FC2 
 366      63FC004E 
 366      9E6DF28B 
 366      EF6F
 367 04a4 7353A614 		.ascii	"sS\246\024;\003\200\251\2501<&\215C\206dDd$I\012\222"
 367      3B0380A9 
 367      A8313C26 
 367      8D438664 
 367      44642449 
 368 04ba 0EC00211 		.ascii	"\016\300\002\021\241\262:\021\020\2653\222\311\310H"
 368      A1B23A11 
 368      10B53392 
 368      C9C848
 369 04c9 4A5A6B38 		.ascii	"JZk8\001/4\306\372\272\336\3306\007\361\012\373\013"
 369      012F34C6 
 369      FABADED8 
 369      3607F10A 
 369      FB0B
 370 04db 16BF38B2 		.ascii	"\026\2778\262\367\244\3135\006B\230\375\230p\214aG\242"
 370      F7A4CB35 
 370      064298FD 
 370      98708C61 
 370      47A2
 371 04ed 20B55D34 		.ascii	" \265]4Y+@\210\240\344\026\330\341\342\335\360I\322"
 371      592B4088 
 371      A0E416D8 
 371      E1E2DDF0 
 371      49D2
 372 04ff D1C44CB1 		.ascii	"\321\304L\261\300\337\336\272B\3178\037\021\326\366"
 372      C0DFDEBA 
 372      42CF381F 
 372      11D6F6
 373 050e 17025906 		.ascii	"\027\002Y\006|\376\241\004\267\037\212a\213\303\372"
 373      7CFEA104 
 373      B71F8A61 
 373      8BC3FA
 374 051d BC45C680 		.ascii	"\274E\306\200\346>H\314W\324a\034\260\2314\177\000\345"
 374      E63E48CC 
 374      57D4611C 
 374      B099347F 
 374      00E5
 375 052f CEB36F64 		.ascii	"\316\263od\345;K\322\034X\221YF5\353Fz\223\017\001\236"
 375      E53B4BD2 
 375      1C589159 
 375      4635EB46 
 375      7A930F01 
 376 0544 E38B8E6C 		.ascii	"\343\213\216l;\3659]\372[\262$\352\"\214s\206f\014;"
 376      3BF5395D 
 376      FA5BB224 
 376      EA228C73 
 376      86660C3B 
 377 0558 E3943B3D 		.ascii	"\343\224;=rY\236\317\233\376\231\026\351\020\265\335"
 377      72599ECF 
 377      9BFE9916 
 377      E910B5DD 
ARM GAS  C:\Users\PUBLIC~1.LAP\AppData\Local\Temp\cc5KItyk.s 			page 29


 378 0568 6046800E 		.ascii	"`F\200\016\016\025\327\213\262\025\245dV\020!\270\001"
 378      0E15D78B 
 378      B215A564 
 378      561021B8 
 378      01
 379 0579 C9F23417 		.ascii	"\311\3624\027r\357\3667\323\317m$\234\215\016~\253\326"
 379      72EFF637 
 379      D3CF6D24 
 379      9C8D0E7E 
 379      ABD6
 380 058b ACBC7347 		.ascii	"\254\274sG4>\353\231\372\373\332\013\333\004V\2278Z"
 380      343EEB99 
 380      FAFBDA0B 
 380      DB045697 
 380      385A
 381 059d 0A6943F6 		.ascii	"\012iC\366\013dH\226\2150\2319VR\351s|\205u\310r\243"
 381      0B644896 
 381      8D309939 
 381      5652E973 
 381      7C8575C8 
 382 05b3 0C744F3F 		.ascii	"\014tO?\334\331\225c=\3162j\366\275)\370\033\271\320"
 382      DCD99563 
 382      3DCE326A 
 382      F6BD29F8 
 382      1BB9D0
 383 05c6 7940C0A1 		.ascii	"y@\300\241\247[7\310w\303_\341t\023DR\212\207~\031\020"
 383      A75B37C8 
 383      77C35FE1 
 383      74134452 
 383      8A877E19 
 384 05db C87AA32F 		.ascii	"\310z\243/<\270\232\216~\2236\022\021\007\247\001~\204"
 384      3CB89A8E 
 384      7E933612 
 384      1107A701 
 384      7E84
 385 05ed 45C1A910 		.ascii	"E\301\251\020\333K\346\330`J\005"
 385      DB4BE6D8 
 385      604A05
 386              		.text
 387              		.section	.gnu.lto_Vector114.322.83ad7a2e,"e",%progbits
 388 0000 28B52FFD 		.ascii	"(\265/\375`\252(\315\224\000\012\340\0102J \320\332"
 388      60AA28CD 
 388      94000AE0 
 388      08324A20 
 388      D0DA
 389 0012 19034545 		.ascii	"\031\003EE\257T\314\344\033\376>\012X\035k\211xZ\242"
 389      AF54CCE4 
 389      1BFE3E0A 
 389      581D6B89 
 389      785AA2
 390 0025 FFC1A763 		.ascii	"\377\301\247c\000\302\301\373pu3\252Z\\\342\350\026"
 390      00C2C1FB 
 390      707533AA 
 390      5A5CE2E8 
 390      16
 391 0036 D3C70881 		.ascii	"\323\307\010\201$\0050\267\352\264\353\271S\245\340"
 391      240530B7 
ARM GAS  C:\Users\PUBLIC~1.LAP\AppData\Local\Temp\cc5KItyk.s 			page 30


 391      EAB4EBB9 
 391      53A5E0
 392 0045 4900C449 		.ascii	"I\000\304I\320\216\225\002C$p\272\013vwo\231RJ\001\027"
 392      D08E9502 
 392      432470BA 
 392      0B76776F 
 392      99524A01 
 393 005a 03C60213 		.ascii	"\003\306\002\023\003rqZ\340\022\315\342\334TH\001\205"
 393      0372715A 
 393      E012CDE2 
 393      DC544801 
 393      85
 394 006b 2C58D8AC 		.ascii	",X\330\254\260\261'\242\241k\2432EJ\0246F\376\005\272"
 394      B0B127A2 
 394      A16BA332 
 394      454A1436 
 394      46FE05BA 
 395 007f A9F95A14 		.ascii	"\251\371Z\024\2625xZzv\215~\202\2479\232\237\271\231"
 395      B235785A 
 395      7A768D7E 
 395      82A7399A 
 395      9FB999
 396 0092 3F71AB3B 		.ascii	"?q\253;q+{\342\026\263&dcL\\\314\255\214\364s\364*\373"
 396      712B7BE2 
 396      16B32664 
 396      634C5CCC 
 396      AD8CF473 
 397 00a9 120F03C3 		.ascii	"\022\017\003\303f\217\224`\303\032O\342Une\260\276\357"
 397      668F9460 
 397      C31A4FE2 
 397      556E65B0 
 397      BEEF
 398 00bb EB5F5EE5 		.ascii	"\353_^\345\367S\343G\330\275\034\211\225\021\254\013"
 398      F753E347 
 398      D8BD1C89 
 398      9511AC0B 
 399 00cb 5F4BEF72 		.ascii	"_K\357r.\026\254\363K\223\345\265t\252\227\340$\370"
 399      2E16ACF3 
 399      4B93E5B5 
 399      74AA97E0 
 399      24F8
 400 00dd D4B75CEB 		.ascii	"\324\267\\\353\312\261\374\312\213\370\373\310F\027"
 400      CAB1FCCA 
 400      8BF8FBC8 
 400      4617
 401 00eb F7C6CD0D 		.ascii	"\367\306\315\0156d\033\025y\371\276o\033E\366.Q\012"
 401      36641B15 
 401      79F9BE6F 
 401      1B45F62E 
 401      510A
 402 00fd E3DEF7A5 		.ascii	"\343\336\367\245a\221\315\014k\024\031\231$P\215\"\277"
 402      6191CD0C 
 402      6B141999 
 402      24508D22 
 402      BF
 403 010e 9F6062A7 		.ascii	"\237`b\247a\0344\026|\2555q\256\366\315{\225wv{Y\215"
 403      611C3416 
ARM GAS  C:\Users\PUBLIC~1.LAP\AppData\Local\Temp\cc5KItyk.s 			page 31


 403      7CAD3571 
 403      AEF6CD7B 
 403      9577767B 
 404 0124 8767D867 		.ascii	"\207g\330g\320G\233a\037F\274&d?\332\220\225/\334\275"
 404      D0479B61 
 404      1F46BC26 
 404      643FDA90 
 404      952FDCBD 
 405 0138 01E91838 		.ascii	"\001\351\0308)\026\003\0266\256\260a`v\352?^:\221iB"
 405      29160316 
 405      36AEB061 
 405      6076EA3F 
 405      5E3A9169 
 406 014d 0DFA8F1D 		.ascii	"\015\372\217\035\373h\026\247\201\230\036\344\240\005"
 406      FB6816A7 
 406      81981EE4 
 406      A005
 407 015b D9074FCC 		.ascii	"\331\007O\314S\273\300>i\246M6\350\026X\311\345\356"
 407      53BBC03E 
 407      69A64D36 
 407      E81658C9 
 407      E5EE
 408 016d 8D0CAAC7 		.ascii	"\215\014\252\307pR\014\260\016\033\027\325\177\214\004"
 408      70520CB0 
 408      0E1B17D5 
 408      7F8C04
 409 017c 736CE400 		.ascii	"sl\344\000\360\217\337\317\2561\217\233\257\375\030"
 409      F08FDFCF 
 409      AE318F9B 
 409      AFFD18
 410 018b A78FEA0B 		.ascii	"\247\217\352\013/\273\306\2020UF\2466\364X\352\365\236"
 410      2FBBC682 
 410      305546A6 
 410      36F458EA 
 410      F59E
 411 019d 079DC7CA 		.ascii	"\007\235\307\312\263\030\334<\360\322_@\350<\376>5\215"
 411      B318DC3C 
 411      F0D25F40 
 411      E83CFE3E 
 411      358D
 412 01af 203063F3 		.ascii	" 0c\363\2705\024\323Wf.wV;<1t\200\326\336\322s\3148"
 412      B83514D3 
 412      57662E77 
 412      563B3C31 
 412      7480D6DE 
 413 01c7 2C425FF9 		.ascii	",B_\371\301\006q\032\311,\0023N#}ZK\3131N\234\225P\226"
 413      C106711A 
 413      C92C0233 
 413      4E237D5A 
 413      4BCB314E 
 414 01df CE3BBD73 		.ascii	"\316;\275sS%\202e#\271\335\372\315m8\253e\021\257\017"
 414      53258265 
 414      23B9DDFA 
 414      CD6D38AB 
 414      6511AF0F 
 415 01f3 53ECDE9A 		.ascii	"S\354\336\232\367\235S\321H\326\261l\244P;\223\215l"
 415      F79D53D1 
ARM GAS  C:\Users\PUBLIC~1.LAP\AppData\Local\Temp\cc5KItyk.s 			page 32


 415      48D6B16C 
 415      A4503B93 
 415      8D6C
 416 0205 7B27D948 		.ascii	"{'\331Hv\231\023{\316\201\367\313MV\343\373\276\321"
 416      7699137B 
 416      CE81F7CB 
 416      4D56E3FB 
 416      BED1
 417 0217 3F8195DD 		.ascii	"?\201\225\335\3165/\271\333JKIHG*R\2400:a\242\210\250"
 417      CE352FB9 
 417      DB4A4B49 
 417      48472A52 
 417      A0303A61 
 418 022e 048921A1 		.ascii	"\004\211!\241h\020\320\217\217\210\036\350\223\307\031"
 418      6810D08F 
 418      8F881EE8 
 418      93C719
 419 023d 62A70942 		.ascii	"b\247\011B\347\203\207\01698\034\230Ke\022\331\276\273"
 419      E783870E 
 419      39381C98 
 419      4B6512D9 
 419      BEBB
 420 024f DC4A194D 		.ascii	"\334J\031M\305\355\254K\265H+\265\313\303\366EW\236"
 420      C5EDAC4B 
 420      B5482BB5 
 420      CBC3F645 
 420      579E
 421 0261 2F9DF085 		.ascii	"/\235\360\205\330IX\220\006\373h\320\327\004]\205\317"
 421      D8495890 
 421      06FB68D0 
 421      D7045D85 
 421      CF
 422 0272 BDD0295C 		.ascii	"\275\320)\\\270\342\325\202\243\030\343F'\374\211\230"
 422      B8E2D582 
 422      A318E346 
 422      27FC8998 
 423 0282 36A1D745 		.ascii	"6\241\327Ez`\234h\257\204\227/N\"L\214W\027\037\362"
 423      7A609C68 
 423      AF84972F 
 423      4E224C8C 
 423      57171FF2 
 424 0296 B51E2AF4 		.ascii	"\265\036*\364z\301\273\260.\324W\210\035\305v\011\254"
 424      7AC1BBB0 
 424      2ED45788 
 424      1DC57609 
 424      AC
 425 02a7 15B32F32 		.ascii	"\025\263/2\035\244\346\332@\215\335\325\237\270\366"
 425      1DA4E6DA 
 425      408DDDD5 
 425      9FB8F6
 426 02b6 89D3E222 		.ascii	"\211\323\342\"\\K\256{\340\322\2749\364\352\346O\300"
 426      5C4BAE7B 
 426      E0D2BC39 
 426      F4EAE64F 
 426      C0
 427 02c7 06A198F5 		.ascii	"\006\241\230\365f\366\325\326<N\245\014\030\272\305"
 427      66F6D5D6 
ARM GAS  C:\Users\PUBLIC~1.LAP\AppData\Local\Temp\cc5KItyk.s 			page 33


 427      3C4EA50C 
 427      18BAC5
 428 02d6 829D7EBD 		.ascii	"\202\235~\275\231}Q\351\020Rz\247\013\275\244\364\025"
 428      997D51E9 
 428      10527AA7 
 428      0BBDA4F4 
 428      15
 429 02e7 AF28DE9C 		.ascii	"\257(\336\234\002b\255\025\362cs\23565\377\240\224\361"
 429      0262AD15 
 429      F263739D 
 429      3635FFA0 
 429      94F1
 430 02f9 A54BB460 		.ascii	"\245K\264`\305\354\313I{p\202W\346\035\012\275\3104"
 430      C5ECCB49 
 430      7B708257 
 430      E61D0ABD 
 430      C834
 431 030b F19C39B2 		.ascii	"\361\2349\262\306!\033s\016t\335U\263/&\315d2t\305K"
 431      C6211B73 
 431      0E74DD55 
 431      B32F26CD 
 431      643274C5 
 432 0320 CC974366 		.ascii	"\314\227Cf_\326V\266)\326\204i\323\205^\326\326\211"
 432      5FD656B6 
 432      29D68469 
 432      D3855ED6 
 432      D689
 433 0332 840A75EA 		.ascii	"\204\012u\352I\245\014.\355d^\250\325%\215T\322m\273"
 433      49A50C2E 
 433      ED645EA8 
 433      D5258D54 
 433      D26DBB
 434 0345 23F6C58C 		.ascii	"#\366\305\214\207\252V{d\006\013\023\234j\226\277\207"
 434      87AA567B 
 434      64060B13 
 434      9C6A96BF 
 434      87
 435 0356 EA562BF4 		.ascii	"\352V+\364\276o\313\265\033\251b\271+e\274\357\313N"
 435      BE6FCBB5 
 435      1BA962B9 
 435      2B65BCEF 
 435      CB4E
 436 0368 AD7E35AF 		.ascii	"\255~5\257h\346\327\302\334W\314D?\002\337x\335\372"
 436      68E6D7C2 
 436      DC57CC44 
 436      3F02DF78 
 436      DDFA
 437 037a C9054EAD 		.ascii	"\311\005N\255Xao\3757\234Z\261\300<\353\246\0355\272"
 437      58616FFD 
 437      379C5AB1 
 437      C03CEBA6 
 437      1D35BA
 438 038d 61266A70 		.ascii	"a&jp\307\210\302\376\010\361\252\304\031\335\264\347"
 438      C788C2FE 
 438      08F1AAC4 
 438      19DDB4E7 
 439 039d 61EF311F 		.ascii	"a\3571\0379\015n\230\363\360}\337\027\215\354=v\305"
ARM GAS  C:\Users\PUBLIC~1.LAP\AppData\Local\Temp\cc5KItyk.s 			page 34


 439      390D6E98 
 439      F3F07DDF 
 439      178DEC3D 
 439      76C5
 440 03af 7CD11DFB 		.ascii	"|\321\035\373p\330\310%\337{]4\203\231\267+]\007\345"
 440      70D8C825 
 440      DF7B5D34 
 440      8399B72B 
 440      5D07E5
 441 03c2 AB7CCC31 		.ascii	"\253|\3141\232\223aN1M\023F\234\3442\251\005\217\003"
 441      9A93614E 
 441      314D1346 
 441      9CE432A9 
 441      058F03
 442 03d5 11DD193A 		.ascii	"\021\335\031:\303\030\234\344\350\0052\221-\362_\300"
 442      C3189CE4 
 442      E8053291 
 442      2DF25FC0 
 443 03e5 ED2D09C9 		.ascii	"\355-\011\311\260\373$\002o*s\351a!\314\372\227\225"
 443      B0FB2402 
 443      6F2A73E9 
 443      6121CCFA 
 443      9795
 444 03f7 EC5C683B 		.ascii	"\354\\h;'\022*%(\037\315\363\272\325i\277\345\272us"
 444      27122A25 
 444      281FCDF3 
 444      BAD569BF 
 444      E5BA7573 
 445 040b AB2149A2 		.ascii	"\253!I\242\255\222\315\205\3353\017t\323r\324\336\367"
 445      AD92CD85 
 445      DD330F74 
 445      D372D4DE 
 445      F7
 446 041c 0913FB9F 		.ascii	"\011\023\373\237\003\272P\270}\331\336w-\331\310\346"
 446      03BA50B8 
 446      7DD9DE77 
 446      2DD9C8E6 
 447 042c D26D1C19 		.ascii	"\322m\034\031\036\225\015\0352\205\263\367\271Z\220"
 447      1E950D1D 
 447      3285B3F7 
 447      B95A90
 448 043b 6CDEB8BD 		.ascii	"l\336\270\275\357US\371\376Y(\353\337\346\301\"\366"
 448      EF5553F9 
 448      FE5928EB 
 448      DFE6C122 
 448      F6
 449 044c A575A724 		.ascii	"\245u\247$\377k\264\371\236ke\371\276YL\354z!\270X\226"
 449      FF6BB4F9 
 449      9E6B65F9 
 449      BE594CEC 
 449      7A21B858 
 450 0461 52264836 		.ascii	"R&H6\362\237\311.\012\376e\002&\366.\356\305U\201[J"
 450      F29FC92E 
 450      0AFE6502 
 450      26F62EEE 
 450      C555815B 
 451 0476 23D97D73 		.ascii	"#\331}s\265xS]-\311F\372?\230]\366z\345\216#\036\037"
ARM GAS  C:\Users\PUBLIC~1.LAP\AppData\Local\Temp\cc5KItyk.s 			page 35


 451      B578535D 
 451      2DC946FA 
 451      3F985DF6 
 451      7AE58E23 
 452 048c 1FFFD1D8 		.ascii	"\037\377\321\330(\331\037T\227\230\345Y\3666JJ}\377"
 452      28D91F54 
 452      9798E559 
 452      F6364A4A 
 452      7DFF
 453 049e 8BB6C7A9 		.ascii	"\213\266\307\251\025\313\035y\310\231\335-3\274\251"
 453      15CB1D79 
 453      C899DD2D 
 453      33BCA9
 454 04ad 52CF6324 		.ascii	"R\317c$K\210\365/\363\034\226?\032s\307x|t\344?c\026"
 454      4B88F52F 
 454      F31C963F 
 454      1A73C778 
 454      7C74E43F 
 455 04c3 B3862D79 		.ascii	"\263\206-y:\267\222N\322`\016\245\271\273\\\255\271"
 455      3AB7924E 
 455      D2600EA5 
 455      B9BB5CAD 
 455      B9
 456 04d4 B95C4973 		.ascii	"\271\\Is\223\340K\232{\313\2214\267V#6[5\232\346\021"
 456      93E04B9A 
 456      7BCB9134 
 456      B7562336 
 456      5B359AE6 
 457 04e9 3A4CF307 		.ascii	":L\363\007\335\327\334A\3075K=\235\241\234\253\271\007"
 457      DDD7DC41 
 457      C7354B3D 
 457      9DA19CAB 
 457      B907
 458 04fb 053DCE13 		.ascii	"\005=\316\023\200p\226\300\351\034\301\2173\004<\316"
 458      807096C0 
 458      E91CC18F 
 458      33043CCE 
 459 050b 4D4F671E 		.ascii	"MOg\036A\316;\202\234u\0009?\360t\316\001un\000\352"
 459      41CE3B82 
 459      9C750039 
 459      3FF074CE 
 459      01756E00 
 460 0520 8C03EA7C 		.ascii	"\214\003\352|\343\307\231\001\037\347\005|\234m@\235"
 460      E3C79901 
 460      1FE7057C 
 460      9C6D409D 
 461 0530 15803A27 		.ascii	"\025\200:'\000uF\340\351|\200\323\331\200\246s\215\246"
 461      007546E0 
 461      E97C80D3 
 461      D980A673 
 461      8DA6
 462 0542 338DA6F3 		.ascii	"3\215\246\363\014\021\3162\240\3161z\234a$\235\013p"
 462      0C11CE32 
 462      A0CE317A 
 462      9C61249D 
 462      0B70
 463 0554 3A13C0E3 		.ascii	":\023\300\343<\300\323Y\000\347j\016 \310\371E\220\263"
ARM GAS  C:\Users\PUBLIC~1.LAP\AppData\Local\Temp\cc5KItyk.s 			page 36


 463      3CC0D359 
 463      00E76A0E 
 463      20C8F945 
 463      90B3
 464 0566 0B2067A6 		.ascii	"\013 g\246\206k\006\340\351\334\342\351\314\002\352"
 464      866B06E0 
 464      E9DCE2E9 
 464      CC02EA
 465 0575 BCE2E9BC 		.ascii	"\274\342\351\274\344tV\372q\216:\235\223\232\316HM\347"
 465      E47456FA 
 465      718E3A9D 
 465      939ACE48 
 465      4DE7
 466 0587 A31E6715 		.ascii	"\243\036g\025 \234S8\235Q\3608\033=\235O<\235M@\235"
 466      209C5338 
 466      9D51F038 
 466      1B3D9D4F 
 466      3C9D4D40 
 467 059c 8BA0CE44 		.ascii	"\213\240\316DP\347\022>\316$|\234\207\240\316BP\347"
 467      50E7123E 
 467      CE247C9C 
 467      87A0CE42 
 467      50E7
 468 05ae 1150E7A0 		.ascii	"\021P\347\240\2473\220\323\371\247\351\354\323t\026"
 468      A73390D3 
 468      F9A7E9EC 
 468      D37416
 469 05bd D174EE11 		.ascii	"\321t\356\021\341\014\205:?{\234y\222\316N\247s\010"
 469      E10C853A 
 469      3F7B9C79 
 469      92CE4EA7 
 469      7308
 470 05cf 1EE79DA7 		.ascii	"\036\347\235\247s\363\351\014\342\351\254\003u\376\360"
 470      73F3E90C 
 470      E2E9AC03 
 470      75FEF0
 471 05de 74F6E074 		.ascii	"t\366\340t\356\340t\316i:\343\3608sp:3\233\316\313\246"
 471      EEE074CE 
 471      693AE3F0 
 471      3873703A 
 471      339BCECB 
 472 05f3 B3B2E99C 		.ascii	"\263\262\351\234l:#\233\316m\010\347\337q\366\246sw"
 472      6C3A239B 
 472      CE6D08E7 
 472      DF71F6A6 
 472      7377
 473 0605 16E799B7 		.ascii	"\026\347\231\267\2626!(s/\222G7/!\222\257\315\241\264"
 473      B2362128 
 473      732F9247 
 473      372F2192 
 473      AFCDA1B4 
 474 0619 ABB52B69 		.ascii	"\253\265+i_\322\216\244\235\253\033\261\033Mw\230\356"
 474      5FD28EA4 
 474      9DAB1BB1 
 474      1B4D7798 
 474      EE
 475 062a BE6EB8EE 		.ascii	"\276n\270\356\270\316a\356;\273:\272\025\346\022\013"
ARM GAS  C:\Users\PUBLIC~1.LAP\AppData\Local\Temp\cc5KItyk.s 			page 37


 475      B8CE61EE 
 475      3BBB3ABA 
 475      15E6120B 
 476 063a AF01796D 		.ascii	"\257\001ym\325\313\277.\360\036\317\354\201TN\353\335"
 476      D5CBBF2E 
 476      F01ECFEC 
 476      81544EEB 
 476      DD
 477 064b ABDB0998 		.ascii	"\253\333\011\230\012\015\206\206\216\313\320\313\365"
 477      0A0D8686 
 477      8ECBD0CB 
 477      F5
 478 0658 91D453F0 		.ascii	"\221\324S\360G\357\000\230\300\251\365\347\336\267\210"
 478      47EF0098 
 478      C0A9F5E7 
 478      DEB788
 479 0667 D0A3B1E7 		.ascii	"\320\243\261\347\034\265w\365\222q\354H\320Q\007\360"
 479      1CB577F5 
 479      9271EC48 
 479      D05107F0 
 480 0677 54CF796A 		.ascii	"T\317yj\267\\/\263b\216AOm\000\236\312\0355\001\313"
 480      B75C2FB3 
 480      628E414F 
 480      6D009ECA 
 480      1D3501CB 
 481 068b EE59CB85 		.ascii	"\356Y\313\205\015\322i\253$X\253\206\371\250U\303\256"
 481      0DD269AB 
 481      2458AB86 
 481      F9A855C3 
 481      AE
 482 069c 58ABA69B 		.ascii	"X\253\246\233\207m\314\344\310\350\200\336p+\223*\236"
 482      876DCCE4 
 482      C8E880DE 
 482      702B932A 
 482      9E
 483 06ad BB4D1B6E 		.ascii	"\273M\033n\213li_?\227M\332\247\302\321\225\222\342"
 483      8B6C695F 
 483      3F974DDA 
 483      A7C2D195 
 483      92E2
 484 06bf DDFC0D36 		.ascii	"\335\374\0156\240\340\243\341\247\015\243\321\334\012"
 484      A0E0A3E1 
 484      A70DA3D1 
 484      DC0A
 485 06cd 763E8FC6 		.ascii	"v>\217\306jm\264\302/\272F\214\236y\342gXc\326&\376"
 485      6A6DB4C2 
 485      2FBA468C 
 485      9E79E267 
 485      5863D626 
 486 06e2 C477DDAB 		.ascii	"\304w\335\253\221..\025M4\273D\341 \230DN\004\325\002"
 486      912E2E15 
 486      4D34BB44 
 486      E1209844 
 486      4E04D502 
 487 06f6 2F7AC443 		.ascii	"/z\304C<)Vh\353_&\372\022_\364\016f\253\212!\321\307"
 487      3C295668 
 487      EB5F26FA 
ARM GAS  C:\Users\PUBLIC~1.LAP\AppData\Local\Temp\cc5KItyk.s 			page 38


 487      125FF40E 
 487      66AB8A21 
 488 070c 4084A1AA 		.ascii	"@\204\241\252\004O\027\266B9\307b\022O\306\006\317\320"
 488      044F17B6 
 488      4239C762 
 488      124FC606 
 488      CFD0
 489 071e 93F837DC 		.ascii	"\223\3707\334\312\202\345\216^~\320\306\320#\355\374"
 489      CA82E58E 
 489      5E7ED0C6 
 489      D023EDFC 
 490 072e B2DC23F4 		.ascii	"\262\334#\364#\004\263<\013\346]\020zf\022\277\267\353"
 490      2304B33C 
 490      0BE65D10 
 490      7A6612BF 
 490      B7EB
 491 0740 881F5315 		.ascii	"\210\037S\025B\315\352\203~\304\377\335V\331\336\007"
 491      42CDEA83 
 491      7EC4FFDD 
 491      56D9DE07 
 492 0750 56053D32 		.ascii	"V\005=2k/{\005z\253w\303\251\343\225;\206\371??\351"
 492      6B2F7B05 
 492      7AAB77C3 
 492      A9E3953B 
 492      86F93F3F 
 493 0765 96B4CF82 		.ascii	"\226\264\317\202d#\201^\231e\357\355\372\367|\322@\004"
 493      6423815E 
 493      9965EFED 
 493      FAF77CD2 
 493      4004
 494 0777 DC2E0046 		.ascii	"\334.\000Fx\"D\026\232Z\250\355\271U\244C\275\237\357"
 494      78224416 
 494      9A5AA8ED 
 494      B955A443 
 494      BD9FEF
 495 078a 348D94A5 		.ascii	"4\215\224\245\227\205\372\214\361\301\236y>\032\240"
 495      9785FA8C 
 495      F1C19E79 
 495      3E1AA0
 496 0799 17C02E80 		.ascii	"\027\300.\200X@\036\021\217\307\345\316\307t\317\213"
 496      58401E11 
 496      8FC7E5CE 
 496      C774CF8B 
 497 07a9 F8F66ECC 		.ascii	"\370\366n\314\327\271i@\207tn\330\017\257\340\216\361"
 497      D7B96940 
 497      87746ED8 
 497      0FAFE08E 
 497      F1
 498 07ba F4EC8C79 		.ascii	"\364\354\214y,\224\273z\030\3062\316k[%\017\333\007"
 498      2C94BB7A 
 498      18C632CE 
 498      6B5B250F 
 498      DB07
 499 07cc 5C1A21EB 		.ascii	"\\\032!\353"
 500 07d0 70E8F33C 		.ascii	"p\350\363<7\241tPJ\206\260\333\332\246\354H\332\232"
 500      37A17450 
 500      4A86B0DB 
ARM GAS  C:\Users\PUBLIC~1.LAP\AppData\Local\Temp\cc5KItyk.s 			page 39


 500      DAA6EC48 
 500      DA9A
 501 07e2 E743CBBC 		.ascii	"\347C\313\274\226\252\347\277\341XR\231\2450\274\233"
 501      96AAE7BF 
 501      E1585299 
 501      A530BC9B 
 502 07f2 D4908C87 		.ascii	"\324\220\214\207\224\221\347\233\272\344\312\035Sp\261"
 502      9491E79B 
 502      BAE4CA1D 
 502      5370B1
 503 0801 20703E33 		.ascii	" p>3K\323\022\213[]^\011\321\304>\232\311\361]}\025"
 503      4BD3128B 
 503      5B5D5E09 
 503      D1C43E9A 
 503      C9F15D7D 
 504 0816 E999E596 		.ascii	"\351\231\345\226\337pb\360\25103\371\24703\263\221R"
 504      DF7062F0 
 504      A93033F9 
 504      A73033B3 
 504      9152
 505 0828 C4E59637 		.ascii	"\304\345\2267\236h\244\237\341\346\356\301f\222\201"
 505      9E68A49F 
 505      E1E6EEC1 
 505      669281
 506 0837 4B2BC3E6 		.ascii	"K+\303\346\312\037?D\001Q\330v\032y\307\302\342\016"
 506      CA1F3F44 
 506      0151D876 
 506      1A79C7C2 
 506      E20E
 507 0849 9AE4CED7 		.ascii	"\232\344\316\327P|(\256\221\235g^\233\237\206\326T6"
 507      507C28AE 
 507      919D675E 
 507      9B9F86D6 
 507      5436
 508 085b FFE808E2 		.ascii	"\377\350\010\342\233\3372\374\023\351\342\322\004\020"
 508      9BDF32FC 
 508      13E9E2D2 
 508      0410
 509 0869 8F047354 		.ascii	"\217\004sT2\226AkJ\027\223:\377'\324!fyv\206o\"]|2\351"
 509      3296416B 
 509      4A17933A 
 509      FF27D421 
 509      66797686 
 510 0883 9794912A 		.ascii	"\227\224\221*\331H\235'`\255\221gh\350@<\032\177`V\367"
 510      D9489D27 
 510      60AD9167 
 510      68E8403C 
 510      1A7F6056 
 511 0898 8287FFF0 		.ascii	"\202\207\377\360=u\224\326\360L\244Y\014\334\256\245"
 511      3D7594D6 
 511      F04CA459 
 511      0CDCAEA5 
 512 08a8 076BD388 		.ascii	"\007k\323\2100\267\012\264\244\303+\027\337d\371h\370"
 512      30B70AB4 
 512      A4C32B17 
 512      DF64F968 
 512      F8
ARM GAS  C:\Users\PUBLIC~1.LAP\AppData\Local\Temp\cc5KItyk.s 			page 40


 513 08b9 6B357F92 		.ascii	"k5\177\222\007\223\276\221>zS?\370\037$\214\204E\336"
 513      0793BE91 
 513      3E7A533F 
 513      F81F248C 
 513      8445DE
 514 08cc CBC5CAC0 		.ascii	"\313\305\312\300\355bR{\337\267\203/Z\373#M-\016\277"
 514      ED62527B 
 514      DFB7832F 
 514      5AFB234D 
 514      2D0EBF
 515 08df CBAD26A9 		.ascii	"\313\255&\251q\345|\3735\022\230\233,\007\274@-\035"
 515      71E57CFB 
 515      3512989B 
 515      2C07BC40 
 515      2D1D
 516 08f1 1CC7EBB6 		.ascii	"\034\307\353\266>\316\026\274\251\025\353\203U\022\354"
 516      3ECE16BC 
 516      A915EB83 
 516      5512EC
 517 0900 4B70D342 		.ascii	"Kp\323B\250\035=\011n\230\007\265/\354\212\375\324\035"
 517      A81D3D09 
 517      6E9807B5 
 517      2FEC8AFD 
 517      D41D
 518 0912 CB51FBD2 		.ascii	"\313Q\373\322Ea\322d\311\012pnw\232\344\317z,\016\317"
 518      4561D264 
 518      C90A706E 
 518      779AE4CF 
 518      7A2C0ECF 
 519 0926 425AFF96 		.ascii	"BZ\377\226\360E\\#\377\012q\273\232\222\215\344\340"
 519      F0455C23 
 519      FF0A71BB 
 519      9A928DE4 
 519      E0
 520 0937 D8B46476 		.ascii	"\330\264dv\221\370\033\267\272t\303\374\357S\363\306"
 520      91F81BB7 
 520      BA74C3FC 
 520      EF53F3C6 
 521 0947 A7B3FC21 		.ascii	"\247\263\374!\257\365\227\001\014\302T\024\224\023\224"
 521      AFF59701 
 521      0CC25414 
 521      941394
 522 0956 92A79C95 		.ascii	"\222\247\234\225\212\204\216\236\246\244\234\250~\\"
 522      8A848E9E 
 522      A6A49CA8 
 522      7E5C
 523 0964 20A46307 		.ascii	" \244c\007\016\035\016\222\004\004\210\006>\250\236"
 523      0E1D0E92 
 523      04048806 
 523      3EA89E
 524 0973 A8A06C44 		.ascii	"\250\240lD\235\246\242jDw\330\330\201\243F\224\310\007"
 524      9DA6A26A 
 524      4477D8D8 
 524      81A34694 
 524      C807
 525 0985 4E0D4C51 		.ascii	"N\015LQ=I9!\237Z\212\352\3519H\222\323T\024\220 @\242"
 525      3D493921 
ARM GAS  C:\Users\PUBLIC~1.LAP\AppData\Local\Temp\cc5KItyk.s 			page 41


 525      9F5A8AEA 
 525      E9394892 
 525      D3541490 
 526 099c 38905C74 		.ascii	"8\220\\t\200C\307\214!QPPQ@`p\220$*\020\250\202\000"
 526      8043C78C 
 526      21515050 
 526      51406070 
 526      90242A10 
 527 09b3 893A6150 		.ascii	"\211:aP%\004\310\220\247(\221)\026\034$\351i\010\022"
 527      2504C890 
 527      A7289129 
 527      161C24E9 
 527      690812
 528 09c6 91A9A890 		.ascii	"\221\251\250\220\037TQ.\244\250\242~HOQ=\375\006T?\240"
 528      1F54512E 
 528      A4A8A27E 
 528      484F513D 
 528      FD06543F 
 529 09db 5A069284 		.ascii	"Z\006\222\204\201\020!>.\240\252\362\261\324\001\215"
 529      8110213E 
 529      2EA0AAF2 
 529      B1D4018D 
 530 09eb 1D4D5103 		.ascii	"\035MQ\003n\334\210\256`\301C\201(\025\221\251(\251"
 530      6EDC88AE 
 530      60C14381 
 530      281591A9 
 530      28A9
 531 09fd A8901F41 		.ascii	"\250\220\037A\242TQ\321\013\236\246\210\014\211\252"
 531      A25451D1 
 531      0B9EA688 
 531      0C89AA
 532 0a0c 81B423C7 		.ascii	"\201\264#\307\323\005OAjT\300\264bI\012\312\211H\005"
 532      D3054F41 
 532      6A54C0B4 
 532      62490ACA 
 532      894805
 533 0a1f 2004A97A 		.ascii	" \004\251z\022\342\343\207\222R\005\002\030\220c\356"
 533      12E2E387 
 533      92520502 
 533      189063EE 
 534 0a2f AA79EECF 		.ascii	"\252y\356\3178\202&\204W\177\305N\316,UA\372\306!p\214"
 534      38822684 
 534      577FC54E 
 534      CE2C5541 
 534      FAC62170 
 535 0a44 95BA9AA9 		.ascii	"\225\272\232\2518v$\251\223\004\360=\236\232}\243\222"
 535      387624A9 
 535      9304F03D 
 535      9E9A7DA3 
 535      92
 536 0a55 D460CF6D 		.ascii	"\324`\317m\024\200\247\340\251\313f\301d\217o\270\272"
 536      1480A7E0 
 536      A9CB66C1 
 536      648F6FB8 
 536      BA
 537 0a66 EE6EDFF7 		.ascii	"\356n\337\367}\227\036\255{|'\371\016\300\340m\225\035"
 537      7D971EAD 
ARM GAS  C:\Users\PUBLIC~1.LAP\AppData\Local\Temp\cc5KItyk.s 			page 42


 537      7B7C27F9 
 537      0EC0E06D 
 537      951D
 538 0a78 3505DF60 		.ascii	"5\005\337`\357]\355eT\324\240pq\203\345\216\376&\271"
 538      EF5DED65 
 538      54D4A070 
 538      7183E58E 
 538      FE26B9
 539 0a8b 5B8BD513 		.ascii	"[\213\325\023<\273\025\267\342\370F\252'\355\233\340"
 539      3CBB15B7 
 539      E2F846AA 
 539      27ED9BE0 
 540 0a9b 0669A094 		.ascii	"\006i\240\224\005\011\262\2155D\320\206\004\301s\273"
 540      0509B28D 
 540      3544D086 
 540      04C173BB 
 541 0aab D8B2697A 		.ascii	"\330\262iz\206\340\233\304_^\225\243\246\025\3325\256"
 541      86E09BC4 
 541      5F5E95A3 
 541      A615DA35 
 541      AE
 542 0abc 91A667F2 		.ascii	"\221\246g\362x5\212J>\307\363x_\333\361\255D\307\357"
 542      78358A4A 
 542      3EC7F378 
 542      5FDBF1AD 
 542      44C7EF
 543 0acf 78E0753C 		.ascii	"x\340u<\320\242\221.&\346h&\242\241[\252\253r\247\342"
 543      D0A2912E 
 543      26E66826 
 543      A2A15BAA 
 543      AB72A7E2 
 544 0ae3 AE8167E0 		.ascii	"\256\201g\340\2715\323\032\342\370\033\337\300\273\342"
 544      B935D31A 
 544      E2F81BDF 
 544      C0BBE2
 545 0af2 5695421C 		.ascii	"V\225B\034\337w-\341\215gB\2742\340S\246\250A\301\363"
 545      DF772DE1 
 545      8D6742BC 
 545      32E053A6 
 545      A841C1F3 
 546 0b06 C1EB022F 		.ascii	"\301\353\002/h\343\307\306/\360\355]\333\202\015\033"
 546      68E3C7C6 
 546      2FF0ED5D 
 546      DB820D1B 
 547 0b16 AFD4F27B 		.ascii	"\257\324\362{K\241\300'\360}\005L+F\201g\376\355e\023"
 547      4BA1C027 
 547      F07D054C 
 547      2B468167 
 547      FEED6513 
 548 0b2a 78C0AAEE 		.ascii	"x\300\252\356z\004>\201\262\326\257\012\201G\336\355"
 548      7A043E81 
 548      B2D6AF0A 
 548      8147DEED 
 549 0b3a BD1DF0DD 		.ascii	"\275\035\360\335\365\177\327\362Y\231\221\366\035\360"
 549      F57FD7F2 
 549      599991F6 
 549      1DF0
ARM GAS  C:\Users\PUBLIC~1.LAP\AppData\Local\Temp\cc5KItyk.s 			page 43


 550 0b48 4A46BDEC 		.ascii	"JF\275\354\265eA\032(m\343v\2718\344z\023\210zMLj`\334"
 550      B565411A 
 550      286DE376 
 550      B938E47A 
 550      13887A4D 
 551 0b60 6AF4F08B 		.ascii	"j\364\360\213\001\357k\215t\247\367\306\307X\3062g("
 551      01EF6B8D 
 551      74A7F7C6 
 551      C758C632 
 551      6728
 552 0b72 6A8CA931 		.ascii	"j\214\2511\206\214\021\215\357\202u\303\202\332\274"
 552      868C118D 
 552      EF8275C3 
 552      82DABC
 553 0b81 9F194FE3 		.ascii	"\237\031O\343[\303\226\213\2336\342\360\316\015\013"
 553      5BC3968B 
 553      9B36E2F0 
 553      CE0D0B
 554 0b90 6AED7E66 		.ascii	"j\355~f\354\330\260\245P\356\232#fm;\341'\310x\030\317"
 554      ECD8B0A5 
 554      50EE9A23 
 554      666D3BE1 
 554      27C87818 
 555 0ba5 EEC49DC4 		.ascii	"\356\304\235\304x\031\355\226\252\030\255\034\014m\034"
 555      7819ED96 
 555      AA18AD1C 
 555      0C6D1C
 556 0bb4 999B2565 		.ascii	"\231\233%e\204\001\347bm\025\360L\267V\205\024\010h"
 556      8401E762 
 556      6D15F04C 
 556      B7568514 
 556      0868
 557 0bc6 266E31F3 		.ascii	"&n1\363&&\256\264V\006\350\321\333\362\246h\000\305"
 557      2626AEB4 
 557      5606E8D1 
 557      DBF2A668 
 557      00C5
 558 0bd8 B6CD3532 		.ascii	"\266\31552\3003\257\002\374\224V\012\324\267x\001\230"
 558      C033AF02 
 558      FC94560A 
 558      D4B77801 
 558      98
 559 0be9 2F1EEAD9 		.ascii	"/\036\352\331\247\216.\376\305\367\224\011\323\273\350"
 559      A78E2EFE 
 559      C5F79409 
 559      D3BBE8
 560 0bf8 F147CDF4 		.ascii	"\361G\315\364\275\345\246ek\327Z<\322\3171{%\362\202"
 560      BDE5A665 
 560      6BD75A3C 
 560      D2CF317B 
 560      25F282
 561 0c0b 3D4254D6 		.ascii	"=BT\326,\376Sh\241X\261\2212\262x\030\320+U^(\361h$"
 561      2CFE5368 
 561      A158B191 
 561      32B27818 
 561      D02B555E 
 562 0c23 5C59FA15 		.ascii	"\\Y\372\0255\264i\322l\331\322YSQk\346VG\264O\224\236"
ARM GAS  C:\Users\PUBLIC~1.LAP\AppData\Local\Temp\cc5KItyk.s 			page 44


 562      35B469D2 
 562      6CD9D259 
 562      53516BE6 
 562      5647B44F 
 563 0c39 9925FADC 		.ascii	"\231%\372\334:i\313\232\204\027\352\361\321\377`/p\352"
 563      3A69CB9A 
 563      8417EAF1 
 563      D1FF602F 
 563      70EA
 564 0c4b D88EB958 		.ascii	"\330\216\271Xfn\027\001[\177b\355z%\326\304\324Z\335"
 564      666E1701 
 564      5B7F62ED 
 564      7A25D6C4 
 564      D45ADD
 565 0c5e 6A8B362C 		.ascii	"j\2136,\351=\254\221\374\224b(#G\002\351\245Z\217\324"
 565      E93DAC91 
 565      FC946228 
 565      234702E9 
 565      A55A8FD4 
 566 0c72 0AEEE14D 		.ascii	"\012\356\341M\255J\030\251l\204\332(I\301\267\330{\222"
 566      AD4A18A9 
 566      6C84DA28 
 566      49C1B7D8 
 566      7B92
 567 0c84 6E05C9F0 		.ascii	"n\005\311\360\246K\276\276\374\213Y\032\203=\250\"!"
 567      A64BBEBE 
 567      FC8B591A 
 567      833DA822 
 567      21
 568 0c95 3D0E52C7 		.ascii	"=\016R\307\020\215\210H\222\202\024\322\030r\013\020"
 568      108D8848 
 568      928214D2 
 568      18720B10 
 569 0ca5 06224994 		.ascii	"\006\"I\224\267\226\017\022`\3630\311\223(SH)!\221\221"
 569      B7960F12 
 569      60F330C9 
 569      93285348 
 569      29219191 
 570 0cb9 2449A6CD 		.ascii	"$I\246\315\031\213\014\213\224r\332!\011(\220K\332\335"
 570      198B0C8B 
 570      9472DA21 
 570      0928904B 
 570      DADD
 571 0ccb B40E2F43 		.ascii	"\264\016/CCYq\021\333\021pPgi\3731_\354\273\312\305"
 571      43597111 
 571      DB117050 
 571      6769FB31 
 571      5FECBBCA 
 572 0ce0 56CEA583 		.ascii	"V\316\245\203q\017\006\337\322V\013\021\320\352\204"
 572      710F06DF 
 572      D2560B11 
 572      D0EA84
 573 0cef E8155434 		.ascii	"\350\025T4\200\375\015j{s\303\316t\322\0164\314\034"
 573      80FD0D6A 
 573      7B73C3CE 
 573      74D20E34 
 573      CC1C
ARM GAS  C:\Users\PUBLIC~1.LAP\AppData\Local\Temp\cc5KItyk.s 			page 45


 574 0d01 625A1998 		.ascii	"bZ\031\230\230\261\236\037@\327!\267\376\215\027\305"
 574      98B19E1F 
 574      40D721B7 
 574      FE8D17C5 
 575 0d11 989AE47A 		.ascii	"\230\232\344z+\272\202f\345\346h\\~x\213\324ocl^\347"
 575      2BBA8266 
 575      E5E6685C 
 575      7E788BD4 
 575      6F636C5E 
 576 0d26 F8EDBDF9 		.ascii	"\370\355\275\371\344<\340QJL\243\213\0007\364\217#\356"
 576      E43CE051 
 576      4A4CA38B 
 576      0037F48F 
 576      23EE
 577 0d38 9B024A32 		.ascii	"\233\002J20\275M\235\274\312\341\257\303\264\310?j\354"
 577      30BD4D9D 
 577      BCCAE1AF 
 577      C3B4C83F 
 577      6AEC
 578 0d4a 6B933A79 		.ascii	"k\223:ye\370r5/+P\000\017\224\222\362bM+-\372\242\237"
 578      65F87235 
 578      2F2B5000 
 578      0F9492F2 
 578      624D2B2D 
 579 0d61 AE1D4B74 		.ascii	"\256\035KtBb\316E\350\327\302m\332\347l\312\205\313"
 579      4262CE45 
 579      E8D7C26D 
 579      DAE76CCA 
 579      85CB
 580 0d73 76C6EE68 		.ascii	"v\306\356h+\001\237Y.\357\212B\271\013`5/}MI\252R+v"
 580      2B019F59 
 580      2EEF8A42 
 580      B90B6035 
 580      2F7D4D49 
 581 0d8b 392E49F4 		.ascii	"9.I\364\232\206L\271\360\323&\343\245\306\325A\022u"
 581      9A864CB9 
 581      F0D326E3 
 581      A5C6D541 
 581      1275
 582 0d9d 243B0D67 		.ascii	"$;\015g\276\022m}\321\316\357\261\271\370>(S\306J\340"
 582      BE126D7D 
 582      D1CEEFB1 
 582      B9F83E28 
 582      53C64AE0 
 583 0db1 70253FFF 		.ascii	"p%?\377.\223j\376\353\351\252\355\"\256'\325\2225\237"
 583      2E936AFE 
 583      EBE9AAED 
 583      22AE27D5 
 583      92359F
 584 0dc4 7969E217 		.ascii	"yi\342\027\023I\361t\317,\035\033\250P\232\214-\223"
 584      1349F174 
 584      CF2C1D1B 
 584      A8509A8C 
 584      2D93
 585 0dd6 AF9E1916 		.ascii	"\257\236\031\026\00114t\011\205\314~\305B\253DPk\250"
 585      01313474 
 585      0985CC7E 
ARM GAS  C:\Users\PUBLIC~1.LAP\AppData\Local\Temp\cc5KItyk.s 			page 46


 585      C542AB44 
 585      506BA8
 586 0de9 D6C8D6E2 		.ascii	"\326\310\326\342\270\217\354=\203n\371\247uw\201\332"
 586      B88FEC3D 
 586      836EF9A7 
 586      757781DA 
 587 0df9 4D0C48A7 		.ascii	"M\014H\247E\304\205\212\306\261Z\353h?\276L\033\374"
 587      45C4858A 
 587      C6B15AEB 
 587      683FBE4C 
 587      1BFC
 588 0e0b 3AD4B22B 		.ascii	":\324\262+_\205\006\273C\337ev\030k\237\026\266=\304"
 588      5F8506BB 
 588      43DF6576 
 588      186B9F16 
 588      B63DC4
 589 0e1e 3B2071BD 		.ascii	"; q\275k\346\366tz\231\306\001\362\370A\224\033\035"
 589      6BE6F674 
 589      7A99C601 
 589      F2F84194 
 589      1B1D
 590 0e30 56D6221C 		.ascii	"V\326\"\0343\035@\370\344f\312\335\245\361\2032\264"
 590      331D40F8 
 590      E466CADD 
 590      A5F18332 
 590      B4
 591 0e41 19006FED 		.ascii	"\031\000o\355b\371\372bM\023\242\014\247Y\250]\236\232"
 591      62F9FA62 
 591      4D13A20C 
 591      A759A85D 
 591      9E9A
 592 0e53 69FA0F54 		.ascii	"i\372\017T\367\010U\210+\364_\3676\302_\374\376\325"
 592      F7085588 
 592      2BF45FF7 
 592      36C25FFC 
 592      FED5
 593 0e65 E60C3101 		.ascii	"\346\0141\001\331\311<F\235\362\011y4\013\3645\376v"
 593      D9C93C46 
 593      9DF20979 
 593      340BF435 
 593      FE76
 594 0e77 E53E06B3 		.ascii	"\345>\006\263\342\002\213\263\017M\361\256\023|'\376"
 594      E2028BB3 
 594      0F4DF1AE 
 594      137C27FE 
 595 0e87 10EAD0D7 		.ascii	"\020\352\320\327Q\334o\345y\\\357\301\223G\026\351\354"
 595      51DC6FE5 
 595      795CEFC1 
 595      934716E9 
 595      EC
 596 0e98 0CF9FB08 		.ascii	"\014\371\373\010#\326\300n\352Y\254\325a\376\303\317"
 596      23D6C06E 
 596      EA59ACD5 
 596      61FEC3CF 
 597 0ea8 5DAE1239 		.ascii	"]\256\0229R=J\233G=\337\275q\201T\303]Z`\013\372\232"
 597      523D4A9B 
 597      473DDFBD 
ARM GAS  C:\Users\PUBLIC~1.LAP\AppData\Local\Temp\cc5KItyk.s 			page 47


 597      718154C3 
 597      5D5A600B 
 598 0ebe 6B4D5E7D 		.ascii	"kM^}\273\331\207vAW\"\216z\314L\255\333\320\204\340"
 598      BBD98776 
 598      4157228E 
 598      7ACC4CAD 
 598      DBD084E0 
 599 0ed2 0F3E189E 		.ascii	"\017>\030\236j\371\016\272\366\371FW\331H\237\356\005"
 599      6AF90EBA 
 599      F6F94657 
 599      D9489FEE 
 599      05
 600 0ee3 959D185D 		.ascii	"\225\235\030]\331'\206\210SP(\220[\230\276\321&P\354"
 600      D9278688 
 600      53502890 
 600      5B98BED1 
 600      2650EC
 601 0ef6 33DFCF98 		.ascii	"3\337\317\230\373\354\252\373\343;IJ\230\375\334=\325"
 601      FBECAAFB 
 601      E33B494A 
 601      98FDDC3D 
 601      D5
 602 0f07 7AF7D23B 		.ascii	"z\367\322;\346K\005\022\220V\006Qt\216\271\326r\242"
 602      E64B0512 
 602      90560651 
 602      748EB9D6 
 602      72A2
 603 0f19 F60A48E7 		.ascii	"\366\012H\347R\327K\012\001\305@\240\024\215\010\266"
 603      52D74B0A 
 603      01C540A0 
 603      148D08B6 
 604 0f29 5000318F 		.ascii	"P\0001\217=\266\203|\341\216EI\374\343\020|\302\261"
 604      3DB6837C 
 604      E18E4549 
 604      FCE3107C 
 604      C2B1
 605 0f3b 4323A1DA 		.ascii	"C#\241\332p28\247\214\003\246p\213\016\264\323q\227"
 605      703238A7 
 605      8C03A670 
 605      8B0EB4D3 
 605      7197
 606 0f4d 017245B4 		.ascii	"\001rE\264\260\314\277R$`XE\232\305\237\302hR\322\206"
 606      B0CCBF52 
 606      24605845 
 606      9AC59FC2 
 606      6852D286 
 607 0f61 4A892035 		.ascii	"J\211 5\204\264p\036\243+\344\016\036\036_\223\230\351"
 607      84B4701E 
 607      A32BE40E 
 607      1E1E5F93 
 607      98E9
 608 0f73 2DA48D82 		.ascii	"-\244\215\202\214G\370d\350++d\227\035\002\255\242\266"
 608      8C47F864 
 608      E82B2B64 
 608      971D02AD 
 608      A2B6
 609 0f85 BCC013B9 		.ascii	"\274\300\023\271^vJ\301\364\342\021\275 \001+\336\244"
ARM GAS  C:\Users\PUBLIC~1.LAP\AppData\Local\Temp\cc5KItyk.s 			page 48


 609      5E764AC1 
 609      F4E211BD 
 609      20012BDE 
 609      A4
 610 0f96 0A58AD77 		.ascii	"\012X\255w\347\005`!\370\224"
 610      E7056021 
 610      F894
 611 0fa0 2BDA9180 		.ascii	"+\332\221\200\245Q\261D}=\004\366G\370n|\227\010\242"
 611      A551B144 
 611      7D3D04F6 
 611      47F86E7C 
 611      9708A2
 612 0fb3 284508A8 		.ascii	"(E\010\250\016\251\022\017:\330\033\244C\362a\027\352"
 612      0EA9120F 
 612      3AD81BA4 
 612      43F26117 
 612      EA
 613 0fc4 E71A4FF8 		.ascii	"\347\032O\370\177\000\306\016JF\241\">\004.\212\224"
 613      7F00C60E 
 613      4A46A122 
 613      3E042E8A 
 613      94
 614 0fd5 1F5E36FA 		.ascii	"\037^6\372M\246U\274\315r\336i\307\274\274YN\306[\257"
 614      4DA655BC 
 614      CD72DE69 
 614      C7BCBC59 
 614      4EC65BAF 
 615 0fe9 F923088F 		.ascii	"\371#\010\217\015\230J\031\363'\021\310\223?\025\315"
 615      0D984A19 
 615      F32711C8 
 615      933F15CD 
 616 0ff9 FE88EE3F 		.ascii	"\376\210\356?\217A8\251\357\212\265\032\217G@\012e\205"
 616      8F4138A9 
 616      EF8AB51A 
 616      8F47400A 
 616      6585
 617 100b E53CCAB1 		.ascii	"\345<\312\261\023*0\320\232\312\003L\262\216\223\346"
 617      132A30D0 
 617      9ACA034C 
 617      B28E93E6 
 618 101b E81BEFB0 		.ascii	"\350\033\357\260\320\010\262\2706\026!\340\377\3258"
 618      D008B2B8 
 618      361621E0 
 618      FFD538
 619 102a B1908FDB 		.ascii	"\261\220\217\333/,9\016*\340HE\035\227\327[ dI\006\227"
 619      2F2C390E 
 619      2AE04845 
 619      1D97D75B 
 619      20644906 
 620 103f E4D65DC6 		.ascii	"\344\326]\306S@\270\322\376s\367\000Z\006W\030;\006"
 620      5340B8D2 
 620      FE73F700 
 620      5A065718 
 620      3B06
 621 1051 A8ABFF78 		.ascii	"\250\253\377x\215\224\267\234\310\3632p\327\022\241"
 621      8D94B79C 
 621      C8F33270 
ARM GAS  C:\Users\PUBLIC~1.LAP\AppData\Local\Temp\cc5KItyk.s 			page 49


 621      D712A1
 622 1060 A263FF78 		.ascii	"\242c\377x\265\364\315\355\013LO\204EC\365\275\225h"
 622      B5F4CDED 
 622      0B4C4F84 
 622      4543F5BD 
 622      9568
 623 1072 8C32FE41 		.ascii	"\2142\376A\216\321\327\277}RY\377\236\335\013k\312^"
 623      8ED1D7BF 
 623      7D5259FF 
 623      9EDD0B6B 
 623      CA5E
 624 1084 9725C781 		.ascii	"\227%\307\201#\217\034\023\013\010\330\363\365\370\254"
 624      238F1C13 
 624      0B08D8F3 
 624      F5F8AC
 625 1093 4EF2C797 		.ascii	"N\362\307\227&\241! \376\204n\256{A\226\030z\220t\010"
 625      26A12120 
 625      FE846EAE 
 625      7B419618 
 625      7A907408 
 626 10a7 C27D2427 		.ascii	"\302}$'\374K\312]\244]\315\243.\235\227\255\017\310"
 626      FC4BCA5D 
 626      A45DCDA3 
 626      2E9D97AD 
 626      0FC8
 627 10b9 4A3A4F91 		.ascii	"J:O\221!\035\343\353`\242=\230\324jw\337\200\226\277"
 627      211DE3EB 
 627      60A23D98 
 627      D46A77DF 
 627      8096BF
 628 10cc A14D2B09 		.ascii	"\241M+\011\007:\0152\244\002\333\217\344\013\231\204"
 628      073A0D32 
 628      A402DB8F 
 628      E40B9984 
 629 10dc 5FF39ED5 		.ascii	"_\363\236\325Y:E\362Dw\200G\260g\272\3310Z\3719\307"
 629      593A45F2 
 629      44778047 
 629      B067BAD9 
 629      305AF939 
 630 10f1 FF8A7957 		.ascii	"\377\212yW\232]\017`\241@'\214r4\037Z\302\327\002\021"
 630      9A5D0F60 
 630      A140278C 
 630      72341F5A 
 630      C2D70211 
 631 1105 AFB54AD0 		.ascii	"\257\265J\320\026\022T\353Y\271\216Gd\011\220\003\332"
 631      161254EB 
 631      59B98E47 
 631      64099003 
 631      DA
 632 1116 DD76F070 		.ascii	"\335v\360p\315!3\351\263\011\234\014\316\015<\222IN"
 632      CD2133E9 
 632      B3099C0C 
 632      CE0D3C92 
 632      494E
 633 1128 04691FD9 		.ascii	"\004i\037\331!!\230M\202\260V\235\270a\274\336N\250"
 633      2121984D 
 633      82B0569D 
ARM GAS  C:\Users\PUBLIC~1.LAP\AppData\Local\Temp\cc5KItyk.s 			page 50


 633      B861BCDE 
 633      4EA8
 634 113a 0444C22F 		.ascii	"\004D\302/^v\031\222a\032\342\223P]aQ\014\355\301p\366"
 634      5E761992 
 634      611AE293 
 634      505D6151 
 634      0CEDC170 
 635 114f 8C703621 		.ascii	"\214p6!,^\230\022\275\255\3014\344N\311\262\325\341"
 635      2C5E9812 
 635      BDADC134 
 635      E44EC9B2 
 635      D5E1
 636 1161 9448B515 		.ascii	"\224H\265\025\367\203ZCO\035V\355\372\264+;h\234\255"
 636      F7835A43 
 636      4F1D56ED 
 636      FAB42B3B 
 636      689CAD
 637 1174 763765DC 		.ascii	"v7e\334\262\254\203\217\022\330\344,\000=z,\326\340"
 637      B2AC838F 
 637      12D8E42C 
 637      003D7A2C 
 637      D6E0
 638 1186 D35CCBE0 		.ascii	"\323\\\313\340}\332\023g\023\034LmX<\257\273\206\221"
 638      7DDA1367 
 638      131C4C6D 
 638      583CAFBB 
 638      8691
 639 1198 F3411C88 		.ascii	"\363A\034\210m\037f\217\256\001*%\346\337\215\267\220"
 639      6D1F668F 
 639      AE012A25 
 639      E6DF8DB7 
 639      90
 640 11a9 FE472087 		.ascii	"\376G \207\346\320td\316\211\347\337\210\216\235V\327"
 640      E6D07464 
 640      CE89E7DF 
 640      888E9D56 
 640      D7
 641 11ba 8BC0B311 		.ascii	"\213\300\263\021\235\303C\354\216l\330\207\331\0151"
 641      9DC343EC 
 641      8E6CD887 
 641      D90D31
 642 11c9 0CE08D03 		.ascii	"\014\340\215\003*\005\037\262e\303\251\201z&U\250\224"
 642      2A051FB2 
 642      65C3A981 
 642      7A2655A8 
 642      94
 643 11da 85C74331 		.ascii	"\205\307C1\200\341k\011H\306\373\342\306\260_^\362\035"
 643      80E16B09 
 643      48C6FBE2 
 643      C6B05F5E 
 643      F21D
 644 11ec 25A28FCD 		.ascii	"%\242\217\315\263\006\340\322\351\227FB~M_\226\355\315"
 644      B306E0D2 
 644      E9974642 
 644      7E4D5F96 
 644      EDCD
 645 11fe 080F3FAD 		.ascii	"\010\017?\255\302A8\253\003q\250\312\265\017\347o\235"
ARM GAS  C:\Users\PUBLIC~1.LAP\AppData\Local\Temp\cc5KItyk.s 			page 51


 645      C24138AB 
 645      0371A8CA 
 645      B50FE76F 
 645      9D
 646 120f FEDAFD2A 		.ascii	"\376\332\375*\263F\312Q\001\020w\356 +d\317v\274\030"
 646      B346CA51 
 646      011077EE 
 646      202B64CF 
 646      76BC18
 647 1222 CF400D24 		.ascii	"\317@\015$\210\3408c\333\251\350\204l8\251b\274!E\235"
 647      88E03863 
 647      DBA9E884 
 647      6C38A962 
 647      BC21459D 
 648 1236 7256E10E 		.ascii	"rV\341\016\272\017\206\234\260K\251/\214H\032\0149L"
 648      BA0F869C 
 648      B04BA92F 
 648      8C481A0C 
 648      394C
 649 1248 AE1D9FCD 		.ascii	"\256\035\237\315\365\205\273t\323D\256+\324#\261\006"
 649      F585BB74 
 649      D344AE2B 
 649      D423B106 
 650 1258 46033FE3 		.ascii	"F\003?\343\321W \303\002\030Y\314\260\351|S*\322K!\215"
 650      D15720C3 
 650      021859CC 
 650      B0E97C53 
 650      2AD24B21 
 651 126d B970341A 		.ascii	"\271p4\032]}\340\202h\2577o`\304Wy\301\354Z\203\210"
 651      5D7DE082 
 651      68AF376F 
 651      60C45779 
 651      C1EC5A83 
 652 1282 55003F62 		.ascii	"U\000?b\315]\315\311W$\300\322}1#\2442$\020\325u\017"
 652      CD5DCDC9 
 652      5724C0D2 
 652      7D3123A4 
 652      322410D5 
 653 1298 F7CCD4A3 		.ascii	"\367\314\324\243\227\206\335\326\250\322\002"
 653      9786DDD6 
 653      A8D202
 654              		.text
 655              		.section	.gnu.lto_usb_lld_init.323.83ad7a2e,"e",%progbits
 656 0000 28B52FFD 		.ascii	"(\265/\375`\010\001\305\014\000\026\027VD\020\221\223"
 656      600801C5 
 656      0C001617 
 656      56441091 
 656      93
 657 0011 0E2054C3 		.ascii	"\016 T\303Ba\340\260f\235T\262[-\215\270\017dkP\002"
 657      4261E0B0 
 657      669D54B2 
 657      5B2D8DB8 
 657      0F646B50 
 658 0026 6820D2C1 		.ascii	"h \322\301u\340\026}\210\2676\003q\216h!\007\016\277"
 658      75E0167D 
 658      88B73603 
 658      718E6821 
ARM GAS  C:\Users\PUBLIC~1.LAP\AppData\Local\Temp\cc5KItyk.s 			page 52


 658      070EBF
 659 0039 342B0AC5 		.ascii	"4+\012\305\233\200$(t\241mDB\272\252\312\317\037\221"
 659      9B802428 
 659      74A16D44 
 659      42BAAACA 
 659      CF1F91
 660 004c 10B28994 		.ascii	"\020\262\211\224)\005>\000<\000D\000i}:\237>\200\002"
 660      29053E00 
 660      3C004400 
 660      697D3A9F 
 660      3E8002
 661 005f 32AFD1B2 		.ascii	"2\257\321\262\353!\214\331U\214a\302\366\003\370d\343"
 661      EB218CD9 
 661      558C61C2 
 661      F603F864 
 661      E3
 662 0070 38D8606D 		.ascii	"8\330`m\344`\321\261\273\232\222\370\351y\362\177\342"
 662      E460D1B1 
 662      BB9A92F8 
 662      E979F27F 
 662      E2
 663 0081 1E5F0ACA 		.ascii	"\036_\012\312\023S\260\273\316/\345\303\255\267M\300"
 663      1353B0BB 
 663      CE2FE5C3 
 663      ADB74DC0 
 664 0091 B603FB1D 		.ascii	"\266\003\373\035\002\335\365x\3058\304\300\250Z\344"
 664      02DDF578 
 664      C538C4C0 
 664      A85AE4
 665 00a0 8CB13C8A 		.ascii	"\214\261<\212\2570e\273\250\177~\212\253\360\374\022"
 665      AF3065BB 
 665      A87F7E8A 
 665      ABF0FC12 
 666 00b0 8F2E99F2 		.ascii	"\217.\231\362\337\243o\272\036\355\223\014\371\3179"
 666      DFA36FBA 
 666      1EED930C 
 666      F9CF39
 667 00bf C365B541 		.ascii	"\303e\265A\327\006QRG\330\267VW\354\247\343\323\326"
 667      D7065152 
 667      47D8B756 
 667      57ECA7E3 
 667      D3D6
 668 00d1 038EFAE2 		.ascii	"\003\216\372\342\337Kfi\324\224\221R\251p\027\032eh"
 668      DF4B6669 
 668      D4949152 
 668      A970171A 
 668      6568
 669 00e3 A8545904 		.ascii	"\250TY\004\334H\030\337\213\245\271RU1\227\224\312\000"
 669      DC4818DF 
 669      8BA5B952 
 669      55319794 
 669      CA00
 670 00f5 98300CAF 		.ascii	"\2300\014\257\271\256\251VK\012\204\206\234\261\275"
 670      B9AEA956 
 670      4B0A8486 
 670      9CB1BD
 671 0104 1DB490ED 		.ascii	"\035\264\220\355\206\360\370\252\263 \311v\327Z\021"
ARM GAS  C:\Users\PUBLIC~1.LAP\AppData\Local\Temp\cc5KItyk.s 			page 53


 671      86F0F8AA 
 671      B320C976 
 671      D75A11
 672 0113 BBEFAE96 		.ascii	"\273\357\256\226p`\002\307\205D^)\304\301\260@\004\202"
 672      706002C7 
 672      85445E29 
 672      C4C1B040 
 672      0482
 673 0125 F60102A2 		.ascii	"\366\001\002\242u\020<`\240y$\223\256D\343FF\232\327"
 673      75103C60 
 673      A0792493 
 673      AE44E346 
 673      469AD7
 674 0138 69A2CD84 		.ascii	"i\242\315\204t\241\373\030\020\011\331D\333\350\003"
 674      74A1FB18 
 674      1009D944 
 674      DBE803
 675 0147 F2743825 		.ascii	"\362t8%$\024H\240\223Qi\343B#\233\015(\301G\010\270"
 675      241448A0 
 675      935169E3 
 675      42239B0D 
 675      28C14708 
 676 015c B756571C 		.ascii	"\267VW\034a\307\012\245\250\030\000\001\317\2102\241"
 676      61C70AA5 
 676      A8180001 
 676      CF8832A1 
 677 016c 232F302E 		.ascii	"#/0.\260jp\265\360s\325n\027,\207a\304\341\365Q\206"
 677      B06A70B5 
 677      F073D56E 
 677      172C8761 
 677      C4E1F551 
 678 0181 60312678 		.ascii	"`1&x[\"\323\013\306\266\262\236\233V\254\262\210Pe\243"
 678      5B22D30B 
 678      C6B6B29E 
 678      9B56ACB2 
 678      885065A3 
 679 0195 6B38D710 		.ascii	"k8\327\020\312\313\020\342r,\332I\006"
 679      CACB10E2 
 679      722CDA49 
 679      06
 680              		.text
 681              		.section	.gnu.lto_usb_lld_start.324.83ad7a2e,"e",%progbits
 682 0000 28B52FFD 		.ascii	"(\265/\375`\361\000u\015\000\366\030^E\360\222(\035"
 682      60F10075 
 682      0D00F618 
 682      5E45F092 
 682      281D
 683 0012 52AFCE92 		.ascii	"R\257\316\222?\3277\327q\005/BJ\023q$\217\343x\017\225"
 683      3FD737D7 
 683      71052F42 
 683      4A137124 
 683      8FE3780F 
 684 0027 6F282BEC 		.ascii	"o(+\354\213\377\257\205\2624\361o`\353\363\321\207\023"
 684      8BFFAF85 
 684      B234F16F 
 684      60EBF3D1 
 684      8713
ARM GAS  C:\Users\PUBLIC~1.LAP\AppData\Local\Temp\cc5KItyk.s 			page 54


 685 0039 FEC89C3D 		.ascii	"\376\310\234=E3\227\237\357z\036Q\206\264\021\035_E"
 685      4533979F 
 685      EF7A1E51 
 685      86B4111D 
 685      5F45
 686 004b EBE3124D 		.ascii	"\353\343\022M\366\226;\245J\000E\000F\0009\016k\260"
 686      F6963BA5 
 686      4A004500 
 686      4600390E 
 686      6BB0
 687 005d 3735AD1E 		.ascii	"75\255\036\273\273)\211\257>\245\306\225\177\231w>\320"
 687      BBBB2989 
 687      AF3EA5C6 
 687      957F9977 
 687      3ED0
 688 006f E5531371 		.ascii	"\345S\023q)\017\340\200#< v\334x\300VTI\340\205F\210"
 688      290FE080 
 688      233C2076 
 688      DC78C056 
 688      5449E085 
 689 0085 0FC84186 		.ascii	"\017\310A\206\324p\341\\\346\261\003\270!F\020\005\273"
 689      D470E15C 
 689      E6B103B8 
 689      21461005 
 689      BB
 690 0096 EBF8811F 		.ascii	"\353\370\201\037\356\354\266%\330\216`\037A2jrhX\361"
 690      EEECB625 
 690      D88E601F 
 690      41326A72 
 690      6858F1
 691 00a9 870D7389 		.ascii	"\207\015s\211\372\262\257a\030\206V\227\375\230\177"
 691      FAB2AF61 
 691      18865697 
 691      FD987F
 692 00b8 C6E86720 		.ascii	"\306\350g \230\333\260\331\365\020\372\330\330\214\201"
 692      98DBB0D9 
 692      F510FAD8 
 692      D88C81
 693 00c7 C263FBD1 		.ascii	"\302c\373\321\276\212\303\254\036\243rgw\005\013\030"
 693      BE8AC3AC 
 693      1EA37267 
 693      77050B18 
 694 00d7 BB30901D 		.ascii	"\2730\220\035h\237\003\036\222}\312\003\310>\275\262"
 694      689F031E 
 694      927DCA03 
 694      C83EBDB2 
 695 00e7 03B313ED 		.ascii	"\003\263\023\355R\206\370\317\252+\240\204\315\014\251"
 695      5286F8CF 
 695      AA2BA084 
 695      CD0CA9
 696 00f6 2FBB507D 		.ascii	"/\273P}n\354\262\376\3713o\221\262\247\212\377>\247"
 696      6EECB2FE 
 696      F9336F91 
 696      B2A78AFF 
 696      3EA7
 697 0108 0648A1E3 		.ascii	"\006H\241\343'\276\227\230\352\353o\311\256\334\013"
 697      27BE9798 
ARM GAS  C:\Users\PUBLIC~1.LAP\AppData\Local\Temp\cc5KItyk.s 			page 55


 697      EAEB6FC9 
 697      AEDC0B
 698 0117 1CAD9863 		.ascii	"\034\255\230c\033u\232\026mwK\374\231SJ3\361\351\253"
 698      1B759A16 
 698      6D774BFC 
 698      99534A33 
 698      F1E9AB
 699 012a B2CFAB06 		.ascii	"\262\317\253\006&\316CIS(P\201D\022q\036J4\242a\201"
 699      26CE4349 
 699      53285081 
 699      4412711E 
 699      4A34A261 
 700 013f 0A84ED04 		.ascii	"\012\204\355\004\005e#1\360\200\301\346\235XJ\246\215"
 700      05652331 
 700      F080C1E6 
 700      9D584AA6 
 700      8D
 701 0150 B432DABC 		.ascii	"\2642\332\274\322\306u,'\014%\023\220JJ\307u#\223P\011"
 701      D2C6752C 
 701      270C2513 
 701      904A4AC7 
 701      75239350 
 702 0165 C988E982 		.ascii	"\311\210\351\202\205S(5Bu$\321\212\210H(\301I\012l/"
 702      85532835 
 702      427524D1 
 702      8A884828 
 702      C1490A6C 
 703 017a 575D1378 		.ascii	"W]\023x\304X\312\222\273\273\001\024\000\001\317\210"
 703      C458CA92 
 703      BBBB0114 
 703      0001CF88 
 704 018a 33A1352F 		.ascii	"3\2415/\360\325+Yh\305O\371\340r\\g1\3412h\003J\020"
 704      F0D52B59 
 704      68C54FF9 
 704      E0725C67 
 704      31E13268 
 705 01a1 2E9C7B32 		.ascii	".\234{2\266\005L\271\004K\254\246\204\273\034\263\311"
 705      B6054CB9 
 705      044BACA6 
 705      84BB1CB3 
 705      C9
 706 01b2 AA506659 		.ascii	"\252PfYs\017"
 706      730F
 707              		.text
 708              		.section	.gnu.lto_usb_lld_stop.325.83ad7a2e,"e",%progbits
 709 0000 28B52FFD 		.ascii	"(\265/\375`\361\000}\015\000\246\030]E\000\221(\035"
 709      60F1007D 
 709      0D00A618 
 709      5D450091 
 709      281D
 710 0012 9BA15610 		.ascii	"\233\241V\020@}UH\225\262\000\215\267\013\245\300t^"
 710      407D5548 
 710      95B2008D 
 710      B70BA5C0 
 710      745E
 711 0024 AC02835E 		.ascii	"\254\002\203^>\003}\215no\241\016\306\300\177\300\177"
 711      3E037D8D 
ARM GAS  C:\Users\PUBLIC~1.LAP\AppData\Local\Temp\cc5KItyk.s 			page 56


 711      6E6FA10E 
 711      C6C07FC0 
 711      7F
 712 0035 0934A905 		.ascii	"\0114\251\005/\302N\324\202?\017\0249\317$\264\230\202"
 712      2FC24ED4 
 712      823F0F14 
 712      39CF24B4 
 712      9882
 713 0047 9AB5B313 		.ascii	"\232\265\263\023\323h\211&{o\231RI\000C\000F\000w5\330"
 713      D3688926 
 713      7B6F9952 
 713      49004300 
 713      46007735 
 714 005c 186CA563 		.ascii	"\030l\245cw\2678\342\251O\0315\345\237\346\234\017|"
 714      77B738E2 
 714      A94F1935 
 714      E59FE69C 
 714      0F7C
 715 006e F9D4425C 		.ascii	"\371\324B\\\312\0037\240\210\316\207\034\261\016\270"
 715      CA0337A0 
 715      88CE871C 
 715      B10EB8
 716 007d D22809C0 		.ascii	"\322(\011\300\314\000\001\002n\220!4X7\247\271r\000"
 716      CC000102 
 716      6E902134 
 716      5837A7B9 
 716      7200
 717 008f 35A87E28 		.ascii	"5\250~(\330]\353\007z\270\263\333\226`;\202}\004\001"
 717      D85DEB07 
 717      7AB8B3DB 
 717      96603B82 
 717      7D0401
 718 00a2 322D95F6 		.ascii	"2-\225\366\260]/\032c\354\3070\014CG\226\375\231_\252"
 718      B05D2F1A 
 718      63ECC730 
 718      0C434796 
 718      FD995FAA 
 719 00b6 FA99C7E6 		.ascii	"\372\231\307\3465`\273\035B\036\373\2320Ntl_\355\247"
 719      3560BB1D 
 719      421EFB9A 
 719      304E746C 
 719      5FEDA7
 720 00c9 B84CEA33 		.ascii	"\270L\3523(svU\264\\\354\272<v\240}\016xH\366)\017 "
 720      28737655 
 720      B45CECBA 
 720      3C76A07D 
 720      0E7848F6 
 721 00e0 FB74CAC6 		.ascii	"\373t\312\306\021\273;9j\2172\350?\307\270\002H\300"
 721      11BB3B39 
 721      6A8F32E8 
 721      3FC7B802 
 721      48C0
 722 00f2 6448B340 		.ascii	"dH\263@\201\330\354\252\376\3715_q\262\207\322\177\001"
 722      81D8ECAA 
 722      FEF9355F 
 722      71B287D2 
 722      7F01
ARM GAS  C:\Users\PUBLIC~1.LAP\AppData\Local\Temp\cc5KItyk.s 			page 57


 723 0104 50D8B889 		.ascii	"P\330\270\211\017\346\025c\214\336%{\344Z\334X\351\016"
 723      0FE61563 
 723      8CDE257B 
 723      E45ADC58 
 723      E90E
 724 0116 DBA6B75C 		.ascii	"\333\246\267\\\264\335-\361kZNZ\211O\037\225}>\306\030"
 724      B4DD2DF1 
 724      6B5A4E5A 
 724      894F1F95 
 724      7D3EC618 
 725 012a B124CE33 		.ascii	"\261$\3163IS(PA$\002q\236\0114\322\262@\005\302v\202"
 725      49532850 
 725      41240271 
 725      9E0934D2 
 725      B24005C2 
 726 0140 82B29118 		.ascii	"\202\262\221\030x\300`\363J,#\322&Z\011m\336h\343:\226"
 726      78C060F3 
 726      4A2C23D2 
 726      265A096D 
 726      DE68E33A 
 727 0155 12869189 		.ascii	"\022\206\221\211G%\245\343\272\220\311\247\204d\204"
 727      4725A5E3 
 727      BA90C9A7 
 727      846484
 728 0164 74C142E9 		.ascii	"t\301B\351s\012\231:\021hED\344\223\340$\305\265\227"
 728      730A993A 
 728      11684544 
 728      E493E024 
 728      C5B597
 729 0177 1B599EF0 		.ascii	"\033Y\236\360\342\245\212*\271\001\026\000\001\317\210"
 729      E2A58A2A 
 729      B9011600 
 729      01CF88
 730 0186 33A1352F 		.ascii	"3\2415/\206UQ\200\272\342g\373\\E\011\026\314\311\002"
 730      86555180 
 730      BAE267FB 
 730      5C450916 
 730      CCC902
 731 0199 30712F6B 		.ascii	"0q/k\314\2036\253\004\341\302\271'c[\300\224K\260\304"
 731      CC8336AB 
 731      04E1C2B9 
 731      27635BC0 
 731      944BB0C4 
 732 01ad 6A4AB8CB 		.ascii	"jJ\270\3131\233\254\012e\2265\367"
 732      319BAC0A 
 732      659635F7 
 733              		.text
 734              		.section	.gnu.lto_usb_lld_reset.326.83ad7a2e,"e",%progbits
 735 0000 28B52FFD 		.ascii	"(\265/\375`o\001\215\017\000\026]iH\360\260(\035\245"
 735      606F018D 
 735      0F00165D 
 735      6948F0B0 
 735      281DA5
 736 0013 7DCEC791 		.ascii	"}\316\307\221>\230h\272x\207\015um\264\2255^\245\213"
 736      3E9868BA 
 736      78870D75 
 736      6DB49535 
ARM GAS  C:\Users\PUBLIC~1.LAP\AppData\Local\Temp\cc5KItyk.s 			page 58


 736      5EA58B
 737 0026 4D499B95 		.ascii	"MI\233\225\343\033B&79\023\215\012\255\200\235\222o"
 737      E31B4226 
 737      3739138D 
 737      0AAD809D 
 737      926F
 738 0038 B2996B97 		.ascii	"\262\231k\227u0\355\333\371\012\367\346H\266g\304\304"
 738      7530EDDB 
 738      F90AF7E6 
 738      48B667C4 
 738      C4
 739 0049 26B987AB 		.ascii	"&\271\207\253/\223\345H%\233\354\235RL\000R\000U\000"
 739      2F93E548 
 739      259BEC9D 
 739      524C0052 
 739      005500
 740 005c A3575BC6 		.ascii	"\243W[\306\036\275~d\373\323\376\212\343\274\2363c\321"
 740      1EBD7E64 
 740      FBD3FE8A 
 740      E3BC9E33 
 740      63D1
 741 006e EE4E0B9F 		.ascii	"\356N\013\237\335R\304\017\272\327\002\037\300\275n"
 741      DD52C40F 
 741      BAD7021F 
 741      C0BD6E
 742 007d 07E15EFD 		.ascii	"\007\341^\375\262\201^:\330\231\320\013\332\356z\324"
 742      B2815E3A 
 742      D899D00B 
 742      DAEE7AD4 
 743 008d C45F9F2F 		.ascii	"\304_\237/\377:\027\2216\033>\001\230\354\256'i\363"
 743      FF3A1791 
 743      361B3E01 
 743      98ECAE27 
 743      69F3
 744 009f E1A6B71D 		.ascii	"\341\246\267\035b\033\202}\240\335\336\000w:\351{t\010"
 744      621B827D 
 744      A0DDDE00 
 744      773AE97B 
 744      7408
 745 00b1 41630C97 		.ascii	"Ac\014\227\211\335.\011\222_\336\205\253C\361\272\355"
 745      89DD2E09 
 745      925FDE85 
 745      AB43F1BA 
 745      ED
 746 00c2 89DDC73C 		.ascii	"\211\335\307<\206{=\24555\234\230l\326\354\222f\322"
 746      867B3DA5 
 746      35359C98 
 746      6CD6EC92 
 746      66D2
 747 00d4 12F6B7DD 		.ascii	"\022\366\267\335]\323\033\3739\177\245\323\223N?\300"
 747      5DD31BFB 
 747      397FA5D3 
 747      934E3FC0 
 748 00e4 6826A246 		.ascii	"h&\242F\330\263\353aHh\177\352\215\024>\213\307d\276"
 748      D8B3EB61 
 748      48687FEA 
 748      8D143E8B 
ARM GAS  C:\Users\PUBLIC~1.LAP\AppData\Local\Temp\cc5KItyk.s 			page 59


 748      C764BE
 749 00f7 63179EB3 		.ascii	"c\027\236\263f\220\351G\340*\365c\022L3v\023\016t\355"
 749      6690E947 
 749      E02AF563 
 749      124C3376 
 749      130E74ED 
 750 010b FB7C0460 		.ascii	"\373|\004`\2735'}\033\3579m~\371\270\223\237}\3404>"
 750      BB35277D 
 750      1BEF396D 
 750      7EF9B893 
 750      9F7DE034 
 751 0120 01B0DD55 		.ascii	"\001\260\335U`W\370\014\360\225\205\226\203\0041~\305"
 751      6057F80C 
 751      F0958596 
 751      8304317E 
 751      C5
 752 0131 D9162E63 		.ascii	"\331\026.c\325\355.\311\217\321\012?v\314p\257u6D\013"
 752      D5ED2EC9 
 752      8FD10A3F 
 752      76CC70AF 
 752      7536440B 
 753 0145 1A67CD93 		.ascii	"\032g\315\223\362|\300N\362\010,\224\350\332\374\202"
 753      F27CC04E 
 753      F2082C94 
 753      E8DAFC82 
 754 0155 80824A65 		.ascii	"\200\202JeB\211.\023I\006\006+-\036JJ\212W\222\200\245"
 754      42892E13 
 754      4906062B 
 754      2D1E4A4A 
 754      8A579280 
 755 016a 8127B660 		.ascii	"\201'\266`B\226\247:\245<1\364P L\353Bx\"\262\242\002"
 755      4296A73A 
 755      A53C31F4 
 755      50204CEB 
 755      427822B2 
 756 0180 A2C0D449 		.ascii	"\242\300\324I\211TB\302Z}\255\222\206\224\013T\231N"
 756      895442C2 
 756      5A7DAD92 
 756      86940B54 
 756      994E
 757 0192 2323A505 		.ascii	"##\245\005(*\345\370m\351\215'\250\370\031\351\3509"
 757      282AE5F8 
 757      6DE98D27 
 757      A8F819E9 
 757      E839
 758 01a4 E22D9CED 		.ascii	"\342-\234\355r\034:\017\321\001\203\026$\013\034\000"
 758      721C3A0F 
 758      D1018316 
 758      240B1C00 
 759 01b4 01CF8832 		.ascii	"\001\317\2102\241Ah`x\020*\032\305\335\014\2345\340"
 759      A1416860 
 759      78102A1A 
 759      C5DD0C9C 
 759      35E0
 760 01c6 1521DC4C 		.ascii	"\025!\334L\204\245\256\226T`)\260s*k\032\242\202@T\305"
 760      84A5AE96 
 760      546029B0 
ARM GAS  C:\Users\PUBLIC~1.LAP\AppData\Local\Temp\cc5KItyk.s 			page 60


 760      732A6B1A 
 760      A2824054 
 761 01db 31D51C90 		.ascii	"1\325\034\220`\352U[Q3\364cl\260\313h\246\342\001\015"
 761      60EA555B 
 761      5133F463 
 761      6CB0CB68 
 761      A6E2010D 
 762 01ef 5885A0C4 		.ascii	"X\205\240\304\352\264\270\206\027\302$\003"
 762      EAB4B886 
 762      17C22403 
 763              		.text
 764              		.section	.gnu.lto_usb_lld_set_address.327.83ad7a2e,"e",%progbits
 765 0000 28B52FFD 		.ascii	"(\265/\375`\004\001\015\015\000\226\227WD\000\261&\035"
 765      6004010D 
 765      0D009697 
 765      574400B1 
 765      261D
 766 0012 D995AC76 		.ascii	"\331\225\254v\235\333\214\3713\373x\371-\355\377T\012"
 766      9DDB8CF9 
 766      33FB78F9 
 766      2DEDFF54 
 766      0A
 767 0023 103B8882 		.ascii	"\020;\210\202\212px\304\033AH\201zH\011fj\3002\251\245"
 767      8A7078C4 
 767      1B414881 
 767      7A480966 
 767      6AC032A9 
 768 0038 61E1BAAD 		.ascii	"a\341\272\255\0353\352\255\365\363\203\264\343\245H"
 768      1D33EAAD 
 768      F5F383B4 
 768      E3A548
 769 0047 FF9AEC3B 		.ascii	"\377\232\354;%\221l\"eJ\001@\000>\000D\000\217\361."
 769      25916C22 
 769      654A0140 
 769      003E0044 
 769      008FF12E 
 770 005b C3E2CE6E 		.ascii	"\303\342\316n\212\026.vO\036\216p\035\036x\001\353\260"
 770      8A162E76 
 770      4F1E8E70 
 770      1D1E7801 
 770      EBB0
 771 006d FA00EBD0 		.ascii	"\372\000\353\320\236M\343'\010\213\003\243\346\306\356"
 771      9E4DE327 
 771      088B03A3 
 771      E6C6EE
 772 007c 462571EF 		.ascii	"F%q\357\351\371\237y\247\344\322\362\354h\260\273\316"
 772      E9F99F79 
 772      A7E4D2F2 
 772      EC68B0BB 
 772      CE
 773 008d 92CB875B 		.ascii	"\222\313\207[o\033\201m\012\366\275\246\356\2029\254"
 773      6F1B816D 
 773      0AF6BDA6 
 773      EE8239AC 
 774 009d D6C4EE57 		.ascii	"\326\304\356W\276b\035\246*\311&\306D\223)\373\324\222"
 774      BE621DA6 
 774      2AC926C6 
ARM GAS  C:\Users\PUBLIC~1.LAP\AppData\Local\Temp\cc5KItyk.s 			page 61


 774      449329FB 
 774      D492
 775 00af 3AC27EB5 		.ascii	":\302~\265\372b_\346\2774\0153]iZ5\235\231>\200\010"
 775      FA625FE6 
 775      BF340D33 
 775      5D695A35 
 775      9D993E80 
 776 00c4 F3193276 		.ascii	"\363\0312v=\344\344\330\033\370\342D\000\333O\373(\002"
 776      3DE4E4D8 
 776      1BF8E244 
 776      00DB4FFB 
 776      2802
 777 00d6 9F7E866A 		.ascii	"\237~\206jgg\221\250+\324\317\234\000\212\224\372rn"
 777      676791A8 
 777      2BD4CF9C 
 777      008A94FA 
 777      726E
 778 00e8 C0AAF4EA 		.ascii	"\300\252\364\352$\205\310p\024\212\307\257I\331.\026"
 778      2485C870 
 778      148AC7AF 
 778      49D92E16 
 779 00f8 85383638 		.ascii	"\205868L_\246\254J#\240\304K5r\237\300JU\275\015\022"
 779      4C5FA6AC 
 779      4A23A0C4 
 779      4B35729F 
 779      C04A55BD 
 780 010e 880ED6F0 		.ascii	"\210\016\326\360\025\334\265+\302\343\253x\"\214\353"
 780      15DCB52B 
 780      C2E3AB78 
 780      228CEB
 781 011d 2A5B5070 		.ascii	"*[PpA\323@\030\327\201@680\231\020GHHb\310\002\011\017"
 781      41D34018 
 781      D7814036 
 781      38309910 
 781      47484862 
 782 0135 223752D9 		.ascii	"\"7R\331DQ;\011En\213X\2462J\331D<LJ2,\013\211|<! \""
 782      44513B09 
 782      456E8B58 
 782      A6324AD9 
 782      443C4C4A 
 783 0152 140CA30F 		.ascii	"\024\014\243\017\207P\227i\240\223\217\217\017\203\221"
 783      87509769 
 783      A0938F8F 
 783      0F8391
 784 0161 92D3BE5A 		.ascii	"\222\323\276Z}q\205\0307\001\031\000\001\317\2102\241"
 784      7D718518 
 784      37011900 
 784      01CF8832 
 784      A1
 785 0172 912F303C 		.ascii	"\221/0<\250p\374\366\306\3208\002\005\303\344\2260\250"
 785      A870FCF6 
 785      C6D03802 
 785      05C3E496 
 785      30A8
 786 0184 076BD845 		.ascii	"\007k\330E\033K`\335\2528\246\232\003\022L\275j\313"
 786      1B4B60DD 
 786      AA38A69A 
ARM GAS  C:\Users\PUBLIC~1.LAP\AppData\Local\Temp\cc5KItyk.s 			page 62


 786      03124CBD 
 786      6ACB
 787 0196 6786328C 		.ascii	"g\2062\214\015\256\211\315\230P\227\260\210\325hq\207"
 787      0DAE89CD 
 787      985097B0 
 787      88D56871 
 787      87
 788 01a7 17ED2403 		.ascii	"\027\355$\003"
 789              		.text
 790              		.section	.gnu.lto_usb_lld_init_endpoint.328.83ad7a2e,"e",%progbits
 791 0000 28B52FFD 		.ascii	"(\265/\375`\266\000\315\013\000F\325QD\020\221\223\016"
 791      60B600CD 
 791      0B0046D5 
 791      51441091 
 791      930E
 792 0012 900F21BC 		.ascii	"\220\017!\274\027\303\030\200\256\027 Hd\177R%\340\334"
 792      17C31880 
 792      AE172048 
 792      647F5225 
 792      E0DC
 793 0024 CA540490 		.ascii	"\312T\004\220\221\235\355\021B\376\014j\015\022bQQ\007"
 793      919DED11 
 793      42FE0C6A 
 793      0D126251 
 793      5107
 794 0036 151A1B72 		.ascii	"\025\032\033r\324\317\0261\002\033\345\343\272E3\003"
 794      D4CF1631 
 794      021BE5E3 
 794      BA453303 
 795 0046 155484C3 		.ascii	"\025T\204\303\007a-\331[\312\224\002;\000<\0009\000"
 795      07612DD9 
 795      5BCA9402 
 795      3B003C00 
 795      3900
 796 0058 EE6C19FF 		.ascii	"\356l\031\377\"\354\013\014\224\215\335\275\224\304"
 796      22EC0B0C 
 796      948DDDBD 
 796      94C4
 797 0066 BB43CDCE 		.ascii	"\273C\315\316\007\340\231\034jR\256\020\201\010\027"
 797      07E0991C 
 797      6A52AE10 
 797      810817
 798 0075 29023C14 		.ascii	")\002<\024\270qQ\231\361\325\323\203\207\312\314\200"
 798      B8715199 
 798      F1D5D383 
 798      87CACC80 
 799 0085 76D799F2 		.ascii	"v\327\231\362@\334\361\266\035\330\266`\177@\320D\210"
 799      40DCF1B6 
 799      1DD8B660 
 799      7F40D044 
 799      88
 800 0096 BFA4D8FD 		.ascii	"\277\244\330\375\020\003\2631b\213\022\266\037\300v"
 800      1003B331 
 800      628B12B6 
 800      1FC076
 801 00a5 A6FD59D0 		.ascii	"\246\375Y\320]Ub\335e\241QA\363\350\247}\226\237\350"
 801      5D5562DD 
ARM GAS  C:\Users\PUBLIC~1.LAP\AppData\Local\Temp\cc5KItyk.s 			page 63


 801      65A15141 
 801      F3E8A77D 
 801      969FE8
 802 00b8 DED2C11C 		.ascii	"\336\322\301\034\273*\025+v?\216%h\036\015|c=\302\023"
 802      BB2A152B 
 802      763F8E25 
 802      681E0D7C 
 802      633DC213 
 803 00cc B01E0327 		.ascii	"\260\036\003'\327\023gj\017\030d\22200\246jT\233\003"
 803      D713676A 
 803      0F186492 
 803      3030A66A 
 803      549B03
 804 00df 493EE5A8 		.ascii	"I>\345\250\233,j\270\214P]q\346%\226\352W/\260\212A"
 804      9B2C6AB8 
 804      8C505D71 
 804      E62596EA 
 804      572FB08A 
 805 00f4 F1029537 		.ascii	"\361\002\2257\354\017%u\305>\\U\261\337\362\307\253"
 805      EC0F2575 
 805      C53E5C55 
 805      B1DFF2C7 
 805      AB
 806 0105 7EB5029B 		.ascii	"~\265\002\233Hn\030w\202\276\220\000\203\246\2150\356"
 806      486E1877 
 806      82BE9000 
 806      83A68D30 
 806      EE
 807 0116 34F26C78 		.ascii	"4\362lx\000B\341\352\360\360\270>\012&@\2708\323Hi\273"
 807      0042E1EA 
 807      F0F0B83E 
 807      0A2640B8 
 807      38D34869 
 808 012b B410D2C5 		.ascii	"\264\020\322\305\225.,\0331i(\2058 \037\031\226\221"
 808      952E2C1B 
 808      31692885 
 808      38201F19 
 808      9691
 809 013d 4222061F 		.ascii	"B\"\006\037\317\226A\304$\"!\2352m\024\322\351\210\032"
 809      CF9641C4 
 809      2422219D 
 809      326D14D2 
 809      E9881A
 810 0150 747C7C01 		.ascii	"t||\001\022\000\001\317\2102\003\302\360\037aK\026\006"
 810      120001CF 
 810      883203C2 
 810      F01F614B 
 810      1606
 811 0162 D9EC98B1 		.ascii	"\331\354\230\261u\340\275\211j\313(\341p\241\271\206"
 811      75E0BD89 
 811      6ACB28E1 
 811      70A1B986 
 812 0172 8F64E199 		.ascii	"\217d\341\231\302`\005j\012\270\313-\355\321\300\324"
 812      C260056A 
 812      0AB8CB2D 
 812      EDD1C0D4 
 813 0182 1E       		.ascii	"\036"
ARM GAS  C:\Users\PUBLIC~1.LAP\AppData\Local\Temp\cc5KItyk.s 			page 64


 814              		.text
 815              		.section	.gnu.lto_usb_lld_disable_endpoints.329.83ad7a2e,"e",%progbits
 816 0000 28B52FFD 		.ascii	"(\265/\375`X\003M\030\000F\355\235F\300XM:1\276\364"
 816      6058034D 
 816      180046ED 
 816      9D46C058 
 816      4D3A31BE 
 817 0015 D4DD855F 		.ascii	"\324\335\205_4j\341\030\0260=\002\245\254\000\002\212"
 817      346AE118 
 817      16303D02 
 817      A5AC0002 
 817      8A
 818 0026 6A3008B4 		.ascii	"j0\010\264\276\361ORvG\332\242\227\302\\+NDV\267I\007"
 818      BEF14F52 
 818      7647DAA2 
 818      97C25C2B 
 818      4E4456B7 
 819 003c FEE6591C 		.ascii	"\376\346Y\034]\211\026\265\003\373\322.pR}cwk\322\310"
 819      5D8916B5 
 819      03FBD22E 
 819      70527D63 
 819      776BD2C8 
 820 0050 DE72A714 		.ascii	"\336r\247\024\201\000}\000\213\000.\333K.\276H{0B\222"
 820      81007D00 
 820      8B002EDB 
 820      4B2EBE48 
 820      7B304292 
 821 0064 827CD90D 		.ascii	"\202|\331\015\031|:\304\367i\373\321>\221\027\021\272"
 821      197C3AC4 
 821      F769FBD1 
 821      3E911711 
 821      BA
 822 0075 D20BB376 		.ascii	"\322\013\263v\227\2548\331\015\035\270\303\367\211\340"
 822      97AC38D9 
 822      0D1DB8C3 
 822      F789E0
 823 0084 04BC4F79 		.ascii	"\004\274Oy\001\336\247\205\354*\0032^8)G\312\354\256"
 823      01DEA785 
 823      EC2A0332 
 823      5E382947 
 823      CAECAE
 824 0097 4C79D8BB 		.ascii	"Ly\330\273\014o\031\205>\245F!\237\3512w\324\004\274"
 824      0C6F1985 
 824      3EA54621 
 824      9FE93277 
 824      D404BC
 825 00aa C1F8942C 		.ascii	"\301\370\224,\244'F`7\031r\346\005\210\323\303\307\243"
 825      A4274660 
 825      371972E6 
 825      0588D3C3 
 825      C7A3
 826 00bc 1B519449 		.ascii	"\033Q\224I6\256\017?s \025x\263\361\270\262\260\273"
 826      36AE0F3F 
 826      73201578 
 826      B3F1B8B2 
 826      B0BB
 827 00ce 8EE00DE9 		.ascii	"\216\340\015\351\366n\033\310\366\010[]\004\207Z\001"
ARM GAS  C:\Users\PUBLIC~1.LAP\AppData\Local\Temp\cc5KItyk.s 			page 65


 827      F66E1BC8 
 827      F6085B5D 
 827      04875A01 
 828 00de EBB1BBFF 		.ascii	"\353\261\273\377\361)\327\307\356m\267y\237\327\207"
 828      F129D7C7 
 828      EE6DB779 
 828      9FD787
 829 00ed 97537053 		.ascii	"\227SpSf\232\236\242NuH\225\2303\252;\354\020F\324\234"
 829      669A9EA2 
 829      4E754895 
 829      9833AA3B 
 829      EC1046D4 
 830 0102 921B3466 		.ascii	"\222\0334fXs\266\315\225\376\000_\272cw\272a3\272fF"
 830      5873B6CD 
 830      95FE005F 
 830      BA6377BA 
 830      6133BA66 
 831 0117 BF66B44B 		.ascii	"\277f\264K\243[3\2325\243?\215^i\264'\243\247\214\226"
 831      A35B339A 
 831      35A33F8D 
 831      5E69B427 
 831      A3A78C96 
 832 012b 1AAD1A1D 		.ascii	"\032\255\032\0355\372\005bQ\\\244n\007\233\354\326\330"
 832      35FA0562 
 832      515CA46E 
 832      079BECD6 
 832      D8
 833 013c A1592C13 		.ascii	"\241Y,\023J\220;\375K\366\233\374\320\311W\276\214I"
 833      4A903BFD 
 833      4BF69BFC 
 833      D0C957BE 
 833      8C49
 834 014e F2F16577 		.ascii	"\362\361ewo\276\317\237\311\001\011\242\034\210\351"
 834      6FBECF9F 
 834      C90109A2 
 834      1C88E9
 835 015d 992EA9E0 		.ascii	"\231.\251\340\250\246\356\260KImT\253\304\006\207)\270"
 835      A8A6EEB0 
 835      4B496D54 
 835      ABC40687 
 835      29B8
 836 016f 82E995A0 		.ascii	"\202\351\225\240\252bD3\227\273\273\322\015\016S\033"
 836      AA624433 
 836      97BBBBD2 
 836      0D0E531B 
 837 017f B5D10252 		.ascii	"\265\321\002R\025\345 R'\236\252\2564N\031\341\246z"
 837      15E52052 
 837      279EAAAE 
 837      344E19E1 
 837      A67A
 838 0191 7A239DD4 		.ascii	"z#\235\324\251\321\213\021\216\241\2503L\343\336W<\251"
 838      A9D18B11 
 838      8EA1A833 
 838      4CE3DE57 
 838      3CA9
 839 01a3 724B119A 		.ascii	"rK\021\232\022\227\252}\237*\005\334\224\"MQ\231,Qr"
 839      1297AA7D 
ARM GAS  C:\Users\PUBLIC~1.LAP\AppData\Local\Temp\cc5KItyk.s 			page 66


 839      9F2A05DC 
 839      94224D51 
 839      992C5172 
 840 01b7 30CC53D4 		.ascii	"0\314S\324y\265\333\355v_\340]\243\252\224\021\216("
 840      79B5DBED 
 840      765FE05D 
 840      A3AA9411 
 840      8E28
 841 01c9 EA6C9F38 		.ascii	"\352l\2378\222\032\201.\273:f\266i\217B1\200B\212\037"
 841      921A812E 
 841      BB3A66B6 
 841      698F4231 
 841      80428A1F 
 842 01dd E9F97677 		.ascii	"\351\371vw\366\024\265\377\2340\241#}h\266 i\235\007"
 842      F614B5FF 
 842      9C30A123 
 842      7D68B620 
 842      699D07
 843 01f0 24787870 		.ascii	"$xxph\266 \234\010,.x\000!\313\260a\203L\302\204\017"
 843      68B6209C 
 843      082C2E78 
 843      0021CBB0 
 843      61834CC2 
 844 0206 1A6436A0 		.ascii	"\032d6\240\237\036\037\031O\316\216\314\326#\243\325"
 844      9F1E1F19 
 844      4FCE8ECC 
 844      D623A3D5 
 845 0216 7E8054F4 		.ascii	"~\200T\364`p\340\201C\215V\333\301p3\223\020\301'E\011"
 845      6070E081 
 845      438D56DB 
 845      C1703393 
 845      10C12745 
 846 022b A09B163B 		.ascii	"\240\233\026;A5\036\234\034\010\020n*d\340\020\3565"
 846      41351E9C 
 846      1C08106E 
 846      2A64E010 
 846      EE35
 847 023d E72F8B18 		.ascii	"\347/\213\030,C:\344\032\265qnE\347\333\335\231_ED\316"
 847      2C433AE4 
 847      1AB5716E 
 847      45E7DBDD 
 847      995F4544 
 848 0252 ABCB0BEF 		.ascii	"\253\313\013\3573\222\001\303\274\224\2455*\323\024"
 848      339201C3 
 848      BC94A535 
 848      2AD314
 849 0261 E5B04B5F 		.ascii	"\345\260K_-u\251\227\246\025\323\226zQE:\242\353x\237"
 849      2D75A997 
 849      A615D396 
 849      7A51453A 
 849      A2EB789F 
 850 0275 B2F431FD 		.ascii	"\262\3641\375\024\000\324Q\222\251\232\002)(\002> `"
 850      1400D451 
 850      92A99A02 
 850      2928023E 
 850      2060
 851 0287 0219B233 		.ascii	"\002\031\2623\017\001;\342<`2\206\020Gx\010\007\354"
ARM GAS  C:\Users\PUBLIC~1.LAP\AppData\Local\Temp\cc5KItyk.s 			page 67


 851      0F013BE2 
 851      3C603286 
 851      10477808 
 851      07EC
 852 0299 6BBC6978 		.ascii	"k\274ix\273\331\001KJr\256%q\342t95\203\243\231P\014"
 852      BBD9014B 
 852      4A72AE25 
 852      71E27439 
 852      3583A399 
 853 02af 0FD8B761 		.ascii	"\017\330\267a|\226\254\242O\356*V\302\266\240C&\370"
 853      7C96ACA2 
 853      4FEE2A56 
 853      C2B6A043 
 853      26F8
 854 02c1 1AAA154A 		.ascii	"\032\252\025J\230\006o\247\345\315\203\365X\021\333"
 854      98066FA7 
 854      E5CD83F5 
 854      5811DB
 855 02d0 30BE3076 		.ascii	"0\2760v\346y\007\303x\260\343\334\003\015\261\3309\351"
 855      E67907C3 
 855      78B0E3DC 
 855      030DB1D8 
 855      39E9
 856 02e2 B8AFA08A 		.ascii	"\270\257\240\212\233\005\010\367\340/S\322e\200+Y\034"
 856      9B0508F7 
 856      E02F53D2 
 856      65802B59 
 856      1C
 857 02f3 72D971A2 		.ascii	"r\331q\242\031\021\355~\273\301q\027\323\334\326\204"
 857      1911ED7E 
 857      BBC17117 
 857      D3DCD684 
 858 0303 5332DCB5 		.ascii	"S2\334\265\314\020\241\275b\035\017$\021\323e\236"
 858      CC10A1BD 
 858      621D0F24 
 858      11D3659E 
 859              		.text
 860              		.section	.gnu.lto_usb_lld_get_status_out.330.83ad7a2e,"e",%progbits
 861 0000 28B52FFD 		.ascii	"(\265/\375`\276\000=\014\000f\327VC\000s\224\016\230"
 861      60BE003D 
 861      0C0066D7 
 861      56430073 
 861      940E98
 862 0013 2B54B510 		.ascii	"+T\265\020\355\253\276}\353\027a\233MN\353\204\204Q"
 862      EDABBE7D 
 862      EB17619B 
 862      4D4EEB84 
 862      8451
 863 0025 372FE0BE 		.ascii	"7/\340\276\011\214GSw\261\377\206\256\317\355\202\301"
 863      098C4753 
 863      77B1FF86 
 863      AECFED82 
 863      C1
 864 0036 F0929959 		.ascii	"\360\222\231YEh}\201A\373\271\352\010!w\260\366\003"
 864      45687D81 
 864      41FBB9EA 
 864      082177B0 
ARM GAS  C:\Users\PUBLIC~1.LAP\AppData\Local\Temp\cc5KItyk.s 			page 68


 864      F603
 865 0048 FCC308D2 		.ascii	"\374\303\010\322\310\336R\246\024C\000?\000>\000\004"
 865      C8DE52A6 
 865      1443003F 
 865      003E0004 
 866 0058 AE47DBD6 		.ascii	"\256G\333\326, \271t/E\011\007#p\264\350\261\353e\212"
 866      2C20B974 
 866      2F450907 
 866      2370B4E8 
 866      B1EB658A 
 867 006c E2A543CD 		.ascii	"\342\245C\315\222\017\2403\035b\250+D`\242\006j@\327"
 867      920FA033 
 867      1D62A82B 
 867      4460A206 
 867      6A40D7
 868 007f 0186C4A4 		.ascii	"\001\206\304\244t\274\365\374\320\275dfJv\327y\352D"
 868      74BCF5FC 
 868      D0BD6466 
 868      4A76D779 
 868      EA44
 869 0091 DCF1B61F 		.ascii	"\334\361\266\037\330\266`\277@g\335\360\253_a\372\230"
 869      D8B660BF 
 869      4067DDF0 
 869      AB5F61FA 
 869      98
 870 00a2 80158CEE 		.ascii	"\200\025\214\356 ^\354\206\370~\354\215HC\205m\222\035"
 870      205EEC86 
 870      F87EEC8D 
 870      4843856D 
 870      921D
 871 00b4 C0B6E659 		.ascii	"\300\266\346Y#\353.\314W\001{t\246}\230\257 }\305\301"
 871      23EB2ECC 
 871      57017B74 
 871      A67D98AF 
 871      207DC5C1 
 872 00c8 20BBAC1C 		.ascii	" \273\254\0342v=\021K\300\036\015<\344z\204\017?\312"
 872      32763D11 
 872      4BC01E0D 
 872      3CE47A84 
 872      0F3FCA
 873 00db 038918E9 		.ascii	"\003\211\030\351\227.\353\3116T\227\270\250\013\334"
 873      972EEBC9 
 873      365497B8 
 873      A80BDC
 874 00ea DD85AACA 		.ascii	"\335\205\252\312\2506'\312\237\256P7g\360\2109\241\252"
 874      A83627CA 
 874      9FAE5037 
 874      67F08839 
 874      A1AA
 875 00fc 72E6A32B 		.ascii	"r\346\243+\352[?`r\261\203\205\215\227\364a{\246T\225"
 875      EA5B3F60 
 875      72B18385 
 875      8D97F461 
 875      7BA65495 
 876 0110 7DFDBEEF 		.ascii	"}\375\276\357\263\246\354 \226\004i\234\010\372B\002"
 876      B3A6EC20 
 876      9604699C 
ARM GAS  C:\Users\PUBLIC~1.LAP\AppData\Local\Temp\cc5KItyk.s 			page 69


 876      08FA4202 
 877 0120 0C1E0F47 		.ascii	"\014\036\017G\343D\034\222\015\020T(d'((\231F\301\204"
 877      E3441C92 
 877      0D105428 
 877      64272828 
 877      9946C184 
 878 0134 0819176A 		.ascii	"\010\031\027j\371\2002\317J'\343>\231\266\265\2044|"
 878      F98032CF 
 878      4A27E33E 
 878      99B6B584 
 878      347C
 879 0146 4C445452 		.ascii	"LDTR6m\353\230l\030hH@\031XB\233QG\264y8+##\233\006"
 879      366DEB98 
 879      6C186848 
 879      40195842 
 879      9B5147B4 
 880 0161 2729DE5E 		.ascii	"')\336^S~+\017\000\001OD\017\007\374\251\011M\305\034"
 880      537E2B0F 
 880      00014F44 
 880      0F07FCA9 
 880      094DC51C 
 881 0175 EAE2A2AC 		.ascii	"\352\342\242\254\036\3251n\211.\264P\302H\312L\032\241"
 881      1ED5316E 
 881      892EB450 
 881      C248CA4C 
 881      1AA1
 882 0187 4907288C 		.ascii	"I\007(\214-M\323\300\024\024"
 882      2D4DD3C0 
 882      1414
 883              		.text
 884              		.section	.gnu.lto_usb_lld_get_status_in.331.83ad7a2e,"e",%progbits
 885 0000 28B52FFD 		.ascii	"(\265/\375`\274\0005\014\000F\227VC\020\221\223\016"
 885      60BC0035 
 885      0C004697 
 885      56431091 
 885      930E
 886 0012 4B952016 		.ascii	"K\225 \026\224\036D\274T\001\2250\253Oz/\034\303\027"
 886      941E44BC 
 886      54019530 
 886      AB4F7A2F 
 886      1CC317
 887 0025 3908E296 		.ascii	"9\010\342\226:\307\216\202\265\367\2515H\210EE\035T"
 887      3AC78E82 
 887      B5F7A935 
 887      48884545 
 887      1D54
 888 0037 686CC8D1 		.ascii	"hl\310\321\307\010\305\000\310B\265\033\202>\000\004"
 888      C708C500 
 888      C842B51B 
 888      823E0004 
 889 0047 EDDFA419 		.ascii	"\355\337\244\031\223F\366\2262\245C\000?\000=\000\326"
 889      9346F696 
 889      32A54300 
 889      3F003D00 
 889      D6
 890 0058 A36D6F16 		.ascii	"\243mo\026\214L\272\227\242\204\003\022/J:v=LQ\234t"
 890      8C4CBA97 
ARM GAS  C:\Users\PUBLIC~1.LAP\AppData\Local\Temp\cc5KItyk.s 			page 70


 890      A2840312 
 890      2F4A3A76 
 890      3D4C519C 
 891 006d A849F203 		.ascii	"\250I\362\003\234X\016/\227+D`\242\206\313\200\223\007"
 891      9C580E2F 
 891      972B4460 
 891      A286CB80 
 891      9307
 892 007f F8B142E1 		.ascii	"\370\261B\341\270\314\023\304\251\224\251\031\331]\247"
 892      B8CC13C4 
 892      A994A919 
 892      D95DA7
 893 008e E934E28E 		.ascii	"\3514\342\216\267\375\300\366\005\373\005\002\3601\277"
 893      B7FDC0F6 
 893      05FB0502 
 893      F031BF
 894 009d C2F4AF08 		.ascii	"\302\364\257\010/-\014\320\330\025\361\361X\033q\206"
 894      2F2D0CD0 
 894      D815F1F1 
 894      581B7186 
 895 00ad 0ADBB73D 		.ascii	"\012\333\267=\262\005\330\326\274Jd\335\205\351a\341"
 895      B205D8D6 
 895      BC4A64DD 
 895      85E961E1 
 896 00bd 7A74A67D 		.ascii	"zt\246}\230\263\030=\246\203\001\354\252n\304\330\365"
 896      98B3183D 
 896      A68301EC 
 896      AA6EC4D8 
 896      F5
 897 00ce 403CE17A 		.ascii	"@<\341z<\360\017\353\021\236@\017\361a\305L\372$\313"
 897      3CF00FEB 
 897      119E400F 
 897      F161C54C 
 897      FA24CB
 898 00e1 6AB20DD5 		.ascii	"j\262\015\325#-\332\002ww\241\2462\252\335\205\362\246"
 898      232DDA02 
 898      7777A1A6 
 898      32AADD85 
 898      F2A6
 899 00f3 2BD44D19 		.ascii	"+\324M\0319V'TS\326\\dE]\301xq1S\312\035\266\307\222"
 899      39562754 
 899      53D65C64 
 899      455DC178 
 899      713153CA 
 900 010b 9AB2AFDF 		.ascii	"\232\262\257\337\367}V\224}\325\035\234JrY\027\202\306"
 900      F77D5694 
 900      7DD51D9C 
 900      4A725917 
 900      82C6
 901 011d 9020C3B6 		.ascii	"\220 \303\266u\262.\324\021\341\000\001\245\002Vbb\202"
 901      75B22ED4 
 901      11E10001 
 901      A5025662 
 901      6282
 902 012f 6D145090 		.ascii	"m\024P\220\200u\240\225\017\207m)\036\254\373`\231\266"
 902      8075A095 
 902      0F876D29 
ARM GAS  C:\Users\PUBLIC~1.LAP\AppData\Local\Temp\cc5KItyk.s 			page 71


 902      1EACFB60 
 902      99B6
 903 0141 02DAF021 		.ascii	"\002\332\360!\001A9\3212\315C\302a\260\021\3414\250"
 903      014139D1 
 903      32CD43C2 
 903      61B011E1 
 903      34A8
 904 0153 8038224F 		.ascii	"\2008\"OH\333:)!!\234\006%'\336^Q\276\314\003\017\000"
 904      48DB3A29 
 904      21219C06 
 904      2527DE5E 
 904      51BECC03 
 905 0169 014F440F 		.ascii	"\001OD\017\007\374\251\011M\305\034\352\342\242\254"
 905      07FCA909 
 905      4DC51CEA 
 905      E2A2AC
 906 0178 1ED511DF 		.ascii	"\036\325\021\337\3555+ua\030\022\246\215\320\244\003"
 906      ED352B75 
 906      611812A6 
 906      8DD0A403 
 907 0188 14C696A6 		.ascii	"\024\306\226\246i`\012\012"
 907      69600A0A 
 908              		.text
 909              		.section	.gnu.lto_usb_lld_read_setup.332.83ad7a2e,"e",%progbits
 910 0000 28B52FFD 		.ascii	"(\265/\375`\037\003\245\026\000F*\225J\240\226U:\000"
 910      601F03A5 
 910      1600462A 
 910      954AA096 
 910      553A00
 911 0013 A3C21BF1 		.ascii	"\243\302\033\361\027&\326\2532/x$\367\271\272\217x\317"
 911      1726D6AB 
 911      322F7824 
 911      F7B9BA8F 
 911      78CF
 912 0025 B5E3D28F 		.ascii	"\265\343\322\217\220\013~\305\2604\031\315[\233\271"
 912      900B7EC5 
 912      B03419CD 
 912      5B9BB9
 913 0034 B6368C78 		.ascii	"\2666\214x\030\023)v\214\367\340!}\021\276*\260]\375"
 913      18132976 
 913      8CF7E021 
 913      7D11BE2A 
 913      B05DFD
 914 0047 0E71729A 		.ascii	"\016qr\232\0306\030\343\266v\020B\310\336R&\031|\000"
 914      183618E3 
 914      B6761042 
 914      C8DE5226 
 914      197C00
 915 005a 75008200 		.ascii	"u\000\202\000;s\000\367\032\035\266k]\022B O\367\274"
 915      3B7300F7 
 915      1A1DB66B 
 915      5D124220 
 915      4FF7BC
 916 006d FBA5CFC0 		.ascii	"\373\245\317\300\235\306\207-k\255\301\343G\255>\230"
 916      9DC6872D 
 916      6BADC1E3 
 916      47AD3E98 
ARM GAS  C:\Users\PUBLIC~1.LAP\AppData\Local\Temp\cc5KItyk.s 			page 72


 917 007d C5214F03 		.ascii	"\305!O\003\274E<\235g\211\247\213\333\025\272\024\245"
 917      BC453C9D 
 917      6789A78B 
 917      DB15BA14 
 917      A5
 918 008e 4E140946 		.ascii	"N\024\011F\251\265\272\232\305\362\247\357;\031w:\233"
 918      A9B5BA9A 
 918      C5F2A7EF 
 918      3B19773A 
 918      9B
 919 009f 71FB1B9F 		.ascii	"q\373\033\237=\024Pt;\241\323\331\222\004CI\265+\232"
 919      3D145074 
 919      3BA1D3D9 
 919      92044349 
 919      B52B9A
 920 00b2 0384F4F0 		.ascii	"\003\204\364\360q\340Y\304\216\210\247\222\211\367\201"
 920      71E059C4 
 920      8E88A792 
 920      89F781
 921 00c1 A73D1E13 		.ascii	"\247=\036\023\335\316\304y\\Pk]\326\355H|\305\357\256"
 921      DDCEC479 
 921      5C506B5D 
 921      D6ED487C 
 921      C5EFAE
 922 00d4 6D777B76 		.ascii	"mw{v[A\335\333}9\323\337z\360\313\372\357\273\032yY"
 922      5B41DDDB 
 922      7D39D3DF 
 922      7AF0CBFA 
 922      EFBB1A79 
 923 00e9 9A5755F2 		.ascii	"\232WU\362\256\220\274\251\221\027\325\274*%oI\362\222"
 923      AE90BCA9 
 923      9117D5BC 
 923      2A256F49 
 923      F292
 924 00fb 23EFD8BC 		.ascii	"#\357\330\274b\311KI\3369\362v\363\262\310{\000|\"\311"
 924      62C94B49 
 924      DE39F276 
 924      F3B2C87B 
 924      007C22C9 
 925 010f 92D2EF3C 		.ascii	"\222\322\357<#\265\216x\232R\235(\220\027\017\376\277"
 925      23B58E78 
 925      9A529D28 
 925      90170FFE 
 925      BF
 926 0120 DDE3D837 		.ascii	"\335\343\3307-*xs\212\3014\201\274o\017\\\324\351\356"
 926      2D2A7873 
 926      8AC13481 
 926      BC6F0F5C 
 926      D4E9EE
 927 0133 FE805E49 		.ascii	"\376\200^I\324;A\212a\243I\255>\002\247+\201<=jw\233"
 927      D43B418A 
 927      61A349AD 
 927      3E02A72B 
 927      813C3D6A 
 928 0149 29E82902 		.ascii	")\350)\002\363\006\275\342\222\032\202\272@6\252\354"
 928      F306BDE2 
 928      921A82BA 
ARM GAS  C:\Users\PUBLIC~1.LAP\AppData\Local\Temp\cc5KItyk.s 			page 73


 928      4036AAEC 
 929 0159 56ABF059 		.ascii	"V\253\360Y\342\252\313\025\351c\244\315\036i\267Z\354"
 929      E2AACB15 
 929      E963A4CD 
 929      1E69B75A 
 929      EC
 930 016a E764C87C 		.ascii	"\347d\310|\325\264\217$\247\202\374\022\021Y=[u\004"
 930      D5B48F24 
 930      A782FC12 
 930      11593D5B 
 930      7504
 931 017c 458EDCB0 		.ascii	"E\216\334\260{\277\203\203\005U\213Zk\220xz\335\023"
 931      7BBF8383 
 931      05558B5A 
 931      6B90787A 
 931      DD13
 932 018e 56773392 		.ascii	"Vw3\222\020\303\241Vs\217D\274\247\335\353\360\000\023"
 932      10C3A156 
 932      738F44BC 
 932      A7DDEBF0 
 932      0013
 933 01a0 A0A4D615 		.ascii	"\240\244\326\025w\261\224\325\335$\342\010\310\303]"
 933      77B194D5 
 933      DD24E208 
 933      C8C35D
 934 01af F5AC49BE 		.ascii	"\365\254I\276z\014\342\373M\317\351\361\240\344d\020"
 934      7A0CE2FB 
 934      4DCFE9F1 
 934      A0E46410 
 935 01bf F1B05988 		.ascii	"\361\260Y\210\213%R\272\221v}B\374\244 %\2146=4\031"
 935      8B2552BA 
 935      91767D42 
 935      FCA42025 
 935      8C363D34 
 936 01d4 D084BDC2 		.ascii	"\320\204\275\302\355\3253\037\236\275j\267\271\024\012"
 936      EDD5331F 
 936      9EBD6AB7 
 936      B9140A
 937 01e3 F4C4623B 		.ascii	"\364\304b;\257\332mGf\003\203\234\007\256\032\033\033"
 937      AFDA6D47 
 937      6603839C 
 937      07AE1A1B 
 937      1B
 938 01f4 D78C0107 		.ascii	"\327\214\001\007\015\\5\033M6s\305x~\\5\231\353\005"
 938      0D5C351B 
 938      4D3673C5 
 938      787E5C35 
 938      99EB05
 939 0207 A3D934C8 		.ascii	"\243\3314\310h`rn`/\330\017\215\016\202\031\231Y\006"
 939      6860726E 
 939      602FD80F 
 939      8D0E8219 
 939      995906
 940 021a 1F9B4ED0 		.ascii	"\037\233N\320\317\015\026\333\341\211\211\321IPs\343"
 940      CF0D16DB 
 940      E18989D1 
 940      495073E3 
ARM GAS  C:\Users\PUBLIC~1.LAP\AppData\Local\Temp\cc5KItyk.s 			page 74


 941 022a ABEFDEFE 		.ascii	"\253\357\336\376\306o\224$\205\323P\017\321F\332\362"
 941      C66F9424 
 941      85D3500F 
 941      D146DAF2 
 942 023a A85F9A1E 		.ascii	"\250_\232\036\361\352\310\013q\010A\260\224\317Zk\235"
 942      F1EAC80B 
 942      710841B0 
 942      94CF5A6B 
 942      9D
 943 024b 3B0F24AE 		.ascii	";\017$\256\372\245\017<N\217\307$\247\202\345\225j\226"
 943      FAA50F3C 
 943      4E8FC724 
 943      A782E595 
 943      6A96
 944 025d 956EB52A 		.ascii	"\225n\265*> \320\002\241:\352\001?\342\0340\310\220"
 944      3E20D002 
 944      A13AEA01 
 944      3FE21C30 
 944      C890
 945 026f 3782F72B 		.ascii	"7\202\367+\373\026\315\300\264\004Px\211\202\320\010"
 945      FB16CDC0 
 945      B4045078 
 945      8982D008 
 946 027f 4204973E 		.ascii	"B\004\227>\026M\254+\312=L\020s\004lw/\217\222\354\302"
 946      164DAC2B 
 946      CA3D4C10 
 946      73046C77 
 946      2F8F92EC 
 947 0294 8C10EEB0 		.ascii	"\214\020\356\260\007\221$ y`\255\023\010\304\032U\037"
 947      07912420 
 947      7960AD13 
 947      08C41A55 
 947      1F
 948 02a5 1433F613 		.ascii	"\0243\366\023\347q\034V+\246\367\201+\215\327k,\005"
 948      E7711C56 
 948      2BA6F781 
 948      2B8DD76B 
 948      2C05
 949 02b7 2E235AC8 		.ascii	".#Z\310\246=\034|jV\240\230%\014{_\325\266+\234\313"
 949      A63D1C7C 
 949      6A56A098 
 949      250C7B5F 
 949      D5B62B9C 
 950 02cc 1D568129 		.ascii	"\035V\201)\356\265\320\020\341^\261\214\007N\304t\371"
 950      EEB5D010 
 950      E15EB18C 
 950      074EC474 
 950      F9
 951 02dd 27       		.ascii	"'"
 952              		.text
 953              		.section	.gnu.lto_usb_lld_start_out.333.83ad7a2e,"e",%progbits
 954 0000 28B52FFD 		.ascii	"(\265/\375`\362\002}\026\000V\250\221K\260\022R:i=\216"
 954      60F2027D 
 954      160056A8 
 954      914BB012 
 954      523A693D 
 955 0015 4643C785 		.ascii	"FC\307\205\011y\220\3728\220\001]m\247{\214\037wA\233"
ARM GAS  C:\Users\PUBLIC~1.LAP\AppData\Local\Temp\cc5KItyk.s 			page 75


 955      097990FA 
 955      3890015D 
 955      6DA77B8C 
 955      1F77419B 
 956 0029 84390AD0 		.ascii	"\2049\012\320QB\206\336\346VB\336?d\333\272\230$\207"
 956      514286DE 
 956      E65642DE 
 956      3F64DBBA 
 956      982487
 957 003c 60F7C5D3 		.ascii	"`\367\305\323GD^\373\357a\327<,\375\331\321\267\201"
 957      47445EFB 
 957      EF61D73C 
 957      2CFDD9D1 
 957      B781
 958 004e 8870D06F 		.ascii	"\210p\320o%\177\023\"w\222\001v\000s\000\200\000[L+"
 958      257F1322 
 958      77920176 
 958      00730080 
 958      005B4C2B 
 959 0062 B482741F 		.ascii	"\264\202t\037\015\334\\\234\223\322]\027\005\277C\201"
 959      0DDC5C9C 
 959      93D25D17 
 959      05BF4381 
 960 0072 58EE6ED2 		.ascii	"X\356n\322\2729o\356\351\356\233\356\364\373\323\320"
 960      BA396FEE 
 960      E9EE9BEE 
 960      F4FBD3D0 
 961 0082 C6BAA164 		.ascii	"\306\272\241d\320\350>\256l\315yS\345\002\352\315\362"
 961      D0E83EAE 
 961      6CCD7953 
 961      E502EACD 
 961      F2
 962 0093 01EACDFD 		.ascii	"\001\352\315\375\355\376H\0211B\344\022\026\351n\032"
 962      EDFE4811 
 962      3142E412 
 962      16E96E1A 
 963 00a3 9FF8EF66 		.ascii	"\237\370\357f\311\364\267\207\301\304\216\206D7\223"
 963      C9F4B787 
 963      C1C48E86 
 963      443793
 964 00b2 5ECA8649 		.ascii	"^\312\206I\347\222\241\260T\351\356G\235\216\030\006"
 964      E792A1B0 
 964      54E9EE47 
 964      9D8E1806 
 965 00c2 2985C174 		.ascii	")\205\301t\367\322\243!\322\267~wkv\367\302./\010\237"
 965      F7D2A321 
 965      D2B77E77 
 965      6B76F7C2 
 965      2E2F089F 
 966 00d6 F2252876 		.ascii	"\362%(v\367\313n\356R\034\316\356\256\261\310\360\263"
 966      F7CB6EEE 
 966      521CCEEE 
 966      AEB1C8F0 
 966      B3
 967 00e7 E223C550 		.ascii	"\342#\305P\275I9fE\302\347\001A\245*#$\220\"w\217D\224"
 967      BD493966 
 967      45C2E701 
ARM GAS  C:\Users\PUBLIC~1.LAP\AppData\Local\Temp\cc5KItyk.s 			page 76


 967      41A52A23 
 967      24902277 
 968 00fe 99765F36 		.ascii	"\231v_6/\355\336\370=\371\323or\250\237\344\244;;\351"
 968      2FEDDEF8 
 968      3DF9D36F 
 968      72A89FE4 
 968      A43B3BE9 
 969 0112 CA607463 		.ascii	"\312`tc\225\356Y\351\302*\335Z\351\2320\272e\245\313"
 969      95EE59E9 
 969      C22ADD5A 
 969      E99A30BA 
 969      65A5CB
 970 0125 265D5AD2 		.ascii	"&]Z\322=\012\200\252,\252\032Wz\321M\"\371\325X\246"
 970      3D0A80AA 
 970      2CAA1A57 
 970      7AD14D22 
 970      F9D558A6 
 971 0139 958A1BFF 		.ascii	"\225\212\033\377\335?jg\273k\024z#\365\003\246\214'"
 971      DD3F6A67 
 971      BB6B147A 
 971      23F503A6 
 971      8C27
 972 014b 10BF9C8C 		.ascii	"\020\277\234\214Rf\214\255~\264ur\214)\020#$\020\306"
 972      52668CAD 
 972      7EB47572 
 972      8C291023 
 972      2410C6
 973 015e 27A77415 		.ascii	"'\247t\025=\231$\223\311\344o\2652\214S\250Lf\256\\"
 973      3D992493 
 973      C9E46FB5 
 973      328C53A8 
 973      4C66AE5C 
 974 0172 F628520A 		.ascii	"\366(R\012R\344\226l\362\215\2206\257\2729\177E$\342"
 974      52E4966C 
 974      F28D9036 
 974      AFBA397F 
 974      4524E2
 975 0185 642C99E9 		.ascii	"d,\231\3519u\327\302g\344\224\340\020\2074q\321\356"
 975      3975D7C2 
 975      67E494E0 
 975      10873471 
 975      D1EE
 976 0197 26E2DF2A 		.ascii	"&\342\337*3nJKH\275\036\343\266\207\201a\347\344\251"
 976      336E4A4B 
 976      48BD1EE3 
 976      B6878161 
 976      E7E4A9
 977 01aa 37995F88 		.ascii	"7\231_\210]^=w!tv\013k\373\026\0376\324\212\276z\363"
 977      5D5E3D77 
 977      2174760B 
 977      6BFB161F 
 977      36D48ABE 
 978 01c0 84096819 		.ascii	"\204\011h\031\201\024\031\"\274\336\216y=\224\207\353"
 978      81141922 
 978      BCDE8E79 
 978      3D9487EB 
 979 01d0 F9CAE539 		.ascii	"\371\312\3459\240A\247\273\341z\276[\213\207\0066\033"
ARM GAS  C:\Users\PUBLIC~1.LAP\AppData\Local\Temp\cc5KItyk.s 			page 77


 979      A041A7BB 
 979      E17ABE5B 
 979      8B870636 
 979      1B
 980 01e1 9ACCCC0C 		.ascii	"\232\314\314\014\315\005A\205\007\264^\020\320\216G"
 980      CD054185 
 980      07B45E10 
 980      D08E47
 981 01f0 D3EDF8D0 		.ascii	"\323\355\370\320z;\032.\007\024\324a\027\263b\243\311"
 981      7A3B1A2E 
 981      0714D461 
 981      17B362A3 
 981      C9
 982 0201 E1723E31 		.ascii	"\341r>1:5\227\026\336OO\220\216\220\217/\247\273\355"
 982      3A359716 
 982      DE4F4F90 
 982      8E908F2F 
 982      A7BBED
 983 0214 B0B0E830 		.ascii	"\260\260\3500\220\2419\366\313\346\245=\263\204`\001"
 983      90A139F6 
 983      CBE6A53D 
 983      B3846001 
 984 0224 19B833E6 		.ascii	"\031\2703\346\261C\207\024E\356\311\013T\031\317J\004"
 984      B1438714 
 984      45EEC90B 
 984      5419CF4A 
 984      04
 985 0235 1D3C0704 		.ascii	"\035<\007\004\224b\267\211\032\216\010%7w%\374\212\306"
 985      9462B789 
 985      1A8E0825 
 985      377725FC 
 985      8AC6
 986 0247 C66F5018 		.ascii	"\306oP\030)6\212\356\333\252\255>8 `\002\031*;\017\001"
 986      29368AEE 
 986      DBAAAD3E 
 986      38206002 
 986      192A3B0F 
 987 025c 3BE2BCD0 		.ascii	";\342\274\320\031\022\303\221@\006g\216qH\224\016,\230"
 987      1912C391 
 987      4006678E 
 987      7148940E 
 987      2C98
 988 026e 97287013 		.ascii	"\227(p\023\207h#\321\202\037V\212\353d6\024\344a|?o"
 988      876823D1 
 988      821F568A 
 988      EB643614 
 988      E4617C3F 
 989 0283 7465A127 		.ascii	"te\241'w1Y&\361aP\303\3018h\204\275\275\016\361\\\013"
 989      77315926 
 989      F16150C3 
 989      C1386884 
 989      BDBD0EF1 
 990 0299 D68D6DB8 		.ascii	"\326\215m\270!\373\262%:*[\002\214\010_\336\030\341"
 990      21FBB225 
 990      3A2A5B02 
 990      8C085FDE 
 990      18E1
ARM GAS  C:\Users\PUBLIC~1.LAP\AppData\Local\Temp\cc5KItyk.s 			page 78


 991 02ab 6F692AC8 		.ascii	"oi*\310R^\332J\177\014\026\010\245R\260\352\"\216\017"
 991      525EDA4A 
 991      7F0C1608 
 991      A552B0EA 
 991      228E0F
 992 02be C04DCC5C 		.ascii	"\300M\314\\\034\361\3065\005\020\223\340\256\002:Ev"
 992      1CF1C635 
 992      051093E0 
 992      AE023A45 
 992      76
 993 02cf 73077C2A 		.ascii	"s\007|*7\344\336\326\006="
 993      37E4DED6 
 993      063D
 994              		.text
 995              		.section	.gnu.lto_usb_lld_start_in.334.83ad7a2e,"e",%progbits
 996 0000 28B52FFD 		.ascii	"(\265/\375`O\001U\017\000\206\\iH\340\222*\035(]\206"
 996      604F0155 
 996      0F00865C 
 996      6948E092 
 996      2A1D285D 
 997 0015 C0A2CDB7 		.ascii	"\300\242\315\267\030*\005\2312\234\341\375\371\326\365"
 997      182A0599 
 997      329CE1FD 
 997      F9D6F5
 998 0024 844C8E13 		.ascii	"\204L\216\023|\2073\304s\200\263\2034^\217@;\270\362"
 998      7C8733C4 
 998      7380B383 
 998      345E8F40 
 998      3BB8F2
 999 0037 F040D595 		.ascii	"\360@\325\225'\200Y4C\232\202\210_\336\033\225\007\230"
 999      27805934 
 999      439A8288 
 999      5FDE1B95 
 999      0798
 1000 0049 F821C704 		.ascii	"\370!\307\004\036J\2034B\210\334)\005N\000P\000Y\000"
 1000      1E4A8334 
 1000      4288DC29 
 1000      054E0050 
 1000      005900
 1001 005c BF8DB0EE 		.ascii	"\277\215\260\356\332t\030\302\177\376\264o\273\014\330"
 1001      DA7418C2 
 1001      7FFEB46F 
 1001      BB0CD8
 1002 006b 69600CDA 		.ascii	"i`\014\332\275\341\330\261\233+q\205\360\037\311\013"
 1002      BDE1D8B1 
 1002      9B2B7185 
 1002      F01FC90B 
 1003 007b 80FFBC0F 		.ascii	"\200\377\274\017\000\377\031f\363\0340\021`\206C\243"
 1003      00FF1966 
 1003      F31C3011 
 1003      608643A3 
 1004 008b 67774565 		.ascii	"gwEeq\330'\314\177\315A2\231\230\317\217\204\335\365"
 1004      71D827CC 
 1004      7FCD4132 
 1004      9998CF8F 
 1004      84DDF5
 1005 009e 94C9CCDC 		.ascii	"\224\311\314\334z\333\011lo\260\177\023j\200V\373\201"
ARM GAS  C:\Users\PUBLIC~1.LAP\AppData\Local\Temp\cc5KItyk.s 			page 79


 1005      7ADB096C 
 1005      6FB07F13 
 1005      6A8056FB 
 1005      81
 1006 00af 62179B3B 		.ascii	"b\027\233;;\0273u\205}o\225f\037w\177N\363\203\277\375"
 1006      3B173375 
 1006      857D6F95 
 1006      661F777F 
 1006      4EF383BF 
 1007 00c4 1E38ADDF 		.ascii	"\0368\255\337\364\364\246?\"\200\207\017\0356\257\365"
 1007      F4F4A63F 
 1007      2280870F 
 1007      1D36AFF5 
 1008 00d4 D8555184 		.ascii	"\330UQ\204\310\356|:/\216\373\355\277\306\000l\343^"
 1008      C8EE7C3A 
 1008      2F8EFBED 
 1008      BFC6006C 
 1008      E35E
 1009 00e6 DF997D90 		.ascii	"\337\231}\220\236\030)\200\354\346\026\374\263K8\247"
 1009      9E182980 
 1009      ECE616FC 
 1009      B34B38A7 
 1010 00f6 1D7A000B 		.ascii	"\035z\000\013\0314\314\313LrB\3679H\327)P\005g9Cp?\201"
 1010      1934CCCB 
 1010      4C7242F7 
 1010      3948D729 
 1010      50056739 
 1011 010e 76E9374E 		.ascii	"v\3517N\276\015\022\245\265\016\340?\227Y\216M\310\370"
 1011      BE0D12A5 
 1011      B50EE03F 
 1011      97598E4D 
 1011      C8F8
 1012 0120 1AAF70B7 		.ascii	"\032\257p\267\204\310\307\021\341\301\201\316\005\376"
 1012      84C8C711 
 1012      E1C181CE 
 1012      05FE
 1013 012e FB288216 		.ascii	"\373(\202\026\270\330\334\221\370\215\313D\267\273\020"
 1013      B8D8DC91 
 1013      F88DCB44 
 1013      B7BB10
 1014 013d EC97CF58 		.ascii	"\354\227\317X\205\273+\262a\201`Ps\001\003\376\233\012"
 1014      85BB2BB2 
 1014      61816050 
 1014      730103FE 
 1014      9B0A
 1015 014f D2F1F401 		.ascii	"\322\361\364\001d9*\211\232\244\251ty>\231pP\251H\246"
 1015      64392A89 
 1015      9AA4A974 
 1015      793E9970 
 1015      50A948A6 
 1016 0163 D2454209 		.ascii	"\322EB\0111\241\345\202\250\262\262\"\206\032X\240 "
 1016      31A1E582 
 1016      A8B2B222 
 1016      861A58A0 
 1016      20
 1017 0174 962DD68A 		.ascii	"\226-\326\212\024U\245\224X\256D\323\310j}X\245\224"
 1017      1455A594 
ARM GAS  C:\Users\PUBLIC~1.LAP\AppData\Local\Temp\cc5KItyk.s 			page 80


 1017      58AE44D3 
 1017      C86A7D58 
 1017      A594
 1018 0186 B4B08CA6 		.ascii	"\264\260\214\2461\2252\022\205P\310\027Tk\364J\271F"
 1018      31953212 
 1018      8550C817 
 1018      546BF44A 
 1018      B946
 1019 0198 15A97472 		.ascii	"\025\251tr2\212\240\302\222\333{\2534\207<0vb\0323\201"
 1019      328AA0C2 
 1019      92DB7BAB 
 1019      34873C30 
 1019      76621A33 
 1020 01ad A9EA29A8 		.ascii	"\251\352)\250v\031\000\001\317\2103\241\213\037\003"
 1020      76190001 
 1020      CF8833A1 
 1020      8B1F03
 1021 01bc 8E85F35D 		.ascii	"\216\205\363]A\227\026\2460\264\237\336\001C3@\037K"
 1021      419716A6 
 1021      30B49FDE 
 1021      01433340 
 1021      1F4B
 1022 01ce 8DA5B5D2 		.ascii	"\215\245\265\322\217\011\026\023Z@\301j/\342\230\001"
 1022      8F091613 
 1022      5A40C16A 
 1022      2FE29801 
 1023 01de B826E6D7 		.ascii	"\270&\346\327b\337qw!\210I\302]\005jJ\270\303\213v\222"
 1023      62DF7177 
 1023      218849C2 
 1023      5D056A4A 
 1023      B8C38B76 
 1024 01f3 01       		.ascii	"\001"
 1025              		.text
 1026              		.section	.gnu.lto_usb_lld_stall_out.335.83ad7a2e,"e",%progbits
 1027 0000 28B52FFD 		.ascii	"(\265/\375`\236\000\225\013\000\026\326RB\000Q5\035"
 1027      609E0095 
 1027      0B0016D6 
 1027      52420051 
 1027      351D
 1028 0012 F0A62042 		.ascii	"\360\246 B}0\030j\271\376\362'\375\226\271\223)\217"
 1028      7D30186A 
 1028      B9FEF227 
 1028      FD96B993 
 1028      298F
 1029 0024 CD26F06A 		.ascii	"\315&\360j\300\367\246\365\021`\334\234@p,\202\367e"
 1029      C0F7A6F5 
 1029      1160DC9C 
 1029      40702C82 
 1029      F765
 1030 0036 DEB7E35A 		.ascii	"\336\267\343ZX\264\213l}\236\305om\307\001\015\005\236"
 1030      58B48B6C 
 1030      7D9EC56F 
 1030      6DC7010D 
 1030      059E
 1031 0048 7E0345DA 		.ascii	"~\003E\332d\357\224\002=\000=\000?\000\037<\331\205"
 1031      64EF9402 
 1031      3D003D00 
ARM GAS  C:\Users\PUBLIC~1.LAP\AppData\Local\Temp\cc5KItyk.s 			page 81


 1031      3F001F3C 
 1031      D985
 1032 005a C188B15B 		.ascii	"\301\210\261[Z\014a{\255\234\242\275f'\240\275\232\264"
 1032      5A0C617B 
 1032      AD9CA2BD 
 1032      6627A0BD 
 1032      9AB4
 1033 006c 470C8408 		.ascii	"G\014\204\010Pb\006\210\035\273\313Q\024'?I\377->Q\255"
 1033      50620688 
 1033      1DBBCB51 
 1033      14273F49 
 1033      FF2D3E51 
 1034 0081 509F9206 		.ascii	"P\237\222\006\273\353\251Z\221\270\351m\037\260M\301"
 1034      BBEBA95A 
 1034      91B8E96D 
 1034      1FB04DC1 
 1035 0091 7E812E1D 		.ascii	"~\201.\035\"b\251\031\263K\324\244'\354gKY\366a\377"
 1035      2262A919 
 1035      B34BD4A4 
 1035      27EC674B 
 1035      59F661FF 
 1036 00a5 A4D3AF99 		.ascii	"\244\323\257\231\212\327k\340\330\035\321\203\307\212"
 1036      8AD76BE0 
 1036      D81DD183 
 1036      C78A
 1037 00b3 54192FDB 		.ascii	"T\031/\333\007`{N;\243\200<\254\203\351\356\307\215"
 1037      07607B4E 
 1037      3BA3803C 
 1037      AC83E9EE 
 1037      C78D
 1038 00c5 09DBAB3F 		.ascii	"\011\333\253?\355\177|\005y\026\001\317\226\262\274"
 1038      ED7F7C05 
 1038      791601CF 
 1038      96B2BC
 1039 00d4 8DD01049 		.ascii	"\215\320\020I\321\224+\3674\373\302CJ\003Z\273&4\266"
 1039      D1942BF7 
 1039      34FBC243 
 1039      4A035ABB 
 1039      2634B6
 1040 00e7 3D1C0414 		.ascii	"=\034\004\024\320\332\335\005\257v\206\277\020\267\335"
 1040      D0DADD05 
 1040      AF7686BF 
 1040      10B7DD
 1041 00f6 D5B87839 		.ascii	"\325\270x9\322V\212\327l]\273\376\006\355\225b#\007"
 1041      D2568AD7 
 1041      6C5DBBFE 
 1041      06ED9562 
 1041      2307
 1042 0108 C88C79D2 		.ascii	"\310\214y\322SIH\341h\206\2358f\256\200\300\302\367"
 1042      534948E1 
 1042      68869D38 
 1042      66AE80C0 
 1042      C2F7
 1043 011a 853A710C 		.ascii	"\205:q\014a48\370H\3408\235\016\227I\020\341\001'\236"
 1043      613438F8 
 1043      48E0389D 
 1043      0E974910 
ARM GAS  C:\Users\PUBLIC~1.LAP\AppData\Local\Temp\cc5KItyk.s 			page 82


 1043      E101279E 
 1044 012e 4C60C87D 		.ascii	"L`\310}\"\022'\202\\\347\231N\030\300\215\345\343\361"
 1044      22122782 
 1044      5CE7994E 
 1044      18C08DE5 
 1044      E3F1
 1045 0140 3A8FB401 		.ascii	":\217\264\001i2\230\2604:\2018\220F\357\013\211.\027"
 1045      693298B0 
 1045      343A8138 
 1045      9046EF0B 
 1045      892E17
 1046 0153 10038EA7 		.ascii	"\020\003\216\247\334\015\000\001\317\2102\241\025\034"
 1046      DC0D0001 
 1046      CF8832A1 
 1046      151C
 1047 0161 78700179 		.ascii	"xp\001y\242L_pS\256s\015\027\311\3023\205\301\012\324"
 1047      A24C5F70 
 1047      53AE730D 
 1047      17C9C233 
 1047      85C10AD4 
 1048 0175 94708717 		.ascii	"\224p\207\027\355$\003"
 1048      ED2403
 1049              		.text
 1050              		.section	.gnu.lto_usb_lld_stall_in.336.83ad7a2e,"e",%progbits
 1051 0000 28B52FFD 		.ascii	"(\265/\375`\236\000\225\013\000\366\325RB\360R5\035"
 1051      609E0095 
 1051      0B00F6D5 
 1051      5242F052 
 1051      351D
 1052 0012 782F8BF4 		.ascii	"x/\213\364\274\005\205M\210\035\231_L*\200\355~AJ\370"
 1052      BC05854D 
 1052      881D995F 
 1052      4C2A80ED 
 1052      7E414AF8 
 1053 0026 7D21E10D 		.ascii	"}!\341\015I\376\027\004\342\021\210\211\214\223\272"
 1053      49FE1704 
 1053      E2118889 
 1053      8C93BA
 1054 0035 4287AE55 		.ascii	"B\207\256Ukw\237\272\355N\303L\330\2715fq\340\317(~"
 1054      6B779FBA 
 1054      ED4EC34C 
 1054      D8B93566 
 1054      71E0CF28 
 1055 004a 7FDA64EF 		.ascii	"\177\332d\357\224\002=\000<\000?\000\236\354\276d\320"
 1055      94023D00 
 1055      3C003F00 
 1055      9EECBE64 
 1055      D0
 1056 005b D82D2B86 		.ascii	"\330-+\206\260\275\0328E{\315>@{5i\347(\000\002\000"
 1056      B0BD1A38 
 1056      457BCD3E 
 1056      407B3569 
 1056      E7280002 
 1057 0070 091B317A 		.ascii	"\011\0331z\354.GQ\234\374$\375\273\370$\245:}J\032\354"
 1057      EC2E4751 
 1057      9CFC24FD 
 1057      BBF824A5 
ARM GAS  C:\Users\PUBLIC~1.LAP\AppData\Local\Temp\cc5KItyk.s 			page 83


 1057      3A7D4A1A 
 1058 0085 AE674A35 		.ascii	"\256gJ5\342\246\267}\3006\005\373\004\002!b\250\031"
 1058      E2A6B77D 
 1058      C03605FB 
 1058      04022162 
 1058      A819
 1059 0097 B3CBD3A4 		.ascii	"\263\313\323\244'\354gKW\366_\377\244\323\257\331\212"
 1059      27EC674B 
 1059      57F65FFF 
 1059      A4D3AFD9 
 1059      8A
 1060 00a8 19C77163 		.ascii	"\031\307qcW\304\017\037+Rk\250\260}\020\333s\332\030"
 1060      57C40F1F 
 1060      2B526BA8 
 1060      B07D10DB 
 1060      73DA18
 1061 00bb 05E45F1D 		.ascii	"\005\344_\035Lw]#\023\266W\177\332w\235\005\371\026"
 1061      4C775D23 
 1061      13B6577F 
 1061      DA779D05 
 1061      F916
 1062 00cd 1F0274E5 		.ascii	"\037\002t\345MG\011\021\024E9\273\247\331\027\036B\022"
 1062      4D470911 
 1062      144539BB 
 1062      A7D9171E 
 1062      4212
 1063 00df C0DA3591 		.ascii	"\300\3325\221\261\355\34100\000kw\027\274\332\031\016"
 1063      B1EDE130 
 1063      30006B77 
 1063      17BCDA19 
 1063      0E
 1064 00f0 43DC7637 		.ascii	"C\334v7\363\342\345HY\255\327lS\354\372\033\264W\312"
 1064      F3E2E548 
 1064      59ADD76C 
 1064      53ECFA1B 
 1064      B457CA
 1065 0103 080FD88C 		.ascii	"\010\017\330\214y\322SIHkG\241h\206\2358f\256\200\300"
 1065      79D25349 
 1065      486B47A1 
 1065      68869D38 
 1065      66AE80C0 
 1066 0117 C2F7813A 		.ascii	"\302\367\201:q\004]48\360H\3406\034\016\207I\020\341"
 1066      71045D34 
 1066      38F048E0 
 1066      361C0E87 
 1066      4910E1
 1067 012a 01279A4A 		.ascii	"\001'\232J`\310}\241\021'\202\\\347\225L\030@M\305\323"
 1067      60C87DA1 
 1067      1127825C 
 1067      E7954C18 
 1067      404DC5D3 
 1068 013e F13A6FA4 		.ascii	"\361:o\244\371d0\227\220$2}8\214F\357\003\205,\226\017"
 1068      F9643097 
 1068      9024327D 
 1068      388C46EF 
 1068      03852C96 
 1069 0153 834DA7DC 		.ascii	"\203M\247\334\007\015\000\001\317\2102\001\363x\306"
ARM GAS  C:\Users\PUBLIC~1.LAP\AppData\Local\Temp\cc5KItyk.s 			page 84


 1069      070D0001 
 1069      CF883201 
 1069      F378C6
 1070 0162 E002F244 		.ascii	"\340\002\362D\231\276\340\246\\\347\032.\222\205g\012"
 1070      99BEE0A6 
 1070      5CE71A2E 
 1070      9285670A 
 1071 0172 8315A829 		.ascii	"\203\025\250)\341\016/\332I\006"
 1071      E10E2FDA 
 1071      4906
 1072              		.text
 1073              		.section	.gnu.lto_usb_lld_clear_out.337.83ad7a2e,"e",%progbits
 1074 0000 28B52FFD 		.ascii	"(\265/\375`\363\000\265\014\000\266\227XD\000\223\223"
 1074      60F300B5 
 1074      0C00B697 
 1074      58440093 
 1074      93
 1075 0011 0EF1BF16 		.ascii	"\016\361\277\026\3254t7\200E\365\245\"K\226\302z\240"
 1075      D5347437 
 1075      8045F5A5 
 1075      224B96C2 
 1075      7AA0
 1076 0023 28A9165B 		.ascii	"(\251\026[3\025\031\003`\021\370\304\014)\177d\016\250"
 1076      33151903 
 1076      6011F8C4 
 1076      0C297F64 
 1076      0EA8
 1077 0035 ACC18297 		.ascii	"\254\301\202\227c'\352H\353\33423\334\3278m\006\252"
 1077      6327EA48 
 1077      EBDC3233 
 1077      DCD7386D 
 1077      06AA
 1078 0047 FDD8BE8F 		.ascii	"\375\330\276\217h\322\310\336R\246\024B\000>\000E\000"
 1078      68D2C8DE 
 1078      52A61442 
 1078      003E0045 
 1078      00
 1079 0058 3577F1FD 		.ascii	"5w\361\375\205\007{vS7p\354\252H\034\341z\034y\001\353"
 1079      85077B76 
 1079      533770EC 
 1079      AA481CE1 
 1079      7A1C7901 
 1080 006d 119E80F5 		.ascii	"\021\236\200\365\350\317\376a D\200\022B@\014\331]L"
 1080      E8CFFE61 
 1080      20448012 
 1080      42400CD9 
 1080      5D4C
 1081 007f 51FC7B7E 		.ascii	"Q\374{~\376a\334s\232\211yv\034\354\256\36343\342\326"
 1081      FE61DC73 
 1081      9A897976 
 1081      1CECAEF3 
 1081      3433E2D6 
 1082 0093 DB3E60BB 		.ascii	"\333>`\273\202}\227\327\316\315\212\0362+S\256lUL\352"
 1082      827D97D7 
 1082      CECD8A1E 
 1082      322B53AE 
 1082      6C554CEA 
ARM GAS  C:\Users\PUBLIC~1.LAP\AppData\Local\Temp\cc5KItyk.s 			page 85


 1083 00a7 09FB7095 		.ascii	"\011\373p\225\306~\352\2070\2550\235\232~\007\266\310"
 1083      C67EEA87 
 1083      30AD309D 
 1083      9A7E07B6 
 1083      C8
 1084 00b8 398F9C5D 		.ascii	"9\217\234]\021E\210,N\314\301\302\366\001\330\316\264"
 1084      1145882C 
 1084      4ECCC1C2 
 1084      F601D8CE 
 1084      B4
 1085 00c9 3F0BBEA7 		.ascii	"?\013\276\2478Xwk|P\270\036\375\264\037:pLj\262\252"
 1085      3858776B 
 1085      7C50B81E 
 1085      FDB41F3A 
 1085      704C6AB2 
 1086 00de 8D1A347E 		.ascii	"\215\0324~\0122r\004V\252j\356\220!\361\301\332o\\\006"
 1086      0A327204 
 1086      56AA6AEE 
 1086      9021F1C1 
 1086      DA6F5C06 
 1087 00f2 A0764D80 		.ascii	"\240vM\200lw\270\315\213\000\324\3562x\264\271\317\310"
 1087      6C77B8CD 
 1087      8B00D4EE 
 1087      3278B4B9 
 1087      CFC8
 1088 0104 70ED2E48 		.ascii	"p\355.H\306U\235\242T<\302M\261{\317\362\254\307TO\014"
 1088      C6559DA2 
 1088      543CC24D 
 1088      B17BCFF2 
 1088      ACC7544F 
 1089 0119 9B5C196A 		.ascii	"\233\\\031j\244\226$e\235\007m!\301\205m\023e\235'2"
 1089      A4962465 
 1089      9D076D21 
 1089      C1856D13 
 1089      659D2732 
 1090 012d D1F06065 		.ascii	"\321\360`e\002\206\222\222\202}\024H\200\200u%\030\216"
 1090      02869292 
 1090      827D1448 
 1090      80807525 
 1090      188E
 1091 013f 846D2C23 		.ascii	"\204m,#\254\343\260L\203)a\340NHVT\264L\033\235\204"
 1091      ACE3B04C 
 1091      832961E0 
 1091      4E485654 
 1091      B44C1B9D 
 1092 0154 401F13D2 		.ascii	"@\037\023\322KK)\264a\344i\233\210\245\244$\324\000"
 1092      4B4B29B4 
 1092      61E4699B 
 1092      88A5A424 
 1092      D400
 1093 0166 4545B587 		.ascii	"EE\265\207\2534\276\200\004\023\000\001\317\2102\241"
 1093      AB34BE80 
 1093      04130001 
 1093      CF8832A1 
 1094 0176 2D2F302E 		.ascii	"-/0.\034\004\014p\002\307\215\242\0061\370\027\014\373"
 1094      1C040C70 
 1094      02C78DA2 
ARM GAS  C:\Users\PUBLIC~1.LAP\AppData\Local\Temp\cc5KItyk.s 			page 86


 1094      0631F817 
 1094      0CFB
 1095 0188 78B6707F 		.ascii	"x\266p\177}\002\263\234\013\271Xf\213)\214[\240F\207"
 1095      7D02B39C 
 1095      0BB95866 
 1095      8B298C5B 
 1095      A04687
 1096 019b 3BBC6827 		.ascii	";\274h'\031"
 1096      19
 1097              		.text
 1098              		.section	.gnu.lto_usb_lld_clear_in.338.83ad7a2e,"e",%progbits
 1099 0000 28B52FFD 		.ascii	"(\265/\375`\363\000\255\014\000\246WXD\000\223\223\016"
 1099      60F300AD 
 1099      0C00A657 
 1099      58440093 
 1099      930E
 1100 0012 F14F6BFE 		.ascii	"\361Ok\376F~\002Xh\277Vd\311RB\235\215\240-`\323L\217"
 1100      467E0258 
 1100      68BF5664 
 1100      C952429D 
 1100      8DA02D60 
 1101 0029 8C3C3404 		.ascii	"\214<4\004>1C\312\037\231\003*k\260\340\345\330\211"
 1101      3E3143CA 
 1101      1F99032A 
 1101      6BB0E0E5 
 1101      D889
 1102 003b 3AD23AB7 		.ascii	":\322:\267\314\014\3675N\233\201\245\236\245\375\210"
 1102      CC0CF735 
 1102      4E9B81A5 
 1102      9EA5FD88 
 1103 004b 268DEC2D 		.ascii	"&\215\354-eJ\001B\000>\000E\000\250\277\370\016\343"
 1103      654A0142 
 1103      003E0045 
 1103      00A8BFF8 
 1103      0EE3
 1104 005d 833BBBA9 		.ascii	"\203;\273\251\034:vU#\226p=\036x\001\353\021\236\200"
 1104      1C3A7655 
 1104      2396703D 
 1104      1E7801EB 
 1104      119E80
 1105 0070 F5E8CF0E 		.ascii	"\365\350\317\016b D\200\02375\210\354.\246*\376=?\377"
 1105      62204480 
 1105      13373588 
 1105      EC2EA62A 
 1105      FE3D3FFF 
 1106 0084 31DE31C9 		.ascii	"1\3361\311\300<9\017v\327i\222!q\353m#\260m\301~KWN"
 1106      C03C390F 
 1106      76D76992 
 1106      2171EB6D 
 1106      23B06DC1 
 1107 009c 0DAA47CC 		.ascii	"\015\252G\314\252\224+[\005\223\232\302>\\\235\261\237"
 1107      AA942B5B 
 1107      05939AC2 
 1107      3E5C9DB1 
 1107      9F
 1108 00ad FA214C2B 		.ascii	"\372!L+L\247\246\317\201.D\374\207\217\335\0217E\326"
 1108      4CA7A6CF 
ARM GAS  C:\Users\PUBLIC~1.LAP\AppData\Local\Temp\cc5KItyk.s 			page 87


 1108      812E44FC 
 1108      878FDD11 
 1108      3745D6
 1109 00c0 26EE6861 		.ascii	"&\356ha\373\000lg\332\036\006\337S\035\254\273( \025"
 1109      FB006C67 
 1109      DA1E06DF 
 1109      531DACBB 
 1109      282015
 1110 00d3 AE473FED 		.ascii	"\256G?\355\007BL\330\224\264dU\0347l\3344\344\011\254"
 1110      07424CD8 
 1110      94B46455 
 1110      1C376CDC 
 1110      34E409AC 
 1111 00e7 54D5E411 		.ascii	"T\325\344\021S\002\204\265\327\264\0148\355\242\370"
 1111      530284B5 
 1111      D7B40C38 
 1111      EDA2F8
 1112 00f6 D8F6701A 		.ascii	"\330\366p\032\027\001\247\335m\360hs\247\241\341\332"
 1112      1701A7DD 
 1112      6DF06873 
 1112      A7A1E1DA 
 1113 0106 DDCF8CAB 		.ascii	"\335\317\214\253:=\261x\204\273b\367\236\345Y\217\251"
 1113      3A3DB178 
 1113      84BB62F7 
 1113      9EE5598F 
 1113      A9
 1114 0117 1D1934B9 		.ascii	"\035\0314\2712\324#\226\034e\235\007}A\001\206m\013"
 1114      32D42396 
 1114      1C659D07 
 1114      7D410186 
 1114      6D0B
 1115 0129 659D172A 		.ascii	"e\235\027*\331\000A\205\002v\202\202\202y\026L\210\200"
 1115      D9004185 
 1115      02768282 
 1115      8279164C 
 1115      8880
 1116 013b 75A4176E 		.ascii	"u\244\027n\204m+\"\254\343\260L{!e\340LFTR\264L\023"
 1116      846D2B22 
 1116      ACE3B04C 
 1116      7B2165E0 
 1116      4C465452 
 1117 0152 99803E9E 		.ascii	"\231\200>\236\222\221\013\013\011\304A\344i[h\205\204"
 1117      92910B0B 
 1117      09C441E4 
 1117      695B6885 
 1117      84
 1118 0163 04E4E024 		.ascii	"\004\344\340$E\265\207\2533\276\002\023\000\001\317"
 1118      45B587AB 
 1118      33BE0213 
 1118      0001CF
 1119 0172 8832A12D 		.ascii	"\2102\241-/0.\034\004\014p\002\307\215\242\0161$\025"
 1119      2F302E1C 
 1119      040C7002 
 1119      C78DA20E 
 1119      312415
 1120 0185 0CF178A2 		.ascii	"\014\361x\242p?|\002\023\234k\270X\026\212)\214[\240"
 1120      703F7C02 
ARM GAS  C:\Users\PUBLIC~1.LAP\AppData\Local\Temp\cc5KItyk.s 			page 88


 1120      139C6BB8 
 1120      58168A29 
 1120      8C5BA0
 1121 0198 46873BBC 		.ascii	"F\207;\274h'\031"
 1121      682719
 1122              		.text
 1123              		.section	.gnu.lto_usb_lld_start.part.0.374.83ad7a2e,"e",%progbits
 1124 0000 28B52FFD 		.ascii	"(\265/\375`r\001\265\016\000f\031`F\360\262&\035x\037"
 1124      607201B5 
 1124      0E006619 
 1124      6046F0B2 
 1124      261D781F 
 1125 0014 712D6DC3 		.ascii	"q-m\303,\343\006\273\355\373$\256\351\344\233\3453\374"
 1125      2CE306BB 
 1125      EDFB24AE 
 1125      E9E49BE5 
 1125      33FC
 1126 0026 26AEEBCB 		.ascii	"&\256\353\313\236\031\215?\031\346\314\263\025J\026"
 1126      9E198D3F 
 1126      19E6CCB3 
 1126      154A16
 1127 0035 6A8D853F 		.ascii	"j\215\205?\364\007\307\200}C\255RW\271\214hq\356\344"
 1127      F407C780 
 1127      7D43AD52 
 1127      57B98C68 
 1127      71EEE4
 1128 0048 4688C4AD 		.ascii	"F\210\304\255\307k\213d\023)S\012E\000G\000P\000\217"
 1128      C76B8B64 
 1128      1329530A 
 1128      45004700 
 1128      50008F
 1129 005b 86307A44 		.ascii	"\2060zD\360\002\333\243v\002\333#\311\343[\330n\301"
 1129      F002DBA3 
 1129      7602DB23 
 1129      C9E35BD8 
 1129      6EC1
 1130 006d 56845DF6 		.ascii	"V\204]\366\217\003=\330Y\215\016Dv\227{\324\024w]Ss"
 1130      8F033DD8 
 1130      598D0E44 
 1130      76977BD4 
 1130      14775D53 
 1131 0082 F9979DF4 		.ascii	"\371\227\235\364\322\341p\005\2403\3429\340\332H\203"
 1131      D2E17005 
 1131      A033E239 
 1131      E0DA4883 
 1132 0092 DDF588C4 		.ascii	"\335\365\210\304\035o{\305\366\004\373>\002\340f\263"
 1132      1D6F7BC5 
 1132      F604FB3E 
 1132      02E066B3 
 1133 00a2 34E45F0E 		.ascii	"4\344_\016\320\303g\310\203n*\217U\273\266\272ck:5}"
 1133      D0C367C8 
 1133      836E2A8F 
 1133      55BBB6BA 
 1133      636B3A35 
 1134 00b7 928193D8 		.ascii	"\222\201\223\330n\210\260\310\236\210:X\374\347\366"
 1134      6E88B0C8 
 1134      9E883A58 
ARM GAS  C:\Users\PUBLIC~1.LAP\AppData\Local\Temp\cc5KItyk.s 			page 89


 1134      FCE7F6
 1135 00c6 7D5ABECC 		.ascii	"}Z\276\314$?\255\307n\362esf\012\036\235i\337\305_\270"
 1135      243FADC7 
 1135      6EF26573 
 1135      660A1E9D 
 1135      69DFC55F 
 1136 00db 1EBB3169 		.ascii	"\036\2731i7\006#h\027\310$&h\036\264\243\207(\025\007"
 1136      37062368 
 1136      17C82426 
 1136      681EB4A3 
 1136      87281507 
 1137 00ef AA04F60A 		.ascii	"\252\004\366\012\002$|\202\355\232\232C>\224\310\311"
 1137      02247C82 
 1137      ED9A9A43 
 1137      3E94C8C9 
 1138 00ff 22DF408D 		.ascii	"\"\337@\215\256\233\020\017\231\2000\014\303\013\267"
 1138      AE9B100F 
 1138      9980300C 
 1138      C30BB7
 1139 010e 21740084 		.ascii	"!t\000\204w\032\250\022\330.\012\026_\306g\324\370+"
 1139      771AA812 
 1139      D82E0A16 
 1139      5FC667D4 
 1139      F82B
 1140 0120 1EB555B1 		.ascii	"\036\265U\261\373\357\337\366\030g9z\210bd\221G2\036"
 1140      FBEFDFF6 
 1140      1867397A 
 1140      88626491 
 1140      47321E
 1141 0133 DC561EAA 		.ascii	"\334V\036\252\016di\256pb!\2252u \313\224\222\301\201"
 1141      0E6469AE 
 1141      70622195 
 1141      327520CB 
 1141      9492C181 
 1142 0147 8C04CE05 		.ascii	"\214\004\316\005\006\206SY\020\341\205\003W6\237\212"
 1142      06865359 
 1142      10E18503 
 1142      57369F8A 
 1143 0157 4BCD9C38 		.ascii	"K\315\2348\360\343:\317f\205\341k1\221\211\361:\357"
 1143      F0E33ACF 
 1143      6685E16B 
 1143      319189F1 
 1143      3AEF
 1144 0169 D4526251 		.ascii	"\324RbQIQ\325\320\254J\033N,/e\232AA)1p\211\271\266"
 1144      4951D5D0 
 1144      AC4A1B4E 
 1144      2C2F659A 
 1144      41412931 
 1145 0181 BA630A42 		.ascii	"\272c\012B\206p\024G\225\307v\006$ `\002B\226\335\001"
 1145      86701447 
 1145      95C77606 
 1145      24206002 
 1145      4296DD01 
 1146 0195 1BD14C8C 		.ascii	"\033\321L\214\361\004f\202\001\020\361^\343\007\215"
 1146      F1046682 
 1146      0110F15E 
 1146      E3078D
ARM GAS  C:\Users\PUBLIC~1.LAP\AppData\Local\Temp\cc5KItyk.s 			page 90


 1147 01a4 2BC69595 		.ascii	"+\306\225\225\320\020~\223\013\322\032\254.\253\246"
 1147      D0107E93 
 1147      0BD21AAC 
 1147      2EABA6
 1148 01b3 6B078D40 		.ascii	"k\007\215@\270\330\301t?w\335\3543Q\014\363\207K\313"
 1148      B8D8C174 
 1148      3F77DDEC 
 1148      33510CF3 
 1148      874BCB
 1149 01c6 C82A3A6A 		.ascii	"\310*:j0\366\244;\323E\355\224\013\332\304SaE\347B\355"
 1149      30F6A43B 
 1149      D345ED94 
 1149      0BDAC453 
 1149      6145E742 
 1150 01db F4A2DF85 		.ascii	"\364\242\337\205\307"
 1150      C7
 1151              		.text
 1152              		.section	.gnu.lto_usb_lld_stop.part.0.375.83ad7a2e,"e",%progbits
 1153 0000 28B52FFD 		.ascii	"(\265/\375`\304\000\015\014\000\246\025RC\000q\225\016"
 1153      60C4000D 
 1153      0C00A615 
 1153      52430071 
 1153      950E
 1154 0012 DBFA716F 		.ascii	"\333\372qo\035!\251;\017\260n\220\275\347\017\3268\311"
 1154      1D21A93B 
 1154      0FB06E90 
 1154      BDE70FD6 
 1154      38C9
 1155 0024 508FF47B 		.ascii	"P\217\364{g\204\247\364g\010+\326\021\260(V\300\222"
 1155      6784A7F4 
 1155      67082BD6 
 1155      11B02856 
 1155      C092
 1156 0036 C072852C 		.ascii	"\300r\205,\217\265\251\373\215M\365\271\2651\011\013"
 1156      8FB5A9FB 
 1156      8D4DF5B9 
 1156      B531090B 
 1157 0046 F8079B5E 		.ascii	"\370\007\233^\034[K\366\336;\245:\000=\000@\000\002"
 1157      1C5B4BF6 
 1157      DE3BA53A 
 1157      003D0040 
 1157      0002
 1158 0058 B6D7CBEB 		.ascii	"\266\327\313\353I\330\226\211l\006\217v\214\223$\330"
 1158      49D89689 
 1158      6C068F76 
 1158      8C9324D8 
 1159 0068 13181D34 		.ascii	"\023\030\0354v\227{\235 >~J:\372\257\335\342\361a\341"
 1159      76977B9D 
 1159      203E7E4A 
 1159      3AFAAFDD 
 1159      E2F161E1 
 1160 007c 93E343C3 		.ascii	"\223\343C\303e\200S\312\201\335ue\303]o\333c\273\201"
 1160      658053CA 
 1160      81DD7565 
 1160      C35D6FDB 
 1160      63BB81
 1161 008f 7D4DF474 		.ascii	"}M\364t'\210M\007\2008\354b\270Qc;\324\026\">r\373&"
ARM GAS  C:\Users\PUBLIC~1.LAP\AppData\Local\Temp\cc5KItyk.s 			page 91


 1161      27884D07 
 1161      8038EC62 
 1161      B851633B 
 1161      D416223E 
 1162 00a6 647ECD97 		.ascii	"d~\315\227\021\331i19\332\013'\004^-\245\375\023G1\236"
 1162      11D96931 
 1162      39DA0B27 
 1162      045E2DA5 
 1162      FD134731 
 1163 00bb 16B36597 		.ascii	"\026\263e\227V[\261K\242y\265\202\312k\346\230\355\225"
 1163      565BB14B 
 1163      A279B582 
 1163      CA6BE698 
 1163      ED95
 1164 00cd 3EA73B41 		.ascii	">\247;A\354\200\205\311l\316\346\014\261\235\221p\025"
 1164      EC8085C9 
 1164      6CCEE60C 
 1164      B19D9170 
 1164      15
 1165 00de 2B8CC8AE 		.ascii	"+\214\310\256\207\217_\362\024\240\037\342\225\356\207"
 1165      878F5FF2 
 1165      14A01FE2 
 1165      95EE87
 1166 00ed DDB7DEDA 		.ascii	"\335\267\336\332^).d\224\230Q\"mx\223\236\213\233]\001"
 1166      5E292E64 
 1166      94985122 
 1166      6D78939E 
 1166      8B9B5D01 
 1167 0101 26EF6100 		.ascii	"&\357a\000/F\230t\314\2253\3043\254.\024\251\037\024"
 1167      2F469874 
 1167      CC9533C4 
 1167      33AC2E14 
 1167      A91F14
 1168 0114 80F07DA8 		.ascii	"\200\360}\250.\024Q\034\012\010L\0148\021\211\304u\014"
 1168      2E14511C 
 1168      0A084C0C 
 1168      381189C4 
 1168      750C
 1169 0126 2C1871E1 		.ascii	",\030q\341\313\005\262\270/\245\342B\220\353<\327k\002"
 1169      CB05B2B8 
 1169      2FA5E242 
 1169      90EB3CD7 
 1169      6B02
 1170 0138 18D2984A 		.ascii	"\030\322\230J^\347\251B\247O\207\303ZEx\235`*\321\373"
 1170      5EE7A942 
 1170      A74F87C3 
 1170      5A45789D 
 1170      602AD1FB 
 1171 014c 50A9CDE6 		.ascii	"P\251\315\346\004\022\225l\313\026\000\010O\304\032"
 1171      0412956C 
 1171      CB160008 
 1171      4FC41A
 1172 015b 1A180F46 		.ascii	"\032\030\017F\013d\310zn.c\037 \012\206\271\302\225"
 1172      0B64C87A 
 1172      6E2E631F 
 1172      200A86B9 
 1172      C295
ARM GAS  C:\Users\PUBLIC~1.LAP\AppData\Local\Temp\cc5KItyk.s 			page 92


 1173 016d 9AB87A74 		.ascii	"\232\270zt\024\202\361<\351\236\246\213j\247sA\233\342"
 1173      1482F13C 
 1173      E99EA68B 
 1173      6AA77341 
 1173      9BE2
 1174 017f 39C38A3B 		.ascii	"9\303\212;\027\263\235\026\321\357*c"
 1174      17B39D16 
 1174      D1EF2A63 
 1175              		.text
 1176              		.section	.gnu.lto_usb_lld_init_endpoint.part.0.377.83ad7a2e,"e",%progbits
 1177 0000 28B52FFD 		.ascii	"(\265/\375`\234\011\3152\000\372U\300\022D`\234N\007"
 1177      609C09CD 
 1177      3200FA55 
 1177      C0124460 
 1177      9C4E07
 1178 0013 94D50080 		.ascii	"\224\325\000\200B\271\344wQ\252\244Pk3\032c\032^\307"
 1178      42B9E477 
 1178      51AAA450 
 1178      6B331A63 
 1178      1A5EC7
 1179 0026 7C3431BC 		.ascii	"|41\274\012\374\263\213\213EQD@t\006R1p%\274~8\015\024"
 1179      0AFCB38B 
 1179      8B455144 
 1179      40740652 
 1179      317025BC 
 1180 003e F8DFFE70 		.ascii	"\370\337\376p\"\222\230\231w\326\034\022\275\367\336"
 1180      22929899 
 1180      77D61C12 
 1180      BDF7DE
 1181 004d DDF6DE49 		.ascii	"\335\366\336I\246\024\026\001\007\001\034\001z\355z"
 1181      A6141601 
 1181      07011C01 
 1181      7AED7A
 1182 005c B91D8CE4 		.ascii	"\271\035\214\344\035\030\334.E\254}\212W\361\274v\257"
 1182      1D18DC2E 
 1182      45AC7D8A 
 1182      57F1BC76 
 1182      AF
 1183 006d 58315A31 		.ascii	"X1Z1\242\361\345\255\300\243\362E\345\213\017\313\325"
 1183      A2F1E5AD 
 1183      C0A3F245 
 1183      E58B0FCB 
 1183      D5
 1184 007e EA777660 		.ascii	"\352wv`mdf\007\266\216){\220hzor\256{\362\264M\254\236"
 1184      6D646607 
 1184      B68E297B 
 1184      90687A6F 
 1184      72AE7BF2 
 1185 0096 BAFDD8E9 		.ascii	"\272\375\330\351z\252\201\230\317\205y]^{\334=\325\340"
 1185      7AAA8198 
 1185      CF85795D 
 1185      5E7BDC3D 
 1185      D5E0
 1186 00a8 E87361FD 		.ascii	"\350sa\3759?iCb\365\2641v91\217\263\201\326e6ec\334"
 1186      393F6943 
 1186      62F5B431 
 1186      7639318F 
ARM GAS  C:\Users\PUBLIC~1.LAP\AppData\Local\Temp\cc5KItyk.s 			page 93


 1186      B381D665 
 1187 00c0 ED700EE5 		.ascii	"\355p\016\345\350q6\232\315Y\216OK\316uQ\2366\210\325"
 1187      E871369A 
 1187      CD598E4F 
 1187      4BCE7551 
 1187      9E3688D5 
 1188 00d4 53230F52 		.ascii	"S#\017R=E\375G\365\264\333\235t\267\230[V\366\261{\215"
 1188      3D45FD47 
 1188      F5B4DB9D 
 1188      74B7985B 
 1188      56F6B17B 
 1189 00e9 D779C868 		.ascii	"\327y\310h\000\315\352\344\234\211\236>\021?:\317\353"
 1189      00CDEAE4 
 1189      9C899E3E 
 1189      113F3ACF 
 1189      EB
 1190 00fa B6EC2A54 		.ascii	"\266\354*TS\364\361\360\330\336.\307\234G(A\310\216"
 1190      53F4F1F0 
 1190      D8DE2EC7 
 1190      9C472841 
 1190      C88E
 1191 010c 1FFEAEB9 		.ascii	"\037\376\256\271KF\351c\015\267GBv\364p\326(\347\254"
 1191      4B46E963 
 1191      0DB74742 
 1191      76F470D6 
 1191      28E7AC
 1192 011f 86D71E2E 		.ascii	"\206\327\036.Dz\236\0371Q2\261\212\223K\036\236\242"
 1192      447A9E1F 
 1192      315132B1 
 1192      8A934B1E 
 1192      9EA2
 1193 0131 3F6A7A81 		.ascii	"?jz\201\303\345\031\012\025\370\326\303]\336\300\250"
 1193      C3E5190A 
 1193      15F8D6C3 
 1193      5DDEC0A8 
 1194 0141 E7390A65 		.ascii	"\3479\012e\0200\271L\363G\235\330\276\244\015\227fh"
 1194      1030B94C 
 1194      F3479DD8 
 1194      BEA40D97 
 1194      6668
 1195 0153 D098216C 		.ascii	"\320\230!l\334e\031\306>>\024J\3109\267\223\261y\367"
 1195      DC6519C6 
 1195      3E3E144A 
 1195      C839B793 
 1195      B179F7
 1196 0166 78779BE9 		.ascii	"xw\233\351\356\255n\326B.\007\2316\344\375EM_}\365\314"
 1196      EEAD6ED6 
 1196      422E0799 
 1196      36E4FD45 
 1196      4D5F7DF5 
 1197 017b 59B32C7D 		.ascii	"Y\263,}_\322\004\254\341^\214D\267\234\263\203\356+"
 1197      5FD204AC 
 1197      E15E8C44 
 1197      B79CB383 
 1197      EE2B
 1198 018d EFA2022A 		.ascii	"\357\242\002*M\316\231\352\217FV;\022\033_d\304\317"
 1198      4DCE99EA 
ARM GAS  C:\Users\PUBLIC~1.LAP\AppData\Local\Temp\cc5KItyk.s 			page 94


 1198      8F46563B 
 1198      121B5F64 
 1198      C4CF
 1199 019f 1FBFE779 		.ascii	"\037\277\347y*\327\374C:\311\260\023\177[\377\320\321"
 1199      2AD7FC43 
 1199      3AC9B013 
 1199      7F5BFFD0 
 1199      D1
 1200 01b0 FC43BA5B 		.ascii	"\374C\272[\334\304\026\267\024\213;\252\305\015\325"
 1200      DCC416B7 
 1200      148B3BAA 
 1200      C50DD5
 1201 01bf E27E726A 		.ascii	"\342~rjjq3\261\270\227X\334J,\356\004,n\004IH/\356\243"
 1201      6A7133B1 
 1201      B89758DC 
 1201      4A2CEE04 
 1201      2C6E0449 
 1202 01d7 17B7D18B 		.ascii	"\027\267\321\213\273\310\367\274\017\274\270\015\274"
 1202      BBC8F7BC 
 1202      0FBCB80D 
 1202      BC
 1203 01e4 B8897870 		.ascii	"\270\211xp\027 0\240\305=\304\342\026\300\342\026bq"
 1203      172030A0 
 1203      C53DC4E2 
 1203      16C0E216 
 1203      6271
 1204 01f6 07B1B881 		.ascii	"\007\261\270\201~|^\334\001^\334\000^\334=\303\0277"
 1204      7E7C5EDC 
 1204      015EDC00 
 1204      5EDC3DC3 
 1204      1737
 1205 0208 CF8BFB75 		.ascii	"\317\213\373uq\273m\213\233mq\257\216\347-lq\253-\356"
 1205      71BB6D8B 
 1205      9B6D71AF 
 1205      8EE72D6C 
 1205      71AB2DEE 
 1206 021c D4AF78A3 		.ascii	"\324\257x\243.\347\376,n\354t\356\376\0003\225\326r"
 1206      2EE7FE2C 
 1206      6EEC74EE 
 1206      FE003395 
 1206      D672
 1207 022e 467B3633 		.ascii	"F{63\220\324O\211_q\307s\277scSz\237oi04[q \202|so\262"
 1207      90D44F89 
 1207      5F71C773 
 1207      BF736353 
 1207      7A9F6F69 
 1208 024c 59DD5383 		.ascii	"Y\335S\203\271\022\010\015Y\346\013\321S\337sa\267\367"
 1208      B912080D 
 1208      59E60BD1 
 1208      53DF7361 
 1208      B7F7
 1209 025e B5FBCDA9 		.ascii	"\265\373\315\251\343Y|\257\235\257]=1/\307\322)\322"
 1209      E3597CAF 
 1209      9DAF5D3D 
 1209      312FC7D2 
 1209      29D2
 1210 0270 F924E7EC 		.ascii	"\371$\347\354\325\036\006\376\300^wp;\006\336\3710x"
ARM GAS  C:\Users\PUBLIC~1.LAP\AppData\Local\Temp\cc5KItyk.s 			page 95


 1210      D51E06FE 
 1210      C05E7770 
 1210      3B06DEF9 
 1210      3078
 1211 0282 1DA2778B 		.ascii	"\035\242w\2138\341V\275\30075a\236\257\202O\035)\201"
 1211      38E156BD 
 1211      C0373561 
 1211      9EAF824F 
 1211      1D2981
 1212 0295 6F14F579 		.ascii	"o\024\365y$-\265\200\006\227\263\241\300\377\337\240"
 1212      242DB580 
 1212      0697B3A1 
 1212      C0FFDFA0 
 1213 02a5 EA039EC0 		.ascii	"\352\003\236\300\037\357\206\376\347\007\010\370!6E"
 1213      1FEF86FE 
 1213      E70708F8 
 1213      213645
 1214 02b4 167A01DF 		.ascii	"\026z\001\337\030\311l\203^\350\323\301\263f\224\003"
 1214      18C96C83 
 1214      5EE8D3C1 
 1214      B3669403 
 1215 02c4 7DD0FB40 		.ascii	"}\320\373@\017\302\371D:}~\370?/\347\244\203L\013\360"
 1215      0FC2F944 
 1215      3A7D7EF8 
 1215      3F2FE7A4 
 1215      834C0BF0 
 1216 02d8 6FAADE34 		.ascii	"o\252\3364XN2\316\263\351U*\200\017\360\216d\226U\251"
 1216      584E32CE 
 1216      B3E9552A 
 1216      800FF08E 
 1216      649655A9 
 1217 02ec 3D0FE0FD 		.ascii	"=\017\340\375\375\236/\376x\236\261\361\374\3601\027"
 1217      FD9E2FFE 
 1217      789EB1F1 
 1217      FCF03117 
 1218 02fc A4B3AF3B 		.ascii	"\244\263\257;8\233\252\225\347\335\317\227\372\334\010"
 1218      389BAA95 
 1218      E7DDCF97 
 1218      FADC08
 1219 030b 7EF03521 		.ascii	"~\3605!\336w\213\314\021|\307\201oj}\351\267\265\033"
 1219      DE778BCC 
 1219      117CC781 
 1219      6F6A7DE9 
 1219      B7B51B
 1220 031e B993E4DB 		.ascii	"\271\223\344\333\017\023\234\303\302\367\371d7\227\352"
 1220      0F139CC3 
 1220      C2F7F964 
 1220      3797EA
 1221 032d 3ED6DD9A 		.ascii	">\326\335\232\356\021\216\206\204\233\3647\007n\216"
 1221      EE118E86 
 1221      849BF437 
 1221      076E8E
 1222 033c EC0C4EB6 		.ascii	"\354\014N\266\2041\334D\333\366E\014\376\221\351n\261"
 1222      8431DC44 
 1222      DBF6450C 
 1222      FE91E96E 
 1222      B1
ARM GAS  C:\Users\PUBLIC~1.LAP\AppData\Local\Temp\cc5KItyk.s 			page 96


 1223 034d 15486EF2 		.ascii	"\025Hn\362\364\005|\0233\206\233\375\356I\222lb\376"
 1223      F4057C13 
 1223      33869BFD 
 1223      EE49926C 
 1223      62FE
 1224 035f DBBA9D49 		.ascii	"\333\272\235Ie_\350N\215\031\026\354w&u}\366\237\013"
 1224      655FE84E 
 1224      8D1916EC 
 1224      7726757D 
 1224      F69F0B
 1225 0372 925956C2 		.ascii	"\222YV\302\303\234Xs6\243j\0073\003E;\022\243\352\351"
 1225      C39C5873 
 1225      36A36A07 
 1225      3303453B 
 1225      12A3EAE9 
 1226 0386 FA29120D 		.ascii	"\372)\022\015\334\334\232\231T\365\205\037\305\254\242"
 1226      DCDC9A99 
 1226      54F5851F 
 1226      C5ACA2
 1227 0395 161AA305 		.ascii	"\026\032\243\005\213,\324\313EQ\013-j\341\"\226\361"
 1227      8B2CD4CB 
 1227      45510B2D 
 1227      6AE12296 
 1227      F1
 1228 03a6 0BED2CA9 		.ascii	"\013\355,\251\025]]WX\306\257\253\0053(\204\030A\264"
 1228      155D5D57 
 1228      58C6AFAB 
 1228      05332884 
 1228      1841B4
 1229 03b9 C0810371 		.ascii	"\300\201\003q\212\201\210\014D\243\214\030^Eb\227\212"
 1229      8A81880C 
 1229      44A38C18 
 1229      5E456297 
 1229      8A
 1230 03ca 2DA2D18B 		.ascii	"-\242\321\213\210\305\025C\306\013\257\012Q!\252\270"
 1230      88C51543 
 1230      C60BAF0A 
 1230      5121AAB8 
 1231 03da B0B8B62A 		.ascii	"\260\270\266*XQM-(\272\320\222a\025\266\365\305\325"
 1231      58514D2D 
 1231      28BAD092 
 1231      6115B6F5 
 1231      C5D5
 1232 03ec 75A54281 		.ascii	"u\245B\201\002+\010\026\252\374\311\272\033+y\276\255"
 1232      022B0816 
 1232      AAFCC9BA 
 1232      1B2B79BE 
 1232      AD
 1233 03fd B1EBE35F 		.ascii	"\261\353\343_j\204\263e\230\026\335\341_\352\323'\273"
 1233      6A84B365 
 1233      9816DDE1 
 1233      5FEAD327 
 1233      BB
 1234 040e 899FE318 		.ascii	"\211\237\343\030\367\272y2\216\324C=1\352\245\336\361"
 1234      F7BA7932 
 1234      8ED4433D 
 1234      31EAA5DE 
ARM GAS  C:\Users\PUBLIC~1.LAP\AppData\Local\Temp\cc5KItyk.s 			page 97


 1234      F1
 1235 041f E3A8FF26 		.ascii	"\343\250\377&\030\3071n\205z\005\314*\202sON0\362\354"
 1235      18C7316E 
 1235      857A05CC 
 1235      2A82734F 
 1235      4E30F2EC 
 1236 0433 8609261E 		.ascii	"\206\011&\036\334\373m9\3471\367\207\264\221\247\223"
 1236      DCFB6D39 
 1236      E731F787 
 1236      B491A793 
 1237 0443 6DFA4685 		.ascii	"m\372F\205H\357\364\311A\367\357\2212\305\311\235\032"
 1237      48EFF4C9 
 1237      41F7EF91 
 1237      32C5C99D 
 1237      1A
 1238 0454 A7EF3EC2 		.ascii	"\247\357>\302\341\262c\034\220[\316A\2500\3311\312\220"
 1238      E1B2631C 
 1238      905BCE41 
 1238      A830D931 
 1238      CA90
 1239 0466 0E8F4D78 		.ascii	"\016\217Mx\335\2368W@\363\221\234\375\202zA\365\324"
 1239      DD9E3857 
 1239      40F3919C 
 1239      FD827A41 
 1239      F5D4
 1240 0478 8A494590 		.ascii	"\212IE\220i\207\235-\323'}\323c.K\317\344q\\\351\227"
 1240      69879D2D 
 1240      D3277DD3 
 1240      632E4BCF 
 1240      E4715CE9 
 1241 048d E0788257 		.ascii	"\340x\202Wz\365\014\202O@\364\010\336\304\363\211\364"
 1241      7AF50C82 
 1241      4F40F408 
 1241      DEC4F389 
 1241      F4
 1242 049e 073EE945 		.ascii	"\007>\351E<\375MM/\015\033\246:^\243\243s\364M7n\364"
 1242      3CFD4D4D 
 1242      2F0D1BA6 
 1242      3A5EA3A3 
 1242      73F44D37 
 1243 04b4 47DEC68B 		.ascii	"G\336\306\213\336\350\235\350\213\002\200\307\250q("
 1243      DEE89DE8 
 1243      8B0280C7 
 1243      A87128
 1244 04c3 05156386 		.ascii	"\005\025c\206HDD\264 M\241\003p\002\221\"\253\316\001"
 1244      484444B4 
 1244      204DA103 
 1244      70029122 
 1244      ABCE01
 1245 04d6 12A0A62D 		.ascii	"\022\240\246-\247Q\021)PQ\241\260?\007\001[Eo\036\376"
 1245      A7511129 
 1245      5051A1B0 
 1245      3F07015B 
 1245      456F1EFE 
 1246 04ea 6496A0C3 		.ascii	"d\226\240\303\226\250ak\230\016\364\032\344\010N1\333"
 1246      96A8616B 
 1246      980EF41A 
ARM GAS  C:\Users\PUBLIC~1.LAP\AppData\Local\Temp\cc5KItyk.s 			page 98


 1246      E4084E31 
 1246      DB
 1247 04fb 4CEDF366 		.ascii	"L\355\363f+\200\333\237 \222'\352\213\334Q\017u\241"
 1247      2B80DB9F 
 1247      209227EA 
 1247      8BDC510F 
 1247      75A1
 1248 050d A05628B0 		.ascii	"\240V(\2600\221\301<i~\203\346\313\003\241\007qBNMH"
 1248      3091C13C 
 1248      697E83E6 
 1248      CB03A107 
 1248      71424E4D 
 1249 0522 6F6579AC 		.ascii	"oey\254\204\230K6i}\3115\007\316\215\004?(LF\013\374"
 1249      84984B36 
 1249      697DC935 
 1249      07CE8D04 
 1249      3F284C46 
 1250 0538 274B71E9 		.ascii	"'Kq\351\2770c\235J\3561\230\236a\255c\27367C\350\017"
 1250      BF30639D 
 1250      4AEE3198 
 1250      9E61AD63 
 1250      BB363743 
 1251 054e 0D01A88A 		.ascii	"\015\001\250\212\207\245\205\365X\037p7\031tY|x\205"
 1251      87A585F5 
 1251      581F7037 
 1251      1974597C 
 1251      7885
 1252 0560 61F1A3BF 		.ascii	"a\361\243\277\026>\367\204\000\006\340\032\231\254X"
 1252      163EF784 
 1252      0006E01A 
 1252      99AC58
 1253 056f C673A341 		.ascii	"\306s\243A\007B\036xK\312l\024\226\241\261d\337\022"
 1253      07421E78 
 1253      4BCA6C14 
 1253      96A1B164 
 1253      DF12
 1254 0581 3F260554 		.ascii	"?&\005T\337.\233\253\304\001\306'\3201.\016\301\217"
 1254      DF2E9BAB 
 1254      C401C627 
 1254      D0312E0E 
 1254      C18F
 1255 0593 2BD27CD0 		.ascii	"+\322|\320\364\007\365X[e#zz\230\210\243\203\034`f\241"
 1255      F407F558 
 1255      5B65237A 
 1255      7A9888A3 
 1255      831C6066 
 1256 05a8 414A8600 		.ascii	"AJ\206\000R\340*\344\232\344\0315\351.\017 \365\310"
 1256      52E02AE4 
 1256      9AE41935 
 1256      E92E0F20 
 1256      F5C8
 1257 05ba 337B98BD 		.ascii	"3{\230\275?K\365\306G\220F\021\210)-\303\347\252\027"
 1257      3F4BF5C6 
 1257      47904611 
 1257      88292DC3 
 1257      E7AA17
 1258 05cd E15A1966 		.ascii	"\341Z\031f\317\020)\027f \025\020m\237F\312\"\351\311"
ARM GAS  C:\Users\PUBLIC~1.LAP\AppData\Local\Temp\cc5KItyk.s 			page 99


 1258      CF102917 
 1258      66201510 
 1258      6D9F46CA 
 1258      22E9C9
 1259 05e0 09393210 		.ascii	"\01192\020(\007\204bR\020Y6\201\314,+\"\206l\0021+\023"
 1259      28078462 
 1259      52105936 
 1259      81CC2C2B 
 1259      22866C02 
 1260 05f7 C51F01E0 		.ascii	"\305\037\001\340n\335\216\015\017\240\351\227\217=\030"
 1260      6EDD8E0D 
 1260      0FA0E997 
 1260      8F3D18
 1261 0606 7DA61E64 		.ascii	"}\246\036dp\243\015k\257\013;^\236eK\373\316\021\274"
 1261      70A30D6B 
 1261      AF0B3B5E 
 1261      9E654BFB 
 1261      CE11BC
 1262 0619 517C9CF3 		.ascii	"Q|\234\363\246\2666\213\212C\307\265n\274\362b\271Z"
 1262      A6B6368B 
 1262      8A43C7B5 
 1262      6EBCF262 
 1262      B95A
 1263 062b DD0B2F71 		.ascii	"\335\013/q\324\313\257\355\020\031\311\362r\351\312"
 1263      D4CBAFED 
 1263      1019C9F2 
 1263      72E9CA
 1264 063a 92A7CEFB 		.ascii	"\222\247\316\373\314~\331O\276\006@}\016C=\200\241\020"
 1264      CC7ED94F 
 1264      BE06407D 
 1264      0E433D80 
 1264      A110
 1265 064c A7BD0185 		.ascii	"\247\275\001\205r\213\360C\010lq\001\265\254\032\346"
 1265      728BF043 
 1265      086C7101 
 1265      B5AC1AE6 
 1266 065c F2756B8A 		.ascii	"\362uk\212\345\002\025"
 1266      E50215
 1267              		.text
 1268              		.section	.gnu.lto_usb_lld_get_status_out.part.0.379.83ad7a2e,"e",%progbits
 1269 0000 28B52FFD 		.ascii	"(\265/\375`6\002\215\023\000\266\244\204I\260RN:s\343"
 1269      6036028D 
 1269      1300B6A4 
 1269      8449B052 
 1269      4E3A73E3 
 1270 0014 A9670EDB 		.ascii	"\251g\016\333>\014\207:\240\255*2[E\211\374\027\264"
 1270      3E0C873A 
 1270      A0AD2A32 
 1270      5B4589FC 
 1270      17B4
 1271 0026 C7FEFF23 		.ascii	"\307\376\377#\234\247W\026\032w\237V\323\317\253\223"
 1271      9CA75716 
 1271      1A779F56 
 1271      D3CFAB93 
 1272 0036 92A6428A 		.ascii	"\222\246B\212}7\340\250>C\270\335\227w\350\327'\016"
 1272      7D37E0A8 
 1272      3E43B8DD 
ARM GAS  C:\Users\PUBLIC~1.LAP\AppData\Local\Temp\cc5KItyk.s 			page 100


 1272      9777E8D7 
 1272      270E
 1273 0048 FD07AA1F 		.ascii	"\375\007\252\037\207\364\311\222\332\310\336D\356\224"
 1273      87F4C992 
 1273      DAC8DE44 
 1273      EE94
 1274 0056 02710064 		.ascii	"\002q\000d\000q\000Se3j\025\222|:\302\354\323\276\224"
 1274      00710053 
 1274      65336A15 
 1274      927C3AC2 
 1274      ECD3BE94 
 1275 006a 6F273C48 		.ascii	"o'<H\266};\351\361\357B\023J\014\202_Z=j\025\332>\027"
 1275      B67D3BE9 
 1275      F1EF4213 
 1275      4A0C825F 
 1275      5A3D6A15 
 1276 0081 EABFD329 		.ascii	"\352\277\323)\256\034\177\276$\002r8]\243\254)\326n"
 1276      AE1C7FBE 
 1276      24027238 
 1276      5DA3AC29 
 1276      D66E
 1277 0093 8825D180 		.ascii	"\210%\321\200B\242\201\022\035\276B\200AR\004\360S$"
 1277      42A28112 
 1277      1DBE4280 
 1277      415204F0 
 1277      5324
 1278 00a5 460404F1 		.ascii	"F\004\004\361\025\017xq%\321\200@b\001\246\250\257\017"
 1278      150F7871 
 1278      25D18040 
 1278      6201A6A8 
 1278      AF0F
 1279 00b7 2F3D007F 		.ascii	"/=\000\177\244\014\360qT\251\265z\026\342\236\3356\317"
 1279      A40CF071 
 1279      54A9B57A 
 1279      16E29EDD 
 1279      36CF
 1280 00c9 F6045BE6 		.ascii	"\366\004[\346\002>\222L\356\223w\274X\327\311\236I\217"
 1280      023E924C 
 1280      EE9377BC 
 1280      58D7C99E 
 1280      498F
 1281 00db 549A52E9 		.ascii	"T\232R\3519J\213Tz\247\264|\325\177\020\031L\351\252"
 1281      394A8B54 
 1281      7AA7B47C 
 1281      D57F1019 
 1281      4CE9AA
 1282 00ee F5A8EC47 		.ascii	"\365\250\354G%1i\244\270\360\366\255x\374\241Cl_\310"
 1282      253169A4 
 1282      B8F0F6AD 
 1282      78FCA143 
 1282      6C5FC8
 1283 0101 732C9D1A 		.ascii	"s,\235\032\023\202O\213\322\276\212_\365\034K\307 \265"
 1283      13824F8B 
 1283      D2BE8A5F 
 1283      F51C4BC7 
 1283      20B5
 1284 0113 5AE58099 		.ascii	"Z\345\200\231}\326>\200~\212\027@{\354\020\257|\325"
ARM GAS  C:\Users\PUBLIC~1.LAP\AppData\Local\Temp\cc5KItyk.s 			page 101


 1284      7DD63E80 
 1284      7E8A1740 
 1284      7BEC10AF 
 1284      7CD5
 1285 0125 A9762EAC 		.ascii	"\251v.\254JH^y\252\035o\255\001tsY:j\037\241s\351.\327"
 1285      4A485E79 
 1285      AA1D6FAD 
 1285      01747359 
 1285      3A6A1FA1 
 1286 013d 50F00777 		.ascii	"P\360\007w\0311`\314\245\020\014\033\333K\250\240\023"
 1286      193160CC 
 1286      A5100C1B 
 1286      DB4BA8A0 
 1286      13
 1287 014e 2FC4910F 		.ascii	"/\304\221\017R].\3526y\177\033>jL\355>\371\031\250\270"
 1287      525D2EEA 
 1287      36797F1B 
 1287      3E6A4CED 
 1287      3EF919A8 
 1288 0163 B92C1C40 		.ascii	"\271,\034@r\314\273\342N\036\266\314[\314\020\000\253"
 1288      72CCBBE2 
 1288      4E1EB6CC 
 1288      5BCC1000 
 1288      AB
 1289 0174 B509C5F6 		.ascii	"\265\011\305\366\206o\321\210,\260p\026:\032X\255\025"
 1289      866FD188 
 1289      2CB07016 
 1289      3A1A58AD 
 1289      15
 1290 0185 25EB5A17 		.ascii	"%\353Z\027|\024\237b\215\252\325\267\241\237\273 W+"
 1290      7C149F62 
 1290      8DAAD5B7 
 1290      A19FBB20 
 1290      572B
 1291 0197 2499BF72 		.ascii	"$\231\277r?<\004\247\242\260!\262\275\234/G\354\321"
 1291      3F3C04A7 
 1291      A2B021B2 
 1291      BD9C2F47 
 1291      ECD1
 1292 01a9 48CF24A8 		.ascii	"H\317$\250\260\333\341r\276\034\234\211\206\006/06\226"
 1292      B0DBE172 
 1292      BE1C9C89 
 1292      86062F30 
 1292      3696
 1293 01bb 9616DB4D 		.ascii	"\226\026\333M\201\204\0076\037\316\015\257g\333\311"
 1293      81840736 
 1293      1FCE0DAF 
 1293      67DBC9
 1294 01ca D4D87C3C 		.ascii	"\324\330|<[Nw\203\203\201\267B\362\342\242\313\351j"
 1294      5B4E7783 
 1294      8381B742 
 1294      F2E2A2CB 
 1294      E96A
 1295 01dc 5662506E 		.ascii	"VbPn&=\033\032\234\230\235\232\034\335\016'SR\022\223"
 1295      263D1B1A 
 1295      9C989D9A 
 1295      1CDD0E27 
ARM GAS  C:\Users\PUBLIC~1.LAP\AppData\Local\Temp\cc5KItyk.s 			page 102


 1295      53521293 
 1296 01f0 C2E2625B 		.ascii	"\302\342b[~\235,\"\264d4\377\037\245\011-\215\020\345"
 1296      7E9D2C22 
 1296      B46434FF 
 1296      1FA5092D 
 1296      8D10E5
 1297 0203 7FF4C33B 		.ascii	"\177\364\303;\020\261\265\376\217\216Kd{\\\253\370\254"
 1297      10B1B5FE 
 1297      8F8E4B64 
 1297      7B5CABF8 
 1297      AC
 1298 0214 8F975629 		.ascii	"\217\227V)\035y\355\340\232#4( \200\202\241;v\005\033"
 1298      1D79EDE0 
 1298      9A233428 
 1298      208082A1 
 1298      3B76051B 
 1299 0228 22E41850 		.ascii	"\"\344\030P\343`\347F\362P\033\241\370_3w|0\000)l$q"
 1299      E360E746 
 1299      F2501BA1 
 1299      F85F3377 
 1299      7C300029 
 1300 023f E6D960B3 		.ascii	"\346\331`\263@\360\006\231Pc\010\202)cs>52\267\271)"
 1300      40F00699 
 1300      50630882 
 1300      2963733E 
 1300      3532B7B9 
 1301 0254 10DB8555 		.ascii	"\020\333\205U\372\365V(\1775\013^\255K.\253\251\227"
 1301      FAF55628 
 1301      7F350B5E 
 1301      AD4B2EAB 
 1301      A997
 1302 0266 E76B242B 		.ascii	"\347k$+\274\234\353\\x\332\247\010n\034\266\360a\313"
 1302      BC9CEB5C 
 1302      78DAA708 
 1302      6E1CB6F0 
 1302      61CB
 1303 0278 4FE878   		.ascii	"O\350x"
 1304              		.text
 1305              		.section	.gnu.lto_usb_lld_get_status_in.part.0.380.83ad7a2e,"e",%progbits
 1306 0000 28B52FFD 		.ascii	"(\265/\375`6\002\205\023\000\266d\204H\260RN:i\240\202"
 1306      60360285 
 1306      1300B664 
 1306      8448B052 
 1306      4E3A69A0 
 1307 0015 BE710A6E 		.ascii	"\276q\012n\307a\021\027\266\252\377VMo.\037q\036\344"
 1307      C7611117 
 1307      B6AAFF56 
 1307      4D6F2E1F 
 1307      711EE4
 1308 0028 B6D7F338 		.ascii	"\266\327\3638\331ei\377/g\305\345\325IIS!\305\276\033"
 1308      D96569FF 
 1308      2F67C5E5 
 1308      D5494953 
 1308      21C5BE1B 
 1309 003c 62559F61 		.ascii	"bU\237a\357\2648#\357\251\022\207\356>\225\336\033\360"
 1309      EFB43823 
 1309      EFA91287 
ARM GAS  C:\Users\PUBLIC~1.LAP\AppData\Local\Temp\cc5KItyk.s 			page 103


 1309      EE3E95DE 
 1309      1BF0
 1310 004e 452236B2 		.ascii	"E\"6\2627\221;\245p\000c\000r\000RC\032\265\006O>-a"
 1310      37913BA5 
 1310      70006300 
 1310      72005243 
 1310      1AB5064F 
 1311 0065 F6699F85 		.ascii	"\366i\237\205m*>H\266mS\371\261\357A\023J\015\200YB"
 1311      6D2A3E48 
 1311      B66D53F9 
 1311      B1EF4113 
 1311      4A0D8059 
 1312 007a 3D6A0DD6 		.ascii	"=j\015\326>\367\351\276\323)\256\034}\2764\372u8]\340"
 1312      3EF7E9BE 
 1312      D329AE1C 
 1312      7DBE34FA 
 1312      75385DE0 
 1313 008e D6146937 		.ascii	"\326\024i7\306\200#?\"\261@\011\017a!\277!)\216AIeF"
 1313      C680233F 
 1313      22B14009 
 1313      0F6121BF 
 1313      21298E41 
 1314 00a5 BF105FD1 		.ascii	"\277\020_\321\300W\027p\344'$\016X\202\012\273\360\362"
 1314      C0571770 
 1314      E427240E 
 1314      58820ABB 
 1314      F0F2
 1315 00b7 C32F48CA 		.ascii	"\303/H\312\000\037G\226Z\253g\"\356\331m\357lW\260%"
 1315      001F4796 
 1315      5AAB6722 
 1315      EED96DEF 
 1315      6C57B025 
 1316 00cb 2E407228 		.ascii	".@r(\327\311;^\254\333d\317\244G*M\251\364\034\245E"
 1316      D7C93B5E 
 1316      ACDB64CF 
 1316      A4472A4D 
 1316      A9F41CA5 
 1317 00e0 2ABD535A 		.ascii	"*\275SZ\236\352?\210\004\036 \253\365\250\214\254\222"
 1317      9EEA3F88 
 1317      041E20AB 
 1317      F5A88CAC 
 1317      92
 1318 00f1 9835543C 		.ascii	"\2305T<x\373U>\276\320!\266\037\364\371\025\017m\011"
 1318      78FB553E 
 1318      BED021B6 
 1318      1FF4F915 
 1318      0F6D09
 1319 0104 C1A74569 		.ascii	"\301\247Ei\277\305\255~~\305c\220Z\253\304df\237\264"
 1319      BFC5AD7E 
 1319      7EC56390 
 1319      5AABC464 
 1319      669FB4
 1320 0117 93D04FF1 		.ascii	"\223\320O\361\002\350\217\035\342\225\247\372T\317\203"
 1320      02E88F1D 
 1320      E295A7FA 
 1320      54CF83
 1321 0126 5509C92B 		.ascii	"U\011\311+?\325\343\2555tK\260v\320nB\347\322]\255\242"
ARM GAS  C:\Users\PUBLIC~1.LAP\AppData\Local\Temp\cc5KItyk.s 			page 104


 1321      3FD5E3AD 
 1321      35744BB0 
 1321      76D06E42 
 1321      E7D25DAD 
 1322 013b A4A0DBB9 		.ascii	"\244\240\333\271\266f\314\245\000\344\232\332\313\247"
 1322      B666CCA5 
 1322      00E49ADA 
 1322      CBA7
 1323 0149 A1133244 		.ascii	"\241\0232D\002 \300\310b\324e\362\3766~xI\355:\371\032"
 1323      0220C0C8 
 1323      62D465F2 
 1323      FE367E78 
 1323      49ED3AF9 
 1324 015e A8B82558 		.ascii	"\250\270%X8\204\244\017\357\212;s\3304\207QC\"V+\323"
 1324      3884A40F 
 1324      EF8A3B73 
 1324      D8348751 
 1324      4322562B 
 1325 0173 8A6D0E7F 		.ascii	"\212m\016\177a\003`\301\205k\345D\304j\255+X\317\302"
 1325      610360C1 
 1325      856BE544 
 1325      C46AAD2B 
 1325      58CFC2
 1326 0186 E0A3F814 		.ascii	"\340\243\370\024+T\255>\016\375\334\005\261r!\207\376"
 1326      2B54AD3E 
 1326      0EFDDC05 
 1326      B1722187 
 1326      FE
 1327 0197 CABDF011 		.ascii	"\312\275\360\021\300\222\306\212\206\001<\\oG\344\331"
 1327      C092C68A 
 1327      86013C5C 
 1327      6F47E4D9 
 1328 01a7 48D724B0 		.ascii	"H\327$\260\240\323\335p\275\235[\312\006\007125\227"
 1328      A0D3DD70 
 1328      BD9D5BCA 
 1328      06073132 
 1328      3597
 1329 01b9 97979A4D 		.ascii	"\227\227\232M\301\004\010\265\236N\316\216W\323\321"
 1329      C10408B5 
 1329      9E4ECE8E 
 1329      57D3D1
 1330 01c8 DCD47ABB 		.ascii	"\334\324z\273\032.\227\243\223a\327r\022\003\223\303"
 1330      1A2E97A3 
 1330      9361D772 
 1330      120393C3 
 1331 01d8 E56E5A66 		.ascii	"\345nZfVl)<\034\033\235\231\236\233\235\234\356F\203"
 1331      566C293C 
 1331      1C1B9D99 
 1331      9E9B9D9C 
 1331      EE4683
 1332 01eb 8232C3C0 		.ascii	"\2022\303\300\005\306\266\3746y\204(j\304\374}T\204"
 1332      05C6B6FC 
 1332      36798428 
 1332      6AC4FC7D 
 1332      5484
 1333 01fd 282A8528 		.ascii	"(*\205(\357\243\027\376\301\012\257\365}t\\#\333\343"
 1333      EFA317FE 
ARM GAS  C:\Users\PUBLIC~1.LAP\AppData\Local\Temp\cc5KItyk.s 			page 105


 1333      C10AAFF5 
 1333      7D745C23 
 1333      DBE3
 1334 020f 9A056881 		.ascii	"\232\005h\201\274TG\325\321\027\217\256iB\003( \200"
 1334      BC5447D5 
 1334      D1178FAE 
 1334      69420328 
 1334      2080
 1335 0221 82A13B76 		.ascii	"\202\241;v\005\033\"\344\030P\343`\347F\362P\033\241"
 1335      051B22E4 
 1335      1850E360 
 1335      E746F250 
 1335      1BA1
 1336 0233 F85F3377 		.ascii	"\370_3w|0\000)l$q\346\331`\263@\360\006\231Pc\010\202"
 1336      7C300029 
 1336      6C2471E6 
 1336      D960B340 
 1336      F0069950 
 1337 024a 2963733E 		.ascii	")cs>52\267\271)\020\333\205U\372\365V(\1775\013^\255"
 1337      3532B7B9 
 1337      2910DB85 
 1337      55FAF556 
 1337      287F350B 
 1338 0260 4B2EABA9 		.ascii	"K.\253\251\227\347k$+\274\234\353\\x\332\247\010n\034"
 1338      97E76B24 
 1338      2BBC9CEB 
 1338      5C78DAA7 
 1338      086E1C
 1339 0273 B6F061CB 		.ascii	"\266\360a\313O\350x"
 1339      4FE878
 1340              		.text
 1341              		.section	.gnu.lto_.symbol_nodes.83ad7a2e,"e",%progbits
 1342 0000 28B52FFD 		.ascii	"(\265/\375` \004%\022\000\246\235oH\300VQ:\024^\220"
 1342      60200425 
 1342      1200A69D 
 1342      6F48C056 
 1342      513A145E 
 1343 0015 B29A9C94 		.ascii	"\262\232\234\224\343u\215m\221\365\255\242A\036\332"
 1343      E3758D6D 
 1343      91F5ADA2 
 1343      411EDA
 1344 0024 3E99D1AF 		.ascii	">\231\321\257)\003q\264\001\240\262p\225;\347's\335"
 1344      290371B4 
 1344      01A0B270 
 1344      953BE727 
 1344      73DD
 1345 0036 6E7F214B 		.ascii	"n\177!K\020\004A3\340\014\370&\341I\302\006<\372n\365"
 1345      10044133 
 1345      E00CF826 
 1345      E149C206 
 1345      3CFA6EF5 
 1346 004a 74713030 		.ascii	"tq00\340\372V\322\010\221I\356Y\000Z\000^\000\375!\017"
 1346      E0FA56D2 
 1346      089149EE 
 1346      59005A00 
 1346      5E00FD21 
 1347 005f 7DDAB92C 		.ascii	"}\332\271,\313\262C_\350\034\372A\313\222\315\\\311"
ARM GAS  C:\Users\PUBLIC~1.LAP\AppData\Local\Temp\cc5KItyk.s 			page 106


 1347      CBB2435F 
 1347      E81CFA41 
 1347      CB92CD5C 
 1347      C9
 1348 0070 37E77C28 		.ascii	"7\347|(\276p\3122\314\206\376\354\246\377EC\337K\206"
 1348      BE70CA32 
 1348      CC86FEEC 
 1348      A6FF4543 
 1348      DF4B86
 1349 0083 7E170C7D 		.ascii	"~\027\014}.45\014y.\364\267\334\354\226zl\372\262\231"
 1349      2E34350C 
 1349      792EF4B7 
 1349      DCEC967A 
 1349      6CFAB299 
 1350 0097 05475EA9 		.ascii	"\005G^\251\351\307,\364a\247\032\206\"\320\234=\247"
 1350      E9C72CF4 
 1350      61A71A86 
 1350      22D09C3D 
 1350      A7
 1351 00a8 4D5CAFD6 		.ascii	"M\\\257\326Z+\364\227|\316\371=\0104\372Qf\364s2\372"
 1351      5A2BF497 
 1351      7CCEF93D 
 1351      0834FA51 
 1351      66F47332 
 1352 00bd 4931FA52 		.ascii	"I1\372RV\204\321\247\"\276\350+\255\213\003}-\372UX"
 1352      5684D1A7 
 1352      22BEE82B 
 1352      AD8B037D 
 1352      2DFA5558 
 1353 00d1 F499B6DE 		.ascii	"\364\231\266\336\352\2343+\372K\253\242\017%E\037\207"
 1353      EA9C332B 
 1353      FA4BABA2 
 1353      0F25451F 
 1353      87
 1354 00e2 A27F3BD1 		.ascii	"\242\177;\321\177b\242o+\321w\362\355A\332\321\311\351"
 1354      7F62A26F 
 1354      2BD177F2 
 1354      ED41DAD1 
 1354      C9E9
 1355 00f4 1F91E81B 		.ascii	"\037\221\350\033\215\3507\251\265|\350\340\364k\027"
 1355      8DE837A9 
 1355      B57CE8E0 
 1355      F46B17
 1356 0103 D12F0AD1 		.ascii	"\321/\012\321':\307@\374\365}\010>\273]\200\304e\345"
 1356      273AC740 
 1356      FCF57D08 
 1356      3EBB5D80 
 1356      C465E5
 1357 0116 9497C8B8 		.ascii	"\224\227\310\270+\243\332\017\025\345\035\341\326\214"
 1357      2BA3DA0F 
 1357      15E51DE1 
 1357      D68C
 1358 0124 3A1853D6 		.ascii	":\030S\326\261\333\335i\232\015-\345\034\343\242\230"
 1358      B1DBDD69 
 1358      9A0D2DE5 
 1358      1CE3A298 
 1359 0134 78602ACA 		.ascii	"x`*\3127v\373\025i\232\235\262\203qARgDEY&\\\024Q\022"
ARM GAS  C:\Users\PUBLIC~1.LAP\AppData\Local\Temp\cc5KItyk.s 			page 107


 1359      3776FB15 
 1359      699A9DB2 
 1359      83714152 
 1359      67444559 
 1360 014d 0FA68C5A 		.ascii	"\017\246\214ZQ\006G\011\224A\326\"\000\342\323c\002"
 1360      51064709 
 1360      9441D622 
 1360      00E2D363 
 1360      02
 1361 015e E5D4A411 		.ascii	"\345\324\244\021>^\321xl\243?\245F\037)\363\012b\016"
 1361      3E5ED178 
 1361      6CA33FA5 
 1361      461F29F3 
 1361      0A620E
 1362 0171 08016538 		.ascii	"\010\001e8g\217#uCN\006xg\247\001\237\000\336p!\034"
 1362      678F2375 
 1362      434E0678 
 1362      67A7019F 
 1362      00DE7021 
 1363 0186 C1A2E405 		.ascii	"\301\242\344\005\240\000\200\367\207\334T\256\310E\275"
 1363      A00080F7 
 1363      87DC54AE 
 1363      C845BD
 1364 0195 6E2D031B 		.ascii	"n-\003\033\0230\324\303\221[0&\023\242^\203\326~\264"
 1364      1330D4C3 
 1364      915B3026 
 1364      13A25E83 
 1364      D67EB4
 1365 01a8 9B16EA11 		.ascii	"\233\026\352\021\310m\201Z+\365\226\334\004?A\216\250"
 1365      C86D815A 
 1365      2BF596DC 
 1365      043F418E 
 1365      A8
 1366 01b9 B7AF7167 		.ascii	"\267\257qg\254\326\232\242\274IXk\023\344\242\251(o"
 1366      ACD69AA2 
 1366      BC49586B 
 1366      13E4A2A9 
 1366      286F
 1367 01cb 3D20E002 		.ascii	"= \340\002\031\242\325\003,\301J\260*\257\300\003W$"
 1367      19A2D503 
 1367      2CC14AB0 
 1367      2AAFC003 
 1367      5724
 1368 01dd 95AA889C 		.ascii	"\225\252\210\234\321\232O=\314\206\253Gxa\243\232\004"
 1368      D19A4F3D 
 1368      CC86AB47 
 1368      7861A39A 
 1368      04
 1369 01ee 09900092 		.ascii	"\011\220\000\222\200d\003\272\300\3144\214\0251_#,\273"
 1369      806403BA 
 1369      C0CC348C 
 1369      15315F23 
 1369      2CBB
 1370 0200 26EFA087 		.ascii	"&\357\240\207\271\024Q\012\263\260k\007:M|\344G\360"
 1370      B914510A 
 1370      B3B06B07 
 1370      3A4D7CE4 
ARM GAS  C:\Users\PUBLIC~1.LAP\AppData\Local\Temp\cc5KItyk.s 			page 108


 1370      47F0
 1371 0212 23FC8F00 		.ascii	"#\374\217\000|zw\372H?\215@@\340\026\347\247\211~\211"
 1371      7C7A77FA 
 1371      483F8D40 
 1371      40E016E7 
 1371      A7897E89 
 1372 0226 5B6516B8 		.ascii	"[e\026\270\177\020\376\247?;\2322\200#\370\010\212\224"
 1372      7F10FEA7 
 1372      3F3B9A32 
 1372      8023F808 
 1372      8A94
 1373 0238 E0D7444D 		.ascii	"\340\327DM\\\311\241\201\204B\260\332d2\3658\336i\221"
 1373      5CC9A181 
 1373      8442B0DA 
 1373      6432F538 
 1373      DE6991
 1374 024b 9C854E   		.ascii	"\234\205N"
 1375              		.text
 1376              		.section	.gnu.lto_.refs.83ad7a2e,"e",%progbits
 1377 0000 28B52FFD 		.ascii	"(\265/\375 \301e\004\000\002\211\033$\220U\313\001\353"
 1377      20C16504 
 1377      0002891B 
 1377      249055CB 
 1377      01EB
 1378 0012 8140CDE7 		.ascii	"\201@\315\347\276o?\277<\373\354\377\377\377\355\315"
 1378      BE6F3FBF 
 1378      3CFBECFF 
 1378      FFFFEDCD 
 1379 0022 A92F61E1 		.ascii	"\251/a\341\366\206\341\221\357\373\347\332\2272\005"
 1379      F686E191 
 1379      EFFBE7DA 
 1379      973205
 1380 0031 5FBC6831 		.ascii	"_\274h1\301\212\224\264D\361`\330\201r\332+\013{\230"
 1380      C18A94B4 
 1380      44F160D8 
 1380      8172DA2B 
 1380      0B7B98
 1381 0044 8BA57B95 		.ascii	"\213\245{\225\376(\345\233\004\000\214D!\320\307\323"
 1381      FE28E59B 
 1381      04008C44 
 1381      21D0C7D3 
 1382 0054 299FD3FD 		.ascii	")\237\323\375\246\277\246\\\322\217\364!\345\217nG\277"
 1382      A6BFA65C 
 1382      D28FF421 
 1382      E58F6E47 
 1382      BF
 1383 0065 D167942F 		.ascii	"\321g\224/\372Vy\325G\224S\345S\371\240\\\320\011\212"
 1383      FA5679D5 
 1383      479453E5 
 1383      53F9A05C 
 1383      D0098A
 1384 0078 3F130C00 		.ascii	"?\023\014\000SdA\\2cA\034\010\006B\214\212\003\301@"
 1384      5364415C 
 1384      3263411C 
 1384      0806428C 
 1384      8A03C140 
 1385 008c 88CC3894 		.ascii	"\210\3148\224`\224\0043\012"
ARM GAS  C:\Users\PUBLIC~1.LAP\AppData\Local\Temp\cc5KItyk.s 			page 109


 1385      60940433 
 1385      0A
 1386              		.text
 1387              		.section	.gnu.lto_.decls.83ad7a2e,"e",%progbits
 1388 0000 28B52FFD 		.ascii	"(\265/\375`\334I\235)\001Z\353\355jS \014Y9\351\224"
 1388      60DC499D 
 1388      29015AEB 
 1388      ED6A5320 
 1388      0C5939E9 
 1389 0015 D73331CD 		.ascii	"\32731\315s\2161\005s\310t\367\220tl\005\221\025\320"
 1389      738E3105 
 1389      73C874F7 
 1389      90746C05 
 1389      9115D0
 1390 0028 0AF6FCC8 		.ascii	"\012\366\374\310\321\340\360\373\034\203\204\330y\231"
 1390      D1E0F0FB 
 1390      1C8384D8 
 1390      7999
 1391 0036 60C3D4AA 		.ascii	"`\303\324\252\262\357i&\233]\331\311\005\223\006\240"
 1391      B2EF6926 
 1391      9B5DD9C9 
 1391      059306A0 
 1392 0046 41DF28CC 		.ascii	"A\337(\314\007/sA\234`\003~\346\341\024\012\251M\230"
 1392      072F7341 
 1392      9C60037E 
 1392      E6E1140A 
 1392      A94D98
 1393 0059 6271487B 		.ascii	"bqH{l\262\211\334)\305\005\236\006\325\006[\340\350"
 1393      6CB289DC 
 1393      29C5059E 
 1393      06D5065B 
 1393      E0E8
 1394 006b 68FBBC23 		.ascii	"h\373\274#0?\304\332\264\275\265\202{\311_\331:I\337"
 1394      303FC4DA 
 1394      B4BDB582 
 1394      7BC95FD9 
 1394      3A49DF
 1395 007e E8C0E5DA 		.ascii	"\350\300\345\332\333\322\325\366v\012>\262.\335+\253"
 1395      DBD2D5F6 
 1395      760A3EB2 
 1395      2EDD2BAB 
 1396 008e D2BD3DE2 		.ascii	"\322\275=\342\3331\374\241.\335\333/|\275\252t7\250"
 1396      DB31FCA1 
 1396      2EDDDB2F 
 1396      7CBDAA74 
 1396      37A8
 1397 00a0 4BB7C382 		.ascii	"K\267\303\202\230\300\251\262l{\333\205\233\310\037"
 1397      98C0A9B2 
 1397      6C7BDB85 
 1397      9BC81F
 1398 00af 62C42BB2 		.ascii	"b\304+\262\316\250\272\311\371\022\322\366\026\013\327"
 1398      CEA8BAC9 
 1398      F912D2F6 
 1398      160BD7
 1399 00be DC4282C4 		.ascii	"\334B\202\304\241\361\360\352 @\210\320|\324\331k\333"
 1399      A1F1F0EA 
 1399      204088D0 
ARM GAS  C:\Users\PUBLIC~1.LAP\AppData\Local\Temp\cc5KItyk.s 			page 110


 1399      7CD4D96B 
 1399      DB
 1400 00cf 3F90B8CD 		.ascii	"?\220\270\315\2277k\332\336\314\303l%\\9n\365\214 \307"
 1400      97376BDA 
 1400      DECCC36C 
 1400      255C396E 
 1400      F58C20C7 
 1401 00e3 377BC4E2 		.ascii	"7{\304\342(+\235\252l\353\363\267W\347h\036\215\243"
 1401      282B9DAA 
 1401      6CEBF3B7 
 1401      57E7681E 
 1401      8DA3
 1402 00f5 7BB4B175 		.ascii	"{\264\261u\364W\233\320>j\262w\374\315\3254Z\353\354"
 1402      F4579BD0 
 1402      3E6AB277 
 1402      FCCDD534 
 1402      5AEBEC
 1403 0108 C8A6D732 		.ascii	"\310\246\3272\266\034\333\300\251xf\226;\232C\262\245"
 1403      B61CDBC0 
 1403      A9786696 
 1403      3B9A43B2 
 1403      A5
 1404 0119 CC1959F3 		.ascii	"\314\031Y\363\252\236\242,\012Y\253\255\316\361nG\327"
 1404      AA9EA22C 
 1404      0A59ABAD 
 1404      CEF16E47 
 1404      D7
 1405 012a E82ED3CA 		.ascii	"\350.\323\312\210\204\303\355\2062gd\357\250|*^\321"
 1405      8884C3ED 
 1405      86326764 
 1405      EFA87C2A 
 1405      5ED1
 1406 013c 153207A9 		.ascii	"\0252\007\251 v\346\007\016\275\234\221\034\260\237"
 1406      2076E607 
 1406      0EBD9C91 
 1406      1CB09F
 1407 014b 3870DC2E 		.ascii	"8p\334.\330\277\273~\343(\313\235\273\270\266a.\211"
 1407      D8BFBB7E 
 1407      E328CB9D 
 1407      BBB8B661 
 1407      2E89
 1408 015d 93474DDB 		.ascii	"\223GM\333\233>\360\315.\334`u\351b\200D\"\372\263%"
 1408      9B3EF0CD 
 1408      2EDC6075 
 1408      E9628044 
 1408      22FAB325 
 1409 0171 0C9DB637 		.ascii	"\014\235\2667\265\360;\020~\353u\226\011jqf\264}\307"
 1409      B5F03B10 
 1409      7EEB7596 
 1409      096A7166 
 1409      B47DC7
 1410 0184 C1AFC9C6 		.ascii	"\301\257\311\306\352+\013\332\264q\263z_}\216\205\234"
 1410      EA2B0BDA 
 1410      B471B37A 
 1410      5F7D8E85 
 1410      9C
 1411 0195 F3E49C29 		.ascii	"\363\344\234)\020\342Z\263\306\253m\005\324\371\277"
ARM GAS  C:\Users\PUBLIC~1.LAP\AppData\Local\Temp\cc5KItyk.s 			page 111


 1411      10E25AB3 
 1411      C6AB6D05 
 1411      D4F9BF
 1412 01a4 10D1CE9C 		.ascii	"\020\321\316\234Z\333\277\363\022\251\015\216\215\267"
 1412      5ADBBFF3 
 1412      12A90D8E 
 1412      8DB7
 1413 01b2 650D4464 		.ascii	"e\015DdW\004\356J\333\267\032\374\274\372\347\277\220"
 1413      5704EE4A 
 1413      DBB71AFC 
 1413      BCFAE7BF 
 1413      90
 1414 01c3 5019381A 		.ascii	"P\0318\032:\332\326\275\332\247&+\250~\036b\304M+\265"
 1414      3ADAD6BD 
 1414      DAA7262B 
 1414      A87E1E62 
 1414      C44D2BB5 
 1415 01d7 ACCC1989 		.ascii	"\254\314\031\211$\204\227''\326\366=\006\277Vp\353\262"
 1415      24849727 
 1415      27D6F63D 
 1415      06BF5670 
 1415      EBB2
 1416 01e9 5670DF5E 		.ascii	"Vp\337^\360\233\015\277\317\364\344\021\262bD-\356N"
 1416      F09B0DBF 
 1416      CFF4E411 
 1416      B262442D 
 1416      EE4E
 1417 01fb C56384C6 		.ascii	"\305c\204\306\313\0144bw\032\010\376\253\322\216\275"
 1417      CB0C3462 
 1417      771A08FE 
 1417      ABD28EBD 
 1418 020b D3AABBD1 		.ascii	"\323\252\273\321\266\236p\004F\306\231<m\337[\370\177"
 1418      B69E7004 
 1418      46C6993C 
 1418      6DDF5BF8 
 1418      7F
 1419 021c 4DD63A39 		.ascii	"M\326:9C\275a&\203\256\355k \\\343T95\251\241\316yu"
 1419      43BD6126 
 1419      83AEED6B 
 1419      205CE354 
 1419      3935A9A1 
 1420 0233 53DFFCBC 		.ascii	"S\337\374\274B\346<9#\221\214\354\200!\355\264}\325"
 1420      42E63C39 
 1420      23918CEC 
 1420      8021EDB4 
 1420      7DD5
 1421 0245 835F355C 		.ascii	"\203_5\\s\271\254\032\356\353\034L\241.\335\256J7CU"
 1421      73B9AC1A 
 1421      EEEB1C4C 
 1421      A12EDDAE 
 1421      4A374355 
 1422 0259 BA16B0B1 		.ascii	"\272\026\260\261\273&`\325\201\322\266\326e\020\322"
 1422      BB2660D5 
 1422      81D2B6D6 
 1422      6510D2
 1423 0268 2BA3ECD2 		.ascii	"+\243\354\322\366U\015V\003\344x\246\322U3\025MMS\327"
 1423      F6550D56 
ARM GAS  C:\Users\PUBLIC~1.LAP\AppData\Local\Temp\cc5KItyk.s 			page 112


 1423      03E478A6 
 1423      D2553315 
 1423      4D4D53D7 
 1424 027c D46455F3 		.ascii	"\324dU\363W\270\032\347\026$\213\020+c\312*j\252\226"
 1424      57B81AE7 
 1424      16248B10 
 1424      2B63CA2A 
 1424      6AAA96
 1425 028f 5AC6B432 		.ascii	"Z\306\2642\216\360\244\2112\347\254\246\266\325\265"
 1425      8EF0A489 
 1425      32E7ACA6 
 1425      B6D5B5
 1426 029e 0F3872CD 		.ascii	"\0178r\3153\362d\2102g;\016\031,\010\251\261\344\310"
 1426      33F26488 
 1426      32673B0E 
 1426      192C08A9 
 1426      B1E4C8
 1427 02b1 D6327F45 		.ascii	"\3262\177E\253iu\256\3010\264\237%yJh{\021?\210\267"
 1427      AB6975AE 
 1427      C130B49F 
 1427      25794A68 
 1427      7B113F88 
 1428 02c6 32106E49 		.ascii	"2\020nI\252ta\"\"K\325\023%\307\234\355^\317\376\312"
 1428      AA746122 
 1428      224BD513 
 1428      25C79CED 
 1428      5ECFFECA 
 1429 02da F63A57BD 		.ascii	"\366:W\275\324\265\212|\313Xl\016\360d\011\327\227^"
 1429      D4B58A7C 
 1429      CB586C0E 
 1429      F06409D7 
 1429      975E
 1430 02ec CE76FFAB 		.ascii	"\316v\377\253\230\012\246\206\251c*\231\232\254s\177"
 1430      980AA686 
 1430      A9632A99 
 1430      9AAC737F 
 1431 02fc 95AB5F6E 		.ascii	"\225\253_n\2219g\345\2349p\340\300\201C\206 \263\267"
 1431      913967E5 
 1431      9C3970E0 
 1431      C0814386 
 1431      20B3B7
 1432 030f 39CB225B 		.ascii	"9\313\"[\301\352\322\265P\225\356\253\025\276\010p\335"
 1432      C1EAD2B5 
 1432      5095EEAB 
 1432      15BE0870 
 1432      DD
 1433 0320 02E295CB 		.ascii	"\002\342\225\313\2252R#\241\341\305\252mPU\272\217\201"
 1433      95325223 
 1433      A1E1C5AA 
 1433      6D5055BA 
 1433      8F81
 1434 0332 89C0EAD2 		.ascii	"\211\300\352\322\255P\252\322=\025\376\007\360\245\360"
 1434      AD50AAD2 
 1434      3D15FE07 
 1434      F0A5F0
 1435 0341 831857A5 		.ascii	"\203\030W\245[\257T,5\271\241\252](\013\231\365r\256"
 1435      5BAF542C 
ARM GAS  C:\Users\PUBLIC~1.LAP\AppData\Local\Temp\cc5KItyk.s 			page 113


 1435      35B9A1AA 
 1435      5D280B99 
 1435      F572AE
 1436 0354 43C26CD6 		.ascii	"C\302l\326\224X\332\276\003\370\025y\027l\362\210c\374"
 1436      9458DABE 
 1436      03F81579 
 1436      176CF288 
 1436      63FC
 1437 0366 BAE1222D 		.ascii	"\272\341\"-\227\313e\335p\337x(\327\245[\301\252\322"
 1437      97CB65DD 
 1437      70DF7828 
 1437      D7A55BC1 
 1437      AAD2
 1438 0378 A55095EE 		.ascii	"\245P\225\356_\251\374uJ=\333`\325\300\262^\316\310"
 1438      5FA9FC75 
 1438      4A3DDB60 
 1438      D5C0B25E 
 1438      CEC8
 1439 038a A40A288D 		.ascii	"\244\012(\215\325U[\013\352\322\265U\351r #\214\031"
 1439      D5555B0B 
 1439      EAD2B555 
 1439      E9722023 
 1439      8C19
 1440 039c 420DB603 		.ascii	"B\015\266\003b\374G\023\246\211j\206\000\030K`\202\360"
 1440      62FC4713 
 1440      A6896A86 
 1440      00184B60 
 1440      82F0
 1441 03ae B70D0FF6 		.ascii	"\267\015\017\366\367W\037uH\277\370+6=8\000\321o1@\327"
 1441      F7571F75 
 1441      48BFF82B 
 1441      363D3800 
 1441      D16F3140 
 1442 03c3 C4BF6213 		.ascii	"\304\277b\023\305\177\015\032\216~\033\302o\315\207"
 1442      C57F0D1A 
 1442      8E7E1BC2 
 1442      6FCD87
 1443 03d2 6503687F 		.ascii	"e\003h\177\305W\363C\302\224\015j\222\321\227~\373\344"
 1443      C557F343 
 1443      C2940D6A 
 1443      92D1977E 
 1443      FBE4
 1444 03e4 FF983EDA 		.ascii	"\377\230>\332\300\250\241\211^\301o\233\\\355\025\376"
 1444      C0A8A189 
 1444      5EC16F9B 
 1444      5CED15FE 
 1445 03f4 6BE8A27A 		.ascii	"k\350\242z\244\"\311\337$\314\0168(\301\337\0150O\374"
 1445      A422C9DF 
 1445      24CC0E38 
 1445      28C1DF0D 
 1445      304FFC
 1446 0407 3D4201C5 		.ascii	"=B\001\305\277v`\316\303\\C\360I\277\035\362\327\352"
 1446      BF7660CE 
 1446      C35C43F0 
 1446      49BF1DF2 
 1446      D7EA
 1447 0419 C1FAFE9F 		.ascii	"\301\372\376\237\371+\360\257F\247\000\204\037h\372"
ARM GAS  C:\Users\PUBLIC~1.LAP\AppData\Local\Temp\cc5KItyk.s 			page 114


 1447      F92BF0AF 
 1447      46A70084 
 1447      1F68FA
 1448 0428 43002A05 		.ascii	"C\000*\005\035\370?\347j\376\253\325\340/\3746\307\337"
 1448      1DF83FE7 
 1448      6AFEABD5 
 1448      E02FFC36 
 1448      C7DF
 1449 043a 19982638 		.ascii	"\031\230&8\250\370\273\000&\323\012\250\032\374\320"
 1449      A8F8BB00 
 1449      26D30AA8 
 1449      1AFCD0
 1450 0449 6F27F0D7 		.ascii	"o'\360\327?\177\315\353\323\003\215k\270\321o\273\376"
 1450      3F7FCDEB 
 1450      D3038D6B 
 1450      B8D16FBB 
 1450      FE
 1451 045a 366196F8 		.ascii	"6a\226\370\373\302o\222\370k\014\337\337\024\230\021"
 1451      FBC26F92 
 1451      F86B0CDF 
 1451      DF149811 
 1452 046a 08C15F41 		.ascii	"\010\301_API\320F}er\300\365\233\011\370M\010\374\346"
 1452      5049D046 
 1452      7D6572C0 
 1452      F59B09F8 
 1452      4D08FCE6 
 1453 047e 03FE6A49 		.ascii	"\003\376jI\250\030.0\035P\377\3731\033\3202f\250y\370"
 1453      A8182E30 
 1453      1D50FFFB 
 1453      311BD032 
 1453      66A879F8 
 1454 0492 6B88BFB6 		.ascii	"k\210\277\266\375&\003\376\372\366\327\012\364P\005"
 1454      FD2603FE 
 1454      FAF6D70A 
 1454      F45005
 1455 04a1 7301BFA9 		.ascii	"s\001\277\251\301\177\022\356o\216\250\375\341\032\230"
 1455      C17F12EE 
 1455      6F8EA8FD 
 1455      E11A98
 1456 04b0 FC9DE4EF 		.ascii	"\374\235\344\357\261\277\217\374m\344\357\260\277\207"
 1456      B1BF8FFC 
 1456      6DE4EFB0 
 1456      BF87
 1457 04be FC0DE4EF 		.ascii	"\374\015\344\357\257\277{l\240\343\357\256\263\370-"
 1457      AFBF7B6C 
 1457      A0E3EFAE 
 1457      B3F82D
 1458 04cd 8DBFD2A8 		.ascii	"\215\277\322\2506\376z\243\326\370k\327\205\014`]\303"
 1458      36FE7AA3 
 1458      D6F86BD7 
 1458      850C605D 
 1458      C3
 1459 04de 49B03100 		.ascii	"I\2601\000\002\374\366\304\3771\177\025A-\376u\004\177"
 1459      02FCF6C4 
 1459      FF317F15 
 1459      412DFE75 
 1459      047F
ARM GAS  C:\Users\PUBLIC~1.LAP\AppData\Local\Temp\cc5KItyk.s 			page 115


 1460 04f0 25C1C3FC 		.ascii	"%\301\303\374\237\273]\037\005\200\305_%\200\365\237"
 1460      9FBB5D1F 
 1460      0580C55F 
 1460      2580F59F 
 1461 0500 82BFA6CF 		.ascii	"\202\277\246\317\300\377\002\374'\241\213\272\306\337"
 1461      C0FF02FC 
 1461      27A18BBA 
 1461      C6DF
 1462 050e 46F7D315 		.ascii	"F\367\323\025\330\006\210\371\362\337\314\1772\215\241"
 1462      D80688F9 
 1462      F2DFCC7F 
 1462      328DA1
 1463 051d E8B71EFE 		.ascii	"\350\267\036\376\323\375G\243\341o\245\343\337j\370"
 1463      D3FD47A3 
 1463      E16FA5E3 
 1463      DF6AF8
 1464 052c EB85BF26 		.ascii	"\353\205\277&\375\025\303_\221\376\252\364\327\011\376"
 1464      FD15C35F 
 1464      91FEAAF4 
 1464      D709FE
 1465 053b 6AE1AF19 		.ascii	"j\341\257\031\376\032\000\264vK\375\225\004\355\342"
 1465      FE1A00B4 
 1465      764BFD95 
 1465      04EDE2
 1466 054a 6FE12DFC 		.ascii	"o\341-\374\226\307\3374\376\236\361\267\326\3372\376"
 1466      96C7DF34 
 1466      FE9EF1B7 
 1466      D6DF32FE 
 1467 055a C6FA3BC6 		.ascii	"\306\372;\306\3370\376.\376-\374\273\305\337\350\337"
 1467      DF30FE2E 
 1467      FE2DFCBB 
 1467      C5DFE8DF 
 1468 056a C0BF7F7F 		.ascii	"\300\277\177\177\373\376\336\300\337$\374\215\201\277"
 1468      FBFEDEC0 
 1468      DF24FC8D 
 1468      81BF
 1469 0578 2DF0B78A 		.ascii	"-\360\267\212\2779\370{\001\177\207\360\267\207\277"
 1469      BF39F87B 
 1469      017F87F0 
 1469      B787BF
 1470 0587 41F87B02 		.ascii	"A\370{\002\177\247\370\233\303\337\004\370\033\305\337"
 1470      7FA7F89B 
 1470      C3DF04F8 
 1470      1BC5DF
 1471 0596 27FE2EF1 		.ascii	"'\376.\361\267\003\376\376\360\367\001\376\326\360\367"
 1471      B703FEFE 
 1471      F0F701FE 
 1471      D6F0F7
 1472 05a5 00FEAEE0 		.ascii	"\000\376\256\340o\014\177+\375}\376}\364\267\321\337"
 1472      6F0C7F2B 
 1472      FD7DFE7D 
 1472      F4B7D1DF 
 1473 05b5 457F1DF2 		.ascii	"E\177\035\362\327\256\277\211\376\032\200\277B\375\225"
 1473      D7AEBF89 
 1473      FE1A80BF 
 1473      42FD95
 1474 05c4 04FFD5FE 		.ascii	"\004\377\325\376\327\375\025\377u\203\277\207\376:\200"
ARM GAS  C:\Users\PUBLIC~1.LAP\AppData\Local\Temp\cc5KItyk.s 			page 116


 1474      D7FD15FF 
 1474      7583BF87 
 1474      FE3A80
 1475 05d3 BF5AF07F 		.ascii	"\277Z\360\177\316\177?\377I\370\253\321\337\370\357"
 1475      CE7F3FFF 
 1475      49F8ABD1 
 1475      DFF8EF
 1476 05e2 A0BFEF5F 		.ascii	"\240\277\357_\271\374\025\356\257[\376\252\345\257q"
 1476      B9FC15EE 
 1476      AF5BFEAA 
 1476      E5AF71
 1477 05f1 7F05FB6B 		.ascii	"\177\005\373k\216\277\036\375\325\370W\034\177\365\372"
 1477      8EBF1EFD 
 1477      D5F8571C 
 1477      7FF5FA
 1478 0600 6BD65FD3 		.ascii	"k\326_\323\277\226\340\257W\177\265\372+\005\177\315"
 1478      BF96E0AF 
 1478      577FB5FA 
 1478      2B057FCD 
 1479 0610 7F0DFEB5 		.ascii	"\177\015\376\265\202\377v\377\317\376\253\370\017\346"
 1479      82FF76FF 
 1479      CFFEABF8 
 1479      0FE6
 1480 061e 3F05CBE5 		.ascii	"?\005\313\345r\371\017m\375E\033\370E\300\011<\220\246"
 1480      72F90F6D 
 1480      FD451BF8 
 1480      45C0093C 
 1480      90A6
 1481 0630 D491C5B5 		.ascii	"\324\221\305\265}\236\320\031\007\355\353\253\355\207"
 1481      7D9ED019 
 1481      07EDEBAB 
 1481      ED87
 1482 063e B6F0ADD1 		.ascii	"\266\360\255\321z\335\342\270\305ast\3169\313!q\025"
 1482      7ADDE2B8 
 1482      C5617374 
 1482      CE39CB21 
 1482      7115
 1483 0650 A1A2CC3D 		.ascii	"\241\242\314=\214\033\376\347\335\346\350\031\035\234"
 1483      8C1BFEE7 
 1483      DDE6E819 
 1483      1D9C
 1484 065e D5F1D1F6 		.ascii	"\325\361\321\366B{0\205\212\254\217\200q\351\365C~\234"
 1484      427B3085 
 1484      8AAC8F80 
 1484      71E9F543 
 1484      7E9C
 1485 0670 A819CB39 		.ascii	"\250\031\3139\327<FW`Ybmk\216\200\205\234qV\230W\335"
 1485      D73C4657 
 1485      6059626D 
 1485      6B8E8085 
 1485      9C715698 
 1486 0686 620BB3CA 		.ascii	"b\013\263\312Ya\312\244-\2660\257-60\343\005[\3100\034"
 1486      5961CAA4 
 1486      2DB630AF 
 1486      2D3630E3 
 1486      055BC830 
 1487 069b 390BCC58 		.ascii	"9\013\314Xs\326U\336B\346\234\2243X\336B^\03132\347"
ARM GAS  C:\Users\PUBLIC~1.LAP\AppData\Local\Temp\cc5KItyk.s 			page 117


 1487      73D655DE 
 1487      42E69C94 
 1487      3358DE42 
 1487      5E193332 
 1488 06b0 7A960596 		.ascii	"z\226\005\226\2672\230\261n\345\260\234s\006K\332\312"
 1488      B73298B1 
 1488      6EE5B09C 
 1488      73064BDA 
 1488      CA
 1489 06c1 02B3CA6C 		.ascii	"\002\263\312la^I\231-\314\270\305\026fL\332B^\345\214"
 1489      615E4999 
 1489      2DCCB8C5 
 1489      16664CDA 
 1489      425EE58C 
 1490 06d5 BCB2BA20 		.ascii	"\274\262\272 \347+\343\026\033\023cR\316\012\263\332"
 1490      E72BE316 
 1490      1B136352 
 1490      CE0AB3DA 
 1491 06e5 62BBF28A 		.ascii	"b\273\362\212@\316VL\376XU+\2545$\231\355\252F\033\267"
 1491      40CE564C 
 1491      FE58552B 
 1491      AC352499 
 1491      EDAA461B 
 1492 06fa F257CED9 		.ascii	"\362W\316\331GEf\345\0369g\201M\220\327\300\266\320"
 1492      474566E5 
 1492      1E396781 
 1492      4D90D7C0 
 1492      B6D0
 1493 070c 608121E5 		.ascii	"`\201!\345\263\033\307\0319\347\233s\316N\276\222\344"
 1493      B31BC719 
 1493      39E79B73 
 1493      CE4EBE92 
 1493      E4
 1494 071d F2D531D7 		.ascii	"\362\3251\327\365\270\002\2001\347/+d\376\272\310\014"
 1494      F5B80280 
 1494      31E72F2B 
 1494      64FEBAC8 
 1494      0C
 1495 072e 805C77CC 		.ascii	"\200\\w\3149[\325Ud]\266\222\313\312\271\312\345\334"
 1495      395BD555 
 1495      645DB692 
 1495      CBCAB9CA 
 1495      E5DC
 1496 0740 A3849C33 		.ascii	"\243\204\2343\205l\224\263p\324\300*\002VT\002\026\230"
 1496      856C94B3 
 1496      70D4C02A 
 1496      02565402 
 1496      1698
 1497 0752 568642A4 		.ascii	"V\206B\244\346\234\263\327\026[\0210\020_\262\260\035"
 1497      E69CB3D7 
 1497      165B1130 
 1497      105FB2B0 
 1497      1D
 1498 0763 3316D2AA 		.ascii	"3\026\322\252n\325\000\313\307\034'\314\210\331\254"
 1498      6ED500CB 
 1498      C71C27CC 
 1498      88D9AC
ARM GAS  C:\Users\PUBLIC~1.LAP\AppData\Local\Temp\cc5KItyk.s 			page 118


 1499 0772 90F92DE7 		.ascii	"\220\371-\347\\\361\034\245\271\202D\331\026\231G\213"
 1499      5CF11CA5 
 1499      B98244D9 
 1499      1699478B 
 1500 0782 CC071F64 		.ascii	"\314\007\037d\233\2335r\332\"\365\320n\224 \005\211"
 1500      9B9B3572 
 1500      DA22F5D0 
 1500      6E942005 
 1500      89
 1501 0793 E9D28429 		.ascii	"\351\322\204)\271^\223\226\253\345Xd\266\272x\311\262"
 1501      B95E9396 
 1501      ABE55864 
 1501      B6BA78C9 
 1501      B2
 1502 07a4 34BD6CEC 		.ascii	"4\275l\354\221A\007;\356\222m/\264\205\177;\243\202"
 1502      9141073B 
 1502      EE926D2F 
 1502      B4857F3B 
 1502      A382
 1503 07b6 21246872 		.ascii	"!$hr\214\330-\"Z\340\322\274i\373[\255\333\022\336\274"
 1503      8CD82D22 
 1503      5AE0D2BC 
 1503      69FB5BAD 
 1503      DB12DEBC 
 1504 07ca 80C1696B 		.ascii	"\200\301ike\004"
 1504      6504
 1505 07d0 5541F323 		.ascii	"UA\363#\327\366\330\017N\263fM\213\2752\365\314=\346"
 1505      D7F6D80F 
 1505      4EB3664D 
 1505      8BBD32F5 
 1505      CC3DE6
 1506 07e3 9EA934FB 		.ascii	"\236\2514\373\230~L>6\313\3143\227& \233\315<\346\037"
 1506      987E4C3E 
 1506      36CBCC33 
 1506      9726209B 
 1506      CD3CE61F 
 1507 07f7 538F89C7 		.ascii	"S\217\211\307Z\231\201\314;5i\261~\263\216y\202\351"
 1507      5A9981CC 
 1507      3B3569B1 
 1507      7EB38E79 
 1507      82E9
 1508 0809 C5CE1AB6 		.ascii	"\305\316\032\2669U\356\356\260\270\331\301\341Q\271"
 1508      3955EEEE 
 1508      B0B8D9C1 
 1508      E151B9
 1509 0818 63F3D6C6 		.ascii	"c\363\326\306\215\0254]\316\320y1\311\2241\343EN\315"
 1509      8D15345D 
 1509      CED07931 
 1509      C99431E3 
 1509      454ECD
 1510 082b 31673B33 		.ascii	"1g;3\215\232-\307\234\355,\226\011\306\034\223\346\230"
 1510      8D9A2DC7 
 1510      9CED2C96 
 1510      09C61C93 
 1510      E698
 1511 083d 73B658E6 		.ascii	"s\266X\346\0333N.\222v\3149\267isE\016\3321g;:u\315"
 1511      1B334E2E 
ARM GAS  C:\Users\PUBLIC~1.LAP\AppData\Local\Temp\cc5KItyk.s 			page 119


 1511      9276CC39 
 1511      B7697345 
 1511      0EDA3167 
 1512 0855 AE6E2DCE 		.ascii	"\256n-\316$c\261L3E\312p}\351\035\325}\341\360\301\301"
 1512      2463B14C 
 1512      3345CA70 
 1512      7DE91DD5 
 1512      7DE1F0C1 
 1513 086a 1EDFC11F 		.ascii	"\036\337\301\037\220u\351\336-:\370\030\016>f\203\217"
 1513      9075E9DE 
 1513      2D3AF818 
 1513      0E3E6683 
 1513      8F
 1514 087b D3E0DF84 		.ascii	"\323\340\337\204s3N\235\030\223d\333\020 n\3029\211"
 1514      73334E9D 
 1514      189364DB 
 1514      10206EC2 
 1514      3989
 1515 088d 987171B5 		.ascii	"\230qq\265=\006\203\217\265\340\3436|l\005\037K\301"
 1515      3D06838F 
 1515      B5E0E336 
 1515      7C6C051F 
 1515      4BC1
 1516 089f C74CF0F1 		.ascii	"\307L\360\361\021|,\004\037\373\300\037\214\370X\013"
 1516      117C2C04 
 1516      1FFBC01F 
 1516      8CF8580B 
 1517 08af 6F5095EE 		.ascii	"oP\225\356\261\025~\320\036>R\314\3151\277\371\305\234"
 1517      B1157ED0 
 1517      1E3E52CC 
 1517      CD31BFF9 
 1517      C59C
 1518 08c1 EB1978AE 		.ascii	"\353\031x\256\213\221\271\266f\030\0207\305\360\321"
 1518      8B91B9B6 
 1518      66181037 
 1518      C5F0D1
 1519 08d0 A2DCD2B6 		.ascii	"\242\334\322\266.\261\2033@\326\245{\236U\245\373\240"
 1519      2EB18333 
 1519      40D6A57B 
 1519      9E55A5FB 
 1519      A0
 1520 08e1 39F89A5D 		.ascii	"9\370\232]\260\252\326\026\0243.fHtbhS\266\234\011\022"
 1520      B0AAD616 
 1520      14332E66 
 1520      48746268 
 1520      53B69C09 
 1521 08f6 A297278A 		.ascii	"\242\227'\212\251\305\214\333B\2433\306\301\301)\322"
 1521      A9C58CDB 
 1521      42A333C6 
 1521      C1C129D2 
 1522 0906 4646CB35 		.ascii	"FF\3135\032\017.m\377\233YL6\323\315l\253I\363\355J"
 1522      1A0F2E6D 
 1522      FF9B594C 
 1522      36D3CD6C 
 1522      AB49F3ED 
 1523 091b CC333726 		.ascii	"\31437&k\375\304\355\215\212\251\346Fv|3\303\314$EY"
 1523      6BFDC4ED 
ARM GAS  C:\Users\PUBLIC~1.LAP\AppData\Local\Temp\cc5KItyk.s 			page 120


 1523      8D8AA9E6 
 1523      46767C33 
 1523      C3CC2445 
 1524 0930 C82CA402 		.ascii	"\310,\244\002\2224!6N\366\304\015\331\007\335\231I#"
 1524      92342136 
 1524      4EF6C40D 
 1524      D907DD99 
 1524      4923
 1525 0942 B6226B56 		.ascii	"\266\"kVm\0374\306D\232X\352\030\036N\326\314+7\261"
 1525      6D1F34C6 
 1525      449A58EA 
 1525      181E4ED6 
 1525      CC2B37B1 
 1526 0956 F4143A2B 		.ascii	"\364\024:+Dv\366\344(i\373<3\355\277\320\020[\227[n"
 1526      4476F6E4 
 1526      2869FB3C 
 1526      33EDBFD0 
 1526      105B975B 
 1527 096b 6BA21DFD 		.ascii	"k\242\035\375\310\023\223\246\355\203\264\230U\324\244"
 1527      C81393A6 
 1527      ED83B498 
 1527      55D4A4
 1528 097a 9853A2D4 		.ascii	"\230S\242\324?A\214M\332>\250\211\224(Fx\300\210\311"
 1528      3F418C4D 
 1528      DA3EA889 
 1528      94284678 
 1528      C088C9
 1529 098d 39DE8C02 		.ascii	"9\336\214\002\245\377\350\371\202\005\312\023\270\244"
 1529      A5FFE8F9 
 1529      8205CA13 
 1529      B8A4
 1530 099b 1D93B6A6 		.ascii	"\035\223\266\246\023\354\206L\016\215\266\017\"b\232"
 1530      13EC864C 
 1530      0E8DB60F 
 1530      22629A
 1531 09aa 994D3A07 		.ascii	"\231M:\007E\321\332Q\327\326dR\215cR\360\332\232K\372"
 1531      45D1DA51 
 1531      D7D66452 
 1531      8D6352F0 
 1531      DA9A4BFA 
 1532 09be C67F2123 		.ascii	"\306\177!#8fF;m\237W\361\376\0139\225\371\303\246\355"
 1532      3866463B 
 1532      6D9F57F1 
 1532      FE0B3995 
 1532      F9C3A6ED 
 1533 09d2 83BACCB2 		.ascii	"\203\272\314\262-\2752&m\177\227\3705i\222\231cf_n\302"
 1533      2DBD3226 
 1533      6D7F97F8 
 1533      35699299 
 1533      63665F6E 
 1534 09e7 98456E8E 		.ascii	"\230En\216\231G\312\334\320\020\322\326<\322\246\230"
 1534      9947CADC 
 1534      D010D2D6 
 1534      3CD2A698 
 1535 09f7 89E4E611 		.ascii	"\211\344\346\021\323\310C\214xQ\226y\304\346|U\353\005"
 1535      D3C8438C 
 1535      78519679 
ARM GAS  C:\Users\PUBLIC~1.LAP\AppData\Local\Temp\cc5KItyk.s 			page 121


 1535      C4E67C55 
 1535      EB05
 1536 0a09 47B55E60 		.ascii	"G\265^`\326\340\322\266\347\332\337=|\343\340\337$b"
 1536      D6E0D2B6 
 1536      E7DADF3D 
 1536      7CE3E0DF 
 1536      2462
 1537 0a1b 824939FA 		.ascii	"\202I9\372\250\322\326\034\202\237x\311\223\326\366"
 1537      A8D2D61C 
 1537      829F78C9 
 1537      93D6F6
 1538 0a2a F70CBE08 		.ascii	"\367\014\276\010\023\372\230@L!\346\227\371\243&\315"
 1538      13FA9840 
 1538      4C21E697 
 1538      F9A326CD 
 1539 0a3a 207FAD62 		.ascii	" \177\255b\366\360\341\207G]\323;\346l\027\304\334Q"
 1539      F6F0E187 
 1539      475DD33B 
 1539      E66C17C4 
 1539      DC51
 1540 0a4c D78AB290 		.ascii	"\327\212\262\220Y\310\220\330\036\327\227\236\020\240"
 1540      59C890D8 
 1540      1ED7979E 
 1540      10A0
 1541 0a5a E5979221 		.ascii	"\345\227\222!\373+\207\353\325\202\177\325\360\357\031"
 1541      FB2B87EB 
 1541      D5827FD5 
 1541      F0EF19
 1542 0a69 FE4D1DA7 		.ascii	"\376M\035\247\013\232\342u%G\216\356\032\252\263\352"
 1542      0B9AE275 
 1542      25478EEE 
 1542      1AAAB3EA 
 1543 0a79 22058717 		.ascii	"\"\005\207\027\240\261\345\231\227il ^xf\264\255'X+"
 1543      A0B1E599 
 1543      97696C20 
 1543      5E7866B4 
 1543      AD27582B 
 1544 0a8d 64EECCB5 		.ascii	"d\356\314\265}=\323:\301\334j*s\224f\011\335\325\307"
 1544      7D3DD33A 
 1544      C1DC6A2A 
 1544      73946609 
 1544      DDD5C7
 1545 0aa0 E4326788 		.ascii	"\3442g\210q\231\\E\226J\263\206I\303\264av\2317j\322"
 1545      71995C45 
 1545      964AB386 
 1545      49C3B461 
 1545      7699376A 
 1546 0ab5 E42A825B 		.ascii	"\344*\202[b%G\221\3755\303\277e\370\327\010\376\025"
 1546      62254791 
 1546      FD35C3BF 
 1546      65F8D708 
 1546      FE15
 1547 0ac7 829119EC 		.ascii	"\202\221\031\354Q\323'\253\256\3251\343\305\004\353"
 1547      51D327AB 
 1547      AED531E3 
 1547      C504EB
 1548 0ad6 7AB45401 		.ascii	"z\264T\001\303q\245\301\244\342\265\024cef'39u\332\376"
ARM GAS  C:\Users\PUBLIC~1.LAP\AppData\Local\Temp\cc5KItyk.s 			page 122


 1548      C371A5C1 
 1548      A4E2B514 
 1548      63656627 
 1548      333975DA 
 1549 0aeb 66FEB289 		.ascii	"f\376\262\211\332\222\255m\305\243\201\016\032T\332"
 1549      DA92AD6D 
 1549      C5A3810E 
 1549      1A54DA
 1550 0afa 5E049ED6 		.ascii	"^\004\236\326\263\366\266\327zE\312\3609;\356i*iG\266"
 1550      B3F6B6D7 
 1550      7A45CAF0 
 1550      393BEE69 
 1550      2A6947B6 
 1551 0b0e BDC6EB3B 		.ascii	"\275\306\353;k\\\000u\237\016\324~\372OM\366\036\322"
 1551      6B5C0075 
 1551      9F0ED47E 
 1551      FA4F4DF6 
 1551      1ED2
 1552 0b20 943781D2 		.ascii	"\2247\201\322\024\331_/\374\313\205\177\263\360\337"
 1552      14D95F2F 
 1552      FCCB857F 
 1552      B3F0DF
 1553 0b2f 7AF2E0B2 		.ascii	"z\362\340\262\267\261$\310\332d\013\017-P\347\345I\216"
 1553      B7B124C8 
 1553      DA640B0F 
 1553      2D50E7E5 
 1553      498E
 1554 0b41 ADB5FD89 		.ascii	"\255\265\375\211\247\264cd\304\310\236\275\266'\234"
 1554      A7B46364 
 1554      C4C89EBD 
 1554      B6279C
 1555 0b50 7B86E861 		.ascii	"{\206\350a\203\273N\323i8\037ZYm\177\226\301?\277\314"
 1555      83BB4ED3 
 1555      69381F5A 
 1555      596D7F96 
 1555      C13FBFCC 
 1556 0b64 915394C3 		.ascii	"\221S\224\303\002\341i\213T&m\254G\333!`]$\215\362L"
 1556      02E1698B 
 1556      54266DAC 
 1556      47DB2160 
 1556      5D248DF2 
 1557 0b79 C7B5968C 		.ascii	"\307\265\226\214\304\3171\347\014\245Jw\301\221\201"
 1557      C4CF31E7 
 1557      0CA54A77 
 1557      C19181
 1558 0b88 00D345B4 		.ascii	"\000\323E\264\350\220\214\365\0153\037\217p\220qQ\""
 1558      E8908CF5 
 1558      0D331F8F 
 1558      70907151 
 1558      22
 1559 0b99 D77C8891 		.ascii	"\327|\210\221\301\035sF\366\2201ds\270\340\211\035\351"
 1559      C11D7346 
 1559      F6903164 
 1559      73B8E089 
 1559      1DE9
 1560 0bab 1B66CACE 		.ascii	"\033f\312\316\264\222^b\346c\023\231\025\245[\237\351"
 1560      B4925E62 
ARM GAS  C:\Users\PUBLIC~1.LAP\AppData\Local\Temp\cc5KItyk.s 			page 123


 1560      E6631399 
 1560      15A55B9F 
 1560      E9
 1561 0bbc B7CE625A 		.ascii	"\267\316bZ\031\233\340\270\336\374\225\355Lo\251xEW"
 1561      199BE0B8 
 1561      DEFC95ED 
 1561      4C6FA978 
 1561      4557
 1562 0bce 14B21612 		.ascii	"\024\262\026\022;\307F\373C\214\3503\235\326X\212\254"
 1562      3BC746FB 
 1562      438CE833 
 1562      9DD6588A 
 1562      AC
 1563 0bdf 2864AD19 		.ascii	"(d\255\031A\216v\035\247\327t\233f\323j\272L\233\351"
 1563      418E761D 
 1563      A7D7749B 
 1563      66D36ABA 
 1563      4C9BE9
 1564 0bf2 374DD777 		.ascii	"7M\327w\235\246\3414\232\256k2\355\246&\373L\015\364"
 1564      9DA6E134 
 1564      9AAE6B32 
 1564      EDA626FB 
 1564      4C0DF4
 1565 0c05 0ED3621A 		.ascii	"\016\323b\032J\224\246\002\267\244\313\230\364\0232"
 1565      4A94A602 
 1565      B7A4CB98 
 1565      F41332
 1566 0c14 2A4A1067 		.ascii	"*J\020g\272K\317\255Q\346\214\024\272S\223\223\205\201"
 1566      BA4BCFAD 
 1566      51E68C14 
 1566      BA539393 
 1566      8581
 1567 0c26 FD9905E3 		.ascii	"\375\231\005\343\254\252t\177\"\361\337s_\260\237e\027"
 1567      ACAA747F 
 1567      22F1DF73 
 1567      5FB09F65 
 1567      17
 1568 0c37 9BB62D87 		.ascii	"\233\266-\207\264?\352\230\235\265\375)\245\275\234"
 1568      B43FEA98 
 1568      9DB5FD29 
 1568      A5BD9C
 1569 0c46 4DF0CF30 		.ascii	"M\360\3170\374\263\207\226\277\3365\\\007A\232\233b"
 1569      FCB38796 
 1569      BFDE355C 
 1569      07419A9B 
 1569      62
 1570 0c57 6649DB9F 		.ascii	"fI\333\237:p\347\272t\177r\341\015m\357,\177'[\355r"
 1570      3A70E7BA 
 1570      747F72E1 
 1570      0D6DEF2C 
 1570      7F275BED 
 1571 0c6c 886E905D 		.ascii	"\210n\220]i\333l \336mGI\210\354xk{\227\270\326\325"
 1571      69DB6C20 
 1571      DE6D4749 
 1571      88EC786B 
 1571      7B97B8D6 
 1572 0c81 A54B4155 		.ascii	"\245KAU\272\177\253JV\372\212\2136\2712yV\342\340\327"
ARM GAS  C:\Users\PUBLIC~1.LAP\AppData\Local\Temp\cc5KItyk.s 			page 124


 1572      BA7FAB4A 
 1572      56FA8A8B 
 1572      36B93279 
 1572      56E2E0D7 
 1573 0c95 D5E196D2 		.ascii	"\325\341\226\322Sj\362t}\206\224\3448&\253\355\255\031"
 1573      536AF274 
 1573      7D8694E4 
 1573      3826ABED 
 1573      AD19
 1574 0ca7 FC7ABAD3 		.ascii	"\374z\272\323\335\3330\370q\252\3225k'\307!\035r}\000"
 1574      DDDB30F8 
 1574      71AAD235 
 1574      6B27C721 
 1574      1D727D00 
 1575 0cbb B5BDCD62 		.ascii	"\265\275\315bv\014\"\242g\207\247\311\373\030\204&\310"
 1575      760C22A2 
 1575      6787A7C9 
 1575      FB188426 
 1575      C8
 1576 0ccc 3B76C12E 		.ascii	";v\301.G\313\2302g$\007\213\007\317\356\007\006\366"
 1576      47CB9832 
 1576      6724078B 
 1576      07CFEE07 
 1576      06F6
 1577 0cde 19DEB0AD 		.ascii	"\031\336\260\255\253K\367[~\277.\220\373\243&o\220\033"
 1577      AB4BF75B 
 1577      7EBF2E90 
 1577      FBA3266F 
 1577      901B
 1578 0cf0 E4F638DB 		.ascii	"\344\3668\333\304\312\034o\220\353\343\354r\203\334"
 1578      C4CA1C6F 
 1578      90EBE3EC 
 1578      7283DC
 1579 0cff 1A9747D6 		.ascii	"\032\227G\326\201\001\235\332\004\0348p\350-\243\336"
 1579      81019DDA 
 1579      041C3870 
 1579      E82DA3DE 
 1580 0d0f 16B6CFB0 		.ascii	"\026\266\317\260\206\237\301\012\356\302vf\212\360i"
 1580      869FC10A 
 1580      EEC27666 
 1580      8AF069
 1581 0d1e 7B719C4E 		.ascii	"{q\234NL+#\322\215\"gJ\264\353\305\344\3468\223\327"
 1581      4C2B23D2 
 1581      8D22674A 
 1581      B4EBC5E4 
 1581      E63893D7 
 1582 0d32 6BC41D3C 		.ascii	"k\304\035< g;\256\216kBM\336\034\327\306\357\214\313"
 1582      20673BAE 
 1582      8E6B424D 
 1582      DE1CD7C6 
 1582      EF8CCB
 1583 0d45 95E1E8D8 		.ascii	"\225\341\350\330D\013\016l\237\341\014\377\327\353\032"
 1583      440B0E6C 
 1583      9FE10CFF 
 1583      D7EB1A
 1584 0d54 F15C4143 		.ascii	"\361\\AC\326\266\213N\226\2627m\237\301\010\2767\256"
 1584      D6B68B4E 
ARM GAS  C:\Users\PUBLIC~1.LAP\AppData\Local\Temp\cc5KItyk.s 			page 125


 1584      96B2376D 
 1584      9FC108BE 
 1584      37AE
 1585 0d66 8D4CC7CA 		.ascii	"\215L\307\312\217\266\317\200\003?\003\015\374\014Z"
 1585      8FB6CF80 
 1585      033F030D 
 1585      FC0C5A
 1586 0d75 F87575E9 		.ascii	"\370uu\351\026U\245{\265\356\325\225a\200=\253e\232"
 1586      1655A57B 
 1586      B5EED595 
 1586      61803DAB 
 1586      659A
 1587 0d87 DEDDAAC9 		.ascii	"\336\335\252\311\253uK \372\261\304\215\213\265\307"
 1587      AB754B20 
 1587      FAB1C48D 
 1587      8BB5C7
 1588 0d96 D007FF57 		.ascii	"\320\007\377W\306\315\032BS\006k\317\315\272X\000\300"
 1588      C6CD1A42 
 1588      53066BCF 
 1588      CDBA5800 
 1588      C0
 1589 0da7 B333A3ED 		.ascii	"\2633\243\3551\234\200\217\001\017\037\003\034|\014"
 1589      319C808F 
 1589      010F1F03 
 1589      1C7C0C
 1590 0db6 75CB4060 		.ascii	"u\313@`\266\320@\323\026P\027\2645\260\266\3070\207"
 1590      B6D040D3 
 1590      165017B4 
 1590      35B0B6C7 
 1590      3087
 1591 0dc8 FF9C7EAC 		.ascii	"\377\234~\254\221\032R\224\264=\2065|\014V\366\364\310"
 1591      911A5294 
 1591      B43D8635 
 1591      7C0C56F6 
 1591      F4C8
 1592 0dda DC7033D7 		.ascii	"\334p3\327\266\365\264\331\310\321\366\324\323\247\036"
 1592      B6F5B4D9 
 1592      C8D1F6D4 
 1592      D3A71E
 1593 0de9 01FCC9F9 		.ascii	"\001\374\311\371\352\334s\362\371\251\347\314S\353\005"
 1593      EADC73F2 
 1593      F9A9E7CC 
 1593      53EB05
 1594 0df8 B55E8054 		.ascii	"\265^\200T\024we'\307\265\307p\206\217\341\011>\006"
 1594      14776527 
 1594      C7B5C770 
 1594      868FE109 
 1594      3E06
 1595 0e0a 25F83FF3 		.ascii	"%\370?\363Ne\230\034\035[\333\263\316yBM\032\340\264"
 1595      4E65981C 
 1595      1D5BDBB3 
 1595      CE79424D 
 1595      1AE0B4
 1596 0e1d 738D3D90 		.ascii	"s\215=\220\371O\316H\244S\211\223\245\236\266\307@\004"
 1596      F94FCE48 
 1596      A4538993 
 1596      A59EB6C7 
ARM GAS  C:\Users\PUBLIC~1.LAP\AppData\Local\Temp\cc5KItyk.s 			page 126


 1596      4004
 1597 0e2f BF1AE096 		.ascii	"\277\032\340\226\240\032\340\036\303\2179V,\016\222"
 1597      A01AE01E 
 1597      C38F3956 
 1597      2C0E92
 1598 0e3e 216D8F01 		.ascii	"!m\217\001\007>\343\324@{3\327\366\030\270\3601d\341"
 1598      073EE3D4 
 1598      407B33D7 
 1598      F618B8F0 
 1598      3164E1
 1599 0e51 D3CD901E 		.ascii	"\323\315\220\036\240(w\332\376\302\037\374\013|p\231"
 1599      A02877DA 
 1599      FEC21FFC 
 1599      0B7C7099 
 1600 0e61 CBB17124 		.ascii	"\313\261q$sZ\301\0019\346\214\234;\305T9\346\214\374"
 1600      735AC101 
 1600      39E68C9C 
 1600      3BC55439 
 1600      E68CFC
 1601 0e74 724AD1A2 		.ascii	"rJ\321\242\314\031y\306\315\316\030\273$;\312\235ti"
 1601      CC1979C6 
 1601      CDCE18BB 
 1601      243BCA9D 
 1601      7469
 1602 0e86 CEBAD3EE 		.ascii	"\316\272\323\356Ts\2629\357N\272sMM\236h\216\3464c\227"
 1602      5473B239 
 1602      EF4EBA73 
 1602      4D4D9E68 
 1602      8EE63463 
 1603 0e9b 6D3058B2 		.ascii	"m0X\262\301\023H/\347<\001\207\241:e\306\314\251`\177"
 1603      C113482F 
 1603      E73C0187 
 1603      A13A65C6 
 1603      CCA9607F 
 1604 0eaf E10CFF42 		.ascii	"\341\014\377B\023\374\013c\370\027\302\360/|\341\377"
 1604      13FC0B63 
 1604      F817C2F0 
 1604      2F7CE1FF 
 1605 0ebf 14738641 		.ascii	"\024s\206A\262\263\206u\346\014s\2021\202q\303\326\366"
 1605      B2B38675 
 1605      E60C7382 
 1605      318271C3 
 1605      D6F6
 1606 0ed1 176CE05F 		.ascii	"\027l\340_(\001\177i\211\277\244\207\277\264\007\303"
 1606      28017F69 
 1606      89BFA487 
 1606      BFB407C3 
 1607 0ee1 6D217237 		.ascii	"m!r7\244\355El9\321N-EB9\247\355\035O.5yn9\3352\234"
 1607      A4ED456C 
 1607      39D14E2D 
 1607      454239A7 
 1607      ED1D4F2E 
 1608 0efc 7264E848 		.ascii	"rd\350H\261Z\3168&8|\300i\013\027\224#\317\221\214\316"
 1608      B15ACE38 
 1608      26387CC0 
 1608      690B1794 
 1608      23CF918C 
ARM GAS  C:\Users\PUBLIC~1.LAP\AppData\Local\Temp\cc5KItyk.s 			page 127


 1609 0f11 DBE966CE 		.ascii	"\333\351f\316\3213\302\326\366Km\360\227\320\340+w\031"
 1609      D133C2D6 
 1609      F64B6DF0 
 1609      97D0E02B 
 1609      7719
 1610 0f23 27079373 		.ascii	"'\007\223s\355T\253\311\223\355LK\236\310\265\256\223"
 1610      ED54ABC9 
 1610      93ED4C4B 
 1610      9EC8B5AE 
 1610      93
 1611 0f34 ED443B91 		.ascii	"\355D;\221\025\371\226\261\3566\230\261\301\003\"\264"
 1611      15F996B1 
 1611      EE3698B1 
 1611      C10322B4 
 1612 0f44 86250DCB 		.ascii	"\206%\015\313\265_\"\202\377\023yb\251\203wf\325\366"
 1612      B55F2282 
 1612      FF137962 
 1612      A9837766 
 1612      D5F6
 1613 0f56 CA10DE8C 		.ascii	"\312\020\336\214\270\034m\277\264\343\264r\246!Y\222"
 1613      B81C6DBF 
 1613      B4E3B472 
 1613      A6215992 
 1614 0f66 874DDB2F 		.ascii	"\207M\333/\331\300_\332\302\267\260<\023\352\222\306"
 1614      D9C05FDA 
 1614      C2B7B03C 
 1614      13EA92C6 
 1615 0f76 A547DB5B 		.ascii	"\245G\333[\300\203oa\016\376O)g\024%xC\254\332\236Q"
 1615      C0836F61 
 1615      0EFE4F29 
 1615      67142578 
 1615      43ACDA9E 
 1616 0f8b 4E284879 		.ascii	"N(Hy\224\340i\323\366\026\354\360-\230\301\247Y\347"
 1616      94E069D3 
 1616      F616ECF0 
 1616      2D98C1A7 
 1616      59E7
 1617 0f9d 3021EE   		.ascii	"0!\356"
 1618 0fa0 84B6B7F0 		.ascii	"\204\266\267\360\005\337\302\333\222\237L\226Lib!\255"
 1618      05DFC2DB 
 1618      929F4C96 
 1618      4C696221 
 1618      AD
 1619 0fb1 EC679232 		.ascii	"\354g\2222@^\026\220\214\215\361\301aA\307y\344<b\333"
 1619      405E1690 
 1619      8C8DF1C1 
 1619      6141C779 
 1619      E43C62DB 
 1620 0fc5 AAD178E5 		.ascii	"\252\321x\345\2704b\344\304\0122\233S\252C\344g\330"
 1620      B83462E4 
 1620      C40A329B 
 1620      53AA43E4 
 1620      67D8
 1621 0fd7 49C4B69D 		.ascii	"I\304\266\235F\343\235\220\237C\204\330\2667\241\335"
 1621      46E39D90 
 1621      9F4384D8 
 1621      B637A1DD 
ARM GAS  C:\Users\PUBLIC~1.LAP\AppData\Local\Temp\cc5KItyk.s 			page 128


 1622 0fe7 3DBB659A 		.ascii	"=\273e\232\222\034\020 \266M\310*\347+d\026R\363\234"
 1622      921C1020 
 1622      B64DC82A 
 1622      E72B6416 
 1622      52F39C
 1623 0ffa 54D13B53 		.ascii	"T\321;S\242\361\365e\333^\341*g\0319\247)\271Q\234H"
 1623      A2F1F565 
 1623      DB5EE12A 
 1623      671939A7 
 1623      29B9519C 
 1624 100f 195301B9 		.ascii	"\031S\001\271\343g\217\035\226\317i\274C\200\037'M\346"
 1624      E3678F1D 
 1624      96CF69BC 
 1624      43801F27 
 1624      4DE6
 1625 1021 F478FC42 		.ascii	"\364x\374B\027\310\232\032\215\266O\272\303O\022sz\235"
 1625      17C89A1A 
 1625      8DB64FBA 
 1625      C34F1273 
 1625      7A9D
 1626 1033 5EA78E33 		.ascii	"^\247\2163\307O\035\327\311\217*\312\266'\216\243\301"
 1626      C74F1DD7 
 1626      C98F2ACA 
 1626      B6278EA3 
 1626      C1
 1627 1044 7247872B 		.ascii	"rG\207+\351\012>\273\316.\313'c\331%`\312\227\2624\275"
 1627      E90A3EBB 
 1627      CE2ECB27 
 1627      63D92560 
 1627      CA97B234 
 1628 1059 A432246B 		.ascii	"\2442$k\226\205\304\010\344\250\315\233.B\332\2364N"
 1628      9685C408 
 1628      E4A8CD9B 
 1628      2E42DA9E 
 1628      344E
 1629 106b 1A7DBC72 		.ascii	"\032}\274r\244\342&\331\325\366I@\316\031\347\214>\312"
 1629      A4E226D9 
 1629      D5F64940 
 1629      CE19E78C 
 1629      3ECA
 1630 107d 0992D244 		.ascii	"\011\222\322DJY\333'u\235Z\247V\037\343\020\335\321"
 1630      4A59DB27 
 1630      759D5AA7 
 1630      561FE310 
 1630      DDD1
 1631 108f 1327B77D 		.ascii	"\023'\267}R\326)\343\224\321G+D\356(\317\336\210)\353"
 1631      52D629E3 
 1631      94D1472B 
 1631      44EE28CF 
 1631      DE8829EB 
 1632 10a3 6A7B0A7A 		.ascii	"j{\012z~\374\234X\255\226\205\324!jG\214g}\322\366\224"
 1632      7EFC9C58 
 1632      AD9685D4 
 1632      216A478C 
 1632      677DD2F6 
 1633 10b8 39AF7E62 		.ascii	"9\257~bq\000\312\224\266g>\255\226\314\210\302\326\366"
 1633      7100CA94 
ARM GAS  C:\Users\PUBLIC~1.LAP\AppData\Local\Temp\cc5KItyk.s 			page 129


 1633      B6673EAD 
 1633      96CC88C2 
 1633      D6F6
 1634 10ca 3FADFACE 		.ascii	"?\255\372\316\225 2\354\362G\030\234>m\355\037\013\250"
 1634      952032EC 
 1634      F247189C 
 1634      3E6DED1F 
 1634      0BA8
 1635 10dc 26836CA0 		.ascii	"&\203l\240[\031n\201\370\264=\205*\270*\347\234k\320"
 1635      5B196E81 
 1635      F8B43D85 
 1635      2AB82AE7 
 1635      9C6BD0
 1636 10ef 0D0ABAA7 		.ascii	"\015\012\272\247\260do\317\266\265Z\026r\261\344-\323"
 1636      B0646FCF 
 1636      B6B55A16 
 1636      72B1E42D 
 1636      D3
 1637 1100 CE72EEB1 		.ascii	"\316r\356\261\301\202\231\302\005\356\214\036=\226O"
 1637      C18299C2 
 1637      05EE8C1E 
 1637      3D964F
 1638 110f 53406AAD 		.ascii	"S@j\255\215\035\215\314x\011\322g\317-\237\2738\272"
 1638      8D1D8DCC 
 1638      7809D267 
 1638      CF2D9FBB 
 1638      38BA
 1639 1121 3DA437A5 		.ascii	"=\2447\245\322\342\331\000\206eg\301\223\274>G=\345"
 1639      D2E2D900 
 1639      866567C1 
 1639      93BC3E47 
 1639      3DE5
 1640 1133 1A1F2E77 		.ascii	"\032\037.wn\361X<[\256\340hk5\340\243'\317\370/\204"
 1640      6EF1583C 
 1640      5BAEE068 
 1640      6B35E0A3 
 1640      27CFF82F 
 1641 1148 94D595E6 		.ascii	"\224\325\225\346\330\366G|\360o\345\324\244\225c\353"
 1641      D8F6477C 
 1641      F06FE5D4 
 1641      A49563EB 
 1642 1158 7860EF66 		.ascii	"x`\357f(\263\321\230\001^/+\362\315*\377(-\035{BM\332"
 1642      28B3D198 
 1642      015E2F2B 
 1642      F2CD2AFF 
 1642      282D1D7B 
 1643 116f 3AB68E9D 		.ascii	":\266\216\235c\032+\362-\347\034\030\230Y\225\245\351"
 1643      631A2BF2 
 1643      2DE71C18 
 1643      985995A5 
 1643      E9
 1644 1180 E59C394C 		.ascii	"\345\2349L\300a\210\353\012\224\262k\177\224\007\377"
 1644      C06188EB 
 1644      0A94B26B 
 1644      7F9407FF 
 1645 1190 48897FF4 		.ascii	"H\211\177\364\006\016\234:Cc\224n\302\316\270q\323W"
 1645      060E9C3A 
ARM GAS  C:\Users\PUBLIC~1.LAP\AppData\Local\Temp\cc5KItyk.s 			page 130


 1645      4363946E 
 1645      C2CEB871 
 1645      D357
 1646 11a2 1B70D67B 		.ascii	"\033p\326{B\347\230s\217\015\367\014+\314K\333\037y"
 1646      42E79873 
 1646      8F0DF70C 
 1646      2BCC4BDB 
 1646      1F79
 1647 11b4 B177777D 		.ascii	"\261ww}\3653+\247\365\270V\314\356(\365r\356\261\241"
 1647      F5332BA7 
 1647      F5B856CC 
 1647      EE28F572 
 1647      EEB1A1
 1648 11c7 A88B1C2D 		.ascii	"\250\213\034-M\332\376\210\313\316n\351\004o\316\335"
 1648      4DDAFE88 
 1648      CBCE6EE9 
 1648      046FCEDD 
 1649 11d7 DE9A3571 		.ascii	"\336\2325q\214\256\222^\226p\322\244\201\013:\242$-"
 1649      8CAE925E 
 1649      9670D2A4 
 1649      810B3AA2 
 1649      242D
 1650 11e9 6C0C1D5D 		.ascii	"l\014\035]\3311\307\036\243\222\2667b\303f\314\364U"
 1650      D931C71E 
 1650      A392B637 
 1650      62C366CC 
 1650      F455
 1651 11fb CD390A0D 		.ascii	"\3159\012\015\022\334\300;\363\204\014\231\276\212s"
 1651      12DCC03B 
 1651      F3840C99 
 1651      BE8A73
 1652 120a 0CBB03F6 		.ascii	"\014\273\003\366\246\355\215\210\340/_\254\230\2323"
 1652      A6ED8D88 
 1652      E02F5FAC 
 1652      989A33
 1653 1219 DA71680D 		.ascii	"\332qh\015\022:k\302\334\2121\355\374A\022ik\301t~R"
 1653      123A6BC2 
 1653      DC8A31ED 
 1653      FC411269 
 1653      6BC1747E 
 1654 122e A7A66C6B 		.ascii	"\247\246lk\347Z\216\037\036E\272\312\234\020\247L\333"
 1654      E75A8E1F 
 1654      1E45BACA 
 1654      9C10A74C 
 1654      DB
 1655 123f 1BDDF0E2 		.ascii	"\033\335\360\342\245\217Ufd\307S\307\015\272\270<\\"
 1655      A58F5566 
 1655      64C753C7 
 1655      0DBAB83C 
 1655      5C
 1656 1250 B8F43186 		.ascii	"\270\3641\206\027\262!\037xr\304\332\276\250\016\277"
 1656      17B2211F 
 1656      7872C4DA 
 1656      BEA80EBF 
 1657 1260 46A956CB 		.ascii	"F\251V\313k\322ji \325\330\204uC\231\215:2x\321\030"
 1657      6BD26A69 
 1657      20D5D884 
ARM GAS  C:\Users\PUBLIC~1.LAP\AppData\Local\Temp\cc5KItyk.s 			page 131


 1657      7543998D 
 1657      3A3278D1 
 1658 1275 0C07D747 		.ascii	"\014\007\327G\234\367\216AXK(h\336\334\334bh\301S\306"
 1658      9CF78E41 
 1658      584B2868 
 1658      DEDCDC62 
 1658      68C153C6 
 1659 1289 6DF971A4 		.ascii	"m\371q\244\355\213\3200\033\233m\033\253\022\323\263"
 1659      ED8BD030 
 1659      1B9B6D1B 
 1659      AB12D3B3 
 1660 1299 49B92FB0 		.ascii	"I\271/\260\266mEfW,\362\212UK\336\252a\301b\251T=\331"
 1660      B66D4566 
 1660      572CF28A 
 1660      554BDEAA 
 1660      61C162A9 
 1661 12b0 BA707169 		.ascii	"\272pqi\256\332\276\350\007>Q '\266\212\023\233f\323"
 1661      AEDABEE8 
 1661      073E5120 
 1661      27B68A13 
 1661      9B66D3
 1662 12c3 9AAAECF1 		.ascii	"\232\252\354\361\362\344O,\025\013\262r\346\312U\371"
 1662      F2E44F2C 
 1662      150BB272 
 1662      E6CA55F9 
 1663 12d3 C7CC4B51 		.ascii	"\307\314KQ\020\036F\360D\271\245b\317\366\266\014A\323"
 1663      101E46F0 
 1663      44B9A562 
 1663      CFF6B60C 
 1663      41D3
 1664 12e5 D64EE1C0 		.ascii	"\326N\341\300\252L\226\266'RZ)\026\012\221\031|\"4&"
 1664      AA4C96B6 
 1664      27525A29 
 1664      160A9119 
 1664      7C223426 
 1665 12f9 F6C8A4AF 		.ascii	"\366\310\244\257\2324\351+/Wp\036\024\2742mO$\206O\264"
 1665      9A34E92B 
 1665      2F57701E 
 1665      14BC326D 
 1665      4F24864F 
 1666 130e 45669390 		.ascii	"Ef\223\220Y%J\312\312\372\310%\356\230{\364\330\200"
 1666      59254ACA 
 1666      CAFAC825 
 1666      EE987BF4 
 1666      D880
 1667 1320 24E389DA 		.ascii	"$\343\211\332V\333\017\371\301\037\202c\304\0361b\221"
 1667      56DB0FF9 
 1667      C11F8263 
 1667      C41E3162 
 1667      91
 1668 1331 DC9C1B09 		.ascii	"\334\234\033\011&\304\210\244h\211\327fF[1\261>\326"
 1668      26C488A4 
 1668      6889D766 
 1668      465B31B1 
 1668      3ED6
 1669 1343 6CCC792C 		.ascii	"l\314y,\006\227\033\312\334\243\307\006#@p\354\344\332"
 1669      06971BCA 
ARM GAS  C:\Users\PUBLIC~1.LAP\AppData\Local\Temp\cc5KItyk.s 			page 132


 1669      DCA3C706 
 1669      234070EC 
 1669      E4DA
 1670 1355 7EC80CFE 		.ascii	"~\310\014\376\020\333\220!6\314M\031\221\333\260\246"
 1670      10DB9021 
 1670      36CC4D19 
 1670      91DBB0A6 
 1671 1365 722A7902 		.ascii	"r*y\002\210\253\255\0053\363\341\303\006\321*BG\011"
 1671      88ABAD05 
 1671      33F3E1C3 
 1671      06D12A42 
 1671      4709
 1672 1377 E4360851 		.ascii	"\3446\010Q\033\023\035m\332\332\037\"\320\243U\326\326"
 1672      1B131D6D 
 1672      DADA1F22 
 1672      D0A355D6 
 1672      D6
 1673 1388 7E61C065 		.ascii	"~a\300eKXS\261\\\231\014\231 &\230`y`\253\234\257\354"
 1673      4B5853B1 
 1673      5C990C99 
 1673      20269860 
 1673      7960AB9C 
 1674 139e 8EDBC061 		.ascii	"\216\333\300aT\324\3177%u\246\305`\224=\207A\245\030"
 1674      54D4CF37 
 1674      2575A6C5 
 1674      60943D87 
 1674      41A518
 1675 13b1 6990380C 		.ascii	"i\2208\014\022\247|P\300\244\251K\\\001e\246Uh*\034"
 1675      12A77C50 
 1675      C0A4A94B 
 1675      5C0165A6 
 1675      55682A1C 
 1676 13c5 028BAA52 		.ascii	"\002\213\252R`*\014N\025\273*\005\232\304\233\372\214"
 1676      602A0C4E 
 1676      15BB2A05 
 1676      9AC49BFA 
 1676      8C
 1677 13d6 50A0F097 		.ascii	"P\240\360\227\026\205A_q\350\203\002\036\021Q!\214\341"
 1677      1685415F 
 1677      71E88302 
 1677      1E115121 
 1677      8CE1
 1678 13e8 49FC4101 		.ascii	"I\374A\001-*\365\023Z\264\370{\372\301\270\251O\330"
 1678      2D2AF513 
 1678      5AB4F87B 
 1678      FAC1B8A9 
 1678      4FD8
 1679 13fa 2218F573 		.ascii	"\"\030\365s\221\026\207V\010\321\037\2143\365\2458\365"
 1679      91168756 
 1679      08D11F8C 
 1679      33F5A538 
 1679      F5
 1680 140b A12B8652 		.ascii	"\241+\206Ri\320\231\372\212,Pb\032Td\201\022\355\241"
 1680      69D099FA 
 1680      8A2C5062 
 1680      1A546481 
 1680      12EDA1
ARM GAS  C:\Users\PUBLIC~1.LAP\AppData\Local\Temp\cc5KItyk.s 			page 133


 1681 141e 3A14872D 		.ascii	":\024\207-\212R1V\020/\272b\010L\203U(\236\362\300\323"
 1681      8A523156 
 1681      102FBA62 
 1681      084C8355 
 1681      289EF2C0 
 1682 1433 308571A7 		.ascii	"0\205q\247\210i\012\343lQ\224J\205h1\010%\016\241\246"
 1682      88690AE3 
 1682      6C51944A 
 1682      85683108 
 1682      250EA1A6 
 1683 1447 7E5268D1 		.ascii	"~Rh\321\007\005,\232\222B\213)\214;U\225J\2450\256\213"
 1683      07052C9A 
 1683      92428B29 
 1683      8C3B5595 
 1683      4AA530AE 
 1684 145c E24F0A06 		.ascii	"\342O\012\006z\251j\352\023J\213\301(\037\0240\250\205"
 1684      7AA96AEA 
 1684      134A8BC1 
 1684      281F1430 
 1684      A885
 1685 146e 3098067F 		.ascii	"0\230\006\1770\202\016\325\241\230\026\203Q#^\240\304"
 1685      30820ED5 
 1685      A1981683 
 1685      51235EA0 
 1685      C4
 1686 147f 299BFA86 		.ascii	")\233\372\206|P@\213R\241T\037hQ\224\302\251\317E\361"
 1686      7C50408B 
 1686      52A1541F 
 1686      685194C2 
 1686      A9CF45F1 
 1687 1493 2745D442 		.ascii	"'E\324B\030\\!D\247P\\\205\246TR>( N\213\301\250\252"
 1687      185C2144 
 1687      A7505C85 
 1687      A654523E 
 1687      28204E8B 
 1688 14aa 542A28F5 		.ascii	"T*(\365\015\203\304\2514h\030$NE\375P\"&\022RY\250\020"
 1688      0D83C4A9 
 1688      34681824 
 1688      4E45FD50 
 1688      22261252 
 1689 14c1 25546161 		.ascii	"%Taa\204\250_q\230$D,\006}RC\"\013\237\013\3400\252"
 1689      84A85F71 
 1689      9824442C 
 1689      067D5243 
 1689      220B9F0B 
 1690 14d8 C2A13A14 		.ascii	"\302\241:\024c\024E@\001)\034\252CP\210\200\224\350"
 1690      63144540 
 1690      01291CAA 
 1690      43508880 
 1690      94E8
 1691 14ea 21EA571C 		.ascii	"!\352W\034z\210\372A59\245\220\032\022;p\001\034~P\214"
 1691      7A88FA41 
 1691      3539A590 
 1691      1A123B70 
 1691      011C7E50 
 1692 14ff E114F52B 		.ascii	"\341\024\365+\016+\034\252\003\020\330\302W\014\026"
 1692      0E2B1CAA 
ARM GAS  C:\Users\PUBLIC~1.LAP\AppData\Local\Temp\cc5KItyk.s 			page 134


 1692      0310D8C2 
 1692      570C16
 1693 150e A5527840 		.ascii	"\245Rx@\211C&\020\232HxH\253PT\030\214\022\006}\305"
 1693      89432610 
 1693      9A487848 
 1693      AB505418 
 1693      8C12067D 
 1694 1523 183F1851 		.ascii	"\030?\030Q?\243\024M\"\234p\"Q\302\227\242E\237\317"
 1694      3FA3144D 
 1694      229C7022 
 1694      51C297A2 
 1694      459FCF
 1695 1536 E8425098 		.ascii	"\350BP\230\"\005\242\036x\012\341\251He\264B\210N\025"
 1695      2205A21E 
 1695      780AE1A9 
 1695      4865B442 
 1695      884E15
 1696 1549 A98A4553 		.ascii	"\251\212EST\250\213\037\214Cu(B\001S\242\002R_\213\242"
 1696      54A88B1F 
 1696      8C437528 
 1696      420153A2 
 1696      02525F8B 
 1697 155e D4990295 		.ascii	"\324\231\002\225\242*\242M+\240F\200\002\026\035\252"
 1697      A22AA24D 
 1697      2BA04680 
 1697      02161DAA 
 1698 156e 034A1C02 		.ascii	"\003J\034\002\241\200\036@@\200\002^\200\320D\002\002"
 1698      A1801E40 
 1698      4080025E 
 1698      80D04402 
 1698      02
 1699 157f 28558B61 		.ascii	"(U\213aTp\012\365}\200\030\364\245\304\341\224\317\247"
 1699      54700AF5 
 1699      7D8018F4 
 1699      A5C4E194 
 1699      CFA7
 1700 1591 6402187C 		.ascii	"d\002\030|!L:T\007`\360\205\320C\025\010L 4\221\340"
 1700      214C3A54 
 1700      0760F085 
 1700      D0431508 
 1700      4C203491 
 1701 15a6 008D7AFA 		.ascii	"\000\215z\372\011O\000\203/\204\024\204\301N\251\206"
 1701      094F0083 
 1701      2F841484 
 1701      C14EA986 
 1702 15b6 26D59048 		.ascii	"&\325\220H\030\034:T\007t\005U\024P\030\324\340\303"
 1702      181C3A54 
 1702      07740555 
 1702      145018D4 
 1702      E0C3
 1703 15c8 14EA3312 		.ascii	"\024\3523\022\006\211?4\012\030\025\025\025%\014RH\251"
 1703      06893F34 
 1703      0A181515 
 1703      15250C52 
 1703      48A9
 1704 15da 86BEA40A 		.ascii	"\206\276\244\012E4\352\351W\014\256\230\300\227\242"
 1704      4534EAE9 
ARM GAS  C:\Users\PUBLIC~1.LAP\AppData\Local\Temp\cc5KItyk.s 			page 135


 1704      570CAE98 
 1704      C097A2
 1705 15e9 1FA650A1 		.ascii	"\037\246P\241\024-\242\3044(\014&\000\004\010\3420\005"
 1705      142DA2C4 
 1705      34280C26 
 1705      000408E2 
 1705      3005
 1706 15fb A2151012 		.ascii	"\242\025\020\022\006\323\013TC_\221\012mQ\301\022\352"
 1706      06D30B54 
 1706      435F910A 
 1706      6D51C112 
 1706      EA
 1707 160c 4B83C220 		.ascii	"K\203\302 \005S\303\242\251\241\222\321\207\016)\361"
 1707      0553C3A2 
 1707      A9A192D1 
 1707      870E29F1 
 1708 161c 37D52125 		.ascii	"7\325!%FE\241\025|)\352\002\370\233R\232B-\024[\374"
 1708      4645A115 
 1708      7C29EA02 
 1708      F89B529A 
 1708      422D145B 
 1709 1631 A258F852 		.ascii	"\242X\370Ra\320\227\242-|OE\252\244\213\220B@\025\232"
 1709      61D097A2 
 1709      2D7C4F45 
 1709      AAA48B90 
 1709      4240159A 
 1710 1645 1287C0A1 		.ascii	"\022\207\300\241K!@\001/\244\210?|\015@\230\007\202"
 1710      4B214001 
 1710      2FA4883F 
 1710      7C0D4098 
 1710      0782
 1711 1657 3051C249 		.ascii	"0Q\302I\3059\001\246\242&&\024%L\250`\002\0017\241\350"
 1711      C53901A6 
 1711      A2262614 
 1711      254CA860 
 1711      020137A1 
 1712 166c 8009C5D9 		.ascii	"\200\011\305\331\304\304\204\302691\241\260M)\230P\330"
 1712      C4C484C2 
 1712      363931A1 
 1712      B04D2998 
 1712      50D8
 1713 167e 0F283A60 		.ascii	"\017(:`\372\340\003\021\202\232\230>\370@\204\263\011"
 1713      FAE00311 
 1713      829A983E 
 1713      F84084B3 
 1713      09
 1714 168f 45074C25 		.ascii	"E\007L%< \021\324\304\304T\302\003\022\267\011E\007"
 1714      3C2011D4 
 1714      C4C454C2 
 1714      0312B709 
 1714      4507
 1715 16a1 1F403431 		.ascii	"\037@411\225\020\201D\320\010N\023`\262\037@491\211"
 1715      31951081 
 1715      44D0084E 
 1715      1360B21F 
 1715      40343931 
 1716 16b6 50420412 		.ascii	"PB\004\022\270\211)\205\223\007g\023\323\010$R8y\020"
ARM GAS  C:\Users\PUBLIC~1.LAP\AppData\Local\Temp\cc5KItyk.s 			page 136


 1716      B8892985 
 1716      93076713 
 1716      D3082452 
 1716      387910
 1717 16c9 14C2C489 		.ascii	"\024\302\304\211\0124\235p:\321$\324\304$\302\007\366"
 1717      0A349D70 
 1717      3AD124D4 
 1717      C424C207 
 1717      F6
 1718 16da 09E86331 		.ascii	"\011\350c1,\336\324\367\004,J\237\212TCO@_*D_\2408\365"
 1718      2CDED4F7 
 1718      042C4A9F 
 1718      8A54434F 
 1718      405F2A44 
 1719 16f2 AD48D116 		.ascii	"\255H\321\026OE\252\012&J8\2510z\002\372\210\303t*H"
 1719      4F45AA0A 
 1719      264A38A9 
 1719      307A02FA 
 1719      88C3742A 
 1720 1707 0416D115 		.ascii	"\004\026\321\025\276\024m\221\224\372\210h\324\012\341"
 1720      BE146D91 
 1720      94FA8868 
 1720      D40AE1
 1721 1716 0FEA0328 		.ascii	"\017\352\003(\361\251H\205\0245\034\226\360\235O@\237"
 1721      F1A94885 
 1721      14351C96 
 1721      F09D4F40 
 1721      9F
 1722 1727 8BE110CA 		.ascii	"\213\341\020\312WL\213(\325\007P\"\005\025L#85\031\201"
 1722      574C8B28 
 1722      D5075022 
 1722      05154C23 
 1722      38351981 
 1723 173b 68726A42 		.ascii	"hrjBa= \201?4\215\340\324$B\011\021H\010\025S\027SU"
 1723      613D2081 
 1723      3F348DE0 
 1723      D4244209 
 1723      11480815 
 1724 1753 C44B2412 		.ascii	"\304K$\022O!\032\225\272\230J\213\277\250\252\264(\275"
 1724      4F211A95 
 1724      BA984A8B 
 1724      BFA8AAB4 
 1724      28BD
 1725 1765 A9105895 		.ascii	"\251\020X\225\236,\250\236\252\3223"
 1725      9E2CA89E 
 1725      AAD233
 1726 1770 F5A14021 		.ascii	"\365\241@!JDY\240\304\012\251\017\373\240\200B+~(\021"
 1726      4A4459A0 
 1726      C40AA90F 
 1726      FBA08042 
 1726      2B7E2811 
 1727 1784 2ABD6915 		.ascii	"*\275i\025*\364I\241RS\350\320Y\302I\205\320m!\014\246"
 1727      2AF449A1 
 1727      5253E8D0 
 1727      59C24985 
 1727      D06D210C 
 1728 1799 6950AA28 		.ascii	"iP\252(\374\021\323\242\026\302\340\213 \012D\211B\300"
ARM GAS  C:\Users\PUBLIC~1.LAP\AppData\Local\Temp\cc5KItyk.s 			page 137


 1728      FC11D3A2 
 1728      16C2E08B 
 1728      200A4489 
 1728      42C0
 1729 17ab 29D41406 		.ascii	")\324\024\006\205\212R?\342o\312\227R\015\207R\237\321"
 1729      858A523F 
 1729      E26FCA97 
 1729      520D8752 
 1729      9FD1
 1730 17bd 872914A7 		.ascii	"\207)\024\247U\250\360\303\024\032\224\372P\020\004"
 1730      55A8F0C3 
 1730      141A94FA 
 1730      501004
 1731 17cc 8B57F861 		.ascii	"\213W\370a\012\265OE*\243'\340\012!\372a\012\305g\221"
 1731      0AB54F45 
 1731      2AA327E0 
 1731      0A21FA61 
 1731      0AC56791 
 1732 17e0 EA168B28 		.ascii	"\352\026\213(q\305\212_\220p\030L\177D*\240Q\352{*R"
 1732      71C58A5F 
 1732      9070184C 
 1732      7F442AA0 
 1732      51EA7B2A 
 1733 17f5 0DAD405F 		.ascii	"\015\255@_\374\212D-\202,\204C\246\022N*\222\016\025"
 1733      FC8A442D 
 1733      822C8443 
 1733      A6124E2A 
 1733      920E15
 1734 1808 42EADB20 		.ascii	"B\352\333 \025\006\251\202XP=\011\241+\206R\276)4\350"
 1734      1506A982 
 1734      58503D09 
 1734      A12B8652 
 1734      BE2934E8 
 1735 181c 09E89BA2 		.ascii	"\011\350\233\242J\321\"~\002\372\204\3013\365\271\000"
 1735      4AD1227E 
 1735      02FA84C1 
 1735      33F5B900 
 1736 182c FE9EA2A2 		.ascii	"\376\236\242\242~@$\"\372\"H4Q\302I\205P\352\233B\237"
 1736      7E402422 
 1736      FA224834 
 1736      51C24985 
 1736      50EA9B42 
 1737 1841 8A54414F 		.ascii	"\212TAO@_J5\274\302\340\020\012\202`\261\352'\345K\251"
 1737      405F4A35 
 1737      BCC2E010 
 1737      0A8260B1 
 1737      EA27E54B 
 1738 1856 8644C214 		.ascii	"\206D\302\024%\234TT\020\0061\232\376R\247T\030\034"
 1738      259C5454 
 1738      1006319A 
 1738      FE52A754 
 1738      181C
 1739 1868 4EAD109E 		.ascii	"N\255\020\236H\251B(\341\244B\011M\177i\321\227R\015"
 1739      48A94228 
 1739      E1A44209 
 1739      4D7F69D1 
 1739      97520D
ARM GAS  C:\Users\PUBLIC~1.LAP\AppData\Local\Temp\cc5KItyk.s 			page 138


 1740 187b 85529F06 		.ascii	"\205R\237\006 \212D\224\005\013\252'\337\024:\304\002"
 1740      208A4494 
 1740      050BAA27 
 1740      DF143AC4 
 1740      02
 1741 188c 35814EC5 		.ascii	"5\201N\305\030\301W\302I\005\321\241:\264@\211\276\252"
 1741      18C157C2 
 1741      4905D1A1 
 1741      3AB44089 
 1741      BEAA
 1742 189e 111A8060 		.ascii	"\021\032\200`\021BD\012\345\241j\204\006 :\010!b\004"
 1742      1142440A 
 1742      E5A16A84 
 1742      06203A08 
 1742      216204
 1743 18b1 0F9C5238 		.ascii	"\017\234R8\201\300\344!\255B=\010\207RRC\340\005\232"
 1743      81C0E421 
 1743      AD423D08 
 1743      87525243 
 1743      E0059A
 1744 18c4 9846309B 		.ascii	"\230F0\233Pt\300dE8\321MNLf\323\211\024f\223S\012\263"
 1744      5074C064 
 1744      4538D14D 
 1744      4E4C66D3 
 1744      89146693 
 1745 18db 89A90333 		.ascii	"\211\251\0033\365\205\020\221\012\203T\370\012\000\301"
 1745      F5851091 
 1745      0A8354F8 
 1745      0A00C1
 1746 18ea 64810A0A 		.ascii	"d\201\012\012\240\300\300\016+\242\242|OE*_\324\017"
 1746      A0C0C00E 
 1746      2BA2A27C 
 1746      4F452A5F 
 1746      D40F
 1747 18fc CA038817 		.ascii	"\312\003\210\027%\234Tx0\361\301\007\036B\210\030\301"
 1747      259C5478 
 1747      30F1C107 
 1747      1E428818 
 1747      C1
 1748 190d 030FC594 		.ascii	"\003\017\305\2248\234\362\020\365\203\362P\034zx\012"
 1748      389CF210 
 1748      F583F250 
 1748      1C7A780A 
 1749 191d 1253E190 		.ascii	"\022S\341\220\011\001N!\004\237\202PL\032\320 \004\210"
 1749      09014E21 
 1749      049F8250 
 1749      4C1AD020 
 1749      0488
 1750 192f 292934D5 		.ascii	"))4\325@\014(\252`\224\357\367\341\203\006\030`\202"
 1750      400C28AA 
 1750      6094EFF7 
 1750      E1830618 
 1750      6082
 1751 1941 024D242A 		.ascii	"\002M$*p\302\304\371+WK\260\\~\271^~\345~\345\256\011"
 1751      70C2C4F9 
 1751      2B574BB0 
 1751      5C7EB95E 
ARM GAS  C:\Users\PUBLIC~1.LAP\AppData\Local\Temp\cc5KItyk.s 			page 139


 1751      7EE57EE5 
 1752 1957 A45A2F30 		.ascii	"\244Z/0\"k\"&v\355\215\273q\227\213\003\320\222eizw"
 1752      226B2226 
 1752      76ED8DBB 
 1752      71978B03 
 1752      D0926569 
 1753 196d CB2F173B 		.ascii	"\313/\027;gFEG\333\253\245\310\014\314\215F\206.\370"
 1753      67464547 
 1753      DBABA5C8 
 1753      0CCC8D46 
 1753      862EF8
 1754 1980 BF707C88 		.ascii	"\277p|\210\344l\314q\363\206\347hG\222&F7\265,iF\372"
 1754      E46CCC71 
 1754      F386E768 
 1754      47922646 
 1754      37B52C69 
 1755 1996 4C996B53 		.ascii	"L\231kS\302\206d\255\255\217\2156+j\226\207U\003\313"
 1755      C28664AD 
 1755      AD8F8D36 
 1755      2B6A9687 
 1755      5503CB
 1756 19a9 269A2966 		.ascii	"&\232)fc\311 H33m\310\023\013\313XY\262\355\305\362"
 1756      63C92048 
 1756      33336DC8 
 1756      130BCB58 
 1756      59B2EDC5 
 1757 19be D72D6DC4 		.ascii	"\327-m\304(\357L\221\264\266\367\312\251G(\217\013\335"
 1757      28EF4C91 
 1757      B4B6F7CA 
 1757      A947288F 
 1757      0BDD
 1758 19d0 5CDBFF5A 		.ascii	"\\\333\377Z\261aV\015,\033\205\211\333\312\201u%\004"
 1758      B161560D 
 1758      2C1B8589 
 1758      DBCA8175 
 1758      2504
 1759 19e2 C4EB8D8D 		.ascii	"\304\353\215\215\266G$\037{h\276\272\212\315q\276\331"
 1759      B647241F 
 1759      7B68BEBA 
 1759      8ACD71BE 
 1759      D9
 1760 19f3 2272A4ED 		.ascii	"\"r\244\355\235R\227\313?9_\335)H[l`9_]*\367\354w\312"
 1760      9D5297CB 
 1760      3F395FDD 
 1760      29485B6C 
 1760      60395F5D 
 1761 1a0c 731309DB 		.ascii	"s\023\011\333av\355\177\245\334(F\343\031>\235\307A"
 1761      6176ED7F 
 1761      A5DC2846 
 1761      E3193E9D 
 1761      C741
 1762 1a1e 92246A6D 		.ascii	"\222$jm_\223\027\312}\242\346\247N\262\355\011Ao5\270"
 1762      5F9317CA 
 1762      7DA2E6A7 
 1762      4EB2ED09 
 1762      416F35B8 
 1763 1a32 00D111A2 		.ascii	"\000\321\021\242ls\2761\363\361\010\007\2224\345\235"
ARM GAS  C:\Users\PUBLIC~1.LAP\AppData\Local\Temp\cc5KItyk.s 			page 140


 1763      6C73BE31 
 1763      F3F10807 
 1763      9234E59D 
 1764 1a42 33CF8732 		.ascii	"3\317\2072\315\330Y\205L\357H\346<\236N\222\370\350"
 1764      CDD85985 
 1764      4CEF48E6 
 1764      3C9E4E92 
 1764      F8E8
 1765 1a54 732EFD28 		.ascii	"s.\375(sF\216]\0327HE\276\235bi\224x\316\275-\245\233"
 1765      73468E5D 
 1765      1A374845 
 1765      BE9D6269 
 1765      9478CEBD 
 1766 1a6b 97134D9A 		.ascii	"\227\023M\232\243\325\325\222s\274D.\223{\344\026\271"
 1766      A3D5D592 
 1766      73BC442E 
 1766      937BE416 
 1766      B9
 1767 1a7c 4D6ED82D 		.ascii	"Mn\330-\273fW\354\032\271N\356\361&\271K.\222Kv\225"
 1767      BB6657EC 
 1767      1AB94EEE 
 1767      F126B94B 
 1767      2E924B76 
 1768 1a91 D4E41D6B 		.ascii	"\324\344\035k:\277B\356\220;v\363\331fZ\031\233\304"
 1768      3ABF42EE 
 1768      903B76F3 
 1768      D9665A19 
 1768      9BC4
 1769 1aa3 4E389F9C 		.ascii	"N8\237\234Rl(G\234pN9M\216nw\254\301\234xI\2169#\247"
 1769      526C2847 
 1769      9C704E39 
 1769      4D8E6E77 
 1769      ACC19C78 
 1770 1abc 043AE68C 		.ascii	"\004:\346\2144\323\234Y\316.d\271\003\2053\2503b\224"
 1770      34D39C59 
 1770      CE2E64B9 
 1770      038533A8 
 1770      336294
 1771 1acf 7A3C1273 		.ascii	"z<\022s\020rJ\031\204\320\224\314l\323\001\363\025@"
 1771      10724A19 
 1771      84D094CC 
 1771      6CD301F3 
 1771      1540
 1772 1ae1 40485420 		.ascii	"@HT \223L\263\332\036\023@\203JK\325\311\240bR!dFDD"
 1772      934CB3DA 
 1772      1E134083 
 1772      4A4BD5C9 
 1772      A0625221 
 1773 1af9 4444A424 		.ascii	"DD\244$\005I\012\215\001\217\251\010i\350\217\306h\312"
 1773      05490A8D 
 1773      018FA908 
 1773      69E88FC6 
 1773      68CA
 1774 1b0b 6AC53011 		.ascii	"j\3050\021=\310\225M\353\006\327J\204\352|L\372>\265"
 1774      3DC8954D 
 1774      EB06D74A 
 1774      84EA7C4C 
ARM GAS  C:\Users\PUBLIC~1.LAP\AppData\Local\Temp\cc5KItyk.s 			page 141


 1774      FA3EB5
 1775 1b1e 86C3F72C 		.ascii	"\206\303\367,\035\232\007p\0267\272\274\213qi\370l\240"
 1775      1D9A0770 
 1775      1637BABC 
 1775      8B7169F8 
 1775      6CA0
 1776 1b30 B8D8EAE9 		.ascii	"\270\330\352\351\354\24403Pp\337\022\325\270\021&\033"
 1776      ECA43033 
 1776      5070DF12 
 1776      D5B81126 
 1776      1B
 1777 1b41 8EF331B6 		.ascii	"\216\3631\266\014\221a\023\342\017!\330\310\037G\276"
 1777      0C916113 
 1777      E20F21D8 
 1777      C81F47BE 
 1778 1b51 DD3186DD 		.ascii	"\3351\206\335{\366\013\347\2460\314\250\364\302'\264"
 1778      7BF60BE7 
 1778      A630CCA8 
 1778      F4C227B4 
 1779 1b61 48FCCBF3 		.ascii	"H\374\313\363[\003\331\031\314\303)\354\250\370\335"
 1779      5B03D919 
 1779      CCC329EC 
 1779      A8F8DD
 1780 1b70 A65DB0DF 		.ascii	"\246]\260\337\334_\303\2521\243i8\313x\204\201\323-"
 1780      DC5FC3AA 
 1780      31A36938 
 1780      CB788481 
 1780      D32D
 1781 1b82 4490C232 		.ascii	"D\220\3022\251`\332Q+\256\354@\237\246\005\323\255\325"
 1781      A960DA51 
 1781      2BAEEC40 
 1781      9FA605D3 
 1781      ADD5
 1782 1b94 30981217 		.ascii	"0\230\022\027\341\354\275\207\2173\2672E\236,\222\023"
 1782      E1ECBD87 
 1782      8F33B732 
 1782      459E2C92 
 1782      13
 1783 1ba5 1BA14189 		.ascii	"\033\241A\211H\240\277\346X8\0165\032g]\343\020}b\230"
 1783      48A0BFE6 
 1783      58380E35 
 1783      1A675DE3 
 1783      107D6298 
 1784 1bb9 28F9864C 		.ascii	"(\371\206LX\373\301<3\2343\214c\015\356~jy\221\016\313"
 1784      58FBC13C 
 1784      339C338C 
 1784      630DEE7E 
 1784      6A79910E 
 1785 1bce 11C6E0C7 		.ascii	"\021\306\340\307H\255Q#o\370\341\327\003\027\234\307"
 1785      48AD5123 
 1785      6FF8E1D7 
 1785      03179CC7 
 1786 1bde 43942D9F 		.ascii	"C\224-\237\211\264\011\016\322\201\220\351`\0162\033"
 1786      89B4090E 
 1786      D28190E9 
 1786      600E321B 
 1787 1bee D6834108 		.ascii	"\326\203A\010p\303\233\"\344 \032\206Bh\261e\306\205"
ARM GAS  C:\Users\PUBLIC~1.LAP\AppData\Local\Temp\cc5KItyk.s 			page 142


 1787      70C39B22 
 1787      E4201A86 
 1787      4268B165 
 1787      C685
 1788 1c00 46653F9F 		.ascii	"Fe?\237S\012\363\320)Q\0156`z\272\025M_xh\232F\200\241"
 1788      530AF3D0 
 1788      29510D36 
 1788      607ABA15 
 1788      4D5F7868 
 1789 1c18 3FF531D7 		.ascii	"?\3651\327\015\303\012\202\246\373\311\3572l\323\011"
 1789      0DC30A82 
 1789      A6FBC9EF 
 1789      326CD309 
 1790 1c28 1A05EAC5 		.ascii	"\032\005\352\305\255\364W\306O\305\270\312\203\206\302"
 1790      ADF457C6 
 1790      4FC5B8CA 
 1790      8386C2
 1791 1c37 EC51C38E 		.ascii	"\354Q\303\216) \246 \240\357\201\371R\244\240{\023C"
 1791      2920A620 
 1791      A0EF81F9 
 1791      52A4A07B 
 1791      1343
 1792 1c49 3E078EC4 		.ascii	">\007\216\304\375~\263b\256\212\017t\233\350\253\266"
 1792      FD7EB362 
 1792      AE8A0F74 
 1792      9BE8ABB6 
 1793 1c59 1134DF01 		.ascii	"\0214\337\0018\355\242\375\220\321\212X\213\026K\234"
 1793      38EDA2FD 
 1793      90D18A58 
 1793      8B164B9C 
 1794 1c69 41C18F81 		.ascii	"A\301\217\201\005\244b`\016\332A\263\375\027\001\213"
 1794      05A46260 
 1794      0EDA41B3 
 1794      FD17018B 
 1795 1c79 7EA6A111 		.ascii	"~\246\241\021\012S\003K\307\027-\332\340\203_\357\261"
 1795      0A53034B 
 1795      C7172DDA 
 1795      E0835FEF 
 1795      B1
 1796 1c8a 588BDE1C 		.ascii	"X\213\336\034\313&\200\334\311=\240\364\020Kev\315+"
 1796      CB2680DC 
 1796      C93DA0F4 
 1796      104B6576 
 1796      CD2B
 1797 1c9c E8AAFDFE 		.ascii	"\350\252\375\376I\030\324\374\275\234\\\274\247\332"
 1797      4918D4FC 
 1797      BD9C5CBC 
 1797      A7DA
 1798 1caa C5B98835 		.ascii	"\305\271\2105\327m\260x\223\350t^e\251\257\011k@\263"
 1798      D76DB078 
 1798      93E8745E 
 1798      65A9AF09 
 1798      6B40B3
 1799 1cbd B807E17E 		.ascii	"\270\007\341~8\252wy\265\3352\340\224\217\323x\371\245"
 1799      38AA7779 
 1799      B5DD32E0 
 1799      948FD378 
ARM GAS  C:\Users\PUBLIC~1.LAP\AppData\Local\Temp\cc5KItyk.s 			page 143


 1799      F9A5
 1800 1ccf DAD7BDE8 		.ascii	"\332\327\275\350T\035\015\315\321\345\355\0068\302\274"
 1800      541D0DCD 
 1800      D1E5ED06 
 1800      38C2BC
 1801 1cde 38502DF7 		.ascii	"8P-\367\227P\010\241d\346\2514\266\030j\030\262\257"
 1801      975008A1 
 1801      64E6A934 
 1801      B6186A18 
 1801      B2AF
 1802 1cf0 E462C396 		.ascii	"\344b\303\226\350\367=\217 \254\020\311U\374\347\351"
 1802      E8F73D8F 
 1802      20AC10C9 
 1802      55FCE7E9 
 1803 1d00 B12501E0 		.ascii	"\261%\001\340\223(uX\311\306C\270J\305'=\321\374\231"
 1803      93287558 
 1803      C9C643B8 
 1803      4AC5273D 
 1803      D1FC99
 1804 1d13 B0132962 		.ascii	"\260\023)bq\0142\335\343)\373N\236){\355}\036\250\342"
 1804      710C32DD 
 1804      E329FB4E 
 1804      9E297BED 
 1804      7D1EA8E2 
 1805 1d27 2774AE67 		.ascii	"'t\256g\227\033\300>\240\344Ft>\323a`d\251\324\276\235"
 1805      971BC03E 
 1805      A0E44674 
 1805      3ED36160 
 1805      64A9D4BE 
 1806 1d3c ADE26386 		.ascii	"\255\342c\206\025\271:\250R\202\036\300Ep\0349\024\334"
 1806      15B93AA8 
 1806      52821EC0 
 1806      45701C39 
 1806      14DC
 1807 1d4e 973E577E 		.ascii	"\227>W~z\373\350\007\232\247I\225\250\304~\372\366h"
 1807      7AFBE807 
 1807      9AA74995 
 1807      A8C47EFA 
 1807      F668
 1808 1d60 83DA57BE 		.ascii	"\203\332W\276\026U\370@\343\262hGdf\310\362u\037\315"
 1808      1655F840 
 1808      E3B26847 
 1808      6466C8F2 
 1808      751FCD
 1809 1d73 18194531 		.ascii	"\030\031E1W\001\332\270\255[\273\030\267\375\205\327"
 1809      5701DAB8 
 1809      AD5BBB18 
 1809      B7FD85D7 
 1810 1d83 079AD462 		.ascii	"\007\232\324b\004P!\244G7\020\237:B\356X\356*\310X!"
 1810      045021A4 
 1810      4737109F 
 1810      3A42EE58 
 1810      EE2AC858 
 1811 1d98 9C27CD27 		.ascii	"\234'\315'\025h\006\017\001\230y\220\245\306\244\250"
 1811      1568060F 
 1811      01987990 
 1811      A5C6A4A8 
ARM GAS  C:\Users\PUBLIC~1.LAP\AppData\Local\Temp\cc5KItyk.s 			page 144


 1812 1da8 B3278514 		.ascii	"\263'\205\024\323\374\213\267=V\345\263$\015A\334\334"
 1812      D3FC8BB7 
 1812      3D56E5B3 
 1812      240D41DC 
 1812      DC
 1813 1db9 D7D9D415 		.ascii	"\327\331\324\025\345\027>\315\324\251<!\336\205\234"
 1813      E5173ECD 
 1813      D4A93C21 
 1813      DE859C
 1814 1dc8 BE6FC222 		.ascii	"\276o\302\"sd\005\335f\2422\371(\021Q\340\024\367\352"
 1814      736405DD 
 1814      66A232F9 
 1814      281151E0 
 1814      14F7EA
 1815 1ddb 3A9754DD 		.ascii	":\227T\335y\327\032\234b\030\017\363\245Eu\277\274\342"
 1815      79D71A9C 
 1815      62180FF3 
 1815      A54575BF 
 1815      BCE2
 1816 1ded 625FF848 		.ascii	"b_\370H\243\330\023\005\304 v0\325j\000l_Y\313y!C\015"
 1816      A3D81305 
 1816      C4207630 
 1816      D56A006C 
 1816      5F59CB79 
 1817 1e04 3B98375E 		.ascii	";\2307^\264\236H\373\220uB\3714a{}sAU!\253!P\234J\331"
 1817      B49E48FB 
 1817      907542F9 
 1817      34617B7D 
 1817      73415521 
 1818 1e1e E10E4DB8 		.ascii	"\341\016M\270\032\023GG \317\226n\020\033\033B\177\004"
 1818      1A134747 
 1818      20CF966E 
 1818      101B1B42 
 1818      7F04
 1819 1e30 53046007 		.ascii	"S\004`\007\017A!\252|M\373\274\015\244p\002\375\020"
 1819      0F4121AA 
 1819      7C4DFBBC 
 1819      0DA47002 
 1819      FD10
 1820 1e42 35B11091 		.ascii	"5\261\020\221\277q'z\313\257\031\360\300\245ey\273\016"
 1820      BF71277A 
 1820      CBAF19F0 
 1820      C0A56579 
 1820      BB0E
 1821 1e54 79556C9A 		.ascii	"yUl\232\375MVl\236RM\027\211\361.\034\005\205\257\253"
 1821      FD4D566C 
 1821      9E524D17 
 1821      89F12E1C 
 1821      0585AFAB 
 1822 1e68 23B95BE8 		.ascii	"#\271[\350s\205\243\224e\244\235x0e\302\234w\013\246"
 1822      7385A394 
 1822      65A49D78 
 1822      3065C29C 
 1822      770BA6
 1823 1e7b 6FCB1F68 		.ascii	"o\313\037hu\264^\276{\307\317\321\215\373d\303MC\256"
 1823      75B45EBE 
 1823      7BC7CFD1 
ARM GAS  C:\Users\PUBLIC~1.LAP\AppData\Local\Temp\cc5KItyk.s 			page 145


 1823      8DFB64C3 
 1823      4D43AE
 1824 1e8e 702D1439 		.ascii	"p-\0249H\007\033\205~\353\363|\220\032\2557\200f<\357"
 1824      48071B85 
 1824      7EEBF37C 
 1824      901AAD37 
 1824      80663CEF 
 1825 1ea2 BC323D3E 		.ascii	"\2742=>\241\264m\361iS\305h\325\\,\2326G\232\271\217"
 1825      A1B46DF1 
 1825      6953C568 
 1825      D55C2C9A 
 1825      36479AB9 
 1826 1eb7 B1A91167 		.ascii	"\261\251\021g(\255\227-f\277\246\371D\270\321\266T\013"
 1826      28AD972D 
 1826      66BFA6F9 
 1826      44B8D1B6 
 1826      540B
 1827 1ec9 96F7EA68 		.ascii	"\226\367\352h\311\332!\376\035]]\223\366\326\347\217"
 1827      C9DA21FE 
 1827      1D5D5D93 
 1827      F6D6E78F 
 1828 1ed9 C272D6F8 		.ascii	"\302r\326\370\220!\206\273]6\351\254!U\221\217\252\260"
 1828      902186BB 
 1828      5D36E9AC 
 1828      2155918F 
 1828      AAB0
 1829 1eeb D91EBD77 		.ascii	"\331\036\275w!h\330\263\037\366\363\361\330\342\201"
 1829      2168D8B3 
 1829      1FF6F3F1 
 1829      D8E281
 1830 1efa 358B9E78 		.ascii	"5\213\236x?q\226\270\235\030\265\026a\306A\216\216d"
 1830      3F7196B8 
 1830      9D18B516 
 1830      61C6418E 
 1830      8E64
 1831 1f0c 99738D7A 		.ascii	"\231s\215z\245N\232\275O8\016\010zOz\011<\216\370\002"
 1831      A54E9ABD 
 1831      4F380E08 
 1831      7A4F7A09 
 1831      3C8EF802 
 1832 1f20 7A21C542 		.ascii	"z!\305B\257\034E+\237\354A\"\220\202\300\321\321\331"
 1832      AF1C452B 
 1832      9FEC4122 
 1832      9082C0D1 
 1832      D1D9
 1833 1f32 0A9FABC3 		.ascii	"\012\237\253\303:x\334,\300\340\317\355\247\014"
 1833      3A78DC2C 
 1833      C0E0CFED 
 1833      A70C
 1834 1f40 80CB5D8D 		.ascii	"\200\313]\215M\227W\322\322\027\307E\2061\316\200\201"
 1834      4D9757D2 
 1834      D217C745 
 1834      8631CE80 
 1834      81
 1835 1f51 7805CB6B 		.ascii	"x\005\313k\177z\331\312\312\262\023!\200?E\345~\177"
 1835      7F7AD9CA 
 1835      CAB21321 
ARM GAS  C:\Users\PUBLIC~1.LAP\AppData\Local\Temp\cc5KItyk.s 			page 146


 1835      803F45E5 
 1835      7E7F
 1836 1f63 40F463D2 		.ascii	"@\364c\322\234x:a(\235l\270}?l(\335\010\270\370w\177"
 1836      9C783A61 
 1836      289D6CB8 
 1836      7D3F6C28 
 1836      DD08B8F8 
 1837 1f79 781A3310 		.ascii	"x\0323\020\223C\314\3056\341\235!\"\234\262\"m\002D"
 1837      9343CCC5 
 1837      36E19D21 
 1837      229CB222 
 1837      6D0244
 1838 1f8c 0404B003 		.ascii	"\004\004\260\003\275]\220X\375\005\270e\020\217\242"
 1838      BD5D9058 
 1838      FD05B865 
 1838      108FA2
 1839 1f9b D51E9BFA 		.ascii	"\325\036\233\372\342\327\315\002W:\214\025bT2\347\240"
 1839      E2D7CD02 
 1839      573A8C15 
 1839      625432E7 
 1839      A0
 1840 1fac 6ACC938A 		.ascii	"j\314\223\212S\316\302k\277\316\010\265\334\215\272"
 1840      53CEC26B 
 1840      BFCE08B5 
 1840      DC8DBA
 1841 1fbb 93DFF525 		.ascii	"\223\337\365%Ey\3445\334\323\376\012\347h\273\232\307"
 1841      4579E435 
 1841      DCD3FE0A 
 1841      E768BB9A 
 1841      C7
 1842 1fcc B489A183 		.ascii	"\264\211\241\203\203 \016\265\0156\217\027\374\251\213"
 1842      83200EB5 
 1842      0D368F17 
 1842      FCA98B
 1843 1fdb 2CF82FC0 		.ascii	",\370/\300\367C\341\222\001\310rW_\037{SA\340\360\316"
 1843      F743E192 
 1843      01C87257 
 1843      5F1F7B53 
 1843      41E0F0CE 
 1844 1fef 3EB51722 		.ascii	">\265\027\"\276Gc\210\306\261\214y\202c\201oUg/\371"
 1844      BE476388 
 1844      C6B18C79 
 1844      8263816F 
 1844      55672FF9 
 1845 2003 EF92582A 		.ascii	"\357\222X*\326\230\231f,T\363\251\345\"\264\014\310"
 1845      D6989966 
 1845      2C54F3A9 
 1845      E522B40C 
 1845      C8
 1846 2014 4817C22B 		.ascii	"H\027\302+\210\250\341\260\332@p]\231\256r\224.\322"
 1846      88A8E1B0 
 1846      DA40705D 
 1846      99AE7294 
 1846      2ED2
 1847 2026 FAFFA576 		.ascii	"\372\377\245v3>\206q\377G\241\346\217\302\265\340Yb"
 1847      333E8671 
 1847      FF47A1E6 
ARM GAS  C:\Users\PUBLIC~1.LAP\AppData\Local\Temp\cc5KItyk.s 			page 147


 1847      8FC2B5E0 
 1847      5962
 1848 2038 3117206B 		.ascii	"1\027 k\314\213\000R\214\021\240\204\206\331\241C\262"
 1848      CC8B0052 
 1848      8C11A084 
 1848      86D9A143 
 1848      B2
 1849 2049 6571285B 		.ascii	"eq([\376\224\033\360\256\266\363\254:\352lm\334&\341"
 1849      FE941BF0 
 1849      AEB6F3AC 
 1849      3AEA6C6D 
 1849      DC26E1
 1850 205c 1F8D7054 		.ascii	"\037\215pT'\215[\371m\014x\322\352\252`\314\241\212"
 1850      278D5BF9 
 1850      6D0C78D2 
 1850      EAAA60CC 
 1850      A18A
 1851 206e 8B79280C 		.ascii	"\213y(\014\004\214'*\352\312o\262\252\324J\2668\301"
 1851      048C272A 
 1851      EACA6FB2 
 1851      AAD44AB6 
 1851      38C1
 1852 2080 27450074 		.ascii	"'E\000t\324[\341o\030\333\034n-\226\273]\325p$\374\276"
 1852      D45BE16F 
 1852      18DB1C6E 
 1852      2D96BB5D 
 1852      D57024FC 
 1853 2095 C97419D8 		.ascii	"\311t\031\330*z\002(d\215\203846\010\1778+\311\011\022"
 1853      2A7A0228 
 1853      648D8338 
 1853      3436087F 
 1853      382BC909 
 1854 20aa A40E827F 		.ascii	"\244\016\202\177@\364\017\247)mI\320\212\254\027\337"
 1854      40F40FA7 
 1854      296D49D0 
 1854      8AAC17DF 
 1855 20ba 22962D18 		.ascii	"\"\226-\030=\350\267\323@:\037\201hK\013.d\310_\237"
 1855      3DE8B7D3 
 1855      403A1F81 
 1855      684B0B2E 
 1855      64C85F9F 
 1856 20ce 1501C75C 		.ascii	"\025\001\307\\\007\267\233R\353<\314\031\372\327\320"
 1856      07B79B52 
 1856      EB3CCC19 
 1856      FAD7D0
 1857 20dd 1CE8F44A 		.ascii	"\034\350\364J\232/}\242_\036\300\353\203t\177\241\216"
 1857      9A2F7DA2 
 1857      5F1EC0EB 
 1857      83747FA1 
 1857      8E
 1858 20ee 193D1688 		.ascii	"\031=\026\210G\311q\236\242Fd\252\327\027\027\006\032"
 1858      47C9719E 
 1858      A24664AA 
 1858      D7171706 
 1858      1A
 1859 20ff 38193C26 		.ascii	"8\031<&\025\377%v*\310\006\274=r\245\014\025<\323w\305"
 1859      15FF2576 
ARM GAS  C:\Users\PUBLIC~1.LAP\AppData\Local\Temp\cc5KItyk.s 			page 148


 1859      2AC806BC 
 1859      3D72A50C 
 1859      153CD377 
 1860 2114 E31754F1 		.ascii	"\343\027T\361KHE%\2353\246\371,\307v\034\311d\015\213"
 1860      4B484525 
 1860      9D33A6F9 
 1860      2CC7761C 
 1860      C9640D8B 
 1861 2128 8470D438 		.ascii	"\204p\3248`\223\\\366\361\365l\357\003\353\344\361\016"
 1861      60935CF6 
 1861      F1F56CEF 
 1861      03EBE4F1 
 1861      0E
 1862 2139 F38F37BB 		.ascii	"\363\2177\273\023\236\031\340\201~b\305Nl\027\010\205"
 1862      139E19E0 
 1862      817E62C5 
 1862      4E6C1708 
 1862      85
 1863 214a 0831FC72 		.ascii	"\0101\374r\021\305\250\207_bl\216[.\271<\024&\234(\316"
 1863      11C5A887 
 1863      5F626C8E 
 1863      5B2EB93C 
 1863      14269C28 
 1864 215f 652048DE 		.ascii	"e H\336\0262\025\335\316Jo\301'0\0210\377\207\011K\262"
 1864      163215DD 
 1864      CE4A6FC1 
 1864      27301130 
 1864      FF87094B 
 1865 2174 2FFDCA08 		.ascii	"/\375\312\010\334\364\201kB\323\360\327\355\012},\337"
 1865      DCF4816B 
 1865      42D3F0D7 
 1865      ED0A7D2C 
 1865      DF
 1866 2185 08CE20E1 		.ascii	"\010\316 \341\316\277\371\311\330~=\367m\214\243\322"
 1866      CEBFF9C9 
 1866      D87E3DF7 
 1866      6D8CA3D2 
 1867 2195 F3A63E99 		.ascii	"\363\246>\231\311\373]\207o\367\037\327\315\344\263"
 1867      C9FB5D87 
 1867      6FF71FD7 
 1867      CDE4B3
 1868 21a4 CFF2E420 		.ascii	"\317\362\344 e\251\024\355\257\333\275\347JW\240l\226"
 1868      65A914ED 
 1868      AFDBBDE7 
 1868      4A57A06C 
 1868      96
 1869 21b5 9E5CA107 		.ascii	"\236\\\241\007e\362\225\211kW\3464\354\350\230g1\364"
 1869      65F29589 
 1869      6B57E634 
 1869      ECE89867 
 1869      31F4
 1870 21c7 A25253F4 		.ascii	"\242RS\364$@O\0214/.\315,e\351\233\356\376\360\234\004"
 1870      24404F11 
 1870      342F2ECD 
 1870      2C65E99B 
 1870      EEFEF09C 
 1871 21dc CE747794 		.ascii	"\316tw\224\016\350\001\343\317\374\236R\350\240c&/}"
ARM GAS  C:\Users\PUBLIC~1.LAP\AppData\Local\Temp\cc5KItyk.s 			page 149


 1871      0EE801E3 
 1871      CFFC9E52 
 1871      E8A06326 
 1871      2F7D
 1872 21ee A98307F3 		.ascii	"\251\203\007\363\025\\\016\221y\177\3525\310\310\031"
 1872      155C0E91 
 1872      797FEA35 
 1872      C8C819
 1873 21fd 03323B0E 		.ascii	"\0032;\016\2109\242\245\332&\003\010\0038\311\004\020"
 1873      8839A2A5 
 1873      DA260308 
 1873      0338C904 
 1873      10
 1874 220e DE7B6975 		.ascii	"\336{iuZW-\316\276d\371\201\366\036mh\344\024k\3328"
 1874      5A572DCE 
 1874      BE64F981 
 1874      F61E6D68 
 1874      E4146BDA 
 1875 2223 CCD99FAC 		.ascii	"\314\331\237\254\331\374 \200$\264\237\241\364\177q"
 1875      D9FC2080 
 1875      24B49FA1 
 1875      F47F71
 1876 2232 67329C56 		.ascii	"g2\234V\224p\207V)nqp\343@\260_\323\2444Fu\272\305l"
 1876      94708756 
 1876      296E7170 
 1876      E340B05F 
 1876      D3A43446 
 1877 224a A97DD8D6 		.ascii	"\251}\330\326D\275VA\315\010]X\025\216iR\241\\\340\213"
 1877      44BD5641 
 1877      CD085D58 
 1877      158E6952 
 1877      A15CE08B 
 1878 225e F14F2BD0 		.ascii	"\361O+\320\344\350\372u\220\376\313E\357\352\331\342"
 1878      E4E8FA75 
 1878      90FECB45 
 1878      EFEAD9E2 
 1879 226e D08F4BA7 		.ascii	"\320\217K\247q\002\276\303!\357%\311d\210P\027\302\037"
 1879      7102BEC3 
 1879      21EF25C9 
 1879      64885017 
 1879      C21F
 1880 2280 01B4F4D1 		.ascii	"\001\264\364\321\203\235\316\337^\247h-\243\017\342"
 1880      839DCEDF 
 1880      5EA7682D 
 1880      A30FE2
 1881 228f 9FA57226 		.ascii	"\237\245r&\326\301\307b-\354\376\030n/\303\376\325v"
 1881      D6C1C762 
 1881      2DECFE18 
 1881      6E2FC3FE 
 1881      D576
 1882 22a1 E53C57E3 		.ascii	"\345<W\343\215\004\244\374\323v\267\202\223\325t\364"
 1882      8D04A4FC 
 1882      D376B782 
 1882      93D574F4 
 1883 22b1 A6CCDB29 		.ascii	"\246\314\333)>\017b\211\325\221\305\301\2003=\370\261"
 1883      3E0F6289 
 1883      D591C5C1 
ARM GAS  C:\Users\PUBLIC~1.LAP\AppData\Local\Temp\cc5KItyk.s 			page 150


 1883      80333DF8 
 1883      B1
 1884 22c2 9DCE6C7D 		.ascii	"\235\316l}\303\267\255\356\374\300\245L+\0113\007T1"
 1884      C3B7ADEE 
 1884      FCC0A54C 
 1884      2B093307 
 1884      5431
 1885 22d4 40960F15 		.ascii	"@\226\017\025\365\374\214(@\262e\326\036\021`\003X\013"
 1885      F5FC8C28 
 1885      40B265D6 
 1885      1E116003 
 1885      580B
 1886 22e6 DA50185E 		.ascii	"\332P\030^ik&\274\201\243\030\354O\034,\307\366\216"
 1886      696B26BC 
 1886      81A318EC 
 1886      4F1C2CC7 
 1886      F68E
 1887 22f8 6A016B00 		.ascii	"j\001k\000\021\017]\034\025\232H\331\220\206P\017\317"
 1887      110F5D1C 
 1887      159A48D9 
 1887      9086500F 
 1887      CF
 1888 2309 E5A2675A 		.ascii	"\345\242gZ\314K\230\242u\306Y9\225Dw\215L\006\2222\376"
 1888      CC4B98A2 
 1888      75C65939 
 1888      9544778D 
 1888      4C069232 
 1889 231e CB79B129 		.ascii	"\313y\261).\354\340\330?b\334\300\353+\263K\347<\255"
 1889      2EECE0D8 
 1889      3F62DCC0 
 1889      EB2BB34B 
 1889      E73CAD
 1890 2331 A0150B42 		.ascii	"\240\025\013B\276\244\347\331H\221V\226Q\250\201S\031"
 1890      BEA4E7D9 
 1890      48915696 
 1890      51A88153 
 1890      19
 1891 2342 35240D55 		.ascii	"5$\015U\313\242q\"d\322\334\355\257\347t\024\310\275"
 1891      CBA27122 
 1891      64D2DCED 
 1891      AFE77414 
 1891      C8BD
 1892 2354 E5FEFE73 		.ascii	"\345\376\376s\203x\017l\235O@\375f\377\275\226\3441"
 1892      83780F6C 
 1892      9D4F40FD 
 1892      66FFBD96 
 1892      E431
 1893 2366 E9CBF746 		.ascii	"\351\313\367F\344e\306\344\341\373\274,\022\360B\202"
 1893      E465C6E4 
 1893      E1FBBC2C 
 1893      12F04282 
 1894 2376 4C7D31E2 		.ascii	"L}1\342\031\020! Wd!\037K\230aN\2330M)Q\240\322k\262"
 1894      19102120 
 1894      5764211F 
 1894      4B98614E 
 1894      9B304D29 
 1895 238f 1694781A 		.ascii	"\026\224x\032<\220\210\005\246n\034X\213\366\004=\320"
ARM GAS  C:\Users\PUBLIC~1.LAP\AppData\Local\Temp\cc5KItyk.s 			page 151


 1895      3C908805 
 1895      A66E1C58 
 1895      8BF6043D 
 1895      D0
 1896 23a0 5601A7BD 		.ascii	"V\001\247\275\337F3\226\3705\201k\366#\337\231\275}"
 1896      DF463396 
 1896      F835816B 
 1896      F623DF99 
 1896      BD7D
 1897 23b2 308F6EC5 		.ascii	"0\217n\305\231\021\236\343\346\307\335\232\363\015$"
 1897      99119EE3 
 1897      E6C7DD9A 
 1897      F30D24
 1898 23c1 6F4F0D22 		.ascii	"oO\015\"\350\017\024G\000\277{4\230\337m\360|\267\360"
 1898      E80F1447 
 1898      00BF7B34 
 1898      98DF6DF0 
 1898      7CB7F0
 1899 23d4 240F5BF5 		.ascii	"$\017[\365\262\203\315\335\037\206@Y\355f\334\213\331"
 1899      B283CDDD 
 1899      1F864059 
 1899      ED66DC8B 
 1899      D9
 1900 23e5 CDE1B79B 		.ascii	"\315\341\267\233\017\357\341\034\350\260\307\034\234"
 1900      0FEFE11C 
 1900      E8B0C71C 
 1900      9C
 1901 23f2 9AFB72C0 		.ascii	"\232\373r\300\327\213\314\2023\234,\267\022\371L.\357"
 1901      D78BCC82 
 1901      339C2CB7 
 1901      12F94C2E 
 1901      EF
 1902 2403 A4B50EB3 		.ascii	"\244\265\016\263\272\262?P\037%\0237v\273N\207'p\274"
 1902      BAB23F50 
 1902      1F251337 
 1902      76BB4E87 
 1902      2770BC
 1903 2416 37958C3F 		.ascii	"7\225\214?1n\011\346\266\300~\241\256\027R\277\273\336"
 1903      316E09E6 
 1903      B6C07EA1 
 1903      AE1752BF 
 1903      BBDE
 1904 2428 38745C00 		.ascii	"8t\\\000\367\2321z$\314\253\371\237%2}ya\273\261\207"
 1904      F79A317A 
 1904      24CCABF9 
 1904      9F25327D 
 1904      7961BBB1 
 1905 243d 78DC4CF9 		.ascii	"x\334L\371q&\256\206>\327\321\251\031\216\340v5\335"
 1905      7126AE86 
 1905      3ED7D1A9 
 1905      198EE076 
 1905      35DD
 1906 244f 3F358193 		.ascii	"?5\201\223\015o\253\262F\325s\034E\\0Y\000\260K\323"
 1906      0D6FABB2 
 1906      46D5731C 
 1906      455C3059 
 1906      00B04BD3 
ARM GAS  C:\Users\PUBLIC~1.LAP\AppData\Local\Temp\cc5KItyk.s 			page 152


 1907 2463 13F56FC3 		.ascii	"\023\365o\303\"\206\231\377|\225\2671\2162\304S\200"
 1907      228699FF 
 1907      7C95B731 
 1907      8E32C453 
 1907      80
 1908 2474 BD6501CA 		.ascii	"\275e\001\312\231\261\027\031=\003\277\314\250c\370"
 1908      99B11719 
 1908      3D03BFCC 
 1908      A863F8
 1909 2483 F409E457 		.ascii	"\364\011\344W\327\376\202\011+\017[\354|\001\231\255"
 1909      D7FE8209 
 1909      2B0F5BEC 
 1909      7C0199AD 
 1910 2493 F6FFB3B7 		.ascii	"\366\377\263\267\003\264\033\261yA\310A\303\367\247"
 1910      03B41BB1 
 1910      7941C841 
 1910      C3F7A7
 1911 24a2 B602E615 		.ascii	"\266\002\346\025\240q\030Wf^\016\233\355\177Y?<\252"
 1911      A0711857 
 1911      665E0E9B 
 1911      ED7F593F 
 1911      3CAA
 1912 24b4 9C556A6E 		.ascii	"\234Ujn\236\234\250\241\321\343gx?6\011\317\325M\215"
 1912      9E9CA8A1 
 1912      D1E36778 
 1912      3F3609CF 
 1912      D54D8D
 1913 24c7 F828E863 		.ascii	"\370(\350c\273\270\327\366\235\350\245\367\251\035\323"
 1913      BBB8D7F6 
 1913      9DE8A5F7 
 1913      A91DD3
 1914 24d6 133A76C6 		.ascii	"\023:v\306\261J\036l\366\204\264\343\032h\357\323\365"
 1914      B14A1E6C 
 1914      F684B4E3 
 1914      1A68EFD3 
 1914      F5
 1915 24e7 4D213FE9 		.ascii	"M!?\351\357\346F\024_5\265,y\353\3773I+.e\343\2337P"
 1915      EFE64614 
 1915      5F35B52C 
 1915      79EBFF33 
 1915      492B2E65 
 1916 24ff 8EC0AE45 		.ascii	"\216\300\256E|\363\207\257\025\307\217?Q\320\360\022"
 1916      7CF387AF 
 1916      15C78F3F 
 1916      51D0F012 
 1917 250f 5E9803C6 		.ascii	"^\230\003\306\036h\033\205\370\300\375\0051A\343\335"
 1917      1E681B85 
 1917      F8C0FD05 
 1917      3141E3DD 
 1918 251f 55C01BF1 		.ascii	"U\300\033\361\307]\254p?\244\376\276\020\315\360\034"
 1918      C75DAC70 
 1918      3FA4FEBE 
 1918      10CDF01C 
 1919 252f A12764B9 		.ascii	"\241'd\271\002w\323\324\267\373!Lu\005"
 1919      0277D3D4 
 1919      B7FB214C 
 1919      7505
ARM GAS  C:\Users\PUBLIC~1.LAP\AppData\Local\Temp\cc5KItyk.s 			page 153


 1920              		.text
 1921              		.section	.gnu.lto_.symtab.83ad7a2e,"e",%progbits
 1922 0000 56656374 		.ascii	"Vector114\000"
 1922      6F723131 
 1922      3400
 1923 000a 00       		.ascii	"\000"
 1924 000b 00       		.ascii	"\000"
 1925 000c 00       		.ascii	"\000"
 1926 000d 00000000 		.ascii	"\000\000\000\000\000\000\000\000"
 1926      00000000 
 1927 0015 45020000 		.ascii	"E\002\000\000"
 1928 0019 55534244 		.ascii	"USBD1\000"
 1928      3100
 1929 001f 00       		.ascii	"\000"
 1930 0020 00       		.ascii	"\000"
 1931 0021 00       		.ascii	"\000"
 1932 0022 00000000 		.ascii	"\000\000\000\000\000\000\000\000"
 1932      00000000 
 1933 002a 0A020000 		.ascii	"\012\002\000\000"
 1934 002e 7573625F 		.ascii	"usb_lld_init\000"
 1934      6C6C645F 
 1934      696E6974 
 1934      00
 1935 003b 00       		.ascii	"\000"
 1936 003c 00       		.ascii	"\000"
 1937 003d 00       		.ascii	"\000"
 1938 003e 00000000 		.ascii	"\000\000\000\000\000\000\000\000"
 1938      00000000 
 1939 0046 47020000 		.ascii	"G\002\000\000"
 1940 004a 7573625F 		.ascii	"usb_lld_start\000"
 1940      6C6C645F 
 1940      73746172 
 1940      7400
 1941 0058 00       		.ascii	"\000"
 1942 0059 00       		.ascii	"\000"
 1943 005a 00       		.ascii	"\000"
 1944 005b 00000000 		.ascii	"\000\000\000\000\000\000\000\000"
 1944      00000000 
 1945 0063 25020000 		.ascii	"%\002\000\000"
 1946 0067 7573625F 		.ascii	"usb_lld_stop\000"
 1946      6C6C645F 
 1946      73746F70 
 1946      00
 1947 0074 00       		.ascii	"\000"
 1948 0075 00       		.ascii	"\000"
 1949 0076 00       		.ascii	"\000"
 1950 0077 00000000 		.ascii	"\000\000\000\000\000\000\000\000"
 1950      00000000 
 1951 007f 2A020000 		.ascii	"*\002\000\000"
 1952 0083 7573625F 		.ascii	"usb_lld_reset\000"
 1952      6C6C645F 
 1952      72657365 
 1952      7400
 1953 0091 00       		.ascii	"\000"
 1954 0092 00       		.ascii	"\000"
 1955 0093 00       		.ascii	"\000"
 1956 0094 00000000 		.ascii	"\000\000\000\000\000\000\000\000"
ARM GAS  C:\Users\PUBLIC~1.LAP\AppData\Local\Temp\cc5KItyk.s 			page 154


 1956      00000000 
 1957 009c 49020000 		.ascii	"I\002\000\000"
 1958 00a0 7573625F 		.ascii	"usb_lld_set_address\000"
 1958      6C6C645F 
 1958      7365745F 
 1958      61646472 
 1958      65737300 
 1959 00b4 00       		.ascii	"\000"
 1960 00b5 00       		.ascii	"\000"
 1961 00b6 00       		.ascii	"\000"
 1962 00b7 00000000 		.ascii	"\000\000\000\000\000\000\000\000"
 1962      00000000 
 1963 00bf 4D020000 		.ascii	"M\002\000\000"
 1964 00c3 7573625F 		.ascii	"usb_lld_init_endpoint\000"
 1964      6C6C645F 
 1964      696E6974 
 1964      5F656E64 
 1964      706F696E 
 1965 00d9 00       		.ascii	"\000"
 1966 00da 00       		.ascii	"\000"
 1967 00db 00       		.ascii	"\000"
 1968 00dc 00000000 		.ascii	"\000\000\000\000\000\000\000\000"
 1968      00000000 
 1969 00e4 2F020000 		.ascii	"/\002\000\000"
 1970 00e8 7573625F 		.ascii	"usb_lld_disable_endpoints\000"
 1970      6C6C645F 
 1970      64697361 
 1970      626C655F 
 1970      656E6470 
 1971 0102 00       		.ascii	"\000"
 1972 0103 00       		.ascii	"\000"
 1973 0104 00       		.ascii	"\000"
 1974 0105 00000000 		.ascii	"\000\000\000\000\000\000\000\000"
 1974      00000000 
 1975 010d 4F020000 		.ascii	"O\002\000\000"
 1976 0111 7573625F 		.ascii	"usb_lld_get_status_out\000"
 1976      6C6C645F 
 1976      6765745F 
 1976      73746174 
 1976      75735F6F 
 1977 0128 00       		.ascii	"\000"
 1978 0129 00       		.ascii	"\000"
 1979 012a 00       		.ascii	"\000"
 1980 012b 00000000 		.ascii	"\000\000\000\000\000\000\000\000"
 1980      00000000 
 1981 0133 39020000 		.ascii	"9\002\000\000"
 1982 0137 7573625F 		.ascii	"usb_lld_get_status_in\000"
 1982      6C6C645F 
 1982      6765745F 
 1982      73746174 
 1982      75735F69 
 1983 014d 00       		.ascii	"\000"
 1984 014e 00       		.ascii	"\000"
 1985 014f 00       		.ascii	"\000"
 1986 0150 00000000 		.ascii	"\000\000\000\000\000\000\000\000"
 1986      00000000 
 1987 0158 3F020000 		.ascii	"?\002\000\000"
ARM GAS  C:\Users\PUBLIC~1.LAP\AppData\Local\Temp\cc5KItyk.s 			page 155


 1988 015c 7573625F 		.ascii	"usb_lld_read_setup\000"
 1988      6C6C645F 
 1988      72656164 
 1988      5F736574 
 1988      757000
 1989 016f 00       		.ascii	"\000"
 1990 0170 00       		.ascii	"\000"
 1991 0171 00       		.ascii	"\000"
 1992 0172 00000000 		.ascii	"\000\000\000\000\000\000\000\000"
 1992      00000000 
 1993 017a 55020000 		.ascii	"U\002\000\000"
 1994 017e 7573625F 		.ascii	"usb_lld_start_out\000"
 1994      6C6C645F 
 1994      73746172 
 1994      745F6F75 
 1994      7400
 1995 0190 00       		.ascii	"\000"
 1996 0191 00       		.ascii	"\000"
 1997 0192 00       		.ascii	"\000"
 1998 0193 00000000 		.ascii	"\000\000\000\000\000\000\000\000"
 1998      00000000 
 1999 019b 57020000 		.ascii	"W\002\000\000"
 2000 019f 7573625F 		.ascii	"usb_lld_start_in\000"
 2000      6C6C645F 
 2000      73746172 
 2000      745F696E 
 2000      00
 2001 01b0 00       		.ascii	"\000"
 2002 01b1 00       		.ascii	"\000"
 2003 01b2 00       		.ascii	"\000"
 2004 01b3 00000000 		.ascii	"\000\000\000\000\000\000\000\000"
 2004      00000000 
 2005 01bb 59020000 		.ascii	"Y\002\000\000"
 2006 01bf 7573625F 		.ascii	"usb_lld_stall_out\000"
 2006      6C6C645F 
 2006      7374616C 
 2006      6C5F6F75 
 2006      7400
 2007 01d1 00       		.ascii	"\000"
 2008 01d2 00       		.ascii	"\000"
 2009 01d3 00       		.ascii	"\000"
 2010 01d4 00000000 		.ascii	"\000\000\000\000\000\000\000\000"
 2010      00000000 
 2011 01dc 5B020000 		.ascii	"[\002\000\000"
 2012 01e0 7573625F 		.ascii	"usb_lld_stall_in\000"
 2012      6C6C645F 
 2012      7374616C 
 2012      6C5F696E 
 2012      00
 2013 01f1 00       		.ascii	"\000"
 2014 01f2 00       		.ascii	"\000"
 2015 01f3 00       		.ascii	"\000"
 2016 01f4 00000000 		.ascii	"\000\000\000\000\000\000\000\000"
 2016      00000000 
 2017 01fc 5D020000 		.ascii	"]\002\000\000"
 2018 0200 7573625F 		.ascii	"usb_lld_clear_out\000"
 2018      6C6C645F 
ARM GAS  C:\Users\PUBLIC~1.LAP\AppData\Local\Temp\cc5KItyk.s 			page 156


 2018      636C6561 
 2018      725F6F75 
 2018      7400
 2019 0212 00       		.ascii	"\000"
 2020 0213 00       		.ascii	"\000"
 2021 0214 00       		.ascii	"\000"
 2022 0215 00000000 		.ascii	"\000\000\000\000\000\000\000\000"
 2022      00000000 
 2023 021d 5F020000 		.ascii	"_\002\000\000"
 2024 0221 7573625F 		.ascii	"usb_lld_clear_in\000"
 2024      6C6C645F 
 2024      636C6561 
 2024      725F696E 
 2024      00
 2025 0232 00       		.ascii	"\000"
 2026 0233 00       		.ascii	"\000"
 2027 0234 00       		.ascii	"\000"
 2028 0235 00000000 		.ascii	"\000\000\000\000\000\000\000\000"
 2028      00000000 
 2029 023d 61020000 		.ascii	"a\002\000\000"
 2030 0241 5F757362 		.ascii	"_usb_ep0setup\000"
 2030      5F657030 
 2030      73657475 
 2030      7000
 2031 024f 00       		.ascii	"\000"
 2032 0250 02       		.ascii	"\002"
 2033 0251 00       		.ascii	"\000"
 2034 0252 00000000 		.ascii	"\000\000\000\000\000\000\000\000"
 2034      00000000 
 2035 025a 63020000 		.ascii	"c\002\000\000"
 2036 025e 5F757362 		.ascii	"_usb_ep0in\000"
 2036      5F657030 
 2036      696E00
 2037 0269 00       		.ascii	"\000"
 2038 026a 02       		.ascii	"\002"
 2039 026b 00       		.ascii	"\000"
 2040 026c 00000000 		.ascii	"\000\000\000\000\000\000\000\000"
 2040      00000000 
 2041 0274 65020000 		.ascii	"e\002\000\000"
 2042 0278 5F757362 		.ascii	"_usb_ep0out\000"
 2042      5F657030 
 2042      6F757400 
 2043 0284 00       		.ascii	"\000"
 2044 0285 02       		.ascii	"\002"
 2045 0286 00       		.ascii	"\000"
 2046 0287 00000000 		.ascii	"\000\000\000\000\000\000\000\000"
 2046      00000000 
 2047 028f 67020000 		.ascii	"g\002\000\000"
 2048 0293 6E766963 		.ascii	"nvicEnableVector\000"
 2048      456E6162 
 2048      6C655665 
 2048      63746F72 
 2048      00
 2049 02a4 00       		.ascii	"\000"
 2050 02a5 02       		.ascii	"\002"
 2051 02a6 00       		.ascii	"\000"
 2052 02a7 00000000 		.ascii	"\000\000\000\000\000\000\000\000"
ARM GAS  C:\Users\PUBLIC~1.LAP\AppData\Local\Temp\cc5KItyk.s 			page 157


 2052      00000000 
 2053 02af 73020000 		.ascii	"s\002\000\000"
 2054 02b3 6E766963 		.ascii	"nvicDisableVector\000"
 2054      44697361 
 2054      626C6556 
 2054      6563746F 
 2054      7200
 2055 02c5 00       		.ascii	"\000"
 2056 02c6 02       		.ascii	"\002"
 2057 02c7 00       		.ascii	"\000"
 2058 02c8 00000000 		.ascii	"\000\000\000\000\000\000\000\000"
 2058      00000000 
 2059 02d0 77020000 		.ascii	"w\002\000\000"
 2060 02d4 5F5F706F 		.ascii	"__port_irq_epilogue\000"
 2060      72745F69 
 2060      72715F65 
 2060      70696C6F 
 2060      67756500 
 2061 02e8 00       		.ascii	"\000"
 2062 02e9 02       		.ascii	"\002"
 2063 02ea 00       		.ascii	"\000"
 2064 02eb 00000000 		.ascii	"\000\000\000\000\000\000\000\000"
 2064      00000000 
 2065 02f3 79020000 		.ascii	"y\002\000\000"
 2066 02f7 63685468 		.ascii	"chThdResumeI\000"
 2066      64526573 
 2066      756D6549 
 2066      00
 2067 0304 00       		.ascii	"\000"
 2068 0305 02       		.ascii	"\002"
 2069 0306 00       		.ascii	"\000"
 2070 0307 00000000 		.ascii	"\000\000\000\000\000\000\000\000"
 2070      00000000 
 2071 030f 83020000 		.ascii	"\203\002\000\000"
 2072 0313 5F757362 		.ascii	"_usb_wakeup\000"
 2072      5F77616B 
 2072      65757000 
 2073 031f 00       		.ascii	"\000"
 2074 0320 02       		.ascii	"\002"
 2075 0321 00       		.ascii	"\000"
 2076 0322 00000000 		.ascii	"\000\000\000\000\000\000\000\000"
 2076      00000000 
 2077 032a 85020000 		.ascii	"\205\002\000\000"
 2078 032e 5F757362 		.ascii	"_usb_reset\000"
 2078      5F726573 
 2078      657400
 2079 0339 00       		.ascii	"\000"
 2080 033a 02       		.ascii	"\002"
 2081 033b 00       		.ascii	"\000"
 2082 033c 00000000 		.ascii	"\000\000\000\000\000\000\000\000"
 2082      00000000 
 2083 0344 87020000 		.ascii	"\207\002\000\000"
 2084 0348 5F757362 		.ascii	"_usb_suspend\000"
 2084      5F737573 
 2084      70656E64 
 2084      00
 2085 0355 00       		.ascii	"\000"
ARM GAS  C:\Users\PUBLIC~1.LAP\AppData\Local\Temp\cc5KItyk.s 			page 158


 2086 0356 02       		.ascii	"\002"
 2087 0357 00       		.ascii	"\000"
 2088 0358 00000000 		.ascii	"\000\000\000\000\000\000\000\000"
 2088      00000000 
 2089 0360 89020000 		.ascii	"\211\002\000\000"
 2090 0364 7573624F 		.ascii	"usbObjectInit\000"
 2090      626A6563 
 2090      74496E69 
 2090      7400
 2091 0372 00       		.ascii	"\000"
 2092 0373 02       		.ascii	"\002"
 2093 0374 00       		.ascii	"\000"
 2094 0375 00000000 		.ascii	"\000\000\000\000\000\000\000\000"
 2094      00000000 
 2095 037d 8B020000 		.ascii	"\213\002\000\000"
 2096              		.text
 2097              		.section	.gnu.lto_.ext_symtab.83ad7a2e,"e",%progbits
 2098 0000 01       		.ascii	"\001"
 2099 0001 01       		.ascii	"\001"
 2100 0002 00       		.ascii	"\000"
 2101 0003 02       		.ascii	"\002"
 2102 0004 01       		.ascii	"\001"
 2103 0005 01       		.ascii	"\001"
 2104 0006 00       		.ascii	"\000"
 2105 0007 01       		.ascii	"\001"
 2106 0008 00       		.ascii	"\000"
 2107 0009 01       		.ascii	"\001"
 2108 000a 00       		.ascii	"\000"
 2109 000b 01       		.ascii	"\001"
 2110 000c 00       		.ascii	"\000"
 2111 000d 01       		.ascii	"\001"
 2112 000e 00       		.ascii	"\000"
 2113 000f 01       		.ascii	"\001"
 2114 0010 00       		.ascii	"\000"
 2115 0011 01       		.ascii	"\001"
 2116 0012 00       		.ascii	"\000"
 2117 0013 01       		.ascii	"\001"
 2118 0014 00       		.ascii	"\000"
 2119 0015 01       		.ascii	"\001"
 2120 0016 00       		.ascii	"\000"
 2121 0017 01       		.ascii	"\001"
 2122 0018 00       		.ascii	"\000"
 2123 0019 01       		.ascii	"\001"
 2124 001a 00       		.ascii	"\000"
 2125 001b 01       		.ascii	"\001"
 2126 001c 00       		.ascii	"\000"
 2127 001d 01       		.ascii	"\001"
 2128 001e 00       		.ascii	"\000"
 2129 001f 01       		.ascii	"\001"
 2130 0020 00       		.ascii	"\000"
 2131 0021 01       		.ascii	"\001"
 2132 0022 00       		.ascii	"\000"
 2133 0023 01       		.ascii	"\001"
 2134 0024 00       		.ascii	"\000"
 2135 0025 01       		.ascii	"\001"
 2136 0026 00       		.ascii	"\000"
 2137 0027 01       		.ascii	"\001"
ARM GAS  C:\Users\PUBLIC~1.LAP\AppData\Local\Temp\cc5KItyk.s 			page 159


 2138 0028 00       		.ascii	"\000"
 2139 0029 01       		.ascii	"\001"
 2140 002a 00       		.ascii	"\000"
 2141 002b 01       		.ascii	"\001"
 2142 002c 00       		.ascii	"\000"
 2143 002d 01       		.ascii	"\001"
 2144 002e 00       		.ascii	"\000"
 2145 002f 01       		.ascii	"\001"
 2146 0030 00       		.ascii	"\000"
 2147 0031 01       		.ascii	"\001"
 2148 0032 00       		.ascii	"\000"
 2149 0033 01       		.ascii	"\001"
 2150 0034 00       		.ascii	"\000"
 2151 0035 01       		.ascii	"\001"
 2152 0036 00       		.ascii	"\000"
 2153 0037 01       		.ascii	"\001"
 2154 0038 00       		.ascii	"\000"
 2155 0039 01       		.ascii	"\001"
 2156 003a 00       		.ascii	"\000"
 2157              		.text
 2158              		.section	.gnu.lto_.opts,"e",%progbits
 2159 0000 272D666E 		.ascii	"'-fno-openmp' '-fno-openacc' '-fno-pie' '-fcf-prote"
 2159      6F2D6F70 
 2159      656E6D70 
 2159      2720272D 
 2159      666E6F2D 
 2160 0033 6374696F 		.ascii	"ction=none' '-mcpu=cortex-m3' '-mthumb' '-mfloat-ab"
 2160      6E3D6E6F 
 2160      6E652720 
 2160      272D6D63 
 2160      70753D63 
 2161 0066 693D736F 		.ascii	"i=soft' '-mlibarch=armv7-m' '-march=armv7-m' '-Os' "
 2161      66742720 
 2161      272D6D6C 
 2161      69626172 
 2161      63683D61 
 2162 0099 272D666F 		.ascii	"'-fomit-frame-pointer' '-falign-functions=16' '-ffu"
 2162      6D69742D 
 2162      6672616D 
 2162      652D706F 
 2162      696E7465 
 2163 00cc 6E637469 		.ascii	"nction-sections' '-fdata-sections' '-fno-common' '-"
 2163      6F6E2D73 
 2163      65637469 
 2163      6F6E7327 
 2163      20272D66 
 2164 00ff 666C746F 		.ascii	"flto' '-Xassembler' '-alms=./build/lst/hal_usb_lld."
 2164      2720272D 
 2164      58617373 
 2164      656D626C 
 2164      65722720 
 2165 0132 6C737427 		.ascii	"lst'\000"
 2165      00
 2166              		.text
 2167              		.comm	__gnu_lto_slim,1,1
 2168              		.ident	"GCC: (GNU) 12.2.0"
ARM GAS  C:\Users\PUBLIC~1.LAP\AppData\Local\Temp\cc5KItyk.s 			page 160


DEFINED SYMBOLS
                            *ABS*:00000000 hal_usb_lld.c
                            *COM*:00000001 __gnu_lto_slim

NO UNDEFINED SYMBOLS
