ARM GAS  C:\Users\PUBLIC~1.LAP\AppData\Local\Temp\ccG3WIcm.s 			page 1


   1              		.cpu cortex-m0
   2              		.arch armv6s-m
   3              		.fpu softvfp
   4              		.eabi_attribute 20, 1
   5              		.eabi_attribute 21, 1
   6              		.eabi_attribute 23, 3
   7              		.eabi_attribute 24, 1
   8              		.eabi_attribute 25, 1
   9              		.eabi_attribute 26, 1
  10              		.eabi_attribute 30, 4
  11              		.eabi_attribute 34, 0
  12              		.eabi_attribute 18, 4
  13              		.file	"ald_usb.c"
  14              		.file 1 "d:\\qmk_msys\\mingw64\\arm-none-eabi\\include\\machine\\_default_types.h"
  15              		.file 2 "D:\\00a_liuhy\\temp126\\ChibiOS-Contrib/os/common/ext/CMSIS/ES32/FS026/fs026.h"
  16              		.file 3 "d:\\qmk_msys\\mingw64\\arm-none-eabi\\include\\sys\\_stdint.h"
  17              		.file 4 "D:\\00a_liuhy\\temp126\\ChibiOS/os/common/ext/ARM/CMSIS/Core/Include/core_cm0.h"
  18              		.file 5 "D:\\00a_liuhy\\temp126\\ChibiOS-Contrib/os/common/ext/CMSIS/ES32/FS026/FS026/reg_usb.h"
  19              		.file 6 "D:\\00a_liuhy\\temp126\\ChibiOS-Contrib/os/common/ext/CMSIS/ES32/FS026/FS026/reg_rcu.h"
  20              		.file 7 "D:\\00a_liuhy\\temp126\\ChibiOS-Contrib/os/common/ext/CMSIS/ES32/FS026/ald/ald_usb.h"
  21              		.file 8 "D:\\00a_liuhy\\temp126\\ChibiOS-Contrib/os/common/ext/CMSIS/ES32/FS026/ald/ald_usb.c"
  22              		.file 9 "D:\\00a_liuhy\\temp126\\ChibiOS/os/common/ext/ARM/CMSIS/Core/Include/cmsis_gcc.h"
  23              		.section	.gnu.debuglto_.debug_info,"e",%progbits
  24              	.Ldebug_info0:
  25              		.hidden	ald_usb.c.2a80b1c4
  26              		.weak	ald_usb.c.2a80b1c4
  27              	ald_usb.c.2a80b1c4:
  28 0000 96130000 		.4byte	0x1396
  29 0004 0500     		.2byte	0x5
  30 0006 01       		.byte	0x1
  31 0007 04       		.byte	0x4
  32 0008 00000000 		.4byte	.Ldebug_abbrev0
  33 000c 20       		.uleb128 0x20
  34 000d D7050000 		.4byte	.LASF289
  35 0011 1D       		.byte	0x1d
  36 0012 E9000000 		.4byte	.LASF290
  37 0016 840A0000 		.4byte	.LASF291
  38 001a 00000000 		.4byte	.Ldebug_line0
  39 001e 07       		.uleb128 0x7
  40 001f 04       		.byte	0x4
  41 0020 07       		.byte	0x7
  42 0021 0A0A0000 		.4byte	.LASF0
  43 0025 21       		.uleb128 0x21
  44 0026 04       		.byte	0x4
  45 0027 05       		.byte	0x5
  46 0028 696E7400 		.ascii	"int\000"
  47 002c 07       		.uleb128 0x7
  48 002d 08       		.byte	0x8
  49 002e 05       		.byte	0x5
  50 002f 6D090000 		.4byte	.LASF1
  51 0033 07       		.uleb128 0x7
  52 0034 08       		.byte	0x8
  53 0035 04       		.byte	0x4
  54 0036 260B0000 		.4byte	.LASF2
  55 003a 07       		.uleb128 0x7
  56 003b 01       		.byte	0x1
  57 003c 06       		.byte	0x6
ARM GAS  C:\Users\PUBLIC~1.LAP\AppData\Local\Temp\ccG3WIcm.s 			page 2


  58 003d DB030000 		.4byte	.LASF3
  59 0041 0D       		.uleb128 0xd
  60 0042 2F020000 		.4byte	.LASF6
  61 0046 01       		.byte	0x1
  62 0047 2B       		.byte	0x2b
  63 0048 18       		.byte	0x18
  64 0049 4D000000 		.4byte	0x4d
  65 004d 07       		.uleb128 0x7
  66 004e 01       		.byte	0x1
  67 004f 08       		.byte	0x8
  68 0050 4A040000 		.4byte	.LASF4
  69 0054 07       		.uleb128 0x7
  70 0055 02       		.byte	0x2
  71 0056 05       		.byte	0x5
  72 0057 010E0000 		.4byte	.LASF5
  73 005b 0D       		.uleb128 0xd
  74 005c B1050000 		.4byte	.LASF7
  75 0060 01       		.byte	0x1
  76 0061 39       		.byte	0x39
  77 0062 19       		.byte	0x19
  78 0063 67000000 		.4byte	0x67
  79 0067 07       		.uleb128 0x7
  80 0068 02       		.byte	0x2
  81 0069 07       		.byte	0x7
  82 006a BF0F0000 		.4byte	.LASF8
  83 006e 0D       		.uleb128 0xd
  84 006f EA0F0000 		.4byte	.LASF9
  85 0073 01       		.byte	0x1
  86 0074 4D       		.byte	0x4d
  87 0075 18       		.byte	0x18
  88 0076 7A000000 		.4byte	0x7a
  89 007a 07       		.uleb128 0x7
  90 007b 04       		.byte	0x4
  91 007c 05       		.byte	0x5
  92 007d 9B020000 		.4byte	.LASF10
  93 0081 0D       		.uleb128 0xd
  94 0082 3C090000 		.4byte	.LASF11
  95 0086 01       		.byte	0x1
  96 0087 4F       		.byte	0x4f
  97 0088 19       		.byte	0x19
  98 0089 8D000000 		.4byte	0x8d
  99 008d 07       		.uleb128 0x7
 100 008e 04       		.byte	0x4
 101 008f 07       		.byte	0x7
 102 0090 5A080000 		.4byte	.LASF12
 103 0094 07       		.uleb128 0x7
 104 0095 08       		.byte	0x8
 105 0096 07       		.byte	0x7
 106 0097 D00B0000 		.4byte	.LASF13
 107 009b 07       		.uleb128 0x7
 108 009c 01       		.byte	0x1
 109 009d 08       		.byte	0x8
 110 009e 46050000 		.4byte	.LASF14
 111 00a2 22       		.uleb128 0x22
 112 00a3 D7020000 		.4byte	.LASF282
 113 00a7 05       		.byte	0x5
 114 00a8 01       		.byte	0x1
ARM GAS  C:\Users\PUBLIC~1.LAP\AppData\Local\Temp\ccG3WIcm.s 			page 3


 115 00a9 3A000000 		.4byte	0x3a
 116 00ad 02       		.byte	0x2
 117 00ae 48       		.byte	0x48
 118 00af 0E       		.byte	0xe
 119 00b0 99010000 		.4byte	0x199
 120 00b4 12       		.uleb128 0x12
 121 00b5 29080000 		.4byte	.LASF15
 122 00b9 72       		.sleb128 -14
 123 00ba 12       		.uleb128 0x12
 124 00bb 22100000 		.4byte	.LASF16
 125 00bf 73       		.sleb128 -13
 126 00c0 12       		.uleb128 0x12
 127 00c1 94090000 		.4byte	.LASF17
 128 00c5 7B       		.sleb128 -5
 129 00c6 12       		.uleb128 0x12
 130 00c7 DE0F0000 		.4byte	.LASF18
 131 00cb 7E       		.sleb128 -2
 132 00cc 12       		.uleb128 0x12
 133 00cd B1030000 		.4byte	.LASF19
 134 00d1 7F       		.sleb128 -1
 135 00d2 03       		.uleb128 0x3
 136 00d3 1F0C0000 		.4byte	.LASF20
 137 00d7 00       		.byte	0
 138 00d8 03       		.uleb128 0x3
 139 00d9 9E0C0000 		.4byte	.LASF21
 140 00dd 01       		.byte	0x1
 141 00de 03       		.uleb128 0x3
 142 00df E5100000 		.4byte	.LASF22
 143 00e3 02       		.byte	0x2
 144 00e4 03       		.uleb128 0x3
 145 00e5 6C040000 		.4byte	.LASF23
 146 00e9 03       		.byte	0x3
 147 00ea 03       		.uleb128 0x3
 148 00eb E00C0000 		.4byte	.LASF24
 149 00ef 04       		.byte	0x4
 150 00f0 03       		.uleb128 0x3
 151 00f1 EA060000 		.4byte	.LASF25
 152 00f5 05       		.byte	0x5
 153 00f6 03       		.uleb128 0x3
 154 00f7 1B000000 		.4byte	.LASF26
 155 00fb 06       		.byte	0x6
 156 00fc 03       		.uleb128 0x3
 157 00fd 20050000 		.4byte	.LASF27
 158 0101 07       		.byte	0x7
 159 0102 03       		.uleb128 0x3
 160 0103 DF000000 		.4byte	.LASF28
 161 0107 08       		.byte	0x8
 162 0108 03       		.uleb128 0x3
 163 0109 590F0000 		.4byte	.LASF29
 164 010d 09       		.byte	0x9
 165 010e 03       		.uleb128 0x3
 166 010f 8A0D0000 		.4byte	.LASF30
 167 0113 0A       		.byte	0xa
 168 0114 03       		.uleb128 0x3
 169 0115 CB030000 		.4byte	.LASF31
 170 0119 0B       		.byte	0xb
 171 011a 03       		.uleb128 0x3
ARM GAS  C:\Users\PUBLIC~1.LAP\AppData\Local\Temp\ccG3WIcm.s 			page 4


 172 011b 4F0C0000 		.4byte	.LASF32
 173 011f 0C       		.byte	0xc
 174 0120 03       		.uleb128 0x3
 175 0121 BC000000 		.4byte	.LASF33
 176 0125 0D       		.byte	0xd
 177 0126 03       		.uleb128 0x3
 178 0127 220E0000 		.4byte	.LASF34
 179 012b 0E       		.byte	0xe
 180 012c 03       		.uleb128 0x3
 181 012d 7A080000 		.4byte	.LASF35
 182 0131 0F       		.byte	0xf
 183 0132 03       		.uleb128 0x3
 184 0133 6C080000 		.4byte	.LASF36
 185 0137 10       		.byte	0x10
 186 0138 03       		.uleb128 0x3
 187 0139 70070000 		.4byte	.LASF37
 188 013d 11       		.byte	0x11
 189 013e 03       		.uleb128 0x3
 190 013f 31100000 		.4byte	.LASF38
 191 0143 12       		.byte	0x12
 192 0144 03       		.uleb128 0x3
 193 0145 86020000 		.4byte	.LASF39
 194 0149 13       		.byte	0x13
 195 014a 03       		.uleb128 0x3
 196 014b A70C0000 		.4byte	.LASF40
 197 014f 14       		.byte	0x14
 198 0150 03       		.uleb128 0x3
 199 0151 EE0B0000 		.4byte	.LASF41
 200 0155 15       		.byte	0x15
 201 0156 03       		.uleb128 0x3
 202 0157 A5060000 		.4byte	.LASF42
 203 015b 16       		.byte	0x16
 204 015c 03       		.uleb128 0x3
 205 015d E70A0000 		.4byte	.LASF43
 206 0161 17       		.byte	0x17
 207 0162 03       		.uleb128 0x3
 208 0163 B6040000 		.4byte	.LASF44
 209 0167 18       		.byte	0x18
 210 0168 03       		.uleb128 0x3
 211 0169 8A090000 		.4byte	.LASF45
 212 016d 19       		.byte	0x19
 213 016e 03       		.uleb128 0x3
 214 016f 450C0000 		.4byte	.LASF46
 215 0173 19       		.byte	0x19
 216 0174 03       		.uleb128 0x3
 217 0175 50020000 		.4byte	.LASF47
 218 0179 1A       		.byte	0x1a
 219 017a 03       		.uleb128 0x3
 220 017b BA070000 		.4byte	.LASF48
 221 017f 1B       		.byte	0x1b
 222 0180 03       		.uleb128 0x3
 223 0181 9A060000 		.4byte	.LASF49
 224 0185 1C       		.byte	0x1c
 225 0186 03       		.uleb128 0x3
 226 0187 CA000000 		.4byte	.LASF50
 227 018b 1D       		.byte	0x1d
 228 018c 03       		.uleb128 0x3
ARM GAS  C:\Users\PUBLIC~1.LAP\AppData\Local\Temp\ccG3WIcm.s 			page 5


 229 018d 2C090000 		.4byte	.LASF51
 230 0191 1E       		.byte	0x1e
 231 0192 03       		.uleb128 0x3
 232 0193 D3040000 		.4byte	.LASF52
 233 0197 1F       		.byte	0x1f
 234 0198 00       		.byte	0
 235 0199 0D       		.uleb128 0xd
 236 019a 8F080000 		.4byte	.LASF53
 237 019e 02       		.byte	0x2
 238 019f 76       		.byte	0x76
 239 01a0 03       		.byte	0x3
 240 01a1 A2000000 		.4byte	0xa2
 241 01a5 0D       		.uleb128 0xd
 242 01a6 E7030000 		.4byte	.LASF54
 243 01aa 03       		.byte	0x3
 244 01ab 18       		.byte	0x18
 245 01ac 13       		.byte	0x13
 246 01ad 41000000 		.4byte	0x41
 247 01b1 08       		.uleb128 0x8
 248 01b2 A5010000 		.4byte	0x1a5
 249 01b6 0D       		.uleb128 0xd
 250 01b7 FC0B0000 		.4byte	.LASF55
 251 01bb 03       		.byte	0x3
 252 01bc 24       		.byte	0x24
 253 01bd 14       		.byte	0x14
 254 01be 5B000000 		.4byte	0x5b
 255 01c2 0D       		.uleb128 0xd
 256 01c3 AC000000 		.4byte	.LASF56
 257 01c7 03       		.byte	0x3
 258 01c8 2C       		.byte	0x2c
 259 01c9 13       		.byte	0x13
 260 01ca 6E000000 		.4byte	0x6e
 261 01ce 0D       		.uleb128 0xd
 262 01cf 380F0000 		.4byte	.LASF57
 263 01d3 03       		.byte	0x3
 264 01d4 30       		.byte	0x30
 265 01d5 14       		.byte	0x14
 266 01d6 81000000 		.4byte	0x81
 267 01da 08       		.uleb128 0x8
 268 01db CE010000 		.4byte	0x1ce
 269 01df 23       		.uleb128 0x23
 270 01e0 DA010000 		.4byte	0x1da
 271 01e4 24       		.uleb128 0x24
 272 01e5 2003     		.2byte	0x320
 273 01e7 04       		.byte	0x4
 274 01e8 3A01     		.2byte	0x13a
 275 01ea 09       		.byte	0x9
 276 01eb 77020000 		.4byte	0x277
 277 01ef 01       		.uleb128 0x1
 278 01f0 1D100000 		.4byte	.LASF58
 279 01f4 04       		.byte	0x4
 280 01f5 3C01     		.2byte	0x13c
 281 01f7 12       		.byte	0x12
 282 01f8 87020000 		.4byte	0x287
 283 01fc 00       		.byte	0
 284 01fd 01       		.uleb128 0x1
 285 01fe 36040000 		.4byte	.LASF59
ARM GAS  C:\Users\PUBLIC~1.LAP\AppData\Local\Temp\ccG3WIcm.s 			page 6


 286 0202 04       		.byte	0x4
 287 0203 3D01     		.2byte	0x13d
 288 0205 12       		.byte	0x12
 289 0206 8C020000 		.4byte	0x28c
 290 020a 04       		.byte	0x4
 291 020b 01       		.uleb128 0x1
 292 020c 5D0C0000 		.4byte	.LASF60
 293 0210 04       		.byte	0x4
 294 0211 3E01     		.2byte	0x13e
 295 0213 12       		.byte	0x12
 296 0214 87020000 		.4byte	0x287
 297 0218 80       		.byte	0x80
 298 0219 01       		.uleb128 0x1
 299 021a 00000000 		.4byte	.LASF61
 300 021e 04       		.byte	0x4
 301 021f 3F01     		.2byte	0x13f
 302 0221 12       		.byte	0x12
 303 0222 8C020000 		.4byte	0x28c
 304 0226 84       		.byte	0x84
 305 0227 13       		.uleb128 0x13
 306 0228 DF060000 		.4byte	.LASF62
 307 022c 4001     		.2byte	0x140
 308 022e 87020000 		.4byte	0x287
 309 0232 0001     		.2byte	0x100
 310 0234 13       		.uleb128 0x13
 311 0235 36050000 		.4byte	.LASF63
 312 0239 4101     		.2byte	0x141
 313 023b 8C020000 		.4byte	0x28c
 314 023f 0401     		.2byte	0x104
 315 0241 13       		.uleb128 0x13
 316 0242 AA010000 		.4byte	.LASF64
 317 0246 4201     		.2byte	0x142
 318 0248 87020000 		.4byte	0x287
 319 024c 8001     		.2byte	0x180
 320 024e 13       		.uleb128 0x13
 321 024f 58040000 		.4byte	.LASF65
 322 0253 4301     		.2byte	0x143
 323 0255 8C020000 		.4byte	0x28c
 324 0259 8401     		.2byte	0x184
 325 025b 13       		.uleb128 0x13
 326 025c 62040000 		.4byte	.LASF66
 327 0260 4401     		.2byte	0x144
 328 0262 9C020000 		.4byte	0x29c
 329 0266 0002     		.2byte	0x200
 330 0268 25       		.uleb128 0x25
 331 0269 495000   		.ascii	"IP\000"
 332 026c 04       		.byte	0x4
 333 026d 4501     		.2byte	0x145
 334 026f 12       		.byte	0x12
 335 0270 BC020000 		.4byte	0x2bc
 336 0274 0003     		.2byte	0x300
 337 0276 00       		.byte	0
 338 0277 09       		.uleb128 0x9
 339 0278 DA010000 		.4byte	0x1da
 340 027c 87020000 		.4byte	0x287
 341 0280 0A       		.uleb128 0xa
 342 0281 1E000000 		.4byte	0x1e
ARM GAS  C:\Users\PUBLIC~1.LAP\AppData\Local\Temp\ccG3WIcm.s 			page 7


 343 0285 00       		.byte	0
 344 0286 00       		.byte	0
 345 0287 08       		.uleb128 0x8
 346 0288 77020000 		.4byte	0x277
 347 028c 09       		.uleb128 0x9
 348 028d CE010000 		.4byte	0x1ce
 349 0291 9C020000 		.4byte	0x29c
 350 0295 0A       		.uleb128 0xa
 351 0296 1E000000 		.4byte	0x1e
 352 029a 1E       		.byte	0x1e
 353 029b 00       		.byte	0
 354 029c 09       		.uleb128 0x9
 355 029d CE010000 		.4byte	0x1ce
 356 02a1 AC020000 		.4byte	0x2ac
 357 02a5 0A       		.uleb128 0xa
 358 02a6 1E000000 		.4byte	0x1e
 359 02aa 3F       		.byte	0x3f
 360 02ab 00       		.byte	0
 361 02ac 09       		.uleb128 0x9
 362 02ad DA010000 		.4byte	0x1da
 363 02b1 BC020000 		.4byte	0x2bc
 364 02b5 0A       		.uleb128 0xa
 365 02b6 1E000000 		.4byte	0x1e
 366 02ba 07       		.byte	0x7
 367 02bb 00       		.byte	0
 368 02bc 08       		.uleb128 0x8
 369 02bd AC020000 		.4byte	0x2ac
 370 02c1 0F       		.uleb128 0xf
 371 02c2 920B0000 		.4byte	.LASF67
 372 02c6 04       		.byte	0x4
 373 02c7 4601     		.2byte	0x146
 374 02c9 04       		.byte	0x4
 375 02ca E4010000 		.4byte	0x1e4
 376 02ce 17       		.uleb128 0x17
 377 02cf 28       		.byte	0x28
 378 02d0 04       		.byte	0x4
 379 02d1 5501     		.2byte	0x155
 380 02d3 56030000 		.4byte	0x356
 381 02d7 01       		.uleb128 0x1
 382 02d8 B5020000 		.4byte	.LASF68
 383 02dc 04       		.byte	0x4
 384 02dd 5701     		.2byte	0x157
 385 02df 12       		.byte	0x12
 386 02e0 DF010000 		.4byte	0x1df
 387 02e4 00       		.byte	0
 388 02e5 01       		.uleb128 0x1
 389 02e6 C6030000 		.4byte	.LASF69
 390 02ea 04       		.byte	0x4
 391 02eb 5801     		.2byte	0x158
 392 02ed 12       		.byte	0x12
 393 02ee DA010000 		.4byte	0x1da
 394 02f2 04       		.byte	0x4
 395 02f3 01       		.uleb128 0x1
 396 02f4 36040000 		.4byte	.LASF59
 397 02f8 04       		.byte	0x4
 398 02f9 5901     		.2byte	0x159
 399 02fb 12       		.byte	0x12
ARM GAS  C:\Users\PUBLIC~1.LAP\AppData\Local\Temp\ccG3WIcm.s 			page 8


 400 02fc CE010000 		.4byte	0x1ce
 401 0300 08       		.byte	0x8
 402 0301 01       		.uleb128 0x1
 403 0302 6B020000 		.4byte	.LASF70
 404 0306 04       		.byte	0x4
 405 0307 5A01     		.2byte	0x15a
 406 0309 12       		.byte	0x12
 407 030a DA010000 		.4byte	0x1da
 408 030e 0C       		.byte	0xc
 409 030f 05       		.uleb128 0x5
 410 0310 53435200 		.ascii	"SCR\000"
 411 0314 04       		.byte	0x4
 412 0315 5B01     		.2byte	0x15b
 413 0317 12       		.byte	0x12
 414 0318 DA010000 		.4byte	0x1da
 415 031c 10       		.byte	0x10
 416 031d 05       		.uleb128 0x5
 417 031e 43435200 		.ascii	"CCR\000"
 418 0322 04       		.byte	0x4
 419 0323 5C01     		.2byte	0x15c
 420 0325 12       		.byte	0x12
 421 0326 DA010000 		.4byte	0x1da
 422 032a 14       		.byte	0x14
 423 032b 01       		.uleb128 0x1
 424 032c 40040000 		.4byte	.LASF71
 425 0330 04       		.byte	0x4
 426 0331 5D01     		.2byte	0x15d
 427 0333 12       		.byte	0x12
 428 0334 CE010000 		.4byte	0x1ce
 429 0338 18       		.byte	0x18
 430 0339 05       		.uleb128 0x5
 431 033a 53485000 		.ascii	"SHP\000"
 432 033e 04       		.byte	0x4
 433 033f 5E01     		.2byte	0x15e
 434 0341 12       		.byte	0x12
 435 0342 66030000 		.4byte	0x366
 436 0346 1C       		.byte	0x1c
 437 0347 01       		.uleb128 0x1
 438 0348 3B070000 		.4byte	.LASF72
 439 034c 04       		.byte	0x4
 440 034d 5F01     		.2byte	0x15f
 441 034f 12       		.byte	0x12
 442 0350 DA010000 		.4byte	0x1da
 443 0354 24       		.byte	0x24
 444 0355 00       		.byte	0
 445 0356 09       		.uleb128 0x9
 446 0357 DA010000 		.4byte	0x1da
 447 035b 66030000 		.4byte	0x366
 448 035f 0A       		.uleb128 0xa
 449 0360 1E000000 		.4byte	0x1e
 450 0364 01       		.byte	0x1
 451 0365 00       		.byte	0
 452 0366 08       		.uleb128 0x8
 453 0367 56030000 		.4byte	0x356
 454 036b 0F       		.uleb128 0xf
 455 036c 51050000 		.4byte	.LASF73
 456 0370 04       		.byte	0x4
ARM GAS  C:\Users\PUBLIC~1.LAP\AppData\Local\Temp\ccG3WIcm.s 			page 9


 457 0371 6001     		.2byte	0x160
 458 0373 03       		.byte	0x3
 459 0374 CE020000 		.4byte	0x2ce
 460 0378 09       		.uleb128 0x9
 461 0379 DA010000 		.4byte	0x1da
 462 037d 88030000 		.4byte	0x388
 463 0381 0A       		.uleb128 0xa
 464 0382 1E000000 		.4byte	0x1e
 465 0386 02       		.byte	0x2
 466 0387 00       		.byte	0
 467 0388 08       		.uleb128 0x8
 468 0389 78030000 		.4byte	0x378
 469 038d 17       		.uleb128 0x17
 470 038e B8       		.byte	0xb8
 471 038f 05       		.byte	0x5
 472 0390 6F04     		.2byte	0x46f
 473 0392 79070000 		.4byte	0x779
 474 0396 01       		.uleb128 0x1
 475 0397 A0090000 		.4byte	.LASF74
 476 039b 05       		.byte	0x5
 477 039c 7104     		.2byte	0x471
 478 039e 14       		.byte	0x14
 479 039f B1010000 		.4byte	0x1b1
 480 03a3 00       		.byte	0
 481 03a4 01       		.uleb128 0x1
 482 03a5 AC0F0000 		.4byte	.LASF75
 483 03a9 05       		.byte	0x5
 484 03aa 7204     		.2byte	0x472
 485 03ac 14       		.byte	0x14
 486 03ad B1010000 		.4byte	0x1b1
 487 03b1 01       		.byte	0x1
 488 03b2 01       		.uleb128 0x1
 489 03b3 BC050000 		.4byte	.LASF76
 490 03b7 05       		.byte	0x5
 491 03b8 7304     		.2byte	0x473
 492 03ba 14       		.byte	0x14
 493 03bb B1010000 		.4byte	0x1b1
 494 03bf 02       		.byte	0x2
 495 03c0 01       		.uleb128 0x1
 496 03c1 6B0A0000 		.4byte	.LASF77
 497 03c5 05       		.byte	0x5
 498 03c6 7404     		.2byte	0x474
 499 03c8 14       		.byte	0x14
 500 03c9 B1010000 		.4byte	0x1b1
 501 03cd 03       		.byte	0x3
 502 03ce 01       		.uleb128 0x1
 503 03cf 5A050000 		.4byte	.LASF78
 504 03d3 05       		.byte	0x5
 505 03d4 7504     		.2byte	0x475
 506 03d6 14       		.byte	0x14
 507 03d7 B1010000 		.4byte	0x1b1
 508 03db 04       		.byte	0x4
 509 03dc 01       		.uleb128 0x1
 510 03dd 0C0B0000 		.4byte	.LASF79
 511 03e1 05       		.byte	0x5
 512 03e2 7604     		.2byte	0x476
 513 03e4 14       		.byte	0x14
ARM GAS  C:\Users\PUBLIC~1.LAP\AppData\Local\Temp\ccG3WIcm.s 			page 10


 514 03e5 B1010000 		.4byte	0x1b1
 515 03e9 05       		.byte	0x5
 516 03ea 01       		.uleb128 0x1
 517 03eb 54010000 		.4byte	.LASF80
 518 03ef 05       		.byte	0x5
 519 03f0 7704     		.2byte	0x477
 520 03f2 14       		.byte	0x14
 521 03f3 89070000 		.4byte	0x789
 522 03f7 06       		.byte	0x6
 523 03f8 01       		.uleb128 0x1
 524 03f9 0B0E0000 		.4byte	.LASF81
 525 03fd 05       		.byte	0x5
 526 03fe 7804     		.2byte	0x478
 527 0400 14       		.byte	0x14
 528 0401 B1010000 		.4byte	0x1b1
 529 0405 0C       		.byte	0xc
 530 0406 01       		.uleb128 0x1
 531 0407 120E0000 		.4byte	.LASF82
 532 040b 05       		.byte	0x5
 533 040c 7904     		.2byte	0x479
 534 040e 14       		.byte	0x14
 535 040f B1010000 		.4byte	0x1b1
 536 0413 0D       		.byte	0xd
 537 0414 01       		.uleb128 0x1
 538 0415 810B0000 		.4byte	.LASF83
 539 0419 05       		.byte	0x5
 540 041a 7A04     		.2byte	0x47a
 541 041c 14       		.byte	0x14
 542 041d B1010000 		.4byte	0x1b1
 543 0421 0E       		.byte	0xe
 544 0422 01       		.uleb128 0x1
 545 0423 EF030000 		.4byte	.LASF84
 546 0427 05       		.byte	0x5
 547 0428 7B04     		.2byte	0x47b
 548 042a 14       		.byte	0x14
 549 042b B1010000 		.4byte	0x1b1
 550 042f 0F       		.byte	0xf
 551 0430 01       		.uleb128 0x1
 552 0431 8D010000 		.4byte	.LASF85
 553 0435 05       		.byte	0x5
 554 0436 7C04     		.2byte	0x47c
 555 0438 14       		.byte	0x14
 556 0439 B1010000 		.4byte	0x1b1
 557 043d 10       		.byte	0x10
 558 043e 01       		.uleb128 0x1
 559 043f D2060000 		.4byte	.LASF86
 560 0443 05       		.byte	0x5
 561 0444 7D04     		.2byte	0x47d
 562 0446 14       		.byte	0x14
 563 0447 B1010000 		.4byte	0x1b1
 564 044b 11       		.byte	0x11
 565 044c 01       		.uleb128 0x1
 566 044d 99080000 		.4byte	.LASF87
 567 0451 05       		.byte	0x5
 568 0452 7E04     		.2byte	0x47e
 569 0454 14       		.byte	0x14
 570 0455 B1010000 		.4byte	0x1b1
ARM GAS  C:\Users\PUBLIC~1.LAP\AppData\Local\Temp\ccG3WIcm.s 			page 11


 571 0459 12       		.byte	0x12
 572 045a 01       		.uleb128 0x1
 573 045b B70E0000 		.4byte	.LASF88
 574 045f 05       		.byte	0x5
 575 0460 7F04     		.2byte	0x47f
 576 0462 14       		.byte	0x14
 577 0463 B1010000 		.4byte	0x1b1
 578 0467 13       		.byte	0x13
 579 0468 01       		.uleb128 0x1
 580 0469 95040000 		.4byte	.LASF89
 581 046d 05       		.byte	0x5
 582 046e 8004     		.2byte	0x480
 583 0470 14       		.byte	0x14
 584 0471 B1010000 		.4byte	0x1b1
 585 0475 14       		.byte	0x14
 586 0476 01       		.uleb128 0x1
 587 0477 C20D0000 		.4byte	.LASF90
 588 047b 05       		.byte	0x5
 589 047c 8104     		.2byte	0x481
 590 047e 14       		.byte	0x14
 591 047f B1010000 		.4byte	0x1b1
 592 0483 15       		.byte	0x15
 593 0484 01       		.uleb128 0x1
 594 0485 870B0000 		.4byte	.LASF91
 595 0489 05       		.byte	0x5
 596 048a 8204     		.2byte	0x482
 597 048c 14       		.byte	0x14
 598 048d B1010000 		.4byte	0x1b1
 599 0491 16       		.byte	0x16
 600 0492 01       		.uleb128 0x1
 601 0493 C9060000 		.4byte	.LASF92
 602 0497 05       		.byte	0x5
 603 0498 8304     		.2byte	0x483
 604 049a 14       		.byte	0x14
 605 049b B1010000 		.4byte	0x1b1
 606 049f 17       		.byte	0x17
 607 04a0 01       		.uleb128 0x1
 608 04a1 81030000 		.4byte	.LASF93
 609 04a5 05       		.byte	0x5
 610 04a6 8404     		.2byte	0x484
 611 04a8 14       		.byte	0x14
 612 04a9 B1010000 		.4byte	0x1b1
 613 04ad 18       		.byte	0x18
 614 04ae 01       		.uleb128 0x1
 615 04af F40C0000 		.4byte	.LASF94
 616 04b3 05       		.byte	0x5
 617 04b4 8504     		.2byte	0x485
 618 04b6 14       		.byte	0x14
 619 04b7 B1010000 		.4byte	0x1b1
 620 04bb 19       		.byte	0x19
 621 04bc 01       		.uleb128 0x1
 622 04bd 10100000 		.4byte	.LASF95
 623 04c1 05       		.byte	0x5
 624 04c2 8604     		.2byte	0x486
 625 04c4 14       		.byte	0x14
 626 04c5 B1010000 		.4byte	0x1b1
 627 04c9 1A       		.byte	0x1a
ARM GAS  C:\Users\PUBLIC~1.LAP\AppData\Local\Temp\ccG3WIcm.s 			page 12


 628 04ca 01       		.uleb128 0x1
 629 04cb 710A0000 		.4byte	.LASF96
 630 04cf 05       		.byte	0x5
 631 04d0 8704     		.2byte	0x487
 632 04d2 14       		.byte	0x14
 633 04d3 B1010000 		.4byte	0x1b1
 634 04d7 1B       		.byte	0x1b
 635 04d8 01       		.uleb128 0x1
 636 04d9 170A0000 		.4byte	.LASF97
 637 04dd 05       		.byte	0x5
 638 04de 8804     		.2byte	0x488
 639 04e0 14       		.byte	0x14
 640 04e1 B1010000 		.4byte	0x1b1
 641 04e5 1C       		.byte	0x1c
 642 04e6 01       		.uleb128 0x1
 643 04e7 1F0A0000 		.4byte	.LASF98
 644 04eb 05       		.byte	0x5
 645 04ec 8904     		.2byte	0x489
 646 04ee 14       		.byte	0x14
 647 04ef B1010000 		.4byte	0x1b1
 648 04f3 1D       		.byte	0x1d
 649 04f4 01       		.uleb128 0x1
 650 04f5 C8080000 		.4byte	.LASF99
 651 04f9 05       		.byte	0x5
 652 04fa 8A04     		.2byte	0x48a
 653 04fc 14       		.byte	0x14
 654 04fd B1010000 		.4byte	0x1b1
 655 0501 1E       		.byte	0x1e
 656 0502 01       		.uleb128 0x1
 657 0503 D0080000 		.4byte	.LASF100
 658 0507 05       		.byte	0x5
 659 0508 8B04     		.2byte	0x48b
 660 050a 14       		.byte	0x14
 661 050b B1010000 		.4byte	0x1b1
 662 050f 1F       		.byte	0x1f
 663 0510 01       		.uleb128 0x1
 664 0511 7C0A0000 		.4byte	.LASF101
 665 0515 05       		.byte	0x5
 666 0516 8C04     		.2byte	0x48c
 667 0518 14       		.byte	0x14
 668 0519 B1010000 		.4byte	0x1b1
 669 051d 20       		.byte	0x20
 670 051e 01       		.uleb128 0x1
 671 051f 71020000 		.4byte	.LASF102
 672 0523 05       		.byte	0x5
 673 0524 8D04     		.2byte	0x48d
 674 0526 14       		.byte	0x14
 675 0527 9E070000 		.4byte	0x79e
 676 052b 21       		.byte	0x21
 677 052c 01       		.uleb128 0x1
 678 052d 610B0000 		.4byte	.LASF103
 679 0531 05       		.byte	0x5
 680 0532 8E04     		.2byte	0x48e
 681 0534 14       		.byte	0x14
 682 0535 B1010000 		.4byte	0x1b1
 683 0539 24       		.byte	0x24
 684 053a 01       		.uleb128 0x1
ARM GAS  C:\Users\PUBLIC~1.LAP\AppData\Local\Temp\ccG3WIcm.s 			page 13


 685 053b 78020000 		.4byte	.LASF104
 686 053f 05       		.byte	0x5
 687 0540 8F04     		.2byte	0x48f
 688 0542 14       		.byte	0x14
 689 0543 9E070000 		.4byte	0x79e
 690 0547 25       		.byte	0x25
 691 0548 01       		.uleb128 0x1
 692 0549 82090000 		.4byte	.LASF105
 693 054d 05       		.byte	0x5
 694 054e 9004     		.2byte	0x490
 695 0550 14       		.byte	0x14
 696 0551 B1010000 		.4byte	0x1b1
 697 0555 28       		.byte	0x28
 698 0556 01       		.uleb128 0x1
 699 0557 7F020000 		.4byte	.LASF106
 700 055b 05       		.byte	0x5
 701 055c 9104     		.2byte	0x491
 702 055e 14       		.byte	0x14
 703 055f 9E070000 		.4byte	0x79e
 704 0563 29       		.byte	0x29
 705 0564 01       		.uleb128 0x1
 706 0565 68070000 		.4byte	.LASF107
 707 0569 05       		.byte	0x5
 708 056a 9204     		.2byte	0x492
 709 056c 14       		.byte	0x14
 710 056d B1010000 		.4byte	0x1b1
 711 0571 2C       		.byte	0x2c
 712 0572 01       		.uleb128 0x1
 713 0573 94020000 		.4byte	.LASF108
 714 0577 05       		.byte	0x5
 715 0578 9304     		.2byte	0x493
 716 057a 14       		.byte	0x14
 717 057b 9E070000 		.4byte	0x79e
 718 057f 2D       		.byte	0x2d
 719 0580 01       		.uleb128 0x1
 720 0581 BE030000 		.4byte	.LASF109
 721 0585 05       		.byte	0x5
 722 0586 9404     		.2byte	0x494
 723 0588 14       		.byte	0x14
 724 0589 B1010000 		.4byte	0x1b1
 725 058d 30       		.byte	0x30
 726 058e 01       		.uleb128 0x1
 727 058f D0020000 		.4byte	.LASF110
 728 0593 05       		.byte	0x5
 729 0594 9504     		.2byte	0x495
 730 0596 14       		.byte	0x14
 731 0597 9E070000 		.4byte	0x79e
 732 059b 31       		.byte	0x31
 733 059c 01       		.uleb128 0x1
 734 059d B4000000 		.4byte	.LASF111
 735 05a1 05       		.byte	0x5
 736 05a2 9604     		.2byte	0x496
 737 05a4 14       		.byte	0x14
 738 05a5 B1010000 		.4byte	0x1b1
 739 05a9 34       		.byte	0x34
 740 05aa 01       		.uleb128 0x1
 741 05ab DC020000 		.4byte	.LASF112
ARM GAS  C:\Users\PUBLIC~1.LAP\AppData\Local\Temp\ccG3WIcm.s 			page 14


 742 05af 05       		.byte	0x5
 743 05b0 9704     		.2byte	0x497
 744 05b2 14       		.byte	0x14
 745 05b3 9E070000 		.4byte	0x79e
 746 05b7 35       		.byte	0x35
 747 05b8 01       		.uleb128 0x1
 748 05b9 2A0F0000 		.4byte	.LASF113
 749 05bd 05       		.byte	0x5
 750 05be 9804     		.2byte	0x498
 751 05c0 14       		.byte	0x14
 752 05c1 B1010000 		.4byte	0x1b1
 753 05c5 38       		.byte	0x38
 754 05c6 01       		.uleb128 0x1
 755 05c7 E3020000 		.4byte	.LASF114
 756 05cb 05       		.byte	0x5
 757 05cc 9904     		.2byte	0x499
 758 05ce 14       		.byte	0x14
 759 05cf B3070000 		.4byte	0x7b3
 760 05d3 39       		.byte	0x39
 761 05d4 01       		.uleb128 0x1
 762 05d5 61000000 		.4byte	.LASF115
 763 05d9 05       		.byte	0x5
 764 05da 9A04     		.2byte	0x49a
 765 05dc 14       		.byte	0x14
 766 05dd B1010000 		.4byte	0x1b1
 767 05e1 80       		.byte	0x80
 768 05e2 01       		.uleb128 0x1
 769 05e3 11070000 		.4byte	.LASF116
 770 05e7 05       		.byte	0x5
 771 05e8 9B04     		.2byte	0x49b
 772 05ea 14       		.byte	0x14
 773 05eb B1010000 		.4byte	0x1b1
 774 05ef 81       		.byte	0x81
 775 05f0 01       		.uleb128 0x1
 776 05f1 E4060000 		.4byte	.LASF117
 777 05f5 05       		.byte	0x5
 778 05f6 9C04     		.2byte	0x49c
 779 05f8 14       		.byte	0x14
 780 05f9 B1010000 		.4byte	0x1b1
 781 05fd 82       		.byte	0x82
 782 05fe 01       		.uleb128 0x1
 783 05ff 18070000 		.4byte	.LASF118
 784 0603 05       		.byte	0x5
 785 0604 9D04     		.2byte	0x49d
 786 0606 14       		.byte	0x14
 787 0607 B1010000 		.4byte	0x1b1
 788 060b 83       		.byte	0x83
 789 060c 01       		.uleb128 0x1
 790 060d B1100000 		.4byte	.LASF119
 791 0611 05       		.byte	0x5
 792 0612 9E04     		.2byte	0x49e
 793 0614 14       		.byte	0x14
 794 0615 B1010000 		.4byte	0x1b1
 795 0619 84       		.byte	0x84
 796 061a 01       		.uleb128 0x1
 797 061b 1F070000 		.4byte	.LASF120
 798 061f 05       		.byte	0x5
ARM GAS  C:\Users\PUBLIC~1.LAP\AppData\Local\Temp\ccG3WIcm.s 			page 15


 799 0620 9F04     		.2byte	0x49f
 800 0622 14       		.byte	0x14
 801 0623 B1010000 		.4byte	0x1b1
 802 0627 85       		.byte	0x85
 803 0628 01       		.uleb128 0x1
 804 0629 D1050000 		.4byte	.LASF121
 805 062d 05       		.byte	0x5
 806 062e A004     		.2byte	0x4a0
 807 0630 14       		.byte	0x14
 808 0631 B1010000 		.4byte	0x1b1
 809 0635 86       		.byte	0x86
 810 0636 01       		.uleb128 0x1
 811 0637 26070000 		.4byte	.LASF122
 812 063b 05       		.byte	0x5
 813 063c A104     		.2byte	0x4a1
 814 063e 14       		.byte	0x14
 815 063f B1010000 		.4byte	0x1b1
 816 0643 87       		.byte	0x87
 817 0644 01       		.uleb128 0x1
 818 0645 5B0A0000 		.4byte	.LASF123
 819 0649 05       		.byte	0x5
 820 064a A204     		.2byte	0x4a2
 821 064c 14       		.byte	0x14
 822 064d B1010000 		.4byte	0x1b1
 823 0651 88       		.byte	0x88
 824 0652 01       		.uleb128 0x1
 825 0653 2D070000 		.4byte	.LASF124
 826 0657 05       		.byte	0x5
 827 0658 A304     		.2byte	0x4a3
 828 065a 14       		.byte	0x14
 829 065b B1010000 		.4byte	0x1b1
 830 065f 89       		.byte	0x89
 831 0660 01       		.uleb128 0x1
 832 0661 320F0000 		.4byte	.LASF125
 833 0665 05       		.byte	0x5
 834 0666 A404     		.2byte	0x4a4
 835 0668 14       		.byte	0x14
 836 0669 B1010000 		.4byte	0x1b1
 837 066d 8A       		.byte	0x8a
 838 066e 01       		.uleb128 0x1
 839 066f 34070000 		.4byte	.LASF126
 840 0673 05       		.byte	0x5
 841 0674 A504     		.2byte	0x4a5
 842 0676 14       		.byte	0x14
 843 0677 B1010000 		.4byte	0x1b1
 844 067b 8B       		.byte	0x8b
 845 067c 01       		.uleb128 0x1
 846 067d 17100000 		.4byte	.LASF127
 847 0681 05       		.byte	0x5
 848 0682 A604     		.2byte	0x4a6
 849 0684 14       		.byte	0x14
 850 0685 B1010000 		.4byte	0x1b1
 851 0689 8C       		.byte	0x8c
 852 068a 01       		.uleb128 0x1
 853 068b 41070000 		.4byte	.LASF128
 854 068f 05       		.byte	0x5
 855 0690 A704     		.2byte	0x4a7
ARM GAS  C:\Users\PUBLIC~1.LAP\AppData\Local\Temp\ccG3WIcm.s 			page 16


 856 0692 14       		.byte	0x14
 857 0693 B1010000 		.4byte	0x1b1
 858 0697 8D       		.byte	0x8d
 859 0698 01       		.uleb128 0x1
 860 0699 4B050000 		.4byte	.LASF129
 861 069d 05       		.byte	0x5
 862 069e A804     		.2byte	0x4a8
 863 06a0 14       		.byte	0x14
 864 06a1 B1010000 		.4byte	0x1b1
 865 06a5 8E       		.byte	0x8e
 866 06a6 01       		.uleb128 0x1
 867 06a7 48070000 		.4byte	.LASF130
 868 06ab 05       		.byte	0x5
 869 06ac A904     		.2byte	0x4a9
 870 06ae 14       		.byte	0x14
 871 06af B1010000 		.4byte	0x1b1
 872 06b3 8F       		.byte	0x8f
 873 06b4 01       		.uleb128 0x1
 874 06b5 D9000000 		.4byte	.LASF131
 875 06b9 05       		.byte	0x5
 876 06ba AA04     		.2byte	0x4aa
 877 06bc 14       		.byte	0x14
 878 06bd B1010000 		.4byte	0x1b1
 879 06c1 90       		.byte	0x90
 880 06c2 01       		.uleb128 0x1
 881 06c3 AC070000 		.4byte	.LASF132
 882 06c7 05       		.byte	0x5
 883 06c8 AB04     		.2byte	0x4ab
 884 06ca 14       		.byte	0x14
 885 06cb B1010000 		.4byte	0x1b1
 886 06cf 91       		.byte	0x91
 887 06d0 01       		.uleb128 0x1
 888 06d1 90070000 		.4byte	.LASF133
 889 06d5 05       		.byte	0x5
 890 06d6 AC04     		.2byte	0x4ac
 891 06d8 14       		.byte	0x14
 892 06d9 B1010000 		.4byte	0x1b1
 893 06dd 92       		.byte	0x92
 894 06de 01       		.uleb128 0x1
 895 06df B3070000 		.4byte	.LASF134
 896 06e3 05       		.byte	0x5
 897 06e4 AD04     		.2byte	0x4ad
 898 06e6 14       		.byte	0x14
 899 06e7 B1010000 		.4byte	0x1b1
 900 06eb 93       		.byte	0x93
 901 06ec 01       		.uleb128 0x1
 902 06ed 0A100000 		.4byte	.LASF135
 903 06f1 05       		.byte	0x5
 904 06f2 AE04     		.2byte	0x4ae
 905 06f4 14       		.byte	0x14
 906 06f5 B1010000 		.4byte	0x1b1
 907 06f9 94       		.byte	0x94
 908 06fa 01       		.uleb128 0x1
 909 06fb C5070000 		.4byte	.LASF136
 910 06ff 05       		.byte	0x5
 911 0700 AF04     		.2byte	0x4af
 912 0702 14       		.byte	0x14
ARM GAS  C:\Users\PUBLIC~1.LAP\AppData\Local\Temp\ccG3WIcm.s 			page 17


 913 0703 B1010000 		.4byte	0x1b1
 914 0707 95       		.byte	0x95
 915 0708 01       		.uleb128 0x1
 916 0709 40050000 		.4byte	.LASF137
 917 070d 05       		.byte	0x5
 918 070e B004     		.2byte	0x4b0
 919 0710 14       		.byte	0x14
 920 0711 B1010000 		.4byte	0x1b1
 921 0715 96       		.byte	0x96
 922 0716 01       		.uleb128 0x1
 923 0717 CC070000 		.4byte	.LASF138
 924 071b 05       		.byte	0x5
 925 071c B104     		.2byte	0x4b1
 926 071e 14       		.byte	0x14
 927 071f C8070000 		.4byte	0x7c8
 928 0723 97       		.byte	0x97
 929 0724 05       		.uleb128 0x5
 930 0725 49455200 		.ascii	"IER\000"
 931 0729 05       		.byte	0x5
 932 072a B204     		.2byte	0x4b2
 933 072c 14       		.byte	0x14
 934 072d DA010000 		.4byte	0x1da
 935 0731 A0       		.byte	0xa0
 936 0732 05       		.uleb128 0x5
 937 0733 49445200 		.ascii	"IDR\000"
 938 0737 05       		.byte	0x5
 939 0738 B304     		.2byte	0x4b3
 940 073a 14       		.byte	0x14
 941 073b DA010000 		.4byte	0x1da
 942 073f A4       		.byte	0xa4
 943 0740 05       		.uleb128 0x5
 944 0741 49565300 		.ascii	"IVS\000"
 945 0745 05       		.byte	0x5
 946 0746 B404     		.2byte	0x4b4
 947 0748 14       		.byte	0x14
 948 0749 DF010000 		.4byte	0x1df
 949 074d A8       		.byte	0xa8
 950 074e 05       		.uleb128 0x5
 951 074f 52494600 		.ascii	"RIF\000"
 952 0753 05       		.byte	0x5
 953 0754 B504     		.2byte	0x4b5
 954 0756 14       		.byte	0x14
 955 0757 DF010000 		.4byte	0x1df
 956 075b AC       		.byte	0xac
 957 075c 05       		.uleb128 0x5
 958 075d 49464D00 		.ascii	"IFM\000"
 959 0761 05       		.byte	0x5
 960 0762 B604     		.2byte	0x4b6
 961 0764 14       		.byte	0x14
 962 0765 DF010000 		.4byte	0x1df
 963 0769 B0       		.byte	0xb0
 964 076a 05       		.uleb128 0x5
 965 076b 49435200 		.ascii	"ICR\000"
 966 076f 05       		.byte	0x5
 967 0770 B704     		.2byte	0x4b7
 968 0772 14       		.byte	0x14
 969 0773 DA010000 		.4byte	0x1da
ARM GAS  C:\Users\PUBLIC~1.LAP\AppData\Local\Temp\ccG3WIcm.s 			page 18


 970 0777 B4       		.byte	0xb4
 971 0778 00       		.byte	0
 972 0779 09       		.uleb128 0x9
 973 077a B1010000 		.4byte	0x1b1
 974 077e 89070000 		.4byte	0x789
 975 0782 0A       		.uleb128 0xa
 976 0783 1E000000 		.4byte	0x1e
 977 0787 05       		.byte	0x5
 978 0788 00       		.byte	0
 979 0789 08       		.uleb128 0x8
 980 078a 79070000 		.4byte	0x779
 981 078e 09       		.uleb128 0x9
 982 078f B1010000 		.4byte	0x1b1
 983 0793 9E070000 		.4byte	0x79e
 984 0797 0A       		.uleb128 0xa
 985 0798 1E000000 		.4byte	0x1e
 986 079c 02       		.byte	0x2
 987 079d 00       		.byte	0
 988 079e 08       		.uleb128 0x8
 989 079f 8E070000 		.4byte	0x78e
 990 07a3 09       		.uleb128 0x9
 991 07a4 B1010000 		.4byte	0x1b1
 992 07a8 B3070000 		.4byte	0x7b3
 993 07ac 0A       		.uleb128 0xa
 994 07ad 1E000000 		.4byte	0x1e
 995 07b1 46       		.byte	0x46
 996 07b2 00       		.byte	0
 997 07b3 08       		.uleb128 0x8
 998 07b4 A3070000 		.4byte	0x7a3
 999 07b8 09       		.uleb128 0x9
 1000 07b9 B1010000 		.4byte	0x1b1
 1001 07bd C8070000 		.4byte	0x7c8
 1002 07c1 0A       		.uleb128 0xa
 1003 07c2 1E000000 		.4byte	0x1e
 1004 07c6 08       		.byte	0x8
 1005 07c7 00       		.byte	0
 1006 07c8 08       		.uleb128 0x8
 1007 07c9 B8070000 		.4byte	0x7b8
 1008 07cd 0F       		.uleb128 0xf
 1009 07ce 1A0B0000 		.4byte	.LASF139
 1010 07d2 05       		.byte	0x5
 1011 07d3 B804     		.2byte	0x4b8
 1012 07d5 03       		.byte	0x3
 1013 07d6 8D030000 		.4byte	0x38d
 1014 07da 17       		.uleb128 0x17
 1015 07db 94       		.byte	0x94
 1016 07dc 06       		.byte	0x6
 1017 07dd 6B03     		.2byte	0x36b
 1018 07df 42090000 		.4byte	0x942
 1019 07e3 05       		.uleb128 0x5
 1020 07e4 434F4E00 		.ascii	"CON\000"
 1021 07e8 06       		.byte	0x6
 1022 07e9 6D03     		.2byte	0x36d
 1023 07eb 13       		.byte	0x13
 1024 07ec DA010000 		.4byte	0x1da
 1025 07f0 00       		.byte	0
 1026 07f1 05       		.uleb128 0x5
ARM GAS  C:\Users\PUBLIC~1.LAP\AppData\Local\Temp\ccG3WIcm.s 			page 19


 1027 07f2 43464700 		.ascii	"CFG\000"
 1028 07f6 06       		.byte	0x6
 1029 07f7 6E03     		.2byte	0x36e
 1030 07f9 13       		.byte	0x13
 1031 07fa DA010000 		.4byte	0x1da
 1032 07fe 04       		.byte	0x4
 1033 07ff 01       		.uleb128 0x1
 1034 0800 89060000 		.4byte	.LASF140
 1035 0804 06       		.byte	0x6
 1036 0805 6F03     		.2byte	0x36f
 1037 0807 13       		.byte	0x13
 1038 0808 DA010000 		.4byte	0x1da
 1039 080c 08       		.byte	0x8
 1040 080d 01       		.uleb128 0x1
 1041 080e 96070000 		.4byte	.LASF141
 1042 0812 06       		.byte	0x6
 1043 0813 7003     		.2byte	0x370
 1044 0815 13       		.byte	0x13
 1045 0816 DA010000 		.4byte	0x1da
 1046 081a 0C       		.byte	0xc
 1047 081b 05       		.uleb128 0x5
 1048 081c 49455200 		.ascii	"IER\000"
 1049 0820 06       		.byte	0x6
 1050 0821 7103     		.2byte	0x371
 1051 0823 13       		.byte	0x13
 1052 0824 DA010000 		.4byte	0x1da
 1053 0828 10       		.byte	0x10
 1054 0829 05       		.uleb128 0x5
 1055 082a 49445200 		.ascii	"IDR\000"
 1056 082e 06       		.byte	0x6
 1057 082f 7203     		.2byte	0x372
 1058 0831 13       		.byte	0x13
 1059 0832 DA010000 		.4byte	0x1da
 1060 0836 14       		.byte	0x14
 1061 0837 05       		.uleb128 0x5
 1062 0838 49565300 		.ascii	"IVS\000"
 1063 083c 06       		.byte	0x6
 1064 083d 7303     		.2byte	0x373
 1065 083f 13       		.byte	0x13
 1066 0840 DF010000 		.4byte	0x1df
 1067 0844 18       		.byte	0x18
 1068 0845 05       		.uleb128 0x5
 1069 0846 52494600 		.ascii	"RIF\000"
 1070 084a 06       		.byte	0x6
 1071 084b 7403     		.2byte	0x374
 1072 084d 13       		.byte	0x13
 1073 084e DF010000 		.4byte	0x1df
 1074 0852 1C       		.byte	0x1c
 1075 0853 05       		.uleb128 0x5
 1076 0854 49464D00 		.ascii	"IFM\000"
 1077 0858 06       		.byte	0x6
 1078 0859 7503     		.2byte	0x375
 1079 085b 13       		.byte	0x13
 1080 085c DF010000 		.4byte	0x1df
 1081 0860 20       		.byte	0x20
 1082 0861 05       		.uleb128 0x5
 1083 0862 49435200 		.ascii	"ICR\000"
ARM GAS  C:\Users\PUBLIC~1.LAP\AppData\Local\Temp\ccG3WIcm.s 			page 20


 1084 0866 06       		.byte	0x6
 1085 0867 7603     		.2byte	0x376
 1086 0869 13       		.byte	0x13
 1087 086a DA010000 		.4byte	0x1da
 1088 086e 24       		.byte	0x24
 1089 086f 01       		.uleb128 0x1
 1090 0870 36040000 		.4byte	.LASF59
 1091 0874 06       		.byte	0x6
 1092 0875 7703     		.2byte	0x377
 1093 0877 13       		.byte	0x13
 1094 0878 66030000 		.4byte	0x366
 1095 087c 28       		.byte	0x28
 1096 087d 01       		.uleb128 0x1
 1097 087e 050B0000 		.4byte	.LASF142
 1098 0882 06       		.byte	0x6
 1099 0883 7803     		.2byte	0x378
 1100 0885 13       		.byte	0x13
 1101 0886 DA010000 		.4byte	0x1da
 1102 088a 30       		.byte	0x30
 1103 088b 01       		.uleb128 0x1
 1104 088c A6080000 		.4byte	.LASF143
 1105 0890 06       		.byte	0x6
 1106 0891 7903     		.2byte	0x379
 1107 0893 13       		.byte	0x13
 1108 0894 DA010000 		.4byte	0x1da
 1109 0898 34       		.byte	0x34
 1110 0899 01       		.uleb128 0x1
 1111 089a D3070000 		.4byte	.LASF144
 1112 089e 06       		.byte	0x6
 1113 089f 7A03     		.2byte	0x37a
 1114 08a1 13       		.byte	0x13
 1115 08a2 DA010000 		.4byte	0x1da
 1116 08a6 38       		.byte	0x38
 1117 08a7 01       		.uleb128 0x1
 1118 08a8 D8080000 		.4byte	.LASF145
 1119 08ac 06       		.byte	0x6
 1120 08ad 7B03     		.2byte	0x37b
 1121 08af 13       		.byte	0x13
 1122 08b0 DA010000 		.4byte	0x1da
 1123 08b4 3C       		.byte	0x3c
 1124 08b5 01       		.uleb128 0x1
 1125 08b6 7C050000 		.4byte	.LASF146
 1126 08ba 06       		.byte	0x6
 1127 08bb 7C03     		.2byte	0x37c
 1128 08bd 13       		.byte	0x13
 1129 08be DA010000 		.4byte	0x1da
 1130 08c2 40       		.byte	0x40
 1131 08c3 01       		.uleb128 0x1
 1132 08c4 FB080000 		.4byte	.LASF147
 1133 08c8 06       		.byte	0x6
 1134 08c9 7D03     		.2byte	0x37d
 1135 08cb 13       		.byte	0x13
 1136 08cc DA010000 		.4byte	0x1da
 1137 08d0 44       		.byte	0x44
 1138 08d1 01       		.uleb128 0x1
 1139 08d2 B90F0000 		.4byte	.LASF148
 1140 08d6 06       		.byte	0x6
ARM GAS  C:\Users\PUBLIC~1.LAP\AppData\Local\Temp\ccG3WIcm.s 			page 21


 1141 08d7 7E03     		.2byte	0x37e
 1142 08d9 13       		.byte	0x13
 1143 08da DA010000 		.4byte	0x1da
 1144 08de 48       		.byte	0x48
 1145 08df 01       		.uleb128 0x1
 1146 08e0 ED0C0000 		.4byte	.LASF149
 1147 08e4 06       		.byte	0x6
 1148 08e5 7F03     		.2byte	0x37f
 1149 08e7 13       		.byte	0x13
 1150 08e8 DA010000 		.4byte	0x1da
 1151 08ec 4C       		.byte	0x4c
 1152 08ed 01       		.uleb128 0x1
 1153 08ee D20F0000 		.4byte	.LASF150
 1154 08f2 06       		.byte	0x6
 1155 08f3 8003     		.2byte	0x380
 1156 08f5 13       		.byte	0x13
 1157 08f6 DA010000 		.4byte	0x1da
 1158 08fa 50       		.byte	0x50
 1159 08fb 01       		.uleb128 0x1
 1160 08fc 40040000 		.4byte	.LASF71
 1161 0900 06       		.byte	0x6
 1162 0901 8103     		.2byte	0x381
 1163 0903 13       		.byte	0x13
 1164 0904 88030000 		.4byte	0x388
 1165 0908 54       		.byte	0x54
 1166 0909 01       		.uleb128 0x1
 1167 090a 610A0000 		.4byte	.LASF151
 1168 090e 06       		.byte	0x6
 1169 090f 8203     		.2byte	0x382
 1170 0911 13       		.byte	0x13
 1171 0912 DA010000 		.4byte	0x1da
 1172 0916 60       		.byte	0x60
 1173 0917 01       		.uleb128 0x1
 1174 0918 F3100000 		.4byte	.LASF152
 1175 091c 06       		.byte	0x6
 1176 091d 8303     		.2byte	0x383
 1177 091f 13       		.byte	0x13
 1178 0920 DA010000 		.4byte	0x1da
 1179 0924 64       		.byte	0x64
 1180 0925 01       		.uleb128 0x1
 1181 0926 36050000 		.4byte	.LASF63
 1182 092a 06       		.byte	0x6
 1183 092b 8403     		.2byte	0x384
 1184 092d 13       		.byte	0x13
 1185 092e 52090000 		.4byte	0x952
 1186 0932 68       		.byte	0x68
 1187 0933 01       		.uleb128 0x1
 1188 0934 1E090000 		.4byte	.LASF153
 1189 0938 06       		.byte	0x6
 1190 0939 8503     		.2byte	0x385
 1191 093b 13       		.byte	0x13
 1192 093c DA010000 		.4byte	0x1da
 1193 0940 90       		.byte	0x90
 1194 0941 00       		.byte	0
 1195 0942 09       		.uleb128 0x9
 1196 0943 DA010000 		.4byte	0x1da
 1197 0947 52090000 		.4byte	0x952
ARM GAS  C:\Users\PUBLIC~1.LAP\AppData\Local\Temp\ccG3WIcm.s 			page 22


 1198 094b 0A       		.uleb128 0xa
 1199 094c 1E000000 		.4byte	0x1e
 1200 0950 09       		.byte	0x9
 1201 0951 00       		.byte	0
 1202 0952 08       		.uleb128 0x8
 1203 0953 42090000 		.4byte	0x942
 1204 0957 0F       		.uleb128 0xf
 1205 0958 990D0000 		.4byte	.LASF154
 1206 095c 06       		.byte	0x6
 1207 095d 8603     		.2byte	0x386
 1208 095f 03       		.byte	0x3
 1209 0960 DA070000 		.4byte	0x7da
 1210 0964 1A       		.uleb128 0x1a
 1211 0965 4D000000 		.4byte	0x4d
 1212 0969 02       		.byte	0x2
 1213 096a 7901     		.2byte	0x179
 1214 096c 01       		.byte	0x1
 1215 096d 7E090000 		.4byte	0x97e
 1216 0971 03       		.uleb128 0x3
 1217 0972 120B0000 		.4byte	.LASF155
 1218 0976 00       		.byte	0
 1219 0977 03       		.uleb128 0x3
 1220 0978 770E0000 		.4byte	.LASF156
 1221 097c 01       		.byte	0x1
 1222 097d 00       		.byte	0
 1223 097e 0F       		.uleb128 0xf
 1224 097f 0D0F0000 		.4byte	.LASF157
 1225 0983 02       		.byte	0x2
 1226 0984 7C01     		.2byte	0x17c
 1227 0986 03       		.byte	0x3
 1228 0987 64090000 		.4byte	0x964
 1229 098b 1A       		.uleb128 0x1a
 1230 098c 4D000000 		.4byte	0x4d
 1231 0990 07       		.byte	0x7
 1232 0991 6102     		.2byte	0x261
 1233 0993 0E       		.byte	0xe
 1234 0994 AB090000 		.4byte	0x9ab
 1235 0998 03       		.uleb128 0x3
 1236 0999 CA0C0000 		.4byte	.LASF158
 1237 099d 00       		.byte	0
 1238 099e 03       		.uleb128 0x3
 1239 099f C4090000 		.4byte	.LASF159
 1240 09a3 01       		.byte	0x1
 1241 09a4 03       		.uleb128 0x3
 1242 09a5 67000000 		.4byte	.LASF160
 1243 09a9 02       		.byte	0x2
 1244 09aa 00       		.byte	0
 1245 09ab 0F       		.uleb128 0xf
 1246 09ac 88030000 		.4byte	.LASF161
 1247 09b0 07       		.byte	0x7
 1248 09b1 6502     		.2byte	0x265
 1249 09b3 03       		.byte	0x3
 1250 09b4 8B090000 		.4byte	0x98b
 1251 09b8 06       		.uleb128 0x6
 1252 09b9 EA020000 		.4byte	.LASF162
 1253 09bd 5F06     		.2byte	0x65f
 1254 09bf 06       		.uleb128 0x6
ARM GAS  C:\Users\PUBLIC~1.LAP\AppData\Local\Temp\ccG3WIcm.s 			page 23


 1255 09c0 2E0E0000 		.4byte	.LASF163
 1256 09c4 2F06     		.2byte	0x62f
 1257 09c6 0B       		.uleb128 0xb
 1258 09c7 98030000 		.4byte	.LASF164
 1259 09cb 1E06     		.2byte	0x61e
 1260 09cd 09       		.byte	0x9
 1261 09ce A5010000 		.4byte	0x1a5
 1262 09d2 04       		.uleb128 0x4
 1263 09d3 CE0A0000 		.4byte	.LASF166
 1264 09d7 0B06     		.2byte	0x60b
 1265 09d9 EA090000 		.4byte	0x9ea
 1266 09dd 16       		.uleb128 0x16
 1267 09de 74686400 		.ascii	"thd\000"
 1268 09e2 0B06     		.2byte	0x60b
 1269 09e4 27       		.byte	0x27
 1270 09e5 A5010000 		.4byte	0x1a5
 1271 09e9 00       		.byte	0
 1272 09ea 0B       		.uleb128 0xb
 1273 09eb E50D0000 		.4byte	.LASF165
 1274 09ef 0006     		.2byte	0x600
 1275 09f1 09       		.byte	0x9
 1276 09f2 A5010000 		.4byte	0x1a5
 1277 09f6 04       		.uleb128 0x4
 1278 09f7 1A040000 		.4byte	.LASF167
 1279 09fb ED05     		.2byte	0x5ed
 1280 09fd 0E0A0000 		.4byte	0xa0e
 1281 0a01 16       		.uleb128 0x16
 1282 0a02 74686400 		.ascii	"thd\000"
 1283 0a06 ED05     		.2byte	0x5ed
 1284 0a08 2A       		.byte	0x2a
 1285 0a09 A5010000 		.4byte	0x1a5
 1286 0a0d 00       		.byte	0
 1287 0a0e 0B       		.uleb128 0xb
 1288 0a0f EE040000 		.4byte	.LASF168
 1289 0a13 E205     		.2byte	0x5e2
 1290 0a15 09       		.byte	0x9
 1291 0a16 A5010000 		.4byte	0x1a5
 1292 0a1a 04       		.uleb128 0x4
 1293 0a1b 450B0000 		.4byte	.LASF169
 1294 0a1f CF05     		.2byte	0x5cf
 1295 0a21 320A0000 		.4byte	0xa32
 1296 0a25 16       		.uleb128 0x16
 1297 0a26 74686400 		.ascii	"thd\000"
 1298 0a2a CF05     		.2byte	0x5cf
 1299 0a2c 2A       		.byte	0x2a
 1300 0a2d A5010000 		.4byte	0x1a5
 1301 0a31 00       		.byte	0
 1302 0a32 0B       		.uleb128 0xb
 1303 0a33 D50E0000 		.4byte	.LASF170
 1304 0a37 C405     		.2byte	0x5c4
 1305 0a39 09       		.byte	0x9
 1306 0a3a A5010000 		.4byte	0x1a5
 1307 0a3e 04       		.uleb128 0x4
 1308 0a3f 83050000 		.4byte	.LASF171
 1309 0a43 B105     		.2byte	0x5b1
 1310 0a45 570A0000 		.4byte	0xa57
 1311 0a49 02       		.uleb128 0x2
ARM GAS  C:\Users\PUBLIC~1.LAP\AppData\Local\Temp\ccG3WIcm.s 			page 24


 1312 0a4a E70B0000 		.4byte	.LASF172
 1313 0a4e 08       		.byte	0x8
 1314 0a4f B105     		.2byte	0x5b1
 1315 0a51 28       		.byte	0x28
 1316 0a52 A5010000 		.4byte	0x1a5
 1317 0a56 00       		.byte	0
 1318 0a57 06       		.uleb128 0x6
 1319 0a58 F9060000 		.4byte	.LASF173
 1320 0a5c 9E05     		.2byte	0x59e
 1321 0a5e 06       		.uleb128 0x6
 1322 0a5f 03040000 		.4byte	.LASF174
 1323 0a63 9505     		.2byte	0x595
 1324 0a65 04       		.uleb128 0x4
 1325 0a66 AF010000 		.4byte	.LASF175
 1326 0a6a 8C05     		.2byte	0x58c
 1327 0a6c 7E0A0000 		.4byte	0xa7e
 1328 0a70 02       		.uleb128 0x2
 1329 0a71 C4050000 		.4byte	.LASF176
 1330 0a75 08       		.byte	0x8
 1331 0a76 8C05     		.2byte	0x58c
 1332 0a78 26       		.byte	0x26
 1333 0a79 CE010000 		.4byte	0x1ce
 1334 0a7d 00       		.byte	0
 1335 0a7e 06       		.uleb128 0x6
 1336 0a7f B7100000 		.4byte	.LASF177
 1337 0a83 8305     		.2byte	0x583
 1338 0a85 06       		.uleb128 0x6
 1339 0a86 690B0000 		.4byte	.LASF178
 1340 0a8a 7A05     		.2byte	0x57a
 1341 0a8c 04       		.uleb128 0x4
 1342 0a8d 410F0000 		.4byte	.LASF179
 1343 0a91 7105     		.2byte	0x571
 1344 0a93 B20A0000 		.4byte	0xab2
 1345 0a97 02       		.uleb128 0x2
 1346 0a98 5A020000 		.4byte	.LASF180
 1347 0a9c 08       		.byte	0x8
 1348 0a9d 7105     		.2byte	0x571
 1349 0a9f 27       		.byte	0x27
 1350 0aa0 CE010000 		.4byte	0x1ce
 1351 0aa4 02       		.uleb128 0x2
 1352 0aa5 C4050000 		.4byte	.LASF176
 1353 0aa9 08       		.byte	0x8
 1354 0aaa 7105     		.2byte	0x571
 1355 0aac 3D       		.byte	0x3d
 1356 0aad CE010000 		.4byte	0x1ce
 1357 0ab1 00       		.byte	0
 1358 0ab2 04       		.uleb128 0x4
 1359 0ab3 0A050000 		.4byte	.LASF181
 1360 0ab7 6605     		.2byte	0x566
 1361 0ab9 D80A0000 		.4byte	0xad8
 1362 0abd 02       		.uleb128 0x2
 1363 0abe D9090000 		.4byte	.LASF182
 1364 0ac2 08       		.byte	0x8
 1365 0ac3 6605     		.2byte	0x566
 1366 0ac5 25       		.byte	0x25
 1367 0ac6 CE010000 		.4byte	0x1ce
 1368 0aca 02       		.uleb128 0x2
ARM GAS  C:\Users\PUBLIC~1.LAP\AppData\Local\Temp\ccG3WIcm.s 			page 25


 1369 0acb DE080000 		.4byte	.LASF183
 1370 0acf 08       		.byte	0x8
 1371 0ad0 6605     		.2byte	0x566
 1372 0ad2 34       		.byte	0x34
 1373 0ad3 CE010000 		.4byte	0x1ce
 1374 0ad7 00       		.byte	0
 1375 0ad8 04       		.uleb128 0x4
 1376 0ad9 95000000 		.4byte	.LASF184
 1377 0add 5B05     		.2byte	0x55b
 1378 0adf F10A0000 		.4byte	0xaf1
 1379 0ae3 02       		.uleb128 0x2
 1380 0ae4 66020000 		.4byte	.LASF185
 1381 0ae8 08       		.byte	0x8
 1382 0ae9 5B05     		.2byte	0x55b
 1383 0aeb 26       		.byte	0x26
 1384 0aec CE010000 		.4byte	0x1ce
 1385 0af0 00       		.byte	0
 1386 0af1 04       		.uleb128 0x4
 1387 0af2 270A0000 		.4byte	.LASF186
 1388 0af6 5205     		.2byte	0x552
 1389 0af8 0A0B0000 		.4byte	0xb0a
 1390 0afc 02       		.uleb128 0x2
 1391 0afd 66020000 		.4byte	.LASF185
 1392 0b01 08       		.byte	0x8
 1393 0b02 5205     		.2byte	0x552
 1394 0b04 27       		.byte	0x27
 1395 0b05 CE010000 		.4byte	0x1ce
 1396 0b09 00       		.byte	0
 1397 0b0a 0B       		.uleb128 0xb
 1398 0b0b 61050000 		.4byte	.LASF187
 1399 0b0f 4905     		.2byte	0x549
 1400 0b11 0A       		.byte	0xa
 1401 0b12 CE010000 		.4byte	0x1ce
 1402 0b16 0B       		.uleb128 0xb
 1403 0b17 42030000 		.4byte	.LASF188
 1404 0b1b 4005     		.2byte	0x540
 1405 0b1d 0A       		.byte	0xa
 1406 0b1e CE010000 		.4byte	0x1ce
 1407 0b22 0B       		.uleb128 0xb
 1408 0b23 290C0000 		.4byte	.LASF189
 1409 0b27 3705     		.2byte	0x537
 1410 0b29 0A       		.byte	0xa
 1411 0b2a CE010000 		.4byte	0x1ce
 1412 0b2e 0B       		.uleb128 0xb
 1413 0b2f F3010000 		.4byte	.LASF190
 1414 0b33 2E05     		.2byte	0x52e
 1415 0b35 0A       		.byte	0xa
 1416 0b36 CE010000 		.4byte	0x1ce
 1417 0b3a 0B       		.uleb128 0xb
 1418 0b3b 79010000 		.4byte	.LASF191
 1419 0b3f CC04     		.2byte	0x4cc
 1420 0b41 0A       		.byte	0xa
 1421 0b42 CE010000 		.4byte	0x1ce
 1422 0b46 06       		.uleb128 0x6
 1423 0b47 55030000 		.4byte	.LASF192
 1424 0b4b C104     		.2byte	0x4c1
 1425 0b4d 06       		.uleb128 0x6
ARM GAS  C:\Users\PUBLIC~1.LAP\AppData\Local\Temp\ccG3WIcm.s 			page 26


 1426 0b4e 46000000 		.4byte	.LASF193
 1427 0b52 B504     		.2byte	0x4b5
 1428 0b54 0C       		.uleb128 0xc
 1429 0b55 9D0E0000 		.4byte	.LASF197
 1430 0b59 A404     		.2byte	0x4a4
 1431 0b5b 0A       		.byte	0xa
 1432 0b5c CE010000 		.4byte	0x1ce
 1433 0b60 710B0000 		.4byte	0xb71
 1434 0b64 14       		.uleb128 0x14
 1435 0b65 88080000 		.4byte	.LASF199
 1436 0b69 A604     		.2byte	0x4a6
 1437 0b6b 0B       		.byte	0xb
 1438 0b6c CE010000 		.4byte	0x1ce
 1439 0b70 00       		.byte	0
 1440 0b71 04       		.uleb128 0x4
 1441 0b72 610E0000 		.4byte	.LASF194
 1442 0b76 9904     		.2byte	0x499
 1443 0b78 8A0B0000 		.4byte	0xb8a
 1444 0b7c 02       		.uleb128 0x2
 1445 0b7d 94060000 		.4byte	.LASF195
 1446 0b81 08       		.byte	0x8
 1447 0b82 9904     		.2byte	0x499
 1448 0b84 25       		.byte	0x25
 1449 0b85 CE010000 		.4byte	0x1ce
 1450 0b89 00       		.byte	0
 1451 0b8a 04       		.uleb128 0x4
 1452 0b8b 3D080000 		.4byte	.LASF196
 1453 0b8f 8D04     		.2byte	0x48d
 1454 0b91 A30B0000 		.4byte	0xba3
 1455 0b95 02       		.uleb128 0x2
 1456 0b96 94060000 		.4byte	.LASF195
 1457 0b9a 08       		.byte	0x8
 1458 0b9b 8D04     		.2byte	0x48d
 1459 0b9d 26       		.byte	0x26
 1460 0b9e CE010000 		.4byte	0x1ce
 1461 0ba2 00       		.byte	0
 1462 0ba3 0C       		.uleb128 0xc
 1463 0ba4 39020000 		.4byte	.LASF198
 1464 0ba8 7E04     		.2byte	0x47e
 1465 0baa 0A       		.byte	0xa
 1466 0bab CE010000 		.4byte	0x1ce
 1467 0baf C00B0000 		.4byte	0xbc0
 1468 0bb3 14       		.uleb128 0x14
 1469 0bb4 25090000 		.4byte	.LASF200
 1470 0bb8 8004     		.2byte	0x480
 1471 0bba 0B       		.byte	0xb
 1472 0bbb CE010000 		.4byte	0x1ce
 1473 0bbf 00       		.byte	0
 1474 0bc0 04       		.uleb128 0x4
 1475 0bc1 320B0000 		.4byte	.LASF201
 1476 0bc5 7204     		.2byte	0x472
 1477 0bc7 D90B0000 		.4byte	0xbd9
 1478 0bcb 02       		.uleb128 0x2
 1479 0bcc 94060000 		.4byte	.LASF195
 1480 0bd0 08       		.byte	0x8
 1481 0bd1 7204     		.2byte	0x472
 1482 0bd3 22       		.byte	0x22
ARM GAS  C:\Users\PUBLIC~1.LAP\AppData\Local\Temp\ccG3WIcm.s 			page 27


 1483 0bd4 CE010000 		.4byte	0x1ce
 1484 0bd8 00       		.byte	0
 1485 0bd9 04       		.uleb128 0x4
 1486 0bda BA0A0000 		.4byte	.LASF202
 1487 0bde 6504     		.2byte	0x465
 1488 0be0 F20B0000 		.4byte	0xbf2
 1489 0be4 02       		.uleb128 0x2
 1490 0be5 94060000 		.4byte	.LASF195
 1491 0be9 08       		.byte	0x8
 1492 0bea 6504     		.2byte	0x465
 1493 0bec 23       		.byte	0x23
 1494 0bed CE010000 		.4byte	0x1ce
 1495 0bf1 00       		.byte	0
 1496 0bf2 04       		.uleb128 0x4
 1497 0bf3 4E090000 		.4byte	.LASF203
 1498 0bf7 4304     		.2byte	0x443
 1499 0bf9 180C0000 		.4byte	0xc18
 1500 0bfd 02       		.uleb128 0x2
 1501 0bfe DE080000 		.4byte	.LASF183
 1502 0c02 08       		.byte	0x8
 1503 0c03 4304     		.2byte	0x443
 1504 0c05 22       		.byte	0x22
 1505 0c06 CE010000 		.4byte	0x1ce
 1506 0c0a 02       		.uleb128 0x2
 1507 0c0b 94060000 		.4byte	.LASF195
 1508 0c0f 08       		.byte	0x8
 1509 0c10 4304     		.2byte	0x443
 1510 0c12 33       		.byte	0x33
 1511 0c13 CE010000 		.4byte	0x1ce
 1512 0c17 00       		.byte	0
 1513 0c18 04       		.uleb128 0x4
 1514 0c19 A6090000 		.4byte	.LASF204
 1515 0c1d 2504     		.2byte	0x425
 1516 0c1f 580C0000 		.4byte	0xc58
 1517 0c23 02       		.uleb128 0x2
 1518 0c24 DE080000 		.4byte	.LASF183
 1519 0c28 08       		.byte	0x8
 1520 0c29 2504     		.2byte	0x425
 1521 0c2b 27       		.byte	0x27
 1522 0c2c CE010000 		.4byte	0x1ce
 1523 0c30 02       		.uleb128 0x2
 1524 0c31 D9090000 		.4byte	.LASF182
 1525 0c35 08       		.byte	0x8
 1526 0c36 2504     		.2byte	0x425
 1527 0c38 38       		.byte	0x38
 1528 0c39 CE010000 		.4byte	0x1ce
 1529 0c3d 02       		.uleb128 0x2
 1530 0c3e B50B0000 		.4byte	.LASF205
 1531 0c42 08       		.byte	0x8
 1532 0c43 2504     		.2byte	0x425
 1533 0c45 47       		.byte	0x47
 1534 0c46 CE010000 		.4byte	0x1ce
 1535 0c4a 02       		.uleb128 0x2
 1536 0c4b 94060000 		.4byte	.LASF195
 1537 0c4f 08       		.byte	0x8
 1538 0c50 2504     		.2byte	0x425
 1539 0c52 56       		.byte	0x56
ARM GAS  C:\Users\PUBLIC~1.LAP\AppData\Local\Temp\ccG3WIcm.s 			page 28


 1540 0c53 CE010000 		.4byte	0x1ce
 1541 0c57 00       		.byte	0
 1542 0c58 04       		.uleb128 0x4
 1543 0c59 DB010000 		.4byte	.LASF206
 1544 0c5d 0D04     		.2byte	0x40d
 1545 0c5f 980C0000 		.4byte	0xc98
 1546 0c63 02       		.uleb128 0x2
 1547 0c64 DE080000 		.4byte	.LASF183
 1548 0c68 08       		.byte	0x8
 1549 0c69 0D04     		.2byte	0x40d
 1550 0c6b 27       		.byte	0x27
 1551 0c6c CE010000 		.4byte	0x1ce
 1552 0c70 02       		.uleb128 0x2
 1553 0c71 D9090000 		.4byte	.LASF182
 1554 0c75 08       		.byte	0x8
 1555 0c76 0D04     		.2byte	0x40d
 1556 0c78 39       		.byte	0x39
 1557 0c79 980C0000 		.4byte	0xc98
 1558 0c7d 02       		.uleb128 0x2
 1559 0c7e B50B0000 		.4byte	.LASF205
 1560 0c82 08       		.byte	0x8
 1561 0c83 0D04     		.2byte	0x40d
 1562 0c85 49       		.byte	0x49
 1563 0c86 980C0000 		.4byte	0xc98
 1564 0c8a 02       		.uleb128 0x2
 1565 0c8b 94060000 		.4byte	.LASF195
 1566 0c8f 08       		.byte	0x8
 1567 0c90 0D04     		.2byte	0x40d
 1568 0c92 58       		.byte	0x58
 1569 0c93 CE010000 		.4byte	0x1ce
 1570 0c97 00       		.byte	0
 1571 0c98 1B       		.uleb128 0x1b
 1572 0c99 CE010000 		.4byte	0x1ce
 1573 0c9d 0C       		.uleb128 0xc
 1574 0c9e B3060000 		.4byte	.LASF207
 1575 0ca2 FE03     		.2byte	0x3fe
 1576 0ca4 0A       		.byte	0xa
 1577 0ca5 CE010000 		.4byte	0x1ce
 1578 0ca9 BB0C0000 		.4byte	0xcbb
 1579 0cad 02       		.uleb128 0x2
 1580 0cae DE080000 		.4byte	.LASF183
 1581 0cb2 08       		.byte	0x8
 1582 0cb3 FE03     		.2byte	0x3fe
 1583 0cb5 29       		.byte	0x29
 1584 0cb6 CE010000 		.4byte	0x1ce
 1585 0cba 00       		.byte	0
 1586 0cbb 04       		.uleb128 0x4
 1587 0cbc F40F0000 		.4byte	.LASF208
 1588 0cc0 EB03     		.2byte	0x3eb
 1589 0cc2 EC0C0000 		.4byte	0xcec
 1590 0cc6 02       		.uleb128 0x2
 1591 0cc7 DE080000 		.4byte	.LASF183
 1592 0ccb 08       		.byte	0x8
 1593 0ccc EB03     		.2byte	0x3eb
 1594 0cce 25       		.byte	0x25
 1595 0ccf CE010000 		.4byte	0x1ce
 1596 0cd3 02       		.uleb128 0x2
ARM GAS  C:\Users\PUBLIC~1.LAP\AppData\Local\Temp\ccG3WIcm.s 			page 29


 1597 0cd4 660A0000 		.4byte	.LASF209
 1598 0cd8 08       		.byte	0x8
 1599 0cd9 EB03     		.2byte	0x3eb
 1600 0cdb 36       		.byte	0x36
 1601 0cdc CE010000 		.4byte	0x1ce
 1602 0ce0 16       		.uleb128 0x16
 1603 0ce1 656E00   		.ascii	"en\000"
 1604 0ce4 EB03     		.2byte	0x3eb
 1605 0ce6 45       		.byte	0x45
 1606 0ce7 7E090000 		.4byte	0x97e
 1607 0ceb 00       		.byte	0
 1608 0cec 0C       		.uleb128 0xc
 1609 0ced D3100000 		.4byte	.LASF210
 1610 0cf1 D903     		.2byte	0x3d9
 1611 0cf3 0A       		.byte	0xa
 1612 0cf4 CE010000 		.4byte	0x1ce
 1613 0cf8 160D0000 		.4byte	0xd16
 1614 0cfc 02       		.uleb128 0x2
 1615 0cfd DE080000 		.4byte	.LASF183
 1616 0d01 08       		.byte	0x8
 1617 0d02 D903     		.2byte	0x3d9
 1618 0d04 25       		.byte	0x25
 1619 0d05 CE010000 		.4byte	0x1ce
 1620 0d09 14       		.uleb128 0x14
 1621 0d0a 88080000 		.4byte	.LASF199
 1622 0d0e DB03     		.2byte	0x3db
 1623 0d10 0B       		.byte	0xb
 1624 0d11 CE010000 		.4byte	0x1ce
 1625 0d15 00       		.byte	0
 1626 0d16 04       		.uleb128 0x4
 1627 0d17 2A000000 		.4byte	.LASF211
 1628 0d1b CE03     		.2byte	0x3ce
 1629 0d1d 3C0D0000 		.4byte	0xd3c
 1630 0d21 02       		.uleb128 0x2
 1631 0d22 DE080000 		.4byte	.LASF183
 1632 0d26 08       		.byte	0x8
 1633 0d27 CE03     		.2byte	0x3ce
 1634 0d29 2B       		.byte	0x2b
 1635 0d2a CE010000 		.4byte	0x1ce
 1636 0d2e 02       		.uleb128 0x2
 1637 0d2f BE090000 		.4byte	.LASF212
 1638 0d33 08       		.byte	0x8
 1639 0d34 CE03     		.2byte	0x3ce
 1640 0d36 3C       		.byte	0x3c
 1641 0d37 CE010000 		.4byte	0x1ce
 1642 0d3b 00       		.byte	0
 1643 0d3c 04       		.uleb128 0x4
 1644 0d3d 25030000 		.4byte	.LASF213
 1645 0d41 BC03     		.2byte	0x3bc
 1646 0d43 620D0000 		.4byte	0xd62
 1647 0d47 02       		.uleb128 0x2
 1648 0d48 DE080000 		.4byte	.LASF183
 1649 0d4c 08       		.byte	0x8
 1650 0d4d BC03     		.2byte	0x3bc
 1651 0d4f 2C       		.byte	0x2c
 1652 0d50 CE010000 		.4byte	0x1ce
 1653 0d54 02       		.uleb128 0x2
ARM GAS  C:\Users\PUBLIC~1.LAP\AppData\Local\Temp\ccG3WIcm.s 			page 30


 1654 0d55 94060000 		.4byte	.LASF195
 1655 0d59 08       		.byte	0x8
 1656 0d5a BC03     		.2byte	0x3bc
 1657 0d5c 3D       		.byte	0x3d
 1658 0d5d CE010000 		.4byte	0x1ce
 1659 0d61 00       		.byte	0
 1660 0d62 0C       		.uleb128 0xc
 1661 0d63 6C030000 		.4byte	.LASF214
 1662 0d67 9E03     		.2byte	0x39e
 1663 0d69 09       		.byte	0x9
 1664 0d6a C2010000 		.4byte	0x1c2
 1665 0d6e 980D0000 		.4byte	0xd98
 1666 0d72 02       		.uleb128 0x2
 1667 0d73 DE080000 		.4byte	.LASF183
 1668 0d77 08       		.byte	0x8
 1669 0d78 9E03     		.2byte	0x39e
 1670 0d7a 27       		.byte	0x27
 1671 0d7b CE010000 		.4byte	0x1ce
 1672 0d7f 02       		.uleb128 0x2
 1673 0d80 A9100000 		.4byte	.LASF215
 1674 0d84 08       		.byte	0x8
 1675 0d85 9E03     		.2byte	0x39e
 1676 0d87 38       		.byte	0x38
 1677 0d88 CE010000 		.4byte	0x1ce
 1678 0d8c 15       		.uleb128 0x15
 1679 0d8d 746D7000 		.ascii	"tmp\000"
 1680 0d91 A003     		.2byte	0x3a0
 1681 0d93 CE010000 		.4byte	0x1ce
 1682 0d97 00       		.byte	0
 1683 0d98 0C       		.uleb128 0xc
 1684 0d99 F10A0000 		.4byte	.LASF216
 1685 0d9d 8103     		.2byte	0x381
 1686 0d9f 09       		.byte	0x9
 1687 0da0 C2010000 		.4byte	0x1c2
 1688 0da4 DC0D0000 		.4byte	0xddc
 1689 0da8 02       		.uleb128 0x2
 1690 0da9 DE080000 		.4byte	.LASF183
 1691 0dad 08       		.byte	0x8
 1692 0dae 8103     		.2byte	0x381
 1693 0db0 26       		.byte	0x26
 1694 0db1 CE010000 		.4byte	0x1ce
 1695 0db5 02       		.uleb128 0x2
 1696 0db6 7D100000 		.4byte	.LASF217
 1697 0dba 08       		.byte	0x8
 1698 0dbb 8103     		.2byte	0x381
 1699 0dbd 37       		.byte	0x37
 1700 0dbe DC0D0000 		.4byte	0xddc
 1701 0dc2 02       		.uleb128 0x2
 1702 0dc3 B50B0000 		.4byte	.LASF205
 1703 0dc7 08       		.byte	0x8
 1704 0dc8 8103     		.2byte	0x381
 1705 0dca 46       		.byte	0x46
 1706 0dcb CE010000 		.4byte	0x1ce
 1707 0dcf 14       		.uleb128 0x14
 1708 0dd0 910C0000 		.4byte	.LASF218
 1709 0dd4 8303     		.2byte	0x383
 1710 0dd6 0B       		.byte	0xb
ARM GAS  C:\Users\PUBLIC~1.LAP\AppData\Local\Temp\ccG3WIcm.s 			page 31


 1711 0dd7 CE010000 		.4byte	0x1ce
 1712 0ddb 00       		.byte	0
 1713 0ddc 1B       		.uleb128 0x1b
 1714 0ddd A5010000 		.4byte	0x1a5
 1715 0de1 0C       		.uleb128 0xc
 1716 0de2 9D050000 		.4byte	.LASF219
 1717 0de6 5A03     		.2byte	0x35a
 1718 0de8 09       		.byte	0x9
 1719 0de9 C2010000 		.4byte	0x1c2
 1720 0ded 2E0E0000 		.4byte	0xe2e
 1721 0df1 02       		.uleb128 0x2
 1722 0df2 DE080000 		.4byte	.LASF183
 1723 0df6 08       		.byte	0x8
 1724 0df7 5A03     		.2byte	0x35a
 1725 0df9 26       		.byte	0x26
 1726 0dfa CE010000 		.4byte	0x1ce
 1727 0dfe 02       		.uleb128 0x2
 1728 0dff 7D100000 		.4byte	.LASF217
 1729 0e03 08       		.byte	0x8
 1730 0e04 5A03     		.2byte	0x35a
 1731 0e06 37       		.byte	0x37
 1732 0e07 DC0D0000 		.4byte	0xddc
 1733 0e0b 02       		.uleb128 0x2
 1734 0e0c B50B0000 		.4byte	.LASF205
 1735 0e10 08       		.byte	0x8
 1736 0e11 5A03     		.2byte	0x35a
 1737 0e13 47       		.byte	0x47
 1738 0e14 980C0000 		.4byte	0xc98
 1739 0e18 15       		.uleb128 0x15
 1740 0e19 6900     		.ascii	"i\000"
 1741 0e1b 5C03     		.2byte	0x35c
 1742 0e1d CE010000 		.4byte	0x1ce
 1743 0e21 14       		.uleb128 0x14
 1744 0e22 F6030000 		.4byte	.LASF220
 1745 0e26 5C03     		.2byte	0x35c
 1746 0e28 0E       		.byte	0xe
 1747 0e29 CE010000 		.4byte	0x1ce
 1748 0e2d 00       		.byte	0
 1749 0e2e 0C       		.uleb128 0xc
 1750 0e2f F4090000 		.4byte	.LASF221
 1751 0e33 3E03     		.2byte	0x33e
 1752 0e35 0A       		.byte	0xa
 1753 0e36 CE010000 		.4byte	0x1ce
 1754 0e3a 4C0E0000 		.4byte	0xe4c
 1755 0e3e 02       		.uleb128 0x2
 1756 0e3f DE080000 		.4byte	.LASF183
 1757 0e43 08       		.byte	0x8
 1758 0e44 3E03     		.2byte	0x33e
 1759 0e46 29       		.byte	0x29
 1760 0e47 CE010000 		.4byte	0x1ce
 1761 0e4b 00       		.byte	0
 1762 0e4c 04       		.uleb128 0x4
 1763 0e4d 55100000 		.4byte	.LASF222
 1764 0e51 2B03     		.2byte	0x32b
 1765 0e53 720E0000 		.4byte	0xe72
 1766 0e57 02       		.uleb128 0x2
 1767 0e58 DE080000 		.4byte	.LASF183
ARM GAS  C:\Users\PUBLIC~1.LAP\AppData\Local\Temp\ccG3WIcm.s 			page 32


 1768 0e5c 08       		.byte	0x8
 1769 0e5d 2B03     		.2byte	0x32b
 1770 0e5f 24       		.byte	0x24
 1771 0e60 CE010000 		.4byte	0x1ce
 1772 0e64 02       		.uleb128 0x2
 1773 0e65 7B090000 		.4byte	.LASF223
 1774 0e69 08       		.byte	0x8
 1775 0e6a 2B03     		.2byte	0x32b
 1776 0e6c 31       		.byte	0x31
 1777 0e6d 720E0000 		.4byte	0xe72
 1778 0e71 00       		.byte	0
 1779 0e72 07       		.uleb128 0x7
 1780 0e73 01       		.byte	0x1
 1781 0e74 02       		.byte	0x2
 1782 0e75 30050000 		.4byte	.LASF224
 1783 0e79 04       		.uleb128 0x4
 1784 0e7a 9C040000 		.4byte	.LASF225
 1785 0e7e 1F03     		.2byte	0x31f
 1786 0e80 9F0E0000 		.4byte	0xe9f
 1787 0e84 02       		.uleb128 0x2
 1788 0e85 DE080000 		.4byte	.LASF183
 1789 0e89 08       		.byte	0x8
 1790 0e8a 1F03     		.2byte	0x31f
 1791 0e8c 29       		.byte	0x29
 1792 0e8d CE010000 		.4byte	0x1ce
 1793 0e91 02       		.uleb128 0x2
 1794 0e92 94060000 		.4byte	.LASF195
 1795 0e96 08       		.byte	0x8
 1796 0e97 1F03     		.2byte	0x31f
 1797 0e99 3A       		.byte	0x3a
 1798 0e9a CE010000 		.4byte	0x1ce
 1799 0e9e 00       		.byte	0
 1800 0e9f 0B       		.uleb128 0xb
 1801 0ea0 BE0E0000 		.4byte	.LASF226
 1802 0ea4 0E03     		.2byte	0x30e
 1803 0ea6 0A       		.byte	0xa
 1804 0ea7 CE010000 		.4byte	0x1ce
 1805 0eab 06       		.uleb128 0x6
 1806 0eac C6010000 		.4byte	.LASF227
 1807 0eb0 0403     		.2byte	0x304
 1808 0eb2 04       		.uleb128 0x4
 1809 0eb3 160F0000 		.4byte	.LASF228
 1810 0eb7 F602     		.2byte	0x2f6
 1811 0eb9 CB0E0000 		.4byte	0xecb
 1812 0ebd 02       		.uleb128 0x2
 1813 0ebe 5B000000 		.4byte	.LASF229
 1814 0ec2 08       		.byte	0x8
 1815 0ec3 F602     		.2byte	0x2f6
 1816 0ec5 1F       		.byte	0x1f
 1817 0ec6 720E0000 		.4byte	0xe72
 1818 0eca 00       		.byte	0
 1819 0ecb 04       		.uleb128 0x4
 1820 0ecc DB070000 		.4byte	.LASF230
 1821 0ed0 E702     		.2byte	0x2e7
 1822 0ed2 E40E0000 		.4byte	0xee4
 1823 0ed6 02       		.uleb128 0x2
 1824 0ed7 5B000000 		.4byte	.LASF229
ARM GAS  C:\Users\PUBLIC~1.LAP\AppData\Local\Temp\ccG3WIcm.s 			page 33


 1825 0edb 08       		.byte	0x8
 1826 0edc E702     		.2byte	0x2e7
 1827 0ede 1E       		.byte	0x1e
 1828 0edf 720E0000 		.4byte	0xe72
 1829 0ee3 00       		.byte	0
 1830 0ee4 06       		.uleb128 0x6
 1831 0ee5 C90D0000 		.4byte	.LASF231
 1832 0ee9 DB02     		.2byte	0x2db
 1833 0eeb 04       		.uleb128 0x4
 1834 0eec EF0E0000 		.4byte	.LASF232
 1835 0ef0 CB02     		.2byte	0x2cb
 1836 0ef2 040F0000 		.4byte	0xf04
 1837 0ef6 02       		.uleb128 0x2
 1838 0ef7 DE080000 		.4byte	.LASF183
 1839 0efb 08       		.byte	0x8
 1840 0efc CB02     		.2byte	0x2cb
 1841 0efe 2D       		.byte	0x2d
 1842 0eff CE010000 		.4byte	0x1ce
 1843 0f03 00       		.byte	0
 1844 0f04 04       		.uleb128 0x4
 1845 0f05 940F0000 		.4byte	.LASF233
 1846 0f09 BA02     		.2byte	0x2ba
 1847 0f0b 1D0F0000 		.4byte	0xf1d
 1848 0f0f 02       		.uleb128 0x2
 1849 0f10 DE080000 		.4byte	.LASF183
 1850 0f14 08       		.byte	0x8
 1851 0f15 BA02     		.2byte	0x2ba
 1852 0f17 27       		.byte	0x27
 1853 0f18 CE010000 		.4byte	0x1ce
 1854 0f1c 00       		.byte	0
 1855 0f1d 06       		.uleb128 0x6
 1856 0f1e 5B010000 		.4byte	.LASF234
 1857 0f22 B002     		.2byte	0x2b0
 1858 0f24 06       		.uleb128 0x6
 1859 0f25 7E0E0000 		.4byte	.LASF235
 1860 0f29 A702     		.2byte	0x2a7
 1861 0f2b 04       		.uleb128 0x4
 1862 0f2c 7C0F0000 		.4byte	.LASF236
 1863 0f30 9E02     		.2byte	0x29e
 1864 0f32 440F0000 		.4byte	0xf44
 1865 0f36 02       		.uleb128 0x2
 1866 0f37 94060000 		.4byte	.LASF195
 1867 0f3b 08       		.byte	0x8
 1868 0f3c 9E02     		.2byte	0x29e
 1869 0f3e 27       		.byte	0x27
 1870 0f3f CE010000 		.4byte	0x1ce
 1871 0f43 00       		.byte	0
 1872 0f44 06       		.uleb128 0x6
 1873 0f45 570D0000 		.4byte	.LASF237
 1874 0f49 9302     		.2byte	0x293
 1875 0f4b 06       		.uleb128 0x6
 1876 0f4c EE070000 		.4byte	.LASF238
 1877 0f50 8902     		.2byte	0x289
 1878 0f52 04       		.uleb128 0x4
 1879 0f53 770C0000 		.4byte	.LASF239
 1880 0f57 7F02     		.2byte	0x27f
 1881 0f59 850F0000 		.4byte	0xf85
ARM GAS  C:\Users\PUBLIC~1.LAP\AppData\Local\Temp\ccG3WIcm.s 			page 34


 1882 0f5d 02       		.uleb128 0x2
 1883 0f5e DE080000 		.4byte	.LASF183
 1884 0f62 08       		.byte	0x8
 1885 0f63 7F02     		.2byte	0x27f
 1886 0f65 29       		.byte	0x29
 1887 0f66 CE010000 		.4byte	0x1ce
 1888 0f6a 02       		.uleb128 0x2
 1889 0f6b D9090000 		.4byte	.LASF182
 1890 0f6f 08       		.byte	0x8
 1891 0f70 7F02     		.2byte	0x27f
 1892 0f72 3A       		.byte	0x3a
 1893 0f73 CE010000 		.4byte	0x1ce
 1894 0f77 02       		.uleb128 0x2
 1895 0f78 94060000 		.4byte	.LASF195
 1896 0f7c 08       		.byte	0x8
 1897 0f7d 7F02     		.2byte	0x27f
 1898 0f7f 49       		.byte	0x49
 1899 0f80 CE010000 		.4byte	0x1ce
 1900 0f84 00       		.byte	0
 1901 0f85 0C       		.uleb128 0xc
 1902 0f86 050C0000 		.4byte	.LASF240
 1903 0f8a 7202     		.2byte	0x272
 1904 0f8c 0A       		.byte	0xa
 1905 0f8d CE010000 		.4byte	0x1ce
 1906 0f91 B00F0000 		.4byte	0xfb0
 1907 0f95 02       		.uleb128 0x2
 1908 0f96 DE080000 		.4byte	.LASF183
 1909 0f9a 08       		.byte	0x8
 1910 0f9b 7202     		.2byte	0x272
 1911 0f9d 2D       		.byte	0x2d
 1912 0f9e CE010000 		.4byte	0x1ce
 1913 0fa2 02       		.uleb128 0x2
 1914 0fa3 94060000 		.4byte	.LASF195
 1915 0fa7 08       		.byte	0x8
 1916 0fa8 7202     		.2byte	0x272
 1917 0faa 3E       		.byte	0x3e
 1918 0fab CE010000 		.4byte	0x1ce
 1919 0faf 00       		.byte	0
 1920 0fb0 04       		.uleb128 0x4
 1921 0fb1 78040000 		.4byte	.LASF241
 1922 0fb5 5D02     		.2byte	0x25d
 1923 0fb7 D60F0000 		.4byte	0xfd6
 1924 0fbb 02       		.uleb128 0x2
 1925 0fbc DE080000 		.4byte	.LASF183
 1926 0fc0 08       		.byte	0x8
 1927 0fc1 5D02     		.2byte	0x25d
 1928 0fc3 2C       		.byte	0x2c
 1929 0fc4 CE010000 		.4byte	0x1ce
 1930 0fc8 02       		.uleb128 0x2
 1931 0fc9 94060000 		.4byte	.LASF195
 1932 0fcd 08       		.byte	0x8
 1933 0fce 5D02     		.2byte	0x25d
 1934 0fd0 3D       		.byte	0x3d
 1935 0fd1 CE010000 		.4byte	0x1ce
 1936 0fd5 00       		.byte	0
 1937 0fd6 04       		.uleb128 0x4
 1938 0fd7 3F0A0000 		.4byte	.LASF242
ARM GAS  C:\Users\PUBLIC~1.LAP\AppData\Local\Temp\ccG3WIcm.s 			page 35


 1939 0fdb 5102     		.2byte	0x251
 1940 0fdd 09100000 		.4byte	0x1009
 1941 0fe1 02       		.uleb128 0x2
 1942 0fe2 DE080000 		.4byte	.LASF183
 1943 0fe6 08       		.byte	0x8
 1944 0fe7 5102     		.2byte	0x251
 1945 0fe9 2B       		.byte	0x2b
 1946 0fea CE010000 		.4byte	0x1ce
 1947 0fee 02       		.uleb128 0x2
 1948 0fef B20F0000 		.4byte	.LASF243
 1949 0ff3 08       		.byte	0x8
 1950 0ff4 5102     		.2byte	0x251
 1951 0ff6 38       		.byte	0x38
 1952 0ff7 720E0000 		.4byte	0xe72
 1953 0ffb 02       		.uleb128 0x2
 1954 0ffc 94060000 		.4byte	.LASF195
 1955 1000 08       		.byte	0x8
 1956 1001 5102     		.2byte	0x251
 1957 1003 49       		.byte	0x49
 1958 1004 CE010000 		.4byte	0x1ce
 1959 1008 00       		.byte	0
 1960 1009 04       		.uleb128 0x4
 1961 100a 3B010000 		.4byte	.LASF244
 1962 100e 3A02     		.2byte	0x23a
 1963 1010 22100000 		.4byte	0x1022
 1964 1014 02       		.uleb128 0x2
 1965 1015 DE080000 		.4byte	.LASF183
 1966 1019 08       		.byte	0x8
 1967 101a 3A02     		.2byte	0x23a
 1968 101c 28       		.byte	0x28
 1969 101d CE010000 		.4byte	0x1ce
 1970 1021 00       		.byte	0
 1971 1022 04       		.uleb128 0x4
 1972 1023 7E000000 		.4byte	.LASF245
 1973 1027 ED01     		.2byte	0x1ed
 1974 1029 7A100000 		.4byte	0x107a
 1975 102d 02       		.uleb128 0x2
 1976 102e DE080000 		.4byte	.LASF183
 1977 1032 08       		.byte	0x8
 1978 1033 ED01     		.2byte	0x1ed
 1979 1035 26       		.byte	0x26
 1980 1036 CE010000 		.4byte	0x1ce
 1981 103a 02       		.uleb128 0x2
 1982 103b 54080000 		.4byte	.LASF246
 1983 103f 08       		.byte	0x8
 1984 1040 ED01     		.2byte	0x1ed
 1985 1042 37       		.byte	0x37
 1986 1043 CE010000 		.4byte	0x1ce
 1987 1047 02       		.uleb128 0x2
 1988 1048 07080000 		.4byte	.LASF247
 1989 104c 08       		.byte	0x8
 1990 104d ED01     		.2byte	0x1ed
 1991 104f 47       		.byte	0x47
 1992 1050 CE010000 		.4byte	0x1ce
 1993 1054 02       		.uleb128 0x2
 1994 1055 61090000 		.4byte	.LASF248
 1995 1059 08       		.byte	0x8
ARM GAS  C:\Users\PUBLIC~1.LAP\AppData\Local\Temp\ccG3WIcm.s 			page 36


 1996 105a ED01     		.2byte	0x1ed
 1997 105c 59       		.byte	0x59
 1998 105d CE010000 		.4byte	0x1ce
 1999 1061 02       		.uleb128 0x2
 2000 1062 94060000 		.4byte	.LASF195
 2001 1066 08       		.byte	0x8
 2002 1067 ED01     		.2byte	0x1ed
 2003 1069 68       		.byte	0x68
 2004 106a CE010000 		.4byte	0x1ce
 2005 106e 15       		.uleb128 0x15
 2006 106f 746D7000 		.ascii	"tmp\000"
 2007 1073 EF01     		.2byte	0x1ef
 2008 1075 CE010000 		.4byte	0x1ce
 2009 1079 00       		.byte	0
 2010 107a 04       		.uleb128 0x4
 2011 107b 3F100000 		.4byte	.LASF249
 2012 107f DB01     		.2byte	0x1db
 2013 1081 AD100000 		.4byte	0x10ad
 2014 1085 02       		.uleb128 0x2
 2015 1086 DE080000 		.4byte	.LASF183
 2016 108a 08       		.byte	0x8
 2017 108b DB01     		.2byte	0x1db
 2018 108d 25       		.byte	0x25
 2019 108e CE010000 		.4byte	0x1ce
 2020 1092 02       		.uleb128 0x2
 2021 1093 D9090000 		.4byte	.LASF182
 2022 1097 08       		.byte	0x8
 2023 1098 DB01     		.2byte	0x1db
 2024 109a 36       		.byte	0x36
 2025 109b CE010000 		.4byte	0x1ce
 2026 109f 02       		.uleb128 0x2
 2027 10a0 94060000 		.4byte	.LASF195
 2028 10a4 08       		.byte	0x8
 2029 10a5 DB01     		.2byte	0x1db
 2030 10a7 45       		.byte	0x45
 2031 10a8 CE010000 		.4byte	0x1ce
 2032 10ac 00       		.byte	0
 2033 10ad 0C       		.uleb128 0xc
 2034 10ae DE090000 		.4byte	.LASF250
 2035 10b2 CD01     		.2byte	0x1cd
 2036 10b4 0A       		.byte	0xa
 2037 10b5 CE010000 		.4byte	0x1ce
 2038 10b9 D8100000 		.4byte	0x10d8
 2039 10bd 02       		.uleb128 0x2
 2040 10be DE080000 		.4byte	.LASF183
 2041 10c2 08       		.byte	0x8
 2042 10c3 CD01     		.2byte	0x1cd
 2043 10c5 29       		.byte	0x29
 2044 10c6 CE010000 		.4byte	0x1ce
 2045 10ca 02       		.uleb128 0x2
 2046 10cb 94060000 		.4byte	.LASF195
 2047 10cf 08       		.byte	0x8
 2048 10d0 CD01     		.2byte	0x1cd
 2049 10d2 3A       		.byte	0x3a
 2050 10d3 CE010000 		.4byte	0x1ce
 2051 10d7 00       		.byte	0
 2052 10d8 04       		.uleb128 0x4
ARM GAS  C:\Users\PUBLIC~1.LAP\AppData\Local\Temp\ccG3WIcm.s 			page 37


 2053 10d9 09030000 		.4byte	.LASF251
 2054 10dd AA01     		.2byte	0x1aa
 2055 10df FE100000 		.4byte	0x10fe
 2056 10e3 02       		.uleb128 0x2
 2057 10e4 DE080000 		.4byte	.LASF183
 2058 10e8 08       		.byte	0x8
 2059 10e9 AA01     		.2byte	0x1aa
 2060 10eb 2B       		.byte	0x2b
 2061 10ec CE010000 		.4byte	0x1ce
 2062 10f0 02       		.uleb128 0x2
 2063 10f1 94060000 		.4byte	.LASF195
 2064 10f5 08       		.byte	0x8
 2065 10f6 AA01     		.2byte	0x1aa
 2066 10f8 3C       		.byte	0x3c
 2067 10f9 CE010000 		.4byte	0x1ce
 2068 10fd 00       		.byte	0
 2069 10fe 04       		.uleb128 0x4
 2070 10ff 250D0000 		.4byte	.LASF252
 2071 1103 9201     		.2byte	0x192
 2072 1105 24110000 		.4byte	0x1124
 2073 1109 02       		.uleb128 0x2
 2074 110a DE080000 		.4byte	.LASF183
 2075 110e 08       		.byte	0x8
 2076 110f 9201     		.2byte	0x192
 2077 1111 2A       		.byte	0x2a
 2078 1112 CE010000 		.4byte	0x1ce
 2079 1116 02       		.uleb128 0x2
 2080 1117 94060000 		.4byte	.LASF195
 2081 111b 08       		.byte	0x8
 2082 111c 9201     		.2byte	0x192
 2083 111e 3B       		.byte	0x3b
 2084 111f CE010000 		.4byte	0x1ce
 2085 1123 00       		.byte	0
 2086 1124 04       		.uleb128 0x4
 2087 1125 B50C0000 		.4byte	.LASF253
 2088 1129 7E01     		.2byte	0x17e
 2089 112b 4A110000 		.4byte	0x114a
 2090 112f 02       		.uleb128 0x2
 2091 1130 DE080000 		.4byte	.LASF183
 2092 1134 08       		.byte	0x8
 2093 1135 7E01     		.2byte	0x17e
 2094 1137 24       		.byte	0x24
 2095 1138 CE010000 		.4byte	0x1ce
 2096 113c 02       		.uleb128 0x2
 2097 113d 94060000 		.4byte	.LASF195
 2098 1141 08       		.byte	0x8
 2099 1142 7E01     		.2byte	0x17e
 2100 1144 35       		.byte	0x35
 2101 1145 CE010000 		.4byte	0x1ce
 2102 1149 00       		.byte	0
 2103 114a 04       		.uleb128 0x4
 2104 114b A50D0000 		.4byte	.LASF254
 2105 114f 6C01     		.2byte	0x16c
 2106 1151 70110000 		.4byte	0x1170
 2107 1155 02       		.uleb128 0x2
 2108 1156 DE080000 		.4byte	.LASF183
 2109 115a 08       		.byte	0x8
ARM GAS  C:\Users\PUBLIC~1.LAP\AppData\Local\Temp\ccG3WIcm.s 			page 38


 2110 115b 6C01     		.2byte	0x16c
 2111 115d 27       		.byte	0x27
 2112 115e CE010000 		.4byte	0x1ce
 2113 1162 02       		.uleb128 0x2
 2114 1163 EE100000 		.4byte	.LASF255
 2115 1167 08       		.byte	0x8
 2116 1168 6C01     		.2byte	0x16c
 2117 116a 34       		.byte	0x34
 2118 116b 720E0000 		.4byte	0xe72
 2119 116f 00       		.byte	0
 2120 1170 04       		.uleb128 0x4
 2121 1171 0F080000 		.4byte	.LASF256
 2122 1175 4601     		.2byte	0x146
 2123 1177 AE110000 		.4byte	0x11ae
 2124 117b 02       		.uleb128 0x2
 2125 117c DE080000 		.4byte	.LASF183
 2126 1180 08       		.byte	0x8
 2127 1181 4601     		.2byte	0x146
 2128 1183 29       		.byte	0x29
 2129 1184 CE010000 		.4byte	0x1ce
 2130 1188 02       		.uleb128 0x2
 2131 1189 54080000 		.4byte	.LASF246
 2132 118d 08       		.byte	0x8
 2133 118e 4601     		.2byte	0x146
 2134 1190 3B       		.byte	0x3b
 2135 1191 980C0000 		.4byte	0xc98
 2136 1195 02       		.uleb128 0x2
 2137 1196 94060000 		.4byte	.LASF195
 2138 119a 08       		.byte	0x8
 2139 119b 4601     		.2byte	0x146
 2140 119d 4C       		.byte	0x4c
 2141 119e 980C0000 		.4byte	0xc98
 2142 11a2 15       		.uleb128 0x15
 2143 11a3 746D7000 		.ascii	"tmp\000"
 2144 11a7 4801     		.2byte	0x148
 2145 11a9 CE010000 		.4byte	0x1ce
 2146 11ad 00       		.byte	0
 2147 11ae 04       		.uleb128 0x4
 2148 11af 4B0E0000 		.4byte	.LASF257
 2149 11b3 2101     		.2byte	0x121
 2150 11b5 EC110000 		.4byte	0x11ec
 2151 11b9 02       		.uleb128 0x2
 2152 11ba DE080000 		.4byte	.LASF183
 2153 11be 08       		.byte	0x8
 2154 11bf 2101     		.2byte	0x121
 2155 11c1 25       		.byte	0x25
 2156 11c2 CE010000 		.4byte	0x1ce
 2157 11c6 02       		.uleb128 0x2
 2158 11c7 54080000 		.4byte	.LASF246
 2159 11cb 08       		.byte	0x8
 2160 11cc 2101     		.2byte	0x121
 2161 11ce 36       		.byte	0x36
 2162 11cf CE010000 		.4byte	0x1ce
 2163 11d3 02       		.uleb128 0x2
 2164 11d4 94060000 		.4byte	.LASF195
 2165 11d8 08       		.byte	0x8
 2166 11d9 2101     		.2byte	0x121
ARM GAS  C:\Users\PUBLIC~1.LAP\AppData\Local\Temp\ccG3WIcm.s 			page 39


 2167 11db 46       		.byte	0x46
 2168 11dc CE010000 		.4byte	0x1ce
 2169 11e0 15       		.uleb128 0x15
 2170 11e1 746D7000 		.ascii	"tmp\000"
 2171 11e5 2301     		.2byte	0x123
 2172 11e7 CE010000 		.4byte	0x1ce
 2173 11eb 00       		.byte	0
 2174 11ec 06       		.uleb128 0x6
 2175 11ed 6F0D0000 		.4byte	.LASF258
 2176 11f1 1401     		.2byte	0x114
 2177 11f3 06       		.uleb128 0x6
 2178 11f4 400D0000 		.4byte	.LASF259
 2179 11f8 0A01     		.2byte	0x10a
 2180 11fa 06       		.uleb128 0x6
 2181 11fb 82100000 		.4byte	.LASF260
 2182 11ff 0001     		.2byte	0x100
 2183 1201 0E       		.uleb128 0xe
 2184 1202 BB020000 		.4byte	.LASF261
 2185 1206 F6       		.byte	0xf6
 2186 1207 17120000 		.4byte	0x1217
 2187 120b 10       		.uleb128 0x10
 2188 120c D9090000 		.4byte	.LASF182
 2189 1210 F6       		.byte	0xf6
 2190 1211 23       		.byte	0x23
 2191 1212 A5010000 		.4byte	0x1a5
 2192 1216 00       		.byte	0
 2193 1217 11       		.uleb128 0x11
 2194 1218 670F0000 		.4byte	.LASF262
 2195 121c EC       		.byte	0xec
 2196 121d 09       		.byte	0x9
 2197 121e A5010000 		.4byte	0x1a5
 2198 1222 0E       		.uleb128 0xe
 2199 1223 BA0B0000 		.4byte	.LASF263
 2200 1227 D6       		.byte	0xd6
 2201 1228 38120000 		.4byte	0x1238
 2202 122c 18       		.uleb128 0x18
 2203 122d 63696400 		.ascii	"cid\000"
 2204 1231 D6       		.byte	0xd6
 2205 1232 24       		.byte	0x24
 2206 1233 A5010000 		.4byte	0x1a5
 2207 1237 00       		.byte	0
 2208 1238 0E       		.uleb128 0xe
 2209 1239 6A100000 		.4byte	.LASF264
 2210 123d C7       		.byte	0xc7
 2211 123e 4E120000 		.4byte	0x124e
 2212 1242 10       		.uleb128 0x10
 2213 1243 BD0D0000 		.4byte	.LASF265
 2214 1247 C7       		.byte	0xc7
 2215 1248 21       		.byte	0x21
 2216 1249 A5010000 		.4byte	0x1a5
 2217 124d 00       		.byte	0
 2218 124e 0E       		.uleb128 0xe
 2219 124f 09000000 		.4byte	.LASF266
 2220 1253 BA       		.byte	0xba
 2221 1254 64120000 		.4byte	0x1264
 2222 1258 10       		.uleb128 0x10
 2223 1259 D90F0000 		.4byte	.LASF267
ARM GAS  C:\Users\PUBLIC~1.LAP\AppData\Local\Temp\ccG3WIcm.s 			page 40


 2224 125d BA       		.byte	0xba
 2225 125e 28       		.byte	0x28
 2226 125f AB090000 		.4byte	0x9ab
 2227 1263 00       		.byte	0
 2228 1264 0E       		.uleb128 0xe
 2229 1265 DC040000 		.4byte	.LASF268
 2230 1269 AE       		.byte	0xae
 2231 126a 7A120000 		.4byte	0x127a
 2232 126e 10       		.uleb128 0x10
 2233 126f D90F0000 		.4byte	.LASF267
 2234 1273 AE       		.byte	0xae
 2235 1274 28       		.byte	0x28
 2236 1275 AB090000 		.4byte	0x9ab
 2237 1279 00       		.byte	0
 2238 127a 1C       		.uleb128 0x1c
 2239 127b AE080000 		.4byte	.LASF269
 2240 127f A4       		.byte	0xa4
 2241 1280 05       		.byte	0x5
 2242 1281 25000000 		.4byte	0x25
 2243 1285 A0120000 		.4byte	0x12a0
 2244 1289 18       		.uleb128 0x18
 2245 128a 62756600 		.ascii	"buf\000"
 2246 128e A4       		.byte	0xa4
 2247 128f 28       		.byte	0x28
 2248 1290 DC0D0000 		.4byte	0xddc
 2249 1294 18       		.uleb128 0x18
 2250 1295 6C656E00 		.ascii	"len\000"
 2251 1299 A4       		.byte	0xa4
 2252 129a 36       		.byte	0x36
 2253 129b B6010000 		.4byte	0x1b6
 2254 129f 00       		.byte	0
 2255 12a0 1D       		.uleb128 0x1d
 2256 12a1 620C0000 		.4byte	.LASF270
 2257 12a5 99       		.byte	0x99
 2258 12a6 1D       		.uleb128 0x1d
 2259 12a7 E5080000 		.4byte	.LASF271
 2260 12ab 8E       		.byte	0x8e
 2261 12ac 11       		.uleb128 0x11
 2262 12ad 96100000 		.4byte	.LASF272
 2263 12b1 85       		.byte	0x85
 2264 12b2 0A       		.byte	0xa
 2265 12b3 CE010000 		.4byte	0x1ce
 2266 12b7 11       		.uleb128 0x11
 2267 12b8 9C0B0000 		.4byte	.LASF273
 2268 12bc 7C       		.byte	0x7c
 2269 12bd 0A       		.byte	0xa
 2270 12be CE010000 		.4byte	0x1ce
 2271 12c2 0E       		.uleb128 0xe
 2272 12c3 15020000 		.4byte	.LASF274
 2273 12c7 71       		.byte	0x71
 2274 12c8 D8120000 		.4byte	0x12d8
 2275 12cc 10       		.uleb128 0x10
 2276 12cd 7B090000 		.4byte	.LASF223
 2277 12d1 71       		.byte	0x71
 2278 12d2 25       		.byte	0x25
 2279 12d3 720E0000 		.4byte	0xe72
 2280 12d7 00       		.byte	0
ARM GAS  C:\Users\PUBLIC~1.LAP\AppData\Local\Temp\ccG3WIcm.s 			page 41


 2281 12d8 11       		.uleb128 0x11
 2282 12d9 090D0000 		.4byte	.LASF275
 2283 12dd 66       		.byte	0x66
 2284 12de 0A       		.byte	0xa
 2285 12df CE010000 		.4byte	0x1ce
 2286 12e3 11       		.uleb128 0x11
 2287 12e4 94010000 		.4byte	.LASF276
 2288 12e8 5C       		.byte	0x5c
 2289 12e9 0A       		.byte	0xa
 2290 12ea CE010000 		.4byte	0x1ce
 2291 12ee 11       		.uleb128 0x11
 2292 12ef 9B070000 		.4byte	.LASF277
 2293 12f3 53       		.byte	0x53
 2294 12f4 0A       		.byte	0xa
 2295 12f5 CE010000 		.4byte	0x1ce
 2296 12f9 0E       		.uleb128 0xe
 2297 12fa 02090000 		.4byte	.LASF278
 2298 12fe 45       		.byte	0x45
 2299 12ff 0F130000 		.4byte	0x130f
 2300 1303 10       		.uleb128 0x10
 2301 1304 5B000000 		.4byte	.LASF229
 2302 1308 45       		.byte	0x45
 2303 1309 27       		.byte	0x27
 2304 130a 720E0000 		.4byte	0xe72
 2305 130e 00       		.byte	0
 2306 130f 1C       		.uleb128 0x1c
 2307 1310 4F070000 		.4byte	.LASF279
 2308 1314 39       		.byte	0x39
 2309 1315 0A       		.byte	0xa
 2310 1316 CE010000 		.4byte	0x1ce
 2311 131a 33130000 		.4byte	0x1333
 2312 131e 1E       		.uleb128 0x1e
 2313 131f 66090000 		.4byte	.LASF280
 2314 1323 3B       		.byte	0x3b
 2315 1324 A5010000 		.4byte	0x1a5
 2316 1328 1E       		.uleb128 0x1e
 2317 1329 47090000 		.4byte	.LASF281
 2318 132d 3C       		.byte	0x3c
 2319 132e A5010000 		.4byte	0x1a5
 2320 1332 00       		.byte	0
 2321 1333 19       		.uleb128 0x19
 2322 1334 C0040000 		.4byte	.LASF284
 2323 1338 DA02     		.2byte	0x2da
 2324 133a 59130000 		.4byte	0x1359
 2325 133e 02       		.uleb128 0x2
 2326 133f D7020000 		.4byte	.LASF282
 2327 1343 04       		.byte	0x4
 2328 1344 DA02     		.2byte	0x2da
 2329 1346 33       		.byte	0x33
 2330 1347 99010000 		.4byte	0x199
 2331 134b 02       		.uleb128 0x2
 2332 134c 190E0000 		.4byte	.LASF283
 2333 1350 04       		.byte	0x4
 2334 1351 DA02     		.2byte	0x2da
 2335 1353 42       		.byte	0x42
 2336 1354 CE010000 		.4byte	0x1ce
 2337 1358 00       		.byte	0
ARM GAS  C:\Users\PUBLIC~1.LAP\AppData\Local\Temp\ccG3WIcm.s 			page 42


 2338 1359 19       		.uleb128 0x19
 2339 135a 7E070000 		.4byte	.LASF285
 2340 135e 9302     		.2byte	0x293
 2341 1360 72130000 		.4byte	0x1372
 2342 1364 02       		.uleb128 0x2
 2343 1365 D7020000 		.4byte	.LASF282
 2344 1369 04       		.byte	0x4
 2345 136a 9302     		.2byte	0x293
 2346 136c 32       		.byte	0x32
 2347 136d 99010000 		.4byte	0x199
 2348 1371 00       		.byte	0
 2349 1372 19       		.uleb128 0x19
 2350 1373 A4020000 		.4byte	.LASF286
 2351 1377 6F02     		.2byte	0x26f
 2352 1379 8B130000 		.4byte	0x138b
 2353 137d 02       		.uleb128 0x2
 2354 137e D7020000 		.4byte	.LASF282
 2355 1382 04       		.byte	0x4
 2356 1383 6F02     		.2byte	0x26f
 2357 1385 31       		.byte	0x31
 2358 1386 99010000 		.4byte	0x199
 2359 138a 00       		.byte	0
 2360 138b 1F       		.uleb128 0x1f
 2361 138c CB050000 		.4byte	.LASF287
 2362 1390 6D03     		.2byte	0x36d
 2363 1392 1F       		.uleb128 0x1f
 2364 1393 8E060000 		.4byte	.LASF288
 2365 1397 6203     		.2byte	0x362
 2366 1399 00       		.byte	0
 2367              		.section	.gnu.debuglto_.debug_abbrev,"e",%progbits
 2368              	.Ldebug_abbrev0:
 2369 0000 01       		.uleb128 0x1
 2370 0001 0D       		.uleb128 0xd
 2371 0002 00       		.byte	0
 2372 0003 03       		.uleb128 0x3
 2373 0004 0E       		.uleb128 0xe
 2374 0005 3A       		.uleb128 0x3a
 2375 0006 0B       		.uleb128 0xb
 2376 0007 3B       		.uleb128 0x3b
 2377 0008 05       		.uleb128 0x5
 2378 0009 39       		.uleb128 0x39
 2379 000a 0B       		.uleb128 0xb
 2380 000b 49       		.uleb128 0x49
 2381 000c 13       		.uleb128 0x13
 2382 000d 38       		.uleb128 0x38
 2383 000e 0B       		.uleb128 0xb
 2384 000f 00       		.byte	0
 2385 0010 00       		.byte	0
 2386 0011 02       		.uleb128 0x2
 2387 0012 05       		.uleb128 0x5
 2388 0013 00       		.byte	0
 2389 0014 03       		.uleb128 0x3
 2390 0015 0E       		.uleb128 0xe
 2391 0016 3A       		.uleb128 0x3a
 2392 0017 0B       		.uleb128 0xb
 2393 0018 3B       		.uleb128 0x3b
 2394 0019 05       		.uleb128 0x5
ARM GAS  C:\Users\PUBLIC~1.LAP\AppData\Local\Temp\ccG3WIcm.s 			page 43


 2395 001a 39       		.uleb128 0x39
 2396 001b 0B       		.uleb128 0xb
 2397 001c 49       		.uleb128 0x49
 2398 001d 13       		.uleb128 0x13
 2399 001e 00       		.byte	0
 2400 001f 00       		.byte	0
 2401 0020 03       		.uleb128 0x3
 2402 0021 28       		.uleb128 0x28
 2403 0022 00       		.byte	0
 2404 0023 03       		.uleb128 0x3
 2405 0024 0E       		.uleb128 0xe
 2406 0025 1C       		.uleb128 0x1c
 2407 0026 0B       		.uleb128 0xb
 2408 0027 00       		.byte	0
 2409 0028 00       		.byte	0
 2410 0029 04       		.uleb128 0x4
 2411 002a 2E       		.uleb128 0x2e
 2412 002b 01       		.byte	0x1
 2413 002c 3F       		.uleb128 0x3f
 2414 002d 19       		.uleb128 0x19
 2415 002e 03       		.uleb128 0x3
 2416 002f 0E       		.uleb128 0xe
 2417 0030 3A       		.uleb128 0x3a
 2418 0031 21       		.uleb128 0x21
 2419 0032 08       		.sleb128 8
 2420 0033 3B       		.uleb128 0x3b
 2421 0034 05       		.uleb128 0x5
 2422 0035 39       		.uleb128 0x39
 2423 0036 21       		.uleb128 0x21
 2424 0037 06       		.sleb128 6
 2425 0038 27       		.uleb128 0x27
 2426 0039 19       		.uleb128 0x19
 2427 003a 01       		.uleb128 0x1
 2428 003b 13       		.uleb128 0x13
 2429 003c 00       		.byte	0
 2430 003d 00       		.byte	0
 2431 003e 05       		.uleb128 0x5
 2432 003f 0D       		.uleb128 0xd
 2433 0040 00       		.byte	0
 2434 0041 03       		.uleb128 0x3
 2435 0042 08       		.uleb128 0x8
 2436 0043 3A       		.uleb128 0x3a
 2437 0044 0B       		.uleb128 0xb
 2438 0045 3B       		.uleb128 0x3b
 2439 0046 05       		.uleb128 0x5
 2440 0047 39       		.uleb128 0x39
 2441 0048 0B       		.uleb128 0xb
 2442 0049 49       		.uleb128 0x49
 2443 004a 13       		.uleb128 0x13
 2444 004b 38       		.uleb128 0x38
 2445 004c 0B       		.uleb128 0xb
 2446 004d 00       		.byte	0
 2447 004e 00       		.byte	0
 2448 004f 06       		.uleb128 0x6
 2449 0050 2E       		.uleb128 0x2e
 2450 0051 00       		.byte	0
 2451 0052 3F       		.uleb128 0x3f
ARM GAS  C:\Users\PUBLIC~1.LAP\AppData\Local\Temp\ccG3WIcm.s 			page 44


 2452 0053 19       		.uleb128 0x19
 2453 0054 03       		.uleb128 0x3
 2454 0055 0E       		.uleb128 0xe
 2455 0056 3A       		.uleb128 0x3a
 2456 0057 21       		.uleb128 0x21
 2457 0058 08       		.sleb128 8
 2458 0059 3B       		.uleb128 0x3b
 2459 005a 05       		.uleb128 0x5
 2460 005b 39       		.uleb128 0x39
 2461 005c 21       		.uleb128 0x21
 2462 005d 06       		.sleb128 6
 2463 005e 27       		.uleb128 0x27
 2464 005f 19       		.uleb128 0x19
 2465 0060 00       		.byte	0
 2466 0061 00       		.byte	0
 2467 0062 07       		.uleb128 0x7
 2468 0063 24       		.uleb128 0x24
 2469 0064 00       		.byte	0
 2470 0065 0B       		.uleb128 0xb
 2471 0066 0B       		.uleb128 0xb
 2472 0067 3E       		.uleb128 0x3e
 2473 0068 0B       		.uleb128 0xb
 2474 0069 03       		.uleb128 0x3
 2475 006a 0E       		.uleb128 0xe
 2476 006b 00       		.byte	0
 2477 006c 00       		.byte	0
 2478 006d 08       		.uleb128 0x8
 2479 006e 35       		.uleb128 0x35
 2480 006f 00       		.byte	0
 2481 0070 49       		.uleb128 0x49
 2482 0071 13       		.uleb128 0x13
 2483 0072 00       		.byte	0
 2484 0073 00       		.byte	0
 2485 0074 09       		.uleb128 0x9
 2486 0075 01       		.uleb128 0x1
 2487 0076 01       		.byte	0x1
 2488 0077 49       		.uleb128 0x49
 2489 0078 13       		.uleb128 0x13
 2490 0079 01       		.uleb128 0x1
 2491 007a 13       		.uleb128 0x13
 2492 007b 00       		.byte	0
 2493 007c 00       		.byte	0
 2494 007d 0A       		.uleb128 0xa
 2495 007e 21       		.uleb128 0x21
 2496 007f 00       		.byte	0
 2497 0080 49       		.uleb128 0x49
 2498 0081 13       		.uleb128 0x13
 2499 0082 2F       		.uleb128 0x2f
 2500 0083 0B       		.uleb128 0xb
 2501 0084 00       		.byte	0
 2502 0085 00       		.byte	0
 2503 0086 0B       		.uleb128 0xb
 2504 0087 2E       		.uleb128 0x2e
 2505 0088 00       		.byte	0
 2506 0089 3F       		.uleb128 0x3f
 2507 008a 19       		.uleb128 0x19
 2508 008b 03       		.uleb128 0x3
ARM GAS  C:\Users\PUBLIC~1.LAP\AppData\Local\Temp\ccG3WIcm.s 			page 45


 2509 008c 0E       		.uleb128 0xe
 2510 008d 3A       		.uleb128 0x3a
 2511 008e 21       		.uleb128 0x21
 2512 008f 08       		.sleb128 8
 2513 0090 3B       		.uleb128 0x3b
 2514 0091 05       		.uleb128 0x5
 2515 0092 39       		.uleb128 0x39
 2516 0093 0B       		.uleb128 0xb
 2517 0094 27       		.uleb128 0x27
 2518 0095 19       		.uleb128 0x19
 2519 0096 49       		.uleb128 0x49
 2520 0097 13       		.uleb128 0x13
 2521 0098 00       		.byte	0
 2522 0099 00       		.byte	0
 2523 009a 0C       		.uleb128 0xc
 2524 009b 2E       		.uleb128 0x2e
 2525 009c 01       		.byte	0x1
 2526 009d 3F       		.uleb128 0x3f
 2527 009e 19       		.uleb128 0x19
 2528 009f 03       		.uleb128 0x3
 2529 00a0 0E       		.uleb128 0xe
 2530 00a1 3A       		.uleb128 0x3a
 2531 00a2 21       		.uleb128 0x21
 2532 00a3 08       		.sleb128 8
 2533 00a4 3B       		.uleb128 0x3b
 2534 00a5 05       		.uleb128 0x5
 2535 00a6 39       		.uleb128 0x39
 2536 00a7 0B       		.uleb128 0xb
 2537 00a8 27       		.uleb128 0x27
 2538 00a9 19       		.uleb128 0x19
 2539 00aa 49       		.uleb128 0x49
 2540 00ab 13       		.uleb128 0x13
 2541 00ac 01       		.uleb128 0x1
 2542 00ad 13       		.uleb128 0x13
 2543 00ae 00       		.byte	0
 2544 00af 00       		.byte	0
 2545 00b0 0D       		.uleb128 0xd
 2546 00b1 16       		.uleb128 0x16
 2547 00b2 00       		.byte	0
 2548 00b3 03       		.uleb128 0x3
 2549 00b4 0E       		.uleb128 0xe
 2550 00b5 3A       		.uleb128 0x3a
 2551 00b6 0B       		.uleb128 0xb
 2552 00b7 3B       		.uleb128 0x3b
 2553 00b8 0B       		.uleb128 0xb
 2554 00b9 39       		.uleb128 0x39
 2555 00ba 0B       		.uleb128 0xb
 2556 00bb 49       		.uleb128 0x49
 2557 00bc 13       		.uleb128 0x13
 2558 00bd 00       		.byte	0
 2559 00be 00       		.byte	0
 2560 00bf 0E       		.uleb128 0xe
 2561 00c0 2E       		.uleb128 0x2e
 2562 00c1 01       		.byte	0x1
 2563 00c2 3F       		.uleb128 0x3f
 2564 00c3 19       		.uleb128 0x19
 2565 00c4 03       		.uleb128 0x3
ARM GAS  C:\Users\PUBLIC~1.LAP\AppData\Local\Temp\ccG3WIcm.s 			page 46


 2566 00c5 0E       		.uleb128 0xe
 2567 00c6 3A       		.uleb128 0x3a
 2568 00c7 21       		.uleb128 0x21
 2569 00c8 08       		.sleb128 8
 2570 00c9 3B       		.uleb128 0x3b
 2571 00ca 0B       		.uleb128 0xb
 2572 00cb 39       		.uleb128 0x39
 2573 00cc 21       		.uleb128 0x21
 2574 00cd 06       		.sleb128 6
 2575 00ce 27       		.uleb128 0x27
 2576 00cf 19       		.uleb128 0x19
 2577 00d0 01       		.uleb128 0x1
 2578 00d1 13       		.uleb128 0x13
 2579 00d2 00       		.byte	0
 2580 00d3 00       		.byte	0
 2581 00d4 0F       		.uleb128 0xf
 2582 00d5 16       		.uleb128 0x16
 2583 00d6 00       		.byte	0
 2584 00d7 03       		.uleb128 0x3
 2585 00d8 0E       		.uleb128 0xe
 2586 00d9 3A       		.uleb128 0x3a
 2587 00da 0B       		.uleb128 0xb
 2588 00db 3B       		.uleb128 0x3b
 2589 00dc 05       		.uleb128 0x5
 2590 00dd 39       		.uleb128 0x39
 2591 00de 0B       		.uleb128 0xb
 2592 00df 49       		.uleb128 0x49
 2593 00e0 13       		.uleb128 0x13
 2594 00e1 00       		.byte	0
 2595 00e2 00       		.byte	0
 2596 00e3 10       		.uleb128 0x10
 2597 00e4 05       		.uleb128 0x5
 2598 00e5 00       		.byte	0
 2599 00e6 03       		.uleb128 0x3
 2600 00e7 0E       		.uleb128 0xe
 2601 00e8 3A       		.uleb128 0x3a
 2602 00e9 21       		.uleb128 0x21
 2603 00ea 08       		.sleb128 8
 2604 00eb 3B       		.uleb128 0x3b
 2605 00ec 0B       		.uleb128 0xb
 2606 00ed 39       		.uleb128 0x39
 2607 00ee 0B       		.uleb128 0xb
 2608 00ef 49       		.uleb128 0x49
 2609 00f0 13       		.uleb128 0x13
 2610 00f1 00       		.byte	0
 2611 00f2 00       		.byte	0
 2612 00f3 11       		.uleb128 0x11
 2613 00f4 2E       		.uleb128 0x2e
 2614 00f5 00       		.byte	0
 2615 00f6 3F       		.uleb128 0x3f
 2616 00f7 19       		.uleb128 0x19
 2617 00f8 03       		.uleb128 0x3
 2618 00f9 0E       		.uleb128 0xe
 2619 00fa 3A       		.uleb128 0x3a
 2620 00fb 21       		.uleb128 0x21
 2621 00fc 08       		.sleb128 8
 2622 00fd 3B       		.uleb128 0x3b
ARM GAS  C:\Users\PUBLIC~1.LAP\AppData\Local\Temp\ccG3WIcm.s 			page 47


 2623 00fe 0B       		.uleb128 0xb
 2624 00ff 39       		.uleb128 0x39
 2625 0100 0B       		.uleb128 0xb
 2626 0101 27       		.uleb128 0x27
 2627 0102 19       		.uleb128 0x19
 2628 0103 49       		.uleb128 0x49
 2629 0104 13       		.uleb128 0x13
 2630 0105 00       		.byte	0
 2631 0106 00       		.byte	0
 2632 0107 12       		.uleb128 0x12
 2633 0108 28       		.uleb128 0x28
 2634 0109 00       		.byte	0
 2635 010a 03       		.uleb128 0x3
 2636 010b 0E       		.uleb128 0xe
 2637 010c 1C       		.uleb128 0x1c
 2638 010d 0D       		.uleb128 0xd
 2639 010e 00       		.byte	0
 2640 010f 00       		.byte	0
 2641 0110 13       		.uleb128 0x13
 2642 0111 0D       		.uleb128 0xd
 2643 0112 00       		.byte	0
 2644 0113 03       		.uleb128 0x3
 2645 0114 0E       		.uleb128 0xe
 2646 0115 3A       		.uleb128 0x3a
 2647 0116 21       		.uleb128 0x21
 2648 0117 04       		.sleb128 4
 2649 0118 3B       		.uleb128 0x3b
 2650 0119 05       		.uleb128 0x5
 2651 011a 39       		.uleb128 0x39
 2652 011b 21       		.uleb128 0x21
 2653 011c 12       		.sleb128 18
 2654 011d 49       		.uleb128 0x49
 2655 011e 13       		.uleb128 0x13
 2656 011f 38       		.uleb128 0x38
 2657 0120 05       		.uleb128 0x5
 2658 0121 00       		.byte	0
 2659 0122 00       		.byte	0
 2660 0123 14       		.uleb128 0x14
 2661 0124 34       		.uleb128 0x34
 2662 0125 00       		.byte	0
 2663 0126 03       		.uleb128 0x3
 2664 0127 0E       		.uleb128 0xe
 2665 0128 3A       		.uleb128 0x3a
 2666 0129 21       		.uleb128 0x21
 2667 012a 08       		.sleb128 8
 2668 012b 3B       		.uleb128 0x3b
 2669 012c 05       		.uleb128 0x5
 2670 012d 39       		.uleb128 0x39
 2671 012e 0B       		.uleb128 0xb
 2672 012f 49       		.uleb128 0x49
 2673 0130 13       		.uleb128 0x13
 2674 0131 00       		.byte	0
 2675 0132 00       		.byte	0
 2676 0133 15       		.uleb128 0x15
 2677 0134 34       		.uleb128 0x34
 2678 0135 00       		.byte	0
 2679 0136 03       		.uleb128 0x3
ARM GAS  C:\Users\PUBLIC~1.LAP\AppData\Local\Temp\ccG3WIcm.s 			page 48


 2680 0137 08       		.uleb128 0x8
 2681 0138 3A       		.uleb128 0x3a
 2682 0139 21       		.uleb128 0x21
 2683 013a 08       		.sleb128 8
 2684 013b 3B       		.uleb128 0x3b
 2685 013c 05       		.uleb128 0x5
 2686 013d 39       		.uleb128 0x39
 2687 013e 21       		.uleb128 0x21
 2688 013f 0B       		.sleb128 11
 2689 0140 49       		.uleb128 0x49
 2690 0141 13       		.uleb128 0x13
 2691 0142 00       		.byte	0
 2692 0143 00       		.byte	0
 2693 0144 16       		.uleb128 0x16
 2694 0145 05       		.uleb128 0x5
 2695 0146 00       		.byte	0
 2696 0147 03       		.uleb128 0x3
 2697 0148 08       		.uleb128 0x8
 2698 0149 3A       		.uleb128 0x3a
 2699 014a 21       		.uleb128 0x21
 2700 014b 08       		.sleb128 8
 2701 014c 3B       		.uleb128 0x3b
 2702 014d 05       		.uleb128 0x5
 2703 014e 39       		.uleb128 0x39
 2704 014f 0B       		.uleb128 0xb
 2705 0150 49       		.uleb128 0x49
 2706 0151 13       		.uleb128 0x13
 2707 0152 00       		.byte	0
 2708 0153 00       		.byte	0
 2709 0154 17       		.uleb128 0x17
 2710 0155 13       		.uleb128 0x13
 2711 0156 01       		.byte	0x1
 2712 0157 0B       		.uleb128 0xb
 2713 0158 0B       		.uleb128 0xb
 2714 0159 3A       		.uleb128 0x3a
 2715 015a 0B       		.uleb128 0xb
 2716 015b 3B       		.uleb128 0x3b
 2717 015c 05       		.uleb128 0x5
 2718 015d 39       		.uleb128 0x39
 2719 015e 21       		.uleb128 0x21
 2720 015f 09       		.sleb128 9
 2721 0160 01       		.uleb128 0x1
 2722 0161 13       		.uleb128 0x13
 2723 0162 00       		.byte	0
 2724 0163 00       		.byte	0
 2725 0164 18       		.uleb128 0x18
 2726 0165 05       		.uleb128 0x5
 2727 0166 00       		.byte	0
 2728 0167 03       		.uleb128 0x3
 2729 0168 08       		.uleb128 0x8
 2730 0169 3A       		.uleb128 0x3a
 2731 016a 21       		.uleb128 0x21
 2732 016b 08       		.sleb128 8
 2733 016c 3B       		.uleb128 0x3b
 2734 016d 0B       		.uleb128 0xb
 2735 016e 39       		.uleb128 0x39
 2736 016f 0B       		.uleb128 0xb
ARM GAS  C:\Users\PUBLIC~1.LAP\AppData\Local\Temp\ccG3WIcm.s 			page 49


 2737 0170 49       		.uleb128 0x49
 2738 0171 13       		.uleb128 0x13
 2739 0172 00       		.byte	0
 2740 0173 00       		.byte	0
 2741 0174 19       		.uleb128 0x19
 2742 0175 2E       		.uleb128 0x2e
 2743 0176 01       		.byte	0x1
 2744 0177 03       		.uleb128 0x3
 2745 0178 0E       		.uleb128 0xe
 2746 0179 3A       		.uleb128 0x3a
 2747 017a 21       		.uleb128 0x21
 2748 017b 04       		.sleb128 4
 2749 017c 3B       		.uleb128 0x3b
 2750 017d 05       		.uleb128 0x5
 2751 017e 39       		.uleb128 0x39
 2752 017f 21       		.uleb128 0x21
 2753 0180 16       		.sleb128 22
 2754 0181 27       		.uleb128 0x27
 2755 0182 19       		.uleb128 0x19
 2756 0183 01       		.uleb128 0x1
 2757 0184 13       		.uleb128 0x13
 2758 0185 00       		.byte	0
 2759 0186 00       		.byte	0
 2760 0187 1A       		.uleb128 0x1a
 2761 0188 04       		.uleb128 0x4
 2762 0189 01       		.byte	0x1
 2763 018a 3E       		.uleb128 0x3e
 2764 018b 21       		.uleb128 0x21
 2765 018c 07       		.sleb128 7
 2766 018d 0B       		.uleb128 0xb
 2767 018e 21       		.uleb128 0x21
 2768 018f 01       		.sleb128 1
 2769 0190 49       		.uleb128 0x49
 2770 0191 13       		.uleb128 0x13
 2771 0192 3A       		.uleb128 0x3a
 2772 0193 0B       		.uleb128 0xb
 2773 0194 3B       		.uleb128 0x3b
 2774 0195 05       		.uleb128 0x5
 2775 0196 39       		.uleb128 0x39
 2776 0197 0B       		.uleb128 0xb
 2777 0198 01       		.uleb128 0x1
 2778 0199 13       		.uleb128 0x13
 2779 019a 00       		.byte	0
 2780 019b 00       		.byte	0
 2781 019c 1B       		.uleb128 0x1b
 2782 019d 0F       		.uleb128 0xf
 2783 019e 00       		.byte	0
 2784 019f 0B       		.uleb128 0xb
 2785 01a0 21       		.uleb128 0x21
 2786 01a1 04       		.sleb128 4
 2787 01a2 49       		.uleb128 0x49
 2788 01a3 13       		.uleb128 0x13
 2789 01a4 00       		.byte	0
 2790 01a5 00       		.byte	0
 2791 01a6 1C       		.uleb128 0x1c
 2792 01a7 2E       		.uleb128 0x2e
 2793 01a8 01       		.byte	0x1
ARM GAS  C:\Users\PUBLIC~1.LAP\AppData\Local\Temp\ccG3WIcm.s 			page 50


 2794 01a9 3F       		.uleb128 0x3f
 2795 01aa 19       		.uleb128 0x19
 2796 01ab 03       		.uleb128 0x3
 2797 01ac 0E       		.uleb128 0xe
 2798 01ad 3A       		.uleb128 0x3a
 2799 01ae 21       		.uleb128 0x21
 2800 01af 08       		.sleb128 8
 2801 01b0 3B       		.uleb128 0x3b
 2802 01b1 0B       		.uleb128 0xb
 2803 01b2 39       		.uleb128 0x39
 2804 01b3 0B       		.uleb128 0xb
 2805 01b4 27       		.uleb128 0x27
 2806 01b5 19       		.uleb128 0x19
 2807 01b6 49       		.uleb128 0x49
 2808 01b7 13       		.uleb128 0x13
 2809 01b8 01       		.uleb128 0x1
 2810 01b9 13       		.uleb128 0x13
 2811 01ba 00       		.byte	0
 2812 01bb 00       		.byte	0
 2813 01bc 1D       		.uleb128 0x1d
 2814 01bd 2E       		.uleb128 0x2e
 2815 01be 00       		.byte	0
 2816 01bf 3F       		.uleb128 0x3f
 2817 01c0 19       		.uleb128 0x19
 2818 01c1 03       		.uleb128 0x3
 2819 01c2 0E       		.uleb128 0xe
 2820 01c3 3A       		.uleb128 0x3a
 2821 01c4 21       		.uleb128 0x21
 2822 01c5 08       		.sleb128 8
 2823 01c6 3B       		.uleb128 0x3b
 2824 01c7 0B       		.uleb128 0xb
 2825 01c8 39       		.uleb128 0x39
 2826 01c9 21       		.uleb128 0x21
 2827 01ca 06       		.sleb128 6
 2828 01cb 27       		.uleb128 0x27
 2829 01cc 19       		.uleb128 0x19
 2830 01cd 00       		.byte	0
 2831 01ce 00       		.byte	0
 2832 01cf 1E       		.uleb128 0x1e
 2833 01d0 34       		.uleb128 0x34
 2834 01d1 00       		.byte	0
 2835 01d2 03       		.uleb128 0x3
 2836 01d3 0E       		.uleb128 0xe
 2837 01d4 3A       		.uleb128 0x3a
 2838 01d5 21       		.uleb128 0x21
 2839 01d6 08       		.sleb128 8
 2840 01d7 3B       		.uleb128 0x3b
 2841 01d8 0B       		.uleb128 0xb
 2842 01d9 39       		.uleb128 0x39
 2843 01da 21       		.uleb128 0x21
 2844 01db 0B       		.sleb128 11
 2845 01dc 49       		.uleb128 0x49
 2846 01dd 13       		.uleb128 0x13
 2847 01de 00       		.byte	0
 2848 01df 00       		.byte	0
 2849 01e0 1F       		.uleb128 0x1f
 2850 01e1 2E       		.uleb128 0x2e
ARM GAS  C:\Users\PUBLIC~1.LAP\AppData\Local\Temp\ccG3WIcm.s 			page 51


 2851 01e2 00       		.byte	0
 2852 01e3 03       		.uleb128 0x3
 2853 01e4 0E       		.uleb128 0xe
 2854 01e5 3A       		.uleb128 0x3a
 2855 01e6 21       		.uleb128 0x21
 2856 01e7 09       		.sleb128 9
 2857 01e8 3B       		.uleb128 0x3b
 2858 01e9 05       		.uleb128 0x5
 2859 01ea 39       		.uleb128 0x39
 2860 01eb 21       		.uleb128 0x21
 2861 01ec 1B       		.sleb128 27
 2862 01ed 27       		.uleb128 0x27
 2863 01ee 19       		.uleb128 0x19
 2864 01ef 00       		.byte	0
 2865 01f0 00       		.byte	0
 2866 01f1 20       		.uleb128 0x20
 2867 01f2 11       		.uleb128 0x11
 2868 01f3 01       		.byte	0x1
 2869 01f4 25       		.uleb128 0x25
 2870 01f5 0E       		.uleb128 0xe
 2871 01f6 13       		.uleb128 0x13
 2872 01f7 0B       		.uleb128 0xb
 2873 01f8 03       		.uleb128 0x3
 2874 01f9 0E       		.uleb128 0xe
 2875 01fa 1B       		.uleb128 0x1b
 2876 01fb 0E       		.uleb128 0xe
 2877 01fc 10       		.uleb128 0x10
 2878 01fd 17       		.uleb128 0x17
 2879 01fe 00       		.byte	0
 2880 01ff 00       		.byte	0
 2881 0200 21       		.uleb128 0x21
 2882 0201 24       		.uleb128 0x24
 2883 0202 00       		.byte	0
 2884 0203 0B       		.uleb128 0xb
 2885 0204 0B       		.uleb128 0xb
 2886 0205 3E       		.uleb128 0x3e
 2887 0206 0B       		.uleb128 0xb
 2888 0207 03       		.uleb128 0x3
 2889 0208 08       		.uleb128 0x8
 2890 0209 00       		.byte	0
 2891 020a 00       		.byte	0
 2892 020b 22       		.uleb128 0x22
 2893 020c 04       		.uleb128 0x4
 2894 020d 01       		.byte	0x1
 2895 020e 03       		.uleb128 0x3
 2896 020f 0E       		.uleb128 0xe
 2897 0210 3E       		.uleb128 0x3e
 2898 0211 0B       		.uleb128 0xb
 2899 0212 0B       		.uleb128 0xb
 2900 0213 0B       		.uleb128 0xb
 2901 0214 49       		.uleb128 0x49
 2902 0215 13       		.uleb128 0x13
 2903 0216 3A       		.uleb128 0x3a
 2904 0217 0B       		.uleb128 0xb
 2905 0218 3B       		.uleb128 0x3b
 2906 0219 0B       		.uleb128 0xb
 2907 021a 39       		.uleb128 0x39
ARM GAS  C:\Users\PUBLIC~1.LAP\AppData\Local\Temp\ccG3WIcm.s 			page 52


 2908 021b 0B       		.uleb128 0xb
 2909 021c 01       		.uleb128 0x1
 2910 021d 13       		.uleb128 0x13
 2911 021e 00       		.byte	0
 2912 021f 00       		.byte	0
 2913 0220 23       		.uleb128 0x23
 2914 0221 26       		.uleb128 0x26
 2915 0222 00       		.byte	0
 2916 0223 49       		.uleb128 0x49
 2917 0224 13       		.uleb128 0x13
 2918 0225 00       		.byte	0
 2919 0226 00       		.byte	0
 2920 0227 24       		.uleb128 0x24
 2921 0228 13       		.uleb128 0x13
 2922 0229 01       		.byte	0x1
 2923 022a 0B       		.uleb128 0xb
 2924 022b 05       		.uleb128 0x5
 2925 022c 3A       		.uleb128 0x3a
 2926 022d 0B       		.uleb128 0xb
 2927 022e 3B       		.uleb128 0x3b
 2928 022f 05       		.uleb128 0x5
 2929 0230 39       		.uleb128 0x39
 2930 0231 0B       		.uleb128 0xb
 2931 0232 01       		.uleb128 0x1
 2932 0233 13       		.uleb128 0x13
 2933 0234 00       		.byte	0
 2934 0235 00       		.byte	0
 2935 0236 25       		.uleb128 0x25
 2936 0237 0D       		.uleb128 0xd
 2937 0238 00       		.byte	0
 2938 0239 03       		.uleb128 0x3
 2939 023a 08       		.uleb128 0x8
 2940 023b 3A       		.uleb128 0x3a
 2941 023c 0B       		.uleb128 0xb
 2942 023d 3B       		.uleb128 0x3b
 2943 023e 05       		.uleb128 0x5
 2944 023f 39       		.uleb128 0x39
 2945 0240 0B       		.uleb128 0xb
 2946 0241 49       		.uleb128 0x49
 2947 0242 13       		.uleb128 0x13
 2948 0243 38       		.uleb128 0x38
 2949 0244 05       		.uleb128 0x5
 2950 0245 00       		.byte	0
 2951 0246 00       		.byte	0
 2952 0247 00       		.byte	0
 2953              		.section	.gnu.debuglto_.debug_line,"e",%progbits
 2954              	.Ldebug_line0:
 2955 0000 72000000 		.4byte	.LELT0-.LSLT0
 2956              	.LSLT0:
 2957 0004 0500     		.2byte	0x5
 2958 0006 04       		.byte	0x4
 2959 0007 00       		.byte	0
 2960 0008 6A000000 		.4byte	.LELTP0-.LASLTP0
 2961              	.LASLTP0:
 2962 000c 01       		.byte	0x1
 2963 000d 01       		.byte	0x1
 2964 000e 01       		.byte	0x1
ARM GAS  C:\Users\PUBLIC~1.LAP\AppData\Local\Temp\ccG3WIcm.s 			page 53


 2965 000f F6       		.byte	0xf6
 2966 0010 F2       		.byte	0xf2
 2967 0011 0D       		.byte	0xd
 2968 0012 00       		.byte	0
 2969 0013 01       		.byte	0x1
 2970 0014 01       		.byte	0x1
 2971 0015 01       		.byte	0x1
 2972 0016 01       		.byte	0x1
 2973 0017 00       		.byte	0
 2974 0018 00       		.byte	0
 2975 0019 00       		.byte	0
 2976 001a 01       		.byte	0x1
 2977 001b 00       		.byte	0
 2978 001c 00       		.byte	0
 2979 001d 01       		.byte	0x1
 2980 001e 01       		.byte	0x1
 2981 001f 01       		.uleb128 0x1
 2982 0020 1F       		.uleb128 0x1f
 2983 0021 07       		.uleb128 0x7
 2984 0022 A6010000 		.4byte	.LASF292
 2985 0026 05010000 		.4byte	.LASF293
 2986 002a BD000000 		.4byte	.LASF294
 2987 002e 27000000 		.4byte	.LASF295
 2988 0032 F2010000 		.4byte	.LASF296
 2989 0036 4F010000 		.4byte	.LASF297
 2990 003a 34020000 		.4byte	.LASF298
 2991 003e 02       		.byte	0x2
 2992 003f 01       		.uleb128 0x1
 2993 0040 1F       		.uleb128 0x1f
 2994 0041 02       		.uleb128 0x2
 2995 0042 0B       		.uleb128 0xb
 2996 0043 0A       		.uleb128 0xa
 2997 0044 6B000000 		.4byte	.LASF299
 2998 0048 00       		.byte	0
 2999 0049 95010000 		.4byte	.LASF300
 3000 004d 05       		.byte	0x5
 3001 004e 00000000 		.4byte	.LASF301
 3002 0052 03       		.byte	0x3
 3003 0053 08000000 		.4byte	.LASF302
 3004 0057 06       		.byte	0x6
 3005 0058 12000000 		.4byte	.LASF303
 3006 005c 04       		.byte	0x4
 3007 005d 1D000000 		.4byte	.LASF304
 3008 0061 01       		.byte	0x1
 3009 0062 81010000 		.4byte	.LASF305
 3010 0066 01       		.byte	0x1
 3011 0067 E8010000 		.4byte	.LASF306
 3012 006b 02       		.byte	0x2
 3013 006c 8B010000 		.4byte	.LASF307
 3014 0070 02       		.byte	0x2
 3015 0071 DC010000 		.4byte	.LASF308
 3016 0075 04       		.byte	0x4
 3017              	.LELTP0:
 3018              	.LELT0:
 3019              		.section	.gnu.debuglto_.debug_str,"eMS",%progbits,1
 3020              	.LASF61:
 3021 0000 52534552 		.ascii	"RSERVED1\000"
ARM GAS  C:\Users\PUBLIC~1.LAP\AppData\Local\Temp\ccG3WIcm.s 			page 54


 3021      56454431 
 3021      00
 3022              	.LASF266:
 3023 0009 616C645F 		.ascii	"ald_usb_dmpud_set\000"
 3023      7573625F 
 3023      646D7075 
 3023      645F7365 
 3023      7400
 3024              	.LASF26:
 3025 001b 45585449 		.ascii	"EXTI_2to3_IRQn\000"
 3025      5F32746F 
 3025      335F4952 
 3025      516E00
 3026              	.LASF211:
 3027 002a 616C645F 		.ascii	"ald_usb_ep_req_packet_count\000"
 3027      7573625F 
 3027      65705F72 
 3027      65715F70 
 3027      61636B65 
 3028              	.LASF193:
 3029 0046 616C645F 		.ascii	"ald_usb_int_register\000"
 3029      7573625F 
 3029      696E745F 
 3029      72656769 
 3029      73746572 
 3030              	.LASF229:
 3031 005b 73746172 		.ascii	"start\000"
 3031      7400
 3032              	.LASF115:
 3033 0061 54584945 		.ascii	"TXIER\000"
 3033      5200
 3034              	.LASF160:
 3035 0067 414C445F 		.ascii	"ALD_USB_DPDM_PUSH_DOWN\000"
 3035      5553425F 
 3035      4450444D 
 3035      5F505553 
 3035      485F444F 
 3036              	.LASF245:
 3037 007e 616C645F 		.ascii	"ald_usb_host_ep_config\000"
 3037      7573625F 
 3037      686F7374 
 3037      5F65705F 
 3037      636F6E66 
 3038              	.LASF184:
 3039 0095 616C645F 		.ascii	"ald_usb_lpm_int_enable\000"
 3039      7573625F 
 3039      6C706D5F 
 3039      696E745F 
 3039      656E6162 
 3040              	.LASF56:
 3041 00ac 696E7433 		.ascii	"int32_t\000"
 3041      325F7400 
 3042              	.LASF111:
 3043 00b4 45503546 		.ascii	"EP5FIFO\000"
 3043      49464F00 
 3044              	.LASF33:
 3045 00bc 41443136 		.ascii	"AD16C4T1_IRQn\000"
ARM GAS  C:\Users\PUBLIC~1.LAP\AppData\Local\Temp\ccG3WIcm.s 			page 55


 3045      43345431 
 3045      5F495251 
 3045      6E00
 3046              	.LASF50:
 3047 00ca 55415254 		.ascii	"UART3_AES_IRQn\000"
 3047      335F4145 
 3047      535F4952 
 3047      516E00
 3048              	.LASF131:
 3049 00d9 54584946 		.ascii	"TXIFM\000"
 3049      4D00
 3050              	.LASF28:
 3051 00df 53504933 		.ascii	"SPI3_IRQn\000"
 3051      5F495251 
 3051      6E00
 3052              	.LASF290:
 3053 00e9 443A5C30 		.ascii	"D:\\00a_liuhy\\temp126\\ChibiOS-Contrib/os/common/e"
 3053      30615F6C 
 3053      69756879 
 3053      5C74656D 
 3053      70313236 
 3054 0119 78742F43 		.ascii	"xt/CMSIS/ES32/FS026/ald/ald_usb.c\000"
 3054      4D534953 
 3054      2F455333 
 3054      322F4653 
 3054      3032362F 
 3055              	.LASF244:
 3056 013b 616C645F 		.ascii	"ald_usb_host_ep_data_ack\000"
 3056      7573625F 
 3056      686F7374 
 3056      5F65705F 
 3056      64617461 
 3057              	.LASF80:
 3058 0154 52455330 		.ascii	"RES002\000"
 3058      303200
 3059              	.LASF234:
 3060 015b 616C645F 		.ascii	"ald_usb_host_pwr_fault_enable\000"
 3060      7573625F 
 3060      686F7374 
 3060      5F707772 
 3060      5F666175 
 3061              	.LASF191:
 3062 0179 616C645F 		.ascii	"ald_usb_int_num_get\000"
 3062      7573625F 
 3062      696E745F 
 3062      6E756D5F 
 3062      67657400 
 3063              	.LASF85:
 3064 018d 54584D41 		.ascii	"TXMAXP\000"
 3064      585000
 3065              	.LASF276:
 3066 0194 616C645F 		.ascii	"ald_usb_mode_host_req\000"
 3066      7573625F 
 3066      6D6F6465 
 3066      5F686F73 
 3066      745F7265 
 3067              	.LASF64:
ARM GAS  C:\Users\PUBLIC~1.LAP\AppData\Local\Temp\ccG3WIcm.s 			page 56


 3068 01aa 49435052 		.ascii	"ICPR\000"
 3068      00
 3069              	.LASF175:
 3070 01af 616C645F 		.ascii	"ald_usb_dev_lpm_config\000"
 3070      7573625F 
 3070      6465765F 
 3070      6C706D5F 
 3070      636F6E66 
 3071              	.LASF227:
 3072 01c6 616C645F 		.ascii	"ald_usb_host_suspend\000"
 3072      7573625F 
 3072      686F7374 
 3072      5F737573 
 3072      70656E64 
 3073              	.LASF206:
 3074 01db 616C645F 		.ascii	"ald_usb_fifo_config_get\000"
 3074      7573625F 
 3074      6669666F 
 3074      5F636F6E 
 3074      6669675F 
 3075              	.LASF190:
 3076 01f3 616C645F 		.ascii	"ald_usb_lpm_remote_wake_is_enable\000"
 3076      7573625F 
 3076      6C706D5F 
 3076      72656D6F 
 3076      74655F77 
 3077              	.LASF274:
 3078 0215 616C645F 		.ascii	"ald_usb_high_speed_enable\000"
 3078      7573625F 
 3078      68696768 
 3078      5F737065 
 3078      65645F65 
 3079              	.LASF6:
 3080 022f 5F5F7569 		.ascii	"__uint8_t\000"
 3080      6E74385F 
 3080      7400
 3081              	.LASF198:
 3082 0239 616C645F 		.ascii	"ald_usb_int_status_get\000"
 3082      7573625F 
 3082      696E745F 
 3082      73746174 
 3082      75735F67 
 3083              	.LASF47:
 3084 0250 53504932 		.ascii	"SPI2_IRQn\000"
 3084      5F495251 
 3084      6E00
 3085              	.LASF180:
 3086 025a 72657375 		.ascii	"resume_time\000"
 3086      6D655F74 
 3086      696D6500 
 3087              	.LASF185:
 3088 0266 696E7473 		.ascii	"ints\000"
 3088      00
 3089              	.LASF70:
 3090 026b 41495243 		.ascii	"AIRCR\000"
 3090      5200
 3091              	.LASF102:
ARM GAS  C:\Users\PUBLIC~1.LAP\AppData\Local\Temp\ccG3WIcm.s 			page 57


 3092 0271 52455330 		.ascii	"RES021\000"
 3092      323100
 3093              	.LASF104:
 3094 0278 52455330 		.ascii	"RES025\000"
 3094      323500
 3095              	.LASF106:
 3096 027f 52455330 		.ascii	"RES029\000"
 3096      323900
 3097              	.LASF39:
 3098 0286 47503136 		.ascii	"GP16C2T1_IRQn\000"
 3098      43325431 
 3098      5F495251 
 3098      6E00
 3099              	.LASF108:
 3100 0294 52455330 		.ascii	"RES02D\000"
 3100      324400
 3101              	.LASF10:
 3102 029b 6C6F6E67 		.ascii	"long int\000"
 3102      20696E74 
 3102      00
 3103              	.LASF286:
 3104 02a4 5F5F4E56 		.ascii	"__NVIC_EnableIRQ\000"
 3104      49435F45 
 3104      6E61626C 
 3104      65495251 
 3104      00
 3105              	.LASF68:
 3106 02b5 43505549 		.ascii	"CPUID\000"
 3106      4400
 3107              	.LASF261:
 3108 02bb 616C645F 		.ascii	"ald_usb_dev_set_addr\000"
 3108      7573625F 
 3108      6465765F 
 3108      7365745F 
 3108      61646472 
 3109              	.LASF110:
 3110 02d0 52455330 		.ascii	"RES031\000"
 3110      333100
 3111              	.LASF282:
 3112 02d7 4952516E 		.ascii	"IRQn\000"
 3112      00
 3113              	.LASF112:
 3114 02dc 52455330 		.ascii	"RES035\000"
 3114      333500
 3115              	.LASF114:
 3116 02e3 52455330 		.ascii	"RES039\000"
 3116      333900
 3117              	.LASF162:
 3118 02ea 616C645F 		.ascii	"ald_usb_device_components_init\000"
 3118      7573625F 
 3118      64657669 
 3118      63655F63 
 3118      6F6D706F 
 3119              	.LASF251:
 3120 0309 616C645F 		.ascii	"ald_usb_dev_ep_status_clear\000"
 3120      7573625F 
 3120      6465765F 
ARM GAS  C:\Users\PUBLIC~1.LAP\AppData\Local\Temp\ccG3WIcm.s 			page 58


 3120      65705F73 
 3120      74617475 
 3121              	.LASF213:
 3122 0325 616C645F 		.ascii	"ald_usb_ep_data_toggle_clear\000"
 3122      7573625F 
 3122      65705F64 
 3122      6174615F 
 3122      746F6767 
 3123              	.LASF188:
 3124 0342 616C645F 		.ascii	"ald_usb_lpm_ep_get\000"
 3124      7573625F 
 3124      6C706D5F 
 3124      65705F67 
 3124      657400
 3125              	.LASF192:
 3126 0355 616C645F 		.ascii	"ald_usb_int_unregister\000"
 3126      7573625F 
 3126      696E745F 
 3126      756E7265 
 3126      67697374 
 3127              	.LASF214:
 3128 036c 616C645F 		.ascii	"ald_usb_ep_data_send\000"
 3128      7573625F 
 3128      65705F64 
 3128      6174615F 
 3128      73656E64 
 3129              	.LASF93:
 3130 0381 54585459 		.ascii	"TXTYPE\000"
 3130      504500
 3131              	.LASF161:
 3132 0388 616C645F 		.ascii	"ald_dpdm_push_t\000"
 3132      6470646D 
 3132      5F707573 
 3132      685F7400 
 3133              	.LASF164:
 3134 0398 616C645F 		.ascii	"ald_usb_swvbus_valth_get\000"
 3134      7573625F 
 3134      73777662 
 3134      75735F76 
 3134      616C7468 
 3135              	.LASF19:
 3136 03b1 53797354 		.ascii	"SysTick_IRQn\000"
 3136      69636B5F 
 3136      4952516E 
 3136      00
 3137              	.LASF109:
 3138 03be 45503446 		.ascii	"EP4FIFO\000"
 3138      49464F00 
 3139              	.LASF69:
 3140 03c6 49435352 		.ascii	"ICSR\000"
 3140      00
 3141              	.LASF31:
 3142 03cb 444D4131 		.ascii	"DMA1_CH345_IRQn\000"
 3142      5F434833 
 3142      34355F49 
 3142      52516E00 
 3143              	.LASF3:
ARM GAS  C:\Users\PUBLIC~1.LAP\AppData\Local\Temp\ccG3WIcm.s 			page 59


 3144 03db 7369676E 		.ascii	"signed char\000"
 3144      65642063 
 3144      68617200 
 3145              	.LASF54:
 3146 03e7 75696E74 		.ascii	"uint8_t\000"
 3146      385F7400 
 3147              	.LASF84:
 3148 03ef 44455643 		.ascii	"DEVCON\000"
 3148      4F4E00
 3149              	.LASF220:
 3150 03f6 72785F66 		.ascii	"rx_fifo_addr\000"
 3150      69666F5F 
 3150      61646472 
 3150      00
 3151              	.LASF174:
 3152 0403 616C645F 		.ascii	"ald_usb_dev_lpm_enable\000"
 3152      7573625F 
 3152      6465765F 
 3152      6C706D5F 
 3152      656E6162 
 3153              	.LASF167:
 3154 041a 616C645F 		.ascii	"ald_usb_swvbus_sesvalth_set\000"
 3154      7573625F 
 3154      73777662 
 3154      75735F73 
 3154      65737661 
 3155              	.LASF59:
 3156 0436 52455345 		.ascii	"RESERVED0\000"
 3156      52564544 
 3156      3000
 3157              	.LASF71:
 3158 0440 52455345 		.ascii	"RESERVED1\000"
 3158      52564544 
 3158      3100
 3159              	.LASF4:
 3160 044a 756E7369 		.ascii	"unsigned char\000"
 3160      676E6564 
 3160      20636861 
 3160      7200
 3161              	.LASF65:
 3162 0458 52455345 		.ascii	"RESERVED3\000"
 3162      52564544 
 3162      3300
 3163              	.LASF66:
 3164 0462 52455345 		.ascii	"RESERVED4\000"
 3164      52564544 
 3164      3400
 3165              	.LASF23:
 3166 046c 57414B45 		.ascii	"WAKEUP_IRQn\000"
 3166      55505F49 
 3166      52516E00 
 3167              	.LASF241:
 3168 0478 616C645F 		.ascii	"ald_usb_host_ep_status_clear\000"
 3168      7573625F 
 3168      686F7374 
 3168      5F65705F 
 3168      73746174 
ARM GAS  C:\Users\PUBLIC~1.LAP\AppData\Local\Temp\ccG3WIcm.s 			page 60


 3169              	.LASF89:
 3170 0495 52584353 		.ascii	"RXCSRL\000"
 3170      524C00
 3171              	.LASF225:
 3172 049c 616C645F 		.ascii	"ald_usb_host_ep_speed_set\000"
 3172      7573625F 
 3172      686F7374 
 3172      5F65705F 
 3172      73706565 
 3173              	.LASF44:
 3174 04b6 49324332 		.ascii	"I2C2_IRQn\000"
 3174      5F495251 
 3174      6E00
 3175              	.LASF284:
 3176 04c0 5F5F4E56 		.ascii	"__NVIC_SetPriority\000"
 3176      49435F53 
 3176      65745072 
 3176      696F7269 
 3176      747900
 3177              	.LASF52:
 3178 04d3 5553425F 		.ascii	"USB_IRQn\000"
 3178      4952516E 
 3178      00
 3179              	.LASF268:
 3180 04dc 616C645F 		.ascii	"ald_usb_dppud_set\000"
 3180      7573625F 
 3180      64707075 
 3180      645F7365 
 3180      7400
 3181              	.LASF168:
 3182 04ee 616C645F 		.ascii	"ald_usb_swvbus_sesendth_get\000"
 3182      7573625F 
 3182      73777662 
 3182      75735F73 
 3182      6573656E 
 3183              	.LASF181:
 3184 050a 616C645F 		.ascii	"ald_usb_host_lpm_send\000"
 3184      7573625F 
 3184      686F7374 
 3184      5F6C706D 
 3184      5F73656E 
 3185              	.LASF27:
 3186 0520 45585449 		.ascii	"EXTI_4to15_IRQn\000"
 3186      5F34746F 
 3186      31355F49 
 3186      52516E00 
 3187              	.LASF224:
 3188 0530 5F426F6F 		.ascii	"_Bool\000"
 3188      6C00
 3189              	.LASF63:
 3190 0536 52455345 		.ascii	"RESERVED2\000"
 3190      52564544 
 3190      3200
 3191              	.LASF137:
 3192 0540 52584943 		.ascii	"RXICR\000"
 3192      5200
 3193              	.LASF14:
ARM GAS  C:\Users\PUBLIC~1.LAP\AppData\Local\Temp\ccG3WIcm.s 			page 61


 3194 0546 63686172 		.ascii	"char\000"
 3194      00
 3195              	.LASF129:
 3196 054b 52585249 		.ascii	"RXRIF\000"
 3196      4600
 3197              	.LASF73:
 3198 0551 5343425F 		.ascii	"SCB_Type\000"
 3198      54797065 
 3198      00
 3199              	.LASF78:
 3200 055a 53575642 		.ascii	"SWVBUS\000"
 3200      555300
 3201              	.LASF187:
 3202 0561 616C645F 		.ascii	"ald_usb_lpm_int_status_get\000"
 3202      7573625F 
 3202      6C706D5F 
 3202      696E745F 
 3202      73746174 
 3203              	.LASF146:
 3204 057c 41504231 		.ascii	"APB1EN\000"
 3204      454E00
 3205              	.LASF171:
 3206 0583 616C645F 		.ascii	"ald_usb_swvbus_sigctl_set\000"
 3206      7573625F 
 3206      73777662 
 3206      75735F73 
 3206      69676374 
 3207              	.LASF219:
 3208 059d 616C645F 		.ascii	"ald_usb_ep_data_get\000"
 3208      7573625F 
 3208      65705F64 
 3208      6174615F 
 3208      67657400 
 3209              	.LASF7:
 3210 05b1 5F5F7569 		.ascii	"__uint16_t\000"
 3210      6E743136 
 3210      5F7400
 3211              	.LASF76:
 3212 05bc 4450444D 		.ascii	"DPDMCON\000"
 3212      434F4E00 
 3213              	.LASF176:
 3214 05c4 636F6E66 		.ascii	"config\000"
 3214      696700
 3215              	.LASF287:
 3216 05cb 5F5F4453 		.ascii	"__DSB\000"
 3216      4200
 3217              	.LASF121:
 3218 05d1 52584944 		.ascii	"RXIDR\000"
 3218      5200
 3219              	.LASF289:
 3220 05d7 474E5520 		.ascii	"GNU C17 12.2.0 -mcpu=cortex-m0 -mthumb -mfloat-abi="
 3220      43313720 
 3220      31322E32 
 3220      2E30202D 
 3220      6D637075 
 3221 060a 736F6674 		.ascii	"soft -march=armv6s-m -ggdb -Os -fomit-frame-pointer"
 3221      202D6D61 
ARM GAS  C:\Users\PUBLIC~1.LAP\AppData\Local\Temp\ccG3WIcm.s 			page 62


 3221      7263683D 
 3221      61726D76 
 3221      36732D6D 
 3222 063d 202D6661 		.ascii	" -falign-functions=16 -ffunction-sections -fdata-se"
 3222      6C69676E 
 3222      2D66756E 
 3222      6374696F 
 3222      6E733D31 
 3223 0670 6374696F 		.ascii	"ctions -fno-common -flto\000"
 3223      6E73202D 
 3223      666E6F2D 
 3223      636F6D6D 
 3223      6F6E202D 
 3224              	.LASF140:
 3225 0689 504C4C30 		.ascii	"PLL0\000"
 3225      00
 3226              	.LASF288:
 3227 068e 5F5F4953 		.ascii	"__ISB\000"
 3227      4200
 3228              	.LASF195:
 3229 0694 666C6167 		.ascii	"flags\000"
 3229      7300
 3230              	.LASF49:
 3231 069a 55415254 		.ascii	"UART2_IRQn\000"
 3231      325F4952 
 3231      516E00
 3232              	.LASF42:
 3233 06a5 47503136 		.ascii	"GP16C2T4_IRQn\000"
 3233      43325434 
 3233      5F495251 
 3233      6E00
 3234              	.LASF207:
 3235 06b3 616C645F 		.ascii	"ald_usb_fifo_addr_get\000"
 3235      7573625F 
 3235      6669666F 
 3235      5F616464 
 3235      725F6765 
 3236              	.LASF92:
 3237 06c9 5258434F 		.ascii	"RXCOUNT2\000"
 3237      554E5432 
 3237      00
 3238              	.LASF86:
 3239 06d2 43535230 		.ascii	"CSR0L_TXCSRL\000"
 3239      4C5F5458 
 3239      4353524C 
 3239      00
 3240              	.LASF62:
 3241 06df 49535052 		.ascii	"ISPR\000"
 3241      00
 3242              	.LASF117:
 3243 06e4 52584945 		.ascii	"RXIER\000"
 3243      5200
 3244              	.LASF25:
 3245 06ea 45585449 		.ascii	"EXTI_0to1_IRQn\000"
 3245      5F30746F 
 3245      315F4952 
 3245      516E00
ARM GAS  C:\Users\PUBLIC~1.LAP\AppData\Local\Temp\ccG3WIcm.s 			page 63


 3246              	.LASF173:
 3247 06f9 616C645F 		.ascii	"ald_usb_dev_lpm_disable\000"
 3247      7573625F 
 3247      6465765F 
 3247      6C706D5F 
 3247      64697361 
 3248              	.LASF116:
 3249 0711 52455330 		.ascii	"RES081\000"
 3249      383100
 3250              	.LASF118:
 3251 0718 52455330 		.ascii	"RES083\000"
 3251      383300
 3252              	.LASF120:
 3253 071f 52455330 		.ascii	"RES085\000"
 3253      383500
 3254              	.LASF122:
 3255 0726 52455330 		.ascii	"RES087\000"
 3255      383700
 3256              	.LASF124:
 3257 072d 52455330 		.ascii	"RES089\000"
 3257      383900
 3258              	.LASF126:
 3259 0734 52455330 		.ascii	"RES08B\000"
 3259      384200
 3260              	.LASF72:
 3261 073b 53484353 		.ascii	"SHCSR\000"
 3261      5200
 3262              	.LASF128:
 3263 0741 52455330 		.ascii	"RES08D\000"
 3263      384400
 3264              	.LASF130:
 3265 0748 52455330 		.ascii	"RES08F\000"
 3265      384600
 3266              	.LASF279:
 3267 074f 616C645F 		.ascii	"ald_usb_frame_number_get\000"
 3267      7573625F 
 3267      6672616D 
 3267      655F6E75 
 3267      6D626572 
 3268              	.LASF107:
 3269 0768 45503346 		.ascii	"EP3FIFO\000"
 3269      49464F00 
 3270              	.LASF37:
 3271 0770 47503136 		.ascii	"GP16C4T2_IRQn\000"
 3271      43345432 
 3271      5F495251 
 3271      6E00
 3272              	.LASF285:
 3273 077e 5F5F4E56 		.ascii	"__NVIC_DisableIRQ\000"
 3273      49435F44 
 3273      69736162 
 3273      6C654952 
 3273      5100
 3274              	.LASF133:
 3275 0790 52584946 		.ascii	"RXIFM\000"
 3275      4D00
 3276              	.LASF141:
ARM GAS  C:\Users\PUBLIC~1.LAP\AppData\Local\Temp\ccG3WIcm.s 			page 64


 3277 0796 43464732 		.ascii	"CFG2\000"
 3277      00
 3278              	.LASF277:
 3279 079b 616C645F 		.ascii	"ald_usb_mode_get\000"
 3279      7573625F 
 3279      6D6F6465 
 3279      5F676574 
 3279      00
 3280              	.LASF132:
 3281 07ac 52455330 		.ascii	"RES091\000"
 3281      393100
 3282              	.LASF134:
 3283 07b3 52455330 		.ascii	"RES093\000"
 3283      393300
 3284              	.LASF48:
 3285 07ba 55415254 		.ascii	"UART1_IRQn\000"
 3285      315F4952 
 3285      516E00
 3286              	.LASF136:
 3287 07c5 52455330 		.ascii	"RES095\000"
 3287      393500
 3288              	.LASF138:
 3289 07cc 52455330 		.ascii	"RES097\000"
 3289      393700
 3290              	.LASF144:
 3291 07d3 41504232 		.ascii	"APB2RST\000"
 3291      52535400 
 3292              	.LASF230:
 3293 07db 616C645F 		.ascii	"ald_usb_host_reset\000"
 3293      7573625F 
 3293      686F7374 
 3293      5F726573 
 3293      657400
 3294              	.LASF238:
 3295 07ee 616C645F 		.ascii	"ald_usb_host_pwr_disable\000"
 3295      7573625F 
 3295      686F7374 
 3295      5F707772 
 3295      5F646973 
 3296              	.LASF247:
 3297 0807 6E616B5F 		.ascii	"nak_val\000"
 3297      76616C00 
 3298              	.LASF256:
 3299 080f 616C645F 		.ascii	"ald_usb_dev_ep_get_config\000"
 3299      7573625F 
 3299      6465765F 
 3299      65705F67 
 3299      65745F63 
 3300              	.LASF15:
 3301 0829 4E6F6E4D 		.ascii	"NonMaskableInt_IRQn\000"
 3301      61736B61 
 3301      626C6549 
 3301      6E745F49 
 3301      52516E00 
 3302              	.LASF196:
 3303 083d 616C645F 		.ascii	"ald_usb_int_disable_ep\000"
 3303      7573625F 
ARM GAS  C:\Users\PUBLIC~1.LAP\AppData\Local\Temp\ccG3WIcm.s 			page 65


 3303      696E745F 
 3303      64697361 
 3303      626C655F 
 3304              	.LASF246:
 3305 0854 705F6D61 		.ascii	"p_max\000"
 3305      7800
 3306              	.LASF12:
 3307 085a 6C6F6E67 		.ascii	"long unsigned int\000"
 3307      20756E73 
 3307      69676E65 
 3307      6420696E 
 3307      7400
 3308              	.LASF36:
 3309 086c 47503136 		.ascii	"GP16C4T1_IRQn\000"
 3309      43345431 
 3309      5F495251 
 3309      6E00
 3310              	.LASF35:
 3311 087a 47503332 		.ascii	"GP32C4T1_IRQn\000"
 3311      43345431 
 3311      5F495251 
 3311      6E00
 3312              	.LASF199:
 3313 0888 73746174 		.ascii	"status\000"
 3313      757300
 3314              	.LASF53:
 3315 088f 4952516E 		.ascii	"IRQn_Type\000"
 3315      5F547970 
 3315      6500
 3316              	.LASF87:
 3317 0899 43535230 		.ascii	"CSR0H_TXCSRH\000"
 3317      485F5458 
 3317      43535248 
 3317      00
 3318              	.LASF143:
 3319 08a6 41504231 		.ascii	"APB1RST\000"
 3319      52535400 
 3320              	.LASF269:
 3321 08ae 616C645F 		.ascii	"ald_usb_eye_diagram_start\000"
 3321      7573625F 
 3321      6579655F 
 3321      64696167 
 3321      72616D5F 
 3322              	.LASF99:
 3323 08c8 52584649 		.ascii	"RXFIFO1\000"
 3323      464F3100 
 3324              	.LASF100:
 3325 08d0 52584649 		.ascii	"RXFIFO2\000"
 3325      464F3200 
 3326              	.LASF145:
 3327 08d8 41484245 		.ascii	"AHBEN\000"
 3327      4E00
 3328              	.LASF183:
 3329 08de 65705F69 		.ascii	"ep_idx\000"
 3329      647800
 3330              	.LASF271:
 3331 08e5 616C645F 		.ascii	"ald_usb_control_reset\000"
ARM GAS  C:\Users\PUBLIC~1.LAP\AppData\Local\Temp\ccG3WIcm.s 			page 66


 3331      7573625F 
 3331      636F6E74 
 3331      726F6C5F 
 3331      72657365 
 3332              	.LASF147:
 3333 08fb 41504232 		.ascii	"APB2EN\000"
 3333      454E00
 3334              	.LASF278:
 3335 0902 616C645F 		.ascii	"ald_usb_otg_session_request\000"
 3335      7573625F 
 3335      6F74675F 
 3335      73657373 
 3335      696F6E5F 
 3336              	.LASF153:
 3337 091e 434B5452 		.ascii	"CKTRIM\000"
 3337      494D00
 3338              	.LASF200:
 3339 0925 53746174 		.ascii	"Status\000"
 3339      757300
 3340              	.LASF51:
 3341 092c 55415254 		.ascii	"UART4_KBCU_IRQn\000"
 3341      345F4B42 
 3341      43555F49 
 3341      52516E00 
 3342              	.LASF11:
 3343 093c 5F5F7569 		.ascii	"__uint32_t\000"
 3343      6E743332 
 3343      5F7400
 3344              	.LASF281:
 3345 0947 6672616D 		.ascii	"frameh\000"
 3345      656800
 3346              	.LASF203:
 3347 094e 616C645F 		.ascii	"ald_usb_fifo_flush\000"
 3347      7573625F 
 3347      6669666F 
 3347      5F666C75 
 3347      736800
 3348              	.LASF248:
 3349 0961 745F6570 		.ascii	"t_ep\000"
 3349      00
 3350              	.LASF280:
 3351 0966 6672616D 		.ascii	"framel\000"
 3351      656C00
 3352              	.LASF1:
 3353 096d 6C6F6E67 		.ascii	"long long int\000"
 3353      206C6F6E 
 3353      6720696E 
 3353      7400
 3354              	.LASF223:
 3355 097b 656E6162 		.ascii	"enable\000"
 3355      6C6500
 3356              	.LASF105:
 3357 0982 45503246 		.ascii	"EP2FIFO\000"
 3357      49464F00 
 3358              	.LASF45:
 3359 098a 53504931 		.ascii	"SPI1_IRQn\000"
 3359      5F495251 
ARM GAS  C:\Users\PUBLIC~1.LAP\AppData\Local\Temp\ccG3WIcm.s 			page 67


 3359      6E00
 3360              	.LASF17:
 3361 0994 53564361 		.ascii	"SVCall_IRQn\000"
 3361      6C6C5F49 
 3361      52516E00 
 3362              	.LASF74:
 3363 09a0 46414444 		.ascii	"FADDR\000"
 3363      5200
 3364              	.LASF204:
 3365 09a6 616C645F 		.ascii	"ald_usb_fifo_config_set\000"
 3365      7573625F 
 3365      6669666F 
 3365      5F636F6E 
 3365      6669675F 
 3366              	.LASF212:
 3367 09be 636F756E 		.ascii	"count\000"
 3367      7400
 3368              	.LASF159:
 3369 09c4 414C445F 		.ascii	"ALD_USB_DPDM_PUSH_UP\000"
 3369      5553425F 
 3369      4450444D 
 3369      5F505553 
 3369      485F5550 
 3370              	.LASF182:
 3371 09d9 61646472 		.ascii	"addr\000"
 3371      00
 3372              	.LASF250:
 3373 09de 616C645F 		.ascii	"ald_usb_host_addr_get\000"
 3373      7573625F 
 3373      686F7374 
 3373      5F616464 
 3373      725F6765 
 3374              	.LASF221:
 3375 09f4 616C645F 		.ascii	"ald_usb_ep_data_avail\000"
 3375      7573625F 
 3375      65705F64 
 3375      6174615F 
 3375      61766169 
 3376              	.LASF0:
 3377 0a0a 756E7369 		.ascii	"unsigned int\000"
 3377      676E6564 
 3377      20696E74 
 3377      00
 3378              	.LASF97:
 3379 0a17 54584649 		.ascii	"TXFIFO1\000"
 3379      464F3100 
 3380              	.LASF98:
 3381 0a1f 54584649 		.ascii	"TXFIFO2\000"
 3381      464F3200 
 3382              	.LASF186:
 3383 0a27 616C645F 		.ascii	"ald_usb_lpm_int_disable\000"
 3383      7573625F 
 3383      6C706D5F 
 3383      696E745F 
 3383      64697361 
 3384              	.LASF242:
 3385 0a3f 616C645F 		.ascii	"ald_usb_host_ep_data_toggle\000"
ARM GAS  C:\Users\PUBLIC~1.LAP\AppData\Local\Temp\ccG3WIcm.s 			page 68


 3385      7573625F 
 3385      686F7374 
 3385      5F65705F 
 3385      64617461 
 3386              	.LASF123:
 3387 0a5b 54584956 		.ascii	"TXIVS\000"
 3387      5300
 3388              	.LASF151:
 3389 0a61 4C434F4E 		.ascii	"LCON\000"
 3389      00
 3390              	.LASF209:
 3391 0a66 666C6167 		.ascii	"flag\000"
 3391      00
 3392              	.LASF77:
 3393 0a6b 53574349 		.ascii	"SWCID\000"
 3393      4400
 3394              	.LASF96:
 3395 0a71 5258494E 		.ascii	"RXINTERVAL\000"
 3395      54455256 
 3395      414C00
 3396              	.LASF101:
 3397 0a7c 45503046 		.ascii	"EP0FIFO\000"
 3397      49464F00 
 3398              	.LASF291:
 3399 0a84 443A5C30 		.ascii	"D:\\00a_liuhy\\temp126\\ChibiOS-Contrib\\demos\\ES3"
 3399      30615F6C 
 3399      69756879 
 3399      5C74656D 
 3399      70313236 
 3400 0ab2 325C4653 		.ascii	"2\\FS026\000"
 3400      30323600 
 3401              	.LASF202:
 3402 0aba 616C645F 		.ascii	"ald_usb_int_disable\000"
 3402      7573625F 
 3402      696E745F 
 3402      64697361 
 3402      626C6500 
 3403              	.LASF166:
 3404 0ace 616C645F 		.ascii	"ald_usb_swvbus_valth_set\000"
 3404      7573625F 
 3404      73777662 
 3404      75735F76 
 3404      616C7468 
 3405              	.LASF43:
 3406 0ae7 49324331 		.ascii	"I2C1_IRQn\000"
 3406      5F495251 
 3406      6E00
 3407              	.LASF216:
 3408 0af1 616C645F 		.ascii	"ald_usb_ep_data_put\000"
 3408      7573625F 
 3408      65705F64 
 3408      6174615F 
 3408      70757400 
 3409              	.LASF142:
 3410 0b05 41484252 		.ascii	"AHBRST\000"
 3410      535400
 3411              	.LASF79:
ARM GAS  C:\Users\PUBLIC~1.LAP\AppData\Local\Temp\ccG3WIcm.s 			page 69


 3412 0b0c 544D4F44 		.ascii	"TMODE\000"
 3412      4500
 3413              	.LASF155:
 3414 0b12 44495341 		.ascii	"DISABLE\000"
 3414      424C4500 
 3415              	.LASF139:
 3416 0b1a 5553425F 		.ascii	"USB_TypeDef\000"
 3416      54797065 
 3416      44656600 
 3417              	.LASF2:
 3418 0b26 6C6F6E67 		.ascii	"long double\000"
 3418      20646F75 
 3418      626C6500 
 3419              	.LASF201:
 3420 0b32 616C645F 		.ascii	"ald_usb_int_enable\000"
 3420      7573625F 
 3420      696E745F 
 3420      656E6162 
 3420      6C6500
 3421              	.LASF169:
 3422 0b45 616C645F 		.ascii	"ald_usb_swvbus_sesendth_set\000"
 3422      7573625F 
 3422      73777662 
 3422      75735F73 
 3422      6573656E 
 3423              	.LASF103:
 3424 0b61 45503146 		.ascii	"EP1FIFO\000"
 3424      49464F00 
 3425              	.LASF178:
 3426 0b69 616C645F 		.ascii	"ald_usb_host_lpm_resume\000"
 3426      7573625F 
 3426      686F7374 
 3426      5F6C706D 
 3426      5F726573 
 3427              	.LASF83:
 3428 0b81 494E4445 		.ascii	"INDEX\000"
 3428      5800
 3429              	.LASF91:
 3430 0b87 434F554E 		.ascii	"COUNT0_RX1\000"
 3430      54305F52 
 3430      583100
 3431              	.LASF67:
 3432 0b92 4E564943 		.ascii	"NVIC_Type\000"
 3432      5F547970 
 3432      6500
 3433              	.LASF273:
 3434 0b9c 616C645F 		.ascii	"ald_usb_device_speed_get\000"
 3434      7573625F 
 3434      64657669 
 3434      63655F73 
 3434      70656564 
 3435              	.LASF205:
 3436 0bb5 73697A65 		.ascii	"size\000"
 3436      00
 3437              	.LASF263:
 3438 0bba 616C645F 		.ascii	"ald_usb_swcid_cidctrl\000"
 3438      7573625F 
ARM GAS  C:\Users\PUBLIC~1.LAP\AppData\Local\Temp\ccG3WIcm.s 			page 70


 3438      73776369 
 3438      645F6369 
 3438      64637472 
 3439              	.LASF13:
 3440 0bd0 6C6F6E67 		.ascii	"long long unsigned int\000"
 3440      206C6F6E 
 3440      6720756E 
 3440      7369676E 
 3440      65642069 
 3441              	.LASF172:
 3442 0be7 73696763 		.ascii	"sigctl\000"
 3442      746C00
 3443              	.LASF41:
 3444 0bee 47503136 		.ascii	"GP16C2T3_IRQn\000"
 3444      43325433 
 3444      5F495251 
 3444      6E00
 3445              	.LASF55:
 3446 0bfc 75696E74 		.ascii	"uint16_t\000"
 3446      31365F74 
 3446      00
 3447              	.LASF240:
 3448 0c05 616C645F 		.ascii	"ald_usb_host_hub_addr_get\000"
 3448      7573625F 
 3448      686F7374 
 3448      5F687562 
 3448      5F616464 
 3449              	.LASF20:
 3450 0c1f 57574454 		.ascii	"WWDT_IRQn\000"
 3450      5F495251 
 3450      6E00
 3451              	.LASF189:
 3452 0c29 616C645F 		.ascii	"ald_usb_lpm_link_status_get\000"
 3452      7573625F 
 3452      6C706D5F 
 3452      6C696E6B 
 3452      5F737461 
 3453              	.LASF46:
 3454 0c45 49325331 		.ascii	"I2S1_IRQn\000"
 3454      5F495251 
 3454      6E00
 3455              	.LASF32:
 3456 0c4f 4144435F 		.ascii	"ADC_COMP_IRQn\000"
 3456      434F4D50 
 3456      5F495251 
 3456      6E00
 3457              	.LASF60:
 3458 0c5d 49434552 		.ascii	"ICER\000"
 3458      00
 3459              	.LASF270:
 3460 0c62 616C645F 		.ascii	"ald_usb_clock_output\000"
 3460      7573625F 
 3460      636C6F63 
 3460      6B5F6F75 
 3460      74707574 
 3461              	.LASF239:
 3462 0c77 616C645F 		.ascii	"ald_usb_host_hub_addr_set\000"
ARM GAS  C:\Users\PUBLIC~1.LAP\AppData\Local\Temp\ccG3WIcm.s 			page 71


 3462      7573625F 
 3462      686F7374 
 3462      5F687562 
 3462      5F616464 
 3463              	.LASF218:
 3464 0c91 74785F66 		.ascii	"tx_fifo_addr\000"
 3464      69666F5F 
 3464      61646472 
 3464      00
 3465              	.LASF21:
 3466 0c9e 5056445F 		.ascii	"PVD_IRQn\000"
 3466      4952516E 
 3466      00
 3467              	.LASF40:
 3468 0ca7 47503136 		.ascii	"GP16C2T2_IRQn\000"
 3468      43325432 
 3468      5F495251 
 3468      6E00
 3469              	.LASF253:
 3470 0cb5 616C645F 		.ascii	"ald_usb_dev_ep_stall\000"
 3470      7573625F 
 3470      6465765F 
 3470      65705F73 
 3470      74616C6C 
 3471              	.LASF158:
 3472 0cca 414C445F 		.ascii	"ALD_USB_DPDM_FLOATING\000"
 3472      5553425F 
 3472      4450444D 
 3472      5F464C4F 
 3472      4154494E 
 3473              	.LASF24:
 3474 0ce0 5243555F 		.ascii	"RCU_CSU_IRQn\000"
 3474      4353555F 
 3474      4952516E 
 3474      00
 3475              	.LASF149:
 3476 0ced 41504231 		.ascii	"APB1SL\000"
 3476      534C00
 3477              	.LASF94:
 3478 0cf4 4E414B4C 		.ascii	"NAKLIMIT0_TXINTERVAL\000"
 3478      494D4954 
 3478      305F5458 
 3478      494E5445 
 3478      5256414C 
 3479              	.LASF275:
 3480 0d09 616C645F 		.ascii	"ald_usb_mode_host_req_clear\000"
 3480      7573625F 
 3480      6D6F6465 
 3480      5F686F73 
 3480      745F7265 
 3481              	.LASF252:
 3482 0d25 616C645F 		.ascii	"ald_usb_dev_ep_stall_clear\000"
 3482      7573625F 
 3482      6465765F 
 3482      65705F73 
 3482      74616C6C 
 3483              	.LASF259:
ARM GAS  C:\Users\PUBLIC~1.LAP\AppData\Local\Temp\ccG3WIcm.s 			page 72


 3484 0d40 616C645F 		.ascii	"ald_usb_dev_disconnect\000"
 3484      7573625F 
 3484      6465765F 
 3484      64697363 
 3484      6F6E6E65 
 3485              	.LASF237:
 3486 0d57 616C645F 		.ascii	"ald_usb_host_pwr_enable\000"
 3486      7573625F 
 3486      686F7374 
 3486      5F707772 
 3486      5F656E61 
 3487              	.LASF258:
 3488 0d6f 616C645F 		.ascii	"ald_usb_dev_suspend_enable\000"
 3488      7573625F 
 3488      6465765F 
 3488      73757370 
 3488      656E645F 
 3489              	.LASF30:
 3490 0d8a 444D4131 		.ascii	"DMA1_CH12_IRQn\000"
 3490      5F434831 
 3490      325F4952 
 3490      516E00
 3491              	.LASF154:
 3492 0d99 5243555F 		.ascii	"RCU_TypeDef\000"
 3492      54797065 
 3492      44656600 
 3493              	.LASF254:
 3494 0da5 616C645F 		.ascii	"ald_usb_dev_ep_data_ack\000"
 3494      7573625F 
 3494      6465765F 
 3494      65705F64 
 3494      6174615F 
 3495              	.LASF265:
 3496 0dbd 686F7374 		.ascii	"host\000"
 3496      00
 3497              	.LASF90:
 3498 0dc2 52584353 		.ascii	"RXCSRH\000"
 3498      524800
 3499              	.LASF231:
 3500 0dc9 616C645F 		.ascii	"ald_usb_host_request_status\000"
 3500      7573625F 
 3500      686F7374 
 3500      5F726571 
 3500      75657374 
 3501              	.LASF165:
 3502 0de5 616C645F 		.ascii	"ald_usb_swvbus_sesvalth_get\000"
 3502      7573625F 
 3502      73777662 
 3502      75735F73 
 3502      65737661 
 3503              	.LASF5:
 3504 0e01 73686F72 		.ascii	"short int\000"
 3504      7420696E 
 3504      7400
 3505              	.LASF81:
 3506 0e0b 4652414D 		.ascii	"FRAME1\000"
 3506      453100
ARM GAS  C:\Users\PUBLIC~1.LAP\AppData\Local\Temp\ccG3WIcm.s 			page 73


 3507              	.LASF82:
 3508 0e12 4652414D 		.ascii	"FRAME2\000"
 3508      453200
 3509              	.LASF283:
 3510 0e19 7072696F 		.ascii	"priority\000"
 3510      72697479 
 3510      00
 3511              	.LASF34:
 3512 0e22 42533136 		.ascii	"BS16T1_IRQn\000"
 3512      54315F49 
 3512      52516E00 
 3513              	.LASF163:
 3514 0e2e 616C645F 		.ascii	"ald_usb_host_components_init\000"
 3514      7573625F 
 3514      686F7374 
 3514      5F636F6D 
 3514      706F6E65 
 3515              	.LASF257:
 3516 0e4b 616C645F 		.ascii	"ald_usb_dev_ep_config\000"
 3516      7573625F 
 3516      6465765F 
 3516      65705F63 
 3516      6F6E6669 
 3517              	.LASF194:
 3518 0e61 616C645F 		.ascii	"ald_usb_int_enable_ep\000"
 3518      7573625F 
 3518      696E745F 
 3518      656E6162 
 3518      6C655F65 
 3519              	.LASF156:
 3520 0e77 454E4142 		.ascii	"ENABLE\000"
 3520      4C4500
 3521              	.LASF235:
 3522 0e7e 616C645F 		.ascii	"ald_usb_host_pwr_fault_disable\000"
 3522      7573625F 
 3522      686F7374 
 3522      5F707772 
 3522      5F666175 
 3523              	.LASF197:
 3524 0e9d 616C645F 		.ascii	"ald_usb_int_status_ep_get\000"
 3524      7573625F 
 3524      696E745F 
 3524      73746174 
 3524      75735F65 
 3525              	.LASF88:
 3526 0eb7 52584D41 		.ascii	"RXMAXP\000"
 3526      585000
 3527              	.LASF226:
 3528 0ebe 616C645F 		.ascii	"ald_usb_host_speed_get\000"
 3528      7573625F 
 3528      686F7374 
 3528      5F737065 
 3528      65645F67 
 3529              	.LASF170:
 3530 0ed5 616C645F 		.ascii	"ald_usb_swvbus_sigctl_get\000"
 3530      7573625F 
 3530      73777662 
ARM GAS  C:\Users\PUBLIC~1.LAP\AppData\Local\Temp\ccG3WIcm.s 			page 74


 3530      75735F73 
 3530      69676374 
 3531              	.LASF232:
 3532 0eef 616C645F 		.ascii	"ald_usb_host_request_in_clear\000"
 3532      7573625F 
 3532      686F7374 
 3532      5F726571 
 3532      75657374 
 3533              	.LASF157:
 3534 0f0d 54797065 		.ascii	"TypeFunc\000"
 3534      46756E63 
 3534      00
 3535              	.LASF228:
 3536 0f16 616C645F 		.ascii	"ald_usb_host_resume\000"
 3536      7573625F 
 3536      686F7374 
 3536      5F726573 
 3536      756D6500 
 3537              	.LASF113:
 3538 0f2a 45503646 		.ascii	"EP6FIFO\000"
 3538      49464F00 
 3539              	.LASF125:
 3540 0f32 52584956 		.ascii	"RXIVS\000"
 3540      5300
 3541              	.LASF57:
 3542 0f38 75696E74 		.ascii	"uint32_t\000"
 3542      33325F74 
 3542      00
 3543              	.LASF179:
 3544 0f41 616C645F 		.ascii	"ald_usb_host_lpm_config\000"
 3544      7573625F 
 3544      686F7374 
 3544      5F6C706D 
 3544      5F636F6E 
 3545              	.LASF29:
 3546 0f59 444D4131 		.ascii	"DMA1_CH0_IRQn\000"
 3546      5F434830 
 3546      5F495251 
 3546      6E00
 3547              	.LASF262:
 3548 0f67 616C645F 		.ascii	"ald_usb_dev_get_addr\000"
 3548      7573625F 
 3548      6465765F 
 3548      6765745F 
 3548      61646472 
 3549              	.LASF236:
 3550 0f7c 616C645F 		.ascii	"ald_usb_host_pwr_config\000"
 3550      7573625F 
 3550      686F7374 
 3550      5F707772 
 3550      5F636F6E 
 3551              	.LASF233:
 3552 0f94 616C645F 		.ascii	"ald_usb_host_request_in\000"
 3552      7573625F 
 3552      686F7374 
 3552      5F726571 
 3552      75657374 
ARM GAS  C:\Users\PUBLIC~1.LAP\AppData\Local\Temp\ccG3WIcm.s 			page 75


 3553              	.LASF75:
 3554 0fac 504F5745 		.ascii	"POWER\000"
 3554      5200
 3555              	.LASF243:
 3556 0fb2 746F6767 		.ascii	"toggle\000"
 3556      6C6500
 3557              	.LASF148:
 3558 0fb9 41484253 		.ascii	"AHBSL\000"
 3558      4C00
 3559              	.LASF8:
 3560 0fbf 73686F72 		.ascii	"short unsigned int\000"
 3560      7420756E 
 3560      7369676E 
 3560      65642069 
 3560      6E7400
 3561              	.LASF150:
 3562 0fd2 41504232 		.ascii	"APB2SL\000"
 3562      534C00
 3563              	.LASF267:
 3564 0fd9 70757064 		.ascii	"pupd\000"
 3564      00
 3565              	.LASF18:
 3566 0fde 50656E64 		.ascii	"PendSV_IRQn\000"
 3566      53565F49 
 3566      52516E00 
 3567              	.LASF9:
 3568 0fea 5F5F696E 		.ascii	"__int32_t\000"
 3568      7433325F 
 3568      7400
 3569              	.LASF208:
 3570 0ff4 616C645F 		.ascii	"ald_usb_ep_dma_config\000"
 3570      7573625F 
 3570      65705F64 
 3570      6D615F63 
 3570      6F6E6669 
 3571              	.LASF135:
 3572 100a 54584943 		.ascii	"TXICR\000"
 3572      5200
 3573              	.LASF95:
 3574 1010 52585459 		.ascii	"RXTYPE\000"
 3574      504500
 3575              	.LASF127:
 3576 1017 54585249 		.ascii	"TXRIF\000"
 3576      4600
 3577              	.LASF58:
 3578 101d 49534552 		.ascii	"ISER\000"
 3578      00
 3579              	.LASF16:
 3580 1022 48617264 		.ascii	"HardFault_IRQn\000"
 3580      4661756C 
 3580      745F4952 
 3580      516E00
 3581              	.LASF38:
 3582 1031 47503136 		.ascii	"GP16C4T3_IRQn\000"
 3582      43345433 
 3582      5F495251 
 3582      6E00
ARM GAS  C:\Users\PUBLIC~1.LAP\AppData\Local\Temp\ccG3WIcm.s 			page 76


 3583              	.LASF249:
 3584 103f 616C645F 		.ascii	"ald_usb_host_addr_set\000"
 3584      7573625F 
 3584      686F7374 
 3584      5F616464 
 3584      725F7365 
 3585              	.LASF222:
 3586 1055 616C645F 		.ascii	"ald_usb_host_ep_ping\000"
 3586      7573625F 
 3586      686F7374 
 3586      5F65705F 
 3586      70696E67 
 3587              	.LASF264:
 3588 106a 616C645F 		.ascii	"ald_usb_swcid_host\000"
 3588      7573625F 
 3588      73776369 
 3588      645F686F 
 3588      737400
 3589              	.LASF217:
 3590 107d 64617461 		.ascii	"data\000"
 3590      00
 3591              	.LASF260:
 3592 1082 616C645F 		.ascii	"ald_usb_dev_connect\000"
 3592      7573625F 
 3592      6465765F 
 3592      636F6E6E 
 3592      65637400 
 3593              	.LASF272:
 3594 1096 616C645F 		.ascii	"ald_usb_num_ep_get\000"
 3594      7573625F 
 3594      6E756D5F 
 3594      65705F67 
 3594      657400
 3595              	.LASF215:
 3596 10a9 74785F74 		.ascii	"tx_type\000"
 3596      79706500 
 3597              	.LASF119:
 3598 10b1 54584944 		.ascii	"TXIDR\000"
 3598      5200
 3599              	.LASF177:
 3600 10b7 616C645F 		.ascii	"ald_usb_dev_lpm_remote_wake\000"
 3600      7573625F 
 3600      6465765F 
 3600      6C706D5F 
 3600      72656D6F 
 3601              	.LASF210:
 3602 10d3 616C645F 		.ascii	"ald_usb_ep_status\000"
 3602      7573625F 
 3602      65705F73 
 3602      74617475 
 3602      7300
 3603              	.LASF22:
 3604 10e5 5254435F 		.ascii	"RTC_IRQn\000"
 3604      4952516E 
 3604      00
 3605              	.LASF255:
 3606 10ee 6C617374 		.ascii	"last\000"
ARM GAS  C:\Users\PUBLIC~1.LAP\AppData\Local\Temp\ccG3WIcm.s 			page 77


 3606      00
 3607              	.LASF152:
 3608 10f3 52535446 		.ascii	"RSTF\000"
 3608      00
 3609              		.section	.gnu.debuglto_.debug_line_str,"eMS",%progbits,1
 3610              	.LASF301:
 3611 0000 66733032 		.ascii	"fs026.h\000"
 3611      362E6800 
 3612              	.LASF302:
 3613 0008 5F737464 		.ascii	"_stdint.h\000"
 3613      696E742E 
 3613      6800
 3614              	.LASF303:
 3615 0012 636F7265 		.ascii	"core_cm0.h\000"
 3615      5F636D30 
 3615      2E6800
 3616              	.LASF304:
 3617 001d 7265675F 		.ascii	"reg_usb.h\000"
 3617      7573622E 
 3617      6800
 3618              	.LASF295:
 3619 0027 443A5C30 		.ascii	"D:\\00a_liuhy\\temp126\\ChibiOS-Contrib/os/common/e"
 3619      30615F6C 
 3619      69756879 
 3619      5C74656D 
 3619      70313236 
 3620 0057 78742F43 		.ascii	"xt/CMSIS/ES32/FS026\000"
 3620      4D534953 
 3620      2F455333 
 3620      322F4653 
 3620      30323600 
 3621              	.LASF299:
 3622 006b 443A5C30 		.ascii	"D:\\00a_liuhy\\temp126\\ChibiOS-Contrib/os/common/e"
 3622      30615F6C 
 3622      69756879 
 3622      5C74656D 
 3622      70313236 
 3623 009b 78742F43 		.ascii	"xt/CMSIS/ES32/FS026/ald/ald_usb.c\000"
 3623      4D534953 
 3623      2F455333 
 3623      322F4653 
 3623      3032362F 
 3624              	.LASF294:
 3625 00bd 443A5C30 		.ascii	"D:\\00a_liuhy\\temp126\\ChibiOS-Contrib/os/common/e"
 3625      30615F6C 
 3625      69756879 
 3625      5C74656D 
 3625      70313236 
 3626 00ed 78742F43 		.ascii	"xt/CMSIS/ES32/FS026/ald\000"
 3626      4D534953 
 3626      2F455333 
 3626      322F4653 
 3626      3032362F 
 3627              	.LASF293:
 3628 0105 443A5C30 		.ascii	"D:\\00a_liuhy\\temp126\\ChibiOS-Contrib/os/common/e"
 3628      30615F6C 
 3628      69756879 
ARM GAS  C:\Users\PUBLIC~1.LAP\AppData\Local\Temp\ccG3WIcm.s 			page 78


 3628      5C74656D 
 3628      70313236 
 3629 0135 78742F43 		.ascii	"xt/CMSIS/ES32/FS026/FS026\000"
 3629      4D534953 
 3629      2F455333 
 3629      322F4653 
 3629      3032362F 
 3630              	.LASF297:
 3631 014f 643A5C71 		.ascii	"d:\\qmk_msys\\mingw64\\arm-none-eabi\\include\\mach"
 3631      6D6B5F6D 
 3631      7379735C 
 3631      6D696E67 
 3631      7736345C 
 3632 017d 696E6500 		.ascii	"ine\000"
 3633              	.LASF305:
 3634 0181 7265675F 		.ascii	"reg_rcu.h\000"
 3634      7263752E 
 3634      6800
 3635              	.LASF307:
 3636 018b 616C645F 		.ascii	"ald_usb.c\000"
 3636      7573622E 
 3636      6300
 3637              	.LASF300:
 3638 0195 5F646566 		.ascii	"_default_types.h\000"
 3638      61756C74 
 3638      5F747970 
 3638      65732E68 
 3638      00
 3639              	.LASF292:
 3640 01a6 443A5C30 		.ascii	"D:\\00a_liuhy\\temp126\\ChibiOS-Contrib\\demos\\ES3"
 3640      30615F6C 
 3640      69756879 
 3640      5C74656D 
 3640      70313236 
 3641 01d4 325C4653 		.ascii	"2\\FS026\000"
 3641      30323600 
 3642              	.LASF308:
 3643 01dc 636D7369 		.ascii	"cmsis_gcc.h\000"
 3643      735F6763 
 3643      632E6800 
 3644              	.LASF306:
 3645 01e8 616C645F 		.ascii	"ald_usb.h\000"
 3645      7573622E 
 3645      6800
 3646              	.LASF296:
 3647 01f2 443A5C30 		.ascii	"D:\\00a_liuhy\\temp126\\ChibiOS/os/common/ext/ARM/C"
 3647      30615F6C 
 3647      69756879 
 3647      5C74656D 
 3647      70313236 
 3648 0222 4D534953 		.ascii	"MSIS/Core/Include\000"
 3648      2F436F72 
 3648      652F496E 
 3648      636C7564 
 3648      6500
 3649              	.LASF298:
 3650 0234 643A5C71 		.ascii	"d:\\qmk_msys\\mingw64\\arm-none-eabi\\include\\sys\000"
ARM GAS  C:\Users\PUBLIC~1.LAP\AppData\Local\Temp\ccG3WIcm.s 			page 79


 3650      6D6B5F6D 
 3650      7379735C 
 3650      6D696E67 
 3650      7736345C 
 3651              		.text
 3652              		.section	.gnu.lto_.profile.840c018b,"e",%progbits
 3653 0000 28B52FFD 		.ascii	"(\265/\375 \0061\000\000\002\000\000\000\000\000"
 3653      20063100 
 3653      00020000 
 3653      000000
 3654              		.text
 3655              		.section	.gnu.lto_.icf.840c018b,"e",%progbits
 3656 0000 28B52FFD 		.ascii	"(\265/\375`\301\006]\035\000\004*\265\007\000y\000\240"
 3656      60C1065D 
 3656      1D00042A 
 3656      B5070079 
 3656      00A0
 3657 0012 8ED1C80E 		.ascii	"\216\321\310\016\002\002\000\002\001\001\360\365\365"
 3657      02020002 
 3657      0101F0F5 
 3657      F5
 3658 001f FA0D0802 		.ascii	"\372\015\010\002\345\304\336\320\005\004\002\003\002"
 3658      E5C4DED0 
 3658      05040203 
 3658      02
 3659 002c 038788C3 		.ascii	"\003\207\210\303\312\004\275\252\251\257\012\005\261"
 3659      CA04BDAA 
 3659      A9AF0A05 
 3659      B1
 3660 0039 80FBCE0F 		.ascii	"\200\373\316\017\012\006\254\240\203\242\004\020\002"
 3660      0A06ACA0 
 3660      83A20410 
 3660      02
 3661 0046 05020507 		.ascii	"\005\002\005\007\303\241\226\206\014\010\273\267\243"
 3661      C3A19686 
 3661      0C08BBB7 
 3661      A3
 3662 0053 D8020994 		.ascii	"\330\002\011\224\211\322\303\011\010\012\234\346\270"
 3662      89D2C309 
 3662      080A9CE6 
 3662      B8
 3663 0060 E10B0C0B 		.ascii	"\341\013\014\013\215\306\216\234\006\024\014\222\271"
 3663      8DC68E9C 
 3663      06140C92 
 3663      B9
 3664 006d C79E060D 		.ascii	"\307\236\006\015\305\306\247\267\004\010\016\320\352"
 3664      C5C6A7B7 
 3664      04080ED0 
 3664      EA
 3665 007a CCF6090F 		.ascii	"\314\366\011\017\305\265\362\203\003\004\020\254\315"
 3665      C5B5F283 
 3665      030410AC 
 3665      CD
 3666 0087 F6E10411 		.ascii	"\366\341\004\021\367\252\214\366\022\327\301\221\274"
 3666      F7AA8CF6 
 3666      12D7C191 
 3666      BC
ARM GAS  C:\Users\PUBLIC~1.LAP\AppData\Local\Temp\ccG3WIcm.s 			page 80


 3667 0094 070213B2 		.ascii	"\007\002\023\262\257\221\206\024\222\233\336\262\014"
 3667      AF918614 
 3667      929BDEB2 
 3667      0C
 3668 00a1 1590E483 		.ascii	"\025\220\344\203\230\013\026\346\230\235\345\003\016"
 3668      980B16E6 
 3668      989DE503 
 3668      0E
 3669 00ae 17A3B0BE 		.ascii	"\027\243\260\276\236\012\030\336\214\310\303\003\006"
 3669      9E0A18DE 
 3669      8CC8C303 
 3669      06
 3670 00bb 19C3B79A 		.ascii	"\031\303\267\232\222\001\032\264\343\332\341\015\033"
 3670      92011AB4 
 3670      E3DAE10D 
 3670      1B
 3671 00c8 EB8498FF 		.ascii	"\353\204\230\377\017\034\316\357\274\233\012\035\255"
 3671      0F1CCEEF 
 3671      BC9B0A1D 
 3671      AD
 3672 00d5 F7F7FD0F 		.ascii	"\367\367\375\017\036\367\216\225\334\037\324\217\327"
 3672      1EF78E95 
 3672      DC1FD48F 
 3672      D7
 3673 00e2 9D080220 		.ascii	"\235\010\002 \232\224\303\377!\255\313\244\203\001\""
 3673      9A94C3FF 
 3673      21ADCBA4 
 3673      830122
 3674 00f1 89DC819E 		.ascii	"\211\334\201\236\013\000#\266\304\202\231\006\000$\267"
 3674      0B0023B6 
 3674      C4829906 
 3674      0024B7
 3675 0100 C9DB7300 		.ascii	"\311\333s\000%\251\257\360\262\003\000&'\306\246\336"
 3675      25A9AFF0 
 3675      B2030026 
 3675      27C6A6DE 
 3676 0110 CC050028 		.ascii	"\314\005\000(\200\221\231\257\010)\333\252\341\256*"
 3676      809199AF 
 3676      0829DBAA 
 3676      E1AE2A
 3677 011f CFB6A1D5 		.ascii	"\317\266\241\325+\216\342\233\301\015,\333\262\346\301"
 3677      2B8EE29B 
 3677      C10D2CDB 
 3677      B2E6C1
 3678 012e 05022D83 		.ascii	"\005\002-\203\341\323\207\015.\363\271\316\247/\246"
 3678      E1D3870D 
 3678      2EF3B9CE 
 3678      A72FA6
 3679 013d B5F1A509 		.ascii	"\265\361\245\0110\323\307\273\324\0171\267\203\276\225"
 3679      30D3C7BB 
 3679      D40F31B7 
 3679      83BE95
 3680 014c 030C32DA 		.ascii	"\003\0142\332\260\373\347\007\024\005\002\0053\253\270"
 3680      B0FBE707 
 3680      14050205 
 3680      33ABB8
 3681 015b 941534DD 		.ascii	"\224\0254\335\366\204\250\014\0125\222\264\225\224\007"
ARM GAS  C:\Users\PUBLIC~1.LAP\AppData\Local\Temp\ccG3WIcm.s 			page 81


 3681      F684A80C 
 3681      0A3592B4 
 3681      959407
 3682 016a 0E3690D7 		.ascii	"\0166\220\327\274\320\0067\320\366\332\3648\236\332"
 3682      BCD00637 
 3682      D0F6DAF4 
 3682      389EDA
 3683 0179 F4E139C4 		.ascii	"\364\3419\304\335\342\272\014:\203\270\274\226\002\006"
 3683      DDE2BA0C 
 3683      3A83B8BC 
 3683      960206
 3684 0188 3BF1BCC2 		.ascii	";\361\274\302\310\005\000<\262\317\335\340\015=>?@A"
 3684      C805003C 
 3684      B2CFDDE0 
 3684      0D3D3E3F 
 3684      4041
 3685 019a 424344C0 		.ascii	"BCD\300\213\201\375\011E\263\304\277\213\010F\335\317"
 3685      8B81FD09 
 3685      45B3C4BF 
 3685      8B0846DD 
 3685      CF
 3686 01ab FA8947DA 		.ascii	"\372\211G\332\367\246\200\006H\344\204\324\214I\265"
 3686      F7A68006 
 3686      48E484D4 
 3686      8C49B5
 3687 01ba DFE7A102 		.ascii	"\337\347\241\002J\360\271\271%K\340\341\273\265\017"
 3687      4AF0B9B9 
 3687      254BE0E1 
 3687      BBB50F
 3688 01c9 004C4DD5 		.ascii	"\000LM\325\244\356\310\015N\340\223\204\253\003\030"
 3688      A4EEC80D 
 3688      4EE09384 
 3688      AB0318
 3689 01d8 06020602 		.ascii	"\006\002\006\002\007\002\007O\242\233\313\233\001\007"
 3689      0702074F 
 3689      A29BCB9B 
 3689      0107
 3690 01e6 020750DC 		.ascii	"\002\007P\334\323\342\305\007Q\262\222\365\211\003\006"
 3690      D3E2C507 
 3690      51B292F5 
 3690      890306
 3691 01f5 03020452 		.ascii	"\003\002\004RS\344\342\333\334\007\004TU\255\201\217"
 3691      53E4E2DB 
 3691      DC070454 
 3691      55AD818F 
 3692 0205 BA090056 		.ascii	"\272\011\000V\361\373\3569\020\005\002\005W\354\314"
 3692      F1FBEE39 
 3692      10050205 
 3692      57ECCC
 3693 0214 EC4E58F5 		.ascii	"\354NX\365\277\370\336\015Y\227\237\340-\004\002\000"
 3693      BFF8DE0D 
 3693      59979FE0 
 3693      2D040200 
 3694 0224 025AD8E0 		.ascii	"\002Z\330\340\215\267\011[\266\205\203\206\003\006\\"
 3694      8DB7095B 
 3694      B6858386 
 3694      03065C
ARM GAS  C:\Users\PUBLIC~1.LAP\AppData\Local\Temp\ccG3WIcm.s 			page 82


 3695 0233 B6DD8EDD 		.ascii	"\266\335\216\335\016\010]\225\350\271k^\230\272\375"
 3695      0E085D95 
 3695      E8B96B5E 
 3695      98BAFD
 3696 0242 ED065FA8 		.ascii	"\355\006_\250\357\276\247\003\002`\230\227\352\266\014"
 3696      EFBEA703 
 3696      02609897 
 3696      EAB60C
 3697 0251 0061CFC0 		.ascii	"\000a\317\300\226\256\006\000bc\225\246\257\332\014"
 3697      96AE0600 
 3697      626395A6 
 3697      AFDA0C
 3698 0260 00646566 		.ascii	"\000defghijklmno\376\265\325\240p\210\344\247\256\014"
 3698      6768696A 
 3698      6B6C6D6E 
 3698      6FFEB5D5 
 3698      A07088E4 
 3699 0277 02718084 		.ascii	"\002q\200\204\357\235r\273\212\232\335s\275\354\205"
 3699      EF9D72BB 
 3699      8A9ADD73 
 3699      BDEC85
 3700 0286 8E0C74C8 		.ascii	"\216\014t\310\261\352\251\001\002u\311\204\346\324v"
 3700      B1EAA901 
 3700      0275C984 
 3700      E6D476
 3701 0295 85CCECE4 		.ascii	"\205\314\354\344\017w\261\234\374J\014\002\000\002\010"
 3701      0F77B19C 
 3701      FC4A0C02 
 3701      000208
 3702 02a4 78F3E3AC 		.ascii	"x\363\343\254\243\017\000\000\200\211\250\301$\001!"
 3702      A30F0000 
 3702      8089A8C1 
 3702      240121
 3703 02b3 D2639314 		.ascii	"\322c\223\024\026\2069\300\002\251\242\211\033\021p"
 3703      168639C0 
 3703      02A9A289 
 3703      1B1170
 3704 02c2 148B300B 		.ascii	"\024\2130\013I\321\204\231$\225\346\015\204\201\333"
 3704      49D18499 
 3704      2495E60D 
 3704      8481DB
 3705 02d1 5534E8ED 		.ascii	"U4\350\355r\356\222\213\314\026\377\005D\320l\300i\026"
 3705      72EE928B 
 3705      CC16FF05 
 3705      44D06CC0 
 3705      6916
 3706 02e3 4AE21D9D 		.ascii	"J\342\035\235\242\260\212Qr\2461LD\342R\017)75\331\250"
 3706      A2B08A51 
 3706      72A6314C 
 3706      44E2520F 
 3706      293735D9 
 3707 02f8 4A39ABCF 		.ascii	"J9\253\317\352\030Y\012|\373\036\310\262\352O?\322\330"
 3707      EA18590A 
 3707      7CFB1EC8 
 3707      B2EA4F3F 
 3707      D2D8
 3708 030a CBA29A7F 		.ascii	"\313\242\232\177\001\205\011\306N\235\235EU\263\300"
ARM GAS  C:\Users\PUBLIC~1.LAP\AppData\Local\Temp\ccG3WIcm.s 			page 83


 3708      018509C6 
 3708      4E9D9D45 
 3708      55B3C0
 3709 0319 4F288881 		.ascii	"O(\210\201L\346\313\313\231\257\3408%\021\200(\013o"
 3709      4CE6CBCB 
 3709      99AFE038 
 3709      25118028 
 3709      0B6F
 3710 032b 2E924EB9 		.ascii	".\222N\271k\037\230\203Wv\321b\316\242\337\0270\343"
 3710      6B1F9883 
 3710      5776D162 
 3710      CEA2DF17 
 3710      30E3
 3711 033d 112243B8 		.ascii	"\021\"C\270\260\272rg,g\343\276\306\227u\010\202T\017"
 3711      B0BA7267 
 3711      2C67E3BE 
 3711      C6977508 
 3711      82540F
 3712 0350 3E73AAC1 		.ascii	">s\252\301\350Ys\001\275z\365\355\313\3228\265\372^"
 3712      E8597301 
 3712      BD7AF5ED 
 3712      CBD238B5 
 3712      FA5E
 3713 0362 3DA382D0 		.ascii	"=\243\202\320gr\007d\316w\340a'\232$($]\331\332\376"
 3713      67720764 
 3713      CE77E061 
 3713      279A2428 
 3713      245DD9DA 
 3714 0377 C5BDE7CB 		.ascii	"\305\275\347\313mci\244g\351\2321\231\247\247`\260N"
 3714      6D6369A4 
 3714      67E99A31 
 3714      99A7A760 
 3714      B04E
 3715 0389 B8BAE59C 		.ascii	"\270\272\345\234\227\322\326\221\370\000\021H\200\237"
 3715      97D2D691 
 3715      F8001148 
 3715      809F
 3716 0397 FAF4CBDC 		.ascii	"\372\364\313\334'\020)\317#\252\255\271E\005\265\255"
 3716      271029CF 
 3716      23AAADB9 
 3716      4505B5AD 
 3717 03a7 04AA2630 		.ascii	"\004\252&0R\340\204]\002\035U\317\304\001"
 3717      52E0845D 
 3717      021D55CF 
 3717      C401
 3718              		.text
 3719              		.section	.gnu.lto_.ipa_sra.840c018b,"e",%progbits
 3720 0000 28B52FFD 		.ascii	"(\265/\375`\345\002\235\015\000\326TA9\260\330I\206"
 3720      60E5029D 
 3720      0D00D654 
 3720      4139B0D8 
 3720      4986
 3721 0012 03FCA0FF 		.ascii	"\003\374\240\377\240\377\240\377\240\377\240\377\240"
 3721      A0FFA0FF 
 3721      A0FFA0FF 
 3721      A0
 3722 001f FFA0FFA0 		.ascii	"\377\240\377\240\377\245|uF \235\021Hg\004\322\031\201"
ARM GAS  C:\Users\PUBLIC~1.LAP\AppData\Local\Temp\ccG3WIcm.s 			page 84


 3722      FFA57C75 
 3722      46209D11 
 3722      486704D2 
 3722      1981
 3723 0031 74462033 		.ascii	"tF 3\321D\023M4\321D\023M4\321D\337b#r\247\024,\000"
 3723      D144134D 
 3723      34D14413 
 3723      4D34D144 
 3723      DF622372 
 3724 0049 2D003600 		.ascii	"-\0006\000\356\254\316\346,\316\336\274lj&\315\316L"
 3724      EEACCEE6 
 3724      2CCEDEBC 
 3724      6C6A26CD 
 3724      CE4C
 3725 005b 9919B330 		.ascii	"\231\031\2630\373\262.\333\302\262+W*)\213\262'\237"
 3725      FBB22EDB 
 3725      C2B22B57 
 3725      2A298BB2 
 3725      279F
 3726 006d 3259176A 		.ascii	"2Y\027j\253\335\256\327/\022\267$;`]\200\222\265J\022"
 3726      ABDDAED7 
 3726      2F12B724 
 3726      3B605D80 
 3726      92B54A12 
 3727 0081 60FDB502 		.ascii	"`\375\265\002\330\247u\332&\246\271\244\264IH{\264\224"
 3727      D8A775DA 
 3727      26A6B9A4 
 3727      B449487B 
 3727      B494
 3728 0093 95CB688B 		.ascii	"\225\313h\213\226h\016M\241\017\232@\363g\372l\317\344"
 3728      96680E4D 
 3728      A10F9A40 
 3728      F367FA6C 
 3728      CFE4
 3729 00a5 39244688 		.ascii	"9$F\210\010\261\203\330\2079\017\263\303r\0346,\015"
 3729      08B183D8 
 3729      87390FB3 
 3729      C3721C36 
 3729      2C0D
 3730 00b7 CB996131 		.ascii	"\313\231a1\\\260\260\025(LX\011\033a\010\373`\0354\230"
 3730      5CB0B015 
 3730      284C5809 
 3730      1B6108FB 
 3730      601D3498 
 3731 00cb C18257B0 		.ascii	"\301\202W\260\237`]\365(\004\177`\033(@`\003G\214\314"
 3731      9F605DF5 
 3731      28047F60 
 3731      1B284060 
 3731      03478CCC 
 3732 00df 2244E610 		.ascii	"\"D\346\020!3\010\220\371\303\307\366X\036;V\307\346"
 3732      21330890 
 3732      F9C3C7F6 
 3732      581E3B56 
 3732      C7E6
 3733 00f1 C0F1BA61 		.ascii	"\300\361\272a\343kL\032s\306\2241cL\030/\\\314\026,"
 3733      E36B4C1A 
 3733      73C69431 
ARM GAS  C:\Users\PUBLIC~1.LAP\AppData\Local\Temp\ccG3WIcm.s 			page 85


 3733      634C182F 
 3733      5CCC162C 
 3734 0105 7EC554F1 		.ascii	"~\305T\361)\026\305\276NT&J,Z\250\241D\3534m\012\012"
 3734      2916C5BE 
 3734      4E54264A 
 3734      2C5AA8A1 
 3734      44EB346D 
 3735 011b A5610CA0 		.ascii	"\245a\014\240\2029\252\316\001\021P\221$\\\335\2502"
 3735      8239AACE 
 3735      01115091 
 3735      245CDDA8 
 3735      32
 3736 012c EC197CD4 		.ascii	"\354\031|\324\033q\237\325\201|\031\235\004s\247\231"
 3736      1B719FD5 
 3736      817C199D 
 3736      0473A799 
 3737 013c E606374A 		.ascii	"\346\0067J\015\243cKa(i\265\231*\305\245[\220.Y\252"
 3737      0DA3634B 
 3737      612869B5 
 3737      992AC5A5 
 3737      5B902E59 
 3738 0151 4BE5A49E 		.ascii	"K\345\244\236\324\316\277\267\037\202\232\202n\2705"
 3738      D4CEBFB7 
 3738      1F829A82 
 3738      6EB835
 3739 0160 0D402B5F 		.ascii	"\015@+_Nj\311\220\0272\321;\000\225\234Ax\362\341\364"
 3739      4E6AC990 
 3739      1732D13B 
 3739      00959C41 
 3739      78F2E1F4 
 3740 0174 0B29E305 		.ascii	"\013)\343\005\312\367\356$h\001\002ZW(\032\325~kI\312"
 3740      CAF7EE24 
 3740      6801025A 
 3740      57281AD5 
 3740      7E6B49CA 
 3741 0188 74131F17 		.ascii	"t\023\037\027\376\251\226\307\033\020\020!\177\016\325"
 3741      FEA996C7 
 3741      1B101021 
 3741      7F0ED5
 3742 0197 7D8590EB 		.ascii	"}\205\220\353+\3346a\204\014ZQ\255\217\242`\302\307"
 3742      2BDC3661 
 3742      840C5A51 
 3742      AD8FA260 
 3742      C2C7
 3743 01a9 265D4805 		.ascii	"&]H\005\330\347,\206\004\302\002\216\316\221\2653P\335"
 3743      D8E72C86 
 3743      04C2028E 
 3743      CE91B533 
 3743      50DD
 3744 01bb 8901     		.ascii	"\211\001"
 3745              		.text
 3746              		.section	.gnu.lto_.inline.840c018b,"e",%progbits
 3747 0000 28B52FFD 		.ascii	"(\265/\375`\271\034\0358\000\226\373\306D\200^Q:\325"
 3747      60B91C1D 
 3747      380096FB 
 3747      C644805E 
 3747      513AD5
ARM GAS  C:\Users\PUBLIC~1.LAP\AppData\Local\Temp\ccG3WIcm.s 			page 86


 3748 0013 94047A44 		.ascii	"\224\004zD\344\356zG0e}boPV\230(C\361N\004[\006\370"
 3748      E4EE7A47 
 3748      30657D62 
 3748      6F505698 
 3748      2843F14E 
 3749 002b FB86202F 		.ascii	"\373\206 /<\366\035\210\220\3222\3307\026;\014#\253"
 3749      3CF61D88 
 3749      90D232D8 
 3749      37163B0C 
 3749      23AB
 3750 003d 98A624BA 		.ascii	"\230\246$\272\203\312\010\254\037KCM\266&F\272\261\377"
 3750      83CA08AC 
 3750      1F4B434D 
 3750      B62646BA 
 3750      B1FF
 3751 004f DE72A7A5 		.ascii	"\336r\247\245\000\247\000\276\000z\252l\375,,*\253\332"
 3751      00A700BE 
 3751      007AAA6C 
 3751      FD2C2C2A 
 3751      ABDA
 3752 0061 EFFFEE9B 		.ascii	"\357\377\356\233\337UrWi\3667\323,:v\217Rz\273\237\365"
 3752      DF557257 
 3752      69F637D3 
 3752      2C3A768F 
 3752      527ABB9F 
 3753 0076 497F7ABB 		.ascii	"I\177z\273c\373\250=\345Ub\316\371\3501[\377\237\365"
 3753      63FBA83D 
 3753      E55562CE 
 3753      F9E8315B 
 3753      FF9FF5
 3754 0089 F64F773D 		.ascii	"\366Ow=\354\246\333\\\337\232g\037|[\336\356\332\212"
 3754      ECA6DB5C 
 3754      DF9A671F 
 3754      7C5BDEEE 
 3754      DA8A
 3755 009b B0888876 		.ascii	"\260\210\210v\334t\374\324\307\346q\016\353j\230@]C"
 3755      DC74FCD4 
 3755      C7E6710E 
 3755      EB6A9840 
 3755      5D43
 3756 00ad 7C5C1E9F 		.ascii	"|\\\036\2375\217\260\030V{9\373?6\245G\322P{\012\325"
 3756      358FB018 
 3756      567B39FB 
 3756      3F36A547 
 3756      D2507B0A 
 3757 00c2 65B26061 		.ascii	"e\262`aYp{\253\253q\262`i\271\267\370V\327XTV|\354\361"
 3757      59707BAB 
 3757      AB71B260 
 3757      69B9B7F8 
 3757      56D75854 
 3758 00da EDFB7D76 		.ascii	"\355\373}v\3169\337\177J\316\371\367\307\376\313\232"
 3758      CE39DF7F 
 3758      4ACEF9F7 
 3758      C7FECB9A 
 3759 00ea 522457D6 		.ascii	"R$W\326J\336\247\273\272\005\350\314\227\361\227\362"
 3759      4ADEA7BB 
 3759      BA05E8CC 
ARM GAS  C:\Users\PUBLIC~1.LAP\AppData\Local\Temp\ccG3WIcm.s 			page 87


 3759      97F197F2 
 3760 00fa 0365020D 		.ascii	"\003e\002\015\030,\370\177\326+H`\236\266cG0\322\377"
 3760      182CF87F 
 3760      D62B4860 
 3760      9EB66347 
 3760      30D2FF
 3761 010d A5EDADA1 		.ascii	"\245\355\255\241d\373^\353\344\374\223\235\351\200\201"
 3761      64FB5EEB 
 3761      E4FC939D 
 3761      E98081
 3762 011c 024B04FE 		.ascii	"\002K\004\376\367\327x\033\276\316\376\274I\235\007"
 3762      F7D7781B 
 3762      BECEFEBC 
 3762      499D07
 3763 012b E4F32A30 		.ascii	"\344\363*0\347\314\324G\272\222\200$\244\316}\243\327"
 3763      E7CCD447 
 3763      BA928024 
 3763      A4CE7DA3 
 3763      D7
 3764 013c 8ECA00B4 		.ascii	"\216\312\000\264J\277\000\220&\3167M\233q8\037wR!\217"
 3764      4ABF0090 
 3764      26CE374D 
 3764      9B71381F 
 3764      7752218F 
 3765 0150 3BEE246F 		.ascii	";\356$o\313|\213\313|\\\226\371\345S\037\347\363l\357"
 3765      CB7C8BCB 
 3765      7C5C96F9 
 3765      E5531FE7 
 3765      F36CEF
 3766 0163 DAF476B7 		.ascii	"\332\364v\267\264(\327\207\331v\246\267K\325\320J\346"
 3766      B428D787 
 3766      D976A6B7 
 3766      4BD5D04A 
 3766      E6
 3767 0174 C9F977FB 		.ascii	"\311\371w\373\254|9uo\236\327\301\234s\355\332\222\336"
 3767      AC7C3975 
 3767      6F9ED7C1 
 3767      9C73EDDA 
 3767      92DE
 3768 0186 2ED5A2BE 		.ascii	".\325\242\276\013\370\370\277e\227\341\377$\324%\273"
 3768      0BF8F8BF 
 3768      6597E1FF 
 3768      24D425BB 
 3769 0196 876FF4BF 		.ascii	"\207o\364\277\036j\243%$\177^\257\261\012\261\251\243"
 3769      1E6AA325 
 3769      247F5EAF 
 3769      B10AB1A9 
 3769      A3
 3770 01a7 CB8801E3 		.ascii	"\313\210\001\343\377\011\205EB\262\277p\321\202\305"
 3770      FF098545 
 3770      42B2BF70 
 3770      D182C5
 3771 01b6 0A152950 		.ascii	"\012\025)P\2340\201+Ab\0046c\364G^D\210&\346\374\033"
 3771      9C30812B 
 3771      41620436 
 3771      63F4475E 
 3771      448826E6 
ARM GAS  C:\Users\PUBLIC~1.LAP\AppData\Local\Temp\ccG3WIcm.s 			page 88


 3772 01cc 0FC2D22C 		.ascii	"\017\302\322,\360\003m\017\035\316\036\313\030\3229"
 3772      F0036D0F 
 3772      1DCE1ECB 
 3772      18D239
 3773 01db E8C83F7C 		.ascii	"\350\310?|\302\014\252}\303?\232\271Z$z\021\357\261"
 3773      C20CAA7D 
 3773      C33F9AB9 
 3773      5A247A11 
 3773      EFB1
 3774 01ed AEED713F 		.ascii	"\256\355q?\355\033\372K\335+\207\312jO\200k\270\023"
 3774      ED1BFA4B 
 3774      DD2B87CA 
 3774      6A4F806B 
 3774      B813
 3775 01ff 90CEDA5A 		.ascii	"\220\316\332Z\332%u\307\356\275\316\236a\307\305\366"
 3775      DA2575C7 
 3775      EEBDCE9E 
 3775      61C7C5F6 
 3776 020f C66F9CAB 		.ascii	"\306o\234\253aE\242\327Y\207m\276sMk\245Yt\326\276\016"
 3776      6145A2D7 
 3776      59876DBE 
 3776      734D6BA5 
 3776      5974D6BE 
 3777 0224 D43567E9 		.ascii	"\3245g\351\030\356\004\274\023\260\311j\232\230\346"
 3777      18EE04BC 
 3777      13B0C96A 
 3777      9A98E6
 3778 0233 633CCC79 		.ascii	"c<\314y\212v\232\257\232-_\257)W\033\221\311\371g\373"
 3778      8A769AAF 
 3778      9A2D5FAF 
 3778      29571B91 
 3778      C9F967FB 
 3779 0247 85260B15 		.ascii	"\205&\013\025(\324\011\022hM\335PZ\367\256\273\264\010"
 3779      28D40912 
 3779      684DDD50 
 3779      5AF7AEBB 
 3779      B408
 3780 0259 1074DD00 		.ascii	"\020t\335\000\202\267\007\016\002\377\377\221\012\243"
 3780      82B7070E 
 3780      02FFFF91 
 3780      0AA3
 3781 0267 505E69A4 		.ascii	"P^i\244\023\034\312\023'M\230\370zK\212D/Cq(\215LU\033"
 3781      131CCA13 
 3781      274D98F8 
 3781      7A4B8A44 
 3781      2F437128 
 3782 027f 36B22B49 		.ascii	"6\262+I\202\344\210\224\221\"QP\274\335\251\313=\375"
 3782      82E48894 
 3782      91225150 
 3782      BCDDA9CB 
 3782      3DFD
 3783 0291 F444FE35 		.ascii	"\364D\3765D\251\037\024\022\004\310\260\377\003\016"
 3783      44A91F14 
 3783      1204C8B0 
 3783      FF030E
 3784 02a0 F5F1FFAC 		.ascii	"\365\361\377\254wQ\007{\374h\366\326\253\234\247l\347"
 3784      7751077B 
ARM GAS  C:\Users\PUBLIC~1.LAP\AppData\Local\Temp\ccG3WIcm.s 			page 89


 3784      FC68F6D6 
 3784      AB9CA76C 
 3784      E7
 3785 02b1 F14B3AC6 		.ascii	"\361K:\306\335Z\257\231\035SL\267V\273t\0359p\330\372"
 3785      DD5AAF99 
 3785      1D534CB7 
 3785      56BB741D 
 3785      3970D8FA 
 3786 02c5 75C3C6A5 		.ascii	"u\303\306\245\\\300\032O=\264\030\2145\242Mh\313\360"
 3786      5CC01A4F 
 3786      3DB4188C 
 3786      35A24D68 
 3786      CBF0
 3787 02d7 4DED34FE 		.ascii	"M\3554\376\334M\232q\227\252`!Z\354\217\252`\212\212"
 3787      DC4D9A71 
 3787      97AA6021 
 3787      5AEC8FAA 
 3787      608A8A
 3788 02ea 74943EC3 		.ascii	"t\224>\303\276\255\371\247Z\304\223f\213r\3359\203f"
 3788      BEADF9A7 
 3788      5AC49366 
 3788      8B72DD39 
 3788      8366
 3789 02fc E6A3EDF8 		.ascii	"\346\243\355\370\351\303\205&\272\003&\350\250&\032"
 3789      E9C38526 
 3789      BA0326E8 
 3789      A8261A
 3790 030b E3C50A73 		.ascii	"\343\305\012s\211\001\024f\364G\325\253*W[\216d\177"
 3790      89011466 
 3790      F447D5AB 
 3790      2A575B8E 
 3790      647F
 3791 031d 2DD257C0 		.ascii	"-\322W\300\272\274\230wz\020\007\201\317\250Q=SfdDD"
 3791      BABC9877 
 3791      7A100781 
 3791      CFA8513D 
 3791      53666444 
 3792 0332 928224E9 		.ascii	"\222\202$\351!\205\306 \006\035tw\022\240\023)\207B"
 3792      2185C620 
 3792      061D7477 
 3792      12A01329 
 3792      8742
 3793 0344 14838842 		.ascii	"\024\203\210B\210\020\202\214\200\020\022\210\210H "
 3793      8810828C 
 3793      80101288 
 3793      884820
 3794 0353 C14E85E1 		.ascii	"\301N\205\341\037Y\001)gE\013\240v\206\240<\313\341"
 3794      1F590129 
 3794      67450BA0 
 3794      7686A03C 
 3794      CBE1
 3795 0365 6FB749BD 		.ascii	"o\267I\275\315\227\341\202\035\035\263\333\3449\323"
 3795      CD97E182 
 3795      1D1DB3DB 
 3795      E439D3
 3796 0374 453053AE 		.ascii	"E0S\256x\023\276\230\022\015\276)\272UW]U\0010\375\246"
 3796      7813BE98 
ARM GAS  C:\Users\PUBLIC~1.LAP\AppData\Local\Temp\ccG3WIcm.s 			page 90


 3796      120DBE29 
 3796      BA55575D 
 3796      550130FD 
 3797 0389 6E40622D 		.ascii	"n@b-\233\177\271\276\322\221\250\245{\034\331\216\377"
 3797      9B7FB9BE 
 3797      D291A8A5 
 3797      7B1CD98E 
 3797      FF
 3798 039a AB470214 		.ascii	"\253G\002\024\301\020\277.\337\237_\237\357\277\245"
 3798      C110BF2E 
 3798      DF9F5F9F 
 3798      EFBFA5
 3799 03a9 2F5F60FF 		.ascii	"/_`\377~\015\021\333\265++z\271\273Jv\004\337\226\263"
 3799      7E0D11DB 
 3799      B52B2B7A 
 3799      B9BB4A76 
 3799      04DF96B3 
 3800 03bd 7A4E1D0A 		.ascii	"zN\035\012\220\210\201\006+g\034Xm \270\017J\346\374"
 3800      90888106 
 3800      2B671C58 
 3800      6D20B80F 
 3800      4AE6FC
 3801 03d0 C3B65128 		.ascii	"\303\266Q(8~\375x\225\377\232p\260\025\261\245>\222"
 3801      387EFD78 
 3801      95FF9A70 
 3801      B015B1A5 
 3801      3E92
 3802 03e2 908CDCE0 		.ascii	"\220\214\334\340\201\267\277y.\223\324SDso\3733E;\215"
 3802      81B7BF79 
 3802      2E93D453 
 3802      44736FFB 
 3802      33453B8D 
 3803 03f6 BD41100C 		.ascii	"\275A\020\014\"\204\034fM\375L\011\005\251Y2E{\375s"
 3803      22841C66 
 3803      4DFD4C09 
 3803      05A95932 
 3803      457BFD73 
 3804 040a 76AE38B0 		.ascii	"v\2568\260\360XX>\250Z\274\341T\375L\032CO\011\332\326"
 3804      F058583E 
 3804      A85ABCE1 
 3804      54FD4C1A 
 3804      434F09DA 
 3805 041f AC0B63CE 		.ascii	"\254\013c\316\015(\321o\251\263!T\035R\273\367\352l"
 3805      0D28D16F 
 3805      A9B32154 
 3805      1D52BBF7 
 3805      EA6C
 3806 0431 1ECCEC6A 		.ascii	"\036\314\354jH<\361\324\352\022\276\230\217\203\213"
 3806      483CF1D4 
 3806      EA12BE98 
 3806      8F838B
 3807 0440 0AB1C65D 		.ascii	"\012\261\306]{'Z\362\216\021\260\371\264\177\350\015"
 3807      7B275AF2 
 3807      8E11B0F9 
 3807      B47FE80D 
 3808 0450 E5CCB0E0 		.ascii	"\345\314\260\340\216\210n\362\277z\260J\320\262\\\212"
 3808      8E886EF2 
ARM GAS  C:\Users\PUBLIC~1.LAP\AppData\Local\Temp\ccG3WIcm.s 			page 91


 3808      BF7AB04A 
 3808      D0B25C8A 
 3809 0460 071D7F9C 		.ascii	"\007\035\177\234KH\304\011\224\021\212X\371;Z+\243d"
 3809      4B48C409 
 3809      94118A58 
 3809      F93B5A2B 
 3809      A364
 3810 0472 F2E42BFB 		.ascii	"\362\344+\373v\27149\357W\306\234v\3061r6y\202\007\220"
 3810      76B93439 
 3810      EF57C69C 
 3810      76C63172 
 3810      36798207 
 3811 0487 F58ABCC0 		.ascii	"\365\212\274\300^\020415\361-j(\312\350+a\236\023\362"
 3811      5E103431 
 3811      35F12D6A 
 3811      28CAE82B 
 3811      619E13F2 
 3812 049b EEE7391F 		.ascii	"\356\3479\037\224\001{L\336_B\227&\374l6B\330\337\363"
 3812      94017B4C 
 3812      DE5F4297 
 3812      26FC6C36 
 3812      42D8DFF3 
 3813 04af D0B622AF 		.ascii	"\320\266\"\257\036\315\345\345\033m\327\032#\012qf\343"
 3813      1ECDE5E5 
 3813      1B6DD71A 
 3813      230A7166 
 3813      E3
 3814 04c0 62F76862 		.ascii	"b\367hbm\200|\262\260\243\270\264^\212R\217|VE\227\274"
 3814      6D807CB2 
 3814      B0A3B8B4 
 3814      5E8A528F 
 3814      7C564597 
 3815 04d5 38B7AC75 		.ascii	"8\267\254u\272\246\235k\357\324\316\265\252\214v\256"
 3815      BAA69D6B 
 3815      EFD4CEB5 
 3815      AA8C76AE 
 3816 04e5 59D621AE 		.ascii	"Y\326!\2560\276\244\356b0\005\311\013\324\213\255`\333"
 3816      30BEA4EE 
 3816      623005C9 
 3816      0BD48BAD 
 3816      60DB
 3817 04f7 DB5F3B8C 		.ascii	"\333_;\214\243\360\2764[-g\306\324\317\253\010\363>"
 3817      A3F0BE34 
 3817      5B2D67C6 
 3817      D4CFAB08 
 3817      F33E
 3818 0509 9E8F6B8F 		.ascii	"\236\217k\217\202\344\353\023\362\2354\231\302\354\241"
 3818      82E4EB13 
 3818      F29D3499 
 3818      C2ECA1
 3819 0518 34C9BB65 		.ascii	"4\311\273e\022\376\372\016o\327\365}\311M<\244\007V"
 3819      12FEFA0E 
 3819      6FD7F57D 
 3819      C94D3CA4 
 3819      0756
 3820 052a 925B3EB6 		.ascii	"\222[>\266\036\2744M\272\343\305\373\222\023\027X\030"
 3820      1EBC344D 
ARM GAS  C:\Users\PUBLIC~1.LAP\AppData\Local\Temp\ccG3WIcm.s 			page 92


 3820      BAE3C5FB 
 3820      92131758 
 3820      18
 3821 053b FBD24008 		.ascii	"\373\322@\010\015P\023\202\367\3023\000\231\034\016"
 3821      0D501382 
 3821      F7C23300 
 3821      991C0E
 3822 054a 6627A1ED 		.ascii	"f'\241\355o,D@5\031\366y\213\335.\302g\024\012}FR\244"
 3822      6F2C4440 
 3822      3519F679 
 3822      8BDD2EC2 
 3822      67140A7D 
 3823 0561 303A3159 		.ascii	"0:1Y\371\205c\270\252f\237'\026\026\244\274\274v\"\247"
 3823      F98563B8 
 3823      AA669F27 
 3823      1616A4BC 
 3823      BC7622A7 
 3824 0575 8B834008 		.ascii	"\213\203@\010\004+\001?H\032\030\213A<\001\320+<\321"
 3824      042B013F 
 3824      481A188B 
 3824      413C01D0 
 3824      2B3CD1
 3825 0588 783D876E 		.ascii	"x=\207n<\224@\036S\271\032\334\305\362\216R\021'/V\340"
 3825      3C94401E 
 3825      53B91ADC 
 3825      C5F28E52 
 3825      11272F56 
 3826 059d 80C9B456 		.ascii	"\200\311\264VkC\345ZE{v\2167sTj\323\032\351\030\256"
 3826      6B43E55A 
 3826      457B768E 
 3826      3773546A 
 3826      D31AE918 
 3827 05b2 F9583392 		.ascii	"\371X3\222;w,\0162\334\317\244\004x!\036\021\315\202"
 3827      3B772C0E 
 3827      32DCCFA4 
 3827      0478211E 
 3827      11CD82
 3828 05c5 110FD17B 		.ascii	"\021\017\321{'\327u\301E\374\226\205\000\002pP\023u"
 3828      27D775C1 
 3828      45FC9685 
 3828      00027050 
 3828      1375
 3829 05d7 3A8B8B0B 		.ascii	":\213\213\013:N\241\253p\005\232\247\340\177\363\200"
 3829      3A4EA1AB 
 3829      70059AA7 
 3829      E07FF380 
 3830 05e7 C5DEC01F 		.ascii	"\305\336\300\037\217\033\214\357/\277\034\271xI\261"
 3830      8F1B8CEF 
 3830      2FBF1CB9 
 3830      7849B1
 3831 05f6 BE2B2B40 		.ascii	"\276++@\220\000\242/\005X5\372Z\341\210\304r\207\302"
 3831      9000A22F 
 3831      055835FA 
 3831      5AE188C4 
 3831      7287C2
 3832 0609 8806D166 		.ascii	"\210\006\321f8\276\301\034\324d\242\361\346\202*\247"
 3832      38BEC11C 
ARM GAS  C:\Users\PUBLIC~1.LAP\AppData\Local\Temp\ccG3WIcm.s 			page 93


 3832      D464A2F1 
 3832      E6822AA7 
 3833 0619 3DB2757A 		.ascii	"=\262uzrd\247\257\261\3600\346\304)\200/\011\315\201"
 3833      7264A7AF 
 3833      B1F030E6 
 3833      C429802F 
 3833      09CD81
 3834 062c 6A2A2BDC 		.ascii	"j*+\334\333\362\353!i\365\344\242=\313?%\310x\247wn"
 3834      DBF2EB21 
 3834      69F5E4A2 
 3834      3DCB3F25 
 3834      C878A777 
 3835 0641 DFB47741 		.ascii	"\337\264wA\2014-\244Q\0069\340\301\005/\372\331\036"
 3835      81342DA4 
 3835      510639E0 
 3835      C1052FFA 
 3835      D91E
 3836 0653 00562058 		.ascii	"\000V X\254p\340\012\0260\007T\345\303\270\324(\330"
 3836      AC70E00A 
 3836      16300754 
 3836      E5C3B8D4 
 3836      28D8
 3837 0665 790C2BBC 		.ascii	"y\014+\274a\365\262\334\036\334\026\247\003S\246\241"
 3837      61F5B2DC 
 3837      1EDC16A7 
 3837      0353A6A1 
 3838 0675 AA9B4F95 		.ascii	"\252\233O\225\015\364d\325\300W\302b\270\336\010?\305"
 3838      0DF464D5 
 3838      C057C262 
 3838      B8DE083F 
 3838      C5
 3839 0686 BC2781EB 		.ascii	"\274'\201\353/F\023\305\351\204\205\220M\350\302\273"
 3839      2F4613C5 
 3839      E9848590 
 3839      4DE8C2BB 
 3840 0696 E0715342 		.ascii	"\340qSB\220\347I\225\206\037\331%\200Pn\005(\"r\002"
 3840      90E74995 
 3840      861FD925 
 3840      80506E05 
 3840      28227202 
 3841 06aa 468446A2 		.ascii	"F\204F\242\306X\304\3220\005\305\255R\014\323\340-\000"
 3841      C658C4D2 
 3841      3005C5AD 
 3841      520CD3E0 
 3841      2D00
 3842 06bc B0200EF1 		.ascii	"\260 \016\361z\312\006x\304\026\245\314\334\246\227"
 3842      7ACA0678 
 3842      C416A5CC 
 3842      DCA697
 3843 06cb 84160551 		.ascii	"\204\026\005Q\032\223dpB\207 Bk\341\223\311\200M)e\315"
 3843      1A936470 
 3843      42872042 
 3843      6BE193C9 
 3843      804D2965 
 3844 06e0 3B17127D 		.ascii	";\027\022}\204\221\340u\276\336\254K\313Uv\021\237\321"
 3844      8491E075 
 3844      BEDEAC4B 
ARM GAS  C:\Users\PUBLIC~1.LAP\AppData\Local\Temp\ccG3WIcm.s 			page 94


 3844      CB557611 
 3844      9FD1
 3845 06f2 77BAC936 		.ascii	"w\272\31162\377D(\324\313\020Q4\341;\033\235\011\036"
 3845      32FF4428 
 3845      D4CB1051 
 3845      34E13B1B 
 3845      9D091E
 3846 0705 7F6C503D 		.ascii	"\177lP=|2\2541"
 3846      7C32AC31 
 3847              		.text
 3848              		.section	.gnu.lto_.jmpfuncs.840c018b,"e",%progbits
 3849 0000 28B52FFD 		.ascii	"(\265/\375`8\004\305\021\000\206\032S=\360\232$\303"
 3849      603804C5 
 3849      1100861A 
 3849      533DF09A 
 3849      24C3
 3850 0012 01B4896C 		.ascii	"\001\264\211l\"\233\310&\262\011}\005}-\016\213\303"
 3850      229BC826 
 3850      B2097D05 
 3850      7D2D0E8B 
 3850      C3
 3851 0023 E2B038BC 		.ascii	"\342\2608\274\347\206$\321\222\307j(\000\000\000\000"
 3851      E78624D1 
 3851      92C76A28 
 3851      00000000 
 3852 0033 0040A000 		.ascii	"\000@\240\000\000\200 \001@\220\020E\001-!v\333\335"
 3852      00802001 
 3852      40901045 
 3852      012D2176 
 3852      DBDD
 3853 0045 6C236413 		.ascii	"l#d\023)S:\000?\000N\0003\370\005\257\340\023<\202?"
 3853      29533A00 
 3853      3F004E00 
 3853      33F805AF 
 3853      E0133C82 
 3854 005a 60A0C013 		.ascii	"`\240\300\023\370\001/\340\003<\200\247y\353\253\231"
 3854      F8012FE0 
 3854      033C80A7 
 3854      79EBAB99 
 3855 006a 77BC4892 		.ascii	"w\274H\222\311\264\366\237\217q\236\251o\242Z_\233\236"
 3855      C9B4F69F 
 3855      8F719EA9 
 3855      6FA25A5F 
 3855      9B9E
 3856 007c BDF46D7D 		.ascii	"\275\364m}\237>\213,?}\0229\230\247\232\207\230ue\353"
 3856      9F3E8B2C 
 3856      3F7D1239 
 3856      98A79A87 
 3856      987565EB 
 3857 0090 93210BE2 		.ascii	"\223!\013\342C\037\333\272\256\353\"\033M6\342\3631"
 3857      431FDBBA 
 3857      AEEB221B 
 3857      4D36E2F3 
 3857      31
 3858 00a1 664352F2 		.ascii	"fCR\362\360\035\236\303o\320\3605W\031\2560\\\230\261"
 3858      F01D9EC3 
 3858      6FD0F035 
ARM GAS  C:\Users\PUBLIC~1.LAP\AppData\Local\Temp\ccG3WIcm.s 			page 95


 3858      5719AE30 
 3858      5C98B1
 3859 00b4 60754F2B 		.ascii	"`uO+<\205\237\360\022>\202\353\223\020\376\301;x\320"
 3859      3C859FF0 
 3859      123E82EB 
 3859      9310FEC1 
 3859      3B78D0
 3860 00c7 AEC10154 		.ascii	"\256\301\001T\331/y%I\220\374\021#E\210\014\021\022"
 3860      D92F7925 
 3860      4990FC11 
 3860      2345880C 
 3860      1112
 3861 00d9 8406C88F 		.ascii	"\204\006\310\217\346\343\036<\332\216\251\317\243\343"
 3861      E6E31E3C 
 3861      DA8EA9CF 
 3861      A3E3
 3862 00e7 96C3E1B8 		.ascii	"\226\303\341\270\361\333\370\0324v3^F\014\030\377\342"
 3862      F1DBF81A 
 3862      3476335E 
 3862      460C18FF 
 3862      E2
 3863 00f8 5DB47816 		.ascii	"]\264x\026o\263\242UE\212\326\335\2438\301\036\223\036"
 3863      6FB3A255 
 3863      458AD6DD 
 3863      A338C11E 
 3863      931E
 3864 010a 8BE1A4C3 		.ascii	"\213\341\244\303\311\204U\242\365V\022#D\004\377d#\222"
 3864      C98455A2 
 3864      F5561223 
 3864      4404FF64 
 3864      2392
 3865 011c A12F3854 		.ascii	"\241/8TK\035\266-C7T\373\316\016E\324^\276\013\227\337"
 3865      4B1DB62D 
 3865      433754FB 
 3865      CE0E45D4 
 3865      5EBE0B97 
 3866 0131 A2E5B360 		.ascii	"\242\345\263`\371+WV\276\312\347Py\321O\221\022\005"
 3866      F92B5756 
 3866      BECAE750 
 3866      79D14F91 
 3866      1205
 3867 0143 07CA87FE 		.ascii	"\007\312\207\376\311\337\274\223o\3020l\237\211$QDu"
 3867      C9DFBC93 
 3867      6FC2306C 
 3867      9F892451 
 3867      4475
 3868 0155 10883901 		.ascii	"\020\2109\001k\250\301D\311\224\315\214\222\222\244"
 3868      6BA8C144 
 3868      C994CD8C 
 3868      9292A4
 3869 0164 900E4002 		.ascii	"\220\016@\002\302T\325\355\022\240\322\311\226b\340"
 3869      C254D5ED 
 3869      12A0D2C9 
 3869      9662E0
 3870 0173 CD4CA834 		.ascii	"\315L\2504\365?:0H\177N\013\244\231\307bP\367\011\316"
 3870      F53F3A30 
 3870      487F4E0B 
ARM GAS  C:\Users\PUBLIC~1.LAP\AppData\Local\Temp\ccG3WIcm.s 			page 96


 3870      A499C762 
 3870      50F709CE 
 3871 0187 68DB97FA 		.ascii	"h\333\227\372\323B\214\202\370Q{\004\343\230\347\366"
 3871      D3428C82 
 3871      F8517B04 
 3871      E398E7F6 
 3872 0197 24E07A94 		.ascii	"$\340z\2244\033\336\012\314\315\200\243\223@\304`t\210"
 3872      341BDE0A 
 3872      CCCD80A3 
 3872      9340C460 
 3872      7488
 3873 01a9 37EBBF0F 		.ascii	"7\353\277\017Ms\261\0237\321\352U+Y\307\354\232J'R\213"
 3873      4D73B113 
 3873      37D1EA55 
 3873      2B59C7EC 
 3873      9A4A2752 
 3874 01be 87119D44 		.ascii	"\207\021\235D\250\260)\007\233/U\034L\244\025\240}\026"
 3874      A8B02907 
 3874      9B2F551C 
 3874      4CA415A0 
 3874      7D16
 3875 01d0 5677D762 		.ascii	"Vw\327bD\310\264\266\005mq\304\265G\306\330+\2478&\027"
 3875      44C8B4B6 
 3875      056D71C4 
 3875      B547C6D8 
 3875      2BA73826 
 3876 01e5 6DC39DE5 		.ascii	"m\303\235\345\241\204\341\025\007G\324\313;~\023\001"
 3876      A184E115 
 3876      0747D4CB 
 3876      3B7E1301 
 3877 01f5 A8B505EF 		.ascii	"\250\265\005\357\027NFx\302\202Y\330\343\\ef\255\274"
 3877      174E4678 
 3877      C28259D8 
 3877      E35C6566 
 3877      ADBC
 3878 0207 4FB7FCA5 		.ascii	"O\267\374\245Y\317\216Y]k>\224\003\342\367\372$\370"
 3878      59CF8E59 
 3878      5D6B3E94 
 3878      03E2F7FA 
 3878      24F8
 3879 0219 6A706795 		.ascii	"jpg\225\254\211(\236\233VM^\357\022\221\273\216\373"
 3879      AC89289E 
 3879      9B564D5E 
 3879      EF1291BB 
 3879      8EFB
 3880 022b 5585CBE5 		.ascii	"U\205\313\345\2750\372\3032\026\013\352\016\376Q\007"
 3880      BD30FAC3 
 3880      32160BEA 
 3880      0EFE5107 
 3881 023b 034FD7A2 		.ascii	"\003O\327\242[\320\004"
 3881      5BD004
 3882              		.text
 3883              		.section	.gnu.lto_.pureconst.840c018b,"e",%progbits
 3884 0000 28B52FFD 		.ascii	"(\265/\375`p\000\025\010\000\006\227?.\260\354Y\306"
 3884      60700015 
 3884      08000697 
 3884      3F2EB0EC 
ARM GAS  C:\Users\PUBLIC~1.LAP\AppData\Local\Temp\ccG3WIcm.s 			page 97


 3884      59C6
 3885 0012 FCA0FFA0 		.ascii	"\374\240\377\240\377\240\233\276\364\247\364\247Cg\326"
 3885      FFA09BBE 
 3885      F4A7F4A7 
 3885      4367D6
 3886 0021 725A4ED1 		.ascii	"rZN\321mJj\273)\311+\254\260\302\012+\254\260\302\012"
 3886      6D4A6ABB 
 3886      29C92BAC 
 3886      B0C20A2B 
 3886      ACB0C20A 
 3887 0035 2BAC50EB 		.ascii	"+\254P\353\007\334;1\0001\0001\000\216\342'n\342%N\342"
 3887      07DC3B31 
 3887      00310031 
 3887      008EE227 
 3887      6EE2254E 
 3888 004a 232EE221 		.ascii	"#.\342!\016\342\037\356\341\035\316\341\033\256\341"
 3888      0EE21FEE 
 3888      E11DCEE1 
 3888      1BAEE1
 3889 0059 198EE117 		.ascii	"\031\216\341\027n\341\025N\341\023.\3415\327#\034\302"
 3889      6EE1154E 
 3889      E1132EE1 
 3889      35D7231C 
 3889      C2
 3890 006a 69B50F33 		.ascii	"i\265\0173\017\263\031\315\026w\344F^\344D>\344B\036"
 3890      0FB319CD 
 3890      1677E446 
 3890      5EE4443E 
 3890      E4421E
 3891 007d E440FEE3 		.ascii	"\344@\376\343>\336\343<\276\343:\236\3438~\3436^\343"
 3891      3EDEE33C 
 3891      BEE33A9E 
 3891      E3387EE3 
 3891      365EE3
 3892 0090 34DE8C27 		.ascii	"4\336\214'\343\305x0\336\213\347\342-\316\342+\256\342"
 3892      E3C57830 
 3892      DE8BE7E2 
 3892      2DCEE22B 
 3892      AEE2
 3893 00a2 290100BC 		.ascii	")\001\000\274\314\311|\314\305\2740\017\314\277</\357"
 3893      CCC97CCC 
 3893      C5BC300F 
 3893      CCBF3C2F 
 3893      EF
 3894 00b3 722EDF72 		.ascii	"r.\337r-\317\362\260\274+\267\362*\247\362)\227\362"
 3894      2DCFF2B0 
 3894      BC2BB7F2 
 3894      2AA7F229 
 3894      97F2
 3895 00c5 2887F29E 		.ascii	"(\207\362\236<'\257\311\231|\311S\362\222\034\311\336"
 3895      3C27AFC9 
 3895      997CC953 
 3895      F2921CC9 
 3895      DE
 3896 00d6 3A3807DF 		.ascii	":8\007\337\340\032<\203c\360\013n\301+8\005o\202'\301"
 3896      E01A3C83 
 3896      63F00B6E 
ARM GAS  C:\Users\PUBLIC~1.LAP\AppData\Local\Temp\ccG3WIcm.s 			page 98


 3896      C12B3805 
 3896      6F8227C1 
 3897 00ea B379113C 		.ascii	"\263y\021<\010\336\003\317\201\327\300c\340-\360\024"
 3897      08DE03CF 
 3897      81D7C063 
 3897      E02DF014 
 3898 00fa 78093C04 		.ascii	"x\011<\004\336\001o\006\274\200\023\360\001.\300\003"
 3898      DE016F06 
 3898      BC8013F0 
 3898      012EC003 
 3899 010a 7800     		.ascii	"x\000"
 3900              		.text
 3901              		.section	.gnu.lto_.ipa_modref.840c018b,"e",%progbits
 3902 0000 28B52FFD 		.ascii	"(\265/\375`\235\006\355\016\000\022O75\020Y\322\001"
 3902      609D06ED 
 3902      0E00124F 
 3902      37351059 
 3902      D201
 3903 0012 28000000 		.ascii	"(\000\000\000\000\000\000@\005\020\000\000\000\200\002"
 3903      00000040 
 3903      05100000 
 3903      008002
 3904 0021 00003B61 		.ascii	"\000\000;aw\367@\306\230\225a\2340\223\302\030S\011"
 3904      77F740C6 
 3904      9895619C 
 3904      3093C218 
 3904      5309
 3905 0033 63538729 		.ascii	"cS\207)p\220FZ\253\253x{\346w\222)\355U\337uN\253*\252"
 3905      7090465A 
 3905      ABAB787B 
 3905      E6779229 
 3905      ED55DF75 
 3906 004b 29A928A8 		.ascii	")\251(\250\267ONM5\246%\245&\275HGFEM\231M4t\316)\024"
 3906      B74F4E4D 
 3906      35A625A5 
 3906      26BD4847 
 3906      46454D99 
 3907 0065 F42690FD 		.ascii	"\364&\220\375\343C\353\341\331\231\305-Z\241\316\263"
 3907      E343EBE1 
 3907      D999C52D 
 3907      5AA1CEB3 
 3908 0075 9D45ADC2 		.ascii	"\235E\255\302\034\234\033\233\267543210/.-,+*)\020\345"
 3908      1C9C1B9B 
 3908      B7353433 
 3908      3231302F 
 3908      2E2D2C2B 
 3909 008d C4E48525 		.ascii	"\304\344\205%\256IFDB@l\373\303\243\203c\343\032o30"
 3909      AE494644 
 3909      42406CFB 
 3909      C3A38363 
 3909      E31A6F33 
 3910 00a2 2E2C2A6C 		.ascii	".,*l\012\347\204\204\3676\002\342\355\203C\003\303\202"
 3910      0AE78484 
 3910      F73602E2 
 3910      ED834303 
 3910      C382
 3911 00b4 42C2EB7F 		.ascii	"B\302\353\177\377\334\275\225qocoa/\027\302\201A\001"
ARM GAS  C:\Users\PUBLIC~1.LAP\AppData\Local\Temp\ccG3WIcm.s 			page 99


 3911      FFDCBD95 
 3911      716F636F 
 3911      612F17C2 
 3911      814101
 3912 00c7 C1362090 		.ascii	"\3016 \220\361\356f\317k3\263\233\233\\]\377\374g\325"
 3912      F1EE66CF 
 3912      6B33B39B 
 3912      9B5C5DFF 
 3912      FC67D5
 3913 00da 0100F0C9 		.ascii	"\001\000\360\3119\375\230\2330g_v\326\032\261\002\200"
 3913      39FD989B 
 3913      30675F76 
 3913      D61AB102 
 3913      80
 3914 00eb 8EA86026 		.ascii	"\216\250`&m\222a\014\260\002\241\"\0327\021p\214a\214"
 3914      6D92610C 
 3914      B002A122 
 3914      1A371170 
 3914      8C618C
 3915 00fe 48460C11 		.ascii	"HF\014\021\261\2625\0033\024(\032EH\330I\024Xq:\343"
 3915      B1B23503 
 3915      3314281A 
 3915      4548D849 
 3915      1458713A 
 3916 0113 39BAC83F 		.ascii	"9\272\310?\035\210\031\222\367[\241\2320\011\204\351"
 3916      1D881992 
 3916      F75BA19A 
 3916      300984E9 
 3917 0123 A380A3A9 		.ascii	"\243\200\243\251\024\231\300\023\2139\020b\327\212\241"
 3917      1499C013 
 3917      8B391062 
 3917      D78AA1
 3918 0132 5F97AA23 		.ascii	"_\227\252#0;\252%\310\372\000\247xYa\352 \203\"\004"
 3918      303BAA25 
 3918      C8FA00A7 
 3918      785961EA 
 3918      20832204 
 3919 0146 2B486207 		.ascii	"+Hb\007$FN\356g\255\242\263Gn\337]l\352\367#o}>\012"
 3919      24464EEE 
 3919      67ADA2B3 
 3919      476EDF5D 
 3919      6CEAF723 
 3920 015e 97E3DBF0 		.ascii	"\227\343\333\360\312\003b\273\021\376\311Zkve\002\027"
 3920      CA0362BB 
 3920      11FEC95A 
 3920      6B766502 
 3920      17
 3921 016f CB614B04 		.ascii	"\313aK\004\200r}<T\033'\275\203\214\247\020\365j\371"
 3921      80727D3C 
 3921      541B27BD 
 3921      838CA710 
 3921      F56AF9
 3922 0182 16118DFA 		.ascii	"\026\021\215\372$\2407\350*Nh\231\312\250\024\234\315"
 3922      24A037E8 
 3922      2A4E6899 
 3922      CAA8149C 
 3922      CD
ARM GAS  C:\Users\PUBLIC~1.LAP\AppData\Local\Temp\ccG3WIcm.s 			page 100


 3923 0193 4121C03A 		.ascii	"A!\300:\363\316#@\204/\307\276\214\243L\261\037\006"
 3923      F3CE2340 
 3923      842FC7BE 
 3923      8CA34CB1 
 3923      1F06
 3924 01a5 9E71ED3D 		.ascii	"\236q\355=\207S\025n7\331g\242p\015r(\376\261\013\330"
 3924      8753156E 
 3924      37D967A2 
 3924      700D7228 
 3924      FEB10BD8 
 3925 01b9 7B6656C0 		.ascii	"{fV\300\355\370\277\300N\023~Zg\354H9\000.\212vd\015"
 3925      EDF8BFC0 
 3925      4E137E5A 
 3925      67EC4839 
 3925      002E8A76 
 3926 01cf 73634F47 		.ascii	"scOG\266w\232\225 \255P\232\011\331\032\355\372\274"
 3926      B6779A95 
 3926      20AD509A 
 3926      09D91AED 
 3926      FABC
 3927 01e1 A3A55BCA 		.ascii	"\243\245[\312\201\030"
 3927      8118
 3928              		.text
 3929              		.section	.gnu.lto_.lto.840c018b,"e",%progbits
 3930 0000 0C000000 		.ascii	"\014\000\000\000\001\000\001\000"
 3930      01000100 
 3931              		.text
 3932              		.section	.gnu.lto___NVIC_DisableIRQ.30.840c018b,"e",%progbits
 3933 0000 28B52FFD 		.ascii	"(\265/\375`=\002\215\023\000\006$\206J\260PR:aB\312"
 3933      603D028D 
 3933      13000624 
 3933      864AB050 
 3933      523A6142 
 3934 0015 03FBA6D4 		.ascii	"\003\373\246\324\031dGL\340\313\272\234\265;\276\213"
 3934      1964474C 
 3934      E0CBBA9C 
 3934      B53BBE8B 
 3935 0025 5F7B4E51 		.ascii	"_{NQp\256\357\313\032\214]-[Y\240sl^\2229~\312\016\257"
 3935      70AEEFCB 
 3935      1A8C5D2D 
 3935      5B59A073 
 3935      6C5E9239 
 3936 003d 50AE0F51 		.ascii	"P\256\017Q\\\341\357\362\355\261G}\272/)\030\307\001"
 3936      5CE1EFF2 
 3936      EDB1477D 
 3936      BA2F2918 
 3936      C701
 3937 004f 76EA0FF8 		.ascii	"v\352\017\370\330\010\331R\246k\000k\000r\000\344wI"
 3937      D808D952 
 3937      A66B006B 
 3937      007200E4 
 3937      7749
 3938 0061 E7075992 		.ascii	"\347\007Y\222A~\00640,\377'\020v\013\334y\355\006\022"
 3938      417E0634 
 3938      302CFF27 
 3938      10760BDC 
 3938      79ED0612 
ARM GAS  C:\Users\PUBLIC~1.LAP\AppData\Local\Temp\ccG3WIcm.s 			page 101


 3939 0075 6174B783 		.ascii	"at\267\203\277\304\226\374\356'\256\023\211\246\025"
 3939      BFC496FC 
 3939      EE27AE13 
 3939      89A615
 3940 0084 4941E5E8 		.ascii	"IA\345\350\356\262\216\330\335\216\225w\337\340\026"
 3940      EEB28ED8 
 3940      DD8E9577 
 3940      DFE016
 3941 0093 90D2FA45 		.ascii	"\220\322\372E\371xv\\\341*\030f-\201\210\362\015m\035"
 3941      F978765C 
 3941      E12A1866 
 3941      2D8188F2 
 3941      0D6D1D
 3942 00a6 478C8643 		.ascii	"G\214\206C!\276\236q\201\325Ok\203\313\035|=f\017\011"
 3942      21BE9E71 
 3942      81D54F6B 
 3942      83CB1D7C 
 3942      3D660F09 
 3943 00ba DD7D0EF2 		.ascii	"\335}\016\362}\330\223\373\377\345\177\214\237\011\004"
 3943      7DD893FB 
 3943      FFE57F8C 
 3943      9F0904
 3944 00c9 8CC3E78B 		.ascii	"\214\303\347\213\353\326\015\256\001\251\237\"\217\213"
 3944      EBD60DAE 
 3944      01A99F22 
 3944      8F8B
 3945 00d7 47C0F5FC 		.ascii	"G\300\365\374C\324\343\342K\210U\214\024ddU\277\003"
 3945      43D4E3E2 
 3945      4B88558C 
 3945      14646455 
 3945      BF03
 3946 00e9 23EB488A 		.ascii	"#\353H\212\252\036\326\361\003D\252\253f\257\337\251"
 3946      AA1ED6F1 
 3946      0344AAAB 
 3946      66AFDFA9 
 3947 00f9 C755C4BF 		.ascii	"\307U\304\277c\327\337\277\300]r\344W\222\317#\177?"
 3947      63D7DFBF 
 3947      C05D72E4 
 3947      5792CF23 
 3947      7F3F
 3948 010b 042069F9 		.ascii	"\004 i\371\266D\215n\017;\276z\006)\343\304\377\375"
 3948      B6448D6E 
 3948      0F3BBE7A 
 3948      0629E3C4 
 3948      FFFD
 3949 011d 36AD50B7 		.ascii	"6\255P\267J\037\031N5\351\376e\322Y\245\177\024\015"
 3949      4A1F194E 
 3949      35E9FE65 
 3949      D259A57F 
 3949      140D
 3950 012f 81DD0DB2 		.ascii	"\201\335\015\262\001c\327\337J\322\022\220\015^\345"
 3950      0163D7DF 
 3950      4AD21290 
 3950      0D5EE5
 3951 013e 8DFBC285 		.ascii	"\215\373\302\2050D\323\220\020\026Wp/$\005\201\2666"
 3951      3044D390 
 3951      10165770 
ARM GAS  C:\Users\PUBLIC~1.LAP\AppData\Local\Temp\ccG3WIcm.s 			page 102


 3951      2F240581 
 3951      B636
 3952 0150 EA3F805C 		.ascii	"\352?\200\\\314gQ4Xr\201\337?\001\017\357\3702\355\022"
 3952      CC675134 
 3952      587281DF 
 3952      3F010FEF 
 3952      F832ED12 
 3953 0164 7509AF9A 		.ascii	"u\011\257\232\275D\246\272\224\204\260\270J\2107j\375"
 3953      BD44A6BA 
 3953      9484B0B8 
 3953      4A88376A 
 3953      FD
 3954 0175 BF50DB42 		.ascii	"\277P\333B\303\200\254\356\243\224\377\\\026h\254\373"
 3954      C380ACEE 
 3954      A394FF5C 
 3954      1668ACFB 
 3955 0185 0845C5AE 		.ascii	"\010E\305\256\340\020 \253\273\327\304\222!\335{\352"
 3955      E01020AB 
 3955      BBD7C492 
 3955      21DD7BEA 
 3956 0195 14762AD8 		.ascii	"\024v*\330\222\214\025\264\365\304\305o\335-\201\325"
 3956      928C15B4 
 3956      F5C4C56F 
 3956      DD2D81D5 
 3957 01a5 1A67C999 		.ascii	"\032g\311\231\221\330\322\\\354:\033\364\274\235\036"
 3957      91D8D25C 
 3957      EC3A1BF4 
 3957      BC9D1E
 3958 01b4 67C99991 		.ascii	"g\311\231\221\330\322\231\330q2\323\314PKs\351I\341"
 3958      D8D299D8 
 3958      7132D3CC 
 3958      504B73E9 
 3958      49E1
 3959 01c6 0F4C13DB 		.ascii	"\017L\023\333,E\346Df\312l)Nm\206FF\244\306\002L\313"
 3959      2C45E644 
 3959      66CA6C29 
 3959      4E6D8646 
 3959      46A4C602 
 3960 01dc 789C6C76 		.ascii	"x\234lv\232\265\233\015j\226\267\031\034\032\263\246"
 3960      9AB59B0D 
 3960      6A96B719 
 3960      1C1AB3A6 
 3961 01ec A5BCD9A0 		.ascii	"\245\274\331\240*eLK\214\213J\351\0023\241\274\311\271"
 3961      2A654C4B 
 3961      8C8B4AE9 
 3961      0233A1BC 
 3961      C9B9
 3962 01fe 9535E879 		.ascii	"\2255\350y\242f\231\242eL\205\234-\207S\241\241\234"
 3962      A26699A2 
 3962      654C859C 
 3962      2D8753A1 
 3962      A19C
 3963 0210 986C386F 		.ascii	"\230l8o74\035\016'GS\223\231\315h\021V\\\234x\033# "
 3963      37341D0E 
 3963      27475393 
 3963      99CD6811 
 3963      565C9C78 
ARM GAS  C:\Users\PUBLIC~1.LAP\AppData\Local\Temp\ccG3WIcm.s 			page 103


 3964 0227 60824185 		.ascii	"`\202A\205d\007(\250\303(\256V\376\"\263A\332b\033\201"
 3964      640728A8 
 3964      C328AE56 
 3964      FE22B341 
 3964      DA621B81 
 3965 023b 0C2258E3 		.ascii	"\014\"X\343\310\367\262\214G\014\007\251\237\341\371"
 3965      C8F7B28C 
 3965      470C07A9 
 3965      9FE1F9
 3966 024a FB8564CD 		.ascii	"\373\205d\315\260\306\253\312\300\0136\310V1\303D\006"
 3966      B0C6ABCA 
 3966      C00B36C8 
 3966      5631C344 
 3966      06
 3967 025b 32B7AF56 		.ascii	"2\267\257V*\273\254\331\346\017\007:\001\005\301\214"
 3967      2ABBACD9 
 3967      E60F073A 
 3967      0105C18C 
 3968 026b 12A20C46 		.ascii	"\022\242\014F8\006\230\034\011\265L\343\354\325\302"
 3968      3806981C 
 3968      09B54CE3 
 3968      ECD5C2
 3969 027a 3D       		.ascii	"="
 3970              		.text
 3971              		.section	.gnu.lto___NVIC_SetPriority.34.840c018b,"e",%progbits
 3972 0000 28B52FFD 		.ascii	"(\265/\375`\304\003\255\032\000\3461\260J\240\326Q:"
 3972      60C403AD 
 3972      1A00E631 
 3972      B04AA0D6 
 3972      513A
 3973 0012 9171F1D2 		.ascii	"\221q\361\322\230\360\300\036\027\276\202\361]\235`"
 3973      98F0C01E 
 3973      17BE82F1 
 3973      5D9D60
 3974 0021 212D851D 		.ascii	"!-\205\035\371\213i\3019M\324\034r\367\035\363\276\306"
 3974      F98B69C1 
 3974      394DD41C 
 3974      72F71DF3 
 3974      BEC6
 3975 0033 9C643EE9 		.ascii	"\234d>\351y<*\270\321\304Q\036\013\315\020\362\304D"
 3975      793C2AB8 
 3975      D1C4511E 
 3975      0BCD10F2 
 3975      C444
 3976 0045 4C8DCF1A 		.ascii	"L\215\317\032\2405R\035\252\255\354\265\264\222F\310"
 3976      A035521D 
 3976      AAADECB5 
 3976      B49246C8 
 3977 0055 9652A696 		.ascii	"\226R\246\226\000\206\000\243\000\224\317\315\337\000"
 3977      008600A3 
 3977      0094CFCD 
 3977      DF00
 3978 0063 2B4C6E10 		.ascii	"+Ln\0207*\253V\016\307\256\032\204\304Z\361\177a\377"
 3978      372AAB56 
 3978      0EC7AE1A 
 3978      84C45AF1 
 3978      7F61FF
ARM GAS  C:\Users\PUBLIC~1.LAP\AppData\Local\Temp\ccG3WIcm.s 			page 104


 3979 0076 001B1098 		.ascii	"\000\033\020\230\377m\261Q\277\225\302@Y\252\2608\274"
 3979      FF6DB151 
 3979      BF95C240 
 3979      59AAB038 
 3979      BC
 3980 0087 AA958AC0 		.ascii	"\252\225\212\300w\346\222\000\026\246\\\222.\255\\r"
 3980      77E69200 
 3980      16A65C92 
 3980      2EAD5C72 
 3981 0097 800B08CB 		.ascii	"\200\013\010\313\277\316\201\337Bex\327\012e\344\252"
 3981      BFCE81DF 
 3981      426578D7 
 3981      0A65E4AA 
 3982 00a7 D64AE00E 		.ascii	"\326J\340\016\314%\377\373\213,\325S\305\211\000\262"
 3982      CC25FFFB 
 3982      8B2CD553 
 3982      C58900B2 
 3983 00b7 E4A4D67A 		.ascii	"\344\244\326z\366\211\375-I\233\177\337\235\332\224"
 3983      F689FD2D 
 3983      499B7FDF 
 3983      9DDA94
 3984 00c6 2151C392 		.ascii	"!Q\303\222\036\226\252\020=lS[\323\017&\031q\211\012"
 3984      1E96AA10 
 3984      3D6C535B 
 3984      D30F2619 
 3984      71890A
 3985 00d9 D0723AB2 		.ascii	"\320r:\262S\313\033\210@\346\227\202Z\353yH\354\260"
 3985      53CB1B88 
 3985      40E69782 
 3985      5AEB7948 
 3985      ECB0
 3986 00eb 2FF7FFCF 		.ascii	"/\367\377\317\377\012\177s\005\025XU\277I\345\016\012"
 3986      FF0A7F73 
 3986      05155855 
 3986      BF49E50E 
 3986      0A
 3987 00fc AC2A369E 		.ascii	"\254*6\236\367Vrwo\320\010d\343k\232\273D\"4*\261\361"
 3987      F7567277 
 3987      6FD00864 
 3987      E36B9ABB 
 3987      4422342A 
 3988 0112 B7245158 		.ascii	"\267$QX\305\260I\253\237\241\254i[1k\211\237\274\226"
 3988      C5B049AB 
 3988      9FA1AC69 
 3988      5B316B89 
 3988      9FBC96
 3989 0125 E48990CA 		.ascii	"\344\211\220\312P~*\015\334&\376\245\265\235\376\346"
 3989      507E2A0D 
 3989      DC26FEA5 
 3989      B59DFEE6 
 3990 0135 DFACD4AE 		.ascii	"\337\254\324\256\315B\355\326P>\015\345\333(\177\206"
 3990      CD42EDD6 
 3990      503E0DE5 
 3990      DB287F86 
 3991 0145 F26B942F 		.ascii	"\362k\224/C\3711\224\017C\371/\224O\243|\027\312o\241"
 3991      43F93194 
 3991      0F43F92F 
ARM GAS  C:\Users\PUBLIC~1.LAP\AppData\Local\Temp\ccG3WIcm.s 			page 105


 3991      944FA37C 
 3991      17CA6FA1 
 3992 0159 7C16CA9F 		.ascii	"|\026\312\2375_F\371+\224\037\243|\030\345\253P~\012"
 3992      355F46F9 
 3992      2B941FA3 
 3992      7C18E5AB 
 3992      507E0A
 3993 016c E59B94FF 		.ascii	"\345\233\224\377\242\374\222\362I\312\247\224\337\001"
 3993      A2FC92F2 
 3993      49CAA794 
 3993      DF01
 3994 017a BAD52121 		.ascii	"\272\325!!\307^\355\316\255\036u'L(\227t\331\027\313"
 3994      C75EEDCE 
 3994      AD1E7527 
 3994      4C289774 
 3994      D917CB
 3995 018d D22DB3E3 		.ascii	"\322-\263\343\361\350do\345\254Yz\203M\262\236\305 "
 3995      F1E8646F 
 3995      E5AC597A 
 3995      834DB29E 
 3995      C520
 3996 019f 99C9947C 		.ascii	"\231\311\224|X\035\\Z$\350J\333\340\311\266j\304\266"
 3996      581D5C5A 
 3996      24E84ADB 
 3996      E0C9B66A 
 3996      C4B6
 3997 01b1 9A6BB824 		.ascii	"\232k\270$\326)\275\322\276bT\023!\023\020\326\261\256"
 3997      D629BDD2 
 3997      BE625413 
 3997      211310D6 
 3997      B1AE
 3998 01c3 0D0976ED 		.ascii	"\015\011v\355\214UiX\227V>J\233Vi\0300\352\330\264S"
 3998      8C556958 
 3998      97563E4A 
 3998      9B566918 
 3998      30EAD8B4 
 3999 01d8 9AE21082 		.ascii	"\232\342\020\202x\265\331\265(\302\020e\357qo\345\253"
 3999      78B5D9B5 
 3999      28C21065 
 3999      EF716FE5 
 3999      AB
 4000 01e9 6D56C12E 		.ascii	"mV\301.so%\331eo\220\305M\223\275S\313!\200\364M\237"
 4000      736F25D9 
 4000      656F90C5 
 4000      4D93BD53 
 4000      CB2180F4 
 4001 01ff 8520FE5B 		.ascii	"\205 \376[\330\030\274\235\247ZK \370{[\254`\326Zb\007"
 4001      D818BC9D 
 4001      A75A4B20 
 4001      F87B5BAC 
 4001      60D65A62 
 4002 0214 C656F90C 		.ascii	"\306V\371\014<\245XR\026\027\220vG\275\335\021\005\363"
 4002      3CA55852 
 4002      16179076 
 4002      47BDDD11 
 4002      05F3
 4003 0226 06720586 		.ascii	"\006r\005\206r\020\010\351\340\344p\206|IA\021\212\204"
ARM GAS  C:\Users\PUBLIC~1.LAP\AppData\Local\Temp\ccG3WIcm.s 			page 106


 4003      721008E9 
 4003      E0E47086 
 4003      7C494111 
 4003      8A84
 4004 0238 68460F7E 		.ascii	"hF\017~z\350\211prx\271 \335Q/w\352\"$\025\345\214z"
 4004      7AE88970 
 4004      7278B920 
 4004      DD512F77 
 4004      EA222415 
 4005 024f 4EDD518F 		.ascii	"N\335Q\217\347\004\352\001\362\3419}~\026\234H\026t"
 4005      E704EA01 
 4005      F2E1397D 
 4005      7E169C48 
 4005      1674
 4006 0261 A7518FC7 		.ascii	"\247Q\217\307\353\345N_\357\004j\260\033\332\021\361"
 4006      EBE54E5F 
 4006      EF046AB0 
 4006      1BDA11F1 
 4007 0271 E076740A 		.ascii	"\340vt\012P\340\351\220p\027\210\222vEAB99\270\004\014"
 4007      50E0E990 
 4007      70178892 
 4007      76454142 
 4007      3939B804 
 4008 0286 7CA8EAD2 		.ascii	"|\250\352\322\332N7\225\214\010\242\324J$M\363\340\311"
 4008      DA4E3795 
 4008      8C08A2D4 
 4008      4A244DF3 
 4008      E0C9
 4009 0298 B676C49E 		.ascii	"\266v\304\236l-\3234\355+Je\011\231\2003m\253\365\014"
 4009      6C2DD334 
 4009      ED2B4A65 
 4009      09998033 
 4009      6DABF50C 
 4010 02ac 8DB5E95A 		.ascii	"\215\265\351Z\303\200RDb\332\245e`:\346\245w\306\302"
 4010      C3805244 
 4010      62DAA565 
 4010      603AE6A5 
 4010      77C6C2
 4011 02bf AC8CA5F5 		.ascii	"\254\214\245\365\3136m\255\266\246\027\267X\001A\250"
 4011      CB366DAD 
 4011      B6A617B7 
 4011      580141A8 
 4012 02cf 4120083A 		.ascii	"A \010:C\005F$\201\202\242$\205\016\260\002\221)*\017"
 4012      43054624 
 4012      8182A224 
 4012      850EB002 
 4012      91292A0F 
 4013 02e3 10488984 		.ascii	"\020H\211\204J!\035\262\210N\"1`e\331Hu\335\323@F\272"
 4013      4A211DB2 
 4013      884E2231 
 4013      6065D948 
 4013      75DDD340 
 4014 02f9 B1A6C5C5 		.ascii	"\261\246\305\305\323ctu\216C\362\312p\317\266}\014\315"
 4014      D3637475 
 4014      8E43F2CA 
 4014      70CFB67D 
 4014      0CCD
ARM GAS  C:\Users\PUBLIC~1.LAP\AppData\Local\Temp\ccG3WIcm.s 			page 107


 4015 030b 2E9CE028 		.ascii	".\234\340(\207\272\322\256\213\232C\210\031\020\032"
 4015      87BAD2AE 
 4015      8B9A4388 
 4015      19101A
 4016 031a C9B93D02 		.ascii	"\311\271=\002%\3628\2423Yg\362o\334\0153d\0039\226\227"
 4016      25F238A2 
 4016      335967F2 
 4016      6FDC0D33 
 4016      64033996 
 4017 032f CC704F81 		.ascii	"\314pO\201\036S\224d\362\361\006.O\004\014\024o\236"
 4017      1E539464 
 4017      F2F1062E 
 4017      4F040C14 
 4017      6F9E
 4018 0341 B6489C74 		.ascii	"\266H\234t\244l\226\202\351\015~#\343\342P\226\314\325"
 4018      A46C9682 
 4018      E90D7E23 
 4018      E3E25096 
 4018      CCD5
 4019 0353 723155B1 		.ascii	"r1U\261R\257x\237\253\321\305\037"
 4019      52AF789F 
 4019      ABD1C51F 
 4020              		.text
 4021              		.section	.gnu.lto_ald_usb_frame_number_get.43.840c018b,"e",%progbits
 4022 0000 28B52FFD 		.ascii	"(\265/\375`4\001=\016\000V\332bF\340\224(\035\225\361"
 4022      6034013D 
 4022      0E0056DA 
 4022      6246E094 
 4022      281D95F1 
 4023 0014 808D0545 		.ascii	"\200\215\005E0\007NE\210a\215Dl\340 \303\301=\022\304"
 4023      30074E45 
 4023      88618D44 
 4023      6CE020C3 
 4023      C13D12C4 
 4024 0028 91BA27C0 		.ascii	"\221\272'\300\303\246\332\307\273j\267\276\370V\003"
 4024      C3A6DAC7 
 4024      BB6AB7BE 
 4024      F85603
 4025 0037 B6FAB8C9 		.ascii	"\266\372\270\311\007x\320}T\002\237\260Q\033\264\252"
 4025      0778D07D 
 4025      54029FB0 
 4025      511BB4AA 
 4026 0047 268F0A87 		.ascii	"&\217\012\207\255\020F\376\336D\356\224\002L\000I\000"
 4026      AD1046FE 
 4026      DE44EE94 
 4026      024C0049 
 4026      00
 4027 0058 4D001285 		.ascii	"M\000\022\205F\3445\210\235\346\262\355\011V\214\234"
 4027      46E43588 
 4027      9DE6B2ED 
 4027      09568C9C 
 4028 0068 9BDD30C1 		.ascii	"\233\3350\301\2455p\227\276\214\327\304,\333B\014 \012"
 4028      A5357097 
 4028      BE8CD7C4 
 4028      2CDB420C 
 4028      200A
 4029 007a 30C791DD 		.ascii	"0\307\221\335\260\363|\300\274\334~2/\265\305e\2172"
ARM GAS  C:\Users\PUBLIC~1.LAP\AppData\Local\Temp\ccG3WIcm.s 			page 108


 4029      B0F37CC0 
 4029      BCDC7E32 
 4029      2FB5C565 
 4029      8F32
 4030 008c FF3647A0 		.ascii	"\3776G\240\243H\214\314\313c'\302\356:\306\310\230\270"
 4030      A3488CCC 
 4030      CB6327C2 
 4030      EE3AC6C8 
 4030      98B8
 4031 009e F5B60FD8 		.ascii	"\365\266\017\330\356`\237D\363R\252\011\021\0327b\315"
 4031      EE609F44 
 4031      F352AA09 
 4031      111A3762 
 4031      CD
 4032 00af 2646826C 		.ascii	"&F\202lLb\207/QY\330\337VW\330\216\356\234v\317\203"
 4032      4C62872F 
 4032      5159D8DF 
 4032      5657D88E 
 4032      EE9C76CF 
 4033 00c4 B7D468D5 		.ascii	"\267\324h\325\350\250\321\347\004\014!\340c\267\304"
 4033      E8A8D1E7 
 4033      040C21E0 
 4033      63B7C4
 4034 00d3 929C0522 		.ascii	"\222\234\005\"y\2748\355\007\037\355\230?\3436\016\200"
 4034      79BC38ED 
 4034      071FED98 
 4034      3FE3360E 
 4034      80
 4035 00e4 3203BA78 		.ascii	"2\003\272xt\267\006\007\006\213{\031\302\275;\352\231"
 4035      74B70607 
 4035      068B7B19 
 4035      C2BD3BEA 
 4035      99
 4036 00f5 E9CCAAD7 		.ascii	"\351\314\252\327\216nB`f\270\373\307\214\252Z`\007L"
 4036      8E6E4260 
 4036      66B8FBC7 
 4036      8CAA5A60 
 4036      074C
 4037 0107 4E8858F3 		.ascii	"N\210X\363\324\250\233\022}\017\021\265Y\254\031\000"
 4037      D4A89B12 
 4037      7D0F11B5 
 4037      59AC1900 
 4038 0117 CED4D356 		.ascii	"\316\324\323V\3071\221H=x\007)f\346p\033.nW\005\310"
 4038      C7319148 
 4038      3D780729 
 4038      66E6701B 
 4038      2E6E5705 
 4039 012c AFF11066 		.ascii	"\257\361\020f\200fw\357\342r\333\0217\353{\010)\223"
 4039      806677EF 
 4039      E272DB11 
 4039      37EB7B08 
 4039      2993
 4040 013e 6AD46299 		.ascii	"j\324b\231fPR!}\036\214\274\224\223\223I5j\261L\227"
 4040      66505221 
 4040      7D1E8CBC 
 4040      94939349 
 4040      356AB14C 
ARM GAS  C:\Users\PUBLIC~1.LAP\AppData\Local\Temp\ccG3WIcm.s 			page 109


 4041 0153 52482ED8 		.ascii	"RH.\330\312\206\324\250\003y\237\217B\347-\370&t_\205"
 4041      CA86D4A8 
 4041      03799F8F 
 4041      42E72DF8 
 4041      26745F85 
 4042 0167 CF42A87B 		.ascii	"\317B\250{}0u-+\225jU\352\\\253\216\204j\275ZV!\005"
 4042      7D30752D 
 4042      2B956A55 
 4042      EA5CAB8E 
 4042      846ABD5A 
 4043 017e DF051409 		.ascii	"\337\005\024\011u\012\211@\236\012Kez\211@\234`\250"
 4043      750A8940 
 4043      9E0A4B65 
 4043      7A89409C 
 4043      60A8
 4044 0190 D4CAE8F3 		.ascii	"\324\312\350\363\021A\220\020\027\0005\253\"\273\210"
 4044      11419010 
 4044      170035AB 
 4044      22BB88
 4045 019f 3203C230 		.ascii	"2\003\3020]s6M\223W\333%,\017\004\001\305`\365\017\212"
 4045      5D73364D 
 4045      9357DB25 
 4045      2C0F0401 
 4045      C560F50F 
 4046 01b4 21E1A25D 		.ascii	"!\341\242]Y.\245a\027F;\232m\214\261\035\224#T\032\200"
 4046      592EA561 
 4046      17463B9A 
 4046      6D8CB11D 
 4046      9423541A 
 4047 01c9 B2115CD3 		.ascii	"\262\021\\\323\035a\222\001"
 4047      1D619201 
 4048              		.text
 4049              		.section	.gnu.lto_ald_usb_otg_session_request.44.840c018b,"e",%progbits
 4050 0000 28B52FFD 		.ascii	"(\265/\375`;\001\025\016\000\246\231^E\000\2216\035"
 4050      603B0115 
 4050      0E00A699 
 4050      5E450091 
 4050      361D
 4051 0012 B61FE663 		.ascii	"\266\037\346c\373PR\325\217}\342\235\364\020\016\301"
 4051      FB5052D5 
 4051      8F7DE29D 
 4051      F4100EC1 
 4052 0022 7233149A 		.ascii	"r3\024\232\025|\266\331\007a\360\3725\021\004y\276I"
 4052      157CB6D9 
 4052      0761F0FA 
 4052      35110479 
 4052      BE49
 4053 0034 7AB97275 		.ascii	"z\271ru^\341\236\276\250\320\215\017Cx\316\235\255\271"
 4053      5EE19EBE 
 4053      A8D08D0F 
 4053      4378CE9D 
 4053      ADB9
 4054 0046 E57D7DEF 		.ascii	"\345}}\357G]\031\024\311\336R\312\024H\000G\000I\000"
 4054      475D1914 
 4054      C9DE52CA 
 4054      14480047 
 4054      004900
ARM GAS  C:\Users\PUBLIC~1.LAP\AppData\Local\Temp\ccG3WIcm.s 			page 110


 4055 0059 29172FBA 		.ascii	")\027/\272C\220S\270T\376\373o4\234\32054-lt\367\344"
 4055      439053B8 
 4055      54FEFB6F 
 4055      349CD035 
 4055      342D6C74 
 4056 006f 12FAA98C 		.ascii	"\022\372\251\214\274\337\325c\304@\010\031(\320\244"
 4056      BCDFD563 
 4056      C4400819 
 4056      28D0A4
 4057 007e 1200F8A2 		.ascii	"\022\000\370\242\361zQ\026\000\262\304\217\356V\225"
 4057      F17A5116 
 4057      00B2C48F 
 4057      EE5695
 4058 008d 6E07F0B4 		.ascii	"n\007\360\264\3531\322\335_\024\370Ao\351\177\222\377"
 4058      EB31D2DD 
 4058      5F14F841 
 4058      6FE97F92 
 4058      FF
 4059 009e A25FBBA5 		.ascii	"\242_\273\245ui\301v\371%K2\201\231\033\226\275qK\204"
 4059      7569C176 
 4059      F9254B32 
 4059      81991B96 
 4059      BD714B84 
 4060 00b2 4D2F8E3F 		.ascii	"M/\216?4-\223\37056\303\374\232R\225\273\217\273\337"
 4060      342D93F8 
 4060      3536C3FC 
 4060      9A5295BB 
 4060      8FBBDF
 4061 00c5 CB8AA929 		.ascii	"\313\212\251)P\243\333\303\216\034\035C\302H\361_\177"
 4061      50A3DBC3 
 4061      8E1C1D43 
 4061      C248F15F 
 4061      7F
 4062 00d6 8DF9FE00 		.ascii	"\215\371\376\000\377\201S\005]U=S\360i\252t\356\016"
 4062      FF815305 
 4062      5D553D53 
 4062      F069AA74 
 4062      EE0E
 4063 00e8 0CF38F15 		.ascii	"\014\363\217\025^\271rP\311\3103lBQ4V\312Y\313\221U"
 4063      5EB97250 
 4063      C9C8336C 
 4063      42513456 
 4063      CA59CB91 
 4064 00fd 470B88D3 		.ascii	"G\013\210\323\256\376_\3200tu\217\340\\etEw\241P\031"
 4064      AEFE5FD0 
 4064      3074758F 
 4064      E05C6574 
 4064      4577A150 
 4065 0112 DB65465F 		.ascii	"\333eF_3X*\227\371\204\014\213]]iT\330\264)Z\373\223"
 4065      33582A97 
 4065      F9840C8B 
 4065      5D5D6954 
 4065      D8B4295A 
 4066 0128 34ACA2CE 		.ascii	"4\254\242\316\334\227|\225\007O\000\022\371`\013\266"
 4066      DC977C95 
 4066      074F0012 
 4066      F9600BB6 
ARM GAS  C:\Users\PUBLIC~1.LAP\AppData\Local\Temp\ccG3WIcm.s 			page 111


 4067 0138 2C648097 		.ascii	",d\200\227\262y#yP\310gD*\261\200\262MN\206i\017f\206"
 4067      B2792379 
 4067      50C86744 
 4067      2AB180B2 
 4067      4D4E8669 
 4068 014f 40733035 		.ascii	"@s05\010Z\204\316\3646\230LQ\027\012u\2409\352\346\207"
 4068      085A84CE 
 4068      F436984C 
 4068      51170A75 
 4068      A039EAE6 
 4069 0164 4BF1445D 		.ascii	"K\361D]\007D\223\300}\270\223\216\207\223\211`\010\231"
 4069      074493C0 
 4069      7DB8938E 
 4069      87938960 
 4069      0899
 4070 0176 781E9513 		.ascii	"x\036\225\023\022\207R\262a\230\207A\003\222\2605v\034"
 4070      128752B2 
 4070      61988741 
 4070      0392B035 
 4070      761C
 4071 0188 00344B91 		.ascii	"\0004K\221]\030\231x0\216\206\007\022kR\000\214 \010"
 4071      5D189978 
 4071      308E8607 
 4071      126B5200 
 4071      8C2008
 4072 019b 5855BC51 		.ascii	"XU\274QM'#\232\324\254\025\245\210\013\254\265\352\200"
 4072      4D27239A 
 4072      D4AC15A5 
 4072      880BACB5 
 4072      EA80
 4073 01ad 5006ADB2 		.ascii	"P\006\255\262\015\244\000;\244\306>\301^\327\304Fb\""
 4073      0DA4003B 
 4073      A4C63EC1 
 4073      5ED7C446 
 4073      6222
 4074 01bf 8EBBEEA9 		.ascii	"\216\273\356\251\341M]=\324\220\355*e"
 4074      E14D5D3D 
 4074      D490ED2A 
 4074      65
 4075              		.text
 4076              		.section	.gnu.lto_ald_usb_mode_get.45.840c018b,"e",%progbits
 4077 0000 28B52FFD 		.ascii	"(\265/\375`]\000\005\012\000vRG>\020\005+\035\010\004"
 4077      605D0005 
 4077      0A007652 
 4077      473E1005 
 4077      2B1D0804 
 4078 0014 61756924 		.ascii	"aui$\255*\270\000\3409\032\333\001X\232,\204\027\310"
 4078      AD2AB800 
 4078      E0391ADB 
 4078      01589A2C 
 4078      8417C8
 4079 0027 06DEEC76 		.ascii	"\006\336\354v\177\277\005\377:\241\231\032\251\376\324"
 4079      7FBF05FF 
 4079      3AA1991A 
 4079      A9FED4
 4080 0036 CA7ACCA7 		.ascii	"\312z\314\247\321\371\264\215\321\026\020en\306\341"
 4080      D1F9B48D 
ARM GAS  C:\Users\PUBLIC~1.LAP\AppData\Local\Temp\ccG3WIcm.s 			page 112


 4080      D1161065 
 4080      6EC6E1
 4081 0045 7A6B64EF 		.ascii	"zkd\357-e\0123\0002\0005\000\264\327&>>2\273\232\031"
 4081      2D650A33 
 4081      00320035 
 4081      00B4D726 
 4081      3E3E32BB 
 4082 005b 00DDBD1A 		.ascii	"\000\335\275\032Z\003p\351\334\002p\251D\331\332r\355"
 4082      5A0370E9 
 4082      DC0270A9 
 4082      44D9DA72 
 4082      ED
 4083 006c BBBC9D3E 		.ascii	"\273\274\235>\222\235\234\316\266\374y\350\356sN'\262"
 4083      929D9CCE 
 4083      B6FC79E8 
 4083      EE734E27 
 4083      B2
 4084 007d 97FB3FE1 		.ascii	"\227\373?\341?\306\177\2333p)\313\001\035\230\030\376"
 4084      3FC67F9B 
 4084      337029CB 
 4084      011D9818 
 4084      FE
 4085 008e 9D963407 		.ascii	"\235\2264\007\370{6\226'\377\316\226&\377\371\223\371"
 4085      F87B3696 
 4085      27FFCE96 
 4085      26FFF993 
 4085      F9
 4086 009f CCFCA5A0 		.ascii	"\314\374\245\240\017\347 \247;d\200\200\276\2414*\377"
 4086      0FE720A7 
 4086      3B648080 
 4086      BEA1342A 
 4086      FF
 4087 00b0 69BFC077 		.ascii	"i\277\300weY\002\"\221\311\001\342\242\327;\373S\206"
 4087      65590222 
 4087      91C901E2 
 4087      A2D73BFB 
 4087      5386
 4088 00c2 6EF2F695 		.ascii	"n\362\366\225S.o\011zp\277\333\"\200,W\236q#\036\374"
 4088      532E6F09 
 4088      7A70BFDB 
 4088      22802C57 
 4088      9E71231E 
 4089 00d7 FB0FDB17 		.ascii	"\373\017\333\027\031\250{G\372\266\254\013\007(e\351"
 4089      19A87B47 
 4089      FAB6AC0B 
 4089      072865E9 
 4090 00e7 6C109EFE 		.ascii	"l\020\236\376\006W-\244`\262SF\013UI#Q(QG\015aD\015"
 4090      06572DA4 
 4090      60B25346 
 4090      0B554923 
 4090      51285147 
 4091 00ff 29C28A52 		.ascii	")\302\212R\215u\254\352kt\271FU\205\2155%n\304^cI!\264"
 4091      8D75ACEA 
 4091      6B74B946 
 4091      55858D35 
 4091      256EC45E 
 4092 0117 105322AB 		.ascii	"\020S\"\253d\"\215\0304\\\253\230i\306\222\211\255\023"
ARM GAS  C:\Users\PUBLIC~1.LAP\AppData\Local\Temp\ccG3WIcm.s 			page 113


 4092      64228D18 
 4092      345CAB98 
 4092      69C69289 
 4092      AD13
 4093 0129 2A0C00C8 		.ascii	"*\014\000\310.\242\314P\210\200\217c)\302^\306\030'"
 4093      2EA2CC50 
 4093      88808F63 
 4093      29C25EC6 
 4093      1827
 4094 013b A50D17C6 		.ascii	"\245\015\027\306\315a\344\012\226\203k\305$L2"
 4094      CD61E40A 
 4094      96836BC5 
 4094      244C32
 4095              		.text
 4096              		.section	.gnu.lto_ald_usb_mode_host_req.46.840c018b,"e",%progbits
 4097 0000 28B52FFD 		.ascii	"(\265/\375`z\000m\012\000\226\022H=\000%+\035hH\225"
 4097      607A006D 
 4097      0A009612 
 4097      483D0025 
 4097      2B1D6848 
 4098 0015 9A36F40B 		.ascii	"\2326\364\013@\001@\017\370\367QUh\2053\342\361\305"
 4098      4001400F 
 4098      F8F75155 
 4098      688533E2 
 4098      F1C5
 4099 0027 89376611 		.ascii	"\2117f\021R\004\365\304\346\255@\005\273\336\376\303"
 4099      5204F5C4 
 4099      E6AD4005 
 4099      BBDEFEC3 
 4100 0037 6EA99ED8 		.ascii	"n\251\236\330\256\246\012\233\361\247\332\372\253G\010"
 4100      AEA60A9B 
 4100      F1A7DAFA 
 4100      AB4708
 4101 0046 1142B694 		.ascii	"\021B\266\224)5\0003\0007\000,\266\233\020\035\241\031"
 4101      29350033 
 4101      0037002C 
 4101      B69B101D 
 4101      A119
 4102 0058 5E0D0750 		.ascii	"^\015\007P\367Y\015v@\334\020\\\001qCz\262\346\262\371"
 4102      F7590D76 
 4102      40DC105C 
 4102      0171437A 
 4102      B2E6B2F9 
 4103 006c DD960555 		.ascii	"\335\226\005UH~\272\335m9\304\320\335g\335NdO\367\377"
 4103      487EBADD 
 4103      6D39C4D0 
 4103      DD67DD4E 
 4103      644FF7FF 
 4104 0080 C1FF8AFF 		.ascii	"\301\377\212\377>\001<\375\255\211\033.e\235\030\031"
 4104      3E013CFD 
 4104      AD891B2E 
 4104      659D1819 
 4105 0090 F67D7301 		.ascii	"\366}s\001p\232\203\376\363\306\324\344_\260i\357g>"
 4105      709A83FE 
 4105      F3C6D4E4 
 4105      5FB069EF 
 4105      673E
ARM GAS  C:\Users\PUBLIC~1.LAP\AppData\Local\Temp\ccG3WIcm.s 			page 114


 4106 00a2 337FC350 		.ascii	"3\177\303P\310\015\301N7\310\017@\333\2044)\377m\177"
 4106      C80DC14E 
 4106      37C80F40 
 4106      DB843429 
 4106      FF6D7F
 4107 00b5 C0776503 		.ascii	"\300we\003\252\321\010\265\320@q\366\202M{_S,\225\340"
 4107      AAD108B5 
 4107      D04071F6 
 4107      824D7B5F 
 4107      532C95E0 
 4108 00c9 28EE9BFB 		.ascii	"(\356\233\3731=9gu=\274\005\342R\246\373\3431\262\301"
 4108      313D3967 
 4108      753DBC05 
 4108      E252A6FB 
 4108      E331B2C1 
 4109 00dd BEFFB285 		.ascii	"\276\377\262\205\241\211\272y\246\257\313\276d\210P"
 4109      A189BA79 
 4109      A6AFCBBE 
 4109      648850
 4110 00ec 3604FB23 		.ascii	"6\004\373#g%\254d\264\224\305KUM\244\321\370PI\245\321"
 4110      6725AC64 
 4110      B494C54B 
 4110      554DA4D1 
 4110      F85049A5 
 4111 0101 A18E11A3 		.ascii	"\241\216\021\243\304\251\3164Z5V\302`%\253\312\312\272"
 4111      C4A9CE34 
 4111      5A3556C2 
 4111      6025ABCA 
 4111      CABA
 4112 0113 223166B1 		.ascii	"\"1f\261\362\2040N\220+\322uB\231H\012\027\260\326\014"
 4112      F284304E 
 4112      902BD275 
 4112      4299480A 
 4112      17B0D60C 
 4113 0127 5573D1C8 		.ascii	"Us\321\310W*\020\000\310.\242Lh\022\007\206\307\207"
 4113      572A1000 
 4113      C82EA24C 
 4113      68120786 
 4113      C787
 4114 0139 C321B018 		.ascii	"\303!\260\030U\274MM\247\"\214\\\214ES\032va\374\015"
 4114      55BC4D4D 
 4114      A7228C5C 
 4114      8C45531A 
 4114      7661FC0D 
 4115 014d CB57B01C 		.ascii	"\313W\260\034\\+&a\222\001"
 4115      5C2B2661 
 4115      9201
 4116              		.text
 4117              		.section	.gnu.lto_ald_usb_mode_host_req_clear.47.840c018b,"e",%progbits
 4118 0000 28B52FFD 		.ascii	"(\265/\375`{\000\255\012\000\224\022\365\000\000\000"
 4118      607B00AD 
 4118      0A009412 
 4118      F5000000 
 4119 0010 54000000 		.ascii	"T\000\000\000&\000\000\000\001\003\000\001\222\221\212"
 4119      26000000 
 4119      01030001 
 4119      92918A
ARM GAS  C:\Users\PUBLIC~1.LAP\AppData\Local\Temp\ccG3WIcm.s 			page 115


 4120 001f 02008080 		.ascii	"\002\000\200\200\200@\007\002\001\201\221\212\317\235"
 4120      80400702 
 4120      0181918A 
 4120      CF9D
 4121 002d B20401B9 		.ascii	"\262\004\001\271\001\001\000\177\002\001\177\001\246"
 4121      0101007F 
 4121      02017F01 
 4121      A6
 4122 003a 03050106 		.ascii	"\003\005\001\006\023\001\004\005\001\006\025\001 /\300"
 4122      13010405 
 4122      01061501 
 4122      202FC0
 4123 0049 8080F884 		.ascii	"\200\200\370\204\347\241\303\007\205H\177\000}\270\001"
 4123      E7A1C307 
 4123      85487F00 
 4123      7DB801
 4124 0058 B701000B 		.ascii	"\267\001\000\013\000\000}\000\000\000\257\322\005\340"
 4124      00007D00 
 4124      0000AFD2 
 4124      05E0
 4125 0066 80FCFF8F 		.ascii	"\200\374\377\217\200\200\377\034\341\264\007\005\001"
 4125      8080FF1C 
 4125      E1B40705 
 4125      01
 4126 0073 00020202 		.ascii	"\000\002\002\002\000\002\002\000\000\243\003\200\004"
 4126      00020200 
 4126      00A30380 
 4126      04
 4127 0080 010000A4 		.ascii	"\001\000\000\244\003\002\201\300\000\000\372\002\200"
 4127      030281C0 
 4127      0000FA02 
 4127      80
 4128 008d E2B18701 		.ascii	"\342\261\207\001\000\376\002\302\276\351\002\003\001"
 4128      00FE02C2 
 4128      BEE90203 
 4128      01
 4129 009a 05010679 		.ascii	"\005\001\006y\001\000\200\360\210\200\004\005\001\254"
 4129      010080F0 
 4129      88800405 
 4129      01AC
 4130 00a8 0877BC01 		.ascii	"\010w\274\001\273\001\0006\241\200\200\010u\275\001"
 4130      BB010036 
 4130      A1808008 
 4130      75BD01
 4131 00b7 73000000 		.ascii	"s\000\000\000\376\002\203\230\207\365\001\003\002\003"
 4131      FE028398 
 4131      87F50103 
 4131      0203
 4132 00c5 01067101 		.ascii	"\001\006q\001\375\362\212\001\350\002\300\003\002\263"
 4132      FDF28A01 
 4132      E802C003 
 4132      02B3
 4133 00d3 87010082 		.ascii	"\207\001\000\202\003\202\2403\006\177\001\000\243\003"
 4133      0382A033 
 4133      067F0100 
 4133      A303
 4134 00e1 80040180 		.ascii	"\200\004\001\200\300RD:\\00a_liuhy\\temp126\\ChibiO"
ARM GAS  C:\Users\PUBLIC~1.LAP\AppData\Local\Temp\ccG3WIcm.s 			page 116


 4134      C052443A 
 4134      5C303061 
 4134      5F6C6975 
 4134      68795C74 
 4135 0102 532D436F 		.ascii	"S-Contrib/os/common/ext/CMSIS/ES32/FS026/ald_usb.c\000"
 4135      6E747269 
 4135      622F6F73 
 4135      2F636F6D 
 4135      6D6F6E2F 
 4136 0135 1000C82E 		.ascii	"\020\000\310.\242L\350\022\007\206\307\217\303!\260"
 4136      A24CE812 
 4136      0786C78F 
 4136      C321B0
 4137 0144 5855BC51 		.ascii	"XU\274QM'#\232\\\314\212\246\010\354\232\370\033\221"
 4137      4D27239A 
 4137      5CCC8AA6 
 4137      08EC9AF8 
 4137      1B91
 4138 0156 AF1039B8 		.ascii	"\257\0209\270+\246v\222\001"
 4138      2BA67692 
 4138      01
 4139              		.text
 4140              		.section	.gnu.lto_ald_usb_high_speed_enable.48.840c018b,"e",%progbits
 4141 0000 28B52FFD 		.ascii	"(\265/\375`3\000\235\010\000\242\217<;0\217\323\001"
 4141      6033009D 
 4141      0800A28F 
 4141      3C3B308F 
 4141      D301
 4142 0012 C4B22826 		.ascii	"\304\262(&\032\273|\374\314\316.\002\013\033\206$\036"
 4142      1ABB7CFC 
 4142      CCCE2E02 
 4142      0B1B8624 
 4142      1E
 4143 0023 F0E1A9C7 		.ascii	"\360\341\251\307\232z\266\202\275i\002\000LNIT\260\204"
 4143      9A7AB682 
 4143      BD690200 
 4143      4C4E4954 
 4143      B084
 4144 0035 68F05A9E 		.ascii	"h\360Z\236\260\227mm\267\2450\303\301\210\247\300\377"
 4144      B0976D6D 
 4144      B7A530C3 
 4144      C188A7C0 
 4144      FF
 4145 0046 7BCB1437 		.ascii	"{\313\0247\360D\035\206\300\335\220\300\027v\334\370"
 4145      F0441D86 
 4145      C0DD90C0 
 4145      1776DCF8 
 4146 0056 71EE853A 		.ascii	"q\356\205:\323\211D\021rvt1\255\301\336\002\215\301"
 4146      D3894411 
 4146      72767431 
 4146      ADC1DE02 
 4146      8DC1
 4147 0068 6A0EDA43 		.ascii	"j\016\332Cf\313\213\317\216\244(\222\2365\221\266\003"
 4147      66CB8BCF 
 4147      8EA42892 
 4147      9E3591B6 
 4147      03
ARM GAS  C:\Users\PUBLIC~1.LAP\AppData\Local\Temp\ccG3WIcm.s 			page 117


 4148 0079 2DCA91CC 		.ascii	"-\312\221\314@\032\004\330\201\245l\033]Q\205\370\225"
 4148      401A04D8 
 4148      81A56C1B 
 4148      5D5185F8 
 4148      95
 4149 008a 1B46E904 		.ascii	"\033F\351\004\206$\016\303\266\204\005\211\263Y\323"
 4149      86240EC3 
 4149      B6840589 
 4149      B359D3
 4150 0099 954590AA 		.ascii	"\225E\220\252\251\263F\212\207\304\305\3224\346?Q\264"
 4150      A9B3468A 
 4150      87C4C5D2 
 4150      34E63F51 
 4150      B4
 4151 00aa 7EFCACE9 		.ascii	"~\374\254\351\312\372iG\3455\340\352\336\230\221\351"
 4151      CAFA6947 
 4151      E535E0EA 
 4151      DE9891E9 
 4152 00ba 950D4AC8 		.ascii	"\225\015J\310\177\016\370?%\033\323\377\036\230\334"
 4152      7F0EF83F 
 4152      251BD3FF 
 4152      1E98DC
 4153 00c9 CA78ED6E 		.ascii	"\312x\355n\231\234t\237\240O\000\360\346\346\337\302"
 4153      999C749F 
 4153      A04F00F0 
 4153      E6E6DFC2 
 4154 00d9 6744BF5E 		.ascii	"gD\277^F`\272\333V\0206\231\232g\026a\217\207\213j\205"
 4154      4660BADB 
 4154      56103699 
 4154      9A671661 
 4154      8F878B6A 
 4155 00ee 62DA51E8 		.ascii	"b\332Q\350\356S\325\212\203_\371\377\347?\371\277#\013"
 4155      EE53D58A 
 4155      835FF9FF 
 4155      E73FF9BF 
 4155      230B
 4156 0100 0035AB22 		.ascii	"\0005\253\"\273\2103\241/\037\030\016\307W\232w!\307"
 4156      BB8833A1 
 4156      2F1F180E 
 4156      C7579A77 
 4156      21C7
 4157 0112 0E7680A9 		.ascii	"\016v\200\251!\342\016w\332I\006"
 4157      21E20E77 
 4157      DA4906
 4158              		.text
 4159              		.section	.gnu.lto_ald_usb_device_speed_get.49.840c018b,"e",%progbits
 4160 0000 28B52FFD 		.ascii	"(\265/\375`\003\000\305\007\000\364\015}\000\000\000"
 4160      600300C5 
 4160      0700F40D 
 4160      7D000000 
 4161 0010 54000000 		.ascii	"T\000\000\000&\000\000\000\001\003\000\001\222\221\212"
 4161      26000000 
 4161      01030001 
 4161      92918A
 4162 001f 02008080 		.ascii	"\002\000\200\200\200@\007\002\001\201\221\212\367\237"
 4162      80400702 
 4162      0181918A 
ARM GAS  C:\Users\PUBLIC~1.LAP\AppData\Local\Temp\ccG3WIcm.s 			page 118


 4162      F79F
 4163 002d B20401B9 		.ascii	"\262\004\001\271\001\001\000\177\002\001\177\001\246"
 4163      0101007F 
 4163      02017F01 
 4163      A6
 4164 003a 03050106 		.ascii	"\003\005\001\006\023\001\004\005\001\006\025\001 /\300"
 4164      13010405 
 4164      01061501 
 4164      202FC0
 4165 0049 8080F884 		.ascii	"\200\200\370\204\376\241\303\007\205H\177\000}\270\001"
 4165      FEA1C307 
 4165      85487F00 
 4165      7DB801
 4166 0058 B701000B 		.ascii	"\267\001\000\013\000\000}\000\000\000\257\322\005\340"
 4166      00007D00 
 4166      0000AFD2 
 4166      05E0
 4167 0066 80FCFF8F 		.ascii	"\200\374\377\217\200\200\357\037\341\376\007\002\000"
 4167      8080EF1F 
 4167      E1FE0702 
 4167      00
 4168 0073 00A30380 		.ascii	"\000\243\003\200\004\001\000\000\244\003\002\201\300"
 4168      04010000 
 4168      A4030281 
 4168      C0
 4169 0080 0000FA02 		.ascii	"\000\000\372\002\200\242\005\000\202\003\202\2403\006"
 4169      80A20500 
 4169      820382A0 
 4169      3306
 4170 008e 7F0100A3 		.ascii	"\177\001\000\243\003\200\004\001\200\300\000\000\000"
 4170      03800401 
 4170      80C00000 
 4170      00
 4171 009b 0052443A 		.ascii	"\000RD:\\00a_liuhy\\temp126\\ChibiOS-Contrib/os/com"
 4171      5C303061 
 4171      5F6C6975 
 4171      68795C74 
 4171      656D7031 
 4172 00c8 6D6F6E2F 		.ascii	"mon/ext/CMSIS/ES32/FS026/ald_usb.c\000\010\000\321\036"
 4172      6578742F 
 4172      434D5349 
 4172      532F4553 
 4172      33322F46 
 4173 00ef 316062F8 		.ascii	"1`b\370*\004\327\304g\204\270B\344\340\256\230\332I"
 4173      2A04D7C4 
 4173      6784B842 
 4173      E4E0AE98 
 4173      DA49
 4174 0101 06       		.ascii	"\006"
 4175              		.text
 4176              		.section	.gnu.lto_ald_usb_num_ep_get.50.840c018b,"e",%progbits
 4177 0000 28B52FFD 		.ascii	"(\265/\375`\003\000\265\007\000\264\015}\000\000\000"
 4177      600300B5 
 4177      0700B40D 
 4177      7D000000 
 4178 0010 54000000 		.ascii	"T\000\000\000&\000\000\000\001\003\000\001\222\221\212"
 4178      26000000 
ARM GAS  C:\Users\PUBLIC~1.LAP\AppData\Local\Temp\ccG3WIcm.s 			page 119


 4178      01030001 
 4178      92918A
 4179 001f 02008080 		.ascii	"\002\000\200\200\200@\007\002\001\201\221\212\377\250"
 4179      80400702 
 4179      0181918A 
 4179      FFA8
 4180 002d B20401B9 		.ascii	"\262\004\001\271\001\001\000\177\002\001\177\001\246"
 4180      0101007F 
 4180      02017F01 
 4180      A6
 4181 003a 03050106 		.ascii	"\003\005\001\006\023\001\004\005\001\006\025\001 /\300"
 4181      13010405 
 4181      01061501 
 4181      202FC0
 4182 0049 8080F8C4 		.ascii	"\200\200\370\304\306\242\303\007\205H\177\000}\270\001"
 4182      C6A2C307 
 4182      85487F00 
 4182      7DB801
 4183 0058 B701000B 		.ascii	"\267\001\000\013\000\000}\000\000\000\257\322\005\340"
 4183      00007D00 
 4183      0000AFD2 
 4183      05E0
 4184 0066 80FCFF8F 		.ascii	"\200\374\377\217\200\200\367(\341\260\012\002\000\000"
 4184      8080F728 
 4184      E1B00A02 
 4184      0000
 4185 0074 A3038004 		.ascii	"\243\003\200\004\001\000\000\244\003\002\201\300\000"
 4185      010000A4 
 4185      030281C0 
 4185      00
 4186 0081 00FA0280 		.ascii	"\000\372\002\200\242\005\000\202\003\202\2403\006\177"
 4186      A2050082 
 4186      0382A033 
 4186      067F
 4187 008f 0108A303 		.ascii	"\001\010\243\003\200\004\001\200\300RD:\\00a_liuhy\\"
 4187      80040180 
 4187      C052443A 
 4187      5C303061 
 4187      5F6C6975 
 4188 00a6 74656D70 		.ascii	"temp126\\ChibiOS-Contrib/os/common/ext/CMSIS/ES32/F"
 4188      3132365C 
 4188      43686962 
 4188      694F532D 
 4188      436F6E74 
 4189 00d8 53303236 		.ascii	"S026/ald_usb.c\000\011\000\310.\242L\350\300\007\316"
 4189      2F616C64 
 4189      5F757362 
 4189      2E630009 
 4189      00C82EA2 
 4190 00f1 84105C13 		.ascii	"\204\020\\\023\237\021\342\012\221\203\273bj'\031"
 4190      9F11E20A 
 4190      9183BB62 
 4190      6A2719
 4191              		.text
 4192              		.section	.gnu.lto_ald_usb_control_reset.51.840c018b,"e",%progbits
 4193 0000 28B52FFD 		.ascii	"(\265/\375 \360\365\006\000T\014k\000\000\000T\000\000"
 4193      20F0F506 
ARM GAS  C:\Users\PUBLIC~1.LAP\AppData\Local\Temp\ccG3WIcm.s 			page 120


 4193      00540C6B 
 4193      00000054 
 4193      0000
 4194 0012 00250000 		.ascii	"\000%\000\000\000\001\003\000\001\222\221\212\002\000"
 4194      00010300 
 4194      0192918A 
 4194      0200
 4195 0020 80808040 		.ascii	"\200\200\200@\007\002\001\201\221\212\327\252$\001\267"
 4195      07020181 
 4195      918AD7AA 
 4195      2401B7
 4196 002f 0101007F 		.ascii	"\001\001\000\177\002\001\177\001\246\003/\200\200\200"
 4196      02017F01 
 4196      A6032F80 
 4196      8080
 4197 003d F884CFE2 		.ascii	"\370\204\317\342\200P\300\001\352\000\000\177\000\013"
 4197      8050C001 
 4197      EA00007F 
 4197      000B
 4198 004b 01000000 		.ascii	"\001\000\000\000\257\322\005\340\200\374\377\217\200"
 4198      AFD205E0 
 4198      80FCFF8F 
 4198      80
 4199 0058 80FF29E1 		.ascii	"\200\377)\341\326\012\002\000\000\243\003\000\200\200"
 4199      D60A0200 
 4199      00A30300 
 4199      8080
 4200 0066 80800401 		.ascii	"\200\200\004\001\000\000\244\003\002\201\300\000\000"
 4200      0000A403 
 4200      0281C000 
 4200      00
 4201 0073 FA028022 		.ascii	"\372\002\200\"\000\202\003\202 \243\003\001\200\300"
 4201      00820382 
 4201      20A30301 
 4201      80C0
 4202 0081 52443A5C 		.ascii	"RD:\\00a_liuhy\\temp126\\ChibiOS-Contrib/os/common/"
 4202      3030615F 
 4202      6C697568 
 4202      795C7465 
 4202      6D703132 
 4203 00b1 6578742F 		.ascii	"ext/CMSIS/ES32/FS026/ald_usb.c\000\010\000\310.\342"
 4203      434D5349 
 4203      532F4553 
 4203      33322F46 
 4203      53303236 
 4204 00d5 CC807D66 		.ascii	"\314\200}f0\360\375t\031\3772\256\270\034\235v\222\001"
 4204      30F0FD74 
 4204      19FF32AE 
 4204      B81C9D76 
 4204      9201
 4205              		.text
 4206              		.section	.gnu.lto_ald_usb_clock_output.52.840c018b,"e",%progbits
 4207 0000 28B52FFD 		.ascii	"(\265/\375 \360\365\006\000T\014k\000\000\000T\000\000"
 4207      20F0F506 
 4207      00540C6B 
 4207      00000054 
 4207      0000
ARM GAS  C:\Users\PUBLIC~1.LAP\AppData\Local\Temp\ccG3WIcm.s 			page 121


 4208 0012 00250000 		.ascii	"\000%\000\000\000\001\003\000\001\222\221\212\002\000"
 4208      00010300 
 4208      0192918A 
 4208      0200
 4209 0020 80808040 		.ascii	"\200\200\200@\007\002\001\201\221\212\337\253$\001\267"
 4209      07020181 
 4209      918ADFAB 
 4209      2401B7
 4210 002f 0101007F 		.ascii	"\001\001\000\177\002\001\177\001\246\003/\200\200\200"
 4210      02017F01 
 4210      A6032F80 
 4210      8080
 4211 003d F8C4DCE2 		.ascii	"\370\304\334\342\200P\300\001\352\000\000\177\000\013"
 4211      8050C001 
 4211      EA00007F 
 4211      000B
 4212 004b 01000000 		.ascii	"\001\000\000\000\257\322\005\340\200\374\377\217\200"
 4212      AFD205E0 
 4212      80FCFF8F 
 4212      80
 4213 0058 80D72BE1 		.ascii	"\200\327+\341\370\012\002\000\000\243\003\000\200\200"
 4213      F80A0200 
 4213      00A30300 
 4213      8080
 4214 0066 80800401 		.ascii	"\200\200\004\001\000\000\244\003\002\201\300\000\000"
 4214      0000A403 
 4214      0281C000 
 4214      00
 4215 0073 FA028022 		.ascii	"\372\002\200\"\000\202\003\202 \243\003\001\200\300"
 4215      00820382 
 4215      20A30301 
 4215      80C0
 4216 0081 52443A5C 		.ascii	"RD:\\00a_liuhy\\temp126\\ChibiOS-Contrib/os/common/"
 4216      3030615F 
 4216      6C697568 
 4216      795C7465 
 4216      6D703132 
 4217 00b1 6578742F 		.ascii	"ext/CMSIS/ES32/FS026/ald_usb.c\000\010\000\310.\342"
 4217      434D5349 
 4217      532F4553 
 4217      33322F46 
 4217      53303236 
 4218 00d5 CC807D66 		.ascii	"\314\200}f0\360\375t\031\3772\256\270\034\235v\222\001"
 4218      30F0FD74 
 4218      19FF32AE 
 4218      B81C9D76 
 4218      9201
 4219              		.text
 4220              		.section	.gnu.lto_ald_usb_eye_diagram_start.53.840c018b,"e",%progbits
 4221 0000 28B52FFD 		.ascii	"(\265/\375`h\000\035\012\000VRG= \261\322\001\014\214"
 4221      6068001D 
 4221      0A005652 
 4221      473D20B1 
 4221      D2010C8C 
 4222 0014 3050645A 		.ascii	"0PdZ\001D*\200\314\025cj(\330/\300p\211\316\201>2\211"
 4222      01442A80 
 4222      CC15636A 
ARM GAS  C:\Users\PUBLIC~1.LAP\AppData\Local\Temp\ccG3WIcm.s 			page 122


 4222      28D82FC0 
 4222      7089CE81 
 4223 002b DE661313 		.ascii	"\336f\023\023\306\030\243\272:a*G\265\222\247\035\306"
 4223      C618A3BA 
 4223      3A612A47 
 4223      B592A71D 
 4223      C6
 4224 003c 93CFF1CD 		.ascii	"\223\317\361\315]\014\017\256\343\237O\310\3362\005"
 4224      5D0C0FAE 
 4224      E39F4FC8 
 4224      DE3205
 4225 004b 33003500 		.ascii	"3\0005\0007\000\177\314\227J\360z4\0348\335}\011x\300"
 4225      37007FCC 
 4225      974AF07A 
 4225      341C38DD 
 4225      7D0978C0 
 4226 005f C3E0C721 		.ascii	"\303\340\307!\017\203\266\204Q\256\350\231[\370C1\271"
 4226      0F83B684 
 4226      51AEE899 
 4226      5BF84331 
 4226      B9
 4227 0070 C1E56C5C 		.ascii	"\301\345l\\\001\026\272\373\025\227\373\340[\376_\360"
 4227      0116BAFB 
 4227      1597FBE0 
 4227      5BFE5FF0 
 4228 0080 5FF6DF25 		.ascii	"_\366\337%\355\261\243\3232`\357\344?\372\203~\021H"
 4228      EDB1A3D3 
 4228      3260EFE4 
 4228      3FFA837E 
 4228      1148
 4229 0092 AAF27805 		.ascii	"\252\362x\005e\026\215\203\335\273\032\363\303\240@"
 4229      65168D83 
 4229      DDBB1AF3 
 4229      C3A040
 4230 00a1 1575A4B8 		.ascii	"\025u\244\270\362n\343\001\335<\230\227\356tt\212\017"
 4230      F26EE301 
 4230      DD3C9897 
 4230      EE74748A 
 4230      0F
 4231 00b2 83FFCF29 		.ascii	"\203\377\317)\254\202\006%Y\276P\252\223X\222\231.\232"
 4231      AC820625 
 4231      59BE50AA 
 4231      93589299 
 4231      2E9A
 4232 00c4 2AE3552B 		.ascii	"*\343U+a+V\030\252\024\030&\322\346\257\255\316\200"
 4232      612B5618 
 4232      AA141826 
 4232      D2E6AFAD 
 4232      CE80
 4233 00d6 4D22377B 		.ascii	"M\"7{;8\3225\347Om\325\222\374\374uw\337\352\376\012"
 4233      3B38D235 
 4233      E74F6DD5 
 4233      92FCFC75 
 4233      77DFEAFE 
 4234 00eb 0A9939B0 		.ascii	"\012\2319\260\3511\027\314\036\241U\"\303\004\226H\012"
 4234      E93117CC 
 4234      1EA15522 
ARM GAS  C:\Users\PUBLIC~1.LAP\AppData\Local\Temp\ccG3WIcm.s 			page 123


 4234      C3049648 
 4234      0A
 4235 00fc 59D448FB 		.ascii	"Y\324H\373\026\211\234\325V\0250\326=\211\341\350pE"
 4235      16899CD5 
 4235      561530D6 
 4235      3D89E1E8 
 4235      7045
 4236 010e D3D870C7 		.ascii	"\323\330p\307\207\021\002ui\030\256\033;M\363l\335\331"
 4236      87110275 
 4236      6918AE1B 
 4236      3B4DF36C 
 4236      DDD9
 4237 0120 79C9F282 		.ascii	"y\311\362\202\026;Q\2431\"\015\0002+\221]\030\231x\312"
 4237      163B51A3 
 4237      31220D00 
 4237      322B915D 
 4237      189978CA 
 4238 0134 8FB66202 		.ascii	"\217\266b\002\230k\210\310D\007\302wj\024\216\031\241"
 4238      986B88C8 
 4238      4407C277 
 4238      6A148E19 
 4238      A1
 4239 0145 3DE0A78B 		.ascii	"=\340\247\213&a>\001"
 4239      26613E01 
 4240              		.text
 4241              		.section	.gnu.lto_ald_usb_dppud_set.54.840c018b,"e",%progbits
 4242 0000 28B52FFD 		.ascii	"(\265/\375`\033\001\335\014\000\326\226VD\360\2226\035"
 4242      601B01DD 
 4242      0C00D696 
 4242      5644F092 
 4242      361D
 4243 0012 869BB9E1 		.ascii	"\206\233\271\341/\333\355\365\253\371d|\255\220c\217"
 4243      2FDBEDF5 
 4243      ABF9647C 
 4243      AD90638F 
 4244 0022 83A3A732 		.ascii	"\203\243\2472\006\306zJ\323\024\220*B\005k\255\372\006"
 4244      06C67A4A 
 4244      D314902A 
 4244      42056BAD 
 4244      FA06
 4245 0034 15EA14DF 		.ascii	"\025\352\024\337\363\024*Y\333\261\211|.XU#\356o\253"
 4245      F3142A59 
 4245      DBB1897C 
 4245      2E585523 
 4245      EE6FAB
 4246 0047 5536E380 		.ascii	"U6\343\200q\344\326\232\224)\005?\000=\000F\000\035"
 4246      71E4D69A 
 4246      9429053F 
 4246      003D0046 
 4246      001D
 4247 0059 1D149E76 		.ascii	"\035\024\236vv\000<*\305\272\213\212!\263\033z<\341"
 4247      76003C2A 
 4247      C5BA8B8A 
 4247      21B31B7A 
 4247      3CE1
 4248 006b BA65D0CE 		.ascii	"\272e\320\316\3610\302\316\354\310\340cw\243\2168\370"
 4248      F130C2CE 
ARM GAS  C:\Users\PUBLIC~1.LAP\AppData\Local\Temp\ccG3WIcm.s 			page 124


 4248      ECC8E063 
 4248      77A38E38 
 4248      F8
 4249 007c 04FD9F78 		.ascii	"\004\375\237x\247\004\214\223\213\312\023\200\202\335"
 4249      A7048C93 
 4249      8BCA1380 
 4249      82DD
 4250 008a 759E5C3C 		.ascii	"u\236\\<\334z\333\004lw\366S\002\267\252\345\300c}\224"
 4250      DC7ADB04 
 4250      6C77F653 
 4250      02B7AAE5 
 4250      C0637D94 
 4251 009e CDAD6BE2 		.ascii	"\315\255k\342X\001\223)sdf6\177\330\241J\252\010\373"
 4251      58019329 
 4251      73646636 
 4251      7FD8A14A 
 4251      AA08FB
 4252 00b1 D5EA8B7D 		.ascii	"\325\352\213}\324\177e\332\312t\225i\315tf\372\0018"
 4252      D47F65DA 
 4252      CA749569 
 4252      CD7466FA 
 4252      0138
 4253 00c3 2F6A786A 		.ascii	"/jxjv;\324\320,\015\213\205\011\333\347\330\001\030"
 4253      763BD4D0 
 4253      2C0D8B85 
 4253      09DBE7D8 
 4253      0118
 4254 00d5 164AB040 		.ascii	"\026J\260@B\270\257V_<`EW\374\026\027VL\245\252\326"
 4254      42B8AF56 
 4254      5F3C6045 
 4254      57FC1617 
 4254      564CA5AA 
 4255 00ea 07964CC9 		.ascii	"\007\226L\311\330\\Zi\316\320@\003\243oi\221\032\346"
 4255      D85C5A69 
 4255      CED04003 
 4255      A36F6991 
 4255      1AE6
 4256 00fc 8D9F7ADC 		.ascii	"\215\237z\334\306+l\256\251\031\263\001\004K\246l\227"
 4256      C62B6CAE 
 4256      A919B301 
 4256      044BA66C 
 4256      97
 4257 010d AEE2BB76 		.ascii	"\256\342\273vC||\024Oq\341\"\02160\012\3310\004\242"
 4257      437C7C14 
 4257      4F71E122 
 4257      1136300A 
 4257      D93004A2 
 4258 0121 0C44C008 		.ascii	"\014D\300\010\351#U\036\201l\245Od\304D\024?\031\246"
 4258      E923551E 
 4258      816CA54F 
 4258      64C44414 
 4258      3F19A6
 4259 0134 35885901 		.ascii	"5\210Y\001\215A\324\034h\017@\321\204\201$\236x]\347"
 4259      8D41D41C 
 4259      680F40D1 
 4259      8481249E 
 4259      785DE7
ARM GAS  C:\Users\PUBLIC~1.LAP\AppData\Local\Temp\ccG3WIcm.s 			page 125


 4260 0147 8D62C98B 		.ascii	"\215b\311\213\033g\301t\342\201<\032\004n\343J@\241"
 4260      1B67C174 
 4260      E2813C1A 
 4260      046EE34A 
 4260      40A1
 4261 0159 4F1642EA 		.ascii	"O\026B\352HL!\224\222\2173\021\021\005\031\0003\353"
 4261      484C2194 
 4261      928F3311 
 4261      11051900 
 4261      33EB
 4262 016b 915D1C99 		.ascii	"\221]\034\231x\315\027\015\027\022\234@{\337`-G\020"
 4262      78CD170D 
 4262      17129C40 
 4262      7BDF602D 
 4262      4710
 4263 017d A9151088 		.ascii	"\251\025\020\210\013\203\2628\236\203\2034\020\210\252"
 4263      0B83B238 
 4263      9E838334 
 4263      1088AA
 4264 018c 38A69A63 		.ascii	"8\246\232cF\330\273\031\343\245\264\341\302\030\017"
 4264      46D8BB19 
 4264      E3A5B4E1 
 4264      C2180F
 4265 019b 6337981A 		.ascii	"c7\230\032\"\356p\247\235d"
 4265      22EE70A7 
 4265      9D64
 4266              		.text
 4267              		.section	.gnu.lto_ald_usb_dmpud_set.55.840c018b,"e",%progbits
 4268 0000 28B52FFD 		.ascii	"(\265/\375`\033\001\265\014\000\326\226UC\000\2216\035"
 4268      601B01B5 
 4268      0C00D696 
 4268      55430091 
 4268      361D
 4269 0012 06406408 		.ascii	"\006@d\010x\270b\254\024,\200\324\320\331!\200o\012"
 4269      78B862AC 
 4269      142C80D4 
 4269      D0D92180 
 4269      6F0A
 4270 0024 4EC24464 		.ascii	"N\302Ddcv\367\020Z\225\015\202\264\272\177\203j\252"
 4270      6376F710 
 4270      5A950D82 
 4270      B4BA7F83 
 4270      6AAA
 4271 0036 D0FF3CDB 		.ascii	"\320\377<\333\241+\346\215\205`V\177H\232\373\034\036"
 4271      A12BE68D 
 4271      8560567F 
 4271      489AFB1C 
 4271      1E
 4272 0047 0220E8C5 		.ascii	"\002 \350\305Hh\244I\231R>\000<\000E\000\235\230\011"
 4272      4868A449 
 4272      99523E00 
 4272      3C004500 
 4272      9D9809
 4273 005a 4F3B3300 		.ascii	"O;3\000\036ub\335E\305\244\330\015=\226p\3352h\313x"
 4273      1E7562DD 
 4273      45C5A4D8 
 4273      0D3D9670 
ARM GAS  C:\Users\PUBLIC~1.LAP\AppData\Local\Temp\ccG3WIcm.s 			page 126


 4273      DD3268CB 
 4274 006f 0861656A 		.ascii	"\010aej0\314\354nT\021\007\237\240\177\022\357\270\324"
 4274      30CCEC6E 
 4274      5411079F 
 4274      A07F12EF 
 4274      B8D4
 4275 0081 38B1A03C 		.ascii	"8\261\240<;\022\354\256\363\304\322\341\326\333\036"
 4275      3B12ECAE 
 4275      F3C4D2E1 
 4275      D6DB1E
 4276 0090 60BBB37F 		.ascii	"`\273\263\177\022\267\252\3350c}\223\315\255k\306@\361"
 4276      12B7AADD 
 4276      30637D93 
 4276      CDAD6BC6 
 4276      40F1
 4277 00a2 92297366 		.ascii	"\222)sfd6o\330!Jj\010\373\325j\213}\324\177e\332\312"
 4277      64366FD8 
 4277      214A6A08 
 4277      FBD56A8B 
 4277      7DD47F65 
 4278 00b8 749569CD 		.ascii	"t\225i\315tf\372\0008\251\027\261\305.\207\0344\353"
 4278      7466FA00 
 4278      38A917B1 
 4278      C52E871C 
 4278      34EB
 4279 00ca C252E162 		.ascii	"\302R\341b\373\034;\030\026B\240 B\270\257V[, ES\374"
 4279      FB1C3B18 
 4279      1642A020 
 4279      42B8AF56 
 4279      5B2C2045 
 4280 00e0 951A0BA6 		.ascii	"\225\032\013\246RU\313\203\312\275bsi\245\311\"\003"
 4280      5255CB83 
 4280      CABD6273 
 4280      69A5C922 
 4280      03
 4281 00f1 CD8B7E05 		.ascii	"\315\213~\005Gj\2300~\242q\033\247\260\271\246&\214"
 4281      476A9830 
 4281      7EA2711B 
 4281      A7B0B9A6 
 4281      268C
 4282 0103 860F2A99 		.ascii	"\206\017*\231\262]\372\211\357\332\005\361\361K\334"
 4282      B25DFA89 
 4282      EFDA05F1 
 4282      F14BDC
 4283 0112 84856B44 		.ascii	"\204\205kD.0\372\330\260\003\242\314#@\010\351#U\036"
 4283      2E30FAD8 
 4283      B003A2CC 
 4283      234008E9 
 4283      23551E
 4284 0125 796CA50F 		.ascii	"yl\245\017$\204D\024?\031\2461\210\031\001mA\324\032"
 4284      24844414 
 4284      3F19A631 
 4284      8819016D 
 4284      41D41A
 4285 0138 680E40D1 		.ascii	"h\016@\321tA$\226x]\347\215b\311\213\033W\301T\342\201"
 4285      74412496 
 4285      785DE78D 
ARM GAS  C:\Users\PUBLIC~1.LAP\AppData\Local\Temp\ccG3WIcm.s 			page 127


 4285      62C98B1B 
 4285      57C154E2 
 4286 014d 3CDA036E 		.ascii	"<\332\003n\343F@\241O\366A\352DL!\223\221\217#\001\021"
 4286      E34640A1 
 4286      4FF641EA 
 4286      444C2193 
 4286      918F2301 
 4287 0162 05190033 		.ascii	"\005\031\0003\353\221]\034\231x\315\027\015\027\022"
 4287      EB915D1C 
 4287      9978CD17 
 4287      0D1712
 4288 0171 9C407BDF 		.ascii	"\234@{\337`-\207\300 $\020\027\006eq<\007\007i \020"
 4288      602D87C0 
 4288      20241017 
 4288      0665713C 
 4288      07076920 
 4289 0186 55714C35 		.ascii	"UqL5\307\214\260w3\306Ki\303\2051\036\306n05D\334\341"
 4289      C78CB077 
 4289      33C64B69 
 4289      C385311E 
 4289      C66E3035 
 4290 019d 4E3BC9   		.ascii	"N;\311"
 4291              		.text
 4292              		.section	.gnu.lto_ald_usb_swcid_host.56.840c018b,"e",%progbits
 4293 0000 28B52FFD 		.ascii	"(\265/\375`:\001\025\016\000\226\231^E\000\261&\035"
 4293      603A0115 
 4293      0E009699 
 4293      5E4500B1 
 4293      261D
 4294 0012 C0180FB9 		.ascii	"\300\030\017\271\342\227T\365\371\025\364#\030\341\214"
 4294      E29754F5 
 4294      F915F423 
 4294      18E18C
 4295 0021 7C1D4612 		.ascii	"|\035F\022\356\244\005P\257O\373\377\026\331h\212e\336"
 4295      EEA40550 
 4295      AF4FFBFF 
 4295      16D9688A 
 4295      65DE
 4296 0033 E4CCB08D 		.ascii	"\344\314\260\2152\206\223\365\004a\027|\233>s\355G\020"
 4296      328693F5 
 4296      0461177C 
 4296      9B3E73ED 
 4296      4710
 4297 0045 09BFAFF5 		.ascii	"\011\277\257\365\036\315m\004Ad\357-S\012G\000G\000"
 4297      1ECD6D04 
 4297      4164EF2D 
 4297      530A4700 
 4297      4700
 4298 0057 4900AC15 		.ascii	"I\000\254\025-v\303\020C\300>\375\3317\017\037l\214"
 4298      2D76C310 
 4298      43C03EFD 
 4298      D9370F1F 
 4298      6C8C
 4299 0069 1A153576 		.ascii	"\032\0255v7\213 \376}\312\250\237\337A\002\322\222\261"
 4299      378B20FE 
 4299      7DCAA89F 
 4299      DF4102D2 
ARM GAS  C:\Users\PUBLIC~1.LAP\AppData\Local\Temp\ccG3WIcm.s 			page 128


 4299      92B1
 4300 007b 02559F1E 		.ascii	"\002U\237\036 \314%\006\363\330\001[\344\307\356\276"
 4300      20CC2506 
 4300      F3D8015B 
 4300      E4C7EEBE 
 4301 008b 75CD00B2 		.ascii	"u\315\000\262\250v\220\354\256u\005r\270\257\333.\261"
 4301      A87690EC 
 4301      AE750572 
 4301      B8AFDB2E 
 4301      B1
 4302 009c DDD9F702 		.ascii	"\335\331\367\002)}q\321T\243S\327\214\002hnZ\324\206"
 4302      297D71D1 
 4302      54A353D7 
 4302      8C02686E 
 4302      5AD486
 4303 00af 3B256C56 		.ascii	";%lVo\330\241J\343\007\373rc\214}\326?U-U\255X\007\005"
 4303      6FD8A14A 
 4303      E307FB72 
 4303      638C7DD6 
 4303      3F552D55 
 4304 00c7 8C0335BB 		.ascii	"\214\0035\273\033r\340\330\027\323\005\011\333\267o"
 4304      1B72E0D8 
 4304      17D30509 
 4304      DBB76F
 4305 00d6 E2B301D8 		.ascii	"\342\263\001\330 3\021\256oy+\360\235\225r\334\0151"
 4305      203311AE 
 4305      6F792BF0 
 4305      9D9572DC 
 4305      0D31
 4306 00e8 C61F2B71 		.ascii	"\306\037+q\305\327pb\312H\023C|E\003\347\251K\243\214"
 4306      C5D77062 
 4306      CA481343 
 4306      7C4503E7 
 4306      A94BA38C 
 4307 00fc C771E9C0 		.ascii	"\307q\351\300\2429\266'<\354\260]\017\036_\346)<l\304"
 4307      A239B627 
 4307      3CECB05D 
 4307      0F1E5FE6 
 4307      293C6CC4 
 4308 0110 A7DC9719 		.ascii	"\247\334\227\031\353W\270>5F\02123\232\343\263h\331"
 4308      EB57B83E 
 4308      35461132 
 4308      339AE3B3 
 4308      68D9
 4309 0122 AC4A5E6A 		.ascii	"\254J^j\243.\350W\216q=\243U\034&0\032\021i\006B\233"
 4309      A32EE857 
 4309      8E713DA3 
 4309      551C2630 
 4309      1A116906 
 4310 0138 488093C9 		.ascii	"H\200\223\311#I\217DD&\224\211\004\224P\346\3314nA\266"
 4310      23498F44 
 4310      44269489 
 4310      049450E6 
 4310      D9346E41 
 4311 014d 0DE01464 		.ascii	"\015\340\024d\034\003\256\301';a8\311R\274\256\363F"
 4311      1C03AEC1 
 4311      273B6138 
ARM GAS  C:\Users\PUBLIC~1.LAP\AppData\Local\Temp\ccG3WIcm.s 			page 129


 4311      C952BCAE 
 4311      F346
 4312 015f 99C9CB44 		.ascii	"\231\311\313D%\013\247\024\357\023\3029(\211J\244\017"
 4312      250BA714 
 4312      EF13C239 
 4312      28894AA4 
 4312      0F
 4313 0170 C8B38D50 		.ascii	"\310\263\215P\350NN \025\022\252\204b\022\3224\020\202"
 4313      E84E4E20 
 4313      1512AA84 
 4313      6212D234 
 4313      1082
 4314 0182 0425E15E 		.ascii	"\004%\341^n\034\0003\353\221]\034\231x0\216\206\007"
 4314      6E1C0033 
 4314      EB915D1C 
 4314      9978308E 
 4314      8607
 4315 0194 126B5200 		.ascii	"\022kR\000\214 \010XU\274QM'#\232\324\254\025\245\210"
 4315      8C200858 
 4315      55BC514D 
 4315      27239AD4 
 4315      AC15A588 
 4316 01a8 0BACB5EA 		.ascii	"\013\254\265\352\200P\006\255\262\015\244\000;\244\306"
 4316      805006AD 
 4316      B20DA400 
 4316      3BA4C6
 4317 01b7 3EC15ED7 		.ascii	">\301^\327\304Fb\"\216\273\356\251\341M]=\324\220\355"
 4317      C4466222 
 4317      8EBBEEA9 
 4317      E14D5D3D 
 4317      D490ED
 4318 01ca 2A65     		.ascii	"*e"
 4319              		.text
 4320              		.section	.gnu.lto_ald_usb_swcid_cidctrl.57.840c018b,"e",%progbits
 4321 0000 28B52FFD 		.ascii	"(\265/\375`9\001\015\016\000\206Y^F\000\2576\035~?\323"
 4321      6039010D 
 4321      0E008659 
 4321      5E4600AF 
 4321      361D7E3F 
 4322 0015 0719A66F 		.ascii	"\007\031\246o\010\004\256\244\342\262\314\347Q\3134"
 4322      0804AEA4 
 4322      E2B2CCE7 
 4322      51CB34
 4323 0024 EC270CC6 		.ascii	"\354'\014\306\236\346|\366\036\3725\001a\267\363\225"
 4323      9EE67CF6 
 4323      1EFA3501 
 4323      61B7F395 
 4324 0034 C21FAC66 		.ascii	"\302\037\254f\210\257(\252\\\216\005\200\303\352\241"
 4324      88AF28AA 
 4324      5C8E0580 
 4324      C3EAA1
 4325 0043 834F834B 		.ascii	"\203O\203K\250\353\252\225\347\023\334\203\354-\245"
 4325      A8EBAA95 
 4325      E713DC83 
 4325      EC2DA5
 4326 0052 4C014700 		.ascii	"L\001G\000F\000I\000&Pt\207\035\177p\251\374\367\327"
 4326      46004900 
ARM GAS  C:\Users\PUBLIC~1.LAP\AppData\Local\Temp\ccG3WIcm.s 			page 130


 4326      26507487 
 4326      1D7F70A9 
 4326      FCF7D7
 4327 0065 68E8A05B 		.ascii	"h\350\240[\250@\305\350\356\311\036\364S\031y\277\253"
 4327      A840C5E8 
 4327      EEC91EF4 
 4327      531979BF 
 4327      AB
 4328 0076 4608C708 		.ascii	"F\010\307\010\027)\360\244\022\000\350\242\361rQ\356"
 4328      1729F0A4 
 4328      1200E8A2 
 4328      F17251EE 
 4329 0086 80A8B8D1 		.ascii	"\200\250\270\321\335\032\243{\001\\\331\325\010\351"
 4329      DD1AA37B 
 4329      015CD9D5 
 4329      08E9
 4330 0094 EE6F0AD4 		.ascii	"\356o\012\324\240\267\364\277\310\177\321\257^-,\330"
 4330      A0B7F4BF 
 4330      C87FD1AF 
 4330      5E2D2CD8 
 4331 00a4 2EDF6449 		.ascii	".\337dI\0360S\203\332\233wlhzq\376\360\264\334\341\327"
 4331      1E305383 
 4331      DA9B776C 
 4331      687A71FE 
 4331      F0B4DCE1 
 4332 00b9 D8FCF2AB 		.ascii	"\330\374\362\253JU\356>\356~\257\016\016\013\220\234"
 4332      4A55EE3E 
 4332      EE7EAF0E 
 4332      0E0B909C 
 4333 00c9 EE0C3932 		.ascii	"\356\01492z\205L\021\342\277\376*\342\373\003\374\034"
 4333      7A854C11 
 4333      E2BFFE2A 
 4333      E2FB03FC 
 4333      1C
 4334 00da 30107435 		.ascii	"0\020t5\346\231\201OU\246s\267*\033*\254r\305p##\317"
 4334      E699814F 
 4334      55A673B7 
 4334      2A1B2AAC 
 4334      72C57023 
 4335 00f0 F0074DBD 		.ascii	"\360\007M\275X\251\311Z\216\2543X6\254\354\352\177\004"
 4335      58A9C95A 
 4335      8EAC3358 
 4335      36ACECEA 
 4335      7F04
 4336 0102 0D475737 		.ascii	"\015GW7\007\317UFIx\027\214\312\330-6}\235`\251\\f\020"
 4336      07CF5546 
 4336      4978178C 
 4336      CAD82D36 
 4336      7D9D60A9 
 4337 0119 32257675 		.ascii	"2%vu=\001\203\246O\321\332\277Ta5u\346\276\344\247\334"
 4337      3D0183A6 
 4337      4FD1DABF 
 4337      54613575 
 4337      E6BEE4A7 
 4338 012e B4012FC0 		.ascii	"\264\001/\300}l\330\201P\346!\200\244\343\370\234\307"
 4338      7D6CD881 
 4338      50E62180 
ARM GAS  C:\Users\PUBLIC~1.LAP\AppData\Local\Temp\ccG3WIcm.s 			page 131


 4338      A4E3F89C 
 4338      C7
 4339 013f 86521A21 		.ascii	"\206R\032!\021\205\246'\3034\0053#\240%\230\332\002"
 4339      1185A627 
 4339      C3340533 
 4339      23A02598 
 4339      DA02
 4340 0151 8DC16792 		.ascii	"\215\301g\222,\224\314\023o4\362\270\211\342\315\255"
 4340      2C94CC13 
 4340      6F34F2B8 
 4340      89E2CDAD 
 4341 0161 A3403AF1 		.ascii	"\243@:\361>\035Z\203n\353L> O\366!aTB\002\245\230\224"
 4341      3E1D5A83 
 4341      6EEB4C3E 
 4341      204FF621 
 4341      61544202 
 4342 0178 3AD14808 		.ascii	":\321H\010\303@ \010D\302\326\330\374\362\034\0002+"
 4342      C3402008 
 4342      44C2D6D8 
 4342      FCF21C00 
 4342      322B
 4343 018a 915D1899 		.ascii	"\221]\030\231x0\216\206\007\022kR\000\214 \010XU\274"
 4343      78308E86 
 4343      07126B52 
 4343      008C2008 
 4343      5855BC
 4344 019d 514D2723 		.ascii	"QM'#\232\324\254\025\245\210\013\254\265\352\200P\006"
 4344      9AD4AC15 
 4344      A5880BAC 
 4344      B5EA8050 
 4344      06
 4345 01ae ADB20DA4 		.ascii	"\255\262\015\244\000;\244\306>\301^\327\304Fb\"\216"
 4345      003BA4C6 
 4345      3EC15ED7 
 4345      C4466222 
 4345      8E
 4346 01bf BBEEA9E1 		.ascii	"\273\356\251\341M]=\324\220\355*e"
 4346      4D5D3DD4 
 4346      90ED2A65 
 4347              		.text
 4348              		.section	.gnu.lto_ald_usb_dev_get_addr.58.840c018b,"e",%progbits
 4349 0000 28B52FFD 		.ascii	"(\265/\375`(\000\205\010\000\222O<; \221\323\001\017"
 4349      60280085 
 4349      0800924F 
 4349      3C3B2091 
 4349      D3010F
 4350 0013 8C51F9C0 		.ascii	"\214Q\371\300\001\220\026\340RL| 4\301\260\003\271\022"
 4350      019016E0 
 4350      524C7C20 
 4350      34C1B003 
 4350      B912
 4351 0025 A1568E10 		.ascii	"\241V\216\020\333EhIV\303H\2221\274^\2447\213\364\313"
 4351      DB456849 
 4351      56C34892 
 4351      31BC5EA4 
 4351      378BF4CB 
 4352 0039 95048E89 		.ascii	"\225\004\216\2111\241\300`\000\034%\360I\333[\246\027"
ARM GAS  C:\Users\PUBLIC~1.LAP\AppData\Local\Temp\ccG3WIcm.s 			page 132


 4352      31A1C060 
 4352      001C25F0 
 4352      49DB5BA6 
 4352      17
 4353 004a 1D80A712 		.ascii	"\035\200\247\022dQ\012\331\216\333.\204\345\022\356"
 4353      64510AD9 
 4353      8EDB2E84 
 4353      E512EE
 4354 0059 83BD1157 		.ascii	"\203\275\021W\302\263\244\306\310\232FQ\034E\3664Z0"
 4354      C2B3A4C6 
 4354      C89A4651 
 4354      1C45F634 
 4354      5A30
 4355 006b C4204DA3 		.ascii	"\304 M\243gp'B0$y_\307!\\\210#\362C\221\312\260\004"
 4355      67702742 
 4355      3024795F 
 4355      C7215C88 
 4355      23F24391 
 4356 0082 0A6DDBB7 		.ascii	"\012m\333\267\340@\361\377gs}\275\022\254\352\352\177"
 4356      E040F1FF 
 4356      67737DBD 
 4356      12ACEAEA 
 4356      7F
 4357 0093 C92A199F 		.ascii	"\311*\031\237\356\221\356\234\3020\324\307\204\265\254"
 4357      EE91EE9C 
 4357      C230D4C7 
 4357      84B5AC
 4358 00a2 3F66FABC 		.ascii	"?f\372\274\321a\215\326\000\230\030\013\305\271\346"
 4358      D1618DD6 
 4358      0098180B 
 4358      C5B9E6
 4359 00b1 6A6AF39F 		.ascii	"jj\363\237*ZI~\316\272\276\376\323\323*\020{a\220\351"
 4359      2A5A497E 
 4359      CEBABEFE 
 4359      D3D32A10 
 4359      7B6190E9 
 4360 00c5 06C9B969 		.ascii	"\006\311\271i\027\255\345\344\177\352\0078\247\220\272"
 4360      17ADE5E4 
 4360      7FEA0738 
 4360      A790BA
 4361 00d4 39E0E1E1 		.ascii	"9\340\341\341\020\211\351\250\351>m-a\223\251yf\024"
 4361      1089E9A8 
 4361      E93E6D2D 
 4361      6193A979 
 4361      6614
 4362 00e6 CE602B34 		.ascii	"\316`+4\254\226\212\251\247\241\273OY\255\020~\345\377"
 4362      AC968AA9 
 4362      A7A1BB4F 
 4362      59AD107E 
 4362      E5FF
 4363 00f8 05FF2BFE 		.ascii	"\005\377+\376\273\002\012\000\316\036\242\024C\340\""
 4363      BB020A00 
 4363      CE1EA214 
 4363      43E022
 4364 0107 C6C04424 		.ascii	"\306\300D$\345b\327\304\273\010\234\204\310\343n\230"
 4364      E562D7C4 
 4364      BB089C84 
ARM GAS  C:\Users\PUBLIC~1.LAP\AppData\Local\Temp\ccG3WIcm.s 			page 133


 4364      C8E36E98 
 4365 0117 DA4906   		.ascii	"\332I\006"
 4366              		.text
 4367              		.section	.gnu.lto_ald_usb_dev_set_addr.59.840c018b,"e",%progbits
 4368 0000 28B52FFD 		.ascii	"(\265/\375`h\000]\012\000t\022\312\000\000\000m\000"
 4368      6068005D 
 4368      0A007412 
 4368      CA000000 
 4368      6D00
 4369 0012 00002500 		.ascii	"\000\000%\000\000\000\001\003\000\001\222\221\212\002"
 4369      00000103 
 4369      00019291 
 4369      8A02
 4370 0020 00808080 		.ascii	"\000\200\200\200@\007\002\001\201\221\212\317\277$\001"
 4370      40070201 
 4370      81918ACF 
 4370      BF2401
 4371 002f B9010100 		.ascii	"\271\001\001\000\177\002\001\177\001\246\003/\200\200"
 4371      7F02017F 
 4371      01A6032F 
 4371      8080
 4372 003d 80F884F7 		.ascii	"\200\370\204\367\343\200P\300\001\352\000\000\177\000"
 4372      E38050C0 
 4372      01EA0000 
 4372      7F00
 4373 004b 05010855 		.ascii	"\005\001\010U\000-\300\200\200\320\313\270\200\200\003"
 4373      002DC080 
 4373      80D0CBB8 
 4373      808003
 4374 005a 007DB801 		.ascii	"\000}\270\001\17752\000\000\002\001Z\213$\000\000\013"
 4374      7F353200 
 4374      0002015A 
 4374      8B240000 
 4374      0B
 4375 006b 01000000 		.ascii	"\001\000\000\000\257\322\005\340\200\374\377\217\200"
 4375      AFD205E0 
 4375      80FCFF8F 
 4375      80
 4376 0078 80FF3EE1 		.ascii	"\200\377>\341\364\017\004\002\001\001\270\001\000\000"
 4376      F40F0402 
 4376      0101B801 
 4376      0000
 4377 0086 A3038004 		.ascii	"\243\003\200\004\001\000\000\244\003\002\201\300\000"
 4377      010000A4 
 4377      030281C0 
 4377      00
 4378 0093 00FA0280 		.ascii	"\000\372\002\200\342\360\017\000\376\002\302\234\351"
 4378      E2F00F00 
 4378      FE02C29C 
 4378      E9
 4379 00a0 0E050106 		.ascii	"\016\005\001\006{\001\000\200\360\210\200\004\005\001"
 4379      7B010080 
 4379      F0888004 
 4379      0501
 4380 00ae ACE80279 		.ascii	"\254\350\002y\274\001\273\001\0006\241\200\200\010w"
 4380      BC01BB01 
 4380      0036A180 
ARM GAS  C:\Users\PUBLIC~1.LAP\AppData\Local\Temp\ccG3WIcm.s 			page 134


 4380      800877
 4381 00bd BD017500 		.ascii	"\275\001u\000\000\003\002\363\217\001\000\202\003\202"
 4381      000302F3 
 4381      8F010082 
 4381      0382
 4382 00cb 2000A303 		.ascii	" \000\243\003\200\004\001\200\300RD:\\00a_liuhy\\te"
 4382      80040180 
 4382      C052443A 
 4382      5C303061 
 4382      5F6C6975 
 4383 00e4 6D703132 		.ascii	"mp126\\ChibiOS-Contrib/os/common/ext/CMSIS/ES32/FS0"
 4383      365C4368 
 4383      6962694F 
 4383      532D436F 
 4383      6E747269 
 4384 0116 32362F61 		.ascii	"26/ald_usb.c\000\004addr\023.2a80b1c4\000\015\0003\353"
 4384      6C645F75 
 4384      73622E63 
 4384      00046164 
 4384      6472132E 
 4385 0137 915D1C99 		.ascii	"\221]\034\231\361\240\212\206\013\271\353\335\220\261"
 4385      F1A08A86 
 4385      0BB9EBDD 
 4385      90B1
 4386 0145 38A50917 		.ascii	"8\245\011\027\306\366`3\230\032\"\356p\247\235d"
 4386      C6F66033 
 4386      981A22EE 
 4386      70A79D64 
 4387              		.text
 4388              		.section	.gnu.lto_ald_usb_dev_connect.60.840c018b,"e",%progbits
 4389 0000 28B52FFD 		.ascii	"(\265/\375`g\000\355\011\000D\021\342\000\000\000T\000"
 4389      606700ED 
 4389      09004411 
 4389      E2000000 
 4389      5400
 4390 0012 00002500 		.ascii	"\000\000%\000\000\000\001\003\000\001\222\221\212\002"
 4390      00000103 
 4390      00019291 
 4390      8A02
 4391 0020 00808080 		.ascii	"\000\200\200\200@\007\002\001\201\221\212\337\310$\001"
 4391      40070201 
 4391      81918ADF 
 4391      C82401
 4392 002f B7010100 		.ascii	"\267\001\001\000\177\002\001\177\001\246\003/\200\200"
 4392      7F02017F 
 4392      01A6032F 
 4392      8080
 4393 003d 80F884C4 		.ascii	"\200\370\204\304\344\200P\300\001\352\000\000\177\000"
 4393      E48050C0 
 4393      01EA0000 
 4393      7F00
 4394 004b 0B010000 		.ascii	"\013\001\000\000\000\257\322\005\340\200\374\377\217"
 4394      00AFD205 
 4394      E080FCFF 
 4394      8F
 4395 0058 8080CF48 		.ascii	"\200\200\317H\341\230\022\005\001\000\002\001\002\000"
 4395      E1981205 
ARM GAS  C:\Users\PUBLIC~1.LAP\AppData\Local\Temp\ccG3WIcm.s 			page 135


 4395      01000201 
 4395      0200
 4396 0066 02010000 		.ascii	"\002\001\000\000\243\003\000\200\200\200\200\004\001"
 4396      A3030080 
 4396      80808004 
 4396      01
 4397 0073 0000A403 		.ascii	"\000\000\244\003\002\201\300\000\000\372\002\200\342"
 4397      0281C000 
 4397      00FA0280 
 4397      E2
 4398 0080 941200FE 		.ascii	"\224\022\000\376\002\302\276\351\002\003\001\005\001"
 4398      02C2BEE9 
 4398      02030105 
 4398      01
 4399 008d 067B0100 		.ascii	"\006{\001\000\200\360\210\200\004\005\001\254\010y\272"
 4399      80F08880 
 4399      040501AC 
 4399      0879BA
 4400 009c 01B90100 		.ascii	"\001\271\001\0006\241\200\200\010w\273\001u\000\000"
 4400      36A18080 
 4400      0877BB01 
 4400      750000
 4401 00ab 00FE0283 		.ascii	"\000\376\002\203\224\207\375\001\003\002\003\001\006"
 4401      9487FD01 
 4401      03020301 
 4401      06
 4402 00b8 1D0101F2 		.ascii	"\035\001\001\362\212\001\350\002\276\003\002\227\222"
 4402      8A01E802 
 4402      BE030297 
 4402      92
 4403 00c5 01008203 		.ascii	"\001\000\202\003\202 \000\243\003\001\200\300RD:\\0"
 4403      822000A3 
 4403      030180C0 
 4403      52443A5C 
 4403      30
 4404 00d6 30615F6C 		.ascii	"0a_liuhy\\temp126\\ChibiOS-Contrib/os/common/ext/CM"
 4404      69756879 
 4404      5C74656D 
 4404      70313236 
 4404      5C436869 
 4405 0107 5349532F 		.ascii	"SIS/ES32/FS026/ald_usb.c\000\017\000\310.\242L\300\215"
 4405      45533332 
 4405      2F465330 
 4405      32362F61 
 4405      6C645F75 
 4406 0128 37038FF3 		.ascii	"7\003\217\363\206C`1\252x\233\232NE\030I\030\213\245"
 4406      86436031 
 4406      AA789B9A 
 4406      4E451849 
 4406      188BA5
 4407 013b 344C17AC 		.ascii	"4L\027\254_\206\020\227\243\323N2"
 4407      5F861097 
 4407      A3D34E32 
 4408              		.text
 4409              		.section	.gnu.lto_ald_usb_dev_disconnect.61.840c018b,"e",%progbits
 4410 0000 28B52FFD 		.ascii	"(\265/\375`h\000\355\011\000\024\021\343\000\000\000"
 4410      606800ED 
ARM GAS  C:\Users\PUBLIC~1.LAP\AppData\Local\Temp\ccG3WIcm.s 			page 136


 4410      09001411 
 4410      E3000000 
 4411 0010 54000000 		.ascii	"T\000\000\000%\000\000\000\001\003\000\001\222\221\212"
 4411      25000000 
 4411      01030001 
 4411      92918A
 4412 001f 02008080 		.ascii	"\002\000\200\200\200@\007\002\001\201\221\212\357\311"
 4412      80400702 
 4412      0181918A 
 4412      EFC9
 4413 002d 2401B701 		.ascii	"$\001\267\001\001\000\177\002\001\177\001\246\003/\200"
 4413      01007F02 
 4413      017F01A6 
 4413      032F80
 4414 003c 8080F884 		.ascii	"\200\200\370\204\315\344\200P\300\001\352\000\000\177"
 4414      CDE48050 
 4414      C001EA00 
 4414      007F
 4415 004a 000B0100 		.ascii	"\000\013\001\000\000\000\257\322\005\340\200\374\377"
 4415      0000AFD2 
 4415      05E080FC 
 4415      FF
 4416 0057 8F8080DF 		.ascii	"\217\200\200\337I\341\274\022\005\001\000\002\001\002"
 4416      49E1BC12 
 4416      05010002 
 4416      0102
 4417 0065 00020100 		.ascii	"\000\002\001\000\000\243\003\200\004\001\000\000\244"
 4417      00A30380 
 4417      04010000 
 4417      A4
 4418 0072 030281C0 		.ascii	"\003\002\201\300\000\000\372\002\200\342\270\022\000"
 4418      0000FA02 
 4418      80E2B812 
 4418      00
 4419 007f FE02C2BE 		.ascii	"\376\002\302\276\351\002\003\001\005\001\006{\001\000"
 4419      E9020301 
 4419      0501067B 
 4419      0100
 4420 008d 80F08880 		.ascii	"\200\360\210\200\004\005\001\254\010y\272\001\271\001"
 4420      040501AC 
 4420      0879BA01 
 4420      B901
 4421 009b 0036A180 		.ascii	"\0006\241\200\200\010w\273\001u\000\000\000\376\002"
 4421      800877BB 
 4421      01750000 
 4421      00FE02
 4422 00aa 839887FD 		.ascii	"\203\230\207\375\001\003\002\003\001\006s\001\376\001"
 4422      01030203 
 4422      01067301 
 4422      FE01
 4423 00b8 F28A01E8 		.ascii	"\362\212\001\350\002\276\003\002\273\222\001\000\202"
 4423      02BE0302 
 4423      BB920100 
 4423      82
 4424 00c5 03822000 		.ascii	"\003\202 \000\243\003\001\200\300RD:\\00a_liuhy\\te"
 4424      A3030180 
 4424      C052443A 
ARM GAS  C:\Users\PUBLIC~1.LAP\AppData\Local\Temp\ccG3WIcm.s 			page 137


 4424      5C303061 
 4424      5F6C6975 
 4425 00de 6D703132 		.ascii	"mp126\\ChibiOS-Contrib/os/common/ext/CMSIS/ES32/FS0"
 4425      365C4368 
 4425      6962694F 
 4425      532D436F 
 4425      6E747269 
 4426 0110 32362F61 		.ascii	"26/ald_usb.c\000\020\000\310.\242L\300\2167\003\217"
 4426      6C645F75 
 4426      73622E63 
 4426      001000C8 
 4426      2EA24CC0 
 4427 0128 03874360 		.ascii	"\003\207C`\261\252x\243\232nF\030I\030\213\2454\354"
 4427      B1AA78A3 
 4427      9A6E4618 
 4427      49188BA5 
 4427      34EC
 4428 013a C2883058 		.ascii	"\302\2100X\3622\204\270\034\235v\222\001"
 4428      F23284B8 
 4428      1C9D7692 
 4428      01
 4429              		.text
 4430              		.section	.gnu.lto_ald_usb_dev_suspend_enable.62.840c018b,"e",%progbits
 4431 0000 28B52FFD 		.ascii	"(\265/\375`g\000\345\011\000\004\021\342\000\000\000"
 4431      606700E5 
 4431      09000411 
 4431      E2000000 
 4432 0010 54000000 		.ascii	"T\000\000\000%\000\000\000\001\003\000\001\222\221\212"
 4432      25000000 
 4432      01030001 
 4432      92918A
 4433 001f 02008080 		.ascii	"\002\000\200\200\200@\007\002\001\201\221\212\377\312"
 4433      80400702 
 4433      0181918A 
 4433      FFCA
 4434 002d 2401B701 		.ascii	"$\001\267\001\001\000\177\002\001\177\001\246\003/\200"
 4434      01007F02 
 4434      017F01A6 
 4434      032F80
 4435 003c 8080F884 		.ascii	"\200\200\370\204\326\344\200P\300\001\352\000\000\177"
 4435      D6E48050 
 4435      C001EA00 
 4435      007F
 4436 004a 000B0100 		.ascii	"\000\013\001\000\000\000\257\322\005\340\200\374\377"
 4436      0000AFD2 
 4436      05E080FC 
 4436      FF
 4437 0057 8F8080EF 		.ascii	"\217\200\200\357J\341\360\022\005\001\000\002\001\002"
 4437      4AE1F012 
 4437      05010002 
 4437      0102
 4438 0065 00020100 		.ascii	"\000\002\001\000\000\243\003\200\004\001\000\000\244"
 4438      00A30380 
 4438      04010000 
 4438      A4
 4439 0072 030281C0 		.ascii	"\003\002\201\300\000\000\372\002\200\342\334\022\000"
 4439      0000FA02 
ARM GAS  C:\Users\PUBLIC~1.LAP\AppData\Local\Temp\ccG3WIcm.s 			page 138


 4439      80E2DC12 
 4439      00
 4440 007f FE02C2BE 		.ascii	"\376\002\302\276\351\002\003\001\005\001\006{\001\000"
 4440      E9020301 
 4440      0501067B 
 4440      0100
 4441 008d 80F08880 		.ascii	"\200\360\210\200\004\005\001\254\010y\272\001\271\001"
 4441      040501AC 
 4441      0879BA01 
 4441      B901
 4442 009b 0036A180 		.ascii	"\0006\241\200\200\010w\273\001u\000\000\000\376\002"
 4442      800877BB 
 4442      01750000 
 4442      00FE02
 4443 00aa 839487ED 		.ascii	"\203\224\207\355\001\003\002\003\001\006\035\001\001"
 4443      01030203 
 4443      01061D01 
 4443      01
 4444 00b7 F28A01E8 		.ascii	"\362\212\001\350\002\276\003\002\337\222\001\000\202"
 4444      02BE0302 
 4444      DF920100 
 4444      82
 4445 00c4 03822000 		.ascii	"\003\202 \000\243\003\001\200\300RD:\\00a_liuhy\\te"
 4445      A3030180 
 4445      C052443A 
 4445      5C303061 
 4445      5F6C6975 
 4446 00dd 6D703132 		.ascii	"mp126\\ChibiOS-Contrib/os/common/ext/CMSIS/ES32/FS0"
 4446      365C4368 
 4446      6962694F 
 4446      532D436F 
 4446      6E747269 
 4447 010f 32362F61 		.ascii	"26/ald_usb.c\000\020\000\310.\242L\300\2157\003\217"
 4447      6C645F75 
 4447      73622E63 
 4447      001000C8 
 4447      2EA24CC0 
 4448 0127 F3864360 		.ascii	"\363\206C`1\252x\233\232NE\030I\030\213\2454\354\302"
 4448      31AA789B 
 4448      9A4E4518 
 4448      49188BA5 
 4448      34ECC2
 4449 013a 883058F2 		.ascii	"\2100X\3622\204\270\034\235v\222\001"
 4449      3284B81C 
 4449      9D769201 
 4450              		.text
 4451              		.section	.gnu.lto_ald_usb_dev_ep_config.63.840c018b,"e",%progbits
 4452 0000 28B52FFD 		.ascii	"(\265/\375`I\004\335\032\000F\257\246H\260\230M:rc\002"
 4452      604904DD 
 4452      1A0046AF 
 4452      A648B098 
 4452      4D3A7263 
 4453 0015 D2014D08 		.ascii	"\322\001M\010\333\2716j\017\303\010_\216?\307\003>\360"
 4453      DBB9366A 
 4453      0FC3085F 
 4453      8E3FC703 
 4453      3EF0
ARM GAS  C:\Users\PUBLIC~1.LAP\AppData\Local\Temp\ccG3WIcm.s 			page 139


 4454 0027 4B7AF974 		.ascii	"Kz\371t\234Jxj\241529{\355[\216\350\330\023\372\271"
 4454      9C4A786A 
 4454      A1353239 
 4454      7BED5B8E 
 4454      E8D813FA 
 4455 003c B40CA380 		.ascii	"\264\014\243\200\270\203z>\237\236\374\305:\256\210"
 4455      B8837A3E 
 4455      9F9EFCC5 
 4455      3AAE88
 4456 004b E171B03D 		.ascii	"\341q\260=\032!{\023)\223\014\220\000\210\000\215\000"
 4456      1A217B13 
 4456      29930C90 
 4456      0088008D 
 4456      00
 4457 005c DD63824B 		.ascii	"\335c\202K5!\362h\005\261\332\201\001\332\227\305b\004"
 4457      3521F268 
 4457      05B1DA81 
 4457      01DA97C5 
 4457      6204
 4458 006e 1120555D 		.ascii	"\021 U]t\342%O\217\332\367?\364<\336\203w\037;}uW!Y"
 4458      74E2254F 
 4458      8FDAF73F 
 4458      F43CDE83 
 4458      771F3B7D 
 4459 0086 D23D2A50 		.ascii	"\322=*P\015\342\345\316\005\314K\3609\363RU\267|\304"
 4459      0DE2E5CE 
 4459      05CC4BF0 
 4459      39F35255 
 4459      B77CC4
 4460 0099 D056AC08 		.ascii	"\320V\254\010\031\323\3352\276q\336_b8%\310\313\323"
 4460      19D3DD32 
 4460      BE71DE5F 
 4460      623825C8 
 4460      CBD3
 4461 00ab 87410894 		.ascii	"\207A\010\224`\37191\375\025\006\325x\222\272x\240\306"
 4461      60F93931 
 4461      FD1506D5 
 4461      7892BA78 
 4461      A0C6
 4462 00bd 53D4C32D 		.ascii	"S\324\303-\027Q\276\2350.S\240X\360=\251\263\215\323"
 4462      1751BE9D 
 4462      302E53A0 
 4462      58F03DA9 
 4462      B38DD3
 4463 00d0 0970A7BB 		.ascii	"\011p\247\273\177\365]\341\324\264\033\006u\267\356"
 4463      7FF55DE1 
 4463      D4B41B06 
 4463      75B7EE
 4464 00df CFE9E94A 		.ascii	"\317\351\351JsU\235RU\236*x b7\015 \275\220\017Q\332"
 4464      73559D52 
 4464      559E2A78 
 4464      2062370D 
 4464      20BD900F 
 4465 00f5 2C3A2EC1 		.ascii	",:.\301V\341\245O\342$\346\345\271\374\300`\255\031"
 4465      56E1A54F 
 4465      E224E6E5 
 4465      B9FCC060 
ARM GAS  C:\Users\PUBLIC~1.LAP\AppData\Local\Temp\ccG3WIcm.s 			page 140


 4465      AD19
 4466 0107 B5E1F3BB 		.ascii	"\265\341\363\273|fzkF\017\025\343\273\371\361\016f\364"
 4466      7C667A6B 
 4466      460F15E3 
 4466      BBF9F10E 
 4466      66F4
 4467 0119 964B7360 		.ascii	"\226Ks`l\365r\251\216L\313T\252\007\233m\250\352\274"
 4467      6CF572A9 
 4467      8E4CCB54 
 4467      AA079B6D 
 4467      A8EABC
 4468 012c EAC7B9D5 		.ascii	"\352\307\271\325\177s\037\277M\315\307klWa\273J\263"
 4468      7F731FBF 
 4468      4DCDC76B 
 4468      6C5761BB 
 4468      4AB3
 4469 013e ABAF5D15 		.ascii	"\253\257]\025w5\344\325\311\253rWA^\335]=\201\034\256"
 4469      7735E4D5 
 4469      C9AB7257 
 4469      415EDD5D 
 4469      3D811CAE 
 4470 0152 2A15A074 		.ascii	"*\025\240t\2678S\246\251H&;>^\365X<\030\017\225\232"
 4470      B73853A6 
 4470      A948263B 
 4470      3E5EF558 
 4470      3C180F95 
 4471 0167 EAAFC69D 		.ascii	"\352\257\306\235\310\344\002@\012-F\274\004_jD\235\235"
 4471      C8E40240 
 4471      0A2D46BC 
 4471      045F6A44 
 4471      9D9D
 4472 0179 DE7B668C 		.ascii	"\336{f\214u\370C|/\026jJ\310Tj\233J\"\237\3448)+\360"
 4472      75F8437C 
 4472      2F166A4A 
 4472      C8546A9B 
 4472      4A229FE4 
 4473 0191 588FF16F 		.ascii	"X\217\361or\201,-s\362\305\370\242\232\256\376\322\222"
 4473      72812C2D 
 4473      73F2C5F8 
 4473      A29AAEFE 
 4473      D292
 4474 01a3 12E38FD7 		.ascii	"\022\343\217\327\240\336d\252\366Y\250(\357\356\226"
 4474      A0DE64AA 
 4474      F659A828 
 4474      EFEE96
 4475 01b2 4C55E492 		.ascii	"LU\344\222\013\200\222\317E\013\012\310\252\035~\204"
 4475      0B8092CF 
 4475      450B0AC8 
 4475      AA1D7E84 
 4476 01c2 71BC0B87 		.ascii	"q\274\013\207A^$ZN\266\232\011\204\355\015\343\260\352"
 4476      415E245A 
 4476      4EB69A09 
 4476      84ED0DE3 
 4476      B0EA
 4477 01d4 07DCFEA7 		.ascii	"\007\334\376\247\222[mXs\272[\025\276\261\273g\273\374"
 4477      925B6D58 
 4477      73BA5B15 
ARM GAS  C:\Users\PUBLIC~1.LAP\AppData\Local\Temp\ccG3WIcm.s 			page 141


 4477      BEB1BB67 
 4477      BBFC
 4478 01e6 9EB93C20 		.ascii	"\236\271< k\313\211%\243:\366{\346\015/\377\212/\252"
 4478      6BCB8925 
 4478      A33AF67B 
 4478      E60D2FFF 
 4478      8A2FAA
 4479 01f9 49C65935 		.ascii	"I\306Y5\304\211 \005:\\\022#u\260\035q\220K6\334\220"
 4479      C4892005 
 4479      3A5C1223 
 4479      75B01D71 
 4479      904B36DC 
 4480 020e 4E6A8322 		.ascii	"Nj\203\"\037\242\331\003\333\317\202\234\245\015\267"
 4480      1FA2D903 
 4480      DBCF829C 
 4480      A50DB7
 4481 021d 219DD1D4 		.ascii	"!\235\321\324\242\005DHJC\033\216l2\240\237\031m\202"
 4481      A2054448 
 4481      4A431B8E 
 4481      6C32A09F 
 4481      196D82
 4482 0230 EC87014D 		.ascii	"\354\207\001M\202\214F\201fAH\226\264d$\003\221\303"
 4482      828C4681 
 4482      66414896 
 4482      B4642403 
 4482      91C3
 4483 0242 E1724532 		.ascii	"\341rE2\244\234\214\350&\"\011DNH\001\355\302\215\350"
 4483      A49C8CE8 
 4483      26220944 
 4483      4E4801ED 
 4483      C28DE8
 4484 0255 E641A806 		.ascii	"\346A\250\006\364\343\243\303\031%\325JxP\272\035\015"
 4484      F4E3A3C3 
 4484      1925D54A 
 4484      7850BA1D 
 4484      0D
 4485 0266 D966B31A 		.ascii	"\331f\263\032\204\010\031T\301\263\215\235\036\367\364"
 4485      84081954 
 4485      C1B38D9D 
 4485      1EF7F4
 4486 0275 50645E4C 		.ascii	"Pd^L%V\231\352\022\352\260\2023\3065\374S\205q\024\003"
 4486      255699EA 
 4486      12EAB082 
 4486      33C635FC 
 4486      53857114 
 4487 028a 93866145 		.ascii	"\223\206aE\177B\023\346\305MD\016\371\305\357\252a\221"
 4487      7F4213E6 
 4487      C54D440E 
 4487      F9C5EFAA 
 4487      6191
 4488 029c D789AAD1 		.ascii	"\327\211\252\321\231\210!s\016+\254Z\250QH\006\215C"
 4488      99882173 
 4488      0E2BAC5A 
 4488      A8514806 
 4488      8D43
 4489 02ae 62818824 		.ascii	"b\201\210$I\223\024:\300\002\021\031\253\033\021P5\227"
 4489      4993143A 
ARM GAS  C:\Users\PUBLIC~1.LAP\AppData\Local\Temp\ccG3WIcm.s 			page 142


 4489      C0021119 
 4489      AB1B1150 
 4489      3597
 4490 02c0 5218439D 		.ascii	"R\030C\235a3\265<\225;\015\212\261\202\033\267\333\""
 4490      6133B53C 
 4490      953B0D8A 
 4490      B1821BB7 
 4490      DB22
 4491 02d2 B9B5ABD9 		.ascii	"\271\265\253\331>DN\242\363t\276\370V\241Y\324\364I"
 4491      3E444EA2 
 4491      F374BEF8 
 4491      56A159D4 
 4491      F449
 4492 02e4 2FC65952 		.ascii	"/\306YR\026!\177|\232\001a\2127\372(\332\363O\341#p"
 4492      16217F7C 
 4492      9A01618A 
 4492      37FA28DA 
 4492      F34FE123 
 4493 02f9 14C33762 		.ascii	"\024\3037b\231\310v\377>\256fM+Q4\"|XnE\365\324\"x|"
 4493      99C876FF 
 4493      3EAE664D 
 4493      2B513422 
 4493      7C586E45 
 4494 0312 6487BB43 		.ascii	"d\207\273C\005R\223\231$\017*M\314\3514\263\316Z\240"
 4494      05529399 
 4494      240F2A4D 
 4494      CCE934B3 
 4494      CE5AA0
 4495 0325 C2D9115F 		.ascii	"\302\331\021_\026\254\251\265\220\375\333i\320M\224"
 4495      16ACA9B5 
 4495      90FDDB69 
 4495      D04D94
 4496 0334 C828B776 		.ascii	"\310(\267v\263bD\330n!\005\240\326\376\310\225Q\326"
 4496      B36244D8 
 4496      6E2105A0 
 4496      D6FEC895 
 4496      51D6
 4497 0346 F14DAC4F 		.ascii	"\361M\254O\370\204\317\315\020\324sG\331U\323\301\310"
 4497      F884CFCD 
 4497      10D47347 
 4497      D955D3C1 
 4497      C8
 4498 0357 EC1193FA 		.ascii	"\354\021\223\372\030\345\021\005 bf\363\350\037"
 4498      18E51105 
 4498      206266F3 
 4498      E81F
 4499              		.text
 4500              		.section	.gnu.lto_ald_usb_dev_ep_get_config.64.840c018b,"e",%progbits
 4501 0000 28B52FFD 		.ascii	"(\265/\375`\347\0035\032\000\266.\246H\260\226Q:\221"
 4501      60E70335 
 4501      1A00B62E 
 4501      A648B096 
 4501      513A91
 4502 0013 5034003D 		.ascii	"P4\000=\177Y\333_\332ig\323\206\034K\341\345\243\355"
 4502      7F59DB5F 
 4502      DA6967D3 
 4502      861C4BE1 
ARM GAS  C:\Users\PUBLIC~1.LAP\AppData\Local\Temp\ccG3WIcm.s 			page 143


 4502      E5A3ED
 4503 0026 C2185639 		.ascii	"\302\030V9\362\204\034\232\315\360\017\373q\031\262"
 4503      F2841C9A 
 4503      CDF00FFB 
 4503      7119B2
 4504 0035 C9EE744B 		.ascii	"\311\356tK!\317l\0050\313\273&\031k'\211\256\301\367"
 4504      21CF6C05 
 4504      30CBBB26 
 4504      196B2789 
 4504      AEC1F7
 4505 0048 5FE91A32 		.ascii	"_\351\0322\015\303\345\206\221F\366\2262\311\217\000"
 4505      0DC3E586 
 4505      9146F696 
 4505      32C98F00 
 4506 0058 88008D00 		.ascii	"\210\000\215\000\355\253\272\321b\374\314Y\242\355\036"
 4506      EDABBAD1 
 4506      62FCCC59 
 4506      A2ED1E
 4507 0067 49949198 		.ascii	"I\224\221\230\334\370\311@\014\355\373#z\"/\302\273"
 4507      DCF8C940 
 4507      0CEDFB23 
 4507      7A222FC2 
 4507      BB
 4508 0078 919DBEBA 		.ascii	"\221\235\276\272\243\2448\351\026B\320\020\343'\316"
 4508      A3A438E9 
 4508      1642D010 
 4508      E327CE
 4509 0087 0B889FF2 		.ascii	"\013\210\237\362\003\304OU\315r\341\207\276b\225\364"
 4509      03C44F55 
 4509      CD72E187 
 4509      BE6295F4 
 4510 0097 A5BB63DC 		.ascii	"\245\273c\334\343\274\217.qJ^\236\336\205\241\301\025"
 4510      E3BC8F2E 
 4510      714A5E9E 
 4510      DE85A1C1 
 4510      15
 4511 00a8 951FF0E8 		.ascii	"\225\037\360\350\343\202\0352\202w\371\026\010i\012"
 4511      E3821D32 
 4511      8277F916 
 4511      08690A
 4512 00b7 AEE8F429 		.ascii	"\256\350\364)\035X\201\332\002\000\250$\021\340\270"
 4512      1D5881DA 
 4512      0200A824 
 4512      11E0B8
 4513 00c6 A20163E5 		.ascii	"\242\001c\345{\3013\000`\222\304\351\356O}\231\200H"
 4513      7BC13300 
 4513      6092C4E9 
 4513      EE4F7D99 
 4513      8048
 4514 00d8 BB2E0CDD 		.ascii	"\273.\014\335\255\373\003\312\270\276\256\252M\252\312"
 4514      ADFB03CA 
 4514      B8BEAEAA 
 4514      4DAACA
 4515 00e7 53652601 		.ascii	"Se&\001UW\262b\263~|\312^\322\352\353\256\023?\317\345"
 4515      5557B262 
 4515      B37E7CCA 
 4515      5ED2EAEB 
ARM GAS  C:\Users\PUBLIC~1.LAP\AppData\Local\Temp\ccG3WIcm.s 			page 144


 4515      AE133FCF 
 4516 00fc B745B543 		.ascii	"\267E\265C\265\341\345\223\361\015{;\324\233!7A\260"
 4516      B5E1E593 
 4516      F10D7B3B 
 4516      D49B2137 
 4516      41B0
 4517 010e 7AC3A80A 		.ascii	"z\303\250\012\217\226y\250^6C\251>\352'p\251_\300\215"
 4517      8F9679A8 
 4517      5E3643A9 
 4517      3EEA2770 
 4517      A95FC08D 
 4518 0122 FC367215 		.ascii	"\3746r\025&Wk\344*\215\\\235\341\325\027\257\216r\325"
 4518      26576BE4 
 4518      2A8D5C9D 
 4518      E1D517AF 
 4518      8E72D5
 4519 0135 C5ABE25C 		.ascii	"\305\253\342\\\235rU\312U\346\325=` heD\231\356\030"
 4519      9D7255CA 
 4519      55E6D53D 
 4519      60206865 
 4519      4499EE18 
 4520 0149 65C67495 		.ascii	"e\306t\225\371\004\210\252^\365T<\232\234\0354\325O"
 4520      F90488AA 
 4520      5EF5543C 
 4520      9A9C1D34 
 4520      D54F
 4521 015b 0977E351 		.ascii	"\011w\343Q\223\215\222\226\240V\267\360\301\247\276"
 4521      938D9296 
 4521      A056B7F0 
 4521      C1A7BE
 4522 016a 18736A24 		.ascii	"\030sj$\2212\222\001\002a\264\234L\"q\362\247N\242\352"
 4522      91329201 
 4522      0261B49C 
 4522      4C2271F2 
 4522      A74EA2EA 
 4523 017e EAC59375 		.ascii	"\352\305\223u}C0\247\022\332\215J\027\276B\216\236\326"
 4523      7D4330A7 
 4523      12DA8D4A 
 4523      17BE428E 
 4523      9ED6
 4524 0190 FEE4E5C5 		.ascii	"\376\344\345\305\305z+\021\207\362\333\022\331\305\277"
 4524      C57A2B11 
 4524      87F2DB12 
 4524      D9C5BF
 4525 019f E21BF614 		.ascii	"\342\033\366\024\350MF\221\023`\221\242\332\322\357"
 4525      E84D4691 
 4525      136091A2 
 4525      DAD2EF
 4526 01ae C467C17C 		.ascii	"\304g\301|x\211\322\005\253\217$l\0050\001V=a\333\377"
 4526      7889D205 
 4526      AB8F246C 
 4526      05300156 
 4526      3D61DBFF 
 4527 01c2 7472AB0D 		.ascii	"tr\253\015k\012\335\355\222O\330\335\262]\276\216(\371"
 4527      6B0ADDED 
 4527      924FD8DD 
 4527      B25DBE8E 
ARM GAS  C:\Users\PUBLIC~1.LAP\AppData\Local\Temp\ccG3WIcm.s 			page 145


 4527      28F9
 4528 01d4 A62A4BD2 		.ascii	"\246*K\322\202Q\025\366uDf\311\347\342\013\"\355P\365"
 4528      825115F6 
 4528      754466C9 
 4528      E7E20B22 
 4528      ED50F5
 4529 01e7 562476A3 		.ascii	"V$v\243\336H\374d\256\300d\343NE\226Uo_\202\033\273"
 4529      DE48FC64 
 4529      AEC064E3 
 4529      4E459655 
 4529      6F5F821B 
 4530 01fc 75F0E803 		.ascii	"u\360\350\003\271\333\020\353N\324\204L\314\242\332"
 4530      B9DB10EB 
 4530      4ED4844C 
 4530      CCA2DA
 4531 020b CD273795 		.ascii	"\315'7\225\002\220\204\037\231\205\332N\204\001E%l>"
 4531      0290841F 
 4531      9985DA4E 
 4531      84014525 
 4531      6C3E
 4532 021d B9205181 		.ascii	"\271 Q\201\"\374\350\210|J\010\325b<;\262\331\206\330"
 4532      22FCE888 
 4532      7C4A08D5 
 4532      623C3BB2 
 4532      D986D8
 4533 0230 CE849986 		.ascii	"\316\204\231\206\330\214\303\254COl\250((\246\002w\273"
 4533      D88CC3AC 
 4533      434F6CA8 
 4533      2828A602 
 4533      77BB
 4534 0242 E180623A 		.ascii	"\341\200b:\\\354\307\306bH\005\256\007\302\314\203\355"
 4534      5CECC7C6 
 4534      624805AE 
 4534      07C2CC83 
 4534      ED
 4535 0253 C786A287 		.ascii	"\307\206\242\207\306\263#!w\013\032\242\271@Ad\023\362"
 4535      C6B32321 
 4535      770B1AA2 
 4535      B9404164 
 4535      13F2
 4536 0265 A9C964B4 		.ascii	"\251\311d\264\013\031@\250\312f(\234\036\367\364OO#"
 4536      0B1940A8 
 4536      CA66289C 
 4536      1EF7F44F 
 4536      4F23
 4537 0277 6CFB3A62 		.ascii	"l\373:b\015\303j\236f\334\245@\034\257@|\361\030D\""
 4537      0DC36A9E 
 4537      66DCA540 
 4537      1CAF407C 
 4537      F1184422 
 4538 028b 23D2F0FA 		.ascii	"#\322\360\372\370oK^G\234a\032\376\024\037\215\031>"
 4538      F86F4B5E 
 4538      479C611A 
 4538      FE141F8D 
 4538      193E
 4539 029d 938D7512 		.ascii	"\223\215u\022\203\325\232\025M\25010\251\024b\344\010"
 4539      83D59A15 
ARM GAS  C:\Users\PUBLIC~1.LAP\AppData\Local\Temp\ccG3WIcm.s 			page 146


 4539      4DA83130 
 4539      A91462E4 
 4539      08
 4540 02ae CD249116 		.ascii	"\315$\221\026$\311\001\220\002\031);\017\021@E\350\310"
 4540      24C90190 
 4540      0219293B 
 4540      0F114045 
 4540      E8C8
 4541 02c0 8214A6E6 		.ascii	"\202\024\246\346\325\343\3128\261\310[\373\263\227A"
 4541      D5E3CA38 
 4541      B1C85BFB 
 4541      B39741
 4542 02cf 4A66E7B0 		.ascii	"Jf\347\260\264W\343\013\210\037%\3424l\301)\2028rBw"
 4542      B457E30B 
 4542      881F25E2 
 4542      346CC129 
 4542      82387242 
 4543 02e4 6112E05B 		.ascii	"a\022\340[4:\302\"\214T\254\004\262\025\364\022d)'\237"
 4543      343AC222 
 4543      8C54AC04 
 4543      B215F412 
 4543      6429279F 
 4544 02f8 BE81DC3D 		.ascii	"\276\201\334=\262\207\321)X\010\022\354\223\214uV\215"
 4544      B287D129 
 4544      580812EC 
 4544      938C7556 
 4544      8D
 4545 0309 578A5CCA 		.ascii	"W\212\\\312\212R\220F\300c\350\345\230\232!\001\274"
 4545      8A529046 
 4545      C063E8E5 
 4545      989A2101 
 4545      BC
 4546 031a EA1D3D40 		.ascii	"\352\035=@\316\221h\334\005\310\012\353j\365,\323\215"
 4546      CE9168DC 
 4546      05C80AEB 
 4546      6AF52CD3 
 4546      8D
 4547 032b 4CD4C671 		.ascii	"L\324\306q0\244t\361\250U\014\271\321\242X\006\"f\230"
 4547      30A474F1 
 4547      A8550CB9 
 4547      D1A25806 
 4547      226698
 4548 033e 5F56CE55 		.ascii	"_V\316U\322\307\341\234X\310H75\241\353\215~T"
 4548      D2C7E19C 
 4548      58C84837 
 4548      35A1EB8D 
 4548      7E54
 4549              		.text
 4550              		.section	.gnu.lto_ald_usb_dev_ep_data_ack.65.840c018b,"e",%progbits
 4551 0000 28B52FFD 		.ascii	"(\265/\375`\260\001\225\020\000\206\237pF\340\322&\035"
 4551      60B00195 
 4551      1000869F 
 4551      7046E0D2 
 4551      261D
 4552 0012 4162F02E 		.ascii	"Ab\360.5D0#\240l\013\246\3761\377\026\016\210\341R\335"
 4552      35443023 
 4552      A06C0BA6 
ARM GAS  C:\Users\PUBLIC~1.LAP\AppData\Local\Temp\ccG3WIcm.s 			page 147


 4552      FE31FF16 
 4552      0E88E152 
 4553 0027 064ACB1D 		.ascii	"\006J\313\035\204j\351\265F\327\036\305\"\337*\263\314"
 4553      846AE9B5 
 4553      46D71EC5 
 4553      22DF2AB3 
 4553      CC
 4554 0038 C6589B06 		.ascii	"\306X\233\006\344_\002\364}\001-\264\351X.\340}\230"
 4554      E45F02F4 
 4554      7D012DB4 
 4554      E9582EE0 
 4554      7D98
 4555 004a 73D6F96D 		.ascii	"s\326\371mZM\366\2262\245X\000V\000X\000C\037\341\235"
 4555      5A4DF696 
 4555      32A55800 
 4555      56005800 
 4555      431FE19D 
 4556 005e 08C70076 		.ascii	"\010\307\000vm*V\354~'\216`z,\271\000\356\021~\204{"
 4556      6D2A56EC 
 4556      7E278E60 
 4556      7A2CB900 
 4556      EE117E84 
 4557 0073 B467DBF8 		.ascii	"\264g\333\370\007ag\344\340\341\261\273\235z\270\367"
 4557      076167E4 
 4557      E0E1B1BB 
 4557      9D7AB8F7 
 4558 0083 08353D3F 		.ascii	"\0105=?d\205@\322\022\255\226\363x\252\375\034\232~"
 4558      648540D2 
 4558      12AD96F3 
 4558      78AAFD1C 
 4558      9A7E
 4559 0095 AE016A3C 		.ascii	"\256\001j<\260dw_\364\314P\333\311\014Y\331]'\255\266"
 4559      B064775F 
 4559      F4CC50DB 
 4559      C90C59D9 
 4559      5D27ADB6 
 4560 00a9 E1E66EBB 		.ascii	"\341\346n\273\305\366\314~R8h;\216\362fN\257\007\322"
 4560      C5F6CC7E 
 4560      5238683B 
 4560      8EF2664E 
 4560      AF07D2
 4561 00bc 73D3C99B 		.ascii	"s\323\311\233IlJ\233>\354/'U\310>\\\015\262o\373O'\372"
 4561      496C4A9B 
 4561      3EEC2F27 
 4561      55C83E5C 
 4561      0DB26FFB 
 4562 00d3 394D474D 		.ascii	"9MGMCM_\204\004\206\014\011K\273\032\202\374\330\030"
 4562      434D5F84 
 4562      04860C09 
 4562      4BBB1A82 
 4562      FCD818
 4563 00e6 B18508DB 		.ascii	"\261\205\010\333\267o\344\331\"\266\211\322*\363EN\035"
 4563      B76FE4D9 
 4563      22B689D2 
 4563      2AF3454E 
 4563      1D
 4564 00f7 F06EC360 		.ascii	"\360n\303`\335\035\272Acz4q\261z\236\204\037;nwqP#\207"
ARM GAS  C:\Users\PUBLIC~1.LAP\AppData\Local\Temp\ccG3WIcm.s 			page 148


 4564      DD1DBA41 
 4564      637A3471 
 4564      B17A9E84 
 4564      1F3B6E77 
 4565 010f 9DBCD99E 		.ascii	"\235\274\331\236p\024&U\020FGy\363\221\220\2246\007"
 4565      70142655 
 4565      10464779 
 4565      F3919094 
 4565      3607
 4566 0121 8AE4496D 		.ascii	"\212\344Im\012\260<\315P\327\234:f\234\364\351\371v"
 4566      0AB03CCD 
 4566      50D79C3A 
 4566      669CF4E9 
 4566      F976
 4567 0133 1795B9BB 		.ascii	"\027\225\271\273\253*\344\343p\234\0168Q\203'{\370@"
 4567      AB2AE4E3 
 4567      709C0E38 
 4567      5183277B 
 4567      F840
 4568 0145 2CAE7685 		.ascii	",\256v\205\233\220\231v;\250\370%\376\325$\215\020\217"
 4568      9B909976 
 4568      3BA8F825 
 4568      FED5248D 
 4568      108F
 4569 0157 707D74EC 		.ascii	"p}t\354mn\303=>3\031K\006\332\300KJ\013\205\200\225"
 4569      6D6EC33D 
 4569      3E33194B 
 4569      06DAC04B 
 4569      4A0B8580 
 4570 016c 4219B981 		.ascii	"B\031\271\201y\271\320\2708\277\240\264d5.02\254N%\205"
 4570      79B9D0B8 
 4570      38BFA0B4 
 4570      64352E30 
 4570      32AC4E25 
 4571 0181 5231E852 		.ascii	"R1\350R\005T\013:U\003\225\003\226nv\343\352fb0X\354"
 4571      05540B3A 
 4571      55039503 
 4571      966E76E3 
 4571      EA666230 
 4572 0197 A593C5BA 		.ascii	"\245\223\305\272\326\313\302l&\306r\242z\360j\275bX"
 4572      D6CBC26C 
 4572      26C672A2 
 4572      7AF06ABD 
 4572      6258
 4573 01a9 562AA914 		.ascii	"V*\251\024\032\230k\266\272\020S\363\222qa\241P\253"
 4573      1A986BB6 
 4573      BA1053F3 
 4573      927161A1 
 4573      50AB
 4574 01bb 040A5ABE 		.ascii	"\004\012Z\276=\\\015r\211\216\352\370@/b\324\024\372"
 4574      3D5C0D72 
 4574      898EEAF8 
 4574      402F62D4 
 4574      14FA
 4575 01cd E1B41E00 		.ascii	"\341\264\036\0005\253\"\273\2102\241\361/0\036\234\304"
 4575      35AB22BB 
 4575      8832A1F1 
ARM GAS  C:\Users\PUBLIC~1.LAP\AppData\Local\Temp\ccG3WIcm.s 			page 149


 4575      2F301E9C 
 4575      C4
 4576 01de CA0B0741 		.ascii	"\312\013\007A\020\260\252x\243*\235\325\336H[Qa\374"
 4576      10B0AA78 
 4576      A32A9DD5 
 4576      DE485B51 
 4576      61FC
 4577 01f0 5A18F281 		.ascii	"Z\030\362\201\341X]\020j)\034)\353\255\325J\310\205"
 4577      E1585D10 
 4577      6A291C29 
 4577      EBADD54A 
 4577      C885
 4578 0202 5BF4ED4C 		.ascii	"[\364\355Lx\256a\346h\302\201\241f\217\273\371\251\211"
 4578      78AE61E6 
 4578      68C281A1 
 4578      668FBBF9 
 4578      A989
 4579 0214 4DDD37D4 		.ascii	"M\3357\324\344\355*e"
 4579      E4ED2A65 
 4580              		.text
 4581              		.section	.gnu.lto_ald_usb_dev_ep_stall.66.840c018b,"e",%progbits
 4582 0000 28B52FFD 		.ascii	"(\265/\375`\201\0025\023\000\266\242}I\320\360(\035"
 4582      60810235 
 4582      1300B6A2 
 4582      7D49D0F0 
 4582      281D
 4583 0012 DB68A35E 		.ascii	"\333h\243^g9\243j=\321\222\215\372)[+\202E\366\035\215"
 4583      6739A36A 
 4583      3DD1928D 
 4583      FA295B2B 
 4583      8245F61D 
 4584 0027 DA692D0A 		.ascii	"\332i-\012\001\014\275iA\032\276\010\300\373/\333Al"
 4584      010CBD69 
 4584      411ABE08 
 4584      C0FB2FDB 
 4584      416C
 4585 0039 4DD4B279 		.ascii	"M\324\262y\004:QS=\021\360\321~\253a\011\372\252\244"
 4585      043A5153 
 4585      3D11F0D1 
 4585      7EAB6109 
 4585      FAAAA4
 4586 004c 809C0AEB 		.ascii	"\200\234\012\353PB6\331R\312\024f\000`\000f\000\000"
 4586      504236D9 
 4586      52CA1466 
 4586      00600066 
 4586      0000
 4587 005e BA792E90 		.ascii	"\272y.\220\272{$\217\020\352\267R\220\251\237\324\217"
 4587      BA7B248F 
 4587      10EAB752 
 4587      90A99FD4 
 4587      8F
 4588 006f A9DF75BF 		.ascii	"\251\337u\277\015\355=h\032S78\272[d\020\252Sp~\222"
 4588      0DED3D68 
 4588      1A533738 
 4588      BA5B6410 
 4588      AA53707E 
 4589 0084 57770551 		.ascii	"Ww\005Q\0064\301\330\2154\012\316\320G?I\240\303\214"
ARM GAS  C:\Users\PUBLIC~1.LAP\AppData\Local\Temp\ccG3WIcm.s 			page 150


 4589      0634C1D8 
 4589      8D340ACE 
 4589      D0473F49 
 4589      A0C38C
 4590 0097 1E8F1183 		.ascii	"\036\217\021\203\004Y\002\272\241\032qV\006\030}\224"
 4590      045902BA 
 4590      A11A7156 
 4590      06187D94 
 4591 00a7 3DC61BB9 		.ascii	"=\306\033\271\352n-\322\3150\332\354\202(\335\375\335"
 4591      EA6E2DD2 
 4591      CD30DAEC 
 4591      8228DDFD 
 4591      DD
 4592 00b8 8D1AF4A1 		.ascii	"\215\032\364\241\376\267\375\307\375\313\023\255\363"
 4592      FEB7FDC7 
 4592      FDCB13AD 
 4592      F3
 4593 00c5 D43AA333 		.ascii	"\324:\2433S?u\332A\035\255\324C^\326\0359R5+\365\020"
 4593      533F75DA 
 4593      411DADD4 
 4593      435ED61D 
 4593      3952352B 
 4594 00db 1EA6DEA8 		.ascii	"\036\246\336\250\277G\263\034\364\253l\006\372\225\247"
 4594      BF47B31C 
 4594      F4AB6C06 
 4594      FA95A7
 4595 00ea AA5222D5 		.ascii	"\252R\"\325p\367\340\356\347\356\345\356y\367\353\021"
 4595      70F7E0EE 
 4595      E7EEE5EE 
 4595      79F7EB11 
 4596 00fa 52620936 		.ascii	"Rb\0116\325\2753\245\243\225\276\030C\377\365W#\335"
 4596      D5BD33A5 
 4596      A395BE18 
 4596      43FFF557 
 4596      23DD
 4597 010c AFFA4778 		.ascii	"\257\372GxE<'[\250\337\310\320KWQ\\M\350\011\235\022"
 4597      453C275B 
 4597      A8DFC8D0 
 4597      4B57515C 
 4597      4DE8099D 
 4598 0121 E51E514F 		.ascii	"\345\036QOHS\265?\005\332\352\356\314}U\310\265\347"
 4598      4853B53F 
 4598      05DAEAEE 
 4598      CC7D55C8 
 4598      B5E7
 4599 0133 5627A7D7 		.ascii	"V'\247\327\335\254\275\014\234\235\021_\25757U<\201"
 4599      DDACBD0C 
 4599      9C9D115F 
 4599      AF353755 
 4599      3C81
 4600 0145 933848C9 		.ascii	"\2238H\311-XHwPGJ*2\231%\257SN\217\315J\375\257\240"
 4600      2D584877 
 4600      50474A2A 
 4600      329925AF 
 4600      534E8FCD 
 4601 015d 2C42660E 		.ascii	",Bf\016a\244I>\333\3354\314A\327\334\014Y\300\212\246"
 4601      61A4493E 
ARM GAS  C:\Users\PUBLIC~1.LAP\AppData\Local\Temp\ccG3WIcm.s 			page 151


 4601      DBDD34CC 
 4601      41D7DC0C 
 4601      59C08AA6 
 4602 0171 9BCD71FD 		.ascii	"\233\315q\375\331\260\374\337T\005.\354\376prM\241\275"
 4602      D9B0FCDF 
 4602      54052EEC 
 4602      FE70724D 
 4602      A1BD
 4603 0183 0B5B4384 		.ascii	"\013[C\204~2\267\226\330\213\204\357\006TLd\254\003"
 4603      7E32B796 
 4603      D88B84EF 
 4603      06544C64 
 4603      AC03
 4604 0195 B156C987 		.ascii	"\261V\311\207\314\312\014fc\231W)\221\335p\260\225\227"
 4604      CCCA0C66 
 4604      63995729 
 4604      91DD70B0 
 4604      9597
 4605 01a7 9878D262 		.ascii	"\230x\322b\271\026\210\255\002.\005\242\213\201\253"
 4605      B91688AD 
 4605      022E05A2 
 4605      8B81AB
 4606 01b6 418A1823 		.ascii	"A\212\030#\303\"\302\324h\264\232\212x\253\211\262\231"
 4606      C322C2D4 
 4606      68B49A8A 
 4606      78AB89B2 
 4606      99
 4607 01c7 8518985A 		.ascii	"\205\030\230Z\012\211\313\301L6sIy\235\264Ll4\226\230"
 4607      0A89CBC1 
 4607      4C367349 
 4607      799DB44C 
 4607      6C349698 
 4608 01db D78C0B6E 		.ascii	"\327\214\013n\366\002\213\261X/\004\011 \310f\240U\015"
 4608      F6028BB1 
 4608      582F0409 
 4608      20C866A0 
 4608      550D
 4609 01ed D75C7F48 		.ascii	"\327\\\177H\200 #\255TdN\006Yw\264\350\213\351\201\251"
 4609      802023AD 
 4609      54644E06 
 4609      5977B4E8 
 4609      8BE981A9 
 4610 0201 55282E20 		.ascii	"U(. \240\002\021\271\273\001\325\253\"\037\342\371\023"
 4610      A00211B9 
 4610      BB01D5AB 
 4610      221FE2F9 
 4610      13
 4611 0212 83CAB08D 		.ascii	"\203\312\260\215Z\326M2\334\244\321\003\001\226!\211"
 4611      5AD64D32 
 4611      DCA4D103 
 4611      01962189 
 4612 0222 89DEB070 		.ascii	"\211\336\260p\350\012\306\0135\373m\334(\016\353]\255"
 4612      E80AC60B 
 4612      35FB6DDC 
 4612      280EEB5D 
 4612      AD
 4613 0233 68097349 		.ascii	"h\011sI\001'h\300jx\243's\252\305\025\374ZN]b\007\354"
ARM GAS  C:\Users\PUBLIC~1.LAP\AppData\Local\Temp\ccG3WIcm.s 			page 152


 4613      012768C0 
 4613      6A78A327 
 4613      73AAC515 
 4613      FC5A4E5D 
 4614 024a 7510E86A 		.ascii	"u\020\350j\345\276\374\266\257\370\327\263\310\302T"
 4614      E5BEFCB6 
 4614      AFF8D7B3 
 4614      C8C254
 4615 0259 3B5A291F 		.ascii	";Z)\037\203\301X\263\303\227,\0361]\204\217iC\234\336"
 4615      83C158B3 
 4615      C3972C1E 
 4615      315D848F 
 4615      69439CDE 
 4616 026d 5A5306   		.ascii	"ZS\006"
 4617              		.text
 4618              		.section	.gnu.lto_ald_usb_dev_ep_stall_clear.67.840c018b,"e",%progbits
 4619 0000 28B52FFD 		.ascii	"(\265/\375`\350\002-\024\000\366c\202J\300RN:/<h\245"
 4619      60E8022D 
 4619      1400F663 
 4619      824AC052 
 4619      4E3A2F3C 
 4620 0016 19980214 		.ascii	"\031\230\002\024\346\260B\271l\272\334u\216\327\241"
 4620      E6B042B9 
 4620      6CBADC75 
 4620      8ED7A1
 4621 0025 9EE61EF2 		.ascii	"\236\346\036\362\220y\210\201\233\221\026\032{\002\026"
 4621      90798881 
 4621      9B91161A 
 4621      7B0216
 4622 0034 7D02593E 		.ascii	"}\002Y>\227\334x\375\220\246+\361?e\010\242\300q\015"
 4622      97DC78FD 
 4622      90A62BF1 
 4622      3F6508A2 
 4622      C0710D
 4623 0047 C9A8D0A5 		.ascii	"\311\250\320\245p-\271\234tYK\310&DJ\231\002j\000d\000"
 4623      702DB99C 
 4623      74594BC8 
 4623      26444A99 
 4623      026A0064 
 4624 005c 6B003D3D 		.ascii	"k\000==\342\275\325\215\344\264\324\375S9\205QC\024"
 4624      E2BDD58D 
 4624      E4B4D4FD 
 4624      53398551 
 4624      4314
 4625 006e 3D991A82 		.ascii	"=\231\032\202j25|\357\377\241?\011\315\243\251GHw\223"
 4625      6A32357C 
 4625      EFFFA13F 
 4625      09CDA3A9 
 4625      47487793 
 4626 0082 7C427B2A 		.ascii	"|B{*\316\020\344\355]E\027\003R6|\245\216\212s\034\322"
 4626      CE10E4ED 
 4626      5D451703 
 4626      52367CA5 
 4626      8E8A731C 
 4627 0097 103C4022 		.ascii	"\020<@\"\207PI\271\001<\201\"\222\032)}\026t\225C\312"
 4627      875049B9 
 4627      013C8122 
ARM GAS  C:\Users\PUBLIC~1.LAP\AppData\Local\Temp\ccG3WIcm.s 			page 153


 4627      921A297D 
 4627      16749543 
 4628 00ac 25650F88 		.ascii	"%e\017\210\322\335\232\244\333\241\344\331\025]\272"
 4628      D2DD9AA4 
 4628      DBA1E4D9 
 4628      155DBA
 4629 00bb FBEB2B3D 		.ascii	"\373\353+=\350G\375\237\373\277\3737H!\330@T\2559\232"
 4629      E847FD9F 
 4629      FBBFFB37 
 4629      4821D840 
 4629      54AD399A 
 4630 00cf 3335D429 		.ascii	"35\324)_U\214\315\272\213\227\025\353'kg\263>\000GT"
 4630      5F558CCD 
 4630      BA8B9715 
 4630      EB276B67 
 4630      B33E0047 
 4631 00e4 AFD5FFD3 		.ascii	"\257\325\377\323Y.\372\025l&\372\025I\225D\217T]\273"
 4631      592EFA15 
 4631      6C26FA15 
 4631      4995448F 
 4631      545DBB
 4632 00f7 6FED7EDC 		.ascii	"o\355~\334\275\270\373\271{p\367\274\373\015@@\010\212"
 4632      BDB8FBB9 
 4632      7B70F7BC 
 4632      FB0D4040 
 4632      088A
 4633 0109 E6A93BA8 		.ascii	"\346\251;\250\010\221\336\0212\251\370\257\277*\365"
 4633      0891DE11 
 4633      32A9F8AF 
 4633      BF2AF5
 4634 0118 FE913F05 		.ascii	"\376\221?\005D\022\322Un\3240\205\203LW]\\Yh\213Zc^"
 4634      4412D255 
 4634      6ED43085 
 4634      834C575D 
 4634      5C59688B 
 4635 012f 45B51A59 		.ascii	"E\265\032YQ-M\000\373\333.\254\372\316\334'q\361\355"
 4635      512D4D00 
 4635      FBDB2EAC 
 4635      FACEDC27 
 4635      71F1ED
 4636 0142 BC05FAF9 		.ascii	"\274\005\372\371u\367k\177\303'hE\370k\345M\022\246"
 4636      75F76B7F 
 4636      C3276845 
 4636      F86BE54D 
 4636      12A6
 4637 0154 61272020 		.ascii	"a'  \3104\330H}UW\212\233\314 \357\324O\010\236\315"
 4637      C834D848 
 4637      7D55578A 
 4637      9BCC20EF 
 4637      D44F089E 
 4638 0169 FA8F4167 		.ascii	"\372\217Ag\214\314\214BI\235\236\266\273u\230\213\256"
 4638      8CCC8C42 
 4638      499D9EB6 
 4638      BB75988B 
 4638      AE
 4639 017a BCE96201 		.ascii	"\274\351b\0012|\364\354\220\253\010\035\313\277Na\354"
 4639      327CF4EC 
ARM GAS  C:\Users\PUBLIC~1.LAP\AppData\Local\Temp\ccG3WIcm.s 			page 154


 4639      90AB081D 
 4639      CBBF4E61 
 4639      EC
 4640 018b C66E132D 		.ascii	"\306n\023-\327\027\372\323\260=Rh:\013\263\232\012\341"
 4640      D717FAD3 
 4640      B03D5268 
 4640      3A0BB39A 
 4640      0AE1
 4641 019d 13C4B0D0 		.ascii	"\023\304\260\320^\012f\260\025\023\034\031\033L\256"
 4641      5E0A66B0 
 4641      15131C19 
 4641      1B4CAE
 4642 01ac 361FB342 		.ascii	"6\037\263B\323\355`djfd\013\354\025s@\302\020\304\032"
 4642      D3ED6064 
 4642      6A66640B 
 4642      EC157340 
 4642      C210C41A 
 4643 01c0 90B10731 		.ascii	"\220\261\0071\010/\344\015N\215\264\301\335n\270\030"
 4643      082FE40D 
 4643      4E8DB4C1 
 4643      DD6EB818 
 4644 01d0 52872369 		.ascii	"R\207#i\266\01476\270\027\225X\004\033\3156\363\"k\201"
 4644      B60C3736 
 4644      B8179558 
 4644      041BCD36 
 4644      F3226B81 
 4645 01e4 B1E46EB5 		.ascii	"\261\344n\265\033Y\316\314\316V\0033{\275d\013\030L"
 4645      1B59CECC 
 4645      CE560333 
 4645      7BBD640B 
 4645      184C
 4646 01f6 009B8950 		.ascii	"\000\233\211Pvx\347:\342\203\330jj-0Gn\0111\215X\"/"
 4646      7678E73A 
 4646      E283D86A 
 4646      6A2D3047 
 4646      6E09318D 
 4647 020d 9550DC9C 		.ascii	"\225P\334\234,\262b\325\0025 \260\002\0219\243\007E"
 4647      2CB262D5 
 4647      023520B0 
 4647      021139A3 
 4647      0745
 4648 021f AB223B44 		.ascii	"\253\";D#&\376\247\341\012\322r\206H\346\\\344\353>"
 4648      2326FEA7 
 4648      E10AD272 
 4648      8648E65C 
 4648      E4EB3E
 4649 0232 9BDD9781 		.ascii	"\233\335\227\201J\030xY%X\005\354\333}\007\364\206\205"
 4649      4A187859 
 4649      255805EC 
 4649      DB7D07F4 
 4649      8685
 4650 0244 43AE6086 		.ascii	"C\256`\206P\223\337\206F\357\260\354\272\025-`\016)"
 4650      5093DF86 
 4650      46EFB0EC 
 4650      BA152D60 
 4650      0E29
 4651 0256 E0040D58 		.ascii	"\340\004\015X\015o\364t-\332[\221\013\353\324e\355\200"
ARM GAS  C:\Users\PUBLIC~1.LAP\AppData\Local\Temp\ccG3WIcm.s 			page 155


 4651      0D6FF474 
 4651      2DDA5B91 
 4651      0BEBD465 
 4651      ED80
 4652 0268 590743AF 		.ascii	"Y\007C\257V\326\227\200\333\327\264\353\271\221\225"
 4652      56D69780 
 4652      DBD7B4EB 
 4652      B99195
 4653 0277 2D765839 		.ascii	"-vX9_\203\301\200\263\203\227,\0321]\204\217iC\234\336"
 4653      5F83C180 
 4653      B383972C 
 4653      1A315D84 
 4653      8F69439C 
 4654 028c DA5E06   		.ascii	"\332^\006"
 4655              		.text
 4656              		.section	.gnu.lto_ald_usb_dev_ep_status_clear.68.840c018b,"e",%progbits
 4657 0000 28B52FFD 		.ascii	"(\265/\375`\221\0025\024\000\226e\205J\320\360(\035"
 4657      60910235 
 4657      14009665 
 4657      854AD0F0 
 4657      281D
 4658 0012 95486D0D 		.ascii	"\225Hm\015\233O0\223\200^l\323\037\222\337\037\026."
 4658      9B4F3093 
 4658      805E6CD3 
 4658      1F92DF1F 
 4658      162E
 4659 0024 530FBC45 		.ascii	"S\017\274EX\223\342Q\204\033\225\344\227QX\275\177\305"
 4659      5893E251 
 4659      841B95E4 
 4659      975158BD 
 4659      7FC5
 4660 0036 0E31144D 		.ascii	"\0161\024M\255z-\373\354\244~\300B\216\367\032\013\253"
 4660      AD7A2DFB 
 4660      ECA47EC0 
 4660      428EF71A 
 4660      0BAB
 4661 0048 70A388A3 		.ascii	"p\243\210\243\231\012\271{k%\237l\"\245L\001m\000e\000"
 4661      990AB97B 
 4661      6B259F6C 
 4661      22A54C01 
 4661      6D006500 
 4662 005c 700045BD 		.ascii	"p\000E\275\237\365\2170\021\015A\315\220:Gb\320t5\304"
 4662      9FF58F30 
 4662      110D41CD 
 4662      903A4762 
 4662      D07435C4 
 4663 0070 354841F4 		.ascii	"5HA\364T\350\346\252\356\241#\026\335\302\222; u\212"
 4663      54E8E6AA 
 4663      EEA12316 
 4663      DDC2923B 
 4663      20758A
 4664 0083 E8C7A853 		.ascii	"\350\307\250ST\217Q\347{\277\015\0252h\031J:8\272\273"
 4664      548F51E7 
 4664      7BBF0D15 
 4664      3268194A 
 4664      3A38BABB 
 4665 0097 E40DDAD3 		.ascii	"\344\015\332\323)\362\366\256\251\024\222\245\031\300"
ARM GAS  C:\Users\PUBLIC~1.LAP\AppData\Local\Temp\ccG3WIcm.s 			page 156


 4665      29F2F6AE 
 4665      A91492A5 
 4665      19C0
 4666 00a5 208ECE55 		.ascii	" \216\316U\220GE\222G\331\025\324\021E\272[\211t+\004"
 4666      90474592 
 4666      47D915D4 
 4666      1145BA5B 
 4666      89742B04 
 4667 00b9 73765329 		.ascii	"svS)\335\375\005\006/\350G\375\277\362\237\367oQd\267"
 4667      DDFD0506 
 4667      2FE847FD 
 4667      BFF29FF7 
 4667      6F5164B7 
 4668 00cd 0694AB08 		.ascii	"\006\224\253\010\025\362\226\206\007\235b\3570\265\326"
 4668      15F29686 
 4668      079D62EF 
 4668      30B5D6
 4669 00dc 68CDA853 		.ascii	"h\315\250S\225\200M$v\370\027/k\324o\350\333\341A\202"
 4669      95804D24 
 4669      76F8172F 
 4669      6BD46FE8 
 4669      DBE14182 
 4670 00f0 927A9F7E 		.ascii	"\222z\237~!\3162\320\257b\363\317\257C\2520\025R}\355"
 4670      21CE32D0 
 4670      AF62F3CF 
 4670      AF43AA30 
 4670      15527DED 
 4671 0104 DEB5FB8E 		.ascii	"\336\265\373\216\335\267v\317\342\375j\367\252\335\223"
 4671      DDB776CF 
 4671      E2FD6AF7 
 4671      AADD93
 4672 0113 BB4FED7E 		.ascii	"\273O\355~\334\375\334\275\270\373\375\000y\202\221"
 4672      DCFDDCBD 
 4672      B8FBFD00 
 4672      798291
 4673 0122 43EAB690 		.ascii	"C\352\266\220\003\252_\314\026\037\376\353\257\001\334"
 4673      03AA5FCC 
 4673      161FFEEB 
 4673      AF01DC
 4674 0131 6009C56F 		.ascii	"`\011\305o\010@\1774\302x\305\212a\311\210\3020\347"
 4674      08407F34 
 4674      C278C58A 
 4674      61C988C2 
 4674      30E7
 4675 0143 A62A5437 		.ascii	"\246*T7HN\301\034\024\330\224b\221I^\245\221S\314&~"
 4675      484EC11C 
 4675      14D89462 
 4675      91495EA5 
 4675      9153CC26 
 4676 0158 3D241A32 		.ascii	"=$\0322N\036Y\177\031rvx\030O\236.\376\027=A2w(\322"
 4676      4E1E597F 
 4676      19727678 
 4676      184F9E2E 
 4676      FE173D41 
 4677 0170 23A4A4C6 		.ascii	"#\244\244\306\021Y\013\343\037Bn\025x\221\373/\326\375"
 4677      11590BE3 
 4677      1F426E15 
ARM GAS  C:\Users\PUBLIC~1.LAP\AppData\Local\Temp\ccG3WIcm.s 			page 157


 4677      7891FB2F 
 4677      D6FD
 4678 0182 66777EC2 		.ascii	"fw~\302\356\216\355vw3\003]o\306\027\007(QCg\235\256"
 4678      EE8EED76 
 4678      7733035D 
 4678      6FC61707 
 4678      28514367 
 4679 0198 3E44CB7F 		.ascii	">D\313\177\004\035\261\013\273\227Z\314\203\371\001"
 4679      041DB10B 
 4679      BB975ACC 
 4679      83F901
 4680 01a7 2D27B618 		.ascii	"-'\266\030\201\232\314\304\303\306\005\3072s\033\337"
 4680      819ACCC4 
 4680      C3C605C7 
 4680      32731BDF 
 4681 01b7 6262DBF1 		.ascii	"bb\333\361X\\bj%\212,6CP\312\004\314\016\224\263\004"
 4681      585C626A 
 4681      258A2C36 
 4681      4350CA04 
 4681      CC0E94B3 
 4682 01cc 33052A25 		.ascii	"3\005*%\215\315\255\224\321\345r\272\226r\247+m8\011"
 4682      8DCDAD94 
 4682      D1E572BA 
 4682      9672A72B 
 4682      6D3809
 4683 01df 34323A95 		.ascii	"42:\225\222\331\002\234\015\007\243BC\221\235\314\344"
 4683      92D9029C 
 4683      0D07A342 
 4683      43919DCC 
 4683      E4
 4684 01f0 6E34B409 		.ascii	"n4\264\0110<\\\014K-\026\243\0250\260\"l\025\233\177"
 4684      303C5C0C 
 4684      4B2D16A3 
 4684      1530B022 
 4684      6C159B7F 
 4685 0204 447CECBB 		.ascii	"D|\354\273\3728M\027\033u\260\212]\254Q-\356`\375\365"
 4685      FA384D17 
 4685      1B75B08A 
 4685      5DAC512D 
 4685      EE60FDF5 
 4686 0218 F85668C8 		.ascii	"\370Vh\310\310\342\326\212Y\001. p\202\2211\333\003"
 4686      C8E2D68A 
 4686      59012E20 
 4686      70829131 
 4686      DB03
 4687 022a 65559123 		.ascii	"eU\221#\3428\264,\003w\361bfJ\246\202\264\326\201\310"
 4687      E238B42C 
 4687      0377F162 
 4687      664AA682 
 4687      B4D681C8 
 4688 023e 0CE3EEF0 		.ascii	"\014\343\356\360\331`2\323\3217\026\327H\257 d\340K"
 4688      D96032D3 
 4688      D13716D7 
 4688      48AF2064 
 4688      E04B
 4689 0250 2B109939 		.ascii	"+\020\2319\306\220C\303r\036\336\017\014\351\240\212"
 4689      C69043C3 
ARM GAS  C:\Users\PUBLIC~1.LAP\AppData\Local\Temp\ccG3WIcm.s 			page 158


 4689      721EDE0F 
 4689      0CE9A08A 
 4690 0260 73B698B2 		.ascii	"s\266\230\262\206\240o\030\336\205a\243p\271\010\011"
 4690      86A06F18 
 4690      DE8561A3 
 4690      70B90809 
 4691 0270 A8FCAE05 		.ascii	"\250\374\256\005\326\027n\366\031\303^\3738\006a\276"
 4691      D6176EF6 
 4691      19C35EFB 
 4691      380661BE 
 4692 0280 0683D1B3 		.ascii	"\006\203\321\263G7?'\266\3347\350\344\355\302e"
 4692      47373F27 
 4692      B6DC37E8 
 4692      E4EDC265 
 4693              		.text
 4694              		.section	.gnu.lto_ald_usb_host_addr_get.69.840c018b,"e",%progbits
 4695 0000 28B52FFD 		.ascii	"(\265/\375`\347\000\215\014\000\346\326VD\020q\224\016"
 4695      60E7008D 
 4695      0C00E6D6 
 4695      56441071 
 4695      940E
 4696 0012 ADB1F02C 		.ascii	"\255\261\360,\234\316(\002\365\207\004 \002\301\361"
 4696      9CCE2802 
 4696      F5870420 
 4696      02C1F1
 4697 0021 1E80A5CF 		.ascii	"\036\200\245\317\231\0005HrP\267\320\365\330\337\177"
 4697      99003548 
 4697      7250B7D0 
 4697      F5D8DF7F 
 4698 0031 338BD702 		.ascii	"3\213\327\002\341cCB=\217\236\343\251i).+\220H\253\251"
 4698      E1634342 
 4698      3D8F9EE3 
 4698      A969292E 
 4698      2B9048AB 
 4699 0046 2E60C2D1 		.ascii	".`\302\321\3474H#\233l\231R?\000@\000D\000,vC\021G\310"
 4699      E7344823 
 4699      9B6C9952 
 4699      3F004000 
 4699      44002C76 
 4700 005e 2E6DFB24 		.ascii	".m\373$^B\305(\006\02721!T\240\320\261\033N\220\013"
 4700      5E42C528 
 4700      06173231 
 4700      2154A0D0 
 4700      B11B4E90 
 4701 0073 C02EAF6B 		.ascii	"\300.\257k\260\313\010\342\250+\312\277\313\257\025"
 4701      B0CB08E2 
 4701      A82BCABF 
 4701      CBAF15
 4702 0082 6B858A65 		.ascii	"k\205\212e\345\232)\331]\253\212e\303\035o\233\200m"
 4702      E59A29D9 
 4702      5DAB8A65 
 4702      C31D6F9B 
 4702      806D
 4703 0094 93FD92AD 		.ascii	"\223\375\222\255\224\266|\016/3VYv\270\242\361\203\375"
 4703      94B67C0E 
 4703      2F335659 
 4703      76B8A2F1 
ARM GAS  C:\Users\PUBLIC~1.LAP\AppData\Local\Temp\ccG3WIcm.s 			page 159


 4703      83FD
 4704 00a6 6BA307DB 		.ascii	"k\243\007\333j\354\253?\252ZU\375\314\200\0272N9v5\364"
 4704      6AECAB3F 
 4704      AA5A55FD 
 4704      CC801732 
 4704      4E397635 
 4705 00bb D8B13164 		.ascii	"\330\2611d\213\021\266Ul\000vH\212\026\326(\273\014"
 4705      8B11B655 
 4705      6C007648 
 4705      8A16D628 
 4705      BB0C
 4706 00cd 71E9AC5F 		.ascii	"q\351\254_\241\374\261\333\002#\247\023\023\010\352"
 4706      A1FCB1DB 
 4706      0223A713 
 4706      1308EA
 4707 00dc 789AD621 		.ascii	"x\232\326!H\000!\334\033\213 \251\230\262F,\336\246"
 4707      480021DC 
 4707      1B8B20A9 
 4707      98B2462C 
 4707      DEA6
 4708 00ee F0984C63 		.ascii	"\360\230Lc\200\032&`\\<\332\244\2370e\273\0356\376\313"
 4708      801A2660 
 4708      5C3CDAA4 
 4708      9F3065BB 
 4708      1D36FECB 
 4709 0102 430B4A43 		.ascii	"C\013JC\304\345\265\031n\254\177\302.oC\205\003F[\216"
 4709      C4E5B519 
 4709      6EAC7FC2 
 4709      2E6F4385 
 4709      03465B8E 
 4710 0116 F1F13C30 		.ascii	"\361\361<0\004\244\011\036H\202\264\001\017\311\247"
 4710      04A4091E 
 4710      4882B401 
 4710      0FC9A7
 4711 0125 1DF0B611 		.ascii	"\035\360\266\021M\212\011\330\031}0{F>\222\251c\002"
 4711      4D8A09D8 
 4711      197D307B 
 4711      463E92A9 
 4711      6302
 4712 0137 F2E666D3 		.ascii	"\362\346f\323\270\005s+\300)\230\\\003\316\001g\226"
 4712      B805732B 
 4712      C029985C 
 4712      03CE0167 
 4712      96
 4713 0148 523E1345 		.ascii	"R>\023E\024\012\211<\223$\232\037X\241\204\"\342\210"
 4713      140A893C 
 4713      93249A1F 
 4713      58A18422 
 4713      E288
 4714 015a 700FC00F 		.ascii	"p\017\300\017<\341t\233\215d\024\372\224\272\024\000"
 4714      3CE1749B 
 4714      8D6414FA 
 4714      94BA1400 
 4715 016a 35AB22BB 		.ascii	"5\253\"\273\2102\003\302\260\"\273\277\015\203>\305"
 4715      883203C2 
 4715      B022BBBF 
 4715      0D833EC5 
ARM GAS  C:\Users\PUBLIC~1.LAP\AppData\Local\Temp\ccG3WIcm.s 			page 160


 4716 017a 195409A1 		.ascii	"\031T\011\241\211K\010K\233\340M\271\3175\0346\213R"
 4716      894B084B 
 4716      9BE04DB9 
 4716      CF351C36 
 4716      8B52
 4717 018c 31210223 		.ascii	"1!\002#`\\\241\306\371\237\011M\355|\002"
 4717      605CA1C6 
 4717      F99F094D 
 4717      ED7C02
 4718              		.text
 4719              		.section	.gnu.lto_ald_usb_host_addr_set.70.840c018b,"e",%progbits
 4720 0000 28B52FFD 		.ascii	"(\265/\375`\023\001-\015\000\306\227ZE\360\222(\035"
 4720      6013012D 
 4720      0D00C697 
 4720      5A45F092 
 4720      281D
 4721 0012 A5784372 		.ascii	"\245xCr\214\225\365\0340-\017Kt\2569\216a\306S\256\""
 4721      8C95F51C 
 4721      302D0F4B 
 4721      74AE398E 
 4721      61C653AE 
 4722 0027 F904788D 		.ascii	"\371\004x\215qM\025I\225\367M\331\327\347\320h\3372"
 4722      714D1549 
 4722      95F74DD9 
 4722      D7E7D068 
 4722      DF32
 4723 0039 9CD681FA 		.ascii	"\234\326\201\372u\031\347\261\013\346\004q+\311qq\335"
 4723      7519E7B1 
 4723      0BE60471 
 4723      2BC97171 
 4723      DD
 4724 004a 718E8144 		.ascii	"q\216\201D\220M\266L)B\000D\000F\000\254\277\2408\300"
 4724      904DB64C 
 4724      29420044 
 4724      004600AC 
 4724      BFA038C0 
 4725 005e EE0B868C 		.ascii	"\356\013\206\214]\230\210-l\227 '\240]f\337h\227f\331"
 4725      5D98882D 
 4725      6C972027 
 4725      A05D66DF 
 4725      689766D9 
 4726 0072 390EA3B0 		.ascii	"9\016\243\26024\\\370\330\335\031M\234ue\371g\361\003"
 4726      32345CF8 
 4726      D8DD194D 
 4726      9C7565F9 
 4726      67F103
 4727 0085 34315C2B 		.ascii	"41\\+)W\000\015v\327\352Za\271\343m#\260\275\301\376"
 4727      2957000D 
 4727      76D7EA5A 
 4727      61B9E36D 
 4727      23B0BDC1 
 4728 009a 281A7381 		.ascii	"(\032s\201\231\033\25336,Ec\011\373\331F\027\373\257"
 4728      991BAB33 
 4728      362C4563 
 4728      09FBD946 
 4728      17FBAF
 4729 00ad 5FFBCB1F 		.ascii	"_\373\313\037U\255\252\376f@\204\015\0162\273 jh\266"
ARM GAS  C:\Users\PUBLIC~1.LAP\AppData\Local\Temp\ccG3WIcm.s 			page 161


 4729      55ADAAFE 
 4729      6640840D 
 4729      0E32BB20 
 4729      6A68B6
 4730 00c0 869C81C2 		.ascii	"\206\234\201\302\366\005\330!-+P\262\001\253\022\363"
 4730      F605D821 
 4730      2D2B50B2 
 4730      01AB12F3 
 4731 00d0 41C5F2DA 		.ascii	"A\305\362\332q\332.C:|W\373)\256\"\253\221*$y@\216\373"
 4731      71DA2E43 
 4731      3A7C57FB 
 4731      29AE22AB 
 4731      912A2479 
 4732 00e7 1838A800 		.ascii	"\0308\250\000\333g\033]\014\322\212-\277%\204F;\303"
 4732      DB671B5D 
 4732      0CD28A2D 
 4732      BF258446 
 4732      3BC3
 4733 00f9 5F68513F 		.ascii	"_hQ?\242\346\321F=F\265\355\222\340\370-\016\243Aq\234"
 4733      A2E6D146 
 4733      3D46B5ED 
 4733      92E0F82D 
 4733      0EA34171 
 4734 010e B8CCD603 		.ascii	"\270\314\326\003\217\375\352+\355\362:\\=`4\346\030"
 4734      8FFDEA2B 
 4734      EDF23A5C 
 4734      3D6034E6 
 4734      18
 4735 011f 1FFF4325 		.ascii	"\037\377C%\326\012(\014 \351\2024\011\205\300\314\012"
 4735      D60A280C 
 4735      20E98234 
 4735      0985C0CC 
 4735      0A
 4736 0130 40241F6E 		.ascii	"@$\037n\001\330\215lNB\241\347$\322\014\032\371\240"
 4736      01D88D6C 
 4736      4E42A1E7 
 4736      24D20C1A 
 4736      F9A0
 4737 0142 549E1009 		.ascii	"T\236\020\011\234\234\216\363 \314.\201\367`z\021<\011"
 4737      9C9C8EF3 
 4737      20CC2E81 
 4737      F7607A11 
 4737      3C09
 4738 0154 9D993A11 		.ascii	"\235\231:\021\315\022S\251d\002M\224i~B\223T\211\251"
 4738      CD1253A9 
 4738      64024D94 
 4738      697E4293 
 4738      5489A9
 4739 0167 23E24D08 		.ascii	"#\342M\010?\341\250\363q:\222SI\224\372\002\027\000"
 4739      3FE1A8F3 
 4739      713A9253 
 4739      4994FA02 
 4739      1700
 4740 0179 35AB22BB 		.ascii	"5\253\"\273\2102\241Q\034\030\027\007\\\266U\002\260"
 4740      8832A151 
 4740      1C181707 
 4740      5CB65502 
ARM GAS  C:\Users\PUBLIC~1.LAP\AppData\Local\Temp\ccG3WIcm.s 			page 162


 4740      B0
 4741 018a C712352A 		.ascii	"\307\0225*q\354`\015\255j\354s\015\027\325B\301\303"
 4741      71EC600D 
 4741      AD6AEC73 
 4741      0D17D542 
 4741      C1C3
 4742 019c 78C04430 		.ascii	"x\300D0\002\302\001\303\300\020\027j\212\270\303\235"
 4742      02C201C3 
 4742      C010176A 
 4742      8AB8C39D 
 4743 01ac 769201   		.ascii	"v\222\001"
 4744              		.text
 4745              		.section	.gnu.lto_ald_usb_host_ep_config.71.840c018b,"e",%progbits
 4746 0000 28B52FFD 		.ascii	"(\265/\375`Y\002\235\023\000\246\343\201J\300\224Q:"
 4746      6059029D 
 4746      1300A6E3 
 4746      814AC094 
 4746      513A
 4747 0012 79F7C7C0 		.ascii	"y\367\307\300?\2714\361gt\030\010\"$\016I\221\011,h"
 4747      3FB934F1 
 4747      67741808 
 4747      22240E49 
 4747      91092C68 
 4748 0026 0308CD47 		.ascii	"\003\010\315Ga\222\023T\231A\376i\0247\002\275\374\366"
 4748      61921354 
 4748      9941FE69 
 4748      143702BD 
 4748      FCF6
 4749 0038 534F977F 		.ascii	"SO\227\177\315\002\221\266]\367V\027\207\014\217\261"
 4749      CD0291B6 
 4749      5DF75617 
 4749      870C8FB1 
 4750 0048 D2D355B0 		.ascii	"\322\323U\260&\031\220\231\352\037\261d\223\275S\012"
 4750      26199099 
 4750      EA1FB164 
 4750      93BD530A 
 4751 0058 68006900 		.ascii	"h\000i\000g\000E<4A,\204\232t(^\237_\341\2538\220\357"
 4751      6700453C 
 4751      34412C84 
 4751      9A74285E 
 4751      9F5FE1AB 
 4752 006f 413D9FEC 		.ascii	"A=\237\354\012\325\260\261[\252\230\302\370\272\372"
 4752      0AD5B0B1 
 4752      5BAA98C2 
 4752      F8BAFA
 4753 007e 00F1357C 		.ascii	"\000\3615|\212\370j\237M\344\245\204\015\302d\204dw"
 4753      8AF86A9F 
 4753      4DE4A584 
 4753      0DC26484 
 4753      6477
 4754 0090 495AE2BE 		.ascii	"IZ\342\276\327\220N\237\217r\011\213> \001\2037\257"
 4754      D7904E9F 
 4754      8F72098B 
 4754      3E200183 
 4754      37AF
 4755 00a2 63CFC354 		.ascii	"c\317\303T\260\3474@0'\\\355\356\217>;\004q\346D\271"
 4755      B0E73440 
ARM GAS  C:\Users\PUBLIC~1.LAP\AppData\Local\Temp\ccG3WIcm.s 			page 163


 4755      30275CED 
 4755      EE8F3E3B 
 4755      0471E644 
 4756 00b7 ECAE2730 		.ascii	"\354\256'0\030\342\026o\333e\333\203=q\001=\361FO \342"
 4756      18E2166F 
 4756      DB65DB83 
 4756      3D71013D 
 4756      F1464F20 
 4757 00cc 3795B8C0 		.ascii	"7\225\270\300\320\322N%v\2113)\011\373\341\322\037\373"
 4757      D0D24E25 
 4757      76893329 
 4757      09FBE1D2 
 4757      1FFB
 4758 00de 42BFEA43 		.ascii	"B\277\352C\177\352D\377\311\313\177|\320_\347\364\234"
 4758      7FEA44FF 
 4758      C9CB7F7C 
 4758      D05FE7F4 
 4758      9C
 4759 00ef D30730DB 		.ascii	"\323\0070\333\241\324;\262\313\323d\311\376\2507R\330"
 4759      A1D43BB2 
 4759      CBD364C9 
 4759      FEA83752 
 4759      D8
 4760 0100 BEFD173E 		.ascii	"\276\375\027>\325\212\351e\377\310\2507\336\200\020"
 4760      D58AE965 
 4760      FFC8A837 
 4760      DE8010
 4761 010f B0A129C9 		.ascii	"\260\241)\311i\2674\360\352s\030_\355\225R\021\021\217"
 4761      69B734F0 
 4761      EA73185F 
 4761      ED955211 
 4761      118F
 4762 0121 E3E47051 		.ascii	"\343\344pQ\002i\200\321b\250\027\242\254NK\033V\325"
 4762      026980D1 
 4762      62A817A2 
 4762      AC4E4B1B 
 4762      56D5
 4763 0133 3CA1234D 		.ascii	"<\241#MQ\025\265en\363@\243\350\272R\347\334\233;:\345"
 4763      5115B565 
 4763      6EF340A3 
 4763      E8BA52E7 
 4763      DC9B3B3A 
 4764 0148 EEB2E686 		.ascii	"\356\262\346\206O\3621\251}\3414\250\011\232\242\223"
 4764      4FF231A9 
 4764      7DE134A8 
 4764      099AA293 
 4765 0158 D2A41E73 		.ascii	"\322\244\036swo\250_)\201\242!93\211\357\203tj\357>"
 4765      776FA85F 
 4765      2981A221 
 4765      393389EF 
 4765      83746AEF 
 4766 016d 6366DC1D 		.ascii	"cf\334\035\321\342\307\270\214\014S\310\211\327pw\234"
 4766      D1E2C7B8 
 4766      8C0C53C8 
 4766      89D77077 
 4766      9C
 4767 017e F636A28D 		.ascii	"\3666\242\215\370\372\"@#D\363\311\225\236\236\211\316"
ARM GAS  C:\Users\PUBLIC~1.LAP\AppData\Local\Temp\ccG3WIcm.s 			page 164


 4767      F8FA2240 
 4767      2344F3C9 
 4767      959E9E89 
 4767      CE
 4768 018f D36F3EF9 		.ascii	"\323o>\371>8\036\272\033\217\356,\304l\025\252\216\006"
 4768      3E381EBA 
 4768      1B8FEE2C 
 4768      C46C15AA 
 4768      8E06
 4769 01a1 E385B618 		.ascii	"\343\205\266\030\015L&\206C\325\304n0]5\202\031\213"
 4769      0D4C2686 
 4769      43D5C46E 
 4769      305D3582 
 4769      198B
 4770 01b3 8CA520D6 		.ascii	"\214\245 \326ZI\251\201\251\301t4\321\263\025\331n\006"
 4770      5A49A981 
 4770      A9C17434 
 4770      D1B315D9 
 4770      6E06
 4771 01c5 06638B91 		.ascii	"\006c\213\221--\226\313\001\331:\340j@\272\036\270 "
 4771      2D2D96CB 
 4771      01D93AE0 
 4771      6A40BA1E 
 4771      B820
 4772 01d7 BC90BC1A 		.ascii	"\274\220\274\032\032\211\313\335n\271\031\271\313\221"
 4772      1A89CBDD 
 4772      6EB919B9 
 4772      CB91
 4773 01e5 B21A061E 		.ascii	"\262\032\006\036.\367\242\342\212P\223\325b^^--\026"
 4773      2EF7A2E2 
 4773      8A5093D5 
 4773      625E5E2D 
 4773      2D16
 4774 01f7 DD8DC67B 		.ascii	"\335\215\306{\331\304\314\324l\260\030\213\365Z\300"
 4774      D9C4CCD4 
 4774      6CB0188B 
 4774      F55AC0
 4775 0206 6042F97B 		.ascii	"`B\371{\270\364g\365\243?\243\000\321\0213 \000\003"
 4775      B8F467F5 
 4775      A33FA300 
 4775      D1113320 
 4775      0003
 4776 0218 19A9F2E5 		.ascii	"\031\251\362\345\253\"\347\210\343\320\337\005\346."
 4776      AB22E788 
 4776      E3D0DF05 
 4776      E62E
 4777 0226 960763F9 		.ascii	"\226\007c\3715\216-\252\330\244\342^\233\034A\231!?"
 4777      358E2DAA 
 4777      D8A4E25E 
 4777      9B1C4199 
 4777      213F
 4778 0238 78D25090 		.ascii	"x\322P\220\300\020\206\214\377C\3072c\376W\263\303\371"
 4778      C010868C 
 4778      FF43C732 
 4778      63FE57B3 
 4778      C3F9
 4779 024a 1086135D 		.ascii	"\020\206\023]*c\363!\252\222\270\225\346#0\030\3414"
ARM GAS  C:\Users\PUBLIC~1.LAP\AppData\Local\Temp\ccG3WIcm.s 			page 165


 4779      2A63F321 
 4779      AA92B895 
 4779      E6233018 
 4779      E134
 4780 025c 21C3CDEC 		.ascii	"!\303\315\354\220s\203\015b\346\303\206\0147\263C>w"
 4780      9073830D 
 4780      62E6C386 
 4780      0C37B343 
 4780      3E77
 4781 026e 834599DC 		.ascii	"\203E\231\334\0145d\323\344\241\247\267\026\226\001"
 4781      0C3564D3 
 4781      E4A1A7B7 
 4781      169601
 4782              		.text
 4783              		.section	.gnu.lto_ald_usb_host_ep_data_ack.72.840c018b,"e",%progbits
 4784 0000 28B52FFD 		.ascii	"(\265/\375`\210\001\305\017\000f\235jG\360\256*\035"
 4784      608801C5 
 4784      0F00669D 
 4784      6A47F0AE 
 4784      2A1D
 4785 0012 887787B2 		.ascii	"\210w\207\262l1\276\255%\375X\372\354\203\004\003=F"
 4785      6C31BEAD 
 4785      25FD58FA 
 4785      EC830403 
 4785      3D46
 4786 0024 B652CF93 		.ascii	"\266R\317\223Y\002\201n\236\036\307\032\224V\227A\361"
 4786      5902816E 
 4786      9E1EC71A 
 4786      94569741 
 4786      F1
 4787 0035 A2E8C0DA 		.ascii	"\242\350\300\3323\303lg\245\354\021\301\373z\231:Fi"
 4787      33C36C67 
 4787      A5EC11C1 
 4787      FB7A993A 
 4787      4669
 4788 0047 34FC11A6 		.ascii	"4\374\021\246_\372g\274\015\262\311\226)\005S\000P\000"
 4788      5FFA67BC 
 4788      0DB2C996 
 4788      29055300 
 4788      5000
 4789 0059 54000076 		.ascii	"T\000\000vgV\244\330\275\201\030\202\347\023\364\001"
 4789      6756A4D8 
 4789      BD811882 
 4789      E713F401 
 4790 0069 DE67770F 		.ascii	"\336gw\017\357\3231\373\305G\005\016\027\034mgw?\331"
 4790      EFD331FB 
 4790      C547050E 
 4790      171C6D67 
 4790      773FD9
 4791 007c E1B1CF4E 		.ascii	"\341\261\317Nj\314\337\030\351j\\ll\243\354\3633\266"
 4791      6ACCDF18 
 4791      E96A5C6C 
 4791      6CA3ECF3 
 4791      33B6
 4792 008e BCF3B45C 		.ascii	"\274\363\264\\\012\030i\035hw/s\2650\252\250n\214\354"
 4792      0A18691D 
 4792      68772F73 
ARM GAS  C:\Users\PUBLIC~1.LAP\AppData\Local\Temp\ccG3WIcm.s 			page 166


 4792      B530AAA8 
 4792      6E8CEC
 4793 00a1 AED53662 		.ascii	"\256\3256b\270\275\333\006m\213\366c\002+1\366\257\277"
 4793      B8BDDB06 
 4793      6D8BF663 
 4793      022B31F6 
 4793      AFBF
 4794 00b3 BCCFC3B0 		.ascii	"\274\317\303\260\351\230\320\234=\251\362\270Zn\246"
 4794      E998D09C 
 4794      3DA9F2B8 
 4794      5A6EA6
 4795 00c2 39A7766E 		.ascii	"9\247vnVg\3307\231J\030\373\335\312\027\3731\277\247"
 4795      5667D837 
 4795      994A18FB 
 4795      DDCA17FB 
 4795      31BFA7
 4796 00d5 EAA9EA4E 		.ascii	"\352\251\352N\325\372\341\300\2710\236\305f\227\245"
 4796      D5FAE1C0 
 4796      B9309EC5 
 4796      6697A5
 4797 00e4 068D6531 		.ascii	"\006\215e1U\204\260}\37331;\200\015\322P\272^\306\027"
 4797      5584B07D 
 4797      FB33313B 
 4797      800DD250 
 4797      BA5EC617 
 4798 00f8 F111B1C7 		.ascii	"\361\021\261\307\300\034\322\303m:\317=\202\327\311"
 4798      C01CD2C3 
 4798      6D3ACF3D 
 4798      82D7C9
 4799 0107 298FABB9 		.ascii	")\217\253\271\250h\316v\370\023\036)?\320|\344d\270"
 4799      A868CE76 
 4799      F8131E29 
 4799      3FD07CE4 
 4799      64B8
 4800 0119 5959F751 		.ascii	"YY\367Q{%\352m\226r\355IK0LWj\267\335\015\251\356\356"
 4800      7B25EA6D 
 4800      9672ED49 
 4800      4B304C57 
 4800      6AB7DD0D 
 4801 0130 4A09E3C3 		.ascii	"J\011\343\303<O\022\250qAS\031\356\300\301\251\264Y"
 4801      3C4F12A8 
 4801      71415319 
 4801      EEC0C1A9 
 4801      B459
 4802 0142 2FE1F2EC 		.ascii	"/\341\362\354r\030\371$NCA[\200\370\35466\220\022A\205"
 4802      7218F924 
 4802      4E43415B 
 4802      80F8EC36 
 4802      36901241 
 4803 0157 0E9C4421 		.ascii	"\016\234D!\036)$\241\011E\3459\025\202b\271L$&\247o"
 4803      1E2924A1 
 4803      0945E539 
 4803      158262B9 
 4803      4C2426A7 
 4804 016c 240A810B 		.ascii	"$\012\201\013>Q\001P\301\0072\000\033\220\276V\212\352"
 4804      3E510150 
 4804      C1073200 
ARM GAS  C:\Users\PUBLIC~1.LAP\AppData\Local\Temp\ccG3WIcm.s 			page 167


 4804      1B90BE56 
 4804      8AEA
 4805 017e 3B11572B 		.ascii	";\021W+1\365\261\304\017\025Nh\235\210$\020\320A\210"
 4805      31F5B1C4 
 4805      0F154E68 
 4805      9D882410 
 4805      D04188
 4806 0191 0A4B48A5 		.ascii	"\012KH\245\221H\004e\245j\225^%\256\320\304t\012\205"
 4806      91480465 
 4806      A56A955E 
 4806      25AED0C4 
 4806      740A85
 4807 01a4 4A08123C 		.ascii	"J\010\022<\270\355\273\225/\240\231\234\271#g\303\234"
 4807      B8EDBB95 
 4807      2FA0999C 
 4807      B92367C3 
 4807      9C
 4808 01b5 12451D00 		.ascii	"\022E\035\0005\253\"\273\2103\241\355\0378d\027C\254"
 4808      35AB22BB 
 4808      8833A1ED 
 4808      1F386417 
 4808      43AC
 4809 01c7 64709006 		.ascii	"dp\220\006\002Q\025\307T\345`\325j\204\361\2330\"\030"
 4809      025115C7 
 4809      54E560D5 
 4809      6A84F19B 
 4809      302218
 4810 01da 133430DC 		.ascii	"\02340\334\252[Bm\202#\217\254\265Z\011\271N\213>\215"
 4810      AA5B426D 
 4810      82238FAC 
 4810      B55A09B9 
 4810      4E8B3E8D 
 4811 01ee 09CF351C 		.ascii	"\011\3175\034\232L\034q7C5\262\251\373\206\232\274]"
 4811      9A4C1C71 
 4811      374335B2 
 4811      A9FB869A 
 4811      BC5D
 4812 0200 A50C     		.ascii	"\245\014"
 4813              		.text
 4814              		.section	.gnu.lto_ald_usb_host_ep_data_toggle.73.840c018b,"e",%progbits
 4815 0000 28B52FFD 		.ascii	"(\265/\375`\201\000\325\012\0004\023\323\000\000\000"
 4815      608100D5 
 4815      0A003413 
 4815      D3000000 
 4816 0010 7C000000 		.ascii	"|\000\000\000&\000\000\000\001\003\000\001\222\221\212"
 4816      26000000 
 4816      01030001 
 4816      92918A
 4817 001f 02008080 		.ascii	"\002\000\200\200\200@\007\002\001\201\221\212\347\232"
 4817      80400702 
 4817      0181918A 
 4817      E79A
 4818 002d C30401BF 		.ascii	"\303\004\001\277\001\001\000\177\002\001\177\001\246"
 4818      0101007F 
 4818      02017F01 
 4818      A6
 4819 003a 032F8080 		.ascii	"\003/\200\200\200\370\304\324\231\014\205\030\352\000"
ARM GAS  C:\Users\PUBLIC~1.LAP\AppData\Local\Temp\ccG3WIcm.s 			page 168


 4819      80F8C4D4 
 4819      990C8518 
 4819      EA00
 4820 0048 007F0005 		.ascii	"\000\177\000\005\001\006\023\001\004\005\001\006\025"
 4820      01061301 
 4820      04050106 
 4820      15
 4821 0055 01200501 		.ascii	"\001 \005\001\010U\000-\300\200\200\320\333\274\200"
 4821      0855002D 
 4821      C08080D0 
 4821      DBBC80
 4822 0064 8009007D 		.ascii	"\200\011\000}\272\001\177\271\001\270\001\000\000\002"
 4822      BA017FB9 
 4822      01B80100 
 4822      0002
 4823 0072 015CE11F 		.ascii	"\001\\\341\037\005\001\010p\370\270\200\200\003\000"
 4823      05010870 
 4823      F8B88080 
 4823      0300
 4824 0080 7BBC017F 		.ascii	"{\274\001\17752\000\000\002\002\\\356w\231\303\207\200"
 4824      35320000 
 4824      02025CEE 
 4824      7799C387 
 4824      80
 4825 0091 10047DBE 		.ascii	"\020\004}\276\373\037\000\000\013\001\000\000\000\257"
 4825      FB1F0000 
 4825      0B010000 
 4825      00AF
 4826 009f D205E080 		.ascii	"\322\005\340\200\374\377\217\200\200\327\232\001\221"
 4826      FCFF8F80 
 4826      80D79A01 
 4826      91
 4827 00ac ACEB0C02 		.ascii	"\254\353\014\002\000\000\243\003\200\004\001\000\000"
 4827      0000A303 
 4827      80040100 
 4827      00
 4828 00b9 A4030281 		.ascii	"\244\003\002\201\300\000\000\372\002\200\"\000\202\003"
 4828      C00000FA 
 4828      02802200 
 4828      8203
 4829 00c7 822000A3 		.ascii	"\202 \000\243\003\200\004\001\200\300RD:\\00a_liuhy"
 4829      03800401 
 4829      80C05244 
 4829      3A5C3030 
 4829      615F6C69 
 4830 00de 5C74656D 		.ascii	"\\temp126\\ChibiOS-Contrib/os/common/ext/CMSIS/ES32"
 4830      70313236 
 4830      5C436869 
 4830      62694F53 
 4830      2D436F6E 
 4831 010f 2F465330 		.ascii	"/FS026/ald_usb.c\000\006ep_idx\023.2a80b1c4\000\006"
 4831      32362F61 
 4831      6C645F75 
 4831      73622E63 
 4831      00066570 
 4832 0133 746F6767 		.ascii	"toggle\005flags\016\0005\253\"\273\2102\241\257/0\\"
 4832      6C650566 
ARM GAS  C:\Users\PUBLIC~1.LAP\AppData\Local\Temp\ccG3WIcm.s 			page 169


 4832      6C616773 
 4832      0E0035AB 
 4832      22BB8832 
 4833 014c 50AEE10A 		.ascii	"P\256\341\012-\014;\214\367\225\211`\004\240B\270P\243"
 4833      2D0C3B8C 
 4833      F7958960 
 4833      04A042B8 
 4833      50A3
 4834 015e C31D36B5 		.ascii	"\303\0356\265\223\014"
 4834      930C
 4835              		.text
 4836              		.section	.gnu.lto_ald_usb_host_ep_status_clear.74.840c018b,"e",%progbits
 4837 0000 28B52FFD 		.ascii	"(\265/\375`\321\001-\021\000F\240sG\340\322&\035E&\016"
 4837      60D1012D 
 4837      110046A0 
 4837      7347E0D2 
 4837      261D4526 
 4838 0015 4F7442B0 		.ascii	"OtB\260\2078\304\002\352\236\332\3108B\031\320\306\010"
 4838      8738C402 
 4838      EA9EDAC8 
 4838      384219D0 
 4838      C608
 4839 0027 B24BC91C 		.ascii	"\262K\311\034^u\342k\345\234\271\352\223\325\011/\360"
 4839      5E75E26B 
 4839      E59CB9EA 
 4839      93D5092F 
 4839      F0
 4840 0038 55357627 		.ascii	"U5v'\276O\010[#\351s\256i\343\023\021\177\320\372}e"
 4840      BE4F085B 
 4840      23E973AE 
 4840      69E31311 
 4840      7FD0FA7D 
 4841 004d CB2483EC 		.ascii	"\313$\203\354-eJ\001\\\000W\000Z\000C>\212\247\240]"
 4841      2D654A01 
 4841      5C005700 
 4841      5A00433E 
 4841      8AA7A05D 
 4842 0061 28C70076 		.ascii	"(\307\000v\211h\310\330\305\2358\202\367\210:\201\356"
 4842      8968C8D8 
 4842      C59D3882 
 4842      F7883A81 
 4842      EE
 4843 0072 119EA47B 		.ascii	"\021\236\244{4\315\316QrA\244C\015\244\036\273\373\251"
 4843      34CDCE51 
 4843      7241A443 
 4843      0DA41EBB 
 4843      FBA9
 4844 0084 88D31EA1 		.ascii	"\210\323\036\241&\315\017Y\201G b\330n:\217\336\317"
 4844      26CD0F59 
 4844      81472062 
 4844      D86E3A8F 
 4844      DECF
 4845 0096 6180DBCF 		.ascii	"a\200\333\317u\300\255\007\242v\367EO\0147\236\314\220"
 4845      75C0AD07 
 4845      A276F745 
 4845      4F0C379E 
 4845      CC90
ARM GAS  C:\Users\PUBLIC~1.LAP\AppData\Local\Temp\ccG3WIcm.s 			page 170


 4846 00a8 95DD75DA 		.ascii	"\225\335u\332n\032\356\356\266W\266g\366\233\002>:\366"
 4846      6E1AEEEE 
 4846      B657B667 
 4846      F69B023E 
 4846      3AF6
 4847 00ba 38C7E91E 		.ascii	"8\307\351\036\277dcb\2219{\232\372\246Zn's\216\311%"
 4847      BF646362 
 4847      91397B9A 
 4847      FAA65A6E 
 4847      27738EC9 
 4848 00cf 6DFEB071 		.ascii	"m\376\260q:\251A\366\341*\220}\242\377t\241\337\313"
 4848      3AA941F6 
 4848      E12A907D 
 4848      A2FF74A1 
 4848      DFCB
 4849 00e1 7497E998 		.ascii	"t\227\351\230i\230i\315t\012\020\331\001\343\366\017"
 4849      699869CD 
 4849      740A10D9 
 4849      01E3F60F 
 4850 00f1 3C763304 		.ascii	"<v3\004\001\2626\342\014\023\266o\337\210f\237l\223"
 4850      01B236E2 
 4850      0C13B66F 
 4850      DF88669F 
 4850      6C93
 4851 0103 1745444D 		.ascii	"\027EDM5\336\243\311\020\353\371\260\274\315P\327\236"
 4851      35DEA3C9 
 4851      10EBF9B0 
 4851      BCCD50D7 
 4851      9E
 4852 0114 3AE69CF4 		.ascii	":\346\234\364\251\341v7\225\013;u\241#nc\212\252\332"
 4852      A9E17637 
 4852      950B3B75 
 4852      A1236E63 
 4852      8AAADA
 4853 0127 692ED538 		.ascii	"i.\3258\360d\316P\243\276\346\341\244P\265\205M\341"
 4853      F064CE50 
 4853      A3BEE6E1 
 4853      A450B585 
 4853      4DE1
 4854 0139 489EAA92 		.ascii	"H\236\252\2220*Q\372\311\335\325Q\015\362s:O\013\034"
 4854      302A51FA 
 4854      C9DDD551 
 4854      0DF2733A 
 4854      4F0B1C
 4855 014c E1E8491F 		.ascii	"\341\350I\037\036Q\332\220j\313\276b\346\355\206P\361"
 4855      1E51DA90 
 4855      6ACBBE62 
 4855      E6ED8650 
 4855      F1
 4856 015d 551C6721 		.ascii	"U\034g!o\354\356K<\302\0152\011\255\231\230\350\003"
 4856      6FECEE4B 
 4856      3CC20D32 
 4856      09AD9998 
 4856      E803
 4857 016f 2E29AE14 		.ascii	".)\256\024\202\226\012\205\344\346\345\325R\003\323"
 4857      82960A85 
 4857      E4E6E5D5 
ARM GAS  C:\Users\PUBLIC~1.LAP\AppData\Local\Temp\ccG3WIcm.s 			page 171


 4857      5203D3
 4858 017e D905C525 		.ascii	"\331\005\305%\233\265\274\314\264>\025Uj\305\340S\031"
 4858      9BB5BCCC 
 4858      B43E1555 
 4858      6AC5E053 
 4858      19
 4859 018f 582DF856 		.ascii	"X-\370V\015V\016X>\233\033\230\217&\006\203\305\\>Y"
 4859      0D560E58 
 4859      3E9B1B98 
 4859      8F260683 
 4859      C55C3E59 
 4860 01a3 EC73BD2A 		.ascii	"\354s\275*\330\320\304XNV\017^\256\227\014\013KE\225"
 4860      D8D0C458 
 4860      4E560F5E 
 4860      AE970C0B 
 4860      4B4595
 4861 01b6 520383B1 		.ascii	"R\003\203\261a\341\310\314^3-\255T\212\225@\001\004"
 4861      61E1C8CC 
 4861      5E332DAD 
 4861      548A9540 
 4861      0104
 4862 01c8 DC1EAE02 		.ascii	"\334\036\256\002\241vt\307#J'\222\026\306S\236\324\236"
 4862      A17674C7 
 4862      234A2792 
 4862      16C6539E 
 4862      D49E
 4863 01da 10232070 		.ascii	"\020# p\202!\261\364\325U\221U\304\351\320\014\012l"
 4863      8221B1F4 
 4863      D5559155 
 4863      C4E9D00C 
 4863      0A6C
 4864 01ec BFF83C8C 		.ascii	"\277\370<\214\305l;jQ\306F\2604\002\221\3141r\216\312"
 4864      C56C3B6A 
 4864      51C646B0 
 4864      340291CC 
 4864      31728ECA 
 4865 0200 8CFDB64C 		.ascii	"\214\375\266L\030\264\2323\353|\345\326\301W\262AW\247"
 4865      18B49A33 
 4865      EB7CE5D6 
 4865      C157B241 
 4865      57A7
 4866 0212 A0C98E5C 		.ascii	"\240\311\216\\\304\307H$\261\230ed\361\2700d\240t\035"
 4866      C4C74824 
 4866      B1986564 
 4866      F1B83064 
 4866      A0741D
 4867 0225 E4386D43 		.ascii	"\3448mC\206No\355+\003"
 4867      864E6FED 
 4867      2B03
 4868              		.text
 4869              		.section	.gnu.lto_ald_usb_host_hub_addr_get.75.840c018b,"e",%progbits
 4870 0000 28B52FFD 		.ascii	"(\265/\375`e\000\335\011\000T\021\276\000\000\000u\000"
 4870      606500DD 
 4870      09005411 
 4870      BE000000 
 4870      7500
 4871 0012 00002600 		.ascii	"\000\000&\000\000\000\001\003\000\001\222\221\212\002"
ARM GAS  C:\Users\PUBLIC~1.LAP\AppData\Local\Temp\ccG3WIcm.s 			page 172


 4871      00000103 
 4871      00019291 
 4871      8A02
 4872 0020 00808080 		.ascii	"\000\200\200\200@\007\002\001\201\221\212\357\236\243"
 4872      40070201 
 4872      81918AEF 
 4872      9EA3
 4873 002e 4601BD01 		.ascii	"F\001\275\001\001\000\177\002\001\177\001\246\003\005"
 4873      01007F02 
 4873      017F01A6 
 4873      0305
 4874 003c 01061301 		.ascii	"\001\006\023\001\004\005\001\006\025\001 /\300\200\200"
 4874      04050106 
 4874      1501202F 
 4874      C08080
 4875 004b F884F599 		.ascii	"\370\204\365\2314\236\250\300\004\177\000}\270\001\267"
 4875      349EA8C0 
 4875      047F007D 
 4875      B801B7
 4876 005a 01000000 		.ascii	"\001\000\000\000\000\005\001\010U\000-\300\200\200\320"
 4876      00050108 
 4876      55002DC0 
 4876      8080D0
 4877 0069 DDBC8080 		.ascii	"\335\274\200\200\011\000\177\272\001\002\000\\\225\037"
 4877      09007FBA 
 4877      0102005C 
 4877      951F
 4878 0077 05010870 		.ascii	"\005\001\010p\376\274\242\037\000\000\013\000\000}\000"
 4878      FEBCA21F 
 4878      00000B00 
 4878      007D00
 4879 0086 0000AFD2 		.ascii	"\000\000\257\322\005\340\200\374\377\217\200\200\337"
 4879      05E080FC 
 4879      FF8F8080 
 4879      DF
 4880 0093 9E0191CC 		.ascii	"\236\001\221\314\373\014\002\000\000\243\003\200\004"
 4880      FB0C0200 
 4880      00A30380 
 4880      04
 4881 00a0 010000A4 		.ascii	"\001\000\000\244\003\002\201\300\000\000\372\002\200"
 4881      030281C0 
 4881      0000FA02 
 4881      80
 4882 00ad A2050082 		.ascii	"\242\005\000\202\003\202\2403\006\177\001\200\300RD"
 4882      0382A033 
 4882      067F0180 
 4882      C05244
 4883 00bc 3A5C3030 		.ascii	":\\00a_liuhy\\temp126\\ChibiOS-Contrib/os/common/ex"
 4883      615F6C69 
 4883      7568795C 
 4883      74656D70 
 4883      3132365C 
 4884 00ec 742F434D 		.ascii	"t/CMSIS/ES32/FS026/ald_usb.c\000\006ep_idx\023.2a80"
 4884      5349532F 
 4884      45533332 
 4884      2F465330 
 4884      32362F61 
ARM GAS  C:\Users\PUBLIC~1.LAP\AppData\Local\Temp\ccG3WIcm.s 			page 173


 4885 0116 62316334 		.ascii	"b1c4\000\005flags\016\0005\253\"\273\2102\003\202a\247"
 4885      0005666C 
 4885      6167730E 
 4885      0035AB22 
 4885      BB883203 
 4886 012d 6103212C 		.ascii	"a\003!,\327\360P\026\303bB\004F\300\270B\215\003~\246"
 4886      D7F05016 
 4886      C3624204 
 4886      46C0B842 
 4886      8D037EA6 
 4887 0141 31B5930C 		.ascii	"1\265\223\014"
 4888              		.text
 4889              		.section	.gnu.lto_ald_usb_host_hub_addr_set.76.840c018b,"e",%progbits
 4890 0000 28B52FFD 		.ascii	"(\265/\375`\201\000]\012\000$\022\325\000\000\000z\000"
 4890      6081005D 
 4890      0A002412 
 4890      D5000000 
 4890      7A00
 4891 0012 00002600 		.ascii	"\000\000&\000\000\000\001\003\000\001\222\221\212\002"
 4891      00000103 
 4891      00019291 
 4891      8A02
 4892 0020 00808080 		.ascii	"\000\200\200\200@\007\002\001\201\221\212\327\250\303"
 4892      40070201 
 4892      81918AD7 
 4892      A8C3
 4893 002e 0401BF01 		.ascii	"\004\001\277\001\001\000\177\002\001\177\001\246\003"
 4893      01007F02 
 4893      017F01A6 
 4893      03
 4894 003b 2F808080 		.ascii	"/\200\200\200\370\304\377\231\014\205\030\352\000\000"
 4894      F8C4FF99 
 4894      0C8518EA 
 4894      0000
 4895 0049 7F000501 		.ascii	"\177\000\005\001\006\023\001\004\005\001\006\025\001"
 4895      06130104 
 4895      05010615 
 4895      01
 4896 0056 20050108 		.ascii	" \005\001\010U\000-\300\200\200\320\331\274\200\200"
 4896      55002DC0 
 4896      8080D0D9 
 4896      BC8080
 4897 0065 09007DBA 		.ascii	"\011\000}\272\001\177\271\001\270\001\000\000\002\001"
 4897      017FB901 
 4897      B8010000 
 4897      0201
 4898 0073 5CDD1E05 		.ascii	"\\\335\036\005\001\010p\372\274\352u\231\303\207\200"
 4898      010870FA 
 4898      BCEA7599 
 4898      C38780
 4899 0082 10047DBE 		.ascii	"\020\004}\276\367\036\000\000\013\001\000\000\000\257"
 4899      F71E0000 
 4899      0B010000 
 4899      00AF
 4900 0090 D205E080 		.ascii	"\322\005\340\200\374\377\217\200\200\307\250\001\221"
 4900      FCFF8F80 
 4900      80C7A801 
ARM GAS  C:\Users\PUBLIC~1.LAP\AppData\Local\Temp\ccG3WIcm.s 			page 174


 4900      91
 4901 009d ECA20D02 		.ascii	"\354\242\015\002\000\000\243\003\200\004\001\000\000"
 4901      0000A303 
 4901      80040100 
 4901      00
 4902 00aa A4030281 		.ascii	"\244\003\002\201\300\000\000\372\002\200\"\000\202\003"
 4902      C00000FA 
 4902      02802200 
 4902      8203
 4903 00b8 822000A3 		.ascii	"\202 \000\243\003\200\004\001\200\300RD:\\00a_liuhy"
 4903      03800401 
 4903      80C05244 
 4903      3A5C3030 
 4903      615F6C69 
 4904 00cf 5C74656D 		.ascii	"\\temp126\\ChibiOS-Contrib/os/common/ext/CMSIS/ES32"
 4904      70313236 
 4904      5C436869 
 4904      62694F53 
 4904      2D436F6E 
 4905 0100 2F465330 		.ascii	"/FS026/ald_usb.c\000\006ep_idx\023.2a80b1c4\000\004"
 4905      32362F61 
 4905      6C645F75 
 4905      73622E63 
 4905      00066570 
 4906 0124 61646472 		.ascii	"addr\005flags\020\0005\253\"\273\2102\241\263/0\\P\256"
 4906      05666C61 
 4906      67731000 
 4906      35AB22BB 
 4906      8832A1B3 
 4907 013d E1122D0C 		.ascii	"\341\022-\014<\214\007L\004# \0340\014\014q\241\246"
 4907      3C8C074C 
 4907      0423201C 
 4907      300C0C71 
 4907      A1A6
 4908 014f 843B6C6A 		.ascii	"\204;lj'\031"
 4908      2719
 4909              		.text
 4910              		.section	.gnu.lto_ald_usb_host_pwr_disable.77.840c018b,"e",%progbits
 4911 0000 28B52FFD 		.ascii	"(\265/\375`j\000\375\011\0004\021\344\000\000\000T\000"
 4911      606A00FD 
 4911      09003411 
 4911      E4000000 
 4911      5400
 4912 0012 00002600 		.ascii	"\000\000&\000\000\000\001\003\000\001\222\221\212\002"
 4912      00000103 
 4912      00019291 
 4912      8A02
 4913 0020 00808080 		.ascii	"\000\200\200\200@\007\002\001\201\221\212\347\251\303"
 4913      40070201 
 4913      81918AE7 
 4913      A9C3
 4914 002e 0401B701 		.ascii	"\004\001\267\001\001\000\177\002\001\177\001\246\003"
 4914      01007F02 
 4914      017F01A6 
 4914      03
 4915 003b 2F808080 		.ascii	"/\200\200\200\370\304\314\232\014\205\030\352\000\000"
 4915      F8C4CC9A 
ARM GAS  C:\Users\PUBLIC~1.LAP\AppData\Local\Temp\ccG3WIcm.s 			page 175


 4915      0C8518EA 
 4915      0000
 4916 0049 7F000B01 		.ascii	"\177\000\013\001\000\000\000\257\322\005\340\200\374"
 4916      000000AF 
 4916      D205E080 
 4916      FC
 4917 0056 FF8F8080 		.ascii	"\377\217\200\200\327\251\001\221\254\247\015\005\001"
 4917      D7A90191 
 4917      ACA70D05 
 4917      01
 4918 0063 00020102 		.ascii	"\000\002\001\002\000\002\001\000\000\243\003\200\004"
 4918      00020100 
 4918      00A30380 
 4918      04
 4919 0070 010000A4 		.ascii	"\001\000\000\244\003\002\201\300\000\000\372\002\200"
 4919      030281C0 
 4919      0000FA02 
 4919      80
 4920 007d E2B66A00 		.ascii	"\342\266j\000\376\002\302\276\351\002\003\001\005\001"
 4920      FE02C2BE 
 4920      E9020301 
 4920      0501
 4921 008b 067B0100 		.ascii	"\006{\001\000\200\360\210\200\004\005\001\254\010y\272"
 4921      80F08880 
 4921      040501AC 
 4921      0879BA
 4922 009a 01B90100 		.ascii	"\001\271\001\0006\241\200\200\010w\273\001u\000\000"
 4922      36A18080 
 4922      0877BB01 
 4922      750000
 4923 00a9 00FE0283 		.ascii	"\000\376\002\203\230\207\375\001\003\002\003\001\006"
 4923      9887FD01 
 4923      03020301 
 4923      06
 4924 00b6 7301FE01 		.ascii	"s\001\376\001\362\212\001\350\002\276\003\002\271\352"
 4924      F28A01E8 
 4924      02BE0302 
 4924      B9EA
 4925 00c4 10008203 		.ascii	"\020\000\202\003\202 \000\243\003\001\200\300RD:\\0"
 4925      822000A3 
 4925      030180C0 
 4925      52443A5C 
 4925      30
 4926 00d5 30615F6C 		.ascii	"0a_liuhy\\temp126\\ChibiOS-Contrib/os/common/ext/CM"
 4926      69756879 
 4926      5C74656D 
 4926      70313236 
 4926      5C436869 
 4927 0106 5349532F 		.ascii	"SIS/ES32/FS026/ald_usb.c\000\020\000\310.\242L\300\216"
 4927      45533332 
 4927      2F465330 
 4927      32362F61 
 4927      6C645F75 
 4928 0127 37038F03 		.ascii	"7\003\217\003\207C`\261\252x\243\232nF\030Q\030\213"
 4928      874360B1 
 4928      AA78A39A 
 4928      6E461851 
ARM GAS  C:\Users\PUBLIC~1.LAP\AppData\Local\Temp\ccG3WIcm.s 			page 176


 4928      188B
 4929 0139 A534ECC2 		.ascii	"\2454\354\302\2501X\3622D\270\034\246v\222\001"
 4929      A83158F2 
 4929      3244B81C 
 4929      A6769201 
 4930              		.text
 4931              		.section	.gnu.lto_ald_usb_host_pwr_enable.78.840c018b,"e",%progbits
 4932 0000 28B52FFD 		.ascii	"(\265/\375`i\000\365\011\000$\021\343\000\000\000T\000"
 4932      606900F5 
 4932      09002411 
 4932      E3000000 
 4932      5400
 4933 0012 00002600 		.ascii	"\000\000&\000\000\000\001\003\000\001\222\221\212\002"
 4933      00000103 
 4933      00019291 
 4933      8A02
 4934 0020 00808080 		.ascii	"\000\200\200\200@\007\002\001\201\221\212\367\252\303"
 4934      40070201 
 4934      81918AF7 
 4934      AAC3
 4935 002e 0401B701 		.ascii	"\004\001\267\001\001\000\177\002\001\177\001\246\003"
 4935      01007F02 
 4935      017F01A6 
 4935      03
 4936 003b 2F808080 		.ascii	"/\200\200\200\370\304\325\232\014\205\030\352\000\000"
 4936      F8C4D59A 
 4936      0C8518EA 
 4936      0000
 4937 0049 7F000B01 		.ascii	"\177\000\013\001\000\000\000\257\322\005\340\200\374"
 4937      000000AF 
 4937      D205E080 
 4937      FC
 4938 0056 FF8F8080 		.ascii	"\377\217\200\200\347\252\001\221\354\253\015\005\001"
 4938      E7AA0191 
 4938      ECAB0D05 
 4938      01
 4939 0063 00020102 		.ascii	"\000\002\001\002\000\002\001\000\000\243\003\200\004"
 4939      00020100 
 4939      00A30380 
 4939      04
 4940 0070 010000A4 		.ascii	"\001\000\000\244\003\002\201\300\000\000\372\002\200"
 4940      030281C0 
 4940      0000FA02 
 4940      80
 4941 007d E2DA6A00 		.ascii	"\342\332j\000\376\002\302\276\351\002\003\001\005\001"
 4941      FE02C2BE 
 4941      E9020301 
 4941      0501
 4942 008b 067B0100 		.ascii	"\006{\001\000\200\360\210\200\004\005\001\254\010y\272"
 4942      80F08880 
 4942      040501AC 
 4942      0879BA
 4943 009a 01B90100 		.ascii	"\001\271\001\0006\241\200\200\010w\273\001u\000\000"
 4943      36A18080 
 4943      0877BB01 
 4943      750000
 4944 00a9 00FE0283 		.ascii	"\000\376\002\203\224\207\375\001\003\002\003\001\006"
ARM GAS  C:\Users\PUBLIC~1.LAP\AppData\Local\Temp\ccG3WIcm.s 			page 177


 4944      9487FD01 
 4944      03020301 
 4944      06
 4945 00b6 1D0101F2 		.ascii	"\035\001\001\362\212\001\350\002\276\003\002\335\352"
 4945      8A01E802 
 4945      BE0302DD 
 4945      EA
 4946 00c3 10008203 		.ascii	"\020\000\202\003\202 \000\243\003\001\200\300RD:\\0"
 4946      822000A3 
 4946      030180C0 
 4946      52443A5C 
 4946      30
 4947 00d4 30615F6C 		.ascii	"0a_liuhy\\temp126\\ChibiOS-Contrib/os/common/ext/CM"
 4947      69756879 
 4947      5C74656D 
 4947      70313236 
 4947      5C436869 
 4948 0105 5349532F 		.ascii	"SIS/ES32/FS026/ald_usb.c\000\020\000\310.\242L\300\215"
 4948      45533332 
 4948      2F465330 
 4948      32362F61 
 4948      6C645F75 
 4949 0126 37038FF3 		.ascii	"7\003\217\363\206C`1\252x\233\232NE\030Q\030\213\245"
 4949      86436031 
 4949      AA789B9A 
 4949      4E451851 
 4949      188BA5
 4950 0139 34ECC2A8 		.ascii	"4\354\302\2501X\3622D\270\034\246v\222\001"
 4950      3158F232 
 4950      44B81CA6 
 4950      769201
 4951              		.text
 4952              		.section	.gnu.lto_ald_usb_host_pwr_config.79.840c018b,"e",%progbits
 4953 0000 28B52FFD 		.ascii	"(\265/\375`7\000\015\011\000D\020\227\000\000\000n\000"
 4953      6037000D 
 4953      09004410 
 4953      97000000 
 4953      6E00
 4954 0012 00002600 		.ascii	"\000\000&\000\000\000\001\003\000\001\222\221\212\002"
 4954      00000103 
 4954      00019291 
 4954      8A02
 4955 0020 00808080 		.ascii	"\000\200\200\200@\007\002\001\201\221\212\307\254\303"
 4955      40070201 
 4955      81918AC7 
 4955      ACC3
 4956 002e 0401BB01 		.ascii	"\004\001\273\001\001\000\177\002\001\177\001\246\003"
 4956      01007F02 
 4956      017F01A6 
 4956      03
 4957 003b 2F808080 		.ascii	"/\200\200\200\370\204\337\232\014\205\030\352\000\000"
 4957      F884DF9A 
 4957      0C8518EA 
 4957      0000
 4958 0049 7F000501 		.ascii	"\177\000\005\001\006\023\001\004\005\001\006\025\001"
 4958      06130104 
 4958      05010615 
ARM GAS  C:\Users\PUBLIC~1.LAP\AppData\Local\Temp\ccG3WIcm.s 			page 178


 4958      01
 4959 0056 20050108 		.ascii	" \005\001\010U\000-\300\200\200\320\317\274\200\200"
 4959      55002DC0 
 4959      8080D0CF 
 4959      BC8080
 4960 0065 09007DBA 		.ascii	"\011\000}\272\001\177\271\001\270\001\000\000\002\001"
 4960      017FB901 
 4960      B8010000 
 4960      0201
 4961 0073 5BB61E00 		.ascii	"[\266\036\000\000\013\001\000\000\000\257\322\005\340"
 4961      000B0100 
 4961      0000AFD2 
 4961      05E0
 4962 0081 80FCFF8F 		.ascii	"\200\374\377\217\200\200\377\253\001\221\254\262\015"
 4962      8080FFAB 
 4962      0191ACB2 
 4962      0D
 4963 008e 020000A3 		.ascii	"\002\000\000\243\003\200\004\001\000\000\244\003\002"
 4963      03800401 
 4963      0000A403 
 4963      02
 4964 009b 81C00000 		.ascii	"\201\300\000\000\372\002\200\"\000\202\003\202 \000"
 4964      FA028022 
 4964      00820382 
 4964      2000
 4965 00a9 A3038004 		.ascii	"\243\003\200\004\001\200\300RD:\\00a_liuhy\\temp126"
 4965      0180C052 
 4965      443A5C30 
 4965      30615F6C 
 4965      69756879 
 4966 00c5 5C436869 		.ascii	"\\ChibiOS-Contrib/os/common/ext/CMSIS/ES32/FS026/al"
 4966      62694F53 
 4966      2D436F6E 
 4966      74726962 
 4966      2F6F732F 
 4967 00f7 645F7573 		.ascii	"d_usb.c\000\005flags\023.2a80b1c4\000\012\0004K\221"
 4967      622E6300 
 4967      05666C61 
 4967      6773132E 
 4967      32613830 
 4968 0115 5D189978 		.ascii	"]\030\231x\233\027-.(\327p\015&\014k5:\334aS;\311"
 4968      9B172D2E 
 4968      28D7700D 
 4968      260C6B35 
 4968      3ADC6153 
 4969              		.text
 4970              		.section	.gnu.lto_ald_usb_host_pwr_fault_disable.80.840c018b,"e",%progbits
 4971 0000 28B52FFD 		.ascii	"(\265/\375 \362\005\007\000t\014l\000\000\000T\000\000"
 4971      20F20507 
 4971      00740C6C 
 4971      00000054 
 4971      0000
 4972 0012 00260000 		.ascii	"\000&\000\000\000\001\003\000\001\222\221\212\002\000"
 4972      00010300 
 4972      0192918A 
 4972      0200
 4973 0020 80808040 		.ascii	"\200\200\200@\007\002\001\201\221\212\317\255\303\004"
ARM GAS  C:\Users\PUBLIC~1.LAP\AppData\Local\Temp\ccG3WIcm.s 			page 179


 4973      07020181 
 4973      918ACFAD 
 4973      C304
 4974 002e 01B70101 		.ascii	"\001\267\001\001\000\177\002\001\177\001\246\003/\200"
 4974      007F0201 
 4974      7F01A603 
 4974      2F80
 4975 003c 8080F8C4 		.ascii	"\200\200\370\304\347\232\014\205\030\352\000\000\177"
 4975      E79A0C85 
 4975      18EA0000 
 4975      7F
 4976 0049 000B0100 		.ascii	"\000\013\001\000\000\000\257\322\005\340\200\374\377"
 4976      0000AFD2 
 4976      05E080FC 
 4976      FF
 4977 0056 8F8080C7 		.ascii	"\217\200\200\307\255\001\221\314\266\015\002\000\000"
 4977      AD0191CC 
 4977      B60D0200 
 4977      00
 4978 0063 A3030080 		.ascii	"\243\003\000\200\200\200\200\004\001\000\000\244\003"
 4978      80808004 
 4978      010000A4 
 4978      03
 4979 0070 0281C000 		.ascii	"\002\201\300\000\000\372\002\200\"\000\202\003\202 "
 4979      00FA0280 
 4979      22008203 
 4979      8220
 4980 007e A3030180 		.ascii	"\243\003\001\200\300RD:\\00a_liuhy\\temp126\\ChibiO"
 4980      C052443A 
 4980      5C303061 
 4980      5F6C6975 
 4980      68795C74 
 4981 009f 532D436F 		.ascii	"S-Contrib/os/common/ext/CMSIS/ES32/FS026/ald_usb.c\000"
 4981      6E747269 
 4981      622F6F73 
 4981      2F636F6D 
 4981      6D6F6E2F 
 4982 00d2 0800C82E 		.ascii	"\010\000\310.\342\314\200}f@\360\375v\031\3772n\270"
 4982      E2CC807D 
 4982      6640F0FD 
 4982      7619FF32 
 4982      6EB8
 4983 00e4 1CA67692 		.ascii	"\034\246v\222\001"
 4983      01
 4984              		.text
 4985              		.section	.gnu.lto_ald_usb_host_pwr_fault_enable.81.840c018b,"e",%progbits
 4986 0000 28B52FFD 		.ascii	"(\265/\375 \362\005\007\000t\014l\000\000\000T\000\000"
 4986      20F20507 
 4986      00740C6C 
 4986      00000054 
 4986      0000
 4987 0012 00260000 		.ascii	"\000&\000\000\000\001\003\000\001\222\221\212\002\000"
 4987      00010300 
 4987      0192918A 
 4987      0200
 4988 0020 80808040 		.ascii	"\200\200\200@\007\002\001\201\221\212\327\256\303\004"
 4988      07020181 
ARM GAS  C:\Users\PUBLIC~1.LAP\AppData\Local\Temp\ccG3WIcm.s 			page 180


 4988      918AD7AE 
 4988      C304
 4989 002e 01B70101 		.ascii	"\001\267\001\001\000\177\002\001\177\001\246\003/\200"
 4989      007F0201 
 4989      7F01A603 
 4989      2F80
 4990 003c 8080F884 		.ascii	"\200\200\370\204\364\232\014\205\030\352\000\000\177"
 4990      F49A0C85 
 4990      18EA0000 
 4990      7F
 4991 0049 000B0100 		.ascii	"\000\013\001\000\000\000\257\322\005\340\200\374\377"
 4991      0000AFD2 
 4991      05E080FC 
 4991      FF
 4992 0056 8F8080CF 		.ascii	"\217\200\200\317\256\001\221\354\272\015\002\000\000"
 4992      AE0191EC 
 4992      BA0D0200 
 4992      00
 4993 0063 A3030080 		.ascii	"\243\003\000\200\200\200\200\004\001\000\000\244\003"
 4993      80808004 
 4993      010000A4 
 4993      03
 4994 0070 0281C000 		.ascii	"\002\201\300\000\000\372\002\200\"\000\202\003\202 "
 4994      00FA0280 
 4994      22008203 
 4994      8220
 4995 007e A3030180 		.ascii	"\243\003\001\200\300RD:\\00a_liuhy\\temp126\\ChibiO"
 4995      C052443A 
 4995      5C303061 
 4995      5F6C6975 
 4995      68795C74 
 4996 009f 532D436F 		.ascii	"S-Contrib/os/common/ext/CMSIS/ES32/FS026/ald_usb.c\000"
 4996      6E747269 
 4996      622F6F73 
 4996      2F636F6D 
 4996      6D6F6E2F 
 4997 00d2 0800C82E 		.ascii	"\010\000\310.\342\314\200}f@\360\375v\031\3772n\270"
 4997      E2CC807D 
 4997      6640F0FD 
 4997      7619FF32 
 4997      6EB8
 4998 00e4 1CA67692 		.ascii	"\034\246v\222\001"
 4998      01
 4999              		.text
 5000              		.section	.gnu.lto_ald_usb_host_request_in.82.840c018b,"e",%progbits
 5001 0000 28B52FFD 		.ascii	"(\265/\375`\207\001\315\017\000V\335jG\360\260(\035"
 5001      608701CD 
 5001      0F0056DD 
 5001      6A47F0B0 
 5001      281D
 5002 0012 6D27EBA7 		.ascii	"m'\353\247\225s\3166,h\036\236\272\005EPI\217\227j\321"
 5002      9573CE36 
 5002      2C681E9E 
 5002      BA054550 
 5002      498F976A 
 5003 0027 944E8864 		.ascii	"\224N\210d\236\267'\264\325\323\264\345z\013Q\352\241"
 5003      9EB727B4 
ARM GAS  C:\Users\PUBLIC~1.LAP\AppData\Local\Temp\ccG3WIcm.s 			page 181


 5003      D5D3B4E5 
 5003      7A0B51EA 
 5003      A1
 5004 0038 FCAB6F22 		.ascii	"\374\253o\"\313\304Tv\240\030\216\034\345\352\323l\340"
 5004      CBC45476 
 5004      A0188E1C 
 5004      E5EAD36C 
 5004      E0
 5005 0049 15C3FCC7 		.ascii	"\025\303\374\307\220\251\376 \233l\231RS\000P\000V\000"
 5005      90A9FE20 
 5005      9B6C9952 
 5005      53005000 
 5005      5600
 5006 005b 00767156 		.ascii	"\000vqV\260\330\275\205\230\002\350S\364\002\336g\367"
 5006      B0D8BD85 
 5006      9802E853 
 5006      F402DE67 
 5006      F7
 5007 006c 0FEFD333 		.ascii	"\017\357\3233[\006H\006\001 p,?\273\373I\021\237}vR"
 5007      5B064806 
 5007      0120702C 
 5007      3FBBFB49 
 5007      119F7D76 
 5008 0081 677E0749 		.ascii	"g~\007I\247C\263c\033i\237\241\021\346\035\010\346\222"
 5008      A743B363 
 5008      1B699FA1 
 5008      11E61D08 
 5008      E692
 5009 0093 C0C8D289 		.ascii	"\300\310\322\211v\3677W\015\343\212j\007\311\356Zm#"
 5009      76F73757 
 5009      0DE38A6A 
 5009      07C9EE5A 
 5009      6D23
 5010 00a5 87DBBB6D 		.ascii	"\207\333\273m\320\266h\277&.5\366\261\307\274\317\323"
 5010      D0B668BF 
 5010      262E35F6 
 5010      B1C7BCCF 
 5010      D3
 5011 00b6 B0F9A0D0 		.ascii	"\260\371\240\320\234=\251\362\270\226\\Ms\256\360\303"
 5011      9C3DA9F2 
 5011      B8965C4D 
 5011      73AEF0C3 
 5012 00c6 B37AC3BE 		.ascii	"\263z\303\276\321T\312\330\357V\306\330\267\371=UOU"
 5012      D154CAD8 
 5012      EF56C6D8 
 5012      B7F93D55 
 5012      4F55
 5013 00d8 77AAD6D0 		.ascii	"w\252\326\320\200\027\033\306\317\354\354\276\344\300"
 5013      80171BC6 
 5013      CFECECBE 
 5013      E4C0
 5014 00e6 B12E668B 		.ascii	"\261.f\213\031\333\267\2173\263\003\330\010^N\327\337"
 5014      19DBB78F 
 5014      33B303D8 
 5014      085E4ED7 
 5014      DF
 5015 00f7 F834AF99 		.ascii	"\3704\257\231\335F\346*\344\210\333|D?\340ur\312\343"
ARM GAS  C:\Users\PUBLIC~1.LAP\AppData\Local\Temp\ccG3WIcm.s 			page 182


 5015      DD46E62A 
 5015      E488DB7C 
 5015      443FE075 
 5015      72CAE3
 5016 010a 5A3CAC68 		.ascii	"Z<\254h\316v\370\024 )I\344\200\364t\340YZ\027R\273"
 5016      CE76F814 
 5016      202949E4 
 5016      80F474E0 
 5016      595A1752 
 5017 011f 25EA6D96 		.ascii	"%\352m\226r\355I[\260L]Zn\273;R\335\335\225R\306\227"
 5017      72ED495B 
 5017      B04C5D5A 
 5017      6EBB3B52 
 5017      DDDD9552 
 5018 0135 799E34A0 		.ascii	"y\2364\240\023\203Em\330c\006N\245\355\372\011\030h"
 5018      1383456D 
 5018      D863064E 
 5018      A5EDFA09 
 5018      1868
 5019 0147 3744C937 		.ascii	"7D\3117\361\034\014\012\243\304g\267\001V\260\032Q\215"
 5019      F11C0C0A 
 5019      A3C467B7 
 5019      0156B01A 
 5019      518D
 5020 0159 16A44822 		.ascii	"\026\244H\"\037*%!*\205\345y%\242r\301P%'\251\257D\032"
 5020      1F2A2521 
 5020      2A85E579 
 5020      25A272C1 
 5020      502527A9 
 5021 0170 810F3E52 		.ascii	"\201\017>R\002\320\301\007B\000#\230\276\227\012\353"
 5021      02D0C107 
 5021      42002398 
 5021      BE970AEB 
 5022 0180 43115B2D 		.ascii	"C\021[-q\365\271\304O\025^x\241\210\246\020PB\250\012"
 5022      71F5B9C4 
 5022      4F155E78 
 5022      A188A610 
 5022      5042A80A 
 5023 0194 4D4CA712 		.ascii	"ML\247\022i$\245\305z\235b&\260\360\004\225\032\215"
 5023      6924A5C5 
 5023      7A9D6226 
 5023      B0F00495 
 5023      1A8D
 5024 01a6 4E0C1A4C 		.ascii	"N\014\032L\270\355\273\2251\242\232\254\331\243\347"
 5024      B8EDBB95 
 5024      31A29AAC 
 5024      D9A3E7
 5025 01b5 C39C321D 		.ascii	"\303\2342\035\0005\253\"\273\2103\241\353\037\030d\027"
 5025      0035AB22 
 5025      BB8833A1 
 5025      EB1F1864 
 5025      17
 5026 01c6 3FAC646F 		.ascii	"?\254do\220\006\002A\025\307S\345X\325b\204\361\233"
 5026      90060241 
 5026      15C753E5 
 5026      58D56284 
 5026      F19B
ARM GAS  C:\Users\PUBLIC~1.LAP\AppData\Local\Temp\ccG3WIcm.s 			page 183


 5027 01d8 30221813 		.ascii	"0\"\030\02340\334\252[Bm\202#\217\254\265Z\011\271N"
 5027      3430DCAA 
 5027      5B426D82 
 5027      238FACB5 
 5027      5A09B94E 
 5028 01ec 8B3E8D09 		.ascii	"\213>\215\011\3175\034\232L\034q7C5\262\251\373\206"
 5028      CF351C9A 
 5028      4C1C7137 
 5028      4335B2A9 
 5028      FB86
 5029 01fe 9ABC5DA5 		.ascii	"\232\274]\245\014"
 5029      0C
 5030              		.text
 5031              		.section	.gnu.lto_ald_usb_host_request_in_clear.83.840c018b,"e",%progbits
 5032 0000 28B52FFD 		.ascii	"(\265/\375`\210\001\315\017\000f\335jG\360\260(\035"
 5032      608801CD 
 5032      0F0066DD 
 5032      6A47F0B0 
 5032      281D
 5033 0012 49738630 		.ascii	"Is\2060\307\222e\265>/{Of\242\343\330\343!\033N\020"
 5033      C79265B5 
 5033      3E2F7B4F 
 5033      66A2E3D8 
 5033      E3211B4E 
 5034 0027 70D50280 		.ascii	"p\325\002\200\277\303\361\315\232\262\324\356z\013e"
 5034      BFC3F1CD 
 5034      9AB2D4EE 
 5034      7A0B65
 5035 0036 E906FDE8 		.ascii	"\351\006\375\350\177#\313\304Tv\240\030\216\034\345"
 5035      7F23CBC4 
 5035      5476A018 
 5035      8E1CE5
 5036 0045 EAD36CE0 		.ascii	"\352\323l\340\213`\376c\310T\177\220M\266L)S\000P\000"
 5036      8B60FE63 
 5036      C8547F90 
 5036      4DB64C29 
 5036      53005000 
 5037 0059 55000076 		.ascii	"U\000\000vkX\240\330\305\211x\302\3473\364\002\336g"
 5037      6B58A0D8 
 5037      C58978C2 
 5037      E733F402 
 5037      DE67
 5038 006b 7710EFD3 		.ascii	"w\020\357\3233;F\010\006\001\035N\344\330\330\335O~"
 5038      333B4608 
 5038      06011D4E 
 5038      E4D8D8DD 
 5038      4F7E
 5039 007d F8ECB393 		.ascii	"\370\354\263\223:\363=J:\234\333\216m\244}\202\306\227"
 5039      3AF33D4A 
 5039      3A9CDB8E 
 5039      6DA47D82 
 5039      C697
 5040 008f 779F974B 		.ascii	"w\237\227K\002#K\027\332\335\323\\3\214+\252\036%\273"
 5040      02234B17 
 5040      DADDD35C 
 5040      338C2BAA 
 5040      1E25BB
ARM GAS  C:\Users\PUBLIC~1.LAP\AppData\Local\Temp\ccG3WIcm.s 			page 184


 5041 00a2 6BB58D1B 		.ascii	"k\265\215\033n\357\266A\333\242\375[.4\366\261\307\274"
 5041      6EEFB641 
 5041      DBA2FD5B 
 5041      2E34F6B1 
 5041      C7BC
 5042 00b4 CFCFB0F5 		.ascii	"\317\317\260\365\224\320\234=\251\362:Zr5\315\271u\323"
 5042      94D09C3D 
 5042      A9F23A5A 
 5042      7235CDB9 
 5042      75D3
 5043 00c6 59C561E3 		.ascii	"Y\305a\343h*c\354w+a\354\337~O\325S\325\235\252\025"
 5043      682A63EC 
 5043      772B61EC 
 5043      DF7E4FD5 
 5043      53D59DAA 
 5044 00db 344086CC 		.ascii	"4@\206\314\370\231\235]\015;r\254\213\231B\204\355\333"
 5044      F8999D5D 
 5044      0D3B72AC 
 5044      8B994284 
 5044      EDDB
 5045 00ed AF99D901 		.ascii	"\257\231\331\001\354\0035L\327\323\370#>3\373M\346\022"
 5045      EC03354C 
 5045      D7D3F823 
 5045      3E33FB4D 
 5045      E612
 5046 00ff C46D3D6F 		.ascii	"\304m=oq\012^'\247\274\216\026\016+\232\263\035>\347"
 5046      710A5E27 
 5046      A7BC8E16 
 5046      0E2B9AB3 
 5046      1D3EE7
 5047 0112 2365089B 		.ascii	"#e\010\233\020\036\025:K\353@j\263D\275\315R\256=\351"
 5047      101E153A 
 5047      4BEB406A 
 5047      B344BDCD 
 5047      52AE3DE9 
 5048 0126 0A96A94B 		.ascii	"\012\226\251K\013nwE\252\273\273R\306\3702\317\223\006"
 5048      0B6E7745 
 5048      AABBBB52 
 5048      C6F832CF 
 5048      9306
 5049 0138 7060B0E8 		.ascii	"p`\260\350\015\177\360\334\250\264]\277\201}v=\220|"
 5049      0D7FF0DC 
 5049      A8B45DBF 
 5049      817D763D 
 5049      907C
 5050 014a 12B7B9A0 		.ascii	"\022\267\271\240/d>\273\015N\240\"I\211\024\240F# *"
 5050      2F643EBB 
 5050      0D4EA022 
 5050      498914A0 
 5050      4623202A 
 5051 015e 26E12965 		.ascii	"&\341)e\345Y5\222r\301N&(\250\2174\022\201\016\276\021"
 5051      E5593592 
 5051      72C14E26 
 5051      28A88F34 
 5051      12810EBE 
 5052 0173 02B0C107 		.ascii	"\002\260\301\007>\000!\224\276\227\312\352k\211,\226"
 5052      3E002194 
ARM GAS  C:\Users\PUBLIC~1.LAP\AppData\Local\Temp\ccG3WIcm.s 			page 185


 5052      BE97CAEA 
 5052      6B892C96 
 5053 0183 A8FA5CE2 		.ascii	"\250\372\\\342\227\012-\274ZbI\004\214\020\246\302\223"
 5053      970A2DBC 
 5053      5A624904 
 5053      8C10A6C2 
 5053      93
 5054 0194 92893422 		.ascii	"\222\2114\"Ia\255^\246\330\011,D9\241D\"\323\002\006"
 5054      4961AD5E 
 5054      A6D8092C 
 5054      4439A144 
 5054      22D30206 
 5055 01a8 1270FB6E 		.ascii	"\022p\373n%L\250&k\376\340Y1\2474\021\035\0005\253\""
 5055      254CA826 
 5055      6BFEE059 
 5055      31A73411 
 5055      1D0035AB 
 5056 01bd BB8833A1 		.ascii	"\273\2103\241\355\0378d\027C\254dp\220\006\002Q\025"
 5056      ED1F3864 
 5056      1743AC64 
 5056      70900602 
 5056      5115
 5057 01cf C754E560 		.ascii	"\307T\345`\325j\204\361\2330\"\030\02340\334\252[Bm"
 5057      D56A84F1 
 5057      9B302218 
 5057      133430DC 
 5057      AA5B426D 
 5058 01e3 82238FAC 		.ascii	"\202#\217\254\265Z\011\271N\213>\215\011\3175\034\232"
 5058      B55A09B9 
 5058      4E8B3E8D 
 5058      09CF351C 
 5058      9A
 5059 01f4 4C1C7137 		.ascii	"L\034q7C5\262\251\373\206\232\274]\245\014"
 5059      4335B2A9 
 5059      FB869ABC 
 5059      5DA50C
 5060              		.text
 5061              		.section	.gnu.lto_ald_usb_host_request_status.84.840c018b,"e",%progbits
 5062 0000 28B52FFD 		.ascii	"(\265/\375`j\000\365\011\0004\021\344\000\000\000T\000"
 5062      606A00F5 
 5062      09003411 
 5062      E4000000 
 5062      5400
 5063 0012 00002600 		.ascii	"\000\000&\000\000\000\001\003\000\001\222\221\212\002"
 5063      00000103 
 5063      00019291 
 5063      8A02
 5064 0020 00808080 		.ascii	"\000\200\200\200@\007\002\001\201\221\212\377\273\303"
 5064      40070201 
 5064      81918AFF 
 5064      BBC3
 5065 002e 0401B701 		.ascii	"\004\001\267\001\001\000\177\002\001\177\001\246\003"
 5065      01007F02 
 5065      017F01A6 
 5065      03
 5066 003b 2F808080 		.ascii	"/\200\200\200\370\304\335\233\014\205\030\352\000\000"
 5066      F8C4DD9B 
ARM GAS  C:\Users\PUBLIC~1.LAP\AppData\Local\Temp\ccG3WIcm.s 			page 186


 5066      0C8518EA 
 5066      0000
 5067 0049 7F000B01 		.ascii	"\177\000\013\001\000\000\000\257\322\005\340\200\374"
 5067      000000AF 
 5067      D205E080 
 5067      FC
 5068 0056 FF8F8080 		.ascii	"\377\217\200\200\347\273\001\221\214\362\015\005\001"
 5068      E7BB0191 
 5068      8CF20D05 
 5068      01
 5069 0063 00020102 		.ascii	"\000\002\001\002\000\002\001\000\000\243\003\200\004"
 5069      00020100 
 5069      00A30380 
 5069      04
 5070 0070 010000A4 		.ascii	"\001\000\000\244\003\002\201\300\000\000\372\002\200"
 5070      030281C0 
 5070      0000FA02 
 5070      80
 5071 007d E2FA6E00 		.ascii	"\342\372n\000\376\002\302\276\351\002\003\001\005\001"
 5071      FE02C2BE 
 5071      E9020301 
 5071      0501
 5072 008b 067B0100 		.ascii	"\006{\001\000\200\360\210\200\004\005\001\254\010y\272"
 5072      80F08880 
 5072      040501AC 
 5072      0879BA
 5073 009a 01B90100 		.ascii	"\001\271\001\0006\241\200\200\010w\273\001u\000\000"
 5073      36A18080 
 5073      0877BB01 
 5073      750000
 5074 00a9 00FE0283 		.ascii	"\000\376\002\203\224\207\345\002\003\002\003\001\006"
 5074      9487E502 
 5074      03020301 
 5074      06
 5075 00b6 1D01E0C2 		.ascii	"\035\001\340\302\362\212\001\350\002\276\003\002\377"
 5075      F28A01E8 
 5075      02BE0302 
 5075      FF
 5076 00c3 EE100082 		.ascii	"\356\020\000\202\003\202 \000\243\003\001\200\300RD"
 5076      03822000 
 5076      A3030180 
 5076      C05244
 5077 00d2 3A5C3030 		.ascii	":\\00a_liuhy\\temp126\\ChibiOS-Contrib/os/common/ex"
 5077      615F6C69 
 5077      7568795C 
 5077      74656D70 
 5077      3132365C 
 5078 0102 742F434D 		.ascii	"t/CMSIS/ES32/FS026/ald_usb.c\000\020\000\310.\242L\300"
 5078      5349532F 
 5078      45533332 
 5078      2F465330 
 5078      32362F61 
 5079 0126 8E37038F 		.ascii	"\2167\003\217\003\207C`\261\252x\243*\263h\354)\236"
 5079      03874360 
 5079      B1AA78A3 
 5079      2AB368EC 
 5079      299E
ARM GAS  C:\Users\PUBLIC~1.LAP\AppData\Local\Temp\ccG3WIcm.s 			page 187


 5080 0138 F152DA70 		.ascii	"\361R\332pa\324\030,y\031\"\\\016S;\311"
 5080      61D4182C 
 5080      7919225C 
 5080      0E533BC9 
 5081              		.text
 5082              		.section	.gnu.lto_ald_usb_host_reset.85.840c018b,"e",%progbits
 5083 0000 28B52FFD 		.ascii	"(\265/\375`=\001=\016\000\326\331_F\000\221(\035\240"
 5083      603D013D 
 5083      0E00D6D9 
 5083      5F460091 
 5083      281DA0
 5084 0013 BCD4D1C5 		.ascii	"\274\324\321\305lu\325\233/\231G\374\022k\376cxh\003"
 5084      6C75D59B 
 5084      2F9947FC 
 5084      126BFE63 
 5084      786803
 5085 0026 4CEB04FD 		.ascii	"L\353\004\375?\010\024\350#\021\004Q>\006\370\362\242"
 5085      3F0814E8 
 5085      23110451 
 5085      3E06F8F2 
 5085      A2
 5086 0037 8DD5C366 		.ascii	"\215\325\303f\372-2\343c\010\317\376 \321\334r\211\317"
 5086      FA2D32E3 
 5086      6308CFFE 
 5086      20D1DC72 
 5086      89CF
 5087 0049 4318F62F 		.ascii	"C\030\366/\232h\262\267\2242\005I\000H\000J\000\235"
 5087      9A68B2B7 
 5087      94320549 
 5087      0048004A 
 5087      009D
 5088 005b 62B9E86E 		.ascii	"b\271\350n\211\234B\246\362\340_\003\262!\000\010\031"
 5088      899C42A6 
 5088      F2E05F03 
 5088      B2210008 
 5088      19
 5089 006c 2C6E74F7 		.ascii	",nt\367\344\021\012\252\214\274\340\325\243$\272V/T"
 5089      E4110AAA 
 5089      8CBCE0D5 
 5089      A324BA56 
 5089      2F54
 5090 007e 7852F911 		.ascii	"xR\371\021\312h\314d\224\007\204/1\244\273U\245\313"
 5090      CA68CC64 
 5090      9407842F 
 5090      31A4BB55 
 5090      A5CB
 5091 0090 2174D9F5 		.ascii	"!t\331\365(\351\356/*\364\240\307\364?\367\177\364\253"
 5091      28E9EE2F 
 5091      2AF4A0C7 
 5091      F43FF77F 
 5091      F4AB
 5092 00a2 4AA68D81 		.ascii	"J\246\215\201\321v\371&L\262\001W\315\313\342\270\207"
 5092      D176F926 
 5092      4CB20157 
 5092      CDCBE2B8 
 5092      87
 5093 00b3 82A637C7 		.ascii	"\202\2467\307\337:-\213\37056\317\374\232R\225\273\217"
ARM GAS  C:\Users\PUBLIC~1.LAP\AppData\Local\Temp\ccG3WIcm.s 			page 188


 5093      DF3A2D8B 
 5093      F83536CF 
 5093      FC9A5295 
 5093      BB8F
 5094 00c5 BBDF4CC0 		.ascii	"\273\337L\300kF\250\253\026\335\035v\350\350\030\362"
 5094      6B46A8AB 
 5094      16DD1D76 
 5094      E8E818F2 
 5095 00d5 C589FFFA 		.ascii	"\305\211\377\372k\012\360\007\360\037\200QAWU\337\024"
 5095      6B0AF007 
 5095      F01F8051 
 5095      415755DF 
 5095      14
 5096 00e6 809A329D 		.ascii	"\200\2322\235;<\363\220\026n9\001\233\225\214\354b\022"
 5096      3B3CF390 
 5096      166E3901 
 5096      9B958CEC 
 5096      6212
 5097 00f8 8AAAA12F 		.ascii	"\212\252\241/\355\260\345\310j\003\346\203\313\336\374"
 5097      EDB0E5C8 
 5097      6A03E683 
 5097      CBDEFC
 5098 0107 BFA02D51 		.ascii	"\277\240-Q\326\035\202se\251\012/3\2412v\014\215\276"
 5098      D61D8273 
 5098      65A90A2F 
 5098      33A13276 
 5098      0C8DBE
 5099 011a 62C0542E 		.ascii	"b\300T.s\011\326\212\2759\210\215\212\246O\021\333\277"
 5099      7309D68A 
 5099      BD39888D 
 5099      8AA64F11 
 5099      DBBF
 5100 012c 94611575 		.ascii	"\224a\025u\346\276\344\263<O\020\"\001i\013>\333H\201"
 5100      E6BEE4B3 
 5100      3C4F1022 
 5100      01690B3E 
 5100      DB4881
 5101 013f 6FE5F391 		.ascii	"o\345\363\221\344C# R\311\304B\312gr6\215{07\004\234"
 5101      E4432320 
 5101      52C9C442 
 5101      CA677236 
 5101      8D7B3037 
 5102 0155 83C941E0 		.ascii	"\203\311A\340\"t\346\247\341d\216<\221\310\013M\222"
 5102      2274E6A7 
 5102      E1648E3C 
 5102      91C80B4D 
 5102      92
 5103 0166 3741DDCA 		.ascii	"7A\335\3127\362:\"\234\204\016\324\241t<\234\215DEt"
 5103      37F23A22 
 5103      9C840ED4 
 5103      A1743C9C 
 5103      8D444574 
 5104 017a F2795850 		.ascii	"\362yXPJ]\212\311G\323<\014\032Lh\265\306\016\034\000"
 5104      4A5D8AC9 
 5104      47D33C0C 
 5104      1A4C68B5 
 5104      C60E1C00 
ARM GAS  C:\Users\PUBLIC~1.LAP\AppData\Local\Temp\ccG3WIcm.s 			page 189


 5105 018e 344B915D 		.ascii	"4K\221]\030\231x0\216\206\007\022kR\000\214 \010XU\274"
 5105      18997830 
 5105      8E860712 
 5105      6B52008C 
 5105      20085855 
 5106 01a3 514D3723 		.ascii	"QM7#\214\334,\213R\332\005\261\265J\200P\001\255\012"
 5106      8CDC2C8B 
 5106      52DA05B1 
 5106      B54A8050 
 5106      01AD0A
 5107 01b6 0DA4003B 		.ascii	"\015\244\000;\244\306F\301^\327\304\207b\"\212\273\016"
 5107      A4C646C1 
 5107      5ED7C487 
 5107      62228ABB 
 5107      0E
 5108 01c7 AA394D5D 		.ascii	"\2529M]=\324\220\355*e"
 5108      3DD490ED 
 5108      2A65
 5109              		.text
 5110              		.section	.gnu.lto_ald_usb_host_resume.86.840c018b,"e",%progbits
 5111 0000 28B52FFD 		.ascii	"(\265/\375`=\0015\016\000\326\231_E\000\221(\035\200"
 5111      603D0135 
 5111      0E00D699 
 5111      5F450091 
 5111      281D80
 5112 0013 92C1A7A3 		.ascii	"\222\301\247\243\372\352\252\372\372\345|\230\025u\216"
 5112      FAEAAAFA 
 5112      FAE57C98 
 5112      15758E
 5113 0022 D7DB9E80 		.ascii	"\327\333\236\200b\237\211\274\207\206B\177$\202 \312"
 5113      629F89BC 
 5113      8786427F 
 5113      248220CA 
 5114 0032 C7005F5E 		.ascii	"\307\000_^\264\261z\330L\277Ef|\014\341\331\037$\232"
 5114      B4B17AD8 
 5114      4CBF4566 
 5114      7C0CE1D9 
 5114      1F249A
 5115 0045 5B2EF179 		.ascii	"[.\361y\010\303\376\230\211&{K)SI\000H\000J\000\235"
 5115      08C3FE98 
 5115      89267B4B 
 5115      29534900 
 5115      48004A00 
 5116 005a 5AB5E866 		.ascii	"Z\265\350fy\274B\246\362\340\037\303\301A@\210\231\223"
 5116      79BC42A6 
 5116      F2E01FC3 
 5116      C1414088 
 5116      9993
 5117 006c 8CEE9E4C 		.ascii	"\214\356\236LBA\225\221\027\274n\204\304\326\312\205"
 5117      42419591 
 5117      17BC6E84 
 5117      C4D6CA85 
 5118 007c 0A4D2A01 		.ascii	"\012M*\001\204-\032\263\026e\002\341)vt\267\276\350"
 5118      842D1AB3 
 5118      166502E1 
 5118      297674B7 
 5118      BEE8
ARM GAS  C:\Users\PUBLIC~1.LAP\AppData\Local\Temp\ccG3WIcm.s 			page 190


 5119 008e 76085576 		.ascii	"v\010Uv7B\272\373\213\012?\3501\375\317\375\027\375"
 5119      3742BAFB 
 5119      8B0A3FE8 
 5119      31FDCFFD 
 5119      17FD
 5120 00a0 6A12A565 		.ascii	"j\022\245eY\321v\371%L\362\201V\314ig\334\223\201\351"
 5120      59D176F9 
 5120      254CF281 
 5120      56CC6967 
 5120      DC9381E9 
 5121 00b4 A5F1B34C 		.ascii	"\245\361\263L\313#~\215\315.\277\246T\345\356\343\356"
 5121      CB237E8D 
 5121      CD2EBFA6 
 5121      54E5EEE3 
 5121      EE
 5122 00c5 371BF062 		.ascii	"7\033\360b\021\252\352\325\355\341U\243_H\027(\376\353"
 5122      11AAEAD5 
 5122      EDE155A3 
 5122      5F481728 
 5122      FEEB
 5123 00d7 AF29C03F 		.ascii	"\257)\300?\300\217@\205\005]}\371\266\000\324T\351\334"
 5123      C08F4085 
 5123      055D7DF9 
 5123      B600D454 
 5123      E9DC
 5124 00e9 01ECF28E 		.ascii	"\001\354\362\216\024Ny\001\027\215\214\334\342\022\212"
 5124      144E7901 
 5124      178D8CDC 
 5124      E2128A
 5125 00f8 82A134DA 		.ascii	"\202\2414\332a\313\2215\306\012\010\225\255\371\217"
 5125      61CB9135 
 5125      C60A0895 
 5125      ADF98F
 5126 0107 4159A1AC 		.ascii	"AY\241\254[\304\346\252\322\225\227\235P\031\233E\246"
 5126      5BC4E6AA 
 5126      D295979D 
 5126      50199B45 
 5126      A6
 5127 0118 AF193095 		.ascii	"\257\0310\225\313lB\265bk\316\341\232\201iS\304\366"
 5127      CB6C42B5 
 5127      626BCEE1 
 5127      9A816953 
 5127      C4F6
 5128 012a 27695845 		.ascii	"'iXE\235\271/\371(\017W\000\002\371h\014<\333\207\201"
 5128      9DB92FF9 
 5128      280F5700 
 5128      02F9680C 
 5128      3CDB8781 
 5129 013e EFC4F38D 		.ascii	"\357\304\363\215\344A\037\237\021I\344B\211gn6\215\203"
 5129      E4411F9F 
 5129      1149E442 
 5129      89676E36 
 5129      8D83
 5130 0150 30B704DC 		.ascii	"0\267\004\334\203\311E\340$p\346\267ad\212\274P\310"
 5130      83C945E0 
 5130      2470E6B7 
 5130      61648ABC 
ARM GAS  C:\Users\PUBLIC~1.LAP\AppData\Local\Temp\ccG3WIcm.s 			page 191


 5130      50C8
 5131 0162 03CD9137 		.ascii	"\003\315\2217?\335\311'\3628\036\334\204\356\323\221"
 5131      3FDDC927 
 5131      F2381EDC 
 5131      84EED391 
 5132 0172 703A9B0D 		.ascii	"p:\233\015\304$4\362uPHH]\211\210G\323:\015\034P`\265"
 5132      C42434F2 
 5132      75504848 
 5132      5D898847 
 5132      D33A0D1C 
 5133 0189 C60E1C00 		.ascii	"\306\016\034\0004K\221]\030\231x0\216\206\007\022kR"
 5133      344B915D 
 5133      18997830 
 5133      8E860712 
 5133      6B52
 5134 019b 008C2008 		.ascii	"\000\214 \010XU\274QM7#\214\334,\213R\332\005\261\265"
 5134      5855BC51 
 5134      4D37238C 
 5134      DC2C8B52 
 5134      DA05B1B5 
 5135 01af 4A805001 		.ascii	"J\200P\001\255\012\015\244\000;\244\306F\301^\327\304"
 5135      AD0A0DA4 
 5135      003BA4C6 
 5135      46C15ED7 
 5135      C4
 5136 01c0 8762228A 		.ascii	"\207b\"\212\273\016\2529M]=\324\220\355*e"
 5136      BB0EAA39 
 5136      4D5D3DD4 
 5136      90ED2A65 
 5137              		.text
 5138              		.section	.gnu.lto_ald_usb_host_suspend.87.840c018b,"e",%progbits
 5139 0000 28B52FFD 		.ascii	"(\265/\375`i\000\365\011\000$\021\343\000\000\000T\000"
 5139      606900F5 
 5139      09002411 
 5139      E3000000 
 5139      5400
 5140 0012 00002600 		.ascii	"\000\000&\000\000\000\001\003\000\001\222\221\212\002"
 5140      00000103 
 5140      00019291 
 5140      8A02
 5141 0020 00808080 		.ascii	"\000\200\200\200@\007\002\001\201\221\212\377\310\303"
 5141      40070201 
 5141      81918AFF 
 5141      C8C3
 5142 002e 0401B701 		.ascii	"\004\001\267\001\001\000\177\002\001\177\001\246\003"
 5142      01007F02 
 5142      017F01A6 
 5142      03
 5143 003b 2F808080 		.ascii	"/\200\200\200\370\204\306\234\014\205\030\352\000\000"
 5143      F884C69C 
 5143      0C8518EA 
 5143      0000
 5144 0049 7F000B01 		.ascii	"\177\000\013\001\000\000\000\257\322\005\340\200\374"
 5144      000000AF 
 5144      D205E080 
 5144      FC
 5145 0056 FF8F8080 		.ascii	"\377\217\200\200\357\310\001\221\214\246\016\005\001"
ARM GAS  C:\Users\PUBLIC~1.LAP\AppData\Local\Temp\ccG3WIcm.s 			page 192


 5145      EFC80191 
 5145      8CA60E05 
 5145      01
 5146 0063 00020102 		.ascii	"\000\002\001\002\000\002\001\000\000\243\003\200\004"
 5146      00020100 
 5146      00A30380 
 5146      04
 5147 0070 010000A4 		.ascii	"\001\000\000\244\003\002\201\300\000\000\372\002\200"
 5147      030281C0 
 5147      0000FA02 
 5147      80
 5148 007d E29C7200 		.ascii	"\342\234r\000\376\002\302\276\351\002\003\001\005\001"
 5148      FE02C2BE 
 5148      E9020301 
 5148      0501
 5149 008b 067B0100 		.ascii	"\006{\001\000\200\360\210\200\004\005\001\254\010y\272"
 5149      80F08880 
 5149      040501AC 
 5149      0879BA
 5150 009a 01B90100 		.ascii	"\001\271\001\0006\241\200\200\010w\273\001u\000\000"
 5150      36A18080 
 5150      0877BB01 
 5150      750000
 5151 00a9 00FE0283 		.ascii	"\000\376\002\203\224\207\355\001\003\002\003\001\006"
 5151      9487ED01 
 5151      03020301 
 5151      06
 5152 00b6 1D0102F2 		.ascii	"\035\001\002\362\212\001\350\002\276\003\002\237\362"
 5152      8A01E802 
 5152      BE03029F 
 5152      F2
 5153 00c3 10008203 		.ascii	"\020\000\202\003\202 \000\243\003\001\200\300RD:\\0"
 5153      822000A3 
 5153      030180C0 
 5153      52443A5C 
 5153      30
 5154 00d4 30615F6C 		.ascii	"0a_liuhy\\temp126\\ChibiOS-Contrib/os/common/ext/CM"
 5154      69756879 
 5154      5C74656D 
 5154      70313236 
 5154      5C436869 
 5155 0105 5349532F 		.ascii	"SIS/ES32/FS026/ald_usb.c\000\020\000\310.\242L\300\215"
 5155      45533332 
 5155      2F465330 
 5155      32362F61 
 5155      6C645F75 
 5156 0126 37038FF3 		.ascii	"7\003\217\363\206C`1\252x\233\232NE\030Q\030\213\245"
 5156      86436031 
 5156      AA789B9A 
 5156      4E451851 
 5156      188BA5
 5157 0139 34ECC2A8 		.ascii	"4\354\302\2501X\3622D\270\034\246v\222\001"
 5157      3158F232 
 5157      44B81CA6 
 5157      769201
 5158              		.text
 5159              		.section	.gnu.lto_ald_usb_host_speed_get.88.840c018b,"e",%progbits
ARM GAS  C:\Users\PUBLIC~1.LAP\AppData\Local\Temp\ccG3WIcm.s 			page 193


 5160 0000 28B52FFD 		.ascii	"(\265/\375`\315\000\255\014\000f\230ZD\000\223\223\016"
 5160      60CD00AD 
 5160      0C006698 
 5160      5A440093 
 5160      930E
 5161 0012 20768886 		.ascii	" v\210\206\322\342\033\250L\201\340\001\377\271\304"
 5161      D2E21BA8 
 5161      4C81E001 
 5161      FFB9C4
 5162 0021 4AF567A3 		.ascii	"J\365g\243\022\015\023q\206\331\031\003zF\001\264iY"
 5162      120D1371 
 5162      86D91903 
 5162      7A4601B4 
 5162      6959
 5163 0033 0977ECBF 		.ascii	"\011w\354\277\340aJ\227\314\367\374&\307\030\311mx\214"
 5163      E0614A97 
 5163      CCF7FC26 
 5163      C718C96D 
 5163      788C
 5164 0045 7A477100 		.ascii	"zGq\000\355\265\201mdo)S\012F\000C\000B\000o\341\342"
 5164      EDB5816D 
 5164      646F2953 
 5164      0A460043 
 5164      0042006F 
 5165 005b D5E350B8 		.ascii	"\325\343P\270\022\220\260\301\002\262\313E\001'\301"
 5165      1290B0C1 
 5165      02B2CB45 
 5165      0127C1
 5166 006a 0EDF0360 		.ascii	"\016\337\003`\207z\342\253?\315\225\377\331^\376<3\327"
 5166      877AE2AB 
 5166      3FCD95FF 
 5166      D95EFE3C 
 5166      33D7
 5167 007c 37C08563 		.ascii	"7\300\205cfd\213y$748\177=;l\254\314\216\311\356:[["
 5167      66648B79 
 5167      24373438 
 5167      7F3D3B6C 
 5167      ACCC8EC9 
 5168 0094 881BDEF6 		.ascii	"\210\033\336\366\002\333\023\354\023\010\207o9\364X"
 5168      02DB13EC 
 5168      1308876F 
 5168      39F458
 5169 00a3 3F037698 		.ascii	"?\003v\230\012`\207\214\031\231\343\277~\020>ltl\012"
 5169      0A60878C 
 5169      1999E3BF 
 5169      7E103E6C 
 5169      746C0A
 5170 00b6 B1B997D4 		.ascii	"\261\271\227\324\032\373\332u]g\245\2615\335q\032f:"
 5170      1AFBDA75 
 5170      5D67A5B1 
 5170      35DD711A 
 5170      663A
 5171 00c8 337DCF48 		.ascii	"3}\317H\012\234\3555\272\335\017\335\220\315\001o\254"
 5171      0A9CED35 
 5171      BADD0FDD 
 5171      90CD016F 
 5171      AC
ARM GAS  C:\Users\PUBLIC~1.LAP\AppData\Local\Temp\ccG3WIcm.s 			page 194


 5172 00d9 B0EFC2C5 		.ascii	"\260\357\302\305\026\361Y\004\030\324\226m\2506\201"
 5172      16F15904 
 5172      18D4966D 
 5172      A83681
 5173 00e8 5198B7BB 		.ascii	"Q\230\267\273\373>i\237\264|\253\243\252\2336?nJ\250"
 5173      FB3E699F 
 5173      B47CABA3 
 5173      AA9B363F 
 5173      6E4AA8
 5174 00fb D6F825D8 		.ascii	"\326\370%\330\365\257S\240\301\203\225Al\356%X\352\325"
 5174      F5AF53A0 
 5174      C1839541 
 5174      6CEE2558 
 5174      EAD5
 5175 010d 29332226 		.ascii	")3\"&sl_x\014\224g\327\204\310\177q\030*\317\356^EN"
 5175      736C5F78 
 5175      0C9467D7 
 5175      84C87F71 
 5175      182ACFEE 
 5176 0124 315042A9 		.ascii	"1PB\251N*\260\240DQ\010\2249\210!\004Y\203\230=\310"
 5176      4E2AB0A0 
 5176      44510894 
 5176      39882104 
 5176      5983983D 
 5177 0139 208C624A 		.ascii	" \214bJ\203Jl\321N'-%\242\264X2aH\265h\243\002Y\004"
 5177      834A6CD1 
 5177      4E272D25 
 5177      A2B45832 
 5177      6148B568 
 5178 0151 53C9B432 		.ascii	"S\311\2642\"\211B\007,\234TR\244\015+*\023\313\011\012"
 5178      22894207 
 5178      2C9C5452 
 5178      A40D2B2A 
 5178      13CB090A 
 5179 0165 084452C0 		.ascii	"\010DR\300@\002\267\177\373\264s\0172\"\\\371\257\002"
 5179      4002B77F 
 5179      FBB4730F 
 5179      32225CF9 
 5179      AF02
 5180 0177 0F00C81E 		.ascii	"\017\000\310\036\321\213P\206EHZ\214S\210\006\256\010"
 5180      D18B5086 
 5180      45485A8C 
 5180      538806AE 
 5180      08
 5181 0188 DAD41C84 		.ascii	"\332\324\034\204?\356\240)\315\211\013B\231\306\211"
 5181      3FEEA029 
 5181      CD890B42 
 5181      99C689
 5182 0197 6BA5453C 		.ascii	"k\245E<\032\203\332\003"
 5182      1A83DA03 
 5183              		.text
 5184              		.section	.gnu.lto_ald_usb_host_ep_speed_set.89.840c018b,"e",%progbits
 5185 0000 28B52FFD 		.ascii	"(\265/\375`]\000\275\011\0004\021\266\000\000\000u\000"
 5185      605D00BD 
 5185      09003411 
 5185      B6000000 
 5185      7500
ARM GAS  C:\Users\PUBLIC~1.LAP\AppData\Local\Temp\ccG3WIcm.s 			page 195


 5186 0012 00002600 		.ascii	"\000\000&\000\000\000\001\003\000\001\222\221\212\002"
 5186      00000103 
 5186      00019291 
 5186      8A02
 5187 0020 00808080 		.ascii	"\000\200\200\200@\007\002\001\201\221\212\327\314\303"
 5187      40070201 
 5187      81918AD7 
 5187      CCC3
 5188 002e 0401BD01 		.ascii	"\004\001\275\001\001\000\177\002\001\177\001\246\003"
 5188      01007F02 
 5188      017F01A6 
 5188      03
 5189 003b 2F808080 		.ascii	"/\200\200\200\370\304\337\234\014\205\030\352\000\000"
 5189      F8C4DF9C 
 5189      0C8518EA 
 5189      0000
 5190 0049 7F000501 		.ascii	"\177\000\005\001\006\023\001\004\005\001\006\025\001"
 5190      06130104 
 5190      05010615 
 5190      01
 5191 0056 20050108 		.ascii	" \005\001\010U\000-\300\200\200\320\331\274\200\200"
 5191      55002DC0 
 5191      8080D0D9 
 5191      BC8080
 5192 0065 09007DBA 		.ascii	"\011\000}\272\001\177\271\001\270\001\000\000\002\001"
 5192      017FB901 
 5192      B8010000 
 5192      0201
 5193 0073 5C841D05 		.ascii	"\\\204\035\005\001\010p\372\274\221\035\000\000\013"
 5193      010870FA 
 5193      BC911D00 
 5193      000B
 5194 0081 01000000 		.ascii	"\001\000\000\000\257\322\005\340\200\374\377\217\200"
 5194      AFD205E0 
 5194      80FCFF8F 
 5194      80
 5195 008e 80C7CC01 		.ascii	"\200\307\314\001\221\354\262\016\002\000\000\243\003"
 5195      91ECB20E 
 5195      020000A3 
 5195      03
 5196 009b 80040100 		.ascii	"\200\004\001\000\000\244\003\002\201\300\000\000\372"
 5196      00A40302 
 5196      81C00000 
 5196      FA
 5197 00a8 02802200 		.ascii	"\002\200\"\000\202\003\202 \000\243\003\200\004\001"
 5197      82038220 
 5197      00A30380 
 5197      0401
 5198 00b6 80C05244 		.ascii	"\200\300RD:\\00a_liuhy\\temp126\\ChibiOS-Contrib/os"
 5198      3A5C3030 
 5198      615F6C69 
 5198      7568795C 
 5198      74656D70 
 5199 00e0 2F636F6D 		.ascii	"/common/ext/CMSIS/ES32/FS026/ald_usb.c\000\006ep_id"
 5199      6D6F6E2F 
 5199      6578742F 
 5199      434D5349 
ARM GAS  C:\Users\PUBLIC~1.LAP\AppData\Local\Temp\ccG3WIcm.s 			page 196


 5199      532F4553 
 5200 010d 78132E32 		.ascii	"x\023.2a80b1c4\000\005flags\015\0005\253\"\273\2102"
 5200      61383062 
 5200      31633400 
 5200      05666C61 
 5200      67730D00 
 5201 0127 A1752F30 		.ascii	"\241u/0\\P\256\341\226,\214,\214\007\214\200q/\324\224"
 5201      5C50AEE1 
 5201      962C8C2C 
 5201      8C078C80 
 5201      712FD494 
 5202 013b 70874DED 		.ascii	"p\207M\355$\003"
 5202      2403
 5203              		.text
 5204              		.section	.gnu.lto_ald_usb_host_ep_ping.90.840c018b,"e",%progbits
 5205 0000 28B52FFD 		.ascii	"(\265/\375`\\\000\035\012\0004\022\264\000\000\000v"
 5205      605C001D 
 5205      0A003412 
 5205      B4000000 
 5205      76
 5206 0011 00000026 		.ascii	"\000\000\000&\000\000\000\001\003\000\001\222\221\212"
 5206      00000001 
 5206      03000192 
 5206      918A
 5207 001f 02008080 		.ascii	"\002\000\200\200\200@\007\002\001\201\221\212\367\315"
 5207      80400702 
 5207      0181918A 
 5207      F7CD
 5208 002d C30401BD 		.ascii	"\303\004\001\275\001\001\000\177\002\001\177\001\246"
 5208      0101007F 
 5208      02017F01 
 5208      A6
 5209 003a 032F8080 		.ascii	"\003/\200\200\200\370\304\355\234\014\205\030\352\000"
 5209      80F8C4ED 
 5209      9C0C8518 
 5209      EA00
 5210 0048 007F0005 		.ascii	"\000\177\000\005\001\006\023\001\004\005\001\006\025"
 5210      01061301 
 5210      04050106 
 5210      15
 5211 0055 01200501 		.ascii	"\001 \005\001\010U\000-\300\200\200\320\314\274\200"
 5211      0855002D 
 5211      C08080D0 
 5211      CCBC80
 5212 0064 8009007D 		.ascii	"\200\011\000}\272\001\177\271\001\270\001\000\000\002"
 5212      BA017FB9 
 5212      01B80100 
 5212      0002
 5213 0072 015CD71C 		.ascii	"\001\\\327\034\005\001\010p\351\270\200\200\003\000"
 5213      05010870 
 5213      E9B88080 
 5213      0300
 5214 0080 7BBC017F 		.ascii	"{\274\001\17752\000\000\002\002\\\344\034\000\000\013"
 5214      35320000 
 5214      02025CE4 
 5214      1C00000B 
 5215 0090 01000000 		.ascii	"\001\000\000\000\257\322\005\340\200\374\377\217\200"
ARM GAS  C:\Users\PUBLIC~1.LAP\AppData\Local\Temp\ccG3WIcm.s 			page 197


 5215      AFD205E0 
 5215      80FCFF8F 
 5215      80
 5216 009d 80E7CD01 		.ascii	"\200\347\315\001\221\354\267\016\002\000\000\243\003"
 5216      91ECB70E 
 5216      020000A3 
 5216      03
 5217 00aa 80040100 		.ascii	"\200\004\001\000\000\244\003\002\201\300\000\000\372"
 5217      00A40302 
 5217      81C00000 
 5217      FA
 5218 00b7 02802200 		.ascii	"\002\200\"\000\202\003\202 \000\243\003\200\004\001"
 5218      82038220 
 5218      00A30380 
 5218      0401
 5219 00c5 80C05244 		.ascii	"\200\300RD:\\00a_liuhy\\temp126\\ChibiOS-Contrib/os"
 5219      3A5C3030 
 5219      615F6C69 
 5219      7568795C 
 5219      74656D70 
 5220 00ef 2F636F6D 		.ascii	"/common/ext/CMSIS/ES32/FS026/ald_usb.c\000\006ep_id"
 5220      6D6F6E2F 
 5220      6578742F 
 5220      434D5349 
 5220      532F4553 
 5221 011c 78132E32 		.ascii	"x\023.2a80b1c4\000\006enable\013\0005\253\"\273\210"
 5221      61383062 
 5221      31633400 
 5221      06656E61 
 5221      626C650B 
 5222 0136 32A1712F 		.ascii	"2\241q/0\\P\256\341\216,\014W\030\342B\215\016w\330"
 5222      305C50AE 
 5222      E18E2C0C 
 5222      5718E242 
 5222      8D0E77D8 
 5223 014a D44E32   		.ascii	"\324N2"
 5224              		.text
 5225              		.section	.gnu.lto_ald_usb_ep_data_avail.91.840c018b,"e",%progbits
 5226 0000 28B52FFD 		.ascii	"(\265/\375`x\002\305\022\000Vc{F\360\322f8X\313\024"
 5226      607802C5 
 5226      12005663 
 5226      7B46F0D2 
 5226      663858CB 
 5227 0015 78CB2FEE 		.ascii	"x\313/\356\314hXo\252T\010\340\257\261\206\245!\227"
 5227      CC68586F 
 5227      AA5408E0 
 5227      AFB186A5 
 5227      2197
 5228 0027 55839F36 		.ascii	"U\203\2376`\274ik\260r-m\245\3039\347\304{\\\216\001"
 5228      60BC696B 
 5228      B0722D6D 
 5228      A5C339E7 
 5228      C47B5C8E 
 5229 003c 7D45D798 		.ascii	"}E\327\230N\224\331\232m\233\204\261\2329\307\005 c"
 5229      4E94D99A 
 5229      6D9B84B1 
 5229      9A39C705 
ARM GAS  C:\Users\PUBLIC~1.LAP\AppData\Local\Temp\ccG3WIcm.s 			page 198


 5229      2063
 5230 004e EFBDB794 		.ascii	"\357\275\267\224)\005d\000_\000e\000\316\327.\0043\200"
 5230      29056400 
 5230      5F006500 
 5230      CED72E04 
 5230      3380
 5231 0060 DD211C35 		.ascii	"\335!\0345vm&\226\000\276\263\355\263x\213\034\3038"
 5231      766D2696 
 5231      00BEB3ED 
 5231      B3788B1C 
 5231      C338
 5232 0072 5B8A1229 		.ascii	"[\212\022)$\222v\202\354\332\304\222\023\360\336q\037"
 5232      24927682 
 5232      ECDAC492 
 5232      13F0DE71 
 5232      1F
 5233 0083 F1DE298A 		.ascii	"\361\336)\212\303\376y\035\247\011\363Kc\354\037\330"
 5233      C3FE791D 
 5233      A709F34B 
 5233      63EC1FD8 
 5234 0093 738F43F7 		.ascii	"s\217C\367\371\334H\242\215=\347vL\343,5\0347p%\273"
 5234      F9DC48A2 
 5234      8D3DE776 
 5234      4CE32C35 
 5234      1C377025 
 5235 00a8 FBDAB3C3 		.ascii	"\373\332\263\303\250\223\371\255\354\256\2236\206\270"
 5235      A893F9AD 
 5235      ECAE9336 
 5235      86B8
 5236 00b6 C1DBC660 		.ascii	"\301\333\306`\373e\347,*\276\213\023\335\344\016\240"
 5236      FB65E72C 
 5236      2ABE8B13 
 5236      DDE40EA0 
 5237 00c6 77DCF2FC 		.ascii	"w\334\362\374X?\203\367\356>h@\212\362f\223\246\276"
 5237      583F83F7 
 5237      EE3E6840 
 5237      8AF26693 
 5237      A6BE
 5238 00d8 C8EC26CB 		.ascii	"\310\354&\313\233_\373A \215:6\207\330\266X\352\217"
 5238      9B5FFB41 
 5238      208D3A36 
 5238      87D8B658 
 5238      EA8F
 5239 00ea 7D6ED5C7 		.ascii	"}n\325\307v:\274\320or\272\244i0\323_\246\275Lw\231"
 5239      763ABCD0 
 5239      6F72BAA4 
 5239      6930D35F 
 5239      A6BD4C77 
 5240 00ff D64C67A6 		.ascii	"\326Lg\246/ \354\0014\236F\322\356\207$\"\233\243\263"
 5240      2F20EC01 
 5240      349E46D2 
 5240      EE872422 
 5240      9BA3B3
 5241 0112 A1C2FE50 		.ascii	"\241\302\376P\216m\262\017\020\251\0022\225}a\332,\012"
 5241      8E6DB20F 
 5241      10A90232 
 5241      957D61DA 
ARM GAS  C:\Users\PUBLIC~1.LAP\AppData\Local\Temp\ccG3WIcm.s 			page 199


 5241      2C0A
 5242 0124 791AA8AA 		.ascii	"y\032\250\252k\223\266\014K\236\231mwO\031\363\364\007"
 5242      6B93B60C 
 5242      4B9E996D 
 5242      774F19F3 
 5242      F407
 5243 0136 C66FF44F 		.ascii	"\306o\364O_\3412\276\025]\247\241~v\223\271\036\243"
 5243      5FE132BE 
 5243      155DA7A1 
 5243      7E7693B9 
 5243      1EA3
 5244 0148 D3D0C477 		.ascii	"\323\320\304ww9\022\317\323\327>\341'\361T=u\316F\350"
 5244      773912CF 
 5244      D3D73EE1 
 5244      27F1543D 
 5244      75CE46E8 
 5245 015c E4CDF6EB 		.ascii	"\344\315\366\353E\240j\000\036D\006\220zrwc\012\363"
 5245      45A06A00 
 5245      1E440690 
 5245      7A727763 
 5245      0AF3
 5246 016e 4C5AC088 		.ascii	"LZ\300\210\307N\012\361\000$\021\251\266\205\277\250"
 5246      C74E0AF1 
 5246      002411A9 
 5246      B685BFA8 
 5247 017e 01774F04 		.ascii	"\001wO\004NyAY\235\022\270\240NFp`Z-4,\317/'\253\232"
 5247      4E794159 
 5247      9D12B8A0 
 5247      4E467060 
 5247      5A2D342C 
 5248 0197 9B161819 		.ascii	"\233\026\030\031\027Q\005uJ5\020Q\010R\014\304\224\203"
 5248      17510575 
 5248      4A351051 
 5248      08520CC4 
 5248      9483
 5249 01a9 D40316D1 		.ascii	"\324\003\026\321\006\207%\316\274\\\256\327\213X\363"
 5249      068725CE 
 5249      BC5CAED7 
 5249      8B58F3
 5250 01b8 1257AD0B 		.ascii	"\022W\255\01363/\026\223\024\204\326\252\025\303\242"
 5250      36332F16 
 5250      931484D6 
 5250      AA15C3A2 
 5251 01c8 5241A1D0 		.ascii	"RA\241\320\270X6*\01517-\231\026\227\323I\245`A\004"
 5251      B858362A 
 5251      0D31372D 
 5251      991697D3 
 5251      49A56041 
 5252 01dd DB9E5BF5 		.ascii	"\333\236[\365\261\336vs\036\250\341Q\320\215\013\325"
 5252      B1DE7673 
 5252      1EA8E151 
 5252      D08D0BD5 
 5253 01ed C351D08C 		.ascii	"\303Q\320\214\356\266\227\224f\273\244^\011, \240\002"
 5253      EEB69794 
 5253      66BBA45E 
 5253      092C20A0 
 5253      02
ARM GAS  C:\Users\PUBLIC~1.LAP\AppData\Local\Temp\ccG3WIcm.s 			page 200


 5254 01fe A1A9EB01 		.ascii	"\241\251\353\001%\252\"\037\321\324\320\243\031\206"
 5254      25AA221F 
 5254      D1D4D0A3 
 5254      1986
 5255 020c 15ADAF12 		.ascii	"\025\255\257\02284{C\332\326\200H \015\3610Bq\2351\350"
 5255      38347B43 
 5255      DAD68048 
 5255      200DF130 
 5255      42719D31 
 5256 0221 01B34921 		.ascii	"\001\263I!R\270\327\210\216w\241\213G\341\267\016\\"
 5256      52B8D788 
 5256      8E77A18B 
 5256      47E1B70E 
 5256      5C
 5257 0232 CDAF45EA 		.ascii	"\315\257E\352R;VU/\2004\247>\321\314'\213'-\212=\361"
 5257      523B5655 
 5257      2F8034A7 
 5257      3ED1CC27 
 5257      8B272D8A 
 5258 0248 658C5D5E 		.ascii	"e\214]^\000\305kb\372\352\252A\3127P,\347\225\265\024"
 5258      00C56B62 
 5258      FAEAAA41 
 5258      CA37502C 
 5258      E795B514 
 5259 025c EDA637C1 		.ascii	"\355\2467\301\224\001"
 5259      9401
 5260              		.text
 5261              		.section	.gnu.lto_ald_usb_ep_data_get.92.840c018b,"e",%progbits
 5262 0000 28B52FFD 		.ascii	"(\265/\375`s\006\245&\000jD\034\017G\200\332Q:k@\205"
 5262      607306A5 
 5262      26006A44 
 5262      1C0F4780 
 5262      DA513A6B 
 5263 0016 699B5841 		.ascii	"i\233XA:\015\235]\033\021\372\244\266&,4\032\210\350"
 5263      3A0D9D5D 
 5263      1B11FAA4 
 5263      B6262C34 
 5263      1A88E8
 5264 0029 A7BFEE50 		.ascii	"\247\277\356P\334\013\277\003\002M\320t3%\2725\254\""
 5264      DC0BBF03 
 5264      024DD074 
 5264      3325BA35 
 5264      AC22
 5265 003b 23B0253A 		.ascii	"#\260%:\021\326m\307C\253e#\334&\032\334f\315\265o{"
 5265      11D66DC7 
 5265      43AB6523 
 5265      DC261ADC 
 5265      66CDB56F 
 5266 0050 D2F62672 		.ascii	"\322\366&r'\031\337\000\313\000\335\000\025\210\007"
 5266      2719DF00 
 5266      CB00DD00 
 5266      158807
 5267 005f 901969F5 		.ascii	"\220\031i\365\333u\257FGlL\355^d\202W^\001\264\0054"
 5267      DB75AF46 
 5267      476C4CED 
 5267      5E648257 
 5267      5E01B405 
ARM GAS  C:\Users\PUBLIC~1.LAP\AppData\Local\Temp\ccG3WIcm.s 			page 201


 5268 0074 CBAACCDE 		.ascii	"\313\252\314\3365\236\3118\241\004\366\230\0127#\316"
 5268      359EC938 
 5268      A104F698 
 5268      0A3723CE 
 5269 0084 D7026F80 		.ascii	"\327\002o\200\224\276\211\025\337\356\035\263r\345^"
 5269      94BE8915 
 5269      DFEE1DB3 
 5269      72E55E
 5270 0093 E4116B38 		.ascii	"\344\021k8_\231\231\257\344KX\360\225\211\014\373J\332"
 5270      5F9999AF 
 5270      E44B58F0 
 5270      95890CFB 
 5270      4ADA
 5271 00a5 919645E7 		.ascii	"\221\226E\347\336\373\033\272\000\373j\336g_\373\007"
 5271      DEFB1BBA 
 5271      00FB6ADE 
 5271      675FFB07 
 5272 00b5 F7727913 		.ascii	"\367ry\023y\326\321\253\357t9\334\355\264\331j6\275"
 5272      79D6D1AB 
 5272      EF7439DC 
 5272      EDB4D96A 
 5272      36BD
 5273 00c7 E2B7F8CE 		.ascii	"\342\267\370\316\264\271\2201\344e\270v\230JkjY\214"
 5273      B4B99031 
 5273      E465B876 
 5273      984A6B6A 
 5273      598C
 5274 00d9 70E5A0BA 		.ascii	"p\345\240\272\037]:\236\263-U\020c\363\246G\227\216"
 5274      1F5D3A9E 
 5274      B32D5510 
 5274      63F3A647 
 5274      978E
 5275 00eb E36E9DA6 		.ascii	"\343n\235\246\345|\031\256\0337\302\345Em\266%\242\036"
 5275      E57C19AE 
 5275      1B37C2E5 
 5275      456DB625 
 5275      A21E
 5276 00fd 5D386E4F 		.ascii	"]8nO\334\361j\315\200\021\243u\254q\323\214\020\004"
 5276      DCF16ACD 
 5276      8011A375 
 5276      AC71D38C 
 5276      1004
 5277 010f 4D1ADEB1 		.ascii	"M\032\336\261hj\270\341\225;f\321\346\035\215\346\320"
 5277      686AB8E1 
 5277      953B66D1 
 5277      E61D8DE6 
 5277      D0
 5278 0120 BDF767A7 		.ascii	"\275\367g\247[G,JmK\367^\246Z\307\2563\357\314\014\207"
 5278      5B472C4A 
 5278      6D4BF75E 
 5278      A65AC7AE 
 5278      33EFCC0C 
 5279 0135 995F30D7 		.ascii	"\231_0\3276\001\314\354\341S\316\356\235\2322\002\311"
 5279      3601CCEC 
 5279      E153CEEE 
 5279      9D9A3202 
 5279      C9
ARM GAS  C:\Users\PUBLIC~1.LAP\AppData\Local\Temp\ccG3WIcm.s 			page 202


 5280 0146 19404D86 		.ascii	"\031@M\206\314h+\353\323\003\316\324d\321:\334K\036"
 5280      CC682BEB 
 5280      D303CED4 
 5280      64D13ADC 
 5280      4B1E
 5281 0158 69330B8F 		.ascii	"i3\013\217\006\342\274\227\307\003>\224G\231\242i\204"
 5281      06E2BC97 
 5281      C7033E94 
 5281      4799A269 
 5281      84
 5282 0169 BC9AF785 		.ascii	"\274\232\367\205\332\375\320\016\355\353\333h\3011\243"
 5282      DAFDD00E 
 5282      EDEBDB68 
 5282      C131A3
 5283 0178 4AF669DA 		.ascii	"J\366i\332\277cT\022\251\222Q\330\371\331\3179t\312"
 5283      BF635412 
 5283      A99251D8 
 5283      F9D9CF39 
 5283      74CA
 5284 018a 5CBAC68C 		.ascii	"\\\272\306\214lA\033\214\371Jq\300\374\340\366\301l"
 5284      6C411B8C 
 5284      F94A71C0 
 5284      FCE0F6C1 
 5284      6C
 5285 019b 54F4B1DF 		.ascii	"T\364\261\337\300\221g\"\241\240\227\375\005~\336\344"
 5285      C0916722 
 5285      A1A097FD 
 5285      057EDEE4 
 5286 01ab F761CA3D 		.ascii	"\367a\312=\276\233\235\003|\354\314S)\367l\224\001X"
 5286      BE9B9D03 
 5286      7CECCC53 
 5286      29F76C94 
 5286      0158
 5287 01bd CA3C4B79 		.ascii	"\312<Kyg)\353,\345\\\245\214\263\224o\225\362Y)\333"
 5287      6729EB2C 
 5287      E55CA58C 
 5287      B3946F95 
 5287      F25929DB 
 5288 01d1 4AB956CA 		.ascii	"J\271V\312f\245\334\2252\255\224\177\200\247\204q\374"
 5288      66A5DC95 
 5288      32AD947F 
 5288      80A78471 
 5288      FC
 5289 01e2 1731F7CA 		.ascii	"\0271\367\312X\332\271cj\026\"G\376f\247\314gf\026\374"
 5289      58DAB963 
 5289      6A162247 
 5289      FE66A7CC 
 5289      676616FC 
 5290 01f6 273FE31C 		.ascii	"'?\343\034\220\027\220\331\314j(\307\225\033\317\007"
 5290      901790D9 
 5290      CC6A28C7 
 5290      951BCF07 
 5291 0206 5DD48752 		.ascii	"]\324\207RDB\324\000\372r\214J\342\027\332h]\\\034s"
 5291      4442D400 
 5291      FA728C4A 
 5291      E217DA68 
 5291      5D5C1C73 
ARM GAS  C:\Users\PUBLIC~1.LAP\AppData\Local\Temp\ccG3WIcm.s 			page 203


 5292 021a 0DC636B1 		.ascii	"\015\3066\261(\267\237\246hL\302\330\240\016\320Z\314"
 5292      28B79FA6 
 5292      684CC2D8 
 5292      A00ED05A 
 5292      CC
 5293 022b BDA417A2 		.ascii	"\275\244\027\242>\322<\002\313k\242\376\235\242\021"
 5293      3ED23C02 
 5293      CB6BA2FE 
 5293      9DA211
 5294 023a AC4BD4F1 		.ascii	"\254K\324\361\342\010\254O\363\272\246\025\277\252\266"
 5294      E208AC4F 
 5294      F3BAA615 
 5294      BFAAB6
 5295 0249 5C07C4AB 		.ascii	"\\\007\304\253\227\304\"\264k\2416*\3069\373i[8\210"
 5295      97C422B4 
 5295      6BA1362A 
 5295      C639FB69 
 5295      5B3888
 5296 025c 5479AEA4 		.ascii	"Ty\256\244\223\000\275DT\012[S\303\375\350\372\326?"
 5296      9300BD44 
 5296      540A5B53 
 5296      C3FDE8FA 
 5296      D63F
 5297 026e 7D54FCC2 		.ascii	"}T\374\302:\203\261\271\326\265=S\264\203\353\\w\232"
 5297      3A83B1B9 
 5297      D6B53D53 
 5297      B483EB5C 
 5297      779A
 5298 0280 51490CBE 		.ascii	"QI\014\276\013\256\025\0009\373\326\347r2\271!9r6X\225"
 5298      0BAE1500 
 5298      39FBD6E7 
 5298      7232B921 
 5298      39723658 
 5299 0295 9FCA6D1F 		.ascii	"\237\312m\037\352Yl\021[P\337\354CD\272\306f\007\365"
 5299      EA596C11 
 5299      5B50DFEC 
 5299      4344BAC6 
 5299      6607F5
 5300 02a8 91514994 		.ascii	"\221QI\224\372\025\263w@r\320 [b\033\354L\205L\222Z"
 5300      FA15B377 
 5300      4072D020 
 5300      5B621BEC 
 5300      4C854C92 
 5301 02bd 6543CAF9 		.ascii	"eC\312\371V*X\3210~\225}\335\205\305\031J\3260R\373"
 5301      562A58D1 
 5301      307E957D 
 5301      DD85C519 
 5301      4AD63052 
 5302 02d2 6206D9DA 		.ascii	"b\006\331\332?\373\206?\310v\327fj\364\302\242\312\302"
 5302      3FFB863F 
 5302      C876D766 
 5302      6AF4C2A2 
 5302      CAC2
 5303 02e4 97888A0A 		.ascii	"\227\210\212\012:\015;\010;8\245(\241\223Z!4a\006\251"
 5303      3A0D3B08 
 5303      3B38A528 
 5303      A1935A21 
ARM GAS  C:\Users\PUBLIC~1.LAP\AppData\Local\Temp\ccG3WIcm.s 			page 204


 5303      346106A9 
 5304 02f8 8251263B 		.ascii	"\202Q&;\200b\360\204\244\024LZ\340K\021%t\032!e\031"
 5304      8062F084 
 5304      A4144C5A 
 5304      E04B1125 
 5304      741A2165 
 5305 030d 6AC19389 		.ascii	"j\301\223\211\023NQ!\202\277\007IHM\024~I\015\232&\374"
 5305      134E5121 
 5305      82BF0749 
 5305      484D147E 
 5305      490D9A26 
 5306 0322 9A2C345D 		.ascii	"\232,4]`\372Q\245\220\372\211\030NM\015\241~&\206\277"
 5306      60FA51A5 
 5306      90FA8918 
 5306      4E4D0DA1 
 5306      7E2686BF 
 5307 0336 2761092A 		.ascii	"'a\011*\021C\246\243&\014\302'\341\007&\340\203$\006"
 5307      1143A6A3 
 5307      260CC227 
 5307      E10726E0 
 5307      832406
 5308 0349 23A6A4A8 		.ascii	"#\246\244\250\200*>\234\020\206p\012\"!\001!H\310\200"
 5308      802A3E9C 
 5308      1086700A 
 5308      22210121 
 5308      48C880
 5309 035c BC6F1FAC 		.ascii	"\274o\037\254C#S\352\370W6\006\032\223\262z\365+\333"
 5309      432353EA 
 5309      F8573606 
 5309      1A93B27A 
 5309      F52BDB
 5310 036f D3D3BC44 		.ascii	"\323\323\274Dl\342\256\301\270\007\215\314J\316\250"
 5310      6CE2AEC1 
 5310      B8078DCC 
 5310      4ACEA8
 5311 037e A9514C89 		.ascii	"\251QL\211\023j_k\3010\222\205\311\0255\2338\003\315"
 5311      136A5F6B 
 5311      C1309285 
 5311      C915359B 
 5311      3803CD
 5312 0391 C3BE665A 		.ascii	"\303\276fZ\223E\353\230Jz\360P\272\306\276\233\367\336"
 5312      9345EB98 
 5312      4A7AF050 
 5312      BAC6BE9B 
 5312      F7DE
 5313 03a3 AB3302B0 		.ascii	"\2533\002\260\\.\227\267\262\2766\352\027\277\250\224"
 5313      5C2E97B7 
 5313      B2BE36EA 
 5313      17BFA894 
 5314 03b3 A4975EF3 		.ascii	"\244\227^\363\307\000\235\236\346\336\253\302\276>M"
 5314      C7009D9E 
 5314      E6DEABC2 
 5314      BE3E4D
 5315 03c2 0B0E310C 		.ascii	"\013\0161\014\007\022\366\265\327o\263\205\243\250?"
 5315      0712F6B5 
 5315      D76FB385 
 5315      A3A83F
ARM GAS  C:\Users\PUBLIC~1.LAP\AppData\Local\Temp\ccG3WIcm.s 			page 205


 5316 03d1 C6E03C01 		.ascii	"\306\340<\001~\250Q,\345\230B\306\024\211\214\214\264"
 5316      7EA8512C 
 5316      E59842C6 
 5316      14898C8C 
 5316      B4
 5317 03e2 30850E70 		.ascii	"0\205\016p\002\031\251\263n\021pAdb\323\324\036\365"
 5317      0219A9B3 
 5317      6E117041 
 5317      6462D3D4 
 5317      1EF5
 5318 03f4 9EC85A66 		.ascii	"\236\310ZfN\317\021f\357\347\327\2609\304\011\330.O"
 5318      4ECF1166 
 5318      EFE7D7B0 
 5318      39C409D8 
 5318      2E4F
 5319 0406 24A2D0CB 		.ascii	"$\242\320\313\224\321\014\202^\271\333\300\337K\256"
 5319      94D10C82 
 5319      5EB9DBC0 
 5319      DF4BAE
 5320 0415 2079F39E 		.ascii	" y\363\236\220\005>\243\035\226\247\024\233\206\236"
 5320      90053EA3 
 5320      1D96A714 
 5320      9B869E
 5321 0424 9EB49ED8 		.ascii	"\236\264\236\330\032\315&\365 \035A\010U\320\234\302"
 5321      1ACD26F5 
 5321      201D4108 
 5321      55D09CC2 
 5322 0434 DE09C037 		.ascii	"\336\011\3007^\302\306\245o\246\357\254\215\214K\311"
 5322      5EC2C6A5 
 5322      6FA6EFAC 
 5322      8D8C4BC9 
 5323 0444 30616155 		.ascii	"0aaU(\255\031d\027\257q\265\24331\217\240\020K\263j"
 5323      28AD1964 
 5323      17AF71B5 
 5323      A333318F 
 5323      A0104BB3 
 5324 0459 34A5F80E 		.ascii	"4\245\370\016\201\272Qj\347=\304|\341\310\354cgn\357"
 5324      81BA516A 
 5324      E73DC47C 
 5324      E1C8EC63 
 5324      676EEF
 5325 046c DF113FEA 		.ascii	"\337\021?\352w\013\026\267=pj~\030\032\253\200\255@"
 5325      770B16B7 
 5325      3D706A7E 
 5325      181AAB80 
 5325      AD40
 5326 047e C55EF790 		.ascii	"\305^\367\220\223\250\271\034\352V\253u\214\322\245"
 5326      93A8B91C 
 5326      EA56AB75 
 5326      8CD2A5
 5327 048d 02225DFB 		.ascii	"\002\"]\373\353>`~\261r'\020\272X`\370Fc\361\235\310"
 5327      EB3E607E 
 5327      B1722710 
 5327      BA5860F8 
 5327      4663F19D 
 5328 04a2 A608A941 		.ascii	"\246\010\251A\210\347\231\021P\037\211\031D>\317\331"
 5328      88E79911 
ARM GAS  C:\Users\PUBLIC~1.LAP\AppData\Local\Temp\ccG3WIcm.s 			page 206


 5328      501F8919 
 5328      443ECFD9 
 5329 04b2 8D28901C 		.ascii	"\215(\220\034\177l3\264\2059<\377\221P\270\253\247{"
 5329      7F6C33B4 
 5329      85393CFF 
 5329      9150B8AB 
 5329      A77B
 5330 04c4 4134DD07 		.ascii	"A4\335\007\236\001\222\367\202X\230\267\275\273O\\\367"
 5330      9E0192F7 
 5330      825898B7 
 5330      BDBB4F5C 
 5330      F7
 5331 04d5 1C830462 		.ascii	"\034\203\004b\313\337\302\360\007"
 5331      CBDFC2F0 
 5331      07
 5332              		.text
 5333              		.section	.gnu.lto_ald_usb_ep_data_put.93.840c018b,"e",%progbits
 5334 0000 28B52FFD 		.ascii	"(\265/\375`\024\004}\034\000\0064\270J\260\224U:\373"
 5334      6014047D 
 5334      1C000634 
 5334      B84AB094 
 5334      553AFB
 5335 0013 C1C1DDE1 		.ascii	"\301\301\335\341\306\366\366\270\274\245%\331\270\342"
 5335      C6F6F6B8 
 5335      BCA525D9 
 5335      B8E2
 5336 0021 DE0D050A 		.ascii	"\336\015\005\012r\022:\"?\357\312\201\322\274\237\354"
 5336      72123A22 
 5336      3FEFCA81 
 5336      D2BC9FEC 
 5337 0031 1056E442 		.ascii	"\020V\344B)x\301x2zr\341\332j\246+\345\3703\277_\320"
 5337      2978C178 
 5337      327A72E1 
 5337      DA6AA62B 
 5337      E5F833BF 
 5338 0047 C5F0CEEB 		.ascii	"\305\360\316\353R\242\270\313\330\350\"\023\273\311"
 5338      52A2B8CB 
 5338      D8E82213 
 5338      BBC9
 5339 0055 963BC9A4 		.ascii	"\226;\311\244\000\230\000\236\000\367\036\025\274\344"
 5339      0098009E 
 5339      00F71E15 
 5339      BCE4
 5340 0063 221A2136 		.ascii	"\"\032!6j\364U\230\213\004eB\250\207\255\213DX\200\314"
 5340      6AF45598 
 5340      8B046542 
 5340      A887AD8B 
 5340      445880CC 
 5341 0077 97344D36 		.ascii	"\2274M6J\377\344c\327\275E$J\356=.`\014\346\313\373"
 5341      4AFFE463 
 5341      D7BD4524 
 5341      4AEE3D2E 
 5341      600CE6CB 
 5342 008c F88F10FC 		.ascii	"\370\217\020\374\253\307&\342\214\030\025\265\345\336"
 5342      ABC726E2 
 5342      8C1815B5 
 5342      E5DE
ARM GAS  C:\Users\PUBLIC~1.LAP\AppData\Local\Temp\ccG3WIcm.s 			page 207


 5343 009a 2BB33901 		.ascii	"+\2639\001\373\262^\306\276\354\031, +++\353\365xn\321"
 5343      FBB25EC6 
 5343      BEEC192C 
 5343      202B2B2B 
 5343      EBF5786E 
 5344 00af DFCD962D 		.ascii	"\337\315\226-k\323\037_\304\315\332::\341\364((\226"
 5344      6BD31F5F 
 5344      C4CDDA3A 
 5344      3AE1F428 
 5344      2896
 5345 00c1 AACE69C5 		.ascii	"\252\316i\305$H[:\224niU\250\204C\245\227\265B\2501"
 5345      24485B3A 
 5345      946E6955 
 5345      A88443A5 
 5345      97B542A8 
 5346 00d6 A50A363C 		.ascii	"\245\0126<\252\030X,}\007\212%\332\260\341\210js\357"
 5346      AA18582C 
 5346      7D078A25 
 5346      DAB0E188 
 5346      6A73EF
 5347 00e9 3DF23469 		.ascii	"=\3624ihDik\347\336\313T8Lqv\235\231q0s\220\271\223"
 5347      6844696B 
 5347      E7DECB54 
 5347      384C7176 
 5347      9D997130 
 5348 0101 01232817 		.ascii	"\001#(\027\2069_\320f\356\360!;\363^\0309|\250G\361"
 5348      86395FD0 
 5348      66EEF021 
 5348      3BF35E18 
 5348      397CA847 
 5349 0116 68D58D97 		.ascii	"h\325\215\227\365\222\260\272\374\017\366\345\257\010"
 5349      F592B0BA 
 5349      FC0FF6E5 
 5349      AF08
 5350 0124 B308A158 		.ascii	"\263\010\241X\014k\332\277B\302\002R,.jq\344\315sE\224"
 5350      0C6BDABF 
 5350      42C20252 
 5350      2C2E6A71 
 5350      E4CD7345 
 5351 0139 4B4FE6A3 		.ascii	"KO\346\243\010\332L\314\327\321\322d\006\267\014\346"
 5351      08DA4CCC 
 5351      D7D1D264 
 5351      06B70CE6 
 5352 0149 D8CC8DBF 		.ascii	"\330\314\215\277\314\213\377\200\037\3171\177\372aL"
 5352      CC8BFF80 
 5352      1FCF317F 
 5352      FA614C
 5353 0158 F9E5C6F3 		.ascii	"\371\345\306\363\353\305\263\253R6-\345VI\331V\312e"
 5353      EBC5B3AB 
 5353      52362DE5 
 5353      5649D956 
 5353      CA65
 5354 016a A55C2BE5 		.ascii	"\245\\+\345\256\224i\245\374\002\002l\034\031\276\212"
 5354      AE9469A5 
 5354      FC02026C 
 5354      1C19BE8A 
 5355 017a EADE1359 		.ascii	"\352\336\023Y].\224\222I\216\037\177\346\020|$\277\320"
ARM GAS  C:\Users\PUBLIC~1.LAP\AppData\Local\Temp\ccG3WIcm.s 			page 208


 5355      5D2E9492 
 5355      498E1F7F 
 5355      E6107C24 
 5355      BFD0
 5356 018c 24B1311F 		.ascii	"$\2611\037}\277)\356\255\254\004I\262\012\364\344\027"
 5356      7DBF29EE 
 5356      ADAC0449 
 5356      B20AF4E4 
 5356      17
 5357 019d EF00E9F9 		.ascii	"\357\000\351\371z\357\275\255X\337\350\263\257\216\365"
 5357      7AEFBDAD 
 5357      58DFE8B3 
 5357      AF8EF5
 5358 01ac 8344BAC5 		.ascii	"\203D\272\305l\376\024\320\356U\367\302\010\372\222"
 5358      6CFE14D0 
 5358      EE55F7C2 
 5358      08FA92
 5359 01bb 9F0D7C22 		.ascii	"\237\015|\"\373\322\354z\225\324\"\246[\215`\246_\304"
 5359      FBD2EC7A 
 5359      95D422A6 
 5359      5B8D60A6 
 5359      5FC4
 5360 01cd B9AB67BA 		.ascii	"\271\253g\272\224\022\344aDE[\212\352hha\316dL\377x"
 5360      9412E461 
 5360      44455B8A 
 5360      EA686861 
 5360      CE644CFF 
 5361 01e2 1B203DB9 		.ascii	"\033 =\271>\201\265\035\323\277\012\356\370\005\272"
 5361      3E81B51D 
 5361      D3BF0AEE 
 5361      F805BA
 5362 01f1 20F10416 		.ascii	" \361\004\026\326\266K'A\"\314\271\244\351\264*\233"
 5362      D6B64B27 
 5362      4122CCB9 
 5362      A4E9B42A 
 5362      9B
 5363 0202 C9C8FFD7 		.ascii	"\311\310\377\327\330\262\177\244\004Rkl\355#\237\001"
 5363      D8B27FA4 
 5363      04526B6C 
 5363      ED239F01 
 5364 0212 AA0A7D8D 		.ascii	"\252\012}\215\355\256\315\024i\311\210b1\263\356E\314"
 5364      EDAECD14 
 5364      69C98862 
 5364      31B3EE45 
 5364      CC
 5365 0223 EE00348C 		.ascii	"\356\0004\214\006N\035\007\236\234Tt31\373,\254cPT\002"
 5365      064E1D07 
 5365      9E9C5474 
 5365      3331FB2C 
 5365      AC635054 
 5366 0238 207239DC 		.ascii	" r9\334\215\247A\247\3416\324\003\340S\244\013\252\270"
 5366      8DA741A7 
 5366      E136D403 
 5366      E053A40B 
 5366      AAB8
 5367 024a 1E2E57D9 		.ascii	"\036.W\331A\017\016\317\215\016n\306@f(\247\273\001"
 5367      410F0ECF 
ARM GAS  C:\Users\PUBLIC~1.LAP\AppData\Local\Temp\ccG3WIcm.s 			page 209


 5367      8D0E6EC6 
 5367      406628A7 
 5367      BB01
 5368 025c F958EE61 		.ascii	"\371X\356a\300\023$t\313\375\340d9\263\233\332\004\331"
 5368      C0132474 
 5368      CBFDE064 
 5368      39B39BDA 
 5368      04D9
 5369 026e AC414D82 		.ascii	"\254AM\202\254F\241V\201&\353\015\371\310<\360v;^\217"
 5369      AC46A156 
 5369      8126EB0D 
 5369      F9C83CF0 
 5369      763B5E8F 
 5370 0282 2C8827E3 		.ascii	",\210'\343\321\201\350y\340\321\026\324,\350xt\034h"
 5370      D181E879 
 5370      E0D116D4 
 5370      2CE87874 
 5370      1C68
 5371 0294 B69C190E 		.ascii	"\266\234\031\016\320\316\247g#\342 \244\373\271\341"
 5371      D0CEA767 
 5371      23E220A4 
 5371      FBB9E1
 5372 02a3 6E6E6C0F 		.ascii	"nnl\017\"\\`f>\336\267\014\016 5E\354'\017@*\371\244"
 5372      225C6066 
 5372      3EDEB70C 
 5372      0E203545 
 5372      EC270F40 
 5373 02ba C5FFD912 		.ascii	"\305\377\331\022RS\304\372\373\317\276\2744\357\000"
 5373      5253C4FA 
 5373      FBCFBEBC 
 5373      34EF00
 5374 02c9 1B683613 		.ascii	"\033h6\023+I%\235lL\246_-<\362wBJ\032\355Ls-\007\264"
 5374      2B49259D 
 5374      6C4CA65F 
 5374      2D3CF277 
 5374      424A1AED 
 5375 02e2 AB8544FE 		.ascii	"\253\205D\376jZ\015\022\303E\003K\250A(\343\030R\006"
 5375      6A5A0D12 
 5375      C345034B 
 5375      A84128E3 
 5375      185206
 5376 02f5 2133138C 		.ascii	"!3\023\214\314\220&\031\003p\002!\"\234\007\021\240"
 5376      CC902619 
 5376      03700221 
 5376      229C0711 
 5376      A0
 5377 0306 39447393 		.ascii	"9Ds\223\226\326eBgQw\326\273`\340\014p\012\217\302|"
 5377      96D66542 
 5377      675177D6 
 5377      BB60E00C 
 5377      700A8FC2 
 5378 031b F4FE24B1 		.ascii	"\364\376$\261 !1j\034\221\267~xM\277Ui7\205\373\251"
 5378      2021316A 
 5378      1C91B77E 
 5378      784DBF55 
 5378      693785FB 
 5379 0330 1EAF91CD 		.ascii	"\036\257\221\315\271\313%J|\234}\305zWG\\\037\255\326"
ARM GAS  C:\Users\PUBLIC~1.LAP\AppData\Local\Temp\ccG3WIcm.s 			page 210


 5379      B9CB254A 
 5379      7C9C7DC5 
 5379      7A57475C 
 5379      1FADD6
 5380 0343 A8072C09 		.ascii	"\250\007,\011t\2061B\216.%\315Z\202\230\357\374\366"
 5380      74863142 
 5380      8E2E25CD 
 5380      5A8298EF 
 5380      FCF6
 5381 0355 47AD13E4 		.ascii	"G\255\023\344\350f\3246D\221\244\252I/\352\267\325\355"
 5381      E866D436 
 5381      4491A4AA 
 5381      492FEAB7 
 5381      D5ED
 5382 0367 52991220 		.ascii	"R\231\022 \260\011\232\234\365\036\230\330\212\252\330"
 5382      B0099A9C 
 5382      F51E98D8 
 5382      8AAAD8
 5383 0376 983BDF89 		.ascii	"\230;\337\211\017\367\300-\244\357\241X\337\337\361"
 5383      0FF7C02D 
 5383      A4EFA158 
 5383      DFDFF1
 5384 0385 5202884A 		.ascii	"R\002\210J@d\316g\263\325\212V<\264\313\342\267\344"
 5384      4064CE67 
 5384      B3D58A56 
 5384      3CB4CBE2 
 5384      B7E4
 5385 0397 FD01     		.ascii	"\375\001"
 5386              		.text
 5387              		.section	.gnu.lto_ald_usb_ep_data_send.94.840c018b,"e",%progbits
 5388 0000 28B52FFD 		.ascii	"(\265/\375`U\003\255\027\000\206\252\231L\240\022V:"
 5388      605503AD 
 5388      170086AA 
 5388      994CA012 
 5388      563A
 5389 0012 6CDAE321 		.ascii	"l\332\343!\337d\371s\305\215\271\340\243i\214OT\241"
 5389      DF64F973 
 5389      C58DB9E0 
 5389      A3698C4F 
 5389      54A1
 5390 0024 95871A2A 		.ascii	"\225\207\032*q\274O\253\031~aB\352\375\350s4r\314S("
 5390      71BC4FAB 
 5390      197E6142 
 5390      EAFDE873 
 5390      3472CC53 
 5391 0039 3B66DC7A 		.ascii	";f\334z\237\027\016\265\012=\246\250\005\327\263`\225"
 5391      9F170EB5 
 5391      0A3DA6A8 
 5391      05D7B360 
 5391      95
 5392 004a A401AF27 		.ascii	"\244\001\257'I\350C)\373YB\010!r'\031\203\000z\000\202"
 5392      49E84329 
 5392      FB594208 
 5392      21722719 
 5392      83007A00 
 5393 005f 0042922E 		.ascii	"\000B\222.%-\340z\224$+g\355\223\206\374\272W\011*\352"
 5393      252DE07A 
ARM GAS  C:\Users\PUBLIC~1.LAP\AppData\Local\Temp\ccG3WIcm.s 			page 211


 5393      94242B67 
 5393      ED9386FC 
 5393      BA57092A 
 5394 0074 5EE509BB 		.ascii	"^\345\011\273\254G\231\231\217t\0268L<\225#\212lE8v"
 5394      AC479999 
 5394      8F741638 
 5394      4C3C9523 
 5394      8A6C4538 
 5395 0089 B4EEBD34 		.ascii	"\264\356\2754\223\017H\217\236\037I\217\266\210\023"
 5395      930F488F 
 5395      9E1F498F 
 5395      B68813
 5396 0098 BFAA297A 		.ascii	"\277\252)z\266%\362s\276\252\267u\307\222U\220\020A"
 5396      B625F273 
 5396      BEAAB775 
 5396      C7925590 
 5396      1041
 5397 00aa C7AB424F 		.ascii	"\307\253BOyP\000F\241\237g\203\022TU1\343\316\3512t"
 5397      79500046 
 5397      A19F6783 
 5397      12545531 
 5397      E3CEE932 
 5398 00bf BC0AA0A3 		.ascii	"\274\012\240\243\355\230\361\302ir\357}\362V\203Q\307"
 5398      ED98F1C2 
 5398      6972EF7D 
 5398      F2568351 
 5398      C7
 5399 00d0 5AF576EF 		.ascii	"Z\365v\357e\353c\014:\277\316\314\031\230y\310\334-"
 5399      65EB630C 
 5399      3ABFCECC 
 5399      199879C8 
 5399      DC2D
 5400 00e2 014D35B6 		.ascii	"\001M5\266\352\304\321\363b\300\272|\233\364\350\201"
 5400      EAC4D1F3 
 5400      62C0BA7C 
 5400      9BF4E881 
 5401 00f2 F86435D9 		.ascii	"\370d5\331&\303\332\366\271z\232E\333\344\241\207'\177"
 5401      26C3DAF6 
 5401      B97A9A45 
 5401      DBE4A187 
 5401      277F
 5402 0104 20A651C7 		.ascii	" \246Q\307\265[\314\312\034\333G\314?o\0331\317dW\372"
 5402      B55BCCCA 
 5402      1CDB47CC 
 5402      3F6F1B31 
 5402      CF6457FA 
 5403 0118 634FFA61 		.ascii	"cO\372al\371u\344ym\313\352i9m\313h[>\333r\267e\333"
 5403      6CF975E4 
 5403      796DCBEA 
 5403      69396DCB 
 5403      685B3EDB 
 5404 0130 962F40D6 		.ascii	"\226/@\326\342\307x\253\256{;t\015\2719\320\030(\216"
 5404      E2C778AB 
 5404      AE7B3B74 
 5404      0DB939D0 
 5404      18288E
 5405 0143 FC9971F8 		.ascii	"\374\231q\370I\206\031\370\3111#\207\277A\367X?\226"
ARM GAS  C:\Users\PUBLIC~1.LAP\AppData\Local\Temp\ccG3WIcm.s 			page 212


 5405      498619F8 
 5405      C9312387 
 5405      BF41F758 
 5405      3F96
 5406 0155 9EB0EE55 		.ascii	"\236\260\356U\"8\312\001\355\303<c\326P\033\352k\253"
 5406      2238CA01 
 5406      EDC33C63 
 5406      D6501BEA 
 5406      6BAB
 5407 0167 6D79C858 		.ascii	"my\310X\373V\354-\032+\230T\331\213\247-\353\225\365"
 5407      FB56EC2D 
 5407      1A2B9854 
 5407      D98BA72D 
 5407      EB95F5
 5408 017a 6C238D75 		.ascii	"l#\215u\332v\006Os)\355\243\247\377/I\321>\014\024\011"
 5408      DA76064F 
 5408      7329EDA3 
 5408      A7FF2F49 
 5408      D13E0C14 
 5409 018f 9DF59137 		.ascii	"\235\365\2217)v\375@\032\353Y\257\364\034uR\234\313"
 5409      2976FD40 
 5409      1AEB59AF 
 5409      F41C7552 
 5409      9CCB
 5410 01a1 04D187B3 		.ascii	"\004\321\207\263$=\373\311Sp\362a_\222v\237\315\266"
 5410      243DFBC9 
 5410      5370F261 
 5410      5F92769F 
 5410      CDB6
 5411 01b3 E7A8639B 		.ascii	"\347\250c\233\314\354\273\213\265[\204\004\262\000\223"
 5411      CCECBB8B 
 5411      B55B8404 
 5411      B20093
 5412 01c2 C8DE7B73 		.ascii	"\310\336{sz\230\302\232\200S\217\035+\204g\314!\333"
 5412      7A98C29A 
 5412      80538F1D 
 5412      2B8467CC 
 5412      21DB
 5413 01d4 CCBF3B55 		.ascii	"\314\277;UX\357\005\241\302gz@_\260y\300\233\240N\030"
 5413      58EF05A1 
 5413      C2677A40 
 5413      5FB079C0 
 5413      9BA04E18 
 5414 01e8 5459014C 		.ascii	"TY\001L\312\256\266\340\305\2062\"\214\351\351\200\274"
 5414      CAAEB6E0 
 5414      C5863222 
 5414      8CE9E980 
 5414      BC
 5415 01f9 94615076 		.ascii	"\224aPv56\272\230\231\027\232\212\255\206{@\263%\300"
 5415      3536BA98 
 5415      99179A8A 
 5415      AD867B40 
 5415      B325C0
 5416 020c B5D07010 		.ascii	"\265\320p\020p\021XhA!\217F\363\363\371~0\264\232\037"
 5416      70115868 
 5416      41218F46 
 5416      F3F3F97E 
ARM GAS  C:\Users\PUBLIC~1.LAP\AppData\Local\Temp\ccG3WIcm.s 			page 213


 5416      30B49A1F 
 5417 0220 6DD7B310 		.ascii	"m\327\263\020\244\371\261\234\340$\364v=\031\226\234"
 5417      A4F9B19C 
 5417      E024F476 
 5417      3D19969C 
 5418 0230 8A2D05E8 		.ascii	"\212-\005\350\343\005s726\275\031\335K\255\226c\340"
 5418      E3057337 
 5418      3236BD19 
 5418      DD4BAD96 
 5418      63E0
 5419 0242 6082F2FE 		.ascii	"`\202\362\376\274m\304\"K\251\253~\324\003,o U>1\335"
 5419      BC6DC422 
 5419      4BA9AB7E 
 5419      D4032C6F 
 5419      20553E31 
 5420 0257 B094BA42 		.ascii	"\260\224\272B\211'\246/~5\337\212]\\\373\210\325)\252"
 5420      8927A62F 
 5420      7E35DF8A 
 5420      5D5CFB88 
 5420      D529AA
 5421 026a 54D6BD9C 		.ascii	"T\326\275\234\342p\316z\015= \200\002\241\241#\017E"
 5421      E270CE7A 
 5421      0D3D2080 
 5421      02A1A123 
 5421      0F45
 5422 027c AB222762 		.ascii	"\253\"'b>B# \301<H\240%\201\367 ;|\272\015y\225\312"
 5422      3E422320 
 5422      C13C48A0 
 5422      2581F720 
 5422      3B7CBA0D 
 5423 0293 FEDD9469 		.ascii	"\376\335\224i\027\226\267\265\215\211YXW\026\267\243"
 5423      1796B7B5 
 5423      8D895958 
 5423      5716B7A3 
 5424 02a3 DBC032DE 		.ascii	"\333\3002\336\003sH:\260\313X\017&\225\341;\311\036"
 5424      0373483A 
 5424      B0CB580F 
 5424      2695E13B 
 5424      C91E
 5425 02b5 903D5624 		.ascii	"\220=V$\367V\212\207B\267\003\256\340\327r\352r;\254"
 5425      F7568A87 
 5425      42B703AE 
 5425      E0D772EA 
 5425      723BAC
 5426 02c8 E21B8051 		.ascii	"\342\033\200Q\247*n\246e\213\023\213\363\337jLl\263"
 5426      A72A6EA6 
 5426      658B138B 
 5426      F3DF6A4C 
 5426      6CB3
 5427 02da 485830C4 		.ascii	"HX0\304\030\361\243\340!&6|Q\303<\204\310q\306w6\301"
 5427      18F1A3E0 
 5427      2126367C 
 5427      51C33C84 
 5427      C871C677 
 5428 02f0 F22E469F 		.ascii	"\362.F\237\\\006\362=\025[ubk\237\036"
 5428      5C06F23D 
 5428      155B7562 
ARM GAS  C:\Users\PUBLIC~1.LAP\AppData\Local\Temp\ccG3WIcm.s 			page 214


 5428      6B9F1E
 5429              		.text
 5430              		.section	.gnu.lto_ald_usb_ep_data_toggle_clear.95.840c018b,"e",%progbits
 5431 0000 28B52FFD 		.ascii	"(\265/\375`\337\001%\021\000\326\237rG\340\360&\035"
 5431      60DF0125 
 5431      1100D69F 
 5431      7247E0F0 
 5431      261D
 5432 0012 CCC00580 		.ascii	"\314\300\005\200hN\2338\306'\201\002c)\007\224\020X"
 5432      684E9B38 
 5432      C6278102 
 5432      63290794 
 5432      1058
 5433 0024 E0D7A720 		.ascii	"\340\327\247 }\0132P\327\254F\254^?\262\214c\222\317"
 5433      7D0B3250 
 5433      D7AC46AC 
 5433      5E3FB28C 
 5433      6392CF
 5434 0037 3FF15A93 		.ascii	"?\361Z\223\321Z\212c\354x\302\030k\323fp |\300W\351"
 5434      D15A8A63 
 5434      EC78C218 
 5434      6BD36670 
 5434      207CC057 
 5435 004c 6660602D 		.ascii	"f``-\331D\312\224\002Z\000X\000Z\000\376\211\243\240"
 5435      D944CA94 
 5435      025A0058 
 5435      005A00FE 
 5435      89A3A0
 5436 005f 5D28C700 		.ascii	"](\307\000v\207h\304\330\275\2358\002\352\261\344\003"
 5436      768768C4 
 5436      D8BD9D38 
 5436      02EAB1E4 
 5436      03
 5437 0070 BA47EE22 		.ascii	"\272G\356\"\335\243i6\322\010\006\020\020a\317\322\356"
 5437      DDA36936 
 5437      D2080610 
 5437      1061CFD2 
 5437      EE
 5438 0081 7A2AE2B4 		.ascii	"z*\342\264GN\223\346\237V8\243\245$\033\250\363\230"
 5438      474E93E6 
 5438      9F5638A3 
 5438      A5241BA8 
 5438      F398
 5439 0093 027FCEA1 		.ascii	"\002\177\316\241~\256\001\300\036\256dwO\364\314\000"
 5439      7EAE01C0 
 5439      1EAE6477 
 5439      4FF4CC00 
 5440 00a3 F2649E56 		.ascii	"\362d\236Vv\327i\0037\334\335m\177\266gv~\004\334\372"
 5440      76D76903 
 5440      37DCDD6D 
 5440      7FB66776 
 5440      7E04DCFA 
 5441 00b7 E8D8DFFC 		.ascii	"\350\330\337\374\246{|\016\233\022\213\014}\322\324"
 5441      A67B7C0E 
 5441      9B128B0C 
 5441      7DD2D4
 5442 00c6 37D5C29D 		.ascii	"7\325\302\235\014}\201\351h\223\207}\323I\015\262\317"
ARM GAS  C:\Users\PUBLIC~1.LAP\AppData\Local\Temp\ccG3WIcm.s 			page 215


 5442      0C7D81E9 
 5442      6893877D 
 5442      D3490DB2 
 5442      CF
 5443 00d7 AD02D91F 		.ascii	"\255\002\331\037\372S\027\372O\231\3562\0355\255\231"
 5443      FA5317FA 
 5443      4F99EE32 
 5443      1D35AD99 
 5444 00e7 4E100136 		.ascii	"N\020\0016`\200OJ\332\325\320\203ikD\031&l\337~\021"
 5444      60804F4A 
 5444      DAD5D083 
 5444      696B4419 
 5444      266CDF7E 
 5445 00fc CDFEB049 		.ascii	"\315\376\260If\020\0155\325\240\036IZ\260\236O\021J"
 5445      66100D35 
 5445      D5A01E49 
 5445      5AB09E4F 
 5445      114A
 5446 010e DF17E8A2 		.ascii	"\337\027\350\242v\372\246\032\007;\346.PQ\225D\321H"
 5446      76FAA61A 
 5446      073BE62E 
 5446      50519544 
 5446      D148
 5447 0120 D8E16875 		.ascii	"\330\341hu\270\217\264'\300\3626\253\256S'u\3149\351"
 5447      B88FB427 
 5447      C0F236AB 
 5447      AE532775 
 5447      CC39E9
 5448 0133 53BBEDAE 		.ascii	"S\273\355\256*swW5\3107\351T\011\030!\365\344\016\373"
 5448      2A737757 
 5448      35C837E9 
 5448      54091821 
 5448      F5E40EFB 
 5449 0147 B637E952 		.ascii	"\2667\351R\252\372\0335\017<\031:$\004Sm\012_!C\355"
 5449      AAFA1B35 
 5449      0F3C193A 
 5449      2404536D 
 5449      0A5F2143 
 5450 015c 8650F155 		.ascii	"\206P\361U\3746K\034%\036\003\262\230\326\214\204\350"
 5450      FC364B1C 
 5450      251E03B2 
 5450      98D68C84 
 5450      E8
 5451 016d 032E292E 		.ascii	"\003.).\025\202\326\012E\004\347\345\325R\003\323\331"
 5451      1582D60A 
 5451      4504E7E5 
 5451      D55203D3 
 5451      D9
 5452 017e 05C5259B 		.ascii	"\005\305%\233\265\274\314\264<\225\225\352c\340\255"
 5452      B5BCCCB4 
 5452      3C9595EA 
 5452      63E0AD
 5453 018d 0C7C0BBC 		.ascii	"\014|\013\274\257\301\347\200\305\263\301\201\361hb"
 5453      AFC1E780 
 5453      C5B3C181 
 5453      F16862
 5454 019c 3058CCC5 		.ascii	"0X\314\305\223\305<\327\253\202\015M\214\345\344{\360"
ARM GAS  C:\Users\PUBLIC~1.LAP\AppData\Local\Temp\ccG3WIcm.s 			page 216


 5454      93C53CD7 
 5454      AB820D4D 
 5454      8CE5E47B 
 5454      F0
 5455 01ad 72BD6458 		.ascii	"r\275dXX*\253\224\032\030\214\015\313\202\314\3545\323"
 5455      582AAB94 
 5455      1A188C0D 
 5455      CB82CCEC 
 5455      35D3
 5456 01bf D252A958 		.ascii	"\322R\251X\011\024@\260\271U\240\222\035\335qH\370!"
 5456      091440B0 
 5456      B955A092 
 5456      1DDD7148 
 5456      F821
 5457 01d1 76FA4247 		.ascii	"v\372BG\334\026# `\2021\202\210\017\365U\225\215X\347"
 5457      DC162320 
 5457      60823182 
 5457      880FF555 
 5457      958D58E7 
 5458 01e5 610F0DDF 		.ascii	"a\017\015\337\3302\316J\006/\215\201\250rL\315\301n"
 5458      D832CE4A 
 5458      062F8D81 
 5458      A8724CCD 
 5458      C16E
 5459 01f7 DF84A5B0 		.ascii	"\337\204\245\260\234\305\316\007\264}\265\226\251W\315"
 5459      9CC5CE07 
 5459      B47DB596 
 5459      A957CD
 5460 0206 DF092C15 		.ascii	"\337\011,\0254e(\266\221\312r\357\243o\370\341\231a"
 5460      346528B6 
 5460      91CA72EF 
 5460      A36FF8E1 
 5460      9961
 5461 0218 E0993805 		.ascii	"\340\2318\005a>\007\203A\263\345\233aF6\357\0336y\273"
 5461      613E0783 
 5461      41B3E59B 
 5461      614636EF 
 5461      1B3679BB 
 5462 022c 4219     		.ascii	"B\031"
 5463              		.text
 5464              		.section	.gnu.lto_ald_usb_ep_req_packet_count.96.840c018b,"e",%progbits
 5465 0000 28B52FFD 		.ascii	"(\265/\375`]\000\275\011\0004\021\266\000\000\000u\000"
 5465      605D00BD 
 5465      09003411 
 5465      B6000000 
 5465      7500
 5466 0012 00002600 		.ascii	"\000\000&\000\000\000\001\003\000\001\222\221\212\002"
 5466      00000103 
 5466      00019291 
 5466      8A02
 5467 0020 00808080 		.ascii	"\000\200\200\200@\007\002\001\201\221\212\317\372\303"
 5467      40070201 
 5467      81918ACF 
 5467      FAC3
 5468 002e 0401BD01 		.ascii	"\004\001\275\001\001\000\177\002\001\177\001\246\003"
 5468      01007F02 
 5468      017F01A6 
ARM GAS  C:\Users\PUBLIC~1.LAP\AppData\Local\Temp\ccG3WIcm.s 			page 217


 5468      03
 5469 003b 2F808080 		.ascii	"/\200\200\200\370\204\317\237\014\205\030\352\000\000"
 5469      F884CF9F 
 5469      0C8518EA 
 5469      0000
 5470 0049 7F000501 		.ascii	"\177\000\005\001\006\023\001\004\005\001\006\025\001"
 5470      06130104 
 5470      05010615 
 5470      01
 5471 0056 20050108 		.ascii	" \005\001\010U\000-\300\200\200\320\333\274\200\200"
 5471      55002DC0 
 5471      8080D0DB 
 5471      BC8080
 5472 0065 09007DBA 		.ascii	"\011\000}\272\001\177\271\001\270\001\000\000\002\001"
 5472      017FB901 
 5472      B8010000 
 5472      0201
 5473 0073 5CA11A05 		.ascii	"\\\241\032\005\001\010p\374\274\256\032\000\000\013"
 5473      010870FC 
 5473      BCAE1A00 
 5473      000B
 5474 0081 01000000 		.ascii	"\001\000\000\000\257\322\005\340\200\374\377\217\200"
 5474      AFD205E0 
 5474      80FCFF8F 
 5474      80
 5475 008e 80FFF901 		.ascii	"\200\377\371\001\221\314\352\017\002\000\000\243\003"
 5475      91CCEA0F 
 5475      020000A3 
 5475      03
 5476 009b 80040100 		.ascii	"\200\004\001\000\000\244\003\002\201\300\000\000\372"
 5476      00A40302 
 5476      81C00000 
 5476      FA
 5477 00a8 02802200 		.ascii	"\002\200\"\000\202\003\202 \000\243\003\200\004\001"
 5477      82038220 
 5477      00A30380 
 5477      0401
 5478 00b6 80C05244 		.ascii	"\200\300RD:\\00a_liuhy\\temp126\\ChibiOS-Contrib/os"
 5478      3A5C3030 
 5478      615F6C69 
 5478      7568795C 
 5478      74656D70 
 5479 00e0 2F636F6D 		.ascii	"/common/ext/CMSIS/ES32/FS026/ald_usb.c\000\006ep_id"
 5479      6D6F6E2F 
 5479      6578742F 
 5479      434D5349 
 5479      532F4553 
 5480 010d 78132E32 		.ascii	"x\023.2a80b1c4\000\005count\015\0005\253\"\273\2102"
 5480      61383062 
 5480      31633400 
 5480      05636F75 
 5480      6E740D00 
 5481 0127 A1752F30 		.ascii	"\241u/0\\P\256\341\226,\214,\214\007\214\200q/\324\224"
 5481      5C50AEE1 
 5481      962C8C2C 
 5481      8C078C80 
 5481      712FD494 
ARM GAS  C:\Users\PUBLIC~1.LAP\AppData\Local\Temp\ccG3WIcm.s 			page 218


 5482 013b 70874DED 		.ascii	"p\207M\355$\003"
 5482      2403
 5483              		.text
 5484              		.section	.gnu.lto_ald_usb_ep_status.97.840c018b,"e",%progbits
 5485 0000 28B52FFD 		.ascii	"(\265/\375`\267\0015\021\000\246`uH\360\320&\035\370"
 5485      60B70135 
 5485      1100A660 
 5485      7548F0D0 
 5485      261DF8
 5486 0013 4BD7CF5A 		.ascii	"K\327\317Z\357\200\327\307K\266\307\341!z\002M\227a"
 5486      EF80D7C7 
 5486      4BB6C7E1 
 5486      217A024D 
 5486      9761
 5487 0025 E6BE7712 		.ascii	"\346\276w\022O\010\327\324\312o\277\264\372,]-\330\352"
 5487      4F08D7D4 
 5487      CA6FBFB4 
 5487      FA2C5D2D 
 5487      D8EA
 5488 0037 A1589513 		.ascii	"\241X\225\023\0129a\010\353\321$\254\345x\353\322\314"
 5488      0A396108 
 5488      EBD124AC 
 5488      E578EBD2 
 5488      CC
 5489 0048 A2427940 		.ascii	"\242By@\331\350\020F,\331[J\231\002^\000\\\000\\\000"
 5489      D9E81046 
 5489      2CD95B4A 
 5489      99025E00 
 5489      5C005C00 
 5490 005c 3CBA03DE 		.ascii	"<\272\003\336\324\3353\344\242[D=\002\247\363\377\365"
 5490      D4DD33E4 
 5490      A25B443D 
 5490      02A7F3FF 
 5490      F5
 5491 006d 84A29039 		.ascii	"\204\242\2209(\305\021\036H>\304\020\302\321-v J`\323"
 5491      28C5111E 
 5491      483EC410 
 5491      C2D12D76 
 5491      204A60D3 
 5492 0081 29F563D3 		.ascii	")\365c\323\311\"\024\324)y\301k\311\004E\007\251\005"
 5492      C92214D4 
 5492      2979C16B 
 5492      C9044507 
 5492      A905
 5493 0093 2D9CD1C9 		.ascii	"-\234\321\311\341\250\004\020\342(\013\010i$Hw\253\217"
 5493      E1A80410 
 5493      E2280B08 
 5493      69244877 
 5493      AB8F
 5494 00a5 EE8630C3 		.ascii	"\356\2060\303n\311\244\273\277\264\360F\277\351\177"
 5494      6EC9A4BB 
 5494      BFB4F046 
 5494      BFE97F
 5495 00b4 EF7F855F 		.ascii	"\357\177\205_\211\002z\203f\024\264\343'/\353\216\232"
 5495      89027A83 
 5495      6614B4E3 
 5495      272FEB8E 
ARM GAS  C:\Users\PUBLIC~1.LAP\AppData\Local\Temp\ccG3WIcm.s 			page 219


 5495      9A
 5496 00c5 71B6E331 		.ascii	"q\266\3431\324N\343\021Qo\355\027g\226C\374*\273\273"
 5496      D44EE311 
 5496      516FED17 
 5496      679643FC 
 5496      2ABBBB
 5497 00d8 CF3A3FEF 		.ascii	"\317:?\357M\337s\272\243:\277\227\273\347\335\257\307"
 5497      4DDF73BA 
 5497      A33ABF97 
 5497      BBE7DDAF 
 5497      C7
 5498 00e9 002316A1 		.ascii	"\000#\026\241\352\200\321\315!\011\251e\314\027&~\375"
 5498      EA80D1CD 
 5498      2109A965 
 5498      CC17267E 
 5498      FD
 5499 00fa 91F130A0 		.ascii	"\221\3610\240a\365\253O\017\250}\323Zd\003\210\247\250"
 5499      61F5AB4F 
 5499      0FA87DD3 
 5499      5A640388 
 5499      A7A8
 5500 010c 5B3CA0F3 		.ascii	"[<\240\3630\005\220V_\015<\373)\251\203d\355\321\221"
 5500      30059056 
 5500      5F0D3CFB 
 5500      29A98364 
 5500      EDD191
 5501 011f 9CD9D6A4 		.ascii	"\234\331\326\244\234\001\366\377$\254\322L\314\334\237"
 5501      9C01F6FF 
 5501      24ACD24C 
 5501      CCDC9F
 5502 012e 7CD7C1B5 		.ascii	"|\327\301\265\251\021\273;\265[\333\226\314\034\227"
 5502      A911BB3B 
 5502      B55BDB96 
 5502      CC1C97
 5503 013d 86FE970A 		.ascii	"\206\376\227\012q\314(\022?A;\352v\367\014\203\333d"
 5503      71CC2812 
 5503      3F413BEA 
 5503      76F70C83 
 5503      DB64
 5504 014f 9EA1A206 		.ascii	"\236\241\242\006\315\346\370iLZ\376'h\012\030\327\015"
 5504      CDE6F869 
 5504      4C5AFE27 
 5504      680A18D7 
 5504      0D
 5505 0160 A2E40AA4 		.ascii	"\242\344\012\244\242li\224\320)\333\246\250\257\026"
 5505      A26C6994 
 5505      D029DBA6 
 5505      A8AF16
 5506 016f 369D0130 		.ascii	"6\235\0010Y\214\025\203m'Q\021i\245\020\260T!\0371+"
 5506      598C1583 
 5506      6D275111 
 5506      69A510B0 
 5506      54211F31 
 5507 0184 5F0A0CCB 		.ascii	"_\012\014\313v\225\220\026L\226\262\342\302\352JT)\017"
 5507      76959016 
 5507      4C96B2E2 
 5507      C2EA4A54 
ARM GAS  C:\Users\PUBLIC~1.LAP\AppData\Local\Temp\ccG3WIcm.s 			page 220


 5507      290F
 5508 0196 A5538D78 		.ascii	"\245S\215x\014:\257\201\347\340\244\213\305\260t//\227"
 5508      0C3AAF81 
 5508      E7E0A48B 
 5508      C5B0742F 
 5508      2F97
 5509 01a8 EBA5D2C1 		.ascii	"\353\245\322\301^]\353\243\020{y\235\240\274\007_\353"
 5509      5E5DEBA3 
 5509      107B799D 
 5509      A0BC075F 
 5509      EB
 5510 01b9 6B395995 		.ascii	"k9Y\225\250D`\\,\261\325\205\026\331\347\222\302J\245"
 5510      A844605C 
 5510      2CB1D585 
 5510      16D9E792 
 5510      C24AA5
 5511 01cc 56091640 		.ascii	"V\011\026@\020[\2454\261\202\025G#s,\231\366_\362H\316"
 5511      105BA534 
 5511      B1821547 
 5511      23732C99 
 5511      F65FF248 
 5512 01e1 2C202060 		.ascii	",  `\202a\344t\007EU\221\217\0106`\207\361\"\221\353"
 5512      8261E474 
 5512      07455591 
 5512      8F083660 
 5512      87F12291 
 5513 01f6 BD89C9ED 		.ascii	"\275\211\311\355\276\322\013Z\213\207\201\021\205\301"
 5513      BED20B5A 
 5513      8B878111 
 5513      85C1
 5514 0204 A00E9C3D 		.ascii	"\240\016\234=L\211A>[\011l\265Rr\021\022\221tyhs=\356"
 5514      4C89413E 
 5514      5B096CB5 
 5514      52721112 
 5514      91747968 
 5515 021b 2CF6A88D 		.ascii	",\366\250\215\024\362\026\321\266x\342\003\035\262="
 5515      14F216D1 
 5515      B678E203 
 5515      1DB23D
 5516 022a 79E4F4D6 		.ascii	"y\344\364\326\2762"
 5516      BE32
 5517              		.text
 5518              		.section	.gnu.lto_ald_usb_ep_dma_config.98.840c018b,"e",%progbits
 5519 0000 28B52FFD 		.ascii	"(\265/\375`|\000}\012\000\204\022\323\000\000\000w\000"
 5519      607C007D 
 5519      0A008412 
 5519      D3000000 
 5519      7700
 5520 0012 00002600 		.ascii	"\000\000&\000\000\000\001\003\000\001\222\221\212\002"
 5520      00000103 
 5520      00019291 
 5520      8A02
 5521 0020 00808080 		.ascii	"\000\200\200\200@\007\002\001\201\221\212\377\375\303"
 5521      40070201 
 5521      81918AFF 
 5521      FDC3
 5522 002e 0401BF01 		.ascii	"\004\001\277\001\001\000\177\002\001\177\001\246\003"
ARM GAS  C:\Users\PUBLIC~1.LAP\AppData\Local\Temp\ccG3WIcm.s 			page 221


 5522      01007F02 
 5522      017F01A6 
 5522      03
 5523 003b 2F808080 		.ascii	"/\200\200\200\370\304\355\237\014\205\030\352\000\000"
 5523      F8C4ED9F 
 5523      0C8518EA 
 5523      0000
 5524 0049 7F000501 		.ascii	"\177\000\005\001\006\023\001\004\005\001\006\025\001"
 5524      06130104 
 5524      05010615 
 5524      01
 5525 0056 20050108 		.ascii	" \005\001\010U\000-\300\200\200\320\315\274\200\200"
 5525      55002DC0 
 5525      8080D0CD 
 5525      BC8080
 5526 0065 09007DBA 		.ascii	"\011\000}\272\001\177\271\001\270\001\000\000\002\001"
 5526      017FB901 
 5526      B8010000 
 5526      0201
 5527 0073 5CC61905 		.ascii	"\\\306\031\005\001\010p\356\274\323u\215\203\207\200"
 5527      010870EE 
 5527      BCD3758D 
 5527      838780
 5528 0082 10017BBE 		.ascii	"\020\001{\276\001\17752\000\000\002\002\\\340\031\000"
 5528      017F3532 
 5528      00000202 
 5528      5CE01900 
 5529 0092 000B0100 		.ascii	"\000\013\001\000\000\000\257\322\005\340\200\374\377"
 5529      0000AFD2 
 5529      05E080FC 
 5529      FF
 5530 009f 8F8080E7 		.ascii	"\217\200\200\347\375\001\221\214\372\017\002\000\000"
 5530      FD01918C 
 5530      FA0F0200 
 5530      00
 5531 00ac A3038004 		.ascii	"\243\003\200\004\001\000\000\244\003\002\201\300\000"
 5531      010000A4 
 5531      030281C0 
 5531      00
 5532 00b9 00FA0280 		.ascii	"\000\372\002\200\"\000\202\003\202 \000\243\003\200"
 5532      22008203 
 5532      822000A3 
 5532      0380
 5533 00c7 040180C0 		.ascii	"\004\001\200\300RD:\\00a_liuhy\\temp126\\ChibiOS-Co"
 5533      52443A5C 
 5533      3030615F 
 5533      6C697568 
 5533      795C7465 
 5534 00eb 6E747269 		.ascii	"ntrib/os/common/ext/CMSIS/ES32/FS026/ald_usb.c\000\006"
 5534      622F6F73 
 5534      2F636F6D 
 5534      6D6F6E2F 
 5534      6578742F 
 5535 011b 65705F69 		.ascii	"ep_idx\023.2a80b1c4\000\004flag\002en\017\0005\253\""
 5535      6478132E 
 5535      32613830 
 5535      62316334 
ARM GAS  C:\Users\PUBLIC~1.LAP\AppData\Local\Temp\ccG3WIcm.s 			page 222


 5535      0004666C 
 5536 0139 BB8832A1 		.ascii	"\273\2102\241\257/0\\P\256\341\012-\014v\030\002\214"
 5536      AF2F305C 
 5536      50AEE10A 
 5536      2D0C7618 
 5536      028C
 5537 014b 8070C030 		.ascii	"\200p\30000\304\205\232\022\356\260\251\235d"
 5537      30C4859A 
 5537      12EEB0A9 
 5537      9D64
 5538              		.text
 5539              		.section	.gnu.lto_ald_usb_fifo_addr_get.99.840c018b,"e",%progbits
 5540 0000 28B52FFD 		.ascii	"(\265/\375`@\000=\011\000t\020\237\000\000\000o\000"
 5540      6040003D 
 5540      09007410 
 5540      9F000000 
 5540      6F00
 5541 0012 00002600 		.ascii	"\000\000&\000\000\000\001\003\000\001\222\221\212\002"
 5541      00000103 
 5541      00019291 
 5541      8A02
 5542 0020 00808080 		.ascii	"\000\200\200\200@\007\002\001\201\221\212\327\210\245"
 5542      40070201 
 5542      81918AD7 
 5542      88A5
 5543 002e 4601BB01 		.ascii	"F\001\273\001\001\000\177\002\001\177\001\246\003\005"
 5543      01007F02 
 5543      017F01A6 
 5543      0305
 5544 003c 01061301 		.ascii	"\001\006\023\001\004\005\001\006\025\001 /\300\200\200"
 5544      04050106 
 5544      1501202F 
 5544      C08080
 5545 004b F884FF9F 		.ascii	"\370\204\377\2374\236\250\300\004\177\000}\270\001\267"
 5545      349EA8C0 
 5545      047F007D 
 5545      B801B7
 5546 005a 01000000 		.ascii	"\001\000\000\000\000\005\001\010U\000-\300\200\200\320"
 5546      00050108 
 5546      55002DC0 
 5546      8080D0
 5547 0069 D9BC8080 		.ascii	"\331\274\200\200\011\000\177\272\001\002\000\\\255\031"
 5547      09007FBA 
 5547      0102005C 
 5547      AD19
 5548 0077 00000B00 		.ascii	"\000\000\013\000\000}\000\000\000\257\322\005\340\200"
 5548      007D0000 
 5548      00AFD205 
 5548      E080
 5549 0085 FCFF8F80 		.ascii	"\374\377\217\200\200\377\377\001\221\354\242\024\002"
 5549      80FFFF01 
 5549      91ECA214 
 5549      02
 5550 0092 0000A303 		.ascii	"\000\000\243\003\200\004\001\000\000\244\003\002\201"
 5550      80040100 
 5550      00A40302 
 5550      81
ARM GAS  C:\Users\PUBLIC~1.LAP\AppData\Local\Temp\ccG3WIcm.s 			page 223


 5551 009f C00000FA 		.ascii	"\300\000\000\372\002\200\242\005\000\202\003\202\240"
 5551      0280A205 
 5551      00820382 
 5551      A0
 5552 00ac 33067F01 		.ascii	"3\006\177\001\200\300RD:\\00a_liuhy\\temp126\\Chibi"
 5552      80C05244 
 5552      3A5C3030 
 5552      615F6C69 
 5552      7568795C 
 5553 00cd 4F532D43 		.ascii	"OS-Contrib/os/common/ext/CMSIS/ES32/FS026/ald_usb.c"
 5553      6F6E7472 
 5553      69622F6F 
 5553      732F636F 
 5553      6D6D6F6E 
 5554 0100 00066570 		.ascii	"\000\006ep_idx\023.2a80b1c4\000\013\0005\253\"\273\210"
 5554      5F696478 
 5554      132E3261 
 5554      38306231 
 5554      6334000B 
 5555 011a 32038261 		.ascii	"2\003\202a\247a\003!,\327\360\022\026\343\016a\002?"
 5555      A7610321 
 5555      2CD7F012 
 5555      16E30E61 
 5555      023F
 5556 012c 339ADAF9 		.ascii	"3\232\332\371\004"
 5556      04
 5557              		.text
 5558              		.section	.gnu.lto_ald_usb_fifo_config_get.100.840c018b,"e",%progbits
 5559 0000 28B52FFD 		.ascii	"(\265/\375`\026\004\025\032\000\246/\246I\240\230Q:"
 5559      60160415 
 5559      1A00A62F 
 5559      A649A098 
 5559      513A
 5560 0012 0B674A02 		.ascii	"\013gJ\0022\036y\351\241\267\223\327T\350\353\301\012"
 5560      321E79E9 
 5560      A1B793D7 
 5560      54E8EBC1 
 5560      0A
 5561 0023 738A899C 		.ascii	"s\212\211\234m\014Y\221\002\275\356\207\032\377Tv\323"
 5561      6D0C5991 
 5561      02BDEE87 
 5561      1AFF5476 
 5561      D3
 5562 0034 BD891E1A 		.ascii	"\275\211\036\032\201\007\2224c5Z|\007\027\361\264X\007"
 5562      81079234 
 5562      63355A7C 
 5562      0717F1B4 
 5562      5807
 5563 0046 6D8C0B0E 		.ascii	"m\214\013\016\202O\242\273\211\037\315'\204\020)S\012"
 5563      824FA2BB 
 5563      891FCD27 
 5563      84102953 
 5563      0A
 5564 0057 91007E00 		.ascii	"\221\000~\000\221\000\227\332\3310v\314\0275T\262\021"
 5564      910097DA 
 5564      D93076CC 
 5564      173554B2 
ARM GAS  C:\Users\PUBLIC~1.LAP\AppData\Local\Temp\ccG3WIcm.s 			page 224


 5564      11
 5565 0068 82CB0E61 		.ascii	"\202\313\016a\222\350\232\275)\025HTl\252\327\001\225"
 5565      92E89ABD 
 5565      29154854 
 5565      6CAAD701 
 5565      95
 5566 0079 A4C588F5 		.ascii	"\244\305\210\365\361\306\211\355\372\034\276\215\337"
 5566      F1C689ED 
 5566      FA1CBE8D 
 5566      DF
 5567 0086 D81D8792 		.ascii	"\330\035\207\222\001\314\011\005$\310\234C\035_`}\314"
 5567      01CC0905 
 5567      24C89C43 
 5567      1D5F607D 
 5567      CC
 5568 0097 7900F2A3 		.ascii	"y\000\362\243x\030\371\321v\224\033\021-\030?\250\262"
 5568      7818F9D1 
 5568      76941B11 
 5568      2D183FA8 
 5568      B2
 5569 00a8 CC3967FB 		.ascii	"\3149g\373\342\273\263Jr\024Ww~\331#\362(a\304\367["
 5569      E2BBB34A 
 5569      72145777 
 5569      7ED923F2 
 5569      2861C4F7 
 5570 00bd 3AABEC09 		.ascii	":\253\354\011>\001_\2468\371\362K\361\321I\204\212\347"
 5570      3E015FA6 
 5570      38F9F24B 
 5570      F1D14984 
 5570      8AE7
 5571 00cf 01BF32BF 		.ascii	"\001\2772\277&1g\316\371\250k\211\037\223j\3313\347"
 5571      263167CE 
 5571      F9A86B89 
 5571      1F936AD9 
 5571      33E7
 5572 00e1 B4FA7E4F 		.ascii	"\264\372~O7\200\333n\262\275\263\3052.:\217\034kN\026"
 5572      3780DB6E 
 5572      B2BDB3C5 
 5572      322E3A8F 
 5572      1C6B4E16 
 5573 00f5 3CFED4A9 		.ascii	"<\376\324\251:(\024\031\037\3059\202\312\274\356:\362"
 5573      3A281419 
 5573      1FC53982 
 5573      CABCEE3A 
 5573      F2
 5574 0106 E37D55A4 		.ascii	"\343}U\244\364\312\260\325\375\224\336\025O\257\374"
 5574      F4CAB0D5 
 5574      FD94DE15 
 5574      4FAFFC
 5575 0115 A0B0C9D4 		.ascii	"\240\260\311\324-\366pI\327\205}qn\013\373\302\177\300"
 5575      2DF67049 
 5575      D7857D71 
 5575      6E0BFBC2 
 5575      7FC0
 5576 0127 D53857C7 		.ascii	"\3258W\307\016\365\013\370\360\2679\216\037v5\315\250"
 5576      0EF50BF8 
 5576      F0B7398E 
ARM GAS  C:\Users\PUBLIC~1.LAP\AppData\Local\Temp\ccG3WIcm.s 			page 225


 5576      1F7635CD 
 5576      A8
 5577 0138 7EADDAB5 		.ascii	"~\255\332\265\352\231U\313\254:f\325-Q\015#\252_V\315"
 5577      EA9955CB 
 5577      AC3A66D5 
 5577      2D510D23 
 5577      AA5F56CD 
 5578 014c 5A75B9EA 		.ascii	"Zu\271\352q\325\242\250\336U\353\252/\253\231!\345\351"
 5578      71D5A2A8 
 5578      DE55EBAA 
 5578      2FAB9921 
 5578      E5E9
 5579 015e 24B0CC79 		.ascii	"$\260\314y\242\213\325d2\016\241a\373v\273\202\311e"
 5579      A28BD564 
 5579      320EA161 
 5579      FB76BB82 
 5579      C965
 5580 0170 A4CCCE18 		.ascii	"\244\314\316\030\221\331S\375\243\214,o\342\312T\225"
 5580      91D953FD 
 5580      A38C2C6F 
 5580      E2CA5495 
 5581 0180 EB323266 		.ascii	"\35322fK\"1[\023C(\265\004f}!\025\224\016\305O\362\341"
 5581      4B22315B 
 5581      134328B5 
 5581      04667D21 
 5581      15940EC5 
 5582 0197 ABA2F397 		.ascii	"\253\242\363\227\205\331\033+NV\342\276\354\243^\243"
 5582      85D91B2B 
 5582      4E56E2BE 
 5582      ECA35EA3 
 5583 01a7 64DCAFB8 		.ascii	"d\334\257\270%\212\275\214d\355\327\332\0032\335\376"
 5583      258ABD8C 
 5583      64EDD7DA 
 5583      0332DDFE 
 5584 01b7 83B50AEC 		.ascii	"\203\265\012\354\240\367`\215K\240J\030\013*i2\227\304"
 5584      A0F7608D 
 5584      4BA04A18 
 5584      0B2A6932 
 5584      97C4
 5585 01c9 181DB002 		.ascii	"\030\035\260\002\326\316\200\323\373<\356\264\015l\275"
 5585      D6CE80D3 
 5585      FB3CEEB4 
 5585      0D6CBD
 5586 01d8 C14A3AA2 		.ascii	"\301J:\2427\234s\322T\367\005\310]\233\251(M\252\305"
 5586      379C73D2 
 5586      54F705C8 
 5586      5D9BA928 
 5586      4DAAC5
 5587 01eb 1ECE1720 		.ascii	"\036\316\027 mv\367Oz@&\275\362+HD\327\001\272\0147"
 5587      6D76F74F 
 5587      7A4026BD 
 5587      F22B4844 
 5587      D701BA0C 
 5588 0200 220CE350 		.ascii	"\"\014\343P\010\234N\364 $t\023\235 \350\000\020m\301"
 5588      089C4EF4 
 5588      20247413 
 5588      9D20E800 
ARM GAS  C:\Users\PUBLIC~1.LAP\AppData\Local\Temp\ccG3WIcm.s 			page 226


 5588      106DC1
 5589 0213 6DC700EC 		.ascii	"m\307\000\354\203\020\356\307h\210t\220\001 \035\322"
 5589      8310EEC7 
 5589      68887490 
 5589      01201DD2 
 5590 0223 8F10D16D 		.ascii	"\217\020\321m\306\263C\253A\230\355 \250=\230\325$\324"
 5590      C6B343AB 
 5590      4198ED20 
 5590      A83D98D5 
 5590      24D4
 5591 0235 26F8CC8E 		.ascii	"&\370\314\216>\014\3158\344\212\212rA3]n\006\204\363"
 5591      3E0CCD38 
 5591      E48A8A72 
 5591      41335D6E 
 5591      0684F3
 5592 0248 70C421E7 		.ascii	"p\304!\347\243S\243\200\003\302i\360\261\361\354\034"
 5592      A353A380 
 5592      03C269F0 
 5592      B1F1EC1C 
 5593 0258 302A1A3A 		.ascii	"0*\032:\262\201\320\200\204#\372\271\321h6\006\016,"
 5593      B281D080 
 5593      8423FAB9 
 5593      D1683606 
 5593      0E2C
 5594 026a D8E2B745 		.ascii	"\330\342\267E\016oy~\005\255\260\326\205\225\214m\003"
 5594      0E6F797E 
 5594      05ADB0D6 
 5594      85958C6D 
 5594      03
 5595 027b 2423CED2 		.ascii	"$#\316\322\254\317\246\211\320\252\002\362\364J,\365"
 5595      ACCFA689 
 5595      D0AA02F2 
 5595      F44A2CF5 
 5596 028b 4E42BE36 		.ascii	"NB\2766\266\262)N5Z\373\202Q\344\310]\333B\342\332["
 5596      B6B2294E 
 5596      355AFB82 
 5596      51E4C85D 
 5596      DB42E2DA 
 5597 02a0 E9C999C5 		.ascii	"\351\311\231\305\011O\250!L$\2153C3\"\023\024\246\244"
 5597      094FA821 
 5597      4C248D33 
 5597      43332213 
 5597      14A6A4
 5598 02b3 4907C002 		.ascii	"I\007\300\002\021\031\253\033\021\2209t3a\232:\017\265"
 5598      1119AB1B 
 5598      11903974 
 5598      33619A3A 
 5598      0FB5
 5599 02c5 3E957BBE 		.ascii	">\225{\276\031\330\015\332\234\313Z\020L\245\210\355"
 5599      19D80DDA 
 5599      9CCB5A10 
 5599      4CA588ED 
 5600 02d5 5F25E487 		.ascii	"_%\344\207\350x\212\002o\215\326\256\314\2416e\007B"
 5600      E8788A02 
 5600      6F8DD6AE 
 5600      CCA13665 
 5600      0742
ARM GAS  C:\Users\PUBLIC~1.LAP\AppData\Local\Temp\ccG3WIcm.s 			page 227


 5601 02e7 FE71C766 		.ascii	"\376q\307f\276\030\2360N\3077\336$f\004\233E\372\302"
 5601      BE189E30 
 5601      4EC737DE 
 5601      2466049B 
 5601      45FAC2
 5602 02fa 499B423F 		.ascii	"I\233B?\230\004\311\0042\350\377_\026\341*1OS\222C\023"
 5602      9804C904 
 5602      32E8FF5F 
 5602      16E12A31 
 5602      4F539243 
 5603 030f AAA630B4 		.ascii	"\252\2460\264\257\362\220\007\225\273\023\332\217\204"
 5603      AFF29007 
 5603      95BB13DA 
 5603      8F84
 5604 031d E0402A45 		.ascii	"\340@*EZ\001\342\273\262\242\026\336\354\010\002\321"
 5604      5A01E2BB 
 5604      B2A216DE 
 5604      EC0802D1 
 5605 032d 68100000 		.ascii	"h\020\000\000\224b\361\3026X\306\214\350\357#\234<\334"
 5605      9462F1C2 
 5605      3658C68C 
 5605      E8EF239C 
 5605      3CDC
 5606 033f 869CD087 		.ascii	"\206\234\320\207\320\002\315*\311\337[M\251"
 5606      D002CD2A 
 5606      C9DF5B4D 
 5606      A9
 5607              		.text
 5608              		.section	.gnu.lto_ald_usb_fifo_config_set.101.840c018b,"e",%progbits
 5609 0000 28B52FFD 		.ascii	"(\265/\375`\271\003\275\027\000\226k\227H\300\026U:"
 5609      60B903BD 
 5609      1700966B 
 5609      9748C016 
 5609      553A
 5610 0012 7031BECD 		.ascii	"p1\276\315\346\310Lu\353\215\231\311\366\232\326\350"
 5610      E6C84C75 
 5610      EB8D99C9 
 5610      F69AD6E8 
 5611 0022 79F20429 		.ascii	"y\362\004)C\250k\224\005\325E\352\020c\203\303<7\271"
 5611      43A86B94 
 5611      05D545EA 
 5611      106383C3 
 5611      3C37B9
 5612 0035 D94F19EF 		.ascii	"\331O\031\357%\275l\204MfM\247[\311\255\373\277\004"
 5612      25BD6C84 
 5612      4D664DA7 
 5612      5BC9ADFB 
 5612      BF04
 5613 0047 45BDC7E4 		.ascii	"E\275\307\344\211\266\255E\255\015B\210\224)\005\203"
 5613      89B6AD45 
 5613      AD0D4288 
 5613      94290583 
 5614 0057 0074007F 		.ascii	"\000t\000\177\000@b\330\276\375 \237\015\300v\331\001"
 5614      004062D8 
 5614      BEFD209F 
 5614      0DC076D9 
 5614      01
ARM GAS  C:\Users\PUBLIC~1.LAP\AppData\Local\Temp\ccG3WIcm.s 			page 228


 5615 0068 3484F101 		.ascii	"4\204\361\001G\216\037\23415\177B<=\0318|\244\330\214"
 5615      478E1F9C 
 5615      31357F42 
 5615      3C3D1938 
 5615      7CA4D88C 
 5616 007c 4EBA0867 		.ascii	"N\272\010g\327\337\360i\274\206\3576pL\232\323\307\307"
 5616      D7DFF069 
 5616      BC86EF36 
 5616      704C9AD3 
 5616      C7C7
 5617 008e 8F398731 		.ascii	"\2179\2071\2460:\011s\001\345\311\361\254\362\244\355"
 5617      A6303A09 
 5617      7301E5C9 
 5617      F1ACF2A4 
 5617      ED
 5618 009f 252E214C 		.ascii	"%.!L-\222\350\2202\347|-\213\373N\216\253>\237\205\301"
 5618      2D92E890 
 5618      32E77C2D 
 5618      8BFB4E8E 
 5618      AB3E9F85 
 5619 00b4 48E42102 		.ascii	"H\344!\002\006sN\226\202'>\216N|OA\020#\314\234\363"
 5619      06734E96 
 5619      82273E8E 
 5619      4E7C4F41 
 5619      1023CC9C 
 5620 00c9 405712C1 		.ascii	"@W\022\301\035U\026\006sN+0h\342.o[f\333goQ\336\235"
 5620      1D551606 
 5620      734E2B30 
 5620      68E22E6F 
 5620      5B66DB67 
 5621 00e1 A86134A7 		.ascii	"\250a4\247\012\031_\350:x\252\344\305\311q\216p2\337"
 5621      0A195FE8 
 5621      3A78AAE4 
 5621      C5C9718E 
 5621      7032DF
 5622 00f4 7BAF3C79 		.ascii	"{\257<y\340\223 -\232\265\272o\362+\352h\321\027\246"
 5622      E093202D 
 5622      9AB5BA6F 
 5622      F22BEA68 
 5622      D117A6
 5623 0107 3832958A 		.ascii	"82\225\212=\314\321]a\177\234+\264\377\363\277\334\347"
 5623      3DCCD15D 
 5623      617F9C2B 
 5623      B4FFF3BF 
 5623      DCE7
 5624 0119 777DF8B7 		.ascii	"w}\370\267n\343g\251z\245j\225\252S\252F\251\372\244"
 5624      6EE367A9 
 5624      7AA56A95 
 5624      AA53AA46 
 5624      A9FAA4
 5625 012c EA16559B 		.ascii	"\352\026U\233FuiT\223V=Ru\251jr\325\343\252W\325\252"
 5625      46756954 
 5625      93563D52 
 5625      75A96A72 
 5625      D5E3AA57 
 5626 0142 EA1308F0 		.ascii	"\352\023\010\360\303\304\304KD\231\223\347J\225i\204"
 5626      C3C4C44B 
ARM GAS  C:\Users\PUBLIC~1.LAP\AppData\Local\Temp\ccG3WIcm.s 			page 229


 5626      449993E7 
 5626      4A956984 
 5627 0152 0C555EF6 		.ascii	"\014U^\366\024\244\245\310\264@\312\375\232\366@_\021"
 5627      14A4A5C8 
 5627      B440CAFD 
 5627      9AF6405F 
 5627      11
 5628 0163 7F3DA5FD 		.ascii	"\177=\245\375ZQ\347P\222\266\264\377\241\030-i\225\010"
 5628      5A51E750 
 5628      92B6B4FF 
 5628      A1182D69 
 5628      9508
 5629 0175 807B48E9 		.ascii	"\200{H\351\332\321\222\266\355=F\345\256\213\237 \""
 5629      DAD192B6 
 5629      ED3D46E5 
 5629      AE8B9F20 
 5629      22
 5630 0186 726DDC79 		.ascii	"rm\334yl\013%\216K\256\016\305\334\265\343\216C\"\212"
 5630      6C0B258E 
 5630      4BAE0EC5 
 5630      DCB5E38E 
 5630      43228A
 5631 0199 03844347 		.ascii	"\003\204CGf\316h\322\227u\255\235\303\240\007\232\334"
 5631      66CE68D2 
 5631      9775AD9D 
 5631      C3A0079A 
 5631      DC
 5632 01aa E9166BAD 		.ascii	"\351\026k\2553\216\216\370\015\347\2340\325}\201r\267"
 5632      338E8EF8 
 5632      0DE79C30 
 5632      D57D8172 
 5632      B7
 5633 01bb 25B40484 		.ascii	"%\264\004\204N\261\207\363\005\312\326\356\036\311\017"
 5633      4EB187F3 
 5633      05CAD6EE 
 5633      1EC90F
 5634 01ca C58E16AD 		.ascii	"\305\216\026\255\022\316\320u<\013\264\232\012$\356"
 5634      12CED075 
 5634      3C0BB49A 
 5634      0A24EE
 5635 01d9 438E376E 		.ascii	"C\2167n\270\335h\243\023\330\016\324`\012h1\003\254"
 5635      B8DD68A3 
 5635      13D80ED4 
 5635      600A6831 
 5635      03AC
 5636 01eb 0EB71C8D 		.ascii	"\016\267\034\215\015\256\264\315@\215\327\243\271\325"
 5636      0DAEB4CD 
 5636      408DD7A3 
 5636      B9D5
 5637 01f9 D05E3231 		.ascii	"\320^21\230\354\301+\206@\346\340%\203 \2130\363\272"
 5637      98ECC12B 
 5637      8640E6E0 
 5637      2583208B 
 5637      30F3BA
 5638 020c E9807B65 		.ascii	"\351\200{e\330\351t;\333\213\267{\325r\033n2\354fbd"
 5638      D8E9743B 
 5638      DB8BB77B 
ARM GAS  C:\Users\PUBLIC~1.LAP\AppData\Local\Temp\ccG3WIcm.s 			page 230


 5638      D5721B6E 
 5638      32EC6662 
 5639 0221 1272B5DC 		.ascii	"\022r\265\334\205\231\231L\354\200\215\016w3\363p\241"
 5639      8599994C 
 5639      EC808D0E 
 5639      7733F370 
 5639      A1
 5640 0232 97ABA1A1 		.ascii	"\227\253\241\241\301`\263\005\015&\330\343\\!\214\316"
 5640      C160B305 
 5640      0D26D8E3 
 5640      5C218CCE 
 5641 0242 EA582584 		.ascii	"\352X%\204B\256vH\352\004J\325\256\366V~=;\264\013Q"
 5641      42AE7648 
 5641      EA044AD5 
 5641      AEF6567E 
 5641      3D3BB40B 
 5642 0257 154911A1 		.ascii	"\025I\021\241\266eS\253\304_\017y\027\225\247E\355E"
 5642      B66553AB 
 5642      C45F0F79 
 5642      1795A745 
 5642      ED45
 5643 0269 0446A841 		.ascii	"\004F\250AT\207\010R\204\244d&(HAar\320\002\021\251"
 5643      54870852 
 5643      84A46426 
 5643      28484161 
 5643      72D00211 
 5644 027e AA0E1150 		.ascii	"\252\016\021P\265\206\201\214\026\224\321l\007%\222"
 5644      B586818C 
 5644      1694D16C 
 5644      072592
 5645 028d CA449708 		.ascii	"\312D\227\010CG\316\006\302\355H\2560\215\376\022p\307"
 5645      4347CE06 
 5645      C2ED48AE 
 5645      308DFE12 
 5645      70C7
 5646 029f 5402D9F0 		.ascii	"T\002\331\360\254\257\202\321|E\210~D\311\304O\306\267"
 5646      ACAF82D1 
 5646      7C45887E 
 5646      44C9C44F 
 5646      C6B7
 5647 02b1 6B31037F 		.ascii	"k1\003\177\321\035\027n\027\013\316\271\213^\247\353"
 5647      D11D176E 
 5647      170BCEB9 
 5647      8B5EA7EB 
 5648 02c1 D100F149 		.ascii	"\321\000\361Ig+\252\343l\307\272\213\217\350\015\210"
 5648      672BAAE3 
 5648      6CC7BA8B 
 5648      8FE80D88 
 5649 02d1 8486DC53 		.ascii	"\204\206\334S+Qmd\001Xi\234~E\3078^\326\323\362\036"
 5649      2B516D64 
 5649      0158699C 
 5649      7E45C738 
 5649      5ED6D3F2 
 5650 02e6 4E4F5AE9 		.ascii	"NOZ\351\310m\340Yp\237\272\027f\\\277\356\236\340E\332"
 5650      C86DE059 
 5650      709FBA17 
 5650      665CBFEE 
ARM GAS  C:\Users\PUBLIC~1.LAP\AppData\Local\Temp\ccG3WIcm.s 			page 231


 5650      9EE045DA 
 5651 02fa 5FC609B8 		.ascii	"_\306\011\270\035\213\012"
 5651      1D8B0A
 5652              		.text
 5653              		.section	.gnu.lto_ald_usb_fifo_flush.102.840c018b,"e",%progbits
 5654 0000 28B52FFD 		.ascii	"(\265/\375`\217\003\275\026\000\306g\216K\260\322U:"
 5654      608F03BD 
 5654      1600C667 
 5654      8E4BB0D2 
 5654      553A
 5655 0012 73E1E5CD 		.ascii	"s\341\345\315\327\343s>\341\312\232t\345\275\210\361"
 5655      D7E3733E 
 5655      E1CA9A74 
 5655      E5BD88F1 
 5656 0022 F11C1BED 		.ascii	"\361\034\033\355\221\002igOf\266Q<\371\310\377_6\347"
 5656      91026967 
 5656      4F66B651 
 5656      3CF9C8FF 
 5656      5F36E7
 5657 0035 5E196FCC 		.ascii	"^\031o\314\315\314\230\032\343\221|\341\332I\371\003"
 5657      CDCC981A 
 5657      E3917CE1 
 5657      DA49F903 
 5658 0045 3C8918B6 		.ascii	"<\211\030\266\215\223\331\011M$\315o\270\266\221M\210"
 5658      8D93D909 
 5658      4D24CD6F 
 5658      B8B6914D 
 5658      88
 5659 0056 94320578 		.ascii	"\2242\005x\000n\000u\000Dl\313\213\342{b\217~\213\244"
 5659      006E0075 
 5659      00446CCB 
 5659      8BE27B62 
 5659      8F7E8BA4 
 5660 006a 7356AD49 		.ascii	"sV\255I/f\324zL\371\204\325\226&+\200nI.\011\335\362"
 5660      2F66D47A 
 5660      4CF984D5 
 5660      96262B80 
 5660      6E492E09 
 5661 0080 BF7FAAA4 		.ascii	"\277\177\252\244\347e\344\324\004\244\326z\266q\177"
 5661      E765E4D4 
 5661      04A4D67A 
 5661      B6717F
 5662 008f CB5A99B4 		.ascii	"\313Z\231\264$\233\177_\263\205t\032\3421$\002\227\265"
 5662      249B7F5F 
 5662      B385741A 
 5662      E2312402 
 5662      97B5
 5663 00a1 3A29F153 		.ascii	":)\361Sds\203BK\205\033\270<\001\001$\264$\324\217\220"
 5663      64738342 
 5663      4B851BB8 
 5663      3C010124 
 5663      B424D48F 
 5664 00b6 8BC8C30D 		.ascii	"\213\310\303\015\200\330C\232\324ZWi\231\003q\207\331"
 5664      80D8439A 
 5664      D45A5769 
 5664      99037187 
 5664      D9
ARM GAS  C:\Users\PUBLIC~1.LAP\AppData\Local\Temp\ccG3WIcm.s 			page 232


 5665 00c7 6CA9B59E 		.ascii	"l\251\265\236\207D\240}k\377\033\377\373\376\236\011"
 5665      8744A07D 
 5665      6BFF1BFF 
 5665      FBFE9E09 
 5666 00d7 1F58BE29 		.ascii	"\037X\276)\366\350\343(\021[\222\325\247G]\234\305\241"
 5666      F6E8E328 
 5666      115B92D5 
 5666      A7475D9C 
 5666      C5A1
 5667 00e9 5BEED0C7 		.ascii	"[\356\320\307\012\256:\254\271w\207\260*\310U_\343\020"
 5667      0AAE3AAC 
 5667      B97787B0 
 5667      2AC8555F 
 5667      E310
 5668 00fb 546521FF 		.ascii	"Te!\377\021\310]\364/Y\233\350\337\244\335\330\"\355"
 5668      11C85DF4 
 5668      2F599BE8 
 5668      DFA4DDD8 
 5668      22ED
 5669 010d C298FF62 		.ascii	"\302\230\377b\276\213\371-\346\233\315\247\314/\231"
 5669      BE8BF92D 
 5669      E69BCDA7 
 5669      CC2F99
 5670 011c 4F32BF99 		.ascii	"O2\277\231\317\314_\222\000T1\200\266\250\243\326\016"
 5670      CFCC5F92 
 5670      00543180 
 5670      B6A8A3D6 
 5670      0E
 5671 012d 4586D41C 		.ascii	"E\206\324\034\345\323\210\377\373\357\322\357w\375%"
 5671      E5D388FF 
 5671      FBEFD2EF 
 5671      77FD25
 5672 013c 43A5242A 		.ascii	"C\245$*\233\325\226\004\002\373d6\214\206\011\343_F"
 5672      9BD59604 
 5672      02FB6436 
 5672      8C8609E3 
 5672      5F46
 5673 014e C73B7C77 		.ascii	"\307;|w}\014\326\027\256\303>\302c\255u\306@\212Bi\033"
 5673      7D0CD617 
 5673      AEC33EC2 
 5673      63AD75C6 
 5673      408A4269 
 5674 0163 F8B12E0A 		.ascii	"\370\261.\012\2155-\356\034\225e\303\350\250]\031%\273"
 5674      8D352DEE 
 5674      1C9565C3 
 5674      E8A85D19 
 5674      25BB
 5675 0175 6CFE210C 		.ascii	"l\376!\014\332m\013\262\373\304hbI\031m\365*-\005\246"
 5675      DA6D0BB2 
 5675      FBC46862 
 5675      49196DF5 
 5675      2A2D05A6 
 5676 0189 A95E19ED 		.ascii	"\251^\031\355n\365YX\334\341\252\377\274mZu\303\244"
 5676      6EF55958 
 5676      DCE1AAFF 
 5676      BC6D5A75 
 5676      C3A4
ARM GAS  C:\Users\PUBLIC~1.LAP\AppData\Local\Temp\ccG3WIcm.s 			page 233


 5677 019b 960A1849 		.ascii	"\226\012\030Ip\255\025\330]\364\325\241\260\036\300"
 5677      70AD15D8 
 5677      5DF4D5A1 
 5677      B01EC0
 5678 01aa 24C5C341 		.ascii	"$\305\303A>b\364\300\375cX\025\275U\255\001=\231\033"
 5678      3E62F4C0 
 5678      FD635815 
 5678      BD55AD01 
 5678      3D991B
 5679 01bd 8D85F209 		.ascii	"\215\205\362\011r+\270\231\202\033M\205$\007F\367b\023"
 5679      722BB899 
 5679      821B4D85 
 5679      240746F7 
 5679      6213
 5680 01cf 439F53C1 		.ascii	"C\237S\301\365|/04\267\223\2056\25398i\010j\015\316"
 5680      F57C2F30 
 5680      34B79385 
 5680      36AB3938 
 5680      69086A0D 
 5681 01e4 DA831A04 		.ascii	"\332\203\032\004\227\363&'\346\254\341\355v\274\334"
 5681      97F32627 
 5681      E6ACE1ED 
 5681      76BCDC
 5682 01f3 D9E39D38 		.ascii	"\331\343\2358]\206\233\032\236KJ-\202\016\247\233q\261"
 5682      5D869B1A 
 5682      9E4B4A2D 
 5682      820EA79B 
 5682      71B1
 5683 0205 B1D0566C 		.ascii	"\261\320Vlv176\0153>\035\315\313m6\263-` \341'k\023"
 5683      76313736 
 5683      0D333E1D 
 5683      CDCB6D36 
 5683      B32D6020 
 5684 021d 99043BF8 		.ascii	"\231\004;\370\021#\016\222\365\352\033\257\020\261\225"
 5684      11230E92 
 5684      F5EA1BAF 
 5684      10B195
 5685 022c 5157BF9A 		.ascii	"QW\277\232e\010\203j\270\372et\300h\343\253.b\261[a"
 5685      6508836A 
 5685      B8FA6574 
 5685      C068E3AB 
 5685      2E62B15B 
 5686 0241 5DACD99B 		.ascii	"]\254\331\233\013G\250A@i\211B\301\320\004\224\226\026"
 5686      0B47A841 
 5686      40698942 
 5686      C1D00494 
 5686      9616
 5687 0253 2707B002 		.ascii	"'\007\260\002\021!;\017\021\3608\214\020\006D\201\235"
 5687      11213B0F 
 5687      11F0388C 
 5687      10064481 
 5687      9D
 5688 0264 074597CA 		.ascii	"\007E\227\312\266MD\214i\247a\227z\310Pj\355bI\362s"
 5688      B64D448C 
 5688      69A76197 
 5688      7AC8506A 
 5688      ED6249F2 
ARM GAS  C:\Users\PUBLIC~1.LAP\AppData\Local\Temp\ccG3WIcm.s 			page 234


 5689 0279 385BAC92 		.ascii	"8[\254\222\012\\\376_%A\2431\226\0108\252s\340\311 "
 5689      0A5CFE5F 
 5689      2541A331 
 5689      960838AA 
 5689      73E0C920 
 5690 028d 8C4249E1 		.ascii	"\214BI\341\340?\367\351\205*\305\215\020A\246D\322\314"
 5690      E03FF7E9 
 5690      852AC58D 
 5690      1041A644 
 5690      D2CC
 5691 029f 1EC01CAA 		.ascii	"\036\300\034\252\305\201,\306\036W\263\214\237\307\366"
 5691      C5812CC6 
 5691      1E57B38C 
 5691      9FC7F6
 5692 02ae ED466569 		.ascii	"\355Fei\0138\311<|\264\006\365\212\203&\306\336\026"
 5692      0B38C93C 
 5692      7CB406F5 
 5692      8A8326C6 
 5692      DE16
 5693 02c0 E95D0846 		.ascii	"\351]\010F0\372\232S\027\206\340\013\351\177\223\377"
 5693      30FA9A53 
 5693      1786E00B 
 5693      E97F93FF 
 5694 02d0 8E7AB14E 		.ascii	"\216z\261N\324\356t\212\263:\245\265\213oZ\247\002"
 5694      D4EE748A 
 5694      B33AA5B5 
 5694      8B6F5AA7 
 5694      02
 5695              		.text
 5696              		.section	.gnu.lto_ald_usb_int_disable.103.840c018b,"e",%progbits
 5697 0000 28B52FFD 		.ascii	"(\265/\375` \001\315\015\0006Y^D\340\224(\035\250\322"
 5697      602001CD 
 5697      0D003659 
 5697      5E44E094 
 5697      281DA8D2 
 5698 0014 C1FBB038 		.ascii	"\301\373\2608A\022 \326\000\260[\244B\305s-\027\262"
 5698      411220D6 
 5698      00B05BA4 
 5698      42C5732D 
 5698      17B2
 5699 0026 4020EEA5 		.ascii	"@ \356\245Y\007\200~\365}\275_i\377]|x\377\260\301\014"
 5699      5907807E 
 5699      F57DBD5F 
 5699      69FF5D7C 
 5699      78FFB0C1 
 5700 003b 72FA3E8A 		.ascii	"r\372>\212\026]\377\026\273\332\215\370\006\360\233"
 5700      165DFF16 
 5700      BBDA8DF8 
 5700      06F09B
 5701 004a 801D7E23 		.ascii	"\200\035~#{K\231RF\000G\000H\000\276\3609\004\335\000"
 5701      7B4B9952 
 5701      46004700 
 5701      4800BEF0 
 5701      3904DD00 
 5702 005e 77F87EC2 		.ascii	"w\370~\302\035Zf\347$\010!\300\206\210\016%\273\033"
 5702      1D5A66E7 
 5702      240821C0 
ARM GAS  C:\Users\PUBLIC~1.LAP\AppData\Local\Temp\ccG3WIcm.s 			page 235


 5702      86880E25 
 5702      BB1B
 5703 0070 95C5657F 		.ascii	"\225\305e\177\2322\337\303\362v\240\370A\253\315\376"
 5703      9A32DFC3 
 5703      F276A0F8 
 5703      41ABCDFE 
 5704 0080 68AE036A 		.ascii	"h\256\003j2\017\264\273\247\361$Q\213\311\364\260\354"
 5704      320FB4BB 
 5704      A7F12451 
 5704      8BC9F4B0 
 5704      EC
 5705 0091 AE93569B 		.ascii	"\256\223V\233\271\341mO\260\315\262_\012\327\017\021"
 5705      B9E16D4F 
 5705      B0CDB25F 
 5705      0AD70F11 
 5706 00a1 61222675 		.ascii	"a\"&u|[\212 \233L\354\333,u\205\375\267Zc\377\346\207"
 5706      7C5B8A20 
 5706      9B4CECDB 
 5706      2C7585FD 
 5706      B75A63FF 
 5707 00b7 99D64C67 		.ascii	"\231\326Lg\246\377)\200\244\310\314O$\331-\261\323d"
 5707      A6FF2980 
 5707      A4C8CC4F 
 5707      24D92DB1 
 5707      D364
 5708 00c9 81401F2F 		.ascii	"\201@\037/l?\200\215@\010\206\247}\031\237!\373\015"
 5708      6C3F808D 
 5708      400886A7 
 5708      7D199F21 
 5708      FB0D
 5709 00db 0803D8AD 		.ascii	"\010\003\330\255\301\243\307\356-%\2535\006\301(\214"
 5709      C1A3C7EE 
 5709      2D25AB35 
 5709      06C1288C 
 5710 00eb 09D8623C 		.ascii	"\011\330b<U\034mq\332\221\324\253\322\330\256\343\200"
 5710      551C6D71 
 5710      DA91D4AB 
 5710      D2D8AEE3 
 5710      80
 5711 00fc 7D76558C 		.ascii	"}vU\214\374\033\277y\370\354\356]\034\276\035ad\037"
 5711      FC1BBF79 
 5711      F8ECEE5D 
 5711      1CBE1D61 
 5711      641F
 5712 010e 7B8C3B4C 		.ascii	"{\214;LU\033\0339R\307\012l0rwgj\024\356z\000'G&\227"
 5712      551B1B39 
 5712      52C70A6C 
 5712      30727767 
 5712      6A14EE7A 
 5713 0127 F83B47E1 		.ascii	"\370;G\341\240\006f\200Z9\205\032\230D*'\256\015&\225"
 5713      A0066680 
 5713      5A39851A 
 5713      98442A27 
 5713      AE0D2695 
 5714 013b 066894CA 		.ascii	"\006h\224\312\311\005k\311\2402\305\221(\324E\210\242"
 5714      C9056BC9 
 5714      A032C591 
ARM GAS  C:\Users\PUBLIC~1.LAP\AppData\Local\Temp\ccG3WIcm.s 			page 236


 5714      28D44588 
 5714      A2
 5715 014c 051D84D8 		.ascii	"\005\035\204\330I\350(\220\342\353\203Kd\265V\253\026"
 5715      49E82890 
 5715      E2EB834B 
 5715      64B556AB 
 5715      16
 5716 015d 2ABA5AF1 		.ascii	"*\272Z\361\224\352\360b\265H)]\205\324)\365B*\215D+"
 5716      94EAF062 
 5716      B548295D 
 5716      85D429F5 
 5716      422A8D44 
 5717 0172 1C562EAF 		.ascii	"\034V.\257R\354\005\226R\265\230B\241\222\203\007\026"
 5717      52EC0596 
 5717      52B59842 
 5717      A1928307 
 5717      16
 5718 0183 6EFB1718 		.ascii	"n\373\027\030\0004K\221]\030\231x-\216\206\007\222f"
 5718      00344B91 
 5718      5D189978 
 5718      2D8E8607 
 5718      9266
 5719 0195 52F44110 		.ascii	"R\364A\020\004L*\336\242\246\033\202=0\0016\354-\032"
 5719      044C2ADE 
 5719      A2A61B82 
 5719      3D300136 
 5719      EC2D1A
 5720 01a8 BB4095D6 		.ascii	"\273@\225\326\270?Cx\256\341\333\231P\254\325\350p7"
 5720      B83F4378 
 5720      AEE1DB99 
 5720      50ACD5E8 
 5720      7037
 5721 01ba 23356451 		.ascii	"#5dQ\345\266\253\350\001"
 5721      E5B6ABE8 
 5721      01
 5722              		.text
 5723              		.section	.gnu.lto_ald_usb_int_enable.104.840c018b,"e",%progbits
 5724 0000 28B52FFD 		.ascii	"(\265/\375` \001\305\015\0006\031^E\360\222(\035!r\264"
 5724      602001C5 
 5724      0D003619 
 5724      5E45F092 
 5724      281D2172 
 5725 0015 94D738A2 		.ascii	"\224\3278\2429\242j\376#s\217y\262\256\336\201kb\017"
 5725      39A26AFE 
 5725      23738F79 
 5725      B2AEDE81 
 5725      6B620F
 5726 0028 9954D2A3 		.ascii	"\231T\322\243\206\256Qr\271^\312\372I\021\205\376\320"
 5726      86AE5172 
 5726      B95ECAFA 
 5726      491185FE 
 5726      D0
 5727 0039 0639F5EB 		.ascii	"\0069\365\3532.EK\320\037\225\266}\222X\256\022\277"
 5727      322E454B 
 5727      D01F95B6 
 5727      7D9258AE 
 5727      12BF
ARM GAS  C:\Users\PUBLIC~1.LAP\AppData\Local\Temp\ccG3WIcm.s 			page 237


 5728 004b 6E403ED9 		.ascii	"n@>\331[\312\224\002E\000F\000G\000\266\320=v^\200{"
 5728      5BCA9402 
 5728      45004600 
 5728      4700B6D0 
 5728      3D765E80 
 5729 0060 8427E11E 		.ascii	"\204'\341\036\375\262o\020\200\0100\023$&dw=M\361\327"
 5729      FDB26F10 
 5729      80083013 
 5729      24266477 
 5729      3D4DF1D7 
 5730 0074 A1E6CBE7 		.ascii	"\241\346\313\347\244\300\03217\331\014v\010s\0250\213"
 5730      A4C01A31 
 5730      37D90C76 
 5730      08731530 
 5730      8B
 5731 0085 C1CEEEFE 		.ascii	"\301\316\356\376\305s\304\314%\223\223\262\273N\331"
 5731      C573C4CC 
 5731      259393B2 
 5731      BB4ED9
 5732 0094 ECE58EB7 		.ascii	"\354\345\216\267-\301v\312\276(\327\373\010a\302%m>"
 5732      2DC176CA 
 5732      BE28D7FB 
 5732      0861C225 
 5732      6D3E
 5733 00a6 4D478F4D 		.ascii	"MG\217M\"v\015\226\212\302>\\\225\261O\363\307Lk\246"
 5733      22760D96 
 5733      8AC23E5C 
 5733      95B14FF3 
 5733      C74C6BA6 
 5734 00ba 33D3EF08 		.ascii	"3\323\357\010\330H\274<\306f\267\304\255\310\362\210"
 5734      D848BC3C 
 5734      C666B7C4 
 5734      ADC8F288 
 5735 00ca 3958D83E 		.ascii	"9X\330>\000\373\300\215\013O\373-\356\342u\232\017\036"
 5735      00FBC08D 
 5735      0B4FFB2D 
 5735      EEE2759A 
 5735      0F1E
 5736 00dc D9856103 		.ascii	"\331\205a\003\307n\315$\2532\356\264h\213\007\320l\240"
 5736      C76ECD24 
 5736      AB32EEB4 
 5736      688B07D0 
 5736      6CA0
 5737 00ee 6A8DAAB8 		.ascii	"j\215\252\270\014H\352Ua\354\325g\264\272\335\023 _"
 5737      0C48EA55 
 5737      61ECD567 
 5737      B4BADD13 
 5737      205F
 5738 0100 C66B1DBA 		.ascii	"\306k\035\272\335\375\212G\270\"~\354]wq\217\251:\023"
 5738      DDFD8A47 
 5738      B8227EEC 
 5738      5D77718F 
 5738      A93A13
 5739 0113 8346DA9C 		.ascii	"\203F\332\234\200\266#w\027\246.\341\256\006jnb9\304"
 5739      80B62377 
 5739      17A62EE1 
 5739      AE066A6E 
ARM GAS  C:\Users\PUBLIC~1.LAP\AppData\Local\Temp\ccG3WIcm.s 			page 238


 5739      6239C4
 5740 0126 BFBD848B 		.ascii	"\277\275\204\213\032^PB!y\030\214>'$+\015\243S\206\350"
 5740      1A5E5042 
 5740      2179188C 
 5740      3E27242B 
 5740      0DA35386 
 5741 013b D20969D5 		.ascii	"\322\011i\325R\301p\032y\240\217\347\203\340}\024|\017"
 5741      52C1701A 
 5741      79A08FE7 
 5741      83E07D14 
 5741      7C0F
 5742 014d BC2FC237 		.ascii	"\274/\3027!\344\261<\254x)\025\012\245*y+\225G2q`\245"
 5742      21E4B13C 
 5742      AC782915 
 5742      0AA52A79 
 5742      2B954732 
 5743 0164 5421938F 		.ascii	"T!\223\217\202\211db\011\211@\037\224\015\250\025\226"
 5743      82896462 
 5743      0989401F 
 5743      940DA815 
 5743      96
 5744 0175 C8C5D232 		.ascii	"\310\305\3222\235TF\036\217\250\201\203\012\265=\014"
 5744      9D54461E 
 5744      8FA88183 
 5744      0AB53D0C 
 5745 0185 1800344B 		.ascii	"\030\0004K\221]\030\231x-\216\206\007\222fR\364A\020"
 5745      915D1899 
 5745      782D8E86 
 5745      07926652 
 5745      F44110
 5746 0198 044C2ADE 		.ascii	"\004L*\336\242\246\033\202=0\0016\354-\032\273@\225"
 5746      A2A61B82 
 5746      3D300136 
 5746      EC2D1ABB 
 5746      4095
 5747 01aa D6B83F43 		.ascii	"\326\270?Cx\256\341\333\231P\254\325\350p7#5dQ\345\266"
 5747      78AEE1DB 
 5747      9950ACD5 
 5747      E8703723 
 5747      356451E5 
 5748 01bf ABE801   		.ascii	"\253\350\001"
 5749              		.text
 5750              		.section	.gnu.lto_ald_usb_int_status_get.105.840c018b,"e",%progbits
 5751 0000 28B52FFD 		.ascii	"(\265/\375`\023\001\215\015\000f\030\\E\360\260(\035"
 5751      6013018D 
 5751      0D006618 
 5751      5C45F0B0 
 5751      281D
 5752 0012 3B463CDB 		.ascii	";F<\333\306\250\037\251\"\250M\307\310\272\353v\364"
 5752      C6A81FA9 
 5752      22A84DC7 
 5752      C8BAEB76 
 5752      F4
 5753 0023 56C09AE7 		.ascii	"V\300\232\347\001}\367\324~\353m\241\340\000\263\374"
 5753      017DF7D4 
 5753      7EEB6DA1 
 5753      E000B3FC 
ARM GAS  C:\Users\PUBLIC~1.LAP\AppData\Local\Temp\ccG3WIcm.s 			page 239


 5754 0033 E29CED67 		.ascii	"\342\234\355g\260\277e\276\212\251\254\001/\025\265"
 5754      B0BF65BE 
 5754      8AA9AC01 
 5754      2F15B5
 5755 0042 443E7694 		.ascii	"D>v\224\016V\204.:a\013;\310&R\246\024D\000C\000H\000"
 5755      0E56842E 
 5755      3A610B3B 
 5755      C82652A6 
 5755      14440043 
 5756 0059 7B990C16 		.ascii	"{\231\014\0260\262\335\217\300\241\037t\016}\022/\321"
 5756      30B2DD8F 
 5756      C0A11F74 
 5756      0E7D122F 
 5756      D1
 5757 006a E295F6D1 		.ascii	"\342\225\366\321l \251\231Y\250\261\373E\220\177l\207"
 5757      6C20A999 
 5757      59A8B1FB 
 5757      45907F6C 
 5757      87
 5758 007b DA3DB643 		.ascii	"\332=\266C\005\361\325s\345\337\346%343Z.\227'\007\202"
 5758      05F1D573 
 5758      E5DFE625 
 5758      3334335A 
 5758      2E972707 
 5759 0090 DD75B65C 		.ascii	"\335u\266\\\257[o[\200\355\316\376J\353\263l\207W\000"
 5759      AF5B6F5B 
 5759      80EDCEFE 
 5759      4AEBB36C 
 5759      875700
 5760 00a3 35373899 		.ascii	"578\231\343\303b<0\327\213M\033\366\347\222\372\301"
 5760      E3C3623C 
 5760      30D78B4D 
 5760      1BF6E792 
 5760      FAC1
 5761 00b5 BEB62A63 		.ascii	"\276\266*c?v\303Lk\2463\323\347\370\220I\361:\207\331"
 5761      3F76C34C 
 5761      6BA633D3 
 5761      E7F89049 
 5761      F13A87D9 
 5762 00c9 EE85D98D 		.ascii	"\356\205\331\215u\001W\210x\354\267[|\033w\004\0301"
 5762      75015788 
 5762      78ECB75B 
 5762      7C1B7704 
 5762      1831
 5763 00db 7A6CF57D 		.ascii	"zl\365}\005\016\276\275\015u\244\003KY\366\3004\250"
 5763      050EBEBD 
 5763      0D75A403 
 5763      4B59F6C0 
 5763      34A8
 5764 00ed A248186F 		.ascii	"\242H\030o\321\200\232\252\372\026/1\335q$tv=\244f\014"
 5764      D1809AAA 
 5764      FA162F31 
 5764      DD712474 
 5764      763DA466 
 5765 0102 0F0C03D4 		.ascii	"\017\014\003\324\307\016\302\232}\300v\205z\025/\031"
 5765      C70EC29A 
 5765      7DC07685 
ARM GAS  C:\Users\PUBLIC~1.LAP\AppData\Local\Temp\ccG3WIcm.s 			page 240


 5765      7A152F19 
 5766 0112 2A648EED 		.ascii	"*d\216\355\324O\250:\2733!\337\304o&tB\034j\013#\013"
 5766      D44FA83A 
 5766      BB3321DF 
 5766      C46F2674 
 5766      421C6A0B 
 5767 0128 26318994 		.ascii	"&1\211\224>\006H\240\020\217\224\312#y\334fSH)\2452"
 5767      3E0648A0 
 5767      108F94CA 
 5767      2379DC66 
 5767      534829A5 
 5768 013d 8190428A 		.ascii	"\201\220B\212!\320\207+\211\240\021NA\344\026p\014D"
 5768      21D0872B 
 5768      89A0114E 
 5768      41E41670 
 5768      0C44
 5769 014f D1A37012 		.ascii	"\321\243p\022U:\024\2523\305T\027K\247\025O\245\023"
 5769      553A14AA 
 5769      33C55417 
 5769      4BA7154F 
 5769      A513
 5770 0161 15E01A9C 		.ascii	"\025\340\032\234J'\024\321(\004\022\211\200:\361F,("
 5770      4A2714D1 
 5770      28041289 
 5770      803AF146 
 5770      2C28
 5771 0173 AA538A09 		.ascii	"\252S\212\011\351\363\031\035H\020\031\0005\253\"\273"
 5771      E9F3191D 
 5771      48101900 
 5771      35AB22BB 
 5772 0183 883203C2 		.ascii	"\2102\003\302\260f\213\357\205C`,\265\331;8\034\325"
 5772      B0668BEF 
 5772      8543602C 
 5772      B5D93B38 
 5772      1CD5
 5773 0195 07C22C04 		.ascii	"\007\302,\004\030GB\023h\003\0131\262\"\036\325\004"
 5773      18474213 
 5773      68030B31 
 5773      B2221ED5 
 5773      04
 5774 01a6 977261A5 		.ascii	"\227ra\245M\027\306\222\314\264\037\254\304\250\302"
 5774      4D17C692 
 5774      CCB41FAC 
 5774      C4A8C2
 5775 01b5 C29D36B5 		.ascii	"\302\2356\265\223\014"
 5775      930C
 5776              		.text
 5777              		.section	.gnu.lto_ald_usb_int_disable_ep.106.840c018b,"e",%progbits
 5778 0000 28B52FFD 		.ascii	"(\265/\375`\203\001-\017\0006\334fF\340\222*\035\330"
 5778      6083012D 
 5778      0F0036DC 
 5778      6646E092 
 5778      2A1DD8
 5779 0013 C790E10A 		.ascii	"\307\220\341\012j\011B0\323\240\246#y_\015\002:S\203"
 5779      6A094230 
 5779      D3A0A623 
 5779      795F0D02 
ARM GAS  C:\Users\PUBLIC~1.LAP\AppData\Local\Temp\ccG3WIcm.s 			page 241


 5779      3A5383
 5780 0026 1E081D71 		.ascii	"\036\010\035q\007\000\314Q\355\320dz-\266\356a\305\000"
 5780      0700CC51 
 5780      EDD0647A 
 5780      2DB6EE61 
 5780      C500
 5781 0038 4B47B18A 		.ascii	"KG\261\212\205C\315 \264\274\2646\016\002\222\257g2"
 5781      8543CD20 
 5781      B4BCB436 
 5781      0E0292AF 
 5781      6732
 5782 004a D19DAA81 		.ascii	"\321\235\252\2014\262\211\224)\005M\000K\000R\000\266"
 5782      34B28994 
 5782      29054D00 
 5782      4B005200 
 5782      B6
 5783 005b 0FC01E40 		.ascii	"\017\300\036@\342\302\323>\213\267\230\235\346\203="
 5783      E2C2D33E 
 5783      8BB7989D 
 5783      E6833D
 5784 006a BB2E7268 		.ascii	"\273.rh\354\342Nl\341{4y\211\367\330\235\304{\364\314"
 5784      ECE24E6C 
 5784      E17B3479 
 5784      89F7D89D 
 5784      C47BF4CC 
 5785 007e FE410004 		.ascii	"\376A\000\004(\314\271!\262\273\240\242\370\3549\363"
 5785      28CCB921 
 5785      B2BBA0A2 
 5785      F8EC39F3 
 5786 008e 5FF30E27 		.ascii	"_\363\016'\234a\203qyv\034\354\256\323\006\023s\353"
 5786      9C618371 
 5786      79761CEC 
 5786      AED30613 
 5786      73EB
 5787 00a0 6D27B0ED 		.ascii	"m'\260\355\262\277#7\330\247\342\261[\021A\366\262\313"
 5787      B2BF2337 
 5787      D8A7E2B1 
 5787      5B1141F6 
 5787      B2CB
 5788 00b2 BCC7D4F4 		.ascii	"\274\307\324\364q\263\311\234\037\336tl\026\261q.\251"
 5788      71B3C99C 
 5788      1FDE746C 
 5788      16B1712E 
 5788      A9
 5789 00c3 27EC77AB 		.ascii	"'\354w\2533\366i~P\246?\231\366d\372\353\322\235L{\231"
 5789      33F6697E 
 5789      50A63F99 
 5789      F664FAEB 
 5789      D29D4C7B 
 5790 00d8 8E9AEE34 		.ascii	"\216\232\3564\255\231\316L?@I(#\346)\206\354\2168bd"
 5790      AD99CE4C 
 5790      3F404928 
 5790      23E62986 
 5790      EC8E3862 
 5791 00ed 73441B2B 		.ascii	"sD\033+\002\037\215\341QO?z 5\231\0037\340}\352\351"
 5791      021F8DE1 
 5791      514F3F7A 
ARM GAS  C:\Users\PUBLIC~1.LAP\AppData\Local\Temp\ccG3WIcm.s 			page 242


 5791      20359903 
 5791      37E07DEA 
 5792 0102 E827E0C6 		.ascii	"\350'\340\306\341\201\264\243\005x\204\310\275\264~"
 5792      E181B4A3 
 5792      057884C8 
 5792      BDB47E
 5793 0111 E385C21A 		.ascii	"\343\205\302\032Qm\262\307mBR\257Q_\363\020\220\232"
 5793      516DB2C7 
 5793      6D4252AF 
 5793      515FF310 
 5793      909A
 5794 0123 4CA75727 		.ascii	"L\247W'\202\267x\252\235\276V\342%s\006\251j\342\324"
 5794      82B778AA 
 5794      9DBE56E2 
 5794      257306A9 
 5794      6AE2D4
 5795 0136 72B4CCD9 		.ascii	"r\264\314\331~\035\006\207o\327\004\311\177\361^\240"
 5795      7E1D0687 
 5795      6FD704C9 
 5795      7FF15EA0 
 5796 0146 4A498918 		.ascii	"JI\211\030\240F($0\015(V\206h\025J\012&S\301\300B\201"
 5796      A0462824 
 5796      300D2856 
 5796      8668154A 
 5796      0A2653C1 
 5797 015d A491C814 		.ascii	"\244\221\310\024\001\034)0A\000M\022L\023J`\314\303"
 5797      011C2930 
 5797      41004D12 
 5797      4C134A60 
 5797      CCC3
 5798 016f 0AE87AB5 		.ascii	"\012\350z\265Z/\025\010{\201\251U\207\230\353U:1QX\245"
 5798      5A2F1508 
 5798      7B81A955 
 5798      8798EB55 
 5798      3A315158 
 5799 0184 562CA513 		.ascii	"V,\245\023i\224\262\241\265\022;\265\260\310V,\025\224"
 5799      6994B2A1 
 5799      B5123BB5 
 5799      B0C8562C 
 5799      1594
 5800 0196 48746AF0 		.ascii	"Htj\360\240\002n\337\255\316\330\204\2464\207\302\033"
 5800      A0026EDF 
 5800      ADCED884 
 5800      A63487C2 
 5800      1B
 5801 01a7 011C0034 		.ascii	"\001\034\0004K\221]\030\231x\0174\032\036Ra\327\274"
 5801      4B915D18 
 5801      99780F34 
 5801      1A1E5261 
 5801      D7BC
 5802 01b9 B084C218 		.ascii	"\260\204\302\030\241L0@\206\214)\005\327 \014\275\360"
 5802      A14C3040 
 5802      868C2905 
 5802      D7200CBD 
 5802      F0
 5803 01ca 06C60842 		.ascii	"\006\306\010B\300\270\340m\213t\333`\037\330R\237)\333"
 5803      C0B8E06D 
ARM GAS  C:\Users\PUBLIC~1.LAP\AppData\Local\Temp\ccG3WIcm.s 			page 243


 5803      8B74DB60 
 5803      1FD8529F 
 5803      29DB
 5804 01dc 8F9ECA84 		.ascii	"\217\236\312\204\341\232x\314L\210\326jJ\270\303\246"
 5804      E19A78CC 
 5804      4C88D66A 
 5804      4AB8C3A6 
 5805 01ec 769201   		.ascii	"v\222\001"
 5806              		.text
 5807              		.section	.gnu.lto_ald_usb_int_enable_ep.107.840c018b,"e",%progbits
 5808 0000 28B52FFD 		.ascii	"(\265/\375`\203\001-\017\0006\334fF\360\222(\035E\223"
 5808      6083012D 
 5808      0F0036DC 
 5808      6646F092 
 5808      281D4593 
 5809 0014 5214BB63 		.ascii	"R\024\273c\237\305cC\251zD*~\352\311\351K\225.c\014"
 5809      9FC56343 
 5809      A97A442A 
 5809      7EEAC9E9 
 5809      4B952E63 
 5810 0029 62AC8E5A 		.ascii	"b\254\216Z\201U\301\244\375\026\353\373I\021\205\376"
 5810      8155C1A4 
 5810      FD16EBFB 
 5810      491185FE 
 5811 0039 D00639F5 		.ascii	"\320\0069\365\025\235J\367\221\362\242\247\212\256\007"
 5811      159D4AF7 
 5811      91F2A2A7 
 5811      8AAE07
 5812 0048 8F3040D3 		.ascii	"\2170@\323\231\232\221F6\2212\245N\000K\000R\000\266"
 5812      999A9146 
 5812      369132A5 
 5812      4E004B00 
 5812      5200B6
 5813 005b 0FC01ED0 		.ascii	"\017\300\036\320s\341i?\305U\320^\363\301\240\335\025"
 5813      73E1693F 
 5813      C555D05E 
 5813      F3C1A0DD 
 5813      15
 5814 006c 3062ECE2 		.ascii	"0b\354\342\230\330\302\367Xr\022\357\261\373\210\367"
 5814      98D8C2F7 
 5814      587212EF 
 5814      B1FB88F7 
 5815 007c 689ACD83 		.ascii	"h\232\315\203\000\010\021\256\206N\220\335\005\365\304"
 5815      000811AE 
 5815      864E90DD 
 5815      05F5C4
 5816 008b 694F9A7F 		.ascii	"iO\232\177\233w;3=n/-\317\217\203\335u\336^`n\275\355"
 5816      9B773B33 
 5816      3D6E2F2D 
 5816      CF8F83DD 
 5816      75DE5E60 
 5817 00a2 04B65FF6 		.ascii	"\004\266_\366q\0047\261\017\305c\267\"|\354g\237y\217"
 5817      710437B1 
 5817      0FC563B7 
 5817      227CEC67 
 5817      9F798F
 5818 00b5 A9B9E326 		.ascii	"\251\271\343&'s>\016\310\215\315!6NK\252\011\373\335"
ARM GAS  C:\Users\PUBLIC~1.LAP\AppData\Local\Temp\ccG3WIcm.s 			page 244


 5818      27733E0E 
 5818      C88DCD21 
 5818      364E4BAA 
 5818      09FBDD
 5819 00c8 AA8CFD9A 		.ascii	"\252\214\375\232_\224\351P\246A\231\376\272\364'\323"
 5819      5F94E950 
 5819      A64199FE 
 5819      BAF427D3 
 5820 00d8 5EA6A3A6 		.ascii	"^\246\243\246;Mk\2463\323\017@B\363\002\34633vG\024"
 5820      3B4D6BA6 
 5820      33D30F40 
 5820      42F302E6 
 5820      33337647 
 5821 00ed E9591B51 		.ascii	"\351Y\033Q\006M!u\001ROCz\036[\314\201\033\360>\005"
 5821      064D2175 
 5821      01524F43 
 5821      7A1E5BCC 
 5821      811BF03E 
 5822 0102 7DF41370 		.ascii	"}\364\023p\323\360D\372\321\0029B\344\\\\\327\361F8"
 5822      D3F044FA 
 5822      D1023942 
 5822      E45C5CD7 
 5822      F14638
 5823 0115 21517352 		.ascii	"!QsR\307o?R\257Qo\363\021\217-\246\323\253\023\301Y"
 5823      C76F3F52 
 5823      AF516FF3 
 5823      118F2DA6 
 5823      D3AB13C1 
 5824 012a 3CD54E6F 		.ascii	"<\325No#\341\2229\213T5wl\271Z\346l\303\336\202\303"
 5824      23E19239 
 5824      8B543577 
 5824      6CB95AE6 
 5824      6CC3DE82 
 5825 013f B75BC2E4 		.ascii	"\267[\302\344\263x^\260BQ\221\030\244J'#1\015\251V\206"
 5825      B3785EB0 
 5825      42519118 
 5825      A44A2723 
 5825      310DA956 
 5826 0154 E8D5892A 		.ascii	"\350\325\211*6K\301\320J\201\246\022)\214\000\226\024"
 5826      364BC1D0 
 5826      4A81A612 
 5826      298C0096 
 5826      14
 5827 0165 8410C050 		.ascii	"\204\020\300PB8\341\004\312<\250\200/\230\313\005[\201"
 5827      4238E104 
 5827      CA3CA880 
 5827      2F98CB05 
 5827      5B81
 5828 0177 3118A862 		.ascii	"1\030\250bu\220\275`'\223\220\002K\305Z9\241L%\224\015"
 5828      7590BD60 
 5828      27939002 
 5828      4BC55A39 
 5828      A14C2594 
 5829 018c 2E15198A 		.ascii	".\025\031\212ee\306j\245\244H$T\203\007\025p\366\335"
 5829      6565C66A 
 5829      A5A44824 
 5829      54830715 
ARM GAS  C:\Users\PUBLIC~1.LAP\AppData\Local\Temp\ccG3WIcm.s 			page 245


 5829      70F6DD
 5830 019f AA8C4B6A 		.ascii	"\252\214KjZ\363\010G$\034\0004K\221]\030\231x\0174\032"
 5830      5AF30847 
 5830      241C0034 
 5830      4B915D18 
 5830      99780F34 
 5831 01b4 1E5261D7 		.ascii	"\036Ra\327\274\260\204\302\030\241L0@\206\214)\005\327"
 5831      BCB084C2 
 5831      18A14C30 
 5831      40868C29 
 5831      05D7
 5832 01c6 200CBDF0 		.ascii	" \014\275\360\006\306\010B\300\270\340m\213t\333`\037"
 5832      06C60842 
 5832      C0B8E06D 
 5832      8B74DB60 
 5832      1F
 5833 01d7 D8529F29 		.ascii	"\330R\237)\333\217\236\312\204\341\232x\314L\210\326"
 5833      DB8F9ECA 
 5833      84E19A78 
 5833      CC4C88D6 
 5834 01e7 6A4AB8C3 		.ascii	"jJ\270\303\246v\222\001"
 5834      A6769201 
 5835              		.text
 5836              		.section	.gnu.lto_ald_usb_int_status_ep_get.108.840c018b,"e",%progbits
 5837 0000 28B52FFD 		.ascii	"(\265/\375`\027\002\005\021\000\266\336oH\320\262*\035"
 5837      60170205 
 5837      1100B6DE 
 5837      6F48D0B2 
 5837      2A1D
 5838 0012 1820BD48 		.ascii	"\030 \275Huw\373V\320G\250\003\245D;Ar\374\001]3\245"
 5838      7577FB56 
 5838      D047A803 
 5838      A5443B41 
 5838      72FC015D 
 5839 0028 10027AC7 		.ascii	"\020\002z\307$\001V\316n\224\324\376\353M\341:\025\356"
 5839      240156CE 
 5839      6E94D4FE 
 5839      EB4DE13A 
 5839      15EE
 5840 003a AB133FAC 		.ascii	"\253\023?\254\322\340\240\001\177\325\\G1=D%\03680\010"
 5840      D2E0A001 
 5840      7FD55C47 
 5840      313D4425 
 5840      1E383008 
 5841 004e BE9B8925 		.ascii	"\276\233\211%\204H\231RY\000R\000Z\0008@\033)\276\373"
 5841      84489952 
 5841      59005200 
 5841      5A003840 
 5841      1B29BEFB 
 5842 0062 6D17DFC6 		.ascii	"m\027\337\306\243\001:X\337\325>q\363>=;5|\346\344\025"
 5842      A3013A58 
 5842      DFD53E71 
 5842      F33E3D3B 
 5842      357CE6E4 
 5843 0077 386808E2 		.ascii	"8h\010\342A_w\026.\256}\274\022\036NN\354\320\020dN"
 5843      415F7716 
 5843      2EAE7DBC 
ARM GAS  C:\Users\PUBLIC~1.LAP\AppData\Local\Temp\ccG3WIcm.s 			page 246


 5843      121E4E4E 
 5843      ECD01064 
 5844 008c 1E397291 		.ascii	"\0369r\221\360\340wSxpI\274v\255\371\2679\312\010\024"
 5844      F0E07753 
 5844      787049BC 
 5844      76ADF9B7 
 5844      39CA0814 
 5845 00a0 406E332F 		.ascii	"@n3/WP\2029\247\3656\203\273\367\266\011\330.m\265\020"
 5845      57508239 
 5845      A7F53683 
 5845      BBF7B609 
 5845      D82E6DB5 
 5846 00b5 1344CABF 		.ascii	"\023D\312\2779\016M\2549\370\315\015>\323\277\020\036"
 5846      390E4DAC 
 5846      39F8CD0D 
 5846      3ED3BF10 
 5846      1E
 5847 00c6 D4056002 		.ascii	"\324\005`\002'G{~NE)\327!\307\324\037\233\367\242+\302"
 5847      27477B7E 
 5847      4E4529D7 
 5847      21C7D41F 
 5847      9BF7A22B 
 5848 00db FE373784 		.ascii	"\37677\204=~w\223V=Z\265H\325\241U\213\253\006\255:"
 5848      3D7E7793 
 5848      563D5AB5 
 5848      48D5A155 
 5848      8BAB06AD 
 5849 00f0 5C35A8EA 		.ascii	"\\5\250\352o\325\273jU\365K\"\272\036\334k|\314\311"
 5849      6FD5BB6A 
 5849      55F54B22 
 5849      BA1EDC6B 
 5849      7CCCC9
 5850 0103 61889019 		.ascii	"a\210\220\031+\312\371\270\241\375vbz0\022.C\\\345i"
 5850      2BCAF9B8 
 5850      A1FD7662 
 5850      7A30122E 
 5850      435CE569 
 5851 0117 01DA18CA 		.ascii	"\001\332\030\312\343\267\037\341\202\013\332\367\220"
 5851      E3B71FE1 
 5851      820BDAF7 
 5851      90
 5852 0124 A119375C 		.ascii	"\241\0317\\\325\211\035\006\270\312\243\033\277\035"
 5852      D5891D06 
 5852      B8CAA31B 
 5852      BF1D
 5853 0132 6902DC37 		.ascii	"i\002\3347\302\357\267\267\271I'F\010\214\366\274\373"
 5853      C2EFB7B7 
 5853      B9492746 
 5853      088CF6BC 
 5853      FB
 5854 0143 B5967FB1 		.ascii	"\265\226\177\261+\240\224[A\332\357>b\323\037\353\222"
 5854      2BA0945B 
 5854      41DAEF3E 
 5854      62D31FEB 
 5854      92
 5855 0154 F634647A 		.ascii	"\3664dz6\355\331\246p\0272q\006>y\225\270N\007Z(\022"
 5855      36EDD9A6 
ARM GAS  C:\Users\PUBLIC~1.LAP\AppData\Local\Temp\ccG3WIcm.s 			page 247


 5855      70173271 
 5855      063E7995 
 5855      B84E075A 
 5856 016a 938C366B 		.ascii	"\223\2146k\315d\241_$.\031-%\002K\213L\241N+\024\022"
 5856      CD64A15F 
 5856      242E192D 
 5856      25024B8B 
 5856      4CA14E2B 
 5857 0180 65B25A40 		.ascii	"e\262Z@\256\030\254\032\250\310\031\006\025\262\245"
 5857      AE18AC1A 
 5857      A8C81906 
 5857      15B2A5
 5858 018f 8CC5CA17 		.ascii	"\214\305\312\027)+I\027\254\302\254\245T\031X9\200\271"
 5858      292B4917 
 5858      ACC2ACA5 
 5858      54195839 
 5858      80B9
 5859 01a1 602B2A56 		.ascii	"`+*V\012U2!\2462ceX\241\301XRZ\247\023\013\201\202\007"
 5859      0A553221 
 5859      A6326365 
 5859      58A1C158 
 5859      525AA713 
 5860 01b9 BC797B5C 		.ascii	"\274y{\\\223\017\266\265\271\224\273\031\355\014\321"
 5860      930FB6B5 
 5860      B994BB19 
 5860      ED0CD1
 5861 01c8 8A3B0A05 		.ascii	"\212;\012\005* \240\202\241\031\364%U\221-\242\010\310"
 5861      2A20A082 
 5861      A119F425 
 5861      55912DA2 
 5861      08C8
 5862 01da C3161B3F 		.ascii	"\303\026\033?\327a\323b\260w\361\334\3076\031\336k\244"
 5862      D761D362 
 5862      B077F1DC 
 5862      C73619DE 
 5862      6BA4
 5863 01ec 04779926 		.ascii	"\004w\231&\350\0210py\373\220.\276\365m\221\030Q\342"
 5863      E8113070 
 5863      79FB902E 
 5863      BEF56D91 
 5863      1851E2
 5864 01ff 0E82CBC7 		.ascii	"\016\202\313\307n\334\214a\327\313\216\0117H\335\350"
 5864      6EDC8C61 
 5864      D7CB8E09 
 5864      3748DDE8 
 5865 020f 30A975DE 		.ascii	"0\251u\336V\224\211]\337\351ML2R\001q|\017\022\003\205"
 5865      5694895D 
 5865      DFE94D4C 
 5865      32520171 
 5865      7C0F1203 
 5866 0224 C59F36B5 		.ascii	"\305\2376\265\202\014"
 5866      820C
 5867              		.text
 5868              		.section	.gnu.lto_ald_usb_int_register.109.840c018b,"e",%progbits
 5869 0000 28B52FFD 		.ascii	"(\265/\375`r\001\335\017\000\206[jI\320\260L:2\347\316"
 5869      607201DD 
 5869      0F00865B 
ARM GAS  C:\Users\PUBLIC~1.LAP\AppData\Local\Temp\ccG3WIcm.s 			page 248


 5869      6A49D0B0 
 5869      4C3A32E7 
 5870 0015 1DF72E52 		.ascii	"\035\367.R\230&\250\266\011\216\217i\234g(MV\007\013"
 5870      9826A8B6 
 5870      098E8F69 
 5870      9C67284D 
 5870      56070B
 5871 0028 838886A3 		.ascii	"\203\210\206\243P=\037s\207b\024\000\272\000\012z\336"
 5871      503D1F73 
 5871      87621400 
 5871      BA000A7A 
 5871      DE
 5872 0039 D18A2E61 		.ascii	"\321\212.af D\220\307=Q6a\254\014\364\363,kpk\315\364"
 5872      66204490 
 5872      C73D5136 
 5872      61AC0CF4 
 5872      F32C6B70 
 5873 0050 6EB34108 		.ascii	"n\263A\010!;\245O\000P\000Z\000\303\003/Er|D\255\007"
 5873      213BA54F 
 5873      0050005A 
 5873      00C3032F 
 5873      45727C44 
 5874 0066 7AA400F7 		.ascii	"z\244\000\367\230[\310\356l\014\230p\261A\207\344\245"
 5874      985BC8EE 
 5874      6C0C9870 
 5874      B14187E4 
 5874      A5
 5875 0077 297CBCF4 		.ascii	")|\274\364ap\366\347\345?\316\3313Bx \276\235\341\215"
 5875      6170F6E7 
 5875      E53FCED9 
 5875      33427820 
 5875      BE9DE18D 
 5876 008b DD3D4711 		.ascii	"\335=G\021\317\275\346\374\277\234\254q\271\351\251"
 5876      CFBDE6FC 
 5876      BF9CAC71 
 5876      B9E9A9
 5877 009a 6878F560 		.ascii	"hx\365`\260\273\256=\225\225{\274m\021\333@\373\274"
 5877      B0BBAE3D 
 5877      95957BBC 
 5877      6D11DB40 
 5877      FBBC
 5878 00ac 8BE2071E 		.ascii	"\213\342\007\036\244\253<\376/\307\254\343mf\201\337"
 5878      A4AB3CFE 
 5878      2FC7ACE3 
 5878      6D6681DF 
 5879 00bc 4C1B434A 		.ascii	"L\033CJ}\317 \336\270\376\257\210\263\225\307\246\331"
 5879      7DCF20DE 
 5879      B8FEAF88 
 5879      B395C7A6 
 5879      D9
 5880 00cd D531847D 		.ascii	"\3251\204}r\307\026\233$0Cc\345%l\354~\330\321\263/"
 5880      72C7169B 
 5880      24304363 
 5880      E5256CEC 
 5880      7ED8D1B3 
 5881 00e2 4A152E3E 		.ascii	"J\025.>\314\203\270\237\360eH_\317\347\245\355\334c"
 5881      CC83B89F 
ARM GAS  C:\Users\PUBLIC~1.LAP\AppData\Local\Temp\ccG3WIcm.s 			page 249


 5881      F065485F 
 5881      CFE7A5ED 
 5881      DC63
 5882 00f4 6EE4B2AC 		.ascii	"n\344\262\254G\007\337N)/\033,\266b\211D\252\005\016"
 5882      4707DF4E 
 5882      292F1B2C 
 5882      B6628944 
 5882      AA050E
 5883 0107 5034BA93 		.ascii	"P4\272\223c\013H7\352\374\237\316\201\377\313#\260\300"
 5883      630B4837 
 5883      EAFC9FCE 
 5883      81FFCB23 
 5883      B0C0
 5884 0119 C1A1F8B1 		.ascii	"\301\241\370\261#\346\205\267\201\0050y\320\025^#\003"
 5884      23E685B7 
 5884      81053079 
 5884      D0155E23 
 5884      03
 5885 012a 89B10B82 		.ascii	"\211\261\013\202\224\342\303\324'\361\022\300\356\204"
 5885      94E2C3D4 
 5885      27F112C0 
 5885      EE84
 5886 0138 7BC1740B 		.ascii	"{\301t\013\363e\205\321\313\021V\035\036!\336\004\177"
 5886      F36585D1 
 5886      CB11561D 
 5886      1E21DE04 
 5886      7F
 5887 0149 16E20A1C 		.ascii	"\026\342\012\034\231\013(\022g<\310\250\021N\200\226"
 5887      990B2812 
 5887      673CC8A8 
 5887      114E8096 
 5888 0159 B44426AC 		.ascii	"\264D&\254Qh\200_!\221\014]\271h)z\272Nl1tf:]\264\264"
 5888      5168805F 
 5888      21910C5D 
 5888      B968297A 
 5888      BA4E6C31 
 5889 0173 74423538 		.ascii	"tB58\315&\240L\244\321P\013\305\266:\211\261N\322H\224"
 5889      CD26A04C 
 5889      A4D1500B 
 5889      C5B63A89 
 5889      B14ED248 
 5890 0188 82708E10 		.ascii	"\202p\216\020\244\036\234)S\352T:k\031\\\347,\225\311"
 5890      A41E9C29 
 5890      53EA543A 
 5890      6B195CE7 
 5890      2C95C9
 5891 019b 52F44449 		.ascii	"R\364DI\317\026\214V\233\245%\222\224\004X\013\366*"
 5891      CF168C56 
 5891      9BA52592 
 5891      9404580B 
 5891      F62A
 5892 01ad A948A312 		.ascii	"\251H\243\022\0132WM\025\037\000\205Q\306\025\231O\321"
 5892      0B32574D 
 5892      151F0085 
 5892      51C61599 
 5892      4FD1
 5893 01bf 595BE047 		.ascii	"Y[\340GvqfFnz8l\033\277\031z\200\031\376Z\303Qc\005"
ARM GAS  C:\Users\PUBLIC~1.LAP\AppData\Local\Temp\ccG3WIcm.s 			page 250


 5893      76716646 
 5893      6E7A386C 
 5893      1BBF197A 
 5893      8019FE5A 
 5894 01d7 4C53705A 		.ascii	"LSpZ\225J\314m\354z\031\023\363\020\027\373\022\252"
 5894      954ACC6D 
 5894      EC7A1913 
 5894      F31017FB 
 5894      12AA
 5895 01e9 3D17723D 		.ascii	"=\027r=c\015\250i2\330\371i\005\350\277P;D\265\354\213"
 5895      630DA869 
 5895      32D8F969 
 5895      05E8BF50 
 5895      3B44B5EC 
 5896 01fe 10E17298 		.ascii	"\020\341r\230\332I\006"
 5896      DA4906
 5897              		.text
 5898              		.section	.gnu.lto_ald_usb_int_unregister.110.840c018b,"e",%progbits
 5899 0000 28B52FFD 		.ascii	"(\265/\375`\020\000\335\007\000\344\015\212\000\000"
 5899      601000DD 
 5899      0700E40D 
 5899      8A0000
 5900 000f 00540000 		.ascii	"\000T\000\000\000&\000\000\000\001\003\000\001\222\221"
 5900      00260000 
 5900      00010300 
 5900      019291
 5901 001e 8A020080 		.ascii	"\212\002\000\200\200\200@\007\002\001\201\221\212\357"
 5901      80804007 
 5901      02018191 
 5901      8AEF
 5902 002c B8C50401 		.ascii	"\270\305\004\001\267\001\001\000\177\002\001\177\001"
 5902      B7010100 
 5902      7F02017F 
 5902      01
 5903 0039 A6032F80 		.ascii	"\246\003/\200\200\200\370\304\304\253\014\205\030\352"
 5903      8080F8C4 
 5903      C4AB0C85 
 5903      18EA
 5904 0047 00007F00 		.ascii	"\000\000\177\000\013\001\000\000\000\257\322\005\340"
 5904      0B010000 
 5904      00AFD205 
 5904      E0
 5905 0054 80FCFF8F 		.ascii	"\200\374\377\217\200\200\327\270\001\222\314\343\025"
 5905      8080D7B8 
 5905      0192CCE3 
 5905      15
 5906 0061 030000A3 		.ascii	"\003\000\000\243\003\200\004\001\000\000\244\003\002"
 5906      03800401 
 5906      0000A403 
 5906      02
 5907 006e 81C00000 		.ascii	"\201\300\000\000\372\002\200\342\230\256\001\000\200"
 5907      FA0280E2 
 5907      98AE0100 
 5907      80
 5908 007b 03842000 		.ascii	"\003\204 \000\212\001\002}{\000\000\006y\001\037\002"
 5908      8A01027D 
 5908      7B000006 
ARM GAS  C:\Users\PUBLIC~1.LAP\AppData\Local\Temp\ccG3WIcm.s 			page 251


 5908      79011F02 
 5909 008b 049AAE01 		.ascii	"\004\232\256\001\000\202\003\202 \243\003\200\004\001"
 5909      00820382 
 5909      20A30380 
 5909      0401
 5910 0099 80C05244 		.ascii	"\200\300RD:\\00a_liuhy\\temp126\\ChibiOS-Contrib/os"
 5910      3A5C3030 
 5910      615F6C69 
 5910      7568795C 
 5910      74656D70 
 5911 00c3 2F636F6D 		.ascii	"/common/ext/CMSIS/ES32/FS026/ald_usb.c\000\012\000\310"
 5911      6D6F6E2F 
 5911      6578742F 
 5911      434D5349 
 5911      532F4553 
 5912 00ed 2EE24C68 		.ascii	".\342Lh\307\0076\303q}6\347B\356\026\354x\031\"\\\016"
 5912      C70736C3 
 5912      717D36E7 
 5912      42EE16EC 
 5912      7819225C 
 5913 0102 533BC9   		.ascii	"S;\311"
 5914              		.text
 5915              		.section	.gnu.lto_ald_usb_int_num_get.111.840c018b,"e",%progbits
 5916 0000 28B52FFD 		.ascii	"(\265/\375`\006\000\275\007\000\304\015\200\000\000"
 5916      600600BD 
 5916      0700C40D 
 5916      800000
 5917 000f 00540000 		.ascii	"\000T\000\000\000&\000\000\000\001\003\000\001\222\221"
 5917      00260000 
 5917      00010300 
 5917      019291
 5918 001e 8A020080 		.ascii	"\212\002\000\200\200\200@\007\002\001\201\221\212\367"
 5918      80804007 
 5918      02018191 
 5918      8AF7
 5919 002c B9A54601 		.ascii	"\271\245F\001\271\001\001\000\177\002\001\177\001\246"
 5919      B9010100 
 5919      7F02017F 
 5919      01A6
 5920 003a 03050106 		.ascii	"\003\005\001\006\023\001\004\005\001\006\025\001 /\300"
 5920      13010405 
 5920      01061501 
 5920      202FC0
 5921 0049 8080F884 		.ascii	"\200\200\370\204\316\2534\236\250\300\004\177\000}\270"
 5921      CEAB349E 
 5921      A8C0047F 
 5921      007DB8
 5922 0058 01B70100 		.ascii	"\001\267\001\000\013\000\000}\000\000\000\257\322\005"
 5922      0B00007D 
 5922      000000AF 
 5922      D205
 5923 0066 E080FCFF 		.ascii	"\340\200\374\377\217\200\200\357\271\001\222\354\347"
 5923      8F8080EF 
 5923      B90192EC 
 5923      E7
 5924 0073 15020000 		.ascii	"\025\002\000\000\243\003\200\004\001\000\000\244\003"
 5924      A3038004 
ARM GAS  C:\Users\PUBLIC~1.LAP\AppData\Local\Temp\ccG3WIcm.s 			page 252


 5924      010000A4 
 5924      03
 5925 0080 0281C000 		.ascii	"\002\201\300\000\000\372\002\200\242\005\000\202\003"
 5925      00FA0280 
 5925      A2050082 
 5925      03
 5926 008d 82A03306 		.ascii	"\202\2403\006\177\001\037\243\003\001\200\300RD:\\0"
 5926      7F011FA3 
 5926      030180C0 
 5926      52443A5C 
 5926      30
 5927 009e 30615F6C 		.ascii	"0a_liuhy\\temp126\\ChibiOS-Contrib/os/common/ext/CM"
 5927      69756879 
 5927      5C74656D 
 5927      70313236 
 5927      5C436869 
 5928 00cf 5349532F 		.ascii	"SIS/ES32/FS026/ald_usb.c\000\011\000\310.\242\314\200"
 5928      45533332 
 5928      2F465330 
 5928      32362F61 
 5928      6C645F75 
 5929 00ef 87CEE884 		.ascii	"\207\316\350\204\020\\\023S#0\026\"\013w\305\324N2"
 5929      105C1353 
 5929      23301622 
 5929      0B77C5D4 
 5929      4E32
 5930              		.text
 5931              		.section	.gnu.lto_ald_usb_lpm_remote_wake_is_enable.112.840c018b,"e",%progbits
 5932 0000 28B52FFD 		.ascii	"(\265/\375`\006\000\315\007\000\344\015\200\000\000"
 5932      600600CD 
 5932      0700E40D 
 5932      800000
 5933 000f 00540000 		.ascii	"\000T\000\000\000&\000\000\000\001\003\000\001\222\221"
 5933      00260000 
 5933      00010300 
 5933      019291
 5934 001e 8A020080 		.ascii	"\212\002\000\200\200\200@\007\002\001\201\221\212\307"
 5934      80804007 
 5934      02018191 
 5934      8AC7
 5935 002c CEA54601 		.ascii	"\316\245F\001\271\001\001\000\177\002\001\177\001\246"
 5935      B9010100 
 5935      7F02017F 
 5935      01A6
 5936 003a 03050106 		.ascii	"\003\005\001\006\023\001\004\005\001\006\025\001 /\300"
 5936      13010405 
 5936      01061501 
 5936      202FC0
 5937 0049 8080F884 		.ascii	"\200\200\370\204\357\2544\236\250\300\004\177\000}\270"
 5937      EFAC349E 
 5937      A8C0047F 
 5937      007DB8
 5938 0058 01B70100 		.ascii	"\001\267\001\000\013\000\000}\000\000\000\257\322\005"
 5938      0B00007D 
 5938      000000AF 
 5938      D205
 5939 0066 E080FCFF 		.ascii	"\340\200\374\377\217\200\200\377\315\001\222\254\272"
ARM GAS  C:\Users\PUBLIC~1.LAP\AppData\Local\Temp\ccG3WIcm.s 			page 253


 5939      8F8080FF 
 5939      CD0192AC 
 5939      BA
 5940 0073 16020000 		.ascii	"\026\002\000\000\243\003\200\004\001\000\000\244\003"
 5940      A3038004 
 5940      010000A4 
 5940      03
 5941 0080 0281C000 		.ascii	"\002\201\300\000\000\372\002\200\242\005\000\202\003"
 5941      00FA0280 
 5941      A2050082 
 5941      03
 5942 008d 82A03306 		.ascii	"\202\2403\006\177\001\000\243\003\200\004\001\200\300"
 5942      7F0100A3 
 5942      03800401 
 5942      80C0
 5943 009b 52443A5C 		.ascii	"RD:\\00a_liuhy\\temp126\\ChibiOS-Contrib/os/common/"
 5943      3030615F 
 5943      6C697568 
 5943      795C7465 
 5943      6D703132 
 5944 00cb 6578742F 		.ascii	"ext/CMSIS/ES32/FS026/ald_usb.c\000\011\000\310\036\261"
 5944      434D5349 
 5944      532F4553 
 5944      33322F46 
 5944      53303236 
 5945 00ef 8BD0048B 		.ascii	"\213\320\004\213!\010!\270&\246F`,D\026\356\212\251"
 5945      210821B8 
 5945      26A64660 
 5945      2C4416EE 
 5945      8AA9
 5946 0101 9D64     		.ascii	"\235d"
 5947              		.text
 5948              		.section	.gnu.lto_ald_usb_lpm_link_status_get.113.840c018b,"e",%progbits
 5949 0000 28B52FFD 		.ascii	"(\265/\375`\006\000\255\007\000\204\015\200\000\000"
 5949      600600AD 
 5949      0700840D 
 5949      800000
 5950 000f 00540000 		.ascii	"\000T\000\000\000&\000\000\000\001\003\000\001\222\221"
 5950      00260000 
 5950      00010300 
 5950      019291
 5951 001e 8A020080 		.ascii	"\212\002\000\200\200\200@\007\002\001\201\221\212\317"
 5951      80804007 
 5951      02018191 
 5951      8ACF
 5952 002c CFA54601 		.ascii	"\317\245F\001\271\001\001\000\177\002\001\177\001\246"
 5952      B9010100 
 5952      7F02017F 
 5952      01A6
 5953 003a 03050106 		.ascii	"\003\005\001\006\023\001\004\005\001\006\025\001 /\300"
 5953      13010405 
 5953      01061501 
 5953      202FC0
 5954 0049 8080F8C4 		.ascii	"\200\200\370\304\367\2544\236\250\300\004\177\000}\270"
 5954      F7AC349E 
 5954      A8C0047F 
 5954      007DB8
ARM GAS  C:\Users\PUBLIC~1.LAP\AppData\Local\Temp\ccG3WIcm.s 			page 254


 5955 0058 01B70100 		.ascii	"\001\267\001\000\013\000\000}\000\000\000\257\322\005"
 5955      0B00007D 
 5955      000000AF 
 5955      D205
 5956 0066 E080FCFF 		.ascii	"\340\200\374\377\217\200\200\307\317\001\222\314\276"
 5956      8F8080C7 
 5956      CF0192CC 
 5956      BE
 5957 0073 16020000 		.ascii	"\026\002\000\000\243\003\200\004\001\000\000\244\003"
 5957      A3038004 
 5957      010000A4 
 5957      03
 5958 0080 0281C000 		.ascii	"\002\201\300\000\000\372\002\200\242\005\000\202\003"
 5958      00FA0280 
 5958      A2050082 
 5958      03
 5959 008d 82A03306 		.ascii	"\202\2403\006\177\001\200\300RD:\\00a_liuhy\\temp12"
 5959      7F0180C0 
 5959      52443A5C 
 5959      3030615F 
 5959      6C697568 
 5960 00a9 365C4368 		.ascii	"6\\ChibiOS-Contrib/os/common/ext/CMSIS/ES32/FS026/a"
 5960      6962694F 
 5960      532D436F 
 5960      6E747269 
 5960      622F6F73 
 5961 00db 6C645F75 		.ascii	"ld_usb.c\000\012\000\310.\242\314\200`\330i\330@\010"
 5961      73622E63 
 5961      000A00C8 
 5961      2EA2CC80 
 5961      60D869D8 
 5962 00f1 CB353C35 		.ascii	"\3135<5b`!\262pWL\355$\003"
 5962      626021B2 
 5962      70574CED 
 5962      2403
 5963              		.text
 5964              		.section	.gnu.lto_ald_usb_lpm_ep_get.114.840c018b,"e",%progbits
 5965 0000 28B52FFD 		.ascii	"(\265/\375`\006\000\265\007\000\304\015\200\000\000"
 5965      600600B5 
 5965      0700C40D 
 5965      800000
 5966 000f 00540000 		.ascii	"\000T\000\000\000&\000\000\000\001\003\000\001\222\221"
 5966      00260000 
 5966      00010300 
 5966      019291
 5967 001e 8A020080 		.ascii	"\212\002\000\200\200\200@\007\002\001\201\221\212\327"
 5967      80804007 
 5967      02018191 
 5967      8AD7
 5968 002c D8A54601 		.ascii	"\330\245F\001\271\001\001\000\177\002\001\177\001\246"
 5968      B9010100 
 5968      7F02017F 
 5968      01A6
 5969 003a 03050106 		.ascii	"\003\005\001\006\023\001\004\005\001\006\025\001 /\300"
 5969      13010405 
 5969      01061501 
 5969      202FC0
ARM GAS  C:\Users\PUBLIC~1.LAP\AppData\Local\Temp\ccG3WIcm.s 			page 255


 5970 0049 8080F884 		.ascii	"\200\200\370\204\304\2554\236\250\300\004\177\000}\270"
 5970      C4AD349E 
 5970      A8C0047F 
 5970      007DB8
 5971 0058 01B70100 		.ascii	"\001\267\001\000\013\000\000}\000\000\000\257\322\005"
 5971      0B00007D 
 5971      000000AF 
 5971      D205
 5972 0066 E080FCFF 		.ascii	"\340\200\374\377\217\200\200\317\330\001\222\354\342"
 5972      8F8080CF 
 5972      D80192EC 
 5972      E2
 5973 0073 16020000 		.ascii	"\026\002\000\000\243\003\000\200\200\200\200\004\001"
 5973      A3030080 
 5973      80808004 
 5973      01
 5974 0080 0000A403 		.ascii	"\000\000\244\003\002\201\300\000\000\372\002\200\242"
 5974      0281C000 
 5974      00FA0280 
 5974      A2
 5975 008d 05008203 		.ascii	"\005\000\202\003\202\2403\006\177\001\200\300RD:\\0"
 5975      82A03306 
 5975      7F0180C0 
 5975      52443A5C 
 5975      30
 5976 009e 30615F6C 		.ascii	"0a_liuhy\\temp126\\ChibiOS-Contrib/os/common/ext/CM"
 5976      69756879 
 5976      5C74656D 
 5976      70313236 
 5976      5C436869 
 5977 00cf 5349532F 		.ascii	"SIS/ES32/FS026/ald_usb.c\000\011\000\310.\242\314\200"
 5977      45533332 
 5977      2F465330 
 5977      32362F61 
 5977      6C645F75 
 5978 00ef 60D869D8 		.ascii	"`\330i\330@\010\253\256yX\010\"\334\025S;\311"
 5978      4008ABAE 
 5978      79580822 
 5978      DC15533B 
 5978      C9
 5979              		.text
 5980              		.section	.gnu.lto_ald_usb_lpm_int_status_get.115.840c018b,"e",%progbits
 5981 0000 28B52FFD 		.ascii	"(\265/\375`\006\000\265\007\000\304\015\200\000\000"
 5981      600600B5 
 5981      0700C40D 
 5981      800000
 5982 000f 00540000 		.ascii	"\000T\000\000\000&\000\000\000\001\003\000\001\222\221"
 5982      00260000 
 5982      00010300 
 5982      019291
 5983 001e 8A020080 		.ascii	"\212\002\000\200\200\200@\007\002\001\201\221\212\337"
 5983      80804007 
 5983      02018191 
 5983      8ADF
 5984 002c D9A54601 		.ascii	"\331\245F\001\271\001\001\000\177\002\001\177\001\246"
 5984      B9010100 
 5984      7F02017F 
ARM GAS  C:\Users\PUBLIC~1.LAP\AppData\Local\Temp\ccG3WIcm.s 			page 256


 5984      01A6
 5985 003a 03050106 		.ascii	"\003\005\001\006\023\001\004\005\001\006\025\001 /\300"
 5985      13010405 
 5985      01061501 
 5985      202FC0
 5986 0049 8080F8C4 		.ascii	"\200\200\370\304\314\2554\236\250\300\004\177\000}\270"
 5986      CCAD349E 
 5986      A8C0047F 
 5986      007DB8
 5987 0058 01B70100 		.ascii	"\001\267\001\000\013\000\000}\000\000\000\257\322\005"
 5987      0B00007D 
 5987      000000AF 
 5987      D205
 5988 0066 E080FCFF 		.ascii	"\340\200\374\377\217\200\200\327\331\001\222\214\347"
 5988      8F8080D7 
 5988      D901928C 
 5988      E7
 5989 0073 16020000 		.ascii	"\026\002\000\000\243\003\000\200\200\200\200\004\001"
 5989      A3030080 
 5989      80808004 
 5989      01
 5990 0080 0000A403 		.ascii	"\000\000\244\003\002\201\300\000\000\372\002\200\242"
 5990      0281C000 
 5990      00FA0280 
 5990      A2
 5991 008d 05008203 		.ascii	"\005\000\202\003\202\2403\006\177\001\200\300RD:\\0"
 5991      82A03306 
 5991      7F0180C0 
 5991      52443A5C 
 5991      30
 5992 009e 30615F6C 		.ascii	"0a_liuhy\\temp126\\ChibiOS-Contrib/os/common/ext/CM"
 5992      69756879 
 5992      5C74656D 
 5992      70313236 
 5992      5C436869 
 5993 00cf 5349532F 		.ascii	"SIS/ES32/FS026/ald_usb.c\000\011\000\310.\242\314\200"
 5993      45533332 
 5993      2F465330 
 5993      32362F61 
 5993      6C645F75 
 5994 00ef 60D869D8 		.ascii	"`\330i\330@\010\253\256yX\010\"\334\025S;\311"
 5994      4008ABAE 
 5994      79580822 
 5994      DC15533B 
 5994      C9
 5995              		.text
 5996              		.section	.gnu.lto_ald_usb_lpm_int_disable.116.840c018b,"e",%progbits
 5997 0000 28B52FFD 		.ascii	"(\265/\375`6\000\005\011\0004\020\227\000\000\000m\000"
 5997      60360005 
 5997      09003410 
 5997      97000000 
 5997      6D00
 5998 0012 00002600 		.ascii	"\000\000&\000\000\000\001\003\000\001\222\221\212\002"
 5998      00000103 
 5998      00019291 
 5998      8A02
 5999 0020 00808080 		.ascii	"\000\200\200\200@\007\002\001\201\221\212\347\332\305"
ARM GAS  C:\Users\PUBLIC~1.LAP\AppData\Local\Temp\ccG3WIcm.s 			page 257


 5999      40070201 
 5999      81918AE7 
 5999      DAC5
 6000 002e 0401BB01 		.ascii	"\004\001\273\001\001\000\177\002\001\177\001\246\003"
 6000      01007F02 
 6000      017F01A6 
 6000      03
 6001 003b 2F808080 		.ascii	"/\200\200\200\370\204\325\255\014\205\030\352\000\000"
 6001      F884D5AD 
 6001      0C8518EA 
 6001      0000
 6002 0049 7F000501 		.ascii	"\177\000\005\001\006\023\001\004\005\001\006\025\001"
 6002      06130104 
 6002      05010615 
 6002      01
 6003 0056 20050108 		.ascii	" \005\001\010U\000-\300\200\200\320\317\274\200\200"
 6003      55002DC0 
 6003      8080D0CF 
 6003      BC8080
 6004 0065 09007DBA 		.ascii	"\011\000}\272\001\177\271\001\270\001\000\000\002\001"
 6004      017FB901 
 6004      B8010000 
 6004      0201
 6005 0073 5AFC1500 		.ascii	"Z\374\025\000\000\013\001\000\000\000\257\322\005\340"
 6005      000B0100 
 6005      0000AFD2 
 6005      05E0
 6006 0081 80FCFF8F 		.ascii	"\200\374\377\217\200\200\337\332\001\222\254\353\026"
 6006      8080DFDA 
 6006      0192ACEB 
 6006      16
 6007 008e 020000A3 		.ascii	"\002\000\000\243\003\200\004\001\000\000\244\003\002"
 6007      03800401 
 6007      0000A403 
 6007      02
 6008 009b 81C00000 		.ascii	"\201\300\000\000\372\002\200\"\000\202\003\202 \000"
 6008      FA028022 
 6008      00820382 
 6008      2000
 6009 00a9 A3038004 		.ascii	"\243\003\200\004\001\200\300RD:\\00a_liuhy\\temp126"
 6009      0180C052 
 6009      443A5C30 
 6009      30615F6C 
 6009      69756879 
 6010 00c5 5C436869 		.ascii	"\\ChibiOS-Contrib/os/common/ext/CMSIS/ES32/FS026/al"
 6010      62694F53 
 6010      2D436F6E 
 6010      74726962 
 6010      2F6F732F 
 6011 00f7 645F7573 		.ascii	"d_usb.c\000\004ints\023.2a80b1c4\000\012\0003\353\221"
 6011      622E6300 
 6011      04696E74 
 6011      73132E32 
 6011      61383062 
 6012 0114 5D1C9978 		.ascii	"]\034\231x\233\027-.(\327p\015&\014k5:\334aS;\311"
 6012      9B172D2E 
 6012      28D7700D 
ARM GAS  C:\Users\PUBLIC~1.LAP\AppData\Local\Temp\ccG3WIcm.s 			page 258


 6012      260C6B35 
 6012      3ADC6153 
 6013              		.text
 6014              		.section	.gnu.lto_ald_usb_lpm_int_enable.117.840c018b,"e",%progbits
 6015 0000 28B52FFD 		.ascii	"(\265/\375`6\000\005\011\0004\020\227\000\000\000m\000"
 6015      60360005 
 6015      09003410 
 6015      97000000 
 6015      6D00
 6016 0012 00002600 		.ascii	"\000\000&\000\000\000\001\003\000\001\222\221\212\002"
 6016      00000103 
 6016      00019291 
 6016      8A02
 6017 0020 00808080 		.ascii	"\000\200\200\200@\007\002\001\201\221\212\357\333\305"
 6017      40070201 
 6017      81918AEF 
 6017      DBC5
 6018 002e 0401BB01 		.ascii	"\004\001\273\001\001\000\177\002\001\177\001\246\003"
 6018      01007F02 
 6018      017F01A6 
 6018      03
 6019 003b 2F808080 		.ascii	"/\200\200\200\370\304\335\255\014\205\030\352\000\000"
 6019      F8C4DDAD 
 6019      0C8518EA 
 6019      0000
 6020 0049 7F000501 		.ascii	"\177\000\005\001\006\023\001\004\005\001\006\025\001"
 6020      06130104 
 6020      05010615 
 6020      01
 6021 0056 20050108 		.ascii	" \005\001\010U\000-\300\200\200\320\316\274\200\200"
 6021      55002DC0 
 6021      8080D0CE 
 6021      BC8080
 6022 0065 09007DBA 		.ascii	"\011\000}\272\001\177\271\001\270\001\000\000\002\001"
 6022      017FB901 
 6022      B8010000 
 6022      0201
 6023 0073 5AE31500 		.ascii	"Z\343\025\000\000\013\001\000\000\000\257\322\005\340"
 6023      000B0100 
 6023      0000AFD2 
 6023      05E0
 6024 0081 80FCFF8F 		.ascii	"\200\374\377\217\200\200\347\333\001\222\314\357\026"
 6024      8080E7DB 
 6024      0192CCEF 
 6024      16
 6025 008e 020000A3 		.ascii	"\002\000\000\243\003\200\004\001\000\000\244\003\002"
 6025      03800401 
 6025      0000A403 
 6025      02
 6026 009b 81C00000 		.ascii	"\201\300\000\000\372\002\200\"\000\202\003\202 \000"
 6026      FA028022 
 6026      00820382 
 6026      2000
 6027 00a9 A3038004 		.ascii	"\243\003\200\004\001\200\300RD:\\00a_liuhy\\temp126"
 6027      0180C052 
 6027      443A5C30 
 6027      30615F6C 
ARM GAS  C:\Users\PUBLIC~1.LAP\AppData\Local\Temp\ccG3WIcm.s 			page 259


 6027      69756879 
 6028 00c5 5C436869 		.ascii	"\\ChibiOS-Contrib/os/common/ext/CMSIS/ES32/FS026/al"
 6028      62694F53 
 6028      2D436F6E 
 6028      74726962 
 6028      2F6F732F 
 6029 00f7 645F7573 		.ascii	"d_usb.c\000\004ints\023.2a80b1c4\000\012\0003\353\221"
 6029      622E6300 
 6029      04696E74 
 6029      73132E32 
 6029      61383062 
 6030 0114 5D1C9978 		.ascii	"]\034\231x\233\027-.(\327p\015&\014k5:\334aS;\311"
 6030      9B172D2E 
 6030      28D7700D 
 6030      260C6B35 
 6030      3ADC6153 
 6031              		.text
 6032              		.section	.gnu.lto_ald_usb_host_lpm_send.118.840c018b,"e",%progbits
 6033 0000 28B52FFD 		.ascii	"(\265/\375`\\\000\265\011\000$\021\266\000\000\000t"
 6033      605C00B5 
 6033      09002411 
 6033      B6000000 
 6033      74
 6034 0011 00000026 		.ascii	"\000\000\000&\000\000\000\001\003\000\001\222\221\212"
 6034      00000001 
 6034      03000192 
 6034      918A
 6035 001f 02008080 		.ascii	"\002\000\200\200\200@\007\002\001\201\221\212\307\335"
 6035      80400702 
 6035      0181918A 
 6035      C7DD
 6036 002d C50401BD 		.ascii	"\305\004\001\275\001\001\000\177\002\001\177\001\246"
 6036      0101007F 
 6036      02017F01 
 6036      A6
 6037 003a 032F8080 		.ascii	"\003/\200\200\200\370\204\347\255\014\205\030\352\000"
 6037      80F884E7 
 6037      AD0C8518 
 6037      EA00
 6038 0048 007F0005 		.ascii	"\000\177\000\005\001\006\023\001\004\005\001\006\025"
 6038      01061301 
 6038      04050106 
 6038      15
 6039 0055 01200501 		.ascii	"\001 \005\001\010U\000-\300\200\200\320\315\274\200"
 6039      0855002D 
 6039      C08080D0 
 6039      CDBC80
 6040 0064 8009007D 		.ascii	"\200\011\000}\272\001\177\271\001\270\001\000\000\002"
 6040      BA017FB9 
 6040      01B80100 
 6040      0002
 6041 0072 015ABD15 		.ascii	"\001Z\275\025\005\001\010n\354\274\312\025\000\000\013"
 6041      0501086E 
 6041      ECBCCA15 
 6041      00000B
 6042 0081 01000000 		.ascii	"\001\000\000\000\257\322\005\340\200\374\377\217\200"
 6042      AFD205E0 
ARM GAS  C:\Users\PUBLIC~1.LAP\AppData\Local\Temp\ccG3WIcm.s 			page 260


 6042      80FCFF8F 
 6042      80
 6043 008e 80FFDC01 		.ascii	"\200\377\334\001\222\254\366\026\002\000\000\243\003"
 6043      92ACF616 
 6043      020000A3 
 6043      03
 6044 009b 80040100 		.ascii	"\200\004\001\000\000\244\003\002\201\300\000\000\372"
 6044      00A40302 
 6044      81C00000 
 6044      FA
 6045 00a8 02802200 		.ascii	"\002\200\"\000\202\003\202 \000\243\003\200\004\001"
 6045      82038220 
 6045      00A30380 
 6045      0401
 6046 00b6 80C05244 		.ascii	"\200\300RD:\\00a_liuhy\\temp126\\ChibiOS-Contrib/os"
 6046      3A5C3030 
 6046      615F6C69 
 6046      7568795C 
 6046      74656D70 
 6047 00e0 2F636F6D 		.ascii	"/common/ext/CMSIS/ES32/FS026/ald_usb.c\000\004addr\023"
 6047      6D6F6E2F 
 6047      6578742F 
 6047      434D5349 
 6047      532F4553 
 6048 010d 2E326138 		.ascii	".2a80b1c4\000\006ep_idx\015\0003\353\221]\034\231x\272"
 6048      30623163 
 6048      34000665 
 6048      705F6964 
 6048      780D0033 
 6049 0128 172D2E28 		.ascii	"\027-.(\327pK\026F\026\306\003F\300\270\027jJ\270\303"
 6049      D7704B16 
 6049      4616C603 
 6049      46C0B817 
 6049      6A4AB8C3 
 6050 013c A6769201 		.ascii	"\246v\222\001"
 6051              		.text
 6052              		.section	.gnu.lto_ald_usb_host_lpm_config.119.840c018b,"e",%progbits
 6053 0000 28B52FFD 		.ascii	"(\265/\375`c\000\355\011\000\224\021\266\000\000\000"
 6053      606300ED 
 6053      09009411 
 6053      B6000000 
 6054 0010 7B000000 		.ascii	"{\000\000\000&\000\000\000\001\003\000\001\222\221\212"
 6054      26000000 
 6054      01030001 
 6054      92918A
 6055 001f 02008080 		.ascii	"\002\000\200\200\200@\007\002\001\201\221\212\337\336"
 6055      80400702 
 6055      0181918A 
 6055      DFDE
 6056 002d C50401BD 		.ascii	"\305\004\001\275\001\001\000\177\002\001\177\001\246"
 6056      0101007F 
 6056      02017F01 
 6056      A6
 6057 003a 032F8080 		.ascii	"\003/\200\200\200\370\304\364\255\014\205\030\352\000"
 6057      80F8C4F4 
 6057      AD0C8518 
 6057      EA00
ARM GAS  C:\Users\PUBLIC~1.LAP\AppData\Local\Temp\ccG3WIcm.s 			page 261


 6058 0048 007F0005 		.ascii	"\000\177\000\005\001\006\023\001\004\005\001\006\025"
 6058      01061301 
 6058      04050106 
 6058      15
 6059 0055 01200501 		.ascii	"\001 \005\001\010U\000-\300\200\200\320\317\274\200"
 6059      0855002D 
 6059      C08080D0 
 6059      CFBC80
 6060 0064 8009007D 		.ascii	"\200\011\000}\272\001\177\271\001\270\001\000\000\002"
 6060      BA017FB9 
 6060      01B80100 
 6060      0002
 6061 0072 01619715 		.ascii	"\001a\227\025\005\001\010u\375\274\244\025\000\000\013"
 6061      05010875 
 6061      FDBCA415 
 6061      00000B
 6062 0081 01000000 		.ascii	"\001\000\000\000\257\322\005\340\200\374\377\217\200"
 6062      AFD205E0 
 6062      80FCFF8F 
 6062      80
 6063 008e 80D7DE01 		.ascii	"\200\327\336\001\222\214\373\026\002\000\000\243\003"
 6063      928CFB16 
 6063      020000A3 
 6063      03
 6064 009b 80040100 		.ascii	"\200\004\001\000\000\244\003\002\201\300\000\000\372"
 6064      00A40302 
 6064      81C00000 
 6064      FA
 6065 00a8 02802200 		.ascii	"\002\200\"\000\202\003\202 \000\243\003\200\004\001"
 6065      82038220 
 6065      00A30380 
 6065      0401
 6066 00b6 80C05244 		.ascii	"\200\300RD:\\00a_liuhy\\temp126\\ChibiOS-Contrib/os"
 6066      3A5C3030 
 6066      615F6C69 
 6066      7568795C 
 6066      74656D70 
 6067 00e0 2F636F6D 		.ascii	"/common/ext/CMSIS/ES32/FS026/ald_usb.c\000\013resum"
 6067      6D6F6E2F 
 6067      6578742F 
 6067      434D5349 
 6067      532F4553 
 6068 010d 655F7469 		.ascii	"e_time\023.2a80b1c4\000\006config\015\000t\026#\273"
 6068      6D65132E 
 6068      32613830 
 6068      62316334 
 6068      0006636F 
 6069 012b 3032F174 		.ascii	"02\361t/Z\\P\256\341\226,\214,\214\007\214\200q/\324"
 6069      2F5A5C50 
 6069      AEE1962C 
 6069      8C2C8C07 
 6069      8C80712F 
 6070 0140 9470874D 		.ascii	"\224p\207M\355$\003"
 6070      ED2403
 6071              		.text
 6072              		.section	.gnu.lto_ald_usb_host_lpm_resume.120.840c018b,"e",%progbits
 6073 0000 28B52FFD 		.ascii	"(\265/\375 \362\005\007\000t\014l\000\000\000T\000\000"
ARM GAS  C:\Users\PUBLIC~1.LAP\AppData\Local\Temp\ccG3WIcm.s 			page 262


 6073      20F20507 
 6073      00740C6C 
 6073      00000054 
 6073      0000
 6074 0012 00260000 		.ascii	"\000&\000\000\000\001\003\000\001\222\221\212\002\000"
 6074      00010300 
 6074      0192918A 
 6074      0200
 6075 0020 80808040 		.ascii	"\200\200\200@\007\002\001\201\221\212\347\337\305\004"
 6075      07020181 
 6075      918AE7DF 
 6075      C504
 6076 002e 01B70101 		.ascii	"\001\267\001\001\000\177\002\001\177\001\246\003/\200"
 6076      007F0201 
 6076      7F01A603 
 6076      2F80
 6077 003c 8080F884 		.ascii	"\200\200\370\204\375\255\014\205\030\352\000\000\177"
 6077      FDAD0C85 
 6077      18EA0000 
 6077      7F
 6078 0049 000B0100 		.ascii	"\000\013\001\000\000\000\257\322\005\340\200\374\377"
 6078      0000AFD2 
 6078      05E080FC 
 6078      FF
 6079 0056 8F8080DF 		.ascii	"\217\200\200\337\337\001\222\254\377\026\002\000\000"
 6079      DF0192AC 
 6079      FF160200 
 6079      00
 6080 0063 A3030080 		.ascii	"\243\003\000\200\200\200\200\004\001\000\000\244\003"
 6080      80808004 
 6080      010000A4 
 6080      03
 6081 0070 0281C000 		.ascii	"\002\201\300\000\000\372\002\200\"\000\202\003\202 "
 6081      00FA0280 
 6081      22008203 
 6081      8220
 6082 007e A3030180 		.ascii	"\243\003\001\200\300RD:\\00a_liuhy\\temp126\\ChibiO"
 6082      C052443A 
 6082      5C303061 
 6082      5F6C6975 
 6082      68795C74 
 6083 009f 532D436F 		.ascii	"S-Contrib/os/common/ext/CMSIS/ES32/FS026/ald_usb.c\000"
 6083      6E747269 
 6083      622F6F73 
 6083      2F636F6D 
 6083      6D6F6E2F 
 6084 00d2 0800C82E 		.ascii	"\010\000\310.\342\314\200}f@\360\375v\031\3772n\270"
 6084      E2CC807D 
 6084      6640F0FD 
 6084      7619FF32 
 6084      6EB8
 6085 00e4 1CA67692 		.ascii	"\034\246v\222\001"
 6085      01
 6086              		.text
 6087              		.section	.gnu.lto_ald_usb_dev_lpm_remote_wake.121.840c018b,"e",%progbits
 6088 0000 28B52FFD 		.ascii	"(\265/\375 \362\005\007\000t\014l\000\000\000T\000\000"
 6088      20F20507 
ARM GAS  C:\Users\PUBLIC~1.LAP\AppData\Local\Temp\ccG3WIcm.s 			page 263


 6088      00740C6C 
 6088      00000054 
 6088      0000
 6089 0012 00260000 		.ascii	"\000&\000\000\000\001\003\000\001\222\221\212\002\000"
 6089      00010300 
 6089      0192918A 
 6089      0200
 6090 0020 80808040 		.ascii	"\200\200\200@\007\002\001\201\221\212\357\350\305\004"
 6090      07020181 
 6090      918AEFE8 
 6090      C504
 6091 002e 01B70101 		.ascii	"\001\267\001\001\000\177\002\001\177\001\246\003/\200"
 6091      007F0201 
 6091      7F01A603 
 6091      2F80
 6092 003c 8080F8C4 		.ascii	"\200\200\370\304\305\256\014\205\030\352\000\000\177"
 6092      C5AE0C85 
 6092      18EA0000 
 6092      7F
 6093 0049 000B0100 		.ascii	"\000\013\001\000\000\000\257\322\005\340\200\374\377"
 6093      0000AFD2 
 6093      05E080FC 
 6093      FF
 6094 0056 8F8080E7 		.ascii	"\217\200\200\347\350\001\222\314\243\027\002\000\000"
 6094      E80192CC 
 6094      A3170200 
 6094      00
 6095 0063 A3030080 		.ascii	"\243\003\000\200\200\200\200\004\001\000\000\244\003"
 6095      80808004 
 6095      010000A4 
 6095      03
 6096 0070 0281C000 		.ascii	"\002\201\300\000\000\372\002\200\"\000\202\003\202 "
 6096      00FA0280 
 6096      22008203 
 6096      8220
 6097 007e A3030180 		.ascii	"\243\003\001\200\300RD:\\00a_liuhy\\temp126\\ChibiO"
 6097      C052443A 
 6097      5C303061 
 6097      5F6C6975 
 6097      68795C74 
 6098 009f 532D436F 		.ascii	"S-Contrib/os/common/ext/CMSIS/ES32/FS026/ald_usb.c\000"
 6098      6E747269 
 6098      622F6F73 
 6098      2F636F6D 
 6098      6D6F6E2F 
 6099 00d2 0800C82E 		.ascii	"\010\000\310.\342\314\200}f@\360\375v\031\3772n\270"
 6099      E2CC807D 
 6099      6640F0FD 
 6099      7619FF32 
 6099      6EB8
 6100 00e4 1CA67692 		.ascii	"\034\246v\222\001"
 6100      01
 6101              		.text
 6102              		.section	.gnu.lto_ald_usb_dev_lpm_config.122.840c018b,"e",%progbits
 6103 0000 28B52FFD 		.ascii	"(\265/\375`8\000\035\011\000T\020\227\000\000\000o\000"
 6103      6038001D 
 6103      09005410 
ARM GAS  C:\Users\PUBLIC~1.LAP\AppData\Local\Temp\ccG3WIcm.s 			page 264


 6103      97000000 
 6103      6F00
 6104 0012 00002600 		.ascii	"\000\000&\000\000\000\001\003\000\001\222\221\212\002"
 6104      00000103 
 6104      00019291 
 6104      8A02
 6105 0020 00808080 		.ascii	"\000\200\200\200@\007\002\001\201\221\212\367\351\305"
 6105      40070201 
 6105      81918AF7 
 6105      E9C5
 6106 002e 0401BB01 		.ascii	"\004\001\273\001\001\000\177\002\001\177\001\246\003"
 6106      01007F02 
 6106      017F01A6 
 6106      03
 6107 003b 2F808080 		.ascii	"/\200\200\200\370\204\316\256\014\205\030\352\000\000"
 6107      F884CEAE 
 6107      0C8518EA 
 6107      0000
 6108 0049 7F000501 		.ascii	"\177\000\005\001\006\023\001\004\005\001\006\025\001"
 6108      06130104 
 6108      05010615 
 6108      01
 6109 0056 20050108 		.ascii	" \005\001\010U\000-\300\200\200\320\316\274\200\200"
 6109      55002DC0 
 6109      8080D0CE 
 6109      BC8080
 6110 0065 09007DBA 		.ascii	"\011\000}\272\001\177\271\001\270\001\000\000\002\001"
 6110      017FB901 
 6110      B8010000 
 6110      0201
 6111 0073 5CF01400 		.ascii	"\\\360\024\000\000\013\001\000\000\000\257\322\005\340"
 6111      000B0100 
 6111      0000AFD2 
 6111      05E0
 6112 0081 80FCFF8F 		.ascii	"\200\374\377\217\200\200\357\351\001\222\354\247\027"
 6112      8080EFE9 
 6112      0192ECA7 
 6112      17
 6113 008e 020000A3 		.ascii	"\002\000\000\243\003\200\004\001\000\000\244\003\002"
 6113      03800401 
 6113      0000A403 
 6113      02
 6114 009b 81C00000 		.ascii	"\201\300\000\000\372\002\200\"\000\202\003\202 \000"
 6114      FA028022 
 6114      00820382 
 6114      2000
 6115 00a9 A3038004 		.ascii	"\243\003\200\004\001\200\300RD:\\00a_liuhy\\temp126"
 6115      0180C052 
 6115      443A5C30 
 6115      30615F6C 
 6115      69756879 
 6116 00c5 5C436869 		.ascii	"\\ChibiOS-Contrib/os/common/ext/CMSIS/ES32/FS026/al"
 6116      62694F53 
 6116      2D436F6E 
 6116      74726962 
 6116      2F6F732F 
 6117 00f7 645F7573 		.ascii	"d_usb.c\000\006config\023.2a80b1c4\000\012\0005\253"
ARM GAS  C:\Users\PUBLIC~1.LAP\AppData\Local\Temp\ccG3WIcm.s 			page 265


 6117      622E6300 
 6117      06636F6E 
 6117      66696713 
 6117      2E326138 
 6118 0115 22BB8832 		.ascii	"\"\273\2102\2417/0\\P\256\341\032L\030\326jt\270\303"
 6118      A1372F30 
 6118      5C50AEE1 
 6118      1A4C18D6 
 6118      6A74B8C3 
 6119 0129 A6769201 		.ascii	"\246v\222\001"
 6120              		.text
 6121              		.section	.gnu.lto_ald_usb_dev_lpm_enable.123.840c018b,"e",%progbits
 6122 0000 28B52FFD 		.ascii	"(\265/\375 \362\005\007\000t\014l\000\000\000T\000\000"
 6122      20F20507 
 6122      00740C6C 
 6122      00000054 
 6122      0000
 6123 0012 00260000 		.ascii	"\000&\000\000\000\001\003\000\001\222\221\212\002\000"
 6123      00010300 
 6123      0192918A 
 6123      0200
 6124 0020 80808040 		.ascii	"\200\200\200@\007\002\001\201\221\212\377\352\305\004"
 6124      07020181 
 6124      918AFFEA 
 6124      C504
 6125 002e 01B70101 		.ascii	"\001\267\001\001\000\177\002\001\177\001\246\003/\200"
 6125      007F0201 
 6125      7F01A603 
 6125      2F80
 6126 003c 8080F8C4 		.ascii	"\200\200\370\304\326\256\014\205\030\352\000\000\177"
 6126      D6AE0C85 
 6126      18EA0000 
 6126      7F
 6127 0049 000B0100 		.ascii	"\000\013\001\000\000\000\257\322\005\340\200\374\377"
 6127      0000AFD2 
 6127      05E080FC 
 6127      FF
 6128 0056 8F8080F7 		.ascii	"\217\200\200\367\352\001\222\214\256\027\002\000\000"
 6128      EA01928C 
 6128      AE170200 
 6128      00
 6129 0063 A3030080 		.ascii	"\243\003\000\200\200\200\200\004\001\000\000\244\003"
 6129      80808004 
 6129      010000A4 
 6129      03
 6130 0070 0281C000 		.ascii	"\002\201\300\000\000\372\002\200\"\000\202\003\202 "
 6130      00FA0280 
 6130      22008203 
 6130      8220
 6131 007e A3030180 		.ascii	"\243\003\001\200\300RD:\\00a_liuhy\\temp126\\ChibiO"
 6131      C052443A 
 6131      5C303061 
 6131      5F6C6975 
 6131      68795C74 
 6132 009f 532D436F 		.ascii	"S-Contrib/os/common/ext/CMSIS/ES32/FS026/ald_usb.c\000"
 6132      6E747269 
 6132      622F6F73 
ARM GAS  C:\Users\PUBLIC~1.LAP\AppData\Local\Temp\ccG3WIcm.s 			page 266


 6132      2F636F6D 
 6132      6D6F6E2F 
 6133 00d2 0800C82E 		.ascii	"\010\000\310.\342\314\200}f@\360\375v\031\3772n\270"
 6133      E2CC807D 
 6133      6640F0FD 
 6133      7619FF32 
 6133      6EB8
 6134 00e4 1CA67692 		.ascii	"\034\246v\222\001"
 6134      01
 6135              		.text
 6136              		.section	.gnu.lto_ald_usb_dev_lpm_disable.124.840c018b,"e",%progbits
 6137 0000 28B52FFD 		.ascii	"(\265/\375 \362\005\007\000t\014l\000\000\000T\000\000"
 6137      20F20507 
 6137      00740C6C 
 6137      00000054 
 6137      0000
 6138 0012 00260000 		.ascii	"\000&\000\000\000\001\003\000\001\222\221\212\002\000"
 6138      00010300 
 6138      0192918A 
 6138      0200
 6139 0020 80808040 		.ascii	"\200\200\200@\007\002\001\201\221\212\307\354\305\004"
 6139      07020181 
 6139      918AC7EC 
 6139      C504
 6140 002e 01B70101 		.ascii	"\001\267\001\001\000\177\002\001\177\001\246\003/\200"
 6140      007F0201 
 6140      7F01A603 
 6140      2F80
 6141 003c 8080F884 		.ascii	"\200\200\370\204\337\256\014\205\030\352\000\000\177"
 6141      DFAE0C85 
 6141      18EA0000 
 6141      7F
 6142 0049 000B0100 		.ascii	"\000\013\001\000\000\000\257\322\005\340\200\374\377"
 6142      0000AFD2 
 6142      05E080FC 
 6142      FF
 6143 0056 8F8080FF 		.ascii	"\217\200\200\377\353\001\222\254\262\027\002\000\000"
 6143      EB0192AC 
 6143      B2170200 
 6143      00
 6144 0063 A3030080 		.ascii	"\243\003\000\200\200\200\200\004\001\000\000\244\003"
 6144      80808004 
 6144      010000A4 
 6144      03
 6145 0070 0281C000 		.ascii	"\002\201\300\000\000\372\002\200\"\000\202\003\202 "
 6145      00FA0280 
 6145      22008203 
 6145      8220
 6146 007e A3030180 		.ascii	"\243\003\001\200\300RD:\\00a_liuhy\\temp126\\ChibiO"
 6146      C052443A 
 6146      5C303061 
 6146      5F6C6975 
 6146      68795C74 
 6147 009f 532D436F 		.ascii	"S-Contrib/os/common/ext/CMSIS/ES32/FS026/ald_usb.c\000"
 6147      6E747269 
 6147      622F6F73 
 6147      2F636F6D 
ARM GAS  C:\Users\PUBLIC~1.LAP\AppData\Local\Temp\ccG3WIcm.s 			page 267


 6147      6D6F6E2F 
 6148 00d2 0800C82E 		.ascii	"\010\000\310.\342\314\200}f@\360\375v\031\3772n\270"
 6148      E2CC807D 
 6148      6640F0FD 
 6148      7619FF32 
 6148      6EB8
 6149 00e4 1CA67692 		.ascii	"\034\246v\222\001"
 6149      01
 6150              		.text
 6151              		.section	.gnu.lto_ald_usb_swvbus_sigctl_set.125.840c018b,"e",%progbits
 6152 0000 28B52FFD 		.ascii	"(\265/\375`?\001\305\016\000\326\032eF\340\224(\035"
 6152      603F01C5 
 6152      0E00D61A 
 6152      6546E094 
 6152      281D
 6153 0012 A853E15D 		.ascii	"\250S\341]%\277\312\214|\006Q\377\213\215\271\373\201"
 6153      25BFCA8C 
 6153      7C0651FF 
 6153      8B8DB9FB 
 6153      81
 6154 0023 A9052625 		.ascii	"\251\005&%\345(&\353\256\275\006\002H\265\327\356\177"
 6154      E52826EB 
 6154      AEBD0602 
 6154      48B5D7EE 
 6154      7F
 6155 0034 D3A49AB7 		.ascii	"\323\244\232\267\032\373[\337\000\226\247l#\242\350"
 6155      1AFB5BDF 
 6155      0096A76C 
 6155      23A2E8
 6156 0043 E63841E4 		.ascii	"\3468A\344P0\204m\354z\365\223C\366\3362\245P\000L\000"
 6156      5030846D 
 6156      EC7AF593 
 6156      43F6DE32 
 6156      A550004C 
 6157 0058 4F003A6A 		.ascii	"O\000:j\354\326N\314\201\373\264\313\366\261\200\304"
 6157      ECD64ECC 
 6157      81FBB4CB 
 6157      F6B180C4 
 6158 0068 009D2232 		.ascii	"\000\235\"2\220\354n\027W\334\365)\243\272\374\317."
 6158      90EC6E17 
 6158      57DCF529 
 6158      A3BAFCCF 
 6158      2E
 6159 0079 6704E1F1 		.ascii	"g\004\341\361\202\301|\006\200\335\\r7\217\322\001\316"
 6159      82C17C06 
 6159      80DD5C72 
 6159      378FD201 
 6159      CE
 6160 008a 0E140460 		.ascii	"\016\024\004`3\022\301O\354\307g\327\0220\031U\000\024"
 6160      3312C14F 
 6160      ECC767D7 
 6160      12301955 
 6160      0014
 6161 009c 76D7FA82 		.ascii	"v\327\372\202\331\334\333m\203\266C\373.\0014\236^\347"
 6161      D9DCDB6D 
 6161      83B643FB 
 6161      2E01349E 
ARM GAS  C:\Users\PUBLIC~1.LAP\AppData\Local\Temp\ccG3WIcm.s 			page 268


 6161      5EE7
 6162 00ae 85E313DF 		.ascii	"\205\343\023\337\332fL\320\323cF\223\3704\034@\253J"
 6162      DA664CD0 
 6162      D3634693 
 6162      F8341C40 
 6162      AB4A
 6163 00c0 EC1A8C46 		.ascii	"\354\032\214F\025\366\345\306\230}\331?U-U\255\234\002"
 6163      15F6E5C6 
 6163      987DD93F 
 6163      552D55AD 
 6163      9C02
 6164 00d2 1E133607 		.ascii	"\036\0236\007\222c\367D\223%\3533o\274\260}\3730\\\266"
 6164      9263F744 
 6164      9325EB33 
 6164      6FBCB07D 
 6164      FB305CB6 
 6165 00e6 00FB008D 		.ascii	"\000\373\000\215\321\3653\177\021\\\227\265\034we\001"
 6165      D1F5337F 
 6165      115C97B5 
 6165      1C776501 
 6166 00f6 0D62628C 		.ascii	"\015bb\214\013\320\216L\031{\"\213\277\206<\350\255"
 6166      0BD08E4C 
 6166      197B228B 
 6166      BF863CE8 
 6166      AD
 6167 0107 4DA38C67 		.ascii	"M\243\214gB\223BF\203l\177x-\305\355\346\204\374\235"
 6167      42934246 
 6167      836C7F78 
 6167      2DC5EDE6 
 6167      84FC9D
 6168 011a F3849C8B 		.ascii	"\363\204\234\213O\2715B\326w\331>5\306\026;14\310\014"
 6168      4FB93542 
 6168      D677D93E 
 6168      35C6163B 
 6168      3134C80C 
 6169 012e 68448056 		.ascii	"hD\200Vm\030\371\311\221\233\332,\021\372\227c\\\317"
 6169      6D18F9C9 
 6169      919BDA2C 
 6169      11FA9763 
 6169      5CCF
 6170 0140 E817B7B4 		.ascii	"\350\027\267\264&\206`J)y\022H\037\212\001\324\312\344"
 6170      2686604A 
 6170      29791248 
 6170      1F8A01D4 
 6170      CAE4
 6171 0152 E1A4DA6C 		.ascii	"\341\244\332lB)\251X*\035P\244.\364y\340\205\356{\000"
 6171      4229A958 
 6171      2A1D50A4 
 6171      2EF479E0 
 6171      85EE7B00 
 6172 0166 5AE8400C 		.ascii	"Z\350@\014`\006Q\267\032\261\322\265\204\251Th\352T"
 6172      600651B7 
 6172      1AB1D2B5 
 6172      84A95468 
 6172      EA54
 6173 0178 61573A85 		.ascii	"aW:\205X\265\204\242\023P\303\251tb\021\215B_\012\210"
 6173      58B584A2 
ARM GAS  C:\Users\PUBLIC~1.LAP\AppData\Local\Temp\ccG3WIcm.s 			page 269


 6173      1350C3A9 
 6173      7462118D 
 6173      425F0A88 
 6174 018c D4CA6AF4 		.ascii	"\324\312j\364\302\302:\241TH\2367\232PaCm/7\306\034"
 6174      C2C23AA1 
 6174      54489E37 
 6174      9A506143 
 6174      6D2F37C6 
 6175 01a1 1A0035AB 		.ascii	"\032\0005\253\"\273\2102\241a\034\030\017.k\362\002"
 6175      22BB8832 
 6175      A1611C18 
 6175      0F2E6BF2 
 6175      02
 6176 01b2 8C200858 		.ascii	"\214 \010XU\274QM7#\214,,\213R\332\005\016\266J\200"
 6176      55BC514D 
 6176      37238C2C 
 6176      2C8B52DA 
 6176      050EB64A 
 6177 01c7 5001AF0A 		.ascii	"P\001\257\012\015$$\265u\012V\270&>\024\023\021\334"
 6177      0D2424B5 
 6177      750A56B8 
 6177      263E1413 
 6177      11DC
 6178 01d9 399A2DB5 		.ascii	"9\232-\265\010McPP"
 6178      084D6350 
 6178      50
 6179              		.text
 6180              		.section	.gnu.lto_ald_usb_swvbus_sigctl_get.126.840c018b,"e",%progbits
 6181 0000 28B52FFD 		.ascii	"(\265/\375`?\000]\011\000\264\020\271\000\000\000T\000"
 6181      603F005D 
 6181      0900B410 
 6181      B9000000 
 6181      5400
 6182 0012 00002600 		.ascii	"\000\000&\000\000\000\001\003\000\001\222\221\212\002"
 6182      00000103 
 6182      00019291 
 6182      8A02
 6183 0020 00808080 		.ascii	"\000\200\200\200@\007\002\001\201\221\212\367\370\305"
 6183      40070201 
 6183      81918AF7 
 6183      F8C5
 6184 002e 4B01B701 		.ascii	"K\001\267\001\001\000\177\002\001\177\001\246\003/\300"
 6184      01007F02 
 6184      017F01A6 
 6184      032FC0
 6185 003d 8080F884 		.ascii	"\200\200\370\204\306\2572\234\250\300\001\177\000}5"
 6185      C6AF329C 
 6185      A8C0017F 
 6185      007D35
 6186 004c 32000B00 		.ascii	"2\000\013\000\000}\000\000\000\257\322\005\340\200\374"
 6186      007D0000 
 6186      00AFD205 
 6186      E080FC
 6187 005b FF8F8080 		.ascii	"\377\217\200\200\357\370\001\222\354\343\027\004\001"
 6187      EFF80192 
 6187      ECE31704 
 6187      01
ARM GAS  C:\Users\PUBLIC~1.LAP\AppData\Local\Temp\ccG3WIcm.s 			page 270


 6188 0068 00020203 		.ascii	"\000\002\002\003\000\002\000\000\000\243\003\200\004"
 6188      00020000 
 6188      00A30380 
 6188      04
 6189 0075 010000A4 		.ascii	"\001\000\000\244\003\002\201\300\000\000\372\002\200"
 6189      030281C0 
 6189      0000FA02 
 6189      80
 6190 0082 A20500FE 		.ascii	"\242\005\000\376\002\302\276\351\016\003\001\005\001"
 6190      02C2BEE9 
 6190      0E030105 
 6190      01
 6191 008f 06790100 		.ascii	"\006y\001\000\200\360\210\200\004\005\001\254\010w\272"
 6191      80F08880 
 6191      040501AC 
 6191      0877BA
 6192 009e 01B90100 		.ascii	"\001\271\001\0006\241\200\200\010u\273\001s\000\000"
 6192      36A18080 
 6192      0875BB01 
 6192      730000
 6193 00ad 00FE0283 		.ascii	"\000\376\002\203\230\207\365\002\003\003\003\001\006"
 6193      9887F502 
 6193      03030301 
 6193      06
 6194 00ba 7F010100 		.ascii	"\177\001\001\000\202\003\202 \003\003\000\001\200\300"
 6194      82038220 
 6194      03030001 
 6194      80C0
 6195 00c8 52443A5C 		.ascii	"RD:\\00a_liuhy\\temp126\\ChibiOS-Contrib/os/common/"
 6195      3030615F 
 6195      6C697568 
 6195      795C7465 
 6195      6D703132 
 6196 00f8 6578742F 		.ascii	"ext/CMSIS/ES32/FS026/ald_usb.c\000\013\000\310.\242"
 6196      434D5349 
 6196      532F4553 
 6196      33322F46 
 6196      53303236 
 6197 011c CC80304C 		.ascii	"\314\2000Lm\234V\030\213\2444\354\302\0302\214(\301"
 6197      6D9C5618 
 6197      8BA434EC 
 6197      C218328C 
 6197      28C1
 6198 012e 32B8E64C 		.ascii	"2\270\346L\302|\002"
 6198      C27C02
 6199              		.text
 6200              		.section	.gnu.lto_ald_usb_swvbus_sesendth_set.127.840c018b,"e",%progbits
 6201 0000 28B52FFD 		.ascii	"(\265/\375`<\001\255\016\000\346\332dG\360\262&\035"
 6201      603C01AD 
 6201      0E00E6DA 
 6201      6447F0B2 
 6201      261D
 6202 0012 F0D90F24 		.ascii	"\360\331\017$\030\242\3407\270\261V\212\273\262p\357"
 6202      18A2E037 
 6202      B8B1568A 
 6202      BBB270EF 
 6203 0022 8166F0E8 		.ascii	"\201f\360\350\314\271\312\024\200\344i\370\201\216\210"
ARM GAS  C:\Users\PUBLIC~1.LAP\AppData\Local\Temp\ccG3WIcm.s 			page 271


 6203      CCB9CA14 
 6203      80E469F8 
 6203      818E88
 6204 0031 96D39CF8 		.ascii	"\226\323\234\370\244\010w\253\276q\206\215F\352+:.\370"
 6204      A40877AB 
 6204      BE71868D 
 6204      46EA2B3A 
 6204      2EF8
 6205 0043 E6602491 		.ascii	"\346`$\221D\204f\262\210,\253Y2\310\336R\312\024P\000"
 6205      448466B2 
 6205      882CAB59 
 6205      32C8DE52 
 6205      CA145000 
 6206 0057 4B004D00 		.ascii	"K\000M\0008lt\307H\316A\323y\360\347\261`\304\000\034"
 6206      386C74C7 
 6206      48CE41D3 
 6206      79F0E7B1 
 6206      60C4001C 
 6207 006b 1D1943BA 		.ascii	"\035\031C\272{c\025\012\352\224\274\340Ua*g\024\321"
 6207      7B63150A 
 6207      EA94BCE0 
 6207      55612A67 
 6207      14D1
 6208 007d 0945179D 		.ascii	"\011E\027\235\001\304\032\225Z\215\262t`\223\303\004"
 6208      01C41A95 
 6208      5A8DB274 
 6208      6093C304 
 6209 008d 01314622 		.ascii	"\0011F\"\350q\365P\230.\011\021f\027\000\205\356\376"
 6209      E871F550 
 6209      982E0911 
 6209      66170085 
 6209      EEFE
 6210 009f 86228D3E 		.ascii	"\206\"\215>\323\377\336\377\324\257+\001\315\255\272"
 6210      D3FFDEFF 
 6210      D4AF2B01 
 6210      CDADBA
 6211 00ae 086D7858 		.ascii	"\010mxX[\331\344\0049;b\226\310u\334\361\351\375\371"
 6211      5BD9E404 
 6211      393B6296 
 6211      C875DCF1 
 6211      E9FDF9
 6212 00c1 632ECB28 		.ascii	"c.\313(~\225\315\256__\252s\367r\367\253)\360Q\203F"
 6212      7E95CDAE 
 6212      5F5FAA73 
 6212      F772F7AB 
 6212      29F05183 
 6213 00d6 7F687497 		.ascii	"\177ht\2278b\244y\346\016\316\177\375\365\005\370\013"
 6213      3862A479 
 6213      E60ECE7F 
 6213      FDF505F8 
 6213      0B
 6214 00e7 F80FA4E8 		.ascii	"\370\017\244\350\240\253\260w\021@}\265\316\335\257"
 6214      A0ABB077 
 6214      11407DB5 
 6214      CEDDAF
 6215 00f6 2F300699 		.ascii	"/0\006\231\222sx\205\206@\024H[\331\262d\005\2229\001"
 6215      92737885 
ARM GAS  C:\Users\PUBLIC~1.LAP\AppData\Local\Temp\ccG3WIcm.s 			page 272


 6215      86401448 
 6215      5BD9B264 
 6215      05923901 
 6216 010a B341FF3D 		.ascii	"\263A\377=hL\245u\337\204\256\243\302\370\264\026:e"
 6216      684CA575 
 6216      DF84AEA3 
 6216      C2F8B416 
 6216      3A65
 6217 011c CFFCE8EB 		.ascii	"\317\374\350\353J\246s\231Y\21416\350\014F\035>\275"
 6217      4AA67399 
 6217      598C3136 
 6217      E80C461D 
 6217      3EBD
 6218 012e 3784F4DC 		.ascii	"7\204\364\334\310l\177V\210\325\360\314\375\311oykg"
 6218      C86C7F56 
 6218      88D5F0CC 
 6218      FDC96F79 
 6218      6B67
 6219 0140 64BA3B87 		.ascii	"d\272;\207`2)q\022H]\211\001\224\323\212o*)\261\260"
 6219      60322971 
 6219      12485D89 
 6219      0194D38A 
 6219      6F2A29B1 
 6220 0155 4E5052A4 		.ascii	"NPR\244-\324q\336\205\255{\340Y\330<\014^\006\321\266"
 6220      2DD471DE 
 6220      85AD7BE0 
 6220      59D83C0C 
 6220      5E06D1B6 
 6221 0169 1291B2A9 		.ascii	"\022\221\262\251|*\325g\332X\276\255\204\002\261R\371"
 6221      7C2AD567 
 6221      DA58BEAD 
 6221      8402B152 
 6221      F9
 6222 017a 44249E06 		.ascii	"D$\236\006T\011u\022\215B\235\311\007U\312j\324rb\241"
 6222      54097512 
 6222      8D429DC9 
 6222      0755CA6A 
 6222      D47262A1 
 6223 018e 5227248E 		.ascii	"R'$\216\033M\250\260!\326*\233]o\360\302/\001\031\000"
 6223      1B4DA8B0 
 6223      21D62A9B 
 6223      5D6FF0C2 
 6223      2F011900 
 6224 01a2 322B915D 		.ascii	"2+\221]\030\231x0\216\206\0072kR\000\214 \010XU\274"
 6224      18997830 
 6224      8E860732 
 6224      6B52008C 
 6224      20085855 
 6225 01b7 514D3723 		.ascii	"QM7#\214,,\213R\332\005\016\266J\200P\201\202\204\244"
 6225      8C2C2C8B 
 6225      52DA050E 
 6225      B64A8050 
 6225      818284A4 
 6226 01cb B64EC10A 		.ascii	"\266N\301\012\327\304\207b\"\202;G\263\245\026\241i"
 6226      D7C48762 
 6226      22823B47 
 6226      B3A516A1 
ARM GAS  C:\Users\PUBLIC~1.LAP\AppData\Local\Temp\ccG3WIcm.s 			page 273


 6226      69
 6227 01dc 0C0A0A   		.ascii	"\014\012\012"
 6228              		.text
 6229              		.section	.gnu.lto_ald_usb_swvbus_sesendth_get.128.840c018b,"e",%progbits
 6230 0000 28B52FFD 		.ascii	"(\265/\375`?\000]\011\000\264\020\271\000\000\000T\000"
 6230      603F005D 
 6230      0900B410 
 6230      B9000000 
 6230      5400
 6231 0012 00002600 		.ascii	"\000\000&\000\000\000\001\003\000\001\222\221\212\002"
 6231      00000103 
 6231      00019291 
 6231      8A02
 6232 0020 00808080 		.ascii	"\000\200\200\200@\007\002\001\201\221\212\347\374\305"
 6232      40070201 
 6232      81918AE7 
 6232      FCC5
 6233 002e 4B01B701 		.ascii	"K\001\267\001\001\000\177\002\001\177\001\246\003/\300"
 6233      01007F02 
 6233      017F01A6 
 6233      032FC0
 6234 003d 8080F884 		.ascii	"\200\200\370\204\345\2572\234\250\300\001\177\000}5"
 6234      E5AF329C 
 6234      A8C0017F 
 6234      007D35
 6235 004c 32000B00 		.ascii	"2\000\013\000\000}\000\000\000\257\322\005\340\200\374"
 6235      007D0000 
 6235      00AFD205 
 6235      E080FC
 6236 005b FF8F8080 		.ascii	"\377\217\200\200\337\374\001\222\254\363\027\004\001"
 6236      DFFC0192 
 6236      ACF31704 
 6236      01
 6237 0068 00020203 		.ascii	"\000\002\002\003\000\002\000\000\000\243\003\200\004"
 6237      00020000 
 6237      00A30380 
 6237      04
 6238 0075 010000A4 		.ascii	"\001\000\000\244\003\002\201\300\000\000\372\002\200"
 6238      030281C0 
 6238      0000FA02 
 6238      80
 6239 0082 A20500FE 		.ascii	"\242\005\000\376\002\302\276\351\016\003\001\005\001"
 6239      02C2BEE9 
 6239      0E030105 
 6239      01
 6240 008f 06790100 		.ascii	"\006y\001\000\200\360\210\200\004\005\001\254\010w\272"
 6240      80F08880 
 6240      040501AC 
 6240      0877BA
 6241 009e 01B90100 		.ascii	"\001\271\001\0006\241\200\200\010u\273\001s\000\000"
 6241      36A18080 
 6241      0875BB01 
 6241      730000
 6242 00ad 00FE0283 		.ascii	"\000\376\002\203\230\207\365\002\003\003\003\001\006"
 6242      9887F502 
 6242      03030301 
 6242      06
ARM GAS  C:\Users\PUBLIC~1.LAP\AppData\Local\Temp\ccG3WIcm.s 			page 274


 6243 00ba 7F010200 		.ascii	"\177\001\002\000\202\003\202 \003\003\000\001\200\300"
 6243      82038220 
 6243      03030001 
 6243      80C0
 6244 00c8 52443A5C 		.ascii	"RD:\\00a_liuhy\\temp126\\ChibiOS-Contrib/os/common/"
 6244      3030615F 
 6244      6C697568 
 6244      795C7465 
 6244      6D703132 
 6245 00f8 6578742F 		.ascii	"ext/CMSIS/ES32/FS026/ald_usb.c\000\013\000\310.\242"
 6245      434D5349 
 6245      532F4553 
 6245      33322F46 
 6245      53303236 
 6246 011c CC80304C 		.ascii	"\314\2000Lm\234V\030\213\2444\354\302\0302\214(\301"
 6246      6D9C5618 
 6246      8BA434EC 
 6246      C218328C 
 6246      28C1
 6247 012e 32B8E64C 		.ascii	"2\270\346L\302|\002"
 6247      C27C02
 6248              		.text
 6249              		.section	.gnu.lto_ald_usb_swvbus_sesvalth_set.129.840c018b,"e",%progbits
 6250 0000 28B52FFD 		.ascii	"(\265/\375`<\001\255\016\000\246ZdG\360\222(\035\301"
 6250      603C01AD 
 6250      0E00A65A 
 6250      6447F092 
 6250      281DC1
 6251 0013 CCD026D2 		.ascii	"\314\320&\322%U\002&\030\236\241:\352\212\250\227n\236"
 6251      25550226 
 6251      189EA13A 
 6251      EA8AA897 
 6251      6E9E
 6252 0025 F38CD0F5 		.ascii	"\363\214\320\365nN\237\336\001\240?B\307\333D\272\010"
 6252      6E4E9FDE 
 6252      01A03F42 
 6252      C7DB44BA 
 6252      08
 6253 0036 AF340DFC 		.ascii	"\2574\015\374m\251=\324O\246\303v\037V\213 \362\217"
 6253      6DA93DD4 
 6253      4FA6C376 
 6253      1F568B20 
 6253      F28F
 6254 0048 E732CC2C 		.ascii	"\3472\314,\342\026#\232\354-\245L\001N\000K\000N\000"
 6254      E216239A 
 6254      EC2DA54C 
 6254      014E004B 
 6254      004E00
 6255 005b 32BA6524 		.ascii	"2\272e$\337\260\351|\370\353P B\300\015\017\030A\272"
 6255      DFB0E97C 
 6255      F8EB5020 
 6255      42C00D0F 
 6255      1841BA
 6256 006e 9BE3141A 		.ascii	"\233\343\024\032\352\224\274\341U_*c\314z\304\221\245"
 6256      EA94BCE1 
 6256      555F2A63 
 6256      CC7AC491 
ARM GAS  C:\Users\PUBLIC~1.LAP\AppData\Local\Temp\ccG3WIcm.s 			page 275


 6256      A5
 6257 007f 13C048A3 		.ascii	"\023\300H\243r\243Q\226\015jn\230\0300\302\310\003:"
 6257      72A35196 
 6257      0D6A6E98 
 6257      1830C2C8 
 6257      033A
 6258 0091 AD1DFAD2 		.ascii	"\255\035\372\322\0351\276\354\216L\350\356\2578\316"
 6258      1D31BEEC 
 6258      8E4CE8EE 
 6258      AF38CE
 6259 00a0 E835FDFF 		.ascii	"\3505\375\377\375?\375\272\022\253-\304\232\034\326"
 6259      FD3FFDBA 
 6259      12AB2DC4 
 6259      9A1CD6
 6260 00af 95361901 		.ascii	"\2256\031\001N\016\230\025r\215\301vz\207\3742\3262"
 6260      4E0E9815 
 6260      728DC176 
 6260      7A87FC32 
 6260      D632
 6261 00c1 8A5F6573 		.ascii	"\212_es\353W\227\352\334\275\334\375n\011f$f\224\007"
 6261      EB5797EA 
 6261      DCBDDCFD 
 6261      6E096624 
 6261      669407
 6262 00d4 4877899E 		.ascii	"Hw\211\236\"\2353i\334\374\327_]\204\177\200\337\000"
 6262      229D3369 
 6262      DCFCD75F 
 6262      5D847F80 
 6262      DF00
 6263 00e6 8B83AEBE 		.ascii	"\213\203\256\276\356A\010\325\265:w\273j\004.'\020\303"
 6263      EE4108D5 
 6263      B53A77BB 
 6263      6A042E27 
 6263      10C3
 6264 00f8 3125E3B0 		.ascii	"1%\343\260\012\025}(\021]i\313\222\225'\346\304\313"
 6264      0A157D28 
 6264      115D69CB 
 6264      929527E6 
 6264      C4CB
 6265 010a CEFE7750 		.ascii	"\316\376wP\031j\353\266\371\\a\032\0037\026:e\313\364"
 6265      196AEBB6 
 6265      F95C611A 
 6265      0337163A 
 6265      65CBF4
 6266 011d E8EB8AA6 		.ascii	"\350\353\212\246s\231W\300^\354\354\013b6vzg\374\320"
 6266      739957C0 
 6266      5EECEC0B 
 6266      6236767A 
 6266      67FCD0
 6267 0130 B191DAFE 		.ascii	"\261\221\332\376*\020\253\342\231\373\223\337\362\325"
 6267      2A10ABE2 
 6267      99FB93DF 
 6267      F2D5
 6268 013e CAC47401 		.ascii	"\312\304t\001\177@2\031u\021D^I\001\224R\212O*\031\261"
 6268      7F403219 
 6268      7511445E 
 6268      49019452 
ARM GAS  C:\Users\PUBLIC~1.LAP\AppData\Local\Temp\ccG3WIcm.s 			page 276


 6268      8A4F2A19 
 6269 0153 A84E504E 		.ascii	"\250NPN\"\356\343u\237\005\316s\360U\340\276\013\037"
 6269      22EEE375 
 6269      9F05CE73 
 6269      F055E0BE 
 6269      0B1F
 6270 0165 0610970A 		.ascii	"\006\020\227\012\221\302\251\200(\024H\342X@nd\372\220"
 6270      91C2A980 
 6270      281448E2 
 6270      58406E64 
 6270      FA90
 6271 0177 52014124 		.ascii	"R\001A$_\006\323\310T\002\205>\236\211\007TJ*\324RR"
 6271      5F06D3C8 
 6271      5402853E 
 6271      9E890754 
 6271      4A2AD452 
 6272 018c 994E27A2 		.ascii	"\231N'\242\256\013I\240\240A\326*\233[g\340\302\001"
 6272      AE0B49A0 
 6272      A041D62A 
 6272      9B5B67E0 
 6272      C201
 6273 019e 1A00322B 		.ascii	"\032\0002+\221]\030\231x0\216\206\0072kR\000\214 \010"
 6273      915D1899 
 6273      78308E86 
 6273      07326B52 
 6273      008C2008 
 6274 01b2 5855BC51 		.ascii	"XU\274QM7#\214,,\213R\332\005\016\266J\200P\001\257"
 6274      4D37238C 
 6274      2C2C8B52 
 6274      DA050EB6 
 6274      4A805001 
 6275 01c7 0A0D2424 		.ascii	"\012\015$$\265u\012V\270&>\024\023\021\3349\232-\265"
 6275      B5750A56 
 6275      B8263E14 
 6275      1311DC39 
 6275      9A2DB5
 6276 01da 084D6350 		.ascii	"\010McPP"
 6276      50
 6277              		.text
 6278              		.section	.gnu.lto_ald_usb_swvbus_sesvalth_get.130.840c018b,"e",%progbits
 6279 0000 28B52FFD 		.ascii	"(\265/\375`?\000-\011\000\366\320A; \221\323\001DB\010"
 6279      603F002D 
 6279      0900F6D0 
 6279      413B2091 
 6279      D3014442 
 6280 0015 97408005 		.ascii	"\227@\200\005ta\027\364\311%\353\312a\033\344\263\357"
 6280      746117F4 
 6280      C925EBCA 
 6280      611BE4B3 
 6280      EF
 6281 0026 A1E91FB1 		.ascii	"\241\351\037\261#B\370\363\265\262\351W|\254\201^\311"
 6281      2342F8F3 
 6281      B5B2E957 
 6281      7CAC815E 
 6281      C9
 6282 0037 A22F0689 		.ascii	"\242/\006\211\012\323`B\201\025\000\374\210\372\326"
 6282      0AD36042 
ARM GAS  C:\Users\PUBLIC~1.LAP\AppData\Local\Temp\ccG3WIcm.s 			page 277


 6282      811500FC 
 6282      88FAD6
 6283 0046 E496292F 		.ascii	"\344\226)/\000.\0001\000\017\270\247\320\272\271\347"
 6283      002E0031 
 6283      000FB8A7 
 6283      D0BAB9E7 
 6284 0056 8988B702 		.ascii	"\211\210\267\002\303\241\323}V6Ys\251\371]\225\215\210"
 6284      C3A1D37D 
 6284      56365973 
 6284      A9F95D95 
 6284      8D88
 6285 0068 81D1C464 		.ascii	"\201\321\304d\256\245\000\014\335}\032\223}\354y\377"
 6285      AEA5000C 
 6285      DD7D1A93 
 6285      7DEC79FF 
 6286 0078 17FCAFF8 		.ascii	"\027\374\257\370O\013\237\345\226\005l\\^h\355\334\254"
 6286      4F0B9FE5 
 6286      96056C5C 
 6286      5E68EDDC 
 6286      AC
 6287 0089 E9CE7FBA 		.ascii	"\351\316\177\272(\227\374\273uw\237I\376\3233\245\337"
 6287      2897FCBB 
 6287      75779F49 
 6287      FED333A5 
 6287      DF
 6288 009a 6D607603 		.ascii	"m`v\003\2620\231n\217\036\236\256\341fR\376\267\036"
 6288      B230996E 
 6288      8F1E9EAE 
 6288      E16652FE 
 6288      B71E
 6289 00ac A515690A 		.ascii	"\245\025i\012\211\272N\\h\2408{\317L\360\342\327\267"
 6289      89BA4E5C 
 6289      68A0387B 
 6289      CF4CF0E2 
 6289      D7B7
 6290 00be 353FCBCC 		.ascii	"5?\313\3144\247#d\203\326\376\247\266e\005\352\036\371"
 6290      34A72364 
 6290      83D6FEA7 
 6290      B66505EA 
 6290      1EF9
 6291 00d0 BEB465C9 		.ascii	"\276\264e\311\000\241,\2675\014\247\277\254\037\035"
 6291      00A12CB7 
 6291      350CA7BF 
 6291      AC1F1D
 6292 00df 8CA955C8 		.ascii	"\214\251U\310\302$\252\237\327\205\017\325K\010\035"
 6292      C224AA9F 
 6292      D7850FD5 
 6292      4B081D
 6293 00ee 6A08114A 		.ascii	"j\010\021J\200U\245A\252\250\362t*G5U\326\221\304P\241"
 6293      8055A541 
 6293      AAA8F274 
 6293      2A473555 
 6293      D691C450 
 6294 0103 4AD0209C 		.ascii	"J\320 \234 G\262\004\212\237\207pq\"\251DV\012\000\310"
 6294      2047B204 
 6294      8A9F8770 
 6294      7122A944 
ARM GAS  C:\Users\PUBLIC~1.LAP\AppData\Local\Temp\ccG3WIcm.s 			page 278


 6294      560A00C8 
 6295 0117 2EA2CC80 		.ascii	".\242\314\2000Lm\234V\030\213\2444\\\027j%X\006\327"
 6295      304C6D9C 
 6295      56188BA4 
 6295      345C176A 
 6295      255806D7 
 6296 012b 9C49984F 		.ascii	"\234I\230O"
 6297              		.text
 6298              		.section	.gnu.lto_ald_usb_swvbus_valth_set.131.840c018b,"e",%progbits
 6299 0000 28B52FFD 		.ascii	"(\265/\375`<\001\245\016\000\246\032dG\360\224\223\016"
 6299      603C01A5 
 6299      0E00A61A 
 6299      6447F094 
 6299      930E
 6300 0012 A85291F2 		.ascii	"\250R\221\362\361R\376\360\034\222\214\345\\\253\377"
 6300      F152FEF0 
 6300      1C928CE5 
 6300      5CABFF
 6301 0021 1B4D555D 		.ascii	"\033MU]\351\273\020\015\003!@\317\015\361\021\242\011"
 6301      E9BB100D 
 6301      032140CF 
 6301      0DF111A2 
 6301      09
 6302 0032 63ED47A2 		.ascii	"c\355G\242\310u\323\210\275\307J\013\325N\244Q\215\216"
 6302      C875D388 
 6302      BDC74A0B 
 6302      D54EA451 
 6302      8D8E
 6303 0044 40924F7E 		.ascii	"@\222O~\335\212\250\250\315\263\214h\262\267\2242\005"
 6303      DD8AA8A8 
 6303      CDB38C68 
 6303      B2B79432 
 6303      05
 6304 0055 4E004B00 		.ascii	"N\000K\000N\0008\272c'\327\240\351<\370\007A\020b\300"
 6304      4E0038BA 
 6304      6327D7A0 
 6304      E93CF807 
 6304      411062C0 
 6305 0069 CBC60C24 		.ascii	"\313\306\014$\335\275\261\012\005uJ^\360\2520\2254\302"
 6305      DDBDB10A 
 6305      05754A5E 
 6305      F0AA3095 
 6305      34C2
 6306 007b 21A118A3 		.ascii	"!\241\030\2433\200x\243R\273Q\226\014pz\234  \322H\003"
 6306      338078A3 
 6306      52BB5196 
 6306      0C707A9C 
 6306      2020D248 
 6307 0090 3E2E210A 		.ascii	">.!\012\323\035!\316\354\002\220\320\335\337P,\241\317"
 6307      D31D21CE 
 6307      EC0290D0 
 6307      DDDF502C 
 6307      A1CF
 6308 00a2 F4BFF73F 		.ascii	"\364\277\367?\365\253K\253/B\234\036\326V6\371\000\017"
 6308      F5AB4BAB 
 6308      2F429C1E 
 6308      D65636F9 
ARM GAS  C:\Users\PUBLIC~1.LAP\AppData\Local\Temp\ccG3WIcm.s 			page 279


 6308      000F
 6309 00b4 109A4D72 		.ascii	"\020\232Mr\035u\306^%\177,f9\305\257\262\331\365\353"
 6309      1D75C65E 
 6309      257F2C66 
 6309      39C5AFB2 
 6309      D9F5EB
 6310 00c7 4B75EE5E 		.ascii	"Ku\356^\356~5\005-j\230P\021?\272I4Y\322=S\007\214\377"
 6310      EE7E3505 
 6310      2D6A9850 
 6310      113FBA49 
 6310      3459D23D 
 6311 00df FAAB0EF8 		.ascii	"\372\253\016\370\013\370A>6\350*\354\335\003P_\255s"
 6311      0BF8413E 
 6311      36E82AEC 
 6311      DD03505F 
 6311      AD73
 6312 00f1 F7EB4632 		.ascii	"\367\353F2/0\362\230\222yx\205\206E\364\210\266\262"
 6312      2F30F298 
 6312      92797885 
 6312      8645F488 
 6312      B6B2
 6313 0103 65C9CAA4 		.ascii	"e\311\312\244\006\305\314\376\374\347\2401\225\326\235"
 6313      06C5CCFE 
 6313      FCE7A031 
 6313      95D69D
 6314 0112 13BAEE68 		.ascii	"\023\272\356h\214Os\241S\266\015\221\276\272d:\227\231"
 6314      8C4F73A1 
 6314      53B60D91 
 6314      BEBA643A 
 6314      9799
 6315 0124 C58E8CFD 		.ascii	"\305\216\214\375y\202q\307\330\233\303\210O\216\314"
 6315      798271C7 
 6315      D89BC388 
 6315      4F8ECC
 6316 0133 F6677D58 		.ascii	"\366g}X\015\317\334\237|\230\267\326\246\206\013w`J"
 6316      0DCFDC9F 
 6316      7C98B7D6 
 6316      A6860B77 
 6316      604A
 6317 0145 29711048 		.ascii	")q\020H\035\012h\345\264\342\233PJ/,\225\225\024i\013"
 6317      1D0A68E5 
 6317      B4E29B50 
 6317      4A2F2C95 
 6317      9514690B 
 6318 0159 759C5761 		.ascii	"u\234Wa\353\032x\0246\317\202wA\264\255@\260l-\237J"
 6318      EB1A7814 
 6318      36CF8277 
 6318      41B4AD40 
 6318      B06C2D9F 
 6319 016e F599B697 		.ascii	"\365\231\266\227o+\241<\254Z>\321\211\207\001UB\235"
 6319      6F2BA13C 
 6319      AC5A3ED1 
 6319      89870155 
 6319      429D
 6320 0180 44A35097 		.ascii	"D\243P\227\322A\305\262\032\301\234X\250\224\012\211"
 6320      D241C5B2 
 6320      1AC19C58 
ARM GAS  C:\Users\PUBLIC~1.LAP\AppData\Local\Temp\ccG3WIcm.s 			page 280


 6320      A8940A89 
 6321 0190 E3461126 		.ascii	"\343F\021&d\210\265\312f\327\027\310p\032\0002+\221"
 6321      6488B5CA 
 6321      66D717C8 
 6321      701A0032 
 6321      2B91
 6322 01a2 5D189978 		.ascii	"]\030\231x0\216\206\0072kR\000\214 \010XU\274QM7#\214"
 6322      308E8607 
 6322      326B5200 
 6322      8C200858 
 6322      55BC514D 
 6323 01b9 2C2C8B52 		.ascii	",,\213R\332\005\016\266J\200P\001\257\012\015$$\265"
 6323      DA050EB6 
 6323      4A805001 
 6323      AF0A0D24 
 6323      24B5
 6324 01cb 750A56B8 		.ascii	"u\012V\270&>\024\023\021\3349\232-\265\010McPP"
 6324      263E1413 
 6324      11DC399A 
 6324      2DB5084D 
 6324      635050
 6325              		.text
 6326              		.section	.gnu.lto_ald_usb_swvbus_valth_get.132.840c018b,"e",%progbits
 6327 0000 28B52FFD 		.ascii	"(\265/\375`?\000]\011\000\264\020\271\000\000\000T\000"
 6327      603F005D 
 6327      0900B410 
 6327      B9000000 
 6327      5400
 6328 0012 00002600 		.ascii	"\000\000&\000\000\000\001\003\000\001\222\221\212\002"
 6328      00000103 
 6328      00019291 
 6328      8A02
 6329 0020 00808080 		.ascii	"\000\200\200\200@\007\002\001\201\221\212\307\214\307"
 6329      40070201 
 6329      81918AC7 
 6329      8CC7
 6330 002e 4B01B701 		.ascii	"K\001\267\001\001\000\177\002\001\177\001\246\003/\300"
 6330      01007F02 
 6330      017F01A6 
 6330      032FC0
 6331 003d 8080F884 		.ascii	"\200\200\370\204\337\2702\234\250\300\001\177\000}5"
 6331      DFB8329C 
 6331      A8C0017F 
 6331      007D35
 6332 004c 32000B00 		.ascii	"2\000\013\000\000}\000\000\000\257\322\005\340\200\374"
 6332      007D0000 
 6332      00AFD205 
 6332      E080FC
 6333 005b FF8F8080 		.ascii	"\377\217\200\200\377\213\001\223\254\262\034\004\001"
 6333      FF8B0193 
 6333      ACB21C04 
 6333      01
 6334 0068 00020203 		.ascii	"\000\002\002\003\000\002\000\000\000\243\003\200\004"
 6334      00020000 
 6334      00A30380 
 6334      04
 6335 0075 010000A4 		.ascii	"\001\000\000\244\003\002\201\300\000\000\372\002\200"
ARM GAS  C:\Users\PUBLIC~1.LAP\AppData\Local\Temp\ccG3WIcm.s 			page 281


 6335      030281C0 
 6335      0000FA02 
 6335      80
 6336 0082 A20500FE 		.ascii	"\242\005\000\376\002\302\276\351\016\003\001\005\001"
 6336      02C2BEE9 
 6336      0E030105 
 6336      01
 6337 008f 06790100 		.ascii	"\006y\001\000\200\360\210\200\004\005\001\254\010w\272"
 6337      80F08880 
 6337      040501AC 
 6337      0877BA
 6338 009e 01B90100 		.ascii	"\001\271\001\0006\241\200\200\010u\273\001s\000\000"
 6338      36A18080 
 6338      0875BB01 
 6338      730000
 6339 00ad 00FE0283 		.ascii	"\000\376\002\203\230\207\365\002\003\003\003\001\006"
 6339      9887F502 
 6339      03030301 
 6339      06
 6340 00ba 7F010800 		.ascii	"\177\001\010\000\202\003\202 \003\003\000\001\200\300"
 6340      82038220 
 6340      03030001 
 6340      80C0
 6341 00c8 52443A5C 		.ascii	"RD:\\00a_liuhy\\temp126\\ChibiOS-Contrib/os/common/"
 6341      3030615F 
 6341      6C697568 
 6341      795C7465 
 6341      6D703132 
 6342 00f8 6578742F 		.ascii	"ext/CMSIS/ES32/FS026/ald_usb.c\000\013\000\310.\242"
 6342      434D5349 
 6342      532F4553 
 6342      33322F46 
 6342      53303236 
 6343 011c CC80304C 		.ascii	"\314\2000Lm\234V\030\213\2444\354\302\0302\214(\301"
 6343      6D9C5618 
 6343      8BA434EC 
 6343      C218328C 
 6343      28C1
 6344 012e 32B8E64C 		.ascii	"2\270\346L\302|\002"
 6344      C27C02
 6345              		.text
 6346              		.section	.gnu.lto_ald_usb_host_components_init.133.840c018b,"e",%progbits
 6347 0000 28B52FFD 		.ascii	"(\265/\375`\231\0115+\000JE\310\017Ip\332U:\003Q\206"
 6347      60990935 
 6347      2B004A45 
 6347      C80F4970 
 6347      DA553A03 
 6348 0016 ACF9C59F 		.ascii	"\254\371\305\237\245\200\026\267\312$\014 \015\264 "
 6348      A58016B7 
 6348      CA240C20 
 6348      0DB420
 6349 0025 DD3F0E6A 		.ascii	"\335?\016j\015D>W6\264Ku\273@z\324\216\221]\301b\007"
 6349      0D443E57 
 6349      36B44B75 
 6349      BB407AD4 
 6349      8E915DC1 
 6350 003b 0CDD5E1A 		.ascii	"\014\335^\032\365\252Y\207\204}\324\347\320\262\261"
ARM GAS  C:\Users\PUBLIC~1.LAP\AppData\Local\Temp\ccG3WIcm.s 			page 282


 6350      F5AA5987 
 6350      847DD4E7 
 6350      D0B2B1
 6351 004a 05D53545 		.ascii	"\005\3255EE\013m\3407A\204\354$\003\340\000\350\000"
 6351      450B6DE0 
 6351      374184EC 
 6351      2403E000 
 6351      E800
 6352 005c DE00EDF3 		.ascii	"\336\000\355\363Q\272\331\364\231\264\312\211Q\352\326"
 6352      51BAD9F4 
 6352      99B4CA89 
 6352      51EAD6
 6353 006b BD8C898C 		.ascii	"\275\214\211\214]z)\335\203Y\312\345(<Wm\007\264\004"
 6353      5D7A29DD 
 6353      8359CAE5 
 6353      283C576D 
 6353      07B404
 6354 007e B1F863ED 		.ascii	"\261\370c\355\363a:\230\2456\377\205:\323\244r_\230"
 6354      F3613A98 
 6354      A536FF85 
 6354      3AD3A472 
 6354      5F98
 6355 0090 BA7517EB 		.ascii	"\272u\027\353wi]\2737\256\354s\375\312\261\\\313\271"
 6355      77695DBB 
 6355      37AEEC73 
 6355      FDCAB15C 
 6355      CBB9
 6356 00a2 B04A375D 		.ascii	"\260J7]\330\2263a[\334z@e\001+\313\002F\205r\343\227"
 6356      D8963361 
 6356      5BDC7A40 
 6356      65012BCB 
 6356      02468572 
 6357 00b8 17D89757 		.ascii	"\027\330\227WS\201|\266\250\215.+T\272\254 \327\212"
 6357      53817CB6 
 6357      A88D2E2B 
 6357      54BAAC20 
 6357      D78A
 6358 00ca DD6FBADF 		.ascii	"\335o\272\337\272j\3339\011:~s\253\351S=U^\234\025\216"
 6358      BA6ADB39 
 6358      093A7E73 
 6358      ABE9533D 
 6358      555E9C15 
 6359 00df 6B61EEB8 		.ascii	"ka\356\270~\225\033\272\343v\324\240\356k\365\227\247"
 6359      7E951BBA 
 6359      E376D4A0 
 6359      EE6BF597 
 6359      A7
 6360 00f0 72E3CCA6 		.ascii	"r\343\314\246\234\323T\317\323\332\223-g.\012\307\265"
 6360      9CD354CF 
 6360      D3DA932D 
 6360      672E0AC7 
 6360      B5
 6361 0101 8ADC71BB 		.ascii	"\212\334q\273#h\217co\240=\016\200\256\335n5\0059\004"
 6361      23688F63 
 6361      6FA03D0E 
 6361      80AEDD6E 
 6361      35053904 
ARM GAS  C:\Users\PUBLIC~1.LAP\AppData\Local\Temp\ccG3WIcm.s 			page 283


 6362 0115 28D7BCDE 		.ascii	"(\327\274\336r\316\2745\311\335c\267\377\254\263`H\260"
 6362      72CEBC35 
 6362      C9DD63B7 
 6362      FFACB360 
 6362      48B0
 6363 0127 282AA763 		.ascii	"(*\247c\000\037r\316\215\243\250|\274\327ww\204\356"
 6363      001F72CE 
 6363      8DA3A87C 
 6363      BCD77777 
 6363      84EE
 6364 0139 2ED2BD83 		.ascii	".\322\275\203%;\343\233\3327\2773b9M J\206\235\323S"
 6364      253BE39B 
 6364      DA37BF33 
 6364      62394D20 
 6364      4A869DD3 
 6365 014e AD53AD5E 		.ascii	"\255S\255^B\273\256\354U\234\225@4\014^\341\340\351"
 6365      42BBAEEC 
 6365      559C9540 
 6365      340C5EE1 
 6365      E0E9
 6366 0160 A3D8E47C 		.ascii	"\243\330\344|\011\355W\274\376\015\224\325\021\327\351"
 6366      09ED57BC 
 6366      FE0D94D5 
 6366      11D7E9
 6367 016f 6EE0DD0C 		.ascii	"n\340\335\014\345r.\242\241\317\346m\212rM\216c\263"
 6367      E5722EA2 
 6367      A1CFE66D 
 6367      8A724D8E 
 6367      63B3
 6368 0181 0E22F946 		.ascii	"\016\"\371F\255Q{\334W\234\266\325\205\353\364\243c"
 6368      AD517BDC 
 6368      579CB6D5 
 6368      85EBF4A3 
 6368      63
 6369 0192 6FC672BA 		.ascii	"o\306r\272\271\216x=\322}6\257F\272u\270Y\035\356U\207"
 6369      B98E783D 
 6369      D27D36AF 
 6369      46BA75B8 
 6369      591DEE55 
 6370 01a7 1BEB709F 		.ascii	"\033\353p\237A\003j\223\252\363\000\313\271GuN\206\342"
 6370      41036A93 
 6370      AAF300CB 
 6370      B947754E 
 6370      86E2
 6371 01b9 C6A0F4D5 		.ascii	"\306\240\364\325\234M\270\306.\275P\327\034E8\006\005"
 6371      9C4DB8C6 
 6371      2EBD50D7 
 6371      1C453806 
 6371      05
 6372 01ca C0A7B6CF 		.ascii	"\300\247\266\317G\3705G=\236\252\250\324\0205B\351\325"
 6372      47F83547 
 6372      3D9EAAA8 
 6372      D4103542 
 6372      E9D5
 6373 01dc 8669EC92 		.ascii	"\206i\354\222\3134\015\204&\323\366\371\014\237f\251"
 6373      CB340D84 
 6373      26D3F6F9 
ARM GAS  C:\Users\PUBLIC~1.LAP\AppData\Local\Temp\ccG3WIcm.s 			page 284


 6373      0C9F66A9 
 6374 01ec C75305F5 		.ascii	"\307S\005\365\344*'\035\2369\032\031Qv\371\365\366\032"
 6374      E42A271D 
 6374      9E391A19 
 6374      5176F9F5 
 6374      F61A
 6375 01fe 70BEEDF3 		.ascii	"p\276\355\363\221\241\325\206<#\243\314\237D3\354\362"
 6375      91A1D586 
 6375      3C23A3CC 
 6375      9F4433EC 
 6375      F2
 6376 020f 4BE97472 		.ascii	"K\351tr\266\317\207\350,C\024s4\2451\354\322\353\355"
 6376      B6CF87E8 
 6376      2C431473 
 6376      34A531EC 
 6376      D2EBED
 6377 0222 CC0CC959 		.ascii	"\314\014\311Y\0230\276\353\244\355v\241\270XR!/\020"
 6377      1330BEEB 
 6377      A4ED76A1 
 6377      B8585221 
 6377      2F10
 6378 0234 E88B1601 		.ascii	"\350\213\026\001\367\321\270S\334,4?\325\313\214\376"
 6378      F7D1B853 
 6378      DC2C343F 
 6378      D5CB8CFE 
 6379 0244 586FD60B 		.ascii	"Xo\326\013\304i\005m\232y\200\373O\227\351Vy\376T\315"
 6379      C469056D 
 6379      9A7980FB 
 6379      4F97E956 
 6379      79FE54CD 
 6380 0258 A6991FAB 		.ascii	"\246\231\037\253\311tZ\235\371\330b\263\303}4\020?h"
 6380      C9745A9D 
 6380      F9D862B3 
 6380      C37D3410 
 6380      3F68
 6381 026a 3FD516D9 		.ascii	"?\325\026\331\230\037k\253\3713\037o\036\223NA\215L"
 6381      981F6BAB 
 6381      F9331F6F 
 6381      1E934E41 
 6381      8D4C
 6382 027c 3707B85F 		.ascii	"7\007\270_F\242\304\272\346\306Q7\321KX\007T\017\227"
 6382      46A2C4BA 
 6382      E6C65137 
 6382      D14B5807 
 6382      540F97
 6383 028f FD544CB3 		.ascii	"\375TL\263\227\354\307b\222E\363\227\332\217}g\224N"
 6383      97ECC762 
 6383      9245F397 
 6383      DA8F7D67 
 6383      944E
 6384 02a1 2DC0FDA3 		.ascii	"-\300\375\243\266[\210\002\207\234\004\270\033H\005"
 6384      B65B8802 
 6384      879C04B8 
 6384      1B4805
 6385 02b0 7E54EF8E 		.ascii	"~T\357\216k\356G\335\336\034\326\315?\353;Q4\350\200"
 6385      6BEE47DD 
 6385      DE1CD6CD 
ARM GAS  C:\Users\PUBLIC~1.LAP\AppData\Local\Temp\ccG3WIcm.s 			page 285


 6385      3FEB3B51 
 6385      34E880
 6386 02c3 6898A713 		.ascii	"h\230\247\023\307/\326+\360\023\213u\311sL\322\354\275"
 6386      C72FD62B 
 6386      F0138B75 
 6386      C9734CD2 
 6386      ECBD
 6387 02d5 83F6621D 		.ascii	"\203\366b\035\204\217,\360\024;a\243\213f\313\377\375"
 6387      848F2CF0 
 6387      143B61A3 
 6387      8B66CBFF 
 6387      FD
 6388 02e6 D624C9DE 		.ascii	"\326$\311\336,\366\015D\272|'\331|3\227\353\222\314"
 6388      2CF60D44 
 6388      BA7C27D9 
 6388      7C3397EB 
 6388      92CC
 6389 02f8 6896E6B0 		.ascii	"h\226\346\260,\247\363\177}g\354z\305\031\300\"\021"
 6389      2CA7F37F 
 6389      7D67EC7A 
 6389      C519C022 
 6389      11
 6390 0309 47141C5A 		.ascii	"G\024\034Z\211`\024W\244\342\220Q\220\330\022\215\200"
 6390      89601457 
 6390      A4E29051 
 6390      90D8128D 
 6390      80
 6391 031a 482F7049 		.ascii	"H/pIE\277\"\213\004\244\361;\002\306\000P\003(\374%"
 6391      45BF228B 
 6391      04A4F13B 
 6391      02C60050 
 6391      0328FC25 
 6392 032e E16A1005 		.ascii	"\341j\020\005\177IEmg\030\272 \324\343\000\364Y0\220"
 6392      7F49456D 
 6392      6718BA20 
 6392      D4E300F4 
 6392      593090
 6393 0341 242CAE3D 		.ascii	"$,\256=dA\210\250\364#B\002\3624\370z@#x>\014@\"x@%"
 6393      644188A8 
 6393      F4234202 
 6393      F234F87A 
 6393      4023783E 
 6394 035b 804EFCF0 		.ascii	"\200N\374\360\2125\212x1\206B\341p\210G\034\362\204"
 6394      8A358A78 
 6394      318642E1 
 6394      7088471C 
 6394      F284
 6395 036d 82338A31 		.ascii	"\2023\2121\206?\025\200P\004\205\2020~Zh\360]H\022\026"
 6395      863F1580 
 6395      50048582 
 6395      307E5A68 
 6395      F05D4812 
 6396 0382 155B30C1 		.ascii	"\025[0\301P\012\"\375\200\275^\213\016!Rp\031\317\346"
 6396      500A22FD 
 6396      80BD5E8B 
 6396      0E215270 
 6396      19CFE6
ARM GAS  C:\Users\PUBLIC~1.LAP\AppData\Local\Temp\ccG3WIcm.s 			page 286


 6397 0395 D5C8CEB8 		.ascii	"\325\310\316\270\032\373R67\207\212c\231\236j\265Z\205"
 6397      1AFB5236 
 6397      37878A63 
 6397      999E6AB5 
 6397      5A85
 6398 03a7 72A5D03C 		.ascii	"r\245\320<\340\256\363\246\035\256\224\230\036.\362"
 6398      E0AEF3A6 
 6398      1DAE9498 
 6398      1E2EF2
 6399 03b6 3846D56A 		.ascii	"8F\325j\225\033p\237\315\255r\177 \217\330\276\363\224"
 6399      951B709F 
 6399      CDAD727F 
 6399      208FD8BE 
 6399      F394
 6400 03c8 7CF3DA75 		.ascii	"|\363\332uO\310\243\366T\255\014\270\333\015\342\"\217"
 6400      4FC8A3F6 
 6400      54AD0CB8 
 6400      DB0DE222 
 6400      8F
 6401 03d9 CA0BB8BF 		.ascii	"\312\013\270\277\224t\213H\231F\201\362\274Y\300}5\027"
 6401      94748B48 
 6401      994681F2 
 6401      BC59C07D 
 6401      3517
 6402 03eb 89AB44ED 		.ascii	"\211\253D\355;<\332\336\234v\035\017\3474\212\325\273"
 6402      3B3CDADE 
 6402      9C761D0F 
 6402      E7348AD5 
 6402      BB
 6403 03fc 5D264302 		.ascii	"]&C\002\200\336\2501P\313\220B4\"\222\024$\205\302p"
 6403      80DEA831 
 6403      50CB9042 
 6403      34229214 
 6403      2485C270 
 6404 0410 000311A1 		.ascii	"\000\003\021\241\342\034\021\300@&\025\243\221$\005"
 6404      E21C11C0 
 6404      402615A3 
 6404      912405
 6405 041f 05C9CE1C 		.ascii	"\005\311\316\034r\226\2203k\216\212\225\246)\245\256"
 6405      72969033 
 6405      6B8E8A95 
 6405      A629A5AE 
 6406 042f 5C07F727 		.ascii	"\\\007\367'\334\004)h\001m\021\246\207a\202\005138R"
 6406      DC042968 
 6406      016D11A6 
 6406      87618205 
 6406      31333852 
 6407 0443 5A32B690 		.ascii	"Z2\266\220\011\226V\377#%\250\301p\244vF,,\021\000\311"
 6407      099656FF 
 6407      2325A8C1 
 6407      70A47646 
 6407      2C2C1100 
 6408 0458 6A7A3770 		.ascii	"jz7p\224\232\252\034\245\363\310\320\177$\224\026\346"
 6408      949AAA1C 
 6408      A5F3C8D0 
 6408      7F249416 
 6408      E6
ARM GAS  C:\Users\PUBLIC~1.LAP\AppData\Local\Temp\ccG3WIcm.s 			page 287


 6409 0469 ECB0D9AB 		.ascii	"\354\260\331\253\235\262Fws\261\262\214\006r\250Z\254"
 6409      9DB24677 
 6409      73B1B28C 
 6409      0672A85A 
 6409      AC
 6410 047a 60BEB850 		.ascii	"`\276\270Py\256\203Gg\362\001+\277\267bp\313\263\332"
 6410      79AE8347 
 6410      67F2012B 
 6410      BFB76270 
 6410      CBB3DA
 6411 048d 44612701 		.ascii	"Da'\001\264z\200i4\237\251\261\000\005\274\231\003\303"
 6411      B47A8069 
 6411      349FA9B1 
 6411      0005BC99 
 6411      03C3
 6412 049f 239E0F23 		.ascii	"#\236\017#z\026(Y\361%,o\313\300\257Wr\011\307\367\226"
 6412      7A162859 
 6412      F1252C6F 
 6412      CBC0AF57 
 6412      7209C7F7 
 6413 04b4 35EB909E 		.ascii	"5\353\220\236[\\\016\243\035\252<a\207\272\330TN`s8"
 6413      5B5C0EA3 
 6413      1DAA3C61 
 6413      87BAD854 
 6413      4E607338 
 6414 04c8 66B7B187 		.ascii	"f\267\261\2070p|\242T\343\005\353\014nz\343:\300\234"
 6414      30707CA2 
 6414      54E305EB 
 6414      0C6E7AE3 
 6414      3AC09C
 6415 04db 0FFF3690 		.ascii	"\017\3776\2204qMQ\266\206\254\005\300\372\273\322e\007"
 6415      34714D51 
 6415      B686AC05 
 6415      C0FABBD2 
 6415      6507
 6416 04ed EABF4672 		.ascii	"\352\277Fr\"@\216\032fz\210\334\233\223ow\252\010\344"
 6416      22408E1A 
 6416      667A88DC 
 6416      9B936F77 
 6416      AA08E4
 6417 0500 84767CAC 		.ascii	"\204v|\254\327\3679\243 \267\221\032!n\204\323\347\275"
 6417      D7F739A3 
 6417      20B7911A 
 6417      216E84D3 
 6417      E7BD
 6418 0512 7C7B79BB 		.ascii	"|{y\273.\036\367\237Z\017\341~?\036w\302\335\240q\270"
 6418      2E1EF79F 
 6418      5A0FE17E 
 6418      3F1E77C2 
 6418      DDA071B8 
 6419 0526 CEB6808D 		.ascii	"\316\266\200\215\244 \324\037h\207\026\340O|j\315\322"
 6419      A420D41F 
 6419      688716E0 
 6419      4F7C6ACD 
 6419      D2
 6420 0537 A4C5B6F5 		.ascii	"\244\305\266\365Q\353\261\002\222\307d\246\014\267\016"
 6420      51EBB102 
ARM GAS  C:\Users\PUBLIC~1.LAP\AppData\Local\Temp\ccG3WIcm.s 			page 288


 6420      92C764A6 
 6420      0CB70E
 6421 0546 A7202ABA 		.ascii	"\247 *\272Kc\330\350\247QDMJ\0005\020$v\326\372$1(i"
 6421      4B63D8E8 
 6421      A751444D 
 6421      4A003510 
 6421      2476D6FA 
 6422 055e 6D3BB386 		.ascii	"m;\263\206\305\036\031\2451\324\303^\221\247L\307\371"
 6422      C51E19A5 
 6422      31D4C35E 
 6422      91A74CC7 
 6422      F9
 6423 056f 03       		.ascii	"\003"
 6424              		.text
 6425              		.section	.gnu.lto_ald_usb_device_components_init.134.840c018b,"e",%progbits
 6426 0000 28B52FFD 		.ascii	"(\265/\375`\214\002\345\022\000\226_xJ\320\3608cX\370"
 6426      608C02E5 
 6426      1200965F 
 6426      784AD0F0 
 6426      386358F8 
 6427 0014 077BD447 		.ascii	"\007{\324G\003?\365p\307\035\313y\341\023\264U-6\242"
 6427      033FF570 
 6427      C71DCB79 
 6427      E113B455 
 6427      2D36A2
 6428 0027 41FEF9E2 		.ascii	"A\376\371\342\236\306i\030\377g\323\250\342\2557\264"
 6428      9EC66918 
 6428      FF67D3A8 
 6428      E2AD37B4 
 6429 0037 81CA4612 		.ascii	"\201\312F\022\1774\303\304\317'\374\244\202\013A\002"
 6429      7F34C3C4 
 6429      CF27FCA4 
 6429      820B4102 
 6430 0047 EE0CDD2E 		.ascii	"\356\014\335.y%O\245K\\\302\230\247MdJ\001]\000c\000"
 6430      79254FA5 
 6430      4B5CC298 
 6430      A74D644A 
 6430      015D0063 
 6431 005c 6500B819 		.ascii	"e\000\270\031\341A\333\264\377\314>\256\0121\007\307"
 6431      E141DBB4 
 6431      FFCC3EAE 
 6431      0A3107C7 
 6432 006c D0818321 		.ascii	"\320\201\203!2'\326\036\310\345*\346?3R\304i\372`\343"
 6432      3227D61E 
 6432      C8E52AE6 
 6432      3F3352C4 
 6432      69FA60E3 
 6433 0080 DE9CC841 		.ascii	"\336\234\310A\233|\034\364q1vx\320\013M\263k\020\350"
 6433      9B7C1CF4 
 6433      71317678 
 6433      D00B4DB3 
 6433      6B10E8
 6434 0093 000027A3 		.ascii	"\000\000'\243\205\323\275w\364J\234vK\363\337\363o\025"
 6434      85D3BD77 
 6434      F44A9C76 
 6434      4BF3DFF3 
 6434      6F15
ARM GAS  C:\Users\PUBLIC~1.LAP\AppData\Local\Temp\ccG3WIcm.s 			page 289


 6435 00a5 A15473B3 		.ascii	"\241Ts\263\341\326\203\301\275\327\266\346\346v{\267"
 6435      E1D683C1 
 6435      BDD7B6E6 
 6435      E6767BB7 
 6436 00b5 1D625BB5 		.ascii	"\035b[\265mS@W\325\354\223\277\2731]\373d\347d\254G"
 6436      6D534057 
 6436      D5EC93BF 
 6436      BB315DFB 
 6436      64E764AC 
 6437 00ca C2FE77EF 		.ascii	"\302\376w\357\275\366xl\217\0029^\340\\g\275\327f\207"
 6437      BDF6786C 
 6437      8F02395E 
 6437      E05C67BD 
 6437      D76687
 6438 00dd 8EBB04C2 		.ascii	"\216\273\004\302H\341\033=)\206\364\341v\353\021\321"
 6438      48E11B3D 
 6438      2986F4E1 
 6438      76EB11D1 
 6439 00ed EA7215FB 		.ascii	"\352r\025\373\221J\2127\0236\250Ql\350E2\242\017G\303"
 6439      914A8A37 
 6439      1336A851 
 6439      6CE84532 
 6439      A20F47C3 
 6440 0101 4797530D 		.ascii	"G\227S\015\2348\371\354u.W\262\347TR\304\241Aq\016\311"
 6440      9C38F9EC 
 6440      752E57B2 
 6440      E75452C4 
 6440      A141710E 
 6441 0116 ECF04231 		.ascii	"\354\360B1\367\361\203\276&\024dF\254:\342\017\210\365"
 6441      F7F183BE 
 6441      26146446 
 6441      AC3AE20F 
 6441      88F5
 6442 0128 934E2A28 		.ascii	"\223N*(\251IO\331X =\264\355|\325\321\345\210N\002\254"
 6442      A9494FD9 
 6442      58203DB4 
 6442      ED7CD5D1 
 6442      E5884E02 
 6443 013d 5FE48229 		.ascii	"_\344\202)\251EO\331n\020=\264\305PQ\327\345\004\260"
 6443      A9454FD9 
 6443      6E103DB4 
 6443      C55051D7 
 6443      E504B0
 6444 0150 BF05946D 		.ascii	"\277\005\224m^Pq\330\2018\320\337\363\324\356\266\204"
 6444      5E5071D8 
 6444      8138D0DF 
 6444      F3D4EEB6 
 6444      84
 6445 0161 F249595F 		.ascii	"\362IY_\350\314`_c\317\273\276\213\243\236Y\0174\244"
 6445      E8CC605F 
 6445      63CFBBBE 
 6445      8BA39E59 
 6445      0F34A4
 6446 0174 157A6A66 		.ascii	"\025zjf\207)\350\341L\210\246\373\031\352\001)z\262"
 6446      8729E8E1 
 6446      4C88A6FB 
 6446      19EA0129 
ARM GAS  C:\Users\PUBLIC~1.LAP\AppData\Local\Temp\ccG3WIcm.s 			page 290


 6446      7AB2
 6447 0186 7C2A26CC 		.ascii	"|*&\314s\002\030\311\213T\340*G@R\030W\212\202\206\215"
 6447      730218C9 
 6447      8B54E02A 
 6447      47405218 
 6447      578A8286 
 6448 019b BCD0588A 		.ascii	"\274\320X\212J\213k,)\311\326\203\261D\320r0\266 \264"
 6448      4A8B6B2C 
 6448      29C9D683 
 6448      B144D072 
 6448      30B620B4 
 6449 01af 22B0C654 		.ascii	"\"\260\306T\303\312\370r\272\270\234\260\021=\307\227"
 6449      C3CAF872 
 6449      BAB89CB0 
 6449      113DC797 
 6450 01bf 0993BE9C 		.ascii	"\011\223\276\234,\221\226\004\363e\262\260PJJ\022\014"
 6450      2C919604 
 6450      F365B2B0 
 6450      504A4A12 
 6450      0C
 6451 01d0 2E2B298A 		.ascii	".+)\212\214%f\266\244\270H\022eA\203\011\271\332\277"
 6451      8C2566B6 
 6451      A4B84812 
 6451      65418309 
 6451      B9DABF
 6452 01e3 EBF1A86A 		.ascii	"\353\361\250j^\315\337\255\030`\355B\250!XK\014T$2\012"
 6452      5ECDDFAD 
 6452      1860ED42 
 6452      A821584B 
 6452      0C542432 
 6453 01f8 525A9062 		.ascii	"RZ\220b\306 \003\231Y\347\020P\212\206\222Bc4\354\221"
 6453      C6200399 
 6453      59E71050 
 6453      8A869242 
 6453      6334EC91 
 6454 020c CFCE48E7 		.ascii	"\317\316H\347\022EGm\210NsK\313\203\001\331\012\270"
 6454      1245476D 
 6454      884E734B 
 6454      CB8301D9 
 6454      0AB8
 6455 021e D31B5B30 		.ascii	"\323\033[0\035\326\220\223\250\205h\307\227'a\273TO"
 6455      1DD69093 
 6455      A88568C7 
 6455      972761BB 
 6455      544F
 6456 0230 D440214D 		.ascii	"\324@!M\017\245\367M\337 Jo\327\231\355C\356\360\262"
 6456      0FA5F74D 
 6456      DF204A6F 
 6456      D799ED43 
 6456      EEF0B2
 6457 0243 F7D69A0B 		.ascii	"\367\326\232\013\314Ei\242XO@\267\374\364\244\010\017"
 6457      CC4569A2 
 6457      584F40B7 
 6457      FCF4A408 
 6457      0F
 6458 0254 5255DD15 		.ascii	"RU\335\025+{\362\347\223=\371*F\334d\352\343\017"
 6458      2B7BF2E7 
ARM GAS  C:\Users\PUBLIC~1.LAP\AppData\Local\Temp\ccG3WIcm.s 			page 291


 6458      933DF92A 
 6458      46DC64EA 
 6458      E30F
 6459              		.text
 6460              		.section	.gnu.lto_ald_usb_otg_session_request.part.0.135.840c018b,"e",%progbits
 6461 0000 28B52FFD 		.ascii	"(\265/\375`4\001\305\015\000\226\031]E\000\221(\035"
 6461      603401C5 
 6461      0D009619 
 6461      5D450091 
 6461      281D
 6462 0012 042058A8 		.ascii	"\004 X\250\242\360\377\333\226`\027\336h\200ML\356\015"
 6462      A2F0FFDB 
 6462      966017DE 
 6462      68804D4C 
 6462      EE0D
 6463 0024 4663E2FE 		.ascii	"Fc\342\376\006\260\320L\255\"[\330\242\374P\262`g\025"
 6463      06B0D04C 
 6463      AD225BD8 
 6463      A2FC50B2 
 6463      606715
 6464 0037 5AFA8F3C 		.ascii	"Z\372\217<9\370NWL\263\326\225Ds\223/t\"8\017\001`\250"
 6464      39F84E57 
 6464      4CB3D695 
 6464      4473932F 
 6464      7422380F 
 6465 004e EDBD654A 		.ascii	"\355\275eJ\001D\000E\000I\000\206\273,b\310\330u\205"
 6465      01440045 
 6465      00490086 
 6465      BB2C62C8 
 6465      D87585
 6466 0061 1803E752 		.ascii	"\030\003\347Rm\177\205mT\314\202\260g\337\270\313\302"
 6466      6D7F856D 
 6466      54CC82B0 
 6466      67DFB8CB 
 6466      C2
 6467 0072 D278BDD0 		.ascii	"\322x\275\320\261\273\363\022\232\270w\250\321\363\243"
 6467      B1BBF312 
 6467      9AB877A8 
 6467      D1F3A3
 6468 0081 081B2B97 		.ascii	"\010\033+\227\016\207o]W.!\256\002\036?\034\354\256"
 6468      0E876F5D 
 6468      572E21AE 
 6468      021E3F1C 
 6468      ECAE
 6469 0093 392FB7BC 		.ascii	"9/\267\274m\022\333$\373\251)\2451|\\X\302~\\\010cG"
 6469      6D12DB24 
 6469      FBA929A5 
 6469      317C5C58 
 6469      C27E5C08 
 6470 00a9 B546F565 		.ascii	"\265F\365e\000\004\337\356\207\036;v\204\234\221\342"
 6470      0004DFEE 
 6470      871E3B76 
 6470      849C91E2 
 6471 00b9 DFED7F28 		.ascii	"\337\355\177(\277e\020\333\250\263NJ`U\257\004\227\376"
 6471      BF6510DB 
 6471      A8B34E4A 
 6471      6055AF04 
ARM GAS  C:\Users\PUBLIC~1.LAP\AppData\Local\Temp\ccG3WIcm.s 			page 292


 6471      97FE
 6472 00cb E7D92097 		.ascii	"\347\331 \227+>i\013\313\356.v@\225A\365-\2341\360\316"
 6472      2B3E690B 
 6472      CBEE2E76 
 6472      409541F5 
 6472      2D9C31F0 
 6473 00e0 3A053036 		.ascii	":\00506\220\202)\337\003\013*\204\221\002c\276\312\361"
 6473      908229DF 
 6473      030B2A84 
 6473      910263BE 
 6473      CAF1
 6474 00f2 029B4385 		.ascii	"\002\233C\205\347\301\362\242\322\032\333\334gR8\273"
 6474      E7C1F2A2 
 6474      D21ADBDC 
 6474      675238BB 
 6475 0102 243ABEEB 		.ascii	"$:\276\353.J>\212\313\270-8\366\246\215isy\010O\310"
 6475      2E4A3E8A 
 6475      CBB82D38 
 6475      F6A68D69 
 6475      7379084F 
 6476 0117 CC688DDF 		.ascii	"\314h\215\337:\200\227\212\032\253\276\314\377]\225"
 6476      3A80978A 
 6476      1AABBECC 
 6476      FF5D95
 6477 0126 C667DD0F 		.ascii	"\306g\335\017\002^\020\032\001a$[&2\240S\331\272\222"
 6477      025E101A 
 6477      0161245B 
 6477      2632A053 
 6477      D9BA92
 6478 0139 74480454 		.ascii	"tH\004T2\225h@\331f'\3034\0113S\240E\230\332\004\215"
 6478      32956840 
 6478      D96627C3 
 6478      34093353 
 6478      A04598DA 
 6479 014f 8267761C 		.ascii	"\202gv\034L&\211\033\215\270\320,q\023$R\351H\234'D"
 6479      4C26891B 
 6479      8DB8D02C 
 6479      71132452 
 6479      E9489C27 
 6480 0164 AB200289 		.ascii	"\253 \002\211N<\237N6\262ad\322}VNL\"\224\222\015\303"
 6480      4E3C9F4E 
 6480      36B26164 
 6480      D27D564E 
 6480      4C229492 
 6481 017a 3E0D205C 		.ascii	">\015 \\x\\\030\032\0004K\221]\030\246\341.W4\\ \201"
 6481      785C181A 
 6481      00344B91 
 6481      5D18A6E1 
 6481      2E57345C 
 6482 0190 851E1A47 		.ascii	"\205\036\032G\265\022\250=*D\227#\263.\000a*\253\360"
 6482      B512A83D 
 6482      2A449723 
 6482      B32E0061 
 6482      2AABF0
 6483 01a3 4074B430 		.ascii	"@t\2640}M8\272\370V\335\271ji\216\320\240M\231\234\001"
 6483      7D4D38BA 
 6483      F856DDB9 
ARM GAS  C:\Users\PUBLIC~1.LAP\AppData\Local\Temp\ccG3WIcm.s 			page 293


 6483      6A698ED0 
 6483      A04D999C 
 6484 01b8 C49D83D9 		.ascii	"\304\235\203\331xL9\357*c"
 6484      784C39EF 
 6484      2A63
 6485              		.text
 6486              		.section	.gnu.lto_ald_usb_swcid_host.part.0.136.840c018b,"e",%progbits
 6487 0000 28B52FFD 		.ascii	"(\265/\375`3\001\275\015\000\226\331\\D\360\222(\035"
 6487      603301BD 
 6487      0D0096D9 
 6487      5C44F092 
 6487      281D
 6488 0012 B85A98EA 		.ascii	"\270Z\230\352d\035%\036$\210\252L\255V\204\210i\253"
 6488      641D251E 
 6488      2488AA4C 
 6488      AD568488 
 6488      69AB
 6489 0024 96840DC3 		.ascii	"\226\204\015\303\205\316\222\270\332\214\230f\330l\272"
 6489      85CE92B8 
 6489      DA8C9866 
 6489      D86CBA
 6490 0033 08369AE0 		.ascii	"\0106\232\340_y\3273\355\355\330J\271\023\007#\321\344"
 6490      5F79D733 
 6490      EDEDD84A 
 6490      B9130723 
 6490      D1E4
 6491 0045 EA63D74F 		.ascii	"\352c\327OF\310:\317\332\336R\246\024D\000E\000H\000"
 6491      46C83ACF 
 6491      DADE52A6 
 6491      14440045 
 6491      004800
 6492 0058 D6DD1533 		.ascii	"\326\335\0253j\354\302D|\201\363\230\266\257\302\266"
 6492      6AECC244 
 6492      7C81F398 
 6492      B6AFC2B6 
 6493 0068 4A6641F8 		.ascii	"JfA\370\263u\034Vas\310x\341cw\263G-\361\357\232\360"
 6493      B3751C56 
 6493      6173C878 
 6493      E16377B3 
 6493      472DF1EF 
 6494 007e F3616B07 		.ascii	"\363ak\007\353\245\303\365\257'\353%\304S\300!\200\006"
 6494      EBA5C3F5 
 6494      AF27EB25 
 6494      C453C021 
 6494      8006
 6495 0090 BB6B0ECC 		.ascii	"\273k\016\314\035o\273\304v\311\376*\253\244\261\036"
 6495      1D6FBBC4 
 6495      76C9FE2A 
 6495      ABA4B11E 
 6496 00a0 AE92B00F 		.ascii	"\256\222\260\017Wcl\230N\230~\0149pc\367C\220\037+\""
 6496      57636C98 
 6496      4E987E0C 
 6496      397063F7 
 6496      43901F2B 
 6497 00b5 DA4071D7 		.ascii	"\332@q\327\355\273T\376\313\035\333\252\267R9`Yb x\364"
 6497      EDBB54FE 
 6497      CB1DDBAA 
ARM GAS  C:\Users\PUBLIC~1.LAP\AppData\Local\Temp\ccG3WIcm.s 			page 294


 6497      B7523960 
 6497      59622078 
 6498 00ca 5D9FDD79 		.ascii	"]\237\335y\\q*]Zvw5\0031\014\231g\341m\301\367V*.\260"
 6498      5C712A5D 
 6498      5A767735 
 6498      03310C99 
 6498      67E16DC1 
 6499 00e3 D295EFA1 		.ascii	"\322\225\357\241\205\246\302PQ\231\263z\344\011l\256"
 6499      85A6C250 
 6499      5199B37A 
 6499      E4096CAE 
 6500 00f3 A907D202 		.ascii	"\251\007\322\002\303\2225\266\275\307T8\273#<>\354."
 6500      C39235B6 
 6500      BDC75438 
 6500      BB233C3E 
 6500      EC2E
 6501 0105 4CFE8947 		.ascii	"L\376\211G\270.<\366\250\015j\363xU\0233\261\254\361"
 6501      B82E3CF6 
 6501      A80D6AF3 
 6501      78551333 
 6501      B1ACF1
 6502 0118 5F0F4023 		.ascii	"_\017@#\005\216M\177\346w=\223\306o\335\016\002V \""
 6502      058E4D7F 
 6502      E6773D93 
 6502      C66FDD0E 
 6502      02562022 
 6503 012c E9B492D0 		.ascii	"\351\264\222\3206\022r2y#h\321HgB\231d@\011e\236M\343"
 6503      36127232 
 6503      792368D1 
 6503      48674299 
 6503      64400965 
 6504 0143 22645B02 		.ascii	"\"d[\002\016B\306I\340&|\262\023\207\223,\305+\225<"
 6504      0E42C649 
 6504      E0267CB2 
 6504      1387932C 
 6504      C52B953C 
 6505 0157 5166F2B2 		.ascii	"Qf\362\262\216\264\341\224\342}D8\012\244\2164\372\200"
 6505      8EB4E194 
 6505      E27D4438 
 6505      0AA48E34 
 6505      FA80
 6506 0169 3C1B8986 		.ascii	"<\033\211\206\322\311\011\2642B\221PLB\232\006b\360"
 6506      D2C909B4 
 6506      32429150 
 6506      4C429A06 
 6506      62F0
 6507 017b C0C2E16A 		.ascii	"\300\302\341jL\032\0003\353\221]\034\246\341.W4\\ \201"
 6507      4C1A0033 
 6507      EB915D1C 
 6507      A6E12E57 
 6507      345C2081 
 6508 018f 851E1A47 		.ascii	"\205\036\032G\265\022\250=,\204\225#c/Xa\252\245\360"
 6508      B512A83D 
 6508      2C849523 
 6508      632F5861 
 6508      AAA5F0
 6509 01a2 4074B430 		.ascii	"@t\2640}M8\272\370V\335\271ji\216\320\240M\231\234\001"
ARM GAS  C:\Users\PUBLIC~1.LAP\AppData\Local\Temp\ccG3WIcm.s 			page 295


 6509      7D4D38BA 
 6509      F856DDB9 
 6509      6A698ED0 
 6509      A04D999C 
 6510 01b7 C49D83D9 		.ascii	"\304\235\203\331xL9\357*c"
 6510      784C39EF 
 6510      2A63
 6511              		.text
 6512              		.section	.gnu.lto_ald_usb_swcid_cidctrl.part.0.137.840c018b,"e",%progbits
 6513 0000 28B52FFD 		.ascii	"(\265/\375`2\001\265\015\000v\231\\E\000\221(\035\004"
 6513      603201B5 
 6513      0D007699 
 6513      5C450091 
 6513      281D04
 6514 0013 4961EB6B 		.ascii	"Ia\353k\305\337-\266P\254\356\351(z\240\321\011<\016"
 6514      C5DF2DB6 
 6514      50ACEEE9 
 6514      287AA0D1 
 6514      093C0E
 6515 0026 AAFACB88 		.ascii	"\252\372\313\210E\007h\020\331\302V}\2431\304\246\035"
 6515      45076810 
 6515      D9C2567D 
 6515      A331C4A6 
 6515      1D
 6516 0037 A8BE322C 		.ascii	"\250\2762,\347\340;]1\315ZW\022\315M\206ID\360\317\021"
 6516      E7E03B5D 
 6516      31CD5A57 
 6516      12CD4D86 
 6516      4944F0CF 
 6517 004c CA50DB7B 		.ascii	"\312P\333{\313\224\002D\000C\000H\000p\367D\213\027"
 6517      CB940244 
 6517      00430048 
 6517      0070F744 
 6517      8B17
 6518 005e BBAF1057 		.ascii	"\273\257\020W\350\\\252\355\233\260\255\222Y\017\366"
 6518      E85CAAED 
 6518      9BB0AD92 
 6518      590FF6
 6519 006d EC1A7F4D 		.ascii	"\354\032\177M\330\03116\344\330\335y\011G\334;\324\350"
 6519      D8193136 
 6519      E4D8DD79 
 6519      0947DC3B 
 6519      D4E8
 6520 007f F931050D 		.ascii	"\3711\005\015\326\213\206\303\273\256\254\227\017\327"
 6520      D68B86C3 
 6520      BBAEAC97 
 6520      0FD7
 6521 008d 008F1F0B 		.ascii	"\000\217\037\013v\327\035\230[\3366\211m\222\375U6\206"
 6521      76D71D98 
 6521      5BDE3689 
 6521      6D92FD55 
 6521      3686
 6522 009f 8F0B45D8 		.ascii	"\217\013E\330\217\013c\354\250\326\250\276\004\231\337"
 6522      8F0B63EC 
 6522      A8D6A8BE 
 6522      0499DF
 6523 00ae 6E871E3B 		.ascii	"n\207\036;\026\204\204Q\342\337\355\177*\337e\217m\325"
ARM GAS  C:\Users\PUBLIC~1.LAP\AppData\Local\Temp\ccG3WIcm.s 			page 296


 6523      16848451 
 6523      E2DFED7F 
 6523      2ADF658F 
 6523      6DD5
 6524 00c0 5B2915B0 		.ascii	"[)\025\260,,\014\\\372\237g{.W\234R\227\226\335]\254"
 6524      2C2C0C5C 
 6524      FA9F677B 
 6524      2E579C52 
 6524      9796DD5D 
 6525 00d5 C08C05D5 		.ascii	"\300\214\005\325\243p\226\300{+\345+\270\3629\350\200"
 6525      A37096C0 
 6525      7B2BE52B 
 6525      B8F239E8 
 6525      80
 6526 00e6 0A57A840 		.ascii	"\012W\250@\231\263n|\000\347P\341y\264\300\260\350\215"
 6526      99B36E7C 
 6526      00E750E1 
 6526      79B4C0B0 
 6526      E88D
 6527 00f8 EDEE352A 		.ascii	"\355\3565*\235\335\020\037\377u\025&\177\3462\256\213"
 6527      9DDD101F 
 6527      FF751526 
 6527      7FE632AE 
 6527      8B
 6528 0109 8D3D8A83 		.ascii	"\215=\212\203\342\\\036B\02245z\343\273\016\300\005"
 6528      E25C1E42 
 6528      1234357A 
 6528      E3BB0EC0 
 6528      05
 6529 011a 0E19AB3E 		.ascii	"\016\031\253>\315\377]\325\306o\335\014V\032F0\032\331"
 6529      CDFF5DD5 
 6529      C66FDD0C 
 6529      561A4630 
 6529      1AD9
 6530 012c 30125126 		.ascii	"0\022Q&\002b\302\215\240G\"\233\011UbB\022\315O\206"
 6530      0262C28D 
 6530      A047229B 
 6530      09556242 
 6530      12CD4F86 
 6531 0140 690F6676 		.ascii	"i\017fv@s05\010Z\004\320<e8\231)]\251\324\215\246\251"
 6531      40733035 
 6531      085A04D0 
 6531      3C653899 
 6531      295DA9D4 
 6532 0157 9B1B87E1 		.ascii	"\233\033\207\341\224\322\201B4\011\334\306\241\200B"
 6532      94D28142 
 6532      3409DCC6 
 6532      A18042
 6533 0166 9F6CE442 		.ascii	"\237l\344B\351\344\024ZAAq\244\022\021\206\205\0244"
 6533      E9E4145A 
 6533      414171A4 
 6533      12118685 
 6533      1434
 6534 0178 A0F0B830 		.ascii	"\240\360\2700\306\004\002\032\0002+\221]\030\246\341"
 6534      C604021A 
 6534      00322B91 
 6534      5D18A6E1 
ARM GAS  C:\Users\PUBLIC~1.LAP\AppData\Local\Temp\ccG3WIcm.s 			page 297


 6535 0188 2E57345C 		.ascii	".W4\\ \201\205\036\032G\265\022\250=*D\227#\263.\000"
 6535      2081851E 
 6535      1A47B512 
 6535      A83D2A44 
 6535      9723B32E 
 6536 019d 612AABF0 		.ascii	"a*\253\360@t\2640}M8\272\370V\335\271ji\216\320\240"
 6536      4074B430 
 6536      7D4D38BA 
 6536      F856DDB9 
 6536      6A698ED0 
 6537 01b2 4D999C01 		.ascii	"M\231\234\001\304\235\203\331xL9\357*c"
 6537      C49D83D9 
 6537      784C39EF 
 6537      2A63
 6538              		.text
 6539              		.section	.gnu.lto_ald_usb_dev_ep_config.part.0.138.840c018b,"e",%progbits
 6540 0000 28B52FFD 		.ascii	"(\265/\375`\032\004U\032\0006/\244H\240\330M:\220\323"
 6540      601A0455 
 6540      1A00362F 
 6540      A448A0D8 
 6540      4D3A90D3 
 6541 0014 5AC5D434 		.ascii	"Z\305\3244\331\301\345\367V.\017\236\311\347\234\007"
 6541      D9C1E5F7 
 6541      562E0F9E 
 6541      C9E79C07 
 6542 0024 9CFCC9F8 		.ascii	"\234\374\311\370\3049\014\263\234\276\\\332kc\3779\252"
 6542      C4390CB3 
 6542      9CBE5CDA 
 6542      6B63FF39 
 6542      AA
 6543 0035 E8860C91 		.ascii	"\350\206\014\221\307\003\036\006\352\202\030\367\016"
 6543      C7031E06 
 6543      EA8218F7 
 6543      0E
 6544 0042 BE8902A7 		.ascii	"\276\211\002\247\200;\030\333\250\360\366\035\2306b"
 6544      803B18DB 
 6544      A8F0F61D 
 6544      983662
 6545 0051 C9DE72A7 		.ascii	"\311\336r\247\024\211\000\206\000\216\000~\332\202z"
 6545      14890086 
 6545      008E007E 
 6545      DA827A
 6546 0060 D24901DB 		.ascii	"\322I\001\333\233R\201\013?M\364\037:\371\333\030G2"
 6546      9B52810B 
 6546      3F4DF41F 
 6546      3AF9DB18 
 6546      4732
 6547 0072 551B62BC 		.ascii	"U\033b\274\223\337t\037\273\377\320\031\266\353$Ek\367"
 6547      93DF741F 
 6547      BBFFD019 
 6547      B6EB2445 
 6547      6BF7
 6548 0084 A7E0D31A 		.ascii	"\247\340\323\032\302\317\230\033\000?\345\011\200\237"
 6548      C2CF981B 
 6548      003FE509 
 6548      809F
 6549 0092 F67BD826 		.ascii	"\366{\330&b\332#\333P\376\303\260M\232\004\261\262\273"
ARM GAS  C:\Users\PUBLIC~1.LAP\AppData\Local\Temp\ccG3WIcm.s 			page 298


 6549      62DA23DB 
 6549      50FEC3B0 
 6549      4D9A04B1 
 6549      B2BB
 6550 00a4 B24FADF1 		.ascii	"\262O\255\361\335_\340\224\032\303\235/\2138\361!\025"
 6550      DD5FE094 
 6550      1AC39D2F 
 6550      8B38F121 
 6550      15
 6551 00b5 FDF5BAF1 		.ascii	"\375\365\272\361!\2718\330\342\363\204\211(\243\017"
 6551      21B938D8 
 6551      E2F38489 
 6551      28A30F
 6552 00c4 89C51500 		.ascii	"\211\305\025\000R\011\031\263\273\277zL\201d\024\343"
 6552      520919B3 
 6552      BBBF7A4C 
 6552      816414E3 
 6553 00d4 8087AF9B 		.ascii	"\200\207\257\233\335\365yJ7\354\266\213l\357l\011 \277"
 6553      DDF5794A 
 6553      37ECB68B 
 6553      6CEF6C09 
 6553      20BF
 6554 00e6 3A6C4B07 		.ascii	":lK\007\327F]\302\212]~\324\035\201\027\273\254\241"
 6554      D7465DC2 
 6554      8A5D7ED4 
 6554      1D8117BB 
 6554      ACA1
 6555 00f8 2ED997AB 		.ascii	".\331\227\2534l\031\015#\243_dtLF\273\300dt\370\272"
 6555      346C190D 
 6555      23A35F64 
 6555      744C46BB 
 6555      C06474F8 
 6556 010d D50DCEE8 		.ascii	"\325\015\316\3509\243\345\241~\225\321\361N\377\007"
 6556      39A3E5A1 
 6556      7E95D1F1 
 6556      4EFF07
 6557 011c 1480E0B4 		.ascii	"\024\200\340\264\273b\013\226\2251\215\344\270\325_"
 6557      BB620B96 
 6557      95318DE4 
 6557      B8D55F
 6558 012b F568DF7E 		.ascii	"\365h\337~\025\221o\365+\307Lt\251(\235\334\253!,\254"
 6558      15916FF5 
 6558      2BC74C74 
 6558      A9289DDC 
 6558      AB212CAC 
 6559 013f 57ED629F 		.ascii	"W\355b\2372K6\330\247\012\242\013\213\216\002\234x\""
 6559      324B36D8 
 6559      A70AA20B 
 6559      8B8E029C 
 6559      7822
 6560 0151 64CAEE2F 		.ascii	"d\312\356/\301\247I\014Y\027Q\364~\273;\223i\222\212"
 6560      C1A7490C 
 6560      591751F4 
 6560      7EBB3B93 
 6560      69928A
 6561 0164 CAD27250 		.ascii	"\312\322rP\370\031\035\006\361#\2700T\265\361$\005\004"
 6561      F8191D06 
ARM GAS  C:\Users\PUBLIC~1.LAP\AppData\Local\Temp\ccG3WIcm.s 			page 299


 6561      F123B830 
 6561      54B5F124 
 6561      0504
 6562 0176 06BEF456 		.ascii	"\006\276\364V\217\361\3573 \250/=U\217\205Q\324\342"
 6562      8FF1EF33 
 6562      20A82F3D 
 6562      558F8551 
 6562      D4E2
 6563 0188 98D43475 		.ascii	"\230\3244u\3115\0308\364Z\277\275x\212\276\016\004\325"
 6563      C9351838 
 6563      F45ABFBD 
 6563      788ABE0E 
 6563      04D5
 6564 019a 57E4530F 		.ascii	"W\344S\017L=\001w\352\253\364\224\214z\200z\303\223"
 6564      4C3D0177 
 6564      EAABF494 
 6564      8C7A807A 
 6564      C393
 6565 01ac BAB4D781 		.ascii	"\272\264\327\201\267:\215\014^\022\217\270\273E:\003"
 6565      B73A8D0C 
 6565      5E128FB8 
 6565      BB453A03 
 6566 01bc 4A3D3005 		.ascii	"J=0\005\245D\274\342\177\006T\225\372(=%\243\255\035"
 6566      A544BCE2 
 6566      7F065495 
 6566      FA283D25 
 6566      A3AD1D
 6567 01cf 5C1BBB1C 		.ascii	"\\\033\273\034\325\276=\013\247L\2733l|!\037\"\302\277"
 6567      D5BE3D0B 
 6567      A74CBB33 
 6567      6C7C211F 
 6567      22C2BF
 6568 01e2 F12917C5 		.ascii	"\361)\027\305\224}\016\314\201\237\317\342\243\"\245"
 6568      947D0ECC 
 6568      819FCFE2 
 6568      A322A5
 6569 01f1 5163564F 		.ascii	"QcVO\013/jq?7 \025\342`\323\371\351\001s\036j>\035\246"
 6569      0B2F6A71 
 6569      3F372015 
 6569      E260D3F9 
 6569      E901731E 
 6570 0209 1BF0D0EC 		.ascii	"\033\360\320\354\314\034\324j\026\020\020\252\335t~"
 6570      CC1CD46A 
 6570      161010AA 
 6570      DD747E
 6571 0218 A67916EC 		.ascii	"\246y\026\354\344\202t8\370\324d653\032\005Y\015\003"
 6571      E4827438 
 6571      F8D46436 
 6571      35331A05 
 6571      590D03
 6572 022b DA0419AD 		.ascii	"\332\004\031\255\002\315\002\216\014H\250G\026\002w"
 6572      02CD028E 
 6572      0C48A847 
 6572      160277
 6573 023a BBE17864 		.ascii	"\273\341xd9\234l\3076\002(\004\016G\001\355\202m\307"
 6573      399C6CC7 
 6573      36022804 
ARM GAS  C:\Users\PUBLIC~1.LAP\AppData\Local\Temp\ccG3WIcm.s 			page 300


 6573      0E4701ED 
 6573      826DC7
 6574 024d F60127C7 		.ascii	"\366\001'\307\246\206\346\347\326\003\2243\364!\310"
 6574      A686E6E7 
 6574      D6039433 
 6574      F421C8
 6575 025c E6A3539B 		.ascii	"\346\243S\233\315r\036H\310`;^\256\322p\014Oy~\322\025"
 6575      CD721E48 
 6575      C8603B5E 
 6575      AED2700C 
 6575      4F797ED2 
 6576 0271 AE7DE952 		.ascii	"\256}\351R\310\004\006\221\371RK\011*L}6\214*A\000\276"
 6576      C8040691 
 6576      F9524B09 
 6576      2A4C7D36 
 6576      8C2A4100 
 6577 0286 288CED49 		.ascii	"(\214\355I^\240b\212\004\247Lw\321Pc\032\243\300\324"
 6577      5EA0628A 
 6577      04A74C77 
 6577      D150631A 
 6577      A3C0D4
 6578 0299 4595CA01 		.ascii	"E\225\312\001R\250a,&\011bH\015E\"\201\314\244\205\034"
 6578      52A8612C 
 6578      26096248 
 6578      0D452281 
 6578      CCA4851C 
 6579 02ad 700299B1 		.ascii	"p\002\231\2613\307\021\220\265s43\245i\355d\232g\265"
 6579      33C71190 
 6579      B5733433 
 6579      A569ED64 
 6579      9A67B5
 6580 02c0 D6083FEA 		.ascii	"\326\010?\352U\032f\246B\351\220\033C\220~\254\200\260"
 6580      551A66A6 
 6580      42E9901B 
 6580      43907EAC 
 6580      80B0
 6581 02d2 6FD2D734 		.ascii	"o\322\3274\350\332\212=M\255D/8,\206\241\304\304B\011"
 6581      E8DA8A3D 
 6581      4DAD442F 
 6581      382C86A1 
 6581      C4C44209 
 6582 02e6 B8E70FB8 		.ascii	"\270\347\017\270T\030\374\264\365t\217\272)\210\350"
 6582      5418FCB4 
 6582      F5748FBA 
 6582      2988E8
 6583 02f5 5F4BFBF2 		.ascii	"_K\373\362-\300\206\350d\"\360_\317\370\027\300\323"
 6583      2DC086E8 
 6583      6422F05F 
 6583      CFF817C0 
 6583      D3
 6584 0306 042EE800 		.ascii	"\004.\350\000y\037\376\214\346\314\021\222\004y\260"
 6584      791FFE8C 
 6584      E6CC1192 
 6584      0479B0
 6585 0315 8D9DFB2D 		.ascii	"\215\235\373-D5\000\236\342w\300`\036\334T\302\3104"
 6585      4435009E 
 6585      E277C060 
ARM GAS  C:\Users\PUBLIC~1.LAP\AppData\Local\Temp\ccG3WIcm.s 			page 301


 6585      1EDC54C2 
 6585      C834
 6586 0327 1642D9B9 		.ascii	"\026B\331\271\017\214j1\243\325\203\020YxO\220\032\022"
 6586      0F8C6A31 
 6586      A3D58310 
 6586      59784F90 
 6586      1A12
 6587 0339 E7043FFF 		.ascii	"\347\004?\377\307\334v\263K%\375\034^|\260RX~(\"\267"
 6587      C7DC76B3 
 6587      4B25FD1C 
 6587      5E7CB052 
 6587      587E2822 
 6588 034e B0AC4486 		.ascii	"\260\254D\206\2044"
 6588      8434
 6589              		.text
 6590              		.section	.gnu.lto_ald_usb_dev_ep_get_config.part.0.139.840c018b,"e",%progbits
 6591 0000 28B52FFD 		.ascii	"(\265/\375`\310\003]\031\000\306-\241H\260\230M:A!\362"
 6591      60C8035D 
 6591      1900C62D 
 6591      A148B098 
 6591      4D3A4121 
 6592 0015 40BED8D6 		.ascii	"@\276\330\326\032\350\212\332X\207\343\333\372\360\205"
 6592      1AE88ADA 
 6592      5887E3DB 
 6592      FAF085
 6593 0024 0CED1B3B 		.ascii	"\014\355\033;\237Z\216\027\353,3\276\205\216\206,\301"
 6593      9F5A8E17 
 6593      EB2C33BE 
 6593      858E862C 
 6593      C1
 6594 0035 D346DF35 		.ascii	"\323F\3375-zD\321`Iy\256\021\377\206\232\315\305P\003"
 6594      2D7A44D1 
 6594      604979AE 
 6594      11FF869A 
 6594      CDC55003 
 6595 0049 61980001 		.ascii	"a\230\000\0012\357\326\010\331\233\354\235R\206\000"
 6595      32EFD608 
 6595      D99BEC9D 
 6595      528600
 6596 0058 83008A00 		.ascii	"\203\000\212\000\177\002\002}{\003i\201Q\215\224\207"
 6596      7F02027D 
 6596      7B036981 
 6596      518D9487 
 6597 0068 F27F1C88 		.ascii	"\362\177\034\210\356O@v\355B}\301\332\365A8\265\010"
 6597      EE4F4076 
 6597      ED427DC1 
 6597      DAF54138 
 6597      B508
 6598 007a F154E605 		.ascii	"\361T\346\005\352)\370\230zj\337\207\355\240\035\213"
 6598      EA29F898 
 6598      7A6ADF87 
 6598      EDA01D8B 
 6599 008a 64BBCA7D 		.ascii	"d\273\312} v\212\025\021\227\335\215\235N\035\327=\254"
 6599      20768A15 
 6599      1197DD8D 
 6599      9D4E1DD7 
 6599      3DAC
ARM GAS  C:\Users\PUBLIC~1.LAP\AppData\Local\Temp\ccG3WIcm.s 			page 302


 6600 009c 149C52D4 		.ascii	"\024\234R\324\371!\006\006YQ\216zB\017\225^_=\245\323"
 6600      F9210606 
 6600      59518E7A 
 6600      420F955E 
 6600      5F3DA5D3 
 6601 00b0 00BD2250 		.ascii	"\000\275\"Pfw_HP\036\365\222>\301\006R\232\256\004\350"
 6601      66775F48 
 6601      501EF592 
 6601      3EC10652 
 6601      9AAE04E8 
 6602 00c4 1181076E 		.ascii	"\021\201\007nd%\375w\011\2437$%\201\213!\206\335\365"
 6602      6425FD77 
 6602      09A33724 
 6602      25818B21 
 6602      86DDF5
 6603 00d7 774BB7EB 		.ascii	"wK\267\353\266\327\266\316\236A\002\323\311>\270\263"
 6603      B6D7B6CE 
 6603      9E4102D3 
 6603      C93EB8B3 
 6604 00e7 C9AED2B0 		.ascii	"\311\256\322\260*\375\242\322\256*-V\3510\224\256T\232"
 6604      2AFDA2D2 
 6604      AE2A2D56 
 6604      E93094AE 
 6604      549A
 6605 00f9 1EEA07AB 		.ascii	"\036\352\007\253\364\244\322\362R\377c\012L\260\261"
 6605      F4A4D2F2 
 6605      52FF630A 
 6605      4CB0B1
 6606 0108 2B230C98 		.ascii	"+#\014\230e\242Iz\334\352\257\272\264o\277*\310\267"
 6606      65A2497A 
 6606      DCEAAFBA 
 6606      B46FBF2A 
 6606      C8B7
 6607 011a FACF3007 		.ascii	"\372\3170\007\235jj\004\3677^\305x\225\016v\272 G\215"
 6607      9D6A6A04 
 6607      F7375EC5 
 6607      78950E76 
 6607      BA20478D 
 6608 012e 7D224346 		.ascii	"}\"CFQ\010I@\221\225%,\273\276\007\247v\321\302\243"
 6608      51084940 
 6608      9195252C 
 6608      BBBE07A7 
 6608      76D1C2A3 
 6609 0142 34E2F976 		.ascii	"4\342\371vW\246\340K\315\224\247\232\032\235`\331G<"
 6609      57A6E04B 
 6609      CD94A79A 
 6609      1A9D60D9 
 6609      473C
 6610 0154 9576D40C 		.ascii	"\225v\324\014\251( p\300\362\204\330\300\211\247\016"
 6610      A9282070 
 6610      C0F284D8 
 6610      C089A70E 
 6611 0164 0A72CBE1 		.ascii	"\012r\313\341<\214\0324\224h\355\221l\221\3024\247\223"
 6611      3C8C1A34 
 6611      9468ED91 
 6611      6C91C234 
 6611      A793
ARM GAS  C:\Users\PUBLIC~1.LAP\AppData\Local\Temp\ccG3WIcm.s 			page 303


 6612 0176 AFA2D6F9 		.ascii	"\257\242\326\371\337G\010\311\"\222]Lg\235\226\274\255"
 6612      DF4708C9 
 6612      22925D4C 
 6612      679D96BC 
 6612      AD
 6613 0187 1D12AD2D 		.ascii	"\035\022\255-\222\033\305\242[\275\002\323\316&\256"
 6613      921BC5A2 
 6613      5BBD02D3 
 6613      CE26AE
 6614 0196 844ACDE9 		.ascii	"\204J\315\351_\261\030\227\034e\221s\316O\341m\331\266"
 6614      5FB11897 
 6614      1C659173 
 6614      CE4FE16D 
 6614      D9B6
 6615 01a8 63A11077 		.ascii	"c\241\020wq\314\370F~\344\346\3638\005\327\010\313\036"
 6615      71CCF846 
 6615      7EE4E6F3 
 6615      3805D708 
 6615      CB1E
 6616 01ba 5771F554 		.ascii	"Wq\365TN\004T\242\250\230\004\321Z\351\305\366\355\307"
 6616      4E0454A2 
 6616      A89804D1 
 6616      5AE9C5F6 
 6616      EDC7
 6617 01cc EA5FB918 		.ascii	"\352_\271\030}\036>P=\005\260C\313Nn\371\277\273\230"
 6617      7D1E3E50 
 6617      3D05B043 
 6617      CB4E6EF9 
 6617      BFBB98
 6618 01df 3C69AD9C 		.ascii	"<i\255\234NE\244\027\177\352\316\260\223^<\305<\267"
 6618      4E45A417 
 6618      7FEACEB0 
 6618      935E3CC5 
 6618      3CB7
 6619 01f1 DCFC2161 		.ascii	"\334\374!a\273\341\321\251=&j;%\250)\344H\300\221Y\250"
 6619      BBE1D1A9 
 6619      3D266A3B 
 6619      25A829E4 
 6619      48C09159 
 6620 0206 CD22C4FC 		.ascii	"\315\"\304\374\324n7<\3249\021pz|nH\354\324b33\031\215"
 6620      D46E373C 
 6620      D4391170 
 6620      7A7C6E48 
 6620      ECD46233 
 6621 021d 436C3681 		.ascii	"Cl6\201\266!F\353@\363@\023\313\375\350\304R\340n7\\"
 6621      B62146EB 
 6621      40F34013 
 6621      CBFDE8C4 
 6621      52E06E37 
 6622 0232 4EAC0717 		.ascii	"N\254\007\027\303\261\255\310\245\300\321@\240}\260"
 6622      C3B1ADC8 
 6622      A5C0D140 
 6622      A07DB0
 6623 0241 E1D84ED0 		.ascii	"\341\330N\320\330\314\314$\360\334tr6\343\011\037\333"
 6623      D8CCCC24 
 6623      F0DC7472 
 6623      36E3091F 
ARM GAS  C:\Users\PUBLIC~1.LAP\AppData\Local\Temp\ccG3WIcm.s 			page 304


 6623      DB
 6624 0252 CE4D4D26 		.ascii	"\316MM&\263\271\240!\304\301\235M2\273\271\363\225\224"
 6624      B3B9A021 
 6624      C4C19D4D 
 6624      32BBB9F3 
 6624      9594
 6625 0264 4298DC3B 		.ascii	"B\230\334;\250\257\011{\031xR%\215&rw\205h\202\352\252"
 6625      A8AF097B 
 6625      19785225 
 6625      8D267277 
 6625      856882EA 
 6626 0279 62DF1354 		.ascii	"b\337\023T:]KCK@q\376(\313\356\016j8\305y(\274\244\241"
 6626      3A5D4B43 
 6626      4B4071FE 
 6626      28CBEE0E 
 6626      6A38C579 
 6627 0291 4AA8412C 		.ascii	"J\250A,G\0212H\232\011E\302$Qrp\002\231\261;\017\020"
 6627      47113248 
 6627      9A0945C2 
 6627      24517270 
 6627      0299B13B 
 6628 02a7 50886893 		.ascii	"P\210h\223T:d\210\310\356\\\300\205\307#\017v\345r\271"
 6628      543A6488 
 6628      C8EE5CC0 
 6628      85C7230F 
 6628      76E572B9 
 6629 02bb 72168BC2 		.ascii	"r\026\213\302\021\362d\345\275Y\202(XO\241\314\210\362"
 6629      11F264E5 
 6629      BD598228 
 6629      584FA1CC 
 6629      88F2
 6630 02cd 42D19448 		.ascii	"B\321\224H\312\311o\025\315\337X!\274\261\022\037\237"
 6630      CAC96F15 
 6630      CDDF5821 
 6630      BCB1121F 
 6630      9F
 6631 02de A87A0AF1 		.ascii	"\250z\012\361w\212\234\252\2049-\232\207\303\352M\010"
 6631      778A9CAA 
 6631      84392D9A 
 6631      87C3EA4D 
 6631      08
 6632 02ef 31658639 		.ascii	"1e\2069\025Wl\371\324\236Ch\334]\353@\207\342xf\320"
 6632      15576CF9 
 6632      D49E4368 
 6632      DC5DEB40 
 6632      87E27866 
 6633 0304 6F67302A 		.ascii	"og0*\032\332Pu\\\013\030\253\310\327\323P\273z,\212"
 6633      1ADA5075 
 6633      5C0B18AB 
 6633      C8D7D350 
 6633      BB7A2C8A 
 6634 0318 15B93905 		.ascii	"\025\2719\005\340\2774\267oV\322\363\340\361\023\007"
 6634      E0BF34B7 
 6634      6F56D2F3 
 6634      E0F11307 
 6635 0328 783E16EC 		.ascii	"x>\026\354\226]\002G\243\021[x\012"
 6635      965D0247 
ARM GAS  C:\Users\PUBLIC~1.LAP\AppData\Local\Temp\ccG3WIcm.s 			page 305


 6635      A3115B78 
 6635      0A
 6636              		.text
 6637              		.section	.gnu.lto_ald_usb_dev_ep_data_ack.part.0.140.840c018b,"e",%progbits
 6638 0000 28B52FFD 		.ascii	"(\265/\375`\366\001\355\021\000\226\343zH\320\322(\035"
 6638      60F601ED 
 6638      110096E3 
 6638      7A48D0D2 
 6638      281D
 6639 0012 810C7BBB 		.ascii	"\201\014{\273W>|e\336\314\240\346f\330\337\272I]\230"
 6639      573E7C65 
 6639      DECCA0E6 
 6639      66D8DFBA 
 6639      495D98
 6640 0025 0F4E1708 		.ascii	"\017N\027\010\207\023*2\333\033\377\260\216\230\231"
 6640      87132A32 
 6640      DB1BFFB0 
 6640      8E9899
 6641 0034 1DC45FC0 		.ascii	"\035\304_\300\010c\015\357\314\364\024{\206\321\220"
 6641      08630DEF 
 6641      CCF4147B 
 6641      86D190
 6642 0043 7FACB458 		.ascii	"\177\254\264X\252z\310,\364\266\006R\373\226l\"eJ\001"
 6642      AA7AC82C 
 6642      F4B60652 
 6642      FB966C22 
 6642      654A01
 6643 0056 64006000 		.ascii	"d\000`\000`\000\333\341\307$\251%\363EN\031\250\235"
 6643      6000DBE1 
 6643      C724A925 
 6643      F3454E19 
 6643      A89D
 6644 0068 28C7BA6B 		.ascii	"(\307\272k\"\007\322\256\356\344\321\024N\217\366K\330"
 6644      2207D2AE 
 6644      EEE4D114 
 6644      4E8FF64B 
 6644      D8
 6645 0079 A60DED8F 		.ascii	"\246\015\355\217k\266\322u\022\366\206\016\036\037\273"
 6645      6BB6D275 
 6645      12F6860E 
 6645      1E1FBB
 6646 0088 1B3E2A88 		.ascii	"\033>*\210\327\036?M\260\346\1776v\334p:\217\246\225"
 6646      D71E3F4D 
 6646      B0E67F36 
 6646      76DC703A 
 6646      8FA695
 6647 009b 1B4EC3BF 		.ascii	"\033N\303\277\274\341\200\256\000p;_\311\356\236\367"
 6647      BCE180AE 
 6647      00703B5F 
 6647      C9EE9EF7 
 6648 00ab C480E3C9 		.ascii	"\304\200\343\311\014p\320\264\262\273>m\270M\267\275"
 6648      0C70D0B4 
 6648      B2BB3E6D 
 6648      B84DB7BD 
 6649 00bb B22DB353 		.ascii	"\262-\263S@\377vw\255AvL\307\230\376\300\264\276\350"
 6649      40FF7677 
 6649      AD41764C 
ARM GAS  C:\Users\PUBLIC~1.LAP\AppData\Local\Temp\ccG3WIcm.s 			page 306


 6649      C798FEC0 
 6649      B4BEE8
 6650 00ce CF98FE89 		.ascii	"\317\230\376\211$A\215\335\014A\200\254\207\370b\304"
 6650      24418DDD 
 6650      0C4180AC 
 6650      87F862C4 
 6651 00de 77B7BFA3 		.ascii	"w\267\277\243\371<\213\330\246=7K\007\273\203c\300\243"
 6651      F93C8BD8 
 6651      A63D374B 
 6651      07BB8363 
 6651      C0A3
 6652 00f0 BFABD922 		.ascii	"\277\253\331\"\217\027<K\237\036\335\356\242Lb\264h"
 6652      8F173C4B 
 6652      9F1EDDEE 
 6652      A24C62B4 
 6652      68
 6653 0101 1E856FF4 		.ascii	"\036\205o\364\023\265\347f\016\3315r\201d\232\323c\311"
 6653      13B5E766 
 6653      0ED93572 
 6653      81649AD3 
 6653      63C9
 6654 0113 49C0C7EF 		.ascii	"I\300\307\357#\340c\332\264\023\345\\\027\2527;j\213"
 6654      23E063DA 
 6654      B413E55C 
 6654      17AA373B 
 6654      6A8B
 6655 0125 970EFDD6 		.ascii	"\227\016\375\326\343\323k\324\036\240\235\354Y\365S"
 6655      E3D36BD4 
 6655      1EA09DEC 
 6655      59F553
 6656 0134 674FCF96 		.ascii	"gO\317\226\275O\205\254\317\335\325Q\015\362s\300\324"
 6656      BD4F85AC 
 6656      CFDDD551 
 6656      0DF273C0 
 6656      D4
 6657 0145 933852E2 		.ascii	"\2238R\342\311\037\266+|\305\353\264\373A\305Oq\025"
 6657      C91FB62B 
 6657      7CC5EBB4 
 6657      FB41C54F 
 6657      7115
 6658 0157 305FC4E3 		.ascii	"0_\304\343\267><\3666\240\015\370x\325\0209^\366|\336"
 6658      B73E3CF6 
 6658      36A00DF8 
 6658      78D51039 
 6658      5EF67CDE 
 6659 016b 4364C048 		.ascii	"Cd\300H\332\364\217\376\3353\227\374\334\255\300\226"
 6659      DAF48FFE 
 6659      DD3397FC 
 6659      DCADC096 
 6660 017b 4B565085 		.ascii	"KVP\205\35480.\227\232\030\320\005^RZ\250\003\254\024"
 6660      EC38302E 
 6660      979A18D0 
 6660      055E525A 
 6660      A803AC14 
 6661 018f CA882CC6 		.ascii	"\312\210,\306\232\371\374\202\322\212\335\270\300\314"
 6661      9AF9FC82 
 6661      D28ADDB8 
ARM GAS  C:\Users\PUBLIC~1.LAP\AppData\Local\Temp\ccG3WIcm.s 			page 307


 6661      C0CC
 6662 019d B0429514 		.ascii	"\260B\225\024J\325 L\021P1\010U\017T\020XB\031NLH\003"
 6662      4AD5204C 
 6662      11503108 
 6662      550F5410 
 6662      5842194E 
 6663 01b4 7BBD602F 		.ascii	"{\275`/a\014\026\266\\\026d40\226\023U\004W\313%\303"
 6663      610C16B6 
 6663      5C166434 
 6663      30961355 
 6663      0457CB25 
 6664 01c9 B25249A5 		.ascii	"\262RI\245\324\274bd\253\231\314\215k\306\205\205B\255"
 6664      D4BC6264 
 6664      AB99CC8D 
 6664      6BC68585 
 6664      42AD
 6665 01db 102C9860 		.ascii	"\020,\230`;\377m\211Mm>\007\032I\233KQ\205\234j\335"
 6665      3BFF6D89 
 6665      4D6D3E07 
 6665      1A499B4B 
 6665      51859C6A 
 6666 01f0 63609C91 		.ascii	"c`\234\221f\361\030\030\037\0003\353\237]\334\024\011"
 6666      66F11818 
 6666      1F0033EB 
 6666      9F5DDC14 
 6666      09
 6667 0201 B66039E9 		.ascii	"\266`9\351\005\2152\202LF\017;\254\204\303.\025C\212"
 6667      058D3282 
 6667      4C460F3B 
 6667      AC84C32E 
 6667      15438A
 6668 0214 F8953263 		.ascii	"\370\2252c/Xa\252\245\016\006\031s\031H\027>\326<zX"
 6668      2F5861AA 
 6668      A50E0619 
 6668      73194817 
 6668      3ED63C7A 
 6669 0229 92C2F4B3 		.ascii	"\222\302\364\263\324b:\375\200\347*6\305s\206\005~\017"
 6669      D4623AFD 
 6669      80E72A36 
 6669      C5738605 
 6669      7E0F
 6670 023b 080D15E5 		.ascii	"\010\015\025\345tSX\202\266\236P\306"
 6670      74535882 
 6670      B69E50C6 
 6671              		.text
 6672              		.section	.gnu.lto_ald_usb_dev_ep_stall.part.0.141.840c018b,"e",%progbits
 6673 0000 28B52FFD 		.ascii	"(\265/\375`\275\001\345\017\000\206\034hG\340\260*\035"
 6673      60BD01E5 
 6673      0F00861C 
 6673      6847E0B0 
 6673      2A1D
 6674 0012 BB677014 		.ascii	"\273gp\024\351\"\004G\340N\302-`\333M\257\233\302\005"
 6674      E9220447 
 6674      E04EC22D 
 6674      60DB4DAF 
 6674      9BC205
 6675 0025 FC0E190D 		.ascii	"\374\016\031\015\324\023\032\340\374\311\306\373[9\254"
ARM GAS  C:\Users\PUBLIC~1.LAP\AppData\Local\Temp\ccG3WIcm.s 			page 308


 6675      D4131AE0 
 6675      FCC9C6FB 
 6675      5B39AC
 6676 0034 F9EAAFFB 		.ascii	"\371\352\257\373\337\375\275\210\347\007\324D\221\014"
 6676      DFFDBD88 
 6676      E707D444 
 6676      910C
 6677 0042 6211B38C 		.ascii	"b\021\263\214\274\204\327\002\002\334\210\260\337\016"
 6677      BC84D702 
 6677      02DC88B0 
 6677      DF0E
 6678 0050 D97BCB94 		.ascii	"\331{\313\224\002M\000P\000Q\000\277\311\374\261\213"
 6678      024D0050 
 6678      005100BF 
 6678      C9FCB18B 
 6679 0060 BB89B1AB 		.ascii	"\273\211\261\253\023\361\005\317\347\347\003\036\362"
 6679      13F105CF 
 6679      E7E7031E 
 6679      F2
 6680 006d 7D4ADB47 		.ascii	"}J\333Ga{F\2630\246\3319\256\253\2606vZx\354.\370\031"
 6680      617B46B3 
 6680      30A6D939 
 6680      AEABB036 
 6680      765A78EC 
 6681 0084 499CF6A8 		.ascii	"I\234\366\250\222\346K\0340l1\033\036\337\273\332b:"
 6681      92E64B1C 
 6681      306C311B 
 6681      1EDFBBDA 
 6681      623A
 6682 0096 5C055C02 		.ascii	"\\\005\\\002`\260\273\366\310\334\363\266Kl\307l\225"
 6682      60B0BBF6 
 6682      C8DCF3B6 
 6682      4B6CC76C 
 6682      95
 6683 00a7 01F6E5C6 		.ascii	"\001\366\345\306\031[\252U\252?\011\034\240\261\313"
 6683      195BAA55 
 6683      AA3F091C 
 6683      A0B1CB
 6684 00b6 61A7C786 		.ascii	"a\247\307\206\2302j\276\373yW\373\366w3\237\367\236"
 6684      98326ABE 
 6684      FB7957FB 
 6684      F677339F 
 6684      F79E
 6685 00c8 416C7232 		.ascii	"Alr2\177Zt\013\002f\366\233L#,\313\015\004\237\376\216"
 6685      7F5A740B 
 6685      0266F69B 
 6685      4C232CCB 
 6685      0D049FFE 
 6686 00dd 6683E06C 		.ascii	"f\203\340lr8.\317\347\212e\372\342\242\333\335\320@"
 6686      72382ECF 
 6686      E78A65FA 
 6686      E2A2DBDD 
 6686      D040
 6687 00ef 0D49F538 		.ascii	"\015I\3658?\305U\320\002\367p\"j\274I\2114\267\355\010"
 6687      3FC555D0 
 6687      02F77022 
 6687      6ABC4989 
ARM GAS  C:\Users\PUBLIC~1.LAP\AppData\Local\Temp\ccG3WIcm.s 			page 309


 6687      34B7ED08 
 6688 0103 F002DFA3 		.ascii	"\360\002\337\243F\305q\221aQ\035\333\255\277H\361\354"
 6688      46C57191 
 6688      61511DDB 
 6688      ADBF48F1 
 6688      EC
 6689 0114 8A08F92D 		.ascii	"\212\010\371-\356\342\345\233\370\224\373\242c\037\373"
 6689      EEE2E59B 
 6689      F894FBA2 
 6689      631FFB
 6690 0123 62DFE763 		.ascii	"b\337\347c,\221\343\251\216\337\373\307\214\0175V}\026"
 6690      2C91E3A9 
 6690      8EDFFBC7 
 6690      8C0F3556 
 6690      7D16
 6691 0135 3F2FF7DA 		.ascii	"?/\367\332\212\177w\325\034\377v7\250i\216\343\345\306"
 6691      8A7F77D5 
 6691      1CFF7637 
 6691      A8698EE3 
 6691      E5C6
 6692 0147 1101AF0C 		.ascii	"\021\001\257\014\246\025\206i\005(\222SXb\002\215\204"
 6692      A6158669 
 6692      05289253 
 6692      5862028D 
 6692      84
 6693 0158 A898A84A 		.ascii	"\250\230\250J\256\324g\324\310\351\025+\231\254L`\010"
 6693      AED467D4 
 6693      C8E9152B 
 6693      99AC4C60 
 6693      08
 6694 0169 148E2080 		.ascii	"\024\216 \200\240\004\243\007\340H\302h\202\010\204"
 6694      A004A307 
 6694      E048C268 
 6694      820884
 6695 0178 A9A44094 		.ascii	"\251\244@\224\026\213\325B\201\257\026xRi\200\241\264"
 6695      168BD542 
 6695      81AF1678 
 6695      526980A1 
 6695      B4
 6696 0189 4422230A 		.ascii	"D\"#\012\252\223\352DD\012\201H\\\254\024\214\264r\022"
 6696      AA93EA44 
 6696      440A8148 
 6696      5CAC148C 
 6696      B47212
 6697 019c 53AD4AA6 		.ascii	"S\255J\2460$-p`\341r\343\214?\265Xs& p\002Bf\266\015"
 6697      30242D70 
 6697      60E172E3 
 6697      8C3FB558 
 6697      73262070 
 6698 01b5 A5AAC88A 		.ascii	"\245\252\310\212\310F\214\014\011\014\202\213\257\376"
 6698      C8468C0C 
 6698      090C828B 
 6698      AFFE
 6699 01c3 C6912B81 		.ascii	"\306\221+\201\367\260\240V\236\263\227+*\333b\270\245"
 6699      F7B0A056 
 6699      9EB3972B 
 6699      2ADB62B8 
ARM GAS  C:\Users\PUBLIC~1.LAP\AppData\Local\Temp\ccG3WIcm.s 			page 310


 6699      A5
 6700 01d4 06D7D8A4 		.ascii	"\006\327\330\244!D'\022\006~\026P`\236\224\206\255\225"
 6700      21442712 
 6700      067E1650 
 6700      609E9486 
 6700      AD95
 6701 01e6 66D1F8C9 		.ascii	"f\321\370\311\257\270<\0023\013\307\235\034\342\012"
 6701      AFB83C02 
 6701      330BC79D 
 6701      1CE20A
 6702 01f5 57A6560D 		.ascii	"W\246V\015\355\271e\005\342\000\307c\355<\241\217\001"
 6702      EDB96505 
 6702      E200C763 
 6702      ED3CA18F 
 6702      01
 6703              		.text
 6704              		.section	.gnu.lto_ald_usb_dev_ep_stall_clear.part.0.142.840c018b,"e",%progbits
 6705 0000 28B52FFD 		.ascii	"(\265/\375`\036\002\345\020\000\246\336mG\340\222*\035"
 6705      601E02E5 
 6705      1000A6DE 
 6705      6D47E092 
 6705      2A1D
 6706 0012 220891E8 		.ascii	"\"\010\221\350\207\246\262\036K\276}\337\277p\255e,"
 6706      87A6B21E 
 6706      4BBE7DDF 
 6706      BF70AD65 
 6706      2C
 6707 0023 C019A958 		.ascii	"\300\031\251X\020\333\300\0309\024\224\243h\343\375"
 6707      10DBC018 
 6707      391494A3 
 6707      68E3FD
 6708 0032 BB4AE9DA 		.ascii	"\273J\351\332\352\257\025<sk\203\264Y\206[Z\240H\355"
 6708      EAAF153C 
 6708      736B83B4 
 6708      59865B5A 
 6708      A048ED
 6709 0045 1D8D0364 		.ascii	"\035\215\003d\270\027G\017\271\342\211 do\231RS\000"
 6709      B817470F 
 6709      B9E28920 
 6709      646F9952 
 6709      5300
 6710 0057 55005800 		.ascii	"U\000X\000\372\033\037\305S\324\216\2339d\367\306\027"
 6710      FA1B1FC5 
 6710      53D48E9B 
 6710      3964F7C6 
 6710      17
 6711 0068 635747E2 		.ascii	"cWG\342\012\342A\317\005|$<8m\377\204m\232\315\306\270"
 6711      0AE241CF 
 6711      057C243C 
 6711      386DFF84 
 6711      6D9ACDC6 
 6712 007d 66DBB86E 		.ascii	"f\333\270n\302\356\320p\351\261\273\343A9\342\265K\235"
 6712      C2EED070 
 6712      E9B1BBE3 
 6712      4139E2B5 
 6712      4B9D
 6713 008f 357FDEC8 		.ascii	"5\177\336\310\271\311d\270|\357z\223\231\271\006\370"
ARM GAS  C:\Users\PUBLIC~1.LAP\AppData\Local\Temp\ccG3WIcm.s 			page 311


 6713      B9C964B8 
 6713      7CEF7A93 
 6713      99B906F8 
 6714 009f 04A06077 		.ascii	"\004\240`w-\322\334\340m\237\330\226\331\232\0126\375"
 6714      2DD2DCE0 
 6714      6D9FD896 
 6714      D99A0A36 
 6714      FD
 6715 00b0 597EAE14 		.ascii	"Y~\256\024a\177\256\254\261\247zN\265\234j\235\352\213"
 6715      617FAEAC 
 6715      B1A77A4E 
 6715      B59C6A9D 
 6715      EA8B
 6716 00c2 03403576 		.ascii	"\003@5v7\004\371\261 \300\031&\276\373yW\373\366w4\237"
 6716      3704F9B1 
 6716      20C01926 
 6716      BEFB7957 
 6716      FBF67734 
 6717 00d7 F79E4570 		.ascii	"\367\236Epr3{\\t\373!\206v\334L\037l\313\216\201\203"
 6717      72337B5C 
 6717      74FB2186 
 6717      76DC4C1F 
 6717      6CCB8E81 
 6718 00ec FEAE668B 		.ascii	"\376\256f\213p\300\311\371p\211\007Y<S\230\027\335\356"
 6718      70C0C9F9 
 6718      70890759 
 6718      3C539817 
 6718      DDEE
 6719 00fe 7E0A6820 		.ascii	"~\012h ir\312\260\356\004B)'\015\214\227(}<tV\177V\371"
 6719      6972CAB0 
 6719      EE044229 
 6719      270D8C97 
 6719      287D3C74 
 6720 0116 E2256D7E 		.ascii	"\342%m~\323\221sVx\251Rq\274thQ \266[w\361\022wC\204"
 6720      D3917356 
 6720      78A95271 
 6720      BC746851 
 6720      20B65B77 
 6721 012f 7C166F01 		.ascii	"|\026o\001\363K\034\234\013\223c/\013e\341\301KI\"\307"
 6721      F34B1C9C 
 6721      0B93632F 
 6721      0B65E1C1 
 6721      4B4922C7 
 6722 0143 53207EEF 		.ascii	"S ~\357!\276\035:\253\376\212\237\227\273M\305\277\273"
 6722      21BE1D3A 
 6722      ABFE8A9F 
 6722      97BB4DC5 
 6722      BFBB
 6723 0155 EACFC7DD 		.ascii	"\352\317\307\335\013\002\260\013\246\225\005\320\010"
 6723      0B02B00B 
 6723      A69505D0 
 6723      08
 6724 0162 5026A7CF 		.ascii	"P&\247\317\211\011T2\262\202\242*\271R\241Q%'\230\254"
 6724      89095432 
 6724      B282A22A 
 6724      B952A151 
 6724      252798AC 
ARM GAS  C:\Users\PUBLIC~1.LAP\AppData\Local\Temp\ccG3WIcm.s 			page 312


 6725 0176 84B2328D 		.ascii	"\204\2622\215!\320g\344`\004\035\0305\030G\020F\021"
 6725      21D067E4 
 6725      60041D18 
 6725      35184710 
 6725      4611
 6726 0188 44636C25 		.ascii	"Dcl%5\252\264X\254\026j\204\265\306\223\012CL\245%\""
 6726      35AAB458 
 6726      AC166A84 
 6726      B5C6930A 
 6726      434CA525 
 6727 019d 1949509D 		.ascii	"\031IP\235T)\"R\010d\342b\245b$\226\024\231jU2}>\244"
 6727      54292252 
 6727      0864E262 
 6727      A5622496 
 6727      14996A55 
 6728 01b5 040C28D8 		.ascii	"\004\014(\330\326\317\2255\366\330\244\315\3670\023"
 6728      D6CF9535 
 6728      F6D8A4CD 
 6728      F73013
 6729 01c4 2B209082 		.ascii	"+ \220\202\0313\333\006%U\237_D=\031\230\203S\276)\215"
 6729      1933DB06 
 6729      25559F5F 
 6729      443D1998 
 6729      8353BE29 
 6730 01d9 25089609 		.ascii	"%\010\226\011l\023\341\032\273XQG\036\220\330\036\036"
 6730      6C13E11A 
 6730      BB585147 
 6730      1E90D81E 
 6730      1E
 6731 01ea A2CB77EB 		.ascii	"\242\313w\353\012D\005\253\260[|p\233M\242F\364\"a\360"
 6731      0A4405AB 
 6731      B05B7C70 
 6731      9B4DA246 
 6731      F42261F0 
 6732 01fe E88007E6 		.ascii	"\350\200\007\346Kim-5\213\332O~\305\362\010\214,\214"
 6732      4B696D2D 
 6732      358BDA4F 
 6732      7EC5F208 
 6732      8C2C8C
 6733 0211 3B3BC455 		.ascii	";;\304U\\\231Z5\264\347.+\027\007\036\017j\347\011}"
 6733      5C995A35 
 6733      B4E72E2B 
 6733      17071E0F 
 6733      6AE7097D 
 6734 0225 0C       		.ascii	"\014"
 6735              		.text
 6736              		.section	.gnu.lto_ald_usb_dev_ep_status_clear.part.0.143.840c018b,"e",%progbits
 6737 0000 28B52FFD 		.ascii	"(\265/\375`l\003e\025\000\366e\207J\300\324M:Xe\017"
 6737      606C0365 
 6737      1500F665 
 6737      874AC0D4 
 6737      4D3A5865 
 6738 0015 9A2E124D 		.ascii	"\232.\022M{\3120V9\312\331\260M\245\374\226\202\250"
 6738      7BCA3056 
 6738      39CAD9B0 
 6738      4DA5FC96 
 6738      82A8
ARM GAS  C:\Users\PUBLIC~1.LAP\AppData\Local\Temp\ccG3WIcm.s 			page 313


 6739 0027 B5B68A19 		.ascii	"\265\266\212\031\265=\204]F5\264\257\311<NE\344ZC\203"
 6739      B53D845D 
 6739      4635B4AF 
 6739      C93C4E45 
 6739      E45A4383 
 6740 003b 65BD8950 		.ascii	"e\275\211Pw\177\224\350\\\273\204M\233\015\221t\345"
 6740      777F94E8 
 6740      5CBB844D 
 6740      9B0D9174 
 6740      E5
 6741 004c B838CB28 		.ascii	"\2708\313(\326\010!{\357-\223\014n\000j\000o\000\272"
 6741      D608217B 
 6741      EF2D930C 
 6741      6E006A00 
 6741      6F00BA
 6742 005f 244FDDBC 		.ascii	"$O\335\274\226\323\275\000\236\252\\@=\235G\251\247"
 6742      96D3BD00 
 6742      9EAA5C40 
 6742      3D9D47A9 
 6742      A7
 6743 0070 BB77B1BB 		.ascii	"\273w\261\273@+\332hk\273U\347Qh* CE\272[<\225*^;\370"
 6743      402BDA68 
 6743      6BBB55E7 
 6743      51682A20 
 6743      4345BA5B 
 6744 008a 553A2587 		.ascii	"U:%\207\265\375\027S H\217\"\\\320\301\225\024\"r\377"
 6744      B5FD1753 
 6744      20488F22 
 6744      5CD0C195 
 6744      142272FF 
 6745 009e A68C7237 		.ascii	"\246\214r7\256#N?x\340\311E\270\243K\000\270\241\251"
 6745      AE234E3F 
 6745      78E0C945 
 6745      B8A34B00 
 6745      B8A1A9
 6746 00b1 D2DDEF9D 		.ascii	"\322\335\357\235A\340\204\230O\036~1\335\275\267\221"
 6746      41E08498 
 6746      4F1E7E31 
 6746      DDBDB791 
 6747 00c1 F8AEBEBB 		.ascii	"\370\256\276\273%v\267gWV\010\263e\322.\345]Q\336p\362"
 6747      2576B767 
 6747      575608B3 
 6747      65D22EE5 
 6747      5D51DE70 
 6748 00d6 8294F7A3 		.ascii	"\202\224\367\243\274u\362R\312;)\257\234\274|\335\377"
 6748      BC75F252 
 6748      CA3B29AF 
 6748      9CBC7CDD 
 6748      FF
 6749 00e7 93010B74 		.ascii	"\223\001\013t\335!\226$\351\023\024\252\305\233\276"
 6749      DD219624 
 6749      E91314AA 
 6749      C59BBE
 6750 00f6 FB26A07D 		.ascii	"\373&\240}oMv\367L;\032Ch!*\003\247\373\246\332\256"
 6750      6F4D76F7 
 6750      4C3B1A43 
 6750      68212A03 
ARM GAS  C:\Users\PUBLIC~1.LAP\AppData\Local\Temp\ccG3WIcm.s 			page 314


 6750      A7FBA6DA 
 6751 010b C9E9CFD2 		.ascii	"\311\351\317\322\230\350\306\353n\326\012\017\246\235"
 6751      98E8C6EB 
 6751      6ED60A0F 
 6751      A69D
 6752 0119 D4D38EE0 		.ascii	"\324\323\216\340)\357\002}\2116ym\302hE\010\006\346"
 6752      29EF027D 
 6752      8936796D 
 6752      C2684508 
 6752      06E6
 6753 012b EBF62F0E 		.ascii	"\353\366/\016\243\366%\332\206\335\001#X\243\250T\212"
 6753      A3F625DA 
 6753      86DD0123 
 6753      58A3A854 
 6753      8A
 6754 013c 711A804A 		.ascii	"q\032\200J\341\230S\326\030\245\217\027\015\351\361"
 6754      E19853D6 
 6754      18A58F17 
 6754      0DE9F1
 6755 014b 9E52A59C 		.ascii	"\236R\245\234\222\211\334\216ve\2471\202\335(`\3662"
 6755      9289DC8E 
 6755      7665A731 
 6755      82DD2860 
 6755      F632
 6756 015d 3E83C39E 		.ascii	">\203\303\236\305\351l\"!\375Y\235\325S)\345\217]\217"
 6756      C5E96C22 
 6756      21FD599D 
 6756      D55329E5 
 6756      8F5D8F
 6757 0170 952C23DD 		.ascii	"\225,#\335\340\356\016\222,\225%\001\247\252!6\262?"
 6757      E0EE0E92 
 6757      2C952501 
 6757      A7AA2136 
 6757      B23F
 6758 0182 4BBD6479 		.ascii	"K\275dy \267\234\020+\331\367\036J1M5K%\247\277\351"
 6758      20B79C10 
 6758      2BD9F71E 
 6758      4A314D35 
 6758      4B25A7BF 
 6759 0197 CC47F6BB 		.ascii	"\314G\366\273/\003\033\037Y\031J\245\335\007>61\232"
 6759      2F031B1F 
 6759      59194AA5 
 6759      DD073E36 
 6759      319A
 6760 01a9 9D9BBA08 		.ascii	"\235\233\272\010j^`\254\004\257\226\013\312L\303+'\003"
 6760      6A5E60AC 
 6760      04AF960B 
 6760      CA4CC32B 
 6760      2703
 6761 01bb DD1A17D8 		.ascii	"\335\032\027\330\254\207\306&\347%\302\264X\256\007"
 6761      AC87C626 
 6761      E725C2B4 
 6761      58AE07
 6762 01ca 62EB80CB 		.ascii	"b\353\200\313\201\350\212\340\222 #\362\370\334\210"
 6762      81E88AE0 
 6762      922023F2 
 6762      F8DC88
ARM GAS  C:\Users\PUBLIC~1.LAP\AppData\Local\Temp\ccG3WIcm.s 			page 315


 6763 01d9 3AA34C36 		.ascii	":\243L6\326\210\263Q\204\305:\360\350\2142-\256\011"
 6763      D688B351 
 6763      84C53AF0 
 6763      E88C322D 
 6763      AE09
 6764 01eb 31580C47 		.ascii	"1X\014Gf\006\246\365\262#\273\341\231\371\301\351\211"
 6764      6606A6F5 
 6764      B223BBE1 
 6764      99F9C1E9 
 6764      89
 6765 01fc E5D0BC58 		.ascii	"\345\320\274X\254\031\005\015,\354.\177\266LR\261I\333"
 6765      AC19050D 
 6765      2CEC2E7F 
 6765      B64C52B1 
 6765      49DB
 6766 020e 1EC908B8 		.ascii	"\036\311\010\270\322\201\344\033j(W\271\250p\307\007"
 6766      D281E41B 
 6766      6A2857B9 
 6766      A870C707 
 6767 021e 4E3047FD 		.ascii	"N0G\375\240\336O\251U~6\002C\2501X%\215\200\220ID\""
 6767      A0DE4FA9 
 6767      557E3602 
 6767      43A83158 
 6767      258D8090 
 6768 0235 2DB3C506 		.ascii	"-\263\305\006\340\202\221\251\252\003\021\0009\250\320"
 6768      E08291A9 
 6768      AA031100 
 6768      39A8D0
 6769 0244 1899C264 		.ascii	"\030\231\302d\217\003t\236\317\202\362\232l\016X\271"
 6769      8F03749E 
 6769      CF82F29A 
 6769      6C0E58B9 
 6770 0254 92A01F38 		.ascii	"\222\240\0378?\364\003\016\334\215?\030\033\365\033"
 6770      3FF4030E 
 6770      DC8D3F18 
 6770      1BF51B
 6771 0263 4EAD74F0 		.ascii	"N\255t\360\225\012@\236\217\325{\265\215g/+X\254\230"
 6771      950A409E 
 6771      8FD57BB5 
 6771      8D672F2B 
 6771      58AC98
 6772 0276 80D1549E 		.ascii	"\200\321T\236\376\356\261\351\011v\347\234c\021\264"
 6772      FEEEB1E9 
 6772      0976E79C 
 6772      6311B4
 6773 0285 CC86D0CE 		.ascii	"\314\206\320\316h\337\021\177\207\202%,\313\3101\364"
 6773      68DF117F 
 6773      8782252C 
 6773      CBC831F4 
 6774 0295 2CE10B61 		.ascii	",\341\013a\236\316\027h~\310\016\232\367*B\2628AB\205"
 6774      9ECE1768 
 6774      7EC80E9A 
 6774      F72A42B2 
 6774      38414285 
 6775 02a9 5435927E 		.ascii	"T5\222~]\030\332\320^!fd?"
 6775      5D18DAD0 
 6775      5E216664 
ARM GAS  C:\Users\PUBLIC~1.LAP\AppData\Local\Temp\ccG3WIcm.s 			page 316


 6775      3F
 6776              		.text
 6777              		.section	.gnu.lto_ald_usb_host_ep_config.part.0.144.840c018b,"e",%progbits
 6778 0000 28B52FFD 		.ascii	"(\265/\375`\246\011\215,\000\252J0\020Fp\334Q:\207Z"
 6778      60A6098D 
 6778      2C00AA4A 
 6778      30104670 
 6778      DC513A87 
 6779 0015 24E34FB6 		.ascii	"$\343O\266t\021W}\367\036\241a\021Cn\207\024p)4\345"
 6779      7411577D 
 6779      F71EA161 
 6779      11436E87 
 6779      14702934 
 6780 002a D5D5FBFF 		.ascii	"\325\325\373\377\331\3315\257\034\206\251\256f\222Z"
 6780      D9D935AF 
 6780      1C86A9AE 
 6780      66925A
 6781 0039 8CB673DE 		.ascii	"\214\266s\3362\033\347PBY\363\221u<\342\240\204\352"
 6781      321BE750 
 6781      4259F391 
 6781      753CE2A0 
 6781      84EA
 6782 004b 326DFF97 		.ascii	"2m\377\227|\262\267\334I\006\361\000\334\000\351\000"
 6782      7CB2B7DC 
 6782      4906F100 
 6782      DC00E900 
 6783 005b 67D8EE45 		.ascii	"g\330\356E\026\270\345\2778oQ0\026uaD\336{\227\200C"
 6783      16B8E5BF 
 6783      386F5130 
 6783      16756144 
 6783      DE7B9780 
 6784 0070 AC9CA16D 		.ascii	"\254\234\241m\341\027\317[\312L%\215\031\0251)\244|"
 6784      E117CF5B 
 6784      CA4C258D 
 6784      19153129 
 6784      A47C
 6785 0082 29934266 		.ascii	")\223Bf\002\312Y\024(X\365w\215Sd\020\317[\316z\023"
 6785      02CA5914 
 6785      2858F577 
 6785      8D536410 
 6785      CF5BCE7A 
 6786 0097 AC8ABC62 		.ascii	"\254\212\274b]@&\032(\275\023>\331\231h\275\011\026"
 6786      5D40261A 
 6786      28BD133E 
 6786      D99968BD 
 6786      0916
 6787 00a9 E7EE7532 		.ascii	"\347\356u2g\313\275H\003\267\234\341\274\005\236\310"
 6787      67CBBD48 
 6787      03B79CE1 
 6787      BC059EC8 
 6788 00b9 BCAD1732 		.ascii	"\274\255\0272o\231\277\204\231\263\202\334.\326b~s\344"
 6788      6F99BF84 
 6788      99B382DC 
 6788      2ED6627E 
 6788      73E4
 6789 00cb 85CB668D 		.ascii	"\205\313f\215J\236{\257\360\266\201\\\353\276\237\036"
 6789      4A9E7BAF 
ARM GAS  C:\Users\PUBLIC~1.LAP\AppData\Local\Temp\ccG3WIcm.s 			page 317


 6789      F0B6815C 
 6789      EBBE9F1E 
 6790 00db 6FA7CB9D 		.ascii	"o\247\313\2358\323\326\246?-~\235\022#\014\227\327\326"
 6790      38D3D6A6 
 6790      3F2D7E9D 
 6790      12230C97 
 6790      D7D6
 6791 00ed 7D38073F 		.ascii	"}8\007?b\357\211U \222\256\035\224\247\343;\035aT7\300"
 6791      62EF8955 
 6791      2092AE1D 
 6791      94A7E33B 
 6791      1D615437 
 6792 0102 C70C1ECF 		.ascii	"\307\014\036\317\015\3601\003\354'\030\222\256/\212"
 6792      0DF03103 
 6792      EC271892 
 6792      AE2F8A
 6793 0111 AB406557 		.ascii	"\253@eW\216\012\274\367\356\274\214\324\344\362b\373"
 6793      8E0ABCF7 
 6793      EEBC8CD4 
 6793      E4F262FB 
 6794 0121 459D7AB4 		.ascii	"E\235z\264\333\037/\302py\335x\263P\261\302\374\335"
 6794      DB1F2FC2 
 6794      7079DD78 
 6794      B350B1C2 
 6794      FCDD
 6795 0133 7B755E2D 		.ascii	"{u^-*\015\372\017\347\340\336\313/\0069\003\235\371"
 6795      2A0DFA0F 
 6795      E7E0DECB 
 6795      2F063903 
 6795      9DF9
 6796 0145 45CC0C83 		.ascii	"E\314\014\203\371\304\023c\356\217\367\310\227\221{"
 6796      F9C41363 
 6796      EE8FF7C8 
 6796      97917B
 6797 0154 2F0130FC 		.ascii	"/\0010\3740\374\346\274w\353b\374\240\231v\244C\267"
 6797      30FCE6BC 
 6797      77EB62FC 
 6797      A09976A4 
 6797      43B7
 6798 0166 EB880EB6 		.ascii	"\353\210\016\266{\274\004\274\360\305\230\337\345D^"
 6798      7BBC04BC 
 6798      F0C598DF 
 6798      E5445E
 6799 0175 02B7B471 		.ascii	"\002\267\264qG\026\324\215\315\373\240\371\246M\223"
 6799      4716D48D 
 6799      CDFBA0F9 
 6799      A64D93
 6800 0184 C62F15F4 		.ascii	"\306/\025\364\215\237\304\214\224^\312\333O\336w,\242"
 6800      8D9FC48C 
 6800      945ECADB 
 6800      4FDE772C 
 6800      A2
 6801 0195 3D77C64D 		.ascii	"=w\306Myi\217i\241{\370g\347\007E\272\207\373\327c\314"
 6801      79698F69 
 6801      A17BF867 
 6801      E70745BA 
 6801      87FBD763 
ARM GAS  C:\Users\PUBLIC~1.LAP\AppData\Local\Temp\ccG3WIcm.s 			page 318


 6802 01aa AFB77F30 		.ascii	"\257\267\1770[\312J\226r\200$K\031\351\310\250R.\252"
 6802      5BCA4A96 
 6802      7280244B 
 6802      19E9C8A8 
 6802      522EAA
 6803 01bd 940158CA 		.ascii	"\224\001X\312D\226\362\220\245,d)\007Y\312@?K\331W)"
 6803      4496F290 
 6803      A52C6429 
 6803      0759CA40 
 6803      3F4BD957 
 6804 01d2 FF58CABD 		.ascii	"\377X\312\275;\371y\226\362\356Q~\235\245\234;+e\234"
 6804      3BF97996 
 6804      F2EE517E 
 6804      9DA59C3B 
 6804      2B659C
 6805 01e5 699F3CD7 		.ascii	"i\237<\327\227\375])\323\233\375\017\322\257\006|\356"
 6805      97FD5D29 
 6805      D39BFD0F 
 6805      D2AF067C 
 6805      EE
 6806 01f6 95D187CF 		.ascii	"\225\321\207\317=\332.E\236\374\263\2342\237\371Y\262"
 6806      3DDA2E45 
 6806      9EFCB39C 
 6806      329FF959 
 6806      B2
 6807 0207 F8C9A3F1 		.ascii	"\370\311\243\361\216\263n\345\014\253^+(\264\250e\321"
 6807      8EB36EE5 
 6807      0CAB5E2B 
 6807      28B4A865 
 6807      D1
 6808 0218 DADD02D7 		.ascii	"\332\335\002\32740\037\313\025\254s\253\313\327bNM\333"
 6808      34301FCB 
 6808      15AC73AB 
 6808      CBD7624E 
 6808      4DDB
 6809 022a 8C357E0D 		.ascii	"\2145~\015\324\235d\366p6\342\351\353v\003\245\354\270"
 6809      D49D64F6 
 6809      7036E2E9 
 6809      EB7603A5 
 6809      ECB8
 6810 023c A4F1CBF5 		.ascii	"\244\361\313\365\330Mp\014.\275~\366\030\377\264\200"
 6810      D84D700C 
 6810      2EBD7EF6 
 6810      18FFB480 
 6811 024c FFF4DB8C 		.ascii	"\377\364\333\214_*\372\360\261\314'\217\340\250t\353"
 6811      5F2AFAF0 
 6811      B1CC278F 
 6811      E0A874EB 
 6812 025c 35B3D4E1 		.ascii	"5\263\324\341\360\272\3274M\317\256\231A\334M\267\351"
 6812      F0BAD734 
 6812      4DCFAE99 
 6812      41DC4DB7 
 6812      E9
 6813 026d 7AD7D50C 		.ascii	"z\327\325\014O\256\231\251\316\206\330m\356\355\261"
 6813      4FAE99A9 
 6813      CE86D86D 
 6813      EEEDB1
ARM GAS  C:\Users\PUBLIC~1.LAP\AppData\Local\Temp\ccG3WIcm.s 			page 319


 6814 027c 80AFE66B 		.ascii	"\200\257\346kD\360\205\334\326\353\202\355\336\312\264"
 6814      44F085DC 
 6814      D6EB82ED 
 6814      DECAB4
 6815 028b 326FA919 		.ascii	"2o\251\031\027\2352\372\306g\347\232\246\031\337\212"
 6815      179D32FA 
 6815      C667E79A 
 6815      A619DF8A 
 6816 029b F48D81CA 		.ascii	"\364\215\201\3126\345\245\367\336-\\\217\261i\343\206"
 6816      36E5A5F7 
 6816      DE2D5C8F 
 6816      B169E386 
 6817 02ab 35DBA401 		.ascii	"5\333\244\001\246\332\346U\241!\326\265\225\372\254"
 6817      A6DAE655 
 6817      A121D6B5 
 6817      95FAAC
 6818 02ba D1EEB3B9 		.ascii	"\321\356\263\271\230\217k\244)oVP=\314H\\_\316\277\224"
 6818      988F6BA4 
 6818      296F5650 
 6818      3DCC485C 
 6818      5FCEBF94 
 6819 02ce 754E7650 		.ascii	"uNvP\354\362W3\315\\2\275\250\035\250\344b\237\330\237"
 6819      ECF25733 
 6819      CD5C32BD 
 6819      A81DA8E4 
 6819      629FD89F 
 6820 02e2 6D9276A0 		.ascii	"m\222v\240\222\254\006\225J*\020\370\240\331]\373Ic"
 6820      92AC0695 
 6820      4A2A10F8 
 6820      A0D95DFB 
 6820      4963
 6821 02f4 8DA03289 		.ascii	"\215\2402\211\362\216\371\223\0214[\224\017\367\337"
 6821      F28EF993 
 6821      11345B94 
 6821      0FF7DF
 6822 0303 66F867AA 		.ascii	"f\370g\252\3321\210\221{$\303/CoUTW}\202\203\224SU\224"
 6822      DA318891 
 6822      7B24C32F 
 6822      436F5554 
 6822      577D8283 
 6823 031b 69E56138 		.ascii	"i\345a8\325\301VE9]\325\251a\011'\020\303\0208V\000"
 6823      D5C15645 
 6823      395DD5A9 
 6823      61092710 
 6823      C3103856 
 6824 0330 85E06989 		.ascii	"\205\340i\211\301\220\351\200\320\211!\225S\225e\250"
 6824      C190E980 
 6824      D0892195 
 6824      539565A8 
 6825 0340 034F5624 		.ascii	"\003OV$\2348L\015\205\013\230\226\232&\010\231\0224"
 6825      9C384C0D 
 6825      850B9896 
 6825      9A260899 
 6825      1234
 6826 0352 49103651 		.ascii	"I\0206Qh\252\000Axu\"J\030\202HEE\204\022Z\021\205O"
 6826      68AA0041 
 6826      7875224A 
ARM GAS  C:\Users\PUBLIC~1.LAP\AppData\Local\Temp\ccG3WIcm.s 			page 320


 6826      18824845 
 6826      4584125A 
 6827 0369 5223AE42 		.ascii	"R#\256B\020!\030h\262 \365$\365\001\302\206\005L\010"
 6827      10211868 
 6827      B220F524 
 6827      F501C286 
 6827      054C08
 6828 037c AAA8A2AE 		.ascii	"\252\250\242\2566\240\370@Bj\312i\270\264\264\241A\004"
 6828      36A0F840 
 6828      426ACA69 
 6828      B8B4B4A1 
 6828      4104
 6829 038e 0CCC4C5F 		.ascii	"\014\314L_o\377``\261\213\374[\246\371z\014F\2250\264"
 6829      6FFF6060 
 6829      B18BFC5B 
 6829      A6F97A0C 
 6829      469530B4 
 6830 03a2 DE5173E5 		.ascii	"\336Qs\345\031u\222R\367\011\320H\255\324\324,\251\003"
 6830      19759252 
 6830      F709D048 
 6830      ADD4D42C 
 6830      A903
 6831 03b4 345573BA 		.ascii	"4Us\272\033\322\223\244\237#F>h\032\365\321\222\254"
 6831      1BD293A4 
 6831      9F23463E 
 6831      681AF5D1 
 6831      92AC
 6832 03c6 17466417 		.ascii	"\027Fd\027\026C\36787j\256\"Z\264\304\210\267v%;\000"
 6832      1643F738 
 6832      376AAE22 
 6832      5AB4C488 
 6832      B776253B 
 6833 03db 15C032C9 		.ascii	"\025\3002\311\343|y\204\250\231\207\317C\264\3341\324"
 6833      E37C7984 
 6833      A89987CF 
 6833      43B4DC31 
 6833      D4
 6834 03ec CC50BF43 		.ascii	"\314P\277C\325\0145m\013\023j\346\250\333\021Z\202)"
 6834      D50C356D 
 6834      0B136AE6 
 6834      A8DB115A 
 6834      8229
 6835 03fe AFAEC798 		.ascii	"\257\256\307\230W\005,\306\371\265\363Z\340X\303=\316"
 6835      57052CC6 
 6835      F9B5F35A 
 6835      E058C33D 
 6835      CE
 6836 040f 7F414D87 		.ascii	"\177AM\207\330m\016\324\276\016\012\200\326\250qP\346"
 6836      D86D0ED4 
 6836      BE0E0A80 
 6836      D6A87150 
 6836      E6
 6837 0420 90211A11 		.ascii	"\220!\032\021\031)(HA\322\001\340\002\221\241Q\325\001"
 6837      19292848 
 6837      41D201E0 
 6837      0291A151 
 6837      D501
ARM GAS  C:\Users\PUBLIC~1.LAP\AppData\Local\Temp\ccG3WIcm.s 			page 321


 6838 0432 11F034E7 		.ascii	"\021\3604\347\034\242!I\222\354\254\001\004\357\237"
 6838      1CA22149 
 6838      92ECAC01 
 6838      04EF9F
 6839 0441 975D48A2 		.ascii	"\227]H\242\006 \263r\224T\016\020\344\003\271\033\""
 6839      0620B372 
 6839      94540E10 
 6839      E403B91B 
 6839      22
 6840 0452 2DE263A4 		.ascii	"-\342c\244\003[\037\012x\214D\202\204\205\005y8\315"
 6840      035B1F0A 
 6840      788C4482 
 6840      84850579 
 6840      38CD
 6841 0464 5242E358 		.ascii	"RB\343X\276\374\000y\341\177\315\355rVs\2320\017\203"
 6841      BEFC0079 
 6841      E17FCDED 
 6841      7256739A 
 6841      300F83
 6842 0477 62DDE154 		.ascii	"b\335\341T[Z\361\222M\220\207\264\023\010V\331\221\275"
 6842      5B5AF192 
 6842      4D9087B4 
 6842      130856D9 
 6842      91BD
 6843 0489 D6489BB1 		.ascii	"\326H\233\261\2339\021c\373\347>\246\356\216,\323\240"
 6843      9B391163 
 6843      FBE73EA6 
 6843      EE8E2CD3 
 6843      A0
 6844 049a 1ABE643D 		.ascii	"\032\276d=rr\356\374\367\001\270#h\011}\2271\014\242"
 6844      7272EEFC 
 6844      F701B823 
 6844      68097D97 
 6844      310CA2
 6845 04ad E3D462F1 		.ascii	"\343\324b\361X\304R\243\355\026\004z\211\327?\324\235"
 6845      58C452A3 
 6845      ED16047A 
 6845      89D73FD4 
 6845      9D
 6846 04be 7E8C230C 		.ascii	"~\214#\014Dq|\224\311\005YT\270\273\364\243&\275|\247"
 6846      44717C94 
 6846      C9055954 
 6846      B8BBF4A3 
 6846      26BD7CA7 
 6847 04d2 B240771F 		.ascii	"\262@w\037\346\340\\:\033\330\022\214\324\231r\036\224"
 6847      E6E05C3A 
 6847      1BD8128C 
 6847      D499721E 
 6847      94
 6848 04e3 823DA04B 		.ascii	"\202=\240K\313+RT\022\241\276+\227L{h,6R`\217 +*\020"
 6848      CB2B5254 
 6848      12A1BE2B 
 6848      974C7B68 
 6848      2C365260 
 6849 04fc BECEE46F 		.ascii	"\276\316\344o\220\305\014\304^\357\276fYm\233\020\342"
 6849      90C50CC4 
 6849      5EEFBE66 
ARM GAS  C:\Users\PUBLIC~1.LAP\AppData\Local\Temp\ccG3WIcm.s 			page 322


 6849      596D9B10 
 6849      E2
 6850 050d 5DCE17DA 		.ascii	"]\316\027\332\021\352h\002\354\363m\005\\v\275\021\002"
 6850      11EA6802 
 6850      ECF36D05 
 6850      5C76BD11 
 6850      02
 6851 051e CCDA7492 		.ascii	"\314\332t\222N\006)%\237\257\000\324c\312\030;\337\237"
 6851      4E062925 
 6851      9FAF00D4 
 6851      63CA183B 
 6851      DF9F
 6852 0530 255CD738 		.ascii	"%\\\3278\024\003\311E\312ts\246 \\NAT\022\307\314\315"
 6852      1403C945 
 6852      CA7473A6 
 6852      205C4E41 
 6852      5412C7CC 
 6853 0545 C0AF8081 		.ascii	"\300\257\200\201y\022\253M\034\330\327\211\3542G\353"
 6853      7912AB4D 
 6853      1CD8D789 
 6853      EC3247EB 
 6854 0555 9EF8F6AC 		.ascii	"\236\370\366\254\226o\243^\370\317b\375\026\372\007"
 6854      966FA35E 
 6854      F8CF62FD 
 6854      16FA07
 6855 0564 BE2CDBF3 		.ascii	"\276,\333\363\015r\367\206\223\335<\253\226*\363\227"
 6855      0D72F786 
 6855      93DD3CAB 
 6855      962AF397 
 6856 0574 58FDE224 		.ascii	"X\375\342$\252\021\024\031\265K(\017\363X\005\036\033"
 6856      AA111419 
 6856      B54B280F 
 6856      F358051E 
 6856      1B
 6857 0585 5F68BE3C 		.ascii	"_h\276<gE\302(l\013\000S.m\361\202FH\304\012\221\006"
 6857      6745C228 
 6857      6C0B0053 
 6857      2E6DF182 
 6857      4648C40A 
 6858              		.text
 6859              		.section	.gnu.lto_ald_usb_host_ep_data_ack.part.0.145.840c018b,"e",%progbits
 6860 0000 28B52FFD 		.ascii	"(\265/\375`G\001E\016\000\226\332`E\000\221(\035\004"
 6860      60470145 
 6860      0E0096DA 
 6860      60450091 
 6860      281D04
 6861 0013 20589506 		.ascii	" X\225\006\305\015\244\257\357-\360\237\310&\365\324"
 6861      C50DA4AF 
 6861      EF2DF09F 
 6861      C826F5D4 
 6862 0023 929713FD 		.ascii	"\222\227\023\375\240\002)v\020\200\006\221-\322\352"
 6862      A0022976 
 6862      10800691 
 6862      2DD2EA
 6863 0032 7F280870 		.ascii	"\177(\010pS\231\366{\367k\006\255\320\025\323\254\253"
 6863      5399F67B 
 6863      F76B06AD 
ARM GAS  C:\Users\PUBLIC~1.LAP\AppData\Local\Temp\ccG3WIcm.s 			page 323


 6863      D015D3AC 
 6863      AB
 6864 0043 DE22B991 		.ascii	"\336\"\271\221\010\000\024E\035C\354 {o\231RG\000I\000"
 6864      08001445 
 6864      1D43EC20 
 6864      7B6F9952 
 6864      47004900 
 6865 0057 4C001638 		.ascii	"L\000\0268\237\235\027\320>\345=\264O\265}\024\266Y"
 6865      9F9D17D0 
 6865      3EE53DB4 
 6865      4FB57D14 
 6865      B659
 6866 0069 36CD6730 		.ascii	"6\315g0\313\301\240Mc@\203\000X\216\0147vw\373\214$"
 6866      CBC1A04D 
 6866      63408300 
 6866      588E0C37 
 6866      7677FB8C 
 6867 007e 0E3EAA04 		.ascii	"\016>\252\004}\020,\206\313\005\303\343eW\227K\207+"
 6867      7D102C86 
 6867      CB05C3E3 
 6867      6557974B 
 6867      872B
 6868 0090 814B000C 		.ascii	"\201K\000\014v\327\234\327=o[\304\366g\377\025\276\334"
 6868      76D79CD7 
 6868      3D6F5BC4 
 6868      F667FF15 
 6868      BEDC
 6869 00a2 F8624BB5 		.ascii	"\370bK\265J\365\247~8\000bw\303\015\216\0151_\234xx"
 6869      4AF5A77E 
 6869      38006277 
 6869      C30D8E0D 
 6869      315F9C78 
 6870 00b7 FB21CB97 		.ascii	"\373!\313\227\271\3036\353\261\225F\330\225\031\004"
 6870      B9C336EB 
 6870      B19546D8 
 6870      951904
 6871 00c6 9F7E08DA 		.ascii	"\237~\010\332\035\237*^i\013\313lw\271\316+\244\372"
 6871      1D9F2A5E 
 6871      690BCB6C 
 6871      77B9CE2B 
 6871      A4FA
 6872 00d8 183FC555 		.ascii	"\030?\305U\200\217\255\034`7\006\206\213\335\331\207"
 6872      808FAD1C 
 6872      60370686 
 6872      8BDDD987 
 6873 00e8 03ADD8F2 		.ascii	"\003\255\330\362\200\031\017Qc\013\224\010s\227\015"
 6873      80190F51 
 6873      630B9408 
 6873      73970D
 6874 00f7 9B9FB447 		.ascii	"\233\237\264G\215J\203\005\266\2426g\201\302\331\025"
 6874      8D4A8305 
 6874      B6A23667 
 6874      81C2D915 
 6875 0107 F1F165BE 		.ascii	"\361\361e\276\002\345\233\370\224\333Rc\257\322T\332"
 6875      02E59BF8 
 6875      94DB5263 
 6875      AFD254DA 
ARM GAS  C:\Users\PUBLIC~1.LAP\AppData\Local\Temp\ccG3WIcm.s 			page 324


 6876 0117 E7632C11 		.ascii	"\347c,\021\312\250\215/\373a3nd\254\372\263?\274j\215"
 6876      CAA88D2F 
 6876      FB61336E 
 6876      64ACFAB3 
 6876      3FBC6A8D 
 6877 012b 1FBB1BB4 		.ascii	"\037\273\033\264\264\306Q\306\021\016VP\012!q\"#\017"
 6877      B4C651C6 
 6877      110E5650 
 6877      0A217122 
 6877      230F
 6878 013d 8847CA88 		.ascii	"\210G\312\210':1i.\201\220P*\321H\311h\373x\270\016"
 6878      273A3169 
 6878      2E819050 
 6878      2AD148C9 
 6878      68FB78B8 
 6879 0152 C2E649D0 		.ascii	"\302\346I\320=\330:\011\335\004\320\226J1m&\337\351"
 6879      3DD83A09 
 6879      DD04D096 
 6879      4A316D26 
 6879      DFE9
 6880 0164 F49536D4 		.ascii	"\364\2256\324\267\221\274\013)\223\017\364\321Q\360"
 6880      B791BC0B 
 6880      29930FF4 
 6880      D151F0
 6881 0173 481E0928 		.ascii	"H\036\011(\364\361\204\234\234L\251\220\012\211\312"
 6881      F4F1849C 
 6881      9C4CA990 
 6881      0A89CA
 6882 0182 2B118D38 		.ascii	"+\021\2158.\264\300A\205\313\215/\356\004\032\0005\253"
 6882      2EB4C041 
 6882      85CB8D2F 
 6882      EE041A00 
 6882      35AB
 6883 0194 22BB884C 		.ascii	"\"\273\210Lc\244\256\300\270\340\200/\037\032K\265\222"
 6883      63A4AEC0 
 6883      B8E0802F 
 6883      1F1A4BB5 
 6883      92
 6884 01a5 A83D0CD1 		.ascii	"\250=\014\321u\274]\354d\226\000 Le\325\036\220q\015"
 6884      75BC5DEC 
 6884      64960020 
 6884      4C65D51E 
 6884      90710D
 6885 01b8 F76DC2D1 		.ascii	"\367m\302\321\205\217U\236\254\226I\025\332p.\033N\034"
 6885      858F559E 
 6885      AC964915 
 6885      DA702E1B 
 6885      4E1C
 6886 01ca CCE331DB 		.ascii	"\314\3431\333yB\031\003"
 6886      79421903 
 6887              		.text
 6888              		.section	.gnu.lto_ald_usb_host_ep_status_clear.part.0.146.840c018b,"e",%progbits
 6889 0000 28B52FFD 		.ascii	"(\265/\375`8\002}\022\000&#{H\300\322Q:\305\343P\034"
 6889      6038027D 
 6889      12002623 
 6889      7B48C0D2 
 6889      513AC5E3 
ARM GAS  C:\Users\PUBLIC~1.LAP\AppData\Local\Temp\ccG3WIcm.s 			page 325


 6890 0016 226AA249 		.ascii	"\"j\242IT\201\307\242\026\213\275i!\224\005\267\364"
 6890      5481C7A2 
 6890      168BBD69 
 6890      219405B7 
 6890      F4
 6891 0027 D6971AB0 		.ascii	"\326\227\032\260-\336\007I\260\373\360\023\002\303O"
 6891      2DDE0749 
 6891      B0FBF013 
 6891      02C34F
 6892 0036 342DF0D1 		.ascii	"4-\360\32176\350\204\305\301\024\303\012\216&:\216\300"
 6892      3736E884 
 6892      C5C114C3 
 6892      0A8E263A 
 6892      8EC0
 6893 0048 7F035020 		.ascii	"\177\003P \030O\245\266\344\223\275\245L)c\000]\000"
 6893      184FA5B6 
 6893      E493BDA5 
 6893      4C296300 
 6893      5D00
 6894 005a 6400B498 		.ascii	"d\000\264\230\233!xH`LP=\221\277\342,j\037\24295'\321"
 6894      9B217848 
 6894      604C503D 
 6894      91BFE22C 
 6894      6A1FA239 
 6895 0071 53D29C39 		.ascii	"S\322\2349\223KK\370.K>\300\273\214\027\361.\355\253"
 6895      934B4BF8 
 6895      2E4B3EC0 
 6895      BB8C17F1 
 6895      2EEDAB
 6896 0084 B08D6337 		.ascii	"\260\215c7='4y\\\263\233F4\000\370\271\321\242\307\234"
 6896      3D273479 
 6896      5CB39B46 
 6896      3400F8B9 
 6896      D1A2C79C 
 6897 0098 13BCDC12 		.ascii	"\023\274\334\022\257}5\326\374\033=\036\001\321\330"
 6897      AF7D35D6 
 6897      FC1B3D1E 
 6897      01D1D8
 6898 00a7 E9C9F055 		.ascii	"\351\311\360U\365t\270\012xD!\230s\372\363p\313\333"
 6898      F574B80A 
 6898      78442198 
 6898      73FAF370 
 6898      CBDB
 6899 00b9 4EB15D63 		.ascii	"N\261]ck-w\002\233:y\343\222\260\037\347\006\331Q\255"
 6899      6B2D7702 
 6899      9B3A79E3 
 6899      92B01FE7 
 6899      06D951AD 
 6900 00cd 8AEA5454 		.ascii	"\212\352TT\177R\215\212j/\252eT\307\250\336\023\375"
 6900      7F528D8A 
 6900      6A2FAA65 
 6900      54C7A8DE 
 6900      13FD
 6901 00df 1AD50FA0 		.ascii	"\032\325\017\240?-\24599\374\3601E\310\032(\256\273"
 6901      3F2DA539 
 6901      39FCF031 
 6901      45C81A28 
ARM GAS  C:\Users\PUBLIC~1.LAP\AppData\Local\Temp\ccG3WIcm.s 			page 326


 6901      AEBB
 6902 00f1 7D1D8E6F 		.ascii	"}\035\216od\020\333/\302\321\264\301\314\311A\340\322"
 6902      6410DB2F 
 6902      C2D1B4C1 
 6902      CCC941E0 
 6902      D2
 6903 0102 D7D56C90 		.ascii	"\327\325l\220\313\033\323T\347\226\233s\256H\206\212"
 6903      CB1BD354 
 6903      E7969B73 
 6903      AE48868A 
 6904 0112 704A490E 		.ascii	"pJI\016\277K\265q>\024\2536n\273\220[\311\323Em\304"
 6904      BF4BB571 
 6904      3E14AB36 
 6904      6EBB905B 
 6904      C9D3456D 
 6905 0127 B1619763 		.ascii	"\261a\227c\3412\302\317\033a\002Z\232\352d\2711\302"
 6905      E132C2CF 
 6905      1B61025A 
 6905      9AEA64B9 
 6905      31C2
 6906 0139 15FA0E8F 		.ascii	"\025\372\016\217\270_\271\252\343\346\223\243;\357\306"
 6906      B85FB9AA 
 6906      E3E693A3 
 6906      3BEFC6
 6907 0148 FDED83EE 		.ascii	"\375\355\203\356\356\"\335v6\335\331\226\375E\370\315"
 6907      EE22DD76 
 6907      36DDD996 
 6907      FD45F8CD 
 6908 0158 39A2E523 		.ascii	"9\242\345#\335\305\005\377\304e\234:;\346g\336\314\273"
 6908      DDC505FF 
 6908      C4659C3A 
 6908      3BE667DE 
 6908      CCBB
 6909 016a FCAE099C 		.ascii	"\374\256\011\234\221\356|\243\337\207\011\304\322T\377"
 6909      91EE7CA3 
 6909      DF8709C4 
 6909      D254FF
 6910 0179 E8D75DD5 		.ascii	"\350\327]\325\311\307\0056.1\226\231\027\317\006ZP`"
 6910      C9C70536 
 6910      2E319699 
 6910      17CF065A 
 6910      5060
 6911 018b AB9417EB 		.ascii	"\253\224\027\353DdV\341\025CA\272\345\0046\253aq\211"
 6911      446456E1 
 6911      154341BA 
 6911      E50436AB 
 6911      617189
 6912 019e 79812DD6 		.ascii	"y\201-\326\312\305\000d\025p-\000]\016\\\017T@\032\233"
 6912      CAC50064 
 6912      15702D00 
 6912      5D0E5C0F 
 6912      54401A9B 
 6913 01b2 17502694 		.ascii	"\027P&\224\311\302\026p\026\202\260\030\006\032\231"
 6913      C9C21670 
 6913      1682B018 
 6913      061A99
 6914 01c1 50C5C405 		.ascii	"P\305\304\005!\006\213\301\250\254\264X(3\262\027\232"
ARM GAS  C:\Users\PUBLIC~1.LAP\AppData\Local\Temp\ccG3WIcm.s 			page 327


 6914      21068BC1 
 6914      A8ACB458 
 6914      2833B217 
 6914      9A
 6915 01d2 951B989A 		.ascii	"\225\033\230\232X\014\313k\265Z9\240 \202m}\234\033"
 6915      580CCB6B 
 6915      B55A39A0 
 6915      20826D7D 
 6915      9C1B
 6916 01e4 E412DBDA 		.ascii	"\344\022\333\332\034\302\224bU;#\265\336\252\366O\337"
 6916      1CC29462 
 6916      553B23B5 
 6916      DEAAF64F 
 6916      DF
 6917 01f5 A650FB05 		.ascii	"\246P\373\005( `\002BT\311\015\264\322\347\031\346P"
 6917      28206002 
 6917      4254C90D 
 6917      B4D2E719 
 6917      E650
 6918 0207 A2B14016 		.ascii	"\242\261@\026\213\006\033\257\256\254\025y8\000\024"
 6918      8B061BAF 
 6918      AEAC1579 
 6918      380014
 6919 0216 D3847A79 		.ascii	"\323\204zyi\273\371\207\331\265!\003\213\024\364x\205"
 6919      69BBF987 
 6919      D9B52103 
 6919      8B14F478 
 6919      85
 6920 0227 31DD5620 		.ascii	"1\335V k\005V\230\262\024\247\310\030\207\177\322\006"
 6920      6B055698 
 6920      B214A7C8 
 6920      18877FD2 
 6920      06
 6921 0238 64A162E7 		.ascii	"d\241b\347\226g\211\243\375,v'8\020\007\260\234W\307"
 6921      966789A3 
 6921      FD2C7627 
 6921      381007B0 
 6921      9C57C7
 6922 024b BD037011 		.ascii	"\275\003p\021b\316\321Z*\212~\227\031\003"
 6922      62CED15A 
 6922      2A8A7E97 
 6922      1903
 6923              		.text
 6924              		.section	.gnu.lto_ald_usb_host_request_in.part.0.147.840c018b,"e",%progbits
 6925 0000 28B52FFD 		.ascii	"(\265/\375`F\001e\016\000\226\332aG\340\262(\035\223"
 6925      60460165 
 6925      0E0096DA 
 6925      6147E0B2 
 6925      281D93
 6926 0013 01462524 		.ascii	"\001F%$\241q\030G\017\205\251\324\362N0\350\361\212"
 6926      A1711847 
 6926      0F85A9D4 
 6926      F24E30E8 
 6926      F18A
 6927 0025 0DC54D17 		.ascii	"\015\305M\027\014\330\334#\277\011\314\326\314\264S"
 6927      0CD8DC23 
 6927      BF09CCD6 
ARM GAS  C:\Users\PUBLIC~1.LAP\AppData\Local\Temp\ccG3WIcm.s 			page 328


 6927      CCB453
 6928 0034 831098E6 		.ascii	"\203\020\230\346k\377\261p\206\014\247HY\300\022\223"
 6928      6BFFB170 
 6928      860CA748 
 6928      59C01293 
 6929 0044 FF833C00 		.ascii	"\377\203<\000B\241\301\210\026\265\374\202\354\275e"
 6929      42A1C188 
 6929      16B5FC82 
 6929      ECBD65
 6930 0053 4A014800 		.ascii	"J\001H\000I\000M\000\030<\237\237\027\320>\345C\264"
 6930      49004D00 
 6930      183C9F9F 
 6930      17D03EE5 
 6930      43B4
 6931 0065 4FB57D15 		.ascii	"O\265}\025\266]v\316g6\333\301\240\235c\200\203\000"
 6931      B65D76CE 
 6931      6736DBC1 
 6931      A09D6380 
 6931      8300
 6932 0077 103E36F0 		.ascii	"\020>6\360\330\335\3553\2328\370\250\022\364E+h\300"
 6932      D8DDED33 
 6932      9A38F8A8 
 6932      12F4452B 
 6932      68C0
 6933 0089 64343C5E 		.ascii	"d4<^v\205\311\314\\\011\\\002p\260\273\366\320\334\363"
 6933      7685C9CC 
 6933      5C095C02 
 6933      70B0BBF6 
 6933      D0DCF3
 6934 009c B64B6C7F 		.ascii	"\266Kl\177\366g\002\276\334XcK\265J\365\247\206H b7"
 6934      F66702BE 
 6934      DC58634B 
 6934      B54AF5A7 
 6934      86482062 
 6935 00b1 E6478F1D 		.ascii	"\346G\217\0351g\244xx\373\241\313\227\031\304\266\353"
 6935      3167A478 
 6935      78FBA1CB 
 6935      9719C4B6 
 6935      EB
 6936 00c2 B1964E58 		.ascii	"\261\226NX\027\033\012>\375\020\264A>[\334R\230\227"
 6936      171B0A3E 
 6936      FD10B441 
 6936      3E5BDC52 
 6936      9897
 6937 00d4 D9EE7208 		.ascii	"\331\356r\010bF\252\277\361Y\274\005\370X\313\001vo"
 6937      6246AABF 
 6937      F159BC05 
 6937      F858CB01 
 6937      766F
 6938 00e6 62C8D89D 		.ascii	"b\310\330\235\2118\257\370\362\200\034\036\242F\030"
 6938      8938AFF8 
 6938      F2801C1E 
 6938      A24618
 6939 00f5 2BD1E6B0 		.ascii	"+\321\346\260\035\237\037\320\0365*\216\027\032\027"
 6939      1D9F1FD0 
 6939      1E352A8E 
 6939      171A17
ARM GAS  C:\Users\PUBLIC~1.LAP\AppData\Local\Temp\ccG3WIcm.s 			page 329


 6940 0104 DDF98B15 		.ascii	"\335\371\213\025\317.\211\220\217s\027*\037\305\247"
 6940      CF2E8990 
 6940      8F73172A 
 6940      1FC5A7
 6941 0113 5C181D7B 		.ascii	"\\\030\035{\226\306\322>\037\343\211\020Gw|\331\377"
 6941      96C6D23E 
 6941      1FE38910 
 6941      47777CD9 
 6941      FF
 6942 0124 E1C68F1A 		.ascii	"\341\306\217\032\253\376\354\017\257\252\343\307\356"
 6942      ABFEEC0F 
 6942      AFAAE3C7 
 6942      EE
 6943 0131 072FD571 		.ascii	"\007/\325q\224\261\204\003fp\"1q%%\320H\010\213\211"
 6943      94B18403 
 6943      66702231 
 6943      712525D0 
 6943      48088B89 
 6944 0145 47524169 		.ascii	"GRAi>\215\230T,\222\011Ji\013\201\270N\302\006Z\320"
 6944      3E8D9854 
 6944      2C92094A 
 6944      690B81B8 
 6944      4EC2065A 
 6945 015a 45D83A0A 		.ascii	"E\330:\012]\005\321\266bAm)_*\365\2356\325\267\231\274"
 6945      5D05D1B6 
 6945      62416D29 
 6945      5F2AF59D 
 6945      36D5B799 
 6946 016f 0CAB944F 		.ascii	"\014\253\224O$\322Y\360L\336\211h\024\002\221\250\244"
 6946      24D259F0 
 6946      4CDE8968 
 6946      140291A8 
 6946      A4
 6947 0180 50AB51CB 		.ascii	"P\253Q\313\011\313C!\2258n\324\000\302\205\313\2155"
 6947      09CB4321 
 6947      95386ED4 
 6947      00C285CB 
 6947      8D35
 6948 0192 FE041A00 		.ascii	"\376\004\032\0005\253\"\273\210Lc\240\256\300\270\340"
 6948      35AB22BB 
 6948      884C63A0 
 6948      AEC0B8E0 
 6949 01a2 80EF1E1A 		.ascii	"\200\357\036\032G\265\022\250=\010au\2745\354d\254\000"
 6949      47B512A8 
 6949      3D086175 
 6949      BC35EC64 
 6949      AC00
 6950 01b4 2B4CB5D4 		.ascii	"+L\265\324\036\220q\015\367m\302\321\205\217U\236\254"
 6950      1E90710D 
 6950      F76DC2D1 
 6950      858F559E 
 6950      AC
 6951 01c5 964915DA 		.ascii	"\226I\025\332p.\033N\034\314\3431\333yB\031\003"
 6951      702E1B4E 
 6951      1CCCE331 
 6951      DB794219 
 6951      03
ARM GAS  C:\Users\PUBLIC~1.LAP\AppData\Local\Temp\ccG3WIcm.s 			page 330


 6952              		.text
 6953              		.section	.gnu.lto_ald_usb_host_request_in_clear.part.0.148.840c018b,"e",%progbits
 6954 0000 28B52FFD 		.ascii	"(\265/\375`G\001M\016\000\226\032aF\360\260(\035\373"
 6954      6047014D 
 6954      0E00961A 
 6954      6146F0B0 
 6954      281DFB
 6955 0013 9D499587 		.ascii	"\235I\225\207x\253Z\306jz\021\340\217\355\326^\276$"
 6955      78AB5AC6 
 6955      6A7A11E0 
 6955      8FEDD65E 
 6955      BE24
 6956 0025 2E7333B6 		.ascii	".s3\266a\012W\000\252e\304\264\332o\215D\261C\371W\337"
 6956      610A5700 
 6956      AA65C4B4 
 6956      DA6F8D44 
 6956      B143F957 
 6957 003a 449689A9 		.ascii	"D\226\211\251\224\003k~\305(7M\236-\302\374\3019W\000"
 6957      94036B7E 
 6957      C528374D 
 6957      9E2DC2FC 
 6957      C1395700 
 6958 004e 9BC9DE5B 		.ascii	"\233\311\336[\246\024H\000H\000L\000\025<\237\036/\240"
 6958      A6144800 
 6958      48004C00 
 6958      153C9F1E 
 6958      2FA0
 6959 0060 7DCA7768 		.ascii	"}\312wh\237j\373#l\267l\234\317hV\203A\033\307\000\006"
 6959      9F6AFB23 
 6959      6CB76C9C 
 6959      CF685683 
 6959      411BC700 
 6960 0075 0132276E 		.ascii	"\0012'nj\354\356\366\031?\034|T\011\372\241\032\030"
 6960      6AECEEF6 
 6960      193F1C7C 
 6960      5409FAA1 
 6960      1A18
 6961 0087 AF970B8F 		.ascii	"\257\227\013\217\227]_/\033\256\004.\001,\330]{`\356"
 6961      975D5F2F 
 6961      1BAE042E 
 6961      012CD85D 
 6961      7B60EE
 6962 009a 79DB23B6 		.ascii	"y\333#\266?\3730\001\276\3348cK\265J\365\247\312|\304"
 6962      3FFB3001 
 6962      BEDC3863 
 6962      4BB54AF5 
 6962      A7CA7CC4 
 6963 00ae 7633DCB0 		.ascii	"v3\334\260\261\034\246\012\021\017o?l\3712s\330n\035"
 6963      B11CA60A 
 6963      110F6F3F 
 6963      6CF93273 
 6963      D86E1D
 6964 00c1 C65208CB 		.ascii	"\306R\010\313\362\342\343\323\017A\233\343s\305,ui\231"
 6964      F2E2E3D3 
 6964      0F419BE3 
 6964      73C52C75 
 6964      6999
ARM GAS  C:\Users\PUBLIC~1.LAP\AppData\Local\Temp\ccG3WIcm.s 			page 331


 6965 00d3 ED2E7780 		.ascii	"\355.w\200\206H\3651\237\304k\300\303X\016\260\033c"
 6965      8648F531 
 6965      9FC46BC0 
 6965      C3580EB0 
 6965      1B63
 6966 00e5 81627706 		.ascii	"\201bw\006\342\256\350\362\200\234\025Q\243\211\224"
 6966      E2AEE8F2 
 6966      809C1551 
 6966      A38994
 6967 00f4 48F3D78C 		.ascii	"H\363\327\214\026Gi\217\0325FK\014\213\356\374&\305"
 6967      1647698F 
 6967      1A35464B 
 6967      0C8BEEFC 
 6967      26C5
 6968 0106 B3DB01E4 		.ascii	"\263\333\001\344\333\274D\312\017\361)\327E\306~\245"
 6968      DBBC44CA 
 6968      0FF129D7 
 6968      45C67EA5 
 6969 0116 ADB4CFC7 		.ascii	"\255\264\317\307\010\"\264\321\035_\366\307\344\244"
 6969      0822B4D1 
 6969      1D5FF6C7 
 6969      E4A4
 6970 0124 70B1EACF 		.ascii	"p\261\352\317\376\360\252:>\354f\340R\035G\031=8N`\022"
 6970      FEF0AA3A 
 6970      3EEC66E0 
 6970      521D4719 
 6970      3D384E60 
 6971 0139 297123A4 		.ascii	")q#\244OH\207\012\2117B9i6\205\224R\253\021\211\011"
 6971      4F48870A 
 6971      89374239 
 6971      69368594 
 6971      52AB1189 
 6972 014e 69037DB8 		.ascii	"i\003}\270\356\301\366A\3209\330\272\010\235\204\320"
 6972      EEC1F641 
 6972      D039D8BA 
 6972      089D84D0 
 6973 015e A652396D 		.ascii	"\246R9m'\037\012\365\231\266\324\267\225<\013\252\223"
 6973      271F0AF5 
 6973      99B6D4B7 
 6973      953C0BAA 
 6973      93
 6974 016f 2F04D24D 		.ascii	"/\004\322M\360J^IH\004\372\210\240\240N*\321J\311\312"
 6974      F04A5E49 
 6974      4804FA88 
 6974      A0A04E2A 
 6974      D14AC9CA 
 6975 0183 33199138 		.ascii	"3\031\2218N\244\240\001\205\313\2153\366\010\032\000"
 6975      4EA4A001 
 6975      85CB8D33 
 6975      F6081A00 
 6976 0193 35AB22BB 		.ascii	"5\253\"\273\210Lc\244\256\300\270\340\200/\037\032K"
 6976      884C63A4 
 6976      AEC0B8E0 
 6976      802F1F1A 
 6976      4B
 6977 01a4 B592A83D 		.ascii	"\265\222\250=\014\321u\274]\354d\226\000 Le\325\036"
 6977      0CD175BC 
ARM GAS  C:\Users\PUBLIC~1.LAP\AppData\Local\Temp\ccG3WIcm.s 			page 332


 6977      5DEC6496 
 6977      00204C65 
 6977      D51E
 6978 01b6 90710DF7 		.ascii	"\220q\015\367m\302\321\205\217U\236\254\226I\025\332"
 6978      6DC2D185 
 6978      8F559EAC 
 6978      964915DA 
 6979 01c6 702E1B4E 		.ascii	"p.\033N\034\314\3431\333yB\031\003"
 6979      1CCCE331 
 6979      DB794219 
 6979      03
 6980              		.text
 6981              		.section	.gnu.lto_ald_usb_host_reset.part.0.149.840c018b,"e",%progbits
 6982 0000 28B52FFD 		.ascii	"(\265/\375`5\001\345\015\000\006\232^E\000\221(\035"
 6982      603501E5 
 6982      0D00069A 
 6982      5E450091 
 6982      281D
 6983 0012 A0C9C14F 		.ascii	"\240\311\301O\262\231\250\222P\000Gu\357\253\251\255"
 6983      B299A892 
 6983      50004775 
 6983      EFABA9AD 
 6984 0022 A796BC1C 		.ascii	"\247\226\274\034i</)v\000\353Wd\013[\224\037J\026\354"
 6984      693C2F29 
 6984      7600EB57 
 6984      640B5B94 
 6984      1F4A16EC 
 6985 0036 AC423F77 		.ascii	"\254B?w\246\317\240)\274+\373\342\250E\0207\231\200"
 6985      A6CFA029 
 6985      BC2BFBE2 
 6985      A8451037 
 6985      9980
 6986 0048 503B68A9 		.ascii	"P;h\251\275\345\266\367\226)\005F\000E\000I\000\233"
 6986      BDE5B6F7 
 6986      96290546 
 6986      00450049 
 6986      009B
 6987 005a 02F66237 		.ascii	"\002\366b7\006\342\012\235K\265}\024\266U\366\314c1"
 6987      06E20A9D 
 6987      4BB57D14 
 6987      B655F6CC 
 6987      6331
 6988 006c DBC19E3D 		.ascii	"\333\301\236=\343\261!\300\313\014\0268vw^\302\021\367"
 6988      E3B121C0 
 6988      CB0C1638 
 6988      76775EC2 
 6988      11F7
 6989 007e 0E357AFE 		.ascii	"\0165z\376\347\273\321j\321p\370\357\332j\361p\035\360"
 6989      E7BBD16A 
 6989      D170F8EF 
 6989      DA6AF170 
 6989      1DF0
 6990 0090 0880C1EE 		.ascii	"\010\200\301\356\272\343r\313\333\036\261m\262\317\012"
 6990      BAE372CB 
 6990      DB1EB16D 
 6990      B2CF0A
 6991 009f 868F118A 		.ascii	"\206\217\021\212\260\037\027\302\330Q\255Q}\251/\012"
ARM GAS  C:\Users\PUBLIC~1.LAP\AppData\Local\Temp\ccG3WIcm.s 			page 333


 6991      B01F17C2 
 6991      D851AD51 
 6991      7DA92F0A 
 6992 00af 6C7639E4 		.ascii	"lv9\344\260Y\020\022\206\211\277n\377\245\362?w\330"
 6992      B0591012 
 6992      8689BF6E 
 6992      FFA5F23F 
 6992      77D8
 6993 00c1 56DD9552 		.ascii	"V\335\225R\217e\2710p\351\277<\273\343R\305)eY\331\335"
 6993      8F65B930 
 6993      70E9BF3C 
 6993      BBE352C5 
 6993      296559D9 
 6994 00d6 CD3E6258 		.ascii	"\315>bXP\275\012k\011\274\273R\206\033pe\0014\037T\330"
 6994      50BD0A6B 
 6994      09BCBB52 
 6994      861B7065 
 6994      01341F54 
 6995 00eb 0205C6BC 		.ascii	"\002\005\306\274U\243\363\017\316\241\302\333Xqa\351"
 6995      55A3F30F 
 6995      CEA1C2DB 
 6995      587161E9 
 6996 00fb 8D6DEE32 		.ascii	"\215m\3562(\235\335\020\036?\366\025'\277\304e\\\026"
 6996      289DDD10 
 6996      1E3FF615 
 6996      27BFC465 
 6996      5C16
 6997 010d 1A7B1407 		.ascii	"\032{\024\007\305\271<\204$`2z\343\177\377\007\232\023"
 6997      C5B93C84 
 6997      2460327A 
 6997      E37FFF07 
 6997      9A13
 6998 011f 32567DD8 		.ascii	"2V}\330\377\272j\215\357\272\033\254\264&F0\022\021"
 6998      FFBA6A8D 
 6998      EFBA1BAC 
 6998      B4264630 
 6998      1211
 6999 0131 6523212D 		.ascii	"e#!-\204@\227\022\352N\322\243\020\321\011Er\341$4="
 6999      84409712 
 6999      EA4ED2A3 
 6999      10D10945 
 6999      72E12434 
 7000 0146 5AB64198 		.ascii	"Z\266A\230\332\201\355\301\334\"l\022>\263\313P2M\\"
 7000      DA81EDC1 
 7000      DC226C12 
 7000      3EB3CB50 
 7000      324D5C
 7001 0159 A9C48DE6 		.ascii	"\251\304\215\346\211\233\"RJg\342> \333\004\222\210"
 7001      899B2252 
 7001      4A67E23E 
 7001      20DB0492 
 7001      88
 7002 016a 64F20179 		.ascii	"d\362\001y4\021\014\245\222\016\244b\202\"\235\220\204"
 7002      34110CA5 
 7002      920EA462 
 7002      82229D90 
 7002      84
ARM GAS  C:\Users\PUBLIC~1.LAP\AppData\Local\Temp\ccG3WIcm.s 			page 334


 7003 017b B20CB4C0 		.ascii	"\262\014\264\300\001\205\307\2050.\260\012\031\0004"
 7003      0185C785 
 7003      302EB00A 
 7003      190034
 7004 018a 4B915D18 		.ascii	"K\221]\030\246\3410W4\\ \201\305\036\032G\265\022\250"
 7004      A6E13057 
 7004      345C2081 
 7004      C51E1A47 
 7004      B512A8
 7005 019d 3D2C8415 		.ascii	"=,\204\025%c\005Xa\252\245\362\300\263Fp\277&\034]|"
 7005      25630558 
 7005      61AAA5F2 
 7005      C0B34670 
 7005      BF261C5D 
 7006 01b2 ABEE5CB5 		.ascii	"\253\356\\\265\264Gh\300\271B8q0\217\307l\347\011e\014"
 7006      B44768C0 
 7006      B9423871 
 7006      308FC76C 
 7006      E709650C 
 7007              		.text
 7008              		.section	.gnu.lto_ald_usb_host_resume.part.0.150.840c018b,"e",%progbits
 7009 0000 28B52FFD 		.ascii	"(\265/\375`5\001\345\015\000\006\232^E\000\221(\035"
 7009      603501E5 
 7009      0D00069A 
 7009      5E450091 
 7009      281D
 7010 0012 00114323 		.ascii	"\000\021C#D{\333U\363%m\203U\235\273\251\247\226\274"
 7010      447BDB55 
 7010      F3256D83 
 7010      559DBBA9 
 7010      A796BC
 7011 0025 1C693C2F 		.ascii	"\034i</)v\020\240V\221-lQ~(Y\260\263\012\375\334\231"
 7011      297610A0 
 7011      56912D6C 
 7011      517E2859 
 7011      B0B30AFD 
 7012 003b 3E83A6F0 		.ascii	">\203\246\360n\223\013\273\222hn2\001\241v\320R\031"
 7012      6E930BBB 
 7012      92686E32 
 7012      01A176D0 
 7012      5219
 7013 004d 0DB5BDB7 		.ascii	"\015\265\275\267L)F\000E\000I\000\213b\246\305\256\014"
 7013      4C294600 
 7013      45004900 
 7013      8B62A6C5 
 7013      AE0C
 7014 005f C4143A97 		.ascii	"\304\024:\227j\373'l\257\354\232\313b\266\203?\273\306"
 7014      6AFB276C 
 7014      AFEC9ACB 
 7014      62B6833F 
 7014      BBC6
 7015 0071 63038097 		.ascii	"c\003\200\227\032\032l\354\356\274\204#\376\035j\374"
 7015      1A1A6CEC 
 7015      EEBC8423 
 7015      FE1D6AFC 
 7016 0081 7CD0CCCC 		.ascii	"|\320\314\314\325\222\341\360\261\253\253\305\303U\300"
 7016      D592E1F0 
ARM GAS  C:\Users\PUBLIC~1.LAP\AppData\Local\Temp\ccG3WIcm.s 			page 335


 7016      B1ABABC5 
 7016      C355C0
 7017 0090 63C782DD 		.ascii	"c\307\202\335u\307\345\226\267=b\373d\277\025\206\217"
 7017      75C7E596 
 7017      B73D62FB 
 7017      64BF1586 
 7017      8F
 7018 00a1 118AB01F 		.ascii	"\021\212\260\037\027\302\330Q\255Q}\251/\012^\354r\310"
 7018      17C2D851 
 7018      AD517DA9 
 7018      2F0A5EEC 
 7018      72C8
 7019 00b3 81634148 		.ascii	"\201cAH\027&\016\273}\330\312\217\331c{\365\227J=\266"
 7019      17260EBB 
 7019      7DD8CA8F 
 7019      D9637BF5 
 7019      974A3DB6 
 7020 00c7 C5A2C0A5 		.ascii	"\305\242\300\245\017\373l\317\245\212U\312\262\262\273"
 7020      0FFB6CCF 
 7020      A58A55CA 
 7020      B2B2BB
 7021 00d6 AB7DC42A 		.ascii	"\253}\304*\250>\2057\004\337_*\303\015\220\345\000\263"
 7021      A83E8537 
 7021      04DF5F2A 
 7021      C30D90E5 
 7021      00B3
 7022 00e8 1B50E10A 		.ascii	"\033P\341\012\024\030s\227\214\370\017\316\241\302\323"
 7022      14187397 
 7022      8CF80FCE 
 7022      A1C2D3
 7023 00f7 587169E9 		.ascii	"Xqi\351\215\355\3564(\235\335\020\037_v\025(\277\304"
 7023      8DEDEE34 
 7023      289DDD10 
 7023      1F5F7615 
 7023      28BFC4
 7024 010a 655C9618 		.ascii	"e\\\226\030\373\024'\305\271<\204$dh\364\306\217\375"
 7024      FB1427C5 
 7024      B93C8424 
 7024      6468F4C6 
 7024      8FFD
 7025 011c 1F663360 		.ascii	"\037f3`\254\3722?\354\2526\376\353f\300R\233>@\022\031"
 7025      ACFA323F 
 7025      ECAA36FE 
 7025      EB66C052 
 7025      9B3E4012 
 7026 0131 6923A22D 		.ascii	"i#\242-d\200\227\"\362P\322\244\220\021*Eb\341D4?\233"
 7026      64809722 
 7026      F250D2A4 
 7026      90112A45 
 7026      62E14434 
 7027 0147 C63D989B 		.ascii	"\306=\230\233\001\316\301\344 p\021@\323\303P2O\235"
 7027      01CEC1E4 
 7027      20701140 
 7027      D3C35032 
 7027      4F9D
 7028 0159 C9D49126 		.ascii	"\311\324\221&\252\233\243R\212w\352@ \234\204\322\250"
 7028      AA9BA352 
ARM GAS  C:\Users\PUBLIC~1.LAP\AppData\Local\Temp\ccG3WIcm.s 			page 336


 7028      8A77EA40 
 7028      209C84D2 
 7028      A8
 7029 016a 64020A7D 		.ascii	"d\002\012}6\221\013\246\022/\244b\222*\235\220\2104"
 7029      36910BA6 
 7029      122FA462 
 7029      922A9D90 
 7029      8834
 7030 017c 2D94A0C1 		.ascii	"-\224\240\301\204\307\2050&\300\012\031\0004K\221]\030"
 7030      84C78530 
 7030      26C00A19 
 7030      00344B91 
 7030      5D18
 7031 018e A6E13057 		.ascii	"\246\3410W4\\ \201\305\036\032G\265\022\250=,\204\025"
 7031      345C2081 
 7031      C51E1A47 
 7031      B512A83D 
 7031      2C8415
 7032 01a1 25630558 		.ascii	"%c\005Xa\252\245\362\300\263Fp\277&\034]|\253\356\\"
 7032      61AAA5F2 
 7032      C0B34670 
 7032      BF261C5D 
 7032      7CABEE5C 
 7033 01b5 B5B44768 		.ascii	"\265\264Gh\300\271B8q0\217\307l\347\011e\014"
 7033      C0B94238 
 7033      71308FC7 
 7033      6CE70965 
 7033      0C
 7034              		.text
 7035              		.section	.gnu.lto_ald_usb_host_speed_get.part.0.151.840c018b,"e",%progbits
 7036 0000 28B52FFD 		.ascii	"(\265/\375`\372\000U\015\000\326\330\\E\360\262&\035"
 7036      60FA0055 
 7036      0D00D6D8 
 7036      5C45F0B2 
 7036      261D
 7037 0012 903C3417 		.ascii	"\220<4\027+\032&\332\375ZF\254\011\262\364\265c\350"
 7037      2B1A26DA 
 7037      FD5A46AC 
 7037      09B2F4B5 
 7037      63E8
 7038 0024 BC512B89 		.ascii	"\274Q+\211\335\\\203\330tv\032N\230\336ZRI\351\0042"
 7038      DD5C83D8 
 7038      74761A4E 
 7038      98DE5A52 
 7038      49E90432 
 7039 0038 AC3F3695 		.ascii	"\254?6\225\212~\272\317\016\030\227\312\252\217\232"
 7039      8A7EBACF 
 7039      0E1897CA 
 7039      AA8F9A
 7040 0047 09CD5ABF 		.ascii	"\011\315Z\277\377\2665\275\367\2262\245I\000C\000H\000"
 7040      FFB635BD 
 7040      F79632A5 
 7040      49004300 
 7040      4800
 7041 0059 271AD0DC 		.ascii	"'\032\320\334p\015\231sG\036\216^ \036\276\023\210\207"
 7041      700D9973 
 7041      471E8E5E 
ARM GAS  C:\Users\PUBLIC~1.LAP\AppData\Local\Temp\ccG3WIcm.s 			page 337


 7041      201EBE13 
 7041      8887
 7042 006b ABE2DCDF 		.ascii	"\253\342\334\337*\344|}\301@\374E\236\032=/\030\211"
 7042      2AE47C7D 
 7042      C140FC45 
 7042      9E1A3D2F 
 7042      1889
 7043 007d EF1BF110 		.ascii	"\357\033\361\020bB\000\314\365\016\244\220\351yw\015"
 7043      624200CC 
 7043      F50EA490 
 7043      E979770D 
 7044 008d 0183511D 		.ascii	"\001\203Q\035p8R2\347t(v\307\333\256`\033\203\375\011"
 7044      70385232 
 7044      E7742876 
 7044      C7DBAE60 
 7044      1B83FD09 
 7045 00a1 017E2B1E 		.ascii	"\001~+\036~\001\370\320\211\241A~\367\317\370\350\350"
 7045      7E01F8D0 
 7045      89A1417E 
 7045      F7CFF8E8 
 7045      E8
 7046 00b2 31F547F7 		.ascii	"1\365G\367\306\013\377\346\332\330O\275\253\326U\037"
 7046      C60BFFE6 
 7046      DAD84FBD 
 7046      ABD6551F 
 7047 00c2 2A0D02A0 		.ascii	"*\015\002\2409G\024\001\232( \016\026\366\273\026[\344"
 7047      39471401 
 7047      9A28200E 
 7047      16F6BB16 
 7047      5BE4
 7048 00d4 772EB6E8 		.ascii	"w.\266\350\320E\313\214m\277\305s\\\314\275\035\234"
 7048      D045CB8C 
 7048      6DBFC573 
 7048      5CCCBD1D 
 7048      9C
 7049 00e5 2266C480 		.ascii	"\"f\304\200h\350\\\334}\331\336u\311\313\276\274\230"
 7049      68E85CDC 
 7049      7DD9DE75 
 7049      C9CBBEBC 
 7049      98
 7050 00f6 83C6DC1A 		.ascii	"\203\306\334\032\033\360\331\361\037\034\0319\2737>"
 7050      1BF0D9F1 
 7050      1F1C1939 
 7050      BB373E
 7051 0105 49D47DF7 		.ascii	"I\324}\367\014<?\\J\304\243\223\304\257\2565\246\004"
 7051      0C3C3F5C 
 7051      4AC4A393 
 7051      C4AFAE35 
 7051      A604
 7052 0117 8C06D9DE 		.ascii	"\214\006\331\336\016\203Ch\316\032\223\377\342:+\177"
 7052      0E834368 
 7052      CE1A93FF 
 7052      E23A2B7F 
 7053 0127 C5E19B32 		.ascii	"\305\341\2332AfFQ\220Z\265L4\254\234HS\211\224E\220"
 7053      41664651 
 7053      905AB54C 
 7053      34AC9C48 
ARM GAS  C:\Users\PUBLIC~1.LAP\AppData\Local\Temp\ccG3WIcm.s 			page 338


 7053      53899445 
 7054 013c 25061904 		.ascii	"%\006\031\004\231I\310(\234$\313C\212d\331T\252\015"
 7054      9949C828 
 7054      9C24CB43 
 7054      8A64D954 
 7054      AA0D
 7055 014e 45AE3699 		.ascii	"E\2566\231\322:\260X\266S\202\314\202\226\322TN(Si\301"
 7055      D23AB058 
 7055      B65382CC 
 7055      8296D254 
 7055      4E285369 
 7056 0163 06550A0B 		.ascii	"\006U\012\013\365A\245\245\255\230\234\220H(\007\017"
 7056      F541A5A5 
 7056      AD989C90 
 7056      4828070F 
 7057 0173 2ED8D6BF 		.ascii	".\330\326\277\265q\200\230\230\215\365\271\030\025\000"
 7057      B5718098 
 7057      988DF5B9 
 7057      181500
 7058 0182 CE2EA2CF 		.ascii	"\316.\242\317%\316\263b\307n\342\321\375\271\250\305"
 7058      25CEB362 
 7058      C76EE2D1 
 7058      FDB9A8C5 
 7059 0192 C917D7A0 		.ascii	"\311\027\327\240)b\000\362\300\010W\214\015&\334\234"
 7059      296200F2 
 7059      C008578C 
 7059      0D26DC9C 
 7060 01a2 B13AEF40 		.ascii	"\261:\357@c7Q\310N\013\267\232\362Q\347^[\306"
 7060      633751C8 
 7060      4E0BB79A 
 7060      F251E75E 
 7060      5BC6
 7061              		.text
 7062              		.section	.gnu.lto_ald_usb_ep_data_avail.part.0.152.840c018b,"e",%progbits
 7063 0000 28B52FFD 		.ascii	"(\265/\375`\214\001m\017\000\246\235hE\360\260(\035"
 7063      608C016D 
 7063      0F00A69D 
 7063      6845F0B0 
 7063      281D
 7064 0012 05B4E80D 		.ascii	"\005\264\350\015lOY\361*\033\203\032l\372\316\200\355"
 7064      6C4F59F1 
 7064      2A1B831A 
 7064      6CFACE80 
 7064      ED
 7065 0023 1BE59D82 		.ascii	"\033\345\235\202A\341\304\346d&\255\"\343~\207\271\212"
 7065      41E1C4E6 
 7065      6426AD22 
 7065      E37E87B9 
 7065      8A
 7066 0034 52C7E3EE 		.ascii	"R\307\343\356\265\323|\331G\315\311bX\300\002\277.\277"
 7066      B5D37CD9 
 7066      47CDC962 
 7066      58C002BF 
 7066      2EBF
 7067 0046 6FB17149 		.ascii	"o\261qI\254\234<~#{K\231RS\000L\000S\000\277\271\215"
 7067      AC9C3C7E 
 7067      237B4B99 
ARM GAS  C:\Users\PUBLIC~1.LAP\AppData\Local\Temp\ccG3WIcm.s 			page 339


 7067      5253004C 
 7067      005300BF 
 7068 005c E78DDD1B 		.ascii	"\347\215\335\033\235\026\2734\020C\000=\346\211\030"
 7068      9D16BB34 
 7068      1043003D 
 7068      E68918
 7069 006b 06DB7E89 		.ascii	"\006\333~\211\233h\261\007i!dD8\364X\240\261K\343\036"
 7069      9B68B107 
 7069      69216444 
 7069      38F458A0 
 7069      B14BE31E 
 7070 007f 3F1E607B 		.ascii	"?\036`{\204\367\330\036\025\304\275kB\317\317Y\014\205"
 7070      84F7D81E 
 7070      15C4BD6B 
 7070      42CFCF59 
 7070      0C85
 7071 0091 EB71DE40 		.ascii	"\353q\336@\206N\317,&\303\263\343\360C\262\273\006i"
 7071      864ECF2C 
 7071      26C3B3E3 
 7071      F043B2BB 
 7071      0669
 7072 00a3 B8E36D8F 		.ascii	"\270\343m\217\330\356\354\277\010\231;\276\315/\313"
 7072      D8EEECBF 
 7072      08993BBE 
 7072      CD2FCB
 7073 00b2 1D2BD41A 		.ascii	"\035+\324\032\373p\225\306\216\351OLo1\035c\032\302"
 7073      FB7095C6 
 7073      8EE94F4C 
 7073      6F311D63 
 7073      1AC2
 7074 00c4 B4C674C2 		.ascii	"\264\306t\302\3647\262\003\201\233\335\013=<\353!\272"
 7074      F437B203 
 7074      819BDD0B 
 7074      3D3CEB21 
 7074      BA
 7075 00d5 20F1EFF6 		.ascii	" \361\357\366\277\230\217c\016\333\261\333x\037\033"
 7075      BF988F63 
 7075      0EDBB1DB 
 7075      781F1B
 7076 00e4 0A3CFA5F 		.ascii	"\012<\372_\213\315\361h\026{\011\363B\333]\221\200\357"
 7076      8BCDF168 
 7076      167B09F3 
 7076      42DB5D91 
 7076      80EF
 7077 00f6 E40C6A12 		.ascii	"\344\014j\022\231\312\024\262X\235q\324\324M5\206\213"
 7077      99CA14B2 
 7077      589D71D4 
 7077      D44D3586 
 7077      8B
 7078 0107 0CE886B1 		.ascii	"\014\350\206\261A\215\372Q\341\302S!kV\205\2525\"|\205"
 7078      418DFA51 
 7078      E1C25321 
 7078      6B5685AA 
 7078      35227C85 
 7079 011b 6A4853FF 		.ascii	"jHS\377R\223e\315\266\353):\320\356\014\311\3179\012"
 7079      529365CD 
 7079      B6EB293A 
ARM GAS  C:\Users\PUBLIC~1.LAP\AppData\Local\Temp\ccG3WIcm.s 			page 340


 7079      D0EE0CC9 
 7079      CF390A
 7080 012e 09FE8847 		.ascii	"\011\376\210G\27003\366\257\355\265=^\001\210\370r\262"
 7080      B83033F6 
 7080      AFEDB53D 
 7080      5E0188F8 
 7080      72B2
 7081 0140 E6E37CC0 		.ascii	"\346\343|\300\207M\255\241\375\337\003\026Y\205\250"
 7081      874DADA1 
 7081      FDDF0316 
 7081      5985A8
 7082 014f 440752A3 		.ascii	"D\007R\243\220\307JI\013\225\302\332\274\012\251^*\250"
 7082      90C74A49 
 7082      0B95C2DA 
 7082      BC0AA95E 
 7082      2AA8
 7083 0161 92931447 		.ascii	"\222\223\024G\032\211L\012\270\221\001S\002\316\264"
 7083      1A894C0A 
 7083      B8910153 
 7083      02CEB4
 7084 0170 C0C4A0C4 		.ascii	"\300\304\240\304\301VX\034J\347ru+\356\325q\252\326"
 7084      C156581C 
 7084      4AE77275 
 7084      2BEED571 
 7084      AAD6
 7085 0182 04184A57 		.ascii	"\004\030JW\00219h\251Z&\245\023i\024\222\342b\301N,"
 7085      02313968 
 7085      A95A26A5 
 7085      13691492 
 7085      E262C14E 
 7086 0197 262AAD13 		.ascii	"&*\255\023TJ$:\215 x`;\017Wi:r\323\217\316l\177\002"
 7086      544A243A 
 7086      8D207860 
 7086      3B0F5769 
 7086      3A72D38F 
 7087 01af 1D0035AB 		.ascii	"\035\0005\253>{\304\365\015\374e\302\002]#s+M\333\000"
 7087      3E7BC4F5 
 7087      0DFC65C2 
 7087      025D2373 
 7087      2B4DDB00 
 7088 01c3 319A9A03 		.ascii	"1\232\232\003]\275\304\231e\245\202\333\203\245\017"
 7088      5DBDC499 
 7088      65A582DB 
 7088      83A50F
 7089 01d2 83A06BA2 		.ascii	"\203\240k\242\224M\354\272\360A*06\253}I\260\201Usu"
 7089      944DECBA 
 7089      F0412A30 
 7089      36AB7D49 
 7089      B0815573 
 7090 01e7 86807B37 		.ascii	"\206\200{7\207\305\316\260\221\032H\363\350k\013\036"
 7090      87C5CEB0 
 7090      911A48F3 
 7090      E86B0B1E 
 7091              		.text
 7092              		.section	.gnu.lto_ald_usb_ep_data_toggle_clear.part.0.153.840c018b,"e",%progbits
 7093 0000 28B52FFD 		.ascii	"(\265/\375`\277\001\345\017\000\326\034iG\340\260*\035"
 7093      60BF01E5 
ARM GAS  C:\Users\PUBLIC~1.LAP\AppData\Local\Temp\ccG3WIcm.s 			page 341


 7093      0F00D61C 
 7093      6947E0B0 
 7093      2A1D
 7094 0012 40501E64 		.ascii	"@P\036d\3070\244a\325(\2632\270o\235\210\031O\345\010"
 7094      C730A461 
 7094      D528B332 
 7094      B86F9D88 
 7094      194FE508 
 7095 0026 EC186C44 		.ascii	"\354\030lDQ\312\000\376\263=\3245\277\265s\313Ay\357"
 7095      51CA00FE 
 7095      B33DD435 
 7095      BFB573CB 
 7095      4179EF
 7096 0039 AAF7656A 		.ascii	"\252\367ej:\234\007\367\024\220\005\220\035\344%4\216"
 7096      3A9C07F7 
 7096      14900590 
 7096      1DE42534 
 7096      8E
 7097 004a 14F28E84 		.ascii	"\024\362\216\204s\273\310&[\246\024O\000R\000R\0000"
 7097      73BBC826 
 7097      5BA6144F 
 7097      00520052 
 7097      0030
 7098 005c 07D8B5C9 		.ascii	"\007\330\265\311\211\261{\0131\006\317\347\347\005\016"
 7098      89B17B0B 
 7098      3106CFE7 
 7098      E7050E
 7099 006b F27D7AB6 		.ascii	"\362}z\266\237\302v\314\326\371\255f_,\263u\014t\020"
 7099      9FC276CC 
 7099      D6F9AD66 
 7099      5F2CB375 
 7099      0C7410
 7100 007e 30B363D9 		.ascii	"0\263c\331\331]\360S\226\270\354R=\231/\332\271A\203"
 7100      D95DF053 
 7100      96B8EC52 
 7100      3D992FDA 
 7100      B94183
 7101 0091 E17079DD 		.ascii	"\341py\335\225\006\023s%p\017\200\203\335\265G\346\236"
 7101      95061373 
 7101      25700F80 
 7101      83DDB547 
 7101      E69E
 7102 00a3 B74D62FB 		.ascii	"\267Mb\373e\353\027\276\267\222\306\366\324\352\251"
 7102      65EB17BE 
 7102      B792C6F6 
 7102      D4EAA9
 7103 00b2 3F354482 		.ascii	"?5D\202\234]\017=v\254\210)\003\305q\177\356j\337>."
 7103      9C5D0F3D 
 7103      76AC8829 
 7103      03C5717F 
 7103      EE6ADF3E 
 7104 00c7 E6E7AEF3 		.ascii	"\346\347\256\363\307\215\015\346\017\313mg^b\257\301"
 7104      C78D0DE6 
 7104      0FCB6D67 
 7104      5E62AFC1 
 7105 00d7 74C2AED4 		.ascii	"t\302\256\324P\360\351\343d\366\307\214\033\033\017"
 7105      50F0E9E3 
ARM GAS  C:\Users\PUBLIC~1.LAP\AppData\Local\Temp\ccG3WIcm.s 			page 342


 7105      64F6C78C 
 7105      1B1B0F
 7106 00e6 96E753C5 		.ascii	"\226\347S\3050ui\271\355nx\000g\244z\033_\305W\310^"
 7106      307569B9 
 7106      ED6E7800 
 7106      67A47A1B 
 7106      5FC557C8 
 7107 00fb 0B1EB003 		.ascii	"\013\036\260\003!U\302@\2215\247\345\310\335\216\340"
 7107      2155C240 
 7107      9135A7E5 
 7107      C8DD8EE0 
 7108 010b BB54A936 		.ascii	"\273T\2516ZdVtg{\365\027(\236\335\021!\037\347.Z\376"
 7108      5A645674 
 7108      677BF517 
 7108      289EDD11 
 7108      211FE72E 
 7109 0121 894F6F5D 		.ascii	"\211Oo]p\354_\337\353\373\274\224&l9\335\371\272\377"
 7109      70EC5FDF 
 7109      EBFBBC94 
 7109      266C39DD 
 7109      F9BAFF
 7110 0134 C32E86C6 		.ascii	"\303.\206\306\252\337\342\317\331>c\361\343\256\252"
 7110      AADFE2CF 
 7110      D93E63F1 
 7110      E3AEAA
 7111 0143 C3AFDD0F 		.ascii	"\303\257\335\017f\252\303\322\223$\034-\015\245T\206"
 7111      66AAC3D2 
 7111      93241C2D 
 7111      0DA55486 
 7112 0153 6906A711 		.ascii	"i\006\247\021SHR\002\211\200\244\224\214$\026\352\363"
 7112      53485202 
 7112      8980A494 
 7112      8C2416EA 
 7112      F3
 7113 0164 49C4D47A 		.ascii	"I\304\324z\221JR%0\004\012E\011 h\201\030\001\024)\210"
 7113      914A5225 
 7113      30040A45 
 7113      09206881 
 7113      18011429 
 7114 0179 1544A02B 		.ascii	"\025D\240+\005\005\236\254T\252\325\011l\255@\323\270"
 7114      05059EAC 
 7114      54AAD509 
 7114      6CAD40D3 
 7114      B8
 7115 018a C175B212 		.ascii	"\301u\262\022\205\210\026F\323h\"\032\205@#,\025\312"
 7115      85881646 
 7115      D368221A 
 7115      8540232C 
 7115      15CA
 7116 019c 35523179 		.ascii	"5R1y\215)R)\014G\015 \\\270\267\222\306\237\231\234"
 7116      8D295229 
 7116      0C470D20 
 7116      5CB8B792 
 7116      C69F999C 
 7117 01b0 05252080 		.ascii	"\005% \200\002*\263\316\001\245\252\310\217\310F\214"
 7117      022AB3CE 
 7117      01A5AAC8 
ARM GAS  C:\Users\PUBLIC~1.LAP\AppData\Local\Temp\ccG3WIcm.s 			page 343


 7117      8FC8468C 
 7118 01c0 0D090C82 		.ascii	"\015\011\014\202\003_\036\215\345+\211mb:+\322X\241"
 7118      035F1E8D 
 7118      E52B896D 
 7118      623A2BD2 
 7118      58A1
 7119 01d2 1555B636 		.ascii	"\025U\2666\334\302\301]6m\210\214\315\360\3701\340\201"
 7119      DCC2C15D 
 7119      366D888C 
 7119      CDF0F831 
 7119      E081
 7120 01e4 F9296D5B 		.ascii	"\371)m[\353\315\242\367\223[\361<\006F\226\306\235\032"
 7120      EBCDA2F7 
 7120      935BF13C 
 7120      064696C6 
 7120      9D1A
 7121 01f6 E2EA57A6 		.ascii	"\342\352W\246&\010f\243\346 \302\003w^K\307"
 7121      260866A3 
 7121      E620C203 
 7121      775E4BC7 
 7122              		.text
 7123              		.section	.gnu.lto_ald_usb_ep_status.part.0.154.840c018b,"e",%progbits
 7124 0000 28B52FFD 		.ascii	"(\265/\375`\371\001m\021\000\306\241vG\360\320&\035"
 7124      60F9016D 
 7124      1100C6A1 
 7124      7647F0D0 
 7124      261D
 7125 0012 AD8BE1DD 		.ascii	"\255\213\341\335|^v\354\234I\346\334\312\355\374\365"
 7125      7C5E76EC 
 7125      9C49E6DC 
 7125      CAEDFCF5 
 7126 0022 E8697A87 		.ascii	"\350iz\207\212f\314s\274\343\024\274\2543\250\275\362"
 7126      8A66CC73 
 7126      BCE314BC 
 7126      AC33A8BD 
 7126      F2
 7127 0033 B9883E2B 		.ascii	"\271\210>+\024\253rB!W\017\230>;\314-!\246QyZ\304\233"
 7127      14AB7242 
 7127      21570F98 
 7127      3E3BCC2D 
 7127      21A65179 
 7128 004a 6396F63D 		.ascii	"c\226\366=\2164\262\211\224)\005_\000X\000a\000\266"
 7128      8E34B289 
 7128      9429055F 
 7128      00580061 
 7128      00B6
 7129 005c 712C7370 		.ascii	"q,sp\302\3355\205\330R\316\013}\0263\200]\241\243\026"
 7129      C2DD3585 
 7129      D852CE0B 
 7129      7D163380 
 7129      5DA1A316 
 7130 0070 BBA18825 		.ascii	"\273\241\210%x\217\031\004\333`\333/q\0237\216qa\210"
 7130      788F1904 
 7130      DB60DB2F 
 7130      7113378E 
 7130      716188
 7131 0083 0E263E48 		.ascii	"\016&>H(n\354\206\337c\201\013\350\036\271\203t\217"
ARM GAS  C:\Users\PUBLIC~1.LAP\AppData\Local\Temp\ccG3WIcm.s 			page 344


 7131      286EEC86 
 7131      DF63810B 
 7131      E81EB983 
 7131      748F
 7132 0095 0AE2B16B 		.ascii	"\012\342\261kr1\377\264\253\000\331X\350\354X\270v\354"
 7132      7231FFB4 
 7132      AB00D958 
 7132      E8EC58B8 
 7132      76EC
 7133 00a7 F03C039C 		.ascii	"\360<\003\234+)\330]{=w\274m\024\333\025\354L\020Y\263"
 7133      2B29D85D 
 7133      7B3D77BC 
 7133      6D14DB15 
 7133      EC4C1059 
 7134 00bc 72FAC13E 		.ascii	"r\372\301>\267\273k\005\262\273\264\327\245K1\335\305"
 7134      B7BB6B05 
 7134      B2BBB4D7 
 7134      A54B31DD 
 7134      C5
 7135 00cd 748C698E 		.ascii	"t\214i\216KkL'\227~G\372\234\220v5\344\260\355OtA\342"
 7135      4B6B4C27 
 7135      977E47FA 
 7135      9C907635 
 7135      E4B0ED4F 
 7136 00e4 457FF8B4 		.ascii	"E\177\370\264o?\204\371E\247\331\303\260\013\301>\223"
 7136      6F3F84F9 
 7136      45A7D9C3 
 7136      B00BC13E 
 7136      93
 7137 00f5 4114F4F0 		.ascii	"A\024\364\360\306\343q@\206\224}\242\241\330\227\303"
 7137      C6E37140 
 7137      86947DA2 
 7137      A1D897C3 
 7138 0105 3E6906D1 		.ascii	">i\006\321,i74\360h\031\3571\0379xbl\326\354\351\213"
 7138      2C693734 
 7138      F06819EF 
 7138      311F3978 
 7138      626CD6EC 
 7139 011b 5EF223CB 		.ascii	"^\362#\313\232vZ\322\322Q\324\324NCj\340\364|\334H\035"
 7139      9A765AD2 
 7139      D251D4D4 
 7139      4E436AE0 
 7139      F47CDC48 
 7140 0130 A75109D0 		.ascii	"\247Q\011\320\300`\273\2207\253r\340W\250\376\205\210"
 7140      C060BB90 
 7140      37AB72E0 
 7140      57A8FE85 
 7140      88
 7141 0141 6BEA716E 		.ascii	"k\352qn\262\274\331\236p#\226\267\353\341\304Oq\025"
 7141      B2BCD99E 
 7141      702396B7 
 7141      EBE1C44F 
 7141      7115
 7142 0153 2D7FC423 		.ascii	"-\177\304#\2679I\373\231n\246{\274\236\366x\363\201"
 7142      B73949FB 
 7142      996EA67B 
 7142      BC9EF678 
ARM GAS  C:\Users\PUBLIC~1.LAP\AppData\Local\Temp\ccG3WIcm.s 			page 345


 7142      F381
 7143 0165 81638896 		.ascii	"\201c\210\226\267\364Od\315\237\335\013d\001.\232\227"
 7143      B7F44F64 
 7143      CD9FDD0B 
 7143      64012E9A 
 7143      97
 7144 0176 EAE5EA6C 		.ascii	"\352\345\352l\302B\2622\241\250N# 5-\340\212\214Kg\226"
 7144      C242B232 
 7144      A1A84E23 
 7144      20352DE0 
 7144      8A8C4B67 
 7145 018b 91958B66 		.ascii	"\221\225\213f\245\005F\365\235\234L(\225\357T\202j\360"
 7145      A50546F5 
 7145      9D9C4C28 
 7145      95EF5482 
 7145      6AF0
 7146 019d A11CA01E 		.ascii	"\241\034\240\036\244|\257\032\227/\246\305b\265X>W\353"
 7146      A47CAF1A 
 7146      972FA6C5 
 7146      62B5583E 
 7146      57EB
 7147 01af 5B81145E 		.ascii	"[\201\024^1\255\024\021\024\004p\005\276\244\244NN$"
 7147      31AD1411 
 7147      14047005 
 7147      BEA4A44E 
 7147      4E24
 7148 01c1 322C9757 		.ascii	"2,\227W\312\346\205\006\204YQ\231L\251\003\014\"\330"
 7148      CAE68506 
 7148      84595199 
 7148      4CA9030C 
 7148      22D8
 7149 01d3 CE73AB40 		.ascii	"\316s\253@F`d\343\226%\365T\307\266\247%?2\2259! \200"
 7149      466064E3 
 7149      9625F554 
 7149      C7B6A725 
 7149      3F329539 
 7150 01ea 0229B373 		.ascii	"\002)\263s\014%\252>\207\210:R(&a\332-X\007!\003k\033"
 7150      0C25AA3E 
 7150      87883A52 
 7150      282661DA 
 7150      2D580721 
 7151 0201 CE5367A8 		.ascii	"\316Sg\250\024\340\005\013\211\331\030,\256\022\036"
 7151      14E0050B 
 7151      89D9182C 
 7151      AE121E
 7152 0210 32CB1D86 		.ascii	"2\313\035\206B\230L\020!\330;\226\207;\015\033\020\330"
 7152      42984C10 
 7152      21D83B96 
 7152      873B0D1B 
 7152      10D8
 7153 0222 3924B596 		.ascii	"9$\265\226}\256\022\302{\207a\261\213M:Z\267\367\004"
 7153      7DAE12C2 
 7153      7B8761B1 
 7153      8B4D3A5A 
 7153      B7F704
 7154 0235 8307     		.ascii	"\203\007"
 7155              		.text
ARM GAS  C:\Users\PUBLIC~1.LAP\AppData\Local\Temp\ccG3WIcm.s 			page 346


 7156              		.section	.gnu.lto_ald_usb_fifo_config_get.part.0.155.840c018b,"e",%progbits
 7157 0000 28B52FFD 		.ascii	"(\265/\375`\013\004\205\032\000\246\260\251H\240\330"
 7157      600B0485 
 7157      1A00A6B0 
 7157      A948A0D8 
 7158 0010 4D3A39EE 		.ascii	"M:9\356\265\006\354Q\362\323G\316\274'-C\261\347\027"
 7158      B506EC51 
 7158      F2D347CE 
 7158      BC272D43 
 7158      B1E717
 7159 0023 E38629DC 		.ascii	"\343\206)\3347\246z\312\002\222|l{\037\332\242\324\323"
 7159      37A67ACA 
 7159      02927C6C 
 7159      7B1FDAA2 
 7159      D4D3
 7160 0035 F3EB136D 		.ascii	"\363\353\023m\236\307*\334`\2217_\200\016E\332\303Z"
 7160      9EC72ADC 
 7160      6091375F 
 7160      800E45DA 
 7160      C35A
 7161 0047 80D191A9 		.ascii	"\200\321\221\251\376\217W{\246\265\275\211\224)\005"
 7161      FE8F577B 
 7161      A6B5BD89 
 7161      942905
 7162 0056 91008600 		.ascii	"\221\000\206\000\223\000;\330chOq\3611\245\024\316\246"
 7162      93003BD8 
 7162      63684F71 
 7162      F131A514 
 7162      CEA6
 7163 0068 D30F1747 		.ascii	"\323\017\027G\260G/\275\207RH5a\240\250\261\322\243"
 7163      B0472FBD 
 7163      87524835 
 7163      61A0A8B1 
 7163      D2A3
 7164 007a 7A297FC7 		.ascii	"z)\177\307y\364\336C\311/sJm12'\025\316\2431\300\036"
 7164      79F4DE43 
 7164      C92F734A 
 7164      6D313227 
 7164      15CEA331 
 7165 0090 6F3E403E 		.ascii	"o>@>\206\017 \037\355\347\260\275dS9U\324Da\233J\215"
 7165      860F201F 
 7165      EDE7B0BD 
 7165      64533955 
 7165      D444619B 
 7166 00a6 08591491 		.ascii	"\010Y\024\221+-s\316\332\343\322x\3572\206\253\257\236"
 7166      2B2D73CE 
 7166      DAE3D278 
 7166      EF3286AB 
 7166      AF9E
 7167 00b8 1FA10493 		.ascii	"\037\241\004\223\0370\304\345\313\301\017\270\342Q\177"
 7167      1F30C4E5 
 7167      CBC10FB8 
 7167      E2517F
 7168 00c7 40150F61 		.ascii	"@\025\017a\200*\2762\300\246\360f\316y\255k\011 \223"
 7168      802ABE32 
 7168      C0A6F066 
 7168      CE79AD6B 
ARM GAS  C:\Users\PUBLIC~1.LAP\AppData\Local\Temp\ccG3WIcm.s 			page 347


 7168      092093
 7169 00da 2A80BF5E 		.ascii	"*\200\277^\016\346\234\206\261\270a\267Md\273g\2076"
 7169      0EE69C86 
 7169      B1B861B7 
 7169      4D64BB67 
 7169      8736
 7170 00ec 01C7BA2A 		.ascii	"\001\307\272*\227_u?\360)\227\367\265P\366\303\2713"
 7170      975F753F 
 7170      F02997F7 
 7170      B550F6C3 
 7170      B933
 7171 00fe ECFBF801 		.ascii	"\354\373\370\001H5\215T\317^\352\231\250\226\211\352"
 7171      48358D54 
 7171      CF5EEA99 
 7171      A89689EA 
 7172 010e 18A99645 		.ascii	"\030\251\226Eu,\252a\242\372%\252a\227\372_R-\245:F"
 7172      752CAA61 
 7172      A2FA25AA 
 7172      6197FA5F 
 7172      522DA53A 
 7173 0123 7518D51B 		.ascii	"u\030\325\033\325\032\325'\240Q9]s\236\350\3225cD$7"
 7173      D51AD527 
 7173      A051395D 
 7173      739EE8D2 
 7173      35634424 
 7174 0138 8EF5675D 		.ascii	"\216\365g]\355\333\307Z\362\263\256\345\030\220+\236"
 7174      EDDBC75A 
 7174      F2B3AEE5 
 7174      18902B9E 
 7175 0148 6F9A6E55 		.ascii	"o\232nU\305\323\011\223I\212\201G\037\253g\307l~@\256"
 7175      C5D30993 
 7175      498A8147 
 7175      1FAB67C7 
 7175      6C7E40AE 
 7176 015c 783A4078 		.ascii	"x:@x0OI8Q\3159m5QzVoU\305+b\304\001A\037\224\323$\314"
 7176      304F4938 
 7176      51CD396D 
 7176      35517A56 
 7176      6F55C52B 
 7177 0179 C69AC0EC 		.ascii	"\306\232\300\354\257jLY\351\2343\304.\224O\223/k\"\313"
 7177      AF6A4C59 
 7177      E99C33C4 
 7177      2E944F93 
 7177      2F6B22CB 
 7178 018d 8F294DBA 		.ascii	"\217)M\272\305\263\323$l_\226\300V@\015\233'&[S\271"
 7178      C5B3D324 
 7178      6C5F96C0 
 7178      56400D9B 
 7178      27265B53 
 7179 01a2 2CD74F82 		.ascii	",\327O\202\304\363m\370JC~W|\0324\316\343\312\255\301"
 7179      C4F36DF8 
 7179      4A437E57 
 7179      7C1A34CE 
 7179      E3CAADC1 
 7180 01b6 32A22BDC 		.ascii	"2\242+\334\270\327\272\200'NA\337~\303}\245`\322\240"
 7180      B8D7BA80 
 7180      274E41DF 
ARM GAS  C:\Users\PUBLIC~1.LAP\AppData\Local\Temp\ccG3WIcm.s 			page 348


 7180      7EC37DA5 
 7180      60D2A0
 7181 01c9 F734A9BB 		.ascii	"\3674\251\273kuj\301D\364#\272\012\354\334\213l\200"
 7181      6B756AC1 
 7181      44F423BA 
 7181      0AECDC8B 
 7181      6C80
 7182 01db CD2963C7 		.ascii	"\315)c\307\037r\"F\276\215\307p\222\2602\257\223:\371"
 7182      1F722246 
 7182      BE8DC770 
 7182      92B032AF 
 7182      933AF9
 7183 01ee F82D3065 		.ascii	"\370-0e\312J\203\276\326\357\342I\311\326\324\205\022"
 7183      CA4A83BE 
 7183      D6EFE249 
 7183      C9D6D485 
 7183      12
 7184 01ff F2675DDD 		.ascii	"\362g]\335\027\344\001;\"\\Q\206\370A(\367\2034$\207"
 7184      17E4013B 
 7184      225C5186 
 7184      F84128F7 
 7184      83342487 
 7185 0213 40E476A1 		.ascii	"@\344v\241\023\004\035\000\262-\300\351\344\004\340"
 7185      13041D00 
 7185      B22DC0E9 
 7185      E404E0
 7186 0222 2024840B 		.ascii	" $\204\013\035\224\003\264\353\360#T\204\253\355\350"
 7186      1D9403B4 
 7186      EBF02354 
 7186      84ABEDE8 
 7187 0232 D86E126A 		.ascii	"\330n\022j:\010n\021j7\012\267\012<\265\244\017C\265"
 7187      3A086E11 
 7187      6A370AB7 
 7187      0A3CB5A4 
 7187      0F43B5
 7188 0245 239D9191 		.ascii	"#\235\221\221.\250\266\323\325\200r\034\222\216t<87"
 7188      2EA8B6D3 
 7188      D580721C 
 7188      928E743C 
 7188      3837
 7189 0257 0B39A09C 		.ascii	"\0139\240\234\006\036\237\035\235\003HFCI><\015\035"
 7189      061E9F1D 
 7189      9D034846 
 7189      43493E3C 
 7189      0D1D
 7190 0269 72453F38 		.ascii	"rE?8\233\315\207\001\204\013\341\334\031\276\361\255"
 7190      9BCD8701 
 7190      840BE1DC 
 7190      19BEF1AD 
 7191 0279 CF344F58 		.ascii	"\3174OX\266\246r\311\205\262\206\263m\320deK\263?\233"
 7191      B6A672C9 
 7191      85B286B3 
 7191      6DD06465 
 7191      4BB33F9B 
 7192 028d A64736A5 		.ascii	"\246G6\245\205O\203Qo'rfgK\2532\002\207\314\316D)q\362"
 7192      854F8351 
 7192      6F277266 
ARM GAS  C:\Users\PUBLIC~1.LAP\AppData\Local\Temp\ccG3WIcm.s 			page 349


 7192      674BAB32 
 7192      0287CCCE 
 7193 02a5 98957912 		.ascii	"\230\225y\022\263\357\012c+\333\027U\234\002K\250A,"
 7193      B3EF0A63 
 7193      2BDB1755 
 7193      9C024BA8 
 7193      412C
 7194 02b7 C8903308 		.ascii	"\310\2203\010\315\004$\201\314H[9\220\002\031\262\252"
 7194      CD042481 
 7194      CC485B39 
 7194      900219B2 
 7194      AA
 7195 02c8 3A105847 		.ascii	":\020XG$Ia\245\015\263\332\310H\226&\272\210<\017\320"
 7195      244961A5 
 7195      0DB3DAC8 
 7195      489626BA 
 7195      883C0FD0 
 7196 02dc DB3E8E8B 		.ascii	"\333>\216\213\206\304N\003\250\326\0012\376g\226nHp"
 7196      86C44E03 
 7196      A8D60132 
 7196      FE67966E 
 7196      4870
 7197 02ee 8B861096 		.ascii	"\213\206\020\226\301\012J\3321!\306\211:\210\006\313"
 7197      C10A4ADA 
 7197      3121C689 
 7197      3A8806CB 
 7198 02fe 82EFB1BC 		.ascii	"\202\357\261\274;\365\211\230\373\012\271L{\021\351"
 7198      3BF58998 
 7198      FB0AB94C 
 7198      7B11E9
 7199 030d 4A485921 		.ascii	"JHY!\307j \0338P\361\255w\245a\311>cv\277\016\351\373"
 7199      C76A201B 
 7199      3850F1AD 
 7199      77A561C9 
 7199      3E6376BF 
 7200 0324 DA78F584 		.ascii	"\332x\365\204\305\264`\212\374ea\206\237\261m\347\247"
 7200      C5B4608A 
 7200      FC656186 
 7200      9FB16DE7 
 7200      A7
 7201 0335 3B16237F 		.ascii	";\026#\177\013\365*\364X\\\343\372\254\"w\275x9\356"
 7201      0BF52AF4 
 7201      585CE3FA 
 7201      AC2277BD 
 7201      7839EE
 7202 0348 FD71C821 		.ascii	"\375q\310!d\252\246?\017\\\300\306\256q|\331L\001"
 7202      64AAA63F 
 7202      0F5CC0C6 
 7202      AE717CD9 
 7202      4C01
 7203              		.text
 7204              		.section	.gnu.lto_ald_usb_fifo_config_set.part.0.156.840c018b,"e",%progbits
 7205 0000 28B52FFD 		.ascii	"(\265/\375`\270\003\245\027\000Vk\226I\260\224U:\360"
 7205      60B803A5 
 7205      1700566B 
 7205      9649B094 
 7205      553AF0
ARM GAS  C:\Users\PUBLIC~1.LAP\AppData\Local\Temp\ccG3WIcm.s 			page 350


 7206 0013 8520F860 		.ascii	"\205 \370`\003k\213\324\356\213\007\301\021\030q\027"
 7206      036B8BD4 
 7206      EE8B07C1 
 7206      11187117 
 7207 0023 17DE046B 		.ascii	"\027\336\004k|\035\336{$\251\007l\266\237[\256\341\334"
 7207      7C1DDE7B 
 7207      24A9076C 
 7207      B69F5BAE 
 7207      E1DC
 7208 0035 C9F9FCE4 		.ascii	"\311\371\374\344\006\353\033\343\267\336\266h\302\343"
 7208      06EB1BE3 
 7208      B7DEB668 
 7208      C2E3
 7209 0043 638E79BE 		.ascii	"c\216y\276-\373\017u\026\236\2066\331\256\250\021B\244"
 7209      2DFB0F75 
 7209      169E8636 
 7209      D9AEA811 
 7209      42A4
 7210 0055 4C297F00 		.ascii	"L)\177\000u\000\177\000.\226\237Q\321\016\036\306\235"
 7210      75007F00 
 7210      2E969F51 
 7210      D10E1EC6 
 7210      9D
 7211 0066 4E8EF650 		.ascii	"N\216\366P\015\242\241\334\310\232<\033@;\247\223\366"
 7211      0DA2A1DC 
 7211      C89A3C1B 
 7211      403BA793 
 7211      F6
 7212 0077 79506E0C 		.ascii	"yPn\014\316\023\"X`PP\275\220?\3434t\017\312\0315\247"
 7212      CE132258 
 7212      605050BD 
 7212      903FE334 
 7212      740FCA19 
 7213 008d 10131E73 		.ascii	"\020\023\036s\006]Nz\302\351d\313\003\224'\307\257\224"
 7213      065D4E7A 
 7213      C2E964CB 
 7213      039427C7 
 7213      AF94
 7214 009f 27EDCBB0 		.ascii	"'\355\313\260\355c\037y\0208E\330>\302\362A\0054\"d"
 7214      ED631F79 
 7214      103845D8 
 7214      3EC2F241 
 7214      05342264 
 7215 00b3 32E76C9D 		.ascii	"2\347l\235\334\025\327}u\324\3714@?z#:|\217t\355\215"
 7215      DC15D77D 
 7215      75D4F934 
 7215      403F7A23 
 7215      3A7C8F74 
 7216 00c9 207155F9 		.ascii	" qU\371hR0\347\364\311w\223\267-c[g\357\2227~\342U\225"
 7216      685230E7 
 7216      F4C97793 
 7216      B72D635B 
 7216      67EF9237 
 7217 00e1 FCA27BC1 		.ascii	"\374\242{\301N\225\274\343\252\260?\316\375\331\244"
 7217      4E95BCE3 
 7217      AAB03FCE 
 7217      FDD9A4
ARM GAS  C:\Users\PUBLIC~1.LAP\AppData\Local\Temp\ccG3WIcm.s 			page 351


 7218 00f0 9A45AA57 		.ascii	"\232E\252W\244:\205T\243\220j\325\211\376\024\251>!"
 7218      A43A8554 
 7218      A3906AD5 
 7218      89FE14A9 
 7218      3E21
 7219 0102 D528527D 		.ascii	"\325(R}*\325\246R]\216j\222T\217\244zG\265^\350\277"
 7219      2AD5A652 
 7219      5D8E6A92 
 7219      548FA47A 
 7219      47B55EE8 
 7220 0117 00052658 		.ascii	"\000\005&X\232\023\250\311\322DA\372xq\342\177t\265"
 7220      9A13A8C9 
 7220      D24441FA 
 7220      7871E27F 
 7220      74B5
 7221 0129 6F9FE8E3 		.ascii	"o\237\350\343\037\035\311\251\2410\347\026\0177*\312"
 7221      1F1DC9A9 
 7221      A130E716 
 7221      0F372ACA 
 7222 0139 A983F963 		.ascii	"\251\203\371c\244\300I\237\250\263S7\206B\027\03468"
 7222      A4C0499F 
 7222      A8B35337 
 7222      8642171C 
 7222      3638
 7223 014b A72178C1 		.ascii	"\247!x\3019g{\020K\251U\3758\011Bm\222m\201\357)9\355"
 7223      39677B10 
 7223      4BA955FD 
 7223      3809426D 
 7223      926D81EF 
 7224 0162 B8A83DD2 		.ascii	"\270\250=\322U\206<\237iOk]\035W\226k\332\363J\220["
 7224      55863C9F 
 7224      694F6B5D 
 7224      1D57966B 
 7224      DAF34A90 
 7225 0177 AE0E49DD 		.ascii	"\256\016I\335B\312/\271\244]{\017\333i\227\305\320\200"
 7225      42CA2FB9 
 7225      A45D7B0F 
 7225      DB6997C5 
 7225      D080
 7226 0189 9F8C2253 		.ascii	"\237\214\"S\225\274k[\370\016\333\002\347L\021\343\347"
 7226      95BC6B5B 
 7226      F80EDB02 
 7226      E74C11E3 
 7226      E7
 7227 019a B88E9BDF 		.ascii	"\270\216\233\337\342\3448C$\231\277P^(O\352\260\247"
 7227      E2E43843 
 7227      2499BF50 
 7227      5E284FEA 
 7227      B0A7
 7228 01ac C4488BD6 		.ascii	"\304H\213\326\335\325$^q\247E\273\374\253;&\201(\376"
 7228      DDD5245E 
 7228      71A745BB 
 7228      FCAB3B26 
 7228      8128FE
 7229 01bf 68D147FA 		.ascii	"h\321G\372M\374b\024\231\272*p\374G\302\357\0028\234"
 7229      4DFC6214 
 7229      99BA2A70 
ARM GAS  C:\Users\PUBLIC~1.LAP\AppData\Local\Temp\ccG3WIcm.s 			page 352


 7229      FC47C2EF 
 7229      02389C
 7230 01d2 984E0552 		.ascii	"\230N\005R\303\254f\303C+i\034j\270\321\007n`d.\231"
 7230      C3AC66C3 
 7230      432B691C 
 7230      6AB8D107 
 7230      6E60642E 
 7231 01e7 D8EB6505 		.ascii	"\330\353e\005\303l\026\033}\363\"\303e\260\231\351\304"
 7231      C36C161B 
 7231      7DF322C3 
 7231      65B099E9 
 7231      C4
 7232 01f8 5A312F17 		.ascii	"Z1/\027\254A\353e\000F\323\202=\200A\230i\365h\240\265"
 7232      AC41EB65 
 7232      0046D382 
 7232      3D804198 
 7232      69F568A0 
 7233 020d 766E36DB 		.ascii	"vn6\333\355\246\205\273\265d5\014=;\267\031\027X\204"
 7233      EDA685BB 
 7233      B564350C 
 7233      3D3BB719 
 7233      175884
 7234 0220 9AAC9633 		.ascii	"\232\254\2263S\023\363\202\341\261\321zj6\344d\250\351"
 7234      5313F382 
 7234      E1B1D17A 
 7234      6A36E464 
 7234      A8E9
 7235 0232 D8C45CAE 		.ascii	"\330\304\\\256\032\004\014$\330\326\217s\177n\331\355"
 7235      1A040C24 
 7235      D8D68F73 
 7235      7F6ED9ED 
 7236 0242 CE007E4B 		.ascii	"\316\000~K\226\265DN\240\\-k\025\011\317\367\203s!+"
 7236      96B5444E 
 7236      A05C2D6B 
 7236      1509CFF7 
 7236      8373212B 
 7237 0256 A2142028 		.ascii	"\242\024 ({\262)\253C\236\357\016R\252\026%G\250aD\306"
 7237      7BB229AB 
 7237      439EEF0E 
 7237      52AA1625 
 7237      47A86144 
 7238 026b 90314811 		.ascii	"\2201H\021\315,\2734\007\260\002\2212\2531\021\220\251"
 7238      CD2CBB34 
 7238      07B00291 
 7238      32AB3111 
 7238      90A9
 7239 027d 8444484A 		.ascii	"\204DHJ\032\303\316\001#F\317\206*\220\"\336\270\366"
 7239      1AC3CE01 
 7239      2346CF86 
 7239      2A9022DE 
 7239      B8F6
 7240 028f 578FD4C6 		.ascii	"W\217\324\306\262\312\354\304L4\"\364d$2\344\202\017"
 7240      B2CAECC4 
 7240      4C3422F4 
 7240      642432E4 
 7240      820F
 7241 02a1 DDC94513 		.ascii	"\335\311E\023\227*\264\245GWw\347\372\342`\\\374\203"
ARM GAS  C:\Users\PUBLIC~1.LAP\AppData\Local\Temp\ccG3WIcm.s 			page 353


 7241      972AB4A5 
 7241      475777E7 
 7241      FAE2605C 
 7241      FC83
 7242 02b3 3A0337B2 		.ascii	":\0037\262\302\017z\036\035U \311\235VK\355\264B\252"
 7242      C20F7A1E 
 7242      1D5520C9 
 7242      9D564BED 
 7242      B442AA
 7243 02c6 7BE83EAF 		.ascii	"{\350>\257\353\262\301]B\313i\263\226\200\301%2\014"
 7243      EBB2C15D 
 7243      42CB69B3 
 7243      9680C125 
 7243      320C
 7244 02d8 26FBEFB2 		.ascii	"&\373\357\262\240sro\031/Y\367Z0\300\003\234\274\351"
 7244      A073726F 
 7244      192F59F7 
 7244      5A30C003 
 7244      9CBCE9
 7245 02eb 3D8413B2 		.ascii	"=\204\023\262\274\037\367y\\|\3252 \217\020z\017\351"
 7245      BC1FF779 
 7245      5C7CD532 
 7245      208F107A 
 7245      0FE9
 7246 02fd 53       		.ascii	"S"
 7247              		.text
 7248              		.section	.gnu.lto_ald_usb_fifo_flush.part.0.157.840c018b,"e",%progbits
 7249 0000 28B52FFD 		.ascii	"(\265/\375`5\002%\022\000\246\341wH\320\360(\035\336"
 7249      60350225 
 7249      1200A6E1 
 7249      7748D0F0 
 7249      281DDE
 7250 0013 684386B9 		.ascii	"hC\206\271#\240\207\245\255\320\301\200\377U\027b\240"
 7250      23A087A5 
 7250      ADD0C180 
 7250      FF551762 
 7250      A0
 7251 0024 5E642A6D 		.ascii	"^d*mG\370\240yQo\336\2216m\214\374\2775\255R\014\354"
 7251      47F8A079 
 7251      516FDE91 
 7251      366D8CFC 
 7251      BF35AD52 
 7252 003a 2DDF23EB 		.ascii	"-\337#\353\345\243t\036\275\314\333\331q\3447:\247!"
 7252      E5A3741E 
 7252      BDCCDBD9 
 7252      71E4373A 
 7252      A721
 7253 004c 8804684B 		.ascii	"\210\004hK,\"{o\231R]\000^\000^\000:\232\001\354\016"
 7253      2C227B6F 
 7253      99525D00 
 7253      5E005E00 
 7253      3A9A01EC 
 7254 0061 B138DAE5 		.ascii	"\2618\332\345\221\330\202\351\023\365\002\007\001?\245"
 7254      91D882E9 
 7254      13F50207 
 7254      013FA5
 7255 0070 ED97B06D 		.ascii	"\355\227\260mc'\235\027\264<\256\331I!\033NBFE7v7\374"
ARM GAS  C:\Users\PUBLIC~1.LAP\AppData\Local\Temp\ccG3WIcm.s 			page 354


 7255      63279D17 
 7255      B43CAED9 
 7255      49211B4E 
 7255      42464537 
 7256 0087 8CB9D72E 		.ascii	"\214\271\327.\243\316\232\357\201\"\215@\320\270\341"
 7256      A3CE9AEF 
 7256      81228D40 
 7256      D0B8E1
 7257 0096 6E2EF586 		.ascii	"n.\365\206\353y\024\200\313\221\250\335\375\357\312"
 7257      EB791480 
 7257      CB91A8DD 
 7257      FDEFCA
 7258 00a5 0187A34A 		.ascii	"\001\207\243J\340\323\003ewm\362p\203\267M\301\366\314"
 7258      E0D30365 
 7258      776DF270 
 7258      83B74DC1 
 7258      F6CC
 7259 00b7 D6576660 		.ascii	"\326Wf`S%\307\031\201\354\313\215?\266TK\251\216R\255"
 7259      5325C719 
 7259      81ECCB8D 
 7259      3FB6544B 
 7259      A98E52AD 
 7260 00cb 527D930A 		.ascii	"R}\223\012\215\300\330\355\260#\307\212\230.H\274\367"
 7260      8DC0D8ED 
 7260      B023C78A 
 7260      982E48BC 
 7260      F7
 7261 00dc FBAEF6ED 		.ascii	"\373\256\366\355\367l|\337\177\376 \332\321\214\312"
 7261      F76C7CDF 
 7261      7FFE20DA 
 7261      D18CCA
 7262 00eb E16D081E 		.ascii	"\341m\010\036\233\353h\012aqb\214|\372\275\232\375\021"
 7262      9BEB680A 
 7262      6171628C 
 7262      7CFABD9A 
 7262      FD11
 7263 00fd 7223DACD 		.ascii	"r#\332\315\2101}\326\230\246;:\274\335M\031Xb\251~\310"
 7263      88317DD6 
 7263      98A63B3A 
 7263      BCDD4D19 
 7263      5862A97E 
 7264 0112 37F113B5 		.ascii	"7\361\023\265\007\027\001c\224Q\227tzZ\304x\022:\220"
 7264      07170163 
 7264      94519774 
 7264      7A5AC478 
 7264      123A90
 7265 0125 4381B4BA 		.ascii	"C\201\264\272\27371\002\371\"\240\306\377~\341\227\224"
 7265      BB373102 
 7265      F922A0C6 
 7265      FF7EE197 
 7265      94
 7266 0136 A338FC8B 		.ascii	"\2438\374\213\200\217\032\255:\037pT\207\355\330W\310"
 7266      808F1AAD 
 7266      3A1F7054 
 7266      87EDD857 
 7266      C8
 7267 0147 98767D4E 		.ascii	"\230v}N\374\024W!\363G|\312\335\251\261\237\2013\360"
ARM GAS  C:\Users\PUBLIC~1.LAP\AppData\Local\Temp\ccG3WIcm.s 			page 355


 7267      FC145721 
 7267      F3477CCA 
 7267      DDA9B19F 
 7267      8133F0
 7268 015a F331808C 		.ascii	"\3631\200\214\235Ou\370\277\337'\247CZ\365\215~\337"
 7268      9D4F75F8 
 7268      BFDF27A7 
 7268      435AF58D 
 7268      7EDF
 7269 016c EEB6A2BF 		.ascii	"\356\266\242\277wU%_\367\262\014-\027\014\323\011^&"
 7269      7755255F 
 7269      F7B20C2D 
 7269      170CD309 
 7269      5E26
 7270 017e AE948296 		.ascii	"\256\224\202\226\252\004\204f\005\246\022\303\002\372"
 7270      AA048466 
 7270      05A612C3 
 7270      02FA
 7271 018c 55E292CD 		.ascii	"U\342\222\315TV\\Z\341\211*\265z\020\252\020\254\034"
 7271      54565C5A 
 7271      E1892AB5 
 7271      7A10AA10 
 7271      AC1C
 7272 019e 84AB082B 		.ascii	"\204\253\010+\011)\341\014\015K\010\023{y\211\275BY"
 7272      0929E10C 
 7272      0D4B0813 
 7272      7B7989BD 
 7272      4259
 7273 01b0 2C74C134 		.ascii	",t\3014\314\300\304RHV\023`.XK\012\353De\022\363\302"
 7273      CCC0C452 
 7273      48561360 
 7273      2E584B0A 
 7273      EB446512 
 7274 01c6 32C3AA69 		.ascii	"2\303\252i\231\301\\TZ\251\024kA\203\012\266\365r\343"
 7274      99C15C54 
 7274      5AA9146B 
 7274      41830AB6 
 7274      F572E3
 7275 01d9 0FCA166D 		.ascii	"\017\312\026m\036\220{\201\264R\306#\231S\320o6L\001"
 7275      1E907B81 
 7275      B452C623 
 7275      9953D06F 
 7275      364C01
 7276 01ec 2A209082 		.ascii	"* \220\202\2411\353\006%U\237_D6\011<\350\213#\332{"
 7276      A131EB06 
 7276      25559F5F 
 7276      4436093C 
 7276      E88B23DA 
 7277 0201 A2F1A12B 		.ascii	"\242\361\241+\201\367\220\332$q3N\222N\364\217\216;"
 7277      81F790DA 
 7277      2471334E 
 7277      924EF48F 
 7277      8E3B
 7278 0213 6F28DE6A 		.ascii	"o(\336j\301\255f\005vK\016\256\3314%2\246\341is\300"
 7278      C1AD6605 
 7278      764B0EAE 
 7278      D9342532 
ARM GAS  C:\Users\PUBLIC~1.LAP\AppData\Local\Temp\ccG3WIcm.s 			page 356


 7278      A6E16973 
 7279 0228 05E69BD2 		.ascii	"\005\346\233\322\332Zi\026\205\237\374\212r\3042\262"
 7279      DA5A6916 
 7279      859FFC8A 
 7279      72C432B2 
 7280 0238 30EECC10 		.ascii	"0\356\314\020W\2742m\202k\026\274=4>\315)\371\326k\315"
 7280      57BC326D 
 7280      826B16BC 
 7280      3D343ECD 
 7280      29F9D66B 
 7281 024d 18       		.ascii	"\030"
 7282              		.text
 7283              		.section	.gnu.lto_ald_usb_swvbus_sigctl_set.part.0.158.840c018b,"e",%progbits
 7284 0000 28B52FFD 		.ascii	"(\265/\375`6\001\005\016\000\306\331^F\360\222(\035"
 7284      60360105 
 7284      0E00C6D9 
 7284      5E46F092 
 7284      281D
 7285 0012 B8F68D21 		.ascii	"\270\366\215!\257\001\027fD;\267\306\037~\270>\337\015"
 7285      AF011766 
 7285      443BB7C6 
 7285      1F7EB83E 
 7285      DF0D
 7286 0024 05F12947 		.ascii	"\005\361)G)\302\365\021\240\032CL3l6]\204{\270\243\372"
 7286      29C2F511 
 7286      A01A434C 
 7286      336C365D 
 7286      847BB8A3 
 7287 0039 438588D4 		.ascii	"C\205\210\324WlX\340\\\324L$rs\017\327\300\247\206\202"
 7287      576C58E0 
 7287      5CD44C24 
 7287      72730FD7 
 7287      C0A78682 
 7288 004d DB50DB7B 		.ascii	"\333P\333{\313\224\002F\000E\000J\000*f\304\330\235"
 7288      CB940246 
 7288      0045004A 
 7288      002A66C4 
 7288      D89D
 7289 005f 89B882E7 		.ascii	"\211\270\202\347Rm?\205m\226}\363\231\314z\360g\337"
 7289      526D3F85 
 7289      6D967DF3 
 7289      99CC7AF0 
 7289      67DF
 7290 0071 84700030 		.ascii	"\204p\0000\243\243\005\217\335\235\227\260\304\277C"
 7290      A3A3058F 
 7290      DD9D97B0 
 7290      C4BF43
 7291 0080 8D9F6F72 		.ascii	"\215\237or\243\306\353e\303\341e\327\327\313\207\253"
 7291      A3C6EB65 
 7291      C3E165D7 
 7291      D7CB87AB 
 7292 0090 80479006 		.ascii	"\200G\220\006\273k\017\314-o\273\304\266g\337\025\217"
 7292      BB6B0FCC 
 7292      2D6FBBC4 
 7292      B667DF15 
 7292      8F
 7293 00a1 1192B01F 		.ascii	"\021\222\260\037\027\306\330Q\255Q}\2513\014B\354v\370"
ARM GAS  C:\Users\PUBLIC~1.LAP\AppData\Local\Temp\ccG3WIcm.s 			page 357


 7293      17C6D851 
 7293      AD517DA9 
 7293      330C42EC 
 7293      76F8
 7294 00b3 D1634548 		.ascii	"\321cEH\031(\036\273\375\030\313\227\371c\233u\330J"
 7294      19281EBB 
 7294      FD18CB97 
 7294      F9639B75 
 7294      D84A
 7295 00c5 43D6F5E2 		.ascii	"C\326\365\342\300\245\037\373\354\317%\213W\352\322"
 7295      C0A51FFB 
 7295      ECCF258B 
 7295      57EAD2
 7296 00d4 B2BBAB11 		.ascii	"\262\273\253\021\200!R\375\012o\012\276\303V\206\273"
 7296      802152FD 
 7296      0A6F0ABE 
 7296      C35686BB 
 7297 00e4 01065AB0 		.ascii	"\001\006Z\260\345\0004;\240B\027+P\346\257\034/\320"
 7297      E500343B 
 7297      A042172B 
 7297      50E6AF1C 
 7297      2FD0
 7298 00f6 3954781F 		.ascii	"9Tx\037-0.\315\271\315\212gw\004\310\237\235\005\312"
 7298      2D302ECD 
 7298      B9CD8A67 
 7298      7704C89F 
 7298      9D05CA
 7299 0109 3F7119D7 		.ascii	"?q\031\327\005\307^\325Qu.\017\241\211\032\033\315\361"
 7299      05C75ED5 
 7299      51752E0F 
 7299      A1891A1B 
 7299      CDF1
 7300 011b 653F081A 		.ascii	"e?\010\032\0326V\375\232?vU\034\037v;h)\216aNP\"!i%"
 7300      1A3656FD 
 7300      9A3F7655 
 7300      1C1F763B 
 7300      68298E61 
 7301 0135 A36D6480 		.ascii	"\243md\200)U\272\320\241:.\215\220P\252\023\013\246"
 7301      2955BAD0 
 7301      A13A2E8D 
 7301      9050AA13 
 7301      0BA6
 7302 0147 D1046D1A 		.ascii	"\321\004m\032\007an\0108\223\311E\340$\204fJ\003\312"
 7302      07616E08 
 7302      3893C945 
 7302      E0248466 
 7302      4A03CA
 7303 015a 54F14E27 		.ascii	"T\361N'\2574Q\336$u\031R*^H\204\233\320\221\272\224"
 7303      AF3451DE 
 7303      24751952 
 7303      2A5E4884 
 7303      9BD091BA 
 7304 016f 9008B491 		.ascii	"\220\010\264\221`8\241\244D,)\252\316t2\3224\321\202"
 7304      6038A1A4 
 7304      442C29AA 
 7304      CE7432D2 
 7304      34D182
ARM GAS  C:\Users\PUBLIC~1.LAP\AppData\Local\Temp\ccG3WIcm.s 			page 358


 7305 0182 07141E17 		.ascii	"\007\024\036\027\3068\032\0005\253\"\273\210Lc`\256"
 7305      C6381A00 
 7305      35AB22BB 
 7305      884C6360 
 7305      AE
 7306 0193 C0B8E080 		.ascii	"\300\270\340\200\357\036\032G\265\022\250=\010\321j"
 7306      EF1E1A47 
 7306      B512A83D 
 7306      08D16A
 7307 01a2 B4DDA164 		.ascii	"\264\335\241d\226\000 LeU\036x\326\010\356\327\204\243"
 7307      9600204C 
 7307      65551E78 
 7307      D608EED7 
 7307      84A3
 7308 01b4 8B6FD59D 		.ascii	"\213o\325\235\253\226\366\010\0158W\010'\016\346\361"
 7308      AB96F608 
 7308      0D385708 
 7308      270EE6F1 
 7309 01c4 98ED3CA1 		.ascii	"\230\355<\241\214\001"
 7309      8C01
 7310              		.text
 7311              		.section	.gnu.lto_ald_usb_swvbus_sesendth_set.part.0.159.840c018b,"e",%progbits
 7312 0000 28B52FFD 		.ascii	"(\265/\375`3\001\335\015\000&\332^E\000\221(\035\014"
 7312      603301DD 
 7312      0D0026DA 
 7312      5E450091 
 7312      281D0C
 7313 0013 4161ABEF 		.ascii	"Aa\253\357mo_1\374#\307\347\276\377@\010]\376\031\354"
 7313      6D6F5F31 
 7313      FC23C7E7 
 7313      BEFF4008 
 7313      5DFE19EC 
 7314 0027 2E562326 		.ascii	".V#&\311\365+\262\205\255\372Fc\210\276\241\321\317"
 7314      C9F52BB2 
 7314      85ADFA46 
 7314      6388BEA1 
 7314      D1CF
 7315 0039 3D9F3368 		.ascii	"=\2373h\012b7qQW\022MJ\340;\2616\254\230e\272\221-e"
 7315      0A623771 
 7315      5157124D 
 7315      4AE03BB1 
 7315      36AC9865 
 7316 0051 4A014700 		.ascii	"J\001G\000F\000I\000\273'^\310\354\326@L\201\363-m\337"
 7316      46004900 
 7316      BB275EC8 
 7316      ECD6404C 
 7316      81F32D6D 
 7317 0066 846D963D 		.ascii	"\204m\226=\363\332\313rph\317|h\000\000\213QQcw\271"
 7317      F3DACB72 
 7317      7068CF7C 
 7317      6800008B 
 7317      51516377 
 7318 007b 6F3AE2E1 		.ascii	"o:\342\3415c\350\217\330\210y\261d\270~\366|\261tx\012"
 7318      3563E88F 
 7318      D88879B1 
 7318      64B87EF6 
 7318      7CB17478 
ARM GAS  C:\Users\PUBLIC~1.LAP\AppData\Local\Temp\ccG3WIcm.s 			page 359


 7319 0090 78EC60B0 		.ascii	"x\354`\260\273\346\264\334\333m\213\3306\331w\005\217"
 7319      BBE6B4DC 
 7319      DB6D8BD8 
 7319      36D97705 
 7319      8F
 7320 00a1 5143D88F 		.ascii	"QC\330\217\253.vLgL\177KX\007\306\356\206\0347\366\303"
 7320      AB2E764C 
 7320      674C7F4B 
 7320      5807C6EE 
 7320      861C37F6 
 7321 00b6 D60276D9 		.ascii	"\326\002v\331\355\313X\376\314\036\266Y\217\255\362"
 7321      EDCB58FE 
 7321      CC1EB659 
 7321      8FADF2
 7322 00c5 635D2C64 		.ascii	"c],dvk\007\276\371\262\320\366\370\226\342U\256\250"
 7322      766B07BE 
 7322      F9B2D0F6 
 7322      F896E255 
 7322      AEA8
 7323 00d7 ECEE7604 		.ascii	"\354\356v\004DT\310<\012{\012\302\307V\326-\007\240"
 7323      4454C83C 
 7323      0A7B0AC2 
 7323      C756D62D 
 7323      07A0
 7324 00e9 D1D0D415 		.ascii	"\321\320\324\025(\372\362\327\214|\201\3155\3658TZ\\"
 7324      28FAF2D7 
 7324      8C7C81CD 
 7324      35F53854 
 7324      5A5C
 7325 00fb 59631B3C 		.ascii	"Yc\033<\014\012g\027\204\307\257=\005\312/\361-\356"
 7325      0C0A6717 
 7325      84C7AF3D 
 7325      05CA2FF1 
 7325      2DEE
 7326 010d 8A8CBD6A 		.ascii	"\212\214\275j\243\332|\273*\011\032L\326\370\263\337"
 7326      A3DA7CBB 
 7326      2A091A4C 
 7326      D6F8B3DF 
 7327 011d 03CD458C 		.ascii	"\003\315E\214M\237\366\313\236I\343\307\356\006\255"
 7327      4D9FF6CB 
 7327      9E49E3C7 
 7327      EE06AD
 7328 012c A4B1064E 		.ascii	"\244\261\006N0\012\021u\"!\2573\240\204\224R\217:\""
 7328      300A1175 
 7328      2221AF33 
 7328      A0849452 
 7328      8F3A22
 7329 013f 948AA4C4 		.ascii	"\224\212\244\304\024\342<^\367=\340<\004\337\010\367"
 7329      14E23C5E 
 7329      F73DE03C 
 7329      04DF08F7 
 7330 014f 41F8227C 		.ascii	"A\370\"|\270\024\006\023\356\004<\235\300\021\207\002"
 7330      B8140613 
 7330      EE043C9D 
 7330      C0118702 
 7331 015f 3951E942 		.ascii	"9Q\351B\352\004\374\200|\022J\242\022\351\003\362x!"
 7331      EA04FC80 
ARM GAS  C:\Users\PUBLIC~1.LAP\AppData\Local\Temp\ccG3WIcm.s 			page 360


 7331      7C124AA2 
 7331      12E903F2 
 7331      7821
 7332 0171 164E2629 		.ascii	"\026N&)P\012IU2\221\204\272\016\264\300\301\204\307"
 7332      500A4955 
 7332      329184BA 
 7332      0EB4C0C1 
 7332      84C7
 7333 0183 55171B68 		.ascii	"U\027\033hi\030\0002+\221]\030\246\3410W4\\ \201\305"
 7333      69180032 
 7333      2B915D18 
 7333      A6E13057 
 7333      345C2081 
 7334 0198 1E1A47B5 		.ascii	"\036\032G\265\022\250=,\204\025%c\005Xa\252\245\362"
 7334      12A83D2C 
 7334      84152563 
 7334      055861AA 
 7334      A5F2
 7335 01aa C0B34670 		.ascii	"\300\263Fp\277&\034]\374\254\336\330#\364\342\\+\234"
 7335      BF261C5D 
 7335      FCACDED8 
 7335      23F4E25C 
 7335      2B9C
 7336 01bc 64981763 		.ascii	"d\230\027c6\371\204\202\007"
 7336      36F98482 
 7336      07
 7337              		.text
 7338              		.section	.gnu.lto_ald_usb_swvbus_sesvalth_set.part.0.160.840c018b,"e",%progbits
 7339 0000 28B52FFD 		.ascii	"(\265/\375`3\001\325\015\000\346\031^D\000\221(\035"
 7339      603301D5 
 7339      0D00E619 
 7339      5E440091 
 7339      281D
 7340 0012 2D20D8B2 		.ascii	"- \330\262bj\011\012/\371\\\275\320C*OIO4G\262\213\325"
 7340      626A090A 
 7340      2FF95CBD 
 7340      D0432A4F 
 7340      494F3447 
 7341 0029 884972FD 		.ascii	"\210Ir\375\032\331\302V}\2431D\337\320\350\347\236\317"
 7341      1AD9C256 
 7341      7DA33144 
 7341      DFD0E8E7 
 7341      9ECF
 7342 003b 193405B1 		.ascii	"\0314\005\261{rQW\022Mn$9\2616\254\270\265\332\310\226"
 7342      7B725157 
 7342      124D6E24 
 7342      39B136AC 
 7342      B8B5DAC8 
 7343 0050 32A54600 		.ascii	"2\245F\000E\000I\000\213\"\206\213]\232\207-p\276\245"
 7343      45004900 
 7343      8B22868B 
 7343      5D9A872D 
 7343      70BEA5
 7344 0063 ED9FB0CD 		.ascii	"\355\237\260\315\262gN{\331\016\016\355\231\216\015"
 7344      B2674E7B 
 7344      D90E0EED 
 7344      998E0D
ARM GAS  C:\Users\PUBLIC~1.LAP\AppData\Local\Temp\ccG3WIcm.s 			page 361


 7345 0072 01603456 		.ascii	"\001`4V\334\330]\356\233\222xx\315\030\372\"\265\232"
 7345      DCD85DEE 
 7345      9B927878 
 7345      CD18FA22 
 7345      B59A
 7346 0084 174BCAF5 		.ascii	"\027K\312\365\263\347\213\305\303s\300#\000\007\273"
 7346      B3E78BC5 
 7346      C373C023 
 7346      0007BB
 7347 0093 6B4ECBBD 		.ascii	"kN\313\275\335v\210m\223}W\326\307\250#\354\307U\027"
 7347      DD76886D 
 7347      937D57D6 
 7347      C7A823EC 
 7347      C75517
 7348 00a6 3BA633A6 		.ascii	";\2463\246\277%\254\001\210]\016586\304\366\002v\331"
 7348      BF25AC01 
 7348      885D0E35 
 7348      3836C4F6 
 7348      0276D9
 7349 00b9 EDCB58FE 		.ascii	"\355\313X\376\314\035\333\254\307V\331\261\256\026\010"
 7349      CC1DDBAC 
 7349      C756D9B1 
 7349      AE1608
 7350 00c8 BEF9B2D0 		.ascii	"\276\371\262\320\356|C\361*WTvw\273\002)\0272\237\302"
 7350      EE7C43F1 
 7350      2A575476 
 7350      77BB0229 
 7350      17329FC2 
 7351 00dc DE82F0B1 		.ascii	"\336\202\360\261\225u\003\332\262\200\030\031\232\312"
 7351      957503DA 
 7351      B2801819 
 7351      9ACA
 7352 00ea E2445FFE 		.ascii	"\342D_\376\262\021o`sM}\016\225\026W\326l\203\2279\341"
 7352      B2116F60 
 7352      734D7D0E 
 7352      951657D6 
 7352      6C839739 
 7353 00ff EC8AF0F8 		.ascii	"\354\212\360\370\264\253@\371&\276\305]\251\261WmT\233"
 7353      B4AB40F9 
 7353      26BEC55D 
 7353      A9B1576D 
 7353      549B
 7354 0111 6F572D01 		.ascii	"oW-\001#\2235\177\366\177\210\2011c\323\207\371e\317"
 7354      2393357F 
 7354      F67F8881 
 7354      3163D387 
 7354      F965CF
 7355 0124 A4F163F7 		.ascii	"\244\361c\367\203V\322\004V0\002\021u!!\357\203\000"
 7355      8356D204 
 7355      56300211 
 7355      752121EF 
 7355      8300
 7356 0136 0929A51E 		.ascii	"\011)\245\036}\210P\252\021\022S\210\363x\335\027\201"
 7356      7D8850AA 
 7356      11125388 
 7356      F378DD17 
 7356      81
ARM GAS  C:\Users\PUBLIC~1.LAP\AppData\Local\Temp\ccG3WIcm.s 			page 362


 7357 0147 F3127C22 		.ascii	"\363\022|\"\334'\341\233\360\341R\032J8\023\360t\002"
 7357      DC27E19B 
 7357      F0E1521A 
 7357      4A3813F0 
 7357      7402
 7358 0159 471C0AE4 		.ascii	"G\034\012\344D\245\014)\023\360\343\361Q(\211J\244\017"
 7358      44A50C29 
 7358      13F0E3F1 
 7358      5128894A 
 7358      A40F
 7359 016b C8E38160 		.ascii	"\310\343\201`8\225\244@($U\3114\022\352:\020\003\010"
 7359      3895A440 
 7359      282455C9 
 7359      3412EA3A 
 7359      100308
 7360 017e 151E575D 		.ascii	"\025\036W]|\240\025\031\0002+\221]\030\246\3410W4\\"
 7360      7CA01519 
 7360      00322B91 
 7360      5D18A6E1 
 7360      3057345C 
 7361 0192 2081C51E 		.ascii	" \201\305\036\032G\265\022\250=,\204\025%c\005Xa\252"
 7361      1A47B512 
 7361      A83D2C84 
 7361      15256305 
 7361      5861AA
 7362 01a5 A5F2C0B3 		.ascii	"\245\362\300\263Fp\277&\034]|\253\356\\\265\264Gh\300"
 7362      4670BF26 
 7362      1C5D7CAB 
 7362      EE5CB5B4 
 7362      4768C0
 7363 01b8 B9423871 		.ascii	"\271B8q0\217\307l\347\011e\014"
 7363      308FC76C 
 7363      E709650C 
 7364              		.text
 7365              		.section	.gnu.lto_ald_usb_swvbus_valth_set.part.0.161.840c018b,"e",%progbits
 7366 0000 28B52FFD 		.ascii	"(\265/\375`3\001\335\015\000\346Y^E\000\221(\035\004"
 7366      603301DD 
 7366      0D00E659 
 7366      5E450091 
 7366      281D04
 7367 0013 20D891E2 		.ascii	" \330\221\342\304y\000g\372\353\303?8.\005\236z\342"
 7367      C4790067 
 7367      FAEBC33F 
 7367      382E059E 
 7367      7AE2
 7368 0025 39486CAE 		.ascii	"9Hl\256\001&\311\365+\262\205\255\372Fc\210\276\241"
 7368      0126C9F5 
 7368      2BB285AD 
 7368      FA466388 
 7368      BEA1
 7369 0037 D1CF3D9F 		.ascii	"\321\317=\2373hv\336\225\375\250+\211&G,y\264#\310h"
 7369      336876DE 
 7369      95FDA82B 
 7369      8926472C 
 7369      79B423C8 
 7370 004c DB74235B 		.ascii	"\333t#[\312\224\002F\000E\000I\000\013k\341b\227\026"
 7370      CA940246 
ARM GAS  C:\Users\PUBLIC~1.LAP\AppData\Local\Temp\ccG3WIcm.s 			page 363


 7370      00450049 
 7370      000B6BE1 
 7370      629716
 7371 005f E2099C6F 		.ascii	"\342\011\234oi\373%l\263\354\231\323`v\203C{\346#\003"
 7371      69FB256C 
 7371      B3EC99D3 
 7371      60768343 
 7371      7BE62303 
 7372 0073 00188B14 		.ascii	"\000\030\213\0246v\227\373\246!\036^3\206\276\203\327"
 7372      367697FB 
 7372      A6211E5E 
 7372      3386BE83 
 7372      D7
 7373 0084 8C570B86 		.ascii	"\214W\013\206\353g\317W\013\207\247\200\307\216\004"
 7373      EB67CF57 
 7373      0B87A780 
 7373      C78E04
 7374 0093 BB6B8ECB 		.ascii	"\273k\216\313\275\3356\211m\223}W\326\307\250 \354\307"
 7374      BDDD3689 
 7374      6D937D57 
 7374      D6C7A820 
 7374      ECC7
 7375 00a5 D5173BA6 		.ascii	"\325\027;\2463\246\277%\014$\306\256\206\0347\326\303"
 7375      33A6BF25 
 7375      0C24C6AE 
 7375      861C37D6 
 7375      C3
 7376 00b6 F682C465 		.ascii	"\366\202\304e\267/c\3713wl\263\036[\345\307\272V\200"
 7376      B72F63F9 
 7376      33776CB3 
 7376      1E5BE5C7 
 7376      BA5680
 7377 00c9 7CF365A1 		.ascii	"|\363e\241\335\371\246\342U\262\254\354\356v\0362(d"
 7377      DDF9A6E2 
 7377      55B2ACEC 
 7377      EE761E32 
 7377      2864
 7378 00db DE84BD03 		.ascii	"\336\204\275\003\341c+\353\006\332r\200\032\014MU\221"
 7378      E1632BEB 
 7378      06DA7280 
 7378      1A0C4D55 
 7378      91
 7379 00ec A2307FD5 		.ascii	"\2420\177\325\340|\300\346\232z\034+.\256\254\261\015"
 7379      E07CC0E6 
 7379      9A7A1C2B 
 7379      2EAEACB1 
 7379      0D
 7380 00fd 5E2685B3 		.ascii	"^&\205\263\373\301\343\323\216\002\345\217\370\026\227"
 7380      FBC1E3D3 
 7380      8E02E58F 
 7380      F81697
 7381 010c 85C65EB5 		.ascii	"\205\306^\265Qm\276]UD\214L\326\370\263\277C\355Dm\323"
 7381      516DBE5D 
 7381      55448C4C 
 7381      D6F8B3BF 
 7381      43ED446D 
 7382 0121 8FF965CF 		.ascii	"\217\371e\317\244\361c\267\202V\322\00460\032\021u$"
ARM GAS  C:\Users\PUBLIC~1.LAP\AppData\Local\Temp\ccG3WIcm.s 			page 364


 7382      A4F163B7 
 7382      8256D204 
 7382      36301A11 
 7382      7524
 7383 0133 214FC4C3 		.ascii	"!O\304\303\204\224R\217DD(U\211\211)\304y\274\356k\300"
 7383      8494528F 
 7383      44442855 
 7383      898929C4 
 7383      79BCEE6B 
 7384 0148 79053E06 		.ascii	"y\005>\006\334\367\340\203\360\341R\027N8\024\360t\002"
 7384      DCF7E083 
 7384      F0E15217 
 7384      4E3814F0 
 7384      7402
 7385 015a 471C0AE4 		.ascii	"G\034\012\344D%\013)\024\360\023\362E(\211J\244\017"
 7385      44250B29 
 7385      14F013F2 
 7385      4528894A 
 7385      A40F
 7386 016c C8E38D54 		.ascii	"\310\343\215T8\235\244@*$U\311T\022\352:\020\202\005"
 7386      389DA440 
 7386      2A2455C9 
 7386      5412EA3A 
 7386      108205
 7387 017f 121E575F 		.ascii	"\022\036W_L\240\025\031\0002+\221]\030\246\3410W4\\"
 7387      4CA01519 
 7387      00322B91 
 7387      5D18A6E1 
 7387      3057345C 
 7388 0193 2081C51E 		.ascii	" \201\305\036\032G\265\022\250=,\204\025%c\005Xa\252"
 7388      1A47B512 
 7388      A83D2C84 
 7388      15256305 
 7388      5861AA
 7389 01a6 A5F2C0B3 		.ascii	"\245\362\300\263Fp\277&\034]|\253\356\\\265\264Gh\300"
 7389      4670BF26 
 7389      1C5D7CAB 
 7389      EE5CB5B4 
 7389      4768C0
 7390 01b9 B9423871 		.ascii	"\271B8q0\217\307l\347\011e\014"
 7390      308FC76C 
 7390      E709650C 
 7391              		.text
 7392              		.section	.gnu.lto_.symbol_nodes.840c018b,"e",%progbits
 7393 0000 28B52FFD 		.ascii	"(\265/\375`W\015\265\032\000f/\243<@\342JcS\212\275"
 7393      60570DB5 
 7393      1A00662F 
 7393      A33C40E2 
 7393      4A63538A 
 7394 0015 7277EA33 		.ascii	"rw\3523\257\335\2141p\300B\002\366\035p\3178;\301\001"
 7394      AFDD8C31 
 7394      70C04202 
 7394      F61D70CF 
 7394      383BC101 
 7395 0029 CF98B560 		.ascii	"\317\230\265`-\306Fg\367\337|\272\224\273w\377\277U"
 7395      2DC64667 
 7395      F7DF7CBA 
ARM GAS  C:\Users\PUBLIC~1.LAP\AppData\Local\Temp\ccG3WIcm.s 			page 365


 7395      94BB77FF 
 7395      BF55
 7396 003b B016C0FA 		.ascii	"\260\026\300\372\020\214\005\245\253.\012^\022\231\002"
 7396      108C05A5 
 7396      AB2E0A5E 
 7396      129902
 7397 004a 94008F00 		.ascii	"\224\000\217\000\222\000\023^&\341dl\037[\273\230\332"
 7397      9200135E 
 7397      26E1646C 
 7397      1F5BBB98 
 7397      DA
 7398 005b C3D20E86 		.ascii	"\303\322\016\206\366\257\263{\231\275\253\354\\d\337"
 7398      F6AFB37B 
 7398      99BDABEC 
 7398      5C64DF
 7399 006a 1ABB96D8 		.ascii	"\032\273\226\330\263\226\252!\226\260c\201\335N\371"
 7399      B396AA21 
 7399      96B06381 
 7399      DD4EF9
 7400 0079 BA95E275 		.ascii	"\272\225\342u\233\330u\213\310u\033e\353\026\212\326"
 7400      9BD8758B 
 7400      C8751B65 
 7400      EB168AD6 
 7401 0089 ED93AC5B 		.ascii	"\355\223\254['X\267M\256n\231X\335.\251\272U\022\341"
 7401      2758B74D 
 7401      AE6E9958 
 7401      DD2EA9BA 
 7401      5512E1
 7402 009c 360984DB 		.ascii	"6\011\204\333\303\007\267H\034\334\036ipk\204\352\326"
 7402      C307B748 
 7402      1CDC1E69 
 7402      706B84EA 
 7402      D6
 7403 00ad 90C16DE1 		.ascii	"\220\301m\341\324-\241\324\355`\324\255\340\202\333"
 7403      D42DA1D4 
 7403      ED60D4AD 
 7403      E082DB
 7404 00bc 40A85BC0 		.ascii	"@\250[\300\247\333?\247[\277\251TU\017\233n\373\230"
 7404      A7DB3FA7 
 7404      5BBFA954 
 7404      550F9B6E 
 7404      FB98
 7405 00ce 4EC54C55 		.ascii	"N\305LU\325\360\212}\373\213\241%J\3234]z\324\322\366"
 7405      D5F08A7D 
 7405      FB8BA125 
 7405      4AD3345D 
 7405      7AD4D2F6 
 7406 00e2 915B38EE 		.ascii	"\221[8\3569v\267\234\272;\316\215\033\216\215\373\015"
 7406      3976B79C 
 7406      BA3BCE8D 
 7406      1B8E8DFB 
 7406      0D
 7407 00f3 DDFD9CBB 		.ascii	"\335\375\234\273\335\324\270)i\334\223rw\233\270\233"
 7407      DDD4B829 
 7407      69DC9372 
 7407      779BB89B 
 7408 0103 4D19A035 		.ascii	"M\031\2405Tf\334kd\334j\340\3564o7\232\033\215F\243"
ARM GAS  C:\Users\PUBLIC~1.LAP\AppData\Local\Temp\ccG3WIcm.s 			page 366


 7408      5466DC6B 
 7408      64DC6AE0 
 7408      EE346F37 
 7408      9A1B8D46 
 7409 0118 31EE3330 		.ascii	"1\35630n\311\027\267\031\027w\231\0267\031\026\367\230"
 7409      6EC917B7 
 7409      19177799 
 7409      16371916 
 7409      F798
 7410 012a 15B71815 		.ascii	"\025\267\030\025wd\212;\014\212\033\314\211\373\213"
 7410      77648A3B 
 7410      0C8A1BCC 
 7410      89FB8B
 7411 0139 891BB2C4 		.ascii	"\211\033\262\304\355\205\304\335\305\355~\034qs\021"
 7411      ED85C4DD 
 7411      C5ED7E1C 
 7411      717311
 7412 0148 713B86B8 		.ascii	"q;\206\270\033A\334[>\334\214\036\356\305\016\267\026"
 7412      1B41DC5B 
 7412      3EDC8C1E 
 7412      EEC50EB7 
 7412      16
 7413 0159 0EB773C3 		.ascii	"\016\267s\303\235E\303\255\230\341l\030\276v\341j\026"
 7413      9D45C3AD 
 7413      98E16C18 
 7413      BE76E16A 
 7413      16
 7414 016a 9E56E168 		.ascii	"\236V\341h\024~\326v\263V5\340F$3\036y\361\0265\013"
 7414      147ED676 
 7414      B35635E0 
 7414      4624331E 
 7414      79F11635 
 7415 017f A45DFB24 		.ascii	"\244]\373$pv\213\232\003\314\214\306\004\210\335\"\247"
 7415      70768B9A 
 7415      03CC8CC6 
 7415      0488DD22 
 7415      A7
 7416 0190 B5E45EA1 		.ascii	"\265\344^\241\225\000a\327>\213\300\230_\227\351\004"
 7416      950061D7 
 7416      3E8BC098 
 7416      5F97E904 
 7417 01a0 E0458475 		.ascii	"\340E\204u\257\256U\355r\031u\013o\371\010o\367\006"
 7417      AFAE55ED 
 7417      7219750B 
 7417      6FF9086F 
 7417      F706
 7418 01b2 6FF5046F 		.ascii	"o\365\004o\363\002oU\300[\274\277\333\324\357\216\366"
 7418      F3026F55 
 7418      C05BBCBF 
 7418      DBD4EF8E 
 7418      F6
 7419 01c3 DD87F86E 		.ascii	"\335\207\370nC{w!\275\233P\336=H\275\005\341\335P\233"
 7419      437B7721 
 7419      BD9B50DE 
 7419      3D48BD05 
 7419      E1DD509B 
 7420 01d7 DEEBEF40 		.ascii	"\336\353\357@E\356J\"7\240!\367\037!\267\237 w\037 "
ARM GAS  C:\Users\PUBLIC~1.LAP\AppData\Local\Temp\ccG3WIcm.s 			page 367


 7420      45EE4A22 
 7420      37A021F7 
 7420      1F21B79F 
 7420      20771F20 
 7421 01eb 379F1FF7 		.ascii	"7\237\037\367\036\037\267\236\036w\036\0367\236\035"
 7421      1E1FB79E 
 7421      1E771E1E 
 7421      379E1D
 7422 01fa F71D1DB7 		.ascii	"\367\035\035\267\235\273\273N\216\233NFR\273\014\275"
 7422      9DBBBB4E 
 7422      8E9B4E46 
 7422      52BB0CBD 
 7423 020a 47EA35F4 		.ascii	"G\3525\364\032\251\320\313tB\257uB\357]s\362\311\306"
 7423      1AA9D0CB 
 7423      7442AF75 
 7423      42EF5D73 
 7423      F2C9C6
 7424 021d EBB56BA6 		.ascii	"\353\265k\246\361z\353\324x\275tK\257wn\312\353\225"
 7424      F17AEBD4 
 7424      78BD744B 
 7424      AF776ECA 
 7424      EB95
 7425 022f BBF27AE3 		.ascii	"\273\362z\343\210\274^\270\246\225\327\373V\345\365"
 7425      88BC5EB8 
 7425      A695D7FB 
 7425      56E5F5
 7426 023e 4A4179BD 		.ascii	"JAy\275O\317'\257w\311\311\353Uzz\275IM\257\027\351"
 7426      4FCF27AF 
 7426      77C9C9EB 
 7426      557A7ABD 
 7426      494DAF17 
 7427 0253 A9E815CA 		.ascii	"\251\350\025\312\225O\376\343\344>\266\012 \"e\223\367"
 7427      954FFEE3 
 7427      E43EB60A 
 7427      20226593 
 7427      F7
 7428 0264 D894B7CD 		.ascii	"\330\224\267\315\022YO^\243'\223\317,Y\3622\233\012"
 7428      12594F5E 
 7428      A32793CF 
 7428      2C59F232 
 7428      9B0A
 7429 0276 6CE6329D 		.ascii	"l\3462\235\011<\3462\233\010\034y\215\234\326\246i\212"
 7429      093CE632 
 7429      9B081C79 
 7429      8D9CD6A6 
 7429      698A
 7430 0288 A764C86B 		.ascii	"\247d\310k\233v\031Y\351&1\311\217\007\354x\003\200"
 7430      9B761959 
 7430      E92631C9 
 7430      8F07EC78 
 7430      0380
 7431 029a AEA82108 		.ascii	"\256\250!\010\003\003[IjM\007`\2236I:\021@\004\030\006"
 7431      03035B49 
 7431      6A4D0760 
 7431      9336493A 
 7431      11400418 
 7432 02af 29412102 		.ascii	")A!\002\"(6{\021\310\376\266,\232\036\374\201V[\030"
ARM GAS  C:\Users\PUBLIC~1.LAP\AppData\Local\Temp\ccG3WIcm.s 			page 368


 7432      2228367B 
 7432      11C8FEB6 
 7432      2C9A1EFC 
 7432      81565B18 
 7433 02c3 824EA37C 		.ascii	"\202N\243|\243M\233M\034K3,\266\203\2107Mi\244\314\371"
 7433      A34D9B4D 
 7433      1C4B332C 
 7433      B6838837 
 7433      4D69A4CC 
 7434 02d8 E7376EFD 		.ascii	"\3477n\375\330\254\320V\352\001\200\302\\\267\037\005"
 7434      D8ACD056 
 7434      EA0180C2 
 7434      5CB71F05 
 7435 02e8 8F278F6B 		.ascii	"\217'\217k\372\263\006\270\343\263\012w&\034G\217\004"
 7435      FAB306B8 
 7435      E3B30A77 
 7435      261C478F 
 7435      04
 7436 02f9 6281FED8 		.ascii	"b\201\376\330 \272p6\360\254\365\020k\244\020\204!\010"
 7436      20BA7036 
 7436      F0ACF510 
 7436      6BA41084 
 7436      2108
 7437 030b 41182074 		.ascii	"A\030 tl\025\027\317\034\014\023\240@\300\312\001\200"
 7437      6C1517CF 
 7437      1C0C13A0 
 7437      40C0CA01 
 7437      80
 7438 031c 7CC3AD6E 		.ascii	"|\303\255n\343\023\371\000\342m~\313|#\313\014\010\022"
 7438      E313F900 
 7438      E26D7ECB 
 7438      7C23CB0C 
 7438      0812
 7439 032e A040C000 		.ascii	"\240@\300\000\260\216\037\223\022\034X\212\320DQ\202"
 7439      B08E1F93 
 7439      121C588A 
 7439      D0445182 
 7440 033e 0781B3A5 		.ascii	"\007\201\263\245\301\270\303\275\016,kJ\2342aB\211\020"
 7440      C1B8C3BD 
 7440      0E2C6B4A 
 7440      9C326142 
 7440      8910
 7441 0350 A1448850 		.ascii	"\241D\210P\"DH\216\314k<\373_4\240\253"
 7441      2244488E 
 7441      CC6B3CFB 
 7441      5F34A0AB 
 7442              		.text
 7443              		.section	.gnu.lto_.refs.840c018b,"e",%progbits
 7444 0000 28B52FFD 		.ascii	"(\265/\375 \005)\000\000\001\000\000\000\000"
 7444      20052900 
 7444      00010000 
 7444      0000
 7445              		.text
 7446              		.section	.gnu.lto_.decls.840c018b,"e",%progbits
 7447 0000 28B52FFD 		.ascii	"(\265/\375`\263d5R\001\212\014\302rP \012Y+\215\001"
 7447      60B36435 
 7447      52018A0C 
ARM GAS  C:\Users\PUBLIC~1.LAP\AppData\Local\Temp\ccG3WIcm.s 			page 369


 7447      C2725020 
 7447      0A592B8D 
 7448 0015 40834659 		.ascii	"@\203FY@\005\031\200\316\304c\347\331\006\205H\200\010"
 7448      40051980 
 7448      CEC463E7 
 7448      D9068548 
 7448      8008
 7449 0027 5A03240B 		.ascii	"Z\003$\013Qd\354x\215a4\233\372\276\247(\347\244P\335"
 7449      5164EC78 
 7449      8D61349B 
 7449      FABEA728 
 7449      E7A450DD 
 7450 003b 34554D77 		.ascii	"4UMw\275\353\231!\374\204Et\273\256k\3159\203\305u\225"
 7450      BDEB9921 
 7450      FC844574 
 7450      BBAE6BCD 
 7450      3983C575 
 7451 0050 ADFF15E4 		.ascii	"\255\377\025\344xe@\234(\311\226RJ\231\002\021\006\346"
 7451      7865409C 
 7451      28C99652 
 7451      4A990211 
 7451      06E6
 7452 0062 06640719 		.ascii	"\006d\007\031\360\255\235\266\321\252\223bPs\322\250"
 7452      F0AD9DB6 
 7452      D1AA9362 
 7452      5073D2A8 
 7453 0072 F2EE0856 		.ascii	"\362\356\010V\324\342\3339}KD\337B\365\355\232\276\375"
 7453      D4E2DB39 
 7453      7D4B44DF 
 7453      42F5ED9A 
 7453      BEFD
 7454 0084 A131D49C 		.ascii	"\2411\324\234\364\226\207\246\000\027\245\341\006\371"
 7454      F49687A6 
 7454      0017A5E1 
 7454      06F9
 7455 0092 4AE6AF8E 		.ascii	"J\346\257\216\3651\261G\233\235\305<;\257\220\231\314"
 7455      F531B147 
 7455      9B9DC53C 
 7455      3BAF9099 
 7455      CC
 7456 00a3 ADAACAE2 		.ascii	"\255\252\312\342\333/\375h\325Iu\315I942\326\324\020"
 7456      DB2FFD68 
 7456      D54975CD 
 7456      49393432 
 7456      D6D410
 7457 00b6 3C226871 		.ascii	"<\"hq\015\303\301\376\200\"\266-\276\325\322\205\206"
 7457      0DC3C1FE 
 7457      8022B62D 
 7457      BED5D285 
 7457      86
 7458 00c7 69937259 		.ascii	"i\223rY*b\265\202\265\304\011\223\252\302(i\240{\223"
 7458      2A62B582 
 7458      B5C40993 
 7458      AAC22869 
 7458      A07B93
 7459 00da D14161E2 		.ascii	"\321Aa\342\334\221R\001w\032\032\350\336{\211_\005\264"
 7459      DC915201 
ARM GAS  C:\Users\PUBLIC~1.LAP\AppData\Local\Temp\ccG3WIcm.s 			page 370


 7459      771A1AE8 
 7459      DE7B895F 
 7459      05B4
 7460 00ec 82562459 		.ascii	"\202V$Yj\264\362\331La\330[\355\012\272\367\376_\277"
 7460      6AB4F2D9 
 7460      4C61D85B 
 7460      ED0ABAF7 
 7460      FE5FBF
 7461 00ff 542D754B 		.ascii	"T-uK\365R\257T.\025L\355R\027+\226\232W\263\374uJ\245"
 7461      F552AF54 
 7461      2E154CED 
 7461      52172B96 
 7461      9A57B3FC 
 7462 0116 721CFD89 		.ascii	"r\034\375\211\177'K=\254\2046S\030\366\011|g\240{\223"
 7462      7F274B3D 
 7462      AC843653 
 7462      18F6097C 
 7462      67A07B93 
 7463 012a D165A94F 		.ascii	"\321e\251O*\240\315TtGQ`B\225\305\025\271\367\026\000"
 7463      2AA0CD54 
 7463      74475160 
 7463      4295C515 
 7463      B9F71600 
 7464 013e 07010820 		.ascii	"\007\001\010 cm\351\221\3210\210\331\346\012\037\025"
 7464      636DE991 
 7464      D13088D9 
 7464      E60A1F15 
 7465 014e 5FABFC75 		.ascii	"_\253\374u\256\036\241 \246N\320\211\3055q\347U\321"
 7465      AE1EA120 
 7465      A64ED089 
 7465      C53571E7 
 7465      55D1
 7466 0160 A259FD45 		.ascii	"\242Y\375EY\254\254\323<\273\352\244\351SN\277B\365"
 7466      59ACACD3 
 7466      3CBBEAA4 
 7466      E9534EBF 
 7466      42F5
 7467 0172 AB9A7E2D 		.ascii	"\253\232~-\323u\213\351W\034z0\322&\222\317-.\361FW"
 7467      D3758BE9 
 7467      571C7A30 
 7467      D22692CF 
 7467      2D2EF146 
 7468 0187 51C25867 		.ascii	"Q\302Xg\361_\003_\0057T\034Yjb\026\357\354\274\006R"
 7468      F15F035F 
 7468      0537541C 
 7468      596A6216 
 7468      EFECBC06 
 7469 019c 984C7343 		.ascii	"\230LsC\322\342\327,\375\327\277W\300\2772\251}Z\354"
 7469      D2E2D72C 
 7469      FDD7BF57 
 7469      C0BF32A9 
 7469      7D5AEC
 7470 01af EC09188B 		.ascii	"\354\011\030\213k\223\235\327?\233\256\037se,\016Qs"
 7470      6B939DD7 
 7470      3F9BAE1F 
 7470      73652C0E 
 7470      5173
ARM GAS  C:\Users\PUBLIC~1.LAP\AppData\Local\Temp\ccG3WIcm.s 			page 371


 7471 01c1 D2D729AD 		.ascii	"\322\327)\255L\254:\351\317\324\234\364&\241\253uu\317"
 7471      4CAC3AE9 
 7471      CFD49CF4 
 7471      26A1AB75 
 7471      75CF
 7472 01d3 3EF79EDA 		.ascii	">\367\236\332{oP\302\025a\342\305\342\252\244\336\325"
 7472      7B6F50C2 
 7472      1561E2C5 
 7472      E2AAA4DE 
 7472      D5
 7473 01e4 3C0CAADE 		.ascii	"<\014\252\336k\246\2427\025\316\364\015z\261\370\035"
 7473      6BA6A237 
 7473      15CEF40D 
 7473      7AB1F81D 
 7474 01f4 D03646AF 		.ascii	"\3206F\257x_J\262Q\334F\277b\220\336LNNNV\014\322j\267"
 7474      785F4AB2 
 7474      51DC46BF 
 7474      6290DE4C 
 7474      4E4E4E56 
 7475 020c F39A24A7 		.ascii	"\363\232$\247f*\272#\367\3367\025\312!\230-\0263\240"
 7475      662ABA23 
 7475      F7DE3715 
 7475      CA21982D 
 7475      1633A0
 7476 021f E6A4B71A 		.ascii	"\346\244\267\032\303\256:\251\3355'\305\273\346\244"
 7476      C3AE3AA9 
 7476      DD3527C5 
 7476      BBE6A4
 7477 022e 76579D94 		.ascii	"vW\235\224\202\232\223\246\273\346\244\1775\362\327"
 7477      829A93A6 
 7477      BBE6A47F 
 7477      35F2D7
 7478 023d 22350E03 		.ascii	"\"5\016\003\234\344\271#\367\216\342T4S\242\244,\246"
 7478      9CE4B923 
 7478      F78EE254 
 7478      3453A2A4 
 7478      2CA6
 7479 024f A0EAA4B8 		.ascii	"\240\352\244\270\346\244\212z\207H\240\300\375\365\313"
 7479      E6A48A7A 
 7479      8748A0C0 
 7479      FDF5CB
 7480 025e 06A6F98D 		.ascii	"\006\246\371\215\375\025\316\346\345\370\253\335_}\310"
 7480      FD15CEE6 
 7480      E5F8ABDD 
 7480      5F7DC8
 7481 026d 7DA0026F 		.ascii	"}\240\002oM\265\012\000\361\221!\360\327,K\326\363\225"
 7481      4DB50A00 
 7481      F19121F0 
 7481      D72C4BD6 
 7481      F395
 7482 027f 3BF86B5B 		.ascii	";\370k[\216\022V\353\002+\017\177\355\242\221qv\316"
 7482      8E1256EB 
 7482      022B0F7F 
 7482      EDA29171 
 7482      76CE
 7483 0291 F5F9D73A 		.ascii	"\365\371\327:1(L\206\304\221!^\021\366\263\200\251\344"
 7483      31284C86 
ARM GAS  C:\Users\PUBLIC~1.LAP\AppData\Local\Temp\ccG3WIcm.s 			page 372


 7483      C491215E 
 7483      11F6B380 
 7483      A9E4
 7484 02a3 AF7016E7 		.ascii	"\257p\026\347\203\312\244\005\231\325_\243\256\227\302"
 7484      83CAA405 
 7484      99D55FA3 
 7484      AE97C2
 7485 02b2 8A03A8BF 		.ascii	"\212\003\250\277\336\235\030\341\257Y8\004\300\026\370"
 7485      DE9D18E1 
 7485      AF593804 
 7485      C016F8
 7486 02c1 AD23117B 		.ascii	"\255#\021{\342\033~\245\205\377\202`C \367_\241E\313"
 7486      E21B7EA5 
 7486      85FF8260 
 7486      4320F75F 
 7486      A145CB
 7487 02d4 6324CD8D 		.ascii	"c$\315\215\263\003\370o\221\337:\022\251Vy\022\212\026"
 7487      B303F86F 
 7487      91DF3A12 
 7487      A9567912 
 7487      8A16
 7488 02e6 CAF5BE80 		.ascii	"\312\365\276\200_Y#\225\253\334!\212J\266\262N\271B"
 7488      5F592395 
 7488      ABDC218A 
 7488      4AB6B24E 
 7488      B942
 7489 02f8 0E8D8000 		.ascii	"\016\215\200\000M\341\205\203\022\344\257_uD\231\277"
 7489      4DE18583 
 7489      12E4AF5F 
 7489      754499BF 
 7490 0308 7E09DEB7 		.ascii	"~\011\336\267\377x\201=\376\313\2011\377-\241\221\204"
 7490      FF78813D 
 7490      FECB8131 
 7490      FF2DA191 
 7490      84
 7491 0319 2FFF7D5A 		.ascii	"/\377}Z\374o\023\026&E\245)H\206\031 \374\257\014'\377"
 7491      FC6F1316 
 7491      2645A529 
 7491      48861920 
 7491      FCAF0C27 
 7492 032e 15C1EFBF 		.ascii	"\025\301\357\277E|\377\015\001\357\277\030\260\373\255"
 7492      457CFF0D 
 7492      01EFBF18 
 7492      B0FBAD
 7493 033d 88EBF6FC 		.ascii	"\210\353\366\374\247H\256\000\340\277\336\205\336 \377"
 7493      A748AE00 
 7493      E0BFDE85 
 7493      DE20FF
 7494 034c 052135F2 		.ascii	"\005!5\362\327\274\277*\371k\217\277n\012\244C\376:"
 7494      D7BCBF2A 
 7494      F96B8FBF 
 7494      6E0AA443 
 7494      FE3A
 7495 035e F757A918 		.ascii	"\367W\251\030n\177\015\362W$\177\265\340\353\003\266"
 7495      6E7F0DF2 
 7495      57247FB5 
 7495      E0EB03B6 
ARM GAS  C:\Users\PUBLIC~1.LAP\AppData\Local\Temp\ccG3WIcm.s 			page 373


 7496 036e BFB2D523 		.ascii	"\277\262\325#\377'\257P\232\366\327\265e\217\277\026"
 7496      FF27AF50 
 7496      9AF6D7B5 
 7496      658FBF16 
 7497 037e F92F7881 		.ascii	"\371/x\201\310\232\\6+?\260\277v\361\335\265<\254\277"
 7497      C89A5C36 
 7497      2B3FB0BF 
 7497      76F1DDB5 
 7497      3CACBF
 7498 0391 42FF9AF6 		.ascii	"B\377\232\366[$W\355\024\220\313P\377}!\366\333\017"
 7498      5B2457ED 
 7498      1490CB50 
 7498      FF7D21F6 
 7498      DB0F
 7499 03a3 2DBC7EEB 		.ascii	"-\274~\353v\201\\o\210\005\326\332MS\223\300\012\012"
 7499      76815C6F 
 7499      8805D6DA 
 7499      4D5393C0 
 7499      0A0A
 7500 03b5 7F4AF5D7 		.ascii	"\177J\365\327\021\033\244!\270\252}\327\273\033\374"
 7500      111BA421 
 7500      B8AA7DD7 
 7500      BB1BFC
 7501 03c4 C7F953A7 		.ascii	"\307\371S\247\337\242\335\037\377\361\200\374\025\356"
 7501      DFA2DD1F 
 7501      FFF180FC 
 7501      15EE
 7502 03d2 7AD94509 		.ascii	"z\331E\011f\001*\360\333\261\213\366\327\254\353\345"
 7502      66012AF0 
 7502      DBB18BF6 
 7502      D7ACEBE5 
 7503 03e2 147F6D1B 		.ascii	"\024\177m\033\200\004\300\256\217/\024m:n\217\034\003"
 7503      8004C0AE 
 7503      8F2F146D 
 7503      3A6E8F1C 
 7503      03
 7504 03f3 F82B5C00 		.ascii	"\370+\\\000\202\266\356\231\226\210\253k\366\037\317"
 7504      82B6EE99 
 7504      9688AB6B 
 7504      F61FCF
 7505 0402 6AC37F49 		.ascii	"j\303\177I\2440\376{A\372\200\012\034\360W4\021=\023"
 7505      A430FE7B 
 7505      41FA800A 
 7505      1CF05734 
 7505      113D13
 7506 0415 30000402 		.ascii	"0\000\004\002\376\353!\335\340\267'\33428\032\271\302"
 7506      FEEB21DD 
 7506      E0B727DC 
 7506      32381AB9 
 7506      C2
 7507 0426 ED909E88 		.ascii	"\355\220\236\210\272d\377\361v\256\277\345\300}\342"
 7507      BA64FFF1 
 7507      76AEBFE5 
 7507      C07DE2
 7508 0435 B0505D6E 		.ascii	"\260P]n\016\211\263\213\223V\360\327.;\302\035;\022"
 7508      0E89B38B 
 7508      9356F0D7 
ARM GAS  C:\Users\PUBLIC~1.LAP\AppData\Local\Temp\ccG3WIcm.s 			page 374


 7508      2E3BC21D 
 7508      3B12
 7509 0447 6C5E1E23 		.ascii	"l^\036#\212\3700p\305\340n\341\307u\177\035ac\334\260"
 7509      8AF83070 
 7509      C5E06EE1 
 7509      C7757F1D 
 7509      6163DCB0 
 7510 045b 0FD8605C 		.ascii	"\017\330`\\\260\257\353\035\303\217\275\376\332\365"
 7510      B0AFEB1D 
 7510      C38FBDFE 
 7510      DAF5
 7511 0469 571E7FE5 		.ascii	"W\036\177\345\372\355\212\273\243\236]\3577?\236\361"
 7511      FAED8ABB 
 7511      A39E5DEF 
 7511      373F9EF1 
 7512 0479 D7361B0A 		.ascii	"\3276\033\012\251\316\32587\265\360\327\270\213\237"
 7512      A9CED538 
 7512      37B5F0D7 
 7512      B88B9F
 7513 0488 FE694D07 		.ascii	"\376iM\007W\007\007\032\370\353\235\001n\216:\342\025"
 7513      5707071A 
 7513      F8EB9D01 
 7513      6E8E3AE2 
 7513      15
 7514 0499 7E6C746B 		.ascii	"~ltkz\321&'\375~\377L\346\267\220_^\377\274\370\333"
 7514      7AD12627 
 7514      FD7EFF4C 
 7514      E6B7905F 
 7514      5EFFBCF8 
 7515 04ae 462BD743 		.ascii	"F+\327C\374-\316\355\237\245\374uD\027\375g(\213\202"
 7515      FC2DCEED 
 7515      9FA5FC75 
 7515      4417FD67 
 7515      288B82
 7516 04c1 5A947FFE 		.ascii	"Z\224\177\376\253Y\266\000\227\353?\336\377\017\226"
 7516      AB59B600 
 7516      97EB3FDE 
 7516      FF0F96
 7517 04d0 0013F82B 		.ascii	"\000\023\370+\325_\265\376j\301_\371N\002\313k\376\314"
 7517      D55FB5FE 
 7517      6AC15FF9 
 7517      4E02CB6B 
 7517      FECC
 7518 04e2 E4AFF83F 		.ascii	"\344\257\370?\231z\343\345\177\025k\363\013?\206\361"
 7518      997AE3E5 
 7518      7F156BF3 
 7518      0B3F86F1 
 7519 04f2 5F1C5CFE 		.ascii	"_\034\\\376\017\376\017cm.\326\177\253~{\3416?\366\371"
 7519      0FFE0F63 
 7519      6D2ED67F 
 7519      AB7E7BE1 
 7519      363FF6F9 
 7520 0506 6F8DFF4E 		.ascii	"o\215\377N\375W\352\267\212\377\335\277=\374/\010~\013"
 7520      FD57EAB7 
 7520      8AFFDDBF 
 7520      3DFC2F08 
 7520      7E0B
ARM GAS  C:\Users\PUBLIC~1.LAP\AppData\Local\Temp\ccG3WIcm.s 			page 375


 7521 0518 E5BF1EF8 		.ascii	"\345\277\036\370m\340\1779\360\337\022\376K\302\177"
 7521      6DE07F39 
 7521      F0DF12FE 
 7521      4BC27F
 7522 0527 9FFEDBF4 		.ascii	"\237\376\333\364_\246\377*\375\027\351\277\031\370\257"
 7522      5FA6FF2A 
 7522      FD17E9BF 
 7522      19F8AF
 7523 0536 8CFF8AF0 		.ascii	"\214\377\212\360\337\242\377\206\360_\014\374\367\002"
 7523      DFA2FF86 
 7523      F05F0CFC 
 7523      F702
 7524 0544 FF05E1BF 		.ascii	"\377\005\341\277\024\370o\214\377~\360_\241\377.\377"
 7524      14F86F8C 
 7524      FF7EF05F 
 7524      A1FF2EFF 
 7525 0554 0BF45BBF 		.ascii	"\013\364[\277\337\346\375V\356\277/\376\333\342\267"
 7525      DFE6FD56 
 7525      EEBF2FFE 
 7525      DBE2B7
 7526 0563 D0FFB2F8 		.ascii	"\320\377\262\370\255\332\177W\374\227\001\377\355\340"
 7526      ADDA7F57 
 7526      FC9701FF 
 7526      EDE0
 7527 0571 B73EFE5B 		.ascii	"\267>\376[\342\277\005\370\355\363\277\003\370\355\327"
 7527      E2BF05F8 
 7527      EDF3BF03 
 7527      F8EDD7
 7528 0580 6F73FC37 		.ascii	"os\3747\000\277\325\372\255\325\177I\374\367\202\377"
 7528      00BFD5FA 
 7528      ADD57F49 
 7528      FCF782FF 
 7529 0590 56F05F11 		.ascii	"V\360_\021\377\235\340\277 \376\353\341\2674\376\333"
 7529      FF9DE0BF 
 7529      20FEEBE1 
 7529      B734FEDB 
 7530 05a0 E1B7FBB7 		.ascii	"\341\267\373\267P\377\315\371/\316o\217~[\364[\346o"
 7530      50FFCDF9 
 7530      2FCE6F8F 
 7530      7E5BF45B 
 7530      E66F
 7531 05b2 3FF86D8B 		.ascii	"?\370m\213\337\246\370\257\315\177)\374W\3777\375/\376"
 7531      DFA6F8AF 
 7531      CD7F29FC 
 7531      57FF37FD 
 7531      2FFE
 7532 05c4 2D07BF3D 		.ascii	"-\007\277=\361\337\372\333\311\337\232\371-\344o\037"
 7532      F1DFFADB 
 7532      C9DF9AF9 
 7532      2DE46F1F 
 7533 05d4 7FDBF8DB 		.ascii	"\177\333\370\3330\277\375\362\333.\277]\374\255\226"
 7533      30BFFDF2 
 7533      DB2EBF5D 
 7533      FCAD96
 7534 05e3 DF12E0B7 		.ascii	"\337\022\340\267X~k\345\267T~k\370\333\301\337\376\375"
 7534      587E6BE5 
 7534      B7547E6B 
ARM GAS  C:\Users\PUBLIC~1.LAP\AppData\Local\Temp\ccG3WIcm.s 			page 376


 7534      F8DBC1DF 
 7534      FEFD
 7535 05f5 76C96FE9 		.ascii	"v\311o\351~\373\366[\266\337\376\370-\331o\303~\273"
 7535      7EFBF65B 
 7535      B6DFFEF8 
 7535      2DD96FC3 
 7535      7EBB
 7536 0607 E3B7377E 		.ascii	"\343\2677~\213\365[\347o\245~\333\201\337\"\375V\204"
 7536      8BF55BE7 
 7536      6FA57EDB 
 7536      81DF22FD 
 7536      5684
 7537 0619 DF0EFD76 		.ascii	"\337\016\375v\002\277\005\372\255\317o\017\360[\024"
 7537      02BF05FA 
 7537      ADCF6F0F 
 7537      F05B14
 7538 0628 BFCDE0B7 		.ascii	"\277\315\340\267$~;\342\267\312\377\223\177\345\373"
 7538      247E3BE2 
 7538      B7CAFF93 
 7538      7FE5FB
 7539 0637 EB8530BF 		.ascii	"\353\2050\277\375\360\333\016\177\035\361[\235\337\342"
 7539      FDF0DB0E 
 7539      7F1DF15B 
 7539      9DDFE2
 7540 0646 FC27F15F 		.ascii	"\374'\361_\357\267\027~\253\377\352\367\327\276\277"
 7540      EFB7177E 
 7540      ABFFEAF7 
 7540      D7BEBF
 7541 0655 32F9EB92 		.ascii	"2\371\353\222\277b\370\353\315\177\306\377q\377\265"
 7541      BF62F8EB 
 7541      CD7FC6FF 
 7541      71FFB5
 7542 0664 FE0BFEE7 		.ascii	"\376\013\376\347\300\344\344\344\344\257\201\353\307"
 7542      C0E4E4E4 
 7542      E4AF81EB 
 7542      C7
 7543 0671 81FE0A60 		.ascii	"\201\376\012`\006u7\200\202\275\271\244\2420\354\275"
 7543      06753780 
 7543      82BDB9A4 
 7543      A230ECBD 
 7544 0681 B773AA6C 		.ascii	"\267s\252l\253:\357\312\242\366T\031#\216\363\256l\313"
 7544      AB3AEFCA 
 7544      A2F65419 
 7544      238EF3AE 
 7544      6CCB
 7545 0693 79F7D412 		.ascii	"y\367\324\022\341\214\226\335\330SO\255\272\247\244"
 7545      E18C96DD 
 7545      D8534FAD 
 7545      BAA7A4
 7546 06a2 B49CD1BD 		.ascii	"\264\234\321\275q\366~n\347]\331\026\316\216Ji\355\350"
 7546      71F67E6E 
 7546      E75DD916 
 7546      CE8E4A69 
 7546      EDE8
 7547 06b4 DE356EEA 		.ascii	"\3365n\352\271\235\373\251U\235\273l\357\275\2378\316"
 7547      B99DFBA9 
 7547      559DBB6C 
ARM GAS  C:\Users\PUBLIC~1.LAP\AppData\Local\Temp\ccG3WIcm.s 			page 377


 7547      EFBD9F38 
 7547      CE
 7548 06c5 A967D4BE 		.ascii	"\251g\324\276+\333\252\373\256L\313yW\246\205\343\214"
 7548      2BDBAAFB 
 7548      AE4CCB79 
 7548      57A685E3 
 7548      8C
 7549 06d6 4AED1D95 		.ascii	"J\355\035\225\212\022\261\267\224\226\363\256M\013g"
 7549      8A12B1B7 
 7549      9496F3AE 
 7549      4D0B67
 7550 06e5 4F954539 		.ascii	"O\225E9\357\244\266\032\260w\224Z`T\215\232\241\004"
 7550      EFA4B61A 
 7550      B077945A 
 7550      60548D9A 
 7550      A104
 7551 06f7 6DDF495D 		.ascii	"m\337I]Y-\347\376\332{{\325\350\324\356\332{\352\331"
 7551      592DE7FE 
 7551      DA7B7BD5 
 7551      E8D4EEDA 
 7551      7BEAD9
 7552 070a 612B793A 		.ascii	"a+y:\017g<ov\\\026\224j\357\235\356\275\367\333\027"
 7552      0F673C6F 
 7552      765C1694 
 7552      6AEF9DEE 
 7552      BDF7DB17 
 7553 071e 0EE09682 		.ascii	"\016\340\226\202\356\304.)\011\264\366\376\212\212\356"
 7553      EEC42E29 
 7553      09B4F6FE 
 7553      8A8AEE
 7554 072d AF34BA25 		.ascii	"\2574\272%\330\211\320\275wTb\215&\356(\300\251\275"
 7554      D889D0BD 
 7554      7754628D 
 7554      26EE28C0 
 7554      A9BD
 7555 073f 2BE0DE5D 		.ascii	"+\340\336]5\366\336\030\366\266\260\247n\\\3150{\332"
 7555      35F6DE18 
 7555      F6B6B0A7 
 7555      6E5CCD30 
 7555      7BDA
 7556 0751 D498F13C 		.ascii	"\324\230\361<a\013!\253{\357\275\345\2743{\3568\311"
 7556      610B21AB 
 7556      7BEFBDE5 
 7556      BC337BEE 
 7556      38C9
 7557 0763 BB83EE19 		.ascii	"\273\203\356\031\321\250\352\274zn\350\336R\246\245"
 7557      D1A8EABC 
 7557      7A6EE8DE 
 7557      52A6A5
 7558 0772 EFA2A27B 		.ascii	"\357\242\242{o\357]\035m\332\246\020\376Y\014\206\303"
 7558      6FEF5D1D 
 7558      6DDAA610 
 7558      FE590C86 
 7558      C3
 7559 0783 F4932282 		.ascii	"\364\223\"\202\210?\300v\340\256\232G\002{\335\376\331"
 7559      883FC076 
 7559      E0AE9A47 
ARM GAS  C:\Users\PUBLIC~1.LAP\AppData\Local\Temp\ccG3WIcm.s 			page 378


 7559      027BDDFE 
 7559      D9
 7560 0794 B667A9E8 		.ascii	"\266g\251\350~\334;zc!\3143\032\306\342\327\214\351"
 7560      7EDC3B7A 
 7560      6321CC33 
 7560      1AC6E2D7 
 7560      8CE9
 7561 07a6 5712E99D 		.ascii	"W\022\351\235\234\254$R\234\303\002\327\244a\231\305"
 7561      9CAC2452 
 7561      9CC302D7 
 7561      A46199C5 
 7562 07b6 AFB1A131 		.ascii	"\257\261\2411\327\243\026\252\336\342\027\017\213\361"
 7562      D7A316AA 
 7562      DEE2170F 
 7562      8BF1
 7563 07c4 0D8BB730 		.ascii	"\015\213\2670\216\343\033X\353<(n"
 7563      8EE31B58 
 7563      EB3C286E 
 7564 07d0 33856FE0 		.ascii	"3\205o\340\275\245j\025q\241V\021\367\312\017\0172\305"
 7564      BDA56A15 
 7564      71A15611 
 7564      F7CA0F0F 
 7564      32C5
 7565 07e2 AFA1CAAA 		.ascii	"\257\241\312\252E$\203\354\260\370zR\343*lU\3630\026"
 7565      452483EC 
 7565      B0F87A52 
 7565      E32A6C55 
 7565      F33016
 7566 07f5 BE3A0F8A 		.ascii	"\276:\017\212\327h\242\223q\357m\301&\214\260\312\226"
 7566      D768A293 
 7566      71EF6DC1 
 7566      268CB0CA 
 7566      96
 7567 0806 C5D7923A 		.ascii	"\305\327\222:\004\273rH?Y9\244?\246\302N\345]\022#|"
 7567      04BB7248 
 7567      3F5939A4 
 7567      3FA6C24E 
 7567      E55D1223 
 7568 081b 16E31328 		.ascii	"\026\343\023(\014\271\012\234\262\370\032\214\216\234"
 7568      0CB90A9C 
 7568      B2F81A8C 
 7568      8E9C
 7569 0829 5BDC3247 		.ascii	"[\3342G\345\357F\326'7\360j\203\351\303\022)8\210\304"
 7569      E5EF46D6 
 7569      2737F06A 
 7569      83E9C312 
 7569      293888C4 
 7570 083d 0A3111CD 		.ascii	"\0121\021\315\316\342\224\303;\245\016Nz\301\212\234"
 7570      CEE294C3 
 7570      3BA50E4E 
 7570      7AC18A9C 
 7571 084d EBE278B3 		.ascii	"\353\342x\263\324\301-W\013\242 a\025\032<\205\243n"
 7571      D4C12D57 
 7571      0BA22061 
 7571      151A3C85 
 7571      A36E
 7572 085f 991BE63E 		.ascii	"\231\033\346>\3364\367\013\336\327\3612^0\227\014\226"
ARM GAS  C:\Users\PUBLIC~1.LAP\AppData\Local\Temp\ccG3WIcm.s 			page 379


 7572      DE34F70B 
 7572      DED7F132 
 7572      5E30970C 
 7572      96
 7573 0870 BA8D78C6 		.ascii	"\272\215x\306\025s!\357\231;\006\327\270f\256$\246q"
 7573      157321EF 
 7573      993B06D7 
 7573      B866AE24 
 7573      A671
 7574 0882 276BDE8D 		.ascii	"'k\336\215\374/\227\333\345^\251\203e\240{+\212\311"
 7574      FC2F97DB 
 7574      E55EA983 
 7574      65A07B2B 
 7574      8AC9
 7575 0894 3167BBE6 		.ascii	"1g\273\346\270<\221\202\304y\021\257b\035<\0239\367"
 7575      B83C9182 
 7575      C47911AF 
 7575      621D3C13 
 7575      39F7
 7576 08a6 05BA3796 		.ascii	"\005\2727\226\033Y\245\324\310\032\335\303sa\252\230"
 7576      1B59A5D4 
 7576      C81ADDC3 
 7576      7361AA98 
 7577 08b6 B94F6E64 		.ascii	"\271Ond-s\243\324\350\036FB\005\335\233\314\312\234"
 7577      2D73A3D4 
 7577      E81E4642 
 7577      05DD9BCC 
 7577      CA9C
 7578 08c8 E43D8CBC 		.ascii	"\344=\214\274T\352 \007\252\275\217\250)\353\024\313"
 7578      54EA2007 
 7578      AABD8FA8 
 7578      29EB14CB 
 7579 08d8 C444EEAD 		.ascii	"\304D\356\255\310Ay\006\314\016\315\000\370\372\206"
 7579      C8417906 
 7579      CC0ECD00 
 7579      F8FA86
 7580 08e7 AE79569D 		.ascii	"\256yV\235\264r\325\234\364:K_W\351k\032\372z\353+\313"
 7580      B472D59C 
 7580      F43A4B5F 
 7580      57E96B1A 
 7580      FA7AEB2B 
 7581 08fc E82B1BF5 		.ascii	"\350+\033\365\225\213\372J+\372\312C}%\241~\364O_\271"
 7581      958BFA4A 
 7581      2BFACA43 
 7581      7D25A17E 
 7581      F44F5FB9 
 7582 0910 A7BF67A7 		.ascii	"\247\277g\247\007\3553\345A\267\243\3135\374/\224[X"
 7582      07ED33E5 
 7582      41B7A3CB 
 7582      35FC2F94 
 7582      5B58
 7583 0922 F7EC936A 		.ascii	"\367\354\223j\254\210\244\305O\254:\251M\315I\017Xs"
 7583      AC88A4C5 
 7583      4FAC3AA9 
 7583      4DCD490F 
 7583      5873
 7584 0934 D22B8FE8 		.ascii	"\322+\217\350+\213\350'\326\234t\260\216\201q\033\003"
ARM GAS  C:\Users\PUBLIC~1.LAP\AppData\Local\Temp\ccG3WIcm.s 			page 380


 7584      2B8BE827 
 7584      D69C74B0 
 7584      8E81711B 
 7584      03
 7585 0945 F8EBE475 		.ascii	"\370\353\344u\317>+\274\235qjYl\303v~\001/\260\365!"
 7585      CF3E2BBC 
 7585      9D716A59 
 7585      6CC3767E 
 7585      012FB0F5 
 7586 095a A659FC2D 		.ascii	"\246Y\374-\267\211\331\205<1V\226\370\331\036\271\021"
 7586      B789D985 
 7586      3C315696 
 7586      F8D91EB9 
 7586      11
 7587 096b 8D595CDF 		.ascii	"\215Y\\\337\215\225\031`n\026\377\227\311\222\024O\355"
 7587      8D951960 
 7587      6E16FF97 
 7587      C992144F 
 7587      ED
 7588 097c B0CEE2CB 		.ascii	"\260\316\342\313W\241\315\213m\317\342+\325t\341\034"
 7588      57A1CD8B 
 7588      6DCFE22B 
 7588      D574E11C 
 7589 098c 9F05FB41 		.ascii	"\237\005\373A\270\345m\310\337\232\244\02705*s\207b"
 7589      B8E56DC8 
 7589      DF9AA417 
 7589      30352A73 
 7589      8762
 7590 099e 6212BD0A 		.ascii	"b\022\275\012\221\324\211\261\222%\205\220G!\035\335"
 7590      91D489B1 
 7590      92258590 
 7590      47211DDD 
 7591 09ae 0D1C7683 		.ascii	"\015\034v\203\201\356\215\2450z$\022\314\033\221&'\320"
 7591      81EE8DA5 
 7591      307A2412 
 7591      CC1B9126 
 7591      27D0
 7592 09c0 2CEEB05D 		.ascii	",\356\260]]\372\010\327\346\246\204\3317!\204\205\222"
 7592      5DFA08D7 
 7592      E6A684D9 
 7592      37218485 
 7592      92
 7593 09d1 5E04D144 		.ascii	"^\004\321D\025\332\3004\350\336doq}b\250\200\025\036"
 7593      15DAC034 
 7593      E8DE646F 
 7593      717D62A8 
 7593      80151E
 7594 09e4 D9DB3923 		.ascii	"\331\3339#\310\345\306\335avx\325A.;W\314:Z25\332\205"
 7594      C8E5C6DD 
 7594      617678D5 
 7594      412E3B57 
 7594      CC3A5A32 
 7595 09fb 05C340F7 		.ascii	"\005\303@\367&\223\324R%\006\361\253\026\326!\3311\323"
 7595      2693D452 
 7595      2506F1AB 
 7595      16D621D9 
 7595      31D3
ARM GAS  C:\Users\PUBLIC~1.LAP\AppData\Local\Temp\ccG3WIcm.s 			page 381


 7596 0a0d 458C6297 		.ascii	"E\214b\227\005\013r\210\366W\3070\202\222`@\010\021"
 7596      050B7288 
 7596      F657C730 
 7596      82926040 
 7596      0811
 7597 0a1f A30C097F 		.ascii	"\243\014\011\177(\271b6\317.1b\327\376*\246\212\215"
 7597      28B96236 
 7597      CF2E3162 
 7597      D7FE2AA6 
 7597      8A8D
 7598 0a31 A8276A92 		.ascii	"\250'j\222[\250\260\\\375\267\355\"\271:\256\326\215"
 7598      5BA8B05C 
 7598      FDB7ED22 
 7598      B93AAED6 
 7598      8D
 7599 0a42 BB6CF7EB 		.ascii	"\273l\367\353\352\335\263{w\247\256\217\353\274Q\227"
 7599      EADDB37B 
 7599      77A7AE8F 
 7599      EBBC5197 
 7600 0a52 C61D72F3 		.ascii	"\306\035r\363\256\334\275q\337n\330\335q\367.\364\332"
 7600      AEDCBD71 
 7600      DF6ED8DD 
 7600      71F72EF4 
 7600      DA
 7601 0a63 5DBA9B76 		.ascii	"]\272\233v\217\334\032w\306-\273Y\267\353\342\270V\267"
 7601      8FDC1A77 
 7601      C62DBB59 
 7601      B7EBE2B8 
 7601      56B7
 7602 0a75 C87D5EAA 		.ascii	"\310}^\252\013w\315\356\011\267\356*\271D\256\333\005"
 7602      0B77CDEE 
 7602      09B7EE2A 
 7602      B944AEDB 
 7602      05
 7603 0a86 72935CB4 		.ascii	"r\223\\\264Kv\243\227\353\362\270XW\355\216]\257\233"
 7603      4B76A397 
 7603      EBF2B858 
 7603      57ED8E5D 
 7603      AF9B
 7604 0a98 E35E5D21 		.ascii	"\343^]!W\352\332\270=n\325\335\272kw\356\202]\274\373"
 7604      57EADAB8 
 7604      3D6ED5DD 
 7604      BA6B77EE 
 7604      825DBCFB 
 7605 0aac E306B946 		.ascii	"\343\006\271Fj\336\025\373m\032;\211\302\010\223\235"
 7605      6ADE15FB 
 7605      6D1A3B89 
 7605      C208939D 
 7606 0abc 32825FC0 		.ascii	"2\202_\300\256\230\345a},J.:\233\0049!\267$\307\227"
 7606      AE98E561 
 7606      7D2C4A2E 
 7606      3A9B0439 
 7606      21B724C7 
 7607 0ad1 352E9355 		.ascii	"5.\223U\314\025B\254>\301\266\267\"\204~\215\221\\W"
 7607      CC1542AC 
 7607      3EC1B6B7 
 7607      22847E8D 
ARM GAS  C:\Users\PUBLIC~1.LAP\AppData\Local\Temp\ccG3WIcm.s 			page 382


 7607      915C57
 7608 0ae4 CCEAB0BB 		.ascii	"\314\352\260\273F\367J \364\002\335\033\213#\0303J\230"
 7608      46F74A20 
 7608      F402DD1B 
 7608      8B231833 
 7608      4A98
 7609 0af6 C455C92C 		.ascii	"\304U\311,\204V\266\355\257\222]\004\323\364\015\262"
 7609      8456B6ED 
 7609      AF925D04 
 7609      D3F40DB2 
 7610 0b06 41F72673 		.ascii	"A\367&sd,c\243\240\000\201\356\255h\301\240R\322\376"
 7610      642C63A3 
 7610      A00081EE 
 7610      AD68C1A0 
 7610      52D2FE
 7611 0b19 3A77C56C 		.ascii	":w\305l\024\033X\243]\230p\014\305_\013\355\346\240"
 7611      141B58A3 
 7611      5D98700C 
 7611      C55F0BED 
 7611      E6A0
 7612 0b2b 7B2BBEC1 		.ascii	"{+\276\301\031B\367V\004c\233R\230\204\360\213\355Q"
 7612      1942F756 
 7612      04639B52 
 7612      9884F08B 
 7612      ED51
 7613 0b3d A35D4C82 		.ascii	"\243]L\202gN\360\240\270b\326\315\366\3400c\357\270"
 7613      674EF0A0 
 7613      B862D6CD 
 7613      F6E03063 
 7613      EFB8
 7614 0b4f 350A529E 		.ascii	"5\012R\236\220\207\221{+\336TQR\326W\265\360\323@]!"
 7614      9087917B 
 7614      2BDE5451 
 7614      52D657B5 
 7614      F0D3405D 
 7615 0b64 5A75D21A 		.ascii	"Zu\322\032\327\247\237\346\351\247t\372i\234~\352\246"
 7615      D7A79FE6 
 7615      E9A774FA 
 7615      699C7EEA 
 7615      A6
 7616 0b75 9FAAE99A 		.ascii	"\237\252\351\232-,W\004\307\210\261hJ?H\2654\213\355"
 7616      2D2C5704 
 7616      C788B168 
 7616      4A3F48B5 
 7616      348BED
 7617 0b88 E3CEED98 		.ascii	"\343\316\355\230\251\270\375eq>\323i\315I\237\212\351"
 7617      A9B8FD65 
 7617      713ED369 
 7617      CD499F8A 
 7617      E9
 7618 0b99 A73AF453 		.ascii	"\247:\364S-\375\224J?\225\322\317c\364\363\026\375\254"
 7618      2DFD944A 
 7618      3F95D2CF 
 7618      63F4F316 
 7618      FDAC
 7619 0bab A89FA3E8 		.ascii	"\250\237\243\350gA\375\274\247\237\353\364s\234~6\323"
 7619      6741FDBC 
ARM GAS  C:\Users\PUBLIC~1.LAP\AppData\Local\Temp\ccG3WIcm.s 			page 383


 7619      A79FEBF4 
 7619      739C7E36 
 7619      D3
 7620 0bbc CF61FA79 		.ascii	"\317a\372yK?S\351\347(}\\F\0377\352\343E}\\E\037G\321"
 7620      4B3F53E9 
 7620      E7287D5C 
 7620      461F37EA 
 7620      E3457D5C 
 7621 0bd4 C782FA98 		.ascii	"\307\202\372\230\211>\276\323\307G\364\361\020}\314"
 7621      893EBED3 
 7621      C747F4F1 
 7621      107DCC
 7622 0be3 A68F7DE8 		.ascii	"\246\217}\350c\036\372\252\014\316\014\360\326\311o"
 7622      631EFAAA 
 7622      0CCE0CF0 
 7622      D6C96F
 7623 0bf2 FDEC9A35 		.ascii	"\375\354\2325K\3178y\006Zl\377vn\001\373\264\374h\263"
 7623      4BCF3879 
 7623      065A6CFF 
 7623      766E01FB 
 7623      B4FC68B3 
 7624 0c06 D8EED0B7 		.ascii	"\330\356\320\267\346\244&l\350\036m|a\264\354\335\362"
 7624      E6A4266C 
 7624      E81E6D7C 
 7624      61B4ECDD 
 7624      F2
 7625 0c17 FDF6CEE2 		.ascii	"\375\366\316\342\335D\015\001\351,\266z;\267{x\212\242"
 7625      DD440D01 
 7625      E92CB67A 
 7625      3BB77B78 
 7625      8AA2
 7626 0c29 E098C5CF 		.ascii	"\340\230\305\317sj\034Wu\322\353\345\244\307R\372\327"
 7626      736A1C57 
 7626      75D2EBE5 
 7626      A4C752FA 
 7626      D7
 7627 0c3a 8CFE1DA3 		.ascii	"\214\376\035\243\177\301\350\337-\372WQ\377J\321\277"
 7627      7FC1E8DF 
 7627      2DFA5751 
 7627      FF4AD1BF 
 7628 0c4a 83FAB789 		.ascii	"\203\372\267\211\376\325\323\277v\372WN\377\012\321"
 7628      FED5D3BF 
 7628      76FA574E 
 7628      FF0AD1
 7629 0c59 BF6CFA17 		.ascii	"\277l\372\027M\377>uu\326\234\364\367K\377\342\320\277"
 7629      4DFF3E75 
 7629      75D69CF4 
 7629      F74BFFE2 
 7629      D0BF
 7630 0c6b 581A430D 		.ascii	"X\032C\015\315\241\352\244\277[\337\226\321\0308j\023"
 7630      CDA1EAA4 
 7630      BF5BDF96 
 7630      D118386A 
 7630      13
 7631 0c7c 5527EDA1 		.ascii	"U'\355\241\354\343\302K\204\263\362\025\305b{\366\333"
 7631      ECE3C24B 
 7631      84B3F215 
ARM GAS  C:\Users\PUBLIC~1.LAP\AppData\Local\Temp\ccG3WIcm.s 			page 384


 7631      C5627BF6 
 7631      DB
 7632 0c8d 302B66CD 		.ascii	"0+f\3150\020\245\207\246\314b\373\264d5\017\204-;\017"
 7632      3010A587 
 7632      A6CC62FB 
 7632      B464350F 
 7632      842D3B0F 
 7633 0ca1 8ADFA824 		.ascii	"\212\337\250$\233q\357\350\315e\333\362H\305\342\333"
 7633      9B71EFE8 
 7633      CD65DBF2 
 7633      48C5E2DB 
 7634 0cb1 2EFA1544 		.ascii	".\372\025DZ'+\210\264:\356\334\216\335\035B\316\274"
 7634      5A272B88 
 7634      B43AEEDC 
 7634      8EDD1D42 
 7634      CEBC
 7635 0cc3 2CBEBDA2 		.ascii	",\276\275\242\277Wu\322\232\232\223V\255\232\223rPu"
 7635      BF5775D2 
 7635      9A9A9356 
 7635      AD9A9372 
 7635      5075
 7636 0cd5 D2DB447D 		.ascii	"\322\333D}{\250\353\263P\337\016\352\372\003PW\250\335"
 7636      7BA8EBB3 
 7636      50DF0EEA 
 7636      FA035057 
 7636      A8DD
 7637 0ce7 0241016D 		.ascii	"\002A\001mn\361\314\342\337jY\033\031\014\322\300\262"
 7637      6EF1CCE2 
 7637      DF6A591B 
 7637      190CD2C0 
 7637      B2
 7638 0cf8 D8665D78 		.ascii	"\330f]x\302\343\253\316\342[=-i\346\010toEG4r\222g\346"
 7638      C2E3ABCE 
 7638      E25B3D2D 
 7638      69E60874 
 7638      6F454734 
 7639 0d10 C4944172 		.ascii	"\304\224Arb\322\356 \320\275\261\3244q\320\275\025\035"
 7639      62D2EE20 
 7639      D0BDB1D4 
 7639      3471D0BD 
 7639      151D
 7640 0d22 AB94BA67 		.ascii	"\253\224\272g\004\272w\364\277\235\2624l\225\305\262"
 7640      04BA77F4 
 7640      BF9DB234 
 7640      6C95C5B2 
 7641 0d32 56F6CA9E 		.ascii	"V\366\312\236`\235\226\252\346\331\032\277\215\262R"
 7641      609D96AA 
 7641      E6D91ABF 
 7641      8DB252
 7642 0d41 C7D1BDA7 		.ascii	"\307\321\275\247\304\330\032uL\215\244\233\2635\354"
 7642      C4D81A75 
 7642      4C8DA49B 
 7642      B335EC
 7643 0d50 8C3A5807 		.ascii	"\214:X\007\335[1\035\"\250\347\030\214@\302\274`\315"
 7643      DD5B311D 
 7643      22A8E718 
 7643      8C40C2BC 
ARM GAS  C:\Users\PUBLIC~1.LAP\AppData\Local\Temp\ccG3WIcm.s 			page 385


 7643      60CD
 7644 0d62 6909AAD8 		.ascii	"i\011\252\330\331\245wtP\245^Z\036\226\222\247wj`\302"
 7644      D9A57774 
 7644      50A55E5A 
 7644      1E9692A7 
 7644      776A60C2 
 7645 0d76 F82C4E7D 		.ascii	"\370,N}h\017]ssi\035\022*\250r\320\312\206\027\335\323"
 7645      680F5D73 
 7645      73691D12 
 7645      2AA872D0 
 7645      CA8617DD 
 7646 0d8b BA317E64 		.ascii	"\2721~d\230X\234\"\251{V\030\235\344Y\234\036\231[\334"
 7646      98589C22 
 7646      A97B5618 
 7646      9DE4599C 
 7646      1E995BDC 
 7647 0d9f F1E186F6 		.ascii	"\361\341\206\366\240\350\346\226\032\2712'W\237@\200"
 7647      A0E8E696 
 7647      1AB93227 
 7647      579F4080 
 7648 0daf 0C49853C 		.ascii	"\014I\205<5\222\306\325\310\021D\213\305\351\220\224"
 7648      3592C6D5 
 7648      C811448B 
 7648      C5E99094 
 7649 0dbf 48CD53A6 		.ascii	"H\315S\246E\336\243LH\244\305\377P\245K\330{\357\252"
 7649      45DEA34C 
 7649      48A4C5FF 
 7649      50A54BD8 
 7649      7BEFAA
 7650 0dd2 4C95CA34 		.ascii	"L\225\3124\205[@\231*E,N\337n\223\247\034$\244\376\320"
 7650      855B4099 
 7650      2A452C4E 
 7650      DF6E93A7 
 7650      1C24A4FE 
 7651 0de7 1724087E 		.ascii	"\027$\010~\"\345\356y\321AFQ\177(\303\306\206\021\353"
 7651      22E5EE79 
 7651      D1414651 
 7651      7F28C3C6 
 7651      8611EB
 7652 0dfa A060EA8E 		.ascii	"\240`\352\216\204\351i\020jjjF\256((\341\252z{\323 "
 7652      84E96910 
 7652      6A6A6A46 
 7652      AE2828E1 
 7652      AA7A7BD3 
 7653 0e0f AEA4A515 		.ascii	"\256\244\245\025\231\203\336i\225!b\361=\350\320!\304"
 7653      9983DE69 
 7653      952162F1 
 7653      3DE8D021 
 7653      C4
 7654 0e20 D0D0B6D4 		.ascii	"\320\320\266\3246\302\251\255H\035\342\254G\217\374"
 7654      36C2A9AD 
 7654      481DE2AC 
 7654      478FFC
 7655 0e2f F807B5D0 		.ascii	"\370\007\265\320h\3477f\361%0\324!\324\314\314\362\036"
 7655      68E73766 
 7655      F12530D4 
 7655      21D4CCCC 
ARM GAS  C:\Users\PUBLIC~1.LAP\AppData\Local\Temp\ccG3WIcm.s 			page 386


 7655      F21E
 7656 0e41 427711F7 		.ascii	"Bw\021\367\306\266\235\016qGF\246\246\264\332\312\012"
 7656      C6B69D0E 
 7656      714746A6 
 7656      A6B4DACA 
 7656      0A
 7657 0e52 93A64330 		.ascii	"\223\246C0\031{:\226\037\353\336^\320$yS\210X|\011\264"
 7657      197B3A96 
 7657      1FEBDE5E 
 7657      D0247953 
 7657      88587C09 
 7658 0e67 748840B1 		.ascii	"t\210@\261\247b\330\316\356\0157y\323\030\205\246\006"
 7658      A762D8CE 
 7658      EE0D3779 
 7658      D31885A6 
 7658      06
 7659 0e78 A927A001 		.ascii	"\251'\240\001\366\024,\335\242`\303q\261\211\372\210"
 7659      F6142CDD 
 7659      A260C371 
 7659      B189FA88 
 7660 0e88 F2C4E277 		.ascii	"\362\304\342w8\324\023<\311\3614G\352U\367N\323n\320"
 7660      38D4133C 
 7660      C9F13447 
 7660      EA55F74E 
 7660      D36ED0
 7661 0e9b A8A8B4EB 		.ascii	"\250\250\264\353\251W\315\343\023\022\315\342t\007\205"
 7661      A957CDE3 
 7661      1312CDE2 
 7661      740785
 7662 0eaa 34549048 		.ascii	"4T\220HZ\234\352\250\211\303qE#\252)\220\304\201\003"
 7662      5A9CEAA8 
 7662      89C37145 
 7662      23AA2990 
 7662      C48103
 7663 0ebd DBFDCDD5 		.ascii	"\333\375\315\325\320\310\212\003\263\370\035\200h\021"
 7663      D0C88A03 
 7663      B3F81D80 
 7663      6811
 7664 0ecb 6C5959E9 		.ascii	"lYY\351\326\237\330\003\236Y\246\244ZO\267(|!s\226g"
 7664      D69FD803 
 7664      9E59A6A4 
 7664      5A4FB728 
 7664      7C217396 
 7665 0ee0 716AA303 		.ascii	"qj\243\003\227\256\300\313\325\325\232\335\322\"\311"
 7665      97AEC0CB 
 7665      D5D59ADD 
 7665      D222C9
 7666 0eef 564657E0 		.ascii	"VFW\340XU\365e\243F\305\317F\025]\201\244\323\231\037"
 7666      5855F565 
 7666      A346C5CF 
 7666      46155D81 
 7666      A4D3991F 
 7667 0f03 F99C4AB5 		.ascii	"\371\234J\265\305.g\023mATZ#\255\201\341\364\300\260"
 7667      C52E6713 
 7667      6D41545A 
 7667      23AD81E1 
 7667      F4C0B0
ARM GAS  C:\Users\PUBLIC~1.LAP\AppData\Local\Temp\ccG3WIcm.s 			page 387


 7668 0f16 9925A9B2 		.ascii	"\231%\251\262\370\034\214h\013v\2443\322\031\351\024"
 7668      F81C8C68 
 7668      0B76A433 
 7668      D219E914 
 7669 0f26 DA21231B 		.ascii	"\332!#\033\\\030\251t\312\232]\010\334B\304\311\231"
 7669      5C18A974 
 7669      CA9A5D08 
 7669      DC42C4C9 
 7669      99
 7670 0f37 B6A0491A 		.ascii	"\266\240I\032\3654*O\352\215'\231W\307Ug\3619\334\320"
 7670      F5342A4F 
 7670      EA8D2799 
 7670      57C75567 
 7670      F139DCD0 
 7671 0f4b 165C4183 		.ascii	"\026\\A\203&OR\371\343\212\222#\315\363$\2274\320N\252"
 7671      264F52F9 
 7671      E38A9223 
 7671      CDF32497 
 7671      34D04EAA 
 7672 0f5f 4FC79858 		.ascii	"O\307\230X4\322\342s\330\332\002\311\310\310l\246G\237"
 7672      34D2E273 
 7672      D8DA02C9 
 7672      C8C86CA6 
 7672      479F
 7673 0f71 F3910714 		.ascii	"\363\221\007\024\311g3\207\215cc\254,\316en\223\377"
 7673      C9673387 
 7673      8D6363AC 
 7673      2CCE656E 
 7673      93FF
 7674 0f83 350CA8FA 		.ascii	"5\014\250\372\373\373\372_\023Tx\246J\026}\301\023\022"
 7674      FBFBFA5F 
 7674      135478A6 
 7674      4A167DC1 
 7674      1312
 7675 0f95 323F1A81 		.ascii	"2?\032\201\326\264\2559\313\234\350"
 7675      D6B4AD39 
 7675      CB9CE8
 7676 0fa0 0B7C383A 		.ascii	"\013|8:\346G<\036\026\304t\331q\202\305\217\3370\247"
 7676      E6473C1E 
 7676      16C474D9 
 7676      7182C58F 
 7676      DF30A7
 7677 0fb3 2F586B6C 		.ascii	"/Xkl\304\303\202\356\2560\014*\354\231qbY\374\015?\364"
 7677      C4C382EE 
 7677      AE300C2A 
 7677      EC997162 
 7677      59FC0D3F 
 7678 0fc8 0545C284 		.ascii	"\005E\302\204\311O\273\367\336\20075\224\234\241\240"
 7678      C94FBBF7 
 7678      DE803735 
 7678      949CA1A0 
 7679 0fd8 85061765 		.ascii	"\205\006\027e\3617\330\320\027$\371\362\005\257\231"
 7679      F137D8D0 
 7679      1724F9F2 
 7679      05AF99
 7680 0fe7 A0649171 		.ascii	"\240d\221qw\205a\220\341\250\224\231\215\321\027\024"
 7680      77856190 
ARM GAS  C:\Users\PUBLIC~1.LAP\AppData\Local\Temp\ccG3WIcm.s 			page 388


 7680      E1A89499 
 7680      8DD11714 
 7681 0ff7 76E9D2C4 		.ascii	"v\351\322\304\306\014\325\331\014C}\201\225\305\305"
 7681      C60CD5D9 
 7681      0C437D81 
 7681      95C5C5
 7682 1006 23357C4C 		.ascii	"#5|L\312\030Q\242/\000\243\345YK~\352\255D\015\012\030"
 7682      CA1851A2 
 7682      2F00A3E5 
 7682      594B7EEA 
 7682      AD440D0A 
 7683 101b 07A8C4E2 		.ascii	"\007\250\304\342kx\323\000\260a\204\345X\362\263\356"
 7683      6B78D300 
 7683      B06184E5 
 7683      58F2B3EE 
 7684 102b 2DA40C63 		.ascii	"-\244\014c\364\314\206\224\305\327\340\225\230\253$"
 7684      F4CC8694 
 7684      C5D7E095 
 7684      98AB24
 7685 103a 662B5602 		.ascii	"f+V\002\025s\025\305F\260\232\255/H\276,\276\206\255"
 7685      157315C5 
 7685      46B09AAD 
 7685      2F48BE2C 
 7685      BE86AD
 7686 104d AF932825 		.ascii	"\257\223(%O\221\222\251P\311\201<\314S\016\247T,O\304"
 7686      4F9192A9 
 7686      50C9813C 
 7686      CC530EA7 
 7686      542C4FC4 
 7687 1061 BC3B7D1D 		.ascii	"\274;}\035\262'\271\360I64\374\202\222\013\241 \216"
 7687      B227B9F0 
 7687      493634FC 
 7687      82920BA1 
 7687      208E
 7688 1073 69BE2D81 		.ascii	"i\276-\201t\026_\207\206~\206*N\262\240\223<8\230\201"
 7688      74165F87 
 7688      867E862A 
 7688      4EB2A093 
 7688      3C389881 
 7689 1087 2E300B06 		.ascii	".0\013\006b\270)\213\320\272\226\225f\306\342g\330\323"
 7689      62B8298B 
 7689      D0BA9695 
 7689      66C6E267 
 7689      D8D3
 7690 1099 CF80D697 		.ascii	"\317\200\326\227\233\364\345\277\277\015b\374r\023?"
 7690      9BF4E5BF 
 7690      BF0D62FC 
 7690      72133F
 7691 10a8 412BA8DF 		.ascii	"A+\250\337\233\326\227\305\317\300\245\237#\031\315"
 7691      9BD697C5 
 7691      CFC0A59F 
 7691      2319CD
 7692 10b7 7AD1BC84 		.ascii	"z\321\274\204\357yI\336\343\320e\227\365\354r\236\023"
 7692      EF7949DE 
 7692      E3D06597 
 7692      F5EC729E 
 7692      13
ARM GAS  C:\Users\PUBLIC~1.LAP\AppData\Local\Temp\ccG3WIcm.s 			page 389


 7693 10c8 3FA80D16 		.ascii	"?\250\015\026 i\270\360\236\363\362]V\222\223T\321\317"
 7693      2069B8F0 
 7693      9EF3F25D 
 7693      56929354 
 7693      D1CF
 7694 10da 519285E4 		.ascii	"Q\222\205\344\271,$\323e$\317t\371\010\207\302!ynH\226"
 7694      B92C24D3 
 7694      6524CF74 
 7694      F90887C2 
 7694      21796E48 
 7695 10ef 7322C6F8 		.ascii	"s\"\306\370e\356q\316\342,\367\365\244L\320\342\034"
 7695      65EE71CE 
 7695      E22CF7F5 
 7695      A44CD0E2 
 7695      1C
 7696 1100 57F76E00 		.ascii	"W\367n\000\265\220\001\2648\027\261\020$-\011\236\305"
 7696      B59001B4 
 7696      3817B110 
 7696      242D099E 
 7696      C5
 7697 1111 99C8ED13 		.ascii	"\231\310\355\023\003\006\307a\216\232~\316U\220\354"
 7697      0306C761 
 7697      8E9A7ECE 
 7697      5590EC
 7698 1120 1624BFBD 		.ascii	"\026$\277\275u\360\002\315n\320\354\243\316\010#T\217"
 7698      75F002CD 
 7698      6ED0ECA3 
 7698      CE082354 
 7698      8F
 7699 1131 0A97C58F 		.ascii	"\012\227\305\217@R?\002E y\015Hfc\223\340HV\313kY\015"
 7699      40523F02 
 7699      4520790D 
 7699      48666393 
 7699      E04856CB 
 7700 1148 23DAFDDC 		.ascii	"#\332\375\334\033\360\246\013\311\031F/]|\220w\372\021"
 7700      1BF0A60B 
 7700      C919462F 
 7700      5D7C9077 
 7700      FA11
 7701 115a 3CCD329A 		.ascii	"<\3152\232Y\376\361\343C\333YF;\313>\214\244\261Y\216"
 7701      59FEF1E3 
 7701      43DB5946 
 7701      3BCB3E8C 
 7701      A4B1598E 
 7702 116e DC195A9C 		.ascii	"\334\031Z\234}\250\375\000\002\031A\225>\316\027\036"
 7702      7DA8FD00 
 7702      02194195 
 7702      3ECE171E 
 7703 117e 998C477E 		.ascii	"\231\214G~\202\0303\032\313dc\371I\301\324\336U\273"
 7703      8218331A 
 7703      CB6463F9 
 7703      49C1D4DE 
 7703      55BB
 7704 1190 326E31C2 		.ascii	"2n1\302\203qwuaP7\032I5\213\237u\217E\334\027\257'\372"
 7704      83717775 
 7704      6150371A 
 7704      49358B9F 
ARM GAS  C:\Users\PUBLIC~1.LAP\AppData\Local\Temp\ccG3WIcm.s 			page 390


 7704      758F45DC 
 7705 11a8 38715E19 		.ascii	"8q^\031\314+\207\205\275}e\260/0i\\\264\261\317\342"
 7705      CC2B8785 
 7705      BD7D65B0 
 7705      2F30695C 
 7705      B4B1CFE2 
 7706 11bc E39CE9E3 		.ascii	"\343\234\351\343Pqe\035\\y\307\016&9\262\216\034x\255"
 7706      5071651D 
 7706      5C79C70E 
 7706      2639B28E 
 7706      1C78AD
 7707 11cf C89F3248 		.ascii	"\310\2372H\033\025\027\213\217\001R\037\303a\266\221"
 7707      1B15178B 
 7707      8F01521F 
 7707      C361B691 
 7708 11df B7B28D7C 		.ascii	"\267\262\215|\343\006\210.ZyK+\357\"`59\330\206\010"
 7708      E306882E 
 7708      5A794B2B 
 7708      EF226035 
 7708      39D88608 
 7709 11f3 B1F818E8 		.ascii	"\261\370\030\350\3641x\345\252|\225\2532\026V\210\251"
 7709      F43178E5 
 7709      AA7C95AB 
 7709      32165688 
 7709      A9
 7710 1204 6C95AFB2 		.ascii	"l\225\257\262\325\020I\2767H\247\305\307\020\245\177"
 7710      D51049BE 
 7710      3748A7C5 
 7710      C710A57F 
 7711 1214 53254FE5 		.ascii	"S%O\345\032y*;\363\011\317\316\011\240\231F\256\221"
 7711      1A792A3B 
 7711      F309CFCE 
 7711      09A09946 
 7711      AE91
 7712 1226 69604438 		.ascii	"i`D8$7Qw\177K,\376\015\236\376\015\031\232\034\205&"
 7712      24375177 
 7712      7F4B2CFE 
 7712      0D9EFE0D 
 7712      199A1C85 
 7713 123b 4B65290A 		.ascii	"Ke)\012\250\214\322\344\2504y\327\255\265\367\217\022"
 7713      A88CD2E4 
 7713      A83479D7 
 7713      ADB5F78F 
 7713      12
 7714 124c DC246FEA 		.ascii	"\334$o\352\236VZ&\237\367\215S\377\302\0260\030\022"
 7714      9E565A26 
 7714      9FF78D53 
 7714      FFC21630 
 7714      1812
 7715 125e 0C362379 		.ascii	"\0146#yl\246B\021\275\251/\213q\231H2\024\224\205\301"
 7715      6CA64211 
 7715      BDA92F8B 
 7715      71994832 
 7715      149485C1 
 7716 1272 9061F098 		.ascii	"\220a\360\230\277)\026\352\256\010\241\217\307c0\015"
 7716      BF2916EA 
 7716      AE08A18F 
ARM GAS  C:\Users\PUBLIC~1.LAP\AppData\Local\Temp\ccG3WIcm.s 			page 391


 7716      C763300D 
 7717 1282 371F2758 		.ascii	"7\037'X\214\035m\252\344\032\325,\306b0\025\221\303"
 7717      8C1D6DAA 
 7717      E41AD52C 
 7717      C6623015 
 7717      91C3
 7718 1294 2116E346 		.ascii	"!\026\343F\306\013N\364/\300m\301\\\266`/]\216\275X"
 7718      C60B4EF4 
 7718      2FC06DC1 
 7718      5CB6602F 
 7718      5D8EBD58 
 7719 12a8 5922A58C 		.ascii	"Y\"\245\214\210\302E\314e\021#\372EQ\356\355\350\025"
 7719      88C245CC 
 7719      651123FA 
 7719      4551EEED 
 7719      E815
 7720 12ba 8B7F6187 		.ascii	"\213\177a\207\276\205G+\030\213\025\234%\213\2104W0"
 7720      BE85472B 
 7720      188B159C 
 7720      258B8834 
 7720      5730
 7721 12cc 962B18D1 		.ascii	"\226+\030\321\017\210\224E\2741\026\337\202\241\276"
 7721      0F889445 
 7721      BC3116DF 
 7721      82A1BE
 7722 12db 85225270 		.ascii	"\205\"Rp\242\024\254\2508\342\354\020'\036b\3044\027"
 7722      A214ACA8 
 7722      38E2EC10 
 7722      271E62C4 
 7722      3417
 7723 12ed 86CC7D19 		.ascii	"\206\314}\031\243r\2148\305B\231\276\205\032\201\030"
 7723      A3728C38 
 7723      C54299BE 
 7723      851A8118 
 7724 12fd 4A20362C 		.ascii	"J 6,<6\034\261D\020C\021\304O\230\034\336)\202F\252"
 7724      3C361CB1 
 7724      44104311 
 7724      C44F981C 
 7724      DE298246 
 7725 1312 088F9FDC 		.ascii	"\010\217\237\334\340MY\253a1\036t\003\3436\011F\337"
 7725      E04D59AB 
 7725      61311E74 
 7725      03E33609 
 7725      46DF
 7726 1324 E64F0FFB 		.ascii	"\346O\017\373\351a\300\277c@{F%G\225\305\270\311\010"
 7726      E961C0BF 
 7726      63407B46 
 7726      254795C5 
 7726      B8C908
 7727 1337 C63DECB7 		.ascii	"\306=\354\267\207\373\230d\335h\351\242e\014\223\343"
 7727      87FB9864 
 7727      DD68E9A2 
 7727      650C93E3 
 7728 1347 BECB04BA 		.ascii	"\276\313\004\272\003\207\305xI\335\313p'\354+\2131\337"
 7728      0387C578 
 7728      49DDCB70 
 7728      27EC2B8B 
ARM GAS  C:\Users\PUBLIC~1.LAP\AppData\Local\Temp\ccG3WIcm.s 			page 392


 7728      31DF
 7729 1359 85E75796 		.ascii	"\205\347W\226\337\355K\357\260\250\244,\276\315\020"
 7729      DFED4BEF 
 7729      B0A8A42C 
 7729      BECD10
 7730 1368 7D1BAE23 		.ascii	"}\033\256#8\311\021\214ww\214\207\035\373\350nX\214"
 7730      38C9118C 
 7730      77778C87 
 7730      1DFBE86E 
 7730      588C
 7731 137a 9554D086 		.ascii	"\225T\320\206\004'A\202\355\370\370R\265\032_r\321c"
 7731      04274182 
 7731      EDF8F852 
 7731      B51A5F72 
 7731      D163
 7732 138c 3BA55B18 		.ascii	";\245[\030\024G\213q]\335S\352\001Ic\303bL\247\001\231"
 7732      14478B71 
 7732      5DDD53EA 
 7732      014963C3 
 7732      624CA701 
 7733 13a1 313B8D7E 		.ascii	"1;\215~\005\305\"\330H\021,'W\026\207\215\304\265Aw"
 7733      05C522D8 
 7733      48112C27 
 7733      5716878D 
 7733      C4B54177 
 7734 13b5 57170614 		.ascii	"W\027\006\024\274\320\371x2\321\257\320\006\305B\240"
 7734      BCD0F978 
 7734      32D1AFD0 
 7734      06C542A0 
 7735 13c5 78C8100B 		.ascii	"x\310\020\013\342\334\260\0207\014\207a\237\240g\003"
 7735      E2DCB010 
 7735      370C8761 
 7735      9FA06703 
 7736 13d5 AAE17638 		.ascii	"\252\341v8\302\275\035\303\031}\361MY\374Fk\366\277"
 7736      C2BD1DC3 
 7736      197DF14D 
 7736      59FC466B 
 7736      F6BF
 7737 13e7 A6C217BB 		.ascii	"\246\302\027\273(_\026\277\002\230~\205(\375\2644\334"
 7737      285F16BF 
 7737      02987E85 
 7737      28FDB434 
 7737      DC
 7738 13f8 96EE6DA3 		.ascii	"\226\356m\243O\036Zo<n\263\231\354r\205\312\342\013"
 7738      4F1E5A6F 
 7738      3C6EB399 
 7738      EC7285CA 
 7738      E20B
 7739 140a CA00C16C 		.ascii	"\312\000\301l@\360\232\216\332[*\272ypps\002w$rwua`"
 7739      40F09A8E 
 7739      DA5B2ABA 
 7739      79707073 
 7739      02772472 
 7740 1422 43253706 		.ascii	"C%7\006\215\305?V;^c\016\001\013\273\361\277&\375\003"
 7740      8DC53F56 
 7740      3B5E630E 
 7740      010BBBF1 
ARM GAS  C:\Users\PUBLIC~1.LAP\AppData\Local\Temp\ccG3WIcm.s 			page 393


 7740      BF26FD03 
 7741 1436 42C669F1 		.ascii	"B\306i\361)\334\320\257\011\243\001\000wv\206\321J("
 7741      29DCD0AF 
 7741      09A30100 
 7741      777686D1 
 7741      4A28
 7742 1448 2207F571 		.ascii	"\"\007\365q\214\246\367\224P5\261\030\367\260\220\221"
 7742      8CA6F794 
 7742      5035B118 
 7742      F7B09091 
 7743 1458 717616BF 		.ascii	"qv\026\277\261\356\375\257\271\231\2621\005j\361k\016"
 7743      B1EEFDAF 
 7743      B999B231 
 7743      056AF16B 
 7743      0E
 7744 1469 35000C8D 		.ascii	"5\000\014\2150\017<v\374\314\303O\\V\265\366\336?\366"
 7744      300F3C76 
 7744      FCCCC34F 
 7744      5C56B5F6 
 7744      DE3FF6
 7745 147c 8C2A1C0C 		.ascii	"\214*\034\014Q\313\342\212\334]Z\030\374\230\354\270"
 7745      51CBE28A 
 7745      DC5D5A18 
 7745      FC98ECB8 
 7746 148c EC5C32EC 		.ascii	"\354\\2\354\375\270\367\376\000\202!\334\026\213\337"
 7746      FDB8F7FE 
 7746      008221DC 
 7746      168BDF
 7747 149b 886DFCAF 		.ascii	"\210m\374\257Q\022\342`\342\264\3705K4\206\032\375\033"
 7747      5112E260 
 7747      E2B4F835 
 7747      4B34861A 
 7747      FD1B
 7748 14ad A0A5F39F 		.ascii	"\240\245\363\237\002\242\030(B\366\336\365QYu\347\265"
 7748      02A21828 
 7748      42F6DEF5 
 7748      515975E7 
 7748      B5
 7749 14be C3E21058 		.ascii	"\303\342\020X\3764\221B\030R\362\301\3204$\203\010\253"
 7749      FE349142 
 7749      1852F2C1 
 7749      D0342483 
 7749      08AB
 7750 14d0 08FA6132 		.ascii	"\010\372a2\363ed@Dd\304t:rJz\321T:BR:b:\2310\264\001"
 7750      F3656440 
 7750      4464C474 
 7750      3A724A7A 
 7750      D1543A42 
 7751 14ec A4210B2A 		.ascii	"\244!\013*\202V0\231\371\351H\351\210\351\364\244\324"
 7751      82563099 
 7751      F9E948E9 
 7751      88E9F4A4 
 7751      D4
 7752 14fd 545A624A 		.ascii	"TZbJZ\"22\352@B\263\310\303\206$&\244\015ILH\032\236"
 7752      5A223232 
 7752      EA4042B3 
 7752      C8C38624 
ARM GAS  C:\Users\PUBLIC~1.LAP\AppData\Local\Temp\ccG3WIcm.s 			page 394


 7752      26A40D49 
 7753 1515 9A46494C 		.ascii	"\232FILH\0220!E0\202\322\021\0223\211\011\311\351\210"
 7753      48123021 
 7753      453082D2 
 7753      11123389 
 7753      09C9E988 
 7754 1529 D91C6168 		.ascii	"\331\034ah\003\314\346\323RR\263\211\231\304\204\364"
 7754      03CCE6D3 
 7754      5252B389 
 7754      99C484F4 
 7755 1539 D4346226 		.ascii	"\3244b&A)\345(A55\237\234\216\214\232M\314'\245\243"
 7755      4129E528 
 7755      4135359F 
 7755      9C8E8C9A 
 7755      4DCC27A5 
 7756 154e 0C4C4D26 		.ascii	"\014LM&S\223\3314b*\035iP:\212@\351(Gg(\251\210\311"
 7756      5393D934 
 7756      622A1D69 
 7756      503A8A40 
 7756      E9284767 
 7757 1566 D454821A 		.ascii	"\324T\202\032\201h\210\211\251\201f\023\223\251Y\244"
 7757      81688889 
 7757      A9816613 
 7757      93A959A4 
 7758 1576 D4748262 		.ascii	"\324t\202bR>5\215\214\224\216\230\230\232\036@<!A\015"
 7758      523E358D 
 7758      8C948E98 
 7758      989A1E40 
 7758      3C21410D 
 7759 158a 89D0B401 		.ascii	"\211\320\264\001\246\015E\314\246\0150u\010\001J\206"
 7759      A60D45CC 
 7759      A60D3075 
 7759      08014A86 
 7760 159a 87A7A653 		.ascii	"\207\247\246SSQ\321\220\216R\223\311\011\312I\002\247"
 7760      5351D190 
 7760      8E5293C9 
 7760      09CA4902 
 7760      A7
 7761 15ab A3222609 		.ascii	"\243\"&\011\315\242'\242\246\222\322\022Q\216SSQ\321"
 7761      CDA227A2 
 7761      A692D212 
 7761      518E5353 
 7761      51D1
 7762 15bd 1009CD0C 		.ascii	"\020\011\315\014IM'f\021\024\023S\021\316S\323\320\223"
 7762      494D2766 
 7762      11141353 
 7762      11CE53D3 
 7762      D093
 7763 15cf 133369A8 		.ascii	"\0233i\250\311h\350\250\210\3314\241\011\305\364\004"
 7763      C968E8A8 
 7763      88D934A1 
 7763      09C5F404 
 7764 15df B5C41C81 		.ascii	"\265\304\034\201h\011\211(\303S\323\251\331\304DZjz"
 7764      68098928 
 7764      C353D3A9 
 7764      D9C4445A 
 7764      6A7A
ARM GAS  C:\Users\PUBLIC~1.LAP\AppData\Local\Temp\ccG3WIcm.s 			page 395


 7765 15f1 525A2262 		.ascii	"RZ\"bj2\223\240\224\"h\022\035\221\320,j\"\2050\244"
 7765      6A3293A0 
 7765      94226812 
 7765      1D91D02C 
 7765      6A228530 
 7766 1606 D4946174 		.ascii	"\324\224at\364\3244b6\213\226\2220<5\215\230M\315\020"
 7766      F4D43462 
 7766      368B9692 
 7766      303C358D 
 7766      984DCD10 
 7767 161a 92A09498 		.ascii	"\222\240\224\230\315\244\241&\021\220\206H\360 \343"
 7767      CDA4A126 
 7767      11908648 
 7767      F020E3
 7768 1629 A948A9E9 		.ascii	"\251H\251\351\324Dz\"2:rb:A\205@\302\006\234d8A!\211"
 7768      D4447A22 
 7768      323A7262 
 7768      3A418540 
 7768      C2069C64 
 7769 1641 D0E1A9E9 		.ascii	"\320\341\251\351\344\264aI\204#\021p>4\221\214\214\226"
 7769      E4B46149 
 7769      84231170 
 7769      3E34918C 
 7769      8C96
 7770 1653 9E748E86 		.ascii	"\236t\216\206H\320`\304,j6\231\234\232IPN9\315$\250"
 7770      48D060C4 
 7770      2C6A3699 
 7770      9C9A4950 
 7770      4E39CD24 
 7771 1668 A613080B 		.ascii	"\246\023\010\013\224\216\230\037*\3400\201\206'\247"
 7771      948E981F 
 7771      2AE03081 
 7771      8627A7
 7772 1677 2519203C 		.ascii	"%\031 <8A=I\3204\324D\"b\212\310\2004\364\344\264a\004"
 7772      38413D49 
 7772      D034D444 
 7772      22628AC8 
 7772      8034F4E4 
 7773 168e A221E6D0 		.ascii	"\242!\346\320\323PQ\210\016OM#\012\214\216DPZ\"b25\231"
 7773      D3505188 
 7773      0E4F4D23 
 7773      0A8C8E44 
 7773      505A2262 
 7774 16a5 24348B74 		.ascii	"$4\213t\220\232\236\210\212\216\210>D\260$\203YtD\264"
 7774      909A9E88 
 7774      8A8E883E 
 7774      44B02483 
 7774      597444B4 
 7775 16b9 01A70E5F 		.ascii	"\001\247\016_z0\221\301S\323\020S\006ONM(\0154\233\230"
 7775      7A3091C1 
 7775      53D31053 
 7775      064F4E4D 
 7775      280D349B 
 7776 16ce 4A4B474E 		.ascii	"JKGNNM'\246\321\323\022s\204\011OGMKGM@O\315\240\010"
 7776      4E4D27A6 
 7776      D1D31273 
 7776      84094F47 
ARM GAS  C:\Users\PUBLIC~1.LAP\AppData\Local\Temp\ccG3WIcm.s 			page 396


 7776      4D4B474D 
 7777 16e7 20B0FC69 		.ascii	" \260\374i\"\2050\344t\264\202\311\304\271\211\244\002"
 7777      228530E4 
 7777      74B482C9 
 7777      C4B989A4 
 7777      02
 7778 16f8 94D07C6A 		.ascii	"\224\320|jZ\"\242\360\244\0028i@BR\323P\3155\330\271"
 7778      5A22A2F0 
 7778      A4023869 
 7778      404252D3 
 7778      50CD35D8 
 7779 170d 444A502C 		.ascii	"DJP,\232L&\010\351'\246\006;OL\031NPL\314\244\"\246"
 7779      9A4C2608 
 7779      E927A606 
 7779      3B4F4C19 
 7779      4E504CCC 
 7780 1724 226611D2 		.ascii	"\"f\021\322\320\015\322\322\222\012fV\202\300\362\247"
 7780      D00DD2D2 
 7780      920A6656 
 7780      82C0F2A7 
 7781 1734 460902CB 		.ascii	"F\011\002\313\237\010\364,\241\210\232\\\374,\205\036"
 7781      9F08F42C 
 7781      A1889A5C 
 7781      FC2C851E 
 7782 1744 D093BE80 		.ascii	"\320\223\276\200\321s\035\300\242\347\232h\321\002\010"
 7782      D1731DC0 
 7782      A2E79A68 
 7782      D10208
 7783 1753 F3388045 		.ascii	"\3638\200E\017\026\012Z\252\360 E*\024\264\334Q\001"
 7783      0F160A5A 
 7783      AAF02045 
 7783      2A14B4DC 
 7783      5101
 7784 1765 94422914 		.ascii	"\224B)\024\264\344Q\001\224B\371"
 7784      B4E45101 
 7784      9442F9
 7785 1770 C2478507 		.ascii	"\302G\205\007)\362\013\237\035\037\036\025\036\244\310"
 7785      29F20B9F 
 7785      1D1F1E15 
 7785      1EA4C8
 7786 177f 2D827654 		.ascii	"-\202vT\000\245H[\004\361\250\000J\221\276\200\321\323"
 7786      00A5485B 
 7786      04F1A800 
 7786      4A91BE80 
 7786      D1D3
 7787 1791 02B3100A 		.ascii	"\002\263\020\012Zb\021\232+\202\"P\3412\214\232MB\313"
 7787      5A62119A 
 7787      2B822250 
 7787      E1328C9A 
 7787      4D42CB
 7788 17a4 9E9FBB5C 		.ascii	"\236\237\273\\\261\"\005\213\274\364\221\000\014\240"
 7788      B122058B 
 7788      BCF49100 
 7788      0CA0
 7789 17b2 FC02468F 		.ascii	"\374\002F\217\213\025@+\224+~z$\020\224\203\"\240\342"
 7789      8B15402B 
 7789      942B7E7A 
ARM GAS  C:\Users\PUBLIC~1.LAP\AppData\Local\Temp\ccG3WIcm.s 			page 397


 7789      24109483 
 7789      22A0E2
 7790 17c5 030904A5 		.ascii	"\003\011\004\245>+`\270\020\312<&vx|\\\244X\262Hc\370"
 7790      3E2B60B8 
 7790      10CA3C26 
 7790      76787C5C 
 7790      A458B248 
 7791 17db AC78F193 		.ascii	"\254x\361\223_\300\350\371\300gE*\224\266h!\304\364"
 7791      5FC0E8F9 
 7791      C067452A 
 7791      94B66821 
 7791      C4F4
 7792 17ed C0C432A8 		.ascii	"\300\3042\250\307\006(F\012\0271\226i\013\017\226A="
 7792      C7062846 
 7792      0A173196 
 7792      690B0F96 
 7792      413D
 7793 17ff 3196E94E 		.ascii	"1\226\351N\214%\323\004\005\036\241\027\021\200\321"
 7793      8C25D304 
 7793      051EA117 
 7793      1180D1
 7794 180e 1363A985 		.ascii	"\023c\251\205\204\230&\204~\\\374\264x@\212\027\031"
 7794      84982684 
 7794      7E5CFCB4 
 7794      78408A17 
 7794      19
 7795 181f 7C802620 		.ascii	"|\200& \024c\231\266H\361\301\322G\350\305O\214%\205"
 7795      146399B6 
 7795      48F1C1D2 
 7795      47E8C54F 
 7795      8C2585
 7796 1832 1D1E21E5 		.ascii	"\035\036!\345\016\017\014\026?,b,\225&\200|\224;;@>"
 7796      0E0F0C16 
 7796      3F2C622C 
 7796      9526807C 
 7796      943B3B40 
 7797 1847 4A143C40 		.ascii	"J\024<@>\312\016N\000\371(W\360\030\000\310G\271\203"
 7797      3ECA0E4E 
 7797      00F92857 
 7797      F01800C8 
 7797      47B983
 7798 185a 02C84789 		.ascii	"\002\310G\211\002\006\213\037\026\032\000\371(;8\301"
 7798      02068B1F 
 7798      161A00F9 
 7798      283B38C1 
 7799 186a C172C54F 		.ascii	"\301r\305O\214e\336@(w\020\364\301O\214eV!\224W\260"
 7799      8C65DE40 
 7799      287710F4 
 7799      C14F8C65 
 7799      56219457 
 7800 187f F859C658 		.ascii	"\370Y\306Xf\026\034\010\345\035\027,~b,\363\011\241"
 7800      66161C08 
 7800      E51D172C 
 7800      7E622CF3 
 7800      09A1
 7801 1891 8CA2E727 		.ascii	"\214\242\347'\3062?19xR:\202Rn\320\201\211 \237e\272"
 7801      C6323F31 
ARM GAS  C:\Users\PUBLIC~1.LAP\AppData\Local\Temp\ccG3WIcm.s 			page 398


 7801      3978523A 
 7801      82526ED0 
 7801      8189209F 
 7802 18a7 F4F9B9CB 		.ascii	"\364\371\271\313\025?7\350\203\237\313\342gy]\260\370"
 7802      153F37E8 
 7802      839FCBE2 
 7802      67795DB0 
 7802      F8
 7803 18b8 51D113A4 		.ascii	"Q\321\023\244\227A=\036\004\345\025?\021\000\352\311"
 7803      97413D1E 
 7803      04E5153F 
 7803      1100EAC9 
 7804 18c8 CBA09E1F 		.ascii	"\313\240\236\037\274\354Y\376\244\310\313\236\240\273"
 7804      BCEC59FE 
 7804      A4C8CB9E 
 7804      A0BB
 7805 18d6 ECE9B93B 		.ascii	"\354\351\271;@\036\004\335&\223\011B\314\236\237\017"
 7805      401E04DD 
 7805      26930942 
 7805      CC9E9F0F 
 7806 18e6 5ED45C46 		.ascii	"^\324\\F\006&\222\210\230\315\246%\242\022\315\"($\""
 7806      06269288 
 7806      98CDA625 
 7806      A212CD22 
 7806      282422
 7807 18f9 A59F12CD 		.ascii	"\245\237\022\315\246\245\036\027\313\024.\200~\354\322"
 7807      A6A51E17 
 7807      CB142E80 
 7807      7EECD2
 7808 1908 27E8079B 		.ascii	"'\350\007\233\360\351\371\301;K\275\004\012\372\301"
 7808      F0E9F9C1 
 7808      3B4BBD04 
 7808      0AFAC1
 7809 1917 3C4BA09E 		.ascii	"<K\240\236\037|\342\211\311s\342I\351\010J\337\000D"
 7809      1F7CE289 
 7809      C973E249 
 7809      E9084ADF 
 7809      0044
 7810 1929 3B2198E0 		.ascii	";!\230\340`\210'\203\234o\260\323CA\004^8@\023e\020"
 7810      60882783 
 7810      9C6FB0D3 
 7810      4341045E 
 7810      38401365 
 7811 193e 821314B3 		.ascii	"\202\023\024\263\010i\250D\021\322P\011\015xL\004\261"
 7811      0869A844 
 7811      11D25009 
 7811      0D784C04 
 7811      B1
 7812 194f 28C17322 		.ascii	"(\301s\"\310\247D\320O\220\213\236\022O%4K(-%%-\021"
 7812      C8A744D0 
 7812      4F908B9E 
 7812      124F2534 
 7812      4B282D25 
 7813 1966 95705A2A 		.ascii	"\225pZ*\021\302Q\323\223\322RO\001\202`\034\205p$\243"
 7813      11C251D3 
 7813      93D2524F 
 7813      0182601C 
ARM GAS  C:\Users\PUBLIC~1.LAP\AppData\Local\Temp\ccG3WIcm.s 			page 399


 7813      857024A3 
 7814 197a 07040D78 		.ascii	"\007\004\015xv\230\222\232O \230 \003\352\010\2119d"
 7814      7698929A 
 7814      4F209820 
 7814      03EA0889 
 7814      3964
 7815 198c C2040807 		.ascii	"\302\004\010\007X\001\001\003\254\360\371`\351\023\344"
 7815      58010103 
 7815      ACF0F960 
 7815      E913E4
 7816 199b B3ACF9AF 		.ascii	"\263\254\371\257\234\313[\016\316\005\231\"SF\362\244"
 7816      9CCB5B0E 
 7816      CE059922 
 7816      5346F2A4 
 7817 19ab 5EE37245 		.ascii	"^\343rE2n\255\310#\021+C\250\0101\204\033T\276\3412"
 7817      326EADC8 
 7817      23112B43 
 7817      A8083184 
 7817      1B54BEE1 
 7818 19c0 FB63302F 		.ascii	"\373c0/M\351\206\321\354&\357\316X\014\0001A\224Pe\020"
 7818      4DE986D1 
 7818      EC26EFCE 
 7818      580C0031 
 7818      41945065 
 7819 19d5 2D38C40A 		.ascii	"-8\304\012\236\372W\266\345?\266\274d-\323\251\275\001"
 7819      9EFA57B6 
 7819      E53FB6BC 
 7819      642DD3A9 
 7819      BD01
 7820 19e7 614BFBF1 		.ascii	"aK\373\361\343\231\305I\346\003-\314\307\216\0367\316"
 7820      E399C549 
 7820      E6032DCC 
 7820      C78E1E37 
 7820      CE
 7821 19f8 B0CCB2B3 		.ascii	"\260\314\262\263,K\221\231\321\202hE\362\351\245\002"
 7821      2C4B9199 
 7821      D1826845 
 7821      F2E9A502 
 7822 1a08 2016172C 		.ascii	" \026\027,cYx(\212\031j4\200\220T\302\000\275\302,\236"
 7822      63597828 
 7822      8A196A34 
 7822      809054C2 
 7822      00BDC22C 
 7823 1a1d 59ACF452 		.ascii	"Y\254\364R~]\011\366\350f\334{+\301\014\360\334[J\011"
 7823      7E5D09F6 
 7823      E866DC7B 
 7823      2BC10CF0 
 7823      DC5B4A09 
 7824 1a31 7673666F 		.ascii	"vsfo\251\033\\\247\247EH\332\205wA\207Z\020\255\035"
 7824      A91B5CA7 
 7824      A74548DA 
 7824      85774187 
 7824      5A10AD1D 
 7825 1a45 723A8628 		.ascii	"r:\206(s\3406I,<$J\033Wr\3755\321~)\267,4F1;b\261r\313"
 7825      73E03649 
 7825      2C3C244A 
 7825      1B5772FD 
ARM GAS  C:\Users\PUBLIC~1.LAP\AppData\Local\Temp\ccG3WIcm.s 			page 400


 7825      35D17E29 
 7826 1a63 2AB72638 		.ascii	"*\267&8\263\267\224\362\206\022\307\225[J\255ZE\324"
 7826      B3B794F2 
 7826      8612C795 
 7826      5B4AAD5A 
 7826      45D4
 7827 1a75 2AE2C666 		.ascii	"*\342\306f\211T\030\034)~\005`\332\212\331\271\322\206"
 7827      8954181C 
 7827      297E0560 
 7827      DA8AD9B9 
 7827      D286
 7828 1a87 1A998E3D 		.ascii	"\032\231\216=\213I\334\270Rf)\261\224W\3711k\315-\201"
 7828      8B49DCB8 
 7828      526629B1 
 7828      9457F931 
 7828      6BCD2D81 
 7829 1a9b 56904393 		.ascii	"V\220C\223\260r*\255\224U\316\374\230)x\356\015\270"
 7829      B0722AAD 
 7829      9455CEFC 
 7829      982978EE 
 7829      0DB8
 7830 1aad 4FD073DB 		.ascii	"O\320s\333@\356\212HX\244\222\352\257I\303\224$\261"
 7830      40EE8A48 
 7830      58A492EA 
 7830      AF49C394 
 7830      24B1
 7831 1abf B2F823E2 		.ascii	"\262\370#\342\364G\274\351\234\270\0325\362\243c\035"
 7831      F447BCE9 
 7831      9CB81A35 
 7831      F2A3631D 
 7832 1acf 9544AF33 		.ascii	"\225D\2573\213?\002\207\316\251SN)\247\362c#\"\243M"
 7832      8B3F0287 
 7832      CEA9534E 
 7832      29A7F263 
 7832      2322A34D 
 7833 1ae3 1A9FD919 		.ascii	"\032\237\331\031\244\316\311\223\222\242\273\300\245"
 7833      A4CEC993 
 7833      92A2BBC0 
 7833      A5
 7834 1af0 78663545 		.ascii	"xf5E\347pQn\345ntB\353\014&ob\026_\204\235\316\220\225"
 7834      E770516E 
 7834      E56E7442 
 7834      EB0C266F 
 7834      62165F84 
 7835 1b08 E6699A74 		.ascii	"\346i\232t\252\356\275\004\032g%\242\207\316\360v\346"
 7835      AAEEBD04 
 7835      1A6725A2 
 7835      87CEF076 
 7835      E6
 7836 1b19 4C3A8578 		.ascii	"L:\205x\305h\003HU\244\305\027a\2453@\221\224\314\217"
 7836      C5680348 
 7836      55A4C517 
 7836      61A53340 
 7836      9194CC8F 
 7837 1b2d 74149C24 		.ascii	"t\024\234$\241\022\351\2503P\211\214d\203\212\001\376"
 7837      A112E9A8 
 7837      3350898C 
ARM GAS  C:\Users\PUBLIC~1.LAP\AppData\Local\Temp\ccG3WIcm.s 			page 401


 7837      64838A01 
 7837      FE
 7838 1b3e 1DEA0C58 		.ascii	"\035\352\014X !\363\016\253\240\243\321\007\031\236"
 7838      2021F30E 
 7838      ABA0A3D1 
 7838      07199E
 7839 1b4d CE90E6F1 		.ascii	"\316\220\346\361q\212Uu<c\007\230\246uh\210\021\223"
 7839      718A5575 
 7839      3C630798 
 7839      A6756888 
 7839      1193
 7840 1b5f 1F25A156 		.ascii	"\037%\241VB\020\317,>\005[Z\347\212\221\021#.B\355 "
 7840      4210CF2C 
 7840      3E055B5A 
 7840      E78A9111 
 7840      232E42ED 
 7841 1b74 8F205965 		.ascii	"\217 Ye\264\316\033\0300\030\261I\024\037RG\254h\235"
 7841      B4CE1B18 
 7841      3018B149 
 7841      141F5247 
 7841      AC689D
 7842 1b87 422F5EF2 		.ascii	"B/^\362\236#3\023tb\361'\350\323:\215\\\270\344-\005"
 7842      9E233313 
 7842      7462F127 
 7842      E8D33A8D 
 7842      5CB8E42D 
 7843 1b9c 0823852F 		.ascii	"\010#\205/rl6\204h\015U[\266H\361\272[D\333b\361'\360"
 7843      726C3684 
 7843      680D555B 
 7843      B648F1BA 
 7843      5B44DB62 
 7844 1bb3 D21A7464 		.ascii	"\322\032td\311\222\237R\234\026\317\011\307g\361'\250"
 7844      C9929F52 
 7844      9C16CF09 
 7844      C767F127 
 7844      A8
 7845 1bc4 A135945D 		.ascii	"\2415\224]\271\222\237\206a\362\024\307\304m\361Cp\321"
 7845      B9929F86 
 7845      61F214C7 
 7845      C46DF143 
 7845      70D1
 7846 1bd6 1ADAAA54 		.ascii	"\032\332\252T\311OC*%xU\031\263\370!\366\264\006\271"
 7846      C94F432A 
 7846      25785519 
 7846      B3F821F6 
 7846      B406B9
 7847 1be9 C4442861 		.ascii	"\304D(a\201\207\2135,~\010!ZC\036\025*P\250\240\203"
 7847      81878B35 
 7847      2C7E0821 
 7847      5A431E15 
 7847      2A50A8A0 
 7848 1bfe 36CEAC59 		.ascii	"6\316\254Y\374\020bZ\203\337\341a~\374Ram\212\017\315"
 7848      FC10625A 
 7848      83DFE161 
 7848      7EFC5261 
 7848      6D8A0FCD 
 7849 1c12 E287706A 		.ascii	"\342\207pj\015\203Q\242\020\366\335\347\021\275D0ZC"
ARM GAS  C:\Users\PUBLIC~1.LAP\AppData\Local\Temp\ccG3WIcm.s 			page 402


 7849      0D8351A2 
 7849      10F6DDE7 
 7849      11BD4430 
 7849      5A43
 7850 1c24 636121A1 		.ascii	"ca!\241\221\004t\245\011,\324\033\252\236<!\024\223"
 7850      910474A5 
 7850      092CD41B 
 7850      AA9E3C21 
 7850      1493
 7851 1c36 23B31D2D 		.ascii	"#\263\035->\010;\275\301lp0?\005\3230b\303C\305.\026"
 7851      3E083BBD 
 7851      C16C7030 
 7851      3F05D330 
 7851      62C343C5 
 7852 1c4c 1F0410BD 		.ascii	"\037\004\020\275!\032\37040\357\2727\227\012aR\204$"
 7852      211AF834 
 7852      30EFBA37 
 7852      970A6152 
 7852      8424
 7853 1c5e 5A7C103B 		.ascii	"Z|\020;\364\006C@\300\274\005\375\030\315\244\232dY"
 7853      F4064340 
 7853      C0BC05FD 
 7853      18CDA49A 
 7853      6459
 7854 1c70 7C103374 		.ascii	"|\0203t\007\261&M\262\217\27247Q\330\210hY\374\017_"
 7854      07B1264D 
 7854      B28FBA34 
 7854      3751D888 
 7854      6859FC0F 
 7855 1c85 7487B9BD 		.ascii	"t\207\271\275\275\264\257NJ:\305#\357\214\311\323>\013"
 7855      BDB4AF4E 
 7855      4A3AC523 
 7855      EF8CC9D3 
 7855      3E0B
 7856 1c97 5234D408 		.ascii	"R4\324\010-N\227X)\"c\032-N\371\352\236\226\324\030"
 7856      2D4E9758 
 7856      2922631A 
 7856      2D4EF9EA 
 7856      9E96D418 
 7857 1cab 28628663 		.ascii	"(b\206c>\334,\376\007(Z\002\035yy\030\261\216G\207\226"
 7857      3EDC2CFE 
 7857      07285A02 
 7857      1D797918 
 7857      B18E4787 
 7858 1cc0 A8936225 		.ascii	"\250\223b%\302\236\011\221Q\310P\215\210$I\222\016\203"
 7858      C29E0991 
 7858      51C8508D 
 7858      88244992 
 7858      0E83
 7859 1cd2 17402048 		.ascii	"\027@ HD \323d\305{\003\023\300\302\007J/S5G)\306\240"
 7859      4420D364 
 7859      C57B0313 
 7859      C0C2074A 
 7859      2F533547 
 7860 1ce9 41484468 		.ascii	"AHDhDd\202\244$)\015k\217i\021\352\020\210\016p\203"
 7860      446482A4 
 7860      24290D6B 
ARM GAS  C:\Users\PUBLIC~1.LAP\AppData\Local\Temp\ccG3WIcm.s 			page 403


 7860      8F6911EA 
 7860      10880E70 
 7861 1cfe 214ABC3F 		.ascii	"!J\274?\354\002\240w\"\350\323\314\200\012\006op\350"
 7861      EC02A077 
 7861      22E8D3CC 
 7861      800A066F 
 7861      70E8
 7862 1d10 B383A75F 		.ascii	"\263\203\247_vD\012\366\012\350\377=\023\032\213\343"
 7862      76440AF6 
 7862      0AE8FF3D 
 7862      131A8BE3 
 7863 1d20 2AA16884 		.ascii	"*\241h\204\326\204B\025B4\211\372=\347\261>z\264I\367"
 7863      D6844215 
 7863      423489FA 
 7863      3DE7B13E 
 7863      7AB449F7 
 7864 1d34 0D57A37F 		.ascii	"\015W\243\177\312\310^\023\334H\223*\334{f\342\000\337"
 7864      CAC85E13 
 7864      DC48932A 
 7864      DC7B66E2 
 7864      00DF
 7865 1d46 83654779 		.ascii	"\203eGye-Y\303;\330\020\220\364@]\037\374)\321\322\334"
 7865      652D59C3 
 7865      3BD81090 
 7865      F4405D1F 
 7865      FC29D1D2 
 7866 1d5b 7A8EE02B 		.ascii	"z\216\340+\262B\005\312#?*~\"\304\342\352W\020\0171"
 7866      B24205CA 
 7866      233F2A7E 
 7866      22C4E2EA 
 7866      57100F31 
 7867 1d6f 3970D85A 		.ascii	"9p\330Zs\321\233F\304\231\010\022+\027\323u.p\177\261"
 7867      73D19B46 
 7867      C4990812 
 7867      2B17D375 
 7867      2E707FB1 
 7868 1d83 7369810B 		.ascii	"si\201\013Q\251\232fF\254!O\015\2215L\223\232\253{p"
 7868      51A99A66 
 7868      46AC214F 
 7868      0D91354C 
 7868      939AAB7B 
 7869 1d98 E902139E 		.ascii	"\351\002\023\236\3471\024jH\017)\3343\371z\011\001\313"
 7869      E731146A 
 7869      480F29DC 
 7869      33F97A09 
 7869      01CB
 7870 1daa 6D63EA61 		.ascii	"mc\352a\207D\357\314&U9\227\316\314\204w\301\257`\025"
 7870      8744EFCC 
 7870      26553997 
 7870      CECC8477 
 7870      C1AF6015 
 7871 1dbe E3F0034B 		.ascii	"\343\360\003Kb\0124\224\326\377\364\266\331\343\207"
 7871      620A3494 
 7871      D6FFF4B6 
 7871      D9E387
 7872 1dcd 7E156CFE 		.ascii	"~\025l\376\357\204\331\300~r\232d\271~O\236\355A\240"
 7872      EF84D9C0 
ARM GAS  C:\Users\PUBLIC~1.LAP\AppData\Local\Temp\ccG3WIcm.s 			page 404


 7872      7E729A64 
 7872      B97E4F9E 
 7872      ED41A0
 7873 1de0 1A72D585 		.ascii	"\032r\325\205z\254\265\267\340\010\345{u\377\357\265"
 7873      7AACB5B7 
 7873      E008E57B 
 7873      75FFEFB5 
 7874 1df0 A81FEDFF 		.ascii	"\250\037\355\377\335\340\266\237\373\032\243\372\362"
 7874      DDE0B69F 
 7874      FB1AA3FA 
 7874      F2
 7875 1dfd C43C7A51 		.ascii	"\304<zQ\011\313QR\313\251W\020\033\236\222\016\275<"
 7875      09CB5152 
 7875      CBA95710 
 7875      1B9E920E 
 7875      BD3C
 7876 1e0f 1CF42B77 		.ascii	"\034\364+w\363<\246\277\227E\334& \300\275\321\344\334"
 7876      F33CA6BF 
 7876      9745DC26 
 7876      20C0BDD1 
 7876      E4DC
 7877 1e21 8585AC1A 		.ascii	"\205\205\254\032x\216!\200X\335>.\204OX\275\245i\352"
 7877      788E2180 
 7877      58DD3E2E 
 7877      844F58BD 
 7877      A569EA
 7878 1e34 1680BC5D 		.ascii	"\026\200\274]e1p\250\341\302}E\320\027*\350\204\303"
 7878      653170A8 
 7878      E1C27D45 
 7878      D0172AE8 
 7878      84C3
 7879 1e46 8EB26EAA 		.ascii	"\216\262n\252\326\037f{\365\311B\315D\334\271\231\223"
 7879      D61F667B 
 7879      F5C942CD 
 7879      44DCB999 
 7879      93
 7880 1e57 E3292408 		.ascii	"\343)$\010$\311\024\\\216\300\231\365\232\323\216\335"
 7880      24C9145C 
 7880      8EC099F5 
 7880      9AD38EDD 
 7881 1e67 5BF960B0 		.ascii	"[\371`\260Ig\214\363\265\317\333\334TW\026\364\354\017"
 7881      49678CF3 
 7881      B5CFDBDC 
 7881      545716F4 
 7881      EC0F
 7882 1e79 B4AEF756 		.ascii	"\264\256\367V%\370\242\002\034\244\207\000_\346T\\]"
 7882      25F8A202 
 7882      1CA48700 
 7882      5FE6545C 
 7882      5D
 7883 1e8a A7A24831 		.ascii	"\247\242H1\226\350w{\353\\\265\034\313\243\007.PZ\216"
 7883      96E8777B 
 7883      EB5CB51C 
 7883      CBA3072E 
 7883      505A8E
 7884 1e9d DFE7CC06 		.ascii	"\337\347\314\006O\032\304\226!\350\317Cl\324\300\316"
 7884      4F1AC496 
ARM GAS  C:\Users\PUBLIC~1.LAP\AppData\Local\Temp\ccG3WIcm.s 			page 405


 7884      21E8CF43 
 7884      6CD4C0CE 
 7885 1ead 9259512A 		.ascii	"\222YQ*|5g$\366\201\253\252Z\020\360+\306[\216\346\340"
 7885      7C356724 
 7885      F681ABAA 
 7885      5A10F02B 
 7885      C65B8EE6 
 7886 1ec2 567C3A7C 		.ascii	"V|:|\274}gZ\363\253\316;$\212\251yb\317&\273\360#\222"
 7886      BC7D675A 
 7886      F3ABCE3B 
 7886      248AA979 
 7886      62CF26BB 
 7887 1ed9 B4235CD3 		.ascii	"\264#\\\323\304v\264y\217\331\255\000\034\275M\022\204"
 7887      C476B479 
 7887      8FD9AD00 
 7887      1CBD4D12 
 7887      84
 7888 1eea E3D7F2AE 		.ascii	"\343\327\362\256\215a\207\334\002J\342C\201\021\272"
 7888      8D6187DC 
 7888      024AE243 
 7888      8111BA
 7889 1ef9 EE9866B1 		.ascii	"\356\230f\261\010\205X\363V~\177\243\235\000,x\242%"
 7889      088558F3 
 7889      567E7FA3 
 7889      9D002C78 
 7889      A225
 7890 1f0b B92F3EC9 		.ascii	"\271/>\311\306*z\244\332\020\3313Z\236\32635\013\276"
 7890      C62A7AA4 
 7890      DA10D933 
 7890      5A9ED633 
 7890      350BBE
 7891 1f1e A9E81ABE 		.ascii	"\251\350\032\276T\012\302\220a\204\023\322\271\015\000"
 7891      540AC290 
 7891      618413D2 
 7891      B90D00
 7892 1f2d 5EFCB9D5 		.ascii	"^\374\271\325\372e\371X\376\034\240\372fX3F=\276\366"
 7892      FA65F958 
 7892      FE1CA0FA 
 7892      66583346 
 7892      3DBEF6
 7893 1f40 FE6703A1 		.ascii	"\376g\003\241\037hY\355\032\270\365$\353\036\034\235"
 7893      1F6859ED 
 7893      1AB8F524 
 7893      EB1E1C9D 
 7894 1f50 F0D884ED 		.ascii	"\360\330\204\355b\001\036t\365\034{\027\346K\027\307"
 7894      62011E74 
 7894      F51C7B17 
 7894      E64B17C7 
 7895 1f60 A66B8932 		.ascii	"\246k\2112\266+#\327\342A\342\021y\354Eie\001\376\177"
 7895      B62B23D7 
 7895      E241E211 
 7895      79EC4569 
 7895      6501FE7F 
 7896 1f74 B5F9A4D4 		.ascii	"\265\371\244\324I\011m\375]\260\205\372\313^\367QD\322"
 7896      49096DFD 
 7896      5DB085FA 
 7896      CB5EF751 
ARM GAS  C:\Users\PUBLIC~1.LAP\AppData\Local\Temp\ccG3WIcm.s 			page 406


 7896      44D2
 7897 1f86 C84D85BB 		.ascii	"\310M\205\273\375=V\"\363\037\247V{\357\2741H\223\016"
 7897      FD3D5622 
 7897      F31FA756 
 7897      7BEFBC31 
 7897      48930E
 7898 1f99 4FE3EF34 		.ascii	"O\343\3574\342\214h\020^j\253#o\205\335\000\300\341"
 7898      E28C6810 
 7898      5E6AAB23 
 7898      6F85DD00 
 7898      C0E1
 7899 1fab B70DD1F6 		.ascii	"\267\015\321\366\030\210\314\037k\202\3578\202\320^"
 7899      1888CC1F 
 7899      6B82EF38 
 7899      82D05E
 7900 1fba 9636799D 		.ascii	"\2266y\235\240\353O`\177\006&\340\216]\357\254<\177"
 7900      A0EB4F60 
 7900      7F0626E0 
 7900      8E5DEFAC 
 7900      3C7F
 7901 1fcc F3F0FCE5 		.ascii	"\363\360\374\345\266\206\264\375)\376n\217GJZ\324\231"
 7901      B686B4FD 
 7901      29FE6E8F 
 7901      474A5AD4 
 7901      99
 7902 1fdd 2AD1C3D9 		.ascii	"*\321\303\331\013\344\3162\360\360s\345_\025\214f\327"
 7902      0BE4CE32 
 7902      F0F073E5 
 7902      5F158C66 
 7902      D7
 7903 1fee ED3F1722 		.ascii	"\355?\027\"v\007t\342d\227\214\036/\355\316\220\241"
 7903      760774E2 
 7903      64978C1E 
 7903      2FEDCE90 
 7903      A1
 7904 1fff ADE4CAE3 		.ascii	"\255\344\312\343\037=\254\013\352\306\375\303\256\276"
 7904      1F3DAC0B 
 7904      EAC6FDC3 
 7904      AEBE
 7905 200d 860FD202 		.ascii	"\206\017\322\002\216\212\340\011\237\325G\335\3037S"
 7905      8E8AE009 
 7905      9FD547DD 
 7905      C33753
 7906 201c 4F61086E 		.ascii	"Oa\010n q\365\335\375s\315\221\312\227\231A\300\034"
 7906      2071F5DD 
 7906      FD73CD91 
 7906      CA979941 
 7906      C01C
 7907 202e 86CC75D9 		.ascii	"\206\314u\331~[,\3333\3379\322v\371\020\337k\333\332"
 7907      7E5B2CDB 
 7907      33DF39D2 
 7907      76F910DF 
 7907      6BDBDA
 7908 2041 A3211E59 		.ascii	"\243!\036Y:x\314y\265\013S\012\267\362q\\f\344\374\177"
 7908      3A78CC79 
 7908      B50B530A 
 7908      B7F2715C 
ARM GAS  C:\Users\PUBLIC~1.LAP\AppData\Local\Temp\ccG3WIcm.s 			page 407


 7908      66E4FC7F 
 7909 2055 3211C0E5 		.ascii	"2\021\300\3450\304\242\315j\002\324\333\230\342os\252"
 7909      30C4A2CD 
 7909      6A02D4DB 
 7909      98E26F73 
 7909      AA
 7910 2066 B3B73C30 		.ascii	"\263\267<0\272\250[g\304\272\254\353\204\211\000[\340"
 7910      BAA85B67 
 7910      C4BAACEB 
 7910      8489005B 
 7910      E0
 7911 2077 8F971937 		.ascii	"\217\227\0317\016,\342\371\364\264\271Oh\343|\371\034"
 7911      0E2CE2F9 
 7911      F4B4B94F 
 7911      68E37CF9 
 7911      1C
 7912 2088 C17D6762 		.ascii	"\301}gb\370\226\341c\215\363w\324h\247\031\226\007\276"
 7912      F896E163 
 7912      8DF377D4 
 7912      68A71996 
 7912      07BE
 7913 209a 37A1745F 		.ascii	"7\241t_\304\306\263\3303\211\007\261Ll\233\260Y\366"
 7913      C4C6B3D8 
 7913      338907B1 
 7913      4C6C9BB0 
 7913      59F6
 7914 20ac 653E41B3 		.ascii	"e>A\263\352\300\012\230\000\014{\353[eR#s?\004\026\374"
 7914      EAC00A98 
 7914      000C7BEB 
 7914      5B655223 
 7914      733F0416 
 7915 20c1 91A8A9DE 		.ascii	"\221\250\251\336\375\374\275x\255\3433L\222F\336\004"
 7915      FDFCBD78 
 7915      ADE3334C 
 7915      9246DE04 
 7916 20d1 6EA5B4FA 		.ascii	"n\245\264\372+\3157\331\316g\312|%\334\315\252\334\311"
 7916      2BCD37D9 
 7916      CE67CA7C 
 7916      25DCCDAA 
 7916      DCC9
 7917 20e3 76082DF9 		.ascii	"v\010-\371\313xR\"\313\251}?1\330!\226f?\246\224\257"
 7917      CB785222 
 7917      CBA97D3F 
 7917      31D82196 
 7917      663FA694 
 7918 20f8 AB5F1CB6 		.ascii	"\253_\034\266(\033\271\204\212\2309d\213W\013R\027\307"
 7918      281BB984 
 7918      8A983964 
 7918      8B570B52 
 7918      17C7
 7919 210a 1E2DD839 		.ascii	"\036-\3309\316L!\270\227\371\237\310\220A\013\274\271"
 7919      CE4C21B8 
 7919      97F99FC8 
 7919      90410BBC 
 7919      B9
 7920 211b A441CE47 		.ascii	"\244A\316G\314?/\024uf\334g=ws\376\217?\233\026\230"
 7920      CC3F2F14 
ARM GAS  C:\Users\PUBLIC~1.LAP\AppData\Local\Temp\ccG3WIcm.s 			page 408


 7920      7566DC67 
 7920      3D7773FE 
 7920      8F3F9B16 
 7921 2130 4DAA6669 		.ascii	"M\252fi\234\330C8\236\372\212\204\260\032\362C\036\241"
 7921      9CD84338 
 7921      9EFA8A84 
 7921      B01AF243 
 7921      1EA1
 7922 2142 F2911CB5 		.ascii	"\362\221\034\265k*\315\014t\234\222a|\235?\022\304\010"
 7922      6B2ACD0C 
 7922      749C9261 
 7922      7C9D3F12 
 7922      C408
 7923 2154 A0E86C7F 		.ascii	"\240\350l\177Er\362\234\023L\333\276,\315@}\"\311SM"
 7923      4572F29C 
 7923      134CDBBE 
 7923      2CCD407D 
 7923      22C9534D 
 7924 2168 2400AF64 		.ascii	"$\000\257d\230\214\330qt\365\037\370\3412\\\312\215"
 7924      988CD871 
 7924      74F51FF8 
 7924      E1325CCA 
 7924      8D
 7925 2179 5CA2C4E9 		.ascii	"\\\242\304\351\022\345\300\022L\022\315OuUbp\224r\271"
 7925      12E5C012 
 7925      4C12CD4F 
 7925      75556270 
 7925      9472B9
 7926 218c 713A7A6D 		.ascii	"q:zm\260\004\036e\311\242@\326\320\236\013\336\254P"
 7926      B0041E65 
 7926      C9A240D6 
 7926      D09E0BDE 
 7926      AC50
 7927 219e 6E29142C 		.ascii	"n)\024,\236\004]\335\332\005\346g\3240@0NK\305cB\251"
 7927      9E045DDD 
 7927      DA05E667 
 7927      D4304030 
 7927      4E4BC563 
 7928 21b4 8765BF4C 		.ascii	"\207e\277L\234f\360\347\345Y\015c_\254\252)\251\347"
 7928      9C66F0E7 
 7928      E5590D63 
 7928      5FACAA29 
 7928      A9E7
 7929 21c6 7D5A84C3 		.ascii	"}Z\204\303>+\270\332:\241\0262\342\363um\357\301\225"
 7929      3E2BB8DA 
 7929      3AA11632 
 7929      E2F3756D 
 7929      EFC195
 7930 21d9 4AF97DF4 		.ascii	"J\371}\364\211\302.\211\323(]\315\221P\322\275O\351"
 7930      89C22E89 
 7930      D3285DCD 
 7930      9150D2BD 
 7930      4FE9
 7931 21eb CC3E3926 		.ascii	"\314>9&\311\204\203\362\276\227\332a3s\364e\277\263"
 7931      C98483F2 
 7931      BE97DA61 
 7931      3373F465 
ARM GAS  C:\Users\PUBLIC~1.LAP\AppData\Local\Temp\ccG3WIcm.s 			page 409


 7931      BFB3
 7932 21fd 04768109 		.ascii	"\004v\201\011\015\204\345\356\266\356\0053r\364\313"
 7932      0D84E5EE 
 7932      B6EE0533 
 7932      72F4CB
 7933 220c 7E6324C8 		.ascii	"~c$\310\013A\247/2\260~E\337\022\256/\256\331\011Hw"
 7933      0B41A72F 
 7933      32B07E45 
 7933      DF12AE2F 
 7933      AED90948 
 7934 2221 01E85AC1 		.ascii	"\001\350Z\301\215Q\244!\313\325-I\333\303\253\015u\345"
 7934      8D51A421 
 7934      CBD52D49 
 7934      DBC3AB0D 
 7934      75E5
 7935 2233 2C3E0407 		.ascii	",>\004\007\303\252\010\326\236\001w\235r\212M\344u\300"
 7935      C3AA08D6 
 7935      9E01779D 
 7935      728A4DE4 
 7935      75C0
 7936 2245 744F1324 		.ascii	"tO\023$\000\224y8=\222\012<\311\342\241l\357j\014\214"
 7936      00947938 
 7936      3D920A3C 
 7936      C9E2A16C 
 7936      EF6A0C8C 
 7937 2259 5FF2F6C8 		.ascii	"_\362\366\310\302\242qX\003o\030j\016\037\310\"0\271"
 7937      C2A27158 
 7937      036F186A 
 7937      0E1FC822 
 7937      30B9
 7938 226b 7E4F6698 		.ascii	"~Of\230\316\207\023m\006\2478O\257\245+\341\325\030"
 7938      CE87136D 
 7938      06A7384F 
 7938      AFA52BE1 
 7938      D518
 7939 227d 0FF06E3F 		.ascii	"\017\360n?\270\240I\35378\250\020\226\035\271\370+\347"
 7939      B8A049EB 
 7939      3738A810 
 7939      961DB9F8 
 7939      2BE7
 7940 228f F20BB690 		.ascii	"\362\013\266\220\2110#\002\365\203\324\021YIFBrw\273"
 7940      89302302 
 7940      F583D411 
 7940      59494642 
 7940      7277BB
 7941 22a2 9E2263A4 		.ascii	"\236\"c\244\204\223#{'\354\352h\011J\015\373\257\372"
 7941      8493237B 
 7941      27ECEA68 
 7941      094A0DFB 
 7941      AFFA
 7942 22b4 CDA08D5A 		.ascii	"\315\240\215Z\302^\330\223\353\341\004\357\365\307\355"
 7942      C25ED893 
 7942      EBE104EF 
 7942      F5C7ED
 7943 22c3 BDA8AC03 		.ascii	"\275\250\254\003?393\006NN\243\036\375uh\206P\302\225"
 7943      3F333933 
 7943      064E4EA3 
ARM GAS  C:\Users\PUBLIC~1.LAP\AppData\Local\Temp\ccG3WIcm.s 			page 410


 7943      1EFD7568 
 7943      8650C295 
 7944 22d7 30681037 		.ascii	"0h\0207E\005\357\325\206\004\3522\365+]\013\264\331"
 7944      4505EFD5 
 7944      8604EA32 
 7944      F52B5D0B 
 7944      B4D9
 7945 22e9 5864314C 		.ascii	"Xd1L0\213\260\346\227\016\243\241\204V\036\320\023\256"
 7945      308BB0E6 
 7945      970EA3A1 
 7945      84561ED0 
 7945      13AE
 7946 22fb B36CF865 		.ascii	"\263l\370eB\034\3147;\211!\230L\300\214\374\345O\313"
 7946      421CCC37 
 7946      3B892198 
 7946      4CC08CFC 
 7946      E54FCB
 7947 230e 3689B3C1 		.ascii	"6\211\263\301\377\233\374 \331\030\035\240rVy\032\006"
 7947      FF9BFC20 
 7947      D9181DA0 
 7947      7256791A 
 7947      06
 7948 231f 3C7ECE49 		.ascii	"<~\316I\033\"\344_\336#D\027\017\177TvF\"+\344A5.\355"
 7948      1B22E45F 
 7948      DE234417 
 7948      0F7F5476 
 7948      46222BE4 
 7949 2337 E95E0945 		.ascii	"\351^\011E\243\363\014\267\034]]\212s\366\025\341\275"
 7949      A3F30CB7 
 7949      1C5D5D8A 
 7949      73F615E1 
 7949      BD
 7950 2348 5C5B09FA 		.ascii	"\\[\011\372\372\201\003R\2364\323p\222\036\363`\357"
 7950      FA810352 
 7950      9E34D370 
 7950      921EF360 
 7950      EF
 7951 2359 1A8D930C 		.ascii	"\032\215\223\014j<\215}\220\206\253E\256\337\3610EX"
 7951      6A3C8D7D 
 7951      9086AB45 
 7951      AEDFF130 
 7951      4558
 7952 236b 1D850572 		.ascii	"\035\205\005r\226U\260\374\214\251\364\263\272-`\"O"
 7952      9655B0FC 
 7952      8CA9F4B3 
 7952      BA2D6022 
 7952      4F
 7953 237c 0FAEC7F9 		.ascii	"\017\256\307\3719U3Qs}-\275\004$tE\251%)\2174\347\214"
 7953      39553351 
 7953      737D2DBD 
 7953      04247445 
 7953      A925298F 
 7954 2393 927B5F01 		.ascii	"\222{_\001vZ\263\262\306\363\242\"\346L\355\273@@\235"
 7954      765AB3B2 
 7954      C6F3A222 
 7954      E64CEDBB 
 7954      40409D
ARM GAS  C:\Users\PUBLIC~1.LAP\AppData\Local\Temp\ccG3WIcm.s 			page 411


 7955 23a6 2E007744 		.ascii	".\000wD\012w\260\377\321T17\272\222\300\213\237\211"
 7955      0A77B0FF 
 7955      D1543137 
 7955      BA92C08B 
 7955      9F89
 7956 23b8 A1FD4142 		.ascii	"\241\375AB\017D\340\273LI\370H\322q1\020\355\031rG\317"
 7956      0F44E0BB 
 7956      4C49F848 
 7956      D2713110 
 7956      ED197247 
 7957 23cd 16AEEBED 		.ascii	"\026\256\353\355[\226\204*9\340s\223\327?~\212\344J"
 7957      5B96842A 
 7957      39E07393 
 7957      D73F7E8A 
 7957      E44A
 7958 23df BBA466BB 		.ascii	"\273\244f\2733\220\270CA\005n\022\334t\270\030\241}"
 7958      3390B843 
 7958      41056E12 
 7958      DC74B818 
 7958      A17D
 7959 23f1 9C229054 		.ascii	"\234\"\220T\031\021>\2761X\262U(\344f\013C\331Z\003"
 7959      19113EBE 
 7959      3158B255 
 7959      28E4660B 
 7959      43D95A03 
 7960 2405 DE1C2563 		.ascii	"\336\034%c\207CO\002\213\335rZ1\222i9z\211\314\030\270"
 7960      87434F02 
 7960      8BDD725A 
 7960      31926939 
 7960      7A89CC18 
 7961 241a 1032107D 		.ascii	"\0202\020}\0058\233\205)\371\352\252f2j\220\016\350"
 7961      05389B85 
 7961      29F9EAAA 
 7961      66326A90 
 7961      0EE8
 7962 242c 16BA13CE 		.ascii	"\026\272\023\316\014T=\215\001\372\027y\375x\364FJ\204"
 7962      0C543D8D 
 7962      01FA1779 
 7962      FD78F446 
 7962      4A84
 7963 243e 08A28795 		.ascii	"\010\242\207\225P+\001=SC\"\205S}\310q\220^1&Y\277_"
 7963      502B013D 
 7963      53432285 
 7963      537DC871 
 7963      905E3126 
 7964 2455 1B4E4739 		.ascii	"\033NG9I\3039\333\274\315\353\211\207\016!L{\240\270"
 7964      49C339DB 
 7964      BCCDEB89 
 7964      870E214C 
 7964      7BA0B8
 7965 2468 B152D602 		.ascii	"\261R\326\002\241)\036h\304\245\354\334\303y\327K5\035"
 7965      A1291E68 
 7965      C4A5ECDC 
 7965      C379D74B 
 7965      351D
 7966 247a 36C8431B 		.ascii	"6\310C\033#se\342>\303)\237\326\340\302U\375\012\201"
 7966      237365E2 
ARM GAS  C:\Users\PUBLIC~1.LAP\AppData\Local\Temp\ccG3WIcm.s 			page 412


 7966      3EC3299F 
 7966      D6E0C255 
 7966      FD0A81
 7967 248d CA9839DA 		.ascii	"\312\2309\332\354%=U\317S\001R\202\334n\376\354\245"
 7967      EC253D55 
 7967      CF530152 
 7967      82DC6EFE 
 7967      ECA5
 7968 249f D85BCC27 		.ascii	"\330[\314'?\361yX\242c\236\227\013\216X\033c}Y\215$"
 7968      3FF17958 
 7968      A2639E97 
 7968      0B8E581B 
 7968      637D598D 
 7969 24b4 BF829095 		.ascii	"\277\202\220\225\007\247\376LI\2741\207t`\251\320\354"
 7969      07A7FE4C 
 7969      49BC3187 
 7969      7460A9D0 
 7969      EC
 7970 24c5 126A9DA1 		.ascii	"\022j\235\241L\251\215]P\036\352\370\352GZ\177\374\001"
 7970      4CA98D5D 
 7970      501EEAF8 
 7970      EA475A7F 
 7970      FC01
 7971 24d7 E9610044 		.ascii	"\351a\000D\215$FH!\204\317\343\267\240\327\263\351\330"
 7971      8D244648 
 7971      2184CFE3 
 7971      B7A0D7B3 
 7971      E9D8
 7972 24e9 94B59871 		.ascii	"\224\265\230qH\315\323\341\"\253PN\026\343\304|J\022"
 7972      48CDD3E1 
 7972      22AB504E 
 7972      16E3C47C 
 7972      4A12
 7973 24fb 6B83FFFF 		.ascii	"k\203\377\377Z<\374\334\242M\305Zs\300\233\216M0#\370"
 7973      5A3CFCDC 
 7973      A24DC55A 
 7973      73C09B8E 
 7973      4D3023F8 
 7974 250f BE1911E2 		.ascii	"\276\031\021\342!\201r\320\026\205\365j\212\200\356"
 7974      218172D0 
 7974      1685F56A 
 7974      8A80EE
 7975 251e 32CD06ED 		.ascii	"2\315\006\355\227\005A\220\300\226r\277wc\320;\343e"
 7975      97054190 
 7975      C09672BF 
 7975      7763D03B 
 7975      E365
 7976 2530 A332ED0D 		.ascii	"\2432\355\015P\354\030\332\232\302\177\307\177\004\315"
 7976      50EC18DA 
 7976      9AC27FC7 
 7976      7F04CD
 7977 253f 84158104 		.ascii	"\204\025\201\004q\0110,\364\327\2173m+\333\346A\323"
 7977      7109302C 
 7977      F4D78F33 
 7977      6D2BDBE6 
 7977      41D3
 7978 2551 5579855E 		.ascii	"Uy\205^\323\033\214\021\301\346\342o\322-U\257\252\352"
ARM GAS  C:\Users\PUBLIC~1.LAP\AppData\Local\Temp\ccG3WIcm.s 			page 413


 7978      D31B8C11 
 7978      C1E6E26F 
 7978      D22D55AF 
 7978      AAEA
 7979 2563 29A85782 		.ascii	")\250W\202\342\336\375$_\317=\267*\264&GS!0m\361`4\346"
 7979      E2DEFD24 
 7979      5FCF3DB7 
 7979      2AB42647 
 7979      5321306D 
 7980 257b CEFDF2E4 		.ascii	"\316\375\362\344/SUm\032\002\227\246\306\2335\361\237"
 7980      2F53556D 
 7980      1A0297A6 
 7980      C69B35F1 
 7980      9F
 7981 258c 77299506 		.ascii	"w)\225\006`85r\322 \214\245\303k\036M\322G\037\3303"
 7981      60383572 
 7981      D2208CA5 
 7981      C36B1E4D 
 7981      D2471FD8 
 7982 25a1 9645CF01 		.ascii	"\226E\317\001\370\032\322\302H\256}2\0050\263\004\327"
 7982      F81AD2C2 
 7982      48AE7D32 
 7982      0530B304 
 7982      D7
 7983 25b2 BDC3E0B3 		.ascii	"\275\303\340\2632\370\312c\022\355\373\207\333\327\020"
 7983      32F8CA63 
 7983      12EDFB87 
 7983      DBD710
 7984 25c1 C01A5931 		.ascii	"\300\032Y1\260\356\200\211:G\241\204B0$\025\362\360"
 7984      B0EE8089 
 7984      3A47A184 
 7984      42302415 
 7984      F2F0
 7985 25d3 2890C12D 		.ascii	"(\220\301-EH\035P\244\313b\3241*e\014a\364#Q;9\000t"
 7985      45481D50 
 7985      A4CB62D4 
 7985      312A650C 
 7985      61F42351 
 7986 25eb 65253129 		.ascii	"e%1)U\"\245\202\202\213\341sP\322Y\254\305\247\203<"
 7986      5522A582 
 7986      828BE173 
 7986      50D259AC 
 7986      C5A7833C 
 7987 25ff 53C2CFA1 		.ascii	"S\302\317\241m\231%Q\272+jqA\027\370\233\263\020\330"
 7987      6D992551 
 7987      BA2B6A71 
 7987      4117F89B 
 7987      B310D8
 7988 2612 3877C8EF 		.ascii	"8w\310\357\321\315#O\010\002p\006\2420%\335\003Nt\312"
 7988      D1CD234F 
 7988      08027006 
 7988      A23025DD 
 7988      034E74CA 
 7989 2626 8CAC276E 		.ascii	"\214\254'n\333BWo\314\017g\035\024\210\262+\001#\232"
 7989      DB42576F 
 7989      CC0F671D 
 7989      1488B22B 
ARM GAS  C:\Users\PUBLIC~1.LAP\AppData\Local\Temp\ccG3WIcm.s 			page 414


 7989      01239A
 7990 2639 A022D7DB 		.ascii	"\240\"\327\333\326\251\363\265\002\340\200\251\237;"
 7990      D6A9F3B5 
 7990      02E080A9 
 7990      9F3B
 7991 2647 8A260A61 		.ascii	"\212&\012a\345D%\260\251wh3\204(+\250\242\327H\354\256"
 7991      E54425B0 
 7991      A9776833 
 7991      84282BA8 
 7991      A2D748EC 
 7992 265c 302CBFB5 		.ascii	"0,\277\265D\336\211\322Z\266\3256\372\220\344\270f\344"
 7992      44DE89D2 
 7992      5AB6D536 
 7992      FA90E4B8 
 7992      66E4
 7993 266e 7531C2B2 		.ascii	"u1\302\262\372\321\036+>\231\030\014\236M\370ll_ $\344"
 7993      FAD11E2B 
 7993      3E99180C 
 7993      9E4DF86C 
 7993      6C5F2024 
 7994 2683 21C1362D 		.ascii	"!\3016-v\011\266\2029J\227F\364h\032\316X\274aa\017"
 7994      7609B682 
 7994      394A9746 
 7994      F4681ACE 
 7994      58BC6161 
 7995 2698 D7604FC4 		.ascii	"\327`O\304\177\336\\&n/k\315g\335\362\274\362\353C\307"
 7995      7FDE5C26 
 7995      6E2F6BCD 
 7995      67DDF2BC 
 7995      F2EB43C7 
 7996 26ac 1CAA3912 		.ascii	"\034\2529\022@\002\303\3460\302\231\372x\207\257\004"
 7996      4002C3E6 
 7996      30C299FA 
 7996      7887AF04 
 7997 26bc 1EFB1C68 		.ascii	"\036\373\034h\206\217\250u\314\271\232\204\323\366\231"
 7997      868FA875 
 7997      CCB99A84 
 7997      D3F699
 7998 26cb FBD61BBB 		.ascii	"\373\326\033\273\020\306\331\261\225\024\2130\301\361"
 7998      10C6D9B1 
 7998      95148B30 
 7998      C1F1
 7999 26d9 C63FCB74 		.ascii	"\306?\313ts\276\273\372 J=\325\376/\272\236!\221\301"
 7999      73BEBBFA 
 7999      204A3DD5 
 7999      FE2FBA9E 
 7999      2191C1
 8000 26ec 326F25D4 		.ascii	"2o%\324\375\247\277o\200\333\205W\302\265I\233\321\213"
 8000      FDA7BF6F 
 8000      80DB8557 
 8000      C2B5499B 
 8000      D18B
 8001 26fe 7769823F 		.ascii	"wi\202?.\263i\\+w\367H\376\013*\020{\311"
 8001      2EB3695C 
 8001      2B77F748 
 8001      FE0B2A10 
 8001      7BC9
ARM GAS  C:\Users\PUBLIC~1.LAP\AppData\Local\Temp\ccG3WIcm.s 			page 415


 8002 2710 D97D399D 		.ascii	"\331}9\235\316\345U.k\243\031\332yp\306\244\365\227"
 8002      CEE5552E 
 8002      6BA319DA 
 8002      7970C6A4 
 8002      F597
 8003 2722 057B9F76 		.ascii	"\005{\237v@\373i\355\324{\343\375Q\350u.w/\036|\263"
 8003      40FB69ED 
 8003      D47BE3FD 
 8003      51E8752E 
 8003      772F1E7C 
 8004 2737 F337A997 		.ascii	"\3637\251\2271\2608.\277\012\363\2662\216\3119\346\304"
 8004      31B0382E 
 8004      BF0AF3B6 
 8004      328EC939 
 8004      E6C4
 8005 2749 BA436E66 		.ascii	"\272Cnf1\016bg\320\277\337/\034L8u\377\267\345\303,"
 8005      310E6267 
 8005      D0BFDF2F 
 8005      1C4C3875 
 8005      FFB7E5C3 
 8006 275e 445EACC7 		.ascii	"D^\254\307\003\031\373\020\372=GqRN\237\203\336\275"
 8006      0319FB10 
 8006      FA3D4771 
 8006      524E9F83 
 8006      DEBD
 8007 2770 4B4E8231 		.ascii	"KN\2021Y0a1FU\037%|_7r\302\376\275O\234\023M\240\327"
 8007      59306131 
 8007      46551F25 
 8007      7C5F3772 
 8007      C2FEBD4F 
 8008 2789 91072162 		.ascii	"\221\007!b\300\200[4\1779\337\021\362\335\017\015\236"
 8008      C0805B34 
 8008      7F39DF11 
 8008      F2DD0F0D 
 8008      9E
 8009 279a F348A2F2 		.ascii	"\363H\242\362\233O\203\366\177Qn\016\214\207{\362f\307"
 8009      9B4F83F6 
 8009      7F516E0E 
 8009      8C877BF2 
 8009      66C7
 8010 27ac 5C3876F5 		.ascii	"\\8v\365U\370\227\342v\320\347\302\306~\214\204\003"
 8010      55F897E2 
 8010      76D0E7C2 
 8010      C67E8C84 
 8010      03
 8011 27bd DF1436F1 		.ascii	"\337\0246\3616\273\366\301\217WY\364\002{\277N\011\270"
 8011      36BBF6C1 
 8011      8F5759F4 
 8011      027BBF4E 
 8011      09B8
 8012 27cf 18FF07DF 		.ascii	"\030\377\007\337,\370Z\036\231\307\230\226\336\265\334"
 8012      2CF85A1E 
 8012      99C79896 
 8012      DEB5DC
 8013 27de 8B03DDF8 		.ascii	"\213\003\335\370/\370\\;\336\302\233\331W\261\021\362"
 8013      2FF85C3B 
 8013      DEC29BD9 
ARM GAS  C:\Users\PUBLIC~1.LAP\AppData\Local\Temp\ccG3WIcm.s 			page 416


 8013      57B111F2 
 8014 27ee 8C7E96A7 		.ascii	"\214~\226\247\0147\333\361rrds\277\377\027\027\037\264"
 8014      0C37DBF1 
 8014      72726473 
 8014      BFFF1717 
 8014      1FB4
 8015 2800 3AEFEA0F 		.ascii	":\357\352\017\302\204\177\373Is=\000\332/\215|8<\347"
 8015      C2847FFB 
 8015      49733D00 
 8015      DA2F8D7C 
 8015      383CE7
 8016 2813 FDF06DEF 		.ascii	"\375\360m\357\257\275\354\337\232W\020\3116\323\271"
 8016      AFBDECDF 
 8016      9A5710C9 
 8016      36D3B9
 8017 2822 EF8B380D 		.ascii	"\357\2138\0155\270\335<i\277.\362\314\323\333\356?\266"
 8017      35B8DD3C 
 8017      69BF2EF2 
 8017      CCD3DBEE 
 8017      3FB6
 8018 2834 2F7FC3B8 		.ascii	"/\177\303\270E\206\263\314\357Grn\245\250\353]\351\230"
 8018      4586B3CC 
 8018      EF47726E 
 8018      A5A8EB5D 
 8018      E998
 8019 2846 9E9403DD 		.ascii	"\236\224\003\335\002G\360N\372\022+\0365_!\252hM\343"
 8019      0247F04E 
 8019      FA122B1E 
 8019      355F21AA 
 8019      684DE3
 8020 2859 74D8F96D 		.ascii	"t\330\371m*sR\356\2473FC>\267\266t\375\274)\016\274"
 8020      2A7352EE 
 8020      A7334643 
 8020      3EB7B674 
 8020      FDBC290E 
 8021 286e ACF7C00A 		.ascii	"\254\367\300\012\367\252,g\307\351\374\273\252\333f"
 8021      F7AA2C67 
 8021      C7E9FCBB 
 8021      AADB66
 8022 287d B8FAB88F 		.ascii	"\270\372\270\217evz\331i<\346'JiEG\262\030\253\3463"
 8022      65767AD9 
 8022      693CE627 
 8022      4A694547 
 8022      B218ABE6 
 8023 2892 BA581F2E 		.ascii	"\272X\037.\253\203zD\3633\312\243|m\316z\241}\302\264"
 8023      AB837A44 
 8023      F333CAA3 
 8023      7C6DCE7A 
 8023      A17DC2B4 
 8024 28a6 C7C01D1D 		.ascii	"\307\300\035\035s\33065\303\262d\241\253\030\270K\375"
 8024      73D83635 
 8024      C3B264A1 
 8024      AB18B84B 
 8024      FD
 8025 28b7 13CB5104 		.ascii	"\023\313Q\004\003x`\014\034\215.\335D;\253\246\037O"
 8025      0378600C 
 8025      1C8D2EDD 
ARM GAS  C:\Users\PUBLIC~1.LAP\AppData\Local\Temp\ccG3WIcm.s 			page 417


 8025      443BABA6 
 8025      1F4F
 8026 28c9 FAEDC9B4 		.ascii	"\372\355\311\264>\217\365\025=\322\306\231|N\324yWo"
 8026      3E8FF515 
 8026      3DD2C699 
 8026      7C4ED479 
 8026      576F
 8027 28db D6434E84 		.ascii	"\326CN\204\253\244c?\315/\332\277E\306\206\355\217|"
 8027      ABA4633F 
 8027      CD2FDABF 
 8027      45C686ED 
 8027      8F7C
 8028 28ed 1DF28D44 		.ascii	"\035\362\215D\032\372[\327 z\274J\254#\012\005F\001"
 8028      1AFA5BD7 
 8028      207ABC4A 
 8028      AC230A05 
 8028      4601
 8029 28ff 9A7B797F 		.ascii	"\232{y\177\222>\307e\014\255G\031x\016A\272\007\205"
 8029      923EC765 
 8029      0CAD4719 
 8029      780E41BA 
 8029      0785
 8030 2911 E145CC3F 		.ascii	"\341E\314?\3600\301\005\376\366U1\001\023\330\332\236"
 8030      F030C105 
 8030      FEF65531 
 8030      0113D8DA 
 8030      9E
 8031 2922 66713BC2 		.ascii	"fq;\302\346~}\301$\000\375\001\352\015\277}\211\320"
 8031      E67E7DC1 
 8031      2400FD01 
 8031      EA0DBF7D 
 8031      89D0
 8032 2934 DF8DA9A7 		.ascii	"\337\215\251\247\247n\020o\241'\353\305s\015\240\365"
 8032      A76E106F 
 8032      A127EBC5 
 8032      730DA0F5 
 8033 2944 028EE96B 		.ascii	"\002\216\351k_\322r\177\001\377i\227\376\001|Y\3169"
 8033      5FD2727F 
 8033      01FF6997 
 8033      FE017C59 
 8033      CE39
 8034 2956 7E066047 		.ascii	"~\006`GG\321\273\020f\030\\\015[\365;\250\301<v\357"
 8034      47D1BB10 
 8034      66185C0D 
 8034      5BF53BA8 
 8034      C13C76EF 
 8035 296a 8E47E008 		.ascii	"\216G\340\010\337\261\213\347w{q\355`\033\360Z{\027"
 8035      DFB18BE7 
 8035      777B71ED 
 8035      601BF05A 
 8035      7B17
 8036 297c E1861FFC 		.ascii	"\341\206\037\374\330\332\203.m;\002\312\245\320z5\340"
 8036      D8DA832E 
 8036      6D3B02CA 
 8036      A5D07A35 
 8036      E0
 8037 298d 31A0EB60 		.ascii	"1\240\353`\367W\350\334]\372\235\017e\217\333<\277\330"
ARM GAS  C:\Users\PUBLIC~1.LAP\AppData\Local\Temp\ccG3WIcm.s 			page 418


 8037      F757E8DC 
 8037      5DFA9D0F 
 8037      658FDB3C 
 8037      BFD8
 8038 299f 277DC2D2 		.ascii	"'}\302\322\357X=L\272\030\222\341\277n\364~\236\354"
 8038      EF583D4C 
 8038      BA1892E1 
 8038      BF6EF47E 
 8038      9EEC
 8039 29b1 B6CDD6ED 		.ascii	"\266\315\326\355?N=E\310\303\267=\240\027\216\207\261"
 8039      3F4E3D45 
 8039      C8C3B73D 
 8039      A0178E87 
 8039      B1
 8040 29c2 02BDB1E9 		.ascii	"\002\275\261\351Acw:\360\321\263U\356}!\307'\360\201"
 8040      4163773A 
 8040      F0D1B355 
 8040      EE7D21C7 
 8040      27F081
 8041 29d5 E73AC16E 		.ascii	"\347:\301nh?\207v\336\241$\246\247\2617c9'I\270\023"
 8041      683F8776 
 8041      DEA124A6 
 8041      A7B13763 
 8041      392749B8 
 8042 29ea 3EF83FFB 		.ascii	">\370?\373R\304U\336\373\302\2742\260\237Q\240\265\335"
 8042      52C455DE 
 8042      FBC2BC32 
 8042      B09F51A0 
 8042      B5DD
 8043 29fc 4B7C6487 		.ascii	"K|d\207S\017s\253\323\3709\211=v\2716\2153l\330\237"
 8043      530F73AB 
 8043      D3F83989 
 8043      3D76B936 
 8043      8D336CD8 
 8044 2a11 73926779 		.ascii	"s\222gy\237\331O\305Q\231\225\333\031\235r\217\013\376"
 8044      9FD94FC5 
 8044      519995DB 
 8044      199D728F 
 8044      0BFE
 8045 2a23 3D0B3E95 		.ascii	"=\013>\225:\354hx\3429l?\251\242o\310\306L\257\271y"
 8045      3AEC6878 
 8045      E2396C3F 
 8045      A9A26FC8 
 8045      C64CAFB9 
 8046 2a38 7686C7CC 		.ascii	"v\206\307\314\306\210\262Z\221\345\027\221|Q\310\351"
 8046      C688B25A 
 8046      91E51791 
 8046      7C51C8E9 
 8047 2a48 BF5B5DE1 		.ascii	"\277[]\341\324\255y\021"
 8047      D4AD7911 
 8048              		.text
 8049              		.section	.gnu.lto_.symtab.840c018b,"e",%progbits
 8050 0000 616C645F 		.ascii	"ald_usb_frame_number_get\000"
 8050      7573625F 
 8050      6672616D 
 8050      655F6E75 
 8050      6D626572 
ARM GAS  C:\Users\PUBLIC~1.LAP\AppData\Local\Temp\ccG3WIcm.s 			page 419


 8051 0019 00       		.ascii	"\000"
 8052 001a 00       		.ascii	"\000"
 8053 001b 00       		.ascii	"\000"
 8054 001c 00000000 		.ascii	"\000\000\000\000\000\000\000\000"
 8054      00000000 
 8055 0024 E5020000 		.ascii	"\345\002\000\000"
 8056 0028 616C645F 		.ascii	"ald_usb_otg_session_request\000"
 8056      7573625F 
 8056      6F74675F 
 8056      73657373 
 8056      696F6E5F 
 8057 0044 00       		.ascii	"\000"
 8058 0045 00       		.ascii	"\000"
 8059 0046 00       		.ascii	"\000"
 8060 0047 00000000 		.ascii	"\000\000\000\000\000\000\000\000"
 8060      00000000 
 8061 004f 2C020000 		.ascii	",\002\000\000"
 8062 0053 616C645F 		.ascii	"ald_usb_mode_get\000"
 8062      7573625F 
 8062      6D6F6465 
 8062      5F676574 
 8062      00
 8063 0064 00       		.ascii	"\000"
 8064 0065 00       		.ascii	"\000"
 8065 0066 00       		.ascii	"\000"
 8066 0067 00000000 		.ascii	"\000\000\000\000\000\000\000\000"
 8066      00000000 
 8067 006f E7020000 		.ascii	"\347\002\000\000"
 8068 0073 616C645F 		.ascii	"ald_usb_mode_host_req\000"
 8068      7573625F 
 8068      6D6F6465 
 8068      5F686F73 
 8068      745F7265 
 8069 0089 00       		.ascii	"\000"
 8070 008a 00       		.ascii	"\000"
 8071 008b 00       		.ascii	"\000"
 8072 008c 00000000 		.ascii	"\000\000\000\000\000\000\000\000"
 8072      00000000 
 8073 0094 E9020000 		.ascii	"\351\002\000\000"
 8074 0098 616C645F 		.ascii	"ald_usb_mode_host_req_clear\000"
 8074      7573625F 
 8074      6D6F6465 
 8074      5F686F73 
 8074      745F7265 
 8075 00b4 00       		.ascii	"\000"
 8076 00b5 00       		.ascii	"\000"
 8077 00b6 00       		.ascii	"\000"
 8078 00b7 00000000 		.ascii	"\000\000\000\000\000\000\000\000"
 8078      00000000 
 8079 00bf EB020000 		.ascii	"\353\002\000\000"
 8080 00c3 616C645F 		.ascii	"ald_usb_high_speed_enable\000"
 8080      7573625F 
 8080      68696768 
 8080      5F737065 
 8080      65645F65 
 8081 00dd 00       		.ascii	"\000"
 8082 00de 00       		.ascii	"\000"
ARM GAS  C:\Users\PUBLIC~1.LAP\AppData\Local\Temp\ccG3WIcm.s 			page 420


 8083 00df 00       		.ascii	"\000"
 8084 00e0 00000000 		.ascii	"\000\000\000\000\000\000\000\000"
 8084      00000000 
 8085 00e8 ED020000 		.ascii	"\355\002\000\000"
 8086 00ec 616C645F 		.ascii	"ald_usb_device_speed_get\000"
 8086      7573625F 
 8086      64657669 
 8086      63655F73 
 8086      70656564 
 8087 0105 00       		.ascii	"\000"
 8088 0106 00       		.ascii	"\000"
 8089 0107 00       		.ascii	"\000"
 8090 0108 00000000 		.ascii	"\000\000\000\000\000\000\000\000"
 8090      00000000 
 8091 0110 EF020000 		.ascii	"\357\002\000\000"
 8092 0114 616C645F 		.ascii	"ald_usb_num_ep_get\000"
 8092      7573625F 
 8092      6E756D5F 
 8092      65705F67 
 8092      657400
 8093 0127 00       		.ascii	"\000"
 8094 0128 00       		.ascii	"\000"
 8095 0129 00       		.ascii	"\000"
 8096 012a 00000000 		.ascii	"\000\000\000\000\000\000\000\000"
 8096      00000000 
 8097 0132 F1020000 		.ascii	"\361\002\000\000"
 8098 0136 616C645F 		.ascii	"ald_usb_control_reset\000"
 8098      7573625F 
 8098      636F6E74 
 8098      726F6C5F 
 8098      72657365 
 8099 014c 00       		.ascii	"\000"
 8100 014d 00       		.ascii	"\000"
 8101 014e 00       		.ascii	"\000"
 8102 014f 00000000 		.ascii	"\000\000\000\000\000\000\000\000"
 8102      00000000 
 8103 0157 F4020000 		.ascii	"\364\002\000\000"
 8104 015b 616C645F 		.ascii	"ald_usb_clock_output\000"
 8104      7573625F 
 8104      636C6F63 
 8104      6B5F6F75 
 8104      74707574 
 8105 0170 00       		.ascii	"\000"
 8106 0171 00       		.ascii	"\000"
 8107 0172 00       		.ascii	"\000"
 8108 0173 00000000 		.ascii	"\000\000\000\000\000\000\000\000"
 8108      00000000 
 8109 017b F6020000 		.ascii	"\366\002\000\000"
 8110 017f 616C645F 		.ascii	"ald_usb_eye_diagram_start\000"
 8110      7573625F 
 8110      6579655F 
 8110      64696167 
 8110      72616D5F 
 8111 0199 00       		.ascii	"\000"
 8112 019a 00       		.ascii	"\000"
 8113 019b 00       		.ascii	"\000"
 8114 019c 00000000 		.ascii	"\000\000\000\000\000\000\000\000"
ARM GAS  C:\Users\PUBLIC~1.LAP\AppData\Local\Temp\ccG3WIcm.s 			page 421


 8114      00000000 
 8115 01a4 FB020000 		.ascii	"\373\002\000\000"
 8116 01a8 616C645F 		.ascii	"ald_usb_dppud_set\000"
 8116      7573625F 
 8116      64707075 
 8116      645F7365 
 8116      7400
 8117 01ba 00       		.ascii	"\000"
 8118 01bb 00       		.ascii	"\000"
 8119 01bc 00       		.ascii	"\000"
 8120 01bd 00000000 		.ascii	"\000\000\000\000\000\000\000\000"
 8120      00000000 
 8121 01c5 FF020000 		.ascii	"\377\002\000\000"
 8122 01c9 616C645F 		.ascii	"ald_usb_dmpud_set\000"
 8122      7573625F 
 8122      646D7075 
 8122      645F7365 
 8122      7400
 8123 01db 00       		.ascii	"\000"
 8124 01dc 00       		.ascii	"\000"
 8125 01dd 00       		.ascii	"\000"
 8126 01de 00000000 		.ascii	"\000\000\000\000\000\000\000\000"
 8126      00000000 
 8127 01e6 01030000 		.ascii	"\001\003\000\000"
 8128 01ea 616C645F 		.ascii	"ald_usb_swcid_host\000"
 8128      7573625F 
 8128      73776369 
 8128      645F686F 
 8128      737400
 8129 01fd 00       		.ascii	"\000"
 8130 01fe 00       		.ascii	"\000"
 8131 01ff 00       		.ascii	"\000"
 8132 0200 00000000 		.ascii	"\000\000\000\000\000\000\000\000"
 8132      00000000 
 8133 0208 33020000 		.ascii	"3\002\000\000"
 8134 020c 616C645F 		.ascii	"ald_usb_swcid_cidctrl\000"
 8134      7573625F 
 8134      73776369 
 8134      645F6369 
 8134      64637472 
 8135 0222 00       		.ascii	"\000"
 8136 0223 00       		.ascii	"\000"
 8137 0224 00       		.ascii	"\000"
 8138 0225 00000000 		.ascii	"\000\000\000\000\000\000\000\000"
 8138      00000000 
 8139 022d 38020000 		.ascii	"8\002\000\000"
 8140 0231 616C645F 		.ascii	"ald_usb_dev_get_addr\000"
 8140      7573625F 
 8140      6465765F 
 8140      6765745F 
 8140      61646472 
 8141 0246 00       		.ascii	"\000"
 8142 0247 00       		.ascii	"\000"
 8143 0248 00       		.ascii	"\000"
 8144 0249 00000000 		.ascii	"\000\000\000\000\000\000\000\000"
 8144      00000000 
 8145 0251 04030000 		.ascii	"\004\003\000\000"
ARM GAS  C:\Users\PUBLIC~1.LAP\AppData\Local\Temp\ccG3WIcm.s 			page 422


 8146 0255 616C645F 		.ascii	"ald_usb_dev_set_addr\000"
 8146      7573625F 
 8146      6465765F 
 8146      7365745F 
 8146      61646472 
 8147 026a 00       		.ascii	"\000"
 8148 026b 00       		.ascii	"\000"
 8149 026c 00       		.ascii	"\000"
 8150 026d 00000000 		.ascii	"\000\000\000\000\000\000\000\000"
 8150      00000000 
 8151 0275 06030000 		.ascii	"\006\003\000\000"
 8152 0279 616C645F 		.ascii	"ald_usb_dev_connect\000"
 8152      7573625F 
 8152      6465765F 
 8152      636F6E6E 
 8152      65637400 
 8153 028d 00       		.ascii	"\000"
 8154 028e 00       		.ascii	"\000"
 8155 028f 00       		.ascii	"\000"
 8156 0290 00000000 		.ascii	"\000\000\000\000\000\000\000\000"
 8156      00000000 
 8157 0298 08030000 		.ascii	"\010\003\000\000"
 8158 029c 616C645F 		.ascii	"ald_usb_dev_disconnect\000"
 8158      7573625F 
 8158      6465765F 
 8158      64697363 
 8158      6F6E6E65 
 8159 02b3 00       		.ascii	"\000"
 8160 02b4 00       		.ascii	"\000"
 8161 02b5 00       		.ascii	"\000"
 8162 02b6 00000000 		.ascii	"\000\000\000\000\000\000\000\000"
 8162      00000000 
 8163 02be 0A030000 		.ascii	"\012\003\000\000"
 8164 02c2 616C645F 		.ascii	"ald_usb_dev_suspend_enable\000"
 8164      7573625F 
 8164      6465765F 
 8164      73757370 
 8164      656E645F 
 8165 02dd 00       		.ascii	"\000"
 8166 02de 00       		.ascii	"\000"
 8167 02df 00       		.ascii	"\000"
 8168 02e0 00000000 		.ascii	"\000\000\000\000\000\000\000\000"
 8168      00000000 
 8169 02e8 0C030000 		.ascii	"\014\003\000\000"
 8170 02ec 616C645F 		.ascii	"ald_usb_dev_ep_config\000"
 8170      7573625F 
 8170      6465765F 
 8170      65705F63 
 8170      6F6E6669 
 8171 0302 00       		.ascii	"\000"
 8172 0303 00       		.ascii	"\000"
 8173 0304 00       		.ascii	"\000"
 8174 0305 00000000 		.ascii	"\000\000\000\000\000\000\000\000"
 8174      00000000 
 8175 030d 41020000 		.ascii	"A\002\000\000"
 8176 0311 616C645F 		.ascii	"ald_usb_dev_ep_get_config\000"
 8176      7573625F 
ARM GAS  C:\Users\PUBLIC~1.LAP\AppData\Local\Temp\ccG3WIcm.s 			page 423


 8176      6465765F 
 8176      65705F67 
 8176      65745F63 
 8177 032b 00       		.ascii	"\000"
 8178 032c 00       		.ascii	"\000"
 8179 032d 00       		.ascii	"\000"
 8180 032e 00000000 		.ascii	"\000\000\000\000\000\000\000\000"
 8180      00000000 
 8181 0336 4C020000 		.ascii	"L\002\000\000"
 8182 033a 616C645F 		.ascii	"ald_usb_dev_ep_data_ack\000"
 8182      7573625F 
 8182      6465765F 
 8182      65705F64 
 8182      6174615F 
 8183 0352 00       		.ascii	"\000"
 8184 0353 00       		.ascii	"\000"
 8185 0354 00       		.ascii	"\000"
 8186 0355 00000000 		.ascii	"\000\000\000\000\000\000\000\000"
 8186      00000000 
 8187 035d 56020000 		.ascii	"V\002\000\000"
 8188 0361 616C645F 		.ascii	"ald_usb_dev_ep_stall\000"
 8188      7573625F 
 8188      6465765F 
 8188      65705F73 
 8188      74616C6C 
 8189 0376 00       		.ascii	"\000"
 8190 0377 00       		.ascii	"\000"
 8191 0378 00       		.ascii	"\000"
 8192 0379 00000000 		.ascii	"\000\000\000\000\000\000\000\000"
 8192      00000000 
 8193 0381 5F020000 		.ascii	"_\002\000\000"
 8194 0385 616C645F 		.ascii	"ald_usb_dev_ep_stall_clear\000"
 8194      7573625F 
 8194      6465765F 
 8194      65705F73 
 8194      74616C6C 
 8195 03a0 00       		.ascii	"\000"
 8196 03a1 00       		.ascii	"\000"
 8197 03a2 00       		.ascii	"\000"
 8198 03a3 00000000 		.ascii	"\000\000\000\000\000\000\000\000"
 8198      00000000 
 8199 03ab 64020000 		.ascii	"d\002\000\000"
 8200 03af 616C645F 		.ascii	"ald_usb_dev_ep_status_clear\000"
 8200      7573625F 
 8200      6465765F 
 8200      65705F73 
 8200      74617475 
 8201 03cb 00       		.ascii	"\000"
 8202 03cc 00       		.ascii	"\000"
 8203 03cd 00       		.ascii	"\000"
 8204 03ce 00000000 		.ascii	"\000\000\000\000\000\000\000\000"
 8204      00000000 
 8205 03d6 69020000 		.ascii	"i\002\000\000"
 8206 03da 616C645F 		.ascii	"ald_usb_host_addr_get\000"
 8206      7573625F 
 8206      686F7374 
 8206      5F616464 
ARM GAS  C:\Users\PUBLIC~1.LAP\AppData\Local\Temp\ccG3WIcm.s 			page 424


 8206      725F6765 
 8207 03f0 00       		.ascii	"\000"
 8208 03f1 00       		.ascii	"\000"
 8209 03f2 00       		.ascii	"\000"
 8210 03f3 00000000 		.ascii	"\000\000\000\000\000\000\000\000"
 8210      00000000 
 8211 03fb 11030000 		.ascii	"\021\003\000\000"
 8212 03ff 616C645F 		.ascii	"ald_usb_host_addr_set\000"
 8212      7573625F 
 8212      686F7374 
 8212      5F616464 
 8212      725F7365 
 8213 0415 00       		.ascii	"\000"
 8214 0416 00       		.ascii	"\000"
 8215 0417 00       		.ascii	"\000"
 8216 0418 00000000 		.ascii	"\000\000\000\000\000\000\000\000"
 8216      00000000 
 8217 0420 13030000 		.ascii	"\023\003\000\000"
 8218 0424 616C645F 		.ascii	"ald_usb_host_ep_config\000"
 8218      7573625F 
 8218      686F7374 
 8218      5F65705F 
 8218      636F6E66 
 8219 043b 00       		.ascii	"\000"
 8220 043c 00       		.ascii	"\000"
 8221 043d 00       		.ascii	"\000"
 8222 043e 00000000 		.ascii	"\000\000\000\000\000\000\000\000"
 8222      00000000 
 8223 0446 75020000 		.ascii	"u\002\000\000"
 8224 044a 616C645F 		.ascii	"ald_usb_host_ep_data_ack\000"
 8224      7573625F 
 8224      686F7374 
 8224      5F65705F 
 8224      64617461 
 8225 0463 00       		.ascii	"\000"
 8226 0464 00       		.ascii	"\000"
 8227 0465 00       		.ascii	"\000"
 8228 0466 00000000 		.ascii	"\000\000\000\000\000\000\000\000"
 8228      00000000 
 8229 046e 80020000 		.ascii	"\200\002\000\000"
 8230 0472 616C645F 		.ascii	"ald_usb_host_ep_data_toggle\000"
 8230      7573625F 
 8230      686F7374 
 8230      5F65705F 
 8230      64617461 
 8231 048e 00       		.ascii	"\000"
 8232 048f 00       		.ascii	"\000"
 8233 0490 00       		.ascii	"\000"
 8234 0491 00000000 		.ascii	"\000\000\000\000\000\000\000\000"
 8234      00000000 
 8235 0499 19030000 		.ascii	"\031\003\000\000"
 8236 049d 616C645F 		.ascii	"ald_usb_host_ep_status_clear\000"
 8236      7573625F 
 8236      686F7374 
 8236      5F65705F 
 8236      73746174 
 8237 04ba 00       		.ascii	"\000"
ARM GAS  C:\Users\PUBLIC~1.LAP\AppData\Local\Temp\ccG3WIcm.s 			page 425


 8238 04bb 00       		.ascii	"\000"
 8239 04bc 00       		.ascii	"\000"
 8240 04bd 00000000 		.ascii	"\000\000\000\000\000\000\000\000"
 8240      00000000 
 8241 04c5 85020000 		.ascii	"\205\002\000\000"
 8242 04c9 616C645F 		.ascii	"ald_usb_host_hub_addr_get\000"
 8242      7573625F 
 8242      686F7374 
 8242      5F687562 
 8242      5F616464 
 8243 04e3 00       		.ascii	"\000"
 8244 04e4 00       		.ascii	"\000"
 8245 04e5 00       		.ascii	"\000"
 8246 04e6 00000000 		.ascii	"\000\000\000\000\000\000\000\000"
 8246      00000000 
 8247 04ee 1B030000 		.ascii	"\033\003\000\000"
 8248 04f2 616C645F 		.ascii	"ald_usb_host_hub_addr_set\000"
 8248      7573625F 
 8248      686F7374 
 8248      5F687562 
 8248      5F616464 
 8249 050c 00       		.ascii	"\000"
 8250 050d 00       		.ascii	"\000"
 8251 050e 00       		.ascii	"\000"
 8252 050f 00000000 		.ascii	"\000\000\000\000\000\000\000\000"
 8252      00000000 
 8253 0517 1D030000 		.ascii	"\035\003\000\000"
 8254 051b 616C645F 		.ascii	"ald_usb_host_pwr_disable\000"
 8254      7573625F 
 8254      686F7374 
 8254      5F707772 
 8254      5F646973 
 8255 0534 00       		.ascii	"\000"
 8256 0535 00       		.ascii	"\000"
 8257 0536 00       		.ascii	"\000"
 8258 0537 00000000 		.ascii	"\000\000\000\000\000\000\000\000"
 8258      00000000 
 8259 053f 1F030000 		.ascii	"\037\003\000\000"
 8260 0543 616C645F 		.ascii	"ald_usb_host_pwr_enable\000"
 8260      7573625F 
 8260      686F7374 
 8260      5F707772 
 8260      5F656E61 
 8261 055b 00       		.ascii	"\000"
 8262 055c 00       		.ascii	"\000"
 8263 055d 00       		.ascii	"\000"
 8264 055e 00000000 		.ascii	"\000\000\000\000\000\000\000\000"
 8264      00000000 
 8265 0566 21030000 		.ascii	"!\003\000\000"
 8266 056a 616C645F 		.ascii	"ald_usb_host_pwr_config\000"
 8266      7573625F 
 8266      686F7374 
 8266      5F707772 
 8266      5F636F6E 
 8267 0582 00       		.ascii	"\000"
 8268 0583 00       		.ascii	"\000"
 8269 0584 00       		.ascii	"\000"
ARM GAS  C:\Users\PUBLIC~1.LAP\AppData\Local\Temp\ccG3WIcm.s 			page 426


 8270 0585 00000000 		.ascii	"\000\000\000\000\000\000\000\000"
 8270      00000000 
 8271 058d 23030000 		.ascii	"#\003\000\000"
 8272 0591 616C645F 		.ascii	"ald_usb_host_pwr_fault_disable\000"
 8272      7573625F 
 8272      686F7374 
 8272      5F707772 
 8272      5F666175 
 8273 05b0 00       		.ascii	"\000"
 8274 05b1 00       		.ascii	"\000"
 8275 05b2 00       		.ascii	"\000"
 8276 05b3 00000000 		.ascii	"\000\000\000\000\000\000\000\000"
 8276      00000000 
 8277 05bb 25030000 		.ascii	"%\003\000\000"
 8278 05bf 616C645F 		.ascii	"ald_usb_host_pwr_fault_enable\000"
 8278      7573625F 
 8278      686F7374 
 8278      5F707772 
 8278      5F666175 
 8279 05dd 00       		.ascii	"\000"
 8280 05de 00       		.ascii	"\000"
 8281 05df 00       		.ascii	"\000"
 8282 05e0 00000000 		.ascii	"\000\000\000\000\000\000\000\000"
 8282      00000000 
 8283 05e8 27030000 		.ascii	"'\003\000\000"
 8284 05ec 616C645F 		.ascii	"ald_usb_host_request_in\000"
 8284      7573625F 
 8284      686F7374 
 8284      5F726571 
 8284      75657374 
 8285 0604 00       		.ascii	"\000"
 8286 0605 00       		.ascii	"\000"
 8287 0606 00       		.ascii	"\000"
 8288 0607 00000000 		.ascii	"\000\000\000\000\000\000\000\000"
 8288      00000000 
 8289 060f 8B020000 		.ascii	"\213\002\000\000"
 8290 0613 616C645F 		.ascii	"ald_usb_host_request_in_clear\000"
 8290      7573625F 
 8290      686F7374 
 8290      5F726571 
 8290      75657374 
 8291 0631 00       		.ascii	"\000"
 8292 0632 00       		.ascii	"\000"
 8293 0633 00       		.ascii	"\000"
 8294 0634 00000000 		.ascii	"\000\000\000\000\000\000\000\000"
 8294      00000000 
 8295 063c 90020000 		.ascii	"\220\002\000\000"
 8296 0640 616C645F 		.ascii	"ald_usb_host_request_status\000"
 8296      7573625F 
 8296      686F7374 
 8296      5F726571 
 8296      75657374 
 8297 065c 00       		.ascii	"\000"
 8298 065d 00       		.ascii	"\000"
 8299 065e 00       		.ascii	"\000"
 8300 065f 00000000 		.ascii	"\000\000\000\000\000\000\000\000"
 8300      00000000 
ARM GAS  C:\Users\PUBLIC~1.LAP\AppData\Local\Temp\ccG3WIcm.s 			page 427


 8301 0667 29030000 		.ascii	")\003\000\000"
 8302 066b 616C645F 		.ascii	"ald_usb_host_reset\000"
 8302      7573625F 
 8302      686F7374 
 8302      5F726573 
 8302      657400
 8303 067e 00       		.ascii	"\000"
 8304 067f 00       		.ascii	"\000"
 8305 0680 00       		.ascii	"\000"
 8306 0681 00000000 		.ascii	"\000\000\000\000\000\000\000\000"
 8306      00000000 
 8307 0689 95020000 		.ascii	"\225\002\000\000"
 8308 068d 616C645F 		.ascii	"ald_usb_host_resume\000"
 8308      7573625F 
 8308      686F7374 
 8308      5F726573 
 8308      756D6500 
 8309 06a1 00       		.ascii	"\000"
 8310 06a2 00       		.ascii	"\000"
 8311 06a3 00       		.ascii	"\000"
 8312 06a4 00000000 		.ascii	"\000\000\000\000\000\000\000\000"
 8312      00000000 
 8313 06ac 9A020000 		.ascii	"\232\002\000\000"
 8314 06b0 616C645F 		.ascii	"ald_usb_host_suspend\000"
 8314      7573625F 
 8314      686F7374 
 8314      5F737573 
 8314      70656E64 
 8315 06c5 00       		.ascii	"\000"
 8316 06c6 00       		.ascii	"\000"
 8317 06c7 00       		.ascii	"\000"
 8318 06c8 00000000 		.ascii	"\000\000\000\000\000\000\000\000"
 8318      00000000 
 8319 06d0 2B030000 		.ascii	"+\003\000\000"
 8320 06d4 616C645F 		.ascii	"ald_usb_host_speed_get\000"
 8320      7573625F 
 8320      686F7374 
 8320      5F737065 
 8320      65645F67 
 8321 06eb 00       		.ascii	"\000"
 8322 06ec 00       		.ascii	"\000"
 8323 06ed 00       		.ascii	"\000"
 8324 06ee 00000000 		.ascii	"\000\000\000\000\000\000\000\000"
 8324      00000000 
 8325 06f6 A0020000 		.ascii	"\240\002\000\000"
 8326 06fa 616C645F 		.ascii	"ald_usb_host_ep_speed_set\000"
 8326      7573625F 
 8326      686F7374 
 8326      5F65705F 
 8326      73706565 
 8327 0714 00       		.ascii	"\000"
 8328 0715 00       		.ascii	"\000"
 8329 0716 00       		.ascii	"\000"
 8330 0717 00000000 		.ascii	"\000\000\000\000\000\000\000\000"
 8330      00000000 
 8331 071f 2D030000 		.ascii	"-\003\000\000"
 8332 0723 616C645F 		.ascii	"ald_usb_host_ep_ping\000"
ARM GAS  C:\Users\PUBLIC~1.LAP\AppData\Local\Temp\ccG3WIcm.s 			page 428


 8332      7573625F 
 8332      686F7374 
 8332      5F65705F 
 8332      70696E67 
 8333 0738 00       		.ascii	"\000"
 8334 0739 00       		.ascii	"\000"
 8335 073a 00       		.ascii	"\000"
 8336 073b 00000000 		.ascii	"\000\000\000\000\000\000\000\000"
 8336      00000000 
 8337 0743 2F030000 		.ascii	"/\003\000\000"
 8338 0747 616C645F 		.ascii	"ald_usb_ep_data_avail\000"
 8338      7573625F 
 8338      65705F64 
 8338      6174615F 
 8338      61766169 
 8339 075d 00       		.ascii	"\000"
 8340 075e 00       		.ascii	"\000"
 8341 075f 00       		.ascii	"\000"
 8342 0760 00000000 		.ascii	"\000\000\000\000\000\000\000\000"
 8342      00000000 
 8343 0768 A6020000 		.ascii	"\246\002\000\000"
 8344 076c 616C645F 		.ascii	"ald_usb_ep_data_get\000"
 8344      7573625F 
 8344      65705F64 
 8344      6174615F 
 8344      67657400 
 8345 0780 00       		.ascii	"\000"
 8346 0781 00       		.ascii	"\000"
 8347 0782 00       		.ascii	"\000"
 8348 0783 00000000 		.ascii	"\000\000\000\000\000\000\000\000"
 8348      00000000 
 8349 078b 39030000 		.ascii	"9\003\000\000"
 8350 078f 616C645F 		.ascii	"ald_usb_ep_data_put\000"
 8350      7573625F 
 8350      65705F64 
 8350      6174615F 
 8350      70757400 
 8351 07a3 00       		.ascii	"\000"
 8352 07a4 00       		.ascii	"\000"
 8353 07a5 00       		.ascii	"\000"
 8354 07a6 00000000 		.ascii	"\000\000\000\000\000\000\000\000"
 8354      00000000 
 8355 07ae 3F030000 		.ascii	"?\003\000\000"
 8356 07b2 616C645F 		.ascii	"ald_usb_ep_data_send\000"
 8356      7573625F 
 8356      65705F64 
 8356      6174615F 
 8356      73656E64 
 8357 07c7 00       		.ascii	"\000"
 8358 07c8 00       		.ascii	"\000"
 8359 07c9 00       		.ascii	"\000"
 8360 07ca 00000000 		.ascii	"\000\000\000\000\000\000\000\000"
 8360      00000000 
 8361 07d2 44030000 		.ascii	"D\003\000\000"
 8362 07d6 616C645F 		.ascii	"ald_usb_ep_data_toggle_clear\000"
 8362      7573625F 
 8362      65705F64 
ARM GAS  C:\Users\PUBLIC~1.LAP\AppData\Local\Temp\ccG3WIcm.s 			page 429


 8362      6174615F 
 8362      746F6767 
 8363 07f3 00       		.ascii	"\000"
 8364 07f4 00       		.ascii	"\000"
 8365 07f5 00       		.ascii	"\000"
 8366 07f6 00000000 		.ascii	"\000\000\000\000\000\000\000\000"
 8366      00000000 
 8367 07fe AB020000 		.ascii	"\253\002\000\000"
 8368 0802 616C645F 		.ascii	"ald_usb_ep_req_packet_count\000"
 8368      7573625F 
 8368      65705F72 
 8368      65715F70 
 8368      61636B65 
 8369 081e 00       		.ascii	"\000"
 8370 081f 00       		.ascii	"\000"
 8371 0820 00       		.ascii	"\000"
 8372 0821 00000000 		.ascii	"\000\000\000\000\000\000\000\000"
 8372      00000000 
 8373 0829 46030000 		.ascii	"F\003\000\000"
 8374 082d 616C645F 		.ascii	"ald_usb_ep_status\000"
 8374      7573625F 
 8374      65705F73 
 8374      74617475 
 8374      7300
 8375 083f 00       		.ascii	"\000"
 8376 0840 00       		.ascii	"\000"
 8377 0841 00       		.ascii	"\000"
 8378 0842 00000000 		.ascii	"\000\000\000\000\000\000\000\000"
 8378      00000000 
 8379 084a B0020000 		.ascii	"\260\002\000\000"
 8380 084e 616C645F 		.ascii	"ald_usb_ep_dma_config\000"
 8380      7573625F 
 8380      65705F64 
 8380      6D615F63 
 8380      6F6E6669 
 8381 0864 00       		.ascii	"\000"
 8382 0865 00       		.ascii	"\000"
 8383 0866 00       		.ascii	"\000"
 8384 0867 00000000 		.ascii	"\000\000\000\000\000\000\000\000"
 8384      00000000 
 8385 086f 4C030000 		.ascii	"L\003\000\000"
 8386 0873 616C645F 		.ascii	"ald_usb_fifo_addr_get\000"
 8386      7573625F 
 8386      6669666F 
 8386      5F616464 
 8386      725F6765 
 8387 0889 00       		.ascii	"\000"
 8388 088a 00       		.ascii	"\000"
 8389 088b 00       		.ascii	"\000"
 8390 088c 00000000 		.ascii	"\000\000\000\000\000\000\000\000"
 8390      00000000 
 8391 0894 4E030000 		.ascii	"N\003\000\000"
 8392 0898 616C645F 		.ascii	"ald_usb_fifo_config_get\000"
 8392      7573625F 
 8392      6669666F 
 8392      5F636F6E 
 8392      6669675F 
ARM GAS  C:\Users\PUBLIC~1.LAP\AppData\Local\Temp\ccG3WIcm.s 			page 430


 8393 08b0 00       		.ascii	"\000"
 8394 08b1 00       		.ascii	"\000"
 8395 08b2 00       		.ascii	"\000"
 8396 08b3 00000000 		.ascii	"\000\000\000\000\000\000\000\000"
 8396      00000000 
 8397 08bb BA020000 		.ascii	"\272\002\000\000"
 8398 08bf 616C645F 		.ascii	"ald_usb_fifo_config_set\000"
 8398      7573625F 
 8398      6669666F 
 8398      5F636F6E 
 8398      6669675F 
 8399 08d7 00       		.ascii	"\000"
 8400 08d8 00       		.ascii	"\000"
 8401 08d9 00       		.ascii	"\000"
 8402 08da 00000000 		.ascii	"\000\000\000\000\000\000\000\000"
 8402      00000000 
 8403 08e2 C6020000 		.ascii	"\306\002\000\000"
 8404 08e6 616C645F 		.ascii	"ald_usb_fifo_flush\000"
 8404      7573625F 
 8404      6669666F 
 8404      5F666C75 
 8404      736800
 8405 08f9 00       		.ascii	"\000"
 8406 08fa 00       		.ascii	"\000"
 8407 08fb 00       		.ascii	"\000"
 8408 08fc 00000000 		.ascii	"\000\000\000\000\000\000\000\000"
 8408      00000000 
 8409 0904 CD020000 		.ascii	"\315\002\000\000"
 8410 0908 616C645F 		.ascii	"ald_usb_int_disable\000"
 8410      7573625F 
 8410      696E745F 
 8410      64697361 
 8410      626C6500 
 8411 091c 00       		.ascii	"\000"
 8412 091d 00       		.ascii	"\000"
 8413 091e 00       		.ascii	"\000"
 8414 091f 00000000 		.ascii	"\000\000\000\000\000\000\000\000"
 8414      00000000 
 8415 0927 50030000 		.ascii	"P\003\000\000"
 8416 092b 616C645F 		.ascii	"ald_usb_int_enable\000"
 8416      7573625F 
 8416      696E745F 
 8416      656E6162 
 8416      6C6500
 8417 093e 00       		.ascii	"\000"
 8418 093f 00       		.ascii	"\000"
 8419 0940 00       		.ascii	"\000"
 8420 0941 00000000 		.ascii	"\000\000\000\000\000\000\000\000"
 8420      00000000 
 8421 0949 52030000 		.ascii	"R\003\000\000"
 8422 094d 616C645F 		.ascii	"ald_usb_int_status_get\000"
 8422      7573625F 
 8422      696E745F 
 8422      73746174 
 8422      75735F67 
 8423 0964 00       		.ascii	"\000"
 8424 0965 00       		.ascii	"\000"
ARM GAS  C:\Users\PUBLIC~1.LAP\AppData\Local\Temp\ccG3WIcm.s 			page 431


 8425 0966 00       		.ascii	"\000"
 8426 0967 00000000 		.ascii	"\000\000\000\000\000\000\000\000"
 8426      00000000 
 8427 096f 54030000 		.ascii	"T\003\000\000"
 8428 0973 616C645F 		.ascii	"ald_usb_int_disable_ep\000"
 8428      7573625F 
 8428      696E745F 
 8428      64697361 
 8428      626C655F 
 8429 098a 00       		.ascii	"\000"
 8430 098b 00       		.ascii	"\000"
 8431 098c 00       		.ascii	"\000"
 8432 098d 00000000 		.ascii	"\000\000\000\000\000\000\000\000"
 8432      00000000 
 8433 0995 56030000 		.ascii	"V\003\000\000"
 8434 0999 616C645F 		.ascii	"ald_usb_int_enable_ep\000"
 8434      7573625F 
 8434      696E745F 
 8434      656E6162 
 8434      6C655F65 
 8435 09af 00       		.ascii	"\000"
 8436 09b0 00       		.ascii	"\000"
 8437 09b1 00       		.ascii	"\000"
 8438 09b2 00000000 		.ascii	"\000\000\000\000\000\000\000\000"
 8438      00000000 
 8439 09ba 58030000 		.ascii	"X\003\000\000"
 8440 09be 616C645F 		.ascii	"ald_usb_int_status_ep_get\000"
 8440      7573625F 
 8440      696E745F 
 8440      73746174 
 8440      75735F65 
 8441 09d8 00       		.ascii	"\000"
 8442 09d9 00       		.ascii	"\000"
 8443 09da 00       		.ascii	"\000"
 8444 09db 00000000 		.ascii	"\000\000\000\000\000\000\000\000"
 8444      00000000 
 8445 09e3 5A030000 		.ascii	"Z\003\000\000"
 8446 09e7 616C645F 		.ascii	"ald_usb_int_register\000"
 8446      7573625F 
 8446      696E745F 
 8446      72656769 
 8446      73746572 
 8447 09fc 00       		.ascii	"\000"
 8448 09fd 00       		.ascii	"\000"
 8449 09fe 00       		.ascii	"\000"
 8450 09ff 00000000 		.ascii	"\000\000\000\000\000\000\000\000"
 8450      00000000 
 8451 0a07 5C030000 		.ascii	"\\\003\000\000"
 8452 0a0b 616C645F 		.ascii	"ald_usb_int_unregister\000"
 8452      7573625F 
 8452      696E745F 
 8452      756E7265 
 8452      67697374 
 8453 0a22 00       		.ascii	"\000"
 8454 0a23 00       		.ascii	"\000"
 8455 0a24 00       		.ascii	"\000"
 8456 0a25 00000000 		.ascii	"\000\000\000\000\000\000\000\000"
ARM GAS  C:\Users\PUBLIC~1.LAP\AppData\Local\Temp\ccG3WIcm.s 			page 432


 8456      00000000 
 8457 0a2d 5E030000 		.ascii	"^\003\000\000"
 8458 0a31 616C645F 		.ascii	"ald_usb_int_num_get\000"
 8458      7573625F 
 8458      696E745F 
 8458      6E756D5F 
 8458      67657400 
 8459 0a45 00       		.ascii	"\000"
 8460 0a46 00       		.ascii	"\000"
 8461 0a47 00       		.ascii	"\000"
 8462 0a48 00000000 		.ascii	"\000\000\000\000\000\000\000\000"
 8462      00000000 
 8463 0a50 60030000 		.ascii	"`\003\000\000"
 8464 0a54 616C645F 		.ascii	"ald_usb_lpm_remote_wake_is_enable\000"
 8464      7573625F 
 8464      6C706D5F 
 8464      72656D6F 
 8464      74655F77 
 8465 0a76 00       		.ascii	"\000"
 8466 0a77 00       		.ascii	"\000"
 8467 0a78 00       		.ascii	"\000"
 8468 0a79 00000000 		.ascii	"\000\000\000\000\000\000\000\000"
 8468      00000000 
 8469 0a81 62030000 		.ascii	"b\003\000\000"
 8470 0a85 616C645F 		.ascii	"ald_usb_lpm_link_status_get\000"
 8470      7573625F 
 8470      6C706D5F 
 8470      6C696E6B 
 8470      5F737461 
 8471 0aa1 00       		.ascii	"\000"
 8472 0aa2 00       		.ascii	"\000"
 8473 0aa3 00       		.ascii	"\000"
 8474 0aa4 00000000 		.ascii	"\000\000\000\000\000\000\000\000"
 8474      00000000 
 8475 0aac 64030000 		.ascii	"d\003\000\000"
 8476 0ab0 616C645F 		.ascii	"ald_usb_lpm_ep_get\000"
 8476      7573625F 
 8476      6C706D5F 
 8476      65705F67 
 8476      657400
 8477 0ac3 00       		.ascii	"\000"
 8478 0ac4 00       		.ascii	"\000"
 8479 0ac5 00       		.ascii	"\000"
 8480 0ac6 00000000 		.ascii	"\000\000\000\000\000\000\000\000"
 8480      00000000 
 8481 0ace 66030000 		.ascii	"f\003\000\000"
 8482 0ad2 616C645F 		.ascii	"ald_usb_lpm_int_status_get\000"
 8482      7573625F 
 8482      6C706D5F 
 8482      696E745F 
 8482      73746174 
 8483 0aed 00       		.ascii	"\000"
 8484 0aee 00       		.ascii	"\000"
 8485 0aef 00       		.ascii	"\000"
 8486 0af0 00000000 		.ascii	"\000\000\000\000\000\000\000\000"
 8486      00000000 
 8487 0af8 68030000 		.ascii	"h\003\000\000"
ARM GAS  C:\Users\PUBLIC~1.LAP\AppData\Local\Temp\ccG3WIcm.s 			page 433


 8488 0afc 616C645F 		.ascii	"ald_usb_lpm_int_disable\000"
 8488      7573625F 
 8488      6C706D5F 
 8488      696E745F 
 8488      64697361 
 8489 0b14 00       		.ascii	"\000"
 8490 0b15 00       		.ascii	"\000"
 8491 0b16 00       		.ascii	"\000"
 8492 0b17 00000000 		.ascii	"\000\000\000\000\000\000\000\000"
 8492      00000000 
 8493 0b1f 6A030000 		.ascii	"j\003\000\000"
 8494 0b23 616C645F 		.ascii	"ald_usb_lpm_int_enable\000"
 8494      7573625F 
 8494      6C706D5F 
 8494      696E745F 
 8494      656E6162 
 8495 0b3a 00       		.ascii	"\000"
 8496 0b3b 00       		.ascii	"\000"
 8497 0b3c 00       		.ascii	"\000"
 8498 0b3d 00000000 		.ascii	"\000\000\000\000\000\000\000\000"
 8498      00000000 
 8499 0b45 6C030000 		.ascii	"l\003\000\000"
 8500 0b49 616C645F 		.ascii	"ald_usb_host_lpm_send\000"
 8500      7573625F 
 8500      686F7374 
 8500      5F6C706D 
 8500      5F73656E 
 8501 0b5f 00       		.ascii	"\000"
 8502 0b60 00       		.ascii	"\000"
 8503 0b61 00       		.ascii	"\000"
 8504 0b62 00000000 		.ascii	"\000\000\000\000\000\000\000\000"
 8504      00000000 
 8505 0b6a 6E030000 		.ascii	"n\003\000\000"
 8506 0b6e 616C645F 		.ascii	"ald_usb_host_lpm_config\000"
 8506      7573625F 
 8506      686F7374 
 8506      5F6C706D 
 8506      5F636F6E 
 8507 0b86 00       		.ascii	"\000"
 8508 0b87 00       		.ascii	"\000"
 8509 0b88 00       		.ascii	"\000"
 8510 0b89 00000000 		.ascii	"\000\000\000\000\000\000\000\000"
 8510      00000000 
 8511 0b91 70030000 		.ascii	"p\003\000\000"
 8512 0b95 616C645F 		.ascii	"ald_usb_host_lpm_resume\000"
 8512      7573625F 
 8512      686F7374 
 8512      5F6C706D 
 8512      5F726573 
 8513 0bad 00       		.ascii	"\000"
 8514 0bae 00       		.ascii	"\000"
 8515 0baf 00       		.ascii	"\000"
 8516 0bb0 00000000 		.ascii	"\000\000\000\000\000\000\000\000"
 8516      00000000 
 8517 0bb8 72030000 		.ascii	"r\003\000\000"
 8518 0bbc 616C645F 		.ascii	"ald_usb_dev_lpm_remote_wake\000"
 8518      7573625F 
ARM GAS  C:\Users\PUBLIC~1.LAP\AppData\Local\Temp\ccG3WIcm.s 			page 434


 8518      6465765F 
 8518      6C706D5F 
 8518      72656D6F 
 8519 0bd8 00       		.ascii	"\000"
 8520 0bd9 00       		.ascii	"\000"
 8521 0bda 00       		.ascii	"\000"
 8522 0bdb 00000000 		.ascii	"\000\000\000\000\000\000\000\000"
 8522      00000000 
 8523 0be3 74030000 		.ascii	"t\003\000\000"
 8524 0be7 616C645F 		.ascii	"ald_usb_dev_lpm_config\000"
 8524      7573625F 
 8524      6465765F 
 8524      6C706D5F 
 8524      636F6E66 
 8525 0bfe 00       		.ascii	"\000"
 8526 0bff 00       		.ascii	"\000"
 8527 0c00 00       		.ascii	"\000"
 8528 0c01 00000000 		.ascii	"\000\000\000\000\000\000\000\000"
 8528      00000000 
 8529 0c09 76030000 		.ascii	"v\003\000\000"
 8530 0c0d 616C645F 		.ascii	"ald_usb_dev_lpm_enable\000"
 8530      7573625F 
 8530      6465765F 
 8530      6C706D5F 
 8530      656E6162 
 8531 0c24 00       		.ascii	"\000"
 8532 0c25 00       		.ascii	"\000"
 8533 0c26 00       		.ascii	"\000"
 8534 0c27 00000000 		.ascii	"\000\000\000\000\000\000\000\000"
 8534      00000000 
 8535 0c2f 78030000 		.ascii	"x\003\000\000"
 8536 0c33 616C645F 		.ascii	"ald_usb_dev_lpm_disable\000"
 8536      7573625F 
 8536      6465765F 
 8536      6C706D5F 
 8536      64697361 
 8537 0c4b 00       		.ascii	"\000"
 8538 0c4c 00       		.ascii	"\000"
 8539 0c4d 00       		.ascii	"\000"
 8540 0c4e 00000000 		.ascii	"\000\000\000\000\000\000\000\000"
 8540      00000000 
 8541 0c56 7A030000 		.ascii	"z\003\000\000"
 8542 0c5a 616C645F 		.ascii	"ald_usb_swvbus_sigctl_set\000"
 8542      7573625F 
 8542      73777662 
 8542      75735F73 
 8542      69676374 
 8543 0c74 00       		.ascii	"\000"
 8544 0c75 00       		.ascii	"\000"
 8545 0c76 00       		.ascii	"\000"
 8546 0c77 00000000 		.ascii	"\000\000\000\000\000\000\000\000"
 8546      00000000 
 8547 0c7f D2020000 		.ascii	"\322\002\000\000"
 8548 0c83 616C645F 		.ascii	"ald_usb_swvbus_sigctl_get\000"
 8548      7573625F 
 8548      73777662 
 8548      75735F73 
ARM GAS  C:\Users\PUBLIC~1.LAP\AppData\Local\Temp\ccG3WIcm.s 			page 435


 8548      69676374 
 8549 0c9d 00       		.ascii	"\000"
 8550 0c9e 00       		.ascii	"\000"
 8551 0c9f 00       		.ascii	"\000"
 8552 0ca0 00000000 		.ascii	"\000\000\000\000\000\000\000\000"
 8552      00000000 
 8553 0ca8 7C030000 		.ascii	"|\003\000\000"
 8554 0cac 616C645F 		.ascii	"ald_usb_swvbus_sesendth_set\000"
 8554      7573625F 
 8554      73777662 
 8554      75735F73 
 8554      6573656E 
 8555 0cc8 00       		.ascii	"\000"
 8556 0cc9 00       		.ascii	"\000"
 8557 0cca 00       		.ascii	"\000"
 8558 0ccb 00000000 		.ascii	"\000\000\000\000\000\000\000\000"
 8558      00000000 
 8559 0cd3 D7020000 		.ascii	"\327\002\000\000"
 8560 0cd7 616C645F 		.ascii	"ald_usb_swvbus_sesendth_get\000"
 8560      7573625F 
 8560      73777662 
 8560      75735F73 
 8560      6573656E 
 8561 0cf3 00       		.ascii	"\000"
 8562 0cf4 00       		.ascii	"\000"
 8563 0cf5 00       		.ascii	"\000"
 8564 0cf6 00000000 		.ascii	"\000\000\000\000\000\000\000\000"
 8564      00000000 
 8565 0cfe 7E030000 		.ascii	"~\003\000\000"
 8566 0d02 616C645F 		.ascii	"ald_usb_swvbus_sesvalth_set\000"
 8566      7573625F 
 8566      73777662 
 8566      75735F73 
 8566      65737661 
 8567 0d1e 00       		.ascii	"\000"
 8568 0d1f 00       		.ascii	"\000"
 8569 0d20 00       		.ascii	"\000"
 8570 0d21 00000000 		.ascii	"\000\000\000\000\000\000\000\000"
 8570      00000000 
 8571 0d29 DC020000 		.ascii	"\334\002\000\000"
 8572 0d2d 616C645F 		.ascii	"ald_usb_swvbus_sesvalth_get\000"
 8572      7573625F 
 8572      73777662 
 8572      75735F73 
 8572      65737661 
 8573 0d49 00       		.ascii	"\000"
 8574 0d4a 00       		.ascii	"\000"
 8575 0d4b 00       		.ascii	"\000"
 8576 0d4c 00000000 		.ascii	"\000\000\000\000\000\000\000\000"
 8576      00000000 
 8577 0d54 80030000 		.ascii	"\200\003\000\000"
 8578 0d58 616C645F 		.ascii	"ald_usb_swvbus_valth_set\000"
 8578      7573625F 
 8578      73777662 
 8578      75735F76 
 8578      616C7468 
 8579 0d71 00       		.ascii	"\000"
ARM GAS  C:\Users\PUBLIC~1.LAP\AppData\Local\Temp\ccG3WIcm.s 			page 436


 8580 0d72 00       		.ascii	"\000"
 8581 0d73 00       		.ascii	"\000"
 8582 0d74 00000000 		.ascii	"\000\000\000\000\000\000\000\000"
 8582      00000000 
 8583 0d7c E1020000 		.ascii	"\341\002\000\000"
 8584 0d80 616C645F 		.ascii	"ald_usb_swvbus_valth_get\000"
 8584      7573625F 
 8584      73777662 
 8584      75735F76 
 8584      616C7468 
 8585 0d99 00       		.ascii	"\000"
 8586 0d9a 00       		.ascii	"\000"
 8587 0d9b 00       		.ascii	"\000"
 8588 0d9c 00000000 		.ascii	"\000\000\000\000\000\000\000\000"
 8588      00000000 
 8589 0da4 82030000 		.ascii	"\202\003\000\000"
 8590 0da8 616C645F 		.ascii	"ald_usb_host_components_init\000"
 8590      7573625F 
 8590      686F7374 
 8590      5F636F6D 
 8590      706F6E65 
 8591 0dc5 00       		.ascii	"\000"
 8592 0dc6 00       		.ascii	"\000"
 8593 0dc7 00       		.ascii	"\000"
 8594 0dc8 00000000 		.ascii	"\000\000\000\000\000\000\000\000"
 8594      00000000 
 8595 0dd0 84030000 		.ascii	"\204\003\000\000"
 8596 0dd4 616C645F 		.ascii	"ald_usb_device_components_init\000"
 8596      7573625F 
 8596      64657669 
 8596      63655F63 
 8596      6F6D706F 
 8597 0df3 00       		.ascii	"\000"
 8598 0df4 00       		.ascii	"\000"
 8599 0df5 00       		.ascii	"\000"
 8600 0df6 00000000 		.ascii	"\000\000\000\000\000\000\000\000"
 8600      00000000 
 8601 0dfe 86030000 		.ascii	"\206\003\000\000"
 8602              		.text
 8603              		.section	.gnu.lto_.ext_symtab.840c018b,"e",%progbits
 8604 0000 01       		.ascii	"\001"
 8605 0001 01       		.ascii	"\001"
 8606 0002 00       		.ascii	"\000"
 8607 0003 01       		.ascii	"\001"
 8608 0004 00       		.ascii	"\000"
 8609 0005 01       		.ascii	"\001"
 8610 0006 00       		.ascii	"\000"
 8611 0007 01       		.ascii	"\001"
 8612 0008 00       		.ascii	"\000"
 8613 0009 01       		.ascii	"\001"
 8614 000a 00       		.ascii	"\000"
 8615 000b 01       		.ascii	"\001"
 8616 000c 00       		.ascii	"\000"
 8617 000d 01       		.ascii	"\001"
 8618 000e 00       		.ascii	"\000"
 8619 000f 01       		.ascii	"\001"
 8620 0010 00       		.ascii	"\000"
ARM GAS  C:\Users\PUBLIC~1.LAP\AppData\Local\Temp\ccG3WIcm.s 			page 437


 8621 0011 01       		.ascii	"\001"
 8622 0012 00       		.ascii	"\000"
 8623 0013 01       		.ascii	"\001"
 8624 0014 00       		.ascii	"\000"
 8625 0015 01       		.ascii	"\001"
 8626 0016 00       		.ascii	"\000"
 8627 0017 01       		.ascii	"\001"
 8628 0018 00       		.ascii	"\000"
 8629 0019 01       		.ascii	"\001"
 8630 001a 00       		.ascii	"\000"
 8631 001b 01       		.ascii	"\001"
 8632 001c 00       		.ascii	"\000"
 8633 001d 01       		.ascii	"\001"
 8634 001e 00       		.ascii	"\000"
 8635 001f 01       		.ascii	"\001"
 8636 0020 00       		.ascii	"\000"
 8637 0021 01       		.ascii	"\001"
 8638 0022 00       		.ascii	"\000"
 8639 0023 01       		.ascii	"\001"
 8640 0024 00       		.ascii	"\000"
 8641 0025 01       		.ascii	"\001"
 8642 0026 00       		.ascii	"\000"
 8643 0027 01       		.ascii	"\001"
 8644 0028 00       		.ascii	"\000"
 8645 0029 01       		.ascii	"\001"
 8646 002a 00       		.ascii	"\000"
 8647 002b 01       		.ascii	"\001"
 8648 002c 00       		.ascii	"\000"
 8649 002d 01       		.ascii	"\001"
 8650 002e 00       		.ascii	"\000"
 8651 002f 01       		.ascii	"\001"
 8652 0030 00       		.ascii	"\000"
 8653 0031 01       		.ascii	"\001"
 8654 0032 00       		.ascii	"\000"
 8655 0033 01       		.ascii	"\001"
 8656 0034 00       		.ascii	"\000"
 8657 0035 01       		.ascii	"\001"
 8658 0036 00       		.ascii	"\000"
 8659 0037 01       		.ascii	"\001"
 8660 0038 00       		.ascii	"\000"
 8661 0039 01       		.ascii	"\001"
 8662 003a 00       		.ascii	"\000"
 8663 003b 01       		.ascii	"\001"
 8664 003c 00       		.ascii	"\000"
 8665 003d 01       		.ascii	"\001"
 8666 003e 00       		.ascii	"\000"
 8667 003f 01       		.ascii	"\001"
 8668 0040 00       		.ascii	"\000"
 8669 0041 01       		.ascii	"\001"
 8670 0042 00       		.ascii	"\000"
 8671 0043 01       		.ascii	"\001"
 8672 0044 00       		.ascii	"\000"
 8673 0045 01       		.ascii	"\001"
 8674 0046 00       		.ascii	"\000"
 8675 0047 01       		.ascii	"\001"
 8676 0048 00       		.ascii	"\000"
 8677 0049 01       		.ascii	"\001"
ARM GAS  C:\Users\PUBLIC~1.LAP\AppData\Local\Temp\ccG3WIcm.s 			page 438


 8678 004a 00       		.ascii	"\000"
 8679 004b 01       		.ascii	"\001"
 8680 004c 00       		.ascii	"\000"
 8681 004d 01       		.ascii	"\001"
 8682 004e 00       		.ascii	"\000"
 8683 004f 01       		.ascii	"\001"
 8684 0050 00       		.ascii	"\000"
 8685 0051 01       		.ascii	"\001"
 8686 0052 00       		.ascii	"\000"
 8687 0053 01       		.ascii	"\001"
 8688 0054 00       		.ascii	"\000"
 8689 0055 01       		.ascii	"\001"
 8690 0056 00       		.ascii	"\000"
 8691 0057 01       		.ascii	"\001"
 8692 0058 00       		.ascii	"\000"
 8693 0059 01       		.ascii	"\001"
 8694 005a 00       		.ascii	"\000"
 8695 005b 01       		.ascii	"\001"
 8696 005c 00       		.ascii	"\000"
 8697 005d 01       		.ascii	"\001"
 8698 005e 00       		.ascii	"\000"
 8699 005f 01       		.ascii	"\001"
 8700 0060 00       		.ascii	"\000"
 8701 0061 01       		.ascii	"\001"
 8702 0062 00       		.ascii	"\000"
 8703 0063 01       		.ascii	"\001"
 8704 0064 00       		.ascii	"\000"
 8705 0065 01       		.ascii	"\001"
 8706 0066 00       		.ascii	"\000"
 8707 0067 01       		.ascii	"\001"
 8708 0068 00       		.ascii	"\000"
 8709 0069 01       		.ascii	"\001"
 8710 006a 00       		.ascii	"\000"
 8711 006b 01       		.ascii	"\001"
 8712 006c 00       		.ascii	"\000"
 8713 006d 01       		.ascii	"\001"
 8714 006e 00       		.ascii	"\000"
 8715 006f 01       		.ascii	"\001"
 8716 0070 00       		.ascii	"\000"
 8717 0071 01       		.ascii	"\001"
 8718 0072 00       		.ascii	"\000"
 8719 0073 01       		.ascii	"\001"
 8720 0074 00       		.ascii	"\000"
 8721 0075 01       		.ascii	"\001"
 8722 0076 00       		.ascii	"\000"
 8723 0077 01       		.ascii	"\001"
 8724 0078 00       		.ascii	"\000"
 8725 0079 01       		.ascii	"\001"
 8726 007a 00       		.ascii	"\000"
 8727 007b 01       		.ascii	"\001"
 8728 007c 00       		.ascii	"\000"
 8729 007d 01       		.ascii	"\001"
 8730 007e 00       		.ascii	"\000"
 8731 007f 01       		.ascii	"\001"
 8732 0080 00       		.ascii	"\000"
 8733 0081 01       		.ascii	"\001"
 8734 0082 00       		.ascii	"\000"
ARM GAS  C:\Users\PUBLIC~1.LAP\AppData\Local\Temp\ccG3WIcm.s 			page 439


 8735 0083 01       		.ascii	"\001"
 8736 0084 00       		.ascii	"\000"
 8737 0085 01       		.ascii	"\001"
 8738 0086 00       		.ascii	"\000"
 8739 0087 01       		.ascii	"\001"
 8740 0088 00       		.ascii	"\000"
 8741 0089 01       		.ascii	"\001"
 8742 008a 00       		.ascii	"\000"
 8743 008b 01       		.ascii	"\001"
 8744 008c 00       		.ascii	"\000"
 8745 008d 01       		.ascii	"\001"
 8746 008e 00       		.ascii	"\000"
 8747 008f 01       		.ascii	"\001"
 8748 0090 00       		.ascii	"\000"
 8749 0091 01       		.ascii	"\001"
 8750 0092 00       		.ascii	"\000"
 8751 0093 01       		.ascii	"\001"
 8752 0094 00       		.ascii	"\000"
 8753 0095 01       		.ascii	"\001"
 8754 0096 00       		.ascii	"\000"
 8755 0097 01       		.ascii	"\001"
 8756 0098 00       		.ascii	"\000"
 8757 0099 01       		.ascii	"\001"
 8758 009a 00       		.ascii	"\000"
 8759 009b 01       		.ascii	"\001"
 8760 009c 00       		.ascii	"\000"
 8761 009d 01       		.ascii	"\001"
 8762 009e 00       		.ascii	"\000"
 8763 009f 01       		.ascii	"\001"
 8764 00a0 00       		.ascii	"\000"
 8765 00a1 01       		.ascii	"\001"
 8766 00a2 00       		.ascii	"\000"
 8767 00a3 01       		.ascii	"\001"
 8768 00a4 00       		.ascii	"\000"
 8769 00a5 01       		.ascii	"\001"
 8770 00a6 00       		.ascii	"\000"
 8771 00a7 01       		.ascii	"\001"
 8772 00a8 00       		.ascii	"\000"
 8773 00a9 01       		.ascii	"\001"
 8774 00aa 00       		.ascii	"\000"
 8775 00ab 01       		.ascii	"\001"
 8776 00ac 00       		.ascii	"\000"
 8777 00ad 01       		.ascii	"\001"
 8778 00ae 00       		.ascii	"\000"
 8779 00af 01       		.ascii	"\001"
 8780 00b0 00       		.ascii	"\000"
 8781 00b1 01       		.ascii	"\001"
 8782 00b2 00       		.ascii	"\000"
 8783 00b3 01       		.ascii	"\001"
 8784 00b4 00       		.ascii	"\000"
 8785 00b5 01       		.ascii	"\001"
 8786 00b6 00       		.ascii	"\000"
 8787 00b7 01       		.ascii	"\001"
 8788 00b8 00       		.ascii	"\000"
 8789              		.text
 8790              		.section	.gnu.lto_.opts,"e",%progbits
 8791 0000 272D666E 		.ascii	"'-fno-openmp' '-fno-openacc' '-fno-pie' '-fcf-prote"
ARM GAS  C:\Users\PUBLIC~1.LAP\AppData\Local\Temp\ccG3WIcm.s 			page 440


 8791      6F2D6F70 
 8791      656E6D70 
 8791      2720272D 
 8791      666E6F2D 
 8792 0033 6374696F 		.ascii	"ction=none' '-g' '-mcpu=cortex-m0' '-mthumb' '-mflo"
 8792      6E3D6E6F 
 8792      6E652720 
 8792      272D6727 
 8792      20272D6D 
 8793 0066 61742D61 		.ascii	"at-abi=soft' '-mlibarch=armv6s-m' '-march=armv6s-m'"
 8793      62693D73 
 8793      6F667427 
 8793      20272D6D 
 8793      6C696261 
 8794 0099 20272D4F 		.ascii	" '-Os' '-fomit-frame-pointer' '-falign-functions=16"
 8794      73272027 
 8794      2D666F6D 
 8794      69742D66 
 8794      72616D65 
 8795 00cc 2720272D 		.ascii	"' '-ffunction-sections' '-fdata-sections' '-fno-com"
 8795      6666756E 
 8795      6374696F 
 8795      6E2D7365 
 8795      6374696F 
 8796 00ff 6D6F6E27 		.ascii	"mon' '-flto' '-Xassembler' '-alms=./build/lst/ald_u"
 8796      20272D66 
 8796      6C746F27 
 8796      20272D58 
 8796      61737365 
 8797 0132 73622E6C 		.ascii	"sb.lst'\000"
 8797      73742700 
 8798              		.text
 8799              		.comm	__gnu_lto_slim,1,1
 8800              		.ident	"GCC: (GNU) 12.2.0"
ARM GAS  C:\Users\PUBLIC~1.LAP\AppData\Local\Temp\ccG3WIcm.s 			page 441


DEFINED SYMBOLS
                            *ABS*:00000000 ald_usb.c
C:\Users\PUBLIC~1.LAP\AppData\Local\Temp\ccG3WIcm.s:27     .gnu.debuglto_.debug_info:00000000 ald_usb.c.2a80b1c4
                            *COM*:00000001 __gnu_lto_slim

NO UNDEFINED SYMBOLS
