ARM GAS  C:\Users\PUBLIC~1.LAP\AppData\Local\Temp\cc1mJNS6.s 			page 1


   1              		.cpu cortex-m0
   2              		.arch armv6s-m
   3              		.fpu softvfp
   4              		.eabi_attribute 20, 1
   5              		.eabi_attribute 21, 1
   6              		.eabi_attribute 23, 3
   7              		.eabi_attribute 24, 1
   8              		.eabi_attribute 25, 1
   9              		.eabi_attribute 26, 1
  10              		.eabi_attribute 30, 4
  11              		.eabi_attribute 34, 0
  12              		.eabi_attribute 18, 4
  13              		.file	"chcond.c"
  14              		.file 1 "d:\\qmk_msys\\mingw64\\arm-none-eabi\\include\\machine\\_default_types.h"
  15              		.file 2 "d:\\qmk_msys\\mingw64\\arm-none-eabi\\include\\sys\\_stdint.h"
  16              		.file 3 "D:\\00a_liuhy\\temp126\\ChibiOS/os/common/ports/ARM-common/chtypes.h"
  17              		.file 4 "D:\\00a_liuhy\\temp126\\ChibiOS/os/rt/include/chearly.h"
  18              		.file 5 "D:\\00a_liuhy\\temp126\\ChibiOS/os/rt/include/chobjects.h"
  19              		.file 6 "D:\\00a_liuhy\\temp126\\ChibiOS/os/rt/include/chrfcu.h"
  20              		.file 7 "D:\\00a_liuhy\\temp126\\ChibiOS/os/rt/include/chdebug.h"
  21              		.file 8 "D:\\00a_liuhy\\temp126\\ChibiOS/os/rt/include/chtime.h"
  22              		.file 9 "D:\\00a_liuhy\\temp126\\ChibiOS/os/rt/include/chlists.h"
  23              		.file 10 "D:\\00a_liuhy\\temp126\\ChibiOS-Contrib/os/common/ext/CMSIS/ES32/FS026/md/md_timer.h"
  24              		.file 11 "D:\\00a_liuhy\\temp126\\ChibiOS/os/common/ports/ARMv6-M/chcore.h"
  25              		.file 12 "D:\\00a_liuhy\\temp126\\ChibiOS/os/rt/include/chsem.h"
  26              		.file 13 "D:\\00a_liuhy\\temp126\\ChibiOS/os/rt/include/chmtx.h"
  27              		.file 14 "D:\\00a_liuhy\\temp126\\ChibiOS/os/rt/include/chcond.h"
  28              		.file 15 "D:\\00a_liuhy\\temp126\\ChibiOS/os/rt/include/chschd.h"
  29              		.file 16 "D:\\00a_liuhy\\temp126\\ChibiOS/os/rt/src/chcond.c"
  30              		.file 17 "D:\\00a_liuhy\\temp126\\ChibiOS/os/rt/include/chthreads.h"
  31              		.file 18 "D:\\00a_liuhy\\temp126\\ChibiOS/os/rt/include/chsys.h"
  32              		.file 19 "D:\\00a_liuhy\\temp126\\ChibiOS/os/common/ext/ARM/CMSIS/Core/Include/cmsis_gcc.h"
  33              		.section	.gnu.debuglto_.debug_info,"e",%progbits
  34              	.Ldebug_info0:
  35              		.hidden	chcond.c.87459795
  36              		.weak	chcond.c.87459795
  37              	chcond.c.87459795:
  38 0000 5F0B0000 		.4byte	0xb5f
  39 0004 0500     		.2byte	0x5
  40 0006 01       		.byte	0x1
  41 0007 04       		.byte	0x4
  42 0008 00000000 		.4byte	.Ldebug_abbrev0
  43 000c 22       		.uleb128 0x22
  44 000d 4C050000 		.4byte	.LASF145
  45 0011 1D       		.byte	0x1d
  46 0012 64070000 		.4byte	.LASF146
  47 0016 69010000 		.4byte	.LASF147
  48 001a 00000000 		.4byte	.Ldebug_line0
  49 001e 23       		.uleb128 0x23
  50 001f 04       		.byte	0x4
  51 0020 05       		.byte	0x5
  52 0021 696E7400 		.ascii	"int\000"
  53 0025 05       		.uleb128 0x5
  54 0026 04       		.byte	0x4
  55 0027 07       		.byte	0x7
  56 0028 6A020000 		.4byte	.LASF0
  57 002c 05       		.uleb128 0x5
ARM GAS  C:\Users\PUBLIC~1.LAP\AppData\Local\Temp\cc1mJNS6.s 			page 2


  58 002d 08       		.byte	0x8
  59 002e 05       		.byte	0x5
  60 002f F0000000 		.4byte	.LASF1
  61 0033 05       		.uleb128 0x5
  62 0034 08       		.byte	0x8
  63 0035 04       		.byte	0x4
  64 0036 21050000 		.4byte	.LASF2
  65 003a 05       		.uleb128 0x5
  66 003b 01       		.byte	0x1
  67 003c 06       		.byte	0x6
  68 003d FE000000 		.4byte	.LASF3
  69 0041 01       		.uleb128 0x1
  70 0042 2E000000 		.4byte	.LASF7
  71 0046 01       		.byte	0x1
  72 0047 2B       		.byte	0x2b
  73 0048 18       		.byte	0x18
  74 0049 4D000000 		.4byte	0x4d
  75 004d 05       		.uleb128 0x5
  76 004e 01       		.byte	0x1
  77 004f 08       		.byte	0x8
  78 0050 8D040000 		.4byte	.LASF4
  79 0054 05       		.uleb128 0x5
  80 0055 02       		.byte	0x2
  81 0056 05       		.byte	0x5
  82 0057 A2040000 		.4byte	.LASF5
  83 005b 05       		.uleb128 0x5
  84 005c 02       		.byte	0x2
  85 005d 07       		.byte	0x7
  86 005e C5020000 		.4byte	.LASF6
  87 0062 01       		.uleb128 0x1
  88 0063 1F060000 		.4byte	.LASF8
  89 0067 01       		.byte	0x1
  90 0068 4D       		.byte	0x4d
  91 0069 18       		.byte	0x18
  92 006a 6E000000 		.4byte	0x6e
  93 006e 05       		.uleb128 0x5
  94 006f 04       		.byte	0x4
  95 0070 05       		.byte	0x5
  96 0071 4F010000 		.4byte	.LASF9
  97 0075 01       		.uleb128 0x1
  98 0076 FB010000 		.4byte	.LASF10
  99 007a 01       		.byte	0x1
 100 007b 4F       		.byte	0x4f
 101 007c 19       		.byte	0x19
 102 007d 81000000 		.4byte	0x81
 103 0081 05       		.uleb128 0x5
 104 0082 04       		.byte	0x4
 105 0083 07       		.byte	0x7
 106 0084 7E020000 		.4byte	.LASF11
 107 0088 01       		.uleb128 0x1
 108 0089 26040000 		.4byte	.LASF12
 109 008d 01       		.byte	0x1
 110 008e 69       		.byte	0x69
 111 008f 19       		.byte	0x19
 112 0090 94000000 		.4byte	0x94
 113 0094 05       		.uleb128 0x5
 114 0095 08       		.byte	0x8
ARM GAS  C:\Users\PUBLIC~1.LAP\AppData\Local\Temp\cc1mJNS6.s 			page 3


 115 0096 07       		.byte	0x7
 116 0097 95000000 		.4byte	.LASF13
 117 009b 24       		.uleb128 0x24
 118 009c 04       		.byte	0x4
 119 009d 05       		.uleb128 0x5
 120 009e 01       		.byte	0x1
 121 009f 08       		.byte	0x8
 122 00a0 34050000 		.4byte	.LASF14
 123 00a4 06       		.uleb128 0x6
 124 00a5 9D000000 		.4byte	0x9d
 125 00a9 04       		.uleb128 0x4
 126 00aa A4000000 		.4byte	0xa4
 127 00ae 19       		.uleb128 0x19
 128 00af A9000000 		.4byte	0xa9
 129 00b3 01       		.uleb128 0x1
 130 00b4 08070000 		.4byte	.LASF15
 131 00b8 02       		.byte	0x2
 132 00b9 18       		.byte	0x18
 133 00ba 13       		.byte	0x13
 134 00bb 41000000 		.4byte	0x41
 135 00bf 06       		.uleb128 0x6
 136 00c0 B3000000 		.4byte	0xb3
 137 00c4 01       		.uleb128 0x1
 138 00c5 85040000 		.4byte	.LASF16
 139 00c9 02       		.byte	0x2
 140 00ca 2C       		.byte	0x2c
 141 00cb 13       		.byte	0x13
 142 00cc 62000000 		.4byte	0x62
 143 00d0 01       		.uleb128 0x1
 144 00d1 EC040000 		.4byte	.LASF17
 145 00d5 02       		.byte	0x2
 146 00d6 30       		.byte	0x30
 147 00d7 14       		.byte	0x14
 148 00d8 75000000 		.4byte	0x75
 149 00dc 01       		.uleb128 0x1
 150 00dd 25000000 		.4byte	.LASF18
 151 00e1 02       		.byte	0x2
 152 00e2 3C       		.byte	0x3c
 153 00e3 14       		.byte	0x14
 154 00e4 88000000 		.4byte	0x88
 155 00e8 01       		.uleb128 0x1
 156 00e9 A2020000 		.4byte	.LASF19
 157 00ed 03       		.byte	0x3
 158 00ee 48       		.byte	0x48
 159 00ef 1D       		.byte	0x1d
 160 00f0 DC000000 		.4byte	0xdc
 161 00f4 01       		.uleb128 0x1
 162 00f5 4D030000 		.4byte	.LASF20
 163 00f9 04       		.byte	0x4
 164 00fa 50       		.byte	0x50
 165 00fb 19       		.byte	0x19
 166 00fc E8000000 		.4byte	0xe8
 167 0100 01       		.uleb128 0x1
 168 0101 0C030000 		.4byte	.LASF21
 169 0105 04       		.byte	0x4
 170 0106 53       		.byte	0x53
 171 0107 19       		.byte	0x19
ARM GAS  C:\Users\PUBLIC~1.LAP\AppData\Local\Temp\cc1mJNS6.s 			page 4


 172 0108 B3000000 		.4byte	0xb3
 173 010c 01       		.uleb128 0x1
 174 010d 58010000 		.4byte	.LASF22
 175 0111 04       		.byte	0x4
 176 0112 54       		.byte	0x54
 177 0113 19       		.byte	0x19
 178 0114 B3000000 		.4byte	0xb3
 179 0118 01       		.uleb128 0x1
 180 0119 E8000000 		.4byte	.LASF23
 181 011d 04       		.byte	0x4
 182 011e 55       		.byte	0x55
 183 011f 19       		.byte	0x19
 184 0120 B3000000 		.4byte	0xb3
 185 0124 01       		.uleb128 0x1
 186 0125 58040000 		.4byte	.LASF24
 187 0129 04       		.byte	0x4
 188 012a 57       		.byte	0x57
 189 012b 19       		.byte	0x19
 190 012c D0000000 		.4byte	0xd0
 191 0130 01       		.uleb128 0x1
 192 0131 E9020000 		.4byte	.LASF25
 193 0135 04       		.byte	0x4
 194 0136 58       		.byte	0x58
 195 0137 19       		.byte	0x19
 196 0138 C4000000 		.4byte	0xc4
 197 013c 01       		.uleb128 0x1
 198 013d 32030000 		.4byte	.LASF26
 199 0141 04       		.byte	0x4
 200 0142 5A       		.byte	0x5a
 201 0143 19       		.byte	0x19
 202 0144 D0000000 		.4byte	0xd0
 203 0148 01       		.uleb128 0x1
 204 0149 57020000 		.4byte	.LASF27
 205 014d 04       		.byte	0x4
 206 014e 5C       		.byte	0x5c
 207 014f 19       		.byte	0x19
 208 0150 C4000000 		.4byte	0xc4
 209 0154 01       		.uleb128 0x1
 210 0155 40040000 		.4byte	.LASF28
 211 0159 04       		.byte	0x4
 212 015a 80       		.byte	0x80
 213 015b 12       		.byte	0x12
 214 015c 25000000 		.4byte	0x25
 215 0160 01       		.uleb128 0x1
 216 0161 EB060000 		.4byte	.LASF29
 217 0165 04       		.byte	0x4
 218 0166 85       		.byte	0x85
 219 0167 1A       		.byte	0x1a
 220 0168 6C010000 		.4byte	0x16c
 221 016c 07       		.uleb128 0x7
 222 016d D8020000 		.4byte	.LASF45
 223 0171 4C       		.byte	0x4c
 224 0172 05       		.byte	0x5
 225 0173 9C       		.byte	0x9c
 226 0174 08       		.byte	0x8
 227 0175 56020000 		.4byte	0x256
 228 0179 17       		.uleb128 0x17
ARM GAS  C:\Users\PUBLIC~1.LAP\AppData\Local\Temp\cc1mJNS6.s 			page 5


 229 017a 68647200 		.ascii	"hdr\000"
 230 017e 05       		.byte	0x5
 231 017f AD       		.byte	0xad
 232 0180 05       		.byte	0x5
 233 0181 E9050000 		.4byte	0x5e9
 234 0185 00       		.byte	0
 235 0186 17       		.uleb128 0x17
 236 0187 63747800 		.ascii	"ctx\000"
 237 018b 05       		.byte	0x5
 238 018c B1       		.byte	0xb1
 239 018d 21       		.byte	0x21
 240 018e 5C050000 		.4byte	0x55c
 241 0192 0C       		.byte	0xc
 242 0193 02       		.uleb128 0x2
 243 0194 90020000 		.4byte	.LASF30
 244 0198 05       		.byte	0x5
 245 0199 B6       		.byte	0xb6
 246 019a 21       		.byte	0x21
 247 019b 7D030000 		.4byte	0x37d
 248 019f 10       		.byte	0x10
 249 01a0 02       		.uleb128 0x2
 250 01a1 08050000 		.4byte	.LASF31
 251 01a5 05       		.byte	0x5
 252 01a6 BB       		.byte	0xbb
 253 01a7 22       		.byte	0x22
 254 01a8 DF060000 		.4byte	0x6df
 255 01ac 18       		.byte	0x18
 256 01ad 02       		.uleb128 0x2
 257 01ae BA020000 		.4byte	.LASF32
 258 01b2 05       		.byte	0x5
 259 01b3 C0       		.byte	0xc0
 260 01b4 22       		.byte	0x22
 261 01b5 A9000000 		.4byte	0xa9
 262 01b9 1C       		.byte	0x1c
 263 01ba 02       		.uleb128 0x2
 264 01bb 2D050000 		.4byte	.LASF33
 265 01bf 05       		.byte	0x5
 266 01c0 C9       		.byte	0xc9
 267 01c1 22       		.byte	0x22
 268 01c2 E4060000 		.4byte	0x6e4
 269 01c6 20       		.byte	0x20
 270 01c7 02       		.uleb128 0x2
 271 01c8 06020000 		.4byte	.LASF34
 272 01cc 05       		.byte	0x5
 273 01cd CE       		.byte	0xce
 274 01ce 22       		.byte	0x22
 275 01cf E4060000 		.4byte	0x6e4
 276 01d3 24       		.byte	0x24
 277 01d4 02       		.uleb128 0x2
 278 01d5 49010000 		.4byte	.LASF35
 279 01d9 05       		.byte	0x5
 280 01da D3       		.byte	0xd3
 281 01db 21       		.byte	0x21
 282 01dc 0C010000 		.4byte	0x10c
 283 01e0 28       		.byte	0x28
 284 01e1 02       		.uleb128 0x2
 285 01e2 10070000 		.4byte	.LASF36
ARM GAS  C:\Users\PUBLIC~1.LAP\AppData\Local\Temp\cc1mJNS6.s 			page 6


 286 01e6 05       		.byte	0x5
 287 01e7 D7       		.byte	0xd7
 288 01e8 21       		.byte	0x21
 289 01e9 00010000 		.4byte	0x100
 290 01ed 29       		.byte	0x29
 291 01ee 02       		.uleb128 0x2
 292 01ef E3000000 		.4byte	.LASF37
 293 01f3 05       		.byte	0x5
 294 01f4 DC       		.byte	0xdc
 295 01f5 21       		.byte	0x21
 296 01f6 18010000 		.4byte	0x118
 297 01fa 2A       		.byte	0x2a
 298 01fb 08       		.uleb128 0x8
 299 01fc 7500     		.ascii	"u\000"
 300 01fe 05       		.byte	0x5
 301 01ff 2D01     		.2byte	0x12d
 302 0201 21       		.byte	0x21
 303 0202 0F060000 		.4byte	0x60f
 304 0206 2C       		.byte	0x2c
 305 0207 03       		.uleb128 0x3
 306 0208 1C020000 		.4byte	.LASF38
 307 020c 3201     		.2byte	0x132
 308 020e 21       		.byte	0x21
 309 020f 51030000 		.4byte	0x351
 310 0213 30       		.byte	0x30
 311 0214 03       		.uleb128 0x3
 312 0215 40010000 		.4byte	.LASF39
 313 0219 3801     		.2byte	0x138
 314 021b 21       		.byte	0x21
 315 021c 7D030000 		.4byte	0x37d
 316 0220 34       		.byte	0x34
 317 0221 03       		.uleb128 0x3
 318 0222 03030000 		.4byte	.LASF40
 319 0226 3E01     		.2byte	0x13e
 320 0228 21       		.byte	0x21
 321 0229 3C010000 		.4byte	0x13c
 322 022d 3C       		.byte	0x3c
 323 022e 03       		.uleb128 0x3
 324 022f AD070000 		.4byte	.LASF41
 325 0233 4501     		.2byte	0x145
 326 0235 22       		.byte	0x22
 327 0236 DA060000 		.4byte	0x6da
 328 023a 40       		.byte	0x40
 329 023b 03       		.uleb128 0x3
 330 023c 68030000 		.4byte	.LASF42
 331 0240 4901     		.2byte	0x149
 332 0242 21       		.byte	0x21
 333 0243 24010000 		.4byte	0x124
 334 0247 44       		.byte	0x44
 335 0248 03       		.uleb128 0x3
 336 0249 BF020000 		.4byte	.LASF43
 337 024d 5001     		.2byte	0x150
 338 024f 22       		.byte	0x22
 339 0250 9B000000 		.4byte	0x9b
 340 0254 48       		.byte	0x48
 341 0255 00       		.byte	0
 342 0256 01       		.uleb128 0x1
ARM GAS  C:\Users\PUBLIC~1.LAP\AppData\Local\Temp\cc1mJNS6.s 			page 7


 343 0257 58060000 		.4byte	.LASF44
 344 025b 04       		.byte	0x4
 345 025c 8A       		.byte	0x8a
 346 025d 1F       		.byte	0x1f
 347 025e 62020000 		.4byte	0x262
 348 0262 10       		.uleb128 0x10
 349 0263 49060000 		.4byte	.LASF46
 350 0267 84       		.byte	0x84
 351 0268 05       		.byte	0x5
 352 0269 8F01     		.2byte	0x18f
 353 026b 08       		.byte	0x8
 354 026c DA020000 		.4byte	0x2da
 355 0270 03       		.uleb128 0x3
 356 0271 F4060000 		.4byte	.LASF47
 357 0275 9301     		.2byte	0x193
 358 0277 21       		.byte	0x21
 359 0278 12070000 		.4byte	0x712
 360 027c 00       		.byte	0
 361 027d 03       		.uleb128 0x3
 362 027e 2D010000 		.4byte	.LASF48
 363 0282 9701     		.2byte	0x197
 364 0284 21       		.byte	0x21
 365 0285 A5050000 		.4byte	0x5a5
 366 0289 10       		.byte	0x10
 367 028a 03       		.uleb128 0x3
 368 028b 66060000 		.4byte	.LASF49
 369 028f 9E01     		.2byte	0x19e
 370 0291 21       		.byte	0x21
 371 0292 CC050000 		.4byte	0x5cc
 372 0296 20       		.byte	0x20
 373 0297 03       		.uleb128 0x3
 374 0298 58000000 		.4byte	.LASF50
 375 029c A301     		.2byte	0x1a3
 376 029e 21       		.byte	0x21
 377 029f 54010000 		.4byte	0x154
 378 02a3 28       		.byte	0x28
 379 02a4 03       		.uleb128 0x3
 380 02a5 0D000000 		.4byte	.LASF51
 381 02a9 A901     		.2byte	0x1a9
 382 02ab 21       		.byte	0x21
 383 02ac 01030000 		.4byte	0x301
 384 02b0 2C       		.byte	0x2c
 385 02b1 03       		.uleb128 0x3
 386 02b2 39050000 		.4byte	.LASF52
 387 02b6 AE01     		.2byte	0x1ae
 388 02b8 22       		.byte	0x22
 389 02b9 7D070000 		.4byte	0x77d
 390 02bd 30       		.byte	0x30
 391 02be 03       		.uleb128 0x3
 392 02bf B5000000 		.4byte	.LASF53
 393 02c3 B201     		.2byte	0x1b2
 394 02c5 21       		.byte	0x21
 395 02c6 60010000 		.4byte	0x160
 396 02ca 34       		.byte	0x34
 397 02cb 08       		.uleb128 0x8
 398 02cc 64626700 		.ascii	"dbg\000"
 399 02d0 05       		.byte	0x5
ARM GAS  C:\Users\PUBLIC~1.LAP\AppData\Local\Temp\cc1mJNS6.s 			page 8


 400 02d1 B601     		.2byte	0x1b6
 401 02d3 21       		.byte	0x21
 402 02d4 28030000 		.4byte	0x328
 403 02d8 80       		.byte	0x80
 404 02d9 00       		.byte	0
 405 02da 01       		.uleb128 0x1
 406 02db 71030000 		.4byte	.LASF54
 407 02df 06       		.byte	0x6
 408 02e0 3F       		.byte	0x3f
 409 02e1 12       		.byte	0x12
 410 02e2 D0000000 		.4byte	0xd0
 411 02e6 07       		.uleb128 0x7
 412 02e7 61010000 		.4byte	.LASF55
 413 02eb 04       		.byte	0x4
 414 02ec 06       		.byte	0x6
 415 02ed 44       		.byte	0x44
 416 02ee 10       		.byte	0x10
 417 02ef 01030000 		.4byte	0x301
 418 02f3 02       		.uleb128 0x2
 419 02f4 D3060000 		.4byte	.LASF56
 420 02f8 06       		.byte	0x6
 421 02f9 48       		.byte	0x48
 422 02fa 21       		.byte	0x21
 423 02fb DA020000 		.4byte	0x2da
 424 02ff 00       		.byte	0
 425 0300 00       		.byte	0
 426 0301 01       		.uleb128 0x1
 427 0302 9B040000 		.4byte	.LASF57
 428 0306 06       		.byte	0x6
 429 0307 49       		.byte	0x49
 430 0308 03       		.byte	0x3
 431 0309 E6020000 		.4byte	0x2e6
 432 030d 07       		.uleb128 0x7
 433 030e 0C020000 		.4byte	.LASF58
 434 0312 04       		.byte	0x4
 435 0313 07       		.byte	0x7
 436 0314 3E       		.byte	0x3e
 437 0315 10       		.byte	0x10
 438 0316 28030000 		.4byte	0x328
 439 031a 02       		.uleb128 0x2
 440 031b 38060000 		.4byte	.LASF59
 441 031f 07       		.byte	0x7
 442 0320 46       		.byte	0x46
 443 0321 24       		.byte	0x24
 444 0322 AE000000 		.4byte	0xae
 445 0326 00       		.byte	0
 446 0327 00       		.byte	0
 447 0328 01       		.uleb128 0x1
 448 0329 49000000 		.4byte	.LASF60
 449 032d 07       		.byte	0x7
 450 032e 51       		.byte	0x51
 451 032f 03       		.byte	0x3
 452 0330 0D030000 		.4byte	0x30d
 453 0334 01       		.uleb128 0x1
 454 0335 15060000 		.4byte	.LASF61
 455 0339 08       		.byte	0x8
 456 033a 6D       		.byte	0x6d
ARM GAS  C:\Users\PUBLIC~1.LAP\AppData\Local\Temp\cc1mJNS6.s 			page 9


 457 033b 12       		.byte	0x12
 458 033c D0000000 		.4byte	0xd0
 459 0340 19       		.uleb128 0x19
 460 0341 34030000 		.4byte	0x334
 461 0345 01       		.uleb128 0x1
 462 0346 49020000 		.4byte	.LASF62
 463 034a 08       		.byte	0x8
 464 034b 79       		.byte	0x79
 465 034c 12       		.byte	0x12
 466 034d D0000000 		.4byte	0xd0
 467 0351 01       		.uleb128 0x1
 468 0352 CD030000 		.4byte	.LASF63
 469 0356 09       		.byte	0x9
 470 0357 32       		.byte	0x32
 471 0358 18       		.byte	0x18
 472 0359 5D030000 		.4byte	0x35d
 473 035d 07       		.uleb128 0x7
 474 035e 1C030000 		.4byte	.LASF64
 475 0362 04       		.byte	0x4
 476 0363 09       		.byte	0x9
 477 0364 38       		.byte	0x38
 478 0365 08       		.byte	0x8
 479 0366 78030000 		.4byte	0x378
 480 036a 02       		.uleb128 0x2
 481 036b DE000000 		.4byte	.LASF65
 482 036f 09       		.byte	0x9
 483 0370 39       		.byte	0x39
 484 0371 1A       		.byte	0x1a
 485 0372 78030000 		.4byte	0x378
 486 0376 00       		.byte	0
 487 0377 00       		.byte	0
 488 0378 04       		.uleb128 0x4
 489 0379 51030000 		.4byte	0x351
 490 037d 01       		.uleb128 0x1
 491 037e 97020000 		.4byte	.LASF66
 492 0382 09       		.byte	0x9
 493 0383 3F       		.byte	0x3f
 494 0384 19       		.byte	0x19
 495 0385 8E030000 		.4byte	0x38e
 496 0389 06       		.uleb128 0x6
 497 038a 7D030000 		.4byte	0x37d
 498 038e 07       		.uleb128 0x7
 499 038f 9F010000 		.4byte	.LASF67
 500 0393 08       		.byte	0x8
 501 0394 09       		.byte	0x9
 502 0395 45       		.byte	0x45
 503 0396 08       		.byte	0x8
 504 0397 B6030000 		.4byte	0x3b6
 505 039b 02       		.uleb128 0x2
 506 039c DE000000 		.4byte	.LASF65
 507 03a0 09       		.byte	0x9
 508 03a1 46       		.byte	0x46
 509 03a2 1A       		.byte	0x1a
 510 03a3 B6030000 		.4byte	0x3b6
 511 03a7 00       		.byte	0
 512 03a8 02       		.uleb128 0x2
 513 03a9 38000000 		.4byte	.LASF68
ARM GAS  C:\Users\PUBLIC~1.LAP\AppData\Local\Temp\cc1mJNS6.s 			page 10


 514 03ad 09       		.byte	0x9
 515 03ae 47       		.byte	0x47
 516 03af 1A       		.byte	0x1a
 517 03b0 B6030000 		.4byte	0x3b6
 518 03b4 04       		.byte	0x4
 519 03b5 00       		.byte	0
 520 03b6 04       		.uleb128 0x4
 521 03b7 7D030000 		.4byte	0x37d
 522 03bb 01       		.uleb128 0x1
 523 03bc 60000000 		.4byte	.LASF69
 524 03c0 09       		.byte	0x9
 525 03c1 4E       		.byte	0x4e
 526 03c2 22       		.byte	0x22
 527 03c3 C7030000 		.4byte	0x3c7
 528 03c7 07       		.uleb128 0x7
 529 03c8 6E060000 		.4byte	.LASF70
 530 03cc 0C       		.byte	0xc
 531 03cd 09       		.byte	0x9
 532 03ce 55       		.byte	0x55
 533 03cf 08       		.byte	0x8
 534 03d0 FC030000 		.4byte	0x3fc
 535 03d4 02       		.uleb128 0x2
 536 03d5 DE000000 		.4byte	.LASF65
 537 03d9 09       		.byte	0x9
 538 03da 56       		.byte	0x56
 539 03db 1A       		.byte	0x1a
 540 03dc FC030000 		.4byte	0x3fc
 541 03e0 00       		.byte	0
 542 03e1 02       		.uleb128 0x2
 543 03e2 38000000 		.4byte	.LASF68
 544 03e6 09       		.byte	0x9
 545 03e7 57       		.byte	0x57
 546 03e8 1A       		.byte	0x1a
 547 03e9 FC030000 		.4byte	0x3fc
 548 03ed 04       		.byte	0x4
 549 03ee 02       		.uleb128 0x2
 550 03ef FA030000 		.4byte	.LASF71
 551 03f3 09       		.byte	0x9
 552 03f4 58       		.byte	0x58
 553 03f5 19       		.byte	0x19
 554 03f6 24010000 		.4byte	0x124
 555 03fa 08       		.byte	0x8
 556 03fb 00       		.byte	0
 557 03fc 04       		.uleb128 0x4
 558 03fd BB030000 		.4byte	0x3bb
 559 0401 01       		.uleb128 0x1
 560 0402 CE010000 		.4byte	.LASF72
 561 0406 09       		.byte	0x9
 562 0407 5F       		.byte	0x5f
 563 0408 1E       		.byte	0x1e
 564 0409 0D040000 		.4byte	0x40d
 565 040d 07       		.uleb128 0x7
 566 040e 1F010000 		.4byte	.LASF73
 567 0412 0C       		.byte	0xc
 568 0413 09       		.byte	0x9
 569 0414 64       		.byte	0x64
 570 0415 08       		.byte	0x8
ARM GAS  C:\Users\PUBLIC~1.LAP\AppData\Local\Temp\cc1mJNS6.s 			page 11


 571 0416 42040000 		.4byte	0x442
 572 041a 02       		.uleb128 0x2
 573 041b DE000000 		.4byte	.LASF65
 574 041f 09       		.byte	0x9
 575 0420 65       		.byte	0x65
 576 0421 1A       		.byte	0x1a
 577 0422 42040000 		.4byte	0x442
 578 0426 00       		.byte	0
 579 0427 02       		.uleb128 0x2
 580 0428 38000000 		.4byte	.LASF68
 581 042c 09       		.byte	0x9
 582 042d 66       		.byte	0x66
 583 042e 1A       		.byte	0x1a
 584 042f 42040000 		.4byte	0x442
 585 0433 04       		.byte	0x4
 586 0434 02       		.uleb128 0x2
 587 0435 18000000 		.4byte	.LASF74
 588 0439 09       		.byte	0x9
 589 043a 67       		.byte	0x67
 590 043b 19       		.byte	0x19
 591 043c 45030000 		.4byte	0x345
 592 0440 08       		.byte	0x8
 593 0441 00       		.byte	0
 594 0442 04       		.uleb128 0x4
 595 0443 01040000 		.4byte	0x401
 596 0447 05       		.uleb128 0x5
 597 0448 01       		.byte	0x1
 598 0449 02       		.byte	0x2
 599 044a 7F040000 		.4byte	.LASF75
 600 044e 0A       		.uleb128 0xa
 601 044f BF000000 		.4byte	0xbf
 602 0453 5E040000 		.4byte	0x45e
 603 0457 0B       		.uleb128 0xb
 604 0458 25000000 		.4byte	0x25
 605 045c 07       		.byte	0x7
 606 045d 00       		.byte	0
 607 045e 06       		.uleb128 0x6
 608 045f 4E040000 		.4byte	0x44e
 609 0463 11       		.uleb128 0x11
 610 0464 60040000 		.4byte	.LASF76
 611 0468 3B       		.byte	0x3b
 612 0469 5E040000 		.4byte	0x45e
 613 046d 08       		.byte	0x8
 614 046e 00       		.byte	0
 615 046f 00       		.byte	0
 616 0470 00       		.byte	0
 617 0471 00       		.byte	0
 618 0472 04       		.byte	0x4
 619 0473 04       		.byte	0x4
 620 0474 04       		.byte	0x4
 621 0475 04       		.byte	0x4
 622 0476 11       		.uleb128 0x11
 623 0477 29060000 		.4byte	.LASF77
 624 047b 47       		.byte	0x47
 625 047c 5E040000 		.4byte	0x45e
 626 0480 08       		.byte	0x8
 627 0481 00       		.byte	0
ARM GAS  C:\Users\PUBLIC~1.LAP\AppData\Local\Temp\cc1mJNS6.s 			page 12


 628 0482 00       		.byte	0
 629 0483 08       		.byte	0x8
 630 0484 00       		.byte	0
 631 0485 00       		.byte	0
 632 0486 00       		.byte	0
 633 0487 08       		.byte	0x8
 634 0488 00       		.byte	0
 635 0489 11       		.uleb128 0x11
 636 048a 3E030000 		.4byte	.LASF78
 637 048e 53       		.byte	0x53
 638 048f 5E040000 		.4byte	0x45e
 639 0493 08       		.byte	0x8
 640 0494 00       		.byte	0
 641 0495 00       		.byte	0
 642 0496 08       		.byte	0x8
 643 0497 00       		.byte	0
 644 0498 00       		.byte	0
 645 0499 00       		.byte	0
 646 049a 08       		.byte	0x8
 647 049b 00       		.byte	0
 648 049c 11       		.uleb128 0x11
 649 049d 31040000 		.4byte	.LASF79
 650 04a1 5F       		.byte	0x5f
 651 04a2 5E040000 		.4byte	0x45e
 652 04a6 08       		.byte	0x8
 653 04a7 00       		.byte	0
 654 04a8 02       		.byte	0x2
 655 04a9 04       		.byte	0x4
 656 04aa 06       		.byte	0x6
 657 04ab 08       		.byte	0x8
 658 04ac 0A       		.byte	0xa
 659 04ad 0C       		.byte	0xc
 660 04ae 0E       		.byte	0xe
 661 04af 0A       		.uleb128 0xa
 662 04b0 BF000000 		.4byte	0xbf
 663 04b4 BF040000 		.4byte	0x4bf
 664 04b8 0B       		.uleb128 0xb
 665 04b9 25000000 		.4byte	0x25
 666 04bd 06       		.byte	0x6
 667 04be 00       		.byte	0
 668 04bf 06       		.uleb128 0x6
 669 04c0 AF040000 		.4byte	0x4af
 670 04c4 11       		.uleb128 0x11
 671 04c5 99060000 		.4byte	.LASF80
 672 04c9 6B       		.byte	0x6b
 673 04ca BF040000 		.4byte	0x4bf
 674 04ce 07       		.byte	0x7
 675 04cf 00       		.byte	0
 676 04d0 01       		.byte	0x1
 677 04d1 02       		.byte	0x2
 678 04d2 03       		.byte	0x3
 679 04d3 04       		.byte	0x4
 680 04d4 05       		.byte	0x5
 681 04d5 06       		.byte	0x6
 682 04d6 10       		.uleb128 0x10
 683 04d7 3D000000 		.4byte	.LASF81
 684 04db 24       		.byte	0x24
ARM GAS  C:\Users\PUBLIC~1.LAP\AppData\Local\Temp\cc1mJNS6.s 			page 13


 685 04dc 0B       		.byte	0xb
 686 04dd 1B01     		.2byte	0x11b
 687 04df 08       		.byte	0x8
 688 04e0 5C050000 		.4byte	0x55c
 689 04e4 08       		.uleb128 0x8
 690 04e5 723800   		.ascii	"r8\000"
 691 04e8 0B       		.byte	0xb
 692 04e9 1C01     		.2byte	0x11c
 693 04eb 11       		.byte	0x11
 694 04ec D0000000 		.4byte	0xd0
 695 04f0 00       		.byte	0
 696 04f1 08       		.uleb128 0x8
 697 04f2 723900   		.ascii	"r9\000"
 698 04f5 0B       		.byte	0xb
 699 04f6 1D01     		.2byte	0x11d
 700 04f8 11       		.byte	0x11
 701 04f9 D0000000 		.4byte	0xd0
 702 04fd 04       		.byte	0x4
 703 04fe 08       		.uleb128 0x8
 704 04ff 72313000 		.ascii	"r10\000"
 705 0503 0B       		.byte	0xb
 706 0504 1E01     		.2byte	0x11e
 707 0506 11       		.byte	0x11
 708 0507 D0000000 		.4byte	0xd0
 709 050b 08       		.byte	0x8
 710 050c 08       		.uleb128 0x8
 711 050d 72313100 		.ascii	"r11\000"
 712 0511 0B       		.byte	0xb
 713 0512 1F01     		.2byte	0x11f
 714 0514 11       		.byte	0x11
 715 0515 D0000000 		.4byte	0xd0
 716 0519 0C       		.byte	0xc
 717 051a 08       		.uleb128 0x8
 718 051b 723400   		.ascii	"r4\000"
 719 051e 0B       		.byte	0xb
 720 051f 2001     		.2byte	0x120
 721 0521 11       		.byte	0x11
 722 0522 D0000000 		.4byte	0xd0
 723 0526 10       		.byte	0x10
 724 0527 08       		.uleb128 0x8
 725 0528 723500   		.ascii	"r5\000"
 726 052b 0B       		.byte	0xb
 727 052c 2101     		.2byte	0x121
 728 052e 11       		.byte	0x11
 729 052f D0000000 		.4byte	0xd0
 730 0533 14       		.byte	0x14
 731 0534 08       		.uleb128 0x8
 732 0535 723600   		.ascii	"r6\000"
 733 0538 0B       		.byte	0xb
 734 0539 2201     		.2byte	0x122
 735 053b 11       		.byte	0x11
 736 053c D0000000 		.4byte	0xd0
 737 0540 18       		.byte	0x18
 738 0541 08       		.uleb128 0x8
 739 0542 723700   		.ascii	"r7\000"
 740 0545 0B       		.byte	0xb
 741 0546 2301     		.2byte	0x123
ARM GAS  C:\Users\PUBLIC~1.LAP\AppData\Local\Temp\cc1mJNS6.s 			page 14


 742 0548 11       		.byte	0x11
 743 0549 D0000000 		.4byte	0xd0
 744 054d 1C       		.byte	0x1c
 745 054e 08       		.uleb128 0x8
 746 054f 6C7200   		.ascii	"lr\000"
 747 0552 0B       		.byte	0xb
 748 0553 2401     		.2byte	0x124
 749 0555 11       		.byte	0x11
 750 0556 D0000000 		.4byte	0xd0
 751 055a 20       		.byte	0x20
 752 055b 00       		.byte	0
 753 055c 10       		.uleb128 0x10
 754 055d ED030000 		.4byte	.LASF82
 755 0561 04       		.byte	0x4
 756 0562 0B       		.byte	0xb
 757 0563 2D01     		.2byte	0x12d
 758 0565 08       		.byte	0x8
 759 0566 78050000 		.4byte	0x578
 760 056a 08       		.uleb128 0x8
 761 056b 737000   		.ascii	"sp\000"
 762 056e 0B       		.byte	0xb
 763 056f 2E01     		.2byte	0x12e
 764 0571 1A       		.byte	0x1a
 765 0572 78050000 		.4byte	0x578
 766 0576 00       		.byte	0
 767 0577 00       		.byte	0
 768 0578 04       		.uleb128 0x4
 769 0579 D6040000 		.4byte	0x4d6
 770 057d 07       		.uleb128 0x7
 771 057e 90030000 		.4byte	.LASF83
 772 0582 10       		.byte	0x10
 773 0583 05       		.byte	0x5
 774 0584 64       		.byte	0x64
 775 0585 10       		.byte	0x10
 776 0586 A5050000 		.4byte	0x5a5
 777 058a 02       		.uleb128 0x2
 778 058b 0F060000 		.4byte	.LASF84
 779 058f 05       		.byte	0x5
 780 0590 68       		.byte	0x68
 781 0591 21       		.byte	0x21
 782 0592 01040000 		.4byte	0x401
 783 0596 00       		.byte	0
 784 0597 02       		.uleb128 0x2
 785 0598 14030000 		.4byte	.LASF85
 786 059c 05       		.byte	0x5
 787 059d 6D       		.byte	0x6d
 788 059e 21       		.byte	0x21
 789 059f 40030000 		.4byte	0x340
 790 05a3 0C       		.byte	0xc
 791 05a4 00       		.byte	0
 792 05a5 01       		.uleb128 0x1
 793 05a6 C8000000 		.4byte	.LASF86
 794 05aa 05       		.byte	0x5
 795 05ab 7B       		.byte	0x7b
 796 05ac 03       		.byte	0x3
 797 05ad 7D050000 		.4byte	0x57d
 798 05b1 07       		.uleb128 0x7
ARM GAS  C:\Users\PUBLIC~1.LAP\AppData\Local\Temp\cc1mJNS6.s 			page 15


 799 05b2 DE010000 		.4byte	.LASF87
 800 05b6 08       		.byte	0x8
 801 05b7 05       		.byte	0x5
 802 05b8 80       		.byte	0x80
 803 05b9 10       		.byte	0x10
 804 05ba CC050000 		.4byte	0x5cc
 805 05be 02       		.uleb128 0x2
 806 05bf B3010000 		.4byte	.LASF88
 807 05c3 05       		.byte	0x5
 808 05c4 84       		.byte	0x84
 809 05c5 21       		.byte	0x21
 810 05c6 7D030000 		.4byte	0x37d
 811 05ca 00       		.byte	0
 812 05cb 00       		.byte	0
 813 05cc 01       		.uleb128 0x1
 814 05cd E1040000 		.4byte	.LASF89
 815 05d1 05       		.byte	0x5
 816 05d2 85       		.byte	0x85
 817 05d3 03       		.byte	0x3
 818 05d4 B1050000 		.4byte	0x5b1
 819 05d8 01       		.uleb128 0x1
 820 05d9 7D030000 		.4byte	.LASF90
 821 05dd 05       		.byte	0x5
 822 05de 8A       		.byte	0x8a
 823 05df 14       		.byte	0x14
 824 05e0 E4050000 		.4byte	0x5e4
 825 05e4 04       		.uleb128 0x4
 826 05e5 60010000 		.4byte	0x160
 827 05e9 1A       		.uleb128 0x1a
 828 05ea 0C       		.byte	0xc
 829 05eb A0       		.byte	0xa0
 830 05ec 0F060000 		.4byte	0x60f
 831 05f0 12       		.uleb128 0x12
 832 05f1 5F070000 		.4byte	.LASF91
 833 05f5 A4       		.byte	0xa4
 834 05f6 51030000 		.4byte	0x351
 835 05fa 12       		.uleb128 0x12
 836 05fb B3010000 		.4byte	.LASF88
 837 05ff A8       		.byte	0xa8
 838 0600 7D030000 		.4byte	0x37d
 839 0604 12       		.uleb128 0x12
 840 0605 42060000 		.4byte	.LASF92
 841 0609 AC       		.byte	0xac
 842 060a BB030000 		.4byte	0x3bb
 843 060e 00       		.byte	0
 844 060f 1A       		.uleb128 0x1a
 845 0610 04       		.byte	0x4
 846 0611 F0       		.byte	0xf0
 847 0612 73060000 		.4byte	0x673
 848 0616 12       		.uleb128 0x12
 849 0617 1E000000 		.4byte	.LASF93
 850 061b F7       		.byte	0xf7
 851 061c 30010000 		.4byte	0x130
 852 0620 12       		.uleb128 0x12
 853 0621 AC000000 		.4byte	.LASF94
 854 0625 FE       		.byte	0xfe
 855 0626 30010000 		.4byte	0x130
ARM GAS  C:\Users\PUBLIC~1.LAP\AppData\Local\Temp\cc1mJNS6.s 			page 16


 856 062a 0E       		.uleb128 0xe
 857 062b 16070000 		.4byte	.LASF95
 858 062f 0501     		.2byte	0x105
 859 0631 22       		.byte	0x22
 860 0632 9B000000 		.4byte	0x9b
 861 0636 0E       		.uleb128 0xe
 862 0637 12000000 		.4byte	.LASF96
 863 063b 0C01     		.2byte	0x10c
 864 063d 22       		.byte	0x22
 865 063e 73060000 		.4byte	0x673
 866 0642 0E       		.uleb128 0xe
 867 0643 C0000000 		.4byte	.LASF97
 868 0647 1101     		.2byte	0x111
 869 0649 21       		.byte	0x21
 870 064a 30010000 		.4byte	0x130
 871 064e 0E       		.uleb128 0xe
 872 064f 77020000 		.4byte	.LASF98
 873 0653 1A01     		.2byte	0x11a
 874 0655 22       		.byte	0x22
 875 0656 A0060000 		.4byte	0x6a0
 876 065a 0E       		.uleb128 0xe
 877 065b F5040000 		.4byte	.LASF99
 878 065f 2301     		.2byte	0x123
 879 0661 22       		.byte	0x22
 880 0662 DA060000 		.4byte	0x6da
 881 0666 0E       		.uleb128 0xe
 882 0667 AC040000 		.4byte	.LASF100
 883 066b 2B01     		.2byte	0x12b
 884 066d 21       		.byte	0x21
 885 066e 3C010000 		.4byte	0x13c
 886 0672 00       		.byte	0
 887 0673 04       		.uleb128 0x4
 888 0674 D8050000 		.4byte	0x5d8
 889 0678 07       		.uleb128 0x7
 890 0679 C6040000 		.4byte	.LASF101
 891 067d 0C       		.byte	0xc
 892 067e 0C       		.byte	0xc
 893 067f 34       		.byte	0x34
 894 0680 10       		.byte	0x10
 895 0681 A0060000 		.4byte	0x6a0
 896 0685 02       		.uleb128 0x2
 897 0686 B3010000 		.4byte	.LASF88
 898 068a 0C       		.byte	0xc
 899 068b 35       		.byte	0x35
 900 068c 19       		.byte	0x19
 901 068d 7D030000 		.4byte	0x37d
 902 0691 00       		.byte	0
 903 0692 17       		.uleb128 0x17
 904 0693 636E7400 		.ascii	"cnt\000"
 905 0697 0C       		.byte	0xc
 906 0698 37       		.byte	0x37
 907 0699 19       		.byte	0x19
 908 069a 48010000 		.4byte	0x148
 909 069e 08       		.byte	0x8
 910 069f 00       		.byte	0
 911 06a0 04       		.uleb128 0x4
 912 06a1 78060000 		.4byte	0x678
ARM GAS  C:\Users\PUBLIC~1.LAP\AppData\Local\Temp\cc1mJNS6.s 			page 17


 913 06a5 07       		.uleb128 0x7
 914 06a6 CA060000 		.4byte	.LASF102
 915 06aa 10       		.byte	0x10
 916 06ab 0D       		.byte	0xd
 917 06ac 39       		.byte	0x39
 918 06ad 08       		.byte	0x8
 919 06ae DA060000 		.4byte	0x6da
 920 06b2 02       		.uleb128 0x2
 921 06b3 B3010000 		.4byte	.LASF88
 922 06b7 0D       		.byte	0xd
 923 06b8 3A       		.byte	0x3a
 924 06b9 19       		.byte	0x19
 925 06ba 7D030000 		.4byte	0x37d
 926 06be 00       		.byte	0
 927 06bf 02       		.uleb128 0x2
 928 06c0 08050000 		.4byte	.LASF31
 929 06c4 0D       		.byte	0xd
 930 06c5 3C       		.byte	0x3c
 931 06c6 1A       		.byte	0x1a
 932 06c7 E4050000 		.4byte	0x5e4
 933 06cb 08       		.byte	0x8
 934 06cc 02       		.uleb128 0x2
 935 06cd DE000000 		.4byte	.LASF65
 936 06d1 0D       		.byte	0xd
 937 06d2 3E       		.byte	0x3e
 938 06d3 1A       		.byte	0x1a
 939 06d4 9B070000 		.4byte	0x79b
 940 06d8 0C       		.byte	0xc
 941 06d9 00       		.byte	0
 942 06da 04       		.uleb128 0x4
 943 06db A5060000 		.4byte	0x6a5
 944 06df 04       		.uleb128 0x4
 945 06e0 56020000 		.4byte	0x256
 946 06e4 04       		.uleb128 0x4
 947 06e5 F4000000 		.4byte	0xf4
 948 06e9 10       		.uleb128 0x10
 949 06ea 24030000 		.4byte	.LASF103
 950 06ee 10       		.byte	0x10
 951 06ef 05       		.byte	0x5
 952 06f0 6101     		.2byte	0x161
 953 06f2 10       		.byte	0x10
 954 06f3 12070000 		.4byte	0x712
 955 06f7 03       		.uleb128 0x3
 956 06f8 42060000 		.4byte	.LASF92
 957 06fc 6601     		.2byte	0x166
 958 06fe 21       		.byte	0x21
 959 06ff BB030000 		.4byte	0x3bb
 960 0703 00       		.byte	0
 961 0704 03       		.uleb128 0x3
 962 0705 0C040000 		.4byte	.LASF104
 963 0709 6A01     		.2byte	0x16a
 964 070b 22       		.byte	0x22
 965 070c E4050000 		.4byte	0x5e4
 966 0710 0C       		.byte	0xc
 967 0711 00       		.byte	0
 968 0712 1B       		.uleb128 0x1b
 969 0713 00000000 		.4byte	.LASF105
ARM GAS  C:\Users\PUBLIC~1.LAP\AppData\Local\Temp\cc1mJNS6.s 			page 18


 970 0717 6B01     		.2byte	0x16b
 971 0719 E9060000 		.4byte	0x6e9
 972 071d 10       		.uleb128 0x10
 973 071e D7030000 		.4byte	.LASF106
 974 0722 14       		.byte	0x14
 975 0723 05       		.byte	0x5
 976 0724 7001     		.2byte	0x170
 977 0726 10       		.byte	0x10
 978 0727 6D070000 		.4byte	0x76d
 979 072b 03       		.uleb128 0x3
 980 072c BA020000 		.4byte	.LASF32
 981 0730 7401     		.2byte	0x174
 982 0732 22       		.byte	0x22
 983 0733 A9000000 		.4byte	0xa9
 984 0737 00       		.byte	0
 985 0738 03       		.uleb128 0x3
 986 0739 24020000 		.4byte	.LASF107
 987 073d 7A01     		.2byte	0x17a
 988 073f 22       		.byte	0x22
 989 0740 E4060000 		.4byte	0x6e4
 990 0744 04       		.byte	0x4
 991 0745 03       		.uleb128 0x3
 992 0746 1D070000 		.4byte	.LASF108
 993 074a 7E01     		.2byte	0x17e
 994 074c 22       		.byte	0x22
 995 074d E4060000 		.4byte	0x6e4
 996 0751 08       		.byte	0x8
 997 0752 03       		.uleb128 0x3
 998 0753 58030000 		.4byte	.LASF109
 999 0757 8401     		.2byte	0x184
 1000 0759 22       		.byte	0x22
 1001 075a E4060000 		.4byte	0x6e4
 1002 075e 0C       		.byte	0xc
 1003 075f 03       		.uleb128 0x3
 1004 0760 9E070000 		.4byte	.LASF110
 1005 0764 8801     		.2byte	0x188
 1006 0766 22       		.byte	0x22
 1007 0767 E4060000 		.4byte	0x6e4
 1008 076b 10       		.byte	0x10
 1009 076c 00       		.byte	0
 1010 076d 1B       		.uleb128 0x1b
 1011 076e B5060000 		.4byte	.LASF111
 1012 0772 8A01     		.2byte	0x18a
 1013 0774 1D070000 		.4byte	0x71d
 1014 0778 06       		.uleb128 0x6
 1015 0779 6D070000 		.4byte	0x76d
 1016 077d 04       		.uleb128 0x4
 1017 077e 78070000 		.4byte	0x778
 1018 0782 25       		.uleb128 0x25
 1019 0783 63683000 		.ascii	"ch0\000"
 1020 0787 12       		.byte	0x12
 1021 0788 4101     		.2byte	0x141
 1022 078a 16       		.byte	0x16
 1023 078b 56020000 		.4byte	0x256
 1024 078f 01       		.uleb128 0x1
 1025 0790 34020000 		.4byte	.LASF112
 1026 0794 0D       		.byte	0xd
ARM GAS  C:\Users\PUBLIC~1.LAP\AppData\Local\Temp\cc1mJNS6.s 			page 19


 1027 0795 34       		.byte	0x34
 1028 0796 19       		.byte	0x19
 1029 0797 A5060000 		.4byte	0x6a5
 1030 079b 04       		.uleb128 0x4
 1031 079c 8F070000 		.4byte	0x78f
 1032 07a0 07       		.uleb128 0x7
 1033 07a1 A7030000 		.4byte	.LASF113
 1034 07a5 08       		.byte	0x8
 1035 07a6 0E       		.byte	0xe
 1036 07a7 3B       		.byte	0x3b
 1037 07a8 10       		.byte	0x10
 1038 07a9 BB070000 		.4byte	0x7bb
 1039 07ad 02       		.uleb128 0x2
 1040 07ae B3010000 		.4byte	.LASF88
 1041 07b2 0E       		.byte	0xe
 1042 07b3 3C       		.byte	0x3c
 1043 07b4 19       		.byte	0x19
 1044 07b5 7D030000 		.4byte	0x37d
 1045 07b9 00       		.byte	0
 1046 07ba 00       		.byte	0
 1047 07bb 01       		.uleb128 0x1
 1048 07bc 0A010000 		.4byte	.LASF114
 1049 07c0 0E       		.byte	0xe
 1050 07c1 3E       		.byte	0x3e
 1051 07c2 03       		.byte	0x3
 1052 07c3 A0070000 		.4byte	0x7a0
 1053 07c7 1C       		.uleb128 0x1c
 1054 07c8 3E070000 		.4byte	.LASF118
 1055 07cc 99       		.byte	0x99
 1056 07cd 09       		.byte	0x9
 1057 07ce 30010000 		.4byte	0x130
 1058 07d2 E1070000 		.4byte	0x7e1
 1059 07d6 0C       		.uleb128 0xc
 1060 07d7 0C010000 		.4byte	0x10c
 1061 07db 0C       		.uleb128 0xc
 1062 07dc 45030000 		.4byte	0x345
 1063 07e0 00       		.byte	0
 1064 07e1 15       		.uleb128 0x15
 1065 07e2 A8010000 		.4byte	.LASF115
 1066 07e6 0D       		.byte	0xd
 1067 07e7 69       		.byte	0x69
 1068 07e8 F2070000 		.4byte	0x7f2
 1069 07ec 0C       		.uleb128 0xc
 1070 07ed 9B070000 		.4byte	0x79b
 1071 07f1 00       		.byte	0
 1072 07f2 15       		.uleb128 0x15
 1073 07f3 D3040000 		.4byte	.LASF116
 1074 07f7 0F       		.byte	0xf
 1075 07f8 98       		.byte	0x98
 1076 07f9 03080000 		.4byte	0x803
 1077 07fd 0C       		.uleb128 0xc
 1078 07fe 0C010000 		.4byte	0x10c
 1079 0802 00       		.byte	0
 1080 0803 15       		.uleb128 0x15
 1081 0804 5D020000 		.4byte	.LASF117
 1082 0808 0D       		.byte	0xd
 1083 0809 6D       		.byte	0x6d
ARM GAS  C:\Users\PUBLIC~1.LAP\AppData\Local\Temp\cc1mJNS6.s 			page 20


 1084 080a 14080000 		.4byte	0x814
 1085 080e 0C       		.uleb128 0xc
 1086 080f 9B070000 		.4byte	0x79b
 1087 0813 00       		.byte	0
 1088 0814 26       		.uleb128 0x26
 1089 0815 EA010000 		.4byte	.LASF148
 1090 0819 0F       		.byte	0xf
 1091 081a 9B       		.byte	0x9b
 1092 081b 08       		.byte	0x8
 1093 081c 1C       		.uleb128 0x1c
 1094 081d FC040000 		.4byte	.LASF119
 1095 0821 97       		.byte	0x97
 1096 0822 0D       		.byte	0xd
 1097 0823 E4050000 		.4byte	0x5e4
 1098 0827 31080000 		.4byte	0x831
 1099 082b 0C       		.uleb128 0xc
 1100 082c E4050000 		.4byte	0x5e4
 1101 0830 00       		.byte	0
 1102 0831 15       		.uleb128 0x15
 1103 0832 A8060000 		.4byte	.LASF120
 1104 0836 0F       		.byte	0xf
 1105 0837 9A       		.byte	0x9a
 1106 0838 47080000 		.4byte	0x847
 1107 083c 0C       		.uleb128 0xc
 1108 083d E4050000 		.4byte	0x5e4
 1109 0841 0C       		.uleb128 0xc
 1110 0842 30010000 		.4byte	0x130
 1111 0846 00       		.byte	0
 1112 0847 1D       		.uleb128 0x1d
 1113 0848 BA030000 		.4byte	.LASF121
 1114 084c 4301     		.2byte	0x143
 1115 084e 30010000 		.4byte	0x130
 1116 0852 9E080000 		.4byte	0x89e
 1117 0856 13       		.uleb128 0x13
 1118 0857 637000   		.ascii	"cp\000"
 1119 085a 10       		.byte	0x10
 1120 085b 4301     		.2byte	0x143
 1121 085d 30       		.byte	0x30
 1122 085e 9E080000 		.4byte	0x89e
 1123 0862 1E       		.uleb128 0x1e
 1124 0863 B2020000 		.4byte	.LASF122
 1125 0867 4301     		.2byte	0x143
 1126 0869 42       		.byte	0x42
 1127 086a 45030000 		.4byte	0x345
 1128 086e 27       		.uleb128 0x27
 1129 086f E2020000 		.4byte	.LASF123
 1130 0873 10       		.byte	0x10
 1131 0874 4401     		.2byte	0x144
 1132 0876 0D       		.byte	0xd
 1133 0877 E4050000 		.4byte	0x5e4
 1134 087b 16       		.uleb128 0x16
 1135 087c 6D7000   		.ascii	"mp\000"
 1136 087f 10       		.byte	0x10
 1137 0880 4501     		.2byte	0x145
 1138 0882 0C       		.byte	0xc
 1139 0883 9B070000 		.4byte	0x79b
 1140 0887 16       		.uleb128 0x16
ARM GAS  C:\Users\PUBLIC~1.LAP\AppData\Local\Temp\cc1mJNS6.s 			page 21


 1141 0888 6D736700 		.ascii	"msg\000"
 1142 088c 10       		.byte	0x10
 1143 088d 4601     		.2byte	0x146
 1144 088f 09       		.byte	0x9
 1145 0890 30010000 		.4byte	0x130
 1146 0894 0D       		.uleb128 0xd
 1147 0895 B3040000 		.4byte	.LASF126
 1148 0899 B3080000 		.4byte	0x8b3
 1149 089d 00       		.byte	0
 1150 089e 04       		.uleb128 0x4
 1151 089f BB070000 		.4byte	0x7bb
 1152 08a3 0A       		.uleb128 0xa
 1153 08a4 A4000000 		.4byte	0xa4
 1154 08a8 B3080000 		.4byte	0x8b3
 1155 08ac 0B       		.uleb128 0xb
 1156 08ad 25000000 		.4byte	0x25
 1157 08b1 12       		.byte	0x12
 1158 08b2 00       		.byte	0
 1159 08b3 06       		.uleb128 0x6
 1160 08b4 A3080000 		.4byte	0x8a3
 1161 08b8 1D       		.uleb128 0x1d
 1162 08b9 2C070000 		.4byte	.LASF124
 1163 08bd 1D01     		.2byte	0x11d
 1164 08bf 30010000 		.4byte	0x130
 1165 08c3 ED080000 		.4byte	0x8ed
 1166 08c7 13       		.uleb128 0x13
 1167 08c8 637000   		.ascii	"cp\000"
 1168 08cb 10       		.byte	0x10
 1169 08cc 1D01     		.2byte	0x11d
 1170 08ce 2F       		.byte	0x2f
 1171 08cf 9E080000 		.4byte	0x89e
 1172 08d3 1E       		.uleb128 0x1e
 1173 08d4 B2020000 		.4byte	.LASF122
 1174 08d8 1D01     		.2byte	0x11d
 1175 08da 41       		.byte	0x41
 1176 08db 45030000 		.4byte	0x345
 1177 08df 16       		.uleb128 0x16
 1178 08e0 6D736700 		.ascii	"msg\000"
 1179 08e4 10       		.byte	0x10
 1180 08e5 1E01     		.2byte	0x11e
 1181 08e7 09       		.byte	0x9
 1182 08e8 30010000 		.4byte	0x130
 1183 08ec 00       		.byte	0
 1184 08ed 1F       		.uleb128 0x1f
 1185 08ee 40050000 		.4byte	.LASF125
 1186 08f2 E9       		.byte	0xe9
 1187 08f3 30010000 		.4byte	0x130
 1188 08f7 33090000 		.4byte	0x933
 1189 08fb 09       		.uleb128 0x9
 1190 08fc 637000   		.ascii	"cp\000"
 1191 08ff 10       		.byte	0x10
 1192 0900 E9       		.byte	0xe9
 1193 0901 29       		.byte	0x29
 1194 0902 9E080000 		.4byte	0x89e
 1195 0906 28       		.uleb128 0x28
 1196 0907 E2020000 		.4byte	.LASF123
 1197 090b 10       		.byte	0x10
ARM GAS  C:\Users\PUBLIC~1.LAP\AppData\Local\Temp\cc1mJNS6.s 			page 22


 1198 090c EA       		.byte	0xea
 1199 090d 0D       		.byte	0xd
 1200 090e E4050000 		.4byte	0x5e4
 1201 0912 14       		.uleb128 0x14
 1202 0913 6D7000   		.ascii	"mp\000"
 1203 0916 10       		.byte	0x10
 1204 0917 EB       		.byte	0xeb
 1205 0918 0C       		.byte	0xc
 1206 0919 9B070000 		.4byte	0x79b
 1207 091d 14       		.uleb128 0x14
 1208 091e 6D736700 		.ascii	"msg\000"
 1209 0922 10       		.byte	0x10
 1210 0923 EC       		.byte	0xec
 1211 0924 09       		.byte	0x9
 1212 0925 30010000 		.4byte	0x130
 1213 0929 0D       		.uleb128 0xd
 1214 092a B3040000 		.4byte	.LASF126
 1215 092e 43090000 		.4byte	0x943
 1216 0932 00       		.byte	0
 1217 0933 0A       		.uleb128 0xa
 1218 0934 A4000000 		.4byte	0xa4
 1219 0938 43090000 		.4byte	0x943
 1220 093c 0B       		.uleb128 0xb
 1221 093d 25000000 		.4byte	0x25
 1222 0941 0B       		.byte	0xb
 1223 0942 00       		.byte	0
 1224 0943 06       		.uleb128 0x6
 1225 0944 33090000 		.4byte	0x933
 1226 0948 1F       		.uleb128 0x1f
 1227 0949 8E060000 		.4byte	.LASF127
 1228 094d CF       		.byte	0xcf
 1229 094e 30010000 		.4byte	0x130
 1230 0952 6E090000 		.4byte	0x96e
 1231 0956 09       		.uleb128 0x9
 1232 0957 637000   		.ascii	"cp\000"
 1233 095a 10       		.byte	0x10
 1234 095b CF       		.byte	0xcf
 1235 095c 28       		.byte	0x28
 1236 095d 9E080000 		.4byte	0x89e
 1237 0961 14       		.uleb128 0x14
 1238 0962 6D736700 		.ascii	"msg\000"
 1239 0966 10       		.byte	0x10
 1240 0967 D0       		.byte	0xd0
 1241 0968 09       		.byte	0x9
 1242 0969 30010000 		.4byte	0x130
 1243 096d 00       		.byte	0
 1244 096e 0F       		.uleb128 0xf
 1245 096f 84000000 		.4byte	.LASF128
 1246 0973 B1       		.byte	0xb1
 1247 0974 8D090000 		.4byte	0x98d
 1248 0978 09       		.uleb128 0x9
 1249 0979 637000   		.ascii	"cp\000"
 1250 097c 10       		.byte	0x10
 1251 097d B1       		.byte	0xb1
 1252 097e 2D       		.byte	0x2d
 1253 097f 9E080000 		.4byte	0x89e
 1254 0983 0D       		.uleb128 0xd
ARM GAS  C:\Users\PUBLIC~1.LAP\AppData\Local\Temp\cc1mJNS6.s 			page 23


 1255 0984 B3040000 		.4byte	.LASF126
 1256 0988 9D090000 		.4byte	0x99d
 1257 098c 00       		.byte	0
 1258 098d 0A       		.uleb128 0xa
 1259 098e A4000000 		.4byte	0xa4
 1260 0992 9D090000 		.4byte	0x99d
 1261 0996 0B       		.uleb128 0xb
 1262 0997 25000000 		.4byte	0x25
 1263 099b 10       		.byte	0x10
 1264 099c 00       		.byte	0
 1265 099d 06       		.uleb128 0x6
 1266 099e 8D090000 		.4byte	0x98d
 1267 09a2 0F       		.uleb128 0xf
 1268 09a3 74000000 		.4byte	.LASF129
 1269 09a7 9E       		.byte	0x9e
 1270 09a8 B8090000 		.4byte	0x9b8
 1271 09ac 09       		.uleb128 0x9
 1272 09ad 637000   		.ascii	"cp\000"
 1273 09b0 10       		.byte	0x10
 1274 09b1 9E       		.byte	0x9e
 1275 09b2 2C       		.byte	0x2c
 1276 09b3 9E080000 		.4byte	0x89e
 1277 09b7 00       		.byte	0
 1278 09b8 0F       		.uleb128 0xf
 1279 09b9 71040000 		.4byte	.LASF130
 1280 09bd 8B       		.byte	0x8b
 1281 09be E4090000 		.4byte	0x9e4
 1282 09c2 09       		.uleb128 0x9
 1283 09c3 637000   		.ascii	"cp\000"
 1284 09c6 10       		.byte	0x10
 1285 09c7 8B       		.byte	0x8b
 1286 09c8 2A       		.byte	0x2a
 1287 09c9 9E080000 		.4byte	0x89e
 1288 09cd 0D       		.uleb128 0xd
 1289 09ce B3040000 		.4byte	.LASF126
 1290 09d2 F4090000 		.4byte	0x9f4
 1291 09d6 29       		.uleb128 0x29
 1292 09d7 14       		.uleb128 0x14
 1293 09d8 747000   		.ascii	"tp\000"
 1294 09db 10       		.byte	0x10
 1295 09dc 91       		.byte	0x91
 1296 09dd 0F       		.byte	0xf
 1297 09de E4050000 		.4byte	0x5e4
 1298 09e2 00       		.byte	0
 1299 09e3 00       		.byte	0
 1300 09e4 0A       		.uleb128 0xa
 1301 09e5 A4000000 		.4byte	0xa4
 1302 09e9 F4090000 		.4byte	0x9f4
 1303 09ed 0B       		.uleb128 0xb
 1304 09ee 25000000 		.4byte	0x25
 1305 09f2 0D       		.byte	0xd
 1306 09f3 00       		.byte	0
 1307 09f4 06       		.uleb128 0x6
 1308 09f5 E4090000 		.4byte	0x9e4
 1309 09f9 0F       		.uleb128 0xf
 1310 09fa 3C020000 		.4byte	.LASF131
 1311 09fe 75       		.byte	0x75
ARM GAS  C:\Users\PUBLIC~1.LAP\AppData\Local\Temp\cc1mJNS6.s 			page 24


 1312 09ff 180A0000 		.4byte	0xa18
 1313 0a03 09       		.uleb128 0x9
 1314 0a04 637000   		.ascii	"cp\000"
 1315 0a07 10       		.byte	0x10
 1316 0a08 75       		.byte	0x75
 1317 0a09 29       		.byte	0x29
 1318 0a0a 9E080000 		.4byte	0x89e
 1319 0a0e 0D       		.uleb128 0xd
 1320 0a0f B3040000 		.4byte	.LASF126
 1321 0a13 280A0000 		.4byte	0xa28
 1322 0a17 00       		.byte	0
 1323 0a18 0A       		.uleb128 0xa
 1324 0a19 A4000000 		.4byte	0xa4
 1325 0a1d 280A0000 		.4byte	0xa28
 1326 0a21 0B       		.uleb128 0xb
 1327 0a22 25000000 		.4byte	0x25
 1328 0a26 0C       		.byte	0xc
 1329 0a27 00       		.byte	0
 1330 0a28 06       		.uleb128 0x6
 1331 0a29 180A0000 		.4byte	0xa18
 1332 0a2d 0F       		.uleb128 0xf
 1333 0a2e EF020000 		.4byte	.LASF132
 1334 0a32 63       		.byte	0x63
 1335 0a33 4C0A0000 		.4byte	0xa4c
 1336 0a37 09       		.uleb128 0x9
 1337 0a38 637000   		.ascii	"cp\000"
 1338 0a3b 10       		.byte	0x10
 1339 0a3c 63       		.byte	0x63
 1340 0a3d 30       		.byte	0x30
 1341 0a3e 9E080000 		.4byte	0x89e
 1342 0a42 0D       		.uleb128 0xd
 1343 0a43 B3040000 		.4byte	.LASF126
 1344 0a47 5C0A0000 		.4byte	0xa5c
 1345 0a4b 00       		.byte	0
 1346 0a4c 0A       		.uleb128 0xa
 1347 0a4d A4000000 		.4byte	0xa4
 1348 0a51 5C0A0000 		.4byte	0xa5c
 1349 0a55 0B       		.uleb128 0xb
 1350 0a56 25000000 		.4byte	0x25
 1351 0a5a 13       		.byte	0x13
 1352 0a5b 00       		.byte	0
 1353 0a5c 06       		.uleb128 0x6
 1354 0a5d 4C0A0000 		.4byte	0xa4c
 1355 0a61 0F       		.uleb128 0xf
 1356 0a62 FE050000 		.4byte	.LASF133
 1357 0a66 4D       		.byte	0x4d
 1358 0a67 800A0000 		.4byte	0xa80
 1359 0a6b 09       		.uleb128 0x9
 1360 0a6c 637000   		.ascii	"cp\000"
 1361 0a6f 10       		.byte	0x10
 1362 0a70 4D       		.byte	0x4d
 1363 0a71 2D       		.byte	0x2d
 1364 0a72 9E080000 		.4byte	0x89e
 1365 0a76 0D       		.uleb128 0xd
 1366 0a77 B3040000 		.4byte	.LASF126
 1367 0a7b 9D090000 		.4byte	0x99d
 1368 0a7f 00       		.byte	0
ARM GAS  C:\Users\PUBLIC~1.LAP\AppData\Local\Temp\cc1mJNS6.s 			page 25


 1369 0a80 2A       		.uleb128 0x2a
 1370 0a81 0E050000 		.4byte	.LASF134
 1371 0a85 0D       		.byte	0xd
 1372 0a86 A0       		.byte	0xa0
 1373 0a87 18       		.byte	0x18
 1374 0a88 9B070000 		.4byte	0x79b
 1375 0a8c 2B       		.uleb128 0x2b
 1376 0a8d FA060000 		.4byte	.LASF135
 1377 0a91 11       		.byte	0x11
 1378 0a92 5701     		.2byte	0x157
 1379 0a94 19       		.byte	0x19
 1380 0a95 E4050000 		.4byte	0x5e4
 1381 0a99 2C       		.uleb128 0x2c
 1382 0a9a D8060000 		.4byte	.LASF136
 1383 0a9e 0F       		.byte	0xf
 1384 0a9f AF       		.byte	0xaf
 1385 0aa0 14       		.byte	0x14
 1386 0aa1 C70A0000 		.4byte	0xac7
 1387 0aa5 09       		.uleb128 0x9
 1388 0aa6 717000   		.ascii	"qp\000"
 1389 0aa9 0F       		.byte	0xf
 1390 0aaa AF       		.byte	0xaf
 1391 0aab 33       		.byte	0x33
 1392 0aac B6030000 		.4byte	0x3b6
 1393 0ab0 09       		.uleb128 0x9
 1394 0ab1 747000   		.ascii	"tp\000"
 1395 0ab4 0F       		.byte	0xf
 1396 0ab5 AF       		.byte	0xaf
 1397 0ab6 43       		.byte	0x43
 1398 0ab7 B6030000 		.4byte	0x3b6
 1399 0abb 14       		.uleb128 0x14
 1400 0abc 637000   		.ascii	"cp\000"
 1401 0abf 0F       		.byte	0xf
 1402 0ac0 B1       		.byte	0xb1
 1403 0ac1 0F       		.byte	0xf
 1404 0ac2 B6030000 		.4byte	0x3b6
 1405 0ac6 00       		.byte	0
 1406 0ac7 2D       		.uleb128 0x2d
 1407 0ac8 53070000 		.4byte	.LASF137
 1408 0acc 12       		.byte	0x12
 1409 0acd A501     		.2byte	0x1a5
 1410 0acf 14       		.byte	0x14
 1411 0ad0 DE0A0000 		.4byte	0xade
 1412 0ad4 0D       		.uleb128 0xd
 1413 0ad5 B3040000 		.4byte	.LASF126
 1414 0ad9 43090000 		.4byte	0x943
 1415 0add 00       		.byte	0
 1416 0ade 18       		.uleb128 0x18
 1417 0adf BC040000 		.4byte	.LASF138
 1418 0ae3 12       		.byte	0x12
 1419 0ae4 9701     		.2byte	0x197
 1420 0ae6 18       		.uleb128 0x18
 1421 0ae7 34010000 		.4byte	.LASF139
 1422 0aeb 0B       		.byte	0xb
 1423 0aec EF01     		.2byte	0x1ef
 1424 0aee 18       		.uleb128 0x18
 1425 0aef 94070000 		.4byte	.LASF140
ARM GAS  C:\Users\PUBLIC~1.LAP\AppData\Local\Temp\cc1mJNS6.s 			page 26


 1426 0af3 0B       		.byte	0xb
 1427 0af4 E601     		.2byte	0x1e6
 1428 0af6 20       		.uleb128 0x20
 1429 0af7 4A040000 		.4byte	.LASF141
 1430 0afb 8C       		.byte	0x8c
 1431 0afc 20       		.uleb128 0x20
 1432 0afd FF030000 		.4byte	.LASF142
 1433 0b01 81       		.byte	0x81
 1434 0b02 21       		.uleb128 0x21
 1435 0b03 B9010000 		.4byte	.LASF143
 1436 0b07 5401     		.2byte	0x154
 1437 0b09 1B       		.byte	0x1b
 1438 0b0a B6030000 		.4byte	0x3b6
 1439 0b0e 2A0B0000 		.4byte	0xb2a
 1440 0b12 13       		.uleb128 0x13
 1441 0b13 717000   		.ascii	"qp\000"
 1442 0b16 09       		.byte	0x9
 1443 0b17 5401     		.2byte	0x154
 1444 0b19 3C       		.byte	0x3c
 1445 0b1a B6030000 		.4byte	0x3b6
 1446 0b1e 16       		.uleb128 0x16
 1447 0b1f 7000     		.ascii	"p\000"
 1448 0b21 09       		.byte	0x9
 1449 0b22 5501     		.2byte	0x155
 1450 0b24 0F       		.byte	0xf
 1451 0b25 B6030000 		.4byte	0x3b6
 1452 0b29 00       		.byte	0
 1453 0b2a 21       		.uleb128 0x21
 1454 0b2b 14040000 		.4byte	.LASF144
 1455 0b2f 3501     		.2byte	0x135
 1456 0b31 14       		.byte	0x14
 1457 0b32 47040000 		.4byte	0x447
 1458 0b36 470B0000 		.4byte	0xb47
 1459 0b3a 13       		.uleb128 0x13
 1460 0b3b 717000   		.ascii	"qp\000"
 1461 0b3e 09       		.byte	0x9
 1462 0b3f 3501     		.2byte	0x135
 1463 0b41 38       		.byte	0x38
 1464 0b42 470B0000 		.4byte	0xb47
 1465 0b46 00       		.byte	0
 1466 0b47 04       		.uleb128 0x4
 1467 0b48 89030000 		.4byte	0x389
 1468 0b4c 2E       		.uleb128 0x2e
 1469 0b4d 80060000 		.4byte	.LASF149
 1470 0b51 09       		.byte	0x9
 1471 0b52 1A01     		.2byte	0x11a
 1472 0b54 14       		.byte	0x14
 1473 0b55 13       		.uleb128 0x13
 1474 0b56 717000   		.ascii	"qp\000"
 1475 0b59 09       		.byte	0x9
 1476 0b5a 1A01     		.2byte	0x11a
 1477 0b5c 2E       		.byte	0x2e
 1478 0b5d B6030000 		.4byte	0x3b6
 1479 0b61 00       		.byte	0
 1480 0b62 00       		.byte	0
 1481              		.section	.gnu.debuglto_.debug_abbrev,"e",%progbits
 1482              	.Ldebug_abbrev0:
ARM GAS  C:\Users\PUBLIC~1.LAP\AppData\Local\Temp\cc1mJNS6.s 			page 27


 1483 0000 01       		.uleb128 0x1
 1484 0001 16       		.uleb128 0x16
 1485 0002 00       		.byte	0
 1486 0003 03       		.uleb128 0x3
 1487 0004 0E       		.uleb128 0xe
 1488 0005 3A       		.uleb128 0x3a
 1489 0006 0B       		.uleb128 0xb
 1490 0007 3B       		.uleb128 0x3b
 1491 0008 0B       		.uleb128 0xb
 1492 0009 39       		.uleb128 0x39
 1493 000a 0B       		.uleb128 0xb
 1494 000b 49       		.uleb128 0x49
 1495 000c 13       		.uleb128 0x13
 1496 000d 00       		.byte	0
 1497 000e 00       		.byte	0
 1498 000f 02       		.uleb128 0x2
 1499 0010 0D       		.uleb128 0xd
 1500 0011 00       		.byte	0
 1501 0012 03       		.uleb128 0x3
 1502 0013 0E       		.uleb128 0xe
 1503 0014 3A       		.uleb128 0x3a
 1504 0015 0B       		.uleb128 0xb
 1505 0016 3B       		.uleb128 0x3b
 1506 0017 0B       		.uleb128 0xb
 1507 0018 39       		.uleb128 0x39
 1508 0019 0B       		.uleb128 0xb
 1509 001a 49       		.uleb128 0x49
 1510 001b 13       		.uleb128 0x13
 1511 001c 38       		.uleb128 0x38
 1512 001d 0B       		.uleb128 0xb
 1513 001e 00       		.byte	0
 1514 001f 00       		.byte	0
 1515 0020 03       		.uleb128 0x3
 1516 0021 0D       		.uleb128 0xd
 1517 0022 00       		.byte	0
 1518 0023 03       		.uleb128 0x3
 1519 0024 0E       		.uleb128 0xe
 1520 0025 3A       		.uleb128 0x3a
 1521 0026 21       		.uleb128 0x21
 1522 0027 05       		.sleb128 5
 1523 0028 3B       		.uleb128 0x3b
 1524 0029 05       		.uleb128 0x5
 1525 002a 39       		.uleb128 0x39
 1526 002b 0B       		.uleb128 0xb
 1527 002c 49       		.uleb128 0x49
 1528 002d 13       		.uleb128 0x13
 1529 002e 38       		.uleb128 0x38
 1530 002f 0B       		.uleb128 0xb
 1531 0030 00       		.byte	0
 1532 0031 00       		.byte	0
 1533 0032 04       		.uleb128 0x4
 1534 0033 0F       		.uleb128 0xf
 1535 0034 00       		.byte	0
 1536 0035 0B       		.uleb128 0xb
 1537 0036 21       		.uleb128 0x21
 1538 0037 04       		.sleb128 4
 1539 0038 49       		.uleb128 0x49
ARM GAS  C:\Users\PUBLIC~1.LAP\AppData\Local\Temp\cc1mJNS6.s 			page 28


 1540 0039 13       		.uleb128 0x13
 1541 003a 00       		.byte	0
 1542 003b 00       		.byte	0
 1543 003c 05       		.uleb128 0x5
 1544 003d 24       		.uleb128 0x24
 1545 003e 00       		.byte	0
 1546 003f 0B       		.uleb128 0xb
 1547 0040 0B       		.uleb128 0xb
 1548 0041 3E       		.uleb128 0x3e
 1549 0042 0B       		.uleb128 0xb
 1550 0043 03       		.uleb128 0x3
 1551 0044 0E       		.uleb128 0xe
 1552 0045 00       		.byte	0
 1553 0046 00       		.byte	0
 1554 0047 06       		.uleb128 0x6
 1555 0048 26       		.uleb128 0x26
 1556 0049 00       		.byte	0
 1557 004a 49       		.uleb128 0x49
 1558 004b 13       		.uleb128 0x13
 1559 004c 00       		.byte	0
 1560 004d 00       		.byte	0
 1561 004e 07       		.uleb128 0x7
 1562 004f 13       		.uleb128 0x13
 1563 0050 01       		.byte	0x1
 1564 0051 03       		.uleb128 0x3
 1565 0052 0E       		.uleb128 0xe
 1566 0053 0B       		.uleb128 0xb
 1567 0054 0B       		.uleb128 0xb
 1568 0055 3A       		.uleb128 0x3a
 1569 0056 0B       		.uleb128 0xb
 1570 0057 3B       		.uleb128 0x3b
 1571 0058 0B       		.uleb128 0xb
 1572 0059 39       		.uleb128 0x39
 1573 005a 0B       		.uleb128 0xb
 1574 005b 01       		.uleb128 0x1
 1575 005c 13       		.uleb128 0x13
 1576 005d 00       		.byte	0
 1577 005e 00       		.byte	0
 1578 005f 08       		.uleb128 0x8
 1579 0060 0D       		.uleb128 0xd
 1580 0061 00       		.byte	0
 1581 0062 03       		.uleb128 0x3
 1582 0063 08       		.uleb128 0x8
 1583 0064 3A       		.uleb128 0x3a
 1584 0065 0B       		.uleb128 0xb
 1585 0066 3B       		.uleb128 0x3b
 1586 0067 05       		.uleb128 0x5
 1587 0068 39       		.uleb128 0x39
 1588 0069 0B       		.uleb128 0xb
 1589 006a 49       		.uleb128 0x49
 1590 006b 13       		.uleb128 0x13
 1591 006c 38       		.uleb128 0x38
 1592 006d 0B       		.uleb128 0xb
 1593 006e 00       		.byte	0
 1594 006f 00       		.byte	0
 1595 0070 09       		.uleb128 0x9
 1596 0071 05       		.uleb128 0x5
ARM GAS  C:\Users\PUBLIC~1.LAP\AppData\Local\Temp\cc1mJNS6.s 			page 29


 1597 0072 00       		.byte	0
 1598 0073 03       		.uleb128 0x3
 1599 0074 08       		.uleb128 0x8
 1600 0075 3A       		.uleb128 0x3a
 1601 0076 0B       		.uleb128 0xb
 1602 0077 3B       		.uleb128 0x3b
 1603 0078 0B       		.uleb128 0xb
 1604 0079 39       		.uleb128 0x39
 1605 007a 0B       		.uleb128 0xb
 1606 007b 49       		.uleb128 0x49
 1607 007c 13       		.uleb128 0x13
 1608 007d 00       		.byte	0
 1609 007e 00       		.byte	0
 1610 007f 0A       		.uleb128 0xa
 1611 0080 01       		.uleb128 0x1
 1612 0081 01       		.byte	0x1
 1613 0082 49       		.uleb128 0x49
 1614 0083 13       		.uleb128 0x13
 1615 0084 01       		.uleb128 0x1
 1616 0085 13       		.uleb128 0x13
 1617 0086 00       		.byte	0
 1618 0087 00       		.byte	0
 1619 0088 0B       		.uleb128 0xb
 1620 0089 21       		.uleb128 0x21
 1621 008a 00       		.byte	0
 1622 008b 49       		.uleb128 0x49
 1623 008c 13       		.uleb128 0x13
 1624 008d 2F       		.uleb128 0x2f
 1625 008e 0B       		.uleb128 0xb
 1626 008f 00       		.byte	0
 1627 0090 00       		.byte	0
 1628 0091 0C       		.uleb128 0xc
 1629 0092 05       		.uleb128 0x5
 1630 0093 00       		.byte	0
 1631 0094 49       		.uleb128 0x49
 1632 0095 13       		.uleb128 0x13
 1633 0096 00       		.byte	0
 1634 0097 00       		.byte	0
 1635 0098 0D       		.uleb128 0xd
 1636 0099 34       		.uleb128 0x34
 1637 009a 00       		.byte	0
 1638 009b 03       		.uleb128 0x3
 1639 009c 0E       		.uleb128 0xe
 1640 009d 49       		.uleb128 0x49
 1641 009e 13       		.uleb128 0x13
 1642 009f 34       		.uleb128 0x34
 1643 00a0 19       		.uleb128 0x19
 1644 00a1 00       		.byte	0
 1645 00a2 00       		.byte	0
 1646 00a3 0E       		.uleb128 0xe
 1647 00a4 0D       		.uleb128 0xd
 1648 00a5 00       		.byte	0
 1649 00a6 03       		.uleb128 0x3
 1650 00a7 0E       		.uleb128 0xe
 1651 00a8 3A       		.uleb128 0x3a
 1652 00a9 21       		.uleb128 0x21
 1653 00aa 05       		.sleb128 5
ARM GAS  C:\Users\PUBLIC~1.LAP\AppData\Local\Temp\cc1mJNS6.s 			page 30


 1654 00ab 3B       		.uleb128 0x3b
 1655 00ac 05       		.uleb128 0x5
 1656 00ad 39       		.uleb128 0x39
 1657 00ae 0B       		.uleb128 0xb
 1658 00af 49       		.uleb128 0x49
 1659 00b0 13       		.uleb128 0x13
 1660 00b1 00       		.byte	0
 1661 00b2 00       		.byte	0
 1662 00b3 0F       		.uleb128 0xf
 1663 00b4 2E       		.uleb128 0x2e
 1664 00b5 01       		.byte	0x1
 1665 00b6 3F       		.uleb128 0x3f
 1666 00b7 19       		.uleb128 0x19
 1667 00b8 03       		.uleb128 0x3
 1668 00b9 0E       		.uleb128 0xe
 1669 00ba 3A       		.uleb128 0x3a
 1670 00bb 21       		.uleb128 0x21
 1671 00bc 10       		.sleb128 16
 1672 00bd 3B       		.uleb128 0x3b
 1673 00be 0B       		.uleb128 0xb
 1674 00bf 39       		.uleb128 0x39
 1675 00c0 21       		.uleb128 0x21
 1676 00c1 06       		.sleb128 6
 1677 00c2 27       		.uleb128 0x27
 1678 00c3 19       		.uleb128 0x19
 1679 00c4 01       		.uleb128 0x1
 1680 00c5 13       		.uleb128 0x13
 1681 00c6 00       		.byte	0
 1682 00c7 00       		.byte	0
 1683 00c8 10       		.uleb128 0x10
 1684 00c9 13       		.uleb128 0x13
 1685 00ca 01       		.byte	0x1
 1686 00cb 03       		.uleb128 0x3
 1687 00cc 0E       		.uleb128 0xe
 1688 00cd 0B       		.uleb128 0xb
 1689 00ce 0B       		.uleb128 0xb
 1690 00cf 3A       		.uleb128 0x3a
 1691 00d0 0B       		.uleb128 0xb
 1692 00d1 3B       		.uleb128 0x3b
 1693 00d2 05       		.uleb128 0x5
 1694 00d3 39       		.uleb128 0x39
 1695 00d4 0B       		.uleb128 0xb
 1696 00d5 01       		.uleb128 0x1
 1697 00d6 13       		.uleb128 0x13
 1698 00d7 00       		.byte	0
 1699 00d8 00       		.byte	0
 1700 00d9 11       		.uleb128 0x11
 1701 00da 34       		.uleb128 0x34
 1702 00db 00       		.byte	0
 1703 00dc 03       		.uleb128 0x3
 1704 00dd 0E       		.uleb128 0xe
 1705 00de 3A       		.uleb128 0x3a
 1706 00df 21       		.uleb128 0x21
 1707 00e0 0A       		.sleb128 10
 1708 00e1 3B       		.uleb128 0x3b
 1709 00e2 0B       		.uleb128 0xb
 1710 00e3 39       		.uleb128 0x39
ARM GAS  C:\Users\PUBLIC~1.LAP\AppData\Local\Temp\cc1mJNS6.s 			page 31


 1711 00e4 21       		.uleb128 0x21
 1712 00e5 16       		.sleb128 22
 1713 00e6 49       		.uleb128 0x49
 1714 00e7 13       		.uleb128 0x13
 1715 00e8 1C       		.uleb128 0x1c
 1716 00e9 0A       		.uleb128 0xa
 1717 00ea 00       		.byte	0
 1718 00eb 00       		.byte	0
 1719 00ec 12       		.uleb128 0x12
 1720 00ed 0D       		.uleb128 0xd
 1721 00ee 00       		.byte	0
 1722 00ef 03       		.uleb128 0x3
 1723 00f0 0E       		.uleb128 0xe
 1724 00f1 3A       		.uleb128 0x3a
 1725 00f2 21       		.uleb128 0x21
 1726 00f3 05       		.sleb128 5
 1727 00f4 3B       		.uleb128 0x3b
 1728 00f5 0B       		.uleb128 0xb
 1729 00f6 39       		.uleb128 0x39
 1730 00f7 21       		.uleb128 0x21
 1731 00f8 21       		.sleb128 33
 1732 00f9 49       		.uleb128 0x49
 1733 00fa 13       		.uleb128 0x13
 1734 00fb 00       		.byte	0
 1735 00fc 00       		.byte	0
 1736 00fd 13       		.uleb128 0x13
 1737 00fe 05       		.uleb128 0x5
 1738 00ff 00       		.byte	0
 1739 0100 03       		.uleb128 0x3
 1740 0101 08       		.uleb128 0x8
 1741 0102 3A       		.uleb128 0x3a
 1742 0103 0B       		.uleb128 0xb
 1743 0104 3B       		.uleb128 0x3b
 1744 0105 05       		.uleb128 0x5
 1745 0106 39       		.uleb128 0x39
 1746 0107 0B       		.uleb128 0xb
 1747 0108 49       		.uleb128 0x49
 1748 0109 13       		.uleb128 0x13
 1749 010a 00       		.byte	0
 1750 010b 00       		.byte	0
 1751 010c 14       		.uleb128 0x14
 1752 010d 34       		.uleb128 0x34
 1753 010e 00       		.byte	0
 1754 010f 03       		.uleb128 0x3
 1755 0110 08       		.uleb128 0x8
 1756 0111 3A       		.uleb128 0x3a
 1757 0112 0B       		.uleb128 0xb
 1758 0113 3B       		.uleb128 0x3b
 1759 0114 0B       		.uleb128 0xb
 1760 0115 39       		.uleb128 0x39
 1761 0116 0B       		.uleb128 0xb
 1762 0117 49       		.uleb128 0x49
 1763 0118 13       		.uleb128 0x13
 1764 0119 00       		.byte	0
 1765 011a 00       		.byte	0
 1766 011b 15       		.uleb128 0x15
 1767 011c 2E       		.uleb128 0x2e
ARM GAS  C:\Users\PUBLIC~1.LAP\AppData\Local\Temp\cc1mJNS6.s 			page 32


 1768 011d 01       		.byte	0x1
 1769 011e 3F       		.uleb128 0x3f
 1770 011f 19       		.uleb128 0x19
 1771 0120 03       		.uleb128 0x3
 1772 0121 0E       		.uleb128 0xe
 1773 0122 3A       		.uleb128 0x3a
 1774 0123 0B       		.uleb128 0xb
 1775 0124 3B       		.uleb128 0x3b
 1776 0125 0B       		.uleb128 0xb
 1777 0126 39       		.uleb128 0x39
 1778 0127 21       		.uleb128 0x21
 1779 0128 08       		.sleb128 8
 1780 0129 27       		.uleb128 0x27
 1781 012a 19       		.uleb128 0x19
 1782 012b 3C       		.uleb128 0x3c
 1783 012c 19       		.uleb128 0x19
 1784 012d 01       		.uleb128 0x1
 1785 012e 13       		.uleb128 0x13
 1786 012f 00       		.byte	0
 1787 0130 00       		.byte	0
 1788 0131 16       		.uleb128 0x16
 1789 0132 34       		.uleb128 0x34
 1790 0133 00       		.byte	0
 1791 0134 03       		.uleb128 0x3
 1792 0135 08       		.uleb128 0x8
 1793 0136 3A       		.uleb128 0x3a
 1794 0137 0B       		.uleb128 0xb
 1795 0138 3B       		.uleb128 0x3b
 1796 0139 05       		.uleb128 0x5
 1797 013a 39       		.uleb128 0x39
 1798 013b 0B       		.uleb128 0xb
 1799 013c 49       		.uleb128 0x49
 1800 013d 13       		.uleb128 0x13
 1801 013e 00       		.byte	0
 1802 013f 00       		.byte	0
 1803 0140 17       		.uleb128 0x17
 1804 0141 0D       		.uleb128 0xd
 1805 0142 00       		.byte	0
 1806 0143 03       		.uleb128 0x3
 1807 0144 08       		.uleb128 0x8
 1808 0145 3A       		.uleb128 0x3a
 1809 0146 0B       		.uleb128 0xb
 1810 0147 3B       		.uleb128 0x3b
 1811 0148 0B       		.uleb128 0xb
 1812 0149 39       		.uleb128 0x39
 1813 014a 0B       		.uleb128 0xb
 1814 014b 49       		.uleb128 0x49
 1815 014c 13       		.uleb128 0x13
 1816 014d 38       		.uleb128 0x38
 1817 014e 0B       		.uleb128 0xb
 1818 014f 00       		.byte	0
 1819 0150 00       		.byte	0
 1820 0151 18       		.uleb128 0x18
 1821 0152 2E       		.uleb128 0x2e
 1822 0153 00       		.byte	0
 1823 0154 03       		.uleb128 0x3
 1824 0155 0E       		.uleb128 0xe
ARM GAS  C:\Users\PUBLIC~1.LAP\AppData\Local\Temp\cc1mJNS6.s 			page 33


 1825 0156 3A       		.uleb128 0x3a
 1826 0157 0B       		.uleb128 0xb
 1827 0158 3B       		.uleb128 0x3b
 1828 0159 05       		.uleb128 0x5
 1829 015a 39       		.uleb128 0x39
 1830 015b 21       		.uleb128 0x21
 1831 015c 14       		.sleb128 20
 1832 015d 27       		.uleb128 0x27
 1833 015e 19       		.uleb128 0x19
 1834 015f 00       		.byte	0
 1835 0160 00       		.byte	0
 1836 0161 19       		.uleb128 0x19
 1837 0162 35       		.uleb128 0x35
 1838 0163 00       		.byte	0
 1839 0164 49       		.uleb128 0x49
 1840 0165 13       		.uleb128 0x13
 1841 0166 00       		.byte	0
 1842 0167 00       		.byte	0
 1843 0168 1A       		.uleb128 0x1a
 1844 0169 17       		.uleb128 0x17
 1845 016a 01       		.byte	0x1
 1846 016b 0B       		.uleb128 0xb
 1847 016c 0B       		.uleb128 0xb
 1848 016d 3A       		.uleb128 0x3a
 1849 016e 21       		.uleb128 0x21
 1850 016f 05       		.sleb128 5
 1851 0170 3B       		.uleb128 0x3b
 1852 0171 0B       		.uleb128 0xb
 1853 0172 39       		.uleb128 0x39
 1854 0173 21       		.uleb128 0x21
 1855 0174 03       		.sleb128 3
 1856 0175 01       		.uleb128 0x1
 1857 0176 13       		.uleb128 0x13
 1858 0177 00       		.byte	0
 1859 0178 00       		.byte	0
 1860 0179 1B       		.uleb128 0x1b
 1861 017a 16       		.uleb128 0x16
 1862 017b 00       		.byte	0
 1863 017c 03       		.uleb128 0x3
 1864 017d 0E       		.uleb128 0xe
 1865 017e 3A       		.uleb128 0x3a
 1866 017f 21       		.uleb128 0x21
 1867 0180 05       		.sleb128 5
 1868 0181 3B       		.uleb128 0x3b
 1869 0182 05       		.uleb128 0x5
 1870 0183 39       		.uleb128 0x39
 1871 0184 21       		.uleb128 0x21
 1872 0185 03       		.sleb128 3
 1873 0186 49       		.uleb128 0x49
 1874 0187 13       		.uleb128 0x13
 1875 0188 00       		.byte	0
 1876 0189 00       		.byte	0
 1877 018a 1C       		.uleb128 0x1c
 1878 018b 2E       		.uleb128 0x2e
 1879 018c 01       		.byte	0x1
 1880 018d 3F       		.uleb128 0x3f
 1881 018e 19       		.uleb128 0x19
ARM GAS  C:\Users\PUBLIC~1.LAP\AppData\Local\Temp\cc1mJNS6.s 			page 34


 1882 018f 03       		.uleb128 0x3
 1883 0190 0E       		.uleb128 0xe
 1884 0191 3A       		.uleb128 0x3a
 1885 0192 21       		.uleb128 0x21
 1886 0193 0F       		.sleb128 15
 1887 0194 3B       		.uleb128 0x3b
 1888 0195 0B       		.uleb128 0xb
 1889 0196 39       		.uleb128 0x39
 1890 0197 0B       		.uleb128 0xb
 1891 0198 27       		.uleb128 0x27
 1892 0199 19       		.uleb128 0x19
 1893 019a 49       		.uleb128 0x49
 1894 019b 13       		.uleb128 0x13
 1895 019c 3C       		.uleb128 0x3c
 1896 019d 19       		.uleb128 0x19
 1897 019e 01       		.uleb128 0x1
 1898 019f 13       		.uleb128 0x13
 1899 01a0 00       		.byte	0
 1900 01a1 00       		.byte	0
 1901 01a2 1D       		.uleb128 0x1d
 1902 01a3 2E       		.uleb128 0x2e
 1903 01a4 01       		.byte	0x1
 1904 01a5 3F       		.uleb128 0x3f
 1905 01a6 19       		.uleb128 0x19
 1906 01a7 03       		.uleb128 0x3
 1907 01a8 0E       		.uleb128 0xe
 1908 01a9 3A       		.uleb128 0x3a
 1909 01aa 21       		.uleb128 0x21
 1910 01ab 10       		.sleb128 16
 1911 01ac 3B       		.uleb128 0x3b
 1912 01ad 05       		.uleb128 0x5
 1913 01ae 39       		.uleb128 0x39
 1914 01af 21       		.uleb128 0x21
 1915 01b0 07       		.sleb128 7
 1916 01b1 27       		.uleb128 0x27
 1917 01b2 19       		.uleb128 0x19
 1918 01b3 49       		.uleb128 0x49
 1919 01b4 13       		.uleb128 0x13
 1920 01b5 01       		.uleb128 0x1
 1921 01b6 13       		.uleb128 0x13
 1922 01b7 00       		.byte	0
 1923 01b8 00       		.byte	0
 1924 01b9 1E       		.uleb128 0x1e
 1925 01ba 05       		.uleb128 0x5
 1926 01bb 00       		.byte	0
 1927 01bc 03       		.uleb128 0x3
 1928 01bd 0E       		.uleb128 0xe
 1929 01be 3A       		.uleb128 0x3a
 1930 01bf 21       		.uleb128 0x21
 1931 01c0 10       		.sleb128 16
 1932 01c1 3B       		.uleb128 0x3b
 1933 01c2 05       		.uleb128 0x5
 1934 01c3 39       		.uleb128 0x39
 1935 01c4 0B       		.uleb128 0xb
 1936 01c5 49       		.uleb128 0x49
 1937 01c6 13       		.uleb128 0x13
 1938 01c7 00       		.byte	0
ARM GAS  C:\Users\PUBLIC~1.LAP\AppData\Local\Temp\cc1mJNS6.s 			page 35


 1939 01c8 00       		.byte	0
 1940 01c9 1F       		.uleb128 0x1f
 1941 01ca 2E       		.uleb128 0x2e
 1942 01cb 01       		.byte	0x1
 1943 01cc 3F       		.uleb128 0x3f
 1944 01cd 19       		.uleb128 0x19
 1945 01ce 03       		.uleb128 0x3
 1946 01cf 0E       		.uleb128 0xe
 1947 01d0 3A       		.uleb128 0x3a
 1948 01d1 21       		.uleb128 0x21
 1949 01d2 10       		.sleb128 16
 1950 01d3 3B       		.uleb128 0x3b
 1951 01d4 0B       		.uleb128 0xb
 1952 01d5 39       		.uleb128 0x39
 1953 01d6 21       		.uleb128 0x21
 1954 01d7 07       		.sleb128 7
 1955 01d8 27       		.uleb128 0x27
 1956 01d9 19       		.uleb128 0x19
 1957 01da 49       		.uleb128 0x49
 1958 01db 13       		.uleb128 0x13
 1959 01dc 01       		.uleb128 0x1
 1960 01dd 13       		.uleb128 0x13
 1961 01de 00       		.byte	0
 1962 01df 00       		.byte	0
 1963 01e0 20       		.uleb128 0x20
 1964 01e1 2E       		.uleb128 0x2e
 1965 01e2 00       		.byte	0
 1966 01e3 03       		.uleb128 0x3
 1967 01e4 0E       		.uleb128 0xe
 1968 01e5 3A       		.uleb128 0x3a
 1969 01e6 21       		.uleb128 0x21
 1970 01e7 13       		.sleb128 19
 1971 01e8 3B       		.uleb128 0x3b
 1972 01e9 0B       		.uleb128 0xb
 1973 01ea 39       		.uleb128 0x39
 1974 01eb 21       		.uleb128 0x21
 1975 01ec 1B       		.sleb128 27
 1976 01ed 27       		.uleb128 0x27
 1977 01ee 19       		.uleb128 0x19
 1978 01ef 00       		.byte	0
 1979 01f0 00       		.byte	0
 1980 01f1 21       		.uleb128 0x21
 1981 01f2 2E       		.uleb128 0x2e
 1982 01f3 01       		.byte	0x1
 1983 01f4 03       		.uleb128 0x3
 1984 01f5 0E       		.uleb128 0xe
 1985 01f6 3A       		.uleb128 0x3a
 1986 01f7 21       		.uleb128 0x21
 1987 01f8 09       		.sleb128 9
 1988 01f9 3B       		.uleb128 0x3b
 1989 01fa 05       		.uleb128 0x5
 1990 01fb 39       		.uleb128 0x39
 1991 01fc 0B       		.uleb128 0xb
 1992 01fd 27       		.uleb128 0x27
 1993 01fe 19       		.uleb128 0x19
 1994 01ff 49       		.uleb128 0x49
 1995 0200 13       		.uleb128 0x13
ARM GAS  C:\Users\PUBLIC~1.LAP\AppData\Local\Temp\cc1mJNS6.s 			page 36


 1996 0201 01       		.uleb128 0x1
 1997 0202 13       		.uleb128 0x13
 1998 0203 00       		.byte	0
 1999 0204 00       		.byte	0
 2000 0205 22       		.uleb128 0x22
 2001 0206 11       		.uleb128 0x11
 2002 0207 01       		.byte	0x1
 2003 0208 25       		.uleb128 0x25
 2004 0209 0E       		.uleb128 0xe
 2005 020a 13       		.uleb128 0x13
 2006 020b 0B       		.uleb128 0xb
 2007 020c 03       		.uleb128 0x3
 2008 020d 0E       		.uleb128 0xe
 2009 020e 1B       		.uleb128 0x1b
 2010 020f 0E       		.uleb128 0xe
 2011 0210 10       		.uleb128 0x10
 2012 0211 17       		.uleb128 0x17
 2013 0212 00       		.byte	0
 2014 0213 00       		.byte	0
 2015 0214 23       		.uleb128 0x23
 2016 0215 24       		.uleb128 0x24
 2017 0216 00       		.byte	0
 2018 0217 0B       		.uleb128 0xb
 2019 0218 0B       		.uleb128 0xb
 2020 0219 3E       		.uleb128 0x3e
 2021 021a 0B       		.uleb128 0xb
 2022 021b 03       		.uleb128 0x3
 2023 021c 08       		.uleb128 0x8
 2024 021d 00       		.byte	0
 2025 021e 00       		.byte	0
 2026 021f 24       		.uleb128 0x24
 2027 0220 0F       		.uleb128 0xf
 2028 0221 00       		.byte	0
 2029 0222 0B       		.uleb128 0xb
 2030 0223 0B       		.uleb128 0xb
 2031 0224 00       		.byte	0
 2032 0225 00       		.byte	0
 2033 0226 25       		.uleb128 0x25
 2034 0227 34       		.uleb128 0x34
 2035 0228 00       		.byte	0
 2036 0229 03       		.uleb128 0x3
 2037 022a 08       		.uleb128 0x8
 2038 022b 3A       		.uleb128 0x3a
 2039 022c 0B       		.uleb128 0xb
 2040 022d 3B       		.uleb128 0x3b
 2041 022e 05       		.uleb128 0x5
 2042 022f 39       		.uleb128 0x39
 2043 0230 0B       		.uleb128 0xb
 2044 0231 49       		.uleb128 0x49
 2045 0232 13       		.uleb128 0x13
 2046 0233 3F       		.uleb128 0x3f
 2047 0234 19       		.uleb128 0x19
 2048 0235 3C       		.uleb128 0x3c
 2049 0236 19       		.uleb128 0x19
 2050 0237 00       		.byte	0
 2051 0238 00       		.byte	0
 2052 0239 26       		.uleb128 0x26
ARM GAS  C:\Users\PUBLIC~1.LAP\AppData\Local\Temp\cc1mJNS6.s 			page 37


 2053 023a 2E       		.uleb128 0x2e
 2054 023b 00       		.byte	0
 2055 023c 3F       		.uleb128 0x3f
 2056 023d 19       		.uleb128 0x19
 2057 023e 03       		.uleb128 0x3
 2058 023f 0E       		.uleb128 0xe
 2059 0240 3A       		.uleb128 0x3a
 2060 0241 0B       		.uleb128 0xb
 2061 0242 3B       		.uleb128 0x3b
 2062 0243 0B       		.uleb128 0xb
 2063 0244 39       		.uleb128 0x39
 2064 0245 0B       		.uleb128 0xb
 2065 0246 27       		.uleb128 0x27
 2066 0247 19       		.uleb128 0x19
 2067 0248 3C       		.uleb128 0x3c
 2068 0249 19       		.uleb128 0x19
 2069 024a 00       		.byte	0
 2070 024b 00       		.byte	0
 2071 024c 27       		.uleb128 0x27
 2072 024d 34       		.uleb128 0x34
 2073 024e 00       		.byte	0
 2074 024f 03       		.uleb128 0x3
 2075 0250 0E       		.uleb128 0xe
 2076 0251 3A       		.uleb128 0x3a
 2077 0252 0B       		.uleb128 0xb
 2078 0253 3B       		.uleb128 0x3b
 2079 0254 05       		.uleb128 0x5
 2080 0255 39       		.uleb128 0x39
 2081 0256 0B       		.uleb128 0xb
 2082 0257 49       		.uleb128 0x49
 2083 0258 13       		.uleb128 0x13
 2084 0259 00       		.byte	0
 2085 025a 00       		.byte	0
 2086 025b 28       		.uleb128 0x28
 2087 025c 34       		.uleb128 0x34
 2088 025d 00       		.byte	0
 2089 025e 03       		.uleb128 0x3
 2090 025f 0E       		.uleb128 0xe
 2091 0260 3A       		.uleb128 0x3a
 2092 0261 0B       		.uleb128 0xb
 2093 0262 3B       		.uleb128 0x3b
 2094 0263 0B       		.uleb128 0xb
 2095 0264 39       		.uleb128 0x39
 2096 0265 0B       		.uleb128 0xb
 2097 0266 49       		.uleb128 0x49
 2098 0267 13       		.uleb128 0x13
 2099 0268 00       		.byte	0
 2100 0269 00       		.byte	0
 2101 026a 29       		.uleb128 0x29
 2102 026b 0B       		.uleb128 0xb
 2103 026c 01       		.byte	0x1
 2104 026d 00       		.byte	0
 2105 026e 00       		.byte	0
 2106 026f 2A       		.uleb128 0x2a
 2107 0270 2E       		.uleb128 0x2e
 2108 0271 00       		.byte	0
 2109 0272 03       		.uleb128 0x3
ARM GAS  C:\Users\PUBLIC~1.LAP\AppData\Local\Temp\cc1mJNS6.s 			page 38


 2110 0273 0E       		.uleb128 0xe
 2111 0274 3A       		.uleb128 0x3a
 2112 0275 0B       		.uleb128 0xb
 2113 0276 3B       		.uleb128 0x3b
 2114 0277 0B       		.uleb128 0xb
 2115 0278 39       		.uleb128 0x39
 2116 0279 0B       		.uleb128 0xb
 2117 027a 27       		.uleb128 0x27
 2118 027b 19       		.uleb128 0x19
 2119 027c 49       		.uleb128 0x49
 2120 027d 13       		.uleb128 0x13
 2121 027e 00       		.byte	0
 2122 027f 00       		.byte	0
 2123 0280 2B       		.uleb128 0x2b
 2124 0281 2E       		.uleb128 0x2e
 2125 0282 00       		.byte	0
 2126 0283 03       		.uleb128 0x3
 2127 0284 0E       		.uleb128 0xe
 2128 0285 3A       		.uleb128 0x3a
 2129 0286 0B       		.uleb128 0xb
 2130 0287 3B       		.uleb128 0x3b
 2131 0288 05       		.uleb128 0x5
 2132 0289 39       		.uleb128 0x39
 2133 028a 0B       		.uleb128 0xb
 2134 028b 27       		.uleb128 0x27
 2135 028c 19       		.uleb128 0x19
 2136 028d 49       		.uleb128 0x49
 2137 028e 13       		.uleb128 0x13
 2138 028f 00       		.byte	0
 2139 0290 00       		.byte	0
 2140 0291 2C       		.uleb128 0x2c
 2141 0292 2E       		.uleb128 0x2e
 2142 0293 01       		.byte	0x1
 2143 0294 03       		.uleb128 0x3
 2144 0295 0E       		.uleb128 0xe
 2145 0296 3A       		.uleb128 0x3a
 2146 0297 0B       		.uleb128 0xb
 2147 0298 3B       		.uleb128 0x3b
 2148 0299 0B       		.uleb128 0xb
 2149 029a 39       		.uleb128 0x39
 2150 029b 0B       		.uleb128 0xb
 2151 029c 27       		.uleb128 0x27
 2152 029d 19       		.uleb128 0x19
 2153 029e 01       		.uleb128 0x1
 2154 029f 13       		.uleb128 0x13
 2155 02a0 00       		.byte	0
 2156 02a1 00       		.byte	0
 2157 02a2 2D       		.uleb128 0x2d
 2158 02a3 2E       		.uleb128 0x2e
 2159 02a4 01       		.byte	0x1
 2160 02a5 03       		.uleb128 0x3
 2161 02a6 0E       		.uleb128 0xe
 2162 02a7 3A       		.uleb128 0x3a
 2163 02a8 0B       		.uleb128 0xb
 2164 02a9 3B       		.uleb128 0x3b
 2165 02aa 05       		.uleb128 0x5
 2166 02ab 39       		.uleb128 0x39
ARM GAS  C:\Users\PUBLIC~1.LAP\AppData\Local\Temp\cc1mJNS6.s 			page 39


 2167 02ac 0B       		.uleb128 0xb
 2168 02ad 27       		.uleb128 0x27
 2169 02ae 19       		.uleb128 0x19
 2170 02af 01       		.uleb128 0x1
 2171 02b0 13       		.uleb128 0x13
 2172 02b1 00       		.byte	0
 2173 02b2 00       		.byte	0
 2174 02b3 2E       		.uleb128 0x2e
 2175 02b4 2E       		.uleb128 0x2e
 2176 02b5 01       		.byte	0x1
 2177 02b6 03       		.uleb128 0x3
 2178 02b7 0E       		.uleb128 0xe
 2179 02b8 3A       		.uleb128 0x3a
 2180 02b9 0B       		.uleb128 0xb
 2181 02ba 3B       		.uleb128 0x3b
 2182 02bb 05       		.uleb128 0x5
 2183 02bc 39       		.uleb128 0x39
 2184 02bd 0B       		.uleb128 0xb
 2185 02be 27       		.uleb128 0x27
 2186 02bf 19       		.uleb128 0x19
 2187 02c0 00       		.byte	0
 2188 02c1 00       		.byte	0
 2189 02c2 00       		.byte	0
 2190              		.section	.gnu.debuglto_.debug_line,"e",%progbits
 2191              	.Ldebug_line0:
 2192 0000 AC000000 		.4byte	.LELT0-.LSLT0
 2193              	.LSLT0:
 2194 0004 0500     		.2byte	0x5
 2195 0006 04       		.byte	0x4
 2196 0007 00       		.byte	0
 2197 0008 A4000000 		.4byte	.LELTP0-.LASLTP0
 2198              	.LASLTP0:
 2199 000c 01       		.byte	0x1
 2200 000d 01       		.byte	0x1
 2201 000e 01       		.byte	0x1
 2202 000f F6       		.byte	0xf6
 2203 0010 F2       		.byte	0xf2
 2204 0011 0D       		.byte	0xd
 2205 0012 00       		.byte	0
 2206 0013 01       		.byte	0x1
 2207 0014 01       		.byte	0x1
 2208 0015 01       		.byte	0x1
 2209 0016 01       		.byte	0x1
 2210 0017 00       		.byte	0
 2211 0018 00       		.byte	0
 2212 0019 00       		.byte	0
 2213 001a 01       		.byte	0x1
 2214 001b 00       		.byte	0
 2215 001c 00       		.byte	0
 2216 001d 01       		.byte	0x1
 2217 001e 01       		.byte	0x1
 2218 001f 01       		.uleb128 0x1
 2219 0020 1F       		.uleb128 0x1f
 2220 0021 09       		.uleb128 0x9
 2221 0022 0A020000 		.4byte	.LASF150
 2222 0026 87020000 		.4byte	.LASF151
 2223 002a 41000000 		.4byte	.LASF152
ARM GAS  C:\Users\PUBLIC~1.LAP\AppData\Local\Temp\cc1mJNS6.s 			page 40


 2224 002e 97000000 		.4byte	.LASF153
 2225 0032 30010000 		.4byte	.LASF154
 2226 0036 CF000000 		.4byte	.LASF155
 2227 003a 56020000 		.4byte	.LASF156
 2228 003e BA010000 		.4byte	.LASF157
 2229 0042 02010000 		.4byte	.LASF158
 2230 0046 02       		.byte	0x2
 2231 0047 01       		.uleb128 0x1
 2232 0048 1F       		.uleb128 0x1f
 2233 0049 02       		.uleb128 0x2
 2234 004a 0B       		.uleb128 0xb
 2235 004b 14       		.uleb128 0x14
 2236 004c 11000000 		.4byte	.LASF159
 2237 0050 00       		.byte	0
 2238 0051 00000000 		.4byte	.LASF160
 2239 0055 07       		.byte	0x7
 2240 0056 9E010000 		.4byte	.LASF161
 2241 005a 08       		.byte	0x8
 2242 005b 94010000 		.4byte	.LASF162
 2243 005f 03       		.byte	0x3
 2244 0060 4C020000 		.4byte	.LASF163
 2245 0064 05       		.byte	0x5
 2246 0065 EC010000 		.4byte	.LASF164
 2247 0069 05       		.byte	0x5
 2248 006a F8010000 		.4byte	.LASF165
 2249 006e 05       		.byte	0x5
 2250 006f 7D020000 		.4byte	.LASF166
 2251 0073 05       		.byte	0x5
 2252 0074 82010000 		.4byte	.LASF167
 2253 0078 05       		.byte	0x5
 2254 0079 B0010000 		.4byte	.LASF168
 2255 007d 05       		.byte	0x5
 2256 007e 83000000 		.4byte	.LASF169
 2257 0082 01       		.byte	0x1
 2258 0083 8E000000 		.4byte	.LASF170
 2259 0087 04       		.byte	0x4
 2260 0088 FA000000 		.4byte	.LASF171
 2261 008c 05       		.byte	0x5
 2262 008d 7A010000 		.4byte	.LASF172
 2263 0091 05       		.byte	0x5
 2264 0092 8B010000 		.4byte	.LASF173
 2265 0096 05       		.byte	0x5
 2266 0097 01020000 		.4byte	.LASF174
 2267 009b 05       		.byte	0x5
 2268 009c 71010000 		.4byte	.LASF175
 2269 00a0 06       		.byte	0x6
 2270 00a1 65010000 		.4byte	.LASF176
 2271 00a5 05       		.byte	0x5
 2272 00a6 A8010000 		.4byte	.LASF177
 2273 00aa 05       		.byte	0x5
 2274 00ab 40020000 		.4byte	.LASF178
 2275 00af 02       		.byte	0x2
 2276              	.LELTP0:
 2277              	.LELT0:
 2278              		.section	.gnu.debuglto_.debug_str,"eMS",%progbits,1
 2279              	.LASF105:
 2280 0000 72656164 		.ascii	"ready_list_t\000"
ARM GAS  C:\Users\PUBLIC~1.LAP\AppData\Local\Temp\cc1mJNS6.s 			page 41


 2280      795F6C69 
 2280      73745F74 
 2280      00
 2281              	.LASF51:
 2282 000d 72666375 		.ascii	"rfcu\000"
 2282      00
 2283              	.LASF96:
 2284 0012 77747472 		.ascii	"wttrp\000"
 2284      7000
 2285              	.LASF74:
 2286 0018 64656C74 		.ascii	"delta\000"
 2286      6100
 2287              	.LASF93:
 2288 001e 7264796D 		.ascii	"rdymsg\000"
 2288      736700
 2289              	.LASF18:
 2290 0025 75696E74 		.ascii	"uint64_t\000"
 2290      36345F74 
 2290      00
 2291              	.LASF7:
 2292 002e 5F5F7569 		.ascii	"__uint8_t\000"
 2292      6E74385F 
 2292      7400
 2293              	.LASF68:
 2294 0038 70726576 		.ascii	"prev\000"
 2294      00
 2295              	.LASF81:
 2296 003d 706F7274 		.ascii	"port_intctx\000"
 2296      5F696E74 
 2296      63747800 
 2297              	.LASF60:
 2298 0049 73797374 		.ascii	"system_debug_t\000"
 2298      656D5F64 
 2298      65627567 
 2298      5F7400
 2299              	.LASF50:
 2300 0058 636F7265 		.ascii	"core_id\000"
 2300      5F696400 
 2301              	.LASF69:
 2302 0060 63685F70 		.ascii	"ch_priority_queue_t\000"
 2302      72696F72 
 2302      6974795F 
 2302      71756575 
 2302      655F7400 
 2303              	.LASF129:
 2304 0074 6368436F 		.ascii	"chCondBroadcast\000"
 2304      6E644272 
 2304      6F616463 
 2304      61737400 
 2305              	.LASF128:
 2306 0084 6368436F 		.ascii	"chCondBroadcastI\000"
 2306      6E644272 
 2306      6F616463 
 2306      61737449 
 2306      00
 2307              	.LASF13:
 2308 0095 6C6F6E67 		.ascii	"long long unsigned int\000"
ARM GAS  C:\Users\PUBLIC~1.LAP\AppData\Local\Temp\cc1mJNS6.s 			page 42


 2308      206C6F6E 
 2308      6720756E 
 2308      7369676E 
 2308      65642069 
 2309              	.LASF94:
 2310 00ac 65786974 		.ascii	"exitcode\000"
 2310      636F6465 
 2310      00
 2311              	.LASF53:
 2312 00b5 6D61696E 		.ascii	"mainthread\000"
 2312      74687265 
 2312      616400
 2313              	.LASF97:
 2314 00c0 73656E74 		.ascii	"sentmsg\000"
 2314      6D736700 
 2315              	.LASF86:
 2316 00c8 76697274 		.ascii	"virtual_timers_list_t\000"
 2316      75616C5F 
 2316      74696D65 
 2316      72735F6C 
 2316      6973745F 
 2317              	.LASF65:
 2318 00de 6E657874 		.ascii	"next\000"
 2318      00
 2319              	.LASF37:
 2320 00e3 72656673 		.ascii	"refs\000"
 2320      00
 2321              	.LASF23:
 2322 00e8 74726566 		.ascii	"trefs_t\000"
 2322      735F7400 
 2323              	.LASF1:
 2324 00f0 6C6F6E67 		.ascii	"long long int\000"
 2324      206C6F6E 
 2324      6720696E 
 2324      7400
 2325              	.LASF3:
 2326 00fe 7369676E 		.ascii	"signed char\000"
 2326      65642063 
 2326      68617200 
 2327              	.LASF114:
 2328 010a 636F6E64 		.ascii	"condition_variable_t\000"
 2328      6974696F 
 2328      6E5F7661 
 2328      72696162 
 2328      6C655F74 
 2329              	.LASF73:
 2330 011f 63685F64 		.ascii	"ch_delta_list\000"
 2330      656C7461 
 2330      5F6C6973 
 2330      7400
 2331              	.LASF48:
 2332 012d 76746C69 		.ascii	"vtlist\000"
 2332      737400
 2333              	.LASF139:
 2334 0134 706F7274 		.ascii	"port_unlock\000"
 2334      5F756E6C 
 2334      6F636B00 
ARM GAS  C:\Users\PUBLIC~1.LAP\AppData\Local\Temp\cc1mJNS6.s 			page 43


 2335              	.LASF39:
 2336 0140 6D736771 		.ascii	"msgqueue\000"
 2336      75657565 
 2336      00
 2337              	.LASF35:
 2338 0149 73746174 		.ascii	"state\000"
 2338      6500
 2339              	.LASF9:
 2340 014f 6C6F6E67 		.ascii	"long int\000"
 2340      20696E74 
 2340      00
 2341              	.LASF22:
 2342 0158 74737461 		.ascii	"tstate_t\000"
 2342      74655F74 
 2342      00
 2343              	.LASF55:
 2344 0161 63685F72 		.ascii	"ch_rfcu\000"
 2344      66637500 
 2345              	.LASF147:
 2346 0169 443A5C30 		.ascii	"D:\\00a_liuhy\\temp126\\ChibiOS-Contrib\\demos\\ES3"
 2346      30615F6C 
 2346      69756879 
 2346      5C74656D 
 2346      70313236 
 2347 0197 325C4653 		.ascii	"2\\FS026\000"
 2347      30323600 
 2348              	.LASF67:
 2349 019f 63685F71 		.ascii	"ch_queue\000"
 2349      75657565 
 2349      00
 2350              	.LASF115:
 2351 01a8 63684D74 		.ascii	"chMtxLockS\000"
 2351      784C6F63 
 2351      6B5300
 2352              	.LASF88:
 2353 01b3 71756575 		.ascii	"queue\000"
 2353      6500
 2354              	.LASF143:
 2355 01b9 63685F71 		.ascii	"ch_queue_fifo_remove\000"
 2355      75657565 
 2355      5F666966 
 2355      6F5F7265 
 2355      6D6F7665 
 2356              	.LASF72:
 2357 01ce 63685F64 		.ascii	"ch_delta_list_t\000"
 2357      656C7461 
 2357      5F6C6973 
 2357      745F7400 
 2358              	.LASF87:
 2359 01de 63685F72 		.ascii	"ch_registry\000"
 2359      65676973 
 2359      74727900 
 2360              	.LASF148:
 2361 01ea 63685363 		.ascii	"chSchRescheduleS\000"
 2361      68526573 
 2361      63686564 
 2361      756C6553 
ARM GAS  C:\Users\PUBLIC~1.LAP\AppData\Local\Temp\cc1mJNS6.s 			page 44


 2361      00
 2362              	.LASF10:
 2363 01fb 5F5F7569 		.ascii	"__uint32_t\000"
 2363      6E743332 
 2363      5F7400
 2364              	.LASF34:
 2365 0206 7761656E 		.ascii	"waend\000"
 2365      6400
 2366              	.LASF58:
 2367 020c 63685F73 		.ascii	"ch_system_debug\000"
 2367      79737465 
 2367      6D5F6465 
 2367      62756700 
 2368              	.LASF38:
 2369 021c 77616974 		.ascii	"waiting\000"
 2369      696E6700 
 2370              	.LASF107:
 2371 0224 6D61696E 		.ascii	"mainthread_base\000"
 2371      74687265 
 2371      61645F62 
 2371      61736500 
 2372              	.LASF112:
 2373 0234 6D757465 		.ascii	"mutex_t\000"
 2373      785F7400 
 2374              	.LASF131:
 2375 023c 6368436F 		.ascii	"chCondSignal\000"
 2375      6E645369 
 2375      676E616C 
 2375      00
 2376              	.LASF62:
 2377 0249 73797369 		.ascii	"sysinterval_t\000"
 2377      6E746572 
 2377      76616C5F 
 2377      7400
 2378              	.LASF27:
 2379 0257 636E745F 		.ascii	"cnt_t\000"
 2379      7400
 2380              	.LASF117:
 2381 025d 63684D74 		.ascii	"chMtxUnlockS\000"
 2381      78556E6C 
 2381      6F636B53 
 2381      00
 2382              	.LASF0:
 2383 026a 756E7369 		.ascii	"unsigned int\000"
 2383      676E6564 
 2383      20696E74 
 2383      00
 2384              	.LASF98:
 2385 0277 77747365 		.ascii	"wtsemp\000"
 2385      6D7000
 2386              	.LASF11:
 2387 027e 6C6F6E67 		.ascii	"long unsigned int\000"
 2387      20756E73 
 2387      69676E65 
 2387      6420696E 
 2387      7400
 2388              	.LASF30:
ARM GAS  C:\Users\PUBLIC~1.LAP\AppData\Local\Temp\cc1mJNS6.s 			page 45


 2389 0290 72717565 		.ascii	"rqueue\000"
 2389      756500
 2390              	.LASF66:
 2391 0297 63685F71 		.ascii	"ch_queue_t\000"
 2391      75657565 
 2391      5F7400
 2392              	.LASF19:
 2393 02a2 706F7274 		.ascii	"port_stkalign_t\000"
 2393      5F73746B 
 2393      616C6967 
 2393      6E5F7400 
 2394              	.LASF122:
 2395 02b2 74696D65 		.ascii	"timeout\000"
 2395      6F757400 
 2396              	.LASF32:
 2397 02ba 6E616D65 		.ascii	"name\000"
 2397      00
 2398              	.LASF43:
 2399 02bf 6D706F6F 		.ascii	"mpool\000"
 2399      6C00
 2400              	.LASF6:
 2401 02c5 73686F72 		.ascii	"short unsigned int\000"
 2401      7420756E 
 2401      7369676E 
 2401      65642069 
 2401      6E7400
 2402              	.LASF45:
 2403 02d8 63685F74 		.ascii	"ch_thread\000"
 2403      68726561 
 2403      6400
 2404              	.LASF123:
 2405 02e2 63757272 		.ascii	"currtp\000"
 2405      747000
 2406              	.LASF25:
 2407 02e9 6D73675F 		.ascii	"msg_t\000"
 2407      7400
 2408              	.LASF132:
 2409 02ef 6368436F 		.ascii	"chCondObjectDispose\000"
 2409      6E644F62 
 2409      6A656374 
 2409      44697370 
 2409      6F736500 
 2410              	.LASF40:
 2411 0303 6570656E 		.ascii	"epending\000"
 2411      64696E67 
 2411      00
 2412              	.LASF21:
 2413 030c 746D6F64 		.ascii	"tmode_t\000"
 2413      655F7400 
 2414              	.LASF85:
 2415 0314 73797374 		.ascii	"systime\000"
 2415      696D6500 
 2416              	.LASF64:
 2417 031c 63685F6C 		.ascii	"ch_list\000"
 2417      69737400 
 2418              	.LASF103:
 2419 0324 63685F72 		.ascii	"ch_ready_list\000"
ARM GAS  C:\Users\PUBLIC~1.LAP\AppData\Local\Temp\cc1mJNS6.s 			page 46


 2419      65616479 
 2419      5F6C6973 
 2419      7400
 2420              	.LASF26:
 2421 0332 6576656E 		.ascii	"eventmask_t\000"
 2421      746D6173 
 2421      6B5F7400 
 2422              	.LASF78:
 2423 033e 53484946 		.ascii	"SHIFT_TAB_ICxx\000"
 2423      545F5441 
 2423      425F4943 
 2423      787800
 2424              	.LASF20:
 2425 034d 73746B61 		.ascii	"stkalign_t\000"
 2425      6C69676E 
 2425      5F7400
 2426              	.LASF109:
 2427 0358 69646C65 		.ascii	"idlethread_base\000"
 2427      74687265 
 2427      61645F62 
 2427      61736500 
 2428              	.LASF42:
 2429 0368 7265616C 		.ascii	"realprio\000"
 2429      7072696F 
 2429      00
 2430              	.LASF54:
 2431 0371 72666375 		.ascii	"rfcu_mask_t\000"
 2431      5F6D6173 
 2431      6B5F7400 
 2432              	.LASF90:
 2433 037d 74687265 		.ascii	"thread_reference_t\000"
 2433      61645F72 
 2433      65666572 
 2433      656E6365 
 2433      5F7400
 2434              	.LASF83:
 2435 0390 63685F76 		.ascii	"ch_virtual_timers_list\000"
 2435      69727475 
 2435      616C5F74 
 2435      696D6572 
 2435      735F6C69 
 2436              	.LASF113:
 2437 03a7 636F6E64 		.ascii	"condition_variable\000"
 2437      6974696F 
 2437      6E5F7661 
 2437      72696162 
 2437      6C6500
 2438              	.LASF121:
 2439 03ba 6368436F 		.ascii	"chCondWaitTimeoutS\000"
 2439      6E645761 
 2439      69745469 
 2439      6D656F75 
 2439      745300
 2440              	.LASF63:
 2441 03cd 63685F6C 		.ascii	"ch_list_t\000"
 2441      6973745F 
 2441      7400
ARM GAS  C:\Users\PUBLIC~1.LAP\AppData\Local\Temp\cc1mJNS6.s 			page 47


 2442              	.LASF106:
 2443 03d7 63685F6F 		.ascii	"ch_os_instance_config\000"
 2443      735F696E 
 2443      7374616E 
 2443      63655F63 
 2443      6F6E6669 
 2444              	.LASF82:
 2445 03ed 706F7274 		.ascii	"port_context\000"
 2445      5F636F6E 
 2445      74657874 
 2445      00
 2446              	.LASF71:
 2447 03fa 7072696F 		.ascii	"prio\000"
 2447      00
 2448              	.LASF142:
 2449 03ff 5F5F656E 		.ascii	"__enable_irq\000"
 2449      61626C65 
 2449      5F697271 
 2449      00
 2450              	.LASF104:
 2451 040c 63757272 		.ascii	"current\000"
 2451      656E7400 
 2452              	.LASF144:
 2453 0414 63685F71 		.ascii	"ch_queue_notempty\000"
 2453      75657565 
 2453      5F6E6F74 
 2453      656D7074 
 2453      7900
 2454              	.LASF12:
 2455 0426 5F5F7569 		.ascii	"__uint64_t\000"
 2455      6E743634 
 2455      5F7400
 2456              	.LASF79:
 2457 0431 53484946 		.ascii	"SHIFT_TAB_CCxP\000"
 2457      545F5441 
 2457      425F4343 
 2457      785000
 2458              	.LASF28:
 2459 0440 636F7265 		.ascii	"core_id_t\000"
 2459      5F69645F 
 2459      7400
 2460              	.LASF141:
 2461 044a 5F5F6469 		.ascii	"__disable_irq\000"
 2461      7361626C 
 2461      655F6972 
 2461      7100
 2462              	.LASF24:
 2463 0458 74707269 		.ascii	"tprio_t\000"
 2463      6F5F7400 
 2464              	.LASF76:
 2465 0460 4F464653 		.ascii	"OFFSET_TAB_CHMRx\000"
 2465      45545F54 
 2465      41425F43 
 2465      484D5278 
 2465      00
 2466              	.LASF130:
 2467 0471 6368436F 		.ascii	"chCondSignalI\000"
ARM GAS  C:\Users\PUBLIC~1.LAP\AppData\Local\Temp\cc1mJNS6.s 			page 48


 2467      6E645369 
 2467      676E616C 
 2467      4900
 2468              	.LASF75:
 2469 047f 5F426F6F 		.ascii	"_Bool\000"
 2469      6C00
 2470              	.LASF16:
 2471 0485 696E7433 		.ascii	"int32_t\000"
 2471      325F7400 
 2472              	.LASF4:
 2473 048d 756E7369 		.ascii	"unsigned char\000"
 2473      676E6564 
 2473      20636861 
 2473      7200
 2474              	.LASF57:
 2475 049b 72666375 		.ascii	"rfcu_t\000"
 2475      5F7400
 2476              	.LASF5:
 2477 04a2 73686F72 		.ascii	"short int\000"
 2477      7420696E 
 2477      7400
 2478              	.LASF100:
 2479 04ac 65776D61 		.ascii	"ewmask\000"
 2479      736B00
 2480              	.LASF126:
 2481 04b3 5F5F6675 		.ascii	"__func__\000"
 2481      6E635F5F 
 2481      00
 2482              	.LASF138:
 2483 04bc 63685379 		.ascii	"chSysLock\000"
 2483      734C6F63 
 2483      6B00
 2484              	.LASF101:
 2485 04c6 63685F73 		.ascii	"ch_semaphore\000"
 2485      656D6170 
 2485      686F7265 
 2485      00
 2486              	.LASF116:
 2487 04d3 63685363 		.ascii	"chSchGoSleepS\000"
 2487      68476F53 
 2487      6C656570 
 2487      5300
 2488              	.LASF89:
 2489 04e1 72656769 		.ascii	"registry_t\000"
 2489      73747279 
 2489      5F7400
 2490              	.LASF17:
 2491 04ec 75696E74 		.ascii	"uint32_t\000"
 2491      33325F74 
 2491      00
 2492              	.LASF99:
 2493 04f5 77746D74 		.ascii	"wtmtxp\000"
 2493      787000
 2494              	.LASF119:
 2495 04fc 63685363 		.ascii	"chSchReadyI\000"
 2495      68526561 
 2495      64794900 
ARM GAS  C:\Users\PUBLIC~1.LAP\AppData\Local\Temp\cc1mJNS6.s 			page 49


 2496              	.LASF31:
 2497 0508 6F776E65 		.ascii	"owner\000"
 2497      7200
 2498              	.LASF134:
 2499 050e 63684D74 		.ascii	"chMtxGetNextMutexX\000"
 2499      78476574 
 2499      4E657874 
 2499      4D757465 
 2499      785800
 2500              	.LASF2:
 2501 0521 6C6F6E67 		.ascii	"long double\000"
 2501      20646F75 
 2501      626C6500 
 2502              	.LASF33:
 2503 052d 77616261 		.ascii	"wabase\000"
 2503      736500
 2504              	.LASF14:
 2505 0534 63686172 		.ascii	"char\000"
 2505      00
 2506              	.LASF52:
 2507 0539 636F6E66 		.ascii	"config\000"
 2507      696700
 2508              	.LASF125:
 2509 0540 6368436F 		.ascii	"chCondWaitS\000"
 2509      6E645761 
 2509      69745300 
 2510              	.LASF145:
 2511 054c 474E5520 		.ascii	"GNU C17 12.2.0 -mcpu=cortex-m0 -mthumb -mfloat-abi="
 2511      43313720 
 2511      31322E32 
 2511      2E30202D 
 2511      6D637075 
 2512 057f 736F6674 		.ascii	"soft -march=armv6s-m -ggdb -Os -fomit-frame-pointer"
 2512      202D6D61 
 2512      7263683D 
 2512      61726D76 
 2512      36732D6D 
 2513 05b2 202D6661 		.ascii	" -falign-functions=16 -ffunction-sections -fdata-se"
 2513      6C69676E 
 2513      2D66756E 
 2513      6374696F 
 2513      6E733D31 
 2514 05e5 6374696F 		.ascii	"ctions -fno-common -flto\000"
 2514      6E73202D 
 2514      666E6F2D 
 2514      636F6D6D 
 2514      6F6E202D 
 2515              	.LASF133:
 2516 05fe 6368436F 		.ascii	"chCondObjectInit\000"
 2516      6E644F62 
 2516      6A656374 
 2516      496E6974 
 2516      00
 2517              	.LASF84:
 2518 060f 646C6973 		.ascii	"dlist\000"
 2518      7400
 2519              	.LASF61:
ARM GAS  C:\Users\PUBLIC~1.LAP\AppData\Local\Temp\cc1mJNS6.s 			page 50


 2520 0615 73797374 		.ascii	"systime_t\000"
 2520      696D655F 
 2520      7400
 2521              	.LASF8:
 2522 061f 5F5F696E 		.ascii	"__int32_t\000"
 2522      7433325F 
 2522      7400
 2523              	.LASF77:
 2524 0629 53484946 		.ascii	"SHIFT_TAB_OCxx\000"
 2524      545F5441 
 2524      425F4F43 
 2524      787800
 2525              	.LASF59:
 2526 0638 70616E69 		.ascii	"panic_msg\000"
 2526      635F6D73 
 2526      6700
 2527              	.LASF92:
 2528 0642 70717565 		.ascii	"pqueue\000"
 2528      756500
 2529              	.LASF46:
 2530 0649 63685F6F 		.ascii	"ch_os_instance\000"
 2530      735F696E 
 2530      7374616E 
 2530      636500
 2531              	.LASF44:
 2532 0658 6F735F69 		.ascii	"os_instance_t\000"
 2532      6E737461 
 2532      6E63655F 
 2532      7400
 2533              	.LASF49:
 2534 0666 7265676C 		.ascii	"reglist\000"
 2534      69737400 
 2535              	.LASF70:
 2536 066e 63685F70 		.ascii	"ch_priority_queue\000"
 2536      72696F72 
 2536      6974795F 
 2536      71756575 
 2536      6500
 2537              	.LASF149:
 2538 0680 63685F71 		.ascii	"ch_queue_init\000"
 2538      75657565 
 2538      5F696E69 
 2538      7400
 2539              	.LASF127:
 2540 068e 6368436F 		.ascii	"chCondWait\000"
 2540      6E645761 
 2540      697400
 2541              	.LASF80:
 2542 0699 53484946 		.ascii	"SHIFT_TAB_OISx\000"
 2542      545F5441 
 2542      425F4F49 
 2542      537800
 2543              	.LASF120:
 2544 06a8 63685363 		.ascii	"chSchWakeupS\000"
 2544      6857616B 
 2544      65757053 
 2544      00
ARM GAS  C:\Users\PUBLIC~1.LAP\AppData\Local\Temp\cc1mJNS6.s 			page 51


 2545              	.LASF111:
 2546 06b5 6F735F69 		.ascii	"os_instance_config_t\000"
 2546      6E737461 
 2546      6E63655F 
 2546      636F6E66 
 2546      69675F74 
 2547              	.LASF102:
 2548 06ca 63685F6D 		.ascii	"ch_mutex\000"
 2548      75746578 
 2548      00
 2549              	.LASF56:
 2550 06d3 6D61736B 		.ascii	"mask\000"
 2550      00
 2551              	.LASF136:
 2552 06d8 63685F73 		.ascii	"ch_sch_prio_insert\000"
 2552      63685F70 
 2552      72696F5F 
 2552      696E7365 
 2552      727400
 2553              	.LASF29:
 2554 06eb 74687265 		.ascii	"thread_t\000"
 2554      61645F74 
 2554      00
 2555              	.LASF47:
 2556 06f4 726C6973 		.ascii	"rlist\000"
 2556      7400
 2557              	.LASF135:
 2558 06fa 63685468 		.ascii	"chThdGetSelfX\000"
 2558      64476574 
 2558      53656C66 
 2558      5800
 2559              	.LASF15:
 2560 0708 75696E74 		.ascii	"uint8_t\000"
 2560      385F7400 
 2561              	.LASF36:
 2562 0710 666C6167 		.ascii	"flags\000"
 2562      7300
 2563              	.LASF95:
 2564 0716 77746F62 		.ascii	"wtobjp\000"
 2564      6A7000
 2565              	.LASF108:
 2566 071d 6D61696E 		.ascii	"mainthread_end\000"
 2566      74687265 
 2566      61645F65 
 2566      6E6400
 2567              	.LASF124:
 2568 072c 6368436F 		.ascii	"chCondWaitTimeout\000"
 2568      6E645761 
 2568      69745469 
 2568      6D656F75 
 2568      7400
 2569              	.LASF118:
 2570 073e 63685363 		.ascii	"chSchGoSleepTimeoutS\000"
 2570      68476F53 
 2570      6C656570 
 2570      54696D65 
 2570      6F757453 
ARM GAS  C:\Users\PUBLIC~1.LAP\AppData\Local\Temp\cc1mJNS6.s 			page 52


 2571              	.LASF137:
 2572 0753 63685379 		.ascii	"chSysUnlock\000"
 2572      73556E6C 
 2572      6F636B00 
 2573              	.LASF91:
 2574 075f 6C697374 		.ascii	"list\000"
 2574      00
 2575              	.LASF146:
 2576 0764 443A5C30 		.ascii	"D:\\00a_liuhy\\temp126\\ChibiOS/os/rt/src/chcond.c\000"
 2576      30615F6C 
 2576      69756879 
 2576      5C74656D 
 2576      70313236 
 2577              	.LASF140:
 2578 0794 706F7274 		.ascii	"port_lock\000"
 2578      5F6C6F63 
 2578      6B00
 2579              	.LASF110:
 2580 079e 69646C65 		.ascii	"idlethread_end\000"
 2580      74687265 
 2580      61645F65 
 2580      6E6400
 2581              	.LASF41:
 2582 07ad 6D74786C 		.ascii	"mtxlist\000"
 2582      69737400 
 2583              		.section	.gnu.debuglto_.debug_line_str,"eMS",%progbits,1
 2584              	.LASF160:
 2585 0000 5F646566 		.ascii	"_default_types.h\000"
 2585      61756C74 
 2585      5F747970 
 2585      65732E68 
 2585      00
 2586              	.LASF159:
 2587 0011 443A5C30 		.ascii	"D:\\00a_liuhy\\temp126\\ChibiOS/os/rt/src/chcond.c\000"
 2587      30615F6C 
 2587      69756879 
 2587      5C74656D 
 2587      70313236 
 2588              	.LASF152:
 2589 0041 443A5C30 		.ascii	"D:\\00a_liuhy\\temp126\\ChibiOS/os/common/ext/ARM/C"
 2589      30615F6C 
 2589      69756879 
 2589      5C74656D 
 2589      70313236 
 2590 0071 4D534953 		.ascii	"MSIS/Core/Include\000"
 2590      2F436F72 
 2590      652F496E 
 2590      636C7564 
 2590      6500
 2591              	.LASF169:
 2592 0083 6D645F74 		.ascii	"md_timer.h\000"
 2592      696D6572 
 2592      2E6800
 2593              	.LASF170:
 2594 008e 6368636F 		.ascii	"chcore.h\000"
 2594      72652E68 
 2594      00
ARM GAS  C:\Users\PUBLIC~1.LAP\AppData\Local\Temp\cc1mJNS6.s 			page 53


 2595              	.LASF153:
 2596 0097 443A5C30 		.ascii	"D:\\00a_liuhy\\temp126\\ChibiOS/os/common/ports/ARM"
 2596      30615F6C 
 2596      69756879 
 2596      5C74656D 
 2596      70313236 
 2597 00c7 2D636F6D 		.ascii	"-common\000"
 2597      6D6F6E00 
 2598              	.LASF155:
 2599 00cf 443A5C30 		.ascii	"D:\\00a_liuhy\\temp126\\ChibiOS/os/rt/include\000"
 2599      30615F6C 
 2599      69756879 
 2599      5C74656D 
 2599      70313236 
 2600              	.LASF171:
 2601 00fa 63687365 		.ascii	"chsem.h\000"
 2601      6D2E6800 
 2602              	.LASF158:
 2603 0102 643A5C71 		.ascii	"d:\\qmk_msys\\mingw64\\arm-none-eabi\\include\\sys\000"
 2603      6D6B5F6D 
 2603      7379735C 
 2603      6D696E67 
 2603      7736345C 
 2604              	.LASF154:
 2605 0130 443A5C30 		.ascii	"D:\\00a_liuhy\\temp126\\ChibiOS/os/common/ports/ARM"
 2605      30615F6C 
 2605      69756879 
 2605      5C74656D 
 2605      70313236 
 2606 0160 76362D4D 		.ascii	"v6-M\000"
 2606      00
 2607              	.LASF176:
 2608 0165 63687468 		.ascii	"chthreads.h\000"
 2608      72656164 
 2608      732E6800 
 2609              	.LASF175:
 2610 0171 6368636F 		.ascii	"chcond.c\000"
 2610      6E642E63 
 2610      00
 2611              	.LASF172:
 2612 017a 63686D74 		.ascii	"chmtx.h\000"
 2612      782E6800 
 2613              	.LASF167:
 2614 0182 63687469 		.ascii	"chtime.h\000"
 2614      6D652E68 
 2614      00
 2615              	.LASF173:
 2616 018b 6368636F 		.ascii	"chcond.h\000"
 2616      6E642E68 
 2616      00
 2617              	.LASF162:
 2618 0194 63687479 		.ascii	"chtypes.h\000"
 2618      7065732E 
 2618      6800
 2619              	.LASF161:
 2620 019e 5F737464 		.ascii	"_stdint.h\000"
 2620      696E742E 
ARM GAS  C:\Users\PUBLIC~1.LAP\AppData\Local\Temp\cc1mJNS6.s 			page 54


 2620      6800
 2621              	.LASF177:
 2622 01a8 63687379 		.ascii	"chsys.h\000"
 2622      732E6800 
 2623              	.LASF168:
 2624 01b0 63686C69 		.ascii	"chlists.h\000"
 2624      7374732E 
 2624      6800
 2625              	.LASF157:
 2626 01ba 643A5C71 		.ascii	"d:\\qmk_msys\\mingw64\\arm-none-eabi\\include\\mach"
 2626      6D6B5F6D 
 2626      7379735C 
 2626      6D696E67 
 2626      7736345C 
 2627 01e8 696E6500 		.ascii	"ine\000"
 2628              	.LASF164:
 2629 01ec 63686F62 		.ascii	"chobjects.h\000"
 2629      6A656374 
 2629      732E6800 
 2630              	.LASF165:
 2631 01f8 63687266 		.ascii	"chrfcu.h\000"
 2631      63752E68 
 2631      00
 2632              	.LASF174:
 2633 0201 63687363 		.ascii	"chschd.h\000"
 2633      68642E68 
 2633      00
 2634              	.LASF150:
 2635 020a 443A5C30 		.ascii	"D:\\00a_liuhy\\temp126\\ChibiOS-Contrib\\demos\\ES3"
 2635      30615F6C 
 2635      69756879 
 2635      5C74656D 
 2635      70313236 
 2636 0238 325C4653 		.ascii	"2\\FS026\000"
 2636      30323600 
 2637              	.LASF178:
 2638 0240 636D7369 		.ascii	"cmsis_gcc.h\000"
 2638      735F6763 
 2638      632E6800 
 2639              	.LASF163:
 2640 024c 63686561 		.ascii	"chearly.h\000"
 2640      726C792E 
 2640      6800
 2641              	.LASF156:
 2642 0256 443A5C30 		.ascii	"D:\\00a_liuhy\\temp126\\ChibiOS/os/rt/src\000"
 2642      30615F6C 
 2642      69756879 
 2642      5C74656D 
 2642      70313236 
 2643              	.LASF166:
 2644 027d 63686465 		.ascii	"chdebug.h\000"
 2644      6275672E 
 2644      6800
 2645              	.LASF151:
 2646 0287 443A5C30 		.ascii	"D:\\00a_liuhy\\temp126\\ChibiOS-Contrib/os/common/e"
 2646      30615F6C 
 2646      69756879 
ARM GAS  C:\Users\PUBLIC~1.LAP\AppData\Local\Temp\cc1mJNS6.s 			page 55


 2646      5C74656D 
 2646      70313236 
 2647 02b7 78742F43 		.ascii	"xt/CMSIS/ES32/FS026/md\000"
 2647      4D534953 
 2647      2F455333 
 2647      322F4653 
 2647      3032362F 
 2648              		.text
 2649              		.section	.gnu.lto_.profile.840cc3cf,"e",%progbits
 2650 0000 28B52FFD 		.ascii	"(\265/\375 \0061\000\000\002\000\000\000\000\000"
 2650      20063100 
 2650      00020000 
 2650      000000
 2651              		.text
 2652              		.section	.gnu.lto_.icf.840cc3cf,"e",%progbits
 2653 0000 28B52FFD 		.ascii	"(\265/\375 \3245\004\000t\006\310\000\013\000\362\211"
 2653      20D43504 
 2653      007406C8 
 2653      000B00F2 
 2653      89
 2654 0011 9CFA0C10 		.ascii	"\234\372\014\020\002\000\002\001\002\002\002\003\001"
 2654      02000201 
 2654      02020203 
 2654      01
 2655 001e 959599E0 		.ascii	"\225\225\231\340\011\004\211\334\201\236\013\000\003"
 2655      090489DC 
 2655      819E0B00 
 2655      03
 2656 002b 9CC796C8 		.ascii	"\234\307\226\310\004\010\002\000\002\000\002\001\004"
 2656      04080200 
 2656      02000201 
 2656      04
 2657 0038 B0FD806B 		.ascii	"\260\375\200k\012\002\005\002\003\005\276\237\336\015"
 2657      0A020502 
 2657      0305BE9F 
 2657      DE0D
 2658 0046 0A06DB92 		.ascii	"\012\006\333\222\364\226\002\000\007\326\333\256\223"
 2658      F4960200 
 2658      07D6DBAE 
 2658      93
 2659 0053 0C080206 		.ascii	"\014\010\002\006\002\007\002\010\002\003\011\310\272"
 2659      02070208 
 2659      020309C8 
 2659      BA
 2660 0060 B1AE0400 		.ascii	"\261\256\004\000\012\230\261\277\321\011\006\013\205"
 2660      0A98B1BF 
 2660      D109060B 
 2660      85
 2661 006d 9DB66E00 		.ascii	"\235\266n\000\000\014\000A\261\356\014\270\312\272)"
 2661      000C0041 
 2661      B1EE0CB8 
 2661      CABA29
 2662 007c 0B0004E5 		.ascii	"\013\000\004\345DG\317\275t\026\006\032^\014\330\265"
 2662      4447CFBD 
 2662      7416061A 
 2662      5E0CD8B5 
 2663 008c 05032C   		.ascii	"\005\003,"
ARM GAS  C:\Users\PUBLIC~1.LAP\AppData\Local\Temp\cc1mJNS6.s 			page 56


 2664              		.text
 2665              		.section	.gnu.lto_.ipa_sra.840cc3cf,"e",%progbits
 2666 0000 28B52FFD 		.ascii	"(\265/\375 \240\015\003\0004\003\224\000\013\000\002"
 2666      20A00D03 
 2666      00340394 
 2666      000B0002 
 2667 0010 00010101 		.ascii	"\000\001\001\001\001\002\001\000\004\000\007\001\003"
 2667      01020100 
 2667      04000701 
 2667      03
 2668 001d 00010405 		.ascii	"\000\001\004\005\000\006\200\004\000\000\001\007\003"
 2668      00068004 
 2668      00000107 
 2668      03
 2669 002a 00010903 		.ascii	"\000\001\011\003\002\012\002\003\000\001\002\013\002"
 2669      020A0203 
 2669      0001020B 
 2669      02
 2670 0037 03020100 		.ascii	"\003\002\001\000\000\002\000\023\000M\030|Eh# \025("
 2670      00020013 
 2670      004D187C 
 2670      45682320 
 2670      1528
 2671 0049 C051110C 		.ascii	"\300Q\021\014\000;@\315\011uYn\\Q\007U\331U\324h \013"
 2671      003B40CD 
 2671      0975596E 
 2671      5C510755 
 2671      D955D468 
 2672 005f 163262CE 		.ascii	"\0262b\316a\011\003d\262\001,"
 2672      61090364 
 2672      B2012C
 2673              		.text
 2674              		.section	.gnu.lto_.inline.840cc3cf,"e",%progbits
 2675 0000 28B52FFD 		.ascii	"(\265/\375`\232\001}\012\000v\32086P\305&\215\001\201"
 2675      609A017D 
 2675      0A0076D0 
 2675      383650C5 
 2675      268D0181 
 2676 0014 249B96CE 		.ascii	"$\233\226\316\306\225\245Vq\271\307\256kCR\255\351O"
 2676      C695A556 
 2676      71B9C7AE 
 2676      6B4352AD 
 2676      E94F
 2677 0026 6B4D683A 		.ascii	"kMh:\260LU\035\364hj\2251'\335\314\314\314\020\240a"
 2677      B04C551D 
 2677      F4686A95 
 2677      3127DDCC 
 2677      CCCC10A0 
 2678 003b 2D21842C 		.ascii	"-!\204,\261do)S*\000'\000*\000\231\356\356N\247\333"
 2678      B1646F29 
 2678      532A0027 
 2678      002A0099 
 2678      EEEE4EA7 
 2679 0050 AD994280 		.ascii	"\255\231B\200Txr]1mw\031\336k\232\007(\004\200\300]"
 2679      5478725D 
 2679      316D7719 
 2679      DE6B9A07 
ARM GAS  C:\Users\PUBLIC~1.LAP\AppData\Local\Temp\cc1mJNS6.s 			page 57


 2679      280480C0 
 2680 0065 D0AE3433 		.ascii	"\320\25643O\004\355ht2\002\376Z\035\0020bMG<\037\321"
 2680      4F04ED68 
 2680      743202FE 
 2680      5A1D0230 
 2680      624D473C 
 2681 007b FB4C4D36 		.ascii	"\373LM6F\001,\231&2*\221,\267\237\362\012\273\273y\375"
 2681      46012C99 
 2681      26322A91 
 2681      2CB79FF2 
 2681      0ABBBB79 
 2682 0090 C4687BDF 		.ascii	"\304h{\337_T\177K\363<\003%X\202^X<PT\236\2061\377K"
 2682      5F547F4B 
 2682      F33C0325 
 2682      58825E58 
 2682      3C50549E 
 2683 00a8 1FE37EBF 		.ascii	"\037\343~\277\325 '<\037\021\365\227\026\322\360\021"
 2683      D520273C 
 2683      1F11F597 
 2683      16D2F011 
 2684 00b8 414DDFBE 		.ascii	"AM\337\2764W\211Q\211\204\355\362\003\017\3430V_0~\305"
 2684      34578951 
 2684      8984EDF2 
 2684      030FE330 
 2684      565F307E 
 2685 00cd 61ECAEB5 		.ascii	"a\354\256\265\260!9\031\330\322\255\2061{\232\306\331"
 2685      B0213919 
 2685      D8D2AD86 
 2685      317B9AC6 
 2685      D9
 2686 00de 5D81292B 		.ascii	"]\201)+\365\363\240EJf\264\203\004\342\340\200B\001"
 2686      F5F3A045 
 2686      4A66B483 
 2686      04E2E080 
 2686      4201
 2687 00f0 2E2070A2 		.ascii	". p\242\251B;\307\003\370\000B\330A\200\022\225\002"
 2687      A9423BC7 
 2687      03F80042 
 2687      D8418012 
 2687      9502
 2688 0102 FC50077A 		.ascii	"\374P\007z\006\027\300\277\300\031\037z\351^\240!\015"
 2688      0617C0BF 
 2688      C0191F7A 
 2688      E95EA021 
 2688      0D
 2689 0113 B0011E17 		.ascii	"\260\001\036\027p\"<\312\3130\244\372\321\355w\253M"
 2689      70223CCA 
 2689      CB30A4FA 
 2689      D1ED77AB 
 2689      4D
 2690 0124 D6F7BDCB 		.ascii	"\326\367\275\313a\316\332JI\232^!\302\006\326\022E\276"
 2690      61CEDA4A 
 2690      499A5E21 
 2690      C206D612 
 2690      45BE
 2691 0136 4537F70E 		.ascii	"E7\367\0164\272y\263\226\256-6\251\222\214\320\205\345"
 2691      34BA79B3 
ARM GAS  C:\Users\PUBLIC~1.LAP\AppData\Local\Temp\cc1mJNS6.s 			page 58


 2691      96AE2D36 
 2691      A9928CD0 
 2691      85E5
 2692 0148 3C601CBD 		.ascii	"<`\034\275\006K\260\364\372\230R\026\323-\260\270C"
 2692      064BB0F4 
 2692      FA985216 
 2692      D32DB0B8 
 2692      43
 2693              		.text
 2694              		.section	.gnu.lto_.jmpfuncs.840cc3cf,"e",%progbits
 2695 0000 28B52FFD 		.ascii	"(\265/\375`\272\000M\004\000r\006\022\031\260%\351\014"
 2695      60BA004D 
 2695      04007206 
 2695      1219B025 
 2695      E90C
 2696 0012 C3000ABC 		.ascii	"\303\000\012\274%\311M\222$IaG\261%\333ZB\232$2\311"
 2696      25C94D92 
 2696      24496147 
 2696      B125DB5A 
 2696      429A2432 
 2697 0027 EBF434D7 		.ascii	"\353\3644\327\205Y\001'\226\011\014\320\225\362\200"
 2697      85590127 
 2697      96090CD0 
 2697      95F280
 2698 0036 9065558E 		.ascii	"\220eU\2168\237\014\354v!\034q\3169\267\330-\336:\210"
 2698      389F0CEC 
 2698      76211C71 
 2698      CE39B7D8 
 2698      2DDE3A88 
 2699 004a DB9358E3 		.ascii	"\333\223X\343\2375\213x\316lB\030\000j$`\261\274w\\"
 2699      9F358B78 
 2699      CE6C4218 
 2699      006A2460 
 2699      B1BC775C 
 2700 005e 15893981 		.ascii	"\025\2119\201\321\031\377\201\323Z\307\360\306\002\037"
 2700      D119FF81 
 2700      D35AC7F0 
 2700      C6021F
 2701 006d 14FAC0AE 		.ascii	"\024\372\300\256b\346\230A\000\200C\220\307.TB]\255"
 2701      62E69841 
 2701      00804390 
 2701      C72E5442 
 2701      5DAD
 2702 007f F7050E4B 		.ascii	"\367\005\016K\330rg}\000\261\245\206{s\337c\016\\\000"
 2702      D872677D 
 2702      00B1A586 
 2702      7B73DF63 
 2702      0E5C00
 2703 0092 37       		.ascii	"7"
 2704              		.text
 2705              		.section	.gnu.lto_.pureconst.840cc3cf,"e",%progbits
 2706 0000 28B52FFD 		.ascii	"(\265/\375 &1\001\000\"\000\000\000\013\000\232\004"
 2706      20263101 
 2706      00220000 
 2706      000B009A 
 2706      04
 2707 0011 019A0402 		.ascii	"\001\232\004\002\200\004\003\272\005\004\232\004\005"
ARM GAS  C:\Users\PUBLIC~1.LAP\AppData\Local\Temp\cc1mJNS6.s 			page 59


 2707      800403BA 
 2707      05049A04 
 2707      05
 2708 001e 9A0406BA 		.ascii	"\232\004\006\272\005\007\232\004\011\272\005\012\232"
 2708      05079A04 
 2708      09BA050A 
 2708      9A
 2709 002b 040BBA05 		.ascii	"\004\013\272\005"
 2710              		.text
 2711              		.section	.gnu.lto_.ipa_modref.840cc3cf,"e",%progbits
 2712 0000 28B52FFD 		.ascii	"(\265/\375`\006\000\225\003\000r\004\015\026\320\245"
 2712      60060095 
 2712      03007204 
 2712      0D16D0A5 
 2713 0010 35002C01 		.ascii	"5\000,\001\000\000\200e\304\204\020B\310V\007i\366\336"
 2713      00008065 
 2713      C4841042 
 2713      C8560769 
 2713      F6DE
 2714 0022 29A57998 		.ascii	")\245y\230\205'6B\331\030\030\203l\202/\252O\347\230"
 2714      85273642 
 2714      D9181883 
 2714      6C822FAA 
 2714      4FE798
 2715 0035 32F32C03 		.ascii	"2\363,\003\033\340tK\336p\245C\031\000E1\000{I\355\200"
 2715      1BE0744B 
 2715      DE70A543 
 2715      19004531 
 2715      007B49ED 
 2716 004a 71592C7B 		.ascii	"qY,{\242\275\230\021\017\014=Ub[\217\010\230\334\026"
 2716      A2BD9811 
 2716      0F0C3D55 
 2716      625B8F08 
 2716      98DC16
 2717 005d 8CD320AC 		.ascii	"\214\323 \254EB\0236.j\014J\020\270[\224\035+\203A\205"
 2717      45421336 
 2717      2E6A0C4A 
 2717      10B85B94 
 2717      1D2B8341 
 2718 0072 A2C25893 		.ascii	"\242\302X\223\002\314\2207\200\005"
 2718      02CC9037 
 2718      8005
 2719              		.text
 2720              		.section	.gnu.lto_.lto.840cc3cf,"e",%progbits
 2721 0000 0C000000 		.ascii	"\014\000\000\000\001\000\001\000"
 2721      01000100 
 2722              		.text
 2723              		.section	.gnu.lto_ch_sch_prio_insert.2828.840cc3cf,"e",%progbits
 2724 0000 28B52FFD 		.ascii	"(\265/\375`\365\002\005\026\000&f\213J\240\024R:\024"
 2724      60F50205 
 2724      16002666 
 2724      8B4AA014 
 2724      523A14
 2725 0013 07F803EF 		.ascii	"\007\370\003\357\316o\202\307\217I\323y\213\222\277"
 2725      CE6F82C7 
 2725      8F49D379 
 2725      8B92BF
ARM GAS  C:\Users\PUBLIC~1.LAP\AppData\Local\Temp\cc1mJNS6.s 			page 60


 2726 0022 C1285F8F 		.ascii	"\301(_\217\230\177\377[\3034y\277#\226\245\370\373\375"
 2726      987FFF5B 
 2726      C33479BF 
 2726      2396A5F8 
 2726      FBFD
 2727 0034 6F0DEC5F 		.ascii	"o\015\354_\274\326E\037+O\013\0007z]\234\340\363\207"
 2727      BCD6451F 
 2727      2B4F0B00 
 2727      377A5D9C 
 2727      E0F387
 2728 0047 017D7A6D 		.ascii	"\001}zm\022\354H\331\343@\025\221J6\2212\311r\000o\000"
 2728      12EC48D9 
 2728      E3401591 
 2728      4A369132 
 2728      C972006F 
 2729 005c 77004450 		.ascii	"w\000DPE\022\312S\031\212\232\363\356\231\036\203\367"
 2729      4512CA53 
 2729      198A9AF3 
 2729      EE991E83 
 2729      F7
 2730 006d A6DDC66A 		.ascii	"\246\335\306ju\362\312Q\253\220eg\312\323\004\227\221"
 2730      75F2CA51 
 2730      AB906567 
 2730      CAD30497 
 2730      91
 2731 007e A7E30B90 		.ascii	"\247\343\013\220\247\313\333\35520D\207B\242\222\324"
 2731      A7CBDBED 
 2731      32304487 
 2731      42A292D4 
 2732 008e 5A679D62 		.ascii	"Zg\235b\233y\247\344\330\314\333\377\3511\337/\3504"
 2732      9B79A7E4 
 2732      D8CCDBFF 
 2732      E931DF2F 
 2732      E834
 2733 00a0 E5C5D1C9 		.ascii	"\345\305\321\311\223_\010\036\307\036Ja\241\374\206"
 2733      935F081E 
 2733      C71E4A61 
 2733      A1FC86
 2734 00af C6063398 		.ascii	"\306\0063\230\202\177:\027\375\204\270\001\374\216\316"
 2734      827F3A17 
 2734      FD84B801 
 2734      FC8ECE
 2735 00be 2636B5D6 		.ascii	"&6\265\326e\337o\304\327\344\273{\333\335\012\273\275"
 2735      65DF6FC4 
 2735      D7E4BB7B 
 2735      DBDD0ABB 
 2735      BD
 2736 00cf 123D5EB2 		.ascii	"\022=^\262L\304\"^\321\266\3511\030\217\265\326\332"
 2736      4CC4225E 
 2736      D1B6E931 
 2736      188FB5D6 
 2736      DA
 2737 00e0 4BF6CF3F 		.ascii	"K\366\317?H\3521\330\236h\265U\031lW\030\304\015\334"
 2737      48EA31D8 
 2737      9E68B555 
 2737      196C5718 
 2737      C40DDC
ARM GAS  C:\Users\PUBLIC~1.LAP\AppData\Local\Temp\cc1mJNS6.s 			page 61


 2738 00f3 BDCC960F 		.ascii	"\275\314\226\017\025\333J\273w\372c\345\233~\222\376"
 2738      15DB4ABB 
 2738      77FA63E5 
 2738      9B7E92FE 
 2739 0103 FC8EE76D 		.ascii	"\374\216\347m\346e\346=\312\221\274\240\214X\302j5\012"
 2739      E665E63D 
 2739      CA91BCA0 
 2739      8C58C26A 
 2739      350A
 2740 0115 5352B5E8 		.ascii	"SR\265\350\216\026?\377\335\377iOd2jv\317]\031$b\000"
 2740      8E163FFF 
 2740      DDFF694F 
 2740      64326A76 
 2740      CF5D1924 
 2741 012b 11902043 		.ascii	"\021\220 Cj\025*8]\012\345\351\256\314\205\323nL\251"
 2741      6A152A38 
 2741      5D0AE5E9 
 2741      AECC85D3 
 2741      6E4CA9
 2742 013e 01C0FD7B 		.ascii	"\001\300\375{\312\004\220\007\331J\313\375\236!\301"
 2742      CA049007 
 2742      D94ACBFD 
 2742      9E21C1
 2743 014d 80CA12E2 		.ascii	"\200\312\022\342/b\355UT<\217\232\262\341\034p\277*"
 2743      2F62ED55 
 2743      543C8F9A 
 2743      B2E11C70 
 2743      BF2A
 2744 015f B8BB1A2E 		.ascii	"\270\273\032.U[Y\332\015\267\301\203\200\313\3475~\242"
 2744      555B59DA 
 2744      0DB7C183 
 2744      80CBE735 
 2744      7EA2
 2745 0171 7A700780 		.ascii	"zp\007\200\310\323wl\013\311\327\373\207\327\220jl\340"
 2745      C8D3776C 
 2745      0BC9D7FB 
 2745      87D7906A 
 2745      6CE0
 2746 0183 E6144FB2 		.ascii	"\346\024O\262l\020\305\023L6m\337\356n\331d\337t\011"
 2746      6C10C513 
 2746      4C366DDF 
 2746      EE6ED964 
 2746      DF7409
 2747 0196 F1D7AA10 		.ascii	"\361\327\252\020{\224/I\275\365\360\341\256\254\265"
 2747      7B942F49 
 2747      BDF5F0E1 
 2747      AEACB5
 2748 01a5 CAEC69E4 		.ascii	"\312\354i\344t(K,N\367;\362\264\354\000\30137\223o9"
 2748      74284B2C 
 2748      4EF73BF2 
 2748      B4EC00C1 
 2748      3337936F 
 2749 01ba DE189A19 		.ascii	"\336\030\232\031\232\030\230\031\006-f\213N\217\217"
 2749      9A189819 
 2749      062D668B 
 2749      4E8F8F
 2750 01c9 493309DC 		.ascii	"I3\011\334~xi-:4\023G3g;:@6\263\2476\313q\230\341|f"
ARM GAS  C:\Users\PUBLIC~1.LAP\AppData\Local\Temp\cc1mJNS6.s 			page 62


 2750      7E78692D 
 2750      3A341347 
 2750      33673B3A 
 2750      4036B3A7 
 2751 01e4 1626D432 		.ascii	"\026&\3242\324h782\013^n<;9\034\035\015\250f\273\200"
 2751      D4683738 
 2751      320B5E6E 
 2751      3C3B391C 
 2751      1D0DA866 
 2752 01fa C1C505A7 		.ascii	"\301\305\005\247\006\002\214\260\276\225\226\307\262"
 2752      06028CB0 
 2752      BE9596C7 
 2752      B2
 2753 0207 738A6797 		.ascii	"s\212g\227=F8\242\325\353\336\306\372\212\215\304\254"
 2753      3D4638A2 
 2753      D5EBDEC6 
 2753      FA8A8DC4 
 2753      AC
 2754 0218 3EE80494 		.ascii	">\350\004\224 \322\255\343\312Wd\3478:\350\312n\225"
 2754      20D2ADE3 
 2754      CA5764E7 
 2754      383AE8CA 
 2754      6E95
 2755 022a E09935F6 		.ascii	"\340\2315\366\015\233\216\271dA\022'\026W\320\016@\250"
 2755      0D9B8EB9 
 2755      64411227 
 2755      1657D00E 
 2755      40A8
 2756 023c 613C2599 		.ascii	"a<%\2312\"%\201H \243i\212\003p\002\2311\345\001\020"
 2756      32222581 
 2756      4820A369 
 2756      8A037002 
 2756      9931E501 
 2757 0251 48A964B6 		.ascii	"H\251d\266:o\216\270\025\243\032\021W\241qb&[E\371_"
 2757      3A6F8EB8 
 2757      15A31A11 
 2757      57A17162 
 2757      265B45F9 
 2758 0266 F541107C 		.ascii	"\365A\020|\037O\364:\374~qD\371F\232\270@`\263\027\306"
 2758      1F4FF43A 
 2758      FC7E7144 
 2758      F9469AB8 
 2758      4060B317 
 2759 027b C5101A2A 		.ascii	"\305\020\032*\271\212\347m\227\350c\000`+\275\300\235"
 2759      B98AE76D 
 2759      97E86300 
 2759      602BBDC0 
 2759      9D
 2760 028c 9CA7601A 		.ascii	"\234\247`\032\016S\005\260gB\250\325\202\372\030C\275"
 2760      0E5305B0 
 2760      6742A8D5 
 2760      82FA1843 
 2760      BD
 2761 029d F74645D7 		.ascii	"\367FE\327vVImh:\203!\262\002Z\031c\"\223\213\032\340"
 2761      7656496D 
 2761      683A8321 
 2761      B2025A19 
ARM GAS  C:\Users\PUBLIC~1.LAP\AppData\Local\Temp\cc1mJNS6.s 			page 63


 2761      6322938B 
 2762 02b3 21D52B24 		.ascii	"!\325+$#\363i\276\010\225B\022n\304-`\274\270,\377\256"
 2762      23F369BE 
 2762      08954212 
 2762      6EC42D60 
 2762      BCB82CFF 
 2763 02c8 4005     		.ascii	"@\005"
 2764              		.text
 2765              		.section	.gnu.lto_chCondObjectInit.2948.840cc3cf,"e",%progbits
 2766 0000 28B52FFD 		.ascii	"(\265/\375`~\001M\017\000V\032dH\340\262(\035\242\222"
 2766      607E014D 
 2766      0F00561A 
 2766      6448E0B2 
 2766      281DA292 
 2767 0014 8C0A7602 		.ascii	"\214\012v\002\3250 Lcj\021\221\012\273\2446k\204\272"
 2767      D530204C 
 2767      636A1191 
 2767      0ABBA436 
 2767      6B84BA
 2768 0027 9282096D 		.ascii	"\222\202\011m\201\253\373\243\206\250\026\376\370\355"
 2768      81ABFBA3 
 2768      86A816FE 
 2768      F8ED
 2769 0035 A9AB6850 		.ascii	"\251\253hP\260\021\234(r\264@=;\017\251\264 \321\363"
 2769      B0119C28 
 2769      72B4403D 
 2769      3B0FA9B4 
 2769      20D1F3
 2770 0048 8B2165F4 		.ascii	"\213!e\364\347\017\2059\313\310&{\247\024H\000N\000"
 2770      E70F8539 
 2770      CBC8267B 
 2770      A7144800 
 2770      4E00
 2771 005a 54003601 		.ascii	"T\0006\001\035\250K\3735_\001\273\254\305\242\335\033"
 2771      1DA84BFB 
 2771      355F01BB 
 2771      ACC5A2DD 
 2771      1B
 2772 006b 1B3376EB 		.ascii	"\0333v\353\0027\010\235\222^\200;\335>\200;5\314\006"
 2772      0237089D 
 2772      925E803B 
 2772      DD3E803B 
 2772      35CC06
 2773 007e 7AC5B037 		.ascii	"z\305\2607xv\202v\267\233(\016\273\204\371\267\271("
 2773      78768276 
 2773      B79B280E 
 2773      BB84F9B7 
 2773      B928
 2774 0090 F6E27209 		.ascii	"\366\342r\011@\302\356Z\306^`\356y\333\011l\273\330"
 2774      40C2EE5A 
 2774      C65E60EE 
 2774      79DB096C 
 2774      BBD8
 2775 00a2 E709AE1F 		.ascii	"\347\011\256\037\344<a\177\333)cO\351y\331\177.\004"
 2775      E43C617F 
 2775      DB29634F 
 2775      E979D97F 
ARM GAS  C:\Users\PUBLIC~1.LAP\AppData\Local\Temp\cc1mJNS6.s 			page 64


 2775      2E04
 2776 00b4 5423C781 		.ascii	"T#\307\201\035\273$\212\014Y\037JS\341\343\\\347\365"
 2776      1DBB248A 
 2776      0C591F4A 
 2776      53E1E35C 
 2776      E7F5
 2777 00c6 1BBF92D0 		.ascii	"\033\277\222\320\030}\226#\222@\324\010U\301\351H\017"
 2777      187D9623 
 2777      9240D408 
 2777      55C1E948 
 2777      0F
 2778 00d7 6ACACF5E 		.ascii	"j\312\317^\317\021\267\272&\014\304\220\205\250\011"
 2778      CF11B7BA 
 2778      260CC490 
 2778      85A809
 2779 00e6 3AB585D0 		.ascii	":\265\205\320\251\217\363\262G\247\037\005\033\216\031"
 2779      A98FF3B2 
 2779      47A71F05 
 2779      1B8E19
 2780 00f5 113CC6D5 		.ascii	"\021<\306\325e\320\204\324t\254r\030\242\374\361_\260"
 2780      65D084D4 
 2780      74AC7218 
 2780      A2FCF15F 
 2780      B0
 2781 0106 B87C1A91 		.ascii	"\270|\032\221;\0150S\342:\027\321\200\324\352\037\003"
 2781      3B0D3053 
 2781      E23A17D1 
 2781      80D4EA1F 
 2781      03
 2782 0117 F363440F 		.ascii	"\363cD\017\037s~v\322\370\026\342\177bv\370\035WhwQ"
 2782      1F737E76 
 2782      D2F816E2 
 2782      7F6276F8 
 2782      1D576877 
 2783 012c 2C583C8C 		.ascii	",X<\214\244\240i\341N\347|,f\224D\314\321j\010\356b"
 2783      A4A069E1 
 2783      4EE77C2C 
 2783      669444CC 
 2783      D16A08EE 
 2784 0141 565B19C4 		.ascii	"V[\031\304\001\376Ja+\004U\237\327\241\234\270T^\012"
 2784      01FE4A61 
 2784      2B04559F 
 2784      D7A19CB8 
 2784      545E0A
 2785 0154 7862A948 		.ascii	"xb\251H\237LJLN\016J\036\224\004\260<i\257t\222\262"
 2785      9F4C4A4C 
 2785      4E0E4A1E 
 2785      9404B03C 
 2785      69AF7492 
 2786 0169 F23EAFF3 		.ascii	"\362>\257\363V\302\256\265\322\205\253.\303\005\220"
 2786      56C2AEB5 
 2786      D285AB2E 
 2786      C30590
 2787 0178 03F84D48 		.ascii	"\003\370MH\241\030\220\260:\240\264R\342\347\002U\032"
 2787      A11890B0 
 2787      3AA0B452 
 2787      E2E70255 
ARM GAS  C:\Users\PUBLIC~1.LAP\AppData\Local\Temp\cc1mJNS6.s 			page 65


 2787      1A
 2788 0189 36984C29 		.ascii	"6\230L)\010\024Lu\374\266S\306\025z|\3069\3766\017#"
 2788      08144C75 
 2788      FCB653C6 
 2788      157A7CC6 
 2788      39FE360F 
 2789 019e 20200283 		.ascii	"  \002\203\030S\017\232\211*\370Ci5g\027skF\344B\274"
 2789      18530F9A 
 2789      892AF843 
 2789      69356717 
 2789      736B46E4 
 2790 01b4 B3D24164 		.ascii	"\263\322Ad\017\201\344\023\306\027\314l\233\011\367"
 2790      0F81E413 
 2790      C617CC6C 
 2790      9B09F7
 2791 01c3 715C1375 		.ascii	"q\\\023u5\273)p\025D\313\354\272\000X\305j\2757\\w\303"
 2791      35BB2970 
 2791      1544CBEC 
 2791      BA0058C5 
 2791      6ABD375C 
 2792 01d9 FDD0A482 		.ascii	"\375\320\244\2023\016\026\350\266\213\014\373g\316="
 2792      330E16E8 
 2792      B68B0CFB 
 2792      67CE3D
 2793 01e8 D5D296F5 		.ascii	"\325\322\226\365\266\"\026\274\270\002\031"
 2793      B62216BC 
 2793      B80219
 2794              		.text
 2795              		.section	.gnu.lto_chCondObjectDispose.2949.840cc3cf,"e",%progbits
 2796 0000 28B52FFD 		.ascii	"(\265/\375`-\000-\010\000\222\2168:0\221\322\001 <P"
 2796      602D002D 
 2796      0800928E 
 2796      383A3091 
 2796      D201203C 
 2797 0015 A3D2A418 		.ascii	"\243\322\244\030\221(\004\030v\2156\005c\232\334\364"
 2797      91280418 
 2797      768D3605 
 2797      639ADCF4 
 2798 0025 7FB00D15 		.ascii	"\177\260\015\025\201\375W\345.\200\330)\300$$m\213\333"
 2798      81FD57E5 
 2798      2E80D829 
 2798      C024246D 
 2798      8BDB
 2799 0037 56EF07E2 		.ascii	"V\357\007\342\234\007\335Jr\341\337Z\333d\357\224\002"
 2799      9C07DD4A 
 2799      72E1DF5A 
 2799      DB64EF94 
 2799      02
 2800 0048 269D4C27 		.ascii	"&\235L'\222\202ia\024\220\252\321u\204\301\201\252^"
 2800      92826961 
 2800      1490AAD1 
 2800      7584C181 
 2800      AA5E
 2801 005a A555B5A2 		.ascii	"\245U\265\242,\025]\241(\205\304w\361y\016]\011\341"
 2801      2C155DA1 
 2801      2885C477 
 2801      F1790E5D 
ARM GAS  C:\Users\PUBLIC~1.LAP\AppData\Local\Temp\cc1mJNS6.s 			page 66


 2801      09E1
 2802 006c 20B591C1 		.ascii	" \265\221\301\352<\274\216O\243\302\202\343:\206\007"
 2802      EA3CBC8E 
 2802      4FA3C282 
 2802      E33A8607 
 2803 007c 2EDC6F2B 		.ascii	".\334o+c\206\220\315\\\322\345\220g\204\026\272\213"
 2803      638690CD 
 2803      5CD2E590 
 2803      678416BA 
 2803      8B
 2804 008d 086DE38D 		.ascii	"\010m\343\215\035\266\242$\261\277\255\214\331Q\024"
 2804      1DB6A224 
 2804      B1BFAD8C 
 2804      D95114
 2805 009c F399DA2E 		.ascii	"\363\231\332.H\016\316\316&\214\211\355\003\330\003"
 2805      480ECECE 
 2805      268C89ED 
 2805      03D803
 2806 00ab 28A547FB 		.ascii	"(\245G\373)\227\201W\3710h\227\205\346e74p\302\347\263"
 2806      29978157 
 2806      F9306897 
 2806      85E66537 
 2806      3470C2E7 
 2807 00c0 E0049DCF 		.ascii	"\340\004\235\317\355\002\235O\203v\315\303\211\225\251"
 2807      ED029D4F 
 2807      8376CDC3 
 2807      8995A9
 2808 00cf B5D8EC2E 		.ascii	"\265\330\354.\225%\007\037A\377+\007\275`\255GO\303"
 2808      9525071F 
 2808      41FF2B07 
 2808      BD60AD47 
 2808      4FC3
 2809 00e1 EE3ABE60 		.ascii	"\356:\276`!\267\274m\221\355\010\333'\001\014\000\005"
 2809      21B7BC6D 
 2809      91ED08DB 
 2809      27010C00 
 2809      05
 2810 00f2 93A04C68 		.ascii	"\223\240Lh\335\013\214\013\347\245\014J\335\225\340"
 2810      DD0B8C0B 
 2810      E7A50C4A 
 2810      DD95E0
 2811 0101 5DC31198 		.ascii	"]\303\021\2300\254\325hq\207\027\355$\003"
 2811      30ACD568 
 2811      718717ED 
 2811      2403
 2812              		.text
 2813              		.section	.gnu.lto_chCondSignal.2950.840cc3cf,"e",%progbits
 2814 0000 28B52FFD 		.ascii	"(\265/\375`\242\005\275!\000\306w\316JpZR\007\377tP"
 2814      60A205BD 
 2814      2100C677 
 2814      CE4A705A 
 2814      5207FF74 
 2815 0015 052193FF 		.ascii	"\005!\223\377\270J\037\252\233\243\020_1\231i\026E\320"
 2815      B84A1FAA 
 2815      9BA3105F 
 2815      31996916 
 2815      45D0
ARM GAS  C:\Users\PUBLIC~1.LAP\AppData\Local\Temp\cc1mJNS6.s 			page 67


 2816 0027 284BD54C 		.ascii	"(K\325L\\w\013`\372\266\024\032\1774\233\036\253\021"
 2816      5C770B60 
 2816      FAB6141A 
 2816      7F349B1E 
 2816      AB11
 2817 0039 67DAEFC0 		.ascii	"g\332\357\300LrN\334\361\037\316\003\341\301\037\003"
 2817      4C724EDC 
 2817      F11FCE03 
 2817      E1C11F03 
 2818 0049 44142601 		.ascii	"D\024&\001\363J\367\366,w\223[\312\224\002\260\000\270"
 2818      F34AF7F6 
 2818      2C77935B 
 2818      CA9402B0 
 2818      00B8
 2819 005b 00BA003E 		.ascii	"\000\272\000>\244\240\306oU\225\374\032\003\236DNjm"
 2819      A4A0C66F 
 2819      5595FC1A 
 2819      039E444E 
 2819      6A6D
 2820 006d 3BAAD75F 		.ascii	";\252\327_\352[\012\272\277\364\375$\311\237Pt/\255"
 2820      EA5B0ABA 
 2820      BFF4FD24 
 2820      C99F5074 
 2820      2FAD
 2821 007f 588610C5 		.ascii	"X\206\020\305\275\355\035}\000\335}\024\306#\361\265"
 2821      BDED1D7D 
 2821      00DD7D14 
 2821      C623F1B5 
 2822 008f 4D2AE7E2 		.ascii	"M*\347\342\247\\\347\306\314\221\024\364P\2170\327{"
 2822      A75CE7C6 
 2822      CC9114F4 
 2822      508F30D7 
 2822      7B
 2823 00a0 ED2F05C3 		.ascii	"\355/\005\303\275\367Z\355\271\033`\006\037\273\377"
 2823      BDF75AED 
 2823      B91B6006 
 2823      1FBBFF
 2824 00af D31F513E 		.ascii	"\323\037Q>T\014\347\355\015\015\343\332;\012\301'\354"
 2824      540CE7ED 
 2824      0D0DE3DA 
 2824      3B0AC127 
 2824      EC
 2825 00c0 5EFF3E46 		.ascii	"^\377>F\367Z\375\002\272\327\256t\277\362Q\022\333\254"
 2825      F75AFD02 
 2825      BAD7AE74 
 2825      BFF25112 
 2825      DBAC
 2826 00d2 0BD5DBDE 		.ascii	"\013\325\333\336\233\315@^\371j\306J\377\217z^\363H"
 2826      9BCD405E 
 2826      F96AC64A 
 2826      FF8F7A5E 
 2826      F348
 2827 00e4 C6AB373E 		.ascii	"\306\2537>\253\014\320\312\214\0108\022Rg\222xh}\324"
 2827      AB0CD0CA 
 2827      8C083812 
 2827      52679278 
 2827      687DD4
ARM GAS  C:\Users\PUBLIC~1.LAP\AppData\Local\Temp\cc1mJNS6.s 			page 68


 2828 00f7 63A22326 		.ascii	"c\242#&\306+\207\275\267\343\346\021\322\273~w\377\340"
 2828      C62B87BD 
 2828      B7E3E611 
 2828      D2BB7E77 
 2828      FFE0
 2829 0109 FE3AEEAA 		.ascii	"\376:\356\252Z>1/?\304\332\212\322\326\376\211\273\363"
 2829      5A3E312F 
 2829      3FC4DA8A 
 2829      D2D6FE89 
 2829      BBF3
 2830 011b 5AEC68E0 		.ascii	"Z\354h\340&\016^c+\177\367\031\0318\214?\223\347eIm"
 2830      260E5E63 
 2830      2B7FF719 
 2830      19388C3F 
 2830      93E76549 
 2831 0130 FD2B653D 		.ascii	"\375+e==\245\246E\226\374;\237IFnlbl\357\324QV\224\306"
 2831      3DA5A645 
 2831      96FC3B9F 
 2831      49466E6C 
 2831      626CEFD4 
 2832 0148 B6AE9DCD 		.ascii	"\266\256\235\315\374\325\364lc8\367(\023g\037\356\257"
 2832      FCD5F46C 
 2832      6338F728 
 2832      13671FEE 
 2832      AF
 2833 0159 EEDCE4AE 		.ascii	"\356\334\344\256\261\257\032\273~\250\177Uc\317\000"
 2833      B1AF1ABB 
 2833      7EA87F55 
 2833      63CF00
 2834 0168 7661C8A4 		.ascii	"va\310\244\310l\331\333(L\334\236\242\275\210\370s\375"
 2834      C86CD9DB 
 2834      284CDC9E 
 2834      A2BD88F8 
 2834      73FD
 2835 017a 178FD78F 		.ascii	"\027\217\327\217\334S\227\013\025\354\341\357\342\371"
 2835      DC53970B 
 2835      15ECE1EF 
 2835      E2F9
 2836 0188 2A578DEE 		.ascii	"*W\215\356%\231!-Dqo\\<\356=\255g\362\363[\276fa\312"
 2836      2599212D 
 2836      44716F5C 
 2836      3CEE3DAD 
 2836      67F2F35B 
 2837 01a0 117F89EB 		.ascii	"\021\177\211\353\310\2449\212\017u\004s=\240Z?\356\275"
 2837      C8A4398A 
 2837      0F750473 
 2837      3DA05A3F 
 2837      EEBD
 2838 01b2 C7F257E2 		.ascii	"\307\362W\342=W\276\017\365\277\322<\344\336\252*\203"
 2838      3D57BE0F 
 2838      F5BFD23C 
 2838      E4DEAA2A 
 2838      83
 2839 01c3 5917AA6C 		.ascii	"Y\027\252l`T\037\366_u:\273\2338\201\277\351=\246\031"
 2839      60541FF6 
 2839      5F753ABB 
 2839      9B3881BF 
ARM GAS  C:\Users\PUBLIC~1.LAP\AppData\Local\Temp\cc1mJNS6.s 			page 69


 2839      E93DA619 
 2840 01d7 79BB3F96 		.ascii	"y\273?\226U\010)\230!50\267\214\342\321\222\001\214"
 2840      55082998 
 2840      213530B7 
 2840      8CE2D192 
 2840      018C
 2841 01e9 314292B8 		.ascii	"1B\222\270\254\331,\211\253\000\265\370Is\015\313S\374"
 2841      ACD92C89 
 2841      AB00B5F8 
 2841      49730DCB 
 2841      53FC
 2842 01fb 34E95F86 		.ascii	"4\351_\206l\223\272\327k\366\201Mu~\254\337\300\244"
 2842      6C93BAD7 
 2842      6BF6814D 
 2842      757EACDF 
 2842      C0A4
 2843 020d E4796063 		.ascii	"\344y`cW\377J`Q\254\336\004\023\276\362\202\217\316"
 2843      57FF4A60 
 2843      51ACDE04 
 2843      13BEF282 
 2843      8FCE
 2844 021f 8AC272F6 		.ascii	"\212\302r\366\221@zE\010\177\371\217z\215\0067\244\266"
 2844      91407A45 
 2844      087FF98F 
 2844      7A8D0637 
 2844      A4B6
 2845 0231 FCF2144F 		.ascii	"\374\362\024O\246b\267\267P\320\177\014H\307\337\311"
 2845      A662B7B7 
 2845      50D07F0C 
 2845      48C7DFC9 
 2846 0241 D5BDD639 		.ascii	"\325\275\3269\306\312\324\327\363\276\246g\357\365\357"
 2846      C6CAD4D7 
 2846      F3BEA667 
 2846      EFF5EF
 2847 0250 B42186E3 		.ascii	"\264!\206\343\013[\316\337\365\277eXrA\225\246\373\212"
 2847      0B5BCEDF 
 2847      F5BF6558 
 2847      724195A6 
 2847      FB8A
 2848 0262 8FD2EEF6 		.ascii	"\217\322\356\366\336A(@B\231 N1t\257s\316[M\347\022"
 2848      DE412840 
 2848      4299204E 
 2848      3174AF73 
 2848      CE5B4DE7 
 2849 0277 CFF947BD 		.ascii	"\317\371G\275\212\0067\264\026\356\376\204A\307\"QH"
 2849      8A0637B4 
 2849      16EEFE84 
 2849      41C72251 
 2849      48
 2850 0288 5CDDFDED 		.ascii	"\\\335\375\355\270\257\261\335\371\020\330\266-t^\367"
 2850      B8AFB1DD 
 2850      F910D8B6 
 2850      2D745EF7 
 2851 0298 25826085 		.ascii	"%\202`\205\307\242\015\213\003\002\347\306\206E\276"
 2851      C7A20D8B 
 2851      0302E7C6 
 2851      8645BE
ARM GAS  C:\Users\PUBLIC~1.LAP\AppData\Local\Temp\cc1mJNS6.s 			page 70


 2852 02a7 108A30FE 		.ascii	"\020\2120\376`\344\353\366\324\030\337\207@\341\361"
 2852      60E4EBF6 
 2852      D418DF87 
 2852      40E1F1
 2853 02b6 064210E8 		.ascii	"\006B\020\350\246D\007\366E\036\213F\326\247H$\026["
 2853      A64407F6 
 2853      451E8B46 
 2853      D6A74824 
 2853      165B
 2854 02c8 0D3E04BE 		.ascii	"\015>\004\276A\357\260e\205;\311\236\326\307\235\340"
 2854      41EFB065 
 2854      853BC99E 
 2854      D6C79DE0 
 2855 02d8 35172A5C 		.ascii	"5\027*\\\250\241P\301\002\220\200\261\305\336\002w|"
 2855      A8A150C1 
 2855      029080B1 
 2855      C5DE0277 
 2855      7C
 2856 02e9 8AEDB065 		.ascii	"\212\355\260e\333\343\313\"\217\354[dqF\270,\334\241"
 2856      DBE3CB22 
 2856      8FEC5B64 
 2856      7146B82C 
 2856      DCA1
 2857 02fb 4D4E5042 		.ascii	"MNPB\004#Q\210\314\011\032&\335\036\235\025449\030<"
 2857      04235188 
 2857      CC091A26 
 2857      DD1E9D15 
 2857      34343918 
 2858 0310 D04497AF 		.ascii	"\320D\227\257\356\334\32447\244\266\314K\367\247\002"
 2858      EEDCD434 
 2858      37A4B6CC 
 2858      4BF7A702 
 2859 0320 25FABC2C 		.ascii	"%\372\274,\034H\376\225\262\220\236R\323\257\251\177"
 2859      1C48FE95 
 2859      B2909E52 
 2859      D3AFA97F 
 2860 0330 E773CAC8 		.ascii	"\347s\312\310M\201\223\037\223j\260\243\310\201\261"
 2860      4D81931F 
 2860      936AB0A3 
 2860      C881B1
 2861 033f E73B77E8 		.ascii	"\347;w\350(J\013u\250a\030\210)\247\224C2\"\005I\222"
 2861      284A0B75 
 2861      A8611888 
 2861      29A79443 
 2861      32220549 
 2862 0354 74700219 		.ascii	"tp\002\031\252;\035\022 \0066\211\031)L\312\251\037"
 2862      AA3B1D12 
 2862      20063689 
 2862      19294CCA 
 2862      A91F
 2863 0366 D7934891 		.ascii	"\327\223H\221~\373\377\236\372\362\213\336{\360\253"
 2863      7EFBFF9E 
 2863      FAF28BDE 
 2863      7BF0AB
 2864 0375 09C0319E 		.ascii	"\011\3001\236\2477\332Ny\315\202S\351\364 M\324\242"
 2864      A737DA4E 
 2864      79CD8253 
ARM GAS  C:\Users\PUBLIC~1.LAP\AppData\Local\Temp\cc1mJNS6.s 			page 71


 2864      E9F4204D 
 2864      D4A2
 2865 0387 31C85AA7 		.ascii	"1\310Z\247Di\220\226l\245?\030\031`\317+\177\004\330"
 2865      44699096 
 2865      6CA53F18 
 2865      1960CF2B 
 2865      7F04D8
 2866 039a 976CA775 		.ascii	"\227l\247u\350!;\202\344\341\310\316\014\366;\344\276"
 2866      E8213B82 
 2866      E4E1C8CE 
 2866      0CF63BE4 
 2866      BE
 2867 03ab D6C04FD1 		.ascii	"\326\300O\321(\241E\360\214\345F\034\312H\3368A\231"
 2867      28A145F0 
 2867      8CE5461C 
 2867      CA48DE38 
 2867      4199
 2868 03bd ADDBFC7B 		.ascii	"\255\333\374{\000 \371\253\355\210fMi\021\024$$\373"
 2868      0020F9AB 
 2868      ED88664D 
 2868      69111424 
 2868      24FB
 2869 03cf 69D43070 		.ascii	"i\3240p\036\030^\205\271m\316|\034]\321\022- \372\310"
 2869      1E185E85 
 2869      B96DCE7C 
 2869      1C5DD112 
 2869      2D20FAC8 
 2870 03e3 8A03BE83 		.ascii	"\212\003\276\203\344\261\245\274\222W\031\307\216\217"
 2870      E4B1A5BC 
 2870      925719C7 
 2870      8E8F
 2871 03f1 0B447791 		.ascii	"\013Dw\2218\342\376!\357\005\201\325A\272\374\217\214"
 2871      38E2FE21 
 2871      EF0581D5 
 2871      41BAFC8F 
 2871      8C
 2872 0402 08E34202 		.ascii	"\010\343B\002\372i\352\334F9\356^?\265!|\223\260\317"
 2872      FA69EADC 
 2872      4639EE5E 
 2872      3FB5217C 
 2872      93B0CF
 2873 0415 4FA5BA39 		.ascii	"O\245\2729\327\355}|\226\226p\035\271>H\022}\342)6c"
 2873      D7ED7D7C 
 2873      9696701D 
 2873      B93E4812 
 2873      7DE22936 
 2874 042a C38F9033 		.ascii	"\303\217\2203\203o\314\021\242\202\330?\255E*(\232c"
 2874      836FCC11 
 2874      A282D83F 
 2874      AD452A28 
 2874      9A63
 2875 043c 7D8A7D55 		.ascii	"}\212}U\001"
 2875      01
 2876              		.text
 2877              		.section	.gnu.lto_chCondSignalI.2951.840cc3cf,"e",%progbits
 2878 0000 28B52FFD 		.ascii	"(\265/\375`\314\003\365\031\000&\254\240G\260XUc\360"
 2878      60CC03F5 
ARM GAS  C:\Users\PUBLIC~1.LAP\AppData\Local\Temp\cc1mJNS6.s 			page 72


 2878      190026AC 
 2878      A047B058 
 2878      5563F0
 2879 0013 658A71EC 		.ascii	"e\212q\354W\011\3748#,\370\264\236\247[Q\352\314\037"
 2879      5709FC38 
 2879      232CF8B4 
 2879      9EA75B51 
 2879      EACC1F
 2880 0026 D256064C 		.ascii	"\322V\006L\337\267\256c\002\304\375x\002\326\246l\242"
 2880      DFB7AE63 
 2880      02C4FD78 
 2880      02D6A66C 
 2880      A2
 2881 0037 F56745B9 		.ascii	"\365gE\271\315\300\037p\272\306\036\307\351nk\2317\336"
 2881      CDC01F70 
 2881      BAC61EC7 
 2881      E96E6B99 
 2881      37DE
 2882 0049 12CECC61 		.ascii	"\022\316\314a\213\324\334\370rK\231R\201\000\213\000"
 2882      8BD4DCF8 
 2882      724B9952 
 2882      81008B00 
 2883 0059 910013CE 		.ascii	"\221\000\023\316\004\267\257\"\263\322#\375\374hG\236"
 2883      04B7AF22 
 2883      B3D223FD 
 2883      FC68479E 
 2884 0069 57C84090 		.ascii	"W\310@\220\026 \341\324\2553\224\267~\220\037\233uK"
 2884      1620E1D4 
 2884      AD3394B7 
 2884      7E901F9B 
 2884      754B
 2885 007b 59764B88 		.ascii	"YvK\210yj_x \274\027\251\360\352^\243\250\246{\317\005"
 2885      796A5F78 
 2885      20BC17A9 
 2885      F0EA5EA3 
 2885      A8A67BCF 
 2886 0090 7650DEC2 		.ascii	"vP\336\302\356R\335\222o\251n\315\263\261\374\344p\217"
 2886      EE52DD92 
 2886      6FA96ECD 
 2886      B3B1FCE4 
 2886      708F
 2887 00a2 4894A6EE 		.ascii	"H\224\246\356\275\261\272\343\274\223\225\362\374\017"
 2887      BDB1BAE3 
 2887      BC9395F2 
 2887      FC0F
 2888 00b0 BFFA0157 		.ascii	"\277\372\001W\234\234\361J\026\250\"\345G\000\240\217"
 2888      9C9CF14A 
 2888      16A822E5 
 2888      4700A08F 
 2889 00c0 44500347 		.ascii	"DP\003G\361\303S\027@\026\224\316T\270\367\232\376\200"
 2889      F1C35317 
 2889      401694CE 
 2889      54B8F79A 
 2889      FE80
 2890 00d2 316E7BDB 		.ascii	"1n{\333\030l\003\331\325K?\032=J\3064MG\004'\006y\021"
 2890      186C03D9 
 2890      D54B3F1A 
ARM GAS  C:\Users\PUBLIC~1.LAP\AppData\Local\Temp\cc1mJNS6.s 			page 73


 2890      3D4AC634 
 2890      4D470427 
 2891 00e9 87C74BC5 		.ascii	"\207\307K\305\330'\013Zu\330'o\315a\223\324%ImIj\362"
 2891      D8270B5A 
 2891      75D8276F 
 2891      CD6193D4 
 2891      25496D49 
 2892 00ff 453F6509 		.ascii	"E?e\0110\2061\032R\300\343\2740\312\214\271T\354\022"
 2892      3086311A 
 2892      52C0E3BC 
 2892      30CA8CB9 
 2892      54EC12
 2893 0112 1F3E9117 		.ascii	"\037>\221\027\375#f\231\227\273\021\237h\205<M1\351"
 2893      FD236699 
 2893      97BB119F 
 2893      68853C4D 
 2893      31E9
 2894 0124 6298243D 		.ascii	"b\230$=\323\221\356\200\013\242\226\321\364R\213\211"
 2894      D391EE80 
 2894      0BA296D1 
 2894      F4528B89 
 2895 0134 6917B991 		.ascii	"i\027\271\221\327H=>)\011}%\221\234\257\364\0222\355"
 2895      D7483D3E 
 2895      29097D25 
 2895      919CAFF4 
 2895      1232ED
 2896 0147 2BE53E44 		.ascii	"+\345>D\007\363\235Wh&K\017 a\357I?7\362\317\236'\341"
 2896      07F39D57 
 2896      68264B0F 
 2896      2061EF49 
 2896      3F37F2CF 
 2897 015e BD9775A4 		.ascii	"\275\227u\244\243\035\314w\006`H\235G\351\000\360\270"
 2897      A31DCC77 
 2897      0660489D 
 2897      47E900F0 
 2897      B8
 2898 016f 866A7029 		.ascii	"\206jp)k\023\035\225\362\251Q\250_\227\242M\334\250"
 2898      6B131D95 
 2898      F2A951A8 
 2898      5F97A24D 
 2898      DCA8
 2899 0181 F3A17035 		.ascii	"\363\241p5\235\352\266\254/\343\224\243\255/\236\302"
 2899      9DEAB6AC 
 2899      2FE394A3 
 2899      AD2F9EC2 
 2900 0191 91AF8C4F 		.ascii	"\221\257\214O\210\277\015c\023\246\177\270\261t\032"
 2900      88BF0D63 
 2900      13A67FB8 
 2900      B1741A
 2901 01a0 A213051E 		.ascii	"\242\023\005\036_8\251U\207\255d\0350\004\213\217\206"
 2901      5F38A955 
 2901      87AD641D 
 2901      30048B8F 
 2901      86
 2902 01b1 F987B756 		.ascii	"\371\207\267V\202A[zI6q'Zy\257\317\364\227\370\234\360"
 2902      82415B7A 
 2902      49367127 
ARM GAS  C:\Users\PUBLIC~1.LAP\AppData\Local\Temp\cc1mJNS6.s 			page 74


 2902      5A79AFCF 
 2902      F497F89C 
 2903 01c6 8976AA5B 		.ascii	"\211v\252[[]W\216\236\364\225\323\224\343\371\323\220"
 2903      5B5D578E 
 2903      9EF495D3 
 2903      94E3F9D3 
 2903      90
 2904 01d7 11F5828B 		.ascii	"\021\365\202\213\027\262\036\351\260\336\233t\004\244"
 2904      17B21EE9 
 2904      B0DE9B74 
 2904      04A4
 2905 01e5 7E368A2B 		.ascii	"~6\212+\251\225\367^3\211O\012\003A\"\025\265\"\011"
 2905      A995F75E 
 2905      33894F0A 
 2905      03412215 
 2905      B52209
 2906 01f8 361CB5DD 		.ascii	"6\034\265\335\263\232\033\356F\333\231\311b:%r;2\036"
 2906      B39A1BEE 
 2906      46DB99C9 
 2906      623A2572 
 2906      3B321E
 2907 020b DA8D2D05 		.ascii	"\332\215-\005\365\015\016\004\234\233\007\020\"\324"
 2907      F50D0E04 
 2907      9C9B0710 
 2907      22D4
 2908 0219 08B0C9A8 		.ascii	"\010\260\311\250e5%xj\262\231,&\353\271\305p=\261[-"
 2908      65352578 
 2908      6AB2992C 
 2908      26EBB9C5 
 2908      703DB15B 
 2909 022e D661038D 		.ascii	"\326a\003\215\004mf!\307l\300\300\206B\007\227\263\233"
 2909      046D6621 
 2909      C76CC0C0 
 2909      86420797 
 2909      B39B
 2910 0240 E5683B22 		.ascii	"\345h;\"F\330\330\344H\270`s\366N\336\232\303\036\276"
 2910      46D8D8E4 
 2910      48B86073 
 2910      F64EDE9A 
 2910      C31EBE
 2911 0253 243EA1D2 		.ascii	"$>\241\322\253=\322Em\265=|\240\377\031\347\206\257"
 2911      AB3DD245 
 2911      6DB53D7C 
 2911      A0FF19E7 
 2911      86AF
 2912 0265 5E532293 		.ascii	"^S\"\223\343\235Q\331 .%\004\200\240E<\312\010(8Y\225"
 2912      E39D51D9 
 2912      202E2504 
 2912      80A0453C 
 2912      CA082838 
 2913 027b BAA96E5D 		.ascii	"\272\251n]\301/\224\010U\244\310\364/]C\213\241\240"
 2913      C12F9408 
 2913      55A4C8F4 
 2913      2F5D438B 
 2913      A1A0
 2914 028d 2DC652A8 		.ascii	"-\306R\250!(\246\224T\312\220\315hA\012\012\222\003"
 2914      2128A694 
ARM GAS  C:\Users\PUBLIC~1.LAP\AppData\Local\Temp\cc1mJNS6.s 			page 75


 2914      54CA90CD 
 2914      68410A0A 
 2914      9203
 2915 029f 600299B1 		.ascii	"`\002\231\261\273\016\022\300\025.\251-\313\254[\377"
 2915      BB0E12C0 
 2915      152EA92D 
 2915      CBAC5BFF 
 2916 02af 0C9AAB2C 		.ascii	"\014\232\253,\370*\257\327\353q\2214\011\222\365\210"
 2916      F82AAFD7 
 2916      EB719134 
 2916      0992F588 
 2917 02bf BD29AC0C 		.ascii	"\275)\254\014\237u#\0053\022\332\314\370\247\201\361"
 2917      9F752305 
 2917      3312DACC 
 2917      F8A781F1 
 2918 02cf B0053FCE 		.ascii	"\260\005?\316\322E\245\317KQ\345\360D\023\207fhaJl9"
 2918      D245A5CF 
 2918      4B51E5F0 
 2918      44138766 
 2918      68614A6C 
 2919 02e4 E5ED7879 		.ascii	"\345\355xy\265\203\277\246!\347P8\241\344\213<?MH\216"
 2919      B583BFA6 
 2919      21E75038 
 2919      A1E48B3C 
 2919      3F4D488E 
 2920 02f8 AE68FE20 		.ascii	"\256h\376 5\237\030M 1\020\242`f\335O\324^{\012\343"
 2920      359F184D 
 2920      203110A2 
 2920      6066DD4F 
 2920      D45E7B0A 
 2921 030d 807F3EF4 		.ascii	"\200\177>\364~\264\211\261N\357\206\301\271Dy\257\264"
 2921      7EB489B1 
 2921      4EEF86C1 
 2921      B94479AF 
 2921      B4
 2922 031e E5E83537 		.ascii	"\345\35057\216\037\012\257\373O\317\010\001\370\276"
 2922      8E1F0AAF 
 2922      FB4FCF08 
 2922      01F8BE
 2923 032d 77448639 		.ascii	"wD\2069\313H\274\300+/\010\364f\347\325\267\216ZS\177"
 2923      CB48BCC0 
 2923      2B2F08F4 
 2923      66E7D5B7 
 2923      8E5A537F 
 2924 0341 98692A37 		.ascii	"\230i*7\005\332\253"
 2924      05DAAB
 2925              		.text
 2926              		.section	.gnu.lto_chCondBroadcast.2952.840cc3cf,"e",%progbits
 2927 0000 28B52FFD 		.ascii	"(\265/\375`\250\002\305\023\000\346\341\177J\320P\247"
 2927      60A802C5 
 2927      1300E6E1 
 2927      7F4AD050 
 2927      A7
 2928 0011 31DC4566 		.ascii	"1\334Ef\236\2474\370b\335\273A\011\322\213\210\237\251"
 2928      9EA734F8 
 2928      62DDBB41 
 2928      09D28B88 
ARM GAS  C:\Users\PUBLIC~1.LAP\AppData\Local\Temp\cc1mJNS6.s 			page 76


 2928      9FA9
 2929 0023 BA4129C8 		.ascii	"\272A)\310!\371\266\033\202\314\312\020m\006\2121p\217"
 2929      21F9B61B 
 2929      82CCCA10 
 2929      6D068A31 
 2929      708F
 2930 0035 D048B019 		.ascii	"\320H\260\031\301_\267\031*\301\207\367\200\321\203"
 2930      C15FB719 
 2930      2AC187F7 
 2930      80D183
 2931 0044 FAB46BFF 		.ascii	"\372\264k\377\314\274\261\243\206\016\374\272u\202\206"
 2931      CCBCB1A3 
 2931      860EFCBA 
 2931      758286
 2932 0053 B0D19629 		.ascii	"\260\321\226)\005`\000j\000s\000~a\371\202z\2713\231"
 2932      0560006A 
 2932      0073007E 
 2932      61F9827A 
 2932      B93399
 2933 0066 E405D2BD 		.ascii	"\344\005\322\275Wv\321o\252\261e\027\255\314\006!qr"
 2933      5776D16F 
 2933      AAB16517 
 2933      ADCC0621 
 2933      7172
 2934 0078 6B1FE949 		.ascii	"k\037\351I\272+qp\354^&\254\252{W\021\227x\\\234=\300"
 2934      BA2B7170 
 2934      EC5E26AC 
 2934      AA7B5711 
 2934      97785C9C 
 2935 008e EB62C741 		.ascii	"\353b\307A^\027\255\263c|\225p\177Y86\356\275c\030\342"
 2935      5E17ADB3 
 2935      637C9570 
 2935      7F593836 
 2935      EEBD6318 
 2936 00a3 BA5B9DFF 		.ascii	"\272[\235\377\245\307tzlna\015\356\275\266:=>wx\333"
 2936      A5C7747A 
 2936      6C6E610D 
 2936      EEBDB63A 
 2936      3D3E7778 
 2937 00b8 05EC1BB0 		.ascii	"\005\354\033\260-\205v\210\215\315\341\257\217M5=\375"
 2937      2D857688 
 2937      8DCDE1AF 
 2937      8F4D353D 
 2937      FD
 2938 00c9 1FA69080 		.ascii	"\037\246\220\200hd\0359\375<\242\036\017\227U\360<\241"
 2938      68641D39 
 2938      FD3CA21E 
 2938      0F9755F0 
 2938      3CA1
 2939 00db 163BC0E0 		.ascii	"\026;\300\340\251z~\327\336\260\327\235\015A\330\357"
 2939      A97A7ED7 
 2939      DEB0D79D 
 2939      0D41D8EF 
 2940 00eb B861917D 		.ascii	"\270a\221}\245\337\302>`$U\215H\021\261^\236\0348\256"
 2940      A5DFC23E 
 2940      6024558D 
 2940      4811B15E 
ARM GAS  C:\Users\PUBLIC~1.LAP\AppData\Local\Temp\cc1mJNS6.s 			page 77


 2940      9E1C38AE 
 2941 00ff 0B514509 		.ascii	"\013QE\011\333\367\241.\205{\224a[\276.\014\367\371"
 2941      DBF7A12E 
 2941      857B9461 
 2941      5BBE2E0C 
 2941      F7F9
 2942 0111 C5B50B52 		.ascii	"\305\265\013R\317\344\233\370\365\240p\366\327\232?"
 2942      CFE49BF8 
 2942      F5A070F6 
 2942      D79A3F
 2943 0120 192663D7 		.ascii	"\031&c\327\245\341N\001$\011jhy{\311\231\270s\006\246"
 2943      A5E14E01 
 2943      24096A68 
 2943      797BC999 
 2943      B87306A6 
 2944 0134 C2C8C8CB 		.ascii	"\302\310\310\313\202\007#\353\315\303\"\243\02493n\302"
 2944      820723EB 
 2944      CDC322A3 
 2944      1439336E 
 2944      C2
 2945 0145 1BFB543D 		.ascii	"\033\373T=\251\307\246\200\242|V\370\234x\270\202\004"
 2945      A9C7A680 
 2945      A27C56F8 
 2945      9C78B882 
 2945      04
 2946 0156 58FC427E 		.ascii	"X\374B~\325t`\350\3507\340\212\350\274!\241\035`\220"
 2946      D57460E8 
 2946      E837E08A 
 2946      E8BC21A1 
 2946      1D6090
 2947 0169 07C0DAA5 		.ascii	"\007\300\332\245\314.\274\226\375\310\254\015\355\013"
 2947      CC2EBC96 
 2947      FDC8AC0D 
 2947      ED0B
 2948 0177 A8BD8E67 		.ascii	"\250\275\216g8\341\365\227\336\001D\221\243%\300\252"
 2948      38E1F597 
 2948      DE014491 
 2948      A325C0AA 
 2949 0187 8691D5D6 		.ascii	"\206\221\325\326\016P\353'l\307R\217\016\366\007\301"
 2949      0E50EB27 
 2949      6CC7528F 
 2949      0EF607C1 
 2950 0197 45EBC10F 		.ascii	"E\353\301\017>ge\316\226\242%\012\3639\2139\325\032"
 2950      3E6765CE 
 2950      96A2250A 
 2950      F3398B39 
 2950      D51A
 2951 01a9 E9619346 		.ascii	"\351a\223F\22220\352\251\242,ciKWF\027\026\227\226\225"
 2951      923230EA 
 2951      A9A22C63 
 2951      694B5746 
 2951      17169796 
 2952 01be F1B6A184 		.ascii	"\361\266\241\204`\223V\332ZDN2\264Lp0\2527[Z\033iR\024"
 2952      609356DA 
 2952      5A444E32 
 2952      B44C7030 
 2952      AA375B5A 
ARM GAS  C:\Users\PUBLIC~1.LAP\AppData\Local\Temp\cc1mJNS6.s 			page 78


 2953 01d6 4D490636 		.ascii	"MI\0066ijN5\311\261\214\301\315\2204g\211MTPTL\024\240"
 2953      696A4E35 
 2953      C9B18CC1 
 2953      CD903467 
 2953      894D5450 
 2954 01ee A4D03E6A 		.ascii	"\244\320>j\2445I\213\241II\223\034I\233:\336l\243\232"
 2954      A435498B 
 2954      A1494993 
 2954      1C499B3A 
 2954      DE6CA39A 
 2955 0202 8E2E114E 		.ascii	"\216.\021N\013\247\271\362r\0225 \260\002\031\034\363"
 2955      0BA7B9F2 
 2955      72123520 
 2955      B002191C 
 2955      F3
 2956 0213 93C6D880 		.ascii	"\223\306\330\200>\360`\020\\\012\206\010\354%\276(\020"
 2956      3EF06010 
 2956      5C0A8608 
 2956      EC25BE28 
 2956      10
 2957 0224 5FC043C9 		.ascii	"_\300C\311\013_%\034l\240\247u\016s\277#\207[\030FL"
 2957      0B5F251C 
 2957      6CA0A775 
 2957      0E73BF23 
 2957      875B1846 
 2958 0239 37C83B0C 		.ascii	"7\310;\014\252{\214\351\210ld5\320o3p\273\271\224\335"
 2958      AA7B8CE9 
 2958      886C6435 
 2958      D06F3370 
 2958      BBB994DD 
 2959 024d 95367AB0 		.ascii	"\2256z\260\234(\205\253\266,\216F{\304\246sa\035\035"
 2959      9C2885AB 
 2959      B62C8E46 
 2959      7BC4A673 
 2959      611D1D
 2960 0260 6614BCFB 		.ascii	"f\024\274\373p\"$\336@\340\003\341\022\302\005#$sp@"
 2960      702224DE 
 2960      40E003E1 
 2960      12C20523 
 2960      24737040 
 2961 0274 E0033923 		.ascii	"\340\0039#\263Y\263VD\301\213k\221\001"
 2961      B359B356 
 2961      44C18B6B 
 2961      9101
 2962              		.text
 2963              		.section	.gnu.lto_chCondBroadcastI.2953.840cc3cf,"e",%progbits
 2964 0000 28B52FFD 		.ascii	"(\265/\375`\254\003\275\031\0006\254\241H\240\330Qc"
 2964      60AC03BD 
 2964      190036AC 
 2964      A148A0D8 
 2964      5163
 2965 0012 10A1D0FD 		.ascii	"\020\241\320\375L\364\026\340\244\247\360j\036\316\373"
 2965      4CF416E0 
 2965      A4A7F06A 
 2965      1ECEFB
 2966 0021 C2F29C52 		.ascii	"\302\362\234Re\023\326\213z\015\256,\"Y\3206u\001j\015"
 2966      6513D68B 
ARM GAS  C:\Users\PUBLIC~1.LAP\AppData\Local\Temp\cc1mJNS6.s 			page 79


 2966      7A0DAE2C 
 2966      2259D036 
 2966      75016A0D 
 2967 0035 1D8838AA 		.ascii	"\035\2108\252\"\214\200\343\226Ae\311\\\255\243#S\214"
 2967      228C80E3 
 2967      964165C9 
 2967      5CADA323 
 2967      538C
 2968 0047 27CF8FBD 		.ascii	"'\317\217\275t\215\244\211\205\255m\271\245L)\203\000"
 2968      748DA489 
 2968      85AD6DB9 
 2968      A54C2983 
 2968      00
 2969 0058 8C008E00 		.ascii	"\214\000\216\000\301\362\274K4&\254\224x\362\272\365"
 2969      C1F2BC4B 
 2969      3426AC94 
 2969      78F2BAF5 
 2970 0068 84D8ADDF 		.ascii	"\204\330\255\337\303\310\236\335\322\231-\343u;\265"
 2970      C3C89EDD 
 2970      D2992DE3 
 2970      753BB5
 2971 0077 FF7428E1 		.ascii	"\377t(\341\243DXv/\217&C\356=\017XA\354\266\366\031"
 2971      A3445876 
 2971      2F8F2643 
 2971      EE3D0F58 
 2971      41ECB6F6 
 2972 008c F3B6BC00 		.ascii	"\363\266\274\000\363\326B\233\312\317\013\027\251\245"
 2972      F3D6429B 
 2972      CACF0B17 
 2972      A9A5
 2973 009a CAEBDE6B 		.ascii	"\312\353\336k\2534\\R\341mY\251\320\247NQ\212F\022\267"
 2973      AB345C52 
 2973      E16D59A9 
 2973      D0A74E51 
 2973      8A4612B7 
 2974 00ae 250C0945 		.ascii	"%\014\011E\016\000F\2442'\331\265u\251\323$\343\021"
 2974      0E0046A4 
 2974      3227D9B5 
 2974      75A9D324 
 2974      E311
 2975 00c0 2D75AC78 		.ascii	"-u\254x\275\324\313\035NB\212\306\025\2470\010\367^"
 2975      BDD4CB1D 
 2975      4E428AC6 
 2975      15A73008 
 2975      F75E
 2976 00d2 D3A251E9 		.ascii	"\323\242Q\3516o\033\310\366\221]\241\002[*\326\021$"
 2976      366F1BC8 
 2976      F6915DA1 
 2976      025B2AD6 
 2976      1124
 2977 00e4 63F50C0B 		.ascii	"c\365\014\013\222\300\265\222\320\264\216 /M\332\347"
 2977      92C0B592 
 2977      D0B48E20 
 2977      2F4DDAE7 
 2978 00f4 11AD32EC 		.ascii	"\021\2552\354\3474%\273\\cXVR\307JjkR\227\217\372+\214"
 2978      E73425BB 
 2978      5C635856 
ARM GAS  C:\Users\PUBLIC~1.LAP\AppData\Local\Temp\cc1mJNS6.s 			page 80


 2978      52C74A6A 
 2978      6B52978F 
 2979 010b 8C17A8AD 		.ascii	"\214\027\250\255\034\005j\234\027\305\027.\367\211\335"
 2979      1C056A9C 
 2979      17C5172E 
 2979      F789DD
 2980 011a 72F2AD9E 		.ascii	"r\362\255\236\345\377\360\314\302\037\226U\352\362t"
 2980      E5FFF0CC 
 2980      C21F9655 
 2980      EAF274
 2981 0129 0554BA95 		.ascii	"\005T\272\225\364WG\340S\004x\221t\243\313\352\347W"
 2981      F45747E0 
 2981      53047891 
 2981      74A3CBEA 
 2981      E757
 2982 013b D1966EF6 		.ascii	"\321\226n\366\253~\367\001\254\021\317\273\004\253\202"
 2982      AB7EF701 
 2982      AC11CFBB 
 2982      04AB82
 2983 014a A3C4D3F0 		.ascii	"\243\304\323\360TF\347\341\237\025\006\227\331\255\355"
 2983      5446E7E1 
 2983      9F150697 
 2983      D9ADED
 2984 0159 4F1D8335 		.ascii	"O\035\2035\342\331\3404pK\213\272U\372)\243\037\003"
 2984      E2D9E034 
 2984      704B8BBA 
 2984      55FA29A3 
 2984      1F03
 2985 016b 45163149 		.ascii	"E\0261IY\312{\357-G\034f\332\034n\304\347UM\376y\021"
 2985      59CA7BEF 
 2985      2D471C66 
 2985      DA1C6EC4 
 2985      E7554DFE 
 2986 0181 1C911041 		.ascii	"\034\221\020A\016\244\334{}\346\355\2014i\201\241\262"
 2986      0EA4DC7B 
 2986      7DE6ED81 
 2986      346981A1 
 2986      B2
 2987 0192 6AEB3CD0 		.ascii	"j\353<\320\027\313:c\"\326k?\353\265!M\376R\2470#i\242"
 2987      17CB3A63 
 2987      22D66B3F 
 2987      EBB5214D 
 2987      FE52A730 
 2988 01a9 8B6B8BFD 		.ascii	"\213k\213\375\360!\300\030\241\031\033-\256\304j\020"
 2988      F021C018 
 2988      A1191B2D 
 2988      AEC46A10 
 2989 01b9 20955244 		.ascii	" \225RD\215\024\261d\231w \300\330\275\367\346k\355"
 2989      8D14B164 
 2989      997720C0 
 2989      D8BDF7E6 
 2989      6BED
 2990 01cb 86FC1B40 		.ascii	"\206\374\033@\3636ViS\216C\352\305\347r\202\224\325"
 2990      F3365669 
 2990      538E43EA 
 2990      C5E77282 
 2990      94D5
ARM GAS  C:\Users\PUBLIC~1.LAP\AppData\Local\Temp\cc1mJNS6.s 			page 81


 2991 01dd 67FD01D3 		.ascii	"g\375\001\323\360\307e\\K\220X\277\013.$'\256d\261\365"
 2991      F0C7655C 
 2991      4B9058BF 
 2991      0B2E2427 
 2991      AE64B1F5 
 2992 01f1 57E7611A 		.ascii	"W\347a\032\322\244\251V\275;W\343#\362\351v9\234-\010"
 2992      D2A4A956 
 2992      BD3B57E3 
 2992      23F2E976 
 2992      399C2D08 
 2993 0205 E8B7C309 		.ascii	"\350\267\303\011\351nzC\3247:8:7\013prjdz8j\\\015\220"
 2993      E96E7A43 
 2993      D4373A38 
 2993      3A370B70 
 2993      726A647A 
 2994 021e 100F97C3 		.ascii	"\020\017\227\303\331p |6\"\0206\037\317\306cA\327A\227"
 2994      D970207C 
 2994      36221036 
 2994      1FCFC663 
 2994      41D74197 
 2995 0232 DBE9B925 		.ascii	"\333\351\271%@\320\373\020D\324\023\314\375t;\237\037"
 2995      40D0FB10 
 2995      44D413CC 
 2995      FD743B9F 
 2995      1F
 2996 0243 1B9B1E06 		.ascii	"\033\233\036\006\021l\316\341k\014W\370z2\254C[eXVm"
 2996      116CCEE1 
 2996      6B0C57F8 
 2996      7A32AC43 
 2996      5B655856 
 2997 0258 DDA142A4 		.ascii	"\335\241B\244_\022\254\276\250\314{\023\014\261{\211"
 2997      5F12ACBE 
 2997      A8CC7B13 
 2997      0CB17B89 
 2998 0268 379F4951 		.ascii	"7\237IQ\006\007\315[Y\235\231r\244\272\214\210\223\363"
 2998      0607CD5B 
 2998      599D9972 
 2998      A4BA8C88 
 2998      93F3
 2999 027a 67A142C9 		.ascii	"g\241B\311\224\022 MS\321\326\360$CH\2126\014\020a\336"
 2999      9412204D 
 2999      53D1D6F0 
 2999      2443488A 
 2999      360C1061 
 3000 028f DA5AA104 		.ascii	"\332Z\241\004M\250A \244\234r\006)C2\024hI\232\003p"
 3000      4DA84120 
 3000      A49C7206 
 3000      29433214 
 3000      68499A03 
 3001 02a4 02193A33 		.ascii	"\002\031:3\017\022\000&:'\251\313\254[\377\014\232u"
 3001      0F120026 
 3001      3A27A9CB 
 3001      AC5BFF0C 
 3001      9A75
 3002 02b6 54F025AD 		.ascii	"T\360%\255\253u>}\203\224F\361zi\027\355\357\364\266"
 3002      AB753E7D 
 3002      839446F1 
ARM GAS  C:\Users\PUBLIC~1.LAP\AppData\Local\Temp\cc1mJNS6.s 			page 82


 3002      7A6917ED 
 3002      EFF4B6
 3003 02c9 314019B8 		.ascii	"1@\031\270\304\2043\265\375\3563q\353N\351\333\177\213"
 3003      C48433B5 
 3003      FDEE3371 
 3003      EB4EE9DB 
 3003      7F8B
 3004 02db 845A6F15 		.ascii	"\204Zo\025ZQ0)\302K\335\355\026f$R<\020\263\226\016"
 3004      5A513029 
 3004      C24BDDED 
 3004      16662452 
 3004      3C10B396 
 3005 02f0 89282222 		.ascii	"\211(\"\"9\001\355HO\033\351G\244\013\010\031q\312D"
 3005      3901ED48 
 3005      4F1BE947 
 3005      A40B0819 
 3005      71CA44
 3006 0303 9222478B 		.ascii	"\222\"G\213S\013Hc\267Q\374b>\355\345%`\310\243\244"
 3006      530B4863 
 3006      B751FC62 
 3006      3EEDE525 
 3006      60C8A3A4 
 3007 0317 43FC970A 		.ascii	"C\374\227\012\205\301\023j\370\015\330\370\204\261\222"
 3007      85C1136A 
 3007      F80DD8F8 
 3007      84B192
 3008 0326 8E677991 		.ascii	"\216gy\221\361\360\242\202\376?\337\264T\262V\325=\212"
 3008      F1F0A282 
 3008      FE3FDFB4 
 3008      54B256D5 
 3008      3D8A
 3009 0338 944A7E02 		.ascii	"\224J~\002iL\325G\005"
 3009      694CD547 
 3009      05
 3010              		.text
 3011              		.section	.gnu.lto_chCondWait.2954.840cc3cf,"e",%progbits
 3012 0000 28B52FFD 		.ascii	"(\265/\375`\340\002%\025\000\026%\213J\240\024Vc\204"
 3012      60E00225 
 3012      15001625 
 3012      8B4AA014 
 3012      566384
 3013 0013 B7EB9699 		.ascii	"\267\353\226\2314\206\374\011\312\300\035\220\345\357"
 3013      3486FC09 
 3013      CAC01D90 
 3013      E5EF
 3014 0021 52DE55F4 		.ascii	"R\336U\364\300\263g^\340\014<NCOC%\266\252\211\274\332"
 3014      C0B3675E 
 3014      E00C3C4E 
 3014      434F4325 
 3014      B6AA89BC 
 3015 0036 8B9CBECF 		.ascii	"\213\234\276\317Iz\222qxu\327Z*v\342\304\305}\270\226"
 3015      497A9271 
 3015      7875D75A 
 3015      2A76E2C4 
 3015      C57DB896 
 3016 004a 13344982 		.ascii	"\0234I\202\210RsL\337\337\356-S\012m\000s\000|\000\177"
 3016      8852734C 
ARM GAS  C:\Users\PUBLIC~1.LAP\AppData\Local\Temp\cc1mJNS6.s 			page 83


 3016      DFDFEE2D 
 3016      530A6D00 
 3016      73007C00 
 3017 005f F9318036 		.ascii	"\3711\2006\355/k\357\370F\323N\210\340\354bP\306CB\200"
 3017      ED2F6BEF 
 3017      F846D34E 
 3017      88E0EC62 
 3017      50C64342 
 3018 0074 4FD38A24 		.ascii	"O\323\212$\367^\005\1779\346\204\007\316\332C\201\360"
 3018      F75E057F 
 3018      39E68407 
 3018      CEDA4381 
 3018      F0
 3019 0085 ECDEA28F 		.ascii	"\354\336\242\217\033\367\036W|\223\375e\333\207q\342"
 3019      1BF71E57 
 3019      7C93FD65 
 3019      DB8771E2 
 3020 0095 8E83E7F1 		.ascii	"\216\203\347\361BQi\003\271\344\336\213\326>\000\366"
 3020      42516903 
 3020      B9E4DE8B 
 3020      D63E00F6 
 3021 00a5 D77914D8 		.ascii	"\327y\024\330_\246\212\007o\203\376\215?_@!\001\032"
 3021      5FA68A07 
 3021      6F83FE8D 
 3021      3F5F4021 
 3021      011A
 3022 00b7 E2B98D49 		.ascii	"\342\271\215I\270\367\332\002\015\021\335\346m#\260"
 3022      B8F7DA02 
 3022      0D11DDE6 
 3022      6D23B0
 3023 00c6 9FC0B63E 		.ascii	"\237\300\266>\001\303\023B\234\216\277\221\322\260\210"
 3023      01C31342 
 3023      9C8EBF91 
 3023      D2B088
 3024 00d5 4999A5BC 		.ascii	"I\231\245\274\321Q\220\240\2452\000\326k\340H^\333e"
 3024      D15190A0 
 3024      A53200D6 
 3024      6BE0485E 
 3024      DB65
 3025 00e7 1F7BAC99 		.ascii	"\037{\254\231\302\376yM\024\366\213\367y\250\337\306"
 3025      C2FE794D 
 3025      14F68BF7 
 3025      79A8DFC6 
 3026 00f7 507A3C11 		.ascii	"Pz<\021\237 4\035\257P\023&w\310+\207\213\027\177\373"
 3026      9F20341D 
 3026      AF501326 
 3026      77C82B87 
 3026      8B177FFB 
 3027 010b 3EF256EB 		.ascii	">\362V\353\253\034\343\242\372\341\235\312\260eO\022"
 3027      AB1CE3A2 
 3027      FAE19DCA 
 3027      B0654F12 
 3028 011b 8747F946 		.ascii	"\207G\371F\204C\344j\177\312\246\031x)\307\216\210\370"
 3028      8443E46A 
 3028      7FCAA619 
 3028      7829C78E 
 3028      88F8
ARM GAS  C:\Users\PUBLIC~1.LAP\AppData\Local\Temp\cc1mJNS6.s 			page 84


 3029 012d D1F9D130 		.ascii	"\321\371\3210 2\222\206\036\036\345\333\016\342\275"
 3029      20329286 
 3029      1E1EE5DB 
 3029      0EE2BD
 3030 013c 97163A1D 		.ascii	"\227\026:\035\025\247&\003\013\013\315\003\012,G\341"
 3030      15A72603 
 3030      0B0BCD03 
 3030      0A2C47E1 
 3031 014c EDD36C59 		.ascii	"\355\323lY\022\232B\337x\225\026#h,Y}vU\242\212H\007"
 3031      129A42DF 
 3031      78951623 
 3031      682C597D 
 3031      7655A28A 
 3032 0162 55541193 		.ascii	"UT\021\223\322\000V2E\313\230<\200\344\224,\240\245"
 3032      D2005632 
 3032      45CB983C 
 3032      80E4942C 
 3032      A0A5
 3033 0174 84FC8D90 		.ascii	"\204\374\215\220\216\202\226\312\037\247\371\342kB\333"
 3033      8E8296CA 
 3033      1FA7F9E2 
 3033      6B42DB
 3034 0183 6500D69A 		.ascii	"e\000\326\232\266\272\301\036\3504oK!\314\353\",~\266"
 3034      B6BAC11E 
 3034      E8346F4B 
 3034      21CCEB22 
 3034      2C7EB6
 3035 0196 08642961 		.ascii	"\010d)a\312\342\012Zn}\206\355\331N\346cM\250\374e\205"
 3035      CAE20A5A 
 3035      6E7D86ED 
 3035      D94EE663 
 3035      4DA8FC65 
 3036 01ab 7C3B85C7 		.ascii	"|;\205\3076\361\247>\2732J\375IW\304Vk9\240\217\267"
 3036      36F1A73E 
 3036      BB324AFD 
 3036      4957C456 
 3036      6B39A08F 
 3037 01c0 CBED6256 		.ascii	"\313\355bVk6\352\332Ke\326\331\322\364\246fU\327]\014"
 3037      6B36EADA 
 3037      4B65D6D9 
 3037      D2F4A666 
 3037      55D75D0C 
 3038 01d4 9AF3F160 		.ascii	"\232\363\361`\320\231\230\031\031\030\364\367!W\301"
 3038      D0999819 
 3038      1918F4F7 
 3038      2157C1
 3039 01e3 3A5BCE27 		.ascii	":[\316'\263\202\353 \203a\002\272\376|\274\036\232\303"
 3039      B382EB20 
 3039      836102BA 
 3039      FE7CBC1E 
 3039      9AC3
 3040 01f5 DBED7869 		.ascii	"\333\355xi\004\353l+p\325\245h\316F\007'\315Qo7\353"
 3040      04EB6C2B 
 3040      70D5A568 
 3040      CE460727 
 3040      CD516F37 
 3041 020a CE74CB8B 		.ascii	"\316t\313\213\313KK\003\027\007\266\223^j\235\332lr"
ARM GAS  C:\Users\PUBLIC~1.LAP\AppData\Local\Temp\cc1mJNS6.s 			page 85


 3041      CB4B4B03 
 3041      1707B693 
 3041      5E6A9DDA 
 3041      6C72
 3042 021c 78A92E45 		.ascii	"x\251.ES\337\212\376|\350\312Cg,\250\032T\035\014\015"
 3042      53DF8AFE 
 3042      7CE8CA43 
 3042      672CA81A 
 3042      541D0C0D 
 3043 0230 8EC182DE 		.ascii	"\216\301\202\336.\367\243\001\0064 \220\"\272\262\016"
 3043      2EF7A301 
 3043      06342090 
 3043      22BAB20E 
 3044 0240 93C6D880 		.ascii	"\223\306\330\200>\360`\020R\012\210\005\366\026_8\220"
 3044      3EF06010 
 3044      520A8805 
 3044      F6165F38 
 3044      90
 3045 0251 5A90DFF2 		.ascii	"Z\220\337\362j\205\202Yv\313\256\303\330\217\021\302"
 3045      6A858259 
 3045      76CBAEC3 
 3045      D88F11C2 
 3046 0261 51184628 		.ascii	"Q\030F(\031\344\017\003\324\335\335\010\030\221\035"
 3046      19E40F03 
 3046      D4DDDD08 
 3046      18911D
 3047 0270 938E8375 		.ascii	"\223\216\203un\347\234[\316Hv\210\257r\334u\016\356"
 3047      6EE79C5B 
 3047      CE487688 
 3047      AF72DC75 
 3047      0EEE
 3048 0282 C0D99C1F 		.ascii	"\300\331\234\037\202Z\350\230\031\331\360\336\274\021"
 3048      825AE898 
 3048      19D9F0DE 
 3048      BC11
 3049 0290 39716465 		.ascii	"9qde\300\306\011\2112\022\205\221,?\324\220\034\206"
 3049      C0C60989 
 3049      32128591 
 3049      2C3FD490 
 3049      1C86
 3050 02a2 F2734E81 		.ascii	"\362sN\201|\337?s\233ZA\006"
 3050      7CDF3F73 
 3050      9B5A4106 
 3051              		.text
 3052              		.section	.gnu.lto_chCondWaitS.2955.840cc3cf,"e",%progbits
 3053 0000 28B52FFD 		.ascii	"(\265/\375`\245\003\225\030\000V*\231H\240\230Uc@3\021"
 3053      60A50395 
 3053      1800562A 
 3053      9948A098 
 3053      55634033 
 3054 0015 F030F2F8 		.ascii	"\3600\362\370a\3067]\333O\031p]\223\244\300\012\034"
 3054      61C6375D 
 3054      DB4F1970 
 3054      5D93A4C0 
 3054      0A1C
 3055 0027 C106C182 		.ascii	"\301\006\301\202\354\005\357\315_\270\313_H,\347\007"
 3055      EC05EFCD 
ARM GAS  C:\Users\PUBLIC~1.LAP\AppData\Local\Temp\cc1mJNS6.s 			page 86


 3055      5FB8CB5F 
 3055      482CE707 
 3056 0037 ADB5F8AE 		.ascii	"\255\265\370\256p\232\254MP\216\326z\340\246\2247\360"
 3056      709AAC4D 
 3056      508ED67A 
 3056      E0A69437 
 3056      F0
 3057 0048 4B011969 		.ascii	"K\001\031i\255\032\256\276\357\357nR\246\024\201\000"
 3057      AD1AAEBE 
 3057      EFEF6E52 
 3057      A6148100 
 3058 0058 7C008800 		.ascii	"|\000\210\000A\200v\354g\265C\370\304\033\217tL\306"
 3058      418076EC 
 3058      67B543F8 
 3058      C41B8F74 
 3058      4CC6
 3059 006a C471A929 		.ascii	"\304q\251)j\310E\361\303\211\023RT\367\036\203\\?ef"
 3059      6AC845F1 
 3059      C3891352 
 3059      54F71E83 
 3059      5C3F6566 
 3060 007e D8EC61EA 		.ascii	"\330\354a\352\022\301bf\242\311\011\325\275\327\300"
 3060      12C16266 
 3060      A2C909D5 
 3060      BDD7C0
 3061 008d 4FFF04E8 		.ascii	"O\377\004\350b\253\365@@\370u\357\260\011\222{\217\010"
 3061      62ABF540 
 3061      40F875EF 
 3061      B009927B 
 3061      8F08
 3062 009f ACE3FA69 		.ascii	"\254\343\372i\333\177\272\217\020NW\307\241a\025\225"
 3062      DB7FBA8F 
 3062      104E57C7 
 3062      A1611595 
 3063 00af E4967B6F 		.ascii	"\344\226{o\355\3464\254\237\253\317\260~\332\033O_S"
 3063      EDE634AC 
 3063      9FABCFB0 
 3063      7EDA1B4F 
 3063      5F53
 3064 00c1 FFC8AF78 		.ascii	"\377\310\257x\030\255\010[\210xm=\270\367\272\012[\270"
 3064      18AD085B 
 3064      88786D3D 
 3064      B8F7BA0A 
 3064      5BB8
 3065 00d3 B8ED6D17 		.ascii	"\270\355m\027\260\015e\333\035\001\267\033YJ:\303\213"
 3065      B00D65DB 
 3065      1D01B71B 
 3065      594A3AC3 
 3065      8B
 3066 00e4 E45CF75E 		.ascii	"\344\\\367^\333\220\023\321\340\347\370i\335\256^\270"
 3066      DB9013D1 
 3066      E0E7F869 
 3066      DDAE5EB8 
 3067 00f4 63FD94D9 		.ascii	"c\375\224\331\030\034\305`\005\343'\377bV\235\211\011"
 3067      181CC560 
 3067      05E327FF 
 3067      62569D89 
ARM GAS  C:\Users\PUBLIC~1.LAP\AppData\Local\Temp\cc1mJNS6.s 			page 87


 3067      09
 3068 0105 4505B1EA 		.ascii	"E\005\261\352\313\036\315[\271\330\307\021\325\332\260"
 3068      CB1ECD5B 
 3068      B9D8C711 
 3068      D5DAB0
 3069 0114 BFBAF75E 		.ascii	"\277\272\367^\333\032\366\252Z\366\341\015;\220\237"
 3069      DB1AF6AA 
 3069      5AF6E10D 
 3069      3B909F
 3070 0123 D5AA3E5B 		.ascii	"\325\252>[\325+[mc^a\234<q\260\274wE\030/7\312\231D"
 3070      D52B5B6D 
 3070      635E619C 
 3070      3C71B0BC 
 3070      7745182F 
 3071 013b C787BF7D 		.ascii	"\307\207\277}_\310\225\276C\371|Qe\213\020\237\375\244"
 3071      5FC895BE 
 3071      43F97C51 
 3071      658B109F 
 3071      FDA4
 3072 014d 1D33F050 		.ascii	"\0353\360P\026\340t\357\215\375\364\003+k\373D(a\257"
 3072      16E074EF 
 3072      8DFDF403 
 3072      2B6BFB44 
 3072      2861AF
 3073 0160 7D29098F 		.ascii	"})\011\217\022\2529\375\274\011\320\201\323g\322\341"
 3073      12AA39FD 
 3073      BC09D081 
 3073      D367D2E1 
 3074 0170 423BE84C 		.ascii	"B;\350L\241%=\0126 X?W\366B\031\313+,k\023]\211\247"
 3074      A1253D0A 
 3074      3620583F 
 3074      57F64219 
 3074      CB2B2C6B 
 3075 0188 0038B9C2 		.ascii	"\0008\271\302\223\024\235\262)\367\336\032\034L3(\315"
 3075      93149DB2 
 3075      29F7DE1A 
 3075      1C4C3328 
 3075      CD
 3076 0199 996AAD6D 		.ascii	"\231j\255m\341\250^\350\033\022\366z\306l\316\2204q"
 3076      E1A85EE8 
 3076      1B12F67A 
 3076      C66CCE90 
 3076      3471
 3077 01ab 8C354B62 		.ascii	"\2145Kb\363\207\265/\376\310Oh\222BA\025T\032\351\313"
 3077      F387B52F 
 3077      FEC84F68 
 3077      92424115 
 3077      541AE9CB 
 3078 01bf 24FF0806 		.ascii	"$\377\010\006\324\317\261dm\246\224\177\025\211q\246"
 3078      D4CFB164 
 3078      6DA6947F 
 3078      158971A6 
 3079 01cf 142C607C 		.ascii	"\024,`|y\222\331\037\177\344\201\224Q(\250\202I\007"
 3079      7992D91F 
 3079      7FE48194 
 3079      5128A882 
 3079      4907
ARM GAS  C:\Users\PUBLIC~1.LAP\AppData\Local\Temp\cc1mJNS6.s 			page 88


 3080 01e1 C6D13CFC 		.ascii	"\306\321<\374t:\306\321|JI\267\036\356\207Ck7%\340\006"
 3080      743AC6D1 
 3080      7C4A49B7 
 3080      1EEE8743 
 3080      6B3725E0 
 3081 01f6 94438E87 		.ascii	"\224C\216\207\367\353\365\200(\213\247\253\031|:\353"
 3081      F7EBF580 
 3081      288BA7AB 
 3081      197C3AEB 
 3082 0206 9D1E9E9E 		.ascii	"\235\036\236\236\235\005<\014h2<\264\032\245)q\330\241"
 3082      9D053C0C 
 3082      68323CB4 
 3082      1AA52971 
 3082      D8A1
 3083 0218 38B486F6 		.ascii	"8\264\206\366|\265_\257\346\333\325\210\204r\027r8\037"
 3083      7CB55FAF 
 3083      E6DBD588 
 3083      84721772 
 3083      381F
 3084 022a 239B8204 		.ascii	"#\233\202\004<\335\355g\364\001\007\314m@J\312\3111"
 3084      3CDDED67 
 3084      F40107CC 
 3084      6D404ACA 
 3084      C931
 3085 023c 6A0021E7 		.ascii	"j\000!\347\030\274\015\263;4\2026\350\031\227\364\351"
 3085      18BC0DB3 
 3085      3B348236 
 3085      E81997F4 
 3085      E9
 3086 024d E84B2D30 		.ascii	"\350K-0\373\341g4\202N\177\\JJ\023\245h\006\263v\252"
 3086      FBE16734 
 3086      824E7F5C 
 3086      4A4A13A5 
 3086      6806B376 
 3087 0262 9805A7B6 		.ascii	"\230\005\247\266>\200e\247\304\324\210\205@=mJ\250Q"
 3087      3E8065A7 
 3087      C4D48885 
 3087      403D6D4A 
 3087      A851
 3088 0274 2CC61453 		.ascii	",\306\024S\012\215\320\204Q\230\202\202\264\001\200"
 3088      0A8DD084 
 3088      51988282 
 3088      B40180
 3089 0283 22AA3ADB 		.ascii	"\"\252:\333\022\240\005B\244%2\366\377\263\034\335\266"
 3089      12A00542 
 3089      A42532F6 
 3089      FFB31CDD 
 3089      B6
 3090 0294 53B0DC17 		.ascii	"S\260\334\027\220\027,~\354I\031A\342\217\037\215\310"
 3090      90172C7E 
 3090      EC491941 
 3090      E28F1F8D 
 3090      C8
 3091 02a5 59E46B06 		.ascii	"Y\344k\006\202F[K.\356G\030L\023TB\215<\004T3\330/\252"
 3091      82465B4B 
 3091      2EEE4718 
 3091      4C135442 
ARM GAS  C:\Users\PUBLIC~1.LAP\AppData\Local\Temp\cc1mJNS6.s 			page 89


 3091      8D3C0454 
 3092 02bd 80676D19 		.ascii	"\200gm\031e\234\277cerbBy\031\0017\000\012&\230\374"
 3092      659CBF63 
 3092      65726242 
 3092      79190137 
 3092      000A2698 
 3093 02d2 F03FA85F 		.ascii	"\360?\250_P\254\310\251\344\247\000\304\364\263\200"
 3093      50ACC8A9 
 3093      E4A700C4 
 3093      F4B380
 3094 02e1 961CB13C 		.ascii	"\226\034\261<\325\232Ao\376m\301W\012\323\366\261u\033"
 3094      D59A416F 
 3094      FE6DC157 
 3094      0AD3F6B1 
 3094      751B
 3095 02f3 B2E2B04F 		.ascii	"\262\342\260O\310T\256<f\261B\211aA\207\243\2066\203"
 3095      C854AE3C 
 3095      66B14289 
 3095      614187A3 
 3095      863683
 3096 0306 340B6DF2 		.ascii	"4\013m\362J\373W\246\206\255\350\237#\221h\376\177\253"
 3096      4AFB57A6 
 3096      86ADE89F 
 3096      239168FE 
 3096      7FAB
 3097 0318 9A64260D 		.ascii	"\232d&\015"
 3098              		.text
 3099              		.section	.gnu.lto_chCondWaitTimeout.2956.840cc3cf,"e",%progbits
 3100 0000 28B52FFD 		.ascii	"(\265/\375`\017\003=\026\000V\347\222I\260\222Nc\360"
 3100      600F033D 
 3100      160056E7 
 3100      9249B092 
 3100      4E63F0
 3101 0013 F60638D4 		.ascii	"\366\0068\324\212e\226\361\337z\244Ht\024\015\364b\364"
 3101      8A6596F1 
 3101      DF7AA448 
 3101      74140DF4 
 3101      62F4
 3102 0025 FCB93382 		.ascii	"\374\2713\202S3@\340\277\240jd\003\273\2534\366~\263"
 3102      533340E0 
 3102      BFA06A64 
 3102      03BBAB34 
 3102      F67EB3
 3103 0038 CF684E4A 		.ascii	"\317hNJ\375\223\"\302\351)\014\214&\340\205\023$\260"
 3103      FD9322C2 
 3103      E9290C8C 
 3103      26E08513 
 3103      24B0
 3104 004a A5B750E9 		.ascii	"\245\267P\351\006\272\203\210\320&[\246\024w\000x\000"
 3104      06BA8388 
 3104      D0265BA6 
 3104      14770078 
 3104      00
 3105 005b 8600E6BD 		.ascii	"\206\000\346\275\264\266\216\217e^H\332\317&\356\350"
 3105      B4B68E8F 
 3105      655E48DA 
 3105      CF26EEE8 
ARM GAS  C:\Users\PUBLIC~1.LAP\AppData\Local\Temp\cc1mJNS6.s 			page 90


 3106 006b 78880200 		.ascii	"x\210\002\000\255 \356\270\3672xi\014!e?\322*\347&\340"
 3106      AD20EEB8 
 3106      F7327869 
 3106      0C21653F 
 3106      D22AE726 
 3107 0080 82D80A62 		.ascii	"\202\330\012b\321\275\014\361\372Y\373\252\017\336\335"
 3107      D1BD0CF1 
 3107      FA59FBAA 
 3107      0FDEDD
 3108 008f 6B9516E3 		.ascii	"k\225\026\343\336\"\211Mt/m\373.N\245\343\235[\361\202"
 3108      DE22894D 
 3108      742F6DFB 
 3108      2E4EA5E3 
 3108      9D5BF182 
 3109 00a3 151B1A97 		.ascii	"\025\033\032\227\217{\257\331;\001\334\313\333Ep/I\024"
 3109      8F7BAFD9 
 3109      3B01DCCB 
 3109      DB45702F 
 3109      4914
 3110 00b5 DFB9DDF1 		.ascii	"\337\271\335\361\217\365\233\324\330\015\241\"\236\333"
 3110      8FF59BD4 
 3110      D80DA122 
 3110      9EDB
 3111 00c3 9C847BAF 		.ascii	"\234\204{\257\255P\221\321M\336v\002\373%\266\205\012"
 3111      AD5091D1 
 3111      4DDE7602 
 3111      FB25B685 
 3111      0A
 3112 00d4 47726A3A 		.ascii	"Grj:R;\232\035\263~\244%\264\241\251\243\010\321\311"
 3112      523B9A1D 
 3112      B37EA425 
 3112      B4A1A9A3 
 3112      08D1C9
 3113 00e7 8018AF6D 		.ascii	"\200\030\257m\263\213>\2264a\377v\311\022\366\211wy"
 3113      B38B3E96 
 3113      3461FF76 
 3113      C912F689 
 3113      7779
 3114 00f9 AB9F7CD5 		.ascii	"\253\237|\325ouvL\007\220\224\330I\212\342\025\021\344"
 3114      6F75764C 
 3114      079094D8 
 3114      498AE215 
 3114      11E4
 3115 010b C7A55192 		.ascii	"\307\245Q\222\2618\361\267\357w\035\314\346_\316\261"
 3115      B138F1B7 
 3115      EF771DCC 
 3115      E65FCEB1 
 3116 011b BD504AEF 		.ascii	"\275PJ\357e\034\017\037(\365E\333\026ZM]6\366\271l\236"
 3116      651C0F1F 
 3116      28F545DB 
 3116      165A4D5D 
 3116      36F6B96C 
 3117 0130 71BEE55C 		.ascii	"q\276\345\\\216\037\245\365Z\306\315\330\202j\272y\321"
 3117      8E1FA5F5 
 3117      5AC6CDD8 
 3117      826ABA79 
 3117      D1
ARM GAS  C:\Users\PUBLIC~1.LAP\AppData\Local\Temp\cc1mJNS6.s 			page 91


 3118 0141 2736A8EE 		.ascii	"'6\250\356\275\274\227~\026\216\0037\350\014\214\206"
 3118      BDBC977E 
 3118      168E0337 
 3118      E80C8C86 
 3119 0151 92921708 		.ascii	"\222\222\027\010\024J\212=\267K\022\345\251\207\354"
 3119      144A8A3D 
 3119      B74B12E5 
 3119      A987EC
 3120 0160 F1B1BE60 		.ascii	"\361\261\276`,\004\014\025`\337\205%}\031\225y\021\217"
 3120      2C040C15 
 3120      60DF8525 
 3120      7D199579 
 3120      118F
 3121 0172 D48E0764 		.ascii	"\324\216\007d\030G~v\205\200)\312\300\231\323\221\230"
 3121      18477E76 
 3121      858029CA 
 3121      C099D391 
 3121      98
 3122 0183 9686A68E 		.ascii	"\226\206\246\216e#\214%y\342{=\266\315\000,IZ\322\226"
 3122      65238C25 
 3122      79E27B3D 
 3122      B6CD002C 
 3122      495AD296 
 3123 0197 41ED854A 		.ascii	"A\355\205J\322\344\351\207\274\306\001\026\264V\300"
 3123      D2E4E987 
 3123      BCC60116 
 3123      B456C0
 3124 01a6 ACC70933 		.ascii	"\254\307\0113\266\241\251\265\213\331\336q\320\001\331"
 3124      B6A1A9B5 
 3124      8BD9DE71 
 3124      D001D9
 3125 01b5 27052F6D 		.ascii	"'\005/m\222o\217\360\330 >\327waW\306\255\237D\030U"
 3125      926F8FF0 
 3125      D8203ED7 
 3125      776157C6 
 3125      AD9F4418 
 3126 01ca 538D635A 		.ascii	"S\215cZ\224Q\353\001F{\300\034\241\232\002\323\234\321"
 3126      9451EB01 
 3126      467BC01C 
 3126      A19A02D3 
 3126      9CD1
 3127 01dc 5E0CBAD6 		.ascii	"^\014\272\326\234:\007}\347)\003\263\242k\312b\002\205"
 3127      9C3A077D 
 3127      E72903B3 
 3127      A26BCA62 
 3127      0285
 3128 01ee EA8AE9C2 		.ascii	"\352\212\351\302\342\322\262b\016=\000+8\350\003\012"
 3128      E2D2B262 
 3128      0E3D002B 
 3128      38E8030A 
 3129 01fe 5B487E1D 		.ascii	"[H~\035Z2L0\327\241P\2551i\3244U\317\010\016\372\326"
 3129      5A324C30 
 3129      D7A150AD 
 3129      3169D434 
 3129      55CF080E 
 3130 0214 9C35789A 		.ascii	"\2345x\232\300\230\233\231\223\0065\221YSrx\243\002"
 3130      C0989B99 
ARM GAS  C:\Users\PUBLIC~1.LAP\AppData\Local\Temp\cc1mJNS6.s 			page 92


 3130      93063591 
 3130      59537278 
 3130      A302
 3131 0226 53749833 		.ascii	"St\2303\212J\212\012\312I\312\003\337\200\232\323\372"
 3131      8A4A8A0A 
 3131      CA49CA03 
 3131      DF809AD3 
 3131      FA
 3132 0237 F4C5D0A8 		.ascii	"\364\305\320\250g\3604O\341j\016\205\346\252\232.\026"
 3132      67F0344F 
 3132      E16A0E85 
 3132      E6AA9A2E 
 3132      16
 3133 0248 D00D6870 		.ascii	"\320\015hp\345\345\347\240AM\012\034\276\344\004\003"
 3133      E5E5E7A0 
 3133      414D0A1C 
 3133      BEE40403 
 3134 0258 3620A022 		.ascii	"6 \240\"\273\271\015\223\214\261\001}\300\301 `)0$\260"
 3134      BBB90D93 
 3134      8CB1017D 
 3134      C0C12060 
 3134      293024B0 
 3135 026c 777C6585 		.ascii	"w|e\205\264\002\037\012\013\025\031\264,\230\011\347"
 3135      B4021F0A 
 3135      0B1519B4 
 3135      2C9809E7 
 3136 027c BED56183 		.ascii	"\276\325a\203Pn\2061\027\371\017\003\353\212\201\033"
 3136      506E8631 
 3136      17F90F03 
 3136      EB8A811B 
 3137 028c BBE7FF05 		.ascii	"\273\347\377\005\013Z&F\031\217(\034|A\012CL\025\304"
 3137      0B5A2646 
 3137      198F281C 
 3137      7C410A43 
 3137      4C15C4
 3138 029f DC8BB4B3 		.ascii	"\334\213\264\263e\204\357\354\206\321xt\303\263y7r\351"
 3138      6584EFEC 
 3138      86D17874 
 3138      C3B37937 
 3138      72E9
 3139 02b1 92C101CB 		.ascii	"\222\301\001\313'\204\313\204\013F\210\314Pcr\030\347"
 3139      2784CB84 
 3139      0B4688CC 
 3139      50637218 
 3139      E7
 3140 02c2 C7308581 		.ascii	"\3070\205\201\233\243p\3618\377Hhj\305\023"
 3140      9BA370F1 
 3140      38FF4868 
 3140      6AC513
 3141              		.text
 3142              		.section	.gnu.lto_chCondWaitTimeoutS.2957.840cc3cf,"e",%progbits
 3143 0000 28B52FFD 		.ascii	"(\265/\375`\367\003\305\032\000V\257\251E\220^Qc<\246"
 3143      60F703C5 
 3143      1A0056AF 
 3143      A945905E 
 3143      51633CA6 
 3144 0014 8818809D 		.ascii	"\210\030\200\235\014\031\357\255\034\026X\226\346\372"
ARM GAS  C:\Users\PUBLIC~1.LAP\AppData\Local\Temp\cc1mJNS6.s 			page 93


 3144      0C19EFAD 
 3144      1C165896 
 3144      E6FA
 3145 0022 AB02F58C 		.ascii	"\253\002\365\214\013Y\376\011\315\245E9\332\356\022"
 3145      0B59FE09 
 3145      CDA54539 
 3145      DAEE12
 3146 0031 E8C86585 		.ascii	"\350\310e\205\203\\\344\370\253\230\300A.\232\004\214"
 3146      835CE4F8 
 3146      AB98C041 
 3146      2E9A048C 
 3147 0041 109D309A 		.ascii	"\020\2350\232\021\003\204Td\332\310K7\331{K\231R\225"
 3147      11038454 
 3147      64DAC84B 
 3147      37D97B4B 
 3147      995295
 3148 0054 0088009B 		.ascii	"\000\210\000\233\000>\251\036'\356\010e(-1i\335+4a\236"
 3148      003EA91E 
 3148      27EE0865 
 3148      282D3169 
 3148      DD2B3461 
 3149 0069 1CA064B3 		.ascii	"\034\240d\263\203\250\211\003\210\200\035R>\264\356"
 3149      83A88903 
 3149      88801D52 
 3149      3EB4EE
 3150 0078 BD0F4E9A 		.ascii	"\275\017N\232\204\254h\263T4F\331U\032\002=\230'e\251"
 3150      84AC68B3 
 3150      543446D9 
 3150      551A023D 
 3150      982765A9 
 3151 008c ADD64FD9 		.ascii	"\255\326O\331\260\317\275Tn\300\334+\214\340 \363\244"
 3151      B0CFBD54 
 3151      6EC0DC2B 
 3151      8CE020F3 
 3151      A4
 3152 009d 6D7FCAA9 		.ascii	"m\177\312\251\3340:\012GP\321\321RU\347\336[\243\375"
 3152      DC303A0A 
 3152      4750D1D1 
 3152      5255E7DE 
 3152      5BA3FD
 3153 00b0 4079727C 		.ascii	"@yr|\201\362\244]r\364\243\255\250\377\341G)Y[\200M"
 3153      81F2A45D 
 3153      72F4A3AD 
 3153      A8FFE147 
 3153      29595B80 
 3154 00c5 383E0AB9 		.ascii	"8>\012\271\035iYl\224bMI#\003\250#v>|]j\312Q\253\013"
 3154      1D69596C 
 3154      94624D49 
 3154      2303A823 
 3154      763E7C5D 
 3155 00de C3BDD715 		.ascii	"\303\275\327\025\330\024\344&o\373\203m.\266-\023-\314"
 3155      D814E426 
 3155      6FFB836D 
 3155      2EB62D13 
 3155      2DCC
 3156 00f0 7BAF0DEB 		.ascii	"{\257\015\353]r~\223\223v\241\253\007\236\364u\345\311"
 3156      5D727E93 
ARM GAS  C:\Users\PUBLIC~1.LAP\AppData\Local\Temp\cc1mJNS6.s 			page 94


 3156      9376A1AB 
 3156      079EF475 
 3156      E5C9
 3157 0102 980DC024 		.ascii	"\230\015\300$\370\253z|\342}\3229\177J\3250\345\231"
 3157      F8AB7A7C 
 3157      E27DD239 
 3157      7F4AD530 
 3157      E599
 3158 0114 F39448F1 		.ascii	"\363\224H\361\326-[\230\243Z(\373\343\265Jl\262:\366"
 3158      D62D5B98 
 3158      A35A28FB 
 3158      E3B54A6C 
 3158      B23AF6
 3159 0127 E00D3BD5 		.ascii	"\340\015;\325\017\300\2546\315j\327X]~\352\257\002\356"
 3159      0FC0AC36 
 3159      CD6AD758 
 3159      5D7EEAAF 
 3159      02EE
 3160 0139 A4CDB0C8 		.ascii	"\244\315\260\310\2115\367\376\330\203\347\262!\305<"
 3160      8935F7FE 
 3160      D883E7B2 
 3160      21C53C
 3161 0148 79F0B7EF 		.ascii	"y\360\267\357[\375*\306\253L:\021\353X\305\260O\264"
 3161      5BFD2AC6 
 3161      AB4C3A11 
 3161      EB58C5B0 
 3161      4FB4
 3162 015a 5FE6BDCA 		.ascii	"_\346\275\312\010\242\356\275\257\223\276\026\236\375"
 3162      08A2EEBD 
 3162      AF93BE16 
 3162      9EFD
 3163 0168 3A59ED1B 		.ascii	":Y\355\033\376\225c\371\320/Y\234,\001\007\302l\020"
 3163      FE9563F9 
 3163      D02F599C 
 3163      2C0107C2 
 3163      6C10
 3164 017a 121D29AD 		.ascii	"\022\035)\255\232\326e\355\014\032t\330k?\015\207\243"
 3164      9AD665ED 
 3164      0C1A74D8 
 3164      6B3F0D87 
 3164      A3
 3165 018b 09518BEA 		.ascii	"\011Q\213\352\360,\017\020L\377\314\321\2016\210\233"
 3165      F02C0F10 
 3165      4CFFCCD1 
 3165      8136889B 
 3166 019b 0951A686 		.ascii	"\011Q\246\206\010\0056\312\223.{\340\220\224L\2656\211"
 3166      080536CA 
 3166      932E7BE0 
 3166      90944CB5 
 3166      3689
 3167 01ad 93F19B58 		.ascii	"\223\361\233X\224K|\214\011\230\233{\357\214\311\323"
 3167      944B7C8C 
 3167      09989B7B 
 3167      EF8CC9D3 
 3168 01bd 4C4CD140 		.ascii	"LL\321@-\255\215\"E=\320\264${=\233*\316\244\024\033"
 3168      2DAD8D22 
 3168      453DD0B4 
ARM GAS  C:\Users\PUBLIC~1.LAP\AppData\Local\Temp\cc1mJNS6.s 			page 95


 3168      247B3D9B 
 3168      2ACEA414 
 3169 01d2 4499A550 		.ascii	"D\231\245P\212FJ{\341\007)&\036Z\277+\253x\230\025>"
 3169      8A464A7B 
 3169      E1072926 
 3169      1E5ABF2B 
 3169      AB789815 
 3170 01e7 1816457E 		.ascii	"\030\026E~\023_y\262\264\012\336\\\335\007\313\351O"
 3170      135F79B2 
 3170      B40ADE5C 
 3170      DD07CBE9 
 3170      4F
 3171 01f8 4B409CAC 		.ascii	"K@\234\254\024\211\331g\371\207\007\201\325\203\207"
 3171      1489D967 
 3171      F9870781 
 3171      D58387
 3172 0207 D68FE8F3 		.ascii	"\326\217\350\363_|D\337\356%\306\375\314\350\351\202"
 3172      5F7C44DF 
 3172      EE25C6FD 
 3172      CCE8E982 
 3173 0217 8CFBE119 		.ascii	"\214\373\341\031\025\335v\270\036\356\254\335\214|/"
 3173      15DD76B8 
 3173      1EEEACDD 
 3173      8C7C2F
 3174 0226 4E18B921 		.ascii	"N\030\271!\244\336n\347;K$]m\301\323\331\236\357\350"
 3174      A4DE6EE7 
 3174      3B4B245D 
 3174      6DC1D3D9 
 3174      9EEFE8
 3175 0239 A6CBF55C 		.ascii	"\246\313\365\\\026\2620dA\210\302P\205\037\002Hg\365"
 3175      16B23064 
 3175      4188C250 
 3175      851F0248 
 3175      67F5
 3176 024b F96304E3 		.ascii	"\371c\004\343\350\304\235\265s\307\253\365v5\336Q\255"
 3176      E8C49DB5 
 3176      73C7ABF5 
 3176      7635DE51 
 3176      AD
 3177 025c 84881C8B 		.ascii	"\204\210\034\213\034N\003\221m\202\004$\335\255GD\003"
 3177      1C4E0391 
 3177      6D820424 
 3177      DDAD4744 
 3177      03
 3178 026d E7CBBD58 		.ascii	"\347\313\275XQ\004\004Dta\003\220\360\367\361Z%0+\204"
 3178      51040444 
 3178      74610390 
 3178      F0F7F15A 
 3178      25302B84 
 3179 0281 E4677F7E 		.ascii	"\344g\177~*gD\247\3244\353[I\366XY\013e\364h\011\263"
 3179      2A6744A7 
 3179      D434EB5B 
 3179      49F65859 
 3179      0B65F468 
 3180 0297 09867092 		.ascii	"\011\206p\222\252\035?=\003\263\017\236\366\253[vP\001"
 3180      AA1D3F3D 
 3180      03B30F9E 
ARM GAS  C:\Users\PUBLIC~1.LAP\AppData\Local\Temp\cc1mJNS6.s 			page 96


 3180      F6AB5B76 
 3180      5001
 3181 02a9 58D71794 		.ascii	"X\327\027\2246Z\005\265R\003K\250q(\206\230R\210!!\011"
 3181      365A05B5 
 3181      52034BA8 
 3181      71288698 
 3181      52882121 
 3182 02be 1224456A 		.ascii	"\022$Ej\003`\002\031:\264\015\022\000\3069h-\242\205"
 3182      03600219 
 3182      3AB40D12 
 3182      00C63968 
 3182      2DA285
 3183 02d1 F5FF2D07 		.ascii	"\365\377-\007\335\266=\300\177\026<\022xv\025S/G\011"
 3183      DDB63DC0 
 3183      7F163C12 
 3183      78761553 
 3183      2F4709
 3184 02e4 5816CB2C 		.ascii	"X\026\313,e1\233\214\"\325d\0344\037\330\016\020X\214"
 3184      65319B8C 
 3184      22D5641C 
 3184      341FD80E 
 3184      10588C
 3185 02f7 4806E800 		.ascii	"H\006\350\000\304\271\352\304\034Tj\216\201vJ\272!J"
 3185      C4B9EAC4 
 3185      1C546A8E 
 3185      81764ABA 
 3185      214A
 3186 0309 1424A36D 		.ascii	"\024$\243m\273Q\014\304\006q`M?/R\026{\273\305cD\207"
 3186      BB510CC4 
 3186      0671604D 
 3186      3F2F5216 
 3186      7BBBC563 
 3187 031f FA4F1141 		.ascii	"\372O\021A\272k\016\363\204\031\016I\313\"\213[L\302"
 3187      BA6B0EF3 
 3187      84190E49 
 3187      CB228B5B 
 3187      4CC2
 3188 0331 56567CF6 		.ascii	"VV|\366\022l\310Sc\361\304\024\300\241\005\227\272\206"
 3188      126CC853 
 3188      63F1C414 
 3188      C0A10597 
 3188      BA86
 3189 0343 6D009E85 		.ascii	"m\000\236\205\332\244\366Q\272\320\001/,\027\206d8\031"
 3189      DAA4F651 
 3189      BAD0012F 
 3189      2C178664 
 3189      3819
 3190 0355 167C5988 		.ascii	"\026|Y\210_\360W\331V\234\242ZT"
 3190      5FF057D9 
 3190      569CA25A 
 3190      54
 3191              		.text
 3192              		.section	.gnu.lto_.symbol_nodes.840cc3cf,"e",%progbits
 3193 0000 28B52FFD 		.ascii	"(\265/\375`\212\001\255\010\000b\01535Po\322\001\204"
 3193      608A01AD 
 3193      0800620D 
 3193      3335506F 
ARM GAS  C:\Users\PUBLIC~1.LAP\AppData\Local\Temp\cc1mJNS6.s 			page 97


 3193      D20184
 3194 0013 D3C47A7B 		.ascii	"\323\304z{6\2535\255\3261\034i\347\345\251\320Y\020"
 3194      36AB35AD 
 3194      D6311C69 
 3194      E7E5A9D0 
 3194      5910
 3195 0025 0DB69BDC 		.ascii	"\015\266\233\334\303\314,133\305\231\365\341\2175\350"
 3195      C3CC2C31 
 3195      3333C599 
 3195      F5E18F35 
 3195      E8
 3196 0036 63F94F8B 		.ascii	"c\371O\213\213\215\214o\023i\222l\031\012-W\032\211"
 3196      8B8D8C6F 
 3196      1369926C 
 3196      190A2D57 
 3196      1A89
 3197 0048 598970E3 		.ascii	"Y\211p\343\304\340^!\205k\315\015\334G\362\000\026+"
 3197      C4E05E21 
 3197      856BCD0D 
 3197      DC47F200 
 3197      162B
 3198 005a 896FE314 		.ascii	"\211o\343\024x{\205\364\25557o\237\350\252\366eT\265"
 3198      787B85F4 
 3198      AD35376F 
 3198      9FE8AAF6 
 3198      6554B5
 3199 006d 90E456A5 		.ascii	"\220\344V\245\305\003\322P\033E\232\314b$7\201F\232"
 3199      C503D250 
 3199      1B459ACC 
 3199      62243781 
 3199      469A
 3200 007f 4BC0AEC4 		.ascii	"K\300\256\304-\022q{@\334\037\0177\210\303\335\321p"
 3200      2D12717B 
 3200      40DC1F0F 
 3200      3788C3DD 
 3200      D170
 3201 0091 7338B949 		.ascii	"s8\271I\325N\014\303\275\271\316\255-\334\033\012w\306"
 3201      D54E0CC3 
 3201      BDB9CEAD 
 3201      2DDC1B0A 
 3201      77C6
 3202 00a3 A4AA1509 		.ascii	"\244\252\025\011\016\241\020n\215\203\373\202\302\244"
 3202      0EA1106E 
 3202      8D83FB82 
 3202      C2A4
 3203 00b1 04637063 		.ascii	"\004cpc\024\334\026\276?\234\333\223m)\031)\245$\270"
 3203      14DC16BE 
 3203      3F9CDB93 
 3203      6D291929 
 3203      A524B8
 3204 00c4 6725B36C 		.ascii	"g%\263lCQ\275*\313\346&F/'\003\347h\223\252N\237\" "
 3204      4351BD2A 
 3204      CBE62646 
 3204      2F2703E7 
 3204      6893AA4E 
 3205 00db 3003999A 		.ascii	"0\003\231\2326@X\013\350\320\207\036\372\320\2066\364"
 3205      3640580B 
ARM GAS  C:\Users\PUBLIC~1.LAP\AppData\Local\Temp\cc1mJNS6.s 			page 98


 3205      E8D0871E 
 3205      FAD08636 
 3205      F4
 3206 00ec A16168F3 		.ascii	"\241ah\363\320br,6(5\001I\220\000\211@\362\010\372 "
 3206      D062722C 
 3206      36283501 
 3206      49900089 
 3206      40F208FA 
 3207 0101 97968860 		.ascii	"\227\226\210`\310`:\377G\200|\237&\370#f\204\373H>\302"
 3207      C8603AFF 
 3207      47807C9F 
 3207      26F82366 
 3207      84FB483E 
 3208 0116 F3C4BA0D 		.ascii	"\363\304\272\015\317\037z\215N"
 3208      CF1F7A8D 
 3208      4E
 3209              		.text
 3210              		.section	.gnu.lto_.refs.840cc3cf,"e",%progbits
 3211 0000 28B52FFD 		.ascii	"(\265/\375 \021\211\000\000\015\000\000\000\001\007"
 3211      20118900 
 3211      000D0000 
 3211      000107
 3212 000f 00080400 		.ascii	"\000\010\004\000\001\012\000\010\004\000\000"
 3212      010A0008 
 3212      040000
 3213              		.text
 3214              		.section	.gnu.lto_.decls.840cc3cf,"e",%progbits
 3215 0000 28B52FFD 		.ascii	"(\265/\375`)+\235\265\000\232\032=?Y0\012IJ\035sYp#"
 3215      60292B9D 
 3215      B5009A1A 
 3215      3D3F5930 
 3215      0A494A1D 
 3216 0018 3EB72B33 		.ascii	">\267+3\332\225DT\0000\277F \311N\334\353\275\273;x"
 3216      DA954454 
 3216      0030BF46 
 3216      20C94EDC 
 3216      EBBDBB3B 
 3217 002d CF6B965B 		.ascii	"\317k\226[\3413\212\3142w\377\340q\315\214\025h\034"
 3217      E1338ACC 
 3217      3277FFE0 
 3217      71CD8C15 
 3217      681C
 3218 003f 6C44E799 		.ascii	"lD\347\2318\274\206\313\202\013e\\\203\277\345\242\353"
 3218      38BC86CB 
 3218      820B655C 
 3218      83BFE5A2 
 3218      EB
 3219 0050 3A0DC996 		.ascii	":\015\311\226\312\312C\010*#ZH\026\007\253\010\362Q"
 3219      CACA4308 
 3219      2A235A48 
 3219      1607AB08 
 3219      F251
 3220 0062 C9DDA44C 		.ascii	"\311\335\244L2\005\212\003\327\003\000\004\332\363\222"
 3220      32058A03 
 3220      D7030004 
 3220      DAF392
 3221 0071 8AC508FA 		.ascii	"\212\305\010\372\004\015O;\246\323\217\342S\\h\005\257"
ARM GAS  C:\Users\PUBLIC~1.LAP\AppData\Local\Temp\cc1mJNS6.s 			page 99


 3221      040D4F3B 
 3221      A6D38FE2 
 3221      535C6805 
 3221      AF
 3222 0082 C213B0C1 		.ascii	"\302\023\260\301\361\322kS[\252Wn\314\301i\277\025\254"
 3222      F1D26B53 
 3222      5BAA576E 
 3222      CCC169BF 
 3222      15AC
 3223 0094 77EF56B0 		.ascii	"w\357V\260:~\242e\256\315Z\302\337H|\210?\212\272\362"
 3223      3A7EA265 
 3223      AECD5AC2 
 3223      DF487C88 
 3223      3F8ABAF2 
 3224 00a8 9BCBCA95 		.ascii	"\233\313\312\225K\032#C\012\213\373\345\017\275p\336"
 3224      4B1A2343 
 3224      0A8BFBE5 
 3224      0FBD70DE 
 3225 00b8 BC4B650C 		.ascii	"\274Ke\014\311\322\237\370\2467\361N\377\364I\317t\241"
 3225      C9D29FF8 
 3225      A637F14E 
 3225      FFF449CF 
 3225      74A1
 3226 00ca AFE4AFF4 		.ascii	"\257\344\257\364\315\037\012\323\273\231\340\246EJZ"
 3226      CD1F0AD3 
 3226      BB99E0A6 
 3226      454A5A
 3227 00d9 912834D9 		.ascii	"\221(4\331\261\022\355\270\210v\034\344\350I\354@1\344"
 3227      B112EDB8 
 3227      88761CE4 
 3227      E849EC40 
 3227      31E4
 3228 00eb E3F31BAD 		.ascii	"\343\363\033\255u].\276r\024\375\210\025+\354\360>\213"
 3228      755D2EBE 
 3228      7214FD88 
 3228      152BECF0 
 3228      3E8B
 3229 00fd F0D9A9A0 		.ascii	"\360\331\251\240R\343\231O4\346D$\364B;\256\322\017"
 3229      52E3994F 
 3229      34E64424 
 3229      F4423BAE 
 3229      D20F
 3230 010f F44117FA 		.ascii	"\364A\027\372{\241\015\314Cazw(\264\317\375\255\277"
 3230      7BA10DCC 
 3230      43617A77 
 3230      28B4CFFD 
 3230      ADBF
 3231 0121 DFEAD884 		.ascii	"\337\352\330\204v\377\275\007\214\373\012:\262w\365"
 3231      76FFBD07 
 3231      8CFB0A3A 
 3231      B277F5
 3232 0130 7C4D214E 		.ascii	"|M!N\244\237\0353\265\343\245\366\257\242\375\351\264"
 3232      A49F1D33 
 3232      B5E3A5F6 
 3232      AFA2FDE9 
 3232      B4
 3233 0141 BF9CB6F0 		.ascii	"\277\234\266\360o\332\177\2523\334\232\265\216\005H"
ARM GAS  C:\Users\PUBLIC~1.LAP\AppData\Local\Temp\cc1mJNS6.s 			page 100


 3233      6FDA7FAA 
 3233      33DC9AB5 
 3233      8E0548
 3234 0150 8EB2A621 		.ascii	"\216\262\246!\332\237L/@\216\3722\340T,?So\034\260N"
 3234      DA9F4C2F 
 3234      408EFA32 
 3234      E0542C3F 
 3234      536F1CB0 
 3235 0165 065D93CF 		.ascii	"\006]\223\317\376^\332\237K\373\323\320\036\025\213"
 3235      FE5EDA9F 
 3235      4BFBD3D0 
 3235      1E158B
 3236 0174 F28687E4 		.ascii	"\362\206\207\344\246\210\236\\(\327\355B\357\333}\273"
 3236      A6889E5C 
 3236      28D7ED42 
 3236      EFDB7DBB 
 3237 0184 6B376C5B 		.ascii	"k7l[\24597x\273I\256\023\260\037\316\275\367}\273?."
 3237      A5393778 
 3237      BB49AE13 
 3237      B01FCEBD 
 3237      F77DBB3F 
 3238 0199 92258DD5 		.ascii	"\222%\215\325Z\211\271\352\336{\202\233\233\233g6\253"
 3238      5A89B9EA 
 3238      DE7B829B 
 3238      9B9B6736 
 3238      AB
 3239 01aa 4C9DA715 		.ascii	"L\235\247\025\\~L\265\251\370\334v\267.\223\033\025"
 3239      5C7E4CB5 
 3239      A9F8DC76 
 3239      B72E931B 
 3239      15
 3240 01bb F3A9C3A3 		.ascii	"\363\251\303\243^\350m\273l\325\012>3#'h\345\274dF\222"
 3240      5EE86DBB 
 3240      6CD50A3E 
 3240      33232768 
 3240      E5BC6446 
 3241 01d0 93DBE7E9 		.ascii	"\223\333\347\351O\251\316\371\"N\311e\303Q\252+\244"
 3241      4FA9CEF9 
 3241      224EC965 
 3241      C351AA2B 
 3241      A4
 3242 01e1 6EDA2F13 		.ascii	"n\332/\023\355wM\007\321K\324\252\356>\373\006h\267"
 3242      ED774D07 
 3242      D14BD4AA 
 3242      EE3EFB06 
 3242      68B7
 3243 01f3 085E3681 		.ascii	"\010^6\201GUO\352\326=\233a\344~\3353\254\233v\325."
 3243      47554FEA 
 3243      D63D9B61 
 3243      E47EDD33 
 3243      AC9B76D5 
 3244 0208 F41AB965 		.ascii	"\364\032\271e~}\\\262\233\233\233\0121N,\262$\235\257"
 3244      7E7D5CB2 
 3244      9B9B9B0A 
 3244      314E2CB2 
 3244      249DAF
 3245 021b 903BE442 		.ascii	"\220;\344B-\\\"\316\"\024\005\276\222\011\037S\206h"
ARM GAS  C:\Users\PUBLIC~1.LAP\AppData\Local\Temp\cc1mJNS6.s 			page 101


 3245      2D5C22CE 
 3245      221405BE 
 3245      92091F53 
 3245      8668
 3246 022d BF1656E0 		.ascii	"\277\026V\340\265\260\372\015\242\315\350v\254\275\370"
 3246      B5B0FA0D 
 3246      A2CDE876 
 3246      ACBDF8
 3247 023c 1CE49ED0 		.ascii	"\034\344\236\320\003\306\023\250\006r\313~\373\004\035"
 3247      03C613A8 
 3247      0672CB7E 
 3247      FB041D
 3248 024b 509FFDBE 		.ascii	"P\237\375\276\320~\251\264O\257\315\3722&\006S\005\204"
 3248      D07EA9B4 
 3248      4FAFCDFA 
 3248      32260653 
 3248      0584
 3249 025d 23EAC5C2 		.ascii	"#\352\305\3024W\0229%;*\254{P\224f|\006\273\322\013"
 3249      34571239 
 3249      253B2AAC 
 3249      7B509466 
 3249      7C06BBD2 
 3250 0272 BD3D6E0E 		.ascii	"\275=n\016\277]\327\313sto\241\275\267\337\347\227\314"
 3250      BF5DD7CB 
 3250      73746FA1 
 3250      BDB7DFE7 
 3250      97CC
 3251 0284 26FA2AE1 		.ascii	"&\372*\341\334;\352\033\270k\350q\267n\364E(\272S\304"
 3251      DC3BEA1B 
 3251      B86BE871 
 3251      B76EF445 
 3251      28BA53C4 
 3252 0298 7C1D113D 		.ascii	"|\035\021=+\334\334\260|\361\310\301c\315\256\243=z"
 3252      2BDCDCB0 
 3252      7CF1C8C1 
 3252      63CDAEA3 
 3252      3D7A
 3253 02aa 6D567D6B 		.ascii	"mV}kV\034\367yyd/\251]\335;:s\245\300=\227\237w\264"
 3253      561CF779 
 3253      79642FA9 
 3253      5DDD3B3A 
 3253      73A5C03D 
 3254 02c2 C089F0A1 		.ascii	"\300\211\360\241\364\331K\320~u\334\034\356\273\302"
 3254      F4D94BD0 
 3254      7E75DC1C 
 3254      EEBBC2
 3255 02d1 B7B8AA63 		.ascii	"\267\270\252c\362\331q\364\013\007w\027\000\223\275"
 3255      F2D971F4 
 3255      0B077717 
 3255      0093BD
 3256 02e0 C17FDA5F 		.ascii	"\301\177\332_[pm\326|k\326\367E\340M\210\373\205\362"
 3256      5B706DD6 
 3256      7C6BD6F7 
 3256      45E04D88 
 3256      FB85F2
 3257 02f3 1068C219 		.ascii	"\020h\302\031\321\373\007\270_\037\357\000ww\233\240"
 3257      D1FB07B8 
ARM GAS  C:\Users\PUBLIC~1.LAP\AppData\Local\Temp\cc1mJNS6.s 			page 102


 3257      5F1FEF00 
 3257      77779BA0 
 3258 0303 CA37C0FD 		.ascii	"\3127\300\375^\340\256p\2772\334/\213g\200\007\356\317"
 3258      5EE0AE70 
 3258      BF32DC2F 
 3258      8B678007 
 3258      EECF
 3259 0315 C106D302 		.ascii	"\301\006\323\002\270\343.\367\253\34458\214;\036;r\303"
 3259      B8E32EF7 
 3259      ABE43538 
 3259      8C3B1E3B 
 3259      72C3
 3260 0327 FDDA7D06 		.ascii	"\375\332}\006\367{\366\030\034\350\216\267\334/\335"
 3260      F77BF618 
 3260      1CE88EB7 
 3260      DC2FDD
 3261 0336 5F70BF36 		.ascii	"_p\2776\3567\273_\034\227\300\035\323p\277q\257\201"
 3261      EE37BB5F 
 3261      1C97C01D 
 3261      D370BF71 
 3261      AF81
 3262 0348 D723E00D 		.ascii	"\327#\340\015\340\376\025\270\277\000\334\177\002\367"
 3262      E0FE15B8 
 3262      BF00DC7F 
 3262      02F7
 3263 0356 9780C6FD 		.ascii	"\227\200\306\375e\334?\306\001\340\216\257\374\335\361"
 3263      65DC3FC6 
 3263      01E08EAF 
 3263      FCDDF1
 3264 0365 8B1DD16F 		.ascii	"\213\035\321oq\026wl\345\356RwWs'\356\256\201/\217q"
 3264      7116776C 
 3264      E5EE5277 
 3264      577327EE 
 3264      AE812F8F 
 3265 037a C727DC7F 		.ascii	"\307'\334\177u\377\353~\367\334o\236\373\275s\277u\356"
 3265      75FFEB7E 
 3265      F7DC6F9E 
 3265      FBBD73BF 
 3265      75EE
 3266 038c 97EA7EE1 		.ascii	"\227\352~\341\334\357\233\373m\342~\231\270\337\251"
 3266      DCEF9BFB 
 3266      6DE27E99 
 3266      B8DFA9
 3267 039b FB5D73BF 		.ascii	"\373]s\277G\334o\232\373-\342~\207\270_4\367K\346~\271"
 3267      47DC6F9A 
 3267      FB2DE27E 
 3267      87B85F34 
 3267      F74BE67E 
 3268 03b0 DCEF97FB 		.ascii	"\334\357\227\373\245q\277\036pw(\356\267\004w\357\341"
 3268      A571BF1E 
 3268      707728EE 
 3268      B70477EF 
 3268      E1
 3269 03c1 7E9BEED7 		.ascii	"~\233\356\327\313\375v\271;\021\367\013u\277Y\356W\350"
 3269      CBFD76B9 
 3269      3B11F70B 
 3269      75BF59EE 
ARM GAS  C:\Users\PUBLIC~1.LAP\AppData\Local\Temp\cc1mJNS6.s 			page 103


 3269      57E8
 3270 03d3 7E3FE07E 		.ascii	"~?\340~\203\356\267\003\356\376\346\356a\356.\346\356"
 3270      83EEB703 
 3270      EEFEE6EE 
 3270      61EE2EE6 
 3270      EE
 3271 03e4 06707721 		.ascii	"\006pw!\356\376\262\267\267\267\347\2369\270\353\015"
 3271      EEFEB2B7 
 3271      B7B7E79E 
 3271      39B8EB0D 
 3272 03f4 DC07C022 		.ascii	"\334\007\300\"T\232\237\243/J\250\210\310\373\354-P"
 3272      549A9FA3 
 3272      2F4AA888 
 3272      C8FBEC2D 
 3272      50
 3273 0405 7A471756 		.ascii	"zG\027VT\225\307\205\342\035X\007\005V\272\226\344\354"
 3273      5495C785 
 3273      E21D5807 
 3273      0556BA96 
 3273      E4EC
 3274 0417 2C427260 		.ascii	",Br`(S\032\\\222\207^\215}\231\335-\254\365\302\262"
 3274      28531A5C 
 3274      92875E8D 
 3274      7D99DD2D 
 3274      ACF5C2B2 
 3275 042b 770EBD2E 		.ascii	"w\016\275.\214\343q|\221\025\0341XS0\364\270\360\026"
 3275      8CE3717C 
 3275      91151C31 
 3275      585330F4 
 3275      B8F016
 3276 043e 7E5E28C6 		.ascii	"~^(\306q\343`\266\017\243-\235\335\261\026\276\361\""
 3276      71E360B6 
 3276      0FA32D9D 
 3276      DDB116BE 
 3276      F122
 3277 0450 E3C9690F 		.ascii	"\343\311i\017\333\210\231\341\304F\327\211\032YNCWu"
 3277      DB8899E1 
 3277      C446D789 
 3277      1A594E43 
 3277      5775
 3278 0462 9F63602C 		.ascii	"\237c`,,\003;\361\014\014\003\323\300W\027\212\263\376"
 3278      2C033BF1 
 3278      0C0C03D3 
 3278      C057178A 
 3278      B3FE
 3279 0474 E9D8057E 		.ascii	"\351\330\005~\301\304*\260\350>O\315\211\263\376\204"
 3279      C1C42AB0 
 3279      E83E4FCD 
 3279      89B3FE84 
 3280 0484 4F7215C5 		.ascii	"Or\025\305\211g\005\35722\234\205\245p\213\030vR~\256"
 3280      896705EF 
 3280      32329C85 
 3280      A5708B18 
 3280      76527EAE 
 3281 0498 8CAD0D67 		.ascii	"\214\255\015g}\223\207+\233\342l\201\263\360\022\207"
 3281      7D93872B 
 3281      9BE26C81 
ARM GAS  C:\Users\PUBLIC~1.LAP\AppData\Local\Temp\cc1mJNS6.s 			page 104


 3281      B3F01287 
 3282 04a8 B8DA4105 		.ascii	"\270\332A\005v\351\201\241\240\311Z\352\332\254W\350"
 3282      76E981A1 
 3282      A0C95AEA 
 3282      DAAC57E8 
 3283 04b8 D6AC2C44 		.ascii	"\326\254,D\020\205\012\364\263\263\214\320x\005\246"
 3283      10850AF4 
 3283      B3B38CD0 
 3283      7805A6
 3284 04c7 FAA22356 		.ascii	"\372\242#V\270\352B\361\012<\205W\304\000\342\274i\021"
 3284      B8EA42F1 
 3284      0A3C8557 
 3284      C400E2BC 
 3284      6911
 3285 04d9 0217A2C8 		.ascii	"\002\027\242\310\232\235\005H\273\256\323\256\247\350"
 3285      9A9D0548 
 3285      BBAED3AE 
 3285      A7E8
 3286 04e7 146C7040 		.ascii	"\024lp@,\3224\216\302\"0\323\256J\203\302(.\024G\341"
 3286      2CD2348E 
 3286      C22230D3 
 3286      AE4A83C2 
 3286      282E1447 
 3287 04fc 13FE3A30 		.ascii	"\023\376:0\021\216\302M\370\251*I\211\271\233\01278"
 3287      118EC24D 
 3287      F8A92A49 
 3287      89B99B0A 
 3287      3738
 3288 050e 8C890889 		.ascii	"\214\211\010\211\325i\012\204!R\325v\005\210v\335C\273"
 3288      D5690A84 
 3288      2152D576 
 3288      058876DD 
 3288      43BB
 3289 0520 C6D246BE 		.ascii	"\306\322F\276(\032)\230>\337-|\364U\246\204\223\260"
 3289      281A2998 
 3289      3EDF2D7C 
 3289      F455A684 
 3289      93B0
 3290 0532 890BC54B 		.ascii	"\211\013\305Kx\004.\201\221\202P\361\322\375\302G@\210"
 3290      78042E81 
 3290      918250F1 
 3290      D2FDC247 
 3290      4088
 3291 0544 9EFF4525 		.ascii	"\236\377E%'\0027}5F\370xNi\327P\332\035\037a\022;\252"
 3291      2702377D 
 3291      3546F878 
 3291      4E69D750 
 3291      DA1D1F61 
 3292 055b 4A2C7D36 		.ascii	"J,}6Z\303pD\251\361\331u\021.\302#\356\334\030Z\217"
 3292      5AC37044 
 3292      A9F1D975 
 3292      112EC223 
 3292      EEDC185A 
 3293 0570 2BDA7F77 		.ascii	"+\332\177w\332\177T\233u\010\205\011\250\323\211\306"
 3293      DA7F549B 
 3293      75088509 
 3293      A8D389C6 
ARM GAS  C:\Users\PUBLIC~1.LAP\AppData\Local\Temp\cc1mJNS6.s 			page 105


 3294 0580 4177ED86 		.ascii	"Aw\355\206\025\300\250\304\334\023\013](\016\302@BW"
 3294      15C0A8C4 
 3294      DC130B5D 
 3294      280EC240 
 3294      4257
 3295 0592 557B3872 		.ascii	"U{8r\366\237\232\366\337\231\376+\257w\241\216\344\367"
 3295      F69F9AF6 
 3295      DF99FE2B 
 3295      AF77A18E 
 3295      E4F7
 3296 05a4 5C42AC0D 		.ascii	"\\B\254\015!\205i\007:\222\325\177<\252\300\264\325"
 3296      21856907 
 3296      3A92D57F 
 3296      3CAAC0B4 
 3296      D5
 3297 05b5 E811E5B3 		.ascii	"\350\021\345\263\377\236\325\013}\274\257\303{*\177"
 3297      FF9ED50B 
 3297      7DBCAFC3 
 3297      7B2A7F
 3298 05c4 87418D5D 		.ascii	"\207A\215]\205\351\251\336\230>r~;\374\324f\207\343"
 3298      85E9A9DE 
 3298      983E727E 
 3298      3BFCD466 
 3298      87E3
 3299 05d6 4EFB3AA7 		.ascii	"N\373:\247}\215\242}u2\367r(F\014\251\372L\215N0\303"
 3299      7D8DA27D 
 3299      7532F772 
 3299      28460CA9 
 3299      FA4C8D4E 
 3300 05ec 86D4ECE3 		.ascii	"\206\324\354\343~\312\215\022\302\224\306\245}\255\241"
 3300      7ECA8D12 
 3300      C294C6A5 
 3300      7DADA1
 3301 05fb 7D7511E5 		.ascii	"}u\021\345\247\246ng\237}u\322P.\364\337\336\311\333"
 3301      A7A66E67 
 3301      9F7D75D2 
 3301      502EF4DF 
 3301      DEC9DB
 3302 060e 3F79B726 		.ascii	"?y\267&\031hL\343\230\252{/\251p\303\002\327VD#\347"
 3302      19684CE3 
 3302      98AA7B2F 
 3302      A970C302 
 3302      D7564423 
 3303 0623 1BD3199F 		.ascii	"\033\323\031\237\012&_H\237\335\247\246\3357\246\335"
 3303      0A265F48 
 3303      9FDDA7A6 
 3303      DD37A6DD 
 3304 0633 07A6EF66 		.ascii	"\007\246\357f\302\326\222\004\350,j\011\266{RQ\372\351"
 3304      C2D69204 
 3304      E82C6A09 
 3304      B67B5251 
 3304      FAE9
 3305 0645 2BC97752 		.ascii	"+\311wR\302\216D\247^cN>\263%y\361\312\223\322\365Y"
 3305      C28E44A7 
 3305      5E634E3E 
 3305      B32579F1 
 3305      CA93D2F5 
ARM GAS  C:\Users\PUBLIC~1.LAP\AppData\Local\Temp\cc1mJNS6.s 			page 106


 3306 065a C44FCC68 		.ascii	"\304O\314h\304\225\247\213\277\012K\361PQ/\205\2673"
 3306      C495A78B 
 3306      BF0A4BF1 
 3306      50512F85 
 3306      B733
 3307 066c 26A9458E 		.ascii	"&\251E\216\0263\376\312\211jw\357n\330~Q=\341J\271E"
 3307      1633FECA 
 3307      896A77EF 
 3307      6ED87E51 
 3307      3DE14AB9 
 3308 0681 6238511F 		.ascii	"b8Q\037\307\347\000\313{\264\017\273o7*\346\263JB}\254"
 3308      C7E700CB 
 3308      7BB40FBB 
 3308      6F372AE6 
 3308      B34A427D 
 3309 0696 77BE5618 		.ascii	"w\276V\030\223\212W\345\225\2228y<\030\330\033\331\247"
 3309      938A57E5 
 3309      95923879 
 3309      3C18D81B 
 3309      D9A7
 3310 06a8 BDD997BD 		.ascii	"\275\331\227\275\332\377\370!\217\344\203<\220_\373"
 3310      DAFFF821 
 3310      8FE4833C 
 3310      905FFB
 3311 06b7 234FE48D 		.ascii	"#O\344\215\374\331\013\371\"\027\372hO\344/\366c\257"
 3311      FCD90BF9 
 3311      2217FA68 
 3311      4FE42FF6 
 3311      63AF
 3312 06c9 E3D17EC7 		.ascii	"\343\321~\307\015\303\313&\011VSN\230r\345\310HP7L}"
 3312      0DC3CB26 
 3312      0956534E 
 3312      9872E5C8 
 3312      4850374C 
 3313 06de 15169E7B 		.ascii	"\025\026\236{\0026<\332\257x\026/K\231MD\024\343\316"
 3313      02363CDA 
 3313      AF78162F 
 3313      4B994D44 
 3313      14E3CE
 3314 06f1 D1E939D1 		.ascii	"\321\3519\321n\365:y\021\205\272\367\206{\264\367\341"
 3314      6EF53A79 
 3314      1185BAF7 
 3314      867BB4F7 
 3314      E1
 3315 0702 6F34642E 		.ascii	"o4d.J\314\335\334\334d:\270%P\030d\367\361\320y\372"
 3315      4ACCDDDC 
 3315      DC643AB8 
 3315      25501864 
 3315      F7F1D079 
 3316 0717 C307D560 		.ascii	"\303\007\325`\037\375\257\033\025\333Am\031@M\335\252"
 3316      1FFDAF1B 
 3316      15DB416D 
 3316      19404DDD 
 3316      AA
 3317 0728 D5EF71A1 		.ascii	"\325\357q\241\017\366R\027\250\253\260\262\234=\307"
 3317      0FF65217 
 3317      A8ABB0B2 
ARM GAS  C:\Users\PUBLIC~1.LAP\AppData\Local\Temp\cc1mJNS6.s 			page 107


 3317      9C3DC7
 3318 0737 7D79B5AC 		.ascii	"}y\265\254\245\005\331}\366\372\256\000\300\305\211"
 3318      A505D97D 
 3318      F6FAAE00 
 3318      C0C589
 3319 0746 68D39EA7 		.ascii	"h\323\236\247\332\363\232\366LD\313\334\232\034P!?\212"
 3319      DAF39AF6 
 3319      4C44CBDC 
 3319      9A1C5021 
 3319      3F8A
 3320 0758 D63E7361 		.ascii	"\326>sa \320/\251\260\255\177\346\025FZ2\236\332s\226"
 3320      20D02FA9 
 3320      B0AD7FE6 
 3320      15465A32 
 3320      9EDA7396 
 3321 076c D6DF3072 		.ascii	"\326\3370r\344\004\355s\224J\005\214\204\322\347\317"
 3321      E404ED73 
 3321      944A058C 
 3321      84D2E7CF 
 3322 077c FACF1A80 		.ascii	"\372\317\032\200\225\275\201\276\306\333\360\317z\032"
 3322      95BD81BE 
 3322      C6DBF0CF 
 3322      7A1A
 3323 078a F75E70EF 		.ascii	"\367^p\357\005\300\027\037@qJk\366|\245=\273\320\025"
 3323      05C0171F 
 3323      40714A6B 
 3323      F67CA53D 
 3323      BBD015
 3324 079d F2D4958C 		.ascii	"\362\324\225\214\037\225\031\022\351\347\177\3610.4"
 3324      1F951912 
 3324      E9E77FF1 
 3324      302E34
 3325 07ac 838FB136 		.ascii	"\203\217\2616\233\242\333\212OF\326\036\025&\3557\203"
 3325      9BA2DB8A 
 3325      4F46D61E 
 3325      1526ED37 
 3325      83
 3326 07bd 75043783 		.ascii	"u\0047\203\325sS[pkV\253l\005\245E&\012\367"
 3326      D573535B 
 3326      706B56AB 
 3326      6C05A545 
 3326      260AF7
 3327 07d0 82987B2F 		.ascii	"\202\230{/\300Fe`vkv \021\355ry*\206\305\323\210\264"
 3327      C0466560 
 3327      766B7620 
 3327      11ED7279 
 3327      2A86C5D3 
 3328 07e6 A92C95E7 		.ascii	"\251,\225\347\320J\004\265\320\3155Y\373\3226SP\344"
 3328      D04A04B5 
 3328      D0CD3559 
 3328      FBD23653 
 3328      50E4
 3329 07f8 1428F0A6 		.ascii	"\024(\360\246[\332\206\015*GA\021\221k+R\305\3226vM"
 3329      5BDA860D 
 3329      2A474111 
 3329      916B2B52 
 3329      C5D23676 
ARM GAS  C:\Users\PUBLIC~1.LAP\AppData\Local\Temp\cc1mJNS6.s 			page 108


 3330 080d F9293B35 		.ascii	"\371);5\341\273\014p\272\350\236\236\300)-\001\320R"
 3330      E1BB0C70 
 3330      BAE89E9E 
 3330      C0292D01 
 3330      D052
 3331 081f 3EB19499 		.ascii	">\261\224\231b\340d\230\360\314t\243\277\007%\266\005"
 3331      62E06498 
 3331      F0CC74A3 
 3331      BF0725B6 
 3331      05
 3332 0830 34D2364F 		.ascii	"4\3226O\222\262R\022\276\273yT\267\352\023\270\265M"
 3332      92B25212 
 3332      BEBB7954 
 3332      B7EA13B8 
 3332      B54D
 3333 0842 58332379 		.ascii	"X3#y\023\337]&\032\324\316\332\212\304\324i\033+F\271"
 3333      13DF5D26 
 3333      1AD4CEDA 
 3333      8AC4D469 
 3333      1B2B46B9 
 3334 0856 443ECA46 		.ascii	"D>\312F\370\316\327l\266!\340\014\211\356\211\204;\313"
 3334      F8CED76C 
 3334      B621E00C 
 3334      89EE8984 
 3334      3BCB
 3335 0868 1AF5E555 		.ascii	"\032\365\345U\364\331cNh\217\031\241%\370\221\231\271"
 3335      F4D9634E 
 3335      688F19A1 
 3335      25F89199 
 3335      B9
 3336 0879 2833F308 		.ascii	"(3\363\010\226\245\213\010.\242g\026\341y\004\215%\035"
 3336      96A58B08 
 3336      2EA26716 
 3336      E179048D 
 3336      251D
 3337 088b 5634302C 		.ascii	"V40,\007\345\240\034\002\003#HZ\325*\220&\035zy\310"
 3337      07E5A01C 
 3337      02032348 
 3337      5AD52A90 
 3337      261D7A79 
 3338 08a0 7308DF15 		.ascii	"s\010\337\025\022R\324\347,\364,\200Y'\262\310\334\264"
 3338      1252D4E7 
 3338      2CF42C80 
 3338      5927B2C8 
 3338      DCB4
 3339 08b2 4C505EE6 		.ascii	"LP^\346%\316k\300\031\014\275\3472\023r\344\210\006"
 3339      25CE6BC0 
 3339      190CBDE7 
 3339      321372E4 
 3339      8806
 3340 08c4 CE5DB982 		.ascii	"\316]\271\202\3676\260\324\252j\020ETE\317\361\336\005"
 3340      F736B0D4 
 3340      AA6A1045 
 3340      5445CFF1 
 3340      DE05
 3341 08d6 73B203EE 		.ascii	"s\262\003\356Y`@\202N\356\207\006.\301\303\303y\357"
 3341      59604082 
ARM GAS  C:\Users\PUBLIC~1.LAP\AppData\Local\Temp\cc1mJNS6.s 			page 109


 3341      4EEE8706 
 3341      2EC1C3C3 
 3341      79EF
 3342 08e8 B5533400 		.ascii	"\265S4\000\011\206\336s\345\001\204\010W\025\307y,n"
 3342      0986DE73 
 3342      E5018408 
 3342      5715C779 
 3342      2C6E
 3343 08fa 54414B5A 		.ascii	"TAKZ\031I\216/\025]Zf\311\316\016\337\205\030\202R}"
 3343      19498E2F 
 3343      155D5A66 
 3343      C9CE0EDF 
 3343      85188252 
 3344 090f 6C494AA2 		.ascii	"lIJ\242\\\316\361\335\036\\\023\021N-\02357\207\353"
 3344      5CCEF1DD 
 3344      1E5C1311 
 3344      4E2D1335 
 3344      3787EB
 3345 0922 30707709 		.ascii	"0pw\011\"+,\352\010$\314B\3209\256\373\"\037\023\324"
 3345      222B2CEA 
 3345      0824CC42 
 3345      D039AEFB 
 3345      221F13D4 
 3346 0936 95665195 		.ascii	"\225fQ\225F\225\225\025Z\206\006\007)R0\325\202T\320"
 3346      46959515 
 3346      5A860607 
 3346      295230D5 
 3346      8254D0
 3347 0949 120B8C4C 		.ascii	"\022\013\214LiU-\000\363\326\330\216\342\034S]\276\320"
 3347      69552D00 
 3347      F3D6D88E 
 3347      E21C535D 
 3347      BED0
 3348 095b 9A519FF1 		.ascii	"\232Q\237\361\224/\262\2617\343\207X\240\250\334\252"
 3348      942FB2B1 
 3348      37E38758 
 3348      A0A8DCAA 
 3349 096b 9CD0334F 		.ascii	"\234\3203O8\2701\035N\002\020\215I?;\314\220\226\011"
 3349      38B8311D 
 3349      4E02108D 
 3349      493F3BCC 
 3349      909609
 3350 097e 7BF204BF 		.ascii	"{\362\004\277\221\0259\261\330\024:\027P\034\277a\252"
 3350      911539B1 
 3350      D8143A17 
 3350      501CBF61 
 3350      AA
 3351 098f 54EAEC33 		.ascii	"T\352\3543v\303f\337\203\355\306\024\222\013\332\011"
 3351      76C366DF 
 3351      83EDC614 
 3351      920BDA09 
 3352 099f 6646E634 		.ascii	"fF\3464\215X\223&xJ\001\235\034t\251\372C\0215\321\304"
 3352      8D589326 
 3352      784A019D 
 3352      1C74A9FA 
 3352      431135D1 
 3353 09b4 4D038138 		.ascii	"M\003\20188f\342\027\212\231`i\005\244v\222\0074\220"
ARM GAS  C:\Users\PUBLIC~1.LAP\AppData\Local\Temp\cc1mJNS6.s 			page 110


 3353      3866E217 
 3353      8A996069 
 3353      05A47692 
 3353      073490
 3354 09c7 DA8A54F7 		.ascii	"\332\212T\367n:\300/)\272d\302\3223R\330\330\360\364"
 3354      6E3AC02F 
 3354      29BA64C2 
 3354      D23352D8 
 3354      D8F0F4
 3355 09da EE1F3735 		.ascii	"\356\03775j\236\216U\241P\342x\372C/P\264\262\024U\272"
 3355      6A9E8E55 
 3355      A150E278 
 3355      FA432F50 
 3355      B4B21455 
 3356 09ef 866A6D6D 		.ascii	"\206jmm\007K\\\222\243*J\232f\312\221#o\272\351\215"
 3356      074B5C92 
 3356      A32A4A9A 
 3356      66CA9123 
 3356      6FBAE98D 
 3357 0a03 CBE8B3BF 		.ascii	"\313\350\263\277\000\351\232gZ\032\030T\313XP\321\220"
 3357      00E99A67 
 3357      5A1A1854 
 3357      CB5850D1 
 3357      90
 3358 0a14 3A5D8357 		.ascii	":]\203W\244\210\024'\020\357iy\345\246)\\\015\031B\346"
 3358      A4881427 
 3358      10EF6979 
 3358      E5A6295C 
 3358      0D1942E6 
 3359 0a28 DC4D5116 		.ascii	"\334MQ\026\\\354\222\320\251\011\321\024\226\224y\031"
 3359      5CEC92D0 
 3359      A909D114 
 3359      96947919 
 3360 0a38 46D37B6F 		.ascii	"F\323{o\240\350NQ\241\306\031t\251\272\233\232,\254"
 3360      A0E84E51 
 3360      A1C61974 
 3360      A9BA9B9A 
 3360      2CAC
 3361 0a4a 43A8A879 		.ascii	"C\250\250yg\216\321~TxUL`\263KB\355\004\024\263 .JF"
 3361      678ED17E 
 3361      5478554C 
 3361      60B34B42 
 3361      ED0414B3 
 3362 0a62 47E2A230 		.ascii	"G\342\2420]f\\U\014\004\353h\211\223\222&\375\354.H"
 3362      5D665C55 
 3362      0C04EB68 
 3362      89939226 
 3362      FDEC2E48 
 3363 0a76 DAC68903 		.ascii	"\332\306\211\003\006\303=\034\207y\030&\273\315\275"
 3363      06C33D1C 
 3363      87791826 
 3363      BBCDBD
 3364 0a85 B78B1DC4 		.ascii	"\267\213\035\304$\003\0229\255ju75-`2w\354\343\241<"
 3364      24031239 
 3364      AD6A7537 
 3364      352D6032 
 3364      77ECE3A1 
ARM GAS  C:\Users\PUBLIC~1.LAP\AppData\Local\Temp\cc1mJNS6.s 			page 111


 3365 0a9a 0A85BDEB 		.ascii	"\012\205\275\353\366\336\024h\",\212\262>\377\255Y\261"
 3365      F6DE1468 
 3365      222C8AB2 
 3365      3EFFAD59 
 3365      B1
 3366 0aab 18CC1519 		.ascii	"\030\314\025\031]r7\012\304\202\252[\032\3232\034\232"
 3366      5D72370A 
 3366      C482AA5B 
 3366      1AD3321C 
 3366      9A
 3367 0abc 36EEEEA2 		.ascii	"6\356\356\242\202\211\233\263\3567B\352t\342\363\335"
 3367      82899BB3 
 3367      EE3742EA 
 3367      74E2F3DD 
 3368 0acc 1CF6B660 		.ascii	"\034\366\266`\357%\240\245\014S\210\012\3512\245T\313"
 3368      EF25A0A5 
 3368      0C53880A 
 3368      E932A554 
 3368      CB
 3369 0add 2D44459D 		.ascii	"-DE\235aJ\245\232\0270\243TI[H\252y\267\020P\223\031"
 3369      614AA59A 
 3369      1730A354 
 3369      495B48AA 
 3369      79B71050 
 3370 0af3 DD7B666F 		.ascii	"\335{fo\251\315\224R!\315\354(PsG\367\276O!\251\315"
 3370      A9CD9452 
 3370      21CDEC28 
 3370      507347F7 
 3370      BE4F21A9 
 3371 0b08 DC52CDCB 		.ascii	"\334R\315\313\334TR3L!\251\345\226R!\335-\245j2\245"
 3371      DC545233 
 3371      4C21A9E5 
 3371      965221DD 
 3371      2DA56A32 
 3372 0b1d 54CD1966 		.ascii	"T\315\031f\024h\357(\320\362\202\275\201\232L\351\214"
 3372      1468EF28 
 3372      D0F282BD 
 3372      819A4CE9 
 3372      8C
 3373 0b2e E6CC16A2 		.ascii	"\346\314\026\242Z2\245@H\034\366^\3260[\336e\320W\213"
 3373      5A32A540 
 3373      481CF65E 
 3373      D6305BDE 
 3373      65D0578B 
 3374 0b42 2D0532FA 		.ascii	"-\0052\372&s?\355\275\235nTh7\355-$5\301\376\222b\256"
 3374      26733FED 
 3374      BD9D6E54 
 3374      6837ED2D 
 3374      2435C1FE 
 3375 0b59 054901F7 		.ascii	"\005I\001\367\363\310)b\357\275f=\315\230m \347\236"
 3375      F3C82962 
 3375      EFBD663D 
 3375      CD986D20 
 3375      E79E
 3376 0b6b 360105A0 		.ascii	"6\001\005\240\271\367\3232\272\237\326\350\336\001\330"
 3376      B9F7D332 
 3376      BA9FD6E8 
ARM GAS  C:\Users\PUBLIC~1.LAP\AppData\Local\Temp\cc1mJNS6.s 			page 112


 3376      DE01D8
 3377 0b7a D3E5F446 		.ascii	"\323\345\364F\247{i&\264\3675\333\273)\304\336[f\357"
 3377      A77B6926 
 3377      B4F735DB 
 3377      BB29C4DE 
 3377      5B66EF
 3378 0b8d 0DB38592 		.ascii	"\015\263\205\222\214\202\252\244^B\004I\021m\033S\027"
 3378      8C82AAA4 
 3378      5E420449 
 3378      116D1B53 
 3378      17
 3379 0b9e 8929AD92 		.ascii	"\211)\255\222\322p\326C\352\334A\321\345e\032Im\347"
 3379      D270D643 
 3379      EADC41D1 
 3379      E5651A49 
 3379      6DE7
 3380 0bb0 8642D5D4 		.ascii	"\206B\325\324\322et\213\321\275\314HB$\010\027\014\023"
 3380      D265748B 
 3380      D1BDCC48 
 3380      42240817 
 3380      0C13
 3381 0bc2 B9176F51 		.ascii	"\271\027oQ\030j\035\333\225W\227\215\251\034\360a\333"
 3381      186A1DDB 
 3381      9557978D 
 3381      A91CF061 
 3381      DB
 3382 0bd3 1E115A1F 		.ascii	"\036\021Z\037v\204\226\005\201\206\003\036vX\234\226"
 3382      76849605 
 3382      8186031E 
 3382      76589C96 
 3383 0be3 05218798 		.ascii	"\005!\207\230\001$r\002A\337O\213<\316\004YX\224\305"
 3383      01247202 
 3383      41DF4F8B 
 3383      3CCE0459 
 3383      5894C5
 3384 0bf6 9C601086 		.ascii	"\234`\020\206\375\2004\262\311 \322C\321\003\205\036"
 3384      FD8034B2 
 3384      C920D243 
 3384      D103851E 
 3385 0c06 E58F132F 		.ascii	"\345\217\023/\014\207:AeQi\014\001\003\233D~\200\001"
 3385      0C873A41 
 3385      6551690C 
 3385      01039B44 
 3385      7E8001
 3386 0c19 27041C11 		.ascii	"'\004\034\021>\300 \002\011\022\030\201=\026w~\204 "
 3386      3EC02002 
 3386      09121881 
 3386      3D16777E 
 3386      8420
 3387 0c2b 76843021 		.ascii	"v\2040!H\026\203G6\030|i\213\307\"\014\205\235\243\006"
 3387      48168347 
 3387      36187C69 
 3387      8BC7220C 
 3387      859DA306 
 3388 0c3f 5E707858 		.ascii	"^pxXv\007\007\011\002\014\216\011C\244\005|Z\021\210"
 3388      76070709 
 3388      020C8E09 
ARM GAS  C:\Users\PUBLIC~1.LAP\AppData\Local\Temp\cc1mJNS6.s 			page 113


 3388      43A4057C 
 3388      5A1188
 3389 0c52 C3161C76 		.ascii	"\303\026\034v\247'\207%\016\225?9B\226\004\027\034\236"
 3389      A7278725 
 3389      0E953F39 
 3389      42960417 
 3389      1C9E
 3390 0c64 1ED604E1 		.ascii	"\036\326\004\341\006\210C\034\342\360e\006\247\355A"
 3390      0688431C 
 3390      E2F06506 
 3390      A7ED41
 3391 0c73 B2C66206 		.ascii	"\262\306b\006hZ~\224\031\210C\214\323\026\205\033p\001"
 3391      685A7E94 
 3391      1988438C 
 3391      D316851B 
 3391      7001
 3392 0c85 86D02A85 		.ascii	"\206\320*\205\303\034!29\201\020`v\204G\235\"\316\013"
 3392      C31C2132 
 3392      39811060 
 3392      7684479D 
 3392      22CE0B
 3393 0c98 AB44F228 		.ascii	"\253D\362(\213\024\250\361\014m\361\030\302\005r\216"
 3393      8B14A8F1 
 3393      0C6DF118 
 3393      C205728E 
 3394 0ca8 C80F8843 		.ascii	"\310\017\210C\031\342P\231d\225\301\014F\015|\3306\211"
 3394      19E25099 
 3394      6495C10C 
 3394      460D7CD8 
 3394      3689
 3395 0cba 1CB6B851 		.ascii	"\034\266\270Q\003%\007\037\214I!\213s\240\001\267A\012"
 3395      0325071F 
 3395      8C49218B 
 3395      73A001B7 
 3395      410A
 3396 0ccc 4EBCC0EE 		.ascii	"N\274\300\356t\020\026\223\302\017\301#\262\330\026"
 3396      74101693 
 3396      C20FC123 
 3396      B2D816
 3397 0cdb 699C78C1 		.ascii	"i\234x\301\2475n\320\006\177m\360\245=\262\311d\317"
 3397      A7356ED0 
 3397      067F6DF0 
 3397      A53DB2C9 
 3397      64CF
 3398 0ced F027E96B 		.ascii	"\360'\351k\2036m\220\2055\026\177\312$k,\366\264\311"
 3398      83366D90 
 3398      8535167F 
 3398      CA246B2C 
 3398      F6B4C9
 3399 0d00 E2872071 		.ascii	"\342\207 q(A\033\334\021~H\262\355\261\250\374Q\302"
 3399      28411BDC 
 3399      117E48B2 
 3399      EDB1A8FC 
 3399      51C2
 3400 0d12 F8DA20B0 		.ascii	"\370\332 \260U\266;lN\2208\204\311\361\265\037\3266"
 3400      55B63B6C 
 3400      4E903884 
ARM GAS  C:\Users\PUBLIC~1.LAP\AppData\Local\Temp\cc1mJNS6.s 			page 114


 3400      C9F1B51F 
 3400      D636
 3401 0d24 D8F2936C 		.ascii	"\330\362\223l\225E\0356\031$\016]t\330\344\257\015\262"
 3401      95451D36 
 3401      19240E5D 
 3401      74D8E4AF 
 3401      0DB2
 3402 0d36 E414836C 		.ascii	"\344\024\203l\0229\374\265A\005\264\301\240K\356\031"
 3402      1239FCB5 
 3402      4105B4C1 
 3402      A04BEE19 
 3403 0d46 7A48E636 		.ascii	"zH\3466HA\247\350\301F\247\350\341\210\034\256\307\242"
 3403      4841A7E8 
 3403      C146A7E8 
 3403      E1881CAE 
 3403      C7A2
 3404 0d58 D0D8D206 		.ascii	"\320\330\322\006c\234xAGi\014\016\213G!\017\213NO\007"
 3404      639C7841 
 3404      47690C0E 
 3404      8B47210F 
 3404      8B4E4F07 
 3405 0d6c 36276864 		.ascii	"6'hd[\345\017P\247C\016\336A\"y\214\276d\016\021;\361"
 3405      5BE50F50 
 3405      A7430EDE 
 3405      4122798C 
 3405      BE640E11 
 3406 0d82 029B1441 		.ascii	"\002\233\024A\003\016>\210@\202\0040(1\034\221F#r\010"
 3406      030E3E88 
 3406      40820430 
 3406      28311C91 
 3406      46237208 
 3407 0d96 81D6876D 		.ascii	"\201\326\207m\217\310\341\213O;l\217\305`\233D\362\270"
 3407      8FC8E18B 
 3407      4F3B6C8F 
 3407      C5609B44 
 3407      F2B8
 3408 0da8 F028DFA7 		.ascii	"\360(\337\247\035\342\344\332\006a\330\341Q\330*\217"
 3408      1DE2E4DA 
 3408      0661D8E1 
 3408      51D82A8F 
 3409 0db8 C5A01219 		.ascii	"\305\240\022\031$\016c\222\354\021\004\322\227\024\022"
 3409      240E6392 
 3409      EC1104D2 
 3409      971412
 3410 0dc7 8799350A 		.ascii	"\207\2315\012\217\231U\012;\010\217:\305\035\241\011"
 3410      8F99550A 
 3410      3B088F3A 
 3410      C51DA109 
 3411 0dd7 ADB225E7 		.ascii	"\255\262%\347\310\012[\315\266\302V\351k\203l\016\322"
 3411      C80A5BCD 
 3411      B6C256E9 
 3411      6B836C0E 
 3411      D2
 3412 0de8 D8FE943A 		.ascii	"\330\376\224:\302\035\017\2766\330\376\224\036\330d"
 3412      C21D0FBE 
 3412      36D8FE94 
 3412      1ED864
ARM GAS  C:\Users\PUBLIC~1.LAP\AppData\Local\Temp\cc1mJNS6.s 			page 115


 3413 0df7 D6511A7F 		.ascii	"\326Q\032\177r\222+\233\203\034\266E\037V\363\200\240"
 3413      72922B9B 
 3413      831CB645 
 3413      1F56F380 
 3413      A0
 3414 0e08 03B205B1 		.ascii	"\003\262\005\261\266Avxd\223\254\0076I\323\006u\216"
 3414      B6417678 
 3414      6493AC07 
 3414      3649D306 
 3414      758E
 3415 0e1a 904D125B 		.ascii	"\220M\022[\236d\333\202\360\265A\035\245\321\247\243"
 3415      9E64DB82 
 3415      F0B5411D 
 3415      A5D1A7A3 
 3416 0e2a 54FED824 		.ascii	"T\376\330$\222\310#4\262\312 q\370\302cd\225-\210\225"
 3416      92C82334 
 3416      B2CA2071 
 3416      F8C26364 
 3416      952D8895 
 3417 0e3e C7A735B6 		.ascii	"\307\2475\266 V\020\354\332su\216\305\266(\004\361\323"
 3417      205610EC 
 3417      DA73758E 
 3417      C5B62804 
 3417      F1D3
 3418 0e50 511A751B 		.ascii	"Q\032u\0334A)4\266G\366\003\353\242s,\346\034Y\036V"
 3418      34412934 
 3418      B647F603 
 3418      EBA2732C 
 3418      E61C591E 
 3419 0e65 FBB06D8F 		.ascii	"\373\260m\217\321\2475\376v\204lR\017Y\020t@v\320\006"
 3419      D1A735FE 
 3419      76846C52 
 3419      0F591074 
 3419      4076D006 
 3420 0e79 5982C4E1 		.ascii	"Y\202\304\341/\373\332`\373C\026k~\332b\022YL\362\004"
 3420      2FFBDA60 
 3420      FB43166B 
 3420      7EDA6212 
 3420      594CF204 
 3421 0e8d 89C3199E 		.ascii	"\211\303\031\236\325\211\027\224\255\262\270C\034b`"
 3421      D5891794 
 3421      ADB2B843 
 3421      1C6260
 3422 0e9c 737A7686 		.ascii	"szv\206\307\342\206\017l\222'\267\301\026\266\207\355"
 3422      C7E2860F 
 3422      6C9227B7 
 3422      C116B687 
 3422      ED
 3423 0ead 09419038 		.ascii	"\011A\2208\324\276\301\203\016<\330\240\200\016\026"
 3423      D4BEC183 
 3423      0E3CD8A0 
 3423      800E16
 3424 0ebc 7081C63B 		.ascii	"p\201\306;\320\360\201\005\032\030\001\004=\274\220"
 3424      D0F08105 
 3424      1A180104 
 3424      3DBC90
 3425 0ecb 73440E89 		.ascii	"sD\016\211C\014\303\244\022C\233\304\240Db\300\271@"
ARM GAS  C:\Users\PUBLIC~1.LAP\AppData\Local\Temp\cc1mJNS6.s 			page 116


 3425      430CC3A4 
 3425      12439BC4 
 3425      A04462C0 
 3425      B940
 3426 0edd B14391F8 		.ascii	"\261C\221\370A\011\034$@\003\217\221mK\370!\366\024"
 3426      41091C24 
 3426      40038F91 
 3426      6D4BF821 
 3426      F614
 3427 0eef 7782C20C 		.ascii	"w\202\302\014\031J`\000\0050\264>\3541Gs\210\230)'\266"
 3427      194A6000 
 3427      0530B43E 
 3427      EC314773 
 3427      88982927 
 3428 0f04 263CDE7E 		.ascii	"&<\336~O\250B\334\330\261\027\305!\265D\007\331\317"
 3428      4FA842DC 
 3428      D8B117C5 
 3428      21B54407 
 3428      D9CF
 3429 0f16 808A22C9 		.ascii	"\200\212\"\311\221\367rD\2455\005\305\322'\031W\336"
 3429      91F77244 
 3429      A53505C5 
 3429      D2271957 
 3429      DE
 3430 0f27 3EDBEC67 		.ascii	">\333\354g\346z\346-\013\324\2260\364\266\260\226W\225"
 3430      E67AE62D 
 3430      0BD49630 
 3430      F4B6B096 
 3430      5795
 3431 0f39 3499296D 		.ascii	"4\231)mct#\343\360\033Y\213\245\0007\344\366\262\252"
 3431      637423E3 
 3431      F01B598B 
 3431      A50037E4 
 3431      F6B2AA
 3432 0f4c 592B8FB1 		.ascii	"Y+\217\261\031\021A\242\335\263\215\\C\315*\012\343"
 3432      191141A2 
 3432      DDB38D5C 
 3432      43CD2A0A 
 3432      E3
 3433 0f5d 33B69107 		.ascii	"3\266\221\007\246\004)k\232\303\364\226\224\321\270"
 3433      A604296B 
 3433      9AC3F496 
 3433      94D1B8
 3434 0f6c F3552101 		.ascii	"\363U!\001\246\303\211\321\200\302XL\261\352(p\033\023"
 3434      A6C389D1 
 3434      80C2584C 
 3434      B1EA2870 
 3434      1B13
 3435 0f7e CB33A864 		.ascii	"\3133\250d^<H|\366|\345\236cd\031\237\365\001\000\300"
 3435      5E3C487C 
 3435      F67CE59E 
 3435      6364199F 
 3435      F50100C0 
 3436 0f92 C81DA9CA 		.ascii	"\310\035\251\312\361y\001\327f\375\335\2325\277"
 3436      F17901D7 
 3436      66FDDD9A 
 3436      35BF
ARM GAS  C:\Users\PUBLIC~1.LAP\AppData\Local\Temp\cc1mJNS6.s 			page 117


 3437 0fa0 D0E01946 		.ascii	"\320\340\031F\015\213Pt\003cbL1\211}^o\315*\001\014"
 3437      0D8B5074 
 3437      0363624C 
 3437      31897D5E 
 3437      6FCD2A01 
 3438 0fb5 15D9858A 		.ascii	"\025\331\205\212\334\202\3457&\205\350\371\244\362\334"
 3438      DC82E537 
 3438      2685E8F9 
 3438      A4F2DC
 3439 0fc4 225B49EF 		.ascii	"\"[I\357\324\200|\316V\237Wd\026\236\255r\325\213\320"
 3439      D4807CCE 
 3439      569F5764 
 3439      169EAD72 
 3439      D58BD0
 3440 0fd7 CE56796F 		.ascii	"\316Vyo\240\033\203z\250b\3110K\363 23$\"\"2\232$\035"
 3440      A01B837A 
 3440      A862C930 
 3440      4BF32032 
 3440      33242222 
 3441 0fef B20A1008 		.ascii	"\262\012\020\010ca \326\230\007\022\340#I\017J\206\220"
 3441      636120D6 
 3441      980712E0 
 3441      23490F4A 
 3441      8690
 3442 1001 9A111191 		.ascii	"\232\021\021\221\250 )II%m\006J\025\303v\230\300\317"
 3442      A8202949 
 3442      49256D06 
 3442      4A15C376 
 3442      98C0CF
 3443 1014 FB2BF5C7 		.ascii	"\373+\365\307\275\333\256\315\300B\031i\306\307\371"
 3443      BDDBAECD 
 3443      C0421969 
 3443      C6C7F9
 3444 1023 38F2869C 		.ascii	"8\362\206\234I\344\376\022$(\035\247\232~\011\246\005"
 3444      49E4FE12 
 3444      24281DA7 
 3444      9A7E09A6 
 3444      05
 3445 1034 C2F4082B 		.ascii	"\302\364\010+f\336\372\015\306\001b\030\223G\205\217"
 3445      66DEFA0D 
 3445      C6016218 
 3445      9347858F 
 3446 1044 BE0746EF 		.ascii	"\276\007F\357\014\031\270|U\372O\214\244\003\240\033"
 3446      0C19B87C 
 3446      55FA4F8C 
 3446      A403A01B 
 3447 1054 4D1DFB20 		.ascii	"M\035\373 \307a\344\230\262\277\334?v\017\010\015}\230"
 3447      C761E498 
 3447      B2BFDC3F 
 3447      760F080D 
 3447      7D98
 3448 1066 067BF6F0 		.ascii	"\006{\366\360\252\270r\317(!\311'\240c)\2675\301}_\340"
 3448      AAB872CF 
 3448      2821C927 
 3448      A06329B7 
 3448      35C17D5F 
 3449 107b 16952C5B 		.ascii	"\026\225,[\206,\262E\354\241\000\337f\365\240\244\021"
ARM GAS  C:\Users\PUBLIC~1.LAP\AppData\Local\Temp\cc1mJNS6.s 			page 118


 3449      862CB245 
 3449      ECA100DF 
 3449      66F5A0A4 
 3449      11
 3450 108c F68386AA 		.ascii	"\366\203\206\252\373C\233\372\037\230\224\241K\032S"
 3450      FB439BFA 
 3450      1F9894A1 
 3450      4B1A53
 3451 109b 0A461A06 		.ascii	"\012F\032\006\265\347\272\202M\035\"\205z\354\227V\210"
 3451      B5E7BA82 
 3451      4D1D2285 
 3451      7AEC9756 
 3451      88
 3452 10ac 0F613A8C 		.ascii	"\017a:\214@S\353k\3540\343\013\317y\035\035r\366\013"
 3452      4053EB6B 
 3452      EC30E30B 
 3452      CF791D1D 
 3452      72F60B
 3453 10bf E08B45DE 		.ascii	"\340\213E\336PN\266\010\014\356\330\251\357\002\\\316"
 3453      504EB608 
 3453      0CEED8A9 
 3453      EF025CCE 
 3454 10cf F5718832 		.ascii	"\365q\2102\000\015\377z\270\200\250y\015U\370\036\303"
 3454      000DFF7A 
 3454      B880A879 
 3454      0D55F81E 
 3454      C3
 3455 10e0 1AEA2EFD 		.ascii	"\032\352.\375\276\235\374\244>\012W\"\340\222\017\021"
 3455      BE9DFCA4 
 3455      3E0A5722 
 3455      E0920F11 
 3456 10f0 ED920B22 		.ascii	"\355\222\013\"\021\255\377\353\361Q\203\301\361-TET"
 3456      11ADFFEB 
 3456      F15183C1 
 3456      F12D5445 
 3456      54
 3457 1101 9E314B73 		.ascii	"\2361Ks\274,\001C\205\374\262\271o\346d\036.\223\267"
 3457      BC2C0143 
 3457      85FCB2B9 
 3457      6FE6641E 
 3457      2E93B7
 3458 1114 660F85CD 		.ascii	"f\017\205\315\262S\017\342\345\205\002\241\304\263\367"
 3458      B2530FE2 
 3458      E58502A1 
 3458      C4B3F7
 3459 1123 97B23A52 		.ascii	"\227\262:R\265\360K\323{\345\314~!g)W[\226\216\205V"
 3459      B5F04BD3 
 3459      7BE5CC7E 
 3459      21672957 
 3459      5B968E85 
 3460 1138 A9AFBAA6 		.ascii	"\251\257\272\246JZ\276\260f/\306\370\\\0242\323\316"
 3460      4A5ABEB0 
 3460      662FC6F8 
 3460      5C1432D3 
 3460      CE
 3461 1149 F0CA7E3D 		.ascii	"\360\312~=\324\340\200K\200I\327\314^C\225IZ\035\340"
 3461      D4E0804B 
ARM GAS  C:\Users\PUBLIC~1.LAP\AppData\Local\Temp\cc1mJNS6.s 			page 119


 3461      8049D7CC 
 3461      5E439549 
 3461      5A1DE0
 3462 115c 05304DE9 		.ascii	"\0050M\351\333l&\225\014\\\256E\006\373\265\365\240"
 3462      DB6C2695 
 3462      0C5CAE45 
 3462      06FBB5F5 
 3462      A0
 3463 116d A1650C6B 		.ascii	"\241e\014k\211\365t1\367\254%\\^^\034\025\365\230\035"
 3463      89F57431 
 3463      F7AC255C 
 3463      5E5E1C15 
 3463      F5981D
 3464 1180 1CDEF117 		.ascii	"\034\336\361\027\2318\033\325CJ \267\242vR\212.\326"
 3464      99381BD5 
 3464      434A20B7 
 3464      A276528A 
 3464      2ED6
 3465 1192 DC83A763 		.ascii	"\334\203\247c|\271<\372\2221\202[\334\0149?\031\322"
 3465      7CB93CFA 
 3465      9231825B 
 3465      DC0C393F 
 3465      19D2
 3466 11a4 56BD99C8 		.ascii	"V\275\231\310h\364\327_x\376\240\254\233\034\213\366"
 3466      68F4D75F 
 3466      78FEA0AC 
 3466      9B1C8BF6 
 3467 11b4 58937561 		.ascii	"X\223ua\354\267\021\247\262\360\314q)4\263\310\367\261"
 3467      ECB711A7 
 3467      B2F0CC71 
 3467      2934B3C8 
 3467      F7B1
 3468 11c6 D3C514E6 		.ascii	"\323\305\024\346\"H\200\277o%*p\371f\220D\205\231K`"
 3468      224880BF 
 3468      6F252A70 
 3468      F9669044 
 3468      85994B60 
 3469 11da FF551E4A 		.ascii	"\377U\036J3\261\312lzH'qO\215\306\032y\221\221\234\263"
 3469      33B1CA6C 
 3469      7A482771 
 3469      4F8DC61A 
 3469      7991919C 
 3470 11ef FA24A542 		.ascii	"\372$\245B\327\012RE\034\241\030\312\322\015D3\352\230"
 3470      D70A5245 
 3470      1CA118CA 
 3470      D20D4433 
 3470      EA98
 3471 1201 780E1D0D 		.ascii	"x\016\035\015\012t\211\241\313\277\367\364\217\360M"
 3471      0A7489A1 
 3471      CBBFF7F4 
 3471      8FF04D
 3472 1210 8AA72C29 		.ascii	"\212\247,)\304\214\376\"f#\260\217Z\212\034\375[\341"
 3472      C48CFE22 
 3472      6623B08F 
 3472      5A8A1CFD 
 3472      5BE1
 3473 1222 F06ADBC5 		.ascii	"\360j\333\305#(\346\377\223\3502\004\214\332=*\330h"
ARM GAS  C:\Users\PUBLIC~1.LAP\AppData\Local\Temp\cc1mJNS6.s 			page 120


 3473      2328E6FF 
 3473      93E83204 
 3473      8CDA3D2A 
 3473      D868
 3474 1234 A24E1C34 		.ascii	"\242N\0344B\027\026\334\315N\301h\322a=\356\335\210"
 3474      421716DC 
 3474      CD4EC168 
 3474      D2613DEE 
 3474      DD88
 3475 1246 89231424 		.ascii	"\211#\024$&\305`\225|\370\367\353\240\272\301\302\373"
 3475      26C56095 
 3475      7CF8F7EB 
 3475      A0BAC1C2 
 3475      FB
 3476 1257 34064841 		.ascii	"4\006HA\234k\011\001\272\334\261\021\341\275\335\202"
 3476      9C6B0901 
 3476      BADCB111 
 3476      E1BDDD82 
 3477 1267 B253A41F 		.ascii	"\262S\244\037\2519\214-\243\240HP\004\223\025Pq\266"
 3477      A9398C2D 
 3477      A3A04850 
 3477      04931550 
 3477      71B6
 3478 1279 521C62E0 		.ascii	"R\034b\340\332\030\"J\263\030\277\305\020\334Z\255\325"
 3478      DA18224A 
 3478      B318BFC5 
 3478      10DC5AAD 
 3478      D5
 3479 128a 6EF6E582 		.ascii	"n\366\345\202]\252\203=\026@tZ[\245\271\310\347X\315"
 3479      5DAA833D 
 3479      1640745A 
 3479      5BA5B9C8 
 3479      E758CD
 3480 129d 01F67A33 		.ascii	"\001\366z3\316t\305\300\211+\243\234\246\3056a\242M"
 3480      CE74C5C0 
 3480      892BA39C 
 3480      A6C53661 
 3480      A24D
 3481 12af 93D81D5F 		.ascii	"\223\330\035_g\026\237V\205\002\204\202\212\312X\243"
 3481      67169F56 
 3481      85028482 
 3481      8ACA58A3 
 3482 12bf A9669C66 		.ascii	"\251f\234fT\342\037\304\264\251\321\015\216\004\260"
 3482      54E21FC4 
 3482      B4A9D10D 
 3482      8E04B0
 3483 12ce 031C1DAD 		.ascii	"\003\034\035\255\244\345\241+|\376\025\310[\207c@\314"
 3483      A4E5A12B 
 3483      7CFE15C8 
 3483      5B876340 
 3483      CC
 3484 12df 49FB1992 		.ascii	"I\373\031\222\347\226\365\035|\0300\356\351\224\372"
 3484      E796F51D 
 3484      7C1830EE 
 3484      E994FA
 3485 12ee 2389DB11 		.ascii	"#\211\333\021\277\031H\310N\310@\215\301\331\217\300"
 3485      BF1948C8 
ARM GAS  C:\Users\PUBLIC~1.LAP\AppData\Local\Temp\cc1mJNS6.s 			page 121


 3485      4EC8408D 
 3485      C1D98FC0 
 3486 12fe C45340D4 		.ascii	"\304S@\324\217\303\2237\337~\034\351\370\002\337m\036"
 3486      8FC39337 
 3486      DF7E1CE9 
 3486      F802DF6D 
 3486      1E
 3487 130f 606C6803 		.ascii	"`lh\0036\026\267$\007Q\204\\\030'\006`\220\325uU lg"
 3487      3616B724 
 3487      0751845C 
 3487      18270660 
 3487      90D57555 
 3488 1326 CBD8DA26 		.ascii	"\313\330\332&w\006g\265@\377\321\255|h\341S?\325\340"
 3488      770667B5 
 3488      40FFD1AD 
 3488      7C68E153 
 3488      3FD5E0
 3489 1339 CDFBFCBA 		.ascii	"\315\373\374\272\213\245\303\270\247\034h&*\234\334"
 3489      8BA5C3B8 
 3489      A71C6826 
 3489      2A9CDC
 3490 1348 161FD326 		.ascii	"\026\037\323&\024`\242f&\207\377\305\005T\330\024\334"
 3490      1460A266 
 3490      2687FFC5 
 3490      0554D814 
 3490      DC
 3491 1359 84E4521B 		.ascii	"\204\344R\033\326M\222P\215\325c\361H\344\323\346\340"
 3491      D64D9250 
 3491      8DD563F1 
 3491      48E4D3E6 
 3491      E0
 3492 136a DF50AA30 		.ascii	"\337P\2520\307\300g\233\240\310\251\212'e3\341\235O"
 3492      C7C0679B 
 3492      A0C8A98A 
 3492      276533E1 
 3492      9D4F
 3493 137c 73290A0C 		.ascii	"s)\012\014Fw\215N\316\231\"\310\233_F.\256k\200\032"
 3493      46778D4E 
 3493      CE9922C8 
 3493      9B5F462E 
 3493      AE6B801A 
 3494 1390 3FFBA078 		.ascii	"?\373\240x&\234\"O\021f\255\035\024\360\214:\025\011"
 3494      269C224F 
 3494      1166AD1D 
 3494      14F08C3A 
 3494      1509
 3495 13a2 71FFDE60 		.ascii	"q\377\336`i\352\011s\306;\004x\024\235\"\304\216j\025"
 3495      69EA0973 
 3495      C63B0478 
 3495      149D22C4 
 3495      8E6A15
 3496 13b5 20085FEE 		.ascii	" \010_\356\230l5\241>\231\376\022r\035\324\322\323\001"
 3496      986C35A1 
 3496      3E99FE12 
 3496      721DD4D2 
 3496      D301
 3497 13c7 055A9870 		.ascii	"\005Z\230p7\004\237\006&<\214\006#\371/\365\217\241"
ARM GAS  C:\Users\PUBLIC~1.LAP\AppData\Local\Temp\cc1mJNS6.s 			page 122


 3497      37049F06 
 3497      263C8C06 
 3497      23F92FF5 
 3497      8FA1
 3498 13d9 964863C9 		.ascii	"\226Hc\311\002\260\021?t\247\2703\011\235\322}\247\232"
 3498      02B0113F 
 3498      74A7B833 
 3498      099DD27D 
 3498      A79A
 3499 13eb 7DE4465F 		.ascii	"}\344F_tC\247\013\373\270\252\235\3435\323\021Zh\226"
 3499      7443A70B 
 3499      FBB8AA9D 
 3499      E335D311 
 3499      5A6896
 3500 13fe DD789CA7 		.ascii	"\335x\234\247\370\227\237,\343\037 o\270\217\205A$R"
 3500      F8979F2C 
 3500      E31F206F 
 3500      B88F8541 
 3500      2452
 3501 1410 52A0A9D1 		.ascii	"R\240\251\321\310\\\215\011\002\260\020H\232\023\004"
 3501      C85C8D09 
 3501      02B01048 
 3501      9A1304
 3502 141f A218091B 		.ascii	"\242\030\011\033x\345\222\016\327\015Qo\031\030\207"
 3502      78E5920E 
 3502      D70D516F 
 3502      191887
 3503 142e 89115F8A 		.ascii	"\211\021_\212:\327{\357\352\314\007\236Q\030\306\250"
 3503      3AD77BEF 
 3503      EACC079E 
 3503      5118C6A8 
 3504 143e E707AA97 		.ascii	"\347\007\252\227Y\021B\264C\345\346\023(\320\247\005"
 3504      591142B4 
 3504      43E5E613 
 3504      28D0A705 
 3505 144e 9FB68236 		.ascii	"\237\266\2026\257`\022\270\3021d\231\214\013\243]\245"
 3505      AF6012B8 
 3505      C2316499 
 3505      8C0BA35D 
 3505      A5
 3506 145f 54DE8A48 		.ascii	"T\336\212H`\361]\251\233\316lu\213\034'\200\207\257"
 3506      60F15DA9 
 3506      9BCE6C75 
 3506      8B1C2780 
 3506      87AF
 3507 1471 9600B0B1 		.ascii	"\226\000\260\261&|\214)b\022\324\315p\266\224\226p\235"
 3507      267C8C29 
 3507      6212D4CD 
 3507      70B69496 
 3507      709D
 3508 1483 E4037FED 		.ascii	"\344\003\177\355\333\260\000\214\362Xc\307\276g\243"
 3508      DBB0008C 
 3508      F25863C7 
 3508      BE67A3
 3509 1492 B1352252 		.ascii	"\2615\"R_?\232\031\263\030\207\235q\222\340,\243\360"
 3509      5F3F9A19 
 3509      B318879D 
ARM GAS  C:\Users\PUBLIC~1.LAP\AppData\Local\Temp\cc1mJNS6.s 			page 123


 3509      7192E02C 
 3509      A3F0
 3510 14a4 0CD8BDEC 		.ascii	"\014\330\275\3546\304P\232\015\222fz\013\255E$nB\334"
 3510      36C4509A 
 3510      0D92667A 
 3510      0BAD4524 
 3510      6E42DC
 3511 14b7 512D10CB 		.ascii	"Q-\020\313\"\177\217\\\005\204\\f\202\322W\371d^\245"
 3511      227F8F5C 
 3511      05845C66 
 3511      82D257F9 
 3511      645EA5
 3512 14ca 6FC331E8 		.ascii	"o\3031\350\324\363\\@\027~W\2411f\210#S\331\334\266"
 3512      D4F35C40 
 3512      177E57A1 
 3512      31668823 
 3512      53D9DCB6 
 3513 14de 3A022BEB 		.ascii	":\002+\353\006\335z\020\316|\267\217\275\025Pz\336\315"
 3513      06DD7A10 
 3513      CE7CB78F 
 3513      BD15507A 
 3513      DECD
 3514 14f0 B7FDE077 		.ascii	"\267\375\340w\015~9\246\227\361\245\370(\001\255\331"
 3514      0D7E39A6 
 3514      97F1A5F8 
 3514      2801ADD9 
 3515 1500 08F44A58 		.ascii	"\010\364JXi8\263\207\216\300\016@`\214|\3459&a\355i"
 3515      6938B387 
 3515      8EC00E40 
 3515      608C7CE5 
 3515      392661ED 
 3516 1515 26FA8992 		.ascii	"&\372\211\222\367\2347\3605\201\026\340\255s&<\3077"
 3516      F79C37F0 
 3516      358116E0 
 3516      AD73263C 
 3516      C737
 3517 1527 4D8B70FE 		.ascii	"M\213p\376\312I\200Ev\352\032Y\214\351\361\300=\305"
 3517      CA498045 
 3517      76EA1A59 
 3517      8CE9F1C0 
 3517      3DC5
 3518 1539 3C300A1D 		.ascii	"<0\012\035\250<\020\354\316\020\001aN\015\215\227\300"
 3518      A83C10EC 
 3518      CE100161 
 3518      4E0D8D97 
 3518      C0
 3519 154a AEA97104 		.ascii	"\256\251q\004\241\037\313\246\233\025\035\373rC\201"
 3519      A11FCBA6 
 3519      9B151DFB 
 3519      724381
 3520 1559 2B90AB43 		.ascii	"+\220\253C\242\034\006\332\333,\270#D\212??g@~p\002"
 3520      A21C06DA 
 3520      DB2CB823 
 3520      448A3F3F 
 3520      67407E70 
 3521 156e 932A1F02 		.ascii	"\223*\037\002\256\205\016\212\2428\214\355\205n8\375"
 3521      AE850E8A 
ARM GAS  C:\Users\PUBLIC~1.LAP\AppData\Local\Temp\cc1mJNS6.s 			page 124


 3521      A2388CED 
 3521      856E38FD 
 3522 157e E73C7070 		.ascii	"\347<pp\276dF\342\247\023\263CN\272\241\336\031\213"
 3522      BE6446E2 
 3522      A713B343 
 3522      4EBAA1DE 
 3522      198B
 3523 1590 BD9E46FC 		.ascii	"\275\236F\374tI\320\267\351\356\264<\361\363YR\240{"
 3523      7449D0B7 
 3523      E9EEB43C 
 3523      F1F35952 
 3523      A07B
 3524 15a2 4397F9FC 		.ascii	"C\227\371\3748@\214\014\242\334\354\347vQ\334\362\370"
 3524      38408C0C 
 3524      A2DCECE7 
 3524      7651DCF2 
 3524      F8
 3525 15b3 B76E3DBC 		.ascii	"\267n=\274\000\020\2467S\231\302\240\326\222\367\261"
 3525      0010A637 
 3525      5399C2A0 
 3525      D692F7B1 
 3526 15c3 AE2E5773 		.ascii	"\256.Ws\253\200c\373/_j4\213\006\332\331?\344\323\225"
 3526      AB8063FB 
 3526      2F5F6A34 
 3526      8B06DAD9 
 3526      3FE4D395 
 3527 15d7 E0503CA7 		.ascii	"\340P<\247m.\002\345\311Y\221}I\236\311/\302\014\371"
 3527      6D2E02E5 
 3527      C959917D 
 3527      499EC92F 
 3527      C20CF9
 3528 15ea FACBA711 		.ascii	"\372\313\247\021\263Y$\241\343y\374\033G7\3325\256*"
 3528      B35924A1 
 3528      E379FC1B 
 3528      4737DA35 
 3528      AE2A
 3529 15fc 24167633 		.ascii	"$\026v3|\235\2024\177\277\341\355\371\024h\0026O\333"
 3529      7C9D8234 
 3529      7FBFE1ED 
 3529      F9146802 
 3529      364FDB
 3530 160f 36998CC4 		.ascii	"6\231\214\304\261k\330\005\266\357\342\215\206\350\313"
 3530      B16BD805 
 3530      B6EFE28D 
 3530      86E8CB
 3531 161e 14D9C6FA 		.ascii	"\024\331\306\372ka\031\246\303\354\354J`S\3317\222y"
 3531      6B6119A6 
 3531      C3ECEC4A 
 3531      6053D937 
 3531      9279
 3532 1630 9F6E30CA 		.ascii	"\237n0\312\233\231{\216n\261\375c\"\247\356\355a\372"
 3532      9B997B8E 
 3532      6EB1FD63 
 3532      22A7EEED 
 3532      61FA
 3533 1642 F5BE9DA9 		.ascii	"\365\276\235\251R\377\311\226\340\325U\350\206a\206"
 3533      52FFC996 
ARM GAS  C:\Users\PUBLIC~1.LAP\AppData\Local\Temp\cc1mJNS6.s 			page 125


 3533      E0D555E8 
 3533      866186
 3534 1651 056D2CDE 		.ascii	"\005m,\336\003N\331\335(\374A\256\273\363/O\257\356"
 3534      034ED9DD 
 3534      28FC41AE 
 3534      BBF32F4F 
 3534      AFEE
 3535 1663 149B4964 		.ascii	"\024\233IdV\307\337.\230\266\354l6\366\272\277\303;"
 3535      56C7DF2E 
 3535      98B6EC6C 
 3535      36F6BABF 
 3535      C33B
 3536 1675 35FD6732 		.ascii	"5\375g2\240\037?\202\223\311\306\374)T\307\372y\036"
 3536      A01F3F82 
 3536      93C9C6FC 
 3536      2954C7FA 
 3536      791E
 3537 1687 4EA0B817 		.ascii	"N\240\270\027\256\337\354\210\026<\312\023~r\356\310"
 3537      AEDFEC88 
 3537      163CCA13 
 3537      7E72EEC8 
 3538 1697 3FF01C21 		.ascii	"?\360\034!\266\357N>\372\035L\307\217\357\326\341\370"
 3538      B6EF4E3E 
 3538      FA1D4CC7 
 3538      8FEFD6E1 
 3538      F8
 3539 16a8 992C7BA1 		.ascii	"\231,{\241\235\323\036\330_l\377\366\231\377\304\026"
 3539      9DD31ED8 
 3539      5F6CFFF6 
 3539      99FFC416 
 3540 16b8 7D97D3DC 		.ascii	"}\227\323\334\012"
 3540      0A
 3541              		.text
 3542              		.section	.gnu.lto_.symtab.840cc3cf,"e",%progbits
 3543 0000 6368436F 		.ascii	"chCondObjectInit\000"
 3543      6E644F62 
 3543      6A656374 
 3543      496E6974 
 3543      00
 3544 0011 00       		.ascii	"\000"
 3545 0012 00       		.ascii	"\000"
 3546 0013 00       		.ascii	"\000"
 3547 0014 00000000 		.ascii	"\000\000\000\000\000\000\000\000"
 3547      00000000 
 3548 001c D2010000 		.ascii	"\322\001\000\000"
 3549 0020 6368436F 		.ascii	"chCondObjectDispose\000"
 3549      6E644F62 
 3549      6A656374 
 3549      44697370 
 3549      6F736500 
 3550 0034 00       		.ascii	"\000"
 3551 0035 00       		.ascii	"\000"
 3552 0036 00       		.ascii	"\000"
 3553 0037 00000000 		.ascii	"\000\000\000\000\000\000\000\000"
 3553      00000000 
 3554 003f D4010000 		.ascii	"\324\001\000\000"
 3555 0043 6368436F 		.ascii	"chCondSignal\000"
ARM GAS  C:\Users\PUBLIC~1.LAP\AppData\Local\Temp\cc1mJNS6.s 			page 126


 3555      6E645369 
 3555      676E616C 
 3555      00
 3556 0050 00       		.ascii	"\000"
 3557 0051 00       		.ascii	"\000"
 3558 0052 00       		.ascii	"\000"
 3559 0053 00000000 		.ascii	"\000\000\000\000\000\000\000\000"
 3559      00000000 
 3560 005b D6010000 		.ascii	"\326\001\000\000"
 3561 005f 6368436F 		.ascii	"chCondSignalI\000"
 3561      6E645369 
 3561      676E616C 
 3561      4900
 3562 006d 00       		.ascii	"\000"
 3563 006e 00       		.ascii	"\000"
 3564 006f 00       		.ascii	"\000"
 3565 0070 00000000 		.ascii	"\000\000\000\000\000\000\000\000"
 3565      00000000 
 3566 0078 D8010000 		.ascii	"\330\001\000\000"
 3567 007c 6368436F 		.ascii	"chCondBroadcastI\000"
 3567      6E644272 
 3567      6F616463 
 3567      61737449 
 3567      00
 3568 008d 00       		.ascii	"\000"
 3569 008e 00       		.ascii	"\000"
 3570 008f 00       		.ascii	"\000"
 3571 0090 00000000 		.ascii	"\000\000\000\000\000\000\000\000"
 3571      00000000 
 3572 0098 DA010000 		.ascii	"\332\001\000\000"
 3573 009c 6368436F 		.ascii	"chCondBroadcast\000"
 3573      6E644272 
 3573      6F616463 
 3573      61737400 
 3574 00ac 00       		.ascii	"\000"
 3575 00ad 00       		.ascii	"\000"
 3576 00ae 00       		.ascii	"\000"
 3577 00af 00000000 		.ascii	"\000\000\000\000\000\000\000\000"
 3577      00000000 
 3578 00b7 DC010000 		.ascii	"\334\001\000\000"
 3579 00bb 6368436F 		.ascii	"chCondWaitS\000"
 3579      6E645761 
 3579      69745300 
 3580 00c7 00       		.ascii	"\000"
 3581 00c8 00       		.ascii	"\000"
 3582 00c9 00       		.ascii	"\000"
 3583 00ca 00000000 		.ascii	"\000\000\000\000\000\000\000\000"
 3583      00000000 
 3584 00d2 E0010000 		.ascii	"\340\001\000\000"
 3585 00d6 6368436F 		.ascii	"chCondWait\000"
 3585      6E645761 
 3585      697400
 3586 00e1 00       		.ascii	"\000"
 3587 00e2 00       		.ascii	"\000"
 3588 00e3 00       		.ascii	"\000"
 3589 00e4 00000000 		.ascii	"\000\000\000\000\000\000\000\000"
 3589      00000000 
ARM GAS  C:\Users\PUBLIC~1.LAP\AppData\Local\Temp\cc1mJNS6.s 			page 127


 3590 00ec E4010000 		.ascii	"\344\001\000\000"
 3591 00f0 6368436F 		.ascii	"chCondWaitTimeoutS\000"
 3591      6E645761 
 3591      69745469 
 3591      6D656F75 
 3591      745300
 3592 0103 00       		.ascii	"\000"
 3593 0104 00       		.ascii	"\000"
 3594 0105 00       		.ascii	"\000"
 3595 0106 00000000 		.ascii	"\000\000\000\000\000\000\000\000"
 3595      00000000 
 3596 010e E9010000 		.ascii	"\351\001\000\000"
 3597 0112 6368436F 		.ascii	"chCondWaitTimeout\000"
 3597      6E645761 
 3597      69745469 
 3597      6D656F75 
 3597      7400
 3598 0124 00       		.ascii	"\000"
 3599 0125 00       		.ascii	"\000"
 3600 0126 00       		.ascii	"\000"
 3601 0127 00000000 		.ascii	"\000\000\000\000\000\000\000\000"
 3601      00000000 
 3602 012f EB010000 		.ascii	"\353\001\000\000"
 3603 0133 63683000 		.ascii	"ch0\000"
 3604 0137 00       		.ascii	"\000"
 3605 0138 02       		.ascii	"\002"
 3606 0139 00       		.ascii	"\000"
 3607 013a 00000000 		.ascii	"\000\000\000\000\000\000\000\000"
 3607      00000000 
 3608 0142 E2010000 		.ascii	"\342\001\000\000"
 3609 0146 63685363 		.ascii	"chSchWakeupS\000"
 3609      6857616B 
 3609      65757053 
 3609      00
 3610 0153 00       		.ascii	"\000"
 3611 0154 02       		.ascii	"\002"
 3612 0155 00       		.ascii	"\000"
 3613 0156 00000000 		.ascii	"\000\000\000\000\000\000\000\000"
 3613      00000000 
 3614 015e F0010000 		.ascii	"\360\001\000\000"
 3615 0162 63685363 		.ascii	"chSchReadyI\000"
 3615      68526561 
 3615      64794900 
 3616 016e 00       		.ascii	"\000"
 3617 016f 02       		.ascii	"\002"
 3618 0170 00       		.ascii	"\000"
 3619 0171 00000000 		.ascii	"\000\000\000\000\000\000\000\000"
 3619      00000000 
 3620 0179 F4010000 		.ascii	"\364\001\000\000"
 3621 017d 63685363 		.ascii	"chSchRescheduleS\000"
 3621      68526573 
 3621      63686564 
 3621      756C6553 
 3621      00
 3622 018e 00       		.ascii	"\000"
 3623 018f 02       		.ascii	"\002"
 3624 0190 00       		.ascii	"\000"
ARM GAS  C:\Users\PUBLIC~1.LAP\AppData\Local\Temp\cc1mJNS6.s 			page 128


 3625 0191 00000000 		.ascii	"\000\000\000\000\000\000\000\000"
 3625      00000000 
 3626 0199 F7010000 		.ascii	"\367\001\000\000"
 3627 019d 63684D74 		.ascii	"chMtxLockS\000"
 3627      784C6F63 
 3627      6B5300
 3628 01a8 00       		.ascii	"\000"
 3629 01a9 02       		.ascii	"\002"
 3630 01aa 00       		.ascii	"\000"
 3631 01ab 00000000 		.ascii	"\000\000\000\000\000\000\000\000"
 3631      00000000 
 3632 01b3 FB010000 		.ascii	"\373\001\000\000"
 3633 01b7 63685363 		.ascii	"chSchGoSleepS\000"
 3633      68476F53 
 3633      6C656570 
 3633      5300
 3634 01c5 00       		.ascii	"\000"
 3635 01c6 02       		.ascii	"\002"
 3636 01c7 00       		.ascii	"\000"
 3637 01c8 00000000 		.ascii	"\000\000\000\000\000\000\000\000"
 3637      00000000 
 3638 01d0 FF010000 		.ascii	"\377\001\000\000"
 3639 01d4 63684D74 		.ascii	"chMtxUnlockS\000"
 3639      78556E6C 
 3639      6F636B53 
 3639      00
 3640 01e1 00       		.ascii	"\000"
 3641 01e2 02       		.ascii	"\002"
 3642 01e3 00       		.ascii	"\000"
 3643 01e4 00000000 		.ascii	"\000\000\000\000\000\000\000\000"
 3643      00000000 
 3644 01ec 01020000 		.ascii	"\001\002\000\000"
 3645 01f0 63685363 		.ascii	"chSchGoSleepTimeoutS\000"
 3645      68476F53 
 3645      6C656570 
 3645      54696D65 
 3645      6F757453 
 3646 0205 00       		.ascii	"\000"
 3647 0206 02       		.ascii	"\002"
 3648 0207 00       		.ascii	"\000"
 3649 0208 00000000 		.ascii	"\000\000\000\000\000\000\000\000"
 3649      00000000 
 3650 0210 06020000 		.ascii	"\006\002\000\000"
 3651              		.text
 3652              		.section	.gnu.lto_.ext_symtab.840cc3cf,"e",%progbits
 3653 0000 01       		.ascii	"\001"
 3654 0001 01       		.ascii	"\001"
 3655 0002 00       		.ascii	"\000"
 3656 0003 01       		.ascii	"\001"
 3657 0004 00       		.ascii	"\000"
 3658 0005 01       		.ascii	"\001"
 3659 0006 00       		.ascii	"\000"
 3660 0007 01       		.ascii	"\001"
 3661 0008 00       		.ascii	"\000"
 3662 0009 01       		.ascii	"\001"
 3663 000a 00       		.ascii	"\000"
 3664 000b 01       		.ascii	"\001"
ARM GAS  C:\Users\PUBLIC~1.LAP\AppData\Local\Temp\cc1mJNS6.s 			page 129


 3665 000c 00       		.ascii	"\000"
 3666 000d 01       		.ascii	"\001"
 3667 000e 00       		.ascii	"\000"
 3668 000f 01       		.ascii	"\001"
 3669 0010 00       		.ascii	"\000"
 3670 0011 01       		.ascii	"\001"
 3671 0012 00       		.ascii	"\000"
 3672 0013 01       		.ascii	"\001"
 3673 0014 00       		.ascii	"\000"
 3674 0015 02       		.ascii	"\002"
 3675 0016 01       		.ascii	"\001"
 3676 0017 01       		.ascii	"\001"
 3677 0018 00       		.ascii	"\000"
 3678 0019 01       		.ascii	"\001"
 3679 001a 00       		.ascii	"\000"
 3680 001b 01       		.ascii	"\001"
 3681 001c 00       		.ascii	"\000"
 3682 001d 01       		.ascii	"\001"
 3683 001e 00       		.ascii	"\000"
 3684 001f 01       		.ascii	"\001"
 3685 0020 00       		.ascii	"\000"
 3686 0021 01       		.ascii	"\001"
 3687 0022 00       		.ascii	"\000"
 3688 0023 01       		.ascii	"\001"
 3689 0024 00       		.ascii	"\000"
 3690              		.text
 3691              		.section	.gnu.lto_.opts,"e",%progbits
 3692 0000 272D666E 		.ascii	"'-fno-openmp' '-fno-openacc' '-fno-pie' '-fcf-prote"
 3692      6F2D6F70 
 3692      656E6D70 
 3692      2720272D 
 3692      666E6F2D 
 3693 0033 6374696F 		.ascii	"ction=none' '-g' '-mcpu=cortex-m0' '-mthumb' '-mflo"
 3693      6E3D6E6F 
 3693      6E652720 
 3693      272D6727 
 3693      20272D6D 
 3694 0066 61742D61 		.ascii	"at-abi=soft' '-mlibarch=armv6s-m' '-march=armv6s-m'"
 3694      62693D73 
 3694      6F667427 
 3694      20272D6D 
 3694      6C696261 
 3695 0099 20272D4F 		.ascii	" '-Os' '-fomit-frame-pointer' '-falign-functions=16"
 3695      73272027 
 3695      2D666F6D 
 3695      69742D66 
 3695      72616D65 
 3696 00cc 2720272D 		.ascii	"' '-ffunction-sections' '-fdata-sections' '-fno-com"
 3696      6666756E 
 3696      6374696F 
 3696      6E2D7365 
 3696      6374696F 
 3697 00ff 6D6F6E27 		.ascii	"mon' '-flto' '-Xassembler' '-alms=./build/lst/chcon"
 3697      20272D66 
 3697      6C746F27 
 3697      20272D58 
 3697      61737365 
ARM GAS  C:\Users\PUBLIC~1.LAP\AppData\Local\Temp\cc1mJNS6.s 			page 130


 3698 0132 642E6C73 		.ascii	"d.lst'\000"
 3698      742700
 3699              		.text
 3700              		.comm	__gnu_lto_slim,1,1
 3701              		.ident	"GCC: (GNU) 12.2.0"
ARM GAS  C:\Users\PUBLIC~1.LAP\AppData\Local\Temp\cc1mJNS6.s 			page 131


DEFINED SYMBOLS
                            *ABS*:00000000 chcond.c
C:\Users\PUBLIC~1.LAP\AppData\Local\Temp\cc1mJNS6.s:37     .gnu.debuglto_.debug_info:00000000 chcond.c.87459795
                            *COM*:00000001 __gnu_lto_slim

NO UNDEFINED SYMBOLS
