ARM GAS  C:\Users\PUBLIC~1.LAP\AppData\Local\Temp\ccuVLC9V.s 			page 1


   1              		.cpu cortex-m0
   2              		.arch armv6s-m
   3              		.fpu softvfp
   4              		.eabi_attribute 20, 1
   5              		.eabi_attribute 21, 1
   6              		.eabi_attribute 23, 3
   7              		.eabi_attribute 24, 1
   8              		.eabi_attribute 25, 1
   9              		.eabi_attribute 26, 1
  10              		.eabi_attribute 30, 4
  11              		.eabi_attribute 34, 0
  12              		.eabi_attribute 18, 4
  13              		.file	"chdelegates.c"
  14              		.file 1 "d:\\qmk_msys\\mingw64\\arm-none-eabi\\include\\machine\\_default_types.h"
  15              		.file 2 "d:\\qmk_msys\\mingw64\\arm-none-eabi\\include\\sys\\_stdint.h"
  16              		.file 3 "D:\\00a_liuhy\\temp126\\ChibiOS/os/common/ports/ARM-common/chtypes.h"
  17              		.file 4 "D:\\00a_liuhy\\temp126\\ChibiOS/os/rt/include/chearly.h"
  18              		.file 5 "D:\\00a_liuhy\\temp126\\ChibiOS/os/rt/include/chobjects.h"
  19              		.file 6 "D:\\00a_liuhy\\temp126\\ChibiOS/os/rt/include/chrfcu.h"
  20              		.file 7 "D:\\00a_liuhy\\temp126\\ChibiOS/os/rt/include/chdebug.h"
  21              		.file 8 "D:\\00a_liuhy\\temp126\\ChibiOS/os/rt/include/chtime.h"
  22              		.file 9 "D:\\00a_liuhy\\temp126\\ChibiOS/os/rt/include/chlists.h"
  23              		.file 10 "D:\\00a_liuhy\\temp126\\ChibiOS-Contrib/os/common/ext/CMSIS/ES32/FS026/md/md_timer.h"
  24              		.file 11 "d:\\qmk_msys\\mingw64\\lib\\gcc\\arm-none-eabi\\12.2.0\\include\\stdarg.h"
  25              		.file 12 "d:\\qmk_msys\\mingw64\\arm-none-eabi\\include\\stdio.h"
  26              		.file 13 "D:\\00a_liuhy\\temp126\\ChibiOS/os/common/ports/ARMv6-M/chcore.h"
  27              		.file 14 "D:\\00a_liuhy\\temp126\\ChibiOS/os/rt/include/chsem.h"
  28              		.file 15 "D:\\00a_liuhy\\temp126\\ChibiOS/os/rt/include/chmtx.h"
  29              		.file 16 "D:\\00a_liuhy\\temp126\\ChibiOS/os/oslib/include/chdelegates.h"
  30              		.file 17 "D:\\00a_liuhy\\temp126\\ChibiOS/os/oslib/src/chdelegates.c"
  31              		.file 18 "D:\\00a_liuhy\\temp126\\ChibiOS/os/rt/include/chmsg.h"
  32              		.file 19 "D:\\00a_liuhy\\temp126\\ChibiOS/os/rt/include/chsys.h"
  33              		.file 20 "D:\\00a_liuhy\\temp126\\ChibiOS/os/common/ext/ARM/CMSIS/Core/Include/cmsis_gcc.h"
  34              		.file 21 "<built-in>"
  35              		.section	.gnu.debuglto_.debug_info,"e",%progbits
  36              	.Ldebug_info0:
  37              		.hidden	chdelegates.c.cc83a561
  38              		.weak	chdelegates.c.cc83a561
  39              	chdelegates.c.cc83a561:
  40 0000 D30B0000 		.4byte	0xbd3
  41 0004 0500     		.2byte	0x5
  42 0006 01       		.byte	0x1
  43 0007 04       		.byte	0x4
  44 0008 00000000 		.4byte	.Ldebug_abbrev0
  45 000c 1E       		.uleb128 0x1e
  46 000d 6B050000 		.4byte	.LASF145
  47 0011 1D       		.byte	0x1d
  48 0012 F1030000 		.4byte	.LASF146
  49 0016 64010000 		.4byte	.LASF147
  50 001a 00000000 		.4byte	.Ldebug_line0
  51 001e 1F       		.uleb128 0x1f
  52 001f 04       		.byte	0x4
  53 0020 05       		.byte	0x5
  54 0021 696E7400 		.ascii	"int\000"
  55 0025 07       		.uleb128 0x7
  56 0026 04       		.byte	0x4
  57 0027 07       		.byte	0x7
ARM GAS  C:\Users\PUBLIC~1.LAP\AppData\Local\Temp\ccuVLC9V.s 			page 2


  58 0028 30020000 		.4byte	.LASF0
  59 002c 07       		.uleb128 0x7
  60 002d 08       		.byte	0x8
  61 002e 05       		.byte	0x5
  62 002f F6000000 		.4byte	.LASF1
  63 0033 07       		.uleb128 0x7
  64 0034 08       		.byte	0x8
  65 0035 04       		.byte	0x4
  66 0036 4C050000 		.4byte	.LASF2
  67 003a 07       		.uleb128 0x7
  68 003b 01       		.byte	0x1
  69 003c 06       		.byte	0x6
  70 003d 04010000 		.4byte	.LASF3
  71 0041 01       		.uleb128 0x1
  72 0042 37000000 		.4byte	.LASF7
  73 0046 01       		.byte	0x1
  74 0047 2B       		.byte	0x2b
  75 0048 18       		.byte	0x18
  76 0049 4D000000 		.4byte	0x4d
  77 004d 07       		.uleb128 0x7
  78 004e 01       		.byte	0x1
  79 004f 08       		.byte	0x8
  80 0050 A0040000 		.4byte	.LASF4
  81 0054 07       		.uleb128 0x7
  82 0055 02       		.byte	0x2
  83 0056 05       		.byte	0x5
  84 0057 C8040000 		.4byte	.LASF5
  85 005b 07       		.uleb128 0x7
  86 005c 02       		.byte	0x2
  87 005d 07       		.byte	0x7
  88 005e 9E020000 		.4byte	.LASF6
  89 0062 01       		.uleb128 0x1
  90 0063 FC020000 		.4byte	.LASF8
  91 0067 01       		.byte	0x1
  92 0068 4D       		.byte	0x4d
  93 0069 18       		.byte	0x18
  94 006a 6E000000 		.4byte	0x6e
  95 006e 07       		.uleb128 0x7
  96 006f 04       		.byte	0x4
  97 0070 05       		.byte	0x5
  98 0071 40010000 		.4byte	.LASF9
  99 0075 01       		.uleb128 0x1
 100 0076 CF010000 		.4byte	.LASF10
 101 007a 01       		.byte	0x1
 102 007b 4F       		.byte	0x4f
 103 007c 19       		.byte	0x19
 104 007d 81000000 		.4byte	0x81
 105 0081 07       		.uleb128 0x7
 106 0082 04       		.byte	0x4
 107 0083 07       		.byte	0x7
 108 0084 53020000 		.4byte	.LASF11
 109 0088 01       		.uleb128 0x1
 110 0089 31040000 		.4byte	.LASF12
 111 008d 01       		.byte	0x1
 112 008e 69       		.byte	0x69
 113 008f 19       		.byte	0x19
 114 0090 94000000 		.4byte	0x94
ARM GAS  C:\Users\PUBLIC~1.LAP\AppData\Local\Temp\ccuVLC9V.s 			page 3


 115 0094 07       		.uleb128 0x7
 116 0095 08       		.byte	0x8
 117 0096 07       		.byte	0x7
 118 0097 9B000000 		.4byte	.LASF13
 119 009b 01       		.uleb128 0x1
 120 009c 36060000 		.4byte	.LASF14
 121 00a0 02       		.byte	0x2
 122 00a1 18       		.byte	0x18
 123 00a2 13       		.byte	0x13
 124 00a3 41000000 		.4byte	0x41
 125 00a7 0A       		.uleb128 0xa
 126 00a8 9B000000 		.4byte	0x9b
 127 00ac 01       		.uleb128 0x1
 128 00ad 98040000 		.4byte	.LASF15
 129 00b1 02       		.byte	0x2
 130 00b2 2C       		.byte	0x2c
 131 00b3 13       		.byte	0x13
 132 00b4 62000000 		.4byte	0x62
 133 00b8 01       		.uleb128 0x1
 134 00b9 C2060000 		.4byte	.LASF16
 135 00bd 02       		.byte	0x2
 136 00be 30       		.byte	0x30
 137 00bf 14       		.byte	0x14
 138 00c0 75000000 		.4byte	0x75
 139 00c4 01       		.uleb128 0x1
 140 00c5 88030000 		.4byte	.LASF17
 141 00c9 02       		.byte	0x2
 142 00ca 3C       		.byte	0x3c
 143 00cb 14       		.byte	0x14
 144 00cc 88000000 		.4byte	0x88
 145 00d0 01       		.uleb128 0x1
 146 00d1 36050000 		.4byte	.LASF18
 147 00d5 03       		.byte	0x3
 148 00d6 48       		.byte	0x48
 149 00d7 1D       		.byte	0x1d
 150 00d8 C4000000 		.4byte	0xc4
 151 00dc 01       		.uleb128 0x1
 152 00dd 15030000 		.4byte	.LASF19
 153 00e1 04       		.byte	0x4
 154 00e2 50       		.byte	0x50
 155 00e3 19       		.byte	0x19
 156 00e4 D0000000 		.4byte	0xd0
 157 00e8 01       		.uleb128 0x1
 158 00e9 CA020000 		.4byte	.LASF20
 159 00ed 04       		.byte	0x4
 160 00ee 53       		.byte	0x53
 161 00ef 19       		.byte	0x19
 162 00f0 9B000000 		.4byte	0x9b
 163 00f4 01       		.uleb128 0x1
 164 00f5 53010000 		.4byte	.LASF21
 165 00f9 04       		.byte	0x4
 166 00fa 54       		.byte	0x54
 167 00fb 19       		.byte	0x19
 168 00fc 9B000000 		.4byte	0x9b
 169 0100 01       		.uleb128 0x1
 170 0101 EE000000 		.4byte	.LASF22
 171 0105 04       		.byte	0x4
ARM GAS  C:\Users\PUBLIC~1.LAP\AppData\Local\Temp\ccuVLC9V.s 			page 4


 172 0106 55       		.byte	0x55
 173 0107 19       		.byte	0x19
 174 0108 9B000000 		.4byte	0x9b
 175 010c 01       		.uleb128 0x1
 176 010d 69040000 		.4byte	.LASF23
 177 0111 04       		.byte	0x4
 178 0112 57       		.byte	0x57
 179 0113 19       		.byte	0x19
 180 0114 B8000000 		.4byte	0xb8
 181 0118 01       		.uleb128 0x1
 182 0119 BB020000 		.4byte	.LASF24
 183 011d 04       		.byte	0x4
 184 011e 58       		.byte	0x58
 185 011f 19       		.byte	0x19
 186 0120 AC000000 		.4byte	0xac
 187 0124 01       		.uleb128 0x1
 188 0125 F0020000 		.4byte	.LASF25
 189 0129 04       		.byte	0x4
 190 012a 5A       		.byte	0x5a
 191 012b 19       		.byte	0x19
 192 012c B8000000 		.4byte	0xb8
 193 0130 01       		.uleb128 0x1
 194 0131 2A020000 		.4byte	.LASF26
 195 0135 04       		.byte	0x4
 196 0136 5C       		.byte	0x5c
 197 0137 19       		.byte	0x19
 198 0138 AC000000 		.4byte	0xac
 199 013c 01       		.uleb128 0x1
 200 013d 51040000 		.4byte	.LASF27
 201 0141 04       		.byte	0x4
 202 0142 80       		.byte	0x80
 203 0143 12       		.byte	0x12
 204 0144 25000000 		.4byte	0x25
 205 0148 01       		.uleb128 0x1
 206 0149 1D060000 		.4byte	.LASF28
 207 014d 04       		.byte	0x4
 208 014e 85       		.byte	0x85
 209 014f 1A       		.byte	0x1a
 210 0150 54010000 		.4byte	0x154
 211 0154 09       		.uleb128 0x9
 212 0155 B1020000 		.4byte	.LASF44
 213 0159 4C       		.byte	0x4c
 214 015a 05       		.byte	0x5
 215 015b 9C       		.byte	0x9c
 216 015c 08       		.byte	0x8
 217 015d 3E020000 		.4byte	0x23e
 218 0161 14       		.uleb128 0x14
 219 0162 68647200 		.ascii	"hdr\000"
 220 0166 05       		.byte	0x5
 221 0167 AD       		.byte	0xad
 222 0168 05       		.byte	0x5
 223 0169 13060000 		.4byte	0x613
 224 016d 00       		.byte	0
 225 016e 14       		.uleb128 0x14
 226 016f 63747800 		.ascii	"ctx\000"
 227 0173 05       		.byte	0x5
 228 0174 B1       		.byte	0xb1
ARM GAS  C:\Users\PUBLIC~1.LAP\AppData\Local\Temp\ccuVLC9V.s 			page 5


 229 0175 21       		.byte	0x21
 230 0176 86050000 		.4byte	0x586
 231 017a 0C       		.byte	0xc
 232 017b 02       		.uleb128 0x2
 233 017c 65020000 		.4byte	.LASF29
 234 0180 05       		.byte	0x5
 235 0181 B6       		.byte	0xb6
 236 0182 21       		.byte	0x21
 237 0183 7B030000 		.4byte	0x37b
 238 0187 10       		.byte	0x10
 239 0188 02       		.uleb128 0x2
 240 0189 46050000 		.4byte	.LASF30
 241 018d 05       		.byte	0x5
 242 018e BB       		.byte	0xbb
 243 018f 22       		.byte	0x22
 244 0190 09070000 		.4byte	0x709
 245 0194 18       		.byte	0x18
 246 0195 02       		.uleb128 0x2
 247 0196 88020000 		.4byte	.LASF31
 248 019a 05       		.byte	0x5
 249 019b C0       		.byte	0xc0
 250 019c 22       		.byte	0x22
 251 019d 10030000 		.4byte	0x310
 252 01a1 1C       		.byte	0x1c
 253 01a2 02       		.uleb128 0x2
 254 01a3 58050000 		.4byte	.LASF32
 255 01a7 05       		.byte	0x5
 256 01a8 C9       		.byte	0xc9
 257 01a9 22       		.byte	0x22
 258 01aa 0E070000 		.4byte	0x70e
 259 01ae 20       		.byte	0x20
 260 01af 02       		.uleb128 0x2
 261 01b0 DA010000 		.4byte	.LASF33
 262 01b4 05       		.byte	0x5
 263 01b5 CE       		.byte	0xce
 264 01b6 22       		.byte	0x22
 265 01b7 0E070000 		.4byte	0x70e
 266 01bb 24       		.byte	0x24
 267 01bc 02       		.uleb128 0x2
 268 01bd 3A010000 		.4byte	.LASF34
 269 01c1 05       		.byte	0x5
 270 01c2 D3       		.byte	0xd3
 271 01c3 21       		.byte	0x21
 272 01c4 F4000000 		.4byte	0xf4
 273 01c8 28       		.byte	0x28
 274 01c9 02       		.uleb128 0x2
 275 01ca 57070000 		.4byte	.LASF35
 276 01ce 05       		.byte	0x5
 277 01cf D7       		.byte	0xd7
 278 01d0 21       		.byte	0x21
 279 01d1 E8000000 		.4byte	0xe8
 280 01d5 29       		.byte	0x29
 281 01d6 02       		.uleb128 0x2
 282 01d7 E9000000 		.4byte	.LASF36
 283 01db 05       		.byte	0x5
 284 01dc DC       		.byte	0xdc
 285 01dd 21       		.byte	0x21
ARM GAS  C:\Users\PUBLIC~1.LAP\AppData\Local\Temp\ccuVLC9V.s 			page 6


 286 01de 00010000 		.4byte	0x100
 287 01e2 2A       		.byte	0x2a
 288 01e3 08       		.uleb128 0x8
 289 01e4 7500     		.ascii	"u\000"
 290 01e6 05       		.byte	0x5
 291 01e7 2D01     		.2byte	0x12d
 292 01e9 21       		.byte	0x21
 293 01ea 39060000 		.4byte	0x639
 294 01ee 2C       		.byte	0x2c
 295 01ef 05       		.uleb128 0x5
 296 01f0 F6010000 		.4byte	.LASF37
 297 01f4 3201     		.2byte	0x132
 298 01f6 21       		.byte	0x21
 299 01f7 4F030000 		.4byte	0x34f
 300 01fb 30       		.byte	0x30
 301 01fc 05       		.uleb128 0x5
 302 01fd 31010000 		.4byte	.LASF38
 303 0201 3801     		.2byte	0x138
 304 0203 21       		.byte	0x21
 305 0204 7B030000 		.4byte	0x37b
 306 0208 34       		.byte	0x34
 307 0209 05       		.uleb128 0x5
 308 020a C1020000 		.4byte	.LASF39
 309 020e 3E01     		.2byte	0x13e
 310 0210 21       		.byte	0x21
 311 0211 24010000 		.4byte	0x124
 312 0215 3C       		.byte	0x3c
 313 0216 05       		.uleb128 0x5
 314 0217 B3070000 		.4byte	.LASF40
 315 021b 4501     		.2byte	0x145
 316 021d 22       		.byte	0x22
 317 021e 04070000 		.4byte	0x704
 318 0222 40       		.byte	0x40
 319 0223 05       		.uleb128 0x5
 320 0224 30030000 		.4byte	.LASF41
 321 0228 4901     		.2byte	0x149
 322 022a 21       		.byte	0x21
 323 022b 0C010000 		.4byte	0x10c
 324 022f 44       		.byte	0x44
 325 0230 05       		.uleb128 0x5
 326 0231 8D020000 		.4byte	.LASF42
 327 0235 5001     		.2byte	0x150
 328 0237 22       		.byte	0x22
 329 0238 CF040000 		.4byte	0x4cf
 330 023c 48       		.byte	0x48
 331 023d 00       		.byte	0
 332 023e 01       		.uleb128 0x1
 333 023f 6D060000 		.4byte	.LASF43
 334 0243 04       		.byte	0x4
 335 0244 8A       		.byte	0x8a
 336 0245 1F       		.byte	0x1f
 337 0246 4A020000 		.4byte	0x24a
 338 024a 0E       		.uleb128 0xe
 339 024b 5E060000 		.4byte	.LASF45
 340 024f 84       		.byte	0x84
 341 0250 05       		.byte	0x5
 342 0251 8F01     		.2byte	0x18f
ARM GAS  C:\Users\PUBLIC~1.LAP\AppData\Local\Temp\ccuVLC9V.s 			page 7


 343 0253 08       		.byte	0x8
 344 0254 C2020000 		.4byte	0x2c2
 345 0258 05       		.uleb128 0x5
 346 0259 FE010000 		.4byte	.LASF46
 347 025d 9301     		.2byte	0x193
 348 025f 21       		.byte	0x21
 349 0260 3C070000 		.4byte	0x73c
 350 0264 00       		.byte	0
 351 0265 05       		.uleb128 0x5
 352 0266 1E010000 		.4byte	.LASF47
 353 026a 9701     		.2byte	0x197
 354 026c 21       		.byte	0x21
 355 026d CF050000 		.4byte	0x5cf
 356 0271 10       		.byte	0x10
 357 0272 05       		.uleb128 0x5
 358 0273 7B060000 		.4byte	.LASF48
 359 0277 9E01     		.2byte	0x19e
 360 0279 21       		.byte	0x21
 361 027a F6050000 		.4byte	0x5f6
 362 027e 20       		.byte	0x20
 363 027f 05       		.uleb128 0x5
 364 0280 69000000 		.4byte	.LASF49
 365 0284 A301     		.2byte	0x1a3
 366 0286 21       		.byte	0x21
 367 0287 3C010000 		.4byte	0x13c
 368 028b 28       		.byte	0x28
 369 028c 05       		.uleb128 0x5
 370 028d 0D000000 		.4byte	.LASF50
 371 0291 A901     		.2byte	0x1a9
 372 0293 21       		.byte	0x21
 373 0294 E9020000 		.4byte	0x2e9
 374 0298 2C       		.byte	0x2c
 375 0299 05       		.uleb128 0x5
 376 029a 64050000 		.4byte	.LASF51
 377 029e AE01     		.2byte	0x1ae
 378 02a0 22       		.byte	0x22
 379 02a1 A7070000 		.4byte	0x7a7
 380 02a5 30       		.byte	0x30
 381 02a6 05       		.uleb128 0x5
 382 02a7 BB000000 		.4byte	.LASF52
 383 02ab B201     		.2byte	0x1b2
 384 02ad 21       		.byte	0x21
 385 02ae 48010000 		.4byte	0x148
 386 02b2 34       		.byte	0x34
 387 02b3 08       		.uleb128 0x8
 388 02b4 64626700 		.ascii	"dbg\000"
 389 02b8 05       		.byte	0x5
 390 02b9 B601     		.2byte	0x1b6
 391 02bb 21       		.byte	0x21
 392 02bc 26030000 		.4byte	0x326
 393 02c0 80       		.byte	0x80
 394 02c1 00       		.byte	0
 395 02c2 01       		.uleb128 0x1
 396 02c3 39030000 		.4byte	.LASF53
 397 02c7 06       		.byte	0x6
 398 02c8 3F       		.byte	0x3f
 399 02c9 12       		.byte	0x12
ARM GAS  C:\Users\PUBLIC~1.LAP\AppData\Local\Temp\ccuVLC9V.s 			page 8


 400 02ca B8000000 		.4byte	0xb8
 401 02ce 09       		.uleb128 0x9
 402 02cf 5C010000 		.4byte	.LASF54
 403 02d3 04       		.byte	0x4
 404 02d4 06       		.byte	0x6
 405 02d5 44       		.byte	0x44
 406 02d6 10       		.byte	0x10
 407 02d7 E9020000 		.4byte	0x2e9
 408 02db 02       		.uleb128 0x2
 409 02dc E9060000 		.4byte	.LASF55
 410 02e0 06       		.byte	0x6
 411 02e1 48       		.byte	0x48
 412 02e2 21       		.byte	0x21
 413 02e3 C2020000 		.4byte	0x2c2
 414 02e7 00       		.byte	0
 415 02e8 00       		.byte	0
 416 02e9 01       		.uleb128 0x1
 417 02ea C1040000 		.4byte	.LASF56
 418 02ee 06       		.byte	0x6
 419 02ef 49       		.byte	0x49
 420 02f0 03       		.byte	0x3
 421 02f1 CE020000 		.4byte	0x2ce
 422 02f5 09       		.uleb128 0x9
 423 02f6 82040000 		.4byte	.LASF57
 424 02fa 04       		.byte	0x4
 425 02fb 07       		.byte	0x7
 426 02fc 3E       		.byte	0x3e
 427 02fd 10       		.byte	0x10
 428 02fe 10030000 		.4byte	0x310
 429 0302 02       		.uleb128 0x2
 430 0303 4D060000 		.4byte	.LASF58
 431 0307 07       		.byte	0x7
 432 0308 46       		.byte	0x46
 433 0309 24       		.byte	0x24
 434 030a 15030000 		.4byte	0x315
 435 030e 00       		.byte	0
 436 030f 00       		.byte	0
 437 0310 04       		.uleb128 0x4
 438 0311 21030000 		.4byte	0x321
 439 0315 17       		.uleb128 0x17
 440 0316 10030000 		.4byte	0x310
 441 031a 07       		.uleb128 0x7
 442 031b 01       		.byte	0x1
 443 031c 08       		.byte	0x8
 444 031d 5F050000 		.4byte	.LASF59
 445 0321 0A       		.uleb128 0xa
 446 0322 1A030000 		.4byte	0x31a
 447 0326 01       		.uleb128 0x1
 448 0327 5A000000 		.4byte	.LASF60
 449 032b 07       		.byte	0x7
 450 032c 51       		.byte	0x51
 451 032d 03       		.byte	0x3
 452 032e F5020000 		.4byte	0x2f5
 453 0332 01       		.uleb128 0x1
 454 0333 2C060000 		.4byte	.LASF61
 455 0337 08       		.byte	0x8
 456 0338 6D       		.byte	0x6d
ARM GAS  C:\Users\PUBLIC~1.LAP\AppData\Local\Temp\ccuVLC9V.s 			page 9


 457 0339 12       		.byte	0x12
 458 033a B8000000 		.4byte	0xb8
 459 033e 17       		.uleb128 0x17
 460 033f 32030000 		.4byte	0x332
 461 0343 01       		.uleb128 0x1
 462 0344 1C020000 		.4byte	.LASF62
 463 0348 08       		.byte	0x8
 464 0349 79       		.byte	0x79
 465 034a 12       		.byte	0x12
 466 034b B8000000 		.4byte	0xb8
 467 034f 01       		.uleb128 0x1
 468 0350 6F030000 		.4byte	.LASF63
 469 0354 09       		.byte	0x9
 470 0355 32       		.byte	0x32
 471 0356 18       		.byte	0x18
 472 0357 5B030000 		.4byte	0x35b
 473 035b 09       		.uleb128 0x9
 474 035c DA020000 		.4byte	.LASF64
 475 0360 04       		.byte	0x4
 476 0361 09       		.byte	0x9
 477 0362 38       		.byte	0x38
 478 0363 08       		.byte	0x8
 479 0364 76030000 		.4byte	0x376
 480 0368 02       		.uleb128 0x2
 481 0369 E4000000 		.4byte	.LASF65
 482 036d 09       		.byte	0x9
 483 036e 39       		.byte	0x39
 484 036f 1A       		.byte	0x1a
 485 0370 76030000 		.4byte	0x376
 486 0374 00       		.byte	0
 487 0375 00       		.byte	0
 488 0376 04       		.uleb128 0x4
 489 0377 4F030000 		.4byte	0x34f
 490 037b 01       		.uleb128 0x1
 491 037c 6C020000 		.4byte	.LASF66
 492 0380 09       		.byte	0x9
 493 0381 3F       		.byte	0x3f
 494 0382 19       		.byte	0x19
 495 0383 87030000 		.4byte	0x387
 496 0387 09       		.uleb128 0x9
 497 0388 9A010000 		.4byte	.LASF67
 498 038c 08       		.byte	0x8
 499 038d 09       		.byte	0x9
 500 038e 45       		.byte	0x45
 501 038f 08       		.byte	0x8
 502 0390 AF030000 		.4byte	0x3af
 503 0394 02       		.uleb128 0x2
 504 0395 E4000000 		.4byte	.LASF65
 505 0399 09       		.byte	0x9
 506 039a 46       		.byte	0x46
 507 039b 1A       		.byte	0x1a
 508 039c AF030000 		.4byte	0x3af
 509 03a0 00       		.byte	0
 510 03a1 02       		.uleb128 0x2
 511 03a2 41000000 		.4byte	.LASF68
 512 03a6 09       		.byte	0x9
 513 03a7 47       		.byte	0x47
ARM GAS  C:\Users\PUBLIC~1.LAP\AppData\Local\Temp\ccuVLC9V.s 			page 10


 514 03a8 1A       		.byte	0x1a
 515 03a9 AF030000 		.4byte	0x3af
 516 03ad 04       		.byte	0x4
 517 03ae 00       		.byte	0
 518 03af 04       		.uleb128 0x4
 519 03b0 7B030000 		.4byte	0x37b
 520 03b4 01       		.uleb128 0x1
 521 03b5 71000000 		.4byte	.LASF69
 522 03b9 09       		.byte	0x9
 523 03ba 4E       		.byte	0x4e
 524 03bb 22       		.byte	0x22
 525 03bc C0030000 		.4byte	0x3c0
 526 03c0 09       		.uleb128 0x9
 527 03c1 88060000 		.4byte	.LASF70
 528 03c5 0C       		.byte	0xc
 529 03c6 09       		.byte	0x9
 530 03c7 55       		.byte	0x55
 531 03c8 08       		.byte	0x8
 532 03c9 F5030000 		.4byte	0x3f5
 533 03cd 02       		.uleb128 0x2
 534 03ce E4000000 		.4byte	.LASF65
 535 03d2 09       		.byte	0x9
 536 03d3 56       		.byte	0x56
 537 03d4 1A       		.byte	0x1a
 538 03d5 F5030000 		.4byte	0x3f5
 539 03d9 00       		.byte	0
 540 03da 02       		.uleb128 0x2
 541 03db 41000000 		.4byte	.LASF68
 542 03df 09       		.byte	0x9
 543 03e0 57       		.byte	0x57
 544 03e1 1A       		.byte	0x1a
 545 03e2 F5030000 		.4byte	0x3f5
 546 03e6 04       		.byte	0x4
 547 03e7 02       		.uleb128 0x2
 548 03e8 DF030000 		.4byte	.LASF71
 549 03ec 09       		.byte	0x9
 550 03ed 58       		.byte	0x58
 551 03ee 19       		.byte	0x19
 552 03ef 0C010000 		.4byte	0x10c
 553 03f3 08       		.byte	0x8
 554 03f4 00       		.byte	0
 555 03f5 04       		.uleb128 0x4
 556 03f6 B4030000 		.4byte	0x3b4
 557 03fa 01       		.uleb128 0x1
 558 03fb A9010000 		.4byte	.LASF72
 559 03ff 09       		.byte	0x9
 560 0400 5F       		.byte	0x5f
 561 0401 1E       		.byte	0x1e
 562 0402 06040000 		.4byte	0x406
 563 0406 09       		.uleb128 0x9
 564 0407 10010000 		.4byte	.LASF73
 565 040b 0C       		.byte	0xc
 566 040c 09       		.byte	0x9
 567 040d 64       		.byte	0x64
 568 040e 08       		.byte	0x8
 569 040f 3B040000 		.4byte	0x43b
 570 0413 02       		.uleb128 0x2
ARM GAS  C:\Users\PUBLIC~1.LAP\AppData\Local\Temp\ccuVLC9V.s 			page 11


 571 0414 E4000000 		.4byte	.LASF65
 572 0418 09       		.byte	0x9
 573 0419 65       		.byte	0x65
 574 041a 1A       		.byte	0x1a
 575 041b 3B040000 		.4byte	0x43b
 576 041f 00       		.byte	0
 577 0420 02       		.uleb128 0x2
 578 0421 41000000 		.4byte	.LASF68
 579 0425 09       		.byte	0x9
 580 0426 66       		.byte	0x66
 581 0427 1A       		.byte	0x1a
 582 0428 3B040000 		.4byte	0x43b
 583 042c 04       		.byte	0x4
 584 042d 02       		.uleb128 0x2
 585 042e 18000000 		.4byte	.LASF74
 586 0432 09       		.byte	0x9
 587 0433 67       		.byte	0x67
 588 0434 19       		.byte	0x19
 589 0435 43030000 		.4byte	0x343
 590 0439 08       		.byte	0x8
 591 043a 00       		.byte	0
 592 043b 04       		.uleb128 0x4
 593 043c FA030000 		.4byte	0x3fa
 594 0440 07       		.uleb128 0x7
 595 0441 01       		.byte	0x1
 596 0442 02       		.byte	0x2
 597 0443 92040000 		.4byte	.LASF75
 598 0447 12       		.uleb128 0x12
 599 0448 A7000000 		.4byte	0xa7
 600 044c 57040000 		.4byte	0x457
 601 0450 13       		.uleb128 0x13
 602 0451 25000000 		.4byte	0x25
 603 0455 07       		.byte	0x7
 604 0456 00       		.byte	0
 605 0457 0A       		.uleb128 0xa
 606 0458 47040000 		.4byte	0x447
 607 045c 0F       		.uleb128 0xf
 608 045d 71040000 		.4byte	.LASF76
 609 0461 3B       		.byte	0x3b
 610 0462 57040000 		.4byte	0x457
 611 0466 08       		.byte	0x8
 612 0467 00       		.byte	0
 613 0468 00       		.byte	0
 614 0469 00       		.byte	0
 615 046a 00       		.byte	0
 616 046b 04       		.byte	0x4
 617 046c 04       		.byte	0x4
 618 046d 04       		.byte	0x4
 619 046e 04       		.byte	0x4
 620 046f 0F       		.uleb128 0xf
 621 0470 3E060000 		.4byte	.LASF77
 622 0474 47       		.byte	0x47
 623 0475 57040000 		.4byte	0x457
 624 0479 08       		.byte	0x8
 625 047a 00       		.byte	0
 626 047b 00       		.byte	0
 627 047c 08       		.byte	0x8
ARM GAS  C:\Users\PUBLIC~1.LAP\AppData\Local\Temp\ccuVLC9V.s 			page 12


 628 047d 00       		.byte	0
 629 047e 00       		.byte	0
 630 047f 00       		.byte	0
 631 0480 08       		.byte	0x8
 632 0481 00       		.byte	0
 633 0482 0F       		.uleb128 0xf
 634 0483 06030000 		.4byte	.LASF78
 635 0487 53       		.byte	0x53
 636 0488 57040000 		.4byte	0x457
 637 048c 08       		.byte	0x8
 638 048d 00       		.byte	0
 639 048e 00       		.byte	0
 640 048f 08       		.byte	0x8
 641 0490 00       		.byte	0
 642 0491 00       		.byte	0
 643 0492 00       		.byte	0
 644 0493 08       		.byte	0x8
 645 0494 00       		.byte	0
 646 0495 0F       		.uleb128 0xf
 647 0496 3C040000 		.4byte	.LASF79
 648 049a 5F       		.byte	0x5f
 649 049b 57040000 		.4byte	0x457
 650 049f 08       		.byte	0x8
 651 04a0 00       		.byte	0
 652 04a1 02       		.byte	0x2
 653 04a2 04       		.byte	0x4
 654 04a3 06       		.byte	0x6
 655 04a4 08       		.byte	0x8
 656 04a5 0A       		.byte	0xa
 657 04a6 0C       		.byte	0xc
 658 04a7 0E       		.byte	0xe
 659 04a8 12       		.uleb128 0x12
 660 04a9 A7000000 		.4byte	0xa7
 661 04ad B8040000 		.4byte	0x4b8
 662 04b1 13       		.uleb128 0x13
 663 04b2 25000000 		.4byte	0x25
 664 04b6 06       		.byte	0x6
 665 04b7 00       		.byte	0
 666 04b8 0A       		.uleb128 0xa
 667 04b9 A8040000 		.4byte	0x4a8
 668 04bd 0F       		.uleb128 0xf
 669 04be 9A060000 		.4byte	.LASF80
 670 04c2 6B       		.byte	0x6b
 671 04c3 B8040000 		.4byte	0x4b8
 672 04c7 07       		.byte	0x7
 673 04c8 00       		.byte	0
 674 04c9 01       		.byte	0x1
 675 04ca 02       		.byte	0x2
 676 04cb 03       		.byte	0x3
 677 04cc 04       		.byte	0x4
 678 04cd 05       		.byte	0x5
 679 04ce 06       		.byte	0x6
 680 04cf 20       		.uleb128 0x20
 681 04d0 04       		.byte	0x4
 682 04d1 21       		.uleb128 0x21
 683 04d2 B9010000 		.4byte	.LASF148
 684 04d6 04       		.byte	0x4
ARM GAS  C:\Users\PUBLIC~1.LAP\AppData\Local\Temp\ccuVLC9V.s 			page 13


 685 04d7 15       		.byte	0x15
 686 04d8 00       		.byte	0
 687 04d9 E8040000 		.4byte	0x4e8
 688 04dd 22       		.uleb128 0x22
 689 04de 83060000 		.4byte	.LASF149
 690 04e2 CF040000 		.4byte	0x4cf
 691 04e6 00       		.byte	0
 692 04e7 00       		.byte	0
 693 04e8 01       		.uleb128 0x1
 694 04e9 20050000 		.4byte	.LASF81
 695 04ed 0B       		.byte	0xb
 696 04ee 28       		.byte	0x28
 697 04ef 1B       		.byte	0x1b
 698 04f0 D1040000 		.4byte	0x4d1
 699 04f4 01       		.uleb128 0x1
 700 04f5 52000000 		.4byte	.LASF82
 701 04f9 0C       		.byte	0xc
 702 04fa 2E       		.byte	0x2e
 703 04fb 18       		.byte	0x18
 704 04fc E8040000 		.4byte	0x4e8
 705 0500 0E       		.uleb128 0xe
 706 0501 46000000 		.4byte	.LASF83
 707 0505 24       		.byte	0x24
 708 0506 0D       		.byte	0xd
 709 0507 1B01     		.2byte	0x11b
 710 0509 08       		.byte	0x8
 711 050a 86050000 		.4byte	0x586
 712 050e 08       		.uleb128 0x8
 713 050f 723800   		.ascii	"r8\000"
 714 0512 0D       		.byte	0xd
 715 0513 1C01     		.2byte	0x11c
 716 0515 11       		.byte	0x11
 717 0516 B8000000 		.4byte	0xb8
 718 051a 00       		.byte	0
 719 051b 08       		.uleb128 0x8
 720 051c 723900   		.ascii	"r9\000"
 721 051f 0D       		.byte	0xd
 722 0520 1D01     		.2byte	0x11d
 723 0522 11       		.byte	0x11
 724 0523 B8000000 		.4byte	0xb8
 725 0527 04       		.byte	0x4
 726 0528 08       		.uleb128 0x8
 727 0529 72313000 		.ascii	"r10\000"
 728 052d 0D       		.byte	0xd
 729 052e 1E01     		.2byte	0x11e
 730 0530 11       		.byte	0x11
 731 0531 B8000000 		.4byte	0xb8
 732 0535 08       		.byte	0x8
 733 0536 08       		.uleb128 0x8
 734 0537 72313100 		.ascii	"r11\000"
 735 053b 0D       		.byte	0xd
 736 053c 1F01     		.2byte	0x11f
 737 053e 11       		.byte	0x11
 738 053f B8000000 		.4byte	0xb8
 739 0543 0C       		.byte	0xc
 740 0544 08       		.uleb128 0x8
 741 0545 723400   		.ascii	"r4\000"
ARM GAS  C:\Users\PUBLIC~1.LAP\AppData\Local\Temp\ccuVLC9V.s 			page 14


 742 0548 0D       		.byte	0xd
 743 0549 2001     		.2byte	0x120
 744 054b 11       		.byte	0x11
 745 054c B8000000 		.4byte	0xb8
 746 0550 10       		.byte	0x10
 747 0551 08       		.uleb128 0x8
 748 0552 723500   		.ascii	"r5\000"
 749 0555 0D       		.byte	0xd
 750 0556 2101     		.2byte	0x121
 751 0558 11       		.byte	0x11
 752 0559 B8000000 		.4byte	0xb8
 753 055d 14       		.byte	0x14
 754 055e 08       		.uleb128 0x8
 755 055f 723600   		.ascii	"r6\000"
 756 0562 0D       		.byte	0xd
 757 0563 2201     		.2byte	0x122
 758 0565 11       		.byte	0x11
 759 0566 B8000000 		.4byte	0xb8
 760 056a 18       		.byte	0x18
 761 056b 08       		.uleb128 0x8
 762 056c 723700   		.ascii	"r7\000"
 763 056f 0D       		.byte	0xd
 764 0570 2301     		.2byte	0x123
 765 0572 11       		.byte	0x11
 766 0573 B8000000 		.4byte	0xb8
 767 0577 1C       		.byte	0x1c
 768 0578 08       		.uleb128 0x8
 769 0579 6C7200   		.ascii	"lr\000"
 770 057c 0D       		.byte	0xd
 771 057d 2401     		.2byte	0x124
 772 057f 11       		.byte	0x11
 773 0580 B8000000 		.4byte	0xb8
 774 0584 20       		.byte	0x20
 775 0585 00       		.byte	0
 776 0586 0E       		.uleb128 0xe
 777 0587 D2030000 		.4byte	.LASF84
 778 058b 04       		.byte	0x4
 779 058c 0D       		.byte	0xd
 780 058d 2D01     		.2byte	0x12d
 781 058f 08       		.byte	0x8
 782 0590 A2050000 		.4byte	0x5a2
 783 0594 08       		.uleb128 0x8
 784 0595 737000   		.ascii	"sp\000"
 785 0598 0D       		.byte	0xd
 786 0599 2E01     		.2byte	0x12e
 787 059b 1A       		.byte	0x1a
 788 059c A2050000 		.4byte	0x5a2
 789 05a0 00       		.byte	0
 790 05a1 00       		.byte	0
 791 05a2 04       		.uleb128 0x4
 792 05a3 00050000 		.4byte	0x500
 793 05a7 09       		.uleb128 0x9
 794 05a8 58030000 		.4byte	.LASF85
 795 05ac 10       		.byte	0x10
 796 05ad 05       		.byte	0x5
 797 05ae 64       		.byte	0x64
 798 05af 10       		.byte	0x10
ARM GAS  C:\Users\PUBLIC~1.LAP\AppData\Local\Temp\ccuVLC9V.s 			page 15


 799 05b0 CF050000 		.4byte	0x5cf
 800 05b4 02       		.uleb128 0x2
 801 05b5 26060000 		.4byte	.LASF86
 802 05b9 05       		.byte	0x5
 803 05ba 68       		.byte	0x68
 804 05bb 21       		.byte	0x21
 805 05bc FA030000 		.4byte	0x3fa
 806 05c0 00       		.byte	0
 807 05c1 02       		.uleb128 0x2
 808 05c2 D2020000 		.4byte	.LASF87
 809 05c6 05       		.byte	0x5
 810 05c7 6D       		.byte	0x6d
 811 05c8 21       		.byte	0x21
 812 05c9 3E030000 		.4byte	0x33e
 813 05cd 0C       		.byte	0xc
 814 05ce 00       		.byte	0
 815 05cf 01       		.uleb128 0x1
 816 05d0 CE000000 		.4byte	.LASF88
 817 05d4 05       		.byte	0x5
 818 05d5 7B       		.byte	0x7b
 819 05d6 03       		.byte	0x3
 820 05d7 A7050000 		.4byte	0x5a7
 821 05db 09       		.uleb128 0x9
 822 05dc C3010000 		.4byte	.LASF89
 823 05e0 08       		.byte	0x8
 824 05e1 05       		.byte	0x5
 825 05e2 80       		.byte	0x80
 826 05e3 10       		.byte	0x10
 827 05e4 F6050000 		.4byte	0x5f6
 828 05e8 02       		.uleb128 0x2
 829 05e9 A3010000 		.4byte	.LASF90
 830 05ed 05       		.byte	0x5
 831 05ee 84       		.byte	0x84
 832 05ef 21       		.byte	0x21
 833 05f0 7B030000 		.4byte	0x37b
 834 05f4 00       		.byte	0
 835 05f5 00       		.byte	0
 836 05f6 01       		.uleb128 0x1
 837 05f7 15050000 		.4byte	.LASF91
 838 05fb 05       		.byte	0x5
 839 05fc 85       		.byte	0x85
 840 05fd 03       		.byte	0x3
 841 05fe DB050000 		.4byte	0x5db
 842 0602 01       		.uleb128 0x1
 843 0603 45030000 		.4byte	.LASF92
 844 0607 05       		.byte	0x5
 845 0608 8A       		.byte	0x8a
 846 0609 14       		.byte	0x14
 847 060a 0E060000 		.4byte	0x60e
 848 060e 04       		.uleb128 0x4
 849 060f 48010000 		.4byte	0x148
 850 0613 18       		.uleb128 0x18
 851 0614 0C       		.byte	0xc
 852 0615 A0       		.byte	0xa0
 853 0616 39060000 		.4byte	0x639
 854 061a 10       		.uleb128 0x10
 855 061b 90070000 		.4byte	.LASF93
ARM GAS  C:\Users\PUBLIC~1.LAP\AppData\Local\Temp\ccuVLC9V.s 			page 16


 856 061f A4       		.byte	0xa4
 857 0620 4F030000 		.4byte	0x34f
 858 0624 10       		.uleb128 0x10
 859 0625 A3010000 		.4byte	.LASF90
 860 0629 A8       		.byte	0xa8
 861 062a 7B030000 		.4byte	0x37b
 862 062e 10       		.uleb128 0x10
 863 062f 57060000 		.4byte	.LASF94
 864 0633 AC       		.byte	0xac
 865 0634 B4030000 		.4byte	0x3b4
 866 0638 00       		.byte	0
 867 0639 18       		.uleb128 0x18
 868 063a 04       		.byte	0x4
 869 063b F0       		.byte	0xf0
 870 063c 9D060000 		.4byte	0x69d
 871 0640 10       		.uleb128 0x10
 872 0641 1E000000 		.4byte	.LASF95
 873 0645 F7       		.byte	0xf7
 874 0646 18010000 		.4byte	0x118
 875 064a 10       		.uleb128 0x10
 876 064b B2000000 		.4byte	.LASF96
 877 064f FE       		.byte	0xfe
 878 0650 18010000 		.4byte	0x118
 879 0654 0D       		.uleb128 0xd
 880 0655 5D070000 		.4byte	.LASF97
 881 0659 0501     		.2byte	0x105
 882 065b 22       		.byte	0x22
 883 065c CF040000 		.4byte	0x4cf
 884 0660 0D       		.uleb128 0xd
 885 0661 12000000 		.4byte	.LASF98
 886 0665 0C01     		.2byte	0x10c
 887 0667 22       		.byte	0x22
 888 0668 9D060000 		.4byte	0x69d
 889 066c 0D       		.uleb128 0xd
 890 066d C6000000 		.4byte	.LASF99
 891 0671 1101     		.2byte	0x111
 892 0673 21       		.byte	0x21
 893 0674 18010000 		.4byte	0x118
 894 0678 0D       		.uleb128 0xd
 895 0679 3D020000 		.4byte	.LASF100
 896 067d 1A01     		.2byte	0x11a
 897 067f 22       		.byte	0x22
 898 0680 CA060000 		.4byte	0x6ca
 899 0684 0D       		.uleb128 0xd
 900 0685 2F050000 		.4byte	.LASF101
 901 0689 2301     		.2byte	0x123
 902 068b 22       		.byte	0x22
 903 068c 04070000 		.4byte	0x704
 904 0690 0D       		.uleb128 0xd
 905 0691 D2040000 		.4byte	.LASF102
 906 0695 2B01     		.2byte	0x12b
 907 0697 21       		.byte	0x21
 908 0698 24010000 		.4byte	0x124
 909 069c 00       		.byte	0
 910 069d 04       		.uleb128 0x4
 911 069e 02060000 		.4byte	0x602
 912 06a2 09       		.uleb128 0x9
ARM GAS  C:\Users\PUBLIC~1.LAP\AppData\Local\Temp\ccuVLC9V.s 			page 17


 913 06a3 08050000 		.4byte	.LASF103
 914 06a7 0C       		.byte	0xc
 915 06a8 0E       		.byte	0xe
 916 06a9 34       		.byte	0x34
 917 06aa 10       		.byte	0x10
 918 06ab CA060000 		.4byte	0x6ca
 919 06af 02       		.uleb128 0x2
 920 06b0 A3010000 		.4byte	.LASF90
 921 06b4 0E       		.byte	0xe
 922 06b5 35       		.byte	0x35
 923 06b6 19       		.byte	0x19
 924 06b7 7B030000 		.4byte	0x37b
 925 06bb 00       		.byte	0
 926 06bc 14       		.uleb128 0x14
 927 06bd 636E7400 		.ascii	"cnt\000"
 928 06c1 0E       		.byte	0xe
 929 06c2 37       		.byte	0x37
 930 06c3 19       		.byte	0x19
 931 06c4 30010000 		.4byte	0x130
 932 06c8 08       		.byte	0x8
 933 06c9 00       		.byte	0
 934 06ca 04       		.uleb128 0x4
 935 06cb A2060000 		.4byte	0x6a2
 936 06cf 09       		.uleb128 0x9
 937 06d0 E0060000 		.4byte	.LASF104
 938 06d4 10       		.byte	0x10
 939 06d5 0F       		.byte	0xf
 940 06d6 39       		.byte	0x39
 941 06d7 08       		.byte	0x8
 942 06d8 04070000 		.4byte	0x704
 943 06dc 02       		.uleb128 0x2
 944 06dd A3010000 		.4byte	.LASF90
 945 06e1 0F       		.byte	0xf
 946 06e2 3A       		.byte	0x3a
 947 06e3 19       		.byte	0x19
 948 06e4 7B030000 		.4byte	0x37b
 949 06e8 00       		.byte	0
 950 06e9 02       		.uleb128 0x2
 951 06ea 46050000 		.4byte	.LASF30
 952 06ee 0F       		.byte	0xf
 953 06ef 3C       		.byte	0x3c
 954 06f0 1A       		.byte	0x1a
 955 06f1 0E060000 		.4byte	0x60e
 956 06f5 08       		.byte	0x8
 957 06f6 02       		.uleb128 0x2
 958 06f7 E4000000 		.4byte	.LASF65
 959 06fb 0F       		.byte	0xf
 960 06fc 3E       		.byte	0x3e
 961 06fd 1A       		.byte	0x1a
 962 06fe B8070000 		.4byte	0x7b8
 963 0702 0C       		.byte	0xc
 964 0703 00       		.byte	0
 965 0704 04       		.uleb128 0x4
 966 0705 CF060000 		.4byte	0x6cf
 967 0709 04       		.uleb128 0x4
 968 070a 3E020000 		.4byte	0x23e
 969 070e 04       		.uleb128 0x4
ARM GAS  C:\Users\PUBLIC~1.LAP\AppData\Local\Temp\ccuVLC9V.s 			page 18


 970 070f DC000000 		.4byte	0xdc
 971 0713 0E       		.uleb128 0xe
 972 0714 E2020000 		.4byte	.LASF105
 973 0718 10       		.byte	0x10
 974 0719 05       		.byte	0x5
 975 071a 6101     		.2byte	0x161
 976 071c 10       		.byte	0x10
 977 071d 3C070000 		.4byte	0x73c
 978 0721 05       		.uleb128 0x5
 979 0722 57060000 		.4byte	.LASF94
 980 0726 6601     		.2byte	0x166
 981 0728 21       		.byte	0x21
 982 0729 B4030000 		.4byte	0x3b4
 983 072d 00       		.byte	0
 984 072e 05       		.uleb128 0x5
 985 072f 29040000 		.4byte	.LASF106
 986 0733 6A01     		.2byte	0x16a
 987 0735 22       		.byte	0x22
 988 0736 0E060000 		.4byte	0x60e
 989 073a 0C       		.byte	0xc
 990 073b 00       		.byte	0
 991 073c 19       		.uleb128 0x19
 992 073d 00000000 		.4byte	.LASF107
 993 0741 6B01     		.2byte	0x16b
 994 0743 13070000 		.4byte	0x713
 995 0747 0E       		.uleb128 0xe
 996 0748 85000000 		.4byte	.LASF108
 997 074c 14       		.byte	0x14
 998 074d 05       		.byte	0x5
 999 074e 7001     		.2byte	0x170
 1000 0750 10       		.byte	0x10
 1001 0751 97070000 		.4byte	0x797
 1002 0755 05       		.uleb128 0x5
 1003 0756 88020000 		.4byte	.LASF31
 1004 075a 7401     		.2byte	0x174
 1005 075c 22       		.byte	0x22
 1006 075d 10030000 		.4byte	0x310
 1007 0761 00       		.byte	0
 1008 0762 05       		.uleb128 0x5
 1009 0763 04020000 		.4byte	.LASF109
 1010 0767 7A01     		.2byte	0x17a
 1011 0769 22       		.byte	0x22
 1012 076a 0E070000 		.4byte	0x70e
 1013 076e 04       		.byte	0x4
 1014 076f 05       		.uleb128 0x5
 1015 0770 A9060000 		.4byte	.LASF110
 1016 0774 7E01     		.2byte	0x17e
 1017 0776 22       		.byte	0x22
 1018 0777 0E070000 		.4byte	0x70e
 1019 077b 08       		.byte	0x8
 1020 077c 05       		.uleb128 0x5
 1021 077d 20030000 		.4byte	.LASF111
 1022 0781 8401     		.2byte	0x184
 1023 0783 22       		.byte	0x22
 1024 0784 0E070000 		.4byte	0x70e
 1025 0788 0C       		.byte	0xc
 1026 0789 05       		.uleb128 0x5
ARM GAS  C:\Users\PUBLIC~1.LAP\AppData\Local\Temp\ccuVLC9V.s 			page 19


 1027 078a A4070000 		.4byte	.LASF112
 1028 078e 8801     		.2byte	0x188
 1029 0790 22       		.byte	0x22
 1030 0791 0E070000 		.4byte	0x70e
 1031 0795 10       		.byte	0x10
 1032 0796 00       		.byte	0
 1033 0797 19       		.uleb128 0x19
 1034 0798 CB060000 		.4byte	.LASF113
 1035 079c 8A01     		.2byte	0x18a
 1036 079e 47070000 		.4byte	0x747
 1037 07a2 0A       		.uleb128 0xa
 1038 07a3 97070000 		.4byte	0x797
 1039 07a7 04       		.uleb128 0x4
 1040 07a8 A2070000 		.4byte	0x7a2
 1041 07ac 01       		.uleb128 0x1
 1042 07ad 14020000 		.4byte	.LASF114
 1043 07b1 0F       		.byte	0xf
 1044 07b2 34       		.byte	0x34
 1045 07b3 19       		.byte	0x19
 1046 07b4 CF060000 		.4byte	0x6cf
 1047 07b8 04       		.uleb128 0x4
 1048 07b9 AC070000 		.4byte	0x7ac
 1049 07bd 01       		.uleb128 0x1
 1050 07be 91030000 		.4byte	.LASF115
 1051 07c2 10       		.byte	0x10
 1052 07c3 3C       		.byte	0x3c
 1053 07c4 11       		.byte	0x11
 1054 07c5 C9070000 		.4byte	0x7c9
 1055 07c9 04       		.uleb128 0x4
 1056 07ca CE070000 		.4byte	0x7ce
 1057 07ce 11       		.uleb128 0x11
 1058 07cf 18010000 		.4byte	0x118
 1059 07d3 DD070000 		.4byte	0x7dd
 1060 07d7 06       		.uleb128 0x6
 1061 07d8 DD070000 		.4byte	0x7dd
 1062 07dc 00       		.byte	0
 1063 07dd 04       		.uleb128 0x4
 1064 07de F4040000 		.4byte	0x4f4
 1065 07e2 01       		.uleb128 0x1
 1066 07e3 EE060000 		.4byte	.LASF116
 1067 07e7 10       		.byte	0x10
 1068 07e8 41       		.byte	0x41
 1069 07e9 11       		.byte	0x11
 1070 07ea EE070000 		.4byte	0x7ee
 1071 07ee 04       		.uleb128 0x4
 1072 07ef F3070000 		.4byte	0x7f3
 1073 07f3 23       		.uleb128 0x23
 1074 07f4 18010000 		.4byte	0x118
 1075 07f8 01       		.uleb128 0x1
 1076 07f9 EC040000 		.4byte	.LASF117
 1077 07fd 10       		.byte	0x10
 1078 07fe 46       		.byte	0x46
 1079 07ff 11       		.byte	0x11
 1080 0800 04080000 		.4byte	0x804
 1081 0804 04       		.uleb128 0x4
 1082 0805 09080000 		.4byte	0x809
 1083 0809 11       		.uleb128 0x11
ARM GAS  C:\Users\PUBLIC~1.LAP\AppData\Local\Temp\ccuVLC9V.s 			page 20


 1084 080a 18010000 		.4byte	0x118
 1085 080e 18080000 		.4byte	0x818
 1086 0812 06       		.uleb128 0x6
 1087 0813 18010000 		.4byte	0x118
 1088 0817 00       		.byte	0
 1089 0818 01       		.uleb128 0x1
 1090 0819 79030000 		.4byte	.LASF118
 1091 081d 10       		.byte	0x10
 1092 081e 4B       		.byte	0x4b
 1093 081f 11       		.byte	0x11
 1094 0820 24080000 		.4byte	0x824
 1095 0824 04       		.uleb128 0x4
 1096 0825 29080000 		.4byte	0x829
 1097 0829 11       		.uleb128 0x11
 1098 082a 18010000 		.4byte	0x118
 1099 082e 3D080000 		.4byte	0x83d
 1100 0832 06       		.uleb128 0x6
 1101 0833 18010000 		.4byte	0x118
 1102 0837 06       		.uleb128 0x6
 1103 0838 18010000 		.4byte	0x118
 1104 083c 00       		.byte	0
 1105 083d 01       		.uleb128 0x1
 1106 083e 44020000 		.4byte	.LASF119
 1107 0842 10       		.byte	0x10
 1108 0843 50       		.byte	0x50
 1109 0844 11       		.byte	0x11
 1110 0845 49080000 		.4byte	0x849
 1111 0849 04       		.uleb128 0x4
 1112 084a 4E080000 		.4byte	0x84e
 1113 084e 11       		.uleb128 0x11
 1114 084f 18010000 		.4byte	0x118
 1115 0853 67080000 		.4byte	0x867
 1116 0857 06       		.uleb128 0x6
 1117 0858 18010000 		.4byte	0x118
 1118 085c 06       		.uleb128 0x6
 1119 085d 18010000 		.4byte	0x118
 1120 0861 06       		.uleb128 0x6
 1121 0862 18010000 		.4byte	0x118
 1122 0866 00       		.byte	0
 1123 0867 01       		.uleb128 0x1
 1124 0868 64070000 		.4byte	.LASF120
 1125 086c 10       		.byte	0x10
 1126 086d 55       		.byte	0x55
 1127 086e 11       		.byte	0x11
 1128 086f 73080000 		.4byte	0x873
 1129 0873 04       		.uleb128 0x4
 1130 0874 78080000 		.4byte	0x878
 1131 0878 11       		.uleb128 0x11
 1132 0879 18010000 		.4byte	0x118
 1133 087d 96080000 		.4byte	0x896
 1134 0881 06       		.uleb128 0x6
 1135 0882 18010000 		.4byte	0x118
 1136 0886 06       		.uleb128 0x6
 1137 0887 18010000 		.4byte	0x118
 1138 088b 06       		.uleb128 0x6
 1139 088c 18010000 		.4byte	0x118
 1140 0890 06       		.uleb128 0x6
ARM GAS  C:\Users\PUBLIC~1.LAP\AppData\Local\Temp\ccuVLC9V.s 			page 21


 1141 0891 18010000 		.4byte	0x118
 1142 0895 00       		.byte	0
 1143 0896 24       		.uleb128 0x24
 1144 0897 08       		.byte	0x8
 1145 0898 11       		.byte	0x11
 1146 0899 39       		.byte	0x39
 1147 089a 09       		.byte	0x9
 1148 089b BA080000 		.4byte	0x8ba
 1149 089f 02       		.uleb128 0x2
 1150 08a0 E0010000 		.4byte	.LASF121
 1151 08a4 11       		.byte	0x11
 1152 08a5 3D       		.byte	0x3d
 1153 08a6 15       		.byte	0x15
 1154 08a7 BD070000 		.4byte	0x7bd
 1155 08ab 00       		.byte	0
 1156 08ac 02       		.uleb128 0x2
 1157 08ad 4B040000 		.4byte	.LASF122
 1158 08b1 11       		.byte	0x11
 1159 08b2 41       		.byte	0x41
 1160 08b3 16       		.byte	0x16
 1161 08b4 DD070000 		.4byte	0x7dd
 1162 08b8 04       		.byte	0x4
 1163 08b9 00       		.byte	0
 1164 08ba 01       		.uleb128 0x1
 1165 08bb E7010000 		.4byte	.LASF123
 1166 08bf 11       		.byte	0x11
 1167 08c0 42       		.byte	0x42
 1168 08c1 03       		.byte	0x3
 1169 08c2 96080000 		.4byte	0x896
 1170 08c6 0A       		.uleb128 0xa
 1171 08c7 BA080000 		.4byte	0x8ba
 1172 08cb 1A       		.uleb128 0x1a
 1173 08cc 25000000 		.4byte	.LASF124
 1174 08d0 44       		.byte	0x44
 1175 08d1 0D       		.byte	0xd
 1176 08d2 0E060000 		.4byte	0x60e
 1177 08d6 E0080000 		.4byte	0x8e0
 1178 08da 06       		.uleb128 0x6
 1179 08db 43030000 		.4byte	0x343
 1180 08df 00       		.byte	0
 1181 08e0 25       		.uleb128 0x25
 1182 08e1 93020000 		.4byte	.LASF150
 1183 08e5 12       		.byte	0x12
 1184 08e6 43       		.byte	0x43
 1185 08e7 0D       		.byte	0xd
 1186 08e8 0E060000 		.4byte	0x60e
 1187 08ec 26       		.uleb128 0x26
 1188 08ed FB040000 		.4byte	.LASF126
 1189 08f1 12       		.byte	0x12
 1190 08f2 46       		.byte	0x46
 1191 08f3 08       		.byte	0x8
 1192 08f4 03090000 		.4byte	0x903
 1193 08f8 06       		.uleb128 0x6
 1194 08f9 0E060000 		.4byte	0x60e
 1195 08fd 06       		.uleb128 0x6
 1196 08fe 18010000 		.4byte	0x118
 1197 0902 00       		.byte	0
ARM GAS  C:\Users\PUBLIC~1.LAP\AppData\Local\Temp\ccuVLC9V.s 			page 22


 1198 0903 1A       		.uleb128 0x1a
 1199 0904 49010000 		.4byte	.LASF125
 1200 0908 42       		.byte	0x42
 1201 0909 09       		.byte	0x9
 1202 090a 18010000 		.4byte	0x118
 1203 090e 1D090000 		.4byte	0x91d
 1204 0912 06       		.uleb128 0x6
 1205 0913 0E060000 		.4byte	0x60e
 1206 0917 06       		.uleb128 0x6
 1207 0918 18010000 		.4byte	0x118
 1208 091c 00       		.byte	0
 1209 091d 0C       		.uleb128 0xc
 1210 091e A3030000 		.4byte	.LASF127
 1211 0922 DB       		.byte	0xdb
 1212 0923 18010000 		.4byte	0x118
 1213 0927 5B090000 		.4byte	0x95b
 1214 092b 0B       		.uleb128 0xb
 1215 092c 80020000 		.4byte	.LASF129
 1216 0930 11       		.byte	0x11
 1217 0931 DB       		.byte	0xdb
 1218 0932 2F       		.byte	0x2f
 1219 0933 43030000 		.4byte	0x343
 1220 0937 03       		.uleb128 0x3
 1221 0938 747000   		.ascii	"tp\000"
 1222 093b 11       		.byte	0x11
 1223 093c DC       		.byte	0xdc
 1224 093d 0D       		.byte	0xd
 1225 093e 0E060000 		.4byte	0x60e
 1226 0942 03       		.uleb128 0x3
 1227 0943 636D7000 		.ascii	"cmp\000"
 1228 0947 11       		.byte	0x11
 1229 0948 DD       		.byte	0xdd
 1230 0949 19       		.byte	0x19
 1231 094a 5B090000 		.4byte	0x95b
 1232 094e 03       		.uleb128 0x3
 1233 094f 72657400 		.ascii	"ret\000"
 1234 0953 11       		.byte	0x11
 1235 0954 DE       		.byte	0xde
 1236 0955 09       		.byte	0x9
 1237 0956 18010000 		.4byte	0x118
 1238 095a 00       		.byte	0
 1239 095b 04       		.uleb128 0x4
 1240 095c C6080000 		.4byte	0x8c6
 1241 0960 27       		.uleb128 0x27
 1242 0961 AE040000 		.4byte	.LASF151
 1243 0965 11       		.byte	0x11
 1244 0966 BE       		.byte	0xbe
 1245 0967 06       		.byte	0x6
 1246 0968 90090000 		.4byte	0x990
 1247 096c 03       		.uleb128 0x3
 1248 096d 747000   		.ascii	"tp\000"
 1249 0970 11       		.byte	0x11
 1250 0971 BF       		.byte	0xbf
 1251 0972 0D       		.byte	0xd
 1252 0973 0E060000 		.4byte	0x60e
 1253 0977 03       		.uleb128 0x3
 1254 0978 636D7000 		.ascii	"cmp\000"
ARM GAS  C:\Users\PUBLIC~1.LAP\AppData\Local\Temp\ccuVLC9V.s 			page 23


 1255 097c 11       		.byte	0x11
 1256 097d C0       		.byte	0xc0
 1257 097e 19       		.byte	0x19
 1258 097f 5B090000 		.4byte	0x95b
 1259 0983 03       		.uleb128 0x3
 1260 0984 72657400 		.ascii	"ret\000"
 1261 0988 11       		.byte	0x11
 1262 0989 C1       		.byte	0xc1
 1263 098a 09       		.byte	0x9
 1264 098b 18010000 		.4byte	0x118
 1265 098f 00       		.byte	0
 1266 0990 0C       		.uleb128 0xc
 1267 0991 BD030000 		.4byte	.LASF128
 1268 0995 9E       		.byte	0x9e
 1269 0996 18010000 		.4byte	0x118
 1270 099a DA090000 		.4byte	0x9da
 1271 099e 1B       		.uleb128 0x1b
 1272 099f 747000   		.ascii	"tp\000"
 1273 09a2 11       		.byte	0x11
 1274 09a3 9E       		.byte	0x9e
 1275 09a4 26       		.byte	0x26
 1276 09a5 0E060000 		.4byte	0x60e
 1277 09a9 0B       		.uleb128 0xb
 1278 09aa E0010000 		.4byte	.LASF121
 1279 09ae 11       		.byte	0x11
 1280 09af 9E       		.byte	0x9e
 1281 09b0 3C       		.byte	0x3c
 1282 09b1 BD070000 		.4byte	0x7bd
 1283 09b5 28       		.uleb128 0x28
 1284 09b6 29       		.uleb128 0x29
 1285 09b7 95070000 		.4byte	.LASF130
 1286 09bb 11       		.byte	0x11
 1287 09bc 9F       		.byte	0x9f
 1288 09bd 0B       		.byte	0xb
 1289 09be F4040000 		.4byte	0x4f4
 1290 09c2 03       		.uleb128 0x3
 1291 09c3 636D00   		.ascii	"cm\000"
 1292 09c6 11       		.byte	0x11
 1293 09c7 A0       		.byte	0xa0
 1294 09c8 12       		.byte	0x12
 1295 09c9 BA080000 		.4byte	0x8ba
 1296 09cd 03       		.uleb128 0x3
 1297 09ce 6D736700 		.ascii	"msg\000"
 1298 09d2 11       		.byte	0x11
 1299 09d3 A1       		.byte	0xa1
 1300 09d4 09       		.byte	0x9
 1301 09d5 18010000 		.4byte	0x118
 1302 09d9 00       		.byte	0
 1303 09da 0C       		.uleb128 0xc
 1304 09db 45070000 		.4byte	.LASF131
 1305 09df 8A       		.byte	0x8a
 1306 09e0 18010000 		.4byte	0x118
 1307 09e4 2D0A0000 		.4byte	0xa2d
 1308 09e8 0B       		.uleb128 0xb
 1309 09e9 4B040000 		.4byte	.LASF122
 1310 09ed 11       		.byte	0x11
 1311 09ee 8A       		.byte	0x8a
ARM GAS  C:\Users\PUBLIC~1.LAP\AppData\Local\Temp\ccuVLC9V.s 			page 24


 1312 09ef 22       		.byte	0x22
 1313 09f0 DD070000 		.4byte	0x7dd
 1314 09f4 03       		.uleb128 0x3
 1315 09f5 666E3400 		.ascii	"fn4\000"
 1316 09f9 11       		.byte	0x11
 1317 09fa 8B       		.byte	0x8b
 1318 09fb 12       		.byte	0x12
 1319 09fc 67080000 		.4byte	0x867
 1320 0a00 03       		.uleb128 0x3
 1321 0a01 703100   		.ascii	"p1\000"
 1322 0a04 11       		.byte	0x11
 1323 0a05 8C       		.byte	0x8c
 1324 0a06 09       		.byte	0x9
 1325 0a07 18010000 		.4byte	0x118
 1326 0a0b 03       		.uleb128 0x3
 1327 0a0c 703200   		.ascii	"p2\000"
 1328 0a0f 11       		.byte	0x11
 1329 0a10 8D       		.byte	0x8d
 1330 0a11 09       		.byte	0x9
 1331 0a12 18010000 		.4byte	0x118
 1332 0a16 03       		.uleb128 0x3
 1333 0a17 703300   		.ascii	"p3\000"
 1334 0a1a 11       		.byte	0x11
 1335 0a1b 8E       		.byte	0x8e
 1336 0a1c 09       		.byte	0x9
 1337 0a1d 18010000 		.4byte	0x118
 1338 0a21 03       		.uleb128 0x3
 1339 0a22 703400   		.ascii	"p4\000"
 1340 0a25 11       		.byte	0x11
 1341 0a26 8F       		.byte	0x8f
 1342 0a27 09       		.byte	0x9
 1343 0a28 18010000 		.4byte	0x118
 1344 0a2c 00       		.byte	0
 1345 0a2d 0C       		.uleb128 0xc
 1346 0a2e 33070000 		.4byte	.LASF132
 1347 0a32 7C       		.byte	0x7c
 1348 0a33 18010000 		.4byte	0x118
 1349 0a37 750A0000 		.4byte	0xa75
 1350 0a3b 0B       		.uleb128 0xb
 1351 0a3c 4B040000 		.4byte	.LASF122
 1352 0a40 11       		.byte	0x11
 1353 0a41 7C       		.byte	0x7c
 1354 0a42 22       		.byte	0x22
 1355 0a43 DD070000 		.4byte	0x7dd
 1356 0a47 03       		.uleb128 0x3
 1357 0a48 666E3300 		.ascii	"fn3\000"
 1358 0a4c 11       		.byte	0x11
 1359 0a4d 7D       		.byte	0x7d
 1360 0a4e 12       		.byte	0x12
 1361 0a4f 3D080000 		.4byte	0x83d
 1362 0a53 03       		.uleb128 0x3
 1363 0a54 703100   		.ascii	"p1\000"
 1364 0a57 11       		.byte	0x11
 1365 0a58 7E       		.byte	0x7e
 1366 0a59 09       		.byte	0x9
 1367 0a5a 18010000 		.4byte	0x118
 1368 0a5e 03       		.uleb128 0x3
ARM GAS  C:\Users\PUBLIC~1.LAP\AppData\Local\Temp\ccuVLC9V.s 			page 25


 1369 0a5f 703200   		.ascii	"p2\000"
 1370 0a62 11       		.byte	0x11
 1371 0a63 7F       		.byte	0x7f
 1372 0a64 09       		.byte	0x9
 1373 0a65 18010000 		.4byte	0x118
 1374 0a69 03       		.uleb128 0x3
 1375 0a6a 703300   		.ascii	"p3\000"
 1376 0a6d 11       		.byte	0x11
 1377 0a6e 80       		.byte	0x80
 1378 0a6f 09       		.byte	0x9
 1379 0a70 18010000 		.4byte	0x118
 1380 0a74 00       		.byte	0
 1381 0a75 0C       		.uleb128 0xc
 1382 0a76 21070000 		.4byte	.LASF133
 1383 0a7a 6F       		.byte	0x6f
 1384 0a7b 18010000 		.4byte	0x118
 1385 0a7f B20A0000 		.4byte	0xab2
 1386 0a83 0B       		.uleb128 0xb
 1387 0a84 4B040000 		.4byte	.LASF122
 1388 0a88 11       		.byte	0x11
 1389 0a89 6F       		.byte	0x6f
 1390 0a8a 22       		.byte	0x22
 1391 0a8b DD070000 		.4byte	0x7dd
 1392 0a8f 03       		.uleb128 0x3
 1393 0a90 666E3200 		.ascii	"fn2\000"
 1394 0a94 11       		.byte	0x11
 1395 0a95 70       		.byte	0x70
 1396 0a96 12       		.byte	0x12
 1397 0a97 18080000 		.4byte	0x818
 1398 0a9b 03       		.uleb128 0x3
 1399 0a9c 703100   		.ascii	"p1\000"
 1400 0a9f 11       		.byte	0x11
 1401 0aa0 71       		.byte	0x71
 1402 0aa1 09       		.byte	0x9
 1403 0aa2 18010000 		.4byte	0x118
 1404 0aa6 03       		.uleb128 0x3
 1405 0aa7 703200   		.ascii	"p2\000"
 1406 0aaa 11       		.byte	0x11
 1407 0aab 72       		.byte	0x72
 1408 0aac 09       		.byte	0x9
 1409 0aad 18010000 		.4byte	0x118
 1410 0ab1 00       		.byte	0
 1411 0ab2 0C       		.uleb128 0xc
 1412 0ab3 0F070000 		.4byte	.LASF134
 1413 0ab7 63       		.byte	0x63
 1414 0ab8 18010000 		.4byte	0x118
 1415 0abc E40A0000 		.4byte	0xae4
 1416 0ac0 0B       		.uleb128 0xb
 1417 0ac1 4B040000 		.4byte	.LASF122
 1418 0ac5 11       		.byte	0x11
 1419 0ac6 63       		.byte	0x63
 1420 0ac7 22       		.byte	0x22
 1421 0ac8 DD070000 		.4byte	0x7dd
 1422 0acc 03       		.uleb128 0x3
 1423 0acd 666E3100 		.ascii	"fn1\000"
 1424 0ad1 11       		.byte	0x11
 1425 0ad2 64       		.byte	0x64
ARM GAS  C:\Users\PUBLIC~1.LAP\AppData\Local\Temp\ccuVLC9V.s 			page 26


 1426 0ad3 12       		.byte	0x12
 1427 0ad4 F8070000 		.4byte	0x7f8
 1428 0ad8 03       		.uleb128 0x3
 1429 0ad9 703100   		.ascii	"p1\000"
 1430 0adc 11       		.byte	0x11
 1431 0add 65       		.byte	0x65
 1432 0ade 09       		.byte	0x9
 1433 0adf 18010000 		.4byte	0x118
 1434 0ae3 00       		.byte	0
 1435 0ae4 0C       		.uleb128 0xc
 1436 0ae5 FD060000 		.4byte	.LASF135
 1437 0ae9 58       		.byte	0x58
 1438 0aea 18010000 		.4byte	0x118
 1439 0aee 0B0B0000 		.4byte	0xb0b
 1440 0af2 0B       		.uleb128 0xb
 1441 0af3 4B040000 		.4byte	.LASF122
 1442 0af7 11       		.byte	0x11
 1443 0af8 58       		.byte	0x58
 1444 0af9 22       		.byte	0x22
 1445 0afa DD070000 		.4byte	0x7dd
 1446 0afe 03       		.uleb128 0x3
 1447 0aff 666E3000 		.ascii	"fn0\000"
 1448 0b03 11       		.byte	0x11
 1449 0b04 59       		.byte	0x59
 1450 0b05 12       		.byte	0x12
 1451 0b06 E2070000 		.4byte	0x7e2
 1452 0b0a 00       		.byte	0
 1453 0b0b 15       		.uleb128 0x15
 1454 0b0c 77020000 		.4byte	.LASF136
 1455 0b10 BE       		.byte	0xbe
 1456 0b11 15       		.byte	0x15
 1457 0b12 18010000 		.4byte	0x118
 1458 0b16 2F0B0000 		.4byte	0xb2f
 1459 0b1a 1B       		.uleb128 0x1b
 1460 0b1b 747000   		.ascii	"tp\000"
 1461 0b1e 12       		.byte	0x12
 1462 0b1f BE       		.byte	0xbe
 1463 0b20 28       		.byte	0x28
 1464 0b21 0E060000 		.4byte	0x60e
 1465 0b25 1C       		.uleb128 0x1c
 1466 0b26 D9040000 		.4byte	.LASF139
 1467 0b2a 3F0B0000 		.4byte	0xb3f
 1468 0b2e 00       		.byte	0
 1469 0b2f 12       		.uleb128 0x12
 1470 0b30 21030000 		.4byte	0x321
 1471 0b34 3F0B0000 		.4byte	0xb3f
 1472 0b38 13       		.uleb128 0x13
 1473 0b39 25000000 		.4byte	0x25
 1474 0b3d 08       		.byte	0x8
 1475 0b3e 00       		.byte	0
 1476 0b3f 0A       		.uleb128 0xa
 1477 0b40 2F0B0000 		.4byte	0xb2f
 1478 0b44 15       		.uleb128 0x15
 1479 0b45 73070000 		.4byte	.LASF137
 1480 0b49 80       		.byte	0x80
 1481 0b4a 19       		.byte	0x19
 1482 0b4b 0E060000 		.4byte	0x60e
ARM GAS  C:\Users\PUBLIC~1.LAP\AppData\Local\Temp\ccuVLC9V.s 			page 27


 1483 0b4f 6B0B0000 		.4byte	0xb6b
 1484 0b53 0B       		.uleb128 0xb
 1485 0b54 80020000 		.4byte	.LASF129
 1486 0b58 12       		.byte	0x12
 1487 0b59 80       		.byte	0x80
 1488 0b5a 38       		.byte	0x38
 1489 0b5b 43030000 		.4byte	0x343
 1490 0b5f 03       		.uleb128 0x3
 1491 0b60 747000   		.ascii	"tp\000"
 1492 0b63 12       		.byte	0x12
 1493 0b64 81       		.byte	0x81
 1494 0b65 0D       		.byte	0xd
 1495 0b66 0E060000 		.4byte	0x60e
 1496 0b6a 00       		.byte	0
 1497 0b6b 15       		.uleb128 0x15
 1498 0b6c B8060000 		.4byte	.LASF138
 1499 0b70 5F       		.byte	0x5f
 1500 0b71 19       		.byte	0x19
 1501 0b72 0E060000 		.4byte	0x60e
 1502 0b76 860B0000 		.4byte	0xb86
 1503 0b7a 03       		.uleb128 0x3
 1504 0b7b 747000   		.ascii	"tp\000"
 1505 0b7e 12       		.byte	0x12
 1506 0b7f 60       		.byte	0x60
 1507 0b80 0D       		.byte	0xd
 1508 0b81 0E060000 		.4byte	0x60e
 1509 0b85 00       		.byte	0
 1510 0b86 2A       		.uleb128 0x2a
 1511 0b87 84070000 		.4byte	.LASF152
 1512 0b8b 13       		.byte	0x13
 1513 0b8c A501     		.2byte	0x1a5
 1514 0b8e 14       		.byte	0x14
 1515 0b8f 9D0B0000 		.4byte	0xb9d
 1516 0b93 1C       		.uleb128 0x1c
 1517 0b94 D9040000 		.4byte	.LASF139
 1518 0b98 AD0B0000 		.4byte	0xbad
 1519 0b9c 00       		.byte	0
 1520 0b9d 12       		.uleb128 0x12
 1521 0b9e 21030000 		.4byte	0x321
 1522 0ba2 AD0B0000 		.4byte	0xbad
 1523 0ba6 13       		.uleb128 0x13
 1524 0ba7 25000000 		.4byte	0x25
 1525 0bab 0B       		.byte	0xb
 1526 0bac 00       		.byte	0
 1527 0bad 0A       		.uleb128 0xa
 1528 0bae 9D0B0000 		.4byte	0xb9d
 1529 0bb2 16       		.uleb128 0x16
 1530 0bb3 E2040000 		.4byte	.LASF140
 1531 0bb7 13       		.byte	0x13
 1532 0bb8 9701     		.2byte	0x197
 1533 0bba 16       		.uleb128 0x16
 1534 0bbb 25010000 		.4byte	.LASF141
 1535 0bbf 0D       		.byte	0xd
 1536 0bc0 EF01     		.2byte	0x1ef
 1537 0bc2 16       		.uleb128 0x16
 1538 0bc3 9A070000 		.4byte	.LASF142
 1539 0bc7 0D       		.byte	0xd
ARM GAS  C:\Users\PUBLIC~1.LAP\AppData\Local\Temp\ccuVLC9V.s 			page 28


 1540 0bc8 E601     		.2byte	0x1e6
 1541 0bca 1D       		.uleb128 0x1d
 1542 0bcb 5B040000 		.4byte	.LASF143
 1543 0bcf 8C       		.byte	0x8c
 1544 0bd0 1D       		.uleb128 0x1d
 1545 0bd1 E4030000 		.4byte	.LASF144
 1546 0bd5 81       		.byte	0x81
 1547 0bd6 00       		.byte	0
 1548              		.section	.gnu.debuglto_.debug_abbrev,"e",%progbits
 1549              	.Ldebug_abbrev0:
 1550 0000 01       		.uleb128 0x1
 1551 0001 16       		.uleb128 0x16
 1552 0002 00       		.byte	0
 1553 0003 03       		.uleb128 0x3
 1554 0004 0E       		.uleb128 0xe
 1555 0005 3A       		.uleb128 0x3a
 1556 0006 0B       		.uleb128 0xb
 1557 0007 3B       		.uleb128 0x3b
 1558 0008 0B       		.uleb128 0xb
 1559 0009 39       		.uleb128 0x39
 1560 000a 0B       		.uleb128 0xb
 1561 000b 49       		.uleb128 0x49
 1562 000c 13       		.uleb128 0x13
 1563 000d 00       		.byte	0
 1564 000e 00       		.byte	0
 1565 000f 02       		.uleb128 0x2
 1566 0010 0D       		.uleb128 0xd
 1567 0011 00       		.byte	0
 1568 0012 03       		.uleb128 0x3
 1569 0013 0E       		.uleb128 0xe
 1570 0014 3A       		.uleb128 0x3a
 1571 0015 0B       		.uleb128 0xb
 1572 0016 3B       		.uleb128 0x3b
 1573 0017 0B       		.uleb128 0xb
 1574 0018 39       		.uleb128 0x39
 1575 0019 0B       		.uleb128 0xb
 1576 001a 49       		.uleb128 0x49
 1577 001b 13       		.uleb128 0x13
 1578 001c 38       		.uleb128 0x38
 1579 001d 0B       		.uleb128 0xb
 1580 001e 00       		.byte	0
 1581 001f 00       		.byte	0
 1582 0020 03       		.uleb128 0x3
 1583 0021 34       		.uleb128 0x34
 1584 0022 00       		.byte	0
 1585 0023 03       		.uleb128 0x3
 1586 0024 08       		.uleb128 0x8
 1587 0025 3A       		.uleb128 0x3a
 1588 0026 0B       		.uleb128 0xb
 1589 0027 3B       		.uleb128 0x3b
 1590 0028 0B       		.uleb128 0xb
 1591 0029 39       		.uleb128 0x39
 1592 002a 0B       		.uleb128 0xb
 1593 002b 49       		.uleb128 0x49
 1594 002c 13       		.uleb128 0x13
 1595 002d 00       		.byte	0
 1596 002e 00       		.byte	0
ARM GAS  C:\Users\PUBLIC~1.LAP\AppData\Local\Temp\ccuVLC9V.s 			page 29


 1597 002f 04       		.uleb128 0x4
 1598 0030 0F       		.uleb128 0xf
 1599 0031 00       		.byte	0
 1600 0032 0B       		.uleb128 0xb
 1601 0033 21       		.uleb128 0x21
 1602 0034 04       		.sleb128 4
 1603 0035 49       		.uleb128 0x49
 1604 0036 13       		.uleb128 0x13
 1605 0037 00       		.byte	0
 1606 0038 00       		.byte	0
 1607 0039 05       		.uleb128 0x5
 1608 003a 0D       		.uleb128 0xd
 1609 003b 00       		.byte	0
 1610 003c 03       		.uleb128 0x3
 1611 003d 0E       		.uleb128 0xe
 1612 003e 3A       		.uleb128 0x3a
 1613 003f 21       		.uleb128 0x21
 1614 0040 05       		.sleb128 5
 1615 0041 3B       		.uleb128 0x3b
 1616 0042 05       		.uleb128 0x5
 1617 0043 39       		.uleb128 0x39
 1618 0044 0B       		.uleb128 0xb
 1619 0045 49       		.uleb128 0x49
 1620 0046 13       		.uleb128 0x13
 1621 0047 38       		.uleb128 0x38
 1622 0048 0B       		.uleb128 0xb
 1623 0049 00       		.byte	0
 1624 004a 00       		.byte	0
 1625 004b 06       		.uleb128 0x6
 1626 004c 05       		.uleb128 0x5
 1627 004d 00       		.byte	0
 1628 004e 49       		.uleb128 0x49
 1629 004f 13       		.uleb128 0x13
 1630 0050 00       		.byte	0
 1631 0051 00       		.byte	0
 1632 0052 07       		.uleb128 0x7
 1633 0053 24       		.uleb128 0x24
 1634 0054 00       		.byte	0
 1635 0055 0B       		.uleb128 0xb
 1636 0056 0B       		.uleb128 0xb
 1637 0057 3E       		.uleb128 0x3e
 1638 0058 0B       		.uleb128 0xb
 1639 0059 03       		.uleb128 0x3
 1640 005a 0E       		.uleb128 0xe
 1641 005b 00       		.byte	0
 1642 005c 00       		.byte	0
 1643 005d 08       		.uleb128 0x8
 1644 005e 0D       		.uleb128 0xd
 1645 005f 00       		.byte	0
 1646 0060 03       		.uleb128 0x3
 1647 0061 08       		.uleb128 0x8
 1648 0062 3A       		.uleb128 0x3a
 1649 0063 0B       		.uleb128 0xb
 1650 0064 3B       		.uleb128 0x3b
 1651 0065 05       		.uleb128 0x5
 1652 0066 39       		.uleb128 0x39
 1653 0067 0B       		.uleb128 0xb
ARM GAS  C:\Users\PUBLIC~1.LAP\AppData\Local\Temp\ccuVLC9V.s 			page 30


 1654 0068 49       		.uleb128 0x49
 1655 0069 13       		.uleb128 0x13
 1656 006a 38       		.uleb128 0x38
 1657 006b 0B       		.uleb128 0xb
 1658 006c 00       		.byte	0
 1659 006d 00       		.byte	0
 1660 006e 09       		.uleb128 0x9
 1661 006f 13       		.uleb128 0x13
 1662 0070 01       		.byte	0x1
 1663 0071 03       		.uleb128 0x3
 1664 0072 0E       		.uleb128 0xe
 1665 0073 0B       		.uleb128 0xb
 1666 0074 0B       		.uleb128 0xb
 1667 0075 3A       		.uleb128 0x3a
 1668 0076 0B       		.uleb128 0xb
 1669 0077 3B       		.uleb128 0x3b
 1670 0078 0B       		.uleb128 0xb
 1671 0079 39       		.uleb128 0x39
 1672 007a 0B       		.uleb128 0xb
 1673 007b 01       		.uleb128 0x1
 1674 007c 13       		.uleb128 0x13
 1675 007d 00       		.byte	0
 1676 007e 00       		.byte	0
 1677 007f 0A       		.uleb128 0xa
 1678 0080 26       		.uleb128 0x26
 1679 0081 00       		.byte	0
 1680 0082 49       		.uleb128 0x49
 1681 0083 13       		.uleb128 0x13
 1682 0084 00       		.byte	0
 1683 0085 00       		.byte	0
 1684 0086 0B       		.uleb128 0xb
 1685 0087 05       		.uleb128 0x5
 1686 0088 00       		.byte	0
 1687 0089 03       		.uleb128 0x3
 1688 008a 0E       		.uleb128 0xe
 1689 008b 3A       		.uleb128 0x3a
 1690 008c 0B       		.uleb128 0xb
 1691 008d 3B       		.uleb128 0x3b
 1692 008e 0B       		.uleb128 0xb
 1693 008f 39       		.uleb128 0x39
 1694 0090 0B       		.uleb128 0xb
 1695 0091 49       		.uleb128 0x49
 1696 0092 13       		.uleb128 0x13
 1697 0093 00       		.byte	0
 1698 0094 00       		.byte	0
 1699 0095 0C       		.uleb128 0xc
 1700 0096 2E       		.uleb128 0x2e
 1701 0097 01       		.byte	0x1
 1702 0098 3F       		.uleb128 0x3f
 1703 0099 19       		.uleb128 0x19
 1704 009a 03       		.uleb128 0x3
 1705 009b 0E       		.uleb128 0xe
 1706 009c 3A       		.uleb128 0x3a
 1707 009d 21       		.uleb128 0x21
 1708 009e 11       		.sleb128 17
 1709 009f 3B       		.uleb128 0x3b
 1710 00a0 0B       		.uleb128 0xb
ARM GAS  C:\Users\PUBLIC~1.LAP\AppData\Local\Temp\ccuVLC9V.s 			page 31


 1711 00a1 39       		.uleb128 0x39
 1712 00a2 21       		.uleb128 0x21
 1713 00a3 07       		.sleb128 7
 1714 00a4 27       		.uleb128 0x27
 1715 00a5 19       		.uleb128 0x19
 1716 00a6 49       		.uleb128 0x49
 1717 00a7 13       		.uleb128 0x13
 1718 00a8 01       		.uleb128 0x1
 1719 00a9 13       		.uleb128 0x13
 1720 00aa 00       		.byte	0
 1721 00ab 00       		.byte	0
 1722 00ac 0D       		.uleb128 0xd
 1723 00ad 0D       		.uleb128 0xd
 1724 00ae 00       		.byte	0
 1725 00af 03       		.uleb128 0x3
 1726 00b0 0E       		.uleb128 0xe
 1727 00b1 3A       		.uleb128 0x3a
 1728 00b2 21       		.uleb128 0x21
 1729 00b3 05       		.sleb128 5
 1730 00b4 3B       		.uleb128 0x3b
 1731 00b5 05       		.uleb128 0x5
 1732 00b6 39       		.uleb128 0x39
 1733 00b7 0B       		.uleb128 0xb
 1734 00b8 49       		.uleb128 0x49
 1735 00b9 13       		.uleb128 0x13
 1736 00ba 00       		.byte	0
 1737 00bb 00       		.byte	0
 1738 00bc 0E       		.uleb128 0xe
 1739 00bd 13       		.uleb128 0x13
 1740 00be 01       		.byte	0x1
 1741 00bf 03       		.uleb128 0x3
 1742 00c0 0E       		.uleb128 0xe
 1743 00c1 0B       		.uleb128 0xb
 1744 00c2 0B       		.uleb128 0xb
 1745 00c3 3A       		.uleb128 0x3a
 1746 00c4 0B       		.uleb128 0xb
 1747 00c5 3B       		.uleb128 0x3b
 1748 00c6 05       		.uleb128 0x5
 1749 00c7 39       		.uleb128 0x39
 1750 00c8 0B       		.uleb128 0xb
 1751 00c9 01       		.uleb128 0x1
 1752 00ca 13       		.uleb128 0x13
 1753 00cb 00       		.byte	0
 1754 00cc 00       		.byte	0
 1755 00cd 0F       		.uleb128 0xf
 1756 00ce 34       		.uleb128 0x34
 1757 00cf 00       		.byte	0
 1758 00d0 03       		.uleb128 0x3
 1759 00d1 0E       		.uleb128 0xe
 1760 00d2 3A       		.uleb128 0x3a
 1761 00d3 21       		.uleb128 0x21
 1762 00d4 0A       		.sleb128 10
 1763 00d5 3B       		.uleb128 0x3b
 1764 00d6 0B       		.uleb128 0xb
 1765 00d7 39       		.uleb128 0x39
 1766 00d8 21       		.uleb128 0x21
 1767 00d9 16       		.sleb128 22
ARM GAS  C:\Users\PUBLIC~1.LAP\AppData\Local\Temp\ccuVLC9V.s 			page 32


 1768 00da 49       		.uleb128 0x49
 1769 00db 13       		.uleb128 0x13
 1770 00dc 1C       		.uleb128 0x1c
 1771 00dd 0A       		.uleb128 0xa
 1772 00de 00       		.byte	0
 1773 00df 00       		.byte	0
 1774 00e0 10       		.uleb128 0x10
 1775 00e1 0D       		.uleb128 0xd
 1776 00e2 00       		.byte	0
 1777 00e3 03       		.uleb128 0x3
 1778 00e4 0E       		.uleb128 0xe
 1779 00e5 3A       		.uleb128 0x3a
 1780 00e6 21       		.uleb128 0x21
 1781 00e7 05       		.sleb128 5
 1782 00e8 3B       		.uleb128 0x3b
 1783 00e9 0B       		.uleb128 0xb
 1784 00ea 39       		.uleb128 0x39
 1785 00eb 21       		.uleb128 0x21
 1786 00ec 21       		.sleb128 33
 1787 00ed 49       		.uleb128 0x49
 1788 00ee 13       		.uleb128 0x13
 1789 00ef 00       		.byte	0
 1790 00f0 00       		.byte	0
 1791 00f1 11       		.uleb128 0x11
 1792 00f2 15       		.uleb128 0x15
 1793 00f3 01       		.byte	0x1
 1794 00f4 27       		.uleb128 0x27
 1795 00f5 19       		.uleb128 0x19
 1796 00f6 49       		.uleb128 0x49
 1797 00f7 13       		.uleb128 0x13
 1798 00f8 01       		.uleb128 0x1
 1799 00f9 13       		.uleb128 0x13
 1800 00fa 00       		.byte	0
 1801 00fb 00       		.byte	0
 1802 00fc 12       		.uleb128 0x12
 1803 00fd 01       		.uleb128 0x1
 1804 00fe 01       		.byte	0x1
 1805 00ff 49       		.uleb128 0x49
 1806 0100 13       		.uleb128 0x13
 1807 0101 01       		.uleb128 0x1
 1808 0102 13       		.uleb128 0x13
 1809 0103 00       		.byte	0
 1810 0104 00       		.byte	0
 1811 0105 13       		.uleb128 0x13
 1812 0106 21       		.uleb128 0x21
 1813 0107 00       		.byte	0
 1814 0108 49       		.uleb128 0x49
 1815 0109 13       		.uleb128 0x13
 1816 010a 2F       		.uleb128 0x2f
 1817 010b 0B       		.uleb128 0xb
 1818 010c 00       		.byte	0
 1819 010d 00       		.byte	0
 1820 010e 14       		.uleb128 0x14
 1821 010f 0D       		.uleb128 0xd
 1822 0110 00       		.byte	0
 1823 0111 03       		.uleb128 0x3
 1824 0112 08       		.uleb128 0x8
ARM GAS  C:\Users\PUBLIC~1.LAP\AppData\Local\Temp\ccuVLC9V.s 			page 33


 1825 0113 3A       		.uleb128 0x3a
 1826 0114 0B       		.uleb128 0xb
 1827 0115 3B       		.uleb128 0x3b
 1828 0116 0B       		.uleb128 0xb
 1829 0117 39       		.uleb128 0x39
 1830 0118 0B       		.uleb128 0xb
 1831 0119 49       		.uleb128 0x49
 1832 011a 13       		.uleb128 0x13
 1833 011b 38       		.uleb128 0x38
 1834 011c 0B       		.uleb128 0xb
 1835 011d 00       		.byte	0
 1836 011e 00       		.byte	0
 1837 011f 15       		.uleb128 0x15
 1838 0120 2E       		.uleb128 0x2e
 1839 0121 01       		.byte	0x1
 1840 0122 03       		.uleb128 0x3
 1841 0123 0E       		.uleb128 0xe
 1842 0124 3A       		.uleb128 0x3a
 1843 0125 21       		.uleb128 0x21
 1844 0126 12       		.sleb128 18
 1845 0127 3B       		.uleb128 0x3b
 1846 0128 0B       		.uleb128 0xb
 1847 0129 39       		.uleb128 0x39
 1848 012a 0B       		.uleb128 0xb
 1849 012b 27       		.uleb128 0x27
 1850 012c 19       		.uleb128 0x19
 1851 012d 49       		.uleb128 0x49
 1852 012e 13       		.uleb128 0x13
 1853 012f 01       		.uleb128 0x1
 1854 0130 13       		.uleb128 0x13
 1855 0131 00       		.byte	0
 1856 0132 00       		.byte	0
 1857 0133 16       		.uleb128 0x16
 1858 0134 2E       		.uleb128 0x2e
 1859 0135 00       		.byte	0
 1860 0136 03       		.uleb128 0x3
 1861 0137 0E       		.uleb128 0xe
 1862 0138 3A       		.uleb128 0x3a
 1863 0139 0B       		.uleb128 0xb
 1864 013a 3B       		.uleb128 0x3b
 1865 013b 05       		.uleb128 0x5
 1866 013c 39       		.uleb128 0x39
 1867 013d 21       		.uleb128 0x21
 1868 013e 14       		.sleb128 20
 1869 013f 27       		.uleb128 0x27
 1870 0140 19       		.uleb128 0x19
 1871 0141 00       		.byte	0
 1872 0142 00       		.byte	0
 1873 0143 17       		.uleb128 0x17
 1874 0144 35       		.uleb128 0x35
 1875 0145 00       		.byte	0
 1876 0146 49       		.uleb128 0x49
 1877 0147 13       		.uleb128 0x13
 1878 0148 00       		.byte	0
 1879 0149 00       		.byte	0
 1880 014a 18       		.uleb128 0x18
 1881 014b 17       		.uleb128 0x17
ARM GAS  C:\Users\PUBLIC~1.LAP\AppData\Local\Temp\ccuVLC9V.s 			page 34


 1882 014c 01       		.byte	0x1
 1883 014d 0B       		.uleb128 0xb
 1884 014e 0B       		.uleb128 0xb
 1885 014f 3A       		.uleb128 0x3a
 1886 0150 21       		.uleb128 0x21
 1887 0151 05       		.sleb128 5
 1888 0152 3B       		.uleb128 0x3b
 1889 0153 0B       		.uleb128 0xb
 1890 0154 39       		.uleb128 0x39
 1891 0155 21       		.uleb128 0x21
 1892 0156 03       		.sleb128 3
 1893 0157 01       		.uleb128 0x1
 1894 0158 13       		.uleb128 0x13
 1895 0159 00       		.byte	0
 1896 015a 00       		.byte	0
 1897 015b 19       		.uleb128 0x19
 1898 015c 16       		.uleb128 0x16
 1899 015d 00       		.byte	0
 1900 015e 03       		.uleb128 0x3
 1901 015f 0E       		.uleb128 0xe
 1902 0160 3A       		.uleb128 0x3a
 1903 0161 21       		.uleb128 0x21
 1904 0162 05       		.sleb128 5
 1905 0163 3B       		.uleb128 0x3b
 1906 0164 05       		.uleb128 0x5
 1907 0165 39       		.uleb128 0x39
 1908 0166 21       		.uleb128 0x21
 1909 0167 03       		.sleb128 3
 1910 0168 49       		.uleb128 0x49
 1911 0169 13       		.uleb128 0x13
 1912 016a 00       		.byte	0
 1913 016b 00       		.byte	0
 1914 016c 1A       		.uleb128 0x1a
 1915 016d 2E       		.uleb128 0x2e
 1916 016e 01       		.byte	0x1
 1917 016f 3F       		.uleb128 0x3f
 1918 0170 19       		.uleb128 0x19
 1919 0171 03       		.uleb128 0x3
 1920 0172 0E       		.uleb128 0xe
 1921 0173 3A       		.uleb128 0x3a
 1922 0174 21       		.uleb128 0x21
 1923 0175 12       		.sleb128 18
 1924 0176 3B       		.uleb128 0x3b
 1925 0177 0B       		.uleb128 0xb
 1926 0178 39       		.uleb128 0x39
 1927 0179 0B       		.uleb128 0xb
 1928 017a 27       		.uleb128 0x27
 1929 017b 19       		.uleb128 0x19
 1930 017c 49       		.uleb128 0x49
 1931 017d 13       		.uleb128 0x13
 1932 017e 3C       		.uleb128 0x3c
 1933 017f 19       		.uleb128 0x19
 1934 0180 01       		.uleb128 0x1
 1935 0181 13       		.uleb128 0x13
 1936 0182 00       		.byte	0
 1937 0183 00       		.byte	0
 1938 0184 1B       		.uleb128 0x1b
ARM GAS  C:\Users\PUBLIC~1.LAP\AppData\Local\Temp\ccuVLC9V.s 			page 35


 1939 0185 05       		.uleb128 0x5
 1940 0186 00       		.byte	0
 1941 0187 03       		.uleb128 0x3
 1942 0188 08       		.uleb128 0x8
 1943 0189 3A       		.uleb128 0x3a
 1944 018a 0B       		.uleb128 0xb
 1945 018b 3B       		.uleb128 0x3b
 1946 018c 0B       		.uleb128 0xb
 1947 018d 39       		.uleb128 0x39
 1948 018e 0B       		.uleb128 0xb
 1949 018f 49       		.uleb128 0x49
 1950 0190 13       		.uleb128 0x13
 1951 0191 00       		.byte	0
 1952 0192 00       		.byte	0
 1953 0193 1C       		.uleb128 0x1c
 1954 0194 34       		.uleb128 0x34
 1955 0195 00       		.byte	0
 1956 0196 03       		.uleb128 0x3
 1957 0197 0E       		.uleb128 0xe
 1958 0198 49       		.uleb128 0x49
 1959 0199 13       		.uleb128 0x13
 1960 019a 34       		.uleb128 0x34
 1961 019b 19       		.uleb128 0x19
 1962 019c 00       		.byte	0
 1963 019d 00       		.byte	0
 1964 019e 1D       		.uleb128 0x1d
 1965 019f 2E       		.uleb128 0x2e
 1966 01a0 00       		.byte	0
 1967 01a1 03       		.uleb128 0x3
 1968 01a2 0E       		.uleb128 0xe
 1969 01a3 3A       		.uleb128 0x3a
 1970 01a4 21       		.uleb128 0x21
 1971 01a5 14       		.sleb128 20
 1972 01a6 3B       		.uleb128 0x3b
 1973 01a7 0B       		.uleb128 0xb
 1974 01a8 39       		.uleb128 0x39
 1975 01a9 21       		.uleb128 0x21
 1976 01aa 1B       		.sleb128 27
 1977 01ab 27       		.uleb128 0x27
 1978 01ac 19       		.uleb128 0x19
 1979 01ad 00       		.byte	0
 1980 01ae 00       		.byte	0
 1981 01af 1E       		.uleb128 0x1e
 1982 01b0 11       		.uleb128 0x11
 1983 01b1 01       		.byte	0x1
 1984 01b2 25       		.uleb128 0x25
 1985 01b3 0E       		.uleb128 0xe
 1986 01b4 13       		.uleb128 0x13
 1987 01b5 0B       		.uleb128 0xb
 1988 01b6 03       		.uleb128 0x3
 1989 01b7 0E       		.uleb128 0xe
 1990 01b8 1B       		.uleb128 0x1b
 1991 01b9 0E       		.uleb128 0xe
 1992 01ba 10       		.uleb128 0x10
 1993 01bb 17       		.uleb128 0x17
 1994 01bc 00       		.byte	0
 1995 01bd 00       		.byte	0
ARM GAS  C:\Users\PUBLIC~1.LAP\AppData\Local\Temp\ccuVLC9V.s 			page 36


 1996 01be 1F       		.uleb128 0x1f
 1997 01bf 24       		.uleb128 0x24
 1998 01c0 00       		.byte	0
 1999 01c1 0B       		.uleb128 0xb
 2000 01c2 0B       		.uleb128 0xb
 2001 01c3 3E       		.uleb128 0x3e
 2002 01c4 0B       		.uleb128 0xb
 2003 01c5 03       		.uleb128 0x3
 2004 01c6 08       		.uleb128 0x8
 2005 01c7 00       		.byte	0
 2006 01c8 00       		.byte	0
 2007 01c9 20       		.uleb128 0x20
 2008 01ca 0F       		.uleb128 0xf
 2009 01cb 00       		.byte	0
 2010 01cc 0B       		.uleb128 0xb
 2011 01cd 0B       		.uleb128 0xb
 2012 01ce 00       		.byte	0
 2013 01cf 00       		.byte	0
 2014 01d0 21       		.uleb128 0x21
 2015 01d1 13       		.uleb128 0x13
 2016 01d2 01       		.byte	0x1
 2017 01d3 03       		.uleb128 0x3
 2018 01d4 0E       		.uleb128 0xe
 2019 01d5 0B       		.uleb128 0xb
 2020 01d6 0B       		.uleb128 0xb
 2021 01d7 3A       		.uleb128 0x3a
 2022 01d8 0B       		.uleb128 0xb
 2023 01d9 3B       		.uleb128 0x3b
 2024 01da 0B       		.uleb128 0xb
 2025 01db 01       		.uleb128 0x1
 2026 01dc 13       		.uleb128 0x13
 2027 01dd 00       		.byte	0
 2028 01de 00       		.byte	0
 2029 01df 22       		.uleb128 0x22
 2030 01e0 0D       		.uleb128 0xd
 2031 01e1 00       		.byte	0
 2032 01e2 03       		.uleb128 0x3
 2033 01e3 0E       		.uleb128 0xe
 2034 01e4 49       		.uleb128 0x49
 2035 01e5 13       		.uleb128 0x13
 2036 01e6 38       		.uleb128 0x38
 2037 01e7 0B       		.uleb128 0xb
 2038 01e8 34       		.uleb128 0x34
 2039 01e9 19       		.uleb128 0x19
 2040 01ea 00       		.byte	0
 2041 01eb 00       		.byte	0
 2042 01ec 23       		.uleb128 0x23
 2043 01ed 15       		.uleb128 0x15
 2044 01ee 00       		.byte	0
 2045 01ef 27       		.uleb128 0x27
 2046 01f0 19       		.uleb128 0x19
 2047 01f1 49       		.uleb128 0x49
 2048 01f2 13       		.uleb128 0x13
 2049 01f3 00       		.byte	0
 2050 01f4 00       		.byte	0
 2051 01f5 24       		.uleb128 0x24
 2052 01f6 13       		.uleb128 0x13
ARM GAS  C:\Users\PUBLIC~1.LAP\AppData\Local\Temp\ccuVLC9V.s 			page 37


 2053 01f7 01       		.byte	0x1
 2054 01f8 0B       		.uleb128 0xb
 2055 01f9 0B       		.uleb128 0xb
 2056 01fa 3A       		.uleb128 0x3a
 2057 01fb 0B       		.uleb128 0xb
 2058 01fc 3B       		.uleb128 0x3b
 2059 01fd 0B       		.uleb128 0xb
 2060 01fe 39       		.uleb128 0x39
 2061 01ff 0B       		.uleb128 0xb
 2062 0200 01       		.uleb128 0x1
 2063 0201 13       		.uleb128 0x13
 2064 0202 00       		.byte	0
 2065 0203 00       		.byte	0
 2066 0204 25       		.uleb128 0x25
 2067 0205 2E       		.uleb128 0x2e
 2068 0206 00       		.byte	0
 2069 0207 3F       		.uleb128 0x3f
 2070 0208 19       		.uleb128 0x19
 2071 0209 03       		.uleb128 0x3
 2072 020a 0E       		.uleb128 0xe
 2073 020b 3A       		.uleb128 0x3a
 2074 020c 0B       		.uleb128 0xb
 2075 020d 3B       		.uleb128 0x3b
 2076 020e 0B       		.uleb128 0xb
 2077 020f 39       		.uleb128 0x39
 2078 0210 0B       		.uleb128 0xb
 2079 0211 27       		.uleb128 0x27
 2080 0212 19       		.uleb128 0x19
 2081 0213 49       		.uleb128 0x49
 2082 0214 13       		.uleb128 0x13
 2083 0215 3C       		.uleb128 0x3c
 2084 0216 19       		.uleb128 0x19
 2085 0217 00       		.byte	0
 2086 0218 00       		.byte	0
 2087 0219 26       		.uleb128 0x26
 2088 021a 2E       		.uleb128 0x2e
 2089 021b 01       		.byte	0x1
 2090 021c 3F       		.uleb128 0x3f
 2091 021d 19       		.uleb128 0x19
 2092 021e 03       		.uleb128 0x3
 2093 021f 0E       		.uleb128 0xe
 2094 0220 3A       		.uleb128 0x3a
 2095 0221 0B       		.uleb128 0xb
 2096 0222 3B       		.uleb128 0x3b
 2097 0223 0B       		.uleb128 0xb
 2098 0224 39       		.uleb128 0x39
 2099 0225 0B       		.uleb128 0xb
 2100 0226 27       		.uleb128 0x27
 2101 0227 19       		.uleb128 0x19
 2102 0228 3C       		.uleb128 0x3c
 2103 0229 19       		.uleb128 0x19
 2104 022a 01       		.uleb128 0x1
 2105 022b 13       		.uleb128 0x13
 2106 022c 00       		.byte	0
 2107 022d 00       		.byte	0
 2108 022e 27       		.uleb128 0x27
 2109 022f 2E       		.uleb128 0x2e
ARM GAS  C:\Users\PUBLIC~1.LAP\AppData\Local\Temp\ccuVLC9V.s 			page 38


 2110 0230 01       		.byte	0x1
 2111 0231 3F       		.uleb128 0x3f
 2112 0232 19       		.uleb128 0x19
 2113 0233 03       		.uleb128 0x3
 2114 0234 0E       		.uleb128 0xe
 2115 0235 3A       		.uleb128 0x3a
 2116 0236 0B       		.uleb128 0xb
 2117 0237 3B       		.uleb128 0x3b
 2118 0238 0B       		.uleb128 0xb
 2119 0239 39       		.uleb128 0x39
 2120 023a 0B       		.uleb128 0xb
 2121 023b 27       		.uleb128 0x27
 2122 023c 19       		.uleb128 0x19
 2123 023d 01       		.uleb128 0x1
 2124 023e 13       		.uleb128 0x13
 2125 023f 00       		.byte	0
 2126 0240 00       		.byte	0
 2127 0241 28       		.uleb128 0x28
 2128 0242 18       		.uleb128 0x18
 2129 0243 00       		.byte	0
 2130 0244 00       		.byte	0
 2131 0245 00       		.byte	0
 2132 0246 29       		.uleb128 0x29
 2133 0247 34       		.uleb128 0x34
 2134 0248 00       		.byte	0
 2135 0249 03       		.uleb128 0x3
 2136 024a 0E       		.uleb128 0xe
 2137 024b 3A       		.uleb128 0x3a
 2138 024c 0B       		.uleb128 0xb
 2139 024d 3B       		.uleb128 0x3b
 2140 024e 0B       		.uleb128 0xb
 2141 024f 39       		.uleb128 0x39
 2142 0250 0B       		.uleb128 0xb
 2143 0251 49       		.uleb128 0x49
 2144 0252 13       		.uleb128 0x13
 2145 0253 00       		.byte	0
 2146 0254 00       		.byte	0
 2147 0255 2A       		.uleb128 0x2a
 2148 0256 2E       		.uleb128 0x2e
 2149 0257 01       		.byte	0x1
 2150 0258 03       		.uleb128 0x3
 2151 0259 0E       		.uleb128 0xe
 2152 025a 3A       		.uleb128 0x3a
 2153 025b 0B       		.uleb128 0xb
 2154 025c 3B       		.uleb128 0x3b
 2155 025d 05       		.uleb128 0x5
 2156 025e 39       		.uleb128 0x39
 2157 025f 0B       		.uleb128 0xb
 2158 0260 27       		.uleb128 0x27
 2159 0261 19       		.uleb128 0x19
 2160 0262 01       		.uleb128 0x1
 2161 0263 13       		.uleb128 0x13
 2162 0264 00       		.byte	0
 2163 0265 00       		.byte	0
 2164 0266 00       		.byte	0
 2165              		.section	.gnu.debuglto_.debug_line,"e",%progbits
 2166              	.Ldebug_line0:
ARM GAS  C:\Users\PUBLIC~1.LAP\AppData\Local\Temp\ccuVLC9V.s 			page 39


 2167 0000 C2000000 		.4byte	.LELT0-.LSLT0
 2168              	.LSLT0:
 2169 0004 0500     		.2byte	0x5
 2170 0006 04       		.byte	0x4
 2171 0007 00       		.byte	0
 2172 0008 BA000000 		.4byte	.LELTP0-.LASLTP0
 2173              	.LASLTP0:
 2174 000c 01       		.byte	0x1
 2175 000d 01       		.byte	0x1
 2176 000e 01       		.byte	0x1
 2177 000f F6       		.byte	0xf6
 2178 0010 F2       		.byte	0xf2
 2179 0011 0D       		.byte	0xd
 2180 0012 00       		.byte	0
 2181 0013 01       		.byte	0x1
 2182 0014 01       		.byte	0x1
 2183 0015 01       		.byte	0x1
 2184 0016 01       		.byte	0x1
 2185 0017 00       		.byte	0
 2186 0018 00       		.byte	0
 2187 0019 00       		.byte	0
 2188 001a 01       		.byte	0x1
 2189 001b 00       		.byte	0
 2190 001c 00       		.byte	0
 2191 001d 01       		.byte	0x1
 2192 001e 01       		.byte	0x1
 2193 001f 01       		.uleb128 0x1
 2194 0020 1F       		.uleb128 0x1f
 2195 0021 0C       		.uleb128 0xc
 2196 0022 D8020000 		.4byte	.LASF153
 2197 0026 3C030000 		.4byte	.LASF154
 2198 002a 4A000000 		.4byte	.LASF155
 2199 002e C5000000 		.4byte	.LASF156
 2200 0032 30010000 		.4byte	.LASF157
 2201 0036 11020000 		.4byte	.LASF158
 2202 003a 65010000 		.4byte	.LASF159
 2203 003e FD000000 		.4byte	.LASF160
 2204 0042 57020000 		.4byte	.LASF161
 2205 0046 97000000 		.4byte	.LASF162
 2206 004a 95020000 		.4byte	.LASF163
 2207 004e 11000000 		.4byte	.LASF164
 2208 0052 02       		.byte	0x2
 2209 0053 01       		.uleb128 0x1
 2210 0054 1F       		.uleb128 0x1f
 2211 0055 02       		.uleb128 0x2
 2212 0056 0B       		.uleb128 0xb
 2213 0057 16       		.uleb128 0x16
 2214 0058 97010000 		.4byte	.LASF165
 2215 005c 00       		.byte	0
 2216 005d 00000000 		.4byte	.LASF166
 2217 0061 08       		.byte	0x8
 2218 0062 F6010000 		.4byte	.LASF167
 2219 0066 09       		.byte	0x9
 2220 0067 EC010000 		.4byte	.LASF168
 2221 006b 03       		.byte	0x3
 2222 006c 28030000 		.4byte	.LASF169
 2223 0070 07       		.byte	0x7
ARM GAS  C:\Users\PUBLIC~1.LAP\AppData\Local\Temp\ccuVLC9V.s 			page 40


 2224 0071 89020000 		.4byte	.LASF170
 2225 0075 07       		.byte	0x7
 2226 0076 BF020000 		.4byte	.LASF171
 2227 007a 07       		.byte	0x7
 2228 007b 32030000 		.4byte	.LASF172
 2229 007f 07       		.byte	0x7
 2230 0080 CF010000 		.4byte	.LASF173
 2231 0084 07       		.byte	0x7
 2232 0085 3F020000 		.4byte	.LASF174
 2233 0089 07       		.byte	0x7
 2234 008a 8C000000 		.4byte	.LASF175
 2235 008e 01       		.byte	0x1
 2236 008f 00020000 		.4byte	.LASF176
 2237 0093 0B       		.byte	0xb
 2238 0094 09020000 		.4byte	.LASF177
 2239 0098 0A       		.byte	0xa
 2240 0099 E3010000 		.4byte	.LASF178
 2241 009d 04       		.byte	0x4
 2242 009e 28010000 		.4byte	.LASF179
 2243 00a2 07       		.byte	0x7
 2244 00a3 8F010000 		.4byte	.LASF180
 2245 00a7 07       		.byte	0x7
 2246 00a8 49020000 		.4byte	.LASF181
 2247 00ac 05       		.byte	0x5
 2248 00ad 1A030000 		.4byte	.LASF182
 2249 00b1 06       		.byte	0x6
 2250 00b2 C8020000 		.4byte	.LASF183
 2251 00b6 07       		.byte	0x7
 2252 00b7 D0020000 		.4byte	.LASF184
 2253 00bb 07       		.byte	0x7
 2254 00bc 0E030000 		.4byte	.LASF185
 2255 00c0 02       		.byte	0x2
 2256 00c1 D8010000 		.4byte	.LASF186
 2257 00c5 00       		.byte	0
 2258              	.LELTP0:
 2259              	.LELT0:
 2260              		.section	.gnu.debuglto_.debug_str,"eMS",%progbits,1
 2261              	.LASF107:
 2262 0000 72656164 		.ascii	"ready_list_t\000"
 2262      795F6C69 
 2262      73745F74 
 2262      00
 2263              	.LASF50:
 2264 000d 72666375 		.ascii	"rfcu\000"
 2264      00
 2265              	.LASF98:
 2266 0012 77747472 		.ascii	"wttrp\000"
 2266      7000
 2267              	.LASF74:
 2268 0018 64656C74 		.ascii	"delta\000"
 2268      6100
 2269              	.LASF95:
 2270 001e 7264796D 		.ascii	"rdymsg\000"
 2270      736700
 2271              	.LASF124:
 2272 0025 63684D73 		.ascii	"chMsgWaitTimeoutS\000"
 2272      67576169 
ARM GAS  C:\Users\PUBLIC~1.LAP\AppData\Local\Temp\ccuVLC9V.s 			page 41


 2272      7454696D 
 2272      656F7574 
 2272      5300
 2273              	.LASF7:
 2274 0037 5F5F7569 		.ascii	"__uint8_t\000"
 2274      6E74385F 
 2274      7400
 2275              	.LASF68:
 2276 0041 70726576 		.ascii	"prev\000"
 2276      00
 2277              	.LASF83:
 2278 0046 706F7274 		.ascii	"port_intctx\000"
 2278      5F696E74 
 2278      63747800 
 2279              	.LASF82:
 2280 0052 76615F6C 		.ascii	"va_list\000"
 2280      69737400 
 2281              	.LASF60:
 2282 005a 73797374 		.ascii	"system_debug_t\000"
 2282      656D5F64 
 2282      65627567 
 2282      5F7400
 2283              	.LASF49:
 2284 0069 636F7265 		.ascii	"core_id\000"
 2284      5F696400 
 2285              	.LASF69:
 2286 0071 63685F70 		.ascii	"ch_priority_queue_t\000"
 2286      72696F72 
 2286      6974795F 
 2286      71756575 
 2286      655F7400 
 2287              	.LASF108:
 2288 0085 63685F6F 		.ascii	"ch_os_instance_config\000"
 2288      735F696E 
 2288      7374616E 
 2288      63655F63 
 2288      6F6E6669 
 2289              	.LASF13:
 2290 009b 6C6F6E67 		.ascii	"long long unsigned int\000"
 2290      206C6F6E 
 2290      6720756E 
 2290      7369676E 
 2290      65642069 
 2291              	.LASF96:
 2292 00b2 65786974 		.ascii	"exitcode\000"
 2292      636F6465 
 2292      00
 2293              	.LASF52:
 2294 00bb 6D61696E 		.ascii	"mainthread\000"
 2294      74687265 
 2294      616400
 2295              	.LASF99:
 2296 00c6 73656E74 		.ascii	"sentmsg\000"
 2296      6D736700 
 2297              	.LASF88:
 2298 00ce 76697274 		.ascii	"virtual_timers_list_t\000"
 2298      75616C5F 
ARM GAS  C:\Users\PUBLIC~1.LAP\AppData\Local\Temp\ccuVLC9V.s 			page 42


 2298      74696D65 
 2298      72735F6C 
 2298      6973745F 
 2299              	.LASF65:
 2300 00e4 6E657874 		.ascii	"next\000"
 2300      00
 2301              	.LASF36:
 2302 00e9 72656673 		.ascii	"refs\000"
 2302      00
 2303              	.LASF22:
 2304 00ee 74726566 		.ascii	"trefs_t\000"
 2304      735F7400 
 2305              	.LASF1:
 2306 00f6 6C6F6E67 		.ascii	"long long int\000"
 2306      206C6F6E 
 2306      6720696E 
 2306      7400
 2307              	.LASF3:
 2308 0104 7369676E 		.ascii	"signed char\000"
 2308      65642063 
 2308      68617200 
 2309              	.LASF73:
 2310 0110 63685F64 		.ascii	"ch_delta_list\000"
 2310      656C7461 
 2310      5F6C6973 
 2310      7400
 2311              	.LASF47:
 2312 011e 76746C69 		.ascii	"vtlist\000"
 2312      737400
 2313              	.LASF141:
 2314 0125 706F7274 		.ascii	"port_unlock\000"
 2314      5F756E6C 
 2314      6F636B00 
 2315              	.LASF38:
 2316 0131 6D736771 		.ascii	"msgqueue\000"
 2316      75657565 
 2316      00
 2317              	.LASF34:
 2318 013a 73746174 		.ascii	"state\000"
 2318      6500
 2319              	.LASF9:
 2320 0140 6C6F6E67 		.ascii	"long int\000"
 2320      20696E74 
 2320      00
 2321              	.LASF125:
 2322 0149 63684D73 		.ascii	"chMsgSend\000"
 2322      6753656E 
 2322      6400
 2323              	.LASF21:
 2324 0153 74737461 		.ascii	"tstate_t\000"
 2324      74655F74 
 2324      00
 2325              	.LASF54:
 2326 015c 63685F72 		.ascii	"ch_rfcu\000"
 2326      66637500 
 2327              	.LASF147:
 2328 0164 443A5C30 		.ascii	"D:\\00a_liuhy\\temp126\\ChibiOS-Contrib\\demos\\ES3"
ARM GAS  C:\Users\PUBLIC~1.LAP\AppData\Local\Temp\ccuVLC9V.s 			page 43


 2328      30615F6C 
 2328      69756879 
 2328      5C74656D 
 2328      70313236 
 2329 0192 325C4653 		.ascii	"2\\FS026\000"
 2329      30323600 
 2330              	.LASF67:
 2331 019a 63685F71 		.ascii	"ch_queue\000"
 2331      75657565 
 2331      00
 2332              	.LASF90:
 2333 01a3 71756575 		.ascii	"queue\000"
 2333      6500
 2334              	.LASF72:
 2335 01a9 63685F64 		.ascii	"ch_delta_list_t\000"
 2335      656C7461 
 2335      5F6C6973 
 2335      745F7400 
 2336              	.LASF148:
 2337 01b9 5F5F7661 		.ascii	"__va_list\000"
 2337      5F6C6973 
 2337      7400
 2338              	.LASF89:
 2339 01c3 63685F72 		.ascii	"ch_registry\000"
 2339      65676973 
 2339      74727900 
 2340              	.LASF10:
 2341 01cf 5F5F7569 		.ascii	"__uint32_t\000"
 2341      6E743332 
 2341      5F7400
 2342              	.LASF33:
 2343 01da 7761656E 		.ascii	"waend\000"
 2343      6400
 2344              	.LASF121:
 2345 01e0 76656E65 		.ascii	"veneer\000"
 2345      657200
 2346              	.LASF123:
 2347 01e7 63616C6C 		.ascii	"call_message_t\000"
 2347      5F6D6573 
 2347      73616765 
 2347      5F7400
 2348              	.LASF37:
 2349 01f6 77616974 		.ascii	"waiting\000"
 2349      696E6700 
 2350              	.LASF46:
 2351 01fe 726C6973 		.ascii	"rlist\000"
 2351      7400
 2352              	.LASF109:
 2353 0204 6D61696E 		.ascii	"mainthread_base\000"
 2353      74687265 
 2353      61645F62 
 2353      61736500 
 2354              	.LASF114:
 2355 0214 6D757465 		.ascii	"mutex_t\000"
 2355      785F7400 
 2356              	.LASF62:
 2357 021c 73797369 		.ascii	"sysinterval_t\000"
ARM GAS  C:\Users\PUBLIC~1.LAP\AppData\Local\Temp\ccuVLC9V.s 			page 44


 2357      6E746572 
 2357      76616C5F 
 2357      7400
 2358              	.LASF26:
 2359 022a 636E745F 		.ascii	"cnt_t\000"
 2359      7400
 2360              	.LASF0:
 2361 0230 756E7369 		.ascii	"unsigned int\000"
 2361      676E6564 
 2361      20696E74 
 2361      00
 2362              	.LASF100:
 2363 023d 77747365 		.ascii	"wtsemp\000"
 2363      6D7000
 2364              	.LASF119:
 2365 0244 64656C65 		.ascii	"delegate_fn3_t\000"
 2365      67617465 
 2365      5F666E33 
 2365      5F7400
 2366              	.LASF11:
 2367 0253 6C6F6E67 		.ascii	"long unsigned int\000"
 2367      20756E73 
 2367      69676E65 
 2367      6420696E 
 2367      7400
 2368              	.LASF29:
 2369 0265 72717565 		.ascii	"rqueue\000"
 2369      756500
 2370              	.LASF66:
 2371 026c 63685F71 		.ascii	"ch_queue_t\000"
 2371      75657565 
 2371      5F7400
 2372              	.LASF136:
 2373 0277 63684D73 		.ascii	"chMsgGet\000"
 2373      67476574 
 2373      00
 2374              	.LASF129:
 2375 0280 74696D65 		.ascii	"timeout\000"
 2375      6F757400 
 2376              	.LASF31:
 2377 0288 6E616D65 		.ascii	"name\000"
 2377      00
 2378              	.LASF42:
 2379 028d 6D706F6F 		.ascii	"mpool\000"
 2379      6C00
 2380              	.LASF150:
 2381 0293 63684D73 		.ascii	"chMsgWaitS\000"
 2381      67576169 
 2381      745300
 2382              	.LASF6:
 2383 029e 73686F72 		.ascii	"short unsigned int\000"
 2383      7420756E 
 2383      7369676E 
 2383      65642069 
 2383      6E7400
 2384              	.LASF44:
 2385 02b1 63685F74 		.ascii	"ch_thread\000"
ARM GAS  C:\Users\PUBLIC~1.LAP\AppData\Local\Temp\ccuVLC9V.s 			page 45


 2385      68726561 
 2385      6400
 2386              	.LASF24:
 2387 02bb 6D73675F 		.ascii	"msg_t\000"
 2387      7400
 2388              	.LASF39:
 2389 02c1 6570656E 		.ascii	"epending\000"
 2389      64696E67 
 2389      00
 2390              	.LASF20:
 2391 02ca 746D6F64 		.ascii	"tmode_t\000"
 2391      655F7400 
 2392              	.LASF87:
 2393 02d2 73797374 		.ascii	"systime\000"
 2393      696D6500 
 2394              	.LASF64:
 2395 02da 63685F6C 		.ascii	"ch_list\000"
 2395      69737400 
 2396              	.LASF105:
 2397 02e2 63685F72 		.ascii	"ch_ready_list\000"
 2397      65616479 
 2397      5F6C6973 
 2397      7400
 2398              	.LASF25:
 2399 02f0 6576656E 		.ascii	"eventmask_t\000"
 2399      746D6173 
 2399      6B5F7400 
 2400              	.LASF8:
 2401 02fc 5F5F696E 		.ascii	"__int32_t\000"
 2401      7433325F 
 2401      7400
 2402              	.LASF78:
 2403 0306 53484946 		.ascii	"SHIFT_TAB_ICxx\000"
 2403      545F5441 
 2403      425F4943 
 2403      787800
 2404              	.LASF19:
 2405 0315 73746B61 		.ascii	"stkalign_t\000"
 2405      6C69676E 
 2405      5F7400
 2406              	.LASF111:
 2407 0320 69646C65 		.ascii	"idlethread_base\000"
 2407      74687265 
 2407      61645F62 
 2407      61736500 
 2408              	.LASF41:
 2409 0330 7265616C 		.ascii	"realprio\000"
 2409      7072696F 
 2409      00
 2410              	.LASF53:
 2411 0339 72666375 		.ascii	"rfcu_mask_t\000"
 2411      5F6D6173 
 2411      6B5F7400 
 2412              	.LASF92:
 2413 0345 74687265 		.ascii	"thread_reference_t\000"
 2413      61645F72 
 2413      65666572 
ARM GAS  C:\Users\PUBLIC~1.LAP\AppData\Local\Temp\ccuVLC9V.s 			page 46


 2413      656E6365 
 2413      5F7400
 2414              	.LASF85:
 2415 0358 63685F76 		.ascii	"ch_virtual_timers_list\000"
 2415      69727475 
 2415      616C5F74 
 2415      696D6572 
 2415      735F6C69 
 2416              	.LASF63:
 2417 036f 63685F6C 		.ascii	"ch_list_t\000"
 2417      6973745F 
 2417      7400
 2418              	.LASF118:
 2419 0379 64656C65 		.ascii	"delegate_fn2_t\000"
 2419      67617465 
 2419      5F666E32 
 2419      5F7400
 2420              	.LASF17:
 2421 0388 75696E74 		.ascii	"uint64_t\000"
 2421      36345F74 
 2421      00
 2422              	.LASF115:
 2423 0391 64656C65 		.ascii	"delegate_veneer_t\000"
 2423      67617465 
 2423      5F76656E 
 2423      6565725F 
 2423      7400
 2424              	.LASF127:
 2425 03a3 63684465 		.ascii	"chDelegateDispatchTimeout\000"
 2425      6C656761 
 2425      74654469 
 2425      73706174 
 2425      63685469 
 2426              	.LASF128:
 2427 03bd 63684465 		.ascii	"chDelegateCallVeneer\000"
 2427      6C656761 
 2427      74654361 
 2427      6C6C5665 
 2427      6E656572 
 2428              	.LASF84:
 2429 03d2 706F7274 		.ascii	"port_context\000"
 2429      5F636F6E 
 2429      74657874 
 2429      00
 2430              	.LASF71:
 2431 03df 7072696F 		.ascii	"prio\000"
 2431      00
 2432              	.LASF144:
 2433 03e4 5F5F656E 		.ascii	"__enable_irq\000"
 2433      61626C65 
 2433      5F697271 
 2433      00
 2434              	.LASF146:
 2435 03f1 443A5C30 		.ascii	"D:\\00a_liuhy\\temp126\\ChibiOS/os/oslib/src/chdele"
 2435      30615F6C 
 2435      69756879 
 2435      5C74656D 
ARM GAS  C:\Users\PUBLIC~1.LAP\AppData\Local\Temp\ccuVLC9V.s 			page 47


 2435      70313236 
 2436 0421 67617465 		.ascii	"gates.c\000"
 2436      732E6300 
 2437              	.LASF106:
 2438 0429 63757272 		.ascii	"current\000"
 2438      656E7400 
 2439              	.LASF12:
 2440 0431 5F5F7569 		.ascii	"__uint64_t\000"
 2440      6E743634 
 2440      5F7400
 2441              	.LASF79:
 2442 043c 53484946 		.ascii	"SHIFT_TAB_CCxP\000"
 2442      545F5441 
 2442      425F4343 
 2442      785000
 2443              	.LASF122:
 2444 044b 61726773 		.ascii	"argsp\000"
 2444      7000
 2445              	.LASF27:
 2446 0451 636F7265 		.ascii	"core_id_t\000"
 2446      5F69645F 
 2446      7400
 2447              	.LASF143:
 2448 045b 5F5F6469 		.ascii	"__disable_irq\000"
 2448      7361626C 
 2448      655F6972 
 2448      7100
 2449              	.LASF23:
 2450 0469 74707269 		.ascii	"tprio_t\000"
 2450      6F5F7400 
 2451              	.LASF76:
 2452 0471 4F464653 		.ascii	"OFFSET_TAB_CHMRx\000"
 2452      45545F54 
 2452      41425F43 
 2452      484D5278 
 2452      00
 2453              	.LASF57:
 2454 0482 63685F73 		.ascii	"ch_system_debug\000"
 2454      79737465 
 2454      6D5F6465 
 2454      62756700 
 2455              	.LASF75:
 2456 0492 5F426F6F 		.ascii	"_Bool\000"
 2456      6C00
 2457              	.LASF15:
 2458 0498 696E7433 		.ascii	"int32_t\000"
 2458      325F7400 
 2459              	.LASF4:
 2460 04a0 756E7369 		.ascii	"unsigned char\000"
 2460      676E6564 
 2460      20636861 
 2460      7200
 2461              	.LASF151:
 2462 04ae 63684465 		.ascii	"chDelegateDispatch\000"
 2462      6C656761 
 2462      74654469 
 2462      73706174 
ARM GAS  C:\Users\PUBLIC~1.LAP\AppData\Local\Temp\ccuVLC9V.s 			page 48


 2462      636800
 2463              	.LASF56:
 2464 04c1 72666375 		.ascii	"rfcu_t\000"
 2464      5F7400
 2465              	.LASF5:
 2466 04c8 73686F72 		.ascii	"short int\000"
 2466      7420696E 
 2466      7400
 2467              	.LASF102:
 2468 04d2 65776D61 		.ascii	"ewmask\000"
 2468      736B00
 2469              	.LASF139:
 2470 04d9 5F5F6675 		.ascii	"__func__\000"
 2470      6E635F5F 
 2470      00
 2471              	.LASF140:
 2472 04e2 63685379 		.ascii	"chSysLock\000"
 2472      734C6F63 
 2472      6B00
 2473              	.LASF117:
 2474 04ec 64656C65 		.ascii	"delegate_fn1_t\000"
 2474      67617465 
 2474      5F666E31 
 2474      5F7400
 2475              	.LASF126:
 2476 04fb 63684D73 		.ascii	"chMsgRelease\000"
 2476      6752656C 
 2476      65617365 
 2476      00
 2477              	.LASF103:
 2478 0508 63685F73 		.ascii	"ch_semaphore\000"
 2478      656D6170 
 2478      686F7265 
 2478      00
 2479              	.LASF91:
 2480 0515 72656769 		.ascii	"registry_t\000"
 2480      73747279 
 2480      5F7400
 2481              	.LASF81:
 2482 0520 5F5F676E 		.ascii	"__gnuc_va_list\000"
 2482      75635F76 
 2482      615F6C69 
 2482      737400
 2483              	.LASF101:
 2484 052f 77746D74 		.ascii	"wtmtxp\000"
 2484      787000
 2485              	.LASF18:
 2486 0536 706F7274 		.ascii	"port_stkalign_t\000"
 2486      5F73746B 
 2486      616C6967 
 2486      6E5F7400 
 2487              	.LASF30:
 2488 0546 6F776E65 		.ascii	"owner\000"
 2488      7200
 2489              	.LASF2:
 2490 054c 6C6F6E67 		.ascii	"long double\000"
 2490      20646F75 
ARM GAS  C:\Users\PUBLIC~1.LAP\AppData\Local\Temp\ccuVLC9V.s 			page 49


 2490      626C6500 
 2491              	.LASF32:
 2492 0558 77616261 		.ascii	"wabase\000"
 2492      736500
 2493              	.LASF59:
 2494 055f 63686172 		.ascii	"char\000"
 2494      00
 2495              	.LASF51:
 2496 0564 636F6E66 		.ascii	"config\000"
 2496      696700
 2497              	.LASF145:
 2498 056b 474E5520 		.ascii	"GNU C17 12.2.0 -mcpu=cortex-m0 -mthumb -mfloat-abi="
 2498      43313720 
 2498      31322E32 
 2498      2E30202D 
 2498      6D637075 
 2499 059e 736F6674 		.ascii	"soft -march=armv6s-m -ggdb -Os -fomit-frame-pointer"
 2499      202D6D61 
 2499      7263683D 
 2499      61726D76 
 2499      36732D6D 
 2500 05d1 202D6661 		.ascii	" -falign-functions=16 -ffunction-sections -fdata-se"
 2500      6C69676E 
 2500      2D66756E 
 2500      6374696F 
 2500      6E733D31 
 2501 0604 6374696F 		.ascii	"ctions -fno-common -flto\000"
 2501      6E73202D 
 2501      666E6F2D 
 2501      636F6D6D 
 2501      6F6E202D 
 2502              	.LASF28:
 2503 061d 74687265 		.ascii	"thread_t\000"
 2503      61645F74 
 2503      00
 2504              	.LASF86:
 2505 0626 646C6973 		.ascii	"dlist\000"
 2505      7400
 2506              	.LASF61:
 2507 062c 73797374 		.ascii	"systime_t\000"
 2507      696D655F 
 2507      7400
 2508              	.LASF14:
 2509 0636 75696E74 		.ascii	"uint8_t\000"
 2509      385F7400 
 2510              	.LASF77:
 2511 063e 53484946 		.ascii	"SHIFT_TAB_OCxx\000"
 2511      545F5441 
 2511      425F4F43 
 2511      787800
 2512              	.LASF58:
 2513 064d 70616E69 		.ascii	"panic_msg\000"
 2513      635F6D73 
 2513      6700
 2514              	.LASF94:
 2515 0657 70717565 		.ascii	"pqueue\000"
 2515      756500
ARM GAS  C:\Users\PUBLIC~1.LAP\AppData\Local\Temp\ccuVLC9V.s 			page 50


 2516              	.LASF45:
 2517 065e 63685F6F 		.ascii	"ch_os_instance\000"
 2517      735F696E 
 2517      7374616E 
 2517      636500
 2518              	.LASF43:
 2519 066d 6F735F69 		.ascii	"os_instance_t\000"
 2519      6E737461 
 2519      6E63655F 
 2519      7400
 2520              	.LASF48:
 2521 067b 7265676C 		.ascii	"reglist\000"
 2521      69737400 
 2522              	.LASF149:
 2523 0683 5F5F6170 		.ascii	"__ap\000"
 2523      00
 2524              	.LASF70:
 2525 0688 63685F70 		.ascii	"ch_priority_queue\000"
 2525      72696F72 
 2525      6974795F 
 2525      71756575 
 2525      6500
 2526              	.LASF80:
 2527 069a 53484946 		.ascii	"SHIFT_TAB_OISx\000"
 2527      545F5441 
 2527      425F4F49 
 2527      537800
 2528              	.LASF110:
 2529 06a9 6D61696E 		.ascii	"mainthread_end\000"
 2529      74687265 
 2529      61645F65 
 2529      6E6400
 2530              	.LASF138:
 2531 06b8 63684D73 		.ascii	"chMsgWait\000"
 2531      67576169 
 2531      7400
 2532              	.LASF16:
 2533 06c2 75696E74 		.ascii	"uint32_t\000"
 2533      33325F74 
 2533      00
 2534              	.LASF113:
 2535 06cb 6F735F69 		.ascii	"os_instance_config_t\000"
 2535      6E737461 
 2535      6E63655F 
 2535      636F6E66 
 2535      69675F74 
 2536              	.LASF104:
 2537 06e0 63685F6D 		.ascii	"ch_mutex\000"
 2537      75746578 
 2537      00
 2538              	.LASF55:
 2539 06e9 6D61736B 		.ascii	"mask\000"
 2539      00
 2540              	.LASF116:
 2541 06ee 64656C65 		.ascii	"delegate_fn0_t\000"
 2541      67617465 
 2541      5F666E30 
ARM GAS  C:\Users\PUBLIC~1.LAP\AppData\Local\Temp\ccuVLC9V.s 			page 51


 2541      5F7400
 2542              	.LASF135:
 2543 06fd 5F5F6368 		.ascii	"__ch_delegate_fn0\000"
 2543      5F64656C 
 2543      65676174 
 2543      655F666E 
 2543      3000
 2544              	.LASF134:
 2545 070f 5F5F6368 		.ascii	"__ch_delegate_fn1\000"
 2545      5F64656C 
 2545      65676174 
 2545      655F666E 
 2545      3100
 2546              	.LASF133:
 2547 0721 5F5F6368 		.ascii	"__ch_delegate_fn2\000"
 2547      5F64656C 
 2547      65676174 
 2547      655F666E 
 2547      3200
 2548              	.LASF132:
 2549 0733 5F5F6368 		.ascii	"__ch_delegate_fn3\000"
 2549      5F64656C 
 2549      65676174 
 2549      655F666E 
 2549      3300
 2550              	.LASF131:
 2551 0745 5F5F6368 		.ascii	"__ch_delegate_fn4\000"
 2551      5F64656C 
 2551      65676174 
 2551      655F666E 
 2551      3400
 2552              	.LASF35:
 2553 0757 666C6167 		.ascii	"flags\000"
 2553      7300
 2554              	.LASF97:
 2555 075d 77746F62 		.ascii	"wtobjp\000"
 2555      6A7000
 2556              	.LASF120:
 2557 0764 64656C65 		.ascii	"delegate_fn4_t\000"
 2557      67617465 
 2557      5F666E34 
 2557      5F7400
 2558              	.LASF137:
 2559 0773 63684D73 		.ascii	"chMsgWaitTimeout\000"
 2559      67576169 
 2559      7454696D 
 2559      656F7574 
 2559      00
 2560              	.LASF152:
 2561 0784 63685379 		.ascii	"chSysUnlock\000"
 2561      73556E6C 
 2561      6F636B00 
 2562              	.LASF93:
 2563 0790 6C697374 		.ascii	"list\000"
 2563      00
 2564              	.LASF130:
 2565 0795 61726773 		.ascii	"args\000"
ARM GAS  C:\Users\PUBLIC~1.LAP\AppData\Local\Temp\ccuVLC9V.s 			page 52


 2565      00
 2566              	.LASF142:
 2567 079a 706F7274 		.ascii	"port_lock\000"
 2567      5F6C6F63 
 2567      6B00
 2568              	.LASF112:
 2569 07a4 69646C65 		.ascii	"idlethread_end\000"
 2569      74687265 
 2569      61645F65 
 2569      6E6400
 2570              	.LASF40:
 2571 07b3 6D74786C 		.ascii	"mtxlist\000"
 2571      69737400 
 2572              		.section	.gnu.debuglto_.debug_line_str,"eMS",%progbits,1
 2573              	.LASF166:
 2574 0000 5F646566 		.ascii	"_default_types.h\000"
 2574      61756C74 
 2574      5F747970 
 2574      65732E68 
 2574      00
 2575              	.LASF164:
 2576 0011 643A5C71 		.ascii	"d:\\qmk_msys\\mingw64\\lib\\gcc\\arm-none-eabi\\12."
 2576      6D6B5F6D 
 2576      7379735C 
 2576      6D696E67 
 2576      7736345C 
 2577 003e 322E305C 		.ascii	"2.0\\include\000"
 2577      696E636C 
 2577      75646500 
 2578              	.LASF155:
 2579 004a 443A5C30 		.ascii	"D:\\00a_liuhy\\temp126\\ChibiOS/os/common/ext/ARM/C"
 2579      30615F6C 
 2579      69756879 
 2579      5C74656D 
 2579      70313236 
 2580 007a 4D534953 		.ascii	"MSIS/Core/Include\000"
 2580      2F436F72 
 2580      652F496E 
 2580      636C7564 
 2580      6500
 2581              	.LASF175:
 2582 008c 6D645F74 		.ascii	"md_timer.h\000"
 2582      696D6572 
 2582      2E6800
 2583              	.LASF162:
 2584 0097 643A5C71 		.ascii	"d:\\qmk_msys\\mingw64\\arm-none-eabi\\include\\sys\000"
 2584      6D6B5F6D 
 2584      7379735C 
 2584      6D696E67 
 2584      7736345C 
 2585              	.LASF156:
 2586 00c5 443A5C30 		.ascii	"D:\\00a_liuhy\\temp126\\ChibiOS/os/common/ports/ARM"
 2586      30615F6C 
 2586      69756879 
 2586      5C74656D 
 2586      70313236 
 2587 00f5 2D636F6D 		.ascii	"-common\000"
ARM GAS  C:\Users\PUBLIC~1.LAP\AppData\Local\Temp\ccuVLC9V.s 			page 53


 2587      6D6F6E00 
 2588              	.LASF160:
 2589 00fd 443A5C30 		.ascii	"D:\\00a_liuhy\\temp126\\ChibiOS/os/rt/include\000"
 2589      30615F6C 
 2589      69756879 
 2589      5C74656D 
 2589      70313236 
 2590              	.LASF179:
 2591 0128 63687365 		.ascii	"chsem.h\000"
 2591      6D2E6800 
 2592              	.LASF157:
 2593 0130 443A5C30 		.ascii	"D:\\00a_liuhy\\temp126\\ChibiOS/os/common/ports/ARM"
 2593      30615F6C 
 2593      69756879 
 2593      5C74656D 
 2593      70313236 
 2594 0160 76362D4D 		.ascii	"v6-M\000"
 2594      00
 2595              	.LASF159:
 2596 0165 443A5C30 		.ascii	"D:\\00a_liuhy\\temp126\\ChibiOS/os/oslib/src\000"
 2596      30615F6C 
 2596      69756879 
 2596      5C74656D 
 2596      70313236 
 2597              	.LASF180:
 2598 018f 63686D74 		.ascii	"chmtx.h\000"
 2598      782E6800 
 2599              	.LASF165:
 2600 0197 443A5C30 		.ascii	"D:\\00a_liuhy\\temp126\\ChibiOS/os/oslib/src/chdele"
 2600      30615F6C 
 2600      69756879 
 2600      5C74656D 
 2600      70313236 
 2601 01c7 67617465 		.ascii	"gates.c\000"
 2601      732E6300 
 2602              	.LASF173:
 2603 01cf 63687469 		.ascii	"chtime.h\000"
 2603      6D652E68 
 2603      00
 2604              	.LASF186:
 2605 01d8 3C627569 		.ascii	"<built-in>\000"
 2605      6C742D69 
 2605      6E3E00
 2606              	.LASF178:
 2607 01e3 6368636F 		.ascii	"chcore.h\000"
 2607      72652E68 
 2607      00
 2608              	.LASF168:
 2609 01ec 63687479 		.ascii	"chtypes.h\000"
 2609      7065732E 
 2609      6800
 2610              	.LASF167:
 2611 01f6 5F737464 		.ascii	"_stdint.h\000"
 2611      696E742E 
 2611      6800
 2612              	.LASF176:
 2613 0200 73746461 		.ascii	"stdarg.h\000"
ARM GAS  C:\Users\PUBLIC~1.LAP\AppData\Local\Temp\ccuVLC9V.s 			page 54


 2613      72672E68 
 2613      00
 2614              	.LASF177:
 2615 0209 73746469 		.ascii	"stdio.h\000"
 2615      6F2E6800 
 2616              	.LASF158:
 2617 0211 443A5C30 		.ascii	"D:\\00a_liuhy\\temp126\\ChibiOS/os/oslib/include\000"
 2617      30615F6C 
 2617      69756879 
 2617      5C74656D 
 2617      70313236 
 2618              	.LASF174:
 2619 023f 63686C69 		.ascii	"chlists.h\000"
 2619      7374732E 
 2619      6800
 2620              	.LASF181:
 2621 0249 63686465 		.ascii	"chdelegates.h\000"
 2621      6C656761 
 2621      7465732E 
 2621      6800
 2622              	.LASF161:
 2623 0257 643A5C71 		.ascii	"d:\\qmk_msys\\mingw64\\arm-none-eabi\\include\\mach"
 2623      6D6B5F6D 
 2623      7379735C 
 2623      6D696E67 
 2623      7736345C 
 2624 0285 696E6500 		.ascii	"ine\000"
 2625              	.LASF170:
 2626 0289 63686F62 		.ascii	"chobjects.h\000"
 2626      6A656374 
 2626      732E6800 
 2627              	.LASF163:
 2628 0295 643A5C71 		.ascii	"d:\\qmk_msys\\mingw64\\arm-none-eabi\\include\000"
 2628      6D6B5F6D 
 2628      7379735C 
 2628      6D696E67 
 2628      7736345C 
 2629              	.LASF171:
 2630 02bf 63687266 		.ascii	"chrfcu.h\000"
 2630      63752E68 
 2630      00
 2631              	.LASF183:
 2632 02c8 63686D73 		.ascii	"chmsg.h\000"
 2632      672E6800 
 2633              	.LASF184:
 2634 02d0 63687379 		.ascii	"chsys.h\000"
 2634      732E6800 
 2635              	.LASF153:
 2636 02d8 443A5C30 		.ascii	"D:\\00a_liuhy\\temp126\\ChibiOS-Contrib\\demos\\ES3"
 2636      30615F6C 
 2636      69756879 
 2636      5C74656D 
 2636      70313236 
 2637 0306 325C4653 		.ascii	"2\\FS026\000"
 2637      30323600 
 2638              	.LASF185:
 2639 030e 636D7369 		.ascii	"cmsis_gcc.h\000"
ARM GAS  C:\Users\PUBLIC~1.LAP\AppData\Local\Temp\ccuVLC9V.s 			page 55


 2639      735F6763 
 2639      632E6800 
 2640              	.LASF182:
 2641 031a 63686465 		.ascii	"chdelegates.c\000"
 2641      6C656761 
 2641      7465732E 
 2641      6300
 2642              	.LASF169:
 2643 0328 63686561 		.ascii	"chearly.h\000"
 2643      726C792E 
 2643      6800
 2644              	.LASF172:
 2645 0332 63686465 		.ascii	"chdebug.h\000"
 2645      6275672E 
 2645      6800
 2646              	.LASF154:
 2647 033c 443A5C30 		.ascii	"D:\\00a_liuhy\\temp126\\ChibiOS-Contrib/os/common/e"
 2647      30615F6C 
 2647      69756879 
 2647      5C74656D 
 2647      70313236 
 2648 036c 78742F43 		.ascii	"xt/CMSIS/ES32/FS026/md\000"
 2648      4D534953 
 2648      2F455333 
 2648      322F4653 
 2648      3032362F 
 2649              		.text
 2650              		.section	.gnu.lto_.profile.840cbe4c,"e",%progbits
 2651 0000 28B52FFD 		.ascii	"(\265/\375 \024\241\000\000\020\000\000\000\000\007"
 2651      2014A100 
 2651      00100000 
 2651      000007
 2652 000f 02000300 		.ascii	"\002\000\003\000\004\000\005\000\006\000\010\000\011"
 2652      04000500 
 2652      06000800 
 2652      09
 2653 001c 00       		.ascii	"\000"
 2654              		.text
 2655              		.section	.gnu.lto_.icf.840cbe4c,"e",%progbits
 2656 0000 28B52FFD 		.ascii	"(\265/\375 |}\003\000T\006p\000\012\000\342\220\276"
 2656      207C7D03 
 2656      00540670 
 2656      000A00E2 
 2656      90BE
 2657 0012 80010001 		.ascii	"\200\001\000\001\310\272\261\256\004\000\002\333\270"
 2657      C8BAB1AE 
 2657      040002DB 
 2657      B8
 2658 001f D19E0A00 		.ascii	"\321\236\012\000\003\330\343\323\373\012\000\004\251"
 2658      03D8E3D3 
 2658      FB0A0004 
 2658      A9
 2659 002c D5B6C907 		.ascii	"\325\266\311\007\000\005\204\306\345\220\016\000\006"
 2659      000584C6 
 2659      E5900E00 
 2659      06
 2660 0039 8188A4D6 		.ascii	"\201\210\244\326\014\000\007\343\302\274\222\003\010"
ARM GAS  C:\Users\PUBLIC~1.LAP\AppData\Local\Temp\ccuVLC9V.s 			page 56


 2660      0C0007E3 
 2660      C2BC9203 
 2660      08
 2661 0046 02000201 		.ascii	"\002\000\002\001\002\002\002\001\002\003\002\003\002"
 2661      02020201 
 2661      02030203 
 2661      02
 2662 0053 01020108 		.ascii	"\001\002\001\010\353\265\240\322\016\006\002\004\002"
 2662      EBB5A0D2 
 2662      0E060204 
 2662      02
 2663 0060 05020002 		.ascii	"\005\002\000\002\006\002\002\002\006\011\355\211\261"
 2663      06020202 
 2663      0609ED89 
 2663      B1
 2664 006d 970F0002 		.ascii	"\227\017\000\002\000\242\315\0237\200\005"
 2664      00A2CD13 
 2664      378005
 2665              		.text
 2666              		.section	.gnu.lto_.ipa_sra.840cbe4c,"e",%progbits
 2667 0000 28B52FFD 		.ascii	"(\265/\375 g\375\001\000$\002[\000\011\000\000\003\000"
 2667      2067FD01 
 2667      0024025B 
 2667      00090000 
 2667      0300
 2668 0012 02010100 		.ascii	"\002\001\001\000\000\000\001\003\002\002\003\004\005"
 2668      00000103 
 2668      02020304 
 2668      05
 2669 001f 06080001 		.ascii	"\006\010\000\001\000\011\001\003\000\001\000\000\000"
 2669      00090103 
 2669      00010000 
 2669      00
 2670 002c 000C0048 		.ascii	"\000\014\000H\020J\211;\325%@\016\020\006HX\002@\\\316"
 2670      104A893B 
 2670      D525400E 
 2670      10064858 
 2670      02405CCE 
 2671 0040 08300353 		.ascii	"\0100\003S\271\177\003X"
 2671      B97F0358 
 2672              		.text
 2673              		.section	.gnu.lto_.inline.840cbe4c,"e",%progbits
 2674 0000 28B52FFD 		.ascii	"(\265/\375`\030\001\235\006\000\202I\036%\220)\351?"
 2674      6018019D 
 2674      06008249 
 2674      1E259029 
 2674      E93F
 2675 0012 D7DEF79F 		.ascii	"\327\336\367\237J\200\352S\253\300\255\000\311~\264"
 2675      4A80EA53 
 2675      ABC0AD00 
 2675      C97EB4
 2676 0021 627ED0FF 		.ascii	"b~\320\377\377\037\370\242\342\237\264\326Zk\215\220"
 2676      FF1FF8A2 
 2676      E29FB4D6 
 2676      5A6B8D90 
 2677 0031 BD5317F2 		.ascii	"\275S\027\362\241p,\242\213%2\241\206\244\\\371x\310"
 2677      A1702CA2 
ARM GAS  C:\Users\PUBLIC~1.LAP\AppData\Local\Temp\ccuVLC9V.s 			page 57


 2677      8B2532A1 
 2677      86A45CF9 
 2677      78C8
 2678 0043 4ADBE9A7 		.ascii	"J\333\351\247-\000\303\361j\265\346\354\036\373\007"
 2678      2D00C3F1 
 2678      6AB5E6EC 
 2678      1EFB07
 2679 0052 8F74B37B 		.ascii	"\217t\263{\224#i\033\315\354\336\356\011\032H[h\366"
 2679      9423691B 
 2679      CDECDEEE 
 2679      091A485B 
 2679      68F6
 2680 0064 01A6B1FE 		.ascii	"\001\246\261\376'\206h\233xF\356\036\216\267U=\343\343"
 2680      2786689B 
 2680      7846EE1E 
 2680      8EB7553D 
 2680      E3E3
 2681 0076 529ECD13 		.ascii	"R\236\315\023\262mY>\032\026\245\255\363\321\331\002"
 2681      B26D593E 
 2681      1A16A5AD 
 2681      F3D1D902 
 2682 0086 24206002 		.ascii	"$ `\002\231Af\007\305\005\255\012p\276\000\231\0218"
 2682      99416607 
 2682      C505AD0A 
 2682      70BE0099 
 2682      1138
 2683 0098 980E0EBA 		.ascii	"\230\016\016\272>\":\000\243\3465\230\362\371\021^\300"
 2683      3E223A00 
 2683      A3E63598 
 2683      F2F9115E 
 2683      C0
 2684 00a9 24BDCADA 		.ascii	"$\275\312\332\000\022\033\354\254\254\225\355\001\212"
 2684      00121BEC 
 2684      ACAC95ED 
 2684      018A
 2685 00b7 584D2248 		.ascii	"XM\"H\304\302\024\271o\013\213\273F\263@\315\012\307"
 2685      C4C214B9 
 2685      6F0B8BBB 
 2685      46B340CD 
 2685      0AC7
 2686 00c9 ABDD1A22 		.ascii	"\253\335\032\"\203\316\325\272\260u\270\0119N.\206\215"
 2686      83CED5BA 
 2686      B075B809 
 2686      394E2E86 
 2686      8D
 2687 00da 515C37   		.ascii	"Q\\7"
 2688              		.text
 2689              		.section	.gnu.lto_.jmpfuncs.840cbe4c,"e",%progbits
 2690 0000 28B52FFD 		.ascii	"(\265/\375`\315\000\365\004\000\322\306\024\035\260"
 2690      60CD00F5 
 2690      0400D2C6 
 2690      141DB0
 2691 000f 25E980C3 		.ascii	"%\351\200\3030U\250ny\030\362\302<\030\206\025\226\205"
 2691      3055A86E 
 2691      7918F2C2 
 2691      3C188615 
 2691      9685
ARM GAS  C:\Users\PUBLIC~1.LAP\AppData\Local\Temp\ccuVLC9V.s 			page 58


 2692 0021 8E806C6B 		.ascii	"\216\200lkd\267Md\222\001<v\034+iG\032\344\340n\370"
 2692      64B74D64 
 2692      92013C76 
 2692      1C2B6947 
 2692      1AE4E06E 
 2693 0036 C21FE6A6 		.ascii	"\302\037\346\246\312\004B\352\221\352\211\243V\364\300"
 2693      CA0442EA 
 2693      91EA89A3 
 2693      56F4C0
 2694 0045 D7185505 		.ascii	"\327\030U\005\3211Z\3131\032\265\362\245\340\356nJ8"
 2694      D1315ACB 
 2694      311AB5F2 
 2694      A5E0EE6E 
 2694      4A38
 2695 0057 259334AA 		.ascii	"%\2234\252\351\375\001\034\021\036\000T\021\200\\\037"
 2695      E9FD011C 
 2695      111E0054 
 2695      11805C1F 
 2696 0067 6CBD606E 		.ascii	"l\275`n\341\011j\200\230M!6\000\3412e4O\271\0043\270"
 2696      E1096A80 
 2696      984D2136 
 2696      00E13265 
 2696      344FB904 
 2697 007d 3E835437 		.ascii	">\203T7P[\272W\033NZ`'cLW\362\012\210\000\354\242\222"
 2697      505BBA57 
 2697      1B4E5A60 
 2697      27634C57 
 2697      F20A8800 
 2698 0094 03800318 		.ascii	"\003\200\003\030\003\331\000g9\307+j\013\267\314\263"
 2698      03D90067 
 2698      39C72B6A 
 2698      0BB7CCB3 
 2699 00a4 845B8021 		.ascii	"\204[\200!"
 2700              		.text
 2701              		.section	.gnu.lto_.pureconst.840cbe4c,"e",%progbits
 2702 0000 28B52FFD 		.ascii	"(\265/\375 #\031\001\000\037\000\000\000\012\000\272"
 2702      20231901 
 2702      001F0000 
 2702      000A00BA 
 2703 0010 0101BA01 		.ascii	"\001\001\272\001\002\272\004\003\272\004\004\272\004"
 2703      02BA0403 
 2703      BA0404BA 
 2703      04
 2704 001d 05BA0406 		.ascii	"\005\272\004\006\272\004\007\230\004\010\231\004\011"
 2704      BA040798 
 2704      04089904 
 2704      09
 2705 002a 9904     		.ascii	"\231\004"
 2706              		.text
 2707              		.section	.gnu.lto_.ipa_modref.840cbe4c,"e",%progbits
 2708 0000 28B52FFD 		.ascii	"(\265/\375 Z\305\001\000\204\002H\000\000\000\006\000"
 2708      205AC501 
 2708      00840248 
 2708      00000006 
 2708      00
 2709 0011 03070030 		.ascii	"\003\007\0000\010\002\002\012\000\001\002\013\001\000"
 2709      0802020A 
ARM GAS  C:\Users\PUBLIC~1.LAP\AppData\Local\Temp\ccuVLC9V.s 			page 59


 2709      0001020B 
 2709      0100
 2710 001f 020C0002 		.ascii	"\002\014\000\002\002\015\001\000\002\016\001\000\011"
 2710      020D0100 
 2710      020E0100 
 2710      09
 2711 002c 00052E63 		.ascii	"\000\005.cO \000\005\000A\035\266\223\331\312\302\300"
 2711      4F200005 
 2711      00411DB6 
 2711      93D9CAC2 
 2711      C0
 2712 003d 0D0C1401 		.ascii	"\015\014\024\001"
 2713              		.text
 2714              		.section	.gnu.lto_.lto.840cbe4c,"e",%progbits
 2715 0000 0C000000 		.ascii	"\014\000\000\000\001\000\001\000"
 2715      01000100 
 2716              		.text
 2717              		.section	.gnu.lto_chMsgWait.2857.840cbe4c,"e",%progbits
 2718 0000 28B52FFD 		.ascii	"(\265/\375`\275\002=\024\0006#\205J\300RRcP({<\212\000"
 2718      60BD023D 
 2718      14003623 
 2718      854AC052 
 2718      52635028 
 2719 0018 B62202FC 		.ascii	"\266\"\002\374\372\362\346\215\000CE\010\341Y\250\310"
 2719      FAF2E68D 
 2719      00434508 
 2719      E159A8C8 
 2720 0028 0C405662 		.ascii	"\014@Vb[\023>\306\307\206\304\002\257\326\255\263\271"
 2720      5B133EC6 
 2720      C786C402 
 2720      AFD6ADB3 
 2720      B9
 2721 0039 5EF67033 		.ascii	"^\366p3N\362_\2611\300BXE\272x\011\266\344\267\211\262"
 2721      4EF25FB1 
 2721      31C04258 
 2721      45BA7809 
 2721      B6E4B789 
 2722 004e B5D855D1 		.ascii	"\265\330U\321o\204\273m\231Ri\000m\000x\000n\331XZ\341"
 2722      6F84BB6D 
 2722      99526900 
 2722      6D007800 
 2722      6ED9585A 
 2723 0063 CBDDC833 		.ascii	"\313\335\3103\035D\367^\330G\377h\306\206}\2646\215"
 2723      1D44F75E 
 2723      D847FF68 
 2723      C6867DB4 
 2723      368D
 2724 0075 5F649888 		.ascii	"_d\230\210\225\203\003u\257\032\022\000@\000\301\350"
 2724      95830375 
 2724      AF1A1200 
 2724      4000C1E8 
 2725 0085 716F30C1 		.ascii	"qo0\301G\323^\037\375\027'\242\261\256\302\215\313\251"
 2725      47D35E1F 
 2725      FD1727A2 
 2725      B1AEC28D 
 2725      CBA9
 2726 0097 17C5F4E3 		.ascii	"\027\305\364\343\336 \031\373\200\326G\326\005\264>"
ARM GAS  C:\Users\PUBLIC~1.LAP\AppData\Local\Temp\ccuVLC9V.s 			page 60


 2726      DE2019FB 
 2726      80D647D6 
 2726      05B43E
 2727 00a6 8A29AEBB 		.ascii	"\212)\256\273\325\371/:\313\205\257\012\247Ws\353\222"
 2727      D5F92F3A 
 2727      CB85AF0A 
 2727      A75773EB 
 2727      92
 2728 00b7 70EFB5C5 		.ascii	"p\357\265\305\351\345\334\342m\037\260\257\300\266-"
 2728      E9E5DCE2 
 2728      6D1FB0AF 
 2728      C0B62D
 2729 00c6 012435F6 		.ascii	"\001$5\366\312\017>Dx\224\364\243\020\022\371\204\242"
 2729      CA0F3E44 
 2729      7894F4A3 
 2729      1012F984 
 2729      A2
 2730 00d7 8490FE1D 		.ascii	"\204\220\376\035\037\237\316\320\360i\370\035\236\033"
 2730      1F9FCED0 
 2730      F069F81D 
 2730      9E1B
 2731 00e5 BCDFD0A5 		.ascii	"\274\337\320\245s\247\236\324\265Vv\320\306\212A\366"
 2731      73A79ED4 
 2731      B55676D0 
 2731      C68A41F6 
 2732 00f5 595704B2 		.ascii	"YW\004\262\017\274\305V\200\035@Z\364@P\021\274#\256"
 2732      0FBCC556 
 2732      801D405A 
 2732      F4405011 
 2732      BC23AE
 2733 0108 825C1CE3 		.ascii	"\202\\\034\343\014\026\007\376\366}\2457\341\316d\027"
 2733      0C1607FE 
 2733      F67DA537 
 2733      E1CE6417 
 2734 0118 55D3862F 		.ascii	"U\323\206/\271\345\303f\275\221\327\235O\011g?h\303"
 2734      B9E5C366 
 2734      BD91D79D 
 2734      4F09673F 
 2734      68C3
 2735 012a 3CF324BB 		.ascii	"<\363$\273x\334\360:\034)(,4\006\263Zj\336Xr'\016\215"
 2735      78DCF03A 
 2735      1C29282C 
 2735      3406B35A 
 2735      6ADE5872 
 2736 0141 69712929 		.ascii	"iq))ay@\301$\270;\353\212@\242x\362\263\023w~\321\013"
 2736      617940C1 
 2736      24B83BEB 
 2736      8A40A278 
 2736      F2B31377 
 2737 0158 C808210C 		.ascii	"\310\010!\014jz\210\320\004S\016\215%$\235\241!\201"
 2737      6A7A88D0 
 2737      04530E8D 
 2737      25249DA1 
 2737      2181
 2738 016a 1A522487 		.ascii	"\032R$\207:2\320#$5\002\345\363\235\036\036\336oxB\024"
 2738      3A32D023 
 2738      243502E5 
ARM GAS  C:\Users\PUBLIC~1.LAP\AppData\Local\Temp\ccuVLC9V.s 			page 61


 2738      F39D1E1E 
 2738      DE6F7842 
 2739 017f 0F7C6C67 		.ascii	"\017|lg\255\014\263\266\206\324\036G\024g?6\342u\216"
 2739      AD0CB3B6 
 2739      86D41E47 
 2739      14673F36 
 2739      E2758E
 2740 0192 1822A644 		.ascii	"\030\"\246D\236\252~OT\274\337\324\235l\207\250\257"
 2740      9EAA7E4F 
 2740      54BCDFD4 
 2740      9D6C87A8 
 2740      AF
 2741 01a3 0FD687E0 		.ascii	"\017\326\207\340\243-\341\333\001Fcf\316\246\246f\352"
 2741      A32DE1DB 
 2741      01466366 
 2741      CEA6A666 
 2741      EA
 2742 01b4 321A7B41 		.ascii	"2\032{A\327Z\371\362)+K\230\226\025]\323\024\322\264"
 2742      D75AF9F2 
 2742      292B4B98 
 2742      96155DD3 
 2742      14D2B4
 2743 01c7 A928E44A 		.ascii	"\251(\344J\312\212\012\012y\363`Z\360)3mjy\226\244\312"
 2743      CA8A0A0A 
 2743      79F3605A 
 2743      F029336D 
 2743      6A7996A4 
 2744 01dc 021A0715 		.ascii	"\002\032\007\025\014\023\310\365fSk\244\214\232\246"
 2744      0C13C8F5 
 2744      66536BA4 
 2744      8C9AA6
 2745 01eb 6A19C1A7 		.ascii	"j\031\301\247l\315\2553\332\211\213I\203\262\224\225"
 2745      6CCDAD33 
 2745      DA898B49 
 2745      83B29495 
 2746 01fb B2D5BCB9 		.ascii	"\262\325\274\271\300\2301\346\313Y\216\324n\326\247"
 2746      C09831E6 
 2746      CB598ED4 
 2746      6ED6A7
 2747 020a 0C664DCF 		.ascii	"\014fM\317\2224_p1\245\014J\336l\344\252\222+\027\320"
 2747      92345F70 
 2747      31A50C4A 
 2747      DE6CE4AA 
 2747      922B17D0 
 2748 021e 0CE81932 		.ascii	"\014\350\0312 \260\002\241\"\253\003\223\306\310\205"
 2748      20B002A1 
 2748      22AB0393 
 2748      C6C885
 2749 022d 3EF0604C 		.ascii	">\360`L\210\322]\342\346 -\214\010{c\222\265.\262*\273"
 2749      88D25DE2 
 2749      E6202D8C 
 2749      087B6392 
 2749      B52EB22A 
 2750 0242 0FBB1F23 		.ascii	"\017\273\037#\206[\330F -\310\027\006\325}\214y\204"
 2750      865BD846 
 2750      202DC817 
 2750      06D57D8C 
ARM GAS  C:\Users\PUBLIC~1.LAP\AppData\Local\Temp\ccuVLC9V.s 			page 62


 2750      7984
 2751 0254 369119E0 		.ascii	"6\221\031\340\317\232ks/\343\015S-g\207\370*\307]wp"
 2751      CF9A6B73 
 2751      2FE30D53 
 2751      2D6787F8 
 2751      2AC75D77 
 2752 0269 0C9CCDF1 		.ascii	"\014\234\315\361!\260\205\313\232\321\014\257\233\367"
 2752      21B085CB 
 2752      9AD10CAF 
 2752      9BF7
 2753 0277 42FE09ED 		.ascii	"B\376\011\355\265\206b\\\2140B\344\0165 G\001\371!\254"
 2753      B586625C 
 2753      8C3042E4 
 2753      0E352047 
 2753      01F921AC 
 2754 028b 5AF01553 		.ascii	"Z\360\025S+\310"
 2754      2BC8
 2755              		.text
 2756              		.section	.gnu.lto_chMsgWaitTimeout.2858.840cbe4c,"e",%progbits
 2757 0000 28B52FFD 		.ascii	"(\265/\375`\355\002}\025\000ff\217M\240\020\326t\220"
 2757      60ED027D 
 2757      15006666 
 2757      8F4DA010 
 2757      D67490
 2758 0013 270EB408 		.ascii	"'\016\264\010\274\254\322C\017\276\272\322@\341\021"
 2758      BCACD243 
 2758      0FBEBAD2 
 2758      40E111
 2759 0022 ACCDFBA7 		.ascii	"\254\315\373\2470.\254\224[\222\333\227\273\337\304"
 2759      302EAC94 
 2759      5B92DB97 
 2759      BBDFC4
 2760 0031 E6B0FE9F 		.ascii	"\346\260\376\2371]-\022l$.\023G\000\226\024ptbDp&y\264"
 2760      315D2D12 
 2760      6C242E13 
 2760      47009614 
 2760      70746244 
 2761 0049 D1E17A34 		.ascii	"\321\341z4\276\035\275\347\305oz3\030\233u#[\246s\000"
 2761      BE1DBDE7 
 2761      C56F7A33 
 2761      189B7523 
 2761      5BA67300 
 2762 005d 79007F00 		.ascii	"y\000\177\000V9gX\233o\024\267\037\326&\376e\336\277"
 2762      56396758 
 2762      9B6F14B7 
 2762      1FD626FE 
 2762      65DEBF
 2763 0070 C338A44C 		.ascii	"\3038\244L~\037\3165\323A\000NQ\316\214\234\201\010"
 2763      7E1FCE35 
 2763      D341004E 
 2763      51CE8C9C 
 2763      8108
 2764 0082 DAFC048E 		.ascii	"\332\374\004\216'\023\214[I\303_9\373\254X\344\014\004"
 2764      27138C5B 
 2764      49C35F39 
 2764      FBAC58E4 
 2764      0C04
ARM GAS  C:\Users\PUBLIC~1.LAP\AppData\Local\Temp\ccuVLC9V.s 			page 63


 2765 0094 F9CCD5E6 		.ascii	"\371\314\325\346\377\367\211F\2229\356\201Mk\250\013"
 2765      FFF78946 
 2765      9239EE81 
 2765      4D6BA80B 
 2766 00a4 D658E50C 		.ascii	"\326X\345\014<cM\200\325f\331\003Xm\222!\032\327\030"
 2766      3C634D80 
 2766      D566D903 
 2766      586D9221 
 2766      1AD718
 2767 00b7 F7EE5F97 		.ascii	"\367\356_\227&\214\256tzf\032\267\030\344\234\217uz"
 2767      268CAE74 
 2767      7A661AB7 
 2767      18E49C8F 
 2767      757A
 2768 00c9 747DB2FF 		.ascii	"t}\262\377\033\370;\301\217q\002/\342\217\251\033\210"
 2768      1BF83BC1 
 2768      8F71022F 
 2768      E28FA91B 
 2768      88
 2769 00da 88D4A321 		.ascii	"\210\324\243!u\004\354\336\005\365|\252\216P\307\336"
 2769      7504ECDE 
 2769      05F57CAA 
 2769      8E50C7DE 
 2770 00ea FDC0D831 		.ascii	"\375\300\3301\036\001\354\232\350\241\230\261\215\037"
 2770      1E01EC9A 
 2770      E8A198B1 
 2770      8D1F
 2771 00f8 488349A2 		.ascii	"H\203I\242\277\313L\016\375\355\353\227\255\324\215"
 2771      BFCB4C0E 
 2771      FDEDEB97 
 2771      ADD48D
 2772 0107 5B78C4F0 		.ascii	"[x\304\360Fg\024\023\001\314<W7r\014\263E\211\366u\377"
 2772      46671413 
 2772      01CC3C57 
 2772      37720CB3 
 2772      4589F675 
 2773 011c FD0EF6D0 		.ascii	"\375\016\366\320m\247\267\250\204@m\013\317\252\242"
 2773      6DA7B7A8 
 2773      84406D0B 
 2773      CFAAA2
 2774 012b 49B2D04B 		.ascii	"I\262\320K\357!\020\275\240\373w\323\017\373\255\231"
 2774      EF2110BD 
 2774      A0FB77D3 
 2774      0FFBAD99 
 2775 013b DE926103 		.ascii	"\336\222a\003dk\340Y/R$\3650\364\322G\204\001#\"46}"
 2775      646BE059 
 2775      2F5224F5 
 2775      30F4D247 
 2775      84012322 
 2776 0152 576EAA6D 		.ascii	"Wn\252m\205ai\011\011YY\340\200\004\230\3532\223C\377"
 2776      85616909 
 2776      095959E0 
 2776      800498EB 
 2776      329343FF 
 2777 0166 5F922542 		.ascii	"_\222%B92\367\376\365\007\317\206\025$\206\375\"~p\322"
 2777      3932F7FE 
 2777      F507CF86 
ARM GAS  C:\Users\PUBLIC~1.LAP\AppData\Local\Temp\ccuVLC9V.s 			page 64


 2777      152486FD 
 2777      227E70D2 
 2778 017a 3D09977C 		.ascii	"=\011\227|\252\216\005\\\024=\242~\305\017\336Q\261"
 2778      AA8E055C 
 2778      143DA27E 
 2778      C50FDE51 
 2778      B1
 2779 018b 232A28D8 		.ascii	"#*(\330\275\343\375\354\030\217\274\222l_\307r\330\306"
 2779      BDE3FDEC 
 2779      188FBC92 
 2779      6C5FC772 
 2779      D8C6
 2780 019d 03604CFE 		.ascii	"\003`L\376k\005\334:%)\"TC\346\0339\344Lq@\325(\202"
 2780      6B05DC3A 
 2780      25292254 
 2780      43E61B39 
 2780      E44C7140 
 2781 01b4 A2DA314E 		.ascii	"\242\3321N\265\212\377/\326u\203\211\016\264\211y\357"
 2781      B58AFF2F 
 2781      D6758389 
 2781      0EB48979 
 2781      EF
 2782 01c5 DF63065F 		.ascii	"\337c\006_\275\233:_c\351\255\326\262)\333\372\032s"
 2782      BD9B3A5F 
 2782      63E9ADD6 
 2782      B229DBFA 
 2782      1A73
 2783 01d7 595D1AEA 		.ascii	"Y]\032\352\272*C\321\027\026wuY\2243\255\265'\247\012"
 2783      BA2A43D1 
 2783      17167775 
 2783      599433AD 
 2783      B527A70A 
 2784 01eb 8A4ACAC9 		.ascii	"\212J\312\311\371fH!\\\225\245\265\026U\3213\005dv!"
 2784      F9664821 
 2784      5C95A5B5 
 2784      1655D133 
 2784      05647621 
 2785 01ff 454283D3 		.ascii	"EB\203\323}k-\355\214iY\266EM\256\312\334\233K{\361"
 2785      7D6B2DED 
 2785      8C6959B6 
 2785      454DAECA 
 2785      DC9B4B7B 
 2786 0214 4566252D 		.ascii	"Ef%-$\012PT\206\312\334\364myIaR\027\025\355xmm\312"
 2786      240A5054 
 2786      86CADCF4 
 2786      6D794961 
 2786      521715ED 
 2787 022c AE6FEBAA 		.ascii	"\256o\353\252\354\305eU\364L]l0h\314z\276\265\323mO"
 2787      ECC56555 
 2787      F44C5D6C 
 2787      3068CC7A 
 2787      BEB5D36D 
 2788 0241 95082B85 		.ascii	"\225\010+\205U=Y\231\0051 \240\"\272\262:\223\306H."
 2788      553D5999 
 2788      053120A0 
 2788      22BAB23A 
 2788      93C6482E 
ARM GAS  C:\Users\PUBLIC~1.LAP\AppData\Local\Temp\ccuVLC9V.s 			page 65


 2789 0255 7D00C198 		.ascii	"}\000\301\230\200\322]\342v\255aF\350>\213Z\267+\234"
 2789      80D25DE2 
 2789      76AD6146 
 2789      E83E8B5A 
 2789      B72B9C
 2790 0268 FB56870D 		.ascii	"\373V\207\015B\271\031\246d\344?\014Zw\177#4\302vL8"
 2790      42B919A6 
 2790      64E43F0C 
 2790      5A777F23 
 2790      34C2764C 
 2791 027d 0ED6B99D 		.ascii	"\016\326\271\235\350\034\263Fd\207\210*\307\\wp\014"
 2791      E81CB346 
 2791      6487882A 
 2791      C75C7770 
 2791      0C
 2792 028e 9CCFC121 		.ascii	"\234\317\301!\230\005O\315\250\015\317\315\373!o\216"
 2792      98054FCD 
 2792      A80DCFCD 
 2792      FB216F8E 
 2793 029e AC0CB171 		.ascii	"\254\014\261q$QF\242\000\222e\206\232\220\303x~\316"
 2793      245146A2 
 2793      00926586 
 2793      9A90C378 
 2793      7ECE
 2794 02b0 2890EFFB 		.ascii	"(\220\357\373?\267\251\245d"
 2794      3FB7A9A5 
 2794      64
 2795              		.text
 2796              		.section	.gnu.lto___ch_delegate_fn0.2948.840cbe4c,"e",%progbits
 2797 0000 28B52FFD 		.ascii	"(\265/\375`\226\000=\013\000\226\224OE\000oj:\2079\360"
 2797      6096003D 
 2797      0B009694 
 2797      4F45006F 
 2797      6A3A8739 
 2798 0015 7E8116F7 		.ascii	"~\201\026\367B\000B\375\307`M\300\004\177\002@J \007"
 2798      420042FD 
 2798      C7604DC0 
 2798      047F0240 
 2798      4A2007
 2799 0028 3C9CC9F6 		.ascii	"<\234\311\366\277\373;\3001v\236\211\301\251\004y\320"
 2799      BFFB3BC0 
 2799      31769E89 
 2799      C1A90479 
 2799      D0
 2800 0039 3BB20B2E 		.ascii	";\262\013.9!\007\2123\341\351\261\020\002\271\\\274"
 2800      3921078A 
 2800      33E1E9B1 
 2800      1002B95C 
 2800      BC
 2801 004a 5CCE8E90 		.ascii	"\\\316\216\220\220\275wJ\0018\000>\0008\000\232m_\303"
 2801      90BD774A 
 2801      0138003E 
 2801      0038009A 
 2801      6D5FC3
 2802 005d 37A09CAA 		.ascii	"7\240\234\252e\0002\005\011\006-v\267\263\274\262]\253"
 2802      65003205 
 2802      09062D76 
ARM GAS  C:\Users\PUBLIC~1.LAP\AppData\Local\Temp\ccuVLC9V.s 			page 66


 2802      B7B3BCB2 
 2802      5DAB
 2803 006f DFD8AE51 		.ascii	"\337\330\256Q\013O}\246\374\303^3H\020\301j\251>)%\273"
 2803      0B4F7DA6 
 2803      FCC35E33 
 2803      4810C16A 
 2803      A93E2925 
 2804 0084 EBC96A45 		.ascii	"\353\311jE\270\351m{\330\366\354s\001w\375\353\237\024"
 2804      B8E96D7B 
 2804      D8F6EC73 
 2804      0177FDEB 
 2804      9F14
 2805 0096 EEC46C44 		.ascii	"\356\304lD\207\207\335\007/f[\242\206\300p\362\267Q"
 2805      8787DD07 
 2805      2F665BA2 
 2805      86C070F2 
 2805      B751
 2806 00a8 3ECC1915 		.ascii	">\314\031\025\027\035\2334q*\010\032\254\030\007\024"
 2806      171D9B34 
 2806      712A081A 
 2806      AC180714 
 2807 00b8 BBE5C735 		.ascii	"\273\345\3075\017\250\250\350\314\371\327\311\030\273"
 2807      0FA8A8E8 
 2807      CCF9D7C9 
 2807      18BB
 2808 00c6 E40710BB 		.ascii	"\344\007\020\273%\210I\270\007\257K]\033\265\254\350"
 2808      258849B8 
 2808      07AF4B5D 
 2808      1BB5ACE8 
 2809 00d6 CADA74A5 		.ascii	"\312\332t\245\033\325LX\300\202\274e5e~\005\377\264"
 2809      1BD54C58 
 2809      C082BC65 
 2809      35657E05 
 2809      FFB4
 2810 00e8 F90AB649 		.ascii	"\371\012\266I\355J\177!\346\240\001]\277\303\012\023"
 2810      ED4A7F21 
 2810      E6A0015D 
 2810      BFC30A13 
 2811 00f8 3B6576A9 		.ascii	";ev\251\232\224\202\375\272\324e{z;\031\030\004\006"
 2811      9A9482FD 
 2811      BAD4657B 
 2811      7A3B1918 
 2811      0406
 2812 010a A8331BCD 		.ascii	"\2503\033\315'\302\001\301\013\307h\374\220>\315\340"
 2812      27C201C1 
 2812      0BC768FC 
 2812      903ECDE0 
 2813 011a 650C4BDF 		.ascii	"e\014K\337'\014\205\005@`\007\222\306\316#\206FQ7\212"
 2813      270C8505 
 2813      40600792 
 2813      C6CE2386 
 2813      4651378A 
 2814 012e 3A010044 		.ascii	":\001\000D\217\0102\3616!\231\321\201\260\344\231@\011"
 2814      8F0832F1 
 2814      362199D1 
 2814      81B0E499 
 2814      4009
ARM GAS  C:\Users\PUBLIC~1.LAP\AppData\Local\Temp\ccuVLC9V.s 			page 67


 2815 0140 C410810F 		.ascii	"\304\020\201\017\203\361FN8\345\006\016\000\000\316"
 2815      83F1464E 
 2815      38E5060E 
 2815      0000CE
 2816 014f 8B32A119 		.ascii	"\2132\241\031(p\354\213\005wMY\320N[\\\023\303\263\320"
 2816      2870EC8B 
 2816      05774D59 
 2816      D04E5B5C 
 2816      13C3B3D0 
 2817 0163 1A13A6A3 		.ascii	"\032\023\246\243\310\022u\337\377\314mj'\031"
 2817      C81275DF 
 2817      FFCC6D6A 
 2817      2719
 2818              		.text
 2819              		.section	.gnu.lto___ch_delegate_fn1.2949.840cbe4c,"e",%progbits
 2820 0000 28B52FFD 		.ascii	"(\265/\375`\357\000\235\014\000&\027WE\020q\233\016"
 2820      60EF009D 
 2820      0C002617 
 2820      57451071 
 2820      9B0E
 2821 0012 00818387 		.ascii	"\000\201\203\207\010\234\016\233\203^\216J\000E(\360"
 2821      089C0E9B 
 2821      835E8E4A 
 2821      004528F0 
 2822 0022 4161F98A 		.ascii	"Aa\371\212F\211\\\314n\000\360\277\2161a\"\306\236\341"
 2822      46895CCC 
 2822      6E00F0BF 
 2822      8E316122 
 2822      C69EE1
 2823 0035 8FDEDE43 		.ascii	"\217\336\336Ch\376\211\232#\362\340i\032\177g\310\310"
 2823      68FE899A 
 2823      23F2E069 
 2823      1A7F67C8 
 2823      C8
 2824 0046 500146B8 		.ascii	"P\001F\270\004j\330\346\273\355\275S\012@\000F\000>"
 2824      046AD8E6 
 2824      BBEDBD53 
 2824      0A400046 
 2824      003E
 2825 0058 002F62EC 		.ascii	"\000/b\354\216\010\314\300ze\333Oq\025%\006\351\030"
 2825      8E08CCC0 
 2825      7A65DB4F 
 2825      71152506 
 2825      E918
 2826 006a 21CC81A3 		.ascii	"!\314\201\243\005\217\335\3052\277\352+\372\001\365"
 2826      058FDDC5 
 2826      32BFEA2B 
 2826      FA01F5
 2827 0079 D52C71F0 		.ascii	"\325,q\360\022\364\257r\212\002\304\216\324\311\351"
 2827      12F4AF72 
 2827      8A02C48E 
 2827      D4C9E9
 2828 0088 124083DD 		.ascii	"\022@\203\335\265L\235t\270\347m\033\260\015\262O!7"
 2828      B54C9D74 
 2828      B8E76D1B 
 2828      B00DB24F 
 2828      2137
ARM GAS  C:\Users\PUBLIC~1.LAP\AppData\Local\Temp\ccuVLC9V.s 			page 68


 2829 009a 7DCA2F31 		.ascii	"}\312/1\226\216\027\032\005j\354n\350\361\2626\250\214"
 2829      968E171A 
 2829      056AEC6E 
 2829      E8F1B236 
 2829      A88C
 2830 00ac 130F7FF1 		.ascii	"\023\017\177\361\322.\361W\\\305\001.\026q$\265\302"
 2830      D22EF157 
 2830      5CC5012E 
 2830      167124B5 
 2830      C2
 2831 00bd D2B23B6A 		.ascii	"\322\262;j\326\253k\306\307\016A\353\304A\200\011\012"
 2831      D6AB6BC6 
 2831      C70E41EB 
 2831      C4418009 
 2831      0A
 2832 00ce 8C96DD3D 		.ascii	"\214\226\335=\360\312\023\256\361#\345SH\214\331\015"
 2832      F0CA13AE 
 2832      F123E553 
 2832      488CD90D 
 2833 00de 03AEB24E 		.ascii	"\003\256\262N\323iM\216\210\014!\352|x\026\367E\352"
 2833      D3694D8E 
 2833      880C21EA 
 2833      7C7816F7 
 2833      45EA
 2834 00f0 147D109F 		.ascii	"\024}\020\237AI\027\237\204OR}\014UN\233\316\233X\321"
 2834      4149179F 
 2834      844F527D 
 2834      0C554E9B 
 2834      CE9B58D1 
 2835 0104 6032D777 		.ascii	"`2\327w\341\341\306J\027{<\3119\302>\335\211b[\332z"
 2835      E1E1C64A 
 2835      177B3CC9 
 2835      39C23EDD 
 2835      89625BDA 
 2836 0119 78D78B01 		.ascii	"x\327\213\001\331\005\321\314L\322Y\207\263)\360p\234"
 2836      D905D1CC 
 2836      4CD25987 
 2836      B329F070 
 2836      9C
 2837 012a 8680E91B 		.ascii	"\206\200\351\033\201l\2259\315\327\205l\243\256\324"
 2837      816C9539 
 2837      CDD7856C 
 2837      A3AED4
 2838 0139 55207118 		.ascii	"U q\030\007\362a!\257\364}`\337\007&\001\202\027\362"
 2838      07F26121 
 2838      AFF47D60 
 2838      DF072601 
 2838      8217F2
 2839 014c 480EB44E 		.ascii	"H\016\264N\202\314d\241\013\321FH\"^\011\264m6\332\202"
 2839      82CC64A1 
 2839      0BD14648 
 2839      225E09B4 
 2839      6D36DA82 
 2840 0160 079E716F 		.ascii	"\007\236qokfP\023\025\025\000\000\316\2132\003\3020"
 2840      6B665013 
 2840      15150000 
 2840      CE8B3203 
ARM GAS  C:\Users\PUBLIC~1.LAP\AppData\Local\Temp\ccuVLC9V.s 			page 69


 2840      C230
 2841 0172 0E731734 		.ascii	"\016s\0274\001\004Y\212\012Sw\000]S\021\2643\024\327"
 2841      0104598A 
 2841      0A537700 
 2841      5D5311B4 
 2841      3314D7
 2842 0185 C4405B6C 		.ascii	"\304@[l\237\011\035\030\006a\212\012\307Q\024\210\272"
 2842      9F091D18 
 2842      06618A0A 
 2842      C7511488 
 2842      BA
 2843 0196 EF7FE636 		.ascii	"\357\177\3466\265\223\014"
 2843      B5930C
 2844              		.text
 2845              		.section	.gnu.lto___ch_delegate_fn2.2950.840cbe4c,"e",%progbits
 2846 0000 28B52FFD 		.ascii	"(\265/\375`G\001\005\016\000\226\231^E\000\223\223\016"
 2846      60470105 
 2846      0E009699 
 2846      5E450093 
 2846      930E
 2847 0012 B029F2B2 		.ascii	"\260)\362\262$\244\341\377~\250Jv\276Z\251\336\321$"
 2847      24A4E1FF 
 2847      7EA84A76 
 2847      BE5AA9DE 
 2847      D124
 2848 0024 D9BC3AE5 		.ascii	"\331\274:\345p\034Y0\363\264\206\"\214\003\005lA\207"
 2848      701C5930 
 2848      F3B48622 
 2848      8C03056C 
 2848      4187
 2849 0036 6648635A 		.ascii	"fHcZ\277Y_#\320qx\004\244U\373\330\006\257\326'\257"
 2849      BF595F23 
 2849      D0717804 
 2849      A455FBD8 
 2849      06AFD627 
 2850 004b 4DD948DE 		.ascii	"M\331H\336d\313\235RF\000O\000C\000\020\336\006\306"
 2850      64CB9D52 
 2850      46004F00 
 2850      430010DE 
 2850      06C6
 2851 005d 0176BF17 		.ascii	"\001v\277\0270vg\0023\310\216\331\366U|E\214\2758#|"
 2851      30766702 
 2851      33C88ED9 
 2851      F6557C45 
 2851      8CBD3823 
 2852 0072 3E7AE0FC 		.ascii	">z\340\374\330\335\355sM\036\213' \217i\315\275C\317"
 2852      D8DDED73 
 2852      4D1E8B27 
 2852      208F69CD 
 2852      BD43CF
 2853 0085 FFCD638A 		.ascii	"\377\315c\212\0207X4\252C\000\015v\327\220E\343\341"
 2853      10375834 
 2853      AA43000D 
 2853      76D79045 
 2853      E3E1
 2854 0097 D6DB3E60 		.ascii	"\326\333>`\233d\037E\362\363\216\267\371aH\006\004\204"
 2854      9B641F45 
ARM GAS  C:\Users\PUBLIC~1.LAP\AppData\Local\Temp\ccuVLC9V.s 			page 70


 2854      F2F38EB7 
 2854      F9614806 
 2854      0484
 2855 00a9 0D033BBB 		.ascii	"\015\003;\2733;A\026G\224a\342\337\357\372\347\325\216"
 2855      333B4116 
 2855      479461E2 
 2855      DFEFFAE7 
 2855      D58E
 2856 00bb F159BCC5 		.ascii	"\361Y\274\305o\034\242\315\314\027\326KG\316\356D\371"
 2856      6F1CA2CD 
 2856      CC17D64B 
 2856      47CEEE44 
 2856      F9
 2857 00cc E0F23E19 		.ascii	"\340\362>\031\006\354\206\327\216\023\242\354\230Vs"
 2857      06EC86D7 
 2857      8E13A2EC 
 2857      985673
 2858 00db 627F5EA6 		.ascii	"b\177^\246\352 @\246\305#gw\021\034\363\004\015\303"
 2858      EA2040A6 
 2858      C5236777 
 2858      111CF304 
 2858      0DC3
 2859 00ed 49994A75 		.ascii	"I\231JuT\217\222\210\320P#\323\177\307yFC\352]\177\335"
 2859      548F9288 
 2859      D05023D3 
 2859      7FC77946 
 2859      43EA5D7F 
 2860 0102 77919A32 		.ascii	"w\221\2322c\376\263\202:>\011\037F\372\027$T;\352K\274"
 2860      63FEB382 
 2860      3A3E091F 
 2860      46FA1724 
 2860      543BEA4B 
 2861 0117 38C8E8FA 		.ascii	"8\310\350\372.b\344X\250cO\025\324\021\366\343j\313"
 2861      2E62E458 
 2861      A8634F15 
 2861      D411F6E3 
 2861      6ACB
 2862 0129 36B4E7DF 		.ascii	"6\264\347\337\235\335u\007!\013)\012J\301P\012\032T"
 2862      9DDD7507 
 2862      210B290A 
 2862      4AC1500A 
 2862      1A54
 2863 013b 42325260 		.ascii	"B2R`\302q\"\005R\235\012\313\0103'\322\225ZF*%T\211"
 2863      C2712205 
 2863      529D0ACB 
 2863      083327D2 
 2863      955A462A 
 2864 0152 8289DB38 		.ascii	"\202\211\3338\226n#\235P\335\312\326\255l\022 \234H"
 2864      966E239D 
 2864      50DDCAD6 
 2864      AD6C1220 
 2864      9C48
 2865 0164 27930351 		.ascii	"'\223\003QI\010\224\252Pj\021\275\230\\N(\224\321\310"
 2865      490894AA 
 2865      506A11BD 
 2865      985C4E28 
 2865      94D1C8
ARM GAS  C:\Users\PUBLIC~1.LAP\AppData\Local\Temp\ccuVLC9V.s 			page 71


 2866 0177 8868C103 		.ascii	"\210h\301\003\223\271\217\253-\217~V\272\262\204\001"
 2866      93B98FAB 
 2866      2D8F7E56 
 2866      BAB28401 
 2867 0187 1C0000CE 		.ascii	"\034\000\000\316\2132\241o)\360A\032\014\356\202F\224"
 2867      8B32A16F 
 2867      29F0411A 
 2867      0CEE8246 
 2867      94
 2868 0198 8A01EC00 		.ascii	"\212\001\354\000d@\344\245\2500u\007\3205\025A;CqML"
 2868      6440E4A5 
 2868      A8307507 
 2868      D0351541 
 2868      3B43714D 
 2869 01ad 8A8D2D36 		.ascii	"\212\215-6\201\202\265#\304\202` \010`PQ\3718\212\002"
 2869      8182B523 
 2869      C4826020 
 2869      08605051 
 2869      F9388A02 
 2870 01c1 51F7FDCF 		.ascii	"Q\367\375\317\334\246v\222\001"
 2870      DCA67692 
 2870      01
 2871              		.text
 2872              		.section	.gnu.lto___ch_delegate_fn3.2951.840cbe4c,"e",%progbits
 2873 0000 28B52FFD 		.ascii	"(\265/\375`\237\001\335\016\000&\333cF\000\261&\035"
 2873      609F01DD 
 2873      0E0026DB 
 2873      634600B1 
 2873      261D
 2874 0012 009AA0D0 		.ascii	"\000\232\240\320\327\231\277\202\361`C0\233\3516\241"
 2874      D799BF82 
 2874      F1604330 
 2874      9BE936A1 
 2875 0022 8F1C0D05 		.ascii	"\217\034\015\005\177\002\344\321#S\357\3056\204!\006"
 2875      7F02E4D1 
 2875      2353EFC5 
 2875      36842106 
 2876 0032 04B1C08E 		.ascii	"\004\261\300\216\273:\222\244r\020:Cu\325\202\003\307"
 2876      BB3A92A4 
 2876      72103A43 
 2876      75D58203 
 2876      C7
 2877 0043 B5DA194F 		.ascii	"\265\332\031O\260\246\346\253\374\260Z\221A\310\226"
 2877      B0A6E6AB 
 2877      FCB05A91 
 2877      41C896
 2878 0052 3BA54C00 		.ascii	";\245L\000T\000H\000\231)\204R\230Hy\233\027\177\354"
 2878      54004800 
 2878      99298452 
 2878      9848799B 
 2878      177FEC
 2879 0065 8A383076 		.ascii	"\21280v\307\005n\260=\263\355\2378\012\030\207s\224"
 2879      C7056EB0 
 2879      3DB3ED9F 
 2879      380A1887 
 2879      7394
 2880 0077 20EAE089 		.ascii	" \352\340\211\331\261\273\234\350\006\264g\363\005\264"
ARM GAS  C:\Users\PUBLIC~1.LAP\AppData\Local\Temp\ccuVLC9V.s 			page 72


 2880      D9B1BB9C 
 2880      E806B467 
 2880      F305B4
 2881 0086 671AE2E1 		.ascii	"g\032\342\341e\350?\366iB\304\213\226ku\011\300\301"
 2881      65E83FF6 
 2881      6942C48B 
 2881      966B7509 
 2881      C0C1
 2882 0098 EE5AB65C 		.ascii	"\356Z\266\\\034n\275\355\004\266=[n\001\343\255\035"
 2882      1C6EBDED 
 2882      04B63D5B 
 2882      6E01E3AD 
 2882      1D
 2883 00a9 76CFDBFC 		.ascii	"v\317\333\374R\300\307\007\0323\020\340\330\325\320"
 2883      52C0C707 
 2883      1A3310E0 
 2883      D8D5D0
 2884 00b8 D3636DCC 		.ascii	"\323cm\314\030$.\376\257\177\374a\2376\214\257\342+"
 2884      18242EFE 
 2884      AF7FFC61 
 2884      9F368CAF 
 2884      E22B
 2885 00ca CEE23107 		.ascii	"\316\3421\007\010\335\300\\Z\261\235\234\335\361$c\344"
 2885      08DDC05C 
 2885      5AB19D9C 
 2885      DDF12463 
 2885      E4
 2886 00db 39A9F10A 		.ascii	"9\251\361\012E1\0046C\254\247Di{\026\312ab\213\341\266"
 2886      45310436 
 2886      43ACA744 
 2886      697B16CA 
 2886      61628BE1 
 2887 00f0 DA3040A6 		.ascii	"\3320@\246f&gw\025<\232z*HG<t\370\350\305\017\216k\323"
 2887      66266777 
 2887      153C9A7A 
 2887      2A48473C 
 2887      74F8E8C5 
 2888 0108 BFEEE25B 		.ascii	"\277\356\342[\217\246\037\337\342~\213\246(;\260\213"
 2888      8FA61FDF 
 2888      E27E8BA6 
 2888      283BB08B 
 2889 0118 5852C7AF 		.ascii	"XR\307\257\361_4\037\203&\325\236\372\021\261\031\031"
 2889      F15F341F 
 2889      8326D59E 
 2889      FA11B119 
 2889      19
 2890 0129 5DFF86C7 		.ascii	"]\377\206\307\215\225:\366\270\222\012\302\376\\\245"
 2890      8D953AF6 
 2890      B8920AC2 
 2890      FE5CA5
 2891 0138 B12D0DBA 		.ascii	"\261-\015\272x\177\376\272\267\007\244\013(:\372\244"
 2891      787FFEBA 
 2891      B707A40B 
 2891      283AFAA4 
 2892 0148 C827499F 		.ascii	"\310'I\237\364\210d\304D*\351:\220\003\037\230\262b"
 2892      F48864C4 
 2892      442AE93A 
ARM GAS  C:\Users\PUBLIC~1.LAP\AppData\Local\Temp\ccuVLC9V.s 			page 73


 2892      90031F98 
 2892      B262
 2893 015a CADC8180 		.ascii	"\312\334\201\200\036\213)\305Sy\025P\035\327\255\200"
 2893      1E8B29C5 
 2893      53791550 
 2893      1DD7AD80 
 2894 016a DC29A502 		.ascii	"\334)\245\002U8P\205\233\020!uJ\241\036\224HDF\237\005"
 2894      55385085 
 2894      9B102175 
 2894      4AA11E94 
 2894      4844469F 
 2895 017f 8FA5E482 		.ascii	"\217\245\344\202jI\251NL!!%\006\020J\306\375\\\245\001"
 2895      6A49A94E 
 2895      4C212125 
 2895      06104AC6 
 2895      FD5CA501 
 2896 0193 A988A52C 		.ascii	"\251\210\245,k\362\243\233\006# \020#\251Sx\000\376"
 2896      6BF2A39B 
 2896      06232010 
 2896      23A95378 
 2896      00FE
 2897 01a5 A29CD00C 		.ascii	"\242\234\320\014\022\030\366\320\347\272\210\277\012"
 2897      1218F6D0 
 2897      E7BA88BF 
 2897      0A
 2898 01b2 E312C546 		.ascii	"\343\022\305F\270\313ly\345\025VLt-\021\2645\024\303"
 2898      B8CB6C79 
 2898      E515564C 
 2898      742D11B4 
 2898      3514C3
 2899 01c5 C4008811 		.ascii	"\304\000\210\021\031\010j\032N\207\215\023\030#\362"
 2899      19086A1A 
 2899      4E878D13 
 2899      1823F2
 2900 01d4 2126080D 		.ascii	"!&\010\015*\312\307\201\002\321}\377\316mj=\031"
 2900      2ACAC781 
 2900      02D17DFF 
 2900      CE6D6A3D 
 2900      19
 2901              		.text
 2902              		.section	.gnu.lto___ch_delegate_fn4.2952.840cbe4c,"e",%progbits
 2903 0000 28B52FFD 		.ascii	"(\265/\375`\367\001\335\017\000\226\034iH\360\260(\035"
 2903      60F701DD 
 2903      0F00961C 
 2903      6948F0B0 
 2903      281D
 2904 0012 7839C322 		.ascii	"x9\303\"\301\205\305\356WV/\366W\023g\347\2631U[\232"
 2904      C185C5EE 
 2904      57562FF6 
 2904      571367E7 
 2904      B331555B 
 2905 0027 1DCC385C 		.ascii	"\035\3148\\\257\347\327]\333:\242\242\017P\021\355\330"
 2905      AFE7D75D 
 2905      DB3AA2A2 
 2905      0F5011ED 
 2905      D8
 2906 0038 3192EC61 		.ascii	"1\222\354a\231^RO\322\3650\012A\321\000D\226]V(\267"
ARM GAS  C:\Users\PUBLIC~1.LAP\AppData\Local\Temp\ccuVLC9V.s 			page 74


 2906      995E524F 
 2906      D2F5300A 
 2906      41D10044 
 2906      965D5628 
 2907 004d B7EB2F22 		.ascii	"\267\353/\"\010!r\247\024P\000Y\000M\000A\273\213\340"
 2907      082172A7 
 2907      14500059 
 2907      004D0041 
 2907      BB8BE0
 2908 0060 9D25906C 		.ascii	"\235%\220l\240\314y\235\030{\354\222?0v\313\004^\360"
 2908      A0CC799D 
 2908      187BEC92 
 2908      3F3076CB 
 2908      045EF0
 2909 0073 BDB3EDE7 		.ascii	"\275\263\355\347\\\205\214]\\\011\201\274\361b&\307"
 2909      5C858C5D 
 2909      5C0981BC 
 2909      F16226C7 
 2910 0083 EE82A513 		.ascii	"\356\202\245\023\360\336q'y\357\324\304]\237.\377\266"
 2910      F0DE7127 
 2910      79EFD4C4 
 2910      5D9F2EFF 
 2910      B6
 2911 0094 7329643E 		.ascii	"s)d>1\233\327'\000\006\273\353\031\263\341p\353m\033"
 2911      319BD727 
 2911      0006BBEB 
 2911      19B3E170 
 2911      EB6D1B
 2912 00a7 B0ADB2E7 		.ascii	"\260\255\262\347\204\241\227\367w\332\355\275vs\327"
 2912      84A197F7 
 2912      77DAEDBD 
 2912      7673D7
 2913 00b6 F9E78787 		.ascii	"\371\347\207\207\214\244q`\306\256\206\035:\266\006"
 2913      8CA47160 
 2913      C6AE861D 
 2913      3AB606
 2914 00c5 27E3C4C9 		.ascii	"'\343\304\311\177\366\227?\355\257\311\370;\347y\213"
 2914      7FF6973F 
 2914      EDAFC9F8 
 2914      3BE7798B 
 2915 00d5 F7DCE600 		.ascii	"\367\334\346\000$\0345\230\230\315C\320n).\355C*C\011"
 2915      241C3598 
 2915      98CD43D0 
 2915      6E292EED 
 2915      432A4309 
 2916 00e9 22A5C3CC 		.ascii	"\"\245\303\314U\232\021\2605\266\020(N\337\273\001$"
 2916      559A11B0 
 2916      35B61028 
 2916      4EDFBB01 
 2916      24
 2917 00fa 506CD2F5 		.ascii	"Pl\322\365\2756|\320\340\210\010\346t\244%#jb\210\364"
 2917      BD367CD0 
 2917      E08808E6 
 2917      74A42523 
 2917      6A6288F4 
 2918 010e A48827A4 		.ascii	"\244\210'\244\237\205v>}y\027\377Xxz\332}\356\277x\252"
 2918      9F85763E 
ARM GAS  C:\Users\PUBLIC~1.LAP\AppData\Local\Temp\ccuVLC9V.s 			page 75


 2918      7D7917FF 
 2918      58787ADA 
 2918      7DEEBF78 
 2919 0123 B20268E7 		.ascii	"\262\002h\347\255\366\022l\336|\034?\306\363/xSmN/\353"
 2919      ADF6126C 
 2919      DE7C1C3F 
 2919      C6F32F78 
 2919      536D4E2F 
 2920 0138 C140A3EB 		.ascii	"\301@\243\353\377\344\000\355\274\331\345kj\011\373"
 2920      FFE400ED 
 2920      BCD9E56B 
 2920      6A09FB
 2921 0147 DCEA8DED 		.ascii	"\334\352\215\355\351\321\311[\364\331\035$\026T\324"
 2921      E9D1C95B 
 2921      F4D91D24 
 2921      1654D4
 2922 0156 344E9171 		.ascii	"4N\221q\216\214\223d\2346\231\224\240FN\302\020\244"
 2922      8E8C9364 
 2922      9C369994 
 2922      A0464EC2 
 2922      10A4
 2923 0168 C0D85A69 		.ascii	"\300\330ZiAu\016AZ\242\013jEd\211\024T!\030\266\264"
 2923      41750E41 
 2923      5AA20B6A 
 2923      45648914 
 2923      542118B6 
 2924 017d C0D48AD5 		.ascii	"\300\324\212\325b\001[,`\204\007\253\324J\325\340d\""
 2924      62015B2C 
 2924      608407AB 
 2924      D44AD5E0 
 2924      6422
 2925 018f 621A2B88 		.ascii	"b\032+\210.'\030\325\313\212\225\202\012\0119)ppR\356"
 2925      2E2718D5 
 2925      CB8A9582 
 2925      0A093929 
 2925      707052EE 
 2926 01a3 F566A425 		.ascii	"\365f\244%\230\302\354M\221\206\364SO\003* 0#!\013\333"
 2926      98C2EC4D 
 2926      9186F453 
 2926      4F032A20 
 2926      3023210B 
 2927 01b8 00EEA270 		.ascii	"\000\356\242p\300~2\243\026c\234\320\022\177\226m\323"
 2927      C07E32A3 
 2927      16639CD0 
 2927      127F966D 
 2927      D3
 2928 01c9 B32BD088 		.ascii	"\263+\320\210\032\203]\310\020y\211\012\363\035-HkG"
 2928      1A835DC8 
 2928      1079890A 
 2928      F31D2D48 
 2928      6B47
 2929 01db 28F68905 		.ascii	"(\366\211\005\333F\004;\002\025a\255\341\205\2608\201"
 2929      DB46043B 
 2929      021561AD 
 2929      E185B038 
 2929      81
 2930 01ec 31225F62 		.ascii	"1\"_bA\230\223\031\222\341bPQ>\216)\220\270\357\177"
ARM GAS  C:\Users\PUBLIC~1.LAP\AppData\Local\Temp\ccuVLC9V.s 			page 76


 2930      41989319 
 2930      92E16250 
 2930      513E8E29 
 2930      90B8EF7F 
 2931 0200 B94D2D23 		.ascii	"\271M-#\003"
 2931      03
 2932              		.text
 2933              		.section	.gnu.lto_chDelegateCallVeneer.2953.840cbe4c,"e",%progbits
 2934 0000 28B52FFD 		.ascii	"(\265/\375`\351\001\225\021\000F_sI\320\322(\035\013"
 2934      60E90195 
 2934      1100465F 
 2934      7349D0D2 
 2934      281D0B
 2935 0013 187BFA8B 		.ascii	"\030{\372\213\240\353\014r\244\311\231b\354\203\330"
 2935      A0EB0C72 
 2935      A4C99962 
 2935      EC83D8
 2936 0022 72E5A8A2 		.ascii	"r\345\250\242\334\275\3210\230\223\036L|\304\374z\000"
 2936      DCBDD130 
 2936      98931E4C 
 2936      7CC4FC7A 
 2936      00
 2937 0033 E8A3E06B 		.ascii	"\350\243\340ku\274-\022\202\217\266\207\331S\264\330"
 2937      75BC2D12 
 2937      828FB687 
 2937      D953B4D8 
 2938 0043 69287462 		.ascii	"i(tb\360n\350\203\216\2344\376k\243\345\267\204\354"
 2938      F06EE883 
 2938      8E9C34FE 
 2938      6BA3E5B7 
 2938      84EC
 2939 0055 9D525800 		.ascii	"\235RX\000]\000]\000\273\233\272\347\024\020\005\253"
 2939      5D005D00 
 2939      BB9BBAE7 
 2939      141005AB 
 2940 0065 D6668C26 		.ascii	"\326f\214&|\367@\020,J\337\223\301\246\335\232\015\241"
 2940      7CF74010 
 2940      2C4ADF93 
 2940      C1A6DD9A 
 2940      0DA1
 2941 0077 DD138117 		.ascii	"\335\023\201\027|\367l\373.\316C\343XwF\250\371\300"
 2941      7CF76CFB 
 2941      2ECE43E3 
 2941      587746A8 
 2941      F9C0
 2942 0089 51036477 		.ascii	"Q\003dwU\250\023 \335\353\016\222\356\325\022\217\235"
 2942      55A81320 
 2942      DDEB0E92 
 2942      EED5128F 
 2942      9D
 2943 009a C6FCE7DE 		.ascii	"\306\374\347\336\261H!\303\264\221\235\226\032\354\256"
 2943      B14821C3 
 2943      B4919D96 
 2943      1AECAE
 2944 00a9 A9697373 		.ascii	"\251iss\327\333>`\373eS\224\247\214\326\021\366\273"
 2944      D7DB3E60 
 2944      FB655394 
ARM GAS  C:\Users\PUBLIC~1.LAP\AppData\Local\Temp\ccuVLC9V.s 			page 77


 2944      A78CD611 
 2944      F6BB
 2945 00bb AD3BF66D 		.ascii	"\255;\366m\267\351=\177\351\265\277#Q?\300=\230\300"
 2945      B7E93D7F 
 2945      E9B5BF23 
 2945      513FC03D 
 2945      98C0
 2946 00cd 7D48FDD8 		.ascii	"}H\375\330\355\020\304h\226\303\273\241\342\266\377"
 2946      ED10C468 
 2946      96C3BBA1 
 2946      E2B6FF
 2947 00dc F6FFBCDA 		.ascii	"\366\377\274\3324\276\317q\317\371\004\266\370\211\331"
 2947      34BECF71 
 2947      CFF904B6 
 2947      F889D9
 2948 00eb E1B3F2DD 		.ascii	"\341\263\362\335\003o\254\3630h~\223\371d4\010\271\031"
 2948      036FACF3 
 2948      30687E93 
 2948      F9643408 
 2948      B919
 2949 00fd 44BBB4F0 		.ascii	"D\273\264\360\273\347\363\003\203X\266-\366\311h!\033"
 2949      BBE7F303 
 2949      8358B62D 
 2949      F6C96821 
 2949      1B
 2950 010e 48D0200A 		.ascii	"H\320 \012u}\240\027\246z\333Q3Z\344\001\364\265T\355"
 2950      757DA017 
 2950      A67ADB51 
 2950      335AE401 
 2950      F4B554ED 
 2951 0122 50A4374D 		.ascii	"P\2447M\265D\307\307\215\006N\274>\210\303\021\017\320"
 2951      B544C7C7 
 2951      8D064EBC 
 2951      3E88C311 
 2951      0FD0
 2952 0134 8AE7C890 		.ascii	"\212\347\310\220!\327q\344{\2308\007\012\321U\033v\334"
 2952      21D771E4 
 2952      7B983807 
 2952      0AD1551B 
 2952      76DC
 2953 0146 0C1DDADD 		.ascii	"\014\035\332\335\225\000\03693z\344S\016\000\232\372"
 2953      95001E39 
 2953      337AE453 
 2953      0E009AFA 
 2954 0156 633C477E 		.ascii	"c<G~\246\335r\201\3364JC]\237pnN\264\327\010\242ci\221"
 2954      A6DD7281 
 2954      DE344A43 
 2954      5D9F706E 
 2954      4EB4D708 
 2955 016e 1DA5EB25 		.ascii	"\035\245\353%\354H\221\272J\262\276\214\243\205\021"
 2955      EC4891BA 
 2955      4AB2BE8C 
 2955      A38511
 2956 017d 03C9242B 		.ascii	"\003\311$+\223\260\344D\024E\012\270\300P\213\"\345"
 2956      93B0E444 
 2956      14450AB8 
 2956      C0508B22 
ARM GAS  C:\Users\PUBLIC~1.LAP\AppData\Local\Temp\ccuVLC9V.s 			page 78


 2956      E5
 2957 018e 0813BA46 		.ascii	"\010\023\272F\226q\345%\252\304\227R\245\002c)[Te\213"
 2957      9671E525 
 2957      AAC49752 
 2957      A5026329 
 2957      5B54658B 
 2958 01a2 4A020A4C 		.ascii	"J\002\012L\005\366r\320Z% q!G\230\326\314+\006\306R"
 2958      05F672D0 
 2958      5A252071 
 2958      214798D6 
 2958      CC2B06C6 
 2959 01b7 211C1969 		.ascii	"!\034\031i)xpr\356\273\255;\246j\2423\2533\313\334b"
 2959      29787072 
 2959      EEBBAD3B 
 2959      A66AA233 
 2959      AB33CBDC 
 2960 01cc BA5D110C 		.ascii	"\272]\021\014\376\363\023\335\204@J!\245&* p\242\251"
 2960      FEF313DD 
 2960      84404A21 
 2960      A5262A20 
 2960      70A2A9
 2961 01df B46E5D3E 		.ascii	"\264n]>(\016\315&\201?\024\356\343\0122A\354\026\264"
 2961      280ECD26 
 2961      813F14EE 
 2961      E30A3241 
 2961      EC16B4
 2962 01f2 18875B9C 		.ascii	"\030\207[\234\331\277\207\201\005\317\002\035]\321\300"
 2962      D9BF8781 
 2962      05CF021D 
 2962      5DD1C0
 2963 0201 BF8656C8 		.ascii	"\277\206V\310$0\0040\306\347\232\311F\324\266\266\360"
 2963      24300430 
 2963      C6E79AC9 
 2963      46D4B6B6 
 2963      F0
 2964 0212 2A1A5E08 		.ascii	"*\032^\010\357\030^;\022\260a!ex\362b\0222!\337\222"
 2964      EF185E3B 
 2964      12B06121 
 2964      6578F262 
 2964      123221DF 
 2965 0227 B66ABB08 		.ascii	"\266j\273\010\204f\210\302\300\315,\3542\361!\377\235"
 2965      846688C2 
 2965      C0CD2CEC 
 2965      32F121FF 
 2965      9D
 2966 0238 DBD41A32 		.ascii	"\333\324\0322"
 2967              		.text
 2968              		.section	.gnu.lto_chDelegateDispatch.2954.840cbe4c,"e",%progbits
 2969 0000 28B52FFD 		.ascii	"(\265/\375`u\002U\024\000\346%\210J\300\360*\035\213"
 2969      60750255 
 2969      1400E625 
 2969      884AC0F0 
 2969      2A1D8B
 2970 0013 B35744E6 		.ascii	"\263WD\3468\026\312\246PD\240\262\227\311V\3328\310"
 2970      3816CAA6 
 2970      5044A0B2 
 2970      97C956DA 
ARM GAS  C:\Users\PUBLIC~1.LAP\AppData\Local\Temp\ccuVLC9V.s 			page 79


 2970      38C8
 2971 0025 60D503EB 		.ascii	"`\325\003\353\321<\277\263\336\355Lf\320\354\243]`\226"
 2971      D13CBFB3 
 2971      DEED4C66 
 2971      D0ECA35D 
 2971      6096
 2972 0037 9726B4FD 		.ascii	"\227&\264\375\"\220\232\240\231=\000$\272\267\257^\201"
 2972      22909AA0 
 2972      993D0024 
 2972      BAB7AF5E 
 2972      81
 2973 0048 1713147A 		.ascii	"\027\023\024z\2051G\"\011\240\242u\267\275S\012n\000"
 2973      85314722 
 2973      09A0A275 
 2973      B7BD530A 
 2973      6E00
 2974 005a 6D007600 		.ascii	"m\000v\000{D\360\352\033\321\330\257\327\377\305a\334"
 2974      7B44F0EA 
 2974      1BD1D8AF 
 2974      D7FFC561 
 2974      DC
 2975 006b E817088F 		.ascii	"\350\027\010\217bo\007\305\324J\353\025\304\211X\323"
 2975      626F07C5 
 2975      D44AEB15 
 2975      C48958D3 
 2976 007b 414803D3 		.ascii	"AH\003\323\356\321B\3535\004'\345Ew\341\373\320\246"
 2976      EED142EB 
 2976      350427E5 
 2976      4577E1FB 
 2976      D0A6
 2977 008d 75D3F3A1 		.ascii	"u\323\363\241#\304\303\264\273\007^\315\240\365\032"
 2977      23C4C3B4 
 2977      BB075ECD 
 2977      A0F51A
 2978 009c BB80D5AB 		.ascii	"\273\200\325\253\352!\253W\373\354\035?N\330\344\024"
 2978      EA21AB57 
 2978      FBEC1D3F 
 2978      4ED8E414 
 2979 00ac F0697765 		.ascii	"\360iwe4\305}\237>\377\306\273\202\302\233O\226\203"
 2979      34C57D9F 
 2979      3EFFC6BB 
 2979      82C29B4F 
 2979      9683
 2980 00be DDF50C0A 		.ascii	"\335\365\014\012}nz\333\005l\013\355\331\"\363\301J"
 2980      7D6E7ADB 
 2980      056C0BED 
 2980      D922F3C1 
 2980      4A
 2981 00cf 4D8070E8 		.ascii	"M\200p\350\032\366\343\003\353\271\322Tr'\224}\304\231"
 2981      1AF6E303 
 2981      EBB9D254 
 2981      7227947D 
 2981      C499
 2982 00e1 F4847DD5 		.ascii	"\364\204}\325\322 \373\303\333u\342\315bM\257^\274\353"
 2982      D220FBC3 
 2982      DB75E2CD 
 2982      624DAF5E 
ARM GAS  C:\Users\PUBLIC~1.LAP\AppData\Local\Temp\ccuVLC9V.s 			page 80


 2982      BCEB
 2983 00f3 6A7AD6E9 		.ascii	"jz\326\351\277\\8H\030eN\273\036\246\242v\251\332X\361"
 2983      BF5C3848 
 2983      18654EBB 
 2983      1EA6A276 
 2983      A9DA58F1 
 2984 0107 E14FFC8B 		.ascii	"\341O\374\213\247\366}\243'\331/\323\374\350#\271>\304"
 2984      A7F67DA3 
 2984      27D92FD3 
 2984      FCE823B9 
 2984      3EC4
 2985 0119 28DADDD7 		.ascii	"(\332\335\327\353\321\327\300\3364\001o\210\210H\241"
 2985      EBD1D7C0 
 2985      DE34016F 
 2985      888848A1 
 2986 0129 F347342F 		.ascii	"\363G4/\366T\307-!\222#\245\023\365\264\001@@\272\266"
 2986      F654C72D 
 2986      219223A5 
 2986      13F5B401 
 2986      4040BAB6 
 2987 013d 2F1CB932 		.ascii	"/\034\2712\351\200\241\2421\274FKk\0278\363\225t\264"
 2987      E980A1A2 
 2987      31BC464B 
 2987      6B1738F3 
 2987      9574B4
 2988 0150 1651CDEA 		.ascii	"\026Q\315\352\365\0246T<rD\222EO|lEY\264\301\216\224"
 2988      F5143654 
 2988      3C724492 
 2988      454F7C6C 
 2988      4559B4C1 
 2989 0166 7FF41B4F 		.ascii	"\177\364\033OAh\003\017\323\317\345i\330|\344Hr\355"
 2989      4168030F 
 2989      D3CFE569 
 2989      D87CE448 
 2989      72ED
 2990 0178 3360602A 		.ascii	"3``*vw&\203w\363\211z\253\327\025\375\320Q\374M)\303"
 2990      76772683 
 2990      77F3897A 
 2990      ABD715FD 
 2990      D051FC4D 
 2991 018e 40240924 		.ascii	"@$\011$\335\205\024&\027\351\377Q\212\342\320\243\351"
 2991      DD851426 
 2991      17E9FF51 
 2991      8AE2D0A3 
 2991      E9
 2992 019f E8B11F32 		.ascii	"\350\261\0372D\245/>\366\233P\0060\355\\L\266\221\300"
 2992      44A52F3E 
 2992      F69B5006 
 2992      30ED5C4C 
 2992      B691C0
 2993 01b2 EC72B652 		.ascii	"\354r\266RV{\231\301\225\031n2\236\314\211\2167u\271"
 2993      567B99C1 
 2993      95196E32 
 2993      9ECC898E 
 2993      3775B9
 2994 01c5 92DA64A6 		.ascii	"\222\332d\246\200v\202R\226$#\274\232\014uI\262\253"
 2994      80768252 
ARM GAS  C:\Users\PUBLIC~1.LAP\AppData\Local\Temp\ccuVLC9V.s 			page 81


 2994      962423BC 
 2994      9A0C7549 
 2994      B2AB
 2995 01d7 F1683035 		.ascii	"\361h05\\\355\305V\312J\231\235\314\345\206\333\305"
 2995      5CEDC556 
 2995      CA4A999D 
 2995      CCE586DB 
 2995      C5
 2996 01e8 C8763132 		.ascii	"\310v12\025\0117\227\233\355\001\313,\201\211.W\343"
 2996      15093797 
 2996      9BED01CB 
 2996      2C81892E 
 2996      57E3
 2997 01fa B1F46C33 		.ascii	"\261\364l37\\\013\255\244\204e\001\004\224\343\357\252"
 2997      375C0BAD 
 2997      A4846501 
 2997      0494E3EF 
 2997      AA
 2998 020b A5418EC0 		.ascii	"\245A\216\300b\351G\177\036\231.Z\251\255Ra>\350X\016"
 2998      62E9477F 
 2998      1E992E5A 
 2998      A9AD5261 
 2998      3EE8580E 
 2999 021f 5D1F69C2 		.ascii	"]\037i\302E?\0140'\365\251\213\236\004, p\002)V\267"
 2999      453F0C30 
 2999      27F5A98B 
 2999      9E042C20 
 2999      70022956 
 3000 0234 0DBEF1E0 		.ascii	"\015\276\361\340\226\333\303x\373\204\213L\221\177s"
 3000      96DBC378 
 3000      FB848B4C 
 3000      917F73
 3001 0243 760323BB 		.ascii	"v\003#\273vDo\020\355\335\266\007\274$\315\026\177\015"
 3001      76446F10 
 3001      EDDDB607 
 3001      BC24CD16 
 3001      7F0D
 3002 0255 44EB2710 		.ascii	"D\353'\020\003\272\324\260\242\205v\221\272\356\314"
 3002      03BAD4B0 
 3002      A2857691 
 3002      BAEECC
 3003 0264 C69E6292 		.ascii	"\306\236b\222]\303\2256\007^\245\341Ex\307\260%Eq:\005"
 3003      5DC39536 
 3003      075EA5E1 
 3003      4578C7B0 
 3003      2545713A 
 3004 0279 C1C22DC6 		.ascii	"\301\302-\306\310\353\271\203-\302\260a\220\224\014"
 3004      C8EBB983 
 3004      2DC2B061 
 3004      90940C
 3005 0288 2F4C6998 		.ascii	"/Li\230\277\032\236(\307\242\025d"
 3005      BF1A9E28 
 3005      C7A21564 
 3006              		.text
 3007              		.section	.gnu.lto_chDelegateDispatchTimeout.2955.840cbe4c,"e",%progbits
 3008 0000 28B52FFD 		.ascii	"(\265/\375`\032\003\235\027\000v,\235H\300XQc\020\312"
 3008      601A039D 
ARM GAS  C:\Users\PUBLIC~1.LAP\AppData\Local\Temp\ccuVLC9V.s 			page 82


 3008      1700762C 
 3008      9D48C058 
 3008      516310CA 
 3009 0014 B1BE3FD8 		.ascii	"\261\276?\330\313FS\200\033\001D\325cw\245\2366\311"
 3009      CB465380 
 3009      1B0144D5 
 3009      6377A59E 
 3009      36C9
 3010 0026 5B4206FE 		.ascii	"[B\006\376\253\214\250\003\021\266\360\265\373`\013"
 3010      AB8CA803 
 3010      11B6F0B5 
 3010      FB600B
 3011 0035 C4F46FD1 		.ascii	"\304\364o\321fs\010\300\327\355\277\323p\3607`\310\311"
 3011      667308C0 
 3011      D7EDBFD3 
 3011      70F03760 
 3011      C8C9
 3012 0047 32658822 		.ascii	"2e\210\"\357Y\307Do\377\275\267\224)\005\211\000~\000"
 3012      EF59C744 
 3012      6FFFBDB7 
 3012      94290589 
 3012      007E00
 3013 005a 8D004BCE 		.ascii	"\215\000K\316\363\211\346H\372\023\244\333\221LP\240"
 3013      F389E648 
 3013      FA13A4DB 
 3013      914C50A0 
 3014 006a 163A21A4 		.ascii	"\026:!\244{S\035\361 M\221\313\336\231\342\211\027*"
 3014      7B531DF1 
 3014      204D91CB 
 3014      DE99E289 
 3014      172A
 3015 007c 153A14E9 		.ascii	"\025:\024\351\336\233\340\240=\320\004q\325z%%<\336"
 3015      DE9BE0A0 
 3015      3DD00471 
 3015      D57A2525 
 3015      3CDE
 3016 008e BBCB32E5 		.ascii	"\273\3132\345\336T\201!\210\007m\373G\216\304\204\315"
 3016      DE548121 
 3016      88076DFB 
 3016      478EC484 
 3016      CD
 3017 009f 2FC5B0FB 		.ascii	"/\305\260\373\202\245\227t\357e\255\036 <\370\035@x"
 3017      82A59774 
 3017      EF65AD1E 
 3017      203CF81D 
 3017      4078
 3018 00b1 D0FAB8F9 		.ascii	"\320\372\270\371\317V\323?\361\217\201P\025\\N\306\355"
 3018      CF56D33F 
 3018      F18F8150 
 3018      155C4EC6 
 3018      ED
 3019 00c2 37E14ACE 		.ascii	"7\341J\316H*\207\342C\340%\312y\257,r\267Ze(\334{]q"
 3019      482A87E2 
 3019      43E025CA 
 3019      79AF2C72 
 3019      B75A6528 
 3020 00da 39183778 		.ascii	"9\0307x\333\026l\323\260\255M\247\032Z{\304\254\036"
ARM GAS  C:\Users\PUBLIC~1.LAP\AppData\Local\Temp\ccuVLC9V.s 			page 83


 3020      DB166CD3 
 3020      B0AD4DA7 
 3020      1A5A7BC4 
 3020      AC1E
 3021 00ec 27DA1B1D 		.ascii	"'\332\033\0357{\255z\301\224Z:\357c\221\322\321\255"
 3021      377BAD7A 
 3021      C1945A3A 
 3021      EF6391D2 
 3021      D1AD
 3022 00fe 4B768AA2 		.ascii	"Kv\212\242\332\036\366\277ky\330\337\335\250\243\367"
 3022      DA1EF6BF 
 3022      6B79D8DF 
 3022      DDA8A3F7 
 3023 010e 8C583D3E 		.ascii	"\214X=>\275\305+\371CW[\231\352\032V?5\202aJ\202\220"
 3023      BDC52BF9 
 3023      43575B99 
 3023      EA1A563F 
 3023      3582614A 
 3024 0124 E55E1763 		.ascii	"\345^\027c\230\256\026\220\012\221\357~\364Oo\355\373"
 3024      98AE1690 
 3024      0A91EF7E 
 3024      F44F6FED 
 3024      FB
 3025 0135 4327B24F 		.ascii	"C'\262O\266\235\211\337d\214\261\345t\260\267\272\245"
 3025      B69D89DF 
 3025      648CB1E5 
 3025      74B0B7BA 
 3025      A5
 3026 0146 1104D470 		.ascii	"\021\004\324p}\365=\333\323\237/\2759\004\244h\012\272"
 3026      7DF53DDB 
 3026      D39F2FBD 
 3026      3904A468 
 3026      0ABA
 3027 0158 9174D01F 		.ascii	"\221t\320\037\262\331\247\233\360\205\036(\373]\200"
 3027      B2D9A79B 
 3027      F0851E28 
 3027      FB5D80
 3028 0167 5AAD6F51 		.ascii	"Z\255oQ\026\307\346\360)\035\2525\000\004\265\207\027"
 3028      16C7E6F0 
 3028      291DAA35 
 3028      0004B587 
 3028      17
 3029 0178 7D10EFBD 		.ascii	"}\020\357\275\265|)\"t\304{\357\205\000\205\007oS@\320"
 3029      B57C2922 
 3029      74C47BEF 
 3029      85008507 
 3029      6F5340D0 
 3030 018c 1BE1389A 		.ascii	"\033\3418\232\261G\277\032\355\214\225\020\324t\326"
 3030      B147BF1A 
 3030      ED8C9510 
 3030      D474D6
 3031 019b A69F770D 		.ascii	"\246\237w\015:)+\220N\277\016\305Tq!2\371'e\352\307"
 3031      3A292B90 
 3031      4EBF0EC5 
 3031      54712132 
 3031      F92765EA 
 3032 01b0 BDB7E584 		.ascii	"\275\267\345\204\304\216/\344\340hU]\320\26369%\343"
ARM GAS  C:\Users\PUBLIC~1.LAP\AppData\Local\Temp\ccuVLC9V.s 			page 84


 3032      C48E2FE4 
 3032      E068555D 
 3032      D0B33639 
 3032      25E3
 3033 01c2 E800D1C7 		.ascii	"\350\000\321\307\242\334\321m\362\317\200\302\324\""
 3033      A2DCD16D 
 3033      F2CF80C2 
 3033      D422
 3034 01d0 C997DE57 		.ascii	"\311\227\336W\247\221\015+\306\012\213\035\326?\241"
 3034      A7910D2B 
 3034      C60A8B1D 
 3034      D63FA1
 3035 01df 680B0C75 		.ascii	"h\013\014u\271U%\337(\206h\237~u\326%\007\206\325\354"
 3035      B95525DF 
 3035      2886689F 
 3035      7E75D625 
 3035      0786D5EC 
 3036 01f3 D0663092 		.ascii	"\320f0\222U\206\260\311H\0221V\315\007\247\247V{f\244"
 3036      5586B0C9 
 3036      48123156 
 3036      CD07A7A7 
 3036      567B66A4 
 3037 0207 AD953ED6 		.ascii	"\255\225>\3267\255\006/\034\007$Y3\240f\343)g\261\232"
 3037      37AD062F 
 3037      1C072459 
 3037      33A066E3 
 3037      2967B19A 
 3038 021b 8CC91A5A 		.ascii	"\214\311\032ZY{\355\224\2622\004\214d\221>4\026\210"
 3038      597BED94 
 3038      B232048C 
 3038      64913E34 
 3038      1688
 3039 022d 988CC6C3 		.ascii	"\230\214\306\303\242\361\2606\\\210\201\210\301\\9\255"
 3039      A2F1B036 
 3039      5C888188 
 3039      C15C39AD 
 3040 023d 05373DB3 		.ascii	"\0057=\263\262\226\003\004\263\305d:/\033\233\234\007"
 3040      B2960304 
 3040      B3C5643A 
 3040      2F1B9B9C 
 3040      07
 3041 024e 151CD876 		.ascii	"\025\034\330vz\376\273\226\207aa\206X\337\014\317\273"
 3041      7AFEBB96 
 3041      87616186 
 3041      58DF0CCF 
 3041      BB
 3042 025f 88A434A4 		.ascii	"\210\2444\244\2327Ckq\266\2555\205\323\236\237\312\010"
 3042      9A37436B 
 3042      71B6AD35 
 3042      85D39E9F 
 3042      CA08
 3043 0271 818AB2A2 		.ascii	"\201\212\262\242\2653l\250\307y\225\302^\337\250H5 "
 3043      B5336CA8 
 3043      C77995C2 
 3043      5EDFA848 
 3043      3520
 3044 0283 60A2512C 		.ascii	"`\242Q,{\316\341\275h\316\020\205@ \263\242%\015;T\032"
ARM GAS  C:\Users\PUBLIC~1.LAP\AppData\Local\Temp\ccuVLC9V.s 			page 85


 3044      7BCEE1BD 
 3044      68CE1085 
 3044      4020B3A2 
 3044      250D3B54 
 3045 0298 97B01B64 		.ascii	"\227\260\033d\302UH\256\0376\333\274\007\260d\354\026"
 3045      C25548AE 
 3045      1F36DBBC 
 3045      07B064EC 
 3045      16
 3046 02a9 FFA2AB16 		.ascii	"\377\242\253\026\032(\006|I\031Y\206\326\265\316\254"
 3046      1A28067C 
 3046      49195986 
 3046      D6B5CEAC 
 3047 02b9 F6EC928C 		.ascii	"\366\354\222\214\266\330*\023q-\035j\267\327\245\271"
 3047      B6D82A13 
 3047      712D1D6A 
 3047      B7D7A5B9 
 3048 02c9 E561DC94 		.ascii	"\345a\334\224\207\214u\312N\335\346\272Za\265(k\000"
 3048      878C75CA 
 3048      4EDDE6BA 
 3048      5A61B528 
 3048      6B00
 3049 02db 5663F03D 		.ascii	"Vc\360=\325\261!\000\331\224a\2061\035\201\335Z\261"
 3049      D5B12100 
 3049      D9946186 
 3049      311D81DD 
 3049      5AB1
 3050 02ed 4BC37148 		.ascii	"K\303qH\201\354\276\340\3151\266\306\225\213B\001"
 3050      81ECBEE0 
 3050      CD31B6C6 
 3050      958B4201 
 3051              		.text
 3052              		.section	.gnu.lto_.symbol_nodes.840cbe4c,"e",%progbits
 3053 0000 28B52FFD 		.ascii	"(\265/\375`U\001\245\007\000B\213*0pK\323\001\306\375"
 3053      605501A5 
 3053      0700428B 
 3053      2A30704B 
 3053      D301C6FD 
 3054 0014 3FB35BB8 		.ascii	"?\263[\270\177\341\251\227\033\"\0304<\336\347\372\215"
 3054      7FE1A997 
 3054      1B221834 
 3054      3CDEE7FA 
 3054      8D
 3055 0025 8002FFFF 		.ascii	"\200\002\377\377\257\252\252\"\302s\375W\025\2775k\315"
 3055      AFAAAA22 
 3055      C273FD57 
 3055      15BF356B 
 3055      CD
 3056 0036 AC9B90BD 		.ascii	"\254\233\220\275\255\224[\312\371d\015C\036\272\"!U"
 3056      AD945BCA 
 3056      F9640D43 
 3056      1EBA2221 
 3056      55
 3057 0047 46D468B3 		.ascii	"F\324h\263\317\3050DE\314\252F2\353P\223\267\224\267"
 3057      CFC53044 
 3057      45CCAA46 
 3057      32EB5093 
ARM GAS  C:\Users\PUBLIC~1.LAP\AppData\Local\Temp\ccuVLC9V.s 			page 86


 3057      B794B7
 3058 005a 6A416F9D 		.ascii	"jAo\235\313\361\003\221\260\313\230\335\305\262^\215"
 3058      CBF10391 
 3058      B0CB98DD 
 3058      C5B25E8D 
 3059 006a 1FDD6739 		.ascii	"\037\335g9\271\011\357\012\204\267\304\301{\302\340"
 3059      B909EF0A 
 3059      84B7C4C1 
 3059      7BC2E0
 3060 0079 4D51F0B6 		.ascii	"MQ\360\266\320\314l0\302L\205\021\202w\324\201w\205"
 3060      D0CC6C30 
 3060      C24C8511 
 3060      8277D481 
 3060      7785
 3061 008b F53B0243 		.ascii	"\365;\002CzC\010\274\037\002\336\016\000\357\206\313"
 3061      7A4308BC 
 3061      1F02DE0E 
 3061      00EF86CB 
 3062 009b 9B618A98 		.ascii	"\233a\212\230\345MU.q88M\261#\363\231\037Q\031B\010"
 3062      E54D552E 
 3062      7138384D 
 3062      B123F399 
 3062      1F511942 
 3063 00b0 A34B1B2D 		.ascii	"\243K\033-3\333B$ @\003!n1\035\211\213\036\0061\264"
 3063      33DB4224 
 3063      20400321 
 3063      6E311D89 
 3063      8B1E0631 
 3064 00c5 87368FB1 		.ascii	"\2076\217\261\020\321\366\320\203\030\304 \033\244:"
 3064      10D1F6D0 
 3064      8318C420 
 3064      1BA43A
 3065 00d4 B087E8D3 		.ascii	"\260\207\350\323\303\250\011\220\004\211A\342\003h\201"
 3065      C3A80990 
 3065      048941E2 
 3065      036881
 3066 00e3 14975949 		.ascii	"\024\227YI\311\275\017\315\256\203|\344G\374\211\023"
 3066      C9BD0FCD 
 3066      AE837CE4 
 3066      47FC8913 
 3067 00f3 808E48AF 		.ascii	"\200\216H\257\341 /\222\263\321\011"
 3067      E1202F92 
 3067      B3D109
 3068              		.text
 3069              		.section	.gnu.lto_.refs.840cbe4c,"e",%progbits
 3070 0000 28B52FFD 		.ascii	"(\265/\375 \005)\000\000\001\000\000\000\000"
 3070      20052900 
 3070      00010000 
 3070      0000
 3071              		.text
 3072              		.section	.gnu.lto_.decls.840cbe4c,"e",%progbits
 3073 0000 28B52FFD 		.ascii	"(\265/\375`\225!\335\217\000\212\350\3243R@\216J\352"
 3073      609521DD 
 3073      8F008AE8 
 3073      D4335240 
 3073      8E4AEA
 3074 0013 1428BE8F 		.ascii	"\024(\276\217'\227\025;\204\213\246{[\356\017@\027A"
ARM GAS  C:\Users\PUBLIC~1.LAP\AppData\Local\Temp\ccuVLC9V.s 			page 87


 3074      2797153B 
 3074      848BA67B 
 3074      5BEE0F40 
 3074      1741
 3075 0025 1A70157A 		.ascii	"\032p\025z\3636\3301\307\023\203\370\367\240\014\031"
 3075      F336D831 
 3075      C71383F8 
 3075      F7A00C19 
 3076 0035 912FD80B 		.ascii	"\221/\330\013\003\232\270\204\330\311\306\204\205\033"
 3076      039AB884 
 3076      D8C9C684 
 3076      851B
 3077 0043 CD335A14 		.ascii	"\3153Z\024tov\210\332#9c\034\315\354b\375\243\205-c"
 3077      746F7688 
 3077      DA233963 
 3077      1CCDEC62 
 3077      FDA3852D 
 3078 0058 7EEE2B65 		.ascii	"~\356+e\267\3352\245\024\337\002#\003:\003}\223\340"
 3078      B7DD32A5 
 3078      14DF0223 
 3078      033A037D 
 3078      93E0
 3079 006a EE47FA16 		.ascii	"\356G\372\026\316\005.+\371\352\021\015\334Q\030\323"
 3079      CE052E2B 
 3079      F9EA110D 
 3079      DC5118D3 
 3080 007a 9157BE11 		.ascii	"\221W\276\021\225\0170W\204\340\276N\334\227\0127`\003"
 3080      950F3057 
 3080      84E0BE4E 
 3080      DC970A37 
 3080      6003
 3081 008c 4B7067DC 		.ascii	"Kpg\334=\223\214\260.\257\366U\302}W\340\206\202\265"
 3081      3D938CB0 
 3081      2EAFF655 
 3081      C27D57E0 
 3081      8682B5
 3082 009f 9399BB61 		.ascii	"\223\231\273a\262\350\230^\365\322Z\\\270y\027\032V"
 3082      B2E8985E 
 3082      F5D25A5C 
 3082      B879171A 
 3082      56
 3083 00b0 1CCBD399 		.ascii	"\034\313\323\2313T\315\327nr\231\263\224DL\356\313K"
 3083      3354CDD7 
 3083      6E7299B3 
 3083      94444CEE 
 3083      CB4B
 3084 00c2 9B7B5539 		.ascii	"\233{U9\315<\315\246\010C6J\202\346\004\343un\347t."
 3084      CD3CCDA6 
 3084      0843364A 
 3084      82E604E3 
 3084      756EE774 
 3085 00d7 C6C7F817 		.ascii	"\306\307\370\027\017\343O\237\353\0261\347S\367\312"
 3085      0FE34F9F 
 3085      EB1631E7 
 3085      53F7CA
 3086 00e6 407566C6 		.ascii	"@uf\306\223\247\003\017\015\027\263([2\250\375^\270"
 3086      93A7030F 
ARM GAS  C:\Users\PUBLIC~1.LAP\AppData\Local\Temp\ccuVLC9V.s 			page 88


 3086      0D17B328 
 3086      5B32A8FD 
 3086      5EB8
 3087 00f8 DF08EE1F 		.ascii	"\337\010\356\037\202\271\340#5V\204\275\352q+\230\255"
 3087      82B9E023 
 3087      355684BD 
 3087      EA712B98 
 3087      AD
 3088 0109 1D5129B8 		.ascii	"\035Q)\270-79r\204\021\363\252\026^\230\033tP8\213\277"
 3088      2D373972 
 3088      8411F3AA 
 3088      165E981B 
 3088      7450388B 
 3089 011e 7D9227A3 		.ascii	"}\222'\243\242W\373\227\270\277\005\356\037\302\302"
 3089      A257FB97 
 3089      B8BF05EE 
 3089      1FC2C2
 3090 012d 96E3254A 		.ascii	"\226\343%Jt\306\346WxK'mR:\334\336e\255J\017\270\033"
 3090      74C6E657 
 3090      784B276D 
 3090      523ADCDE 
 3090      65AD4A0F 
 3091 0143 C92A4E25 		.ascii	"\311*N%\007L\2179,m\270\235\012\366)~\346\317\017\216"
 3091      074C8F39 
 3091      2C6DB89D 
 3091      0AF6297E 
 3091      E6CF0F8E 
 3092 0157 96E35BA2 		.ascii	"\226\343[\242\245\304\251\014\267\177Xs>\254\355b\270"
 3092      A5C4A90C 
 3092      B77F5873 
 3092      3EACED62 
 3092      B8
 3093 0168 DBA5B49A 		.ascii	"\333\245\264\232M\333\330W]\024(=3!voP\236\344\020\211"
 3093      4DDBD857 
 3093      5D14283D 
 3093      3321766F 
 3093      509EE410 
 3094 017d 46D17895 		.ascii	"F\321x\225\212?[\315\215\330\321D\317\234p9\351&9\322"
 3094      8A3F5BCD 
 3094      8DD8D144 
 3094      CF9C7039 
 3094      E92639D2 
 3095 0191 82B0BDDA 		.ascii	"\202\260\275\332\"\304\\\211C\301\204\316\314Ls\206"
 3095      22C45C89 
 3095      43C184CE 
 3095      CC4C7386 
 3096 01a1 9279993F 		.ascii	"\222y\231?\275\2113i\025\232sQ\3169D\023\017s$6E\320"
 3096      BD893369 
 3096      159A7351 
 3096      CE394413 
 3096      0F732436 
 3097 01b7 6CA3267A 		.ascii	"l\243&z\324\342\011\017\007\236\233\261H\231Z\325\206"
 3097      D4E2090F 
 3097      079E9BB1 
 3097      48995AD5 
 3097      86
 3098 01c8 BA8615FB 		.ascii	"\272\206\025\373\316\352c_4.\244Y\361\222q\253\300\215"
ARM GAS  C:\Users\PUBLIC~1.LAP\AppData\Local\Temp\ccuVLC9V.s 			page 89


 3098      CEEA635F 
 3098      342EA459 
 3098      F19271AB 
 3098      C08D
 3099 01da C4603644 		.ascii	"\304`6D\236E\244^\005\373R\253dYa\366j\373\227s\271"
 3099      9E45A45E 
 3099      05FB52AB 
 3099      645961F6 
 3099      6AFB9773 
 3100 01ef 17003983 		.ascii	"\027\0009\203\3119\017\340\363z\333\001\366\252G]\352"
 3100      C9390FE0 
 3100      F37ADB01 
 3100      F6AA475D 
 3100      EA
 3101 0200 CF9E77B5 		.ascii	"\317\236w\265\257\010\232s\324\025_g\352^m\"\026\362"
 3101      AF089A73 
 3101      D4155F67 
 3101      EA5E6D22 
 3101      16F2
 3102 0212 DEDAF3DE 		.ascii	"\336\332\363\336\212\3015\254\357;k\313\265\257&j\244"
 3102      8AC135AC 
 3102      EF3B6BCB 
 3102      B5AF266A 
 3102      A4
 3103 0223 87D9AB2F 		.ascii	"\207\331\253/x\226\037Q\271\230\331.g\250\316\3239!"
 3103      78961F51 
 3103      B998D92E 
 3103      67A8CED3 
 3103      3921
 3104 0235 627AD5C8 		.ascii	"bz\325\310\215\316\271`\345\325fq\273\226\027\201f\016"
 3104      8DCEB960 
 3104      E5D56671 
 3104      BB961781 
 3104      660E
 3105 0247 374AE8CA 		.ascii	"7J\350\312h\275\332$`\033\022\355D\272\000\256<\242"
 3105      68BDDA24 
 3105      601B12ED 
 3105      44BA00AE 
 3105      3CA2
 3106 0259 1F1FE01A 		.ascii	"\037\037\340\032V\325w\326d\207\356\333\323\355A\354"
 3106      56D577D6 
 3106      6487EEDB 
 3106      D3ED41EC 
 3107 0269 BADB0B4C 		.ascii	"\272\333\013L\267\377\260\320_\335^\327\034\272o\002"
 3107      B7FFB0D0 
 3107      5FDD5ED7 
 3107      1CBA6F02 
 3108 0279 DD2E35D7 		.ascii	"\335.5\327\355;\344\272\233Iw[M\335\013\000\335\327"
 3108      ED3BE4BA 
 3108      9B49775B 
 3108      4DDD0B00 
 3108      DDD7
 3109 028b 43B76FE9 		.ascii	"C\267o\351\322\355\\\2206t\273\225\266n\307r\264\323"
 3109      D2ED5C90 
 3109      3674BB95 
 3109      B66EC772 
 3109      B4D3
ARM GAS  C:\Users\PUBLIC~1.LAP\AppData\Local\Temp\ccuVLC9V.s 			page 90


 3110 029d ED53D4BA 		.ascii	"\355S\324\272=\315(\247\333\233t{\224n\207\322\355O"
 3110      3DCD28A7 
 3110      DB9B747B 
 3110      946E87D2 
 3110      ED4F
 3111 02af 56F4BA6F 		.ascii	"V\364\272oM\267\213u;\223n_\322]\335\275v\337^\267\347"
 3111      4DB78B75 
 3111      3B936E5F 
 3111      D25DDDBD 
 3111      76DF5EB7 
 3112 02c4 301437DD 		.ascii	"0\0247\335\367v\373\012I\272\035\254\333\243\335\276"
 3112      F776FB0A 
 3112      49BA1DAC 
 3112      DBA3DDBE 
 3113 02d4 D5ED48BA 		.ascii	"\325\355H\272]\253\333\237\335\236e\323\375d\272\035"
 3113      5DABDB9F 
 3113      DD9E65D3 
 3113      FD64BA1D 
 3114 02e4 ABDB7F74 		.ascii	"\253\333\177t{U\267\347\350\366\250n\177\352\366\246"
 3114      7B55B7E7 
 3114      E8F6A86E 
 3114      7FEAF6A6 
 3115 02f4 6E67EAF6 		.ascii	"ng\352\366e\267#u\373Q\267\033u\373\212n'\352\366d\267"
 3115      65B72375 
 3115      FB51B71B 
 3115      75FB8A6E 
 3115      27EAF664 
 3116 0309 B3D0ED42 		.ascii	"\263\320\355B\335\236\242\333\221\335\375\245\333\203"
 3116      DD9EA2DB 
 3116      91DDFDA5 
 3116      DB83
 3117 0317 BA7BACBB 		.ascii	"\272{\254\273\237t;\212no\273]\205\356\036\323\335Q"
 3117      9F743B8A 
 3117      6E6FBB5D 
 3117      85EE1ED3 
 3117      DD51
 3118 0329 BA1B4A77 		.ascii	"\272\033Jw\227u7Xw\033\320\335N\272\273\346\356\356"
 3118      97753758 
 3118      771BD0DD 
 3118      4EBABBE6 
 3118      EEEE
 3119 033b EEAEFBCD 		.ascii	"\356\256\373\315\272y\\\272;@\003\271\210\331!G\231"
 3119      BA795CBA 
 3119      3B4003B9 
 3119      88D92147 
 3119      99
 3120 034c CA342266 		.ascii	"\3124\"fN\316Rr\036\345\234\327+(\035\262<\344\314k"
 3120      4ECE5272 
 3120      1EE59CD7 
 3120      2B281DB2 
 3120      3CE4CC6B 
 3121 0360 4E43022C 		.ascii	"NC\002,s\206JB3\324\012\315Y\200\274\226\\s\350ZN\222"
 3121      73864A42 
 3121      33D40ACD 
 3121      5980BC96 
 3121      5C73E85A 
 3122 0376 15E5EC64 		.ascii	"\025\345\354d9;\261\3109c\3109\337\344\242\245$\")\246"
ARM GAS  C:\Users\PUBLIC~1.LAP\AppData\Local\Temp\ccuVLC9V.s 			page 91


 3122      393BB1C8 
 3122      3963C839 
 3122      DFE4A2A5 
 3122      242229A6 
 3123 038a 0D0B22A6 		.ascii	"\015\013\"\246Q\306\302\3410\224R)f\210&^Rg&\202&]\231"
 3123      51C6C2E1 
 3123      30945229 
 3123      6688265E 
 3123      52672682 
 3124 03a1 C4CCCE9C 		.ascii	"\304\314\316\234\245\271\304\322$4\203\315\331X\251"
 3124      A5B9C4D2 
 3124      243483CD 
 3124      D958A9
 3125 03b0 4161F264 		.ascii	"Aa\362d52F\347\002\032\3076\325z\365\303\360\202\264"
 3125      353246E7 
 3125      021AC736 
 3125      D57AF5C3 
 3125      F082B4
 3126 03c3 08CB12A3 		.ascii	"\010\313\022\243{0H\246\234\266^\3759h\321M\233\362"
 3126      7B3048A6 
 3126      9CB65EFD 
 3126      3968D14D 
 3126      9BF2
 3127 03d5 4C9816FE 		.ascii	"L\230\026\376\362r\\d\270l\275\252\245\007\226\324\302"
 3127      F2725C64 
 3127      B86CBDAA 
 3127      A50796D4 
 3127      C2
 3128 03e6 4CD60E1B 		.ascii	"L\326\016\033S.\032\317\274\331\211\263D\245Ee\365>"
 3128      532E1ACF 
 3128      BCD989B3 
 3128      44A54565 
 3128      F53E
 3129 03f8 9EA6452B 		.ascii	"\236\246E+~\231\253\354\314\370\231\317<\236\246?^x"
 3129      7E99ABEC 
 3129      CCF899CF 
 3129      3C9EA63F 
 3129      5E78
 3130 040a AD2E326E 		.ascii	"\255.2n\237\344\321\034\012\306\233R\233\376\017\347"
 3130      9FE4D11C 
 3130      0AC69B52 
 3130      9BFE0FE7 
 3131 041a 0FF9524E 		.ascii	"\017\371RN\241\242|N\315\211\344\273\264T\371\270\307"
 3131      A1A27C4E 
 3131      CD89E4BB 
 3131      B454F9B8 
 3131      C7
 3132 042b F2569ECB 		.ascii	"\362V\236\313\257}\226\367\362l\177\345\247\337\345"
 3132      AF7D96F7 
 3132      F26C7FE5 
 3132      A7DFE5
 3133 043a B53CDCB7 		.ascii	"\265<\334\267\375\333o\361\347\273\371[\177\332\253"
 3133      FDDB6FF1 
 3133      E7BBF95B 
 3133      7FDAAB
 3134 0449 1971FB23 		.ascii	"\031q\373#\277\274\311\345\007S]\314$}\315\305t\004"
 3134      BFBCC9E5 
ARM GAS  C:\Users\PUBLIC~1.LAP\AppData\Local\Temp\ccuVLC9V.s 			page 92


 3134      07535DCC 
 3134      247DCDC5 
 3134      7404
 3135 045b 8E97FA01 		.ascii	"\216\227\372\001\325\355\300\210w\373\034\257\303&\211"
 3135      D5EDC088 
 3135      77FB1CAF 
 3135      C32689
 3136 046a 211B19F1 		.ascii	"!\033\031\361\370!\2423_\004\343\237\252\266Ls\316e"
 3136      F821A233 
 3136      5F04E39F 
 3136      AAB64C73 
 3136      CE65
 3137 047c DEEDA9B4 		.ascii	"\336\355\251\264\026\261\035<<<\352\034\234\225(\004"
 3137      16B11D3C 
 3137      3C3CEA1C 
 3137      9C952804 
 3138 048c D45E8760 		.ascii	"\324^\207`\265\307\376\354\247\370\363\321\372\321>"
 3138      B5C7FEEC 
 3138      A7F8F3D1 
 3138      FAD13E
 3139 049b CA2FF394 		.ascii	"\312/\363\224\2313\347\374h/\345\237\272\306\234\217"
 3139      9933E7FC 
 3139      682FE59F 
 3139      BAC69C8F 
 3140 04ab F6610F25 		.ascii	"\366a\017%\231a*\255\003\017\017\317+\227vJ \270W\036"
 3140      99612AAD 
 3140      030F0FCF 
 3140      2B97764A 
 3140      20B8571E 
 3141 04bf 584911B6 		.ascii	"XI\021\2662E\252\216\354\263\222T\326T\004\213gb\345"
 3141      3245AA8E 
 3141      ECB39254 
 3141      D654048B 
 3141      6762E5
 3142 04d2 594D3EE9 		.ascii	"YM>\351\2318\024,\367\242?lhe=\371\262w\342\317o\362"
 3142      9938142C 
 3142      F7A23F6C 
 3142      68653DF9 
 3142      B277E2CF 
 3143 04e8 62FD5F0F 		.ascii	"b\375_\017\306\303\303\303\001\307\371Cl\011\253\275"
 3143      C6C3C3C3 
 3143      01C7F943 
 3143      6C09ABBD 
 3144 04f8 EA60B264 		.ascii	"\352`\262d\356HZ\325\253J<\316\313\005\267%<\366b9\316"
 3144      EE485AD5 
 3144      AB4A3CCE 
 3144      CB05B725 
 3144      3CF66239 
 3145 050d 48D4ABBD 		.ascii	"H\324\253\275f\334<1\270yt\270\327\\\303j\343;k\327"
 3145      66DC3C31 
 3145      B87974B8 
 3145      D75CC36A 
 3145      E33B6BD7 
 3146 0521 433FEA51 		.ascii	"C?\352QkpiY^\376\374\256\227\326D\371\370R\242\252\315"
 3146      6B706959 
 3146      5EFEFCAE 
 3146      97D644F9 
ARM GAS  C:\Users\PUBLIC~1.LAP\AppData\Local\Temp\ccuVLC9V.s 			page 93


 3146      F852A2AA 
 3147 0536 AB8A3E57 		.ascii	"\253\212>W\232\031Q\230W\271~K\0008/G5p\363\240p\363"
 3147      9A195198 
 3147      57B97E4B 
 3147      00382F47 
 3147      3570F3A0 
 3148 054c 66E0E6BD 		.ascii	"f\340\346\275\300\030^\253\210\2231\244\264W\237wI\221"
 3148      C0185EAB 
 3148      889331A4 
 3148      B4579F77 
 3148      4991
 3149 055e 28F3D5E6 		.ascii	"(\363\325\346%\211|\226\232#iH\217/\270\325\270!B\244"
 3149      25897C96 
 3149      9A236948 
 3149      8F2FB8D5 
 3149      B82142A4 
 3150 0572 28B595BD 		.ascii	"(\265\225\275\012\235\322u\271`z\365\257\376\257\014"
 3150      0A9DD275 
 3150      B9607AF5 
 3150      AFFEAF0C 
 3151 0582 2893F3D0 		.ascii	"(\223\363\320\007y\254\376\253\007\342\356\301\335C"
 3151      0779ACFE 
 3151      AB07E2EE 
 3151      C1DD43
 3152 0591 8E4DD890 		.ascii	"\216M\330\220\027\246Um\365\015\267z\005sP\321||\217"
 3152      17A6556D 
 3152      F50DB77A 
 3152      057350D1 
 3152      7C7C8F
 3153 05a4 26199AF4 		.ascii	"&\031\232\364\325\257z\027\374\251\300\363X\227N\320"
 3153      D5AF7A17 
 3153      FCA9C0F3 
 3153      58974ED0 
 3154 05b4 5C86D7E3 		.ascii	"\\\206\327\343\352\216\216\014\267+\260\266\340\012"
 3154      EA8E8E0C 
 3154      B72BB0B6 
 3154      E00A
 3155 05c2 ACAD86E1 		.ascii	"\254\255\206\341\003|g\235R\247\262P\335\330\302\255"
 3155      037C679D 
 3155      52A7B250 
 3155      DDD8C2AD 
 3156 05d2 1669FA92 		.ascii	"\026i\372\222\212\270\225\005\301\255\372\300_\343m"
 3156      8AB89505 
 3156      C1ADFAC0 
 3156      5FE36D
 3157 05e1 F89380BF 		.ascii	"\370\223\200\277\321\016\214\350\233\344\312S\032;3"
 3157      D10E8CE8 
 3157      9BE4CA53 
 3157      1A3B33
 3158 05f0 42BE4CE1 		.ascii	"B\276L\341v\002V\277s\002\326V\231\270U\033\370\203"
 3158      760256BF 
 3158      7302D656 
 3158      99B8551B 
 3158      F883
 3159 0602 EFAC316A 		.ascii	"\357\2541j\306p\260\335hz\026?\303\306\227\263\226\030"
 3159      C670B0DD 
 3159      687A163F 
ARM GAS  C:\Users\PUBLIC~1.LAP\AppData\Local\Temp\ccuVLC9V.s 			page 94


 3159      C3C697B3 
 3159      9618
 3160 0614 277F7ED3 		.ascii	"'\177~\323/\361p\340\221I\211\033\242\252\335?\343e"
 3160      2FF170E0 
 3160      9149891B 
 3160      A2AADD3F 
 3160      E365
 3161 0626 582D3DBD 		.ascii	"X-=\275\275\032\243\307\004\306Y\025\003?\323/m\261"
 3161      BD1AA3C7 
 3161      04C65915 
 3161      033FD32F 
 3161      6DB1
 3162 0638 CB217DB5 		.ascii	"\313!}\265\325$\334j\021>\342\260\336ea\262\352Wz\027"
 3162      D524DC6A 
 3162      113EE2B0 
 3162      DE6561B2 
 3162      EA577A17 
 3163 064c FEFC176F 		.ascii	"\376\374\027o\224\364H\321\027\377\342Y<\022NT\311\206"
 3163      94F448D1 
 3163      17FFE259 
 3163      3C124E54 
 3163      C986
 3164 065e 16071E1E 		.ascii	"\026\007\036\036_\024\211\026\222U\015.\266\242@\261"
 3164      5F148916 
 3164      92550D2E 
 3164      B6A240B1 
 3165 066e 09C28289 		.ascii	"\011\302\202\211\304\311}R\266\322\250j\306\250rRv\303"
 3165      C4C97D52 
 3165      B6D2A86A 
 3165      C6A87252 
 3165      76C3
 3166 0680 A469CBF2 		.ascii	"\244i\313\3626\351[v\226\024\303\"\353\313D-+\214\353"
 3166      36E95B76 
 3166      9614C322 
 3166      EBCB442D 
 3166      2B8CEB
 3167 0693 D5BBC497 		.ascii	"\325\273\304\227\261\346\214^\355\032(\254\344\216e"
 3167      B1E68C5E 
 3167      ED1A28AC 
 3167      E48E65
 3168 06a2 19924EC7 		.ascii	"\031\222N\307p\244\\\335\235\211\335d\357\354\254\031"
 3168      70A45CDD 
 3168      9D89DD64 
 3168      EFECAC19 
 3169 06b2 17664607 		.ascii	"\027fF\007\235s\313\253}\223t\337\257\013\366W&\344"
 3169      9D73CBAB 
 3169      7D9374DF 
 3169      AF0BF657 
 3169      26E4
 3170 06c4 BCE146EE 		.ascii	"\274\341F\356LJ\353U\011\\\303\332\363\235\365v\205"
 3170      4C4AEB55 
 3170      095CC3DA 
 3170      F39DF576 
 3170      85
 3171 06d5 E8EBD53B 		.ascii	"\350\353\325;8<p\314\000{u\365\235u\3033z\245Q2\323"
 3171      383C70CC 
 3171      007B75F5 
ARM GAS  C:\Users\PUBLIC~1.LAP\AppData\Local\Temp\ccuVLC9V.s 			page 95


 3171      9D75C333 
 3171      7AA55132 
 3172 06ea 1A25BC81 		.ascii	"\032%\274\201\305\326\345\332\232\322\244f\010o ;r\241"
 3172      C5D6E5DA 
 3172      9AD2A466 
 3172      086F203B 
 3172      72A1
 3173 06fc 17C99126 		.ascii	"\027\311\221&0h\350\360\006.\255kD\3532\371\222b\326"
 3173      3068E8F0 
 3173      062EAD6B 
 3173      44EB32F9 
 3173      9262D6
 3174 070f E0D2B2E0 		.ascii	"\340\322\262\340\360\206\253\347-\322\317\313\344WB"
 3174      F086ABE7 
 3174      2DD2CFCB 
 3174      E45742
 3175 071e 40910B42 		.ascii	"@\221\013B\205\306\007\336\0206\344\022\271Yw\310e\342"
 3175      85C607DE 
 3175      1036E412 
 3175      B95977C8 
 3175      65E2
 3176 0730 2D970B38 		.ascii	"-\227\0138\331\262*c\367B\267o\245\021\345B\"\303\355"
 3176      D9B22A63 
 3176      F742B76F 
 3176      A511E542 
 3176      22C3ED
 3177 0743 E3C23A71 		.ascii	"\343\302:q@\200\\,\"%\0323\263)\261 }\261j\242eK\032"
 3177      40805C2C 
 3177      22251A33 
 3177      B329B120 
 3177      7DB16AA2 
 3178 075a AFDE2B21 		.ascii	"\257\336+!<\372\372\340q\177\360\216\370z\374\250#\263"
 3178      3CFAFAE0 
 3178      717FF08E 
 3178      F87AFCA8 
 3178      23B3
 3179 076c EAFBE3C8 		.ascii	"\352\373\343\310\250\256\355\325\316\342\364E\307\253"
 3179      A8AEEDD5 
 3179      CEE2F445 
 3179      C7AB
 3180 077a B7471367 		.ascii	"\267G\023g \"\241\243[\307\255\362\300\363\013\026R"
 3180      2022A1A3 
 3180      5BC7ADF2 
 3180      C0F30B16 
 3180      52
 3181 078b 2DA635D0 		.ascii	"-\2465\3203P\250\354\350[\345U\005\307\333\333\253\227"
 3181      3350A8EC 
 3181      E85BE555 
 3181      05C7DBDB 
 3181      AB97
 3182 079d CAE1B0EE 		.ascii	"\312\341\260\356\254\334\253\243\232oc\234p\327\350"
 3182      ACDCABA3 
 3182      9A6F639C 
 3182      70D7E8
 3183 07ac 8BA3C6CD 		.ascii	"\213\243\306\315\3013\2223\221\007P#\260\254t\372\260"
 3183      C1339233 
 3183      91075023 
ARM GAS  C:\Users\PUBLIC~1.LAP\AppData\Local\Temp\ccuVLC9V.s 			page 96


 3183      B0AC74FA 
 3183      B0
 3184 07bd 4EE15164 		.ascii	"N\341Qd\351J\365\315q#\207E\003\311\253-w\2336"
 3184      E94AF5CD 
 3184      71238745 
 3184      03C9AB2D 
 3184      779B36
 3185 07d0 6E30A098 		.ascii	"n0\240\2304]+\003\357H\334\012\253W\357\215\276\314"
 3185      345D2B03 
 3185      EF48DC0A 
 3185      AB57EF8D 
 3185      BECC
 3186 07e2 6E9FAFCC 		.ascii	"n\237\257\314\306Ts\211\273\257\215n_/\314-\312\371"
 3186      C6547389 
 3186      BBAF8D6E 
 3186      5F2FCC2D 
 3186      CAF9
 3187 07f4 6AFB9070 		.ascii	"j\373\220p\3431XG,*\352&\037\003\324(\232\344\\\205"
 3187      E3315847 
 3187      2C2AEA26 
 3187      1F03D428 
 3187      9AE45C85 
 3188 0808 2899C465 		.ascii	"(\231\304e\301:k\367\351\351\315|`\022Yy\000\2103;}"
 3188      C13A6BF7 
 3188      E9E9CD7C 
 3188      60125979 
 3188      0088333B 
 3189 081d 70206D43 		.ascii	"p mC\232j8C\015\0312n\323[\221)\015\321\221\035\215"
 3189      9A6A3843 
 3189      0D19326E 
 3189      D35B9129 
 3189      0DD1911D 
 3190 0832 197D9BEE 		.ascii	"\031}\233\356\231\267.\0318\2123\254\335\245\273t\231"
 3190      99B72E19 
 3190      388A33AC 
 3190      DDA5BB74 
 3190      99
 3191 0843 3CABE83A 		.ascii	"<\253\350:3\245\271QD\311\332\253\227\251\267\330\334"
 3191      33A5B951 
 3191      44C9DAAB 
 3191      97A9B7D8 
 3191      DC
 3192 0854 C16171E2 		.ascii	"\301aq\342\235\245\013\027w\2113\364\210\337\355h:\273"
 3192      9DA50B17 
 3192      778933F4 
 3192      88DFED68 
 3192      3ABB
 3193 0866 2FFA2EBD 		.ascii	"/\372.\275\260\020\2455\261W\257\222\303}\023f\2144"
 3193      B010A535 
 3193      B157AF92 
 3193      C37D1366 
 3193      8C34
 3194 0878 25384D5B 		.ascii	"%8M[SGQx\347\014\011\251\013\312\303\020\226\215W\033"
 3194      53475178 
 3194      E70C09A9 
 3194      0BCAC310 
 3194      968D571B 
ARM GAS  C:\Users\PUBLIC~1.LAP\AppData\Local\Temp\ccuVLC9V.s 			page 97


 3195 088c 1F61007C 		.ascii	"\037a\000|\034\035\225\241\313Ou\030\000:#\243*w\311"
 3195      1C1D95A1 
 3195      CB4F7518 
 3195      003A23A3 
 3195      2A77C9
 3196 089f 96D5571B 		.ascii	"\226\325W\033\326p\265b\205\230\023g\352\205[\223\023"
 3196      D670B562 
 3196      85981367 
 3196      EA855B93 
 3196      13
 3197 08b0 AC01CB25 		.ascii	"\254\001\313%\272D\376\205\331\262\234\234>\370\250"
 3197      BA44FE85 
 3197      D9B29C9C 
 3197      3EF8A8
 3198 08bf 9A82CC6D 		.ascii	"\232\202\314m\341\000\244ww7\351\3139\017)\2357\367"
 3198      E100A477 
 3198      7737E9CB 
 3198      390F299D 
 3198      37F7
 3199 08d1 4DBA8FA5 		.ascii	"M\272\217\245\330\253-\367ueqdR^\355\236\023\007\000"
 3199      D8AB2DF7 
 3199      75657164 
 3199      525EED9E 
 3199      130700
 3200 08e4 47E2C73C 		.ascii	"G\342\307<\231\3762\335]\346\315\3702\347\274#\023\261"
 3200      99FE32DD 
 3200      5DE6CDF8 
 3200      32E7BC23 
 3200      13B1
 3201 08f6 21F0C2B4 		.ascii	"!\360\302\264\316\316.;-?t\267\\\277\03185\011\225$"
 3201      CECE2E3B 
 3201      2D3F74B7 
 3201      5CBF1938 
 3201      35099524 
 3202 090a 285F3006 		.ascii	"(_0\006\207vW\260\324@D\216\013\0300\275\026\322\247"
 3202      877657B0 
 3202      D440448E 
 3202      0B1830BD 
 3202      16D2A7
 3203 091d A6573D57 		.ascii	"\246W=W\220\363\0019\307\030JbP\0265a\270R\332L\346"
 3203      90F30139 
 3203      C7184A62 
 3203      50163561 
 3203      B852DA4C 
 3204 0932 A2E65447 		.ascii	"\242\346TG)e.=(\241\315\245\\\304\\z.\032Z*\2419\353"
 3204      29652E3D 
 3204      28A1CDA5 
 3204      5CC45C7A 
 3204      2E1A5A2A 
 3205 0949 E4CCCC4A 		.ascii	"\344\314\314Ji\023\206N\206\016-34g\317*bfef.]\231\233"
 3205      6913864E 
 3205      860E2D33 
 3205      3467CF2A 
 3205      62666566 
 3206 0961 4C1D6511 		.ascii	"L\035e\0213\231\245M\030\236\245\315\245R\332\\\352"
 3206      3399A54D 
 3206      189EA5CD 
ARM GAS  C:\Users\PUBLIC~1.LAP\AppData\Local\Temp\ccuVLC9V.s 			page 98


 3206      A552DA5C 
 3206      EA
 3207 0972 28A14339 		.ascii	"(\241C9C\207\222\036r\036Z*\245VK\235\\\324L*\245C0"
 3207      4387921E 
 3207      721E5A2A 
 3207      A5564B9D 
 3207      5CD44C2A 
 3208 0989 2AC83987 		.ascii	"*\3109\207\371\222\364$Q\224*K\207\222~\251\314P9\347"
 3208      F992F424 
 3208      51942A4B 
 3208      87927EA9 
 3208      CC5039E7 
 3209 099d 27871665 		.ascii	"'\207\026e\247\034-\213\301\017r\203\337\003\"\034\010"
 3209      A71C2D8B 
 3209      C10F7283 
 3209      DF03221C 
 3209      08
 3210 09ae D1FE704E 		.ascii	"\321\376pN\024C\250)\262\277\237M\012A#\320\317\247"
 3210      1443A829 
 3210      B2BF9F4D 
 3210      0A4123D0 
 3210      CFA7
 3211 09c0 029942D0 		.ascii	"\002\231B\320\250\001RE\011!\210`\360\347\207\034\""
 3211      A8015245 
 3211      09218860 
 3211      F0E7871C 
 3211      22
 3212 09d1 8919F4B0 		.ascii	"\211\031\364\260G#\211\236\022\031\224\330\200DO+\304"
 3212      4723899E 
 3212      121994D8 
 3212      80444F2B 
 3212      C4
 3213 09e2 72C01687 		.ascii	"r\300\026\207@*\200)\200\2007*\034\207?\026\310\004"
 3213      402A8029 
 3213      8080372A 
 3213      1C873F16 
 3213      C804
 3214 09f4 1039F4F9 		.ascii	"\0209\364\371\375nX$\220\005b?\260i\217\300\026\231"
 3214      FD6E5824 
 3214      9005623F 
 3214      B0698FC0 
 3214      1699
 3215 0a06 C1A7C896 		.ascii	"\301\247\310\226Ha<\012[c\261w\002\220\005R}\212lq\330"
 3215      48613C0A 
 3215      5B63B177 
 3215      02900552 
 3215      7D8A6C71 
 3216 0a1b 020D4F98 		.ascii	"\002\015O\230\370\3750\224\320)A\323A\030l\201A\310"
 3216      F8FD3094 
 3216      D02941D3 
 3216      41186C81 
 3216      41C8
 3217 0a2d E1051944 		.ascii	"\341\005\031D\000\002\002\222\270@\030\004\340\001\021"
 3217      00020292 
 3217      B8401804 
 3217      E00111
 3218 0a3c 0E8468A0 		.ascii	"\016\204h\240x\302O\030\374\375t\332\023F\2268\004\001"
ARM GAS  C:\Users\PUBLIC~1.LAP\AppData\Local\Temp\ccuVLC9V.s 			page 99


 3218      78C24F18 
 3218      FCFD74DA 
 3218      13469638 
 3218      0401
 3219 0a4e 430B41FC 		.ascii	"C\013A\374 \211\"\332!p\204\037\344\006\302\240\257"
 3219      208922DA 
 3219      2170841F 
 3219      E406C2A0 
 3219      AF
 3220 0a5f 1B203220 		.ascii	"\033 2 \304\266Gc\220\246\211\014 !@A<\002}\015A\210"
 3220      C4B64763 
 3220      90A6890C 
 3220      20214041 
 3220      3C027D0D 
 3221 0a75 DBFE8080 		.ascii	"\333\376\200\200(\216l[\034\"U o\332\037\373\003D\""
 3221      288E6C5B 
 3221      1C225520 
 3221      6FDA1FFB 
 3221      034422
 3222 0a88 59E20F08 		.ascii	"Y\342\017\010\010\030\304\0012\032\203\210<\225g\034"
 3222      0818C401 
 3222      321A8388 
 3222      3C95671C 
 3223 0a98 EEA86887 		.ascii	"\356\250h\207\307\2370\250\023\264\036}\204\267\205"
 3223      C79F30A8 
 3223      13B41E7D 
 3223      84B785
 3224 0aa7 20D8A331 		.ascii	" \330\2431(\014\366l\300\000\004(6\370\300\202\036d"
 3224      280CF66C 
 3224      C0000428 
 3224      36F8C082 
 3224      1E64
 3225 0ab9 4FD14824 		.ascii	"O\321H$\032\203\024\264Bl[4\006m\204\332`[\034\376\332"
 3225      1A8314B4 
 3225      426C5B34 
 3225      066D84DA 
 3225      605B1CFE 
 3226 0ace A331A826 		.ascii	"\2431\250&\010\371Bm\360\036\327\366w\303\006\213\300"
 3226      08F9426D 
 3226      F01ED7F6 
 3226      77C3068B 
 3226      C0
 3227 0adf 16591CFE 		.ascii	"\026Y\034\376\220\306\2370\210sd\213)\214\274#P\030"
 3227      90C69F30 
 3227      8873648B 
 3227      298CBC23 
 3227      5018
 3228 0af1 545922B0 		.ascii	"TY\"\260\250\262H\240\011`\361g\010\004L\241E\322\370"
 3228      A8B248A0 
 3228      0960F167 
 3228      08044CA1 
 3228      45D2F8
 3229 0b04 1459600A 		.ascii	"\024Y`\012^\373k1\333\002[$\257\375\261>Fb\333C\376"
 3229      5EFB6B31 
 3229      DB025B24 
 3229      AFFDB13E 
 3229      4662DB43 
ARM GAS  C:\Users\PUBLIC~1.LAP\AppData\Local\Temp\ccuVLC9V.s 			page 100


 3230 0b19 00814EE0 		.ascii	"\000\201N\340\265\277\266\207<\201=\252'\274\375\375"
 3230      B5BFB687 
 3230      3C813DAA 
 3230      27BCFDFD 
 3231 0b29 84C1DE4F 		.ascii	"\204\301\336Oq\330\016\201)z#P\260\307 \265\375\321"
 3231      71D80E81 
 3231      297A2350 
 3231      B0C720B5 
 3231      FDD1
 3232 0b3b B4426C51 		.ascii	"\264BlQeO\260'T\370A\022\361Oq\350Sd\203X,\324\022{"
 3232      654FB027 
 3232      54F84112 
 3232      F14F71E8 
 3232      53648358 
 3233 0b53 EDAFED19 		.ascii	"\355\257\355\031\207\307   {\304-\004\201l\203,\012"
 3233      87C72020 
 3233      207BC42D 
 3233      04816C83 
 3233      2C0A
 3234 0b65 268CC260 		.ascii	"&\214\302`\017\353s\002(X\034\366\264\307\037$Q\205"
 3234      0FEB7302 
 3234      28581CF6 
 3234      B4C71F24 
 3234      5185
 3235 0b77 CF71657D 		.ascii	"\317qe}\214\301v(\304\342 \024L\030\331`\221=\262'\260"
 3235      8CC17628 
 3235      C4E22014 
 3235      4C18D960 
 3235      913DB227 
 3236 0b8c C70CED0F 		.ascii	"\307\014\355\017\373\000\331\243\260\375\011\203\276"
 3236      FB00D9A3 
 3236      B0FD0983 
 3236      BE
 3237 0b99 A063DBA6 		.ascii	"\240c\333\246\340\375 \221=\366h\024\006\001\211,\362"
 3237      E0FD2091 
 3237      3DF66814 
 3237      0601892C 
 3237      F2
 3238 0baa 270CDA04 		.ascii	"'\014\332\004\021Yd\233b\025b\333\023\304\2370\210\203"
 3238      1159649B 
 3238      621562DB 
 3238      13C49F30 
 3238      8883
 3239 0bbc 845A629B 		.ascii	"\204Zb\233bm\177m\221E\301\326\244\200\004\022S\260"
 3239      626D7F6D 
 3239      9145C1D6 
 3239      A4800412 
 3239      53B0
 3240 0bce 6B4BD0FE 		.ascii	"kK\320\376~:G\226-\262(\326 \344\317\021\310k\177?H"
 3240      7E3A4796 
 3240      2DB228D6 
 3240      20E4CF11 
 3240      C86B7F3F 
 3241 0be3 22AFD722 		.ascii	"\"\257\327\"Q\374~\276\016\001\301\010\240\010\011\202"
 3241      51FC7EBE 
 3241      0E01C108 
 3241      A0080982 
ARM GAS  C:\Users\PUBLIC~1.LAP\AppData\Local\Temp\ccuVLC9V.s 			page 101


 3242 0bf3 41101B3A 		.ascii	"A\020\033:\202\020$\016\010\201\003\014p\020\004\222"
 3242      8210240E 
 3242      0881030C 
 3242      70100492 
 3243 0c03 6D813F2C 		.ascii	"m\201?,\020\353#\014\366\004\217\310\036\023C \244\261"
 3243      10EB230C 
 3243      F6048FC8 
 3243      1E134320 
 3243      A4B1
 3244 0c15 0769EC29 		.ascii	"\007i\354)\321\301\320\304PH\242\004\010\034\010\021"
 3244      D1C1D0C4 
 3244      5048A204 
 3244      081C0811 
 3245 0c25 4464DB12 		.ascii	"Dd\333\022T\010O\014\201~\300\006\032(a\202\013\"\020"
 3245      54084F0C 
 3245      817EC006 
 3245      1A286182 
 3245      0B2210
 3246 0c38 73B1C4B8 		.ascii	"s\261\304\270\220\270x5\000$\272k\327t\267\316w\345"
 3246      90B87835 
 3246      0024BA6B 
 3246      D774B7CE 
 3246      77E5
 3247 0c4a 812A6B75 		.ascii	"\201*kuva\372\326y\001\302E\012\256\355\200H\225i\003"
 3247      7661FAD6 
 3247      7901C245 
 3247      0AAEED80 
 3247      48956903 
 3248 0c5e 93E388EA 		.ascii	"\223\343\210\352\312\223\271*\033%\243*\351\227\351"
 3248      CA93B92A 
 3248      1B25A32A 
 3248      E997E9
 3249 0c6d 0D111A57 		.ascii	"\015\021\032WPr\367GNT\206\325\033\005cR\202x\351b\303"
 3249      5072F747 
 3249      4E5486D5 
 3249      1B056352 
 3249      8278E962 
 3250 0c82 42CABC8A 		.ascii	"B\312\274\212\273\\\340\236\250**J\034\\\217-\011\021"
 3250      BB5CE09E 
 3250      A82A2A4A 
 3250      1C5C8F2D 
 3250      0911
 3251 0c94 AE2D7DE1 		.ascii	"\256-}\341\236\014\032\324\356\325\253E\313\215+@^\275"
 3251      9E0C1AD4 
 3251      EED5AB45 
 3251      CB8D2B40 
 3251      5EBD
 3252 0ca6 59DEDCDA 		.ascii	"Y\336\334\332nd`U\301b\273X\256\324\024iB\211\371b\273"
 3252      6E646055 
 3252      C162BB58 
 3252      AED41469 
 3252      4289F962 
 3253 0cbb 825337A6 		.ascii	"\202S7\246\306\323J\337++\014'2I\257\3365\367\272\221"
 3253      C6D34ADF 
 3253      2B2B0C27 
 3253      3249AFDE 
 3253      35F7BA91 
ARM GAS  C:\Users\PUBLIC~1.LAP\AppData\Local\Temp\ccuVLC9V.s 			page 102


 3254 0ccf 0A4375E3 		.ascii	"\012Cu\343\325[\205\212\032\215W\214\026\031\355\246"
 3254      D55B858A 
 3254      1A8D578C 
 3254      1619EDA6 
 3255 0cdf 9DD138D9 		.ascii	"\235\3218\331zte\241\335\263\273i\020\255)}\317\274"
 3255      7A7465A1 
 3255      DDB3BB69 
 3255      10AD297D 
 3255      CFBC
 3256 0cf1 6E1387D5 		.ascii	"n\023\207\325\253\327\314\275\204\2505-Ii\367:3\013"
 3256      ABD7CCBD 
 3256      84A8352D 
 3256      4969F73A 
 3256      330B
 3257 0d03 82A2A8F2 		.ascii	"\202\242\250\362\3704\213\022\2352\206HFD$M\222\016"
 3257      F8348B12 
 3257      9D328648 
 3257      4644244D 
 3257      920E
 3258 0d15 420B1008 		.ascii	"B\013\020\010CQ\232\326\262\003\022\000$9\023b\206\014"
 3258      43519AD6 
 3258      B2031200 
 3258      24391362 
 3258      860C
 3259 0d27 91C82828 		.ascii	"\221\310(((('I\215\3063\004\206Tq\275d\275\256\217?"
 3259      28282749 
 3259      8DC63304 
 3259      865471BD 
 3259      64BDAE8F 
 3260 0d3c 0BD25BC3 		.ascii	"\013\322[\303uX\340\247\366\217\024\250\266M?\032\276"
 3260      7558E0A7 
 3260      F68F14A8 
 3260      B64D3F1A 
 3260      BE
 3261 0d4d 4696D57C 		.ascii	"F\226\325|R\210[\341\005\227%r1\260\205\002\324\002"
 3261      52885BE1 
 3261      05972572 
 3261      31B08502 
 3261      D402
 3262 0d5f DEA5445C 		.ascii	"\336\245D\\\205\262~_Y$\254\320'M>s\017\2047\333+\371"
 3262      85B27E5F 
 3262      5924ACD0 
 3262      274D3E73 
 3262      0F8437DB 
 3263 0d75 5771C109 		.ascii	"Wq\301\011\334\327\362H:\013\003\002\226qW\300\221|"
 3263      DCD7F248 
 3263      3A0B0302 
 3263      967157C0 
 3263      917C
 3264 0d87 76FC9C0A 		.ascii	"v\374\234\012\000k\031\205\240\023\357\357\200\274\226"
 3264      006B1985 
 3264      A013EFEF 
 3264      80BC96
 3265 0d96 B0EF00C6 		.ascii	"\260\357\000\306z\310\317\025\331VI\326\263\341(\031"
 3265      7AC8CF15 
 3265      D95649D6 
 3265      B3E12819 
ARM GAS  C:\Users\PUBLIC~1.LAP\AppData\Local\Temp\ccuVLC9V.s 			page 103


 3266 0da6 1C7AEF70 		.ascii	"\034z\357p\177Z\016\234\221\213-\330R\006\314\224\360"
 3266      7F5A0E9C 
 3266      918B2DD8 
 3266      5206CC94 
 3266      F0
 3267 0db7 543E38E2 		.ascii	"T>8\342\355t-\236\234\246r@\230\023S\3300\026\205\200"
 3267      ED742D9E 
 3267      9CA67240 
 3267      981353D8 
 3267      30168580 
 3268 0dcb F5BE21A7 		.ascii	"\365\276!\247\264\276h\234\210>^V>C\306\204\264H\332"
 3268      B4BE689C 
 3268      883E5E56 
 3268      3E43C684 
 3268      B448DA
 3269 0dde 0545D4B4 		.ascii	"\005E\324\264|E\020Vh\244!X\232nP\226<\2743\351\206"
 3269      7C451056 
 3269      68A42158 
 3269      9A6E5096 
 3269      3CBC33E9 
 3270 0df3 E677701E 		.ascii	"\346wp\036Z\272\203\353S\216Z4\202\327`\324\357\241"
 3270      5ABA83EB 
 3270      538E5A34 
 3270      82D760D4 
 3270      EFA1
 3271 0e05 A024D7E7 		.ascii	"\240$\327\347\346\214~[\256\034N\313\016\234>\244\245"
 3271      E68C7E5B 
 3271      AE1C4ECB 
 3271      0E9C3EA4 
 3271      A5
 3272 0e16 F778FF2E 		.ascii	"\367x\377.qaS\335\3644\250\223U\343\012.E8\353\277\004"
 3272      716153DD 
 3272      F434A893 
 3272      55E30A2E 
 3272      4538EBBF 
 3273 0e2b 29E49121 		.ascii	")\344\221!yQ*@\356F\034z\266\004\335d\246\336]\370x"
 3273      79512A40 
 3273      EE461C7A 
 3273      B604DD64 
 3273      A6DE5DF8 
 3274 0e40 417FC34F 		.ascii	"A\177\303Ot\357\335e\237F\007\2078Yv\206\343\265E?\363"
 3274      74EFDD65 
 3274      9F460787 
 3274      38597686 
 3274      E3B5453F 
 3275 0e55 61F35B61 		.ascii	"a\363[a\211\351\333\327\261\322\3232\352K\250\265y1"
 3275      89E9DBD7 
 3275      B1D2D332 
 3275      EA4BA8B5 
 3275      7931
 3276 0e67 0CBEE824 		.ascii	"\014\276\350$\016|'&\203\024\305\323\333\305\317\013"
 3276      0E7C2726 
 3276      8314C5D3 
 3276      DBC5CF0B 
 3277 0e77 F76DD2EC 		.ascii	"\367m\322\354\322AC KI|\244L7hH6T\216;c\361\222\307"
 3277      D2414320 
 3277      4B497CA4 
ARM GAS  C:\Users\PUBLIC~1.LAP\AppData\Local\Temp\ccuVLC9V.s 			page 104


 3277      4C376848 
 3277      36548E3B 
 3278 0e8f 8BCAD46E 		.ascii	"\213\312\324n\251\301 \017\356\377(\177\247\204\227"
 3278      A9C1200F 
 3278      EEFF287F 
 3278      A78497
 3279 0e9e 087334B0 		.ascii	"\010s4\260W\326 \026\002\356\025\325m\325ki\376\213"
 3279      57D62016 
 3279      02EE15D5 
 3279      6DD56B69 
 3279      FE8B
 3280 0eb0 F2180BB6 		.ascii	"\362\030\013\266L\262V]Ok\271pJ\311n\005\370\335\204"
 3280      4CB2565D 
 3280      4F6BB970 
 3280      4AC96E05 
 3280      F8DD84
 3281 0ec3 EDC73085 		.ascii	"\355\3070\205\350\\\367K\002%\011\027\243\021\223\260"
 3281      E85CF74B 
 3281      02250917 
 3281      A31193B0 
 3282 0ed3 33C32B04 		.ascii	"3\303+\004\244D\276pC\002\331ROB^z\250q\336\367\312"
 3282      A444BE70 
 3282      4302D952 
 3282      4F425E7A 
 3282      A871DEF7 
 3283 0ee8 C308D6C5 		.ascii	"\303\010\326\305\313/>G\034\321\351\355\321\\\205\030"
 3283      CB2F3E47 
 3283      1CD1E9ED 
 3283      D15C8518 
 3284 0ef8 FBA148AB 		.ascii	"\373\241H\253\304\356\016\0309\245\336\354\354\350\253"
 3284      C4EE0E18 
 3284      39A5DEEC 
 3284      ECE8AB
 3285 0f07 0873F207 		.ascii	"\010s\362\007{\250\30032\353\031V\210\0038\311V\277"
 3285      7BA8C033 
 3285      32EB1956 
 3285      880338C9 
 3285      56BF
 3286 0f19 240D7553 		.ascii	"$\015uS\362\330\364\177\004]piX\352\341\027x\215\232"
 3286      F2D8F47F 
 3286      045D7069 
 3286      58EAE117 
 3286      788D9A
 3287 0f2c 21F679C7 		.ascii	"!\366y\307\230\363\241\277\374\01452\2273\374x\365\034"
 3287      98F3A1BF 
 3287      FC0C3532 
 3287      9733FC78 
 3287      F51C
 3288 0f3e A13A34E6 		.ascii	"\241:4\346\276\242\236d\363\306\212\205\000,\355\271"
 3288      BEA29E64 
 3288      F3C68A85 
 3288      002CEDB9 
 3289 0f4e 56EC2DF2 		.ascii	"V\354-\362[\351\010iq\220&\035yN\354\203\262\240\362"
 3289      5BE90869 
 3289      7190261D 
 3289      794EEC83 
 3289      B2A0F2
ARM GAS  C:\Users\PUBLIC~1.LAP\AppData\Local\Temp\ccuVLC9V.s 			page 105


 3290 0f61 5C0F46BD 		.ascii	"\\\017F\275\245\247\024\333Y\354%\306\203\230V\032]"
 3290      A5A714DB 
 3290      59EC25C6 
 3290      8398561A 
 3290      5D
 3291 0f72 E0800100 		.ascii	"\340\200\001\000\321\350Xr\264\006\345S\015\367\361"
 3291      D1E85872 
 3291      B406E553 
 3291      0DF7F1
 3292 0f81 95F0016E 		.ascii	"\225\360\001n\274\361\234\231\005x/*~\306\311\007\246"
 3292      BCF19C99 
 3292      05782F2A 
 3292      7EC6C907 
 3292      A6
 3293 0f92 763D889E 		.ascii	"v=\210\236\337\337;%\357\375\2313X\320"
 3293      DFDF3B25 
 3293      EFFD9933 
 3293      58D0
 3294 0fa0 87A28E5B 		.ascii	"\207\242\216[X\306\342\246\331\247>\304\240\214|-\310"
 3294      58C6E2A6 
 3294      D9A73EC4 
 3294      A08C7C2D 
 3294      C8
 3295 0fb1 352A428F 		.ascii	"5*B\217-\263\346\236\026\252l\316KKB\014\301\3129\272"
 3295      2DB3E69E 
 3295      16AA6CCE 
 3295      4B4B420C 
 3295      C1CA39BA 
 3296 0fc5 656888B4 		.ascii	"eh\210\264$d\252\373\344\347\333\373\207\253ID/\366"
 3296      2464AAFB 
 3296      E4E7DBFB 
 3296      87AB4944 
 3296      2FF6
 3297 0fd7 C7B9CD0E 		.ascii	"\307\271\315\016\2714k$\211\322\357LL\307\260\305\234"
 3297      B9346B24 
 3297      89D2EF4C 
 3297      4CC7B0C5 
 3297      9C
 3298 0fe8 0D74AE70 		.ascii	"\015t\256p\307\220\354\012:\022B\343\232{\014x\372\315"
 3298      C790EC0A 
 3298      3A1242E3 
 3298      9A7B0C78 
 3298      FACD
 3299 0ffa 14746B15 		.ascii	"\024tk\025\376r\307\326\224\333\00159\353\373|\032e"
 3299      FE72C7D6 
 3299      94DB0135 
 3299      39EBFB7C 
 3299      1A65
 3300 100c 37BA1032 		.ascii	"7\272\0202\364\321\017\026Z4>\324e\342\325\010\0244"
 3300      F4D10F16 
 3300      5A343ED4 
 3300      65E2D508 
 3300      1434
 3301 101e 57898F10 		.ascii	"W\211\217\020\274L\306\225\326\324\325\345\005\202\314"
 3301      BC4CC695 
 3301      D6D4D5E5 
 3301      0582CC
ARM GAS  C:\Users\PUBLIC~1.LAP\AppData\Local\Temp\ccuVLC9V.s 			page 106


 3302 102d 9E1CC200 		.ascii	"\236\034\302\000=\0148R\204P\307f\203\333|\201\215!"
 3302      3D0C3852 
 3302      8450C766 
 3302      83DB7C81 
 3302      8D21
 3303 103f 794F0772 		.ascii	"yO\007r\213@`\231,/\213J\322D'\247\362\362\315v\240"
 3303      8B406099 
 3303      2C2F8B4A 
 3303      D24427A7 
 3303      F2F2CD76 
 3304 1054 09FD062C 		.ascii	"\011\375\006,%5\211\200\321\355\301NW\011\030hd9?\311"
 3304      25358980 
 3304      D1EDC14E 
 3304      57091868 
 3304      64393FC9 
 3305 1068 0C687A8F 		.ascii	"\014hz\2172<\370\223A\241\324|\002\321rs\262C\361%H"
 3305      323CF893 
 3305      41A1D47C 
 3305      02D17273 
 3305      B243F125 
 3306 107d A0DD9BDD 		.ascii	"\240\335\233\335\251\025\011>\012\302\035&j\227\014"
 3306      A915093E 
 3306      0AC21D26 
 3306      6A970C
 3307 108c DD90F6EA 		.ascii	"\335\220\366\352\333\300_Sp\327sr\357r!dq\375\366\212"
 3307      DBC05F53 
 3307      70D77372 
 3307      EF722164 
 3307      71FDF68A 
 3308 10a0 611F028A 		.ascii	"a\037\002\212\313\327xg\215\372\374\32375\367\241\361"
 3308      CBD77867 
 3308      8DFAFCD3 
 3308      3735F7A1 
 3308      F1
 3309 10b1 61ED622C 		.ascii	"a\355b,U\024\363\250\032\016Y\215\371\207\252\244F'"
 3309      5514F3A8 
 3309      1A0E598D 
 3309      F987AAA4 
 3309      4627
 3310 10c3 B639E96D 		.ascii	"\2669\351m\322\033;\304\303\206\340OQ\234\374;\253\225"
 3310      D21B3BC4 
 3310      C386E04F 
 3310      519CFC3B 
 3310      AB95
 3311 10d5 1402EDF6 		.ascii	"\024\002\355\366J\260\324w\240\312%\357\015\3210\261"
 3311      4AB0D477 
 3311      A0CA25EF 
 3311      0DD130B1 
 3312 10e5 280AE60F 		.ascii	"(\012\346\017\353\364f\337\021\317\232\360\200\315\312"
 3312      EBF466DF 
 3312      11CF9AF0 
 3312      80CDCA
 3313 10f4 33E489DE 		.ascii	"3\344\211\336B[\265/\326?&8\212\341\022\343\225u\245"
 3313      425BB52F 
 3313      D63F2638 
 3313      8AE112E3 
 3313      9575A5
ARM GAS  C:\Users\PUBLIC~1.LAP\AppData\Local\Temp\ccuVLC9V.s 			page 107


 3314 1107 86CFE33D 		.ascii	"\206\317\343=\341\012\221\000M1\031\000JG\227\376\006"
 3314      E10A9100 
 3314      4D311900 
 3314      4A4797FE 
 3314      06
 3315 1118 47FA2057 		.ascii	"G\372 We\246-\0104#\364i\220\000\2238c\252N\334\372"
 3315      65A62D08 
 3315      3423F469 
 3315      90009338 
 3315      63AA4EDC 
 3316 112d 21A6B403 		.ascii	"!\246\264\003%0\337\231\003/\034\002\353\356\254\374"
 3316      2530DF99 
 3316      032F1C02 
 3316      EBEEACFC 
 3317 113d ED07E020 		.ascii	"\355\007\340 C\325\212\253\256\005\270\204F,.r\267\214"
 3317      43D58AAB 
 3317      AE05B884 
 3317      462C2E72 
 3317      B78C
 3318 114f E5E5A6E4 		.ascii	"\345\345\246\344\007\330|\246\217#\342\230\021)E\017"
 3318      07D87CA6 
 3318      8F23E298 
 3318      1129450F 
 3319 115f 0C5622E7 		.ascii	"\014V\"\347?\237\303+\033Ke\362:\032\374\233\314\350"
 3319      3F9FC32B 
 3319      1B4B65F2 
 3319      3A1AFC9B 
 3319      CCE8
 3320 1171 7F4C92C7 		.ascii	"\177L\222\307.i\025g1\010Z\026\241\355\030\340\211\265"
 3320      2E691567 
 3320      31085A16 
 3320      A1ED18E0 
 3320      89B5
 3321 1183 23090146 		.ascii	"#\011\001F\002?\211\241\012\363\271\333(E\334VS\030"
 3321      023F89A1 
 3321      0AF3B9DB 
 3321      2845DC56 
 3321      5318
 3322 1195 A4218807 		.ascii	"\244!\210\007\312&\376\333\001 \361\213\232~5?\373\026"
 3322      CA26FEDB 
 3322      0120F18B 
 3322      9A7E353F 
 3322      FB16
 3323 11a7 BC5A3CF0 		.ascii	"\274Z<\360\334S9\306{\336b\023j\231\321\312\203\211"
 3323      DC5339C6 
 3323      7BDE6213 
 3323      6A99D1CA 
 3323      8389
 3324 11b9 0FAC00F6 		.ascii	"\017\254\000\366\300\335z@|\256\347\337\036\210\362"
 3324      C0DD7A40 
 3324      7CAEE7DF 
 3324      1E88F2
 3325 11c8 69B6C3FE 		.ascii	"i\266\303\376\357\362wk<\271\341\257\014<\201=\3760"
 3325      EFF2776B 
 3325      3CB9E1AF 
 3325      0C3C813D 
 3325      FE30
ARM GAS  C:\Users\PUBLIC~1.LAP\AppData\Local\Temp\ccuVLC9V.s 			page 108


 3326 11da A9F8F3FB 		.ascii	"\251\370\363\373\212'ny\356\242p\236\202\346\274y\026"
 3326      8A276E79 
 3326      EEA2709E 
 3326      82E6BC79 
 3326      16
 3327 11eb 55EAB838 		.ascii	"U\352\2708Fn;\322\003\300\376M\015\214\337f\270\026"
 3327      466E3BD2 
 3327      03C0FE4D 
 3327      0D8CDF66 
 3327      B816
 3328 11fd CFCFF7D3 		.ascii	"\317\317\367\323\231\261\321V"
 3328      99B1D156 
 3329              		.text
 3330              		.section	.gnu.lto_.symtab.840cbe4c,"e",%progbits
 3331 0000 5F5F6368 		.ascii	"__ch_delegate_fn0\000"
 3331      5F64656C 
 3331      65676174 
 3331      655F666E 
 3331      3000
 3332 0012 00       		.ascii	"\000"
 3333 0013 00       		.ascii	"\000"
 3334 0014 00       		.ascii	"\000"
 3335 0015 00000000 		.ascii	"\000\000\000\000\000\000\000\000"
 3335      00000000 
 3336 001d 83010000 		.ascii	"\203\001\000\000"
 3337 0021 5F5F6368 		.ascii	"__ch_delegate_fn1\000"
 3337      5F64656C 
 3337      65676174 
 3337      655F666E 
 3337      3100
 3338 0033 00       		.ascii	"\000"
 3339 0034 00       		.ascii	"\000"
 3340 0035 00       		.ascii	"\000"
 3341 0036 00000000 		.ascii	"\000\000\000\000\000\000\000\000"
 3341      00000000 
 3342 003e 85010000 		.ascii	"\205\001\000\000"
 3343 0042 5F5F6368 		.ascii	"__ch_delegate_fn2\000"
 3343      5F64656C 
 3343      65676174 
 3343      655F666E 
 3343      3200
 3344 0054 00       		.ascii	"\000"
 3345 0055 00       		.ascii	"\000"
 3346 0056 00       		.ascii	"\000"
 3347 0057 00000000 		.ascii	"\000\000\000\000\000\000\000\000"
 3347      00000000 
 3348 005f 87010000 		.ascii	"\207\001\000\000"
 3349 0063 5F5F6368 		.ascii	"__ch_delegate_fn3\000"
 3349      5F64656C 
 3349      65676174 
 3349      655F666E 
 3349      3300
 3350 0075 00       		.ascii	"\000"
 3351 0076 00       		.ascii	"\000"
 3352 0077 00       		.ascii	"\000"
 3353 0078 00000000 		.ascii	"\000\000\000\000\000\000\000\000"
 3353      00000000 
ARM GAS  C:\Users\PUBLIC~1.LAP\AppData\Local\Temp\ccuVLC9V.s 			page 109


 3354 0080 89010000 		.ascii	"\211\001\000\000"
 3355 0084 5F5F6368 		.ascii	"__ch_delegate_fn4\000"
 3355      5F64656C 
 3355      65676174 
 3355      655F666E 
 3355      3400
 3356 0096 00       		.ascii	"\000"
 3357 0097 00       		.ascii	"\000"
 3358 0098 00       		.ascii	"\000"
 3359 0099 00000000 		.ascii	"\000\000\000\000\000\000\000\000"
 3359      00000000 
 3360 00a1 8B010000 		.ascii	"\213\001\000\000"
 3361 00a5 63684465 		.ascii	"chDelegateCallVeneer\000"
 3361      6C656761 
 3361      74654361 
 3361      6C6C5665 
 3361      6E656572 
 3362 00ba 00       		.ascii	"\000"
 3363 00bb 00       		.ascii	"\000"
 3364 00bc 00       		.ascii	"\000"
 3365 00bd 00000000 		.ascii	"\000\000\000\000\000\000\000\000"
 3365      00000000 
 3366 00c5 90010000 		.ascii	"\220\001\000\000"
 3367 00c9 63684465 		.ascii	"chDelegateDispatch\000"
 3367      6C656761 
 3367      74654469 
 3367      73706174 
 3367      636800
 3368 00dc 00       		.ascii	"\000"
 3369 00dd 00       		.ascii	"\000"
 3370 00de 00       		.ascii	"\000"
 3371 00df 00000000 		.ascii	"\000\000\000\000\000\000\000\000"
 3371      00000000 
 3372 00e7 93010000 		.ascii	"\223\001\000\000"
 3373 00eb 63684465 		.ascii	"chDelegateDispatchTimeout\000"
 3373      6C656761 
 3373      74654469 
 3373      73706174 
 3373      63685469 
 3374 0105 00       		.ascii	"\000"
 3375 0106 00       		.ascii	"\000"
 3376 0107 00       		.ascii	"\000"
 3377 0108 00000000 		.ascii	"\000\000\000\000\000\000\000\000"
 3377      00000000 
 3378 0110 97010000 		.ascii	"\227\001\000\000"
 3379 0114 63684D73 		.ascii	"chMsgWaitS\000"
 3379      67576169 
 3379      745300
 3380 011f 00       		.ascii	"\000"
 3381 0120 02       		.ascii	"\002"
 3382 0121 00       		.ascii	"\000"
 3383 0122 00000000 		.ascii	"\000\000\000\000\000\000\000\000"
 3383      00000000 
 3384 012a 99010000 		.ascii	"\231\001\000\000"
 3385 012e 63684D73 		.ascii	"chMsgWaitTimeoutS\000"
 3385      67576169 
 3385      7454696D 
ARM GAS  C:\Users\PUBLIC~1.LAP\AppData\Local\Temp\ccuVLC9V.s 			page 110


 3385      656F7574 
 3385      5300
 3386 0140 00       		.ascii	"\000"
 3387 0141 02       		.ascii	"\002"
 3388 0142 00       		.ascii	"\000"
 3389 0143 00000000 		.ascii	"\000\000\000\000\000\000\000\000"
 3389      00000000 
 3390 014b 9B010000 		.ascii	"\233\001\000\000"
 3391 014f 63684D73 		.ascii	"chMsgSend\000"
 3391      6753656E 
 3391      6400
 3392 0159 00       		.ascii	"\000"
 3393 015a 02       		.ascii	"\002"
 3394 015b 00       		.ascii	"\000"
 3395 015c 00000000 		.ascii	"\000\000\000\000\000\000\000\000"
 3395      00000000 
 3396 0164 A9010000 		.ascii	"\251\001\000\000"
 3397 0168 63684D73 		.ascii	"chMsgRelease\000"
 3397      6752656C 
 3397      65617365 
 3397      00
 3398 0175 00       		.ascii	"\000"
 3399 0176 02       		.ascii	"\002"
 3400 0177 00       		.ascii	"\000"
 3401 0178 00000000 		.ascii	"\000\000\000\000\000\000\000\000"
 3401      00000000 
 3402 0180 B4010000 		.ascii	"\264\001\000\000"
 3403              		.text
 3404              		.section	.gnu.lto_.ext_symtab.840cbe4c,"e",%progbits
 3405 0000 01       		.ascii	"\001"
 3406 0001 01       		.ascii	"\001"
 3407 0002 00       		.ascii	"\000"
 3408 0003 01       		.ascii	"\001"
 3409 0004 00       		.ascii	"\000"
 3410 0005 01       		.ascii	"\001"
 3411 0006 00       		.ascii	"\000"
 3412 0007 01       		.ascii	"\001"
 3413 0008 00       		.ascii	"\000"
 3414 0009 01       		.ascii	"\001"
 3415 000a 00       		.ascii	"\000"
 3416 000b 01       		.ascii	"\001"
 3417 000c 00       		.ascii	"\000"
 3418 000d 01       		.ascii	"\001"
 3419 000e 00       		.ascii	"\000"
 3420 000f 01       		.ascii	"\001"
 3421 0010 00       		.ascii	"\000"
 3422 0011 01       		.ascii	"\001"
 3423 0012 00       		.ascii	"\000"
 3424 0013 01       		.ascii	"\001"
 3425 0014 00       		.ascii	"\000"
 3426 0015 01       		.ascii	"\001"
 3427 0016 00       		.ascii	"\000"
 3428 0017 01       		.ascii	"\001"
 3429 0018 00       		.ascii	"\000"
 3430              		.text
 3431              		.section	.gnu.lto_.opts,"e",%progbits
 3432 0000 272D666E 		.ascii	"'-fno-openmp' '-fno-openacc' '-fno-pie' '-fcf-prote"
ARM GAS  C:\Users\PUBLIC~1.LAP\AppData\Local\Temp\ccuVLC9V.s 			page 111


 3432      6F2D6F70 
 3432      656E6D70 
 3432      2720272D 
 3432      666E6F2D 
 3433 0033 6374696F 		.ascii	"ction=none' '-g' '-mcpu=cortex-m0' '-mthumb' '-mflo"
 3433      6E3D6E6F 
 3433      6E652720 
 3433      272D6727 
 3433      20272D6D 
 3434 0066 61742D61 		.ascii	"at-abi=soft' '-mlibarch=armv6s-m' '-march=armv6s-m'"
 3434      62693D73 
 3434      6F667427 
 3434      20272D6D 
 3434      6C696261 
 3435 0099 20272D4F 		.ascii	" '-Os' '-fomit-frame-pointer' '-falign-functions=16"
 3435      73272027 
 3435      2D666F6D 
 3435      69742D66 
 3435      72616D65 
 3436 00cc 2720272D 		.ascii	"' '-ffunction-sections' '-fdata-sections' '-fno-com"
 3436      6666756E 
 3436      6374696F 
 3436      6E2D7365 
 3436      6374696F 
 3437 00ff 6D6F6E27 		.ascii	"mon' '-flto' '-Xassembler' '-alms=./build/lst/chdel"
 3437      20272D66 
 3437      6C746F27 
 3437      20272D58 
 3437      61737365 
 3438 0132 65676174 		.ascii	"egates.lst'\000"
 3438      65732E6C 
 3438      73742700 
 3439              		.text
 3440              		.comm	__gnu_lto_slim,1,1
 3441              		.ident	"GCC: (GNU) 12.2.0"
ARM GAS  C:\Users\PUBLIC~1.LAP\AppData\Local\Temp\ccuVLC9V.s 			page 112


DEFINED SYMBOLS
                            *ABS*:00000000 chdelegates.c
C:\Users\PUBLIC~1.LAP\AppData\Local\Temp\ccuVLC9V.s:39     .gnu.debuglto_.debug_info:00000000 chdelegates.c.cc83a561
                            *COM*:00000001 __gnu_lto_slim

NO UNDEFINED SYMBOLS
