ARM GAS  C:\Users\PUBLIC~1.LAP\AppData\Local\Temp\ccurW8Og.s 			page 1


   1              		.cpu cortex-m0
   2              		.arch armv6s-m
   3              		.fpu softvfp
   4              		.eabi_attribute 20, 1
   5              		.eabi_attribute 21, 1
   6              		.eabi_attribute 23, 3
   7              		.eabi_attribute 24, 1
   8              		.eabi_attribute 25, 1
   9              		.eabi_attribute 26, 1
  10              		.eabi_attribute 30, 4
  11              		.eabi_attribute 34, 0
  12              		.eabi_attribute 18, 4
  13              		.file	"chevents.c"
  14              		.file 1 "d:\\qmk_msys\\mingw64\\arm-none-eabi\\include\\machine\\_default_types.h"
  15              		.file 2 "d:\\qmk_msys\\mingw64\\arm-none-eabi\\include\\sys\\_stdint.h"
  16              		.file 3 "D:\\00a_liuhy\\temp126\\ChibiOS/os/common/ports/ARM-common/chtypes.h"
  17              		.file 4 "D:\\00a_liuhy\\temp126\\ChibiOS/os/rt/include/chearly.h"
  18              		.file 5 "D:\\00a_liuhy\\temp126\\ChibiOS/os/rt/include/chobjects.h"
  19              		.file 6 "D:\\00a_liuhy\\temp126\\ChibiOS/os/rt/include/chrfcu.h"
  20              		.file 7 "D:\\00a_liuhy\\temp126\\ChibiOS/os/rt/include/chdebug.h"
  21              		.file 8 "D:\\00a_liuhy\\temp126\\ChibiOS/os/rt/include/chtime.h"
  22              		.file 9 "D:\\00a_liuhy\\temp126\\ChibiOS/os/rt/include/chlists.h"
  23              		.file 10 "D:\\00a_liuhy\\temp126\\ChibiOS-Contrib/os/common/ext/CMSIS/ES32/FS026/md/md_timer.h"
  24              		.file 11 "D:\\00a_liuhy\\temp126\\ChibiOS/os/common/ports/ARMv6-M/chcore.h"
  25              		.file 12 "D:\\00a_liuhy\\temp126\\ChibiOS/os/rt/include/chsem.h"
  26              		.file 13 "D:\\00a_liuhy\\temp126\\ChibiOS/os/rt/include/chmtx.h"
  27              		.file 14 "D:\\00a_liuhy\\temp126\\ChibiOS/os/rt/include/chevents.h"
  28              		.file 15 "D:\\00a_liuhy\\temp126\\ChibiOS/os/rt/include/chschd.h"
  29              		.file 16 "D:\\00a_liuhy\\temp126\\ChibiOS/os/rt/src/chevents.c"
  30              		.file 17 "D:\\00a_liuhy\\temp126\\ChibiOS/os/rt/include/chsys.h"
  31              		.file 18 "D:\\00a_liuhy\\temp126\\ChibiOS/os/common/ext/ARM/CMSIS/Core/Include/cmsis_gcc.h"
  32              		.file 19 "D:\\00a_liuhy\\temp126\\ChibiOS/os/rt/include/chthreads.h"
  33              		.section	.gnu.debuglto_.debug_info,"e",%progbits
  34              	.Ldebug_info0:
  35              		.hidden	chevents.c.9aa9aa39
  36              		.weak	chevents.c.9aa9aa39
  37              	chevents.c.9aa9aa39:
  38 0000 DE0D0000 		.4byte	0xdde
  39 0004 0500     		.2byte	0x5
  40 0006 01       		.byte	0x1
  41 0007 04       		.byte	0x4
  42 0008 00000000 		.4byte	.Ldebug_abbrev0
  43 000c 24       		.uleb128 0x24
  44 000d 1A060000 		.4byte	.LASF157
  45 0011 1D       		.byte	0x1d
  46 0012 F1000000 		.4byte	.LASF158
  47 0016 BC070000 		.4byte	.LASF159
  48 001a 00000000 		.4byte	.Ldebug_line0
  49 001e 25       		.uleb128 0x25
  50 001f 04       		.byte	0x4
  51 0020 05       		.byte	0x5
  52 0021 696E7400 		.ascii	"int\000"
  53 0025 08       		.uleb128 0x8
  54 0026 04       		.byte	0x4
  55 0027 07       		.byte	0x7
  56 0028 C1020000 		.4byte	.LASF0
  57 002c 08       		.uleb128 0x8
ARM GAS  C:\Users\PUBLIC~1.LAP\AppData\Local\Temp\ccurW8Og.s 			page 2


  58 002d 08       		.byte	0x8
  59 002e 05       		.byte	0x5
  60 002f C5010000 		.4byte	.LASF1
  61 0033 08       		.uleb128 0x8
  62 0034 08       		.byte	0x8
  63 0035 04       		.byte	0x4
  64 0036 FB050000 		.4byte	.LASF2
  65 003a 08       		.uleb128 0x8
  66 003b 01       		.byte	0x1
  67 003c 06       		.byte	0x6
  68 003d 3B010000 		.4byte	.LASF3
  69 0041 01       		.uleb128 0x1
  70 0042 2E000000 		.4byte	.LASF7
  71 0046 01       		.byte	0x1
  72 0047 2B       		.byte	0x2b
  73 0048 18       		.byte	0x18
  74 0049 4D000000 		.4byte	0x4d
  75 004d 08       		.uleb128 0x8
  76 004e 01       		.byte	0x1
  77 004f 08       		.byte	0x8
  78 0050 33050000 		.4byte	.LASF4
  79 0054 08       		.uleb128 0x8
  80 0055 02       		.byte	0x2
  81 0056 05       		.byte	0x5
  82 0057 71050000 		.4byte	.LASF5
  83 005b 08       		.uleb128 0x8
  84 005c 02       		.byte	0x2
  85 005d 07       		.byte	0x7
  86 005e 2C030000 		.4byte	.LASF6
  87 0062 01       		.uleb128 0x1
  88 0063 E5060000 		.4byte	.LASF8
  89 0067 01       		.byte	0x1
  90 0068 4D       		.byte	0x4d
  91 0069 18       		.byte	0x18
  92 006a 6E000000 		.4byte	0x6e
  93 006e 08       		.uleb128 0x8
  94 006f 04       		.byte	0x4
  95 0070 05       		.byte	0x5
  96 0071 87010000 		.4byte	.LASF9
  97 0075 01       		.uleb128 0x1
  98 0076 37020000 		.4byte	.LASF10
  99 007a 01       		.byte	0x1
 100 007b 4F       		.byte	0x4f
 101 007c 19       		.byte	0x19
 102 007d 81000000 		.4byte	0x81
 103 0081 08       		.uleb128 0x8
 104 0082 04       		.byte	0x4
 105 0083 07       		.byte	0x7
 106 0084 D5020000 		.4byte	.LASF11
 107 0088 01       		.uleb128 0x1
 108 0089 C1040000 		.4byte	.LASF12
 109 008d 01       		.byte	0x1
 110 008e 69       		.byte	0x69
 111 008f 19       		.byte	0x19
 112 0090 94000000 		.4byte	0x94
 113 0094 08       		.uleb128 0x8
 114 0095 08       		.byte	0x8
ARM GAS  C:\Users\PUBLIC~1.LAP\AppData\Local\Temp\ccurW8Og.s 			page 3


 115 0096 07       		.byte	0x7
 116 0097 80000000 		.4byte	.LASF13
 117 009b 26       		.uleb128 0x26
 118 009c 04       		.byte	0x4
 119 009d 08       		.uleb128 0x8
 120 009e 01       		.byte	0x1
 121 009f 08       		.byte	0x8
 122 00a0 0E060000 		.4byte	.LASF14
 123 00a4 06       		.uleb128 0x6
 124 00a5 9D000000 		.4byte	0x9d
 125 00a9 04       		.uleb128 0x4
 126 00aa A4000000 		.4byte	0xa4
 127 00ae 1D       		.uleb128 0x1d
 128 00af A9000000 		.4byte	0xa9
 129 00b3 01       		.uleb128 0x1
 130 00b4 AE070000 		.4byte	.LASF15
 131 00b8 02       		.byte	0x2
 132 00b9 18       		.byte	0x18
 133 00ba 13       		.byte	0x13
 134 00bb 41000000 		.4byte	0x41
 135 00bf 06       		.uleb128 0x6
 136 00c0 B3000000 		.4byte	0xb3
 137 00c4 01       		.uleb128 0x1
 138 00c5 2B050000 		.4byte	.LASF16
 139 00c9 02       		.byte	0x2
 140 00ca 2C       		.byte	0x2c
 141 00cb 13       		.byte	0x13
 142 00cc 62000000 		.4byte	0x62
 143 00d0 01       		.uleb128 0x1
 144 00d1 D9050000 		.4byte	.LASF17
 145 00d5 02       		.byte	0x2
 146 00d6 30       		.byte	0x30
 147 00d7 14       		.byte	0x14
 148 00d8 75000000 		.4byte	0x75
 149 00dc 01       		.uleb128 0x1
 150 00dd 25000000 		.4byte	.LASF18
 151 00e1 02       		.byte	0x2
 152 00e2 3C       		.byte	0x3c
 153 00e3 14       		.byte	0x14
 154 00e4 88000000 		.4byte	0x88
 155 00e8 01       		.uleb128 0x1
 156 00e9 F9020000 		.4byte	.LASF19
 157 00ed 03       		.byte	0x3
 158 00ee 48       		.byte	0x48
 159 00ef 1D       		.byte	0x1d
 160 00f0 DC000000 		.4byte	0xdc
 161 00f4 01       		.uleb128 0x1
 162 00f5 D8030000 		.4byte	.LASF20
 163 00f9 04       		.byte	0x4
 164 00fa 50       		.byte	0x50
 165 00fb 19       		.byte	0x19
 166 00fc E8000000 		.4byte	0xe8
 167 0100 01       		.uleb128 0x1
 168 0101 97030000 		.4byte	.LASF21
 169 0105 04       		.byte	0x4
 170 0106 53       		.byte	0x53
 171 0107 19       		.byte	0x19
ARM GAS  C:\Users\PUBLIC~1.LAP\AppData\Local\Temp\ccurW8Og.s 			page 4


 172 0108 B3000000 		.4byte	0xb3
 173 010c 01       		.uleb128 0x1
 174 010d 42020000 		.4byte	.LASF22
 175 0111 04       		.byte	0x4
 176 0112 54       		.byte	0x54
 177 0113 19       		.byte	0x19
 178 0114 B3000000 		.4byte	0xb3
 179 0118 01       		.uleb128 0x1
 180 0119 23010000 		.4byte	.LASF23
 181 011d 04       		.byte	0x4
 182 011e 55       		.byte	0x55
 183 011f 19       		.byte	0x19
 184 0120 B3000000 		.4byte	0xb3
 185 0124 01       		.uleb128 0x1
 186 0125 FC040000 		.4byte	.LASF24
 187 0129 04       		.byte	0x4
 188 012a 57       		.byte	0x57
 189 012b 19       		.byte	0x19
 190 012c D0000000 		.4byte	0xd0
 191 0130 01       		.uleb128 0x1
 192 0131 5D030000 		.4byte	.LASF25
 193 0135 04       		.byte	0x4
 194 0136 58       		.byte	0x58
 195 0137 19       		.byte	0x19
 196 0138 C4000000 		.4byte	0xc4
 197 013c 01       		.uleb128 0x1
 198 013d 67020000 		.4byte	.LASF26
 199 0141 04       		.byte	0x4
 200 0142 59       		.byte	0x59
 201 0143 19       		.byte	0x19
 202 0144 C4000000 		.4byte	0xc4
 203 0148 01       		.uleb128 0x1
 204 0149 BD030000 		.4byte	.LASF27
 205 014d 04       		.byte	0x4
 206 014e 5A       		.byte	0x5a
 207 014f 19       		.byte	0x19
 208 0150 D0000000 		.4byte	0xd0
 209 0154 01       		.uleb128 0x1
 210 0155 50030000 		.4byte	.LASF28
 211 0159 04       		.byte	0x4
 212 015a 5B       		.byte	0x5b
 213 015b 19       		.byte	0x19
 214 015c D0000000 		.4byte	0xd0
 215 0160 01       		.uleb128 0x1
 216 0161 B2020000 		.4byte	.LASF29
 217 0165 04       		.byte	0x4
 218 0166 5C       		.byte	0x5c
 219 0167 19       		.byte	0x19
 220 0168 C4000000 		.4byte	0xc4
 221 016c 01       		.uleb128 0x1
 222 016d E4040000 		.4byte	.LASF30
 223 0171 04       		.byte	0x4
 224 0172 80       		.byte	0x80
 225 0173 12       		.byte	0x12
 226 0174 25000000 		.4byte	0x25
 227 0178 01       		.uleb128 0x1
 228 0179 CC060000 		.4byte	.LASF31
ARM GAS  C:\Users\PUBLIC~1.LAP\AppData\Local\Temp\ccurW8Og.s 			page 5


 229 017d 04       		.byte	0x4
 230 017e 85       		.byte	0x85
 231 017f 1A       		.byte	0x1a
 232 0180 84010000 		.4byte	0x184
 233 0184 07       		.uleb128 0x7
 234 0185 3F030000 		.4byte	.LASF47
 235 0189 4C       		.byte	0x4c
 236 018a 05       		.byte	0x5
 237 018b 9C       		.byte	0x9c
 238 018c 08       		.byte	0x8
 239 018d 6E020000 		.4byte	0x26e
 240 0191 1A       		.uleb128 0x1a
 241 0192 68647200 		.ascii	"hdr\000"
 242 0196 05       		.byte	0x5
 243 0197 AD       		.byte	0xad
 244 0198 05       		.byte	0x5
 245 0199 FC050000 		.4byte	0x5fc
 246 019d 00       		.byte	0
 247 019e 1A       		.uleb128 0x1a
 248 019f 63747800 		.ascii	"ctx\000"
 249 01a3 05       		.byte	0x5
 250 01a4 B1       		.byte	0xb1
 251 01a5 21       		.byte	0x21
 252 01a6 6F050000 		.4byte	0x56f
 253 01aa 0C       		.byte	0xc
 254 01ab 02       		.uleb128 0x2
 255 01ac E7020000 		.4byte	.LASF32
 256 01b0 05       		.byte	0x5
 257 01b1 B6       		.byte	0xb6
 258 01b2 21       		.byte	0x21
 259 01b3 95030000 		.4byte	0x395
 260 01b7 10       		.byte	0x10
 261 01b8 02       		.uleb128 0x2
 262 01b9 F5050000 		.4byte	.LASF33
 263 01bd 05       		.byte	0x5
 264 01be BB       		.byte	0xbb
 265 01bf 22       		.byte	0x22
 266 01c0 F2060000 		.4byte	0x6f2
 267 01c4 18       		.byte	0x18
 268 01c5 02       		.uleb128 0x2
 269 01c6 11030000 		.4byte	.LASF34
 270 01ca 05       		.byte	0x5
 271 01cb C0       		.byte	0xc0
 272 01cc 22       		.byte	0x22
 273 01cd A9000000 		.4byte	0xa9
 274 01d1 1C       		.byte	0x1c
 275 01d2 02       		.uleb128 0x2
 276 01d3 07060000 		.4byte	.LASF35
 277 01d7 05       		.byte	0x5
 278 01d8 C9       		.byte	0xc9
 279 01d9 22       		.byte	0x22
 280 01da F7060000 		.4byte	0x6f7
 281 01de 20       		.byte	0x20
 282 01df 02       		.uleb128 0x2
 283 01e0 87070000 		.4byte	.LASF36
 284 01e4 05       		.byte	0x5
 285 01e5 CE       		.byte	0xce
ARM GAS  C:\Users\PUBLIC~1.LAP\AppData\Local\Temp\ccurW8Og.s 			page 6


 286 01e6 22       		.byte	0x22
 287 01e7 F7060000 		.4byte	0x6f7
 288 01eb 24       		.byte	0x24
 289 01ec 02       		.uleb128 0x2
 290 01ed 81010000 		.4byte	.LASF37
 291 01f1 05       		.byte	0x5
 292 01f2 D3       		.byte	0xd3
 293 01f3 21       		.byte	0x21
 294 01f4 0C010000 		.4byte	0x10c
 295 01f8 28       		.byte	0x28
 296 01f9 02       		.uleb128 0x2
 297 01fa B6070000 		.4byte	.LASF38
 298 01fe 05       		.byte	0x5
 299 01ff D7       		.byte	0xd7
 300 0200 21       		.byte	0x21
 301 0201 00010000 		.4byte	0x100
 302 0205 29       		.byte	0x29
 303 0206 02       		.uleb128 0x2
 304 0207 7C010000 		.4byte	.LASF39
 305 020b 05       		.byte	0x5
 306 020c DC       		.byte	0xdc
 307 020d 21       		.byte	0x21
 308 020e 18010000 		.4byte	0x118
 309 0212 2A       		.byte	0x2a
 310 0213 09       		.uleb128 0x9
 311 0214 7500     		.ascii	"u\000"
 312 0216 05       		.byte	0x5
 313 0217 2D01     		.2byte	0x12d
 314 0219 21       		.byte	0x21
 315 021a 22060000 		.4byte	0x622
 316 021e 2C       		.byte	0x2c
 317 021f 03       		.uleb128 0x3
 318 0220 5F020000 		.4byte	.LASF40
 319 0224 3201     		.2byte	0x132
 320 0226 21       		.byte	0x21
 321 0227 69030000 		.4byte	0x369
 322 022b 30       		.byte	0x30
 323 022c 03       		.uleb128 0x3
 324 022d B8020000 		.4byte	.LASF41
 325 0231 3801     		.2byte	0x138
 326 0233 21       		.byte	0x21
 327 0234 95030000 		.4byte	0x395
 328 0238 34       		.byte	0x34
 329 0239 03       		.uleb128 0x3
 330 023a 63030000 		.4byte	.LASF42
 331 023e 3E01     		.2byte	0x13e
 332 0240 21       		.byte	0x21
 333 0241 48010000 		.4byte	0x148
 334 0245 3C       		.byte	0x3c
 335 0246 03       		.uleb128 0x3
 336 0247 6C080000 		.4byte	.LASF43
 337 024b 4501     		.2byte	0x145
 338 024d 22       		.byte	0x22
 339 024e ED060000 		.4byte	0x6ed
 340 0252 40       		.byte	0x40
 341 0253 03       		.uleb128 0x3
 342 0254 04040000 		.4byte	.LASF44
ARM GAS  C:\Users\PUBLIC~1.LAP\AppData\Local\Temp\ccurW8Og.s 			page 7


 343 0258 4901     		.2byte	0x149
 344 025a 21       		.byte	0x21
 345 025b 24010000 		.4byte	0x124
 346 025f 44       		.byte	0x44
 347 0260 03       		.uleb128 0x3
 348 0261 16030000 		.4byte	.LASF45
 349 0265 5001     		.2byte	0x150
 350 0267 22       		.byte	0x22
 351 0268 9B000000 		.4byte	0x9b
 352 026c 48       		.byte	0x48
 353 026d 00       		.byte	0
 354 026e 01       		.uleb128 0x1
 355 026f 1E070000 		.4byte	.LASF46
 356 0273 04       		.byte	0x4
 357 0274 8A       		.byte	0x8a
 358 0275 1F       		.byte	0x1f
 359 0276 7A020000 		.4byte	0x27a
 360 027a 14       		.uleb128 0x14
 361 027b 0F070000 		.4byte	.LASF48
 362 027f 84       		.byte	0x84
 363 0280 05       		.byte	0x5
 364 0281 8F01     		.2byte	0x18f
 365 0283 08       		.byte	0x8
 366 0284 F2020000 		.4byte	0x2f2
 367 0288 03       		.uleb128 0x3
 368 0289 8D070000 		.4byte	.LASF49
 369 028d 9301     		.2byte	0x193
 370 028f 21       		.byte	0x21
 371 0290 25070000 		.4byte	0x725
 372 0294 00       		.byte	0
 373 0295 03       		.uleb128 0x3
 374 0296 69010000 		.4byte	.LASF50
 375 029a 9701     		.2byte	0x197
 376 029c 21       		.byte	0x21
 377 029d B8050000 		.4byte	0x5b8
 378 02a1 10       		.byte	0x10
 379 02a2 03       		.uleb128 0x3
 380 02a3 2C070000 		.4byte	.LASF51
 381 02a7 9E01     		.2byte	0x19e
 382 02a9 21       		.byte	0x21
 383 02aa DF050000 		.4byte	0x5df
 384 02ae 20       		.byte	0x20
 385 02af 03       		.uleb128 0x3
 386 02b0 64000000 		.4byte	.LASF52
 387 02b4 A301     		.2byte	0x1a3
 388 02b6 21       		.byte	0x21
 389 02b7 6C010000 		.4byte	0x16c
 390 02bb 28       		.byte	0x28
 391 02bc 03       		.uleb128 0x3
 392 02bd 0D000000 		.4byte	.LASF53
 393 02c1 A901     		.2byte	0x1a9
 394 02c3 21       		.byte	0x21
 395 02c4 19030000 		.4byte	0x319
 396 02c8 2C       		.byte	0x2c
 397 02c9 03       		.uleb128 0x3
 398 02ca 13060000 		.4byte	.LASF54
 399 02ce AE01     		.2byte	0x1ae
ARM GAS  C:\Users\PUBLIC~1.LAP\AppData\Local\Temp\ccurW8Og.s 			page 8


 400 02d0 22       		.byte	0x22
 401 02d1 90070000 		.4byte	0x790
 402 02d5 30       		.byte	0x30
 403 02d6 03       		.uleb128 0x3
 404 02d7 AF000000 		.4byte	.LASF55
 405 02db B201     		.2byte	0x1b2
 406 02dd 21       		.byte	0x21
 407 02de 78010000 		.4byte	0x178
 408 02e2 34       		.byte	0x34
 409 02e3 09       		.uleb128 0x9
 410 02e4 64626700 		.ascii	"dbg\000"
 411 02e8 05       		.byte	0x5
 412 02e9 B601     		.2byte	0x1b6
 413 02eb 21       		.byte	0x21
 414 02ec 40030000 		.4byte	0x340
 415 02f0 80       		.byte	0x80
 416 02f1 00       		.byte	0
 417 02f2 01       		.uleb128 0x1
 418 02f3 0D040000 		.4byte	.LASF56
 419 02f7 06       		.byte	0x6
 420 02f8 3F       		.byte	0x3f
 421 02f9 12       		.byte	0x12
 422 02fa D0000000 		.4byte	0xd0
 423 02fe 07       		.uleb128 0x7
 424 02ff 90010000 		.4byte	.LASF57
 425 0303 04       		.byte	0x4
 426 0304 06       		.byte	0x6
 427 0305 44       		.byte	0x44
 428 0306 10       		.byte	0x10
 429 0307 19030000 		.4byte	0x319
 430 030b 02       		.uleb128 0x2
 431 030c 82070000 		.4byte	.LASF58
 432 0310 06       		.byte	0x6
 433 0311 48       		.byte	0x48
 434 0312 21       		.byte	0x21
 435 0313 F2020000 		.4byte	0x2f2
 436 0317 00       		.byte	0
 437 0318 00       		.byte	0
 438 0319 01       		.uleb128 0x1
 439 031a 6A050000 		.4byte	.LASF59
 440 031e 06       		.byte	0x6
 441 031f 49       		.byte	0x49
 442 0320 03       		.byte	0x3
 443 0321 FE020000 		.4byte	0x2fe
 444 0325 07       		.uleb128 0x7
 445 0326 15050000 		.4byte	.LASF60
 446 032a 04       		.byte	0x4
 447 032b 07       		.byte	0x7
 448 032c 3E       		.byte	0x3e
 449 032d 10       		.byte	0x10
 450 032e 40030000 		.4byte	0x340
 451 0332 02       		.uleb128 0x2
 452 0333 FE060000 		.4byte	.LASF61
 453 0337 07       		.byte	0x7
 454 0338 46       		.byte	0x46
 455 0339 24       		.byte	0x24
 456 033a AE000000 		.4byte	0xae
ARM GAS  C:\Users\PUBLIC~1.LAP\AppData\Local\Temp\ccurW8Og.s 			page 9


 457 033e 00       		.byte	0
 458 033f 00       		.byte	0
 459 0340 01       		.uleb128 0x1
 460 0341 49000000 		.4byte	.LASF62
 461 0345 07       		.byte	0x7
 462 0346 51       		.byte	0x51
 463 0347 03       		.byte	0x3
 464 0348 25030000 		.4byte	0x325
 465 034c 01       		.uleb128 0x1
 466 034d DB060000 		.4byte	.LASF63
 467 0351 08       		.byte	0x8
 468 0352 6D       		.byte	0x6d
 469 0353 12       		.byte	0x12
 470 0354 D0000000 		.4byte	0xd0
 471 0358 1D       		.uleb128 0x1d
 472 0359 4C030000 		.4byte	0x34c
 473 035d 01       		.uleb128 0x1
 474 035e 98020000 		.4byte	.LASF64
 475 0362 08       		.byte	0x8
 476 0363 79       		.byte	0x79
 477 0364 12       		.byte	0x12
 478 0365 D0000000 		.4byte	0xd0
 479 0369 01       		.uleb128 0x1
 480 036a 5A040000 		.4byte	.LASF65
 481 036e 09       		.byte	0x9
 482 036f 32       		.byte	0x32
 483 0370 18       		.byte	0x18
 484 0371 75030000 		.4byte	0x375
 485 0375 07       		.uleb128 0x7
 486 0376 A7030000 		.4byte	.LASF66
 487 037a 04       		.byte	0x4
 488 037b 09       		.byte	0x9
 489 037c 38       		.byte	0x38
 490 037d 08       		.byte	0x8
 491 037e 90030000 		.4byte	0x390
 492 0382 02       		.uleb128 0x2
 493 0383 D8000000 		.4byte	.LASF67
 494 0387 09       		.byte	0x9
 495 0388 39       		.byte	0x39
 496 0389 1A       		.byte	0x1a
 497 038a 90030000 		.4byte	0x390
 498 038e 00       		.byte	0
 499 038f 00       		.byte	0
 500 0390 04       		.uleb128 0x4
 501 0391 69030000 		.4byte	0x369
 502 0395 01       		.uleb128 0x1
 503 0396 EE020000 		.4byte	.LASF68
 504 039a 09       		.byte	0x9
 505 039b 3F       		.byte	0x3f
 506 039c 19       		.byte	0x19
 507 039d A1030000 		.4byte	0x3a1
 508 03a1 07       		.uleb128 0x7
 509 03a2 BC010000 		.4byte	.LASF69
 510 03a6 08       		.byte	0x8
 511 03a7 09       		.byte	0x9
 512 03a8 45       		.byte	0x45
 513 03a9 08       		.byte	0x8
ARM GAS  C:\Users\PUBLIC~1.LAP\AppData\Local\Temp\ccurW8Og.s 			page 10


 514 03aa C9030000 		.4byte	0x3c9
 515 03ae 02       		.uleb128 0x2
 516 03af D8000000 		.4byte	.LASF67
 517 03b3 09       		.byte	0x9
 518 03b4 46       		.byte	0x46
 519 03b5 1A       		.byte	0x1a
 520 03b6 C9030000 		.4byte	0x3c9
 521 03ba 00       		.byte	0
 522 03bb 02       		.uleb128 0x2
 523 03bc 38000000 		.4byte	.LASF70
 524 03c0 09       		.byte	0x9
 525 03c1 47       		.byte	0x47
 526 03c2 1A       		.byte	0x1a
 527 03c3 C9030000 		.4byte	0x3c9
 528 03c7 04       		.byte	0x4
 529 03c8 00       		.byte	0
 530 03c9 04       		.uleb128 0x4
 531 03ca 95030000 		.4byte	0x395
 532 03ce 01       		.uleb128 0x1
 533 03cf 6C000000 		.4byte	.LASF71
 534 03d3 09       		.byte	0x9
 535 03d4 4E       		.byte	0x4e
 536 03d5 22       		.byte	0x22
 537 03d6 DA030000 		.4byte	0x3da
 538 03da 07       		.uleb128 0x7
 539 03db 34070000 		.4byte	.LASF72
 540 03df 0C       		.byte	0xc
 541 03e0 09       		.byte	0x9
 542 03e1 55       		.byte	0x55
 543 03e2 08       		.byte	0x8
 544 03e3 0F040000 		.4byte	0x40f
 545 03e7 02       		.uleb128 0x2
 546 03e8 D8000000 		.4byte	.LASF67
 547 03ec 09       		.byte	0x9
 548 03ed 56       		.byte	0x56
 549 03ee 1A       		.byte	0x1a
 550 03ef 0F040000 		.4byte	0x40f
 551 03f3 00       		.byte	0
 552 03f4 02       		.uleb128 0x2
 553 03f5 38000000 		.4byte	.LASF70
 554 03f9 09       		.byte	0x9
 555 03fa 57       		.byte	0x57
 556 03fb 1A       		.byte	0x1a
 557 03fc 0F040000 		.4byte	0x40f
 558 0400 04       		.byte	0x4
 559 0401 02       		.uleb128 0x2
 560 0402 94040000 		.4byte	.LASF73
 561 0406 09       		.byte	0x9
 562 0407 58       		.byte	0x58
 563 0408 19       		.byte	0x19
 564 0409 24010000 		.4byte	0x124
 565 040d 08       		.byte	0x8
 566 040e 00       		.byte	0
 567 040f 04       		.uleb128 0x4
 568 0410 CE030000 		.4byte	0x3ce
 569 0414 01       		.uleb128 0x1
 570 0415 EE010000 		.4byte	.LASF74
ARM GAS  C:\Users\PUBLIC~1.LAP\AppData\Local\Temp\ccurW8Og.s 			page 11


 571 0419 09       		.byte	0x9
 572 041a 5F       		.byte	0x5f
 573 041b 1E       		.byte	0x1e
 574 041c 20040000 		.4byte	0x420
 575 0420 07       		.uleb128 0x7
 576 0421 5B010000 		.4byte	.LASF75
 577 0425 0C       		.byte	0xc
 578 0426 09       		.byte	0x9
 579 0427 64       		.byte	0x64
 580 0428 08       		.byte	0x8
 581 0429 55040000 		.4byte	0x455
 582 042d 02       		.uleb128 0x2
 583 042e D8000000 		.4byte	.LASF67
 584 0432 09       		.byte	0x9
 585 0433 65       		.byte	0x65
 586 0434 1A       		.byte	0x1a
 587 0435 55040000 		.4byte	0x455
 588 0439 00       		.byte	0
 589 043a 02       		.uleb128 0x2
 590 043b 38000000 		.4byte	.LASF70
 591 043f 09       		.byte	0x9
 592 0440 66       		.byte	0x66
 593 0441 1A       		.byte	0x1a
 594 0442 55040000 		.4byte	0x455
 595 0446 04       		.byte	0x4
 596 0447 02       		.uleb128 0x2
 597 0448 18000000 		.4byte	.LASF76
 598 044c 09       		.byte	0x9
 599 044d 67       		.byte	0x67
 600 044e 19       		.byte	0x19
 601 044f 5D030000 		.4byte	0x35d
 602 0453 08       		.byte	0x8
 603 0454 00       		.byte	0
 604 0455 04       		.uleb128 0x4
 605 0456 14040000 		.4byte	0x414
 606 045a 08       		.uleb128 0x8
 607 045b 01       		.byte	0x1
 608 045c 02       		.byte	0x2
 609 045d 25050000 		.4byte	.LASF77
 610 0461 0A       		.uleb128 0xa
 611 0462 BF000000 		.4byte	0xbf
 612 0466 71040000 		.4byte	0x471
 613 046a 0B       		.uleb128 0xb
 614 046b 25000000 		.4byte	0x25
 615 046f 07       		.byte	0x7
 616 0470 00       		.byte	0
 617 0471 06       		.uleb128 0x6
 618 0472 61040000 		.4byte	0x461
 619 0476 15       		.uleb128 0x15
 620 0477 04050000 		.4byte	.LASF78
 621 047b 3B       		.byte	0x3b
 622 047c 71040000 		.4byte	0x471
 623 0480 08       		.byte	0x8
 624 0481 00       		.byte	0
 625 0482 00       		.byte	0
 626 0483 00       		.byte	0
 627 0484 00       		.byte	0
ARM GAS  C:\Users\PUBLIC~1.LAP\AppData\Local\Temp\ccurW8Og.s 			page 12


 628 0485 04       		.byte	0x4
 629 0486 04       		.byte	0x4
 630 0487 04       		.byte	0x4
 631 0488 04       		.byte	0x4
 632 0489 15       		.uleb128 0x15
 633 048a EF060000 		.4byte	.LASF79
 634 048e 47       		.byte	0x47
 635 048f 71040000 		.4byte	0x471
 636 0493 08       		.byte	0x8
 637 0494 00       		.byte	0
 638 0495 00       		.byte	0
 639 0496 08       		.byte	0x8
 640 0497 00       		.byte	0
 641 0498 00       		.byte	0
 642 0499 00       		.byte	0
 643 049a 08       		.byte	0x8
 644 049b 00       		.byte	0
 645 049c 15       		.uleb128 0x15
 646 049d C9030000 		.4byte	.LASF80
 647 04a1 53       		.byte	0x53
 648 04a2 71040000 		.4byte	0x471
 649 04a6 08       		.byte	0x8
 650 04a7 00       		.byte	0
 651 04a8 00       		.byte	0
 652 04a9 08       		.byte	0x8
 653 04aa 00       		.byte	0
 654 04ab 00       		.byte	0
 655 04ac 00       		.byte	0
 656 04ad 08       		.byte	0x8
 657 04ae 00       		.byte	0
 658 04af 15       		.uleb128 0x15
 659 04b0 CC040000 		.4byte	.LASF81
 660 04b4 5F       		.byte	0x5f
 661 04b5 71040000 		.4byte	0x471
 662 04b9 08       		.byte	0x8
 663 04ba 00       		.byte	0
 664 04bb 02       		.byte	0x2
 665 04bc 04       		.byte	0x4
 666 04bd 06       		.byte	0x6
 667 04be 08       		.byte	0x8
 668 04bf 0A       		.byte	0xa
 669 04c0 0C       		.byte	0xc
 670 04c1 0E       		.byte	0xe
 671 04c2 0A       		.uleb128 0xa
 672 04c3 BF000000 		.4byte	0xbf
 673 04c7 D2040000 		.4byte	0x4d2
 674 04cb 0B       		.uleb128 0xb
 675 04cc 25000000 		.4byte	0x25
 676 04d0 06       		.byte	0x6
 677 04d1 00       		.byte	0
 678 04d2 06       		.uleb128 0x6
 679 04d3 C2040000 		.4byte	0x4c2
 680 04d7 15       		.uleb128 0x15
 681 04d8 46070000 		.4byte	.LASF82
 682 04dc 6B       		.byte	0x6b
 683 04dd D2040000 		.4byte	0x4d2
 684 04e1 07       		.byte	0x7
ARM GAS  C:\Users\PUBLIC~1.LAP\AppData\Local\Temp\ccurW8Og.s 			page 13


 685 04e2 00       		.byte	0
 686 04e3 01       		.byte	0x1
 687 04e4 02       		.byte	0x2
 688 04e5 03       		.byte	0x3
 689 04e6 04       		.byte	0x4
 690 04e7 05       		.byte	0x5
 691 04e8 06       		.byte	0x6
 692 04e9 14       		.uleb128 0x14
 693 04ea 3D000000 		.4byte	.LASF83
 694 04ee 24       		.byte	0x24
 695 04ef 0B       		.byte	0xb
 696 04f0 1B01     		.2byte	0x11b
 697 04f2 08       		.byte	0x8
 698 04f3 6F050000 		.4byte	0x56f
 699 04f7 09       		.uleb128 0x9
 700 04f8 723800   		.ascii	"r8\000"
 701 04fb 0B       		.byte	0xb
 702 04fc 1C01     		.2byte	0x11c
 703 04fe 11       		.byte	0x11
 704 04ff D0000000 		.4byte	0xd0
 705 0503 00       		.byte	0
 706 0504 09       		.uleb128 0x9
 707 0505 723900   		.ascii	"r9\000"
 708 0508 0B       		.byte	0xb
 709 0509 1D01     		.2byte	0x11d
 710 050b 11       		.byte	0x11
 711 050c D0000000 		.4byte	0xd0
 712 0510 04       		.byte	0x4
 713 0511 09       		.uleb128 0x9
 714 0512 72313000 		.ascii	"r10\000"
 715 0516 0B       		.byte	0xb
 716 0517 1E01     		.2byte	0x11e
 717 0519 11       		.byte	0x11
 718 051a D0000000 		.4byte	0xd0
 719 051e 08       		.byte	0x8
 720 051f 09       		.uleb128 0x9
 721 0520 72313100 		.ascii	"r11\000"
 722 0524 0B       		.byte	0xb
 723 0525 1F01     		.2byte	0x11f
 724 0527 11       		.byte	0x11
 725 0528 D0000000 		.4byte	0xd0
 726 052c 0C       		.byte	0xc
 727 052d 09       		.uleb128 0x9
 728 052e 723400   		.ascii	"r4\000"
 729 0531 0B       		.byte	0xb
 730 0532 2001     		.2byte	0x120
 731 0534 11       		.byte	0x11
 732 0535 D0000000 		.4byte	0xd0
 733 0539 10       		.byte	0x10
 734 053a 09       		.uleb128 0x9
 735 053b 723500   		.ascii	"r5\000"
 736 053e 0B       		.byte	0xb
 737 053f 2101     		.2byte	0x121
 738 0541 11       		.byte	0x11
 739 0542 D0000000 		.4byte	0xd0
 740 0546 14       		.byte	0x14
 741 0547 09       		.uleb128 0x9
ARM GAS  C:\Users\PUBLIC~1.LAP\AppData\Local\Temp\ccurW8Og.s 			page 14


 742 0548 723600   		.ascii	"r6\000"
 743 054b 0B       		.byte	0xb
 744 054c 2201     		.2byte	0x122
 745 054e 11       		.byte	0x11
 746 054f D0000000 		.4byte	0xd0
 747 0553 18       		.byte	0x18
 748 0554 09       		.uleb128 0x9
 749 0555 723700   		.ascii	"r7\000"
 750 0558 0B       		.byte	0xb
 751 0559 2301     		.2byte	0x123
 752 055b 11       		.byte	0x11
 753 055c D0000000 		.4byte	0xd0
 754 0560 1C       		.byte	0x1c
 755 0561 09       		.uleb128 0x9
 756 0562 6C7200   		.ascii	"lr\000"
 757 0565 0B       		.byte	0xb
 758 0566 2401     		.2byte	0x124
 759 0568 11       		.byte	0x11
 760 0569 D0000000 		.4byte	0xd0
 761 056d 20       		.byte	0x20
 762 056e 00       		.byte	0
 763 056f 14       		.uleb128 0x14
 764 0570 7A040000 		.4byte	.LASF84
 765 0574 04       		.byte	0x4
 766 0575 0B       		.byte	0xb
 767 0576 2D01     		.2byte	0x12d
 768 0578 08       		.byte	0x8
 769 0579 8B050000 		.4byte	0x58b
 770 057d 09       		.uleb128 0x9
 771 057e 737000   		.ascii	"sp\000"
 772 0581 0B       		.byte	0xb
 773 0582 2E01     		.2byte	0x12e
 774 0584 1A       		.byte	0x1a
 775 0585 8B050000 		.4byte	0x58b
 776 0589 00       		.byte	0
 777 058a 00       		.byte	0
 778 058b 04       		.uleb128 0x4
 779 058c E9040000 		.4byte	0x4e9
 780 0590 07       		.uleb128 0x7
 781 0591 35040000 		.4byte	.LASF85
 782 0595 10       		.byte	0x10
 783 0596 05       		.byte	0x5
 784 0597 64       		.byte	0x64
 785 0598 10       		.byte	0x10
 786 0599 B8050000 		.4byte	0x5b8
 787 059d 02       		.uleb128 0x2
 788 059e D5060000 		.4byte	.LASF86
 789 05a2 05       		.byte	0x5
 790 05a3 68       		.byte	0x68
 791 05a4 21       		.byte	0x21
 792 05a5 14040000 		.4byte	0x414
 793 05a9 00       		.byte	0
 794 05aa 02       		.uleb128 0x2
 795 05ab 9F030000 		.4byte	.LASF87
 796 05af 05       		.byte	0x5
 797 05b0 6D       		.byte	0x6d
 798 05b1 21       		.byte	0x21
ARM GAS  C:\Users\PUBLIC~1.LAP\AppData\Local\Temp\ccurW8Og.s 			page 15


 799 05b2 58030000 		.4byte	0x358
 800 05b6 0C       		.byte	0xc
 801 05b7 00       		.byte	0
 802 05b8 01       		.uleb128 0x1
 803 05b9 C2000000 		.4byte	.LASF88
 804 05bd 05       		.byte	0x5
 805 05be 7B       		.byte	0x7b
 806 05bf 03       		.byte	0x3
 807 05c0 90050000 		.4byte	0x590
 808 05c4 07       		.uleb128 0x7
 809 05c5 13020000 		.4byte	.LASF89
 810 05c9 08       		.byte	0x8
 811 05ca 05       		.byte	0x5
 812 05cb 80       		.byte	0x80
 813 05cc 10       		.byte	0x10
 814 05cd DF050000 		.4byte	0x5df
 815 05d1 02       		.uleb128 0x2
 816 05d2 E8010000 		.4byte	.LASF90
 817 05d6 05       		.byte	0x5
 818 05d7 84       		.byte	0x84
 819 05d8 21       		.byte	0x21
 820 05d9 95030000 		.4byte	0x395
 821 05dd 00       		.byte	0
 822 05de 00       		.byte	0
 823 05df 01       		.uleb128 0x1
 824 05e0 C7050000 		.4byte	.LASF91
 825 05e4 05       		.byte	0x5
 826 05e5 85       		.byte	0x85
 827 05e6 03       		.byte	0x3
 828 05e7 C4050000 		.4byte	0x5c4
 829 05eb 01       		.uleb128 0x1
 830 05ec 19040000 		.4byte	.LASF92
 831 05f0 05       		.byte	0x5
 832 05f1 8A       		.byte	0x8a
 833 05f2 14       		.byte	0x14
 834 05f3 F7050000 		.4byte	0x5f7
 835 05f7 04       		.uleb128 0x4
 836 05f8 78010000 		.4byte	0x178
 837 05fc 1E       		.uleb128 0x1e
 838 05fd 0C       		.byte	0xc
 839 05fe A0       		.byte	0xa0
 840 05ff 22060000 		.4byte	0x622
 841 0603 16       		.uleb128 0x16
 842 0604 4E080000 		.4byte	.LASF93
 843 0608 A4       		.byte	0xa4
 844 0609 69030000 		.4byte	0x369
 845 060d 16       		.uleb128 0x16
 846 060e E8010000 		.4byte	.LASF90
 847 0612 A8       		.byte	0xa8
 848 0613 95030000 		.4byte	0x395
 849 0617 16       		.uleb128 0x16
 850 0618 08070000 		.4byte	.LASF94
 851 061c AC       		.byte	0xac
 852 061d CE030000 		.4byte	0x3ce
 853 0621 00       		.byte	0
 854 0622 1E       		.uleb128 0x1e
 855 0623 04       		.byte	0x4
ARM GAS  C:\Users\PUBLIC~1.LAP\AppData\Local\Temp\ccurW8Og.s 			page 16


 856 0624 F0       		.byte	0xf0
 857 0625 86060000 		.4byte	0x686
 858 0629 16       		.uleb128 0x16
 859 062a 1E000000 		.4byte	.LASF95
 860 062e F7       		.byte	0xf7
 861 062f 30010000 		.4byte	0x130
 862 0633 16       		.uleb128 0x16
 863 0634 A6000000 		.4byte	.LASF96
 864 0638 FE       		.byte	0xfe
 865 0639 30010000 		.4byte	0x130
 866 063d 10       		.uleb128 0x10
 867 063e 06080000 		.4byte	.LASF97
 868 0642 0501     		.2byte	0x105
 869 0644 22       		.byte	0x22
 870 0645 9B000000 		.4byte	0x9b
 871 0649 10       		.uleb128 0x10
 872 064a 12000000 		.4byte	.LASF98
 873 064e 0C01     		.2byte	0x10c
 874 0650 22       		.byte	0x22
 875 0651 86060000 		.4byte	0x686
 876 0655 10       		.uleb128 0x10
 877 0656 BA000000 		.4byte	.LASF99
 878 065a 1101     		.2byte	0x111
 879 065c 21       		.byte	0x21
 880 065d 30010000 		.4byte	0x130
 881 0661 10       		.uleb128 0x10
 882 0662 CE020000 		.4byte	.LASF100
 883 0666 1A01     		.2byte	0x11a
 884 0668 22       		.byte	0x22
 885 0669 B3060000 		.4byte	0x6b3
 886 066d 10       		.uleb128 0x10
 887 066e E2050000 		.4byte	.LASF101
 888 0672 2301     		.2byte	0x123
 889 0674 22       		.byte	0x22
 890 0675 ED060000 		.4byte	0x6ed
 891 0679 10       		.uleb128 0x10
 892 067a 92050000 		.4byte	.LASF102
 893 067e 2B01     		.2byte	0x12b
 894 0680 21       		.byte	0x21
 895 0681 48010000 		.4byte	0x148
 896 0685 00       		.byte	0
 897 0686 04       		.uleb128 0x4
 898 0687 EB050000 		.4byte	0x5eb
 899 068b 07       		.uleb128 0x7
 900 068c AC050000 		.4byte	.LASF103
 901 0690 0C       		.byte	0xc
 902 0691 0C       		.byte	0xc
 903 0692 34       		.byte	0x34
 904 0693 10       		.byte	0x10
 905 0694 B3060000 		.4byte	0x6b3
 906 0698 02       		.uleb128 0x2
 907 0699 E8010000 		.4byte	.LASF90
 908 069d 0C       		.byte	0xc
 909 069e 35       		.byte	0x35
 910 069f 19       		.byte	0x19
 911 06a0 95030000 		.4byte	0x395
 912 06a4 00       		.byte	0
ARM GAS  C:\Users\PUBLIC~1.LAP\AppData\Local\Temp\ccurW8Og.s 			page 17


 913 06a5 1A       		.uleb128 0x1a
 914 06a6 636E7400 		.ascii	"cnt\000"
 915 06aa 0C       		.byte	0xc
 916 06ab 37       		.byte	0x37
 917 06ac 19       		.byte	0x19
 918 06ad 60010000 		.4byte	0x160
 919 06b1 08       		.byte	0x8
 920 06b2 00       		.byte	0
 921 06b3 04       		.uleb128 0x4
 922 06b4 8B060000 		.4byte	0x68b
 923 06b8 07       		.uleb128 0x7
 924 06b9 79070000 		.4byte	.LASF104
 925 06bd 10       		.byte	0x10
 926 06be 0D       		.byte	0xd
 927 06bf 39       		.byte	0x39
 928 06c0 08       		.byte	0x8
 929 06c1 ED060000 		.4byte	0x6ed
 930 06c5 02       		.uleb128 0x2
 931 06c6 E8010000 		.4byte	.LASF90
 932 06ca 0D       		.byte	0xd
 933 06cb 3A       		.byte	0x3a
 934 06cc 19       		.byte	0x19
 935 06cd 95030000 		.4byte	0x395
 936 06d1 00       		.byte	0
 937 06d2 02       		.uleb128 0x2
 938 06d3 F5050000 		.4byte	.LASF33
 939 06d7 0D       		.byte	0xd
 940 06d8 3C       		.byte	0x3c
 941 06d9 1A       		.byte	0x1a
 942 06da F7050000 		.4byte	0x5f7
 943 06de 08       		.byte	0x8
 944 06df 02       		.uleb128 0x2
 945 06e0 D8000000 		.4byte	.LASF67
 946 06e4 0D       		.byte	0xd
 947 06e5 3E       		.byte	0x3e
 948 06e6 1A       		.byte	0x1a
 949 06e7 AE070000 		.4byte	0x7ae
 950 06eb 0C       		.byte	0xc
 951 06ec 00       		.byte	0
 952 06ed 04       		.uleb128 0x4
 953 06ee B8060000 		.4byte	0x6b8
 954 06f2 04       		.uleb128 0x4
 955 06f3 6E020000 		.4byte	0x26e
 956 06f7 04       		.uleb128 0x4
 957 06f8 F4000000 		.4byte	0xf4
 958 06fc 14       		.uleb128 0x14
 959 06fd AF030000 		.4byte	.LASF105
 960 0701 10       		.byte	0x10
 961 0702 05       		.byte	0x5
 962 0703 6101     		.2byte	0x161
 963 0705 10       		.byte	0x10
 964 0706 25070000 		.4byte	0x725
 965 070a 03       		.uleb128 0x3
 966 070b 08070000 		.4byte	.LASF94
 967 070f 6601     		.2byte	0x166
 968 0711 21       		.byte	0x21
 969 0712 CE030000 		.4byte	0x3ce
ARM GAS  C:\Users\PUBLIC~1.LAP\AppData\Local\Temp\ccurW8Og.s 			page 18


 970 0716 00       		.byte	0
 971 0717 03       		.uleb128 0x3
 972 0718 B9040000 		.4byte	.LASF106
 973 071c 6A01     		.2byte	0x16a
 974 071e 22       		.byte	0x22
 975 071f F7050000 		.4byte	0x5f7
 976 0723 0C       		.byte	0xc
 977 0724 00       		.byte	0
 978 0725 1F       		.uleb128 0x1f
 979 0726 00000000 		.4byte	.LASF107
 980 072a 6B01     		.2byte	0x16b
 981 072c FC060000 		.4byte	0x6fc
 982 0730 14       		.uleb128 0x14
 983 0731 64040000 		.4byte	.LASF108
 984 0735 14       		.byte	0x14
 985 0736 05       		.byte	0x5
 986 0737 7001     		.2byte	0x170
 987 0739 10       		.byte	0x10
 988 073a 80070000 		.4byte	0x780
 989 073e 03       		.uleb128 0x3
 990 073f 11030000 		.4byte	.LASF34
 991 0743 7401     		.2byte	0x174
 992 0745 22       		.byte	0x22
 993 0746 A9000000 		.4byte	0xa9
 994 074a 00       		.byte	0
 995 074b 03       		.uleb128 0x3
 996 074c 71020000 		.4byte	.LASF109
 997 0750 7A01     		.2byte	0x17a
 998 0752 22       		.byte	0x22
 999 0753 F7060000 		.4byte	0x6f7
 1000 0757 04       		.byte	0x4
 1001 0758 03       		.uleb128 0x3
 1002 0759 55070000 		.4byte	.LASF110
 1003 075d 7E01     		.2byte	0x17e
 1004 075f 22       		.byte	0x22
 1005 0760 F7060000 		.4byte	0x6f7
 1006 0764 08       		.byte	0x8
 1007 0765 03       		.uleb128 0x3
 1008 0766 E3030000 		.4byte	.LASF111
 1009 076a 8401     		.2byte	0x184
 1010 076c 22       		.byte	0x22
 1011 076d F7060000 		.4byte	0x6f7
 1012 0771 0C       		.byte	0xc
 1013 0772 03       		.uleb128 0x3
 1014 0773 5D080000 		.4byte	.LASF112
 1015 0777 8801     		.2byte	0x188
 1016 0779 22       		.byte	0x22
 1017 077a F7060000 		.4byte	0x6f7
 1018 077e 10       		.byte	0x10
 1019 077f 00       		.byte	0
 1020 0780 1F       		.uleb128 0x1f
 1021 0781 64070000 		.4byte	.LASF113
 1022 0785 8A01     		.2byte	0x18a
 1023 0787 30070000 		.4byte	0x730
 1024 078b 06       		.uleb128 0x6
 1025 078c 80070000 		.4byte	0x780
 1026 0790 04       		.uleb128 0x4
ARM GAS  C:\Users\PUBLIC~1.LAP\AppData\Local\Temp\ccurW8Og.s 			page 19


 1027 0791 8B070000 		.4byte	0x78b
 1028 0795 27       		.uleb128 0x27
 1029 0796 63683000 		.ascii	"ch0\000"
 1030 079a 11       		.byte	0x11
 1031 079b 4101     		.2byte	0x141
 1032 079d 16       		.byte	0x16
 1033 079e 6E020000 		.4byte	0x26e
 1034 07a2 01       		.uleb128 0x1
 1035 07a3 81020000 		.4byte	.LASF114
 1036 07a7 0D       		.byte	0xd
 1037 07a8 34       		.byte	0x34
 1038 07a9 19       		.byte	0x19
 1039 07aa B8060000 		.4byte	0x6b8
 1040 07ae 04       		.uleb128 0x4
 1041 07af A2070000 		.4byte	0x7a2
 1042 07b3 01       		.uleb128 0x1
 1043 07b4 F3030000 		.4byte	.LASF115
 1044 07b8 0E       		.byte	0xe
 1045 07b9 34       		.byte	0x34
 1046 07ba 1F       		.byte	0x1f
 1047 07bb BF070000 		.4byte	0x7bf
 1048 07bf 07       		.uleb128 0x7
 1049 07c0 74080000 		.4byte	.LASF116
 1050 07c4 14       		.byte	0x14
 1051 07c5 0E       		.byte	0xe
 1052 07c6 39       		.byte	0x39
 1053 07c7 08       		.byte	0x8
 1054 07c8 0E080000 		.4byte	0x80e
 1055 07cc 02       		.uleb128 0x2
 1056 07cd D8000000 		.4byte	.LASF67
 1057 07d1 0E       		.byte	0xe
 1058 07d2 3A       		.byte	0x3a
 1059 07d3 1A       		.byte	0x1a
 1060 07d4 0E080000 		.4byte	0x80e
 1061 07d8 00       		.byte	0
 1062 07d9 02       		.uleb128 0x2
 1063 07da 2C040000 		.4byte	.LASF117
 1064 07de 0E       		.byte	0xe
 1065 07df 3D       		.byte	0x3d
 1066 07e0 1A       		.byte	0x1a
 1067 07e1 F7050000 		.4byte	0x5f7
 1068 07e5 04       		.byte	0x4
 1069 07e6 02       		.uleb128 0x2
 1070 07e7 D2050000 		.4byte	.LASF118
 1071 07eb 0E       		.byte	0xe
 1072 07ec 3F       		.byte	0x3f
 1073 07ed 19       		.byte	0x19
 1074 07ee 48010000 		.4byte	0x148
 1075 07f2 08       		.byte	0x8
 1076 07f3 02       		.uleb128 0x2
 1077 07f4 B6070000 		.4byte	.LASF38
 1078 07f8 0E       		.byte	0xe
 1079 07f9 41       		.byte	0x41
 1080 07fa 19       		.byte	0x19
 1081 07fb 54010000 		.4byte	0x154
 1082 07ff 0C       		.byte	0xc
 1083 0800 02       		.uleb128 0x2
ARM GAS  C:\Users\PUBLIC~1.LAP\AppData\Local\Temp\ccurW8Og.s 			page 20


 1084 0801 1F020000 		.4byte	.LASF119
 1085 0805 0E       		.byte	0xe
 1086 0806 43       		.byte	0x43
 1087 0807 19       		.byte	0x19
 1088 0808 54010000 		.4byte	0x154
 1089 080c 10       		.byte	0x10
 1090 080d 00       		.byte	0
 1091 080e 04       		.uleb128 0x4
 1092 080f B3070000 		.4byte	0x7b3
 1093 0813 07       		.uleb128 0x7
 1094 0814 93070000 		.4byte	.LASF120
 1095 0818 04       		.byte	0x4
 1096 0819 0E       		.byte	0xe
 1097 081a 4A       		.byte	0x4a
 1098 081b 10       		.byte	0x10
 1099 081c 2E080000 		.4byte	0x82e
 1100 0820 02       		.uleb128 0x2
 1101 0821 D8000000 		.4byte	.LASF67
 1102 0825 0E       		.byte	0xe
 1103 0826 4B       		.byte	0x4b
 1104 0827 1A       		.byte	0x1a
 1105 0828 0E080000 		.4byte	0x80e
 1106 082c 00       		.byte	0
 1107 082d 00       		.byte	0
 1108 082e 01       		.uleb128 0x1
 1109 082f 89020000 		.4byte	.LASF121
 1110 0833 0E       		.byte	0xe
 1111 0834 4E       		.byte	0x4e
 1112 0835 03       		.byte	0x3
 1113 0836 13080000 		.4byte	0x813
 1114 083a 01       		.uleb128 0x1
 1115 083b A6020000 		.4byte	.LASF122
 1116 083f 0E       		.byte	0xe
 1117 0840 53       		.byte	0x53
 1118 0841 10       		.byte	0x10
 1119 0842 4B080000 		.4byte	0x84b
 1120 0846 06       		.uleb128 0x6
 1121 0847 3A080000 		.4byte	0x83a
 1122 084b 04       		.uleb128 0x4
 1123 084c 50080000 		.4byte	0x850
 1124 0850 28       		.uleb128 0x28
 1125 0851 5B080000 		.4byte	0x85b
 1126 0855 17       		.uleb128 0x17
 1127 0856 3C010000 		.4byte	0x13c
 1128 085a 00       		.byte	0
 1129 085b 20       		.uleb128 0x20
 1130 085c D3010000 		.4byte	.LASF123
 1131 0860 99       		.byte	0x99
 1132 0861 09       		.byte	0x9
 1133 0862 30010000 		.4byte	0x130
 1134 0866 75080000 		.4byte	0x875
 1135 086a 17       		.uleb128 0x17
 1136 086b 0C010000 		.4byte	0x10c
 1137 086f 17       		.uleb128 0x17
 1138 0870 5D030000 		.4byte	0x35d
 1139 0874 00       		.byte	0
 1140 0875 29       		.uleb128 0x29
ARM GAS  C:\Users\PUBLIC~1.LAP\AppData\Local\Temp\ccurW8Og.s 			page 21


 1141 0876 B9050000 		.4byte	.LASF125
 1142 087a 0F       		.byte	0xf
 1143 087b 98       		.byte	0x98
 1144 087c 08       		.byte	0x8
 1145 087d 87080000 		.4byte	0x887
 1146 0881 17       		.uleb128 0x17
 1147 0882 0C010000 		.4byte	0x10c
 1148 0886 00       		.byte	0
 1149 0887 2A       		.uleb128 0x2a
 1150 0888 26020000 		.4byte	.LASF160
 1151 088c 0F       		.byte	0xf
 1152 088d 9B       		.byte	0x9b
 1153 088e 08       		.byte	0x8
 1154 088f 20       		.uleb128 0x20
 1155 0890 E9050000 		.4byte	.LASF124
 1156 0894 97       		.byte	0x97
 1157 0895 0D       		.byte	0xd
 1158 0896 F7050000 		.4byte	0x5f7
 1159 089a A4080000 		.4byte	0x8a4
 1160 089e 17       		.uleb128 0x17
 1161 089f F7050000 		.4byte	0x5f7
 1162 08a3 00       		.byte	0
 1163 08a4 0D       		.uleb128 0xd
 1164 08a5 47010000 		.4byte	.LASF126
 1165 08a9 8F02     		.2byte	0x28f
 1166 08ab 0D       		.byte	0xd
 1167 08ac 48010000 		.4byte	0x148
 1168 08b0 DB080000 		.4byte	0x8db
 1169 08b4 05       		.uleb128 0x5
 1170 08b5 D2050000 		.4byte	.LASF118
 1171 08b9 10       		.byte	0x10
 1172 08ba 8F02     		.2byte	0x28f
 1173 08bc 2D       		.byte	0x2d
 1174 08bd 48010000 		.4byte	0x148
 1175 08c1 05       		.uleb128 0x5
 1176 08c2 09030000 		.4byte	.LASF127
 1177 08c6 10       		.byte	0x10
 1178 08c7 8F02     		.2byte	0x28f
 1179 08c9 43       		.byte	0x43
 1180 08ca 5D030000 		.4byte	0x35d
 1181 08ce 0E       		.uleb128 0xe
 1182 08cf 49030000 		.4byte	.LASF129
 1183 08d3 9002     		.2byte	0x290
 1184 08d5 0D       		.byte	0xd
 1185 08d6 F7050000 		.4byte	0x5f7
 1186 08da 00       		.byte	0
 1187 08db 0D       		.uleb128 0xd
 1188 08dc DD000000 		.4byte	.LASF128
 1189 08e0 6602     		.2byte	0x266
 1190 08e2 0D       		.byte	0xd
 1191 08e3 48010000 		.4byte	0x148
 1192 08e7 1C090000 		.4byte	0x91c
 1193 08eb 05       		.uleb128 0x5
 1194 08ec D2050000 		.4byte	.LASF118
 1195 08f0 10       		.byte	0x10
 1196 08f1 6602     		.2byte	0x266
 1197 08f3 2D       		.byte	0x2d
ARM GAS  C:\Users\PUBLIC~1.LAP\AppData\Local\Temp\ccurW8Og.s 			page 22


 1198 08f4 48010000 		.4byte	0x148
 1199 08f8 05       		.uleb128 0x5
 1200 08f9 09030000 		.4byte	.LASF127
 1201 08fd 10       		.byte	0x10
 1202 08fe 6602     		.2byte	0x266
 1203 0900 43       		.byte	0x43
 1204 0901 5D030000 		.4byte	0x35d
 1205 0905 0E       		.uleb128 0xe
 1206 0906 49030000 		.4byte	.LASF129
 1207 090a 6702     		.2byte	0x267
 1208 090c 0D       		.byte	0xd
 1209 090d F7050000 		.4byte	0x5f7
 1210 0911 11       		.uleb128 0x11
 1211 0912 6D00     		.ascii	"m\000"
 1212 0914 6802     		.2byte	0x268
 1213 0916 0F       		.byte	0xf
 1214 0917 48010000 		.4byte	0x148
 1215 091b 00       		.byte	0
 1216 091c 0D       		.uleb128 0xd
 1217 091d F2070000 		.4byte	.LASF130
 1218 0921 3B02     		.2byte	0x23b
 1219 0923 0D       		.byte	0xd
 1220 0924 48010000 		.4byte	0x148
 1221 0928 5D090000 		.4byte	0x95d
 1222 092c 05       		.uleb128 0x5
 1223 092d D2050000 		.4byte	.LASF118
 1224 0931 10       		.byte	0x10
 1225 0932 3B02     		.2byte	0x23b
 1226 0934 2D       		.byte	0x2d
 1227 0935 48010000 		.4byte	0x148
 1228 0939 05       		.uleb128 0x5
 1229 093a 09030000 		.4byte	.LASF127
 1230 093e 10       		.byte	0x10
 1231 093f 3B02     		.2byte	0x23b
 1232 0941 43       		.byte	0x43
 1233 0942 5D030000 		.4byte	0x35d
 1234 0946 0E       		.uleb128 0xe
 1235 0947 49030000 		.4byte	.LASF129
 1236 094b 3C02     		.2byte	0x23c
 1237 094d 0D       		.byte	0xd
 1238 094e F7050000 		.4byte	0x5f7
 1239 0952 11       		.uleb128 0x11
 1240 0953 6D00     		.ascii	"m\000"
 1241 0955 3D02     		.2byte	0x23d
 1242 0957 0F       		.byte	0xf
 1243 0958 48010000 		.4byte	0x148
 1244 095c 00       		.byte	0
 1245 095d 0D       		.uleb128 0xd
 1246 095e 87040000 		.4byte	.LASF131
 1247 0962 1502     		.2byte	0x215
 1248 0964 0D       		.byte	0xd
 1249 0965 48010000 		.4byte	0x148
 1250 0969 87090000 		.4byte	0x987
 1251 096d 05       		.uleb128 0x5
 1252 096e D2050000 		.4byte	.LASF118
 1253 0972 10       		.byte	0x10
 1254 0973 1502     		.2byte	0x215
ARM GAS  C:\Users\PUBLIC~1.LAP\AppData\Local\Temp\ccurW8Og.s 			page 23


 1255 0975 26       		.byte	0x26
 1256 0976 48010000 		.4byte	0x148
 1257 097a 0E       		.uleb128 0xe
 1258 097b 49030000 		.4byte	.LASF129
 1259 097f 1602     		.2byte	0x216
 1260 0981 0D       		.byte	0xd
 1261 0982 F7050000 		.4byte	0x5f7
 1262 0986 00       		.byte	0
 1263 0987 0D       		.uleb128 0xd
 1264 0988 98010000 		.4byte	.LASF132
 1265 098c F901     		.2byte	0x1f9
 1266 098e 0D       		.byte	0xd
 1267 098f 48010000 		.4byte	0x148
 1268 0993 BB090000 		.4byte	0x9bb
 1269 0997 05       		.uleb128 0x5
 1270 0998 D2050000 		.4byte	.LASF118
 1271 099c 10       		.byte	0x10
 1272 099d F901     		.2byte	0x1f9
 1273 099f 26       		.byte	0x26
 1274 09a0 48010000 		.4byte	0x148
 1275 09a4 0E       		.uleb128 0xe
 1276 09a5 49030000 		.4byte	.LASF129
 1277 09a9 FA01     		.2byte	0x1fa
 1278 09ab 0D       		.byte	0xd
 1279 09ac F7050000 		.4byte	0x5f7
 1280 09b0 11       		.uleb128 0x11
 1281 09b1 6D00     		.ascii	"m\000"
 1282 09b3 FB01     		.2byte	0x1fb
 1283 09b5 0F       		.byte	0xf
 1284 09b6 48010000 		.4byte	0x148
 1285 09ba 00       		.byte	0
 1286 09bb 0D       		.uleb128 0xd
 1287 09bc 41050000 		.4byte	.LASF133
 1288 09c0 DB01     		.2byte	0x1db
 1289 09c2 0D       		.byte	0xd
 1290 09c3 48010000 		.4byte	0x148
 1291 09c7 EF090000 		.4byte	0x9ef
 1292 09cb 05       		.uleb128 0x5
 1293 09cc D2050000 		.4byte	.LASF118
 1294 09d0 10       		.byte	0x10
 1295 09d1 DB01     		.2byte	0x1db
 1296 09d3 26       		.byte	0x26
 1297 09d4 48010000 		.4byte	0x148
 1298 09d8 0E       		.uleb128 0xe
 1299 09d9 49030000 		.4byte	.LASF129
 1300 09dd DC01     		.2byte	0x1dc
 1301 09df 0D       		.byte	0xd
 1302 09e0 F7050000 		.4byte	0x5f7
 1303 09e4 11       		.uleb128 0x11
 1304 09e5 6D00     		.ascii	"m\000"
 1305 09e7 DD01     		.2byte	0x1dd
 1306 09e9 0F       		.byte	0xf
 1307 09ea 48010000 		.4byte	0x148
 1308 09ee 00       		.byte	0
 1309 09ef 18       		.uleb128 0x18
 1310 09f0 4C040000 		.4byte	.LASF135
 1311 09f4 B801     		.2byte	0x1b8
ARM GAS  C:\Users\PUBLIC~1.LAP\AppData\Local\Temp\ccurW8Og.s 			page 24


 1312 09f6 2A0A0000 		.4byte	0xa2a
 1313 09fa 05       		.uleb128 0x5
 1314 09fb DB040000 		.4byte	.LASF134
 1315 09ff 10       		.byte	0x10
 1316 0a00 B801     		.2byte	0x1b8
 1317 0a02 27       		.byte	0x27
 1318 0a03 2A0A0000 		.4byte	0xa2a
 1319 0a07 05       		.uleb128 0x5
 1320 0a08 D2050000 		.4byte	.LASF118
 1321 0a0c 10       		.byte	0x10
 1322 0a0d B801     		.2byte	0x1b8
 1323 0a0f 3D       		.byte	0x3d
 1324 0a10 48010000 		.4byte	0x148
 1325 0a14 11       		.uleb128 0x11
 1326 0a15 65696400 		.ascii	"eid\000"
 1327 0a19 B901     		.2byte	0x1b9
 1328 0a1b 0D       		.byte	0xd
 1329 0a1c 3C010000 		.4byte	0x13c
 1330 0a20 0C       		.uleb128 0xc
 1331 0a21 99050000 		.4byte	.LASF138
 1332 0a25 3F0A0000 		.4byte	0xa3f
 1333 0a29 00       		.byte	0
 1334 0a2a 04       		.uleb128 0x4
 1335 0a2b 46080000 		.4byte	0x846
 1336 0a2f 0A       		.uleb128 0xa
 1337 0a30 A4000000 		.4byte	0xa4
 1338 0a34 3F0A0000 		.4byte	0xa3f
 1339 0a38 0B       		.uleb128 0xb
 1340 0a39 25000000 		.4byte	0x25
 1341 0a3d 0D       		.byte	0xd
 1342 0a3e 00       		.byte	0
 1343 0a3f 06       		.uleb128 0x6
 1344 0a40 2F0A0000 		.4byte	0xa2f
 1345 0a44 18       		.uleb128 0x18
 1346 0a45 4B020000 		.4byte	.LASF136
 1347 0a49 A701     		.2byte	0x1a7
 1348 0a4b 690A0000 		.4byte	0xa69
 1349 0a4f 12       		.uleb128 0x12
 1350 0a50 65737000 		.ascii	"esp\000"
 1351 0a54 A701     		.2byte	0x1a7
 1352 0a56 2A       		.byte	0x2a
 1353 0a57 690A0000 		.4byte	0xa69
 1354 0a5b 05       		.uleb128 0x5
 1355 0a5c B6070000 		.4byte	.LASF38
 1356 0a60 10       		.byte	0x10
 1357 0a61 A701     		.2byte	0x1a7
 1358 0a63 3C       		.byte	0x3c
 1359 0a64 54010000 		.4byte	0x154
 1360 0a68 00       		.byte	0
 1361 0a69 04       		.uleb128 0x4
 1362 0a6a 2E080000 		.4byte	0x82e
 1363 0a6e 18       		.uleb128 0x18
 1364 0a6f FE010000 		.4byte	.LASF137
 1365 0a73 8501     		.2byte	0x185
 1366 0a75 A80A0000 		.4byte	0xaa8
 1367 0a79 12       		.uleb128 0x12
 1368 0a7a 65737000 		.ascii	"esp\000"
ARM GAS  C:\Users\PUBLIC~1.LAP\AppData\Local\Temp\ccurW8Og.s 			page 25


 1369 0a7e 8501     		.2byte	0x185
 1370 0a80 2B       		.byte	0x2b
 1371 0a81 690A0000 		.4byte	0xa69
 1372 0a85 05       		.uleb128 0x5
 1373 0a86 B6070000 		.4byte	.LASF38
 1374 0a8a 10       		.byte	0x10
 1375 0a8b 8501     		.2byte	0x185
 1376 0a8d 3D       		.byte	0x3d
 1377 0a8e 54010000 		.4byte	0x154
 1378 0a92 11       		.uleb128 0x11
 1379 0a93 656C7000 		.ascii	"elp\000"
 1380 0a97 8601     		.2byte	0x186
 1381 0a99 15       		.byte	0x15
 1382 0a9a 0E080000 		.4byte	0x80e
 1383 0a9e 0C       		.uleb128 0xc
 1384 0a9f 99050000 		.4byte	.LASF138
 1385 0aa3 B80A0000 		.4byte	0xab8
 1386 0aa7 00       		.byte	0
 1387 0aa8 0A       		.uleb128 0xa
 1388 0aa9 A4000000 		.4byte	0xa4
 1389 0aad B80A0000 		.4byte	0xab8
 1390 0ab1 0B       		.uleb128 0xb
 1391 0ab2 25000000 		.4byte	0x25
 1392 0ab6 14       		.byte	0x14
 1393 0ab7 00       		.byte	0
 1394 0ab8 06       		.uleb128 0x6
 1395 0ab9 A80A0000 		.4byte	0xaa8
 1396 0abd 18       		.uleb128 0x18
 1397 0abe 58000000 		.4byte	.LASF139
 1398 0ac2 6A01     		.2byte	0x16a
 1399 0ac4 EA0A0000 		.4byte	0xaea
 1400 0ac8 12       		.uleb128 0x12
 1401 0ac9 747000   		.ascii	"tp\000"
 1402 0acc 6A01     		.2byte	0x16a
 1403 0ace 1C       		.byte	0x1c
 1404 0acf F7050000 		.4byte	0x5f7
 1405 0ad3 05       		.uleb128 0x5
 1406 0ad4 D2050000 		.4byte	.LASF118
 1407 0ad8 10       		.byte	0x10
 1408 0ad9 6A01     		.2byte	0x16a
 1409 0adb 2C       		.byte	0x2c
 1410 0adc 48010000 		.4byte	0x148
 1411 0ae0 0C       		.uleb128 0xc
 1412 0ae1 99050000 		.4byte	.LASF138
 1413 0ae5 FA0A0000 		.4byte	0xafa
 1414 0ae9 00       		.byte	0
 1415 0aea 0A       		.uleb128 0xa
 1416 0aeb A4000000 		.4byte	0xa4
 1417 0aef FA0A0000 		.4byte	0xafa
 1418 0af3 0B       		.uleb128 0xb
 1419 0af4 25000000 		.4byte	0x25
 1420 0af8 0B       		.byte	0xb
 1421 0af9 00       		.byte	0
 1422 0afa 06       		.uleb128 0x6
 1423 0afb EA0A0000 		.4byte	0xaea
 1424 0aff 18       		.uleb128 0x18
 1425 0b00 83080000 		.4byte	.LASF140
ARM GAS  C:\Users\PUBLIC~1.LAP\AppData\Local\Temp\ccurW8Og.s 			page 26


 1426 0b04 5201     		.2byte	0x152
 1427 0b06 2C0B0000 		.4byte	0xb2c
 1428 0b0a 12       		.uleb128 0x12
 1429 0b0b 747000   		.ascii	"tp\000"
 1430 0b0e 5201     		.2byte	0x152
 1431 0b10 1D       		.byte	0x1d
 1432 0b11 F7050000 		.4byte	0x5f7
 1433 0b15 05       		.uleb128 0x5
 1434 0b16 D2050000 		.4byte	.LASF118
 1435 0b1a 10       		.byte	0x10
 1436 0b1b 5201     		.2byte	0x152
 1437 0b1d 2D       		.byte	0x2d
 1438 0b1e 48010000 		.4byte	0x148
 1439 0b22 0C       		.uleb128 0xc
 1440 0b23 99050000 		.4byte	.LASF138
 1441 0b27 3C0B0000 		.4byte	0xb3c
 1442 0b2b 00       		.byte	0
 1443 0b2c 0A       		.uleb128 0xa
 1444 0b2d A4000000 		.4byte	0xa4
 1445 0b31 3C0B0000 		.4byte	0xb3c
 1446 0b35 0B       		.uleb128 0xb
 1447 0b36 25000000 		.4byte	0x25
 1448 0b3a 0C       		.byte	0xc
 1449 0b3b 00       		.byte	0
 1450 0b3c 06       		.uleb128 0x6
 1451 0b3d 2C0B0000 		.4byte	0xb2c
 1452 0b41 0D       		.uleb128 0xd
 1453 0b42 25080000 		.4byte	.LASF141
 1454 0b46 3901     		.2byte	0x139
 1455 0b48 0E       		.byte	0xe
 1456 0b49 54010000 		.4byte	0x154
 1457 0b4d 730B0000 		.4byte	0xb73
 1458 0b51 12       		.uleb128 0x12
 1459 0b52 656C7000 		.ascii	"elp\000"
 1460 0b56 3901     		.2byte	0x139
 1461 0b58 36       		.byte	0x36
 1462 0b59 0E080000 		.4byte	0x80e
 1463 0b5d 0E       		.uleb128 0xe
 1464 0b5e B6070000 		.4byte	.LASF38
 1465 0b62 3A01     		.2byte	0x13a
 1466 0b64 10       		.byte	0x10
 1467 0b65 54010000 		.4byte	0x154
 1468 0b69 0C       		.uleb128 0xc
 1469 0b6a 99050000 		.4byte	.LASF138
 1470 0b6e 830B0000 		.4byte	0xb83
 1471 0b72 00       		.byte	0
 1472 0b73 0A       		.uleb128 0xa
 1473 0b74 A4000000 		.4byte	0xa4
 1474 0b78 830B0000 		.4byte	0xb83
 1475 0b7c 0B       		.uleb128 0xb
 1476 0b7d 25000000 		.4byte	0x25
 1477 0b81 15       		.byte	0x15
 1478 0b82 00       		.byte	0
 1479 0b83 06       		.uleb128 0x6
 1480 0b84 730B0000 		.4byte	0xb73
 1481 0b88 0D       		.uleb128 0xd
 1482 0b89 7B050000 		.4byte	.LASF142
ARM GAS  C:\Users\PUBLIC~1.LAP\AppData\Local\Temp\ccurW8Og.s 			page 27


 1483 0b8d 2201     		.2byte	0x122
 1484 0b8f 0E       		.byte	0xe
 1485 0b90 54010000 		.4byte	0x154
 1486 0b94 BA0B0000 		.4byte	0xbba
 1487 0b98 12       		.uleb128 0x12
 1488 0b99 656C7000 		.ascii	"elp\000"
 1489 0b9d 2201     		.2byte	0x122
 1490 0b9f 37       		.byte	0x37
 1491 0ba0 0E080000 		.4byte	0x80e
 1492 0ba4 0E       		.uleb128 0xe
 1493 0ba5 B6070000 		.4byte	.LASF38
 1494 0ba9 2301     		.2byte	0x123
 1495 0bab 10       		.byte	0x10
 1496 0bac 54010000 		.4byte	0x154
 1497 0bb0 0C       		.uleb128 0xc
 1498 0bb1 99050000 		.4byte	.LASF138
 1499 0bb5 CA0B0000 		.4byte	0xbca
 1500 0bb9 00       		.byte	0
 1501 0bba 0A       		.uleb128 0xa
 1502 0bbb A4000000 		.4byte	0xa4
 1503 0bbf CA0B0000 		.4byte	0xbca
 1504 0bc3 0B       		.uleb128 0xb
 1505 0bc4 25000000 		.4byte	0x25
 1506 0bc8 16       		.byte	0x16
 1507 0bc9 00       		.byte	0
 1508 0bca 06       		.uleb128 0x6
 1509 0bcb BA0B0000 		.4byte	0xbba
 1510 0bcf 0D       		.uleb128 0xd
 1511 0bd0 97000000 		.4byte	.LASF143
 1512 0bd4 0D01     		.2byte	0x10d
 1513 0bd6 0D       		.byte	0xd
 1514 0bd7 48010000 		.4byte	0x148
 1515 0bdb F90B0000 		.4byte	0xbf9
 1516 0bdf 05       		.uleb128 0x5
 1517 0be0 D2050000 		.4byte	.LASF118
 1518 0be4 10       		.byte	0x10
 1519 0be5 0D01     		.2byte	0x10d
 1520 0be7 28       		.byte	0x28
 1521 0be8 48010000 		.4byte	0x148
 1522 0bec 0E       		.uleb128 0xe
 1523 0bed 47080000 		.4byte	.LASF144
 1524 0bf1 0E01     		.2byte	0x10e
 1525 0bf3 0F       		.byte	0xf
 1526 0bf4 48010000 		.4byte	0x148
 1527 0bf8 00       		.byte	0
 1528 0bf9 21       		.uleb128 0x21
 1529 0bfa A5010000 		.4byte	.LASF145
 1530 0bfe FA       		.byte	0xfa
 1531 0bff 48010000 		.4byte	0x148
 1532 0c03 1C0C0000 		.4byte	0xc1c
 1533 0c07 13       		.uleb128 0x13
 1534 0c08 D2050000 		.4byte	.LASF118
 1535 0c0c FA       		.byte	0xfa
 1536 0c0d 30       		.byte	0x30
 1537 0c0e 48010000 		.4byte	0x148
 1538 0c12 1B       		.uleb128 0x1b
 1539 0c13 6D00     		.ascii	"m\000"
ARM GAS  C:\Users\PUBLIC~1.LAP\AppData\Local\Temp\ccurW8Og.s 			page 28


 1540 0c15 FB       		.byte	0xfb
 1541 0c16 0F       		.byte	0xf
 1542 0c17 48010000 		.4byte	0x148
 1543 0c1b 00       		.byte	0
 1544 0c1c 21       		.uleb128 0x21
 1545 0c1d 0D080000 		.4byte	.LASF146
 1546 0c21 E6       		.byte	0xe6
 1547 0c22 48010000 		.4byte	0x148
 1548 0c26 490C0000 		.4byte	0xc49
 1549 0c2a 13       		.uleb128 0x13
 1550 0c2b D2050000 		.4byte	.LASF118
 1551 0c2f E6       		.byte	0xe6
 1552 0c30 31       		.byte	0x31
 1553 0c31 48010000 		.4byte	0x148
 1554 0c35 22       		.uleb128 0x22
 1555 0c36 49030000 		.4byte	.LASF129
 1556 0c3a E7       		.byte	0xe7
 1557 0c3b F7050000 		.4byte	0x5f7
 1558 0c3f 1B       		.uleb128 0x1b
 1559 0c40 6D00     		.ascii	"m\000"
 1560 0c42 E8       		.byte	0xe8
 1561 0c43 0F       		.byte	0xf
 1562 0c44 48010000 		.4byte	0x148
 1563 0c48 00       		.byte	0
 1564 0c49 19       		.uleb128 0x19
 1565 0c4a 6C030000 		.4byte	.LASF147
 1566 0c4e C9       		.byte	0xc9
 1567 0c4f 7C0C0000 		.4byte	0xc7c
 1568 0c53 0F       		.uleb128 0xf
 1569 0c54 65737000 		.ascii	"esp\000"
 1570 0c58 C9       		.byte	0xc9
 1571 0c59 26       		.byte	0x26
 1572 0c5a 690A0000 		.4byte	0xa69
 1573 0c5e 0F       		.uleb128 0xf
 1574 0c5f 656C7000 		.ascii	"elp\000"
 1575 0c63 C9       		.byte	0xc9
 1576 0c64 3D       		.byte	0x3d
 1577 0c65 0E080000 		.4byte	0x80e
 1578 0c69 1B       		.uleb128 0x1b
 1579 0c6a 7000     		.ascii	"p\000"
 1580 0c6c CA       		.byte	0xca
 1581 0c6d 15       		.byte	0x15
 1582 0c6e 0E080000 		.4byte	0x80e
 1583 0c72 0C       		.uleb128 0xc
 1584 0c73 99050000 		.4byte	.LASF138
 1585 0c77 8C0C0000 		.4byte	0xc8c
 1586 0c7b 00       		.byte	0
 1587 0c7c 0A       		.uleb128 0xa
 1588 0c7d A4000000 		.4byte	0xa4
 1589 0c81 8C0C0000 		.4byte	0xc8c
 1590 0c85 0B       		.uleb128 0xb
 1591 0c86 25000000 		.4byte	0x25
 1592 0c8a 0F       		.byte	0xf
 1593 0c8b 00       		.byte	0
 1594 0c8c 06       		.uleb128 0x6
 1595 0c8d 7C0C0000 		.4byte	0xc7c
 1596 0c91 19       		.uleb128 0x19
ARM GAS  C:\Users\PUBLIC~1.LAP\AppData\Local\Temp\ccurW8Og.s 			page 29


 1597 0c92 7C030000 		.4byte	.LASF148
 1598 0c96 B2       		.byte	0xb2
 1599 0c97 C80C0000 		.4byte	0xcc8
 1600 0c9b 0F       		.uleb128 0xf
 1601 0c9c 65737000 		.ascii	"esp\000"
 1602 0ca0 B2       		.byte	0xb2
 1603 0ca1 31       		.byte	0x31
 1604 0ca2 690A0000 		.4byte	0xa69
 1605 0ca6 0F       		.uleb128 0xf
 1606 0ca7 656C7000 		.ascii	"elp\000"
 1607 0cab B3       		.byte	0xb3
 1608 0cac 33       		.byte	0x33
 1609 0cad 0E080000 		.4byte	0x80e
 1610 0cb1 13       		.uleb128 0x13
 1611 0cb2 D2050000 		.4byte	.LASF118
 1612 0cb6 B4       		.byte	0xb4
 1613 0cb7 2D       		.byte	0x2d
 1614 0cb8 48010000 		.4byte	0x148
 1615 0cbc 13       		.uleb128 0x13
 1616 0cbd 1F020000 		.4byte	.LASF119
 1617 0cc1 B5       		.byte	0xb5
 1618 0cc2 2E       		.byte	0x2e
 1619 0cc3 54010000 		.4byte	0x154
 1620 0cc7 00       		.byte	0
 1621 0cc8 19       		.uleb128 0x19
 1622 0cc9 4E050000 		.4byte	.LASF149
 1623 0ccd 92       		.byte	0x92
 1624 0cce 120D0000 		.4byte	0xd12
 1625 0cd2 0F       		.uleb128 0xf
 1626 0cd3 65737000 		.ascii	"esp\000"
 1627 0cd7 92       		.byte	0x92
 1628 0cd8 32       		.byte	0x32
 1629 0cd9 690A0000 		.4byte	0xa69
 1630 0cdd 0F       		.uleb128 0xf
 1631 0cde 656C7000 		.ascii	"elp\000"
 1632 0ce2 93       		.byte	0x93
 1633 0ce3 34       		.byte	0x34
 1634 0ce4 0E080000 		.4byte	0x80e
 1635 0ce8 13       		.uleb128 0x13
 1636 0ce9 D2050000 		.4byte	.LASF118
 1637 0ced 94       		.byte	0x94
 1638 0cee 2E       		.byte	0x2e
 1639 0cef 48010000 		.4byte	0x148
 1640 0cf3 13       		.uleb128 0x13
 1641 0cf4 1F020000 		.4byte	.LASF119
 1642 0cf8 95       		.byte	0x95
 1643 0cf9 2F       		.byte	0x2f
 1644 0cfa 54010000 		.4byte	0x154
 1645 0cfe 22       		.uleb128 0x22
 1646 0cff 49030000 		.4byte	.LASF129
 1647 0d03 96       		.byte	0x96
 1648 0d04 F7050000 		.4byte	0x5f7
 1649 0d08 0C       		.uleb128 0xc
 1650 0d09 99050000 		.4byte	.LASF138
 1651 0d0d 220D0000 		.4byte	0xd22
 1652 0d11 00       		.byte	0
 1653 0d12 0A       		.uleb128 0xa
ARM GAS  C:\Users\PUBLIC~1.LAP\AppData\Local\Temp\ccurW8Og.s 			page 30


 1654 0d13 A4000000 		.4byte	0xa4
 1655 0d17 220D0000 		.4byte	0xd22
 1656 0d1b 0B       		.uleb128 0xb
 1657 0d1c 25000000 		.4byte	0x25
 1658 0d20 1B       		.byte	0x1b
 1659 0d21 00       		.byte	0
 1660 0d22 06       		.uleb128 0x6
 1661 0d23 120D0000 		.4byte	0xd12
 1662 0d27 19       		.uleb128 0x19
 1663 0d28 99040000 		.4byte	.LASF150
 1664 0d2c 79       		.byte	0x79
 1665 0d2d 460D0000 		.4byte	0xd46
 1666 0d31 0F       		.uleb128 0xf
 1667 0d32 65737000 		.ascii	"esp\000"
 1668 0d36 79       		.byte	0x79
 1669 0d37 29       		.byte	0x29
 1670 0d38 690A0000 		.4byte	0xa69
 1671 0d3c 0C       		.uleb128 0xc
 1672 0d3d 99050000 		.4byte	.LASF138
 1673 0d41 560D0000 		.4byte	0xd56
 1674 0d45 00       		.byte	0
 1675 0d46 0A       		.uleb128 0xa
 1676 0d47 A4000000 		.4byte	0xa4
 1677 0d4b 560D0000 		.4byte	0xd56
 1678 0d4f 0B       		.uleb128 0xb
 1679 0d50 25000000 		.4byte	0x25
 1680 0d54 12       		.byte	0x12
 1681 0d55 00       		.byte	0
 1682 0d56 06       		.uleb128 0x6
 1683 0d57 460D0000 		.4byte	0xd46
 1684 0d5b 19       		.uleb128 0x19
 1685 0d5c 1C030000 		.4byte	.LASF151
 1686 0d60 63       		.byte	0x63
 1687 0d61 7A0D0000 		.4byte	0xd7a
 1688 0d65 0F       		.uleb128 0xf
 1689 0d66 65737000 		.ascii	"esp\000"
 1690 0d6a 63       		.byte	0x63
 1691 0d6b 26       		.byte	0x26
 1692 0d6c 690A0000 		.4byte	0xa69
 1693 0d70 0C       		.uleb128 0xc
 1694 0d71 99050000 		.4byte	.LASF138
 1695 0d75 8C0C0000 		.4byte	0xc8c
 1696 0d79 00       		.byte	0
 1697 0d7a 2B       		.uleb128 0x2b
 1698 0d7b 2B010000 		.4byte	.LASF161
 1699 0d7f 0E       		.byte	0xe
 1700 0d80 0501     		.2byte	0x105
 1701 0d82 1B       		.byte	0x1b
 1702 0d83 48010000 		.4byte	0x148
 1703 0d87 990D0000 		.4byte	0xd99
 1704 0d8b 05       		.uleb128 0x5
 1705 0d8c D2050000 		.4byte	.LASF118
 1706 0d90 0E       		.byte	0xe
 1707 0d91 0501     		.2byte	0x105
 1708 0d93 37       		.byte	0x37
 1709 0d94 48010000 		.4byte	0x148
 1710 0d98 00       		.byte	0
ARM GAS  C:\Users\PUBLIC~1.LAP\AppData\Local\Temp\ccurW8Og.s 			page 31


 1711 0d99 2C       		.uleb128 0x2c
 1712 0d9a A0070000 		.4byte	.LASF162
 1713 0d9e 13       		.byte	0x13
 1714 0d9f 5701     		.2byte	0x157
 1715 0da1 19       		.byte	0x19
 1716 0da2 F7050000 		.4byte	0x5f7
 1717 0da6 2D       		.uleb128 0x2d
 1718 0da7 3B080000 		.4byte	.LASF163
 1719 0dab 11       		.byte	0x11
 1720 0dac A501     		.2byte	0x1a5
 1721 0dae 14       		.byte	0x14
 1722 0daf BD0D0000 		.4byte	0xdbd
 1723 0db3 0C       		.uleb128 0xc
 1724 0db4 99050000 		.4byte	.LASF138
 1725 0db8 FA0A0000 		.4byte	0xafa
 1726 0dbc 00       		.byte	0
 1727 0dbd 1C       		.uleb128 0x1c
 1728 0dbe A2050000 		.4byte	.LASF152
 1729 0dc2 11       		.byte	0x11
 1730 0dc3 9701     		.2byte	0x197
 1731 0dc5 1C       		.uleb128 0x1c
 1732 0dc6 70010000 		.4byte	.LASF153
 1733 0dca 0B       		.byte	0xb
 1734 0dcb EF01     		.2byte	0x1ef
 1735 0dcd 1C       		.uleb128 0x1c
 1736 0dce 53080000 		.4byte	.LASF154
 1737 0dd2 0B       		.byte	0xb
 1738 0dd3 E601     		.2byte	0x1e6
 1739 0dd5 23       		.uleb128 0x23
 1740 0dd6 EE040000 		.4byte	.LASF155
 1741 0dda 8C       		.byte	0x8c
 1742 0ddb 23       		.uleb128 0x23
 1743 0ddc AC040000 		.4byte	.LASF156
 1744 0de0 81       		.byte	0x81
 1745 0de1 00       		.byte	0
 1746              		.section	.gnu.debuglto_.debug_abbrev,"e",%progbits
 1747              	.Ldebug_abbrev0:
 1748 0000 01       		.uleb128 0x1
 1749 0001 16       		.uleb128 0x16
 1750 0002 00       		.byte	0
 1751 0003 03       		.uleb128 0x3
 1752 0004 0E       		.uleb128 0xe
 1753 0005 3A       		.uleb128 0x3a
 1754 0006 0B       		.uleb128 0xb
 1755 0007 3B       		.uleb128 0x3b
 1756 0008 0B       		.uleb128 0xb
 1757 0009 39       		.uleb128 0x39
 1758 000a 0B       		.uleb128 0xb
 1759 000b 49       		.uleb128 0x49
 1760 000c 13       		.uleb128 0x13
 1761 000d 00       		.byte	0
 1762 000e 00       		.byte	0
 1763 000f 02       		.uleb128 0x2
 1764 0010 0D       		.uleb128 0xd
 1765 0011 00       		.byte	0
 1766 0012 03       		.uleb128 0x3
 1767 0013 0E       		.uleb128 0xe
ARM GAS  C:\Users\PUBLIC~1.LAP\AppData\Local\Temp\ccurW8Og.s 			page 32


 1768 0014 3A       		.uleb128 0x3a
 1769 0015 0B       		.uleb128 0xb
 1770 0016 3B       		.uleb128 0x3b
 1771 0017 0B       		.uleb128 0xb
 1772 0018 39       		.uleb128 0x39
 1773 0019 0B       		.uleb128 0xb
 1774 001a 49       		.uleb128 0x49
 1775 001b 13       		.uleb128 0x13
 1776 001c 38       		.uleb128 0x38
 1777 001d 0B       		.uleb128 0xb
 1778 001e 00       		.byte	0
 1779 001f 00       		.byte	0
 1780 0020 03       		.uleb128 0x3
 1781 0021 0D       		.uleb128 0xd
 1782 0022 00       		.byte	0
 1783 0023 03       		.uleb128 0x3
 1784 0024 0E       		.uleb128 0xe
 1785 0025 3A       		.uleb128 0x3a
 1786 0026 21       		.uleb128 0x21
 1787 0027 05       		.sleb128 5
 1788 0028 3B       		.uleb128 0x3b
 1789 0029 05       		.uleb128 0x5
 1790 002a 39       		.uleb128 0x39
 1791 002b 0B       		.uleb128 0xb
 1792 002c 49       		.uleb128 0x49
 1793 002d 13       		.uleb128 0x13
 1794 002e 38       		.uleb128 0x38
 1795 002f 0B       		.uleb128 0xb
 1796 0030 00       		.byte	0
 1797 0031 00       		.byte	0
 1798 0032 04       		.uleb128 0x4
 1799 0033 0F       		.uleb128 0xf
 1800 0034 00       		.byte	0
 1801 0035 0B       		.uleb128 0xb
 1802 0036 21       		.uleb128 0x21
 1803 0037 04       		.sleb128 4
 1804 0038 49       		.uleb128 0x49
 1805 0039 13       		.uleb128 0x13
 1806 003a 00       		.byte	0
 1807 003b 00       		.byte	0
 1808 003c 05       		.uleb128 0x5
 1809 003d 05       		.uleb128 0x5
 1810 003e 00       		.byte	0
 1811 003f 03       		.uleb128 0x3
 1812 0040 0E       		.uleb128 0xe
 1813 0041 3A       		.uleb128 0x3a
 1814 0042 0B       		.uleb128 0xb
 1815 0043 3B       		.uleb128 0x3b
 1816 0044 05       		.uleb128 0x5
 1817 0045 39       		.uleb128 0x39
 1818 0046 0B       		.uleb128 0xb
 1819 0047 49       		.uleb128 0x49
 1820 0048 13       		.uleb128 0x13
 1821 0049 00       		.byte	0
 1822 004a 00       		.byte	0
 1823 004b 06       		.uleb128 0x6
 1824 004c 26       		.uleb128 0x26
ARM GAS  C:\Users\PUBLIC~1.LAP\AppData\Local\Temp\ccurW8Og.s 			page 33


 1825 004d 00       		.byte	0
 1826 004e 49       		.uleb128 0x49
 1827 004f 13       		.uleb128 0x13
 1828 0050 00       		.byte	0
 1829 0051 00       		.byte	0
 1830 0052 07       		.uleb128 0x7
 1831 0053 13       		.uleb128 0x13
 1832 0054 01       		.byte	0x1
 1833 0055 03       		.uleb128 0x3
 1834 0056 0E       		.uleb128 0xe
 1835 0057 0B       		.uleb128 0xb
 1836 0058 0B       		.uleb128 0xb
 1837 0059 3A       		.uleb128 0x3a
 1838 005a 0B       		.uleb128 0xb
 1839 005b 3B       		.uleb128 0x3b
 1840 005c 0B       		.uleb128 0xb
 1841 005d 39       		.uleb128 0x39
 1842 005e 0B       		.uleb128 0xb
 1843 005f 01       		.uleb128 0x1
 1844 0060 13       		.uleb128 0x13
 1845 0061 00       		.byte	0
 1846 0062 00       		.byte	0
 1847 0063 08       		.uleb128 0x8
 1848 0064 24       		.uleb128 0x24
 1849 0065 00       		.byte	0
 1850 0066 0B       		.uleb128 0xb
 1851 0067 0B       		.uleb128 0xb
 1852 0068 3E       		.uleb128 0x3e
 1853 0069 0B       		.uleb128 0xb
 1854 006a 03       		.uleb128 0x3
 1855 006b 0E       		.uleb128 0xe
 1856 006c 00       		.byte	0
 1857 006d 00       		.byte	0
 1858 006e 09       		.uleb128 0x9
 1859 006f 0D       		.uleb128 0xd
 1860 0070 00       		.byte	0
 1861 0071 03       		.uleb128 0x3
 1862 0072 08       		.uleb128 0x8
 1863 0073 3A       		.uleb128 0x3a
 1864 0074 0B       		.uleb128 0xb
 1865 0075 3B       		.uleb128 0x3b
 1866 0076 05       		.uleb128 0x5
 1867 0077 39       		.uleb128 0x39
 1868 0078 0B       		.uleb128 0xb
 1869 0079 49       		.uleb128 0x49
 1870 007a 13       		.uleb128 0x13
 1871 007b 38       		.uleb128 0x38
 1872 007c 0B       		.uleb128 0xb
 1873 007d 00       		.byte	0
 1874 007e 00       		.byte	0
 1875 007f 0A       		.uleb128 0xa
 1876 0080 01       		.uleb128 0x1
 1877 0081 01       		.byte	0x1
 1878 0082 49       		.uleb128 0x49
 1879 0083 13       		.uleb128 0x13
 1880 0084 01       		.uleb128 0x1
 1881 0085 13       		.uleb128 0x13
ARM GAS  C:\Users\PUBLIC~1.LAP\AppData\Local\Temp\ccurW8Og.s 			page 34


 1882 0086 00       		.byte	0
 1883 0087 00       		.byte	0
 1884 0088 0B       		.uleb128 0xb
 1885 0089 21       		.uleb128 0x21
 1886 008a 00       		.byte	0
 1887 008b 49       		.uleb128 0x49
 1888 008c 13       		.uleb128 0x13
 1889 008d 2F       		.uleb128 0x2f
 1890 008e 0B       		.uleb128 0xb
 1891 008f 00       		.byte	0
 1892 0090 00       		.byte	0
 1893 0091 0C       		.uleb128 0xc
 1894 0092 34       		.uleb128 0x34
 1895 0093 00       		.byte	0
 1896 0094 03       		.uleb128 0x3
 1897 0095 0E       		.uleb128 0xe
 1898 0096 49       		.uleb128 0x49
 1899 0097 13       		.uleb128 0x13
 1900 0098 34       		.uleb128 0x34
 1901 0099 19       		.uleb128 0x19
 1902 009a 00       		.byte	0
 1903 009b 00       		.byte	0
 1904 009c 0D       		.uleb128 0xd
 1905 009d 2E       		.uleb128 0x2e
 1906 009e 01       		.byte	0x1
 1907 009f 3F       		.uleb128 0x3f
 1908 00a0 19       		.uleb128 0x19
 1909 00a1 03       		.uleb128 0x3
 1910 00a2 0E       		.uleb128 0xe
 1911 00a3 3A       		.uleb128 0x3a
 1912 00a4 21       		.uleb128 0x21
 1913 00a5 10       		.sleb128 16
 1914 00a6 3B       		.uleb128 0x3b
 1915 00a7 05       		.uleb128 0x5
 1916 00a8 39       		.uleb128 0x39
 1917 00a9 0B       		.uleb128 0xb
 1918 00aa 27       		.uleb128 0x27
 1919 00ab 19       		.uleb128 0x19
 1920 00ac 49       		.uleb128 0x49
 1921 00ad 13       		.uleb128 0x13
 1922 00ae 01       		.uleb128 0x1
 1923 00af 13       		.uleb128 0x13
 1924 00b0 00       		.byte	0
 1925 00b1 00       		.byte	0
 1926 00b2 0E       		.uleb128 0xe
 1927 00b3 34       		.uleb128 0x34
 1928 00b4 00       		.byte	0
 1929 00b5 03       		.uleb128 0x3
 1930 00b6 0E       		.uleb128 0xe
 1931 00b7 3A       		.uleb128 0x3a
 1932 00b8 21       		.uleb128 0x21
 1933 00b9 10       		.sleb128 16
 1934 00ba 3B       		.uleb128 0x3b
 1935 00bb 05       		.uleb128 0x5
 1936 00bc 39       		.uleb128 0x39
 1937 00bd 0B       		.uleb128 0xb
 1938 00be 49       		.uleb128 0x49
ARM GAS  C:\Users\PUBLIC~1.LAP\AppData\Local\Temp\ccurW8Og.s 			page 35


 1939 00bf 13       		.uleb128 0x13
 1940 00c0 00       		.byte	0
 1941 00c1 00       		.byte	0
 1942 00c2 0F       		.uleb128 0xf
 1943 00c3 05       		.uleb128 0x5
 1944 00c4 00       		.byte	0
 1945 00c5 03       		.uleb128 0x3
 1946 00c6 08       		.uleb128 0x8
 1947 00c7 3A       		.uleb128 0x3a
 1948 00c8 21       		.uleb128 0x21
 1949 00c9 10       		.sleb128 16
 1950 00ca 3B       		.uleb128 0x3b
 1951 00cb 0B       		.uleb128 0xb
 1952 00cc 39       		.uleb128 0x39
 1953 00cd 0B       		.uleb128 0xb
 1954 00ce 49       		.uleb128 0x49
 1955 00cf 13       		.uleb128 0x13
 1956 00d0 00       		.byte	0
 1957 00d1 00       		.byte	0
 1958 00d2 10       		.uleb128 0x10
 1959 00d3 0D       		.uleb128 0xd
 1960 00d4 00       		.byte	0
 1961 00d5 03       		.uleb128 0x3
 1962 00d6 0E       		.uleb128 0xe
 1963 00d7 3A       		.uleb128 0x3a
 1964 00d8 21       		.uleb128 0x21
 1965 00d9 05       		.sleb128 5
 1966 00da 3B       		.uleb128 0x3b
 1967 00db 05       		.uleb128 0x5
 1968 00dc 39       		.uleb128 0x39
 1969 00dd 0B       		.uleb128 0xb
 1970 00de 49       		.uleb128 0x49
 1971 00df 13       		.uleb128 0x13
 1972 00e0 00       		.byte	0
 1973 00e1 00       		.byte	0
 1974 00e2 11       		.uleb128 0x11
 1975 00e3 34       		.uleb128 0x34
 1976 00e4 00       		.byte	0
 1977 00e5 03       		.uleb128 0x3
 1978 00e6 08       		.uleb128 0x8
 1979 00e7 3A       		.uleb128 0x3a
 1980 00e8 21       		.uleb128 0x21
 1981 00e9 10       		.sleb128 16
 1982 00ea 3B       		.uleb128 0x3b
 1983 00eb 05       		.uleb128 0x5
 1984 00ec 39       		.uleb128 0x39
 1985 00ed 0B       		.uleb128 0xb
 1986 00ee 49       		.uleb128 0x49
 1987 00ef 13       		.uleb128 0x13
 1988 00f0 00       		.byte	0
 1989 00f1 00       		.byte	0
 1990 00f2 12       		.uleb128 0x12
 1991 00f3 05       		.uleb128 0x5
 1992 00f4 00       		.byte	0
 1993 00f5 03       		.uleb128 0x3
 1994 00f6 08       		.uleb128 0x8
 1995 00f7 3A       		.uleb128 0x3a
ARM GAS  C:\Users\PUBLIC~1.LAP\AppData\Local\Temp\ccurW8Og.s 			page 36


 1996 00f8 21       		.uleb128 0x21
 1997 00f9 10       		.sleb128 16
 1998 00fa 3B       		.uleb128 0x3b
 1999 00fb 05       		.uleb128 0x5
 2000 00fc 39       		.uleb128 0x39
 2001 00fd 0B       		.uleb128 0xb
 2002 00fe 49       		.uleb128 0x49
 2003 00ff 13       		.uleb128 0x13
 2004 0100 00       		.byte	0
 2005 0101 00       		.byte	0
 2006 0102 13       		.uleb128 0x13
 2007 0103 05       		.uleb128 0x5
 2008 0104 00       		.byte	0
 2009 0105 03       		.uleb128 0x3
 2010 0106 0E       		.uleb128 0xe
 2011 0107 3A       		.uleb128 0x3a
 2012 0108 21       		.uleb128 0x21
 2013 0109 10       		.sleb128 16
 2014 010a 3B       		.uleb128 0x3b
 2015 010b 0B       		.uleb128 0xb
 2016 010c 39       		.uleb128 0x39
 2017 010d 0B       		.uleb128 0xb
 2018 010e 49       		.uleb128 0x49
 2019 010f 13       		.uleb128 0x13
 2020 0110 00       		.byte	0
 2021 0111 00       		.byte	0
 2022 0112 14       		.uleb128 0x14
 2023 0113 13       		.uleb128 0x13
 2024 0114 01       		.byte	0x1
 2025 0115 03       		.uleb128 0x3
 2026 0116 0E       		.uleb128 0xe
 2027 0117 0B       		.uleb128 0xb
 2028 0118 0B       		.uleb128 0xb
 2029 0119 3A       		.uleb128 0x3a
 2030 011a 0B       		.uleb128 0xb
 2031 011b 3B       		.uleb128 0x3b
 2032 011c 05       		.uleb128 0x5
 2033 011d 39       		.uleb128 0x39
 2034 011e 0B       		.uleb128 0xb
 2035 011f 01       		.uleb128 0x1
 2036 0120 13       		.uleb128 0x13
 2037 0121 00       		.byte	0
 2038 0122 00       		.byte	0
 2039 0123 15       		.uleb128 0x15
 2040 0124 34       		.uleb128 0x34
 2041 0125 00       		.byte	0
 2042 0126 03       		.uleb128 0x3
 2043 0127 0E       		.uleb128 0xe
 2044 0128 3A       		.uleb128 0x3a
 2045 0129 21       		.uleb128 0x21
 2046 012a 0A       		.sleb128 10
 2047 012b 3B       		.uleb128 0x3b
 2048 012c 0B       		.uleb128 0xb
 2049 012d 39       		.uleb128 0x39
 2050 012e 21       		.uleb128 0x21
 2051 012f 16       		.sleb128 22
 2052 0130 49       		.uleb128 0x49
ARM GAS  C:\Users\PUBLIC~1.LAP\AppData\Local\Temp\ccurW8Og.s 			page 37


 2053 0131 13       		.uleb128 0x13
 2054 0132 1C       		.uleb128 0x1c
 2055 0133 0A       		.uleb128 0xa
 2056 0134 00       		.byte	0
 2057 0135 00       		.byte	0
 2058 0136 16       		.uleb128 0x16
 2059 0137 0D       		.uleb128 0xd
 2060 0138 00       		.byte	0
 2061 0139 03       		.uleb128 0x3
 2062 013a 0E       		.uleb128 0xe
 2063 013b 3A       		.uleb128 0x3a
 2064 013c 21       		.uleb128 0x21
 2065 013d 05       		.sleb128 5
 2066 013e 3B       		.uleb128 0x3b
 2067 013f 0B       		.uleb128 0xb
 2068 0140 39       		.uleb128 0x39
 2069 0141 21       		.uleb128 0x21
 2070 0142 21       		.sleb128 33
 2071 0143 49       		.uleb128 0x49
 2072 0144 13       		.uleb128 0x13
 2073 0145 00       		.byte	0
 2074 0146 00       		.byte	0
 2075 0147 17       		.uleb128 0x17
 2076 0148 05       		.uleb128 0x5
 2077 0149 00       		.byte	0
 2078 014a 49       		.uleb128 0x49
 2079 014b 13       		.uleb128 0x13
 2080 014c 00       		.byte	0
 2081 014d 00       		.byte	0
 2082 014e 18       		.uleb128 0x18
 2083 014f 2E       		.uleb128 0x2e
 2084 0150 01       		.byte	0x1
 2085 0151 3F       		.uleb128 0x3f
 2086 0152 19       		.uleb128 0x19
 2087 0153 03       		.uleb128 0x3
 2088 0154 0E       		.uleb128 0xe
 2089 0155 3A       		.uleb128 0x3a
 2090 0156 21       		.uleb128 0x21
 2091 0157 10       		.sleb128 16
 2092 0158 3B       		.uleb128 0x3b
 2093 0159 05       		.uleb128 0x5
 2094 015a 39       		.uleb128 0x39
 2095 015b 21       		.uleb128 0x21
 2096 015c 06       		.sleb128 6
 2097 015d 27       		.uleb128 0x27
 2098 015e 19       		.uleb128 0x19
 2099 015f 01       		.uleb128 0x1
 2100 0160 13       		.uleb128 0x13
 2101 0161 00       		.byte	0
 2102 0162 00       		.byte	0
 2103 0163 19       		.uleb128 0x19
 2104 0164 2E       		.uleb128 0x2e
 2105 0165 01       		.byte	0x1
 2106 0166 3F       		.uleb128 0x3f
 2107 0167 19       		.uleb128 0x19
 2108 0168 03       		.uleb128 0x3
 2109 0169 0E       		.uleb128 0xe
ARM GAS  C:\Users\PUBLIC~1.LAP\AppData\Local\Temp\ccurW8Og.s 			page 38


 2110 016a 3A       		.uleb128 0x3a
 2111 016b 21       		.uleb128 0x21
 2112 016c 10       		.sleb128 16
 2113 016d 3B       		.uleb128 0x3b
 2114 016e 0B       		.uleb128 0xb
 2115 016f 39       		.uleb128 0x39
 2116 0170 21       		.uleb128 0x21
 2117 0171 06       		.sleb128 6
 2118 0172 27       		.uleb128 0x27
 2119 0173 19       		.uleb128 0x19
 2120 0174 01       		.uleb128 0x1
 2121 0175 13       		.uleb128 0x13
 2122 0176 00       		.byte	0
 2123 0177 00       		.byte	0
 2124 0178 1A       		.uleb128 0x1a
 2125 0179 0D       		.uleb128 0xd
 2126 017a 00       		.byte	0
 2127 017b 03       		.uleb128 0x3
 2128 017c 08       		.uleb128 0x8
 2129 017d 3A       		.uleb128 0x3a
 2130 017e 0B       		.uleb128 0xb
 2131 017f 3B       		.uleb128 0x3b
 2132 0180 0B       		.uleb128 0xb
 2133 0181 39       		.uleb128 0x39
 2134 0182 0B       		.uleb128 0xb
 2135 0183 49       		.uleb128 0x49
 2136 0184 13       		.uleb128 0x13
 2137 0185 38       		.uleb128 0x38
 2138 0186 0B       		.uleb128 0xb
 2139 0187 00       		.byte	0
 2140 0188 00       		.byte	0
 2141 0189 1B       		.uleb128 0x1b
 2142 018a 34       		.uleb128 0x34
 2143 018b 00       		.byte	0
 2144 018c 03       		.uleb128 0x3
 2145 018d 08       		.uleb128 0x8
 2146 018e 3A       		.uleb128 0x3a
 2147 018f 21       		.uleb128 0x21
 2148 0190 10       		.sleb128 16
 2149 0191 3B       		.uleb128 0x3b
 2150 0192 0B       		.uleb128 0xb
 2151 0193 39       		.uleb128 0x39
 2152 0194 0B       		.uleb128 0xb
 2153 0195 49       		.uleb128 0x49
 2154 0196 13       		.uleb128 0x13
 2155 0197 00       		.byte	0
 2156 0198 00       		.byte	0
 2157 0199 1C       		.uleb128 0x1c
 2158 019a 2E       		.uleb128 0x2e
 2159 019b 00       		.byte	0
 2160 019c 03       		.uleb128 0x3
 2161 019d 0E       		.uleb128 0xe
 2162 019e 3A       		.uleb128 0x3a
 2163 019f 0B       		.uleb128 0xb
 2164 01a0 3B       		.uleb128 0x3b
 2165 01a1 05       		.uleb128 0x5
 2166 01a2 39       		.uleb128 0x39
ARM GAS  C:\Users\PUBLIC~1.LAP\AppData\Local\Temp\ccurW8Og.s 			page 39


 2167 01a3 21       		.uleb128 0x21
 2168 01a4 14       		.sleb128 20
 2169 01a5 27       		.uleb128 0x27
 2170 01a6 19       		.uleb128 0x19
 2171 01a7 00       		.byte	0
 2172 01a8 00       		.byte	0
 2173 01a9 1D       		.uleb128 0x1d
 2174 01aa 35       		.uleb128 0x35
 2175 01ab 00       		.byte	0
 2176 01ac 49       		.uleb128 0x49
 2177 01ad 13       		.uleb128 0x13
 2178 01ae 00       		.byte	0
 2179 01af 00       		.byte	0
 2180 01b0 1E       		.uleb128 0x1e
 2181 01b1 17       		.uleb128 0x17
 2182 01b2 01       		.byte	0x1
 2183 01b3 0B       		.uleb128 0xb
 2184 01b4 0B       		.uleb128 0xb
 2185 01b5 3A       		.uleb128 0x3a
 2186 01b6 21       		.uleb128 0x21
 2187 01b7 05       		.sleb128 5
 2188 01b8 3B       		.uleb128 0x3b
 2189 01b9 0B       		.uleb128 0xb
 2190 01ba 39       		.uleb128 0x39
 2191 01bb 21       		.uleb128 0x21
 2192 01bc 03       		.sleb128 3
 2193 01bd 01       		.uleb128 0x1
 2194 01be 13       		.uleb128 0x13
 2195 01bf 00       		.byte	0
 2196 01c0 00       		.byte	0
 2197 01c1 1F       		.uleb128 0x1f
 2198 01c2 16       		.uleb128 0x16
 2199 01c3 00       		.byte	0
 2200 01c4 03       		.uleb128 0x3
 2201 01c5 0E       		.uleb128 0xe
 2202 01c6 3A       		.uleb128 0x3a
 2203 01c7 21       		.uleb128 0x21
 2204 01c8 05       		.sleb128 5
 2205 01c9 3B       		.uleb128 0x3b
 2206 01ca 05       		.uleb128 0x5
 2207 01cb 39       		.uleb128 0x39
 2208 01cc 21       		.uleb128 0x21
 2209 01cd 03       		.sleb128 3
 2210 01ce 49       		.uleb128 0x49
 2211 01cf 13       		.uleb128 0x13
 2212 01d0 00       		.byte	0
 2213 01d1 00       		.byte	0
 2214 01d2 20       		.uleb128 0x20
 2215 01d3 2E       		.uleb128 0x2e
 2216 01d4 01       		.byte	0x1
 2217 01d5 3F       		.uleb128 0x3f
 2218 01d6 19       		.uleb128 0x19
 2219 01d7 03       		.uleb128 0x3
 2220 01d8 0E       		.uleb128 0xe
 2221 01d9 3A       		.uleb128 0x3a
 2222 01da 21       		.uleb128 0x21
 2223 01db 0F       		.sleb128 15
ARM GAS  C:\Users\PUBLIC~1.LAP\AppData\Local\Temp\ccurW8Og.s 			page 40


 2224 01dc 3B       		.uleb128 0x3b
 2225 01dd 0B       		.uleb128 0xb
 2226 01de 39       		.uleb128 0x39
 2227 01df 0B       		.uleb128 0xb
 2228 01e0 27       		.uleb128 0x27
 2229 01e1 19       		.uleb128 0x19
 2230 01e2 49       		.uleb128 0x49
 2231 01e3 13       		.uleb128 0x13
 2232 01e4 3C       		.uleb128 0x3c
 2233 01e5 19       		.uleb128 0x19
 2234 01e6 01       		.uleb128 0x1
 2235 01e7 13       		.uleb128 0x13
 2236 01e8 00       		.byte	0
 2237 01e9 00       		.byte	0
 2238 01ea 21       		.uleb128 0x21
 2239 01eb 2E       		.uleb128 0x2e
 2240 01ec 01       		.byte	0x1
 2241 01ed 3F       		.uleb128 0x3f
 2242 01ee 19       		.uleb128 0x19
 2243 01ef 03       		.uleb128 0x3
 2244 01f0 0E       		.uleb128 0xe
 2245 01f1 3A       		.uleb128 0x3a
 2246 01f2 21       		.uleb128 0x21
 2247 01f3 10       		.sleb128 16
 2248 01f4 3B       		.uleb128 0x3b
 2249 01f5 0B       		.uleb128 0xb
 2250 01f6 39       		.uleb128 0x39
 2251 01f7 21       		.uleb128 0x21
 2252 01f8 0D       		.sleb128 13
 2253 01f9 27       		.uleb128 0x27
 2254 01fa 19       		.uleb128 0x19
 2255 01fb 49       		.uleb128 0x49
 2256 01fc 13       		.uleb128 0x13
 2257 01fd 01       		.uleb128 0x1
 2258 01fe 13       		.uleb128 0x13
 2259 01ff 00       		.byte	0
 2260 0200 00       		.byte	0
 2261 0201 22       		.uleb128 0x22
 2262 0202 34       		.uleb128 0x34
 2263 0203 00       		.byte	0
 2264 0204 03       		.uleb128 0x3
 2265 0205 0E       		.uleb128 0xe
 2266 0206 3A       		.uleb128 0x3a
 2267 0207 21       		.uleb128 0x21
 2268 0208 10       		.sleb128 16
 2269 0209 3B       		.uleb128 0x3b
 2270 020a 0B       		.uleb128 0xb
 2271 020b 39       		.uleb128 0x39
 2272 020c 21       		.uleb128 0x21
 2273 020d 0D       		.sleb128 13
 2274 020e 49       		.uleb128 0x49
 2275 020f 13       		.uleb128 0x13
 2276 0210 00       		.byte	0
 2277 0211 00       		.byte	0
 2278 0212 23       		.uleb128 0x23
 2279 0213 2E       		.uleb128 0x2e
 2280 0214 00       		.byte	0
ARM GAS  C:\Users\PUBLIC~1.LAP\AppData\Local\Temp\ccurW8Og.s 			page 41


 2281 0215 03       		.uleb128 0x3
 2282 0216 0E       		.uleb128 0xe
 2283 0217 3A       		.uleb128 0x3a
 2284 0218 21       		.uleb128 0x21
 2285 0219 12       		.sleb128 18
 2286 021a 3B       		.uleb128 0x3b
 2287 021b 0B       		.uleb128 0xb
 2288 021c 39       		.uleb128 0x39
 2289 021d 21       		.uleb128 0x21
 2290 021e 1B       		.sleb128 27
 2291 021f 27       		.uleb128 0x27
 2292 0220 19       		.uleb128 0x19
 2293 0221 00       		.byte	0
 2294 0222 00       		.byte	0
 2295 0223 24       		.uleb128 0x24
 2296 0224 11       		.uleb128 0x11
 2297 0225 01       		.byte	0x1
 2298 0226 25       		.uleb128 0x25
 2299 0227 0E       		.uleb128 0xe
 2300 0228 13       		.uleb128 0x13
 2301 0229 0B       		.uleb128 0xb
 2302 022a 03       		.uleb128 0x3
 2303 022b 0E       		.uleb128 0xe
 2304 022c 1B       		.uleb128 0x1b
 2305 022d 0E       		.uleb128 0xe
 2306 022e 10       		.uleb128 0x10
 2307 022f 17       		.uleb128 0x17
 2308 0230 00       		.byte	0
 2309 0231 00       		.byte	0
 2310 0232 25       		.uleb128 0x25
 2311 0233 24       		.uleb128 0x24
 2312 0234 00       		.byte	0
 2313 0235 0B       		.uleb128 0xb
 2314 0236 0B       		.uleb128 0xb
 2315 0237 3E       		.uleb128 0x3e
 2316 0238 0B       		.uleb128 0xb
 2317 0239 03       		.uleb128 0x3
 2318 023a 08       		.uleb128 0x8
 2319 023b 00       		.byte	0
 2320 023c 00       		.byte	0
 2321 023d 26       		.uleb128 0x26
 2322 023e 0F       		.uleb128 0xf
 2323 023f 00       		.byte	0
 2324 0240 0B       		.uleb128 0xb
 2325 0241 0B       		.uleb128 0xb
 2326 0242 00       		.byte	0
 2327 0243 00       		.byte	0
 2328 0244 27       		.uleb128 0x27
 2329 0245 34       		.uleb128 0x34
 2330 0246 00       		.byte	0
 2331 0247 03       		.uleb128 0x3
 2332 0248 08       		.uleb128 0x8
 2333 0249 3A       		.uleb128 0x3a
 2334 024a 0B       		.uleb128 0xb
 2335 024b 3B       		.uleb128 0x3b
 2336 024c 05       		.uleb128 0x5
 2337 024d 39       		.uleb128 0x39
ARM GAS  C:\Users\PUBLIC~1.LAP\AppData\Local\Temp\ccurW8Og.s 			page 42


 2338 024e 0B       		.uleb128 0xb
 2339 024f 49       		.uleb128 0x49
 2340 0250 13       		.uleb128 0x13
 2341 0251 3F       		.uleb128 0x3f
 2342 0252 19       		.uleb128 0x19
 2343 0253 3C       		.uleb128 0x3c
 2344 0254 19       		.uleb128 0x19
 2345 0255 00       		.byte	0
 2346 0256 00       		.byte	0
 2347 0257 28       		.uleb128 0x28
 2348 0258 15       		.uleb128 0x15
 2349 0259 01       		.byte	0x1
 2350 025a 27       		.uleb128 0x27
 2351 025b 19       		.uleb128 0x19
 2352 025c 01       		.uleb128 0x1
 2353 025d 13       		.uleb128 0x13
 2354 025e 00       		.byte	0
 2355 025f 00       		.byte	0
 2356 0260 29       		.uleb128 0x29
 2357 0261 2E       		.uleb128 0x2e
 2358 0262 01       		.byte	0x1
 2359 0263 3F       		.uleb128 0x3f
 2360 0264 19       		.uleb128 0x19
 2361 0265 03       		.uleb128 0x3
 2362 0266 0E       		.uleb128 0xe
 2363 0267 3A       		.uleb128 0x3a
 2364 0268 0B       		.uleb128 0xb
 2365 0269 3B       		.uleb128 0x3b
 2366 026a 0B       		.uleb128 0xb
 2367 026b 39       		.uleb128 0x39
 2368 026c 0B       		.uleb128 0xb
 2369 026d 27       		.uleb128 0x27
 2370 026e 19       		.uleb128 0x19
 2371 026f 3C       		.uleb128 0x3c
 2372 0270 19       		.uleb128 0x19
 2373 0271 01       		.uleb128 0x1
 2374 0272 13       		.uleb128 0x13
 2375 0273 00       		.byte	0
 2376 0274 00       		.byte	0
 2377 0275 2A       		.uleb128 0x2a
 2378 0276 2E       		.uleb128 0x2e
 2379 0277 00       		.byte	0
 2380 0278 3F       		.uleb128 0x3f
 2381 0279 19       		.uleb128 0x19
 2382 027a 03       		.uleb128 0x3
 2383 027b 0E       		.uleb128 0xe
 2384 027c 3A       		.uleb128 0x3a
 2385 027d 0B       		.uleb128 0xb
 2386 027e 3B       		.uleb128 0x3b
 2387 027f 0B       		.uleb128 0xb
 2388 0280 39       		.uleb128 0x39
 2389 0281 0B       		.uleb128 0xb
 2390 0282 27       		.uleb128 0x27
 2391 0283 19       		.uleb128 0x19
 2392 0284 3C       		.uleb128 0x3c
 2393 0285 19       		.uleb128 0x19
 2394 0286 00       		.byte	0
ARM GAS  C:\Users\PUBLIC~1.LAP\AppData\Local\Temp\ccurW8Og.s 			page 43


 2395 0287 00       		.byte	0
 2396 0288 2B       		.uleb128 0x2b
 2397 0289 2E       		.uleb128 0x2e
 2398 028a 01       		.byte	0x1
 2399 028b 03       		.uleb128 0x3
 2400 028c 0E       		.uleb128 0xe
 2401 028d 3A       		.uleb128 0x3a
 2402 028e 0B       		.uleb128 0xb
 2403 028f 3B       		.uleb128 0x3b
 2404 0290 05       		.uleb128 0x5
 2405 0291 39       		.uleb128 0x39
 2406 0292 0B       		.uleb128 0xb
 2407 0293 27       		.uleb128 0x27
 2408 0294 19       		.uleb128 0x19
 2409 0295 49       		.uleb128 0x49
 2410 0296 13       		.uleb128 0x13
 2411 0297 01       		.uleb128 0x1
 2412 0298 13       		.uleb128 0x13
 2413 0299 00       		.byte	0
 2414 029a 00       		.byte	0
 2415 029b 2C       		.uleb128 0x2c
 2416 029c 2E       		.uleb128 0x2e
 2417 029d 00       		.byte	0
 2418 029e 03       		.uleb128 0x3
 2419 029f 0E       		.uleb128 0xe
 2420 02a0 3A       		.uleb128 0x3a
 2421 02a1 0B       		.uleb128 0xb
 2422 02a2 3B       		.uleb128 0x3b
 2423 02a3 05       		.uleb128 0x5
 2424 02a4 39       		.uleb128 0x39
 2425 02a5 0B       		.uleb128 0xb
 2426 02a6 27       		.uleb128 0x27
 2427 02a7 19       		.uleb128 0x19
 2428 02a8 49       		.uleb128 0x49
 2429 02a9 13       		.uleb128 0x13
 2430 02aa 00       		.byte	0
 2431 02ab 00       		.byte	0
 2432 02ac 2D       		.uleb128 0x2d
 2433 02ad 2E       		.uleb128 0x2e
 2434 02ae 01       		.byte	0x1
 2435 02af 03       		.uleb128 0x3
 2436 02b0 0E       		.uleb128 0xe
 2437 02b1 3A       		.uleb128 0x3a
 2438 02b2 0B       		.uleb128 0xb
 2439 02b3 3B       		.uleb128 0x3b
 2440 02b4 05       		.uleb128 0x5
 2441 02b5 39       		.uleb128 0x39
 2442 02b6 0B       		.uleb128 0xb
 2443 02b7 27       		.uleb128 0x27
 2444 02b8 19       		.uleb128 0x19
 2445 02b9 01       		.uleb128 0x1
 2446 02ba 13       		.uleb128 0x13
 2447 02bb 00       		.byte	0
 2448 02bc 00       		.byte	0
 2449 02bd 00       		.byte	0
 2450              		.section	.gnu.debuglto_.debug_line,"e",%progbits
 2451              	.Ldebug_line0:
ARM GAS  C:\Users\PUBLIC~1.LAP\AppData\Local\Temp\ccurW8Og.s 			page 44


 2452 0000 AC000000 		.4byte	.LELT0-.LSLT0
 2453              	.LSLT0:
 2454 0004 0500     		.2byte	0x5
 2455 0006 04       		.byte	0x4
 2456 0007 00       		.byte	0
 2457 0008 A4000000 		.4byte	.LELTP0-.LASLTP0
 2458              	.LASLTP0:
 2459 000c 01       		.byte	0x1
 2460 000d 01       		.byte	0x1
 2461 000e 01       		.byte	0x1
 2462 000f F6       		.byte	0xf6
 2463 0010 F2       		.byte	0xf2
 2464 0011 0D       		.byte	0xd
 2465 0012 00       		.byte	0
 2466 0013 01       		.byte	0x1
 2467 0014 01       		.byte	0x1
 2468 0015 01       		.byte	0x1
 2469 0016 01       		.byte	0x1
 2470 0017 00       		.byte	0
 2471 0018 00       		.byte	0
 2472 0019 00       		.byte	0
 2473 001a 01       		.byte	0x1
 2474 001b 00       		.byte	0
 2475 001c 00       		.byte	0
 2476 001d 01       		.byte	0x1
 2477 001e 01       		.byte	0x1
 2478 001f 01       		.uleb128 0x1
 2479 0020 1F       		.uleb128 0x1f
 2480 0021 09       		.uleb128 0x9
 2481 0022 10020000 		.4byte	.LASF164
 2482 0026 8D020000 		.4byte	.LASF165
 2483 002a 1D000000 		.4byte	.LASF166
 2484 002e 73000000 		.4byte	.LASF167
 2485 0032 0C010000 		.4byte	.LASF168
 2486 0036 AB000000 		.4byte	.LASF169
 2487 003a 5C020000 		.4byte	.LASF170
 2488 003e C0010000 		.4byte	.LASF171
 2489 0042 DE000000 		.4byte	.LASF172
 2490 0046 02       		.byte	0x2
 2491 0047 01       		.uleb128 0x1
 2492 0048 1F       		.uleb128 0x1f
 2493 0049 02       		.uleb128 0x2
 2494 004a 0B       		.uleb128 0xb
 2495 004b 14       		.uleb128 0x14
 2496 004c 5F010000 		.4byte	.LASF173
 2497 0050 00       		.byte	0
 2498 0051 00000000 		.4byte	.LASF174
 2499 0055 07       		.byte	0x7
 2500 0056 A4010000 		.4byte	.LASF175
 2501 005a 08       		.byte	0x8
 2502 005b 9A010000 		.4byte	.LASF176
 2503 005f 03       		.byte	0x3
 2504 0060 52020000 		.4byte	.LASF177
 2505 0064 05       		.byte	0x5
 2506 0065 F2010000 		.4byte	.LASF178
 2507 0069 05       		.byte	0x5
 2508 006a FE010000 		.4byte	.LASF179
ARM GAS  C:\Users\PUBLIC~1.LAP\AppData\Local\Temp\ccurW8Og.s 			page 45


 2509 006e 05       		.byte	0x5
 2510 006f 83020000 		.4byte	.LASF180
 2511 0073 05       		.byte	0x5
 2512 0074 91010000 		.4byte	.LASF181
 2513 0078 05       		.byte	0x5
 2514 0079 B6010000 		.4byte	.LASF182
 2515 007d 05       		.byte	0x5
 2516 007e 5F000000 		.4byte	.LASF183
 2517 0082 01       		.byte	0x1
 2518 0083 6A000000 		.4byte	.LASF184
 2519 0087 04       		.byte	0x4
 2520 0088 D6000000 		.4byte	.LASF185
 2521 008c 05       		.byte	0x5
 2522 008d 4C010000 		.4byte	.LASF186
 2523 0091 05       		.byte	0x5
 2524 0092 54010000 		.4byte	.LASF187
 2525 0096 05       		.byte	0x5
 2526 0097 07020000 		.4byte	.LASF188
 2527 009b 05       		.byte	0x5
 2528 009c 41010000 		.4byte	.LASF189
 2529 00a0 06       		.byte	0x6
 2530 00a1 AE010000 		.4byte	.LASF190
 2531 00a5 05       		.byte	0x5
 2532 00a6 46020000 		.4byte	.LASF191
 2533 00aa 02       		.byte	0x2
 2534 00ab 11000000 		.4byte	.LASF192
 2535 00af 05       		.byte	0x5
 2536              	.LELTP0:
 2537              	.LELT0:
 2538              		.section	.gnu.debuglto_.debug_str,"eMS",%progbits,1
 2539              	.LASF107:
 2540 0000 72656164 		.ascii	"ready_list_t\000"
 2540      795F6C69 
 2540      73745F74 
 2540      00
 2541              	.LASF53:
 2542 000d 72666375 		.ascii	"rfcu\000"
 2542      00
 2543              	.LASF98:
 2544 0012 77747472 		.ascii	"wttrp\000"
 2544      7000
 2545              	.LASF76:
 2546 0018 64656C74 		.ascii	"delta\000"
 2546      6100
 2547              	.LASF95:
 2548 001e 7264796D 		.ascii	"rdymsg\000"
 2548      736700
 2549              	.LASF18:
 2550 0025 75696E74 		.ascii	"uint64_t\000"
 2550      36345F74 
 2550      00
 2551              	.LASF7:
 2552 002e 5F5F7569 		.ascii	"__uint8_t\000"
 2552      6E74385F 
 2552      7400
 2553              	.LASF70:
 2554 0038 70726576 		.ascii	"prev\000"
ARM GAS  C:\Users\PUBLIC~1.LAP\AppData\Local\Temp\ccurW8Og.s 			page 46


 2554      00
 2555              	.LASF83:
 2556 003d 706F7274 		.ascii	"port_intctx\000"
 2556      5F696E74 
 2556      63747800 
 2557              	.LASF62:
 2558 0049 73797374 		.ascii	"system_debug_t\000"
 2558      656D5F64 
 2558      65627567 
 2558      5F7400
 2559              	.LASF139:
 2560 0058 63684576 		.ascii	"chEvtSignal\000"
 2560      74536967 
 2560      6E616C00 
 2561              	.LASF52:
 2562 0064 636F7265 		.ascii	"core_id\000"
 2562      5F696400 
 2563              	.LASF71:
 2564 006c 63685F70 		.ascii	"ch_priority_queue_t\000"
 2564      72696F72 
 2564      6974795F 
 2564      71756575 
 2564      655F7400 
 2565              	.LASF13:
 2566 0080 6C6F6E67 		.ascii	"long long unsigned int\000"
 2566      206C6F6E 
 2566      6720756E 
 2566      7369676E 
 2566      65642069 
 2567              	.LASF143:
 2568 0097 63684576 		.ascii	"chEvtAddEvents\000"
 2568      74416464 
 2568      4576656E 
 2568      747300
 2569              	.LASF96:
 2570 00a6 65786974 		.ascii	"exitcode\000"
 2570      636F6465 
 2570      00
 2571              	.LASF55:
 2572 00af 6D61696E 		.ascii	"mainthread\000"
 2572      74687265 
 2572      616400
 2573              	.LASF99:
 2574 00ba 73656E74 		.ascii	"sentmsg\000"
 2574      6D736700 
 2575              	.LASF88:
 2576 00c2 76697274 		.ascii	"virtual_timers_list_t\000"
 2576      75616C5F 
 2576      74696D65 
 2576      72735F6C 
 2576      6973745F 
 2577              	.LASF67:
 2578 00d8 6E657874 		.ascii	"next\000"
 2578      00
 2579              	.LASF128:
 2580 00dd 63684576 		.ascii	"chEvtWaitAnyTimeout\000"
 2580      74576169 
ARM GAS  C:\Users\PUBLIC~1.LAP\AppData\Local\Temp\ccurW8Og.s 			page 47


 2580      74416E79 
 2580      54696D65 
 2580      6F757400 
 2581              	.LASF158:
 2582 00f1 443A5C30 		.ascii	"D:\\00a_liuhy\\temp126\\ChibiOS/os/rt/src/chevents."
 2582      30615F6C 
 2582      69756879 
 2582      5C74656D 
 2582      70313236 
 2583 0121 6300     		.ascii	"c\000"
 2584              	.LASF23:
 2585 0123 74726566 		.ascii	"trefs_t\000"
 2585      735F7400 
 2586              	.LASF161:
 2587 012b 63684576 		.ascii	"chEvtAddEventsI\000"
 2587      74416464 
 2587      4576656E 
 2587      74734900 
 2588              	.LASF3:
 2589 013b 7369676E 		.ascii	"signed char\000"
 2589      65642063 
 2589      68617200 
 2590              	.LASF126:
 2591 0147 63684576 		.ascii	"chEvtWaitAllTimeout\000"
 2591      74576169 
 2591      74416C6C 
 2591      54696D65 
 2591      6F757400 
 2592              	.LASF75:
 2593 015b 63685F64 		.ascii	"ch_delta_list\000"
 2593      656C7461 
 2593      5F6C6973 
 2593      7400
 2594              	.LASF50:
 2595 0169 76746C69 		.ascii	"vtlist\000"
 2595      737400
 2596              	.LASF153:
 2597 0170 706F7274 		.ascii	"port_unlock\000"
 2597      5F756E6C 
 2597      6F636B00 
 2598              	.LASF39:
 2599 017c 72656673 		.ascii	"refs\000"
 2599      00
 2600              	.LASF37:
 2601 0181 73746174 		.ascii	"state\000"
 2601      6500
 2602              	.LASF9:
 2603 0187 6C6F6E67 		.ascii	"long int\000"
 2603      20696E74 
 2603      00
 2604              	.LASF57:
 2605 0190 63685F72 		.ascii	"ch_rfcu\000"
 2605      66637500 
 2606              	.LASF132:
 2607 0198 63684576 		.ascii	"chEvtWaitAny\000"
 2607      74576169 
 2607      74416E79 
ARM GAS  C:\Users\PUBLIC~1.LAP\AppData\Local\Temp\ccurW8Og.s 			page 48


 2607      00
 2608              	.LASF145:
 2609 01a5 63684576 		.ascii	"chEvtGetAndClearEvents\000"
 2609      74476574 
 2609      416E6443 
 2609      6C656172 
 2609      4576656E 
 2610              	.LASF69:
 2611 01bc 63685F71 		.ascii	"ch_queue\000"
 2611      75657565 
 2611      00
 2612              	.LASF1:
 2613 01c5 6C6F6E67 		.ascii	"long long int\000"
 2613      206C6F6E 
 2613      6720696E 
 2613      7400
 2614              	.LASF123:
 2615 01d3 63685363 		.ascii	"chSchGoSleepTimeoutS\000"
 2615      68476F53 
 2615      6C656570 
 2615      54696D65 
 2615      6F757453 
 2616              	.LASF90:
 2617 01e8 71756575 		.ascii	"queue\000"
 2617      6500
 2618              	.LASF74:
 2619 01ee 63685F64 		.ascii	"ch_delta_list_t\000"
 2619      656C7461 
 2619      5F6C6973 
 2619      745F7400 
 2620              	.LASF137:
 2621 01fe 63684576 		.ascii	"chEvtBroadcastFlagsI\000"
 2621      7442726F 
 2621      61646361 
 2621      7374466C 
 2621      61677349 
 2622              	.LASF89:
 2623 0213 63685F72 		.ascii	"ch_registry\000"
 2623      65676973 
 2623      74727900 
 2624              	.LASF119:
 2625 021f 77666C61 		.ascii	"wflags\000"
 2625      677300
 2626              	.LASF160:
 2627 0226 63685363 		.ascii	"chSchRescheduleS\000"
 2627      68526573 
 2627      63686564 
 2627      756C6553 
 2627      00
 2628              	.LASF10:
 2629 0237 5F5F7569 		.ascii	"__uint32_t\000"
 2629      6E743332 
 2629      5F7400
 2630              	.LASF22:
 2631 0242 74737461 		.ascii	"tstate_t\000"
 2631      74655F74 
 2631      00
ARM GAS  C:\Users\PUBLIC~1.LAP\AppData\Local\Temp\ccurW8Og.s 			page 49


 2632              	.LASF136:
 2633 024b 63684576 		.ascii	"chEvtBroadcastFlags\000"
 2633      7442726F 
 2633      61646361 
 2633      7374466C 
 2633      61677300 
 2634              	.LASF40:
 2635 025f 77616974 		.ascii	"waiting\000"
 2635      696E6700 
 2636              	.LASF26:
 2637 0267 6576656E 		.ascii	"eventid_t\000"
 2637      7469645F 
 2637      7400
 2638              	.LASF109:
 2639 0271 6D61696E 		.ascii	"mainthread_base\000"
 2639      74687265 
 2639      61645F62 
 2639      61736500 
 2640              	.LASF114:
 2641 0281 6D757465 		.ascii	"mutex_t\000"
 2641      785F7400 
 2642              	.LASF121:
 2643 0289 6576656E 		.ascii	"event_source_t\000"
 2643      745F736F 
 2643      75726365 
 2643      5F7400
 2644              	.LASF64:
 2645 0298 73797369 		.ascii	"sysinterval_t\000"
 2645      6E746572 
 2645      76616C5F 
 2645      7400
 2646              	.LASF122:
 2647 02a6 65766861 		.ascii	"evhandler_t\000"
 2647      6E646C65 
 2647      725F7400 
 2648              	.LASF29:
 2649 02b2 636E745F 		.ascii	"cnt_t\000"
 2649      7400
 2650              	.LASF41:
 2651 02b8 6D736771 		.ascii	"msgqueue\000"
 2651      75657565 
 2651      00
 2652              	.LASF0:
 2653 02c1 756E7369 		.ascii	"unsigned int\000"
 2653      676E6564 
 2653      20696E74 
 2653      00
 2654              	.LASF100:
 2655 02ce 77747365 		.ascii	"wtsemp\000"
 2655      6D7000
 2656              	.LASF11:
 2657 02d5 6C6F6E67 		.ascii	"long unsigned int\000"
 2657      20756E73 
 2657      69676E65 
 2657      6420696E 
 2657      7400
 2658              	.LASF32:
ARM GAS  C:\Users\PUBLIC~1.LAP\AppData\Local\Temp\ccurW8Og.s 			page 50


 2659 02e7 72717565 		.ascii	"rqueue\000"
 2659      756500
 2660              	.LASF68:
 2661 02ee 63685F71 		.ascii	"ch_queue_t\000"
 2661      75657565 
 2661      5F7400
 2662              	.LASF19:
 2663 02f9 706F7274 		.ascii	"port_stkalign_t\000"
 2663      5F73746B 
 2663      616C6967 
 2663      6E5F7400 
 2664              	.LASF127:
 2665 0309 74696D65 		.ascii	"timeout\000"
 2665      6F757400 
 2666              	.LASF34:
 2667 0311 6E616D65 		.ascii	"name\000"
 2667      00
 2668              	.LASF45:
 2669 0316 6D706F6F 		.ascii	"mpool\000"
 2669      6C00
 2670              	.LASF151:
 2671 031c 63684576 		.ascii	"chEvtObjectInit\000"
 2671      744F626A 
 2671      65637449 
 2671      6E697400 
 2672              	.LASF6:
 2673 032c 73686F72 		.ascii	"short unsigned int\000"
 2673      7420756E 
 2673      7369676E 
 2673      65642069 
 2673      6E7400
 2674              	.LASF47:
 2675 033f 63685F74 		.ascii	"ch_thread\000"
 2675      68726561 
 2675      6400
 2676              	.LASF129:
 2677 0349 63757272 		.ascii	"currtp\000"
 2677      747000
 2678              	.LASF28:
 2679 0350 6576656E 		.ascii	"eventflags_t\000"
 2679      74666C61 
 2679      67735F74 
 2679      00
 2680              	.LASF25:
 2681 035d 6D73675F 		.ascii	"msg_t\000"
 2681      7400
 2682              	.LASF42:
 2683 0363 6570656E 		.ascii	"epending\000"
 2683      64696E67 
 2683      00
 2684              	.LASF147:
 2685 036c 63684576 		.ascii	"chEvtUnregister\000"
 2685      74556E72 
 2685      65676973 
 2685      74657200 
 2686              	.LASF148:
 2687 037c 63684576 		.ascii	"chEvtRegisterMaskWithFlags\000"
ARM GAS  C:\Users\PUBLIC~1.LAP\AppData\Local\Temp\ccurW8Og.s 			page 51


 2687      74526567 
 2687      69737465 
 2687      724D6173 
 2687      6B576974 
 2688              	.LASF21:
 2689 0397 746D6F64 		.ascii	"tmode_t\000"
 2689      655F7400 
 2690              	.LASF87:
 2691 039f 73797374 		.ascii	"systime\000"
 2691      696D6500 
 2692              	.LASF66:
 2693 03a7 63685F6C 		.ascii	"ch_list\000"
 2693      69737400 
 2694              	.LASF105:
 2695 03af 63685F72 		.ascii	"ch_ready_list\000"
 2695      65616479 
 2695      5F6C6973 
 2695      7400
 2696              	.LASF27:
 2697 03bd 6576656E 		.ascii	"eventmask_t\000"
 2697      746D6173 
 2697      6B5F7400 
 2698              	.LASF80:
 2699 03c9 53484946 		.ascii	"SHIFT_TAB_ICxx\000"
 2699      545F5441 
 2699      425F4943 
 2699      787800
 2700              	.LASF20:
 2701 03d8 73746B61 		.ascii	"stkalign_t\000"
 2701      6C69676E 
 2701      5F7400
 2702              	.LASF111:
 2703 03e3 69646C65 		.ascii	"idlethread_base\000"
 2703      74687265 
 2703      61645F62 
 2703      61736500 
 2704              	.LASF115:
 2705 03f3 6576656E 		.ascii	"event_listener_t\000"
 2705      745F6C69 
 2705      7374656E 
 2705      65725F74 
 2705      00
 2706              	.LASF44:
 2707 0404 7265616C 		.ascii	"realprio\000"
 2707      7072696F 
 2707      00
 2708              	.LASF56:
 2709 040d 72666375 		.ascii	"rfcu_mask_t\000"
 2709      5F6D6173 
 2709      6B5F7400 
 2710              	.LASF92:
 2711 0419 74687265 		.ascii	"thread_reference_t\000"
 2711      61645F72 
 2711      65666572 
 2711      656E6365 
 2711      5F7400
 2712              	.LASF117:
ARM GAS  C:\Users\PUBLIC~1.LAP\AppData\Local\Temp\ccurW8Og.s 			page 52


 2713 042c 6C697374 		.ascii	"listener\000"
 2713      656E6572 
 2713      00
 2714              	.LASF85:
 2715 0435 63685F76 		.ascii	"ch_virtual_timers_list\000"
 2715      69727475 
 2715      616C5F74 
 2715      696D6572 
 2715      735F6C69 
 2716              	.LASF135:
 2717 044c 63684576 		.ascii	"chEvtDispatch\000"
 2717      74446973 
 2717      70617463 
 2717      6800
 2718              	.LASF65:
 2719 045a 63685F6C 		.ascii	"ch_list_t\000"
 2719      6973745F 
 2719      7400
 2720              	.LASF108:
 2721 0464 63685F6F 		.ascii	"ch_os_instance_config\000"
 2721      735F696E 
 2721      7374616E 
 2721      63655F63 
 2721      6F6E6669 
 2722              	.LASF84:
 2723 047a 706F7274 		.ascii	"port_context\000"
 2723      5F636F6E 
 2723      74657874 
 2723      00
 2724              	.LASF131:
 2725 0487 63684576 		.ascii	"chEvtWaitAll\000"
 2725      74576169 
 2725      74416C6C 
 2725      00
 2726              	.LASF73:
 2727 0494 7072696F 		.ascii	"prio\000"
 2727      00
 2728              	.LASF150:
 2729 0499 63684576 		.ascii	"chEvtObjectDispose\000"
 2729      744F626A 
 2729      65637444 
 2729      6973706F 
 2729      736500
 2730              	.LASF156:
 2731 04ac 5F5F656E 		.ascii	"__enable_irq\000"
 2731      61626C65 
 2731      5F697271 
 2731      00
 2732              	.LASF106:
 2733 04b9 63757272 		.ascii	"current\000"
 2733      656E7400 
 2734              	.LASF12:
 2735 04c1 5F5F7569 		.ascii	"__uint64_t\000"
 2735      6E743634 
 2735      5F7400
 2736              	.LASF81:
 2737 04cc 53484946 		.ascii	"SHIFT_TAB_CCxP\000"
ARM GAS  C:\Users\PUBLIC~1.LAP\AppData\Local\Temp\ccurW8Og.s 			page 53


 2737      545F5441 
 2737      425F4343 
 2737      785000
 2738              	.LASF134:
 2739 04db 68616E64 		.ascii	"handlers\000"
 2739      6C657273 
 2739      00
 2740              	.LASF30:
 2741 04e4 636F7265 		.ascii	"core_id_t\000"
 2741      5F69645F 
 2741      7400
 2742              	.LASF155:
 2743 04ee 5F5F6469 		.ascii	"__disable_irq\000"
 2743      7361626C 
 2743      655F6972 
 2743      7100
 2744              	.LASF24:
 2745 04fc 74707269 		.ascii	"tprio_t\000"
 2745      6F5F7400 
 2746              	.LASF78:
 2747 0504 4F464653 		.ascii	"OFFSET_TAB_CHMRx\000"
 2747      45545F54 
 2747      41425F43 
 2747      484D5278 
 2747      00
 2748              	.LASF60:
 2749 0515 63685F73 		.ascii	"ch_system_debug\000"
 2749      79737465 
 2749      6D5F6465 
 2749      62756700 
 2750              	.LASF77:
 2751 0525 5F426F6F 		.ascii	"_Bool\000"
 2751      6C00
 2752              	.LASF16:
 2753 052b 696E7433 		.ascii	"int32_t\000"
 2753      325F7400 
 2754              	.LASF4:
 2755 0533 756E7369 		.ascii	"unsigned char\000"
 2755      676E6564 
 2755      20636861 
 2755      7200
 2756              	.LASF133:
 2757 0541 63684576 		.ascii	"chEvtWaitOne\000"
 2757      74576169 
 2757      744F6E65 
 2757      00
 2758              	.LASF149:
 2759 054e 63684576 		.ascii	"chEvtRegisterMaskWithFlagsI\000"
 2759      74526567 
 2759      69737465 
 2759      724D6173 
 2759      6B576974 
 2760              	.LASF59:
 2761 056a 72666375 		.ascii	"rfcu_t\000"
 2761      5F7400
 2762              	.LASF5:
 2763 0571 73686F72 		.ascii	"short int\000"
ARM GAS  C:\Users\PUBLIC~1.LAP\AppData\Local\Temp\ccurW8Og.s 			page 54


 2763      7420696E 
 2763      7400
 2764              	.LASF142:
 2765 057b 63684576 		.ascii	"chEvtGetAndClearFlagsI\000"
 2765      74476574 
 2765      416E6443 
 2765      6C656172 
 2765      466C6167 
 2766              	.LASF102:
 2767 0592 65776D61 		.ascii	"ewmask\000"
 2767      736B00
 2768              	.LASF138:
 2769 0599 5F5F6675 		.ascii	"__func__\000"
 2769      6E635F5F 
 2769      00
 2770              	.LASF152:
 2771 05a2 63685379 		.ascii	"chSysLock\000"
 2771      734C6F63 
 2771      6B00
 2772              	.LASF103:
 2773 05ac 63685F73 		.ascii	"ch_semaphore\000"
 2773      656D6170 
 2773      686F7265 
 2773      00
 2774              	.LASF125:
 2775 05b9 63685363 		.ascii	"chSchGoSleepS\000"
 2775      68476F53 
 2775      6C656570 
 2775      5300
 2776              	.LASF91:
 2777 05c7 72656769 		.ascii	"registry_t\000"
 2777      73747279 
 2777      5F7400
 2778              	.LASF118:
 2779 05d2 6576656E 		.ascii	"events\000"
 2779      747300
 2780              	.LASF17:
 2781 05d9 75696E74 		.ascii	"uint32_t\000"
 2781      33325F74 
 2781      00
 2782              	.LASF101:
 2783 05e2 77746D74 		.ascii	"wtmtxp\000"
 2783      787000
 2784              	.LASF124:
 2785 05e9 63685363 		.ascii	"chSchReadyI\000"
 2785      68526561 
 2785      64794900 
 2786              	.LASF33:
 2787 05f5 6F776E65 		.ascii	"owner\000"
 2787      7200
 2788              	.LASF2:
 2789 05fb 6C6F6E67 		.ascii	"long double\000"
 2789      20646F75 
 2789      626C6500 
 2790              	.LASF35:
 2791 0607 77616261 		.ascii	"wabase\000"
 2791      736500
ARM GAS  C:\Users\PUBLIC~1.LAP\AppData\Local\Temp\ccurW8Og.s 			page 55


 2792              	.LASF14:
 2793 060e 63686172 		.ascii	"char\000"
 2793      00
 2794              	.LASF54:
 2795 0613 636F6E66 		.ascii	"config\000"
 2795      696700
 2796              	.LASF157:
 2797 061a 474E5520 		.ascii	"GNU C17 12.2.0 -mcpu=cortex-m0 -mthumb -mfloat-abi="
 2797      43313720 
 2797      31322E32 
 2797      2E30202D 
 2797      6D637075 
 2798 064d 736F6674 		.ascii	"soft -march=armv6s-m -ggdb -Os -fomit-frame-pointer"
 2798      202D6D61 
 2798      7263683D 
 2798      61726D76 
 2798      36732D6D 
 2799 0680 202D6661 		.ascii	" -falign-functions=16 -ffunction-sections -fdata-se"
 2799      6C69676E 
 2799      2D66756E 
 2799      6374696F 
 2799      6E733D31 
 2800 06b3 6374696F 		.ascii	"ctions -fno-common -flto\000"
 2800      6E73202D 
 2800      666E6F2D 
 2800      636F6D6D 
 2800      6F6E202D 
 2801              	.LASF31:
 2802 06cc 74687265 		.ascii	"thread_t\000"
 2802      61645F74 
 2802      00
 2803              	.LASF86:
 2804 06d5 646C6973 		.ascii	"dlist\000"
 2804      7400
 2805              	.LASF63:
 2806 06db 73797374 		.ascii	"systime_t\000"
 2806      696D655F 
 2806      7400
 2807              	.LASF8:
 2808 06e5 5F5F696E 		.ascii	"__int32_t\000"
 2808      7433325F 
 2808      7400
 2809              	.LASF79:
 2810 06ef 53484946 		.ascii	"SHIFT_TAB_OCxx\000"
 2810      545F5441 
 2810      425F4F43 
 2810      787800
 2811              	.LASF61:
 2812 06fe 70616E69 		.ascii	"panic_msg\000"
 2812      635F6D73 
 2812      6700
 2813              	.LASF94:
 2814 0708 70717565 		.ascii	"pqueue\000"
 2814      756500
 2815              	.LASF48:
 2816 070f 63685F6F 		.ascii	"ch_os_instance\000"
 2816      735F696E 
ARM GAS  C:\Users\PUBLIC~1.LAP\AppData\Local\Temp\ccurW8Og.s 			page 56


 2816      7374616E 
 2816      636500
 2817              	.LASF46:
 2818 071e 6F735F69 		.ascii	"os_instance_t\000"
 2818      6E737461 
 2818      6E63655F 
 2818      7400
 2819              	.LASF51:
 2820 072c 7265676C 		.ascii	"reglist\000"
 2820      69737400 
 2821              	.LASF72:
 2822 0734 63685F70 		.ascii	"ch_priority_queue\000"
 2822      72696F72 
 2822      6974795F 
 2822      71756575 
 2822      6500
 2823              	.LASF82:
 2824 0746 53484946 		.ascii	"SHIFT_TAB_OISx\000"
 2824      545F5441 
 2824      425F4F49 
 2824      537800
 2825              	.LASF110:
 2826 0755 6D61696E 		.ascii	"mainthread_end\000"
 2826      74687265 
 2826      61645F65 
 2826      6E6400
 2827              	.LASF113:
 2828 0764 6F735F69 		.ascii	"os_instance_config_t\000"
 2828      6E737461 
 2828      6E63655F 
 2828      636F6E66 
 2828      69675F74 
 2829              	.LASF104:
 2830 0779 63685F6D 		.ascii	"ch_mutex\000"
 2830      75746578 
 2830      00
 2831              	.LASF58:
 2832 0782 6D61736B 		.ascii	"mask\000"
 2832      00
 2833              	.LASF36:
 2834 0787 7761656E 		.ascii	"waend\000"
 2834      6400
 2835              	.LASF49:
 2836 078d 726C6973 		.ascii	"rlist\000"
 2836      7400
 2837              	.LASF120:
 2838 0793 6576656E 		.ascii	"event_source\000"
 2838      745F736F 
 2838      75726365 
 2838      00
 2839              	.LASF162:
 2840 07a0 63685468 		.ascii	"chThdGetSelfX\000"
 2840      64476574 
 2840      53656C66 
 2840      5800
 2841              	.LASF15:
 2842 07ae 75696E74 		.ascii	"uint8_t\000"
ARM GAS  C:\Users\PUBLIC~1.LAP\AppData\Local\Temp\ccurW8Og.s 			page 57


 2842      385F7400 
 2843              	.LASF38:
 2844 07b6 666C6167 		.ascii	"flags\000"
 2844      7300
 2845              	.LASF159:
 2846 07bc 443A5C30 		.ascii	"D:\\00a_liuhy\\temp126\\ChibiOS-Contrib\\demos\\ES3"
 2846      30615F6C 
 2846      69756879 
 2846      5C74656D 
 2846      70313236 
 2847 07ea 325C4653 		.ascii	"2\\FS026\000"
 2847      30323600 
 2848              	.LASF130:
 2849 07f2 63684576 		.ascii	"chEvtWaitOneTimeout\000"
 2849      74576169 
 2849      744F6E65 
 2849      54696D65 
 2849      6F757400 
 2850              	.LASF97:
 2851 0806 77746F62 		.ascii	"wtobjp\000"
 2851      6A7000
 2852              	.LASF146:
 2853 080d 63684576 		.ascii	"chEvtGetAndClearEventsI\000"
 2853      74476574 
 2853      416E6443 
 2853      6C656172 
 2853      4576656E 
 2854              	.LASF141:
 2855 0825 63684576 		.ascii	"chEvtGetAndClearFlags\000"
 2855      74476574 
 2855      416E6443 
 2855      6C656172 
 2855      466C6167 
 2856              	.LASF163:
 2857 083b 63685379 		.ascii	"chSysUnlock\000"
 2857      73556E6C 
 2857      6F636B00 
 2858              	.LASF144:
 2859 0847 6E657765 		.ascii	"newevt\000"
 2859      767400
 2860              	.LASF93:
 2861 084e 6C697374 		.ascii	"list\000"
 2861      00
 2862              	.LASF154:
 2863 0853 706F7274 		.ascii	"port_lock\000"
 2863      5F6C6F63 
 2863      6B00
 2864              	.LASF112:
 2865 085d 69646C65 		.ascii	"idlethread_end\000"
 2865      74687265 
 2865      61645F65 
 2865      6E6400
 2866              	.LASF43:
 2867 086c 6D74786C 		.ascii	"mtxlist\000"
 2867      69737400 
 2868              	.LASF116:
 2869 0874 6576656E 		.ascii	"event_listener\000"
ARM GAS  C:\Users\PUBLIC~1.LAP\AppData\Local\Temp\ccurW8Og.s 			page 58


 2869      745F6C69 
 2869      7374656E 
 2869      657200
 2870              	.LASF140:
 2871 0883 63684576 		.ascii	"chEvtSignalI\000"
 2871      74536967 
 2871      6E616C49 
 2871      00
 2872              		.section	.gnu.debuglto_.debug_line_str,"eMS",%progbits,1
 2873              	.LASF174:
 2874 0000 5F646566 		.ascii	"_default_types.h\000"
 2874      61756C74 
 2874      5F747970 
 2874      65732E68 
 2874      00
 2875              	.LASF192:
 2876 0011 63687468 		.ascii	"chthreads.h\000"
 2876      72656164 
 2876      732E6800 
 2877              	.LASF166:
 2878 001d 443A5C30 		.ascii	"D:\\00a_liuhy\\temp126\\ChibiOS/os/common/ext/ARM/C"
 2878      30615F6C 
 2878      69756879 
 2878      5C74656D 
 2878      70313236 
 2879 004d 4D534953 		.ascii	"MSIS/Core/Include\000"
 2879      2F436F72 
 2879      652F496E 
 2879      636C7564 
 2879      6500
 2880              	.LASF183:
 2881 005f 6D645F74 		.ascii	"md_timer.h\000"
 2881      696D6572 
 2881      2E6800
 2882              	.LASF184:
 2883 006a 6368636F 		.ascii	"chcore.h\000"
 2883      72652E68 
 2883      00
 2884              	.LASF167:
 2885 0073 443A5C30 		.ascii	"D:\\00a_liuhy\\temp126\\ChibiOS/os/common/ports/ARM"
 2885      30615F6C 
 2885      69756879 
 2885      5C74656D 
 2885      70313236 
 2886 00a3 2D636F6D 		.ascii	"-common\000"
 2886      6D6F6E00 
 2887              	.LASF169:
 2888 00ab 443A5C30 		.ascii	"D:\\00a_liuhy\\temp126\\ChibiOS/os/rt/include\000"
 2888      30615F6C 
 2888      69756879 
 2888      5C74656D 
 2888      70313236 
 2889              	.LASF185:
 2890 00d6 63687365 		.ascii	"chsem.h\000"
 2890      6D2E6800 
 2891              	.LASF172:
 2892 00de 643A5C71 		.ascii	"d:\\qmk_msys\\mingw64\\arm-none-eabi\\include\\sys\000"
ARM GAS  C:\Users\PUBLIC~1.LAP\AppData\Local\Temp\ccurW8Og.s 			page 59


 2892      6D6B5F6D 
 2892      7379735C 
 2892      6D696E67 
 2892      7736345C 
 2893              	.LASF168:
 2894 010c 443A5C30 		.ascii	"D:\\00a_liuhy\\temp126\\ChibiOS/os/common/ports/ARM"
 2894      30615F6C 
 2894      69756879 
 2894      5C74656D 
 2894      70313236 
 2895 013c 76362D4D 		.ascii	"v6-M\000"
 2895      00
 2896              	.LASF189:
 2897 0141 63686576 		.ascii	"chevents.c\000"
 2897      656E7473 
 2897      2E6300
 2898              	.LASF186:
 2899 014c 63686D74 		.ascii	"chmtx.h\000"
 2899      782E6800 
 2900              	.LASF187:
 2901 0154 63686576 		.ascii	"chevents.h\000"
 2901      656E7473 
 2901      2E6800
 2902              	.LASF173:
 2903 015f 443A5C30 		.ascii	"D:\\00a_liuhy\\temp126\\ChibiOS/os/rt/src/chevents."
 2903      30615F6C 
 2903      69756879 
 2903      5C74656D 
 2903      70313236 
 2904 018f 6300     		.ascii	"c\000"
 2905              	.LASF181:
 2906 0191 63687469 		.ascii	"chtime.h\000"
 2906      6D652E68 
 2906      00
 2907              	.LASF176:
 2908 019a 63687479 		.ascii	"chtypes.h\000"
 2908      7065732E 
 2908      6800
 2909              	.LASF175:
 2910 01a4 5F737464 		.ascii	"_stdint.h\000"
 2910      696E742E 
 2910      6800
 2911              	.LASF190:
 2912 01ae 63687379 		.ascii	"chsys.h\000"
 2912      732E6800 
 2913              	.LASF182:
 2914 01b6 63686C69 		.ascii	"chlists.h\000"
 2914      7374732E 
 2914      6800
 2915              	.LASF171:
 2916 01c0 643A5C71 		.ascii	"d:\\qmk_msys\\mingw64\\arm-none-eabi\\include\\mach"
 2916      6D6B5F6D 
 2916      7379735C 
 2916      6D696E67 
 2916      7736345C 
 2917 01ee 696E6500 		.ascii	"ine\000"
 2918              	.LASF178:
ARM GAS  C:\Users\PUBLIC~1.LAP\AppData\Local\Temp\ccurW8Og.s 			page 60


 2919 01f2 63686F62 		.ascii	"chobjects.h\000"
 2919      6A656374 
 2919      732E6800 
 2920              	.LASF179:
 2921 01fe 63687266 		.ascii	"chrfcu.h\000"
 2921      63752E68 
 2921      00
 2922              	.LASF188:
 2923 0207 63687363 		.ascii	"chschd.h\000"
 2923      68642E68 
 2923      00
 2924              	.LASF164:
 2925 0210 443A5C30 		.ascii	"D:\\00a_liuhy\\temp126\\ChibiOS-Contrib\\demos\\ES3"
 2925      30615F6C 
 2925      69756879 
 2925      5C74656D 
 2925      70313236 
 2926 023e 325C4653 		.ascii	"2\\FS026\000"
 2926      30323600 
 2927              	.LASF191:
 2928 0246 636D7369 		.ascii	"cmsis_gcc.h\000"
 2928      735F6763 
 2928      632E6800 
 2929              	.LASF177:
 2930 0252 63686561 		.ascii	"chearly.h\000"
 2930      726C792E 
 2930      6800
 2931              	.LASF170:
 2932 025c 443A5C30 		.ascii	"D:\\00a_liuhy\\temp126\\ChibiOS/os/rt/src\000"
 2932      30615F6C 
 2932      69756879 
 2932      5C74656D 
 2932      70313236 
 2933              	.LASF180:
 2934 0283 63686465 		.ascii	"chdebug.h\000"
 2934      6275672E 
 2934      6800
 2935              	.LASF165:
 2936 028d 443A5C30 		.ascii	"D:\\00a_liuhy\\temp126\\ChibiOS-Contrib/os/common/e"
 2936      30615F6C 
 2936      69756879 
 2936      5C74656D 
 2936      70313236 
 2937 02bd 78742F43 		.ascii	"xt/CMSIS/ES32/FS026/md\000"
 2937      4D534953 
 2937      2F455333 
 2937      322F4653 
 2937      3032362F 
 2938              		.text
 2939              		.section	.gnu.lto_.profile.840cf08d,"e",%progbits
 2940 0000 28B52FFD 		.ascii	"(\265/\375 \010A\000\000\004\000\000\000\000\001\021"
 2940      20084100 
 2940      00040000 
 2940      00000111 
 2941 0010 00       		.ascii	"\000"
 2942              		.text
 2943              		.section	.gnu.lto_.icf.840cf08d,"e",%progbits
ARM GAS  C:\Users\PUBLIC~1.LAP\AppData\Local\Temp\ccurW8Og.s 			page 61


 2944 0000 28B52FFD 		.ascii	"(\265/\375`\354\000\025\010\000\244\013\340\001\000"
 2944      60EC0015 
 2944      0800A40B 
 2944      E00100
 2945 000f 1700CBE9 		.ascii	"\027\000\313\351\252\223\012\006\002\000\002\001\002"
 2945      AA930A06 
 2945      02000201 
 2945      02
 2946 001c 020203C5 		.ascii	"\002\002\003\305\311\006\002\002\004\002\003\003\305"
 2946      C9060202 
 2946      04020303 
 2946      C5
 2947 0029 DDAAAD0A 		.ascii	"\335\252\255\012\002\002\005\002\006\004\211\334\201"
 2947      02020502 
 2947      060489DC 
 2947      81
 2948 0036 9E0B0005 		.ascii	"\236\013\000\005\336\363\377\367\006\020\005\002\006"
 2948      DEF3FFF7 
 2948      06100502 
 2948      06
 2949 0043 02050207 		.ascii	"\002\005\002\007\000\002\007\002\002\006\352\376\367"
 2949      00020702 
 2949      0206EAFE 
 2949      F7
 2950 0050 A90707CE 		.ascii	"\251\007\007\316\363\253\367\012\007\010\354\272\202"
 2950      F3ABF70A 
 2950      0708ECBA 
 2950      82
 2951 005d A50D09C8 		.ascii	"\245\015\011\310\272\261\256\004\000\012\013\323\360"
 2951      BAB1AE04 
 2951      000A0BD3 
 2951      F0
 2952 006a 80FD0106 		.ascii	"\200\375\001\006\014\367\303\237(\015\223\202\371\350"
 2952      0CF7C39F 
 2952      280D9382 
 2952      F9E8
 2953 0078 0C0A0802 		.ascii	"\014\012\010\002\003\016\302\224\246\241\013\000\017"
 2953      030EC294 
 2953      A6A10B00 
 2953      0F
 2954 0085 D1F58ECC 		.ascii	"\321\365\216\314\015\016\002\005\002\007\020\021\245"
 2954      0D0E0205 
 2954      02071011 
 2954      A5
 2955 0092 FDDCB001 		.ascii	"\375\334\260\001\002\002\011\002\011\022\262\314\370"
 2955      02020902 
 2955      0912B2CC 
 2955      F8
 2956 009f AB030C04 		.ascii	"\253\003\014\004\002\023\317\335\225\307\011\024\272"
 2956      0213CFDD 
 2956      95C70914 
 2956      BA
 2957 00ac E792E00D 		.ascii	"\347\222\340\015\012\025\322\266\326\245\014\026\204"
 2957      0A15D2B6 
 2957      D6A50C16 
 2957      84
 2958 00b9 82C0C40A 		.ascii	"\202\300\304\012\014\027\241\335\227\341\006\012\000"
ARM GAS  C:\Users\PUBLIC~1.LAP\AppData\Local\Temp\ccurW8Og.s 			page 62


 2958      0C17A1DD 
 2958      97E1060A 
 2958      00
 2959 00c6 1D00800C 		.ascii	"\035\000\200\014\260\000\320\246\253\245\000\332\010"
 2959      B000D0A6 
 2959      ABA500DA 
 2959      08
 2960 00d3 B56A354E 		.ascii	"\265j5N\214\314\200L\261MG2\015\011\260\013hNw\003S"
 2960      8CCC804C 
 2960      B14D4732 
 2960      0D09B00B 
 2960      684E7703 
 2961 00e8 B3836A0A 		.ascii	"\263\203j\012S\363t\025B\033\210Q\015\\bgM\004\220\004"
 2961      53F37415 
 2961      421B8851 
 2961      0D5C6267 
 2961      4D049004 
 2962 00fc A22835CA 		.ascii	"\242(5\312\016\352\0251\211\352\236][\032\030\002"
 2962      0EEA1531 
 2962      89EA9E5D 
 2962      5B1A1802 
 2963              		.text
 2964              		.section	.gnu.lto_.ipa_sra.840cf08d,"e",%progbits
 2965 0000 28B52FFD 		.ascii	"(\265/\375`K\000\035\004\000\362D\017\027\220)\351\377"
 2965      604B001D 
 2965      0400F244 
 2965      0F179029 
 2965      E9FF
 2966 0012 FFFFDBFF 		.ascii	"\377\377\333\377\217\343\033\360\017\374#\324Z#\255"
 2966      8FE31BF0 
 2966      0FFC23D4 
 2966      5A23AD
 2967 0021 6DB9530A 		.ascii	"m\271S\012\236\305H\221\330!v\036\326PX\302:\3554\020"
 2967      9EC54891 
 2967      D821761E 
 2967      D65058C2 
 2967      3AED3410 
 2968 0035 CCC0042C 		.ascii	"\314\300\004,\364Vv2\031\344:6\226\327\326j\3744\217"
 2968      F4567632 
 2968      19E43A36 
 2968      96D7D66A 
 2968      FC348F
 2969 0048 33022020 		.ascii	"3\002  \300\202\251\253\035\320\202\244W#Q\270#\013"
 2969      C082A9AB 
 2969      1DD082A4 
 2969      572351B8 
 2969      230B
 2970 005a B2981319 		.ascii	"\262\230\023\031O\233\315\315\302\266\213\\G3\250/A"
 2970      4F9BCDCD 
 2970      C2B68B5C 
 2970      4733A82F 
 2970      41
 2971 006b 32AC01BE 		.ascii	"2\254\001\276\026\007\313\241\277\203\015\255\013\031"
 2971      1607CBA1 
 2971      BF830DAD 
 2971      0B19
 2972 0079 DF8630DC 		.ascii	"\337\2060\334\016\011l\356aq\320\236\320\034\3450lX"
ARM GAS  C:\Users\PUBLIC~1.LAP\AppData\Local\Temp\ccurW8Og.s 			page 63


 2972      0E096CEE 
 2972      6171D09E 
 2972      D01CE530 
 2972      6C58
 2973 008b BB43     		.ascii	"\273C"
 2974              		.text
 2975              		.section	.gnu.lto_.inline.840cf08d,"e",%progbits
 2976 0000 28B52FFD 		.ascii	"(\265/\375`D\005\255\026\000&arG\360\356&\215\001\340"
 2976      604405AD 
 2976      16002661 
 2976      7247F0EE 
 2976      268D01E0 
 2977 0014 9DFFB1F6 		.ascii	"\235\377\261\366\346\223^\0227\001!\306\305jo\360(\344"
 2977      E6935E12 
 2977      370121C6 
 2977      C56A6FF0 
 2977      28E4
 2978 0026 0228EA01 		.ascii	"\002(\352\001\272\377[G\3572\036\357\210l\032F#\343"
 2978      BAFF5B47 
 2978      EF321EEF 
 2978      886C1A46 
 2978      23E3
 2979 0038 23A67A6D 		.ascii	"#\246zm\023\031\016\234\201\033\213\303\342\357\342"
 2979      13190E9C 
 2979      811B8BC3 
 2979      E2EFE2
 2980 0047 3A63F985 		.ascii	":c\371\205IZ#j\215@\342\336R\246S\000X\000b\000\037"
 2980      495A236A 
 2980      8D40E2DE 
 2980      52A65300 
 2980      58006200 
 2981 005c DB4D7A6D 		.ascii	"\333Mzm)\376%\322]\005\007\022d\270\007\211\012p`\230"
 2981      29FE25D2 
 2981      5D050712 
 2981      64B80789 
 2981      0A706098 
 2982 0070 A0406284 		.ascii	"\240@b\204\016@7\337\334_;\2143\323\233\\\276\341~\362"
 2982      0E4037DF 
 2982      DC5F3B8C 
 2982      33D39B5C 
 2982      BEE17EF2 
 2983 0084 E3DCEABA 		.ascii	"\343\334\352\272z\254wF\2029'\311o\\\302\242<\336:\321"
 2983      7AAC7746 
 2983      823927C9 
 2983      6F5CC2A2 
 2983      3CDE3AD1 
 2984 0098 DFA375A8 		.ascii	"\337\243u\250G\244\355\276\260\355\303\355\3665\214"
 2984      47A4EDBE 
 2984      B0EDC3ED 
 2984      F6358C
 2985 00a7 73CEC9FD 		.ascii	"s\316\311\375\306\233\201\013\202\256\235\275\300\211"
 2985      C69B810B 
 2985      82AE9DBD 
 2985      C089
 2986 00b5 D1E5D696 		.ascii	"\321\345\326\226\257\215\311` l\257\334\371J\327\376"
 2986      AF8DC960 
 2986      206CAFDC 
ARM GAS  C:\Users\PUBLIC~1.LAP\AppData\Local\Temp\ccurW8Og.s 			page 64


 2986      F94AD7FE 
 2987 00c5 A0DC80D0 		.ascii	"\240\334\200\320u\036\256\211\312\017\012\351\325\371"
 2987      751EAE89 
 2987      CA0F0AE9 
 2987      D5F9
 2988 00d3 BA582C12 		.ascii	"\272X,\022\323\273i\365X\213\227V=\225\321oG~i\261\244"
 2988      D3BB69F5 
 2988      588B9756 
 2988      3D95D16F 
 2988      477E69B1 
 2989 00e8 E1F6ADC8 		.ascii	"\341\366\255\310\334\220\206\005-T\233\"m\266\177_\327"
 2989      DC908605 
 2989      2D549B22 
 2989      6DB67F5F 
 2989      D7
 2990 00f9 71EBDC15 		.ascii	"q\353\334\025\367V_\257\364\305\037\266\001{\304\017"
 2990      F7565FAF 
 2990      F4C51FB6 
 2990      017BC40F 
 2991 0109 3D31198B 		.ascii	"=1\031\213\306H\210Eu\000\005\345\037\262\"vjR8\366"
 2991      C6488845 
 2991      750005E5 
 2991      1FB22276 
 2991      6A5238F6 
 2992 011d 9795A298 		.ascii	"\227\225\242\230\324(P\277\330\335},\012\027\015T\272"
 2992      D42850BF 
 2992      D8DD7D2C 
 2992      0A170D54 
 2992      BA
 2993 012e 597F6C49 		.ascii	"Y\177lI\021L\01098\010\022W\320\370\014\201\333\353"
 2993      114C0839 
 2993      38081257 
 2993      D0F80C81 
 2993      DBEB
 2994 0140 8C7A3BA2 		.ascii	"\214z;\242!\233\267\"*W\004\253c\0234U\003\270ur\353"
 2994      219BB722 
 2994      2A5704AB 
 2994      63133455 
 2994      03B87572 
 2995 0155 6435CE4E 		.ascii	"d5\316N\251\367\026\334\332`G\334P\223Bg\033\334y\237"
 2995      A9F716DC 
 2995      DA6047DC 
 2995      50934267 
 2995      1BDC799F 
 2996 0169 F0C06373 		.ascii	"\360\300cs\301'\247\344AN\012\207n\307H\310\002\203"
 2996      C127A7E4 
 2996      414E0A87 
 2996      6EC748C8 
 2996      0283
 2997 017b 231633B5 		.ascii	"#\0263\265\275\244P\242d\204\20070\250(\362Y\311\210"
 2997      BDA450A2 
 2997      64848037 
 2997      30A828F2 
 2997      59C988
 2998 018e 6247035E 		.ascii	"bG\003^\275I\312\003\033\003\2323\373Z\227\227\232\226"
 2998      BD49CA03 
 2998      1B039A33 
ARM GAS  C:\Users\PUBLIC~1.LAP\AppData\Local\Temp\ccurW8Og.s 			page 65


 2998      FB5A9797 
 2998      9A96
 2999 01a0 6F90449A 		.ascii	"o\220D\232pa\211\341\310\370O\2534z\332\021}m\247\025"
 2999      706189E1 
 2999      C8F84FAB 
 2999      347ADA11 
 2999      7D6DA715 
 3000 01b4 D1D8A293 		.ascii	"\321\330\242\223\262R`\225$\301#\203\261\212\031\210"
 3000      B2526095 
 3000      24C12383 
 3000      B18A1988 
 3001 01c4 828850A7 		.ascii	"\202\210P\2476FOLF`\202\221\020\213\306\032\257\001"
 3001      36464F4C 
 3001      46608291 
 3001      108BC61A 
 3001      AF01
 3002 01d6 7AA8D138 		.ascii	"z\250\3218\346\22026#)H\012\351\200\"\032\242\263\015"
 3002      E6903236 
 3002      2329480A 
 3002      E980221A 
 3002      A2B30D
 3003 01e9 12001641 		.ascii	"\022\000\026A\344\270#R\301TP\222\322\202\324\217\341"
 3003      E4B82352 
 3003      C1545092 
 3003      D282D48F 
 3003      E1
 3004 01fa E6298B95 		.ascii	"\346)\213\225\310\030\244\214\313\216\256\364N\376u"
 3004      C818A48C 
 3004      CB8EAEF4 
 3004      4EFE75
 3005 0209 6860218F 		.ascii	"h`!\217\177kqq4\240\"6\275\321\372\031\3007\001\334"
 3005      7F6B7171 
 3005      34A02236 
 3005      BDD1FA19 
 3005      C03701DC 
 3006 021d 7D14C20E 		.ascii	"}\024\302\016\354a\260\377hX\376Zs\313\202\0055\247"
 3006      EC61B0FF 
 3006      6858FE5A 
 3006      73CB8205 
 3006      35A7
 3007 022f 37239FF5 		.ascii	"7#\237\365\3108\246\376\333+\006\2243E\230u\262E\005"
 3007      C838A6FE 
 3007      DB2B0694 
 3007      33459875 
 3007      B24505
 3008 0242 F0252DF0 		.ascii	"\360%-\360G\316#\\AF\360>\361\004\336\032e0\364\216"
 3008      47CE235C 
 3008      4146F03E 
 3008      F104DE1A 
 3008      6530F48E 
 3009 0256 524BF0F4 		.ascii	"RK\360\364r\020\274x\257icM1\017[\037\206a1\350\224"
 3009      7210BC78 
 3009      AF69634D 
 3009      310F5B1F 
 3009      866131E8 
 3010 026b 6021880B 		.ascii	"`!\210\013\001c,\202\253\003\205\011\015\226\372\002"
 3010      01632C82 
ARM GAS  C:\Users\PUBLIC~1.LAP\AppData\Local\Temp\ccurW8Og.s 			page 66


 3010      AB038509 
 3010      0D96FA02 
 3011 027b 3F4A831E 		.ascii	"?J\203\036\362\223Q\020z\004\352\372\022\003\231\366"
 3011      F2935110 
 3011      7A04EAFA 
 3011      120399F6 
 3012 028b F4ACAB92 		.ascii	"\364\254\253\222\242\025%X\301\207-\177\255I\024\364"
 3012      A2152558 
 3012      C1872D7F 
 3012      AD4914F4 
 3013 029b D48DA946 		.ascii	"\324\215\251F\317\012\025\017\034\0200Y\217\313\303"
 3013      CF0A150F 
 3013      1C103059 
 3013      8FCBC3
 3014 02aa 60C3C2C2 		.ascii	"`\303\302\302\301;5\026\364\015\235\311'\323\351KW\371"
 3014      C13B3516 
 3014      F40D9DC9 
 3014      27D3E94B 
 3014      57F9
 3015 02bc 979D02D4 		.ascii	"\227\235\002\324(\247 \365\256\024~\322r\3100\250h\000"
 3015      28A720F5 
 3015      AE147ED2 
 3015      72C830A8 
 3015      6800
 3016 02ce B647771F 		.ascii	"\266Gw\037\254\016\325\323\213\311\302\033\215\364\014"
 3016      AC0ED5D3 
 3016      8BC9C21B 
 3016      8DF40C
 3017 02dd 5802     		.ascii	"X\002"
 3018              		.text
 3019              		.section	.gnu.lto_.jmpfuncs.840cf08d,"e",%progbits
 3020 0000 28B52FFD 		.ascii	"(\265/\375`i\001\215\006\000\262I\035#\240%I\007\377"
 3020      6069018D 
 3020      0600B249 
 3020      1D23A025 
 3020      4907FF
 3021 0013 FF0F066C 		.ascii	"\377\017\006l\000\000NT\215\000\000xO\343\264\377\255"
 3021      00004E54 
 3021      8D000078 
 3021      4FE3B4FF 
 3021      AD
 3022 0024 B5D6B666 		.ascii	"\265\326\266f-\331\315\222m7\221i\007\205\012\222\000"
 3022      2DD9CD92 
 3022      6D379169 
 3022      07850A92 
 3022      00
 3023 0035 3B9A0880 		.ascii	";\232\010\200\320\312-&XQ\210+\327bB \317\271\372\\"
 3023      D0CA2D26 
 3023      5851882B 
 3023      D7624220 
 3023      CFB9FA5C 
 3024 0049 3FC5A681 		.ascii	"?\305\246\201@\375\016\206\220\323\254\260\233\216\337"
 3024      40FD0E86 
 3024      90D3ACB0 
 3024      9B8EDF
 3025 0058 C3503808 		.ascii	"\303P8\010\261\367\015$ \337s\250\211\315\323\274\346"
 3025      B1F70D24 
ARM GAS  C:\Users\PUBLIC~1.LAP\AppData\Local\Temp\ccurW8Og.s 			page 67


 3025      20DF73A8 
 3025      89CDD3BC 
 3025      E6
 3026 0069 E9DF06D7 		.ascii	"\351\337\006\327\252\2673\205\244\224\322\266\324\266"
 3026      AAB73385 
 3026      A494D2B6 
 3026      D4B6
 3027 0077 5C556935 		.ascii	"\\Ui5\305\246\371J\252\003\001' \200\242Au<\000\011"
 3027      C5A6F94A 
 3027      AA030127 
 3027      2080A241 
 3027      753C0009 
 3028 008b 3B1D2C52 		.ascii	";\035,R\3540\026Hb-t\2452\314\023{\243\337\325\304\261"
 3028      EC301648 
 3028      622D74A5 
 3028      32CC137B 
 3028      A3DFD5C4 
 3029 00a0 7A5CD462 		.ascii	"z\\\324b\256d\233yD\315\366,\225\030KI\021\214\007\304"
 3029      AE649B79 
 3029      44CDF62C 
 3029      95184B49 
 3029      118C07C4 
 3030 00b4 7E235CB1 		.ascii	"~#\\\261`\341\"\356@\362\313\024\022\014\262\307W\030"
 3030      60E122EE 
 3030      40F2CB14 
 3030      120CB2C7 
 3030      5718
 3031 00c6 04B8986F 		.ascii	"\004\270\230o\013\363\224\011\010\206\030^\227\314\\"
 3031      0BF39409 
 3031      0886185E 
 3031      97CC5C
 3032 00d5 4EA826B5 		.ascii	"N\250&\265\342\006"
 3032      E206
 3033              		.text
 3034              		.section	.gnu.lto_.pureconst.840cf08d,"e",%progbits
 3035 0000 28B52FFD 		.ascii	"(\265/\375 J-\002\000\242D\020\033\2405\351\377'\260"
 3035      204A2D02 
 3035      00A24410 
 3035      1BA035E9 
 3035      FF27B0
 3036 0013 9A020070 		.ascii	"\232\002\000p\002\000N$\377\377\17733333kSl\336\001"
 3036      02004E24 
 3036      FFFF7F33 
 3036      33333333 
 3036      6B536CDE 
 3037 0028 375DC21D 		.ascii	"7]\302\035\\\301\015\\\300\016\321\205\306\347:cs\231"
 3037      5CC10D5C 
 3037      C00ED185 
 3037      C6E73A63 
 3037      7399
 3038 003a 71B9CA4D 		.ascii	"q\271\312MF\344\036\327\030\237ac1\022c\245\252*\004"
 3038      46E41ED7 
 3038      189F6163 
 3038      311263A5 
 3038      AA2A04
 3039 004d 00       		.ascii	"\000"
 3040              		.text
ARM GAS  C:\Users\PUBLIC~1.LAP\AppData\Local\Temp\ccurW8Og.s 			page 68


 3041              		.section	.gnu.lto_.ipa_modref.840cf08d,"e",%progbits
 3042 0000 28B52FFD 		.ascii	"(\265/\375`\022\001u\007\000\242\311\034$\2205I\007"
 3042      60120175 
 3042      0700A2C9 
 3042      1C249035 
 3042      4907
 3043 0012 FFA0F49D 		.ascii	"\377\240\364\235\346-\365\225\273\177\334\377\377\330"
 3043      E62DF595 
 3043      BB7FDCFF 
 3043      FFD8
 3044 0020 3FD72A7E 		.ascii	"?\327*~]\272\331\326m\3667\336h[B\244L\001\377\277S"
 3044      5DBAD9D6 
 3044      6DF637DE 
 3044      685B42A4 
 3044      4C01FFBF 
 3045 0035 6B284619 		.ascii	"k(F\031\004@b\241\370C\227>W'2\223:Ux\034\205R\032\230"
 3045      044062A1 
 3045      F843973E 
 3045      57273293 
 3045      3A55781C 
 3046 004d E0BB23DE 		.ascii	"\340\273#\336\250\000&\207\355\030\272\314\036>\205"
 3046      A8002687 
 3046      ED18BACC 
 3046      1E3E85
 3047 005c EE28E9DD 		.ascii	"\356(\351\335\020\322\273K\245\272i\177Q\201R}\367*"
 3047      10D2BB4B 
 3047      A5BA697F 
 3047      5181527D 
 3047      F72A
 3048 006e 2FA4BF6B 		.ascii	"/\244\277k4\347\314|\"\345Kg*W\332\011\327\0027 p\002"
 3048      34E7CC7C 
 3048      22E54B67 
 3048      2A57DA09 
 3048      D7023720 
 3049 0084 19B3F36B 		.ascii	"\031\263\363k\260\031\022\233aO\027\270\351^\221\311"
 3049      B019129B 
 3049      614F17B8 
 3049      E95E91C9 
 3050 0094 5100FCFA 		.ascii	"Q\000\374\372&\262\211h`\201\343\222\260\301*\231\032"
 3050      26B28968 
 3050      6081E392 
 3050      B0C12A99 
 3050      1A
 3051 00a5 0641B163 		.ascii	"\006A\261cZDg\207aA\255E\033\0053@\315\025\336-\324"
 3051      5A446787 
 3051      6141AD45 
 3051      1B053340 
 3051      CD15DE2D 
 3052 00ba 080F20C0 		.ascii	"\010\017 \300`1\272\344\277\001\272\011`\251\034-\246"
 3052      6031BAE4 
 3052      BF01BA09 
 3052      60A91C2D 
 3052      A6
 3053 00cb DF8ED982 		.ascii	"\337\216\331\202\254|{\320d\203+\260\011\332\312\210"
 3053      AC7C7BD0 
 3053      64832BB0 
 3053      09DACA88 
ARM GAS  C:\Users\PUBLIC~1.LAP\AppData\Local\Temp\ccurW8Og.s 			page 69


 3054 00db 2E0E6B66 		.ascii	".\016kfd\005\373\261\326\364\214\016!*\207\233\306\276"
 3054      6405FBB1 
 3054      D6F48C0E 
 3054      212A879B 
 3054      C6BE
 3055 00ed AFE28890 		.ascii	"\257\342\210\220\357\242B\241\025\323\015"
 3055      EFA242A1 
 3055      15D30D
 3056              		.text
 3057              		.section	.gnu.lto_.lto.840cf08d,"e",%progbits
 3058 0000 0C000000 		.ascii	"\014\000\000\000\001\000\001\000"
 3058      01000100 
 3059              		.text
 3060              		.section	.gnu.lto_chEvtAddEventsI.2855.840cf08d,"e",%progbits
 3061 0000 28B52FFD 		.ascii	"(\265/\375`\303\000\305\013\000V\025PD\020q\224\016"
 3061      60C300C5 
 3061      0B005615 
 3061      50441071 
 3061      940E
 3062 0012 3F0258A4 		.ascii	"?\002X\244p\026\301\010a\361\003\355\276\306?\210\367"
 3062      7016C108 
 3062      61F103ED 
 3062      BEC63F88 
 3062      F7
 3063 0023 31AEB4BF 		.ascii	"1\256\264\277\215@}\320~\334\264\320\275\271V\373\261"
 3063      8D407DD0 
 3063      7EDCB4D0 
 3063      BDB956FB 
 3063      B1
 3064 0034 10728BB4 		.ascii	"\020r\213\264\240]@\301\346\034\272\321\030\250T\203"
 3064      A05D40C1 
 3064      E61CBAD1 
 3064      18A85483 
 3065 0044 C5362016 		.ascii	"\3056 \026 ,\030\201,\341\266r\247\024:\000:\000<\000"
 3065      202C1881 
 3065      2CE1B672 
 3065      A7143A00 
 3065      3A003C00 
 3066 0058 DCE5D3B6 		.ascii	"\334\345\323\266\357\272\010\224\303\001\0224\026 V"
 3066      EFBA0894 
 3066      C3011234 
 3066      162056
 3067 0067 A4A8B13B 		.ascii	"\244\250\261;n$\027\311>-\007\311>\225\303\303\313\320"
 3067      6E2417C9 
 3067      3E2D07C9 
 3067      3E95C3C3 
 3067      CBD0
 3068 0079 FF88CF10 		.ascii	"\377\210\317\020-b\342*u\251qv\327R\\Y\270\365\266K"
 3068      2D62E22A 
 3068      75A97176 
 3068      D7525C59 
 3068      B8F5B64B 
 3069 008d 6C1BB00F 		.ascii	"l\033\260\017 2\2075\015+m\330cJ\352\006\373\226U\226"
 3069      20328735 
 3069      0D2B6DD8 
 3069      634AEA06 
 3069      FB965596 
ARM GAS  C:\Users\PUBLIC~1.LAP\AppData\Local\Temp\ccurW8Og.s 			page 70


 3070 00a1 FDD73F55 		.ascii	"\375\327?UZUZJ\351k&\030.\003\307n\205\330\215\2151"
 3070      5A555A4A 
 3070      E96B2618 
 3070      2E03C76E 
 3070      85D88D8D 
 3071 00b6 5F7CB08D 		.ascii	"_|\260\215\262=\354\021\012\034\313\277Bw\354\222\230"
 3071      B23DEC11 
 3071      0A1CCBBF 
 3071      4277EC92 
 3071      98
 3072 00c7 E162773C 		.ascii	"\341bw<qVU\201\351\260\273\027iL\225\252:aL\270\020"
 3072      71565581 
 3072      E9B0BB17 
 3072      694C95AA 
 3072      3A614CB8 
 3073 00dc 013C8AF0 		.ascii	"\001<\212\360' (\270\264N\331\247T\214\015\372x\262"
 3073      272028B8 
 3073      B44ED9A7 
 3073      548C0DFA 
 3073      78B2
 3074 00ee 4537C1E0 		.ascii	"E7\301\340\262\273\233\022\207\215\374\326\247K&y\361"
 3074      B2BB9B12 
 3074      878DFCD6 
 3074      A74B2679 
 3074      F1
 3075 00ff D337659F 		.ascii	"\3237e\237\327\017\0170U\346T\272\216\353:.\343\011"
 3075      D70F0F30 
 3075      55E654BA 
 3075      8EEB3A2E 
 3075      E309
 3076 0111 C9FC6546 		.ascii	"\311\374eF\244\220\347\300\373<\233\227\240\364\361"
 3076      A490E7C0 
 3076      FB3C9B97 
 3076      A0F4F1
 3077 0120 84C08DD4 		.ascii	"\204\300\215\324`\033\211\266\002\004@\004\340\027\240"
 3077      601B89B6 
 3077      02044004 
 3077      E017A0
 3078 012f B3494159 		.ascii	"\263IAY\000\362H\235\007_\011\374\034\3504\232\316\212"
 3078      00F2489D 
 3078      075F09FC 
 3078      1CE8349A 
 3078      CE8A
 3079 0141 80CDB8B7 		.ascii	"\200\315\270\267\254\262T\357\312\240RU\025\0006\213"
 3079      ACB254EF 
 3079      CAA05255 
 3079      1500368B 
 3080 0151 C0968132 		.ascii	"\300\226\2012C+\015\334\260\302A`Q\355\211!\034V1\301"
 3080      432B0DDC 
 3080      B0C24160 
 3080      51ED8921 
 3080      1C5631C1 
 3081 0165 CD4A47DB 		.ascii	"\315JG\333&\030\010\273\253).\347c\323\026\327D\\,\264"
 3081      261808BB 
 3081      AB292EE7 
 3081      63D316D7 
 3081      445C2CB4 
ARM GAS  C:\Users\PUBLIC~1.LAP\AppData\Local\Temp\ccurW8Og.s 			page 71


 3082 0179 1DC2FC9F 		.ascii	"\035\302\374\237\271M\355$\003"
 3082      B94DED24 
 3082      03
 3083              		.text
 3084              		.section	.gnu.lto_chEvtObjectInit.2948.840cf08d,"e",%progbits
 3085 0000 28B52FFD 		.ascii	"(\265/\375`U\000m\011\0006\221B=\020%)\035H\012@\034"
 3085      6055006D 
 3085      09003691 
 3085      423D1025 
 3085      291D480A 
 3086 0016 F4CF3064 		.ascii	"\364\3170d+\214\002\270\347\200DH\264\310\020R!\205"
 3086      2B8C02B8 
 3086      E7804448 
 3086      B4C81052 
 3086      2185
 3087 0028 E837ECB5 		.ascii	"\3507\354\265!{\365-\355M-l.\337\025\322\014@\344\367"
 3087      217BF52D 
 3087      ED4D2D6C 
 3087      2EDF15D2 
 3087      0C40E4F7 
 3088 003c 8FF208B0 		.ascii	"\217\362\010\260\323\223\001\213\333>\331d\357\224\002"
 3088      D393018B 
 3088      DB3ED964 
 3088      EF9402
 3089 004b 2C002F00 		.ascii	",\000/\0001\000\257\335\007\274W\2236\317K\212\325\311"
 3089      3100AFDD 
 3089      07BC5793 
 3089      36CF4B8A 
 3089      D5C9
 3090 005d C9F4ECEE 		.ascii	"\311\364\354\356GON~\222\376].\232\321b\237 \207\335"
 3090      474F4E7E 
 3090      92FE5D2E 
 3090      9AD1629F 
 3090      2087DD
 3091 0070 F59CD144 		.ascii	"\365\234\321Dnz\333#\333\022\266q\002\335\322\232}\333"
 3091      6E7ADB23 
 3091      DB12B671 
 3091      02DDD29A 
 3091      7DDB
 3092 0082 3FBBD1CD 		.ascii	"?\273\321\315s9\273!\001~\366VmTl?\3006\310\201\237"
 3092      7339BB21 
 3092      017EF656 
 3092      6D546C3F 
 3092      C036C881 
 3093 0097 F659DE42 		.ascii	"\366Y\336B\336\006\263h\367\205\246f\267L0C\350\365"
 3093      DE06B368 
 3093      F785A666 
 3093      B74C3043 
 3093      E8F5
 3094 00a9 E0055EEF 		.ascii	"\340\005^\357\226\326\"Vn2*\363\244\266\307c^\241\335"
 3094      96D62256 
 3094      6E322AF3 
 3094      A4B6C763 
 3094      5EA1DD
 3095 00bc 3DF9301F 		.ascii	"=\3710\037 \024%\345\325\207y\257\002;$\262\011\300"
 3095      201425E5 
 3095      D58779AF 
ARM GAS  C:\Users\PUBLIC~1.LAP\AppData\Local\Temp\ccurW8Og.s 			page 72


 3095      023B24B2 
 3095      09C0
 3096 00ce A0121CC2 		.ascii	"\240\022\034\302gFp;}\35426\251\211\375\006\027\302"
 3096      6746703B 
 3096      7DEC3236 
 3096      A989FD06 
 3096      17C2
 3097 00e0 100C4390 		.ascii	"\020\014C\220D\300\032E\352\024iti\210\035\242*\365"
 3097      44C01A45 
 3097      EA146974 
 3097      69881DA2 
 3097      2AF5
 3098 00f2 A55AE3E7 		.ascii	"\245Z\343\347j}\343\306W1\261\272X\251\036P'\223\002"
 3098      6A7DE3C6 
 3098      5731B1BA 
 3098      58A91E50 
 3098      279302
 3099 0105 2B4374A1 		.ascii	"+Ct\241^*\216\025\206EX*\241\032 L\345\006\014\0008"
 3099      5E2A8E15 
 3099      8645582A 
 3099      A11A204C 
 3099      E5060C00 
 3100 011a 73A14CD3 		.ascii	"s\241L\323I\031\036z\274\231eQT\254X\357\032\336\301"
 3100      49191E7A 
 3100      BC996551 
 3100      54AC58EF 
 3100      1ADEC1
 3101 012d 0467ADA6 		.ascii	"\004g\255\246\210;\274h'\031"
 3101      883BBC68 
 3101      2719
 3102              		.text
 3103              		.section	.gnu.lto_chEvtObjectDispose.2949.840cf08d,"e",%progbits
 3104 0000 28B52FFD 		.ascii	"(\265/\375`2\0005\010\000\302\3168:0q\323\001 \247\236"
 3104      60320035 
 3104      0800C2CE 
 3104      383A3071 
 3104      D30120A7 
 3105 0015 31D5E697 		.ascii	"1\325\346\227\024\203EHP\031\330\020\\\217\306\033\340"
 3105      14834548 
 3105      5019D810 
 3105      5C8FC61B 
 3105      E0
 3106 0026 E3ACE986 		.ascii	"\343\254\351\206S\324<\347\002\020\310\32284F\201\301"
 3106      53D43CE7 
 3106      0210C8D2 
 3106      38344681 
 3106      C1
 3107 0037 53E85EFF 		.ascii	"S\350^\377^K\177\314j.\370\377om\357\224\002\326\024"
 3107      5E4B7FCC 
 3107      6A2EF8FF 
 3107      6F6DEF94 
 3107      02D614
 3108 004a 6AD56AD5 		.ascii	"j\325j\325D\002%\260\233\346D`\250\321ut\036G9\023H"
 3108      440225B0 
 3108      9BE64460 
 3108      A8D17574 
 3108      1E473913 
ARM GAS  C:\Users\PUBLIC~1.LAP\AppData\Local\Temp\ccurW8Og.s 			page 73


 3109 005f 43130537 		.ascii	"C\023\0057h\305\304w\361y\017\033\003)\241\224\321\205"
 3109      68C5C477 
 3109      F1790F1B 
 3109      0329A194 
 3109      D185
 3110 0071 9B87C7F1 		.ascii	"\233\207\307\361aX\324\321hk\200 \215{l\347\312\021"
 3110      6158D4D1 
 3110      686B8020 
 3110      8D7B6CE7 
 3110      CA11
 3111 0083 232CD444 		.ascii	"#,\324D9\344q\265B\177\271i\255\304\261\307\223\234"
 3111      39E471B5 
 3111      427FB969 
 3111      ADC4B1C7 
 3111      939C
 3112 0095 24F6B19D 		.ascii	"$\366\261\235+[\036\200\234\306f7$\347\265\254,\306"
 3112      2B5B1E80 
 3112      9CC66637 
 3112      24E7B5AC 
 3112      2CC6
 3113 00a7 C4F6016C 		.ascii	"\304\366\001l\202\023\355\322~\312U\304\257|\030\264"
 3113      8213EDD2 
 3113      7ECA55C4 
 3113      AF7C18B4 
 3114 00b7 DB2203B3 		.ascii	"\333\"\003\263;\"x\341\363\254\340\003\235g\330\003"
 3114      3B2278E1 
 3114      F3ACE003 
 3114      9D67D803 
 3115 00c7 3ACF2CDA 		.ascii	":\317,\3325\037)v\346\345\342\332]:K.^\212\376Y\016"
 3115      351F2976 
 3115      E6E5E2DA 
 3115      5D3A4B2E 
 3115      5E8AFE59 
 3116 00dc 4AA94E97 		.ascii	"J\251N\227\036\207\335\265L\251D\356y\333\006\266%l"
 3116      1E87DDB5 
 3116      4CA944EE 
 3116      79DB06B6 
 3116      256C
 3117 00ee A3040C00 		.ascii	"\243\004\014\0008s\241\214i\3353\214\263\347\245\014"
 3117      3873A18C 
 3117      69DD338C 
 3117      B3E7A50C 
 3118 00fe 4ADD95E0 		.ascii	"J\335\225\340]\303\021\2300\254\325hq\207\027\355$\003"
 3118      5DC31198 
 3118      30ACD568 
 3118      718717ED 
 3118      2403
 3119              		.text
 3120              		.section	.gnu.lto_chEvtRegisterMaskWithFlagsI.2950.840cf08d,"e",%progbits
 3121 0000 28B52FFD 		.ascii	"(\265/\375`\325\002m\024\0006$\204I\260\326Qc\025,\342"
 3121      60D5026D 
 3121      14003624 
 3121      8449B0D6 
 3121      5163152C 
 3122 0015 8A9A3331 		.ascii	"\212\23231\217\357\231[v\206>H\233\037T\3712p=/\377"
 3122      8FEF995B 
 3122      76863E48 
ARM GAS  C:\Users\PUBLIC~1.LAP\AppData\Local\Temp\ccurW8Og.s 			page 74


 3122      9B1F54F9 
 3122      32703D2F 
 3123 002a 4D6C4BE1 		.ascii	"MlK\341\245\250\211\3124\324D:\003\005\204\371]\210"
 3123      A5A889CA 
 3123      34D4443A 
 3123      030584F9 
 3123      5D88
 3124 003c 85CEF40F 		.ascii	"\205\316\364\017-wf\372g\213\365\004\023\352\217\367"
 3124      2D7766FA 
 3124      678BF504 
 3124      13EA8FF7 
 3125 004c 1DA0EF12 		.ascii	"\035\240\357\022t\315\254$R\246\024n\000e\000r\000>"
 3125      74CDAC24 
 3125      52A6146E 
 3125      00650072 
 3125      003E
 3126 005e 803B2437 		.ascii	"\200;$7h\254\310J\337C\251\347A+.\202F\031\250HJ\237"
 3126      68ACC84A 
 3126      DF43A9E7 
 3126      412B2E82 
 3126      4619A848 
 3127 0074 F4F379D0 		.ascii	"\364\363y\320\012\214\0236\262,\274n]\242\310\323\363"
 3127      0A8C1336 
 3127      B22CBC6E 
 3127      5DA2C8D3 
 3127      F3
 3128 0085 F0757C07 		.ascii	"\360u|\007\357H?\206\335\373\273\202\272\027\330\300"
 3128      EF483F86 
 3128      DDFBBB82 
 3128      BA17D8C0 
 3129 0095 105EB707 		.ascii	"\020^\267\007^`\274u\235\300xk\236}u \206K\2242\341"
 3129      5E60BC75 
 3129      9DC0786B 
 3129      9E7D7520 
 3129      864B9432 
 3130 00aa E4DE2BAB 		.ascii	"\344\336+\2534\316;\345\371g:\314'\004t\012`\302\275"
 3130      34CE3BE5 
 3130      F9673ACC 
 3130      2704740A 
 3130      60C2BD
 3131 00bd D7D427C4 		.ascii	"\327\324'\304\342\256\267\235\300v\014\273\276\002S"
 3131      E2AEB79D 
 3131      C0760CBB 
 3131      BE0253
 3132 00cc 47542415 		.ascii	"GT$\025?\244\"^\012\305\006\226\240U\206}\327\255D\366"
 3132      3FA4225E 
 3132      0AC50696 
 3132      A055867D 
 3132      D7AD44F6 
 3133 00e0 81BFCA95 		.ascii	"\201\277\312\225~\030\245\036-\265\375\357\247G\372"
 3133      7E18A51E 
 3133      2DB5FDEF 
 3133      A747FA
 3134 00ef 3F0096E3 		.ascii	"?\000\226\343\207\265\000\353\336\025[Rn\225\215\302"
 3134      87B500EB 
 3134      DE155B52 
 3134      6E958DC2 
ARM GAS  C:\Users\PUBLIC~1.LAP\AppData\Local\Temp\ccurW8Og.s 			page 75


 3135 00ff 61FB7EF0 		.ascii	"a\373~\360B;\346\363Mn)\272\367\306n\375\340i\307n\357"
 3135      423BE6F3 
 3135      4D6E29BA 
 3135      F7C66EFD 
 3135      E069C76E 
 3136 0114 37F1622E 		.ascii	"7\361b.Z\244}\246%\335\013(h\005\305\214#\006\267\366"
 3136      5AA47DA6 
 3136      25DD0B28 
 3136      6805C58C 
 3136      2306B7F6 
 3137 0128 F0BAB55D 		.ascii	"\360\272\265]\212\244\213>\260js8\221\236)v\207K\351"
 3137      8AA48B3E 
 3137      B06A7338 
 3137      919E2976 
 3137      874BE9
 3138 013b 5E44A175 		.ascii	"^D\241u\010K\222\241\341\023\342Xm\233\013\201\032Q"
 3138      084B92A1 
 3138      E113E258 
 3138      6D9B0B81 
 3138      1A51
 3139 014d D6229FF1 		.ascii	"\326\"\237\361\226>\371\226\330\263\007\361\361\237"
 3139      963EF996 
 3139      D8B307F1 
 3139      F19F
 3140 015b 48982FA3 		.ascii	"H\230/\243\237\361v\254-\001\232\020\021\024\015\014"
 3140      9FF176AC 
 3140      2D019A10 
 3140      11140D0C 
 3141 016b 95106DFD 		.ascii	"\225\020m\375\322\317\364\231\340Q\212\254\236\3208"
 3141      D2CFF499 
 3141      E0518AAC 
 3141      9ED038
 3142 017a 77D2095D 		.ascii	"w\322\011]\3730\304\353\336+\363\343@r|\243[\357\360"
 3142      FB30C4EB 
 3142      DE2BF3E3 
 3142      40727CA3 
 3142      5BEFF0
 3143 018d D0FB78C6 		.ascii	"\320\373x\306[[\005\324P\352Q-_x\330T\221\030\374\207"
 3143      5B5B05D4 
 3143      50EA512D 
 3143      5F78D854 
 3143      9118FC87 
 3144 01a1 02A6BD9C 		.ascii	"\002\246\275\2347\245\211\243\345h3\231y\243\263\315"
 3144      37A589A3 
 3144      E5683399 
 3144      79A3B3CD 
 3145 01b1 746A116E 		.ascii	"tj\021n9\034N7\033O\234\322\006b7\2167\233YM>(K\262"
 3145      391C4E37 
 3145      1B4F9CD2 
 3145      0662378E 
 3145      379B594D 
 3146 01c9 2CC91796 		.ascii	",\311\027\226\333iV\317^\316\234\216)\302\244\315d3"
 3146      DB6956CF 
 3146      5ECE9C8E 
 3146      29C2A4CD 
 3146      6433
 3147 01db DC29CBE1 		.ascii	"\334)\313\341d\347\216L\303\205\332\207\032\215B\215"
ARM GAS  C:\Users\PUBLIC~1.LAP\AppData\Local\Temp\ccurW8Og.s 			page 76


 3147      64E78E4C 
 3147      C385DA87 
 3147      1A8D428D 
 3148 01eb 4C8C835B 		.ascii	"L\214\203[\216\231\253\351\241\351j6\233\022\006\246"
 3148      8E99ABE9 
 3148      A1E96A36 
 3148      9B1206A6 
 3149 01fb 46428518 		.ascii	"FB\205\030`\357\256[\211<\323\242\252W{V\251\366\206"
 3149      60EFAE5B 
 3149      893CD3A2 
 3149      AA577B56 
 3149      A9F686
 3150 020e 1BD93909 		.ascii	"\033\3319\011\371\012F\233\346EvVL\266\0028 \300\002"
 3150      F90A469B 
 3150      E6457656 
 3150      4CB60238 
 3150      20C002
 3151 0221 21AADB50 		.ascii	"!\252\333P\220Z\023W\234\357\026\2607\"\255!\013\030"
 3151      905A1357 
 3151      9CEF16B0 
 3151      3722AD21 
 3151      0B18
 3152 0233 5AA6D051 		.ascii	"Z\246\320Q\034Y[\264\341u\205\027\310\345\272\332\300"
 3152      1C595BB4 
 3152      E1758517 
 3152      C8E5BADA 
 3152      C0
 3153 0244 9C8735AE 		.ascii	"\234\2075\256a\205\212\001\255j$w\343\2535\212D'\026"
 3153      61858A01 
 3153      AD6A2477 
 3153      E3AB358A 
 3153      442716
 3154 0257 574449FF 		.ascii	"WDI\377\212]\273Y\023\307\030X.\217a\363\2624\246\024"
 3154      8A5DBB59 
 3154      13C71858 
 3154      2E8F61F3 
 3154      B234A614 
 3155 026b D8721ACF 		.ascii	"\330r\032\317.*\011\343\006\234\234\354\364N\304\210"
 3155      2E2A09E3 
 3155      069C9CEC 
 3155      F44EC488 
 3156 027b 12911438 		.ascii	"\022\221\0248by\236\331%\261\026\0153@9:B(\316\003\203"
 3156      62799ED9 
 3156      25B1160D 
 3156      3340393A 
 3156      4228CE03 
 3157 0290 35282D63 		.ascii	"5(-cq\0352"
 3157      711D32
 3158              		.text
 3159              		.section	.gnu.lto_chEvtRegisterMaskWithFlags.2951.840cf08d,"e",%progbits
 3160 0000 28B52FFD 		.ascii	"(\265/\375`\274\006e$\000V;\331K\200VR:\015{\"\3008"
 3160      60BC0665 
 3160      2400563B 
 3160      D94B8056 
 3160      523A0D7B 
 3161 0017 9C2E9AFD 		.ascii	"\234.\232\375)|\003D\237N\240\226\000\340\334\215\214"
 3161      297C0344 
ARM GAS  C:\Users\PUBLIC~1.LAP\AppData\Local\Temp\ccurW8Og.s 			page 77


 3161      9F4EA096 
 3161      00E0DC8D 
 3161      8C
 3162 0028 429525C4 		.ascii	"B\225%\304}\253\025\364\305\375o\336j\304L\363\272\035"
 3162      7DAB15F4 
 3162      C5FD6FDE 
 3162      6AC44CF3 
 3162      BA1D
 3163 003a C92630CB 		.ascii	"\311&0\313)\177\004\027\254\020G\334J\306\211\241\370"
 3163      297F0417 
 3163      AC1047DC 
 3163      4AC689A1 
 3163      F8
 3164 004b 41691161 		.ascii	"Ai\021af:\227\236\332Ob\011I2\275\000\301\000\305\000"
 3164      663A979E 
 3164      DA4F6209 
 3164      4932BD00 
 3164      C100C500 
 3165 005f EFCAE565 		.ascii	"\357\312\345eQ)\205m\246\331\036}\327U\221\322\007\027"
 3165      5129856D 
 3165      A6D91E7D 
 3165      D75591D2 
 3165      0717
 3166 0071 509F39E3 		.ascii	"P\2379\343\245\355>\023\350H\200\271\274\314\272\255"
 3166      A5ED3E13 
 3166      E84880B9 
 3166      BCCCBAAD 
 3167 0081 E6980BB8 		.ascii	"\346\230\013\270\234\223\016\300v\313`\367\217\014]"
 3167      9C930EC0 
 3167      76CB60F7 
 3167      8F0C5D
 3168 0090 D93A2A2F 		.ascii	"\331:*/\220)n\244W\263\255%\024|\255\266\311\002s\265"
 3168      90296EA4 
 3168      57B3AD25 
 3168      147CADB6 
 3168      C90273B5 
 3169 00a4 BF35D40D 		.ascii	"\2775\324\015s5\205\351\236\301jsI\"e\025\022Um\232"
 3169      733585E9 
 3169      9EC16A73 
 3169      49226515 
 3169      12556D9A 
 3170 00b8 55FC524C 		.ascii	"U\374RL\015)*!v\264(\226\361K1NiS\330:\354\256\316<"
 3170      0D292A21 
 3170      76B42896 
 3170      F14B314E 
 3170      6953D83A 
 3171 00d0 B547BB6F 		.ascii	"\265G\273o\365!F\277*j^\316Xk_9'\0374\205\335U\232\033"
 3171      F52146BF 
 3171      2A6A5ECE 
 3171      586B5F39 
 3171      271F3485 
 3172 00e8 58AFE64E 		.ascii	"X\257\346N`\275\332F\335R\236\374\220\343+.\340r\316"
 3172      60BDDA46 
 3172      DD529EFC 
 3172      90E32B2E 
 3172      E072CE
 3173 00fb 6CBAE346 		.ascii	"l\272\343FG\215\372/r^\022\323\321Q\035\206\234s\243"
ARM GAS  C:\Users\PUBLIC~1.LAP\AppData\Local\Temp\ccurW8Og.s 			page 78


 3173      478DFA2F 
 3173      725E12D3 
 3173      D1511D86 
 3173      9C73A3
 3174 010e 494C33DE 		.ascii	"IL3\336\351\273[A\367Yt\257\004\002RdoJQn?\353n\236"
 3174      E9BB5B41 
 3174      F75974AF 
 3174      04025264 
 3174      6F4A516E 
 3175 0126 BB83810A 		.ascii	"\273\203\201\012ap\025\355\321\357Np\204~\351\0379\217"
 3175      617015ED 
 3175      D1EF4E70 
 3175      847EE91F 
 3175      398F
 3176 0138 4944F9DF 		.ascii	"ID\371\337`Z\335XsRe\344o\302\001E\243\212\354\371&"
 3176      605ADD58 
 3176      735265E4 
 3176      6FC20145 
 3176      A38AECF9 
 3177 014d A733A5A8 		.ascii	"\2473\245\250\347\271\234\304\031\335\322\235l\201\246"
 3177      E7B99CC4 
 3177      19DDD29D 
 3177      6C81A6
 3178 015c 3ABA9FCB 		.ascii	":\272\237\313i\216n\024m\035\017\355\365\311_}\326\237"
 3178      698E6E14 
 3178      6D1D0FED 
 3178      F5C95F7D 
 3178      D69F
 3179 016e 3BD69FFE 		.ascii	";\326\237\376\352G\005\014\3502\304\214j\002\217d\226"
 3179      EA47050C 
 3179      E832C48C 
 3179      6A028F64 
 3179      96
 3180 017f F1252EA3 		.ascii	"\361%.\243\251\315 }&7\373\275\254uoJ\344{\262^\257"
 3180      A9CD207D 
 3180      2637FBBD 
 3180      AC756F4A 
 3180      E47BB25E 
 3181 0194 B458FE5C 		.ascii	"\264X\376\\\253m\342\340\230\374\226\037\013^\254e\246"
 3181      AB6DE2E0 
 3181      98FC961F 
 3181      0B5EAC65 
 3181      A6
 3182 01a5 B8EEEC87 		.ascii	"\270\356\354\2075\023\011pw\264\024\023C\212\252\201"
 3182      35130970 
 3182      77B41413 
 3182      438AAA81 
 3183 01b5 AED54F72 		.ascii	"\256\325Or%_r0\2338\253\346\263\315\241o&\211\322\200"
 3183      255F7230 
 3183      9B38ABE6 
 3183      B3CDA16F 
 3183      2689D280 
 3184 01c9 7CA9B529 		.ascii	"|\251\265)\372\257\254\"\322\013\313\330\244E\321{="
 3184      FAAFAC22 
 3184      D20BCBD8 
 3184      A445D17B 
 3184      3D
ARM GAS  C:\Users\PUBLIC~1.LAP\AppData\Local\Temp\ccurW8Og.s 			page 79


 3185 01da BDF8114F 		.ascii	"\275\370\021ONJQO\030\26787\277Ns\354:W\033\332q\303"
 3185      4E4A514F 
 3185      18B73837 
 3185      BF4E73EC 
 3185      3A571BDA 
 3186 01f0 DF88B898 		.ascii	"\337\210\270\230\342\006\353\235\235\3636\"\265\267"
 3186      E206EB9D 
 3186      9DF33622 
 3186      B5B7
 3187 01fe 2F390EB7 		.ascii	"/9\016\267R\354\262\352\274\012\320\006\2278O1\246S"
 3187      52ECB2EA 
 3187      BC0AD006 
 3187      97384F31 
 3187      A653
 3188 0210 05D6A098 		.ascii	"\005\326\240\230Zb]zg{\370\2321\235R[\001\242\2174\256"
 3188      5A625D7A 
 3188      677BF89A 
 3188      319D525B 
 3188      01A28F34 
 3189 0225 57D12449 		.ascii	"W\321$In\316\336y\024c?\215\205\210>\262h\275\252Ke"
 3189      6ECEDE79 
 3189      14633F8D 
 3189      85883EB2 
 3189      68BDAA4B 
 3190 023a 00608913 		.ascii	"\000`\211\023d\3463f\266\305kz\347\037v\016J*$\266\343"
 3190      64E63366 
 3190      B6C56B7A 
 3190      E71F760E 
 3190      4A2A24B6 
 3191 024f 588F3814 		.ascii	"X\2178\024\340X\223x\\b\227s\276A\373\023\023}\344\325"
 3191      E0589378 
 3191      5C629773 
 3191      BE41FB13 
 3191      137DE4D5 
 3192 0263 EEE9A14F 		.ascii	"\356\351\241O\352\255W\3274@\217\254#\352\245?v\236"
 3192      EAAD57D7 
 3192      34408FAC 
 3192      23EAA53F 
 3192      769E
 3193 0275 D83316FB 		.ascii	"\3303\026\373\241\304\316x\254=\303\316c6\2113\330a"
 3193      A1C4CE78 
 3193      AC3DC3CE 
 3193      63368933 
 3193      D861
 3194 0287 92C2A0A8 		.ascii	"\222\302\240\250\351\233\271\364_iz/4}\327i\216E\236"
 3194      E99BB9F4 
 3194      5F697A2F 
 3194      347DD769 
 3194      8E459E
 3195 029a 4B834372 		.ascii	"K\203Cr;@\226%\375\243ya\237\336;\364\021+tq\030\004"
 3195      3B409625 
 3195      FDA37961 
 3195      9FDE3BF4 
 3195      112B7471 
 3196 02b0 BE405DFF 		.ascii	"\276@]\377h|~\260\320\335\265\257\306u\177z\340\037"
 3196      687C7EB0 
 3196      D0DDB5AF 
ARM GAS  C:\Users\PUBLIC~1.LAP\AppData\Local\Temp\ccurW8Og.s 			page 80


 3196      C6757F7A 
 3196      E01F
 3197 02c2 0CCC61DF 		.ascii	"\014\314a\337a\020\207\335\311\331\321\301a\211+\336"
 3197      611087DD 
 3197      C9D9D1C1 
 3197      61892BDE 
 3198 02d2 0E42E270 		.ascii	"\016B\342p8\344\256\355\253y\207A\327\347\262:\017n"
 3198      38E4AEED 
 3198      AB798741 
 3198      D7E7B23A 
 3198      0F6E
 3199 02e4 54E884C8 		.ascii	"T\350\204\310\300\302\304aP\310\012\005\201\300\240"
 3199      C0C2C461 
 3199      50C80A05 
 3199      81C0A0
 3200 02f3 7BA17D35 		.ascii	"{\241}5p\021\366\271\354\3533\024\344\012\375$\300?"
 3200      7011F6B9 
 3200      ECEB3314 
 3200      E40AFD24 
 3200      C03F
 3201 0305 BD201444 		.ascii	"\275 \024D\353*\014z\323n%\364zm\257\327\326\024\020"
 3201      EB2A0C7A 
 3201      D36E25F4 
 3201      7A6DAFD7 
 3201      D61410
 3202 0318 C26FDA6E 		.ascii	"\302o\332n\015L\024zU\274>\227u\2070K\034\262p\220\335"
 3202      0D4C147A 
 3202      55BC3E97 
 3202      7587304B 
 3202      1CB27090 
 3203 032d F1F03BF1 		.ascii	"\361\360;\361\363\341\360\334\330D\020\002_\"O\3217"
 3203      F3E1F0DC 
 3203      D8441002 
 3203      5F224FD1 
 3203      37
 3204 033e F40BEAE9 		.ascii	"\364\013\352\351A\200\300cA\203M\362\370\\NsHmAb;\246"
 3204      4180C063 
 3204      41834DF2 
 3204      F85C4E73 
 3204      486D4162 
 3205 0354 C7EE6371 		.ascii	"\307\356cq3;\217Y\243l\006\030Y\026\215\252'\002\347"
 3205      333B8F59 
 3205      A36C0618 
 3205      59168DAA 
 3205      2702E7
 3206 0367 CB882C78 		.ascii	"\313\210,x\252\222)\303\361\246\200\222\250q$\011\231"
 3206      AA9229C3 
 3206      F1A68092 
 3206      A8712409 
 3206      99
 3207 0378 514C4D30 		.ascii	"QLM0A\222\244 \351\220\002\231)\243n\022\340uY\311\244"
 3207      4192A420 
 3207      E9900299 
 3207      29A36E12 
 3207      E07559C9 
 3208 038d A9309594 		.ascii	"\2510\225\224U\317\312\030\3142w\303]\215?\212\022~"
 3208      55CFCA18 
ARM GAS  C:\Users\PUBLIC~1.LAP\AppData\Local\Temp\ccurW8Og.s 			page 81


 3208      CC3277C3 
 3208      5D8D3F8A 
 3208      127E
 3209 039f 5C9A2D71 		.ascii	"\\\232-q\373\2779\240\220U*\221=N\253\322\313\205\311"
 3209      FBBF39A0 
 3209      90552A91 
 3209      3D4EABD2 
 3209      CB85C9
 3210 03b2 C0B14DBF 		.ascii	"\300\261M\277\234{\313\266\332\322\320\261\324\010\214"
 3210      9C7BCBB6 
 3210      DAD2D0B1 
 3210      D4088C
 3211 03c1 03ED6947 		.ascii	"\003\355iGf@\211'o\232\243j\363\"\207a~\374\237\316"
 3211      66408927 
 3211      6F9AA36A 
 3211      F3228761 
 3211      7EFC9FCE 
 3212 03d5 B8AB2CDB 		.ascii	"\270\253,\333\236\212\252\226\216\315\3129\000\"@\330"
 3212      9E8AAA96 
 3212      8ECDCA39 
 3212      002240D8 
 3213 03e5 03525498 		.ascii	"\003RT\2302LZ`P\334A\037=Ve\310\215\3433'P\251\005\236"
 3213      324C5A60 
 3213      50DC411F 
 3213      3D5665C8 
 3213      8DE33327 
 3214 03fd F98A8C0B 		.ascii	"\371\212\214\013\206\007dc'\273\237E\231\266\233\310"
 3214      86076463 
 3214      27BB9F45 
 3214      99B69BC8 
 3215 040d E8DEABDD 		.ascii	"\350\336\253\335G{}d\247\3107\\\300\257l[RQ$\314\352"
 3215      477B7D64 
 3215      A7C8375C 
 3215      C0AF6C5B 
 3215      525124CC 
 3216 0422 20063838 		.ascii	" \00688\350$\026aq{\206-$\350\304\232\201\020f\3260"
 3216      E8241661 
 3216      717B862D 
 3216      24E8C49A 
 3216      811066D6 
 3217 0437 EBD36770 		.ascii	"\353\323gp\253\023\256\310\310&\322W\247;:q\252\304"
 3217      AB13AEC8 
 3217      C826D257 
 3217      A73B3A71 
 3217      AAC4
 3218 0449 5EC92C62 		.ascii	"^\311,b\252\3561ZA\347\231\232(\026\354\326\034AP)Z"
 3218      AAEE315A 
 3218      41E7999A 
 3218      2816ECD6 
 3218      1C415029 
 3219 045e 21E25F10 		.ascii	"!\342_\020\336\212ET\336\300^LY9_\014B\032\\\212\230"
 3219      DE8A4554 
 3219      DEC05E4C 
 3219      59395F0C 
 3219      421A5C8A 
 3220 0473 8DACCAF2 		.ascii	"\215\254\312\362\027fdmP\031N\233E'\326\320]\254\375"
 3220      1766646D 
ARM GAS  C:\Users\PUBLIC~1.LAP\AppData\Local\Temp\ccurW8Og.s 			page 82


 3220      50194E9B 
 3220      4527D6D0 
 3220      5DACFD
 3221 0486 5E0A5D5A 		.ascii	"^\012]Zu\210\342\375B\\\025$]T\373\037"
 3221      7588E2FD 
 3221      425C1524 
 3221      5D54FB1F 
 3222              		.text
 3223              		.section	.gnu.lto_chEvtUnregister.2952.840cf08d,"e",%progbits
 3224 0000 28B52FFD 		.ascii	"(\265/\375`\227\004\265\035\000fs\273H\220\332Qc\204"
 3224      609704B5 
 3224      1D006673 
 3224      BB4890DA 
 3224      516384
 3225 0013 D9AC7126 		.ascii	"\331\254q&\342\265l\206[\017\003)\202\017\236{\317#"
 3225      E2B56C86 
 3225      5B0F0329 
 3225      820F9E7B 
 3225      CF23
 3226 0025 4931CD35 		.ascii	"I1\3155\011\332a\2510^K\376\262\310W\344\275\273X\355"
 3226      09DA61A9 
 3226      305E4BFE 
 3226      B2C857E4 
 3226      BDBB58ED 
 3227 0039 2976B319 		.ascii	")v\263\031A&.^~\021\220\016\342\314j\240\226f\225d\003"
 3227      41262E5E 
 3227      7E11900E 
 3227      E2CC6AA0 
 3227      96669564 
 3228 004e 3E46F6DE 		.ascii	">F\366\336[\312\224\002\240\000\236\000\251\000\256"
 3228      5BCA9402 
 3228      A0009E00 
 3228      A900AE
 3229 005d B921ABD9 		.ascii	"\271!\253\331\303\"\332\221\014\001/\202P^\356%Bxi\020"
 3229      C322DA91 
 3229      0C012F82 
 3229      505EEE25 
 3229      42786910 
 3230 0071 B497F68D 		.ascii	"\264\227\366\215\225Z\275**\323\201\366\362&\254\366"
 3230      955ABD2A 
 3230      2AD381F6 
 3230      F226ACF6 
 3231 0081 6ADFEA44 		.ascii	"j\337\352D\214^d\205i\356\275\372zr/1\202+\320^\342"
 3231      8C5E6485 
 3231      69EEBDFA 
 3231      7A722F31 
 3231      822BD05E 
 3232 0096 DC80F992 		.ascii	"\334\200\371\222<\001\363\245\215\354\262\023?\\-L\270"
 3232      3C01F3A5 
 3232      8DECB213 
 3232      3F5C2D4C 
 3232      B8
 3233 00a7 C2DC7B51 		.ascii	"\302\334{Q\313\303e5\272Y\236\244\255F~5\262\345\007"
 3233      CBC36535 
 3233      BA599EA4 
 3233      AD467E35 
 3233      B2E507
ARM GAS  C:\Users\PUBLIC~1.LAP\AppData\Local\Temp\ccurW8Og.s 			page 83


 3234 00ba 3CBA6903 		.ascii	"<\272i\003\\J\252\345\000\241\323\317S\352*X\004>\235"
 3234      5C4AAAE5 
 3234      00A1D3CF 
 3234      53EA2A58 
 3234      043E9D
 3235 00cd 242F6059 		.ascii	"$/`Y\371\260\001\266 \255\226\022)\317z}\001T\252\366"
 3235      F9B001B6 
 3235      20AD9612 
 3235      29CF7A7D 
 3235      0154AAF6 
 3236 00e1 5DAF5CB0 		.ascii	"]\257\\\260\014\331*\002\235^\317\014\367^\327\037p"
 3236      0CD92A02 
 3236      9D5ECF0C 
 3236      F75ED71F 
 3236      70
 3237 00f2 C64DBBED 		.ascii	"\306M\273\355\237}\324\266`\001\277T\321*\012\353xE"
 3237      9F7DD4B6 
 3237      6001BF54 
 3237      D12A0AEB 
 3237      7845
 3238 0104 68F4FA9F 		.ascii	"h\364\372\237\246\242\232\262\034\273N#v\374\023\224"
 3238      A6A29AB2 
 3238      1CBB4E23 
 3238      76FC1394 
 3239 0114 1526E131 		.ascii	"\025&\3411\314H\332\017_\203\003ihd`c\365\257!\306["
 3239      CC48DA0F 
 3239      5F830369 
 3239      68646063 
 3239      F5AF21C6 
 3240 0129 C7D8C4A4 		.ascii	"\307\330\304\244j\251\354\357\030\307~\330\352\260\177"
 3240      6AA9ECEF 
 3240      18C77ED8 
 3240      EAB07F
 3241 0138 F5D36AF5 		.ascii	"\365\323j\365Y\253\315\362E~\362\303\273\002\250F\266"
 3241      59ABCDF2 
 3241      457EF2C3 
 3241      BB02A846 
 3241      B6
 3242 0149 2C351169 		.ascii	",5\021i\020$\336\030g\310\\,%\230\220\017\177\373~\222"
 3242      1024DE18 
 3242      67C85C2C 
 3242      2598900F 
 3242      7FFB7E92 
 3243 015d 2F495FF4 		.ascii	"/I_\364\331\205E\215\335\275lR\331\252z\227\211\023"
 3243      D985458D 
 3243      DDBD6C52 
 3243      D9AA7A97 
 3243      8913
 3244 016f FDB21C51 		.ascii	"\375\262\034QJL\330IR\373\\v\215\211\276\345\363\013"
 3244      4A4CD849 
 3244      52FB5C76 
 3244      8D89BEE5 
 3244      F30B
 3245 0181 921A43D7 		.ascii	"\222\032C\327\262\011&\251*\012\305\211\326\251R\363"
 3245      B20926A9 
 3245      2A0AC589 
 3245      D6A952F3 
ARM GAS  C:\Users\PUBLIC~1.LAP\AppData\Local\Temp\ccurW8Og.s 			page 84


 3246 0191 D23F4264 		.ascii	"\322?Bd\327\274\254\317\012\016l\010\021\214M\375\311"
 3246      D7BCACCF 
 3246      0A0E6C08 
 3246      118C4DFD 
 3246      C9
 3247 01a2 061493F0 		.ascii	"\006\024\223\360x\006\304\264T^pv\343<m\201\243\231"
 3247      7806C4B4 
 3247      545E7076 
 3247      E33C6D81 
 3247      A399
 3248 01b4 FA3B2D69 		.ascii	"\372;-i\377c\253L\251\212\201\242\342\264\001\310\356"
 3248      FF63AB4C 
 3248      A98A81A2 
 3248      E2B401C8 
 3248      EE
 3249 01c5 04434AAD 		.ascii	"\004CJ\255\344\275\367\226\226\312\277\365\222\242\232"
 3249      E4BDF796 
 3249      96CABFF5 
 3249      92A29A
 3250 01d4 7292B6DA 		.ascii	"r\222\266\332\322\376l\373u\305\264`\276\022\000z\274"
 3250      D2FE6CFB 
 3250      75C5B460 
 3250      BE12007A 
 3250      BC
 3251 01e5 CCCFCCCE 		.ascii	"\314\317\314\316\375I\021\355\336\273\343;\021*A\253"
 3251      FD4911ED 
 3251      DEBBE33B 
 3251      112A41AB 
 3252 01f5 2A325F9A 		.ascii	"*2_\232\366\200\217!R5c\373U\305\230\340K\352HZ*\323"
 3252      F6808F21 
 3252      523563FB 
 3252      55C598E0 
 3252      4BEA485A 
 3253 020b EC69456C 		.ascii	"\354iEl\221)U1~\326\313`\020\027fV\013\027\255\242\365"
 3253      91295531 
 3253      7ED6CB60 
 3253      10176656 
 3253      0B17ADA2 
 3254 0220 01B133E3 		.ascii	"\001\2613\343w\210}a\022\232\275\211m\032\035m\251N"
 3254      77887D61 
 3254      129ABD89 
 3254      6D1A1D6D 
 3254      A94E
 3255 0232 3D78599F 		.ascii	"=xY\237|\233\301Q=\343/9M\021\313X\014\316\341\334\210"
 3255      7C9BC151 
 3255      3DE32F39 
 3255      4D11CB58 
 3255      0CCEE1DC 
 3256 0247 7A3BDD4D 		.ascii	"z;\335Mw:\2073\"\227\362l4\343rl6\022!\322\\\252\343"
 3256      773A8733 
 3256      2297F26C 
 3256      34E3726C 
 3256      361221D2 
 3257 025e 80DE7A3B 		.ascii	"\200\336z;\036\324\207\203O\017\017\352Kq\353`\\\316"
 3257      1ED48783 
 3257      4F0F0FEA 
 3257      4B71EB60 
ARM GAS  C:\Users\PUBLIC~1.LAP\AppData\Local\Temp\ccurW8Og.s 			page 85


 3257      5CCE
 3258 0270 ADB7B3E1 		.ascii	"\255\267\263\341lhO\204\235\023= 4\240\251\257\267\343"
 3258      6C684F84 
 3258      9D133D20 
 3258      34A0A9AF 
 3258      B7E3
 3259 0282 A1423B9D 		.ascii	"\241B;\235ng\303`\\NJ\224\342l\350m\304P\220M(\247\303"
 3259      6E67C360 
 3259      5C4E4A94 
 3259      E26CE86D 
 3259      C450904D 
 3260 0299 3B2FE866 		.ascii	";/\350f]\323\001\002\252\001\001\325r\012\360\322\233"
 3260      5DD30102 
 3260      AA0101D5 
 3260      720AF0D2 
 3260      9B
 3261 02aa B52D27F5 		.ascii	"\265-'\365\011\335N\334p6\324\326KQ_\017Mw\250\217\207"
 3261      09DD4EDC 
 3261      7036D4D6 
 3261      4B515F0F 
 3261      4D77A88F 
 3262 02bf 9C881C8E 		.ascii	"\234\210\034\216\347g\207\302\004\236\356\346\373!\302"
 3262      E76787C2 
 3262      049EEEE6 
 3262      FB21C2
 3263 02ce 0DE58242 		.ascii	"\015\345\202B\000I\220\360ca\003\005\"\322\255\0162"
 3263      004990F0 
 3263      63610305 
 3263      22D2AD0E 
 3263      32
 3264 02df 78E5C20B 		.ascii	"x\345\302\013\222E\262\037%\310u\232\"\215\255\031a"
 3264      9245B21F 
 3264      25C8759A 
 3264      228DAD19 
 3264      61
 3265 02f0 5AC3A62C 		.ascii	"Z\303\246,G\005P>\206\025Y\250a0\347\230\"\204(\020"
 3265      4705503E 
 3265      861559A8 
 3265      6130E798 
 3265      22842810 
 3266 0304 11919282 		.ascii	"\021\221\222\202\246\003p\002\2412\263\015\022\200\365"
 3266      A6037002 
 3266      A132B30D 
 3266      1280F5
 3267 0313 3967A59B 		.ascii	"9g\245\233-\377\273Z\014\223\367\033g\201\300i\002["
 3267      2DFFBB5A 
 3267      0C93F71B 
 3267      6781C069 
 3267      025B
 3268 0325 7A75AEAA 		.ascii	"zu\256\252\307\343\260\006\201\023\032$;ff\353t<\027"
 3268      C7E3B006 
 3268      81131A24 
 3268      3B6666EB 
 3268      743C17
 3269 0338 B91369B7 		.ascii	"\271\023i\267\010x\014>\350\016gI\\cxb\307\267\301\333"
 3269      08780C3E 
 3269      E80E6749 
ARM GAS  C:\Users\PUBLIC~1.LAP\AppData\Local\Temp\ccurW8Og.s 			page 86


 3269      5C637862 
 3269      C7B7C1DB 
 3270 034c 995C28F5 		.ascii	"\231\\(\3652\201\006'\006\362\213>\351\263\307\177t"
 3270      32810627 
 3270      06F28B3E 
 3270      E9B3C77F 
 3270      74
 3271 035d 7A4DD403 		.ascii	"zM\324\003J\011.\215C\345#\267|\023eG\235\033\250S\017"
 3271      4A092E8D 
 3271      43E523B7 
 3271      7C136547 
 3271      9D1BA853 
 3272 0372 8E77B05A 		.ascii	"\216w\260Zl\200A?\266\017y4\352\032\321L\007\241\223"
 3272      6C80413F 
 3272      B60F7934 
 3272      EA1AD14C 
 3272      07A193
 3273 0385 A7366412 		.ascii	"\2476d\0227\302\342e\301\245**+\342\303\037f\033\271"
 3273      37C2E265 
 3273      C1A52A2A 
 3273      2BE2C31F 
 3273      661BB9
 3274 0398 B3482FA4 		.ascii	"\263H/\244J>\231q>a\367\346v\237}68\247\367\354\302"
 3274      4A3E9971 
 3274      3E61F7E6 
 3274      769F7D36 
 3274      38A7F7EC 
 3275 03ad A8CB41D1 		.ascii	"\250\313A\321&\272ur\005B~M(\366\001\324\313F\377"
 3275      26BA7572 
 3275      05427E4D 
 3275      28F601D4 
 3275      CB46FF
 3276              		.text
 3277              		.section	.gnu.lto_chEvtGetAndClearEventsI.2953.840cf08d,"e",%progbits
 3278 0000 28B52FFD 		.ascii	"(\265/\375`\353\001]\021\000\366\337sH\320\224M:\331"
 3278      60EB015D 
 3278      1100F6DF 
 3278      7348D094 
 3278      4D3AD9
 3279 0013 96C95D94 		.ascii	"\226\311]\224X\247\330\267\342dY\261k\025?\036}\020"
 3279      58A7D8B7 
 3279      E26459B1 
 3279      6B153F1E 
 3279      7D10
 3280 0025 161FDD36 		.ascii	"\026\037\3356^\302\215i\335\372\322\220\270\240\023"
 3280      5EC28D69 
 3280      DDFAD290 
 3280      B8A013
 3281 0034 46164373 		.ascii	"F\026Cs \270M\204\321\016L\242Ku\342\272J_\004>\017"
 3281      20B84D84 
 3281      D10E4CA2 
 3281      4B75E2BA 
 3281      4A5F043E 
 3282 0049 76616400 		.ascii	"vad\000\030\322\3146B6\331;\245\\\000W\000c\0004\026"
 3282      18D2CC36 
 3282      4236D93B 
 3282      A55C0057 
ARM GAS  C:\Users\PUBLIC~1.LAP\AppData\Local\Temp\ccurW8Og.s 			page 87


 3282      00630034 
 3283 005e 7B369E70 		.ascii	"{6\236pD\014\3209\372\221\264K.x\265\005U\013\026\317"
 3283      440CD039 
 3283      FA91B44B 
 3283      2E78B505 
 3283      550B16CF 
 3284 0072 038D46ED 		.ascii	"\003\215F\355\316\220x\354\222&N9\275\332\366c\\\306"
 3284      CE9078EC 
 3284      92264E39 
 3284      BDDAF663 
 3284      5CC6
 3285 0084 8DC7091E 		.ascii	"\215\307\011\036\272\032>\216:\030\331%\275\222\033"
 3285      BA1A3E8E 
 3285      3A18D925 
 3285      BD921B
 3286 0093 E05EB713 		.ascii	"\340^\267\023\340^i\212\217\237\243\177\3327\030AM\262"
 3286      E05E698A 
 3286      8F9FA37F 
 3286      DA371841 
 3286      4DB2
 3287 00a5 1D9CCF0E 		.ascii	"\035\234\317\016\302\356z\312vF\334\364\266\023\330"
 3287      C2EE7ACA 
 3287      7646DCF4 
 3287      B613D8
 3288 00b4 DEB1A782 		.ascii	"\336\261\247\202 \220\224^\2320\332\271d\2239\223\242"
 3288      2090945E 
 3288      9A30DAB9 
 3288      64933993 
 3288      A2
 3289 00c5 B0BF2DED 		.ascii	"\260\277-\355\261?\273\273\003\375\334\234\256\3334"
 3289      B13FBBBB 
 3289      03FDDC9C 
 3289      AEDB34
 3290 00d4 DDA6E736 		.ascii	"\335\246\3476}\024j\211\347\010K\221\335\020MH6H\355"
 3290      7D146A89 
 3290      E7084B91 
 3290      DD104D48 
 3290      3648ED
 3291 00e7 E1E2B3DF 		.ascii	"\341\342\263\337\276?\364\232\235r\315I#X\261\273\251"
 3291      BE3FF49A 
 3291      9D72CD49 
 3291      2358B1BB 
 3291      A9
 3292 00f8 577FA8C6 		.ascii	"W\177\250\306N\275\336\276\361\203NsJ\365#d\243\242"
 3292      4EBDDEBE 
 3292      F1834E73 
 3292      4AF52364 
 3292      A3A2
 3293 010a 6C39BDAA 		.ascii	"l9\275\252\002t\012\341\350\2443\211N\011\032\035\375"
 3293      02740AE1 
 3293      E8A43389 
 3293      4E091A1D 
 3293      FD
 3294 011b EC251C3D 		.ascii	"\354%\034=\355\250\211\016\211\234\311d;\303u\214~\016"
 3294      EDA8890E 
 3294      899CC964 
 3294      3BC3758C 
ARM GAS  C:\Users\PUBLIC~1.LAP\AppData\Local\Temp\ccurW8Og.s 			page 88


 3294      7E0E
 3295 012d B175F2B1 		.ascii	"\261u\362\261\341^O\005 \2253\016\224?F/*\275\320O;"
 3295      E15E4F05 
 3295      2095330E 
 3295      943F462F 
 3295      2ABDD04F 
 3296 0142 05A2F243 		.ascii	"\005\242\362CR\254f\015'\262\2519\3468fN\273\253b\343"
 3296      52AC660D 
 3296      27B2A939 
 3296      E638664E 
 3296      BBAB62E3 
 3297 0156 3736F83E 		.ascii	"76\370>\257~\301\346e0\356\265\322\000,\204b\223\311"
 3297      AF7EC1E6 
 3297      6530EEB5 
 3297      D2002C84 
 3297      6293C9
 3298 0169 AF1D55A4 		.ascii	"\257\035U\244t\236\" \001\016W\257\227\217\345\012\305"
 3298      749E2220 
 3298      010E57AF 
 3298      978FE50A 
 3298      C5
 3299 017a 10F4582F 		.ascii	"\020\364X/0\030P\246\345\200Ft\271` \027s\2574\370\276"
 3299      301850A6 
 3299      E5804674 
 3299      B9602017 
 3299      73AF34F8 
 3300 018f 95EF5B59 		.ascii	"\225\357[Y\025\340\014\256^\242\014\213\003+\004=\320"
 3300      15E00CAE 
 3300      5EA20C8B 
 3300      032B043D 
 3300      D0
 3301 01a0 F5F24497 		.ascii	"\365\362D\227\367\232\361Z*\2640\264\302\010.*(\014"
 3301      F79AF15A 
 3301      2AB430B4 
 3301      C2082E2A 
 3301      280C
 3302 01b2 686258A2 		.ascii	"hbX\242KM\010k\301\\\370NN\\\036H@!c\337\226\366t4\345"
 3302      4B4D086B 
 3302      C15CF84E 
 3302      4E5C1E48 
 3302      402163DF 
 3303 01cb 448CC6FC 		.ascii	"D\214\306\374\222F\351\016\000Cv\3672\"\223\236\322"
 3303      9246E90E 
 3303      004376F7 
 3303      3222939E 
 3303      D2
 3304 01dc 262060A2 		.ascii	"& `\242b\225<l\0236\302K\035B\231\351x\303\370\232?"
 3304      62953C6C 
 3304      1336C24B 
 3304      1D4299E9 
 3304      78C3F89A 
 3305 01f1 DAD8621C 		.ascii	"\332\330b\034\342\341\214\035\222+:q|D\242+\265\000"
 3305      E2E18C1D 
 3305      922B3A71 
 3305      7C44A22B 
 3305      B500
 3306 0203 4643D3AC 		.ascii	"FC\323\254`qt\210W\243x\274\266[)[\345\241gd\365\004"
ARM GAS  C:\Users\PUBLIC~1.LAP\AppData\Local\Temp\ccurW8Og.s 			page 89


 3306      60717488 
 3306      57A378BC 
 3306      B65B295B 
 3306      E5A16764 
 3307 0219 B3CC5679 		.ascii	"\263\314Vy\333\203\365\306\341P!\341`\355\267\025\020"
 3307      DB83F5C6 
 3307      E15021E1 
 3307      60EDB715 
 3307      10
 3308 022a E9802CC1 		.ascii	"\351\200,\301}\377\313mj\015\031"
 3308      7DFFCB6D 
 3308      6A0D19
 3309              		.text
 3310              		.section	.gnu.lto_chEvtGetAndClearEvents.2954.840cf08d,"e",%progbits
 3311 0000 28B52FFD 		.ascii	"(\265/\375`\346\002%\025\000Fe\213J\3000\2511zF\350"
 3311      60E60225 
 3311      15004665 
 3311      8B4AC030 
 3311      A9317A46 
 3312 0015 D661CCA2 		.ascii	"\326a\314\242\305\006\370bd\031\252\276<\270\231\340"
 3312      C506F862 
 3312      6419AABE 
 3312      3CB899E0 
 3313 0025 D5B6D438 		.ascii	"\325\266\3248AH\260=8\372gng\263\340\301\332\020\305"
 3313      4148B03D 
 3313      38FA676E 
 3313      67B3E0C1 
 3313      DA10C5
 3314 0038 7AD8C2CD 		.ascii	"z\330\302\315B\222\333Fs6\346\256\374\032\365\010\256"
 3314      4292DB46 
 3314      7336E6AE 
 3314      FC1AF508 
 3314      AE
 3315 0049 FB190FD9 		.ascii	"\373\031\017\331X\207\021\020\252f\271\333\336)\005"
 3315      58871110 
 3315      AA66B9DB 
 3315      DE2905
 3316 0058 6D007300 		.ascii	"m\000s\000}\000?}(\032\373\366\263\264k\374\242o\037"
 3316      7D003F7D 
 3316      281AFBF6 
 3316      B3B46BFC 
 3316      A26F1F
 3317 006b 41283631 		.ascii	"A(61X\263\351\320\261\303e\243\353^\243\202\237\246"
 3317      58B3E9D0 
 3317      B1C365A3 
 3317      EB5EA382 
 3317      9FA6
 3318 007d F0B183E2 		.ascii	"\360\261\203\342\362NA\333\356%\316`q\2571\304%\265"
 3318      F24E41DB 
 3318      EE25CE60 
 3318      71AF31C4 
 3318      25B5
 3319 008f 9FB67D14 		.ascii	"\237\266}\024g\252q0B\016m*\013\007N\330\275F\024\367"
 3319      67AA7130 
 3319      420E6D2A 
 3319      0B074ED8 
 3319      BD4614F7 
ARM GAS  C:\Users\PUBLIC~1.LAP\AppData\Local\Temp\ccurW8Og.s 			page 90


 3320 00a3 00B39FB2 		.ascii	"\000\263\237\262\003\230\3754\221\036|\031\364_\274"
 3320      0398FD34 
 3320      911E7C19 
 3320      F45FBC
 3321 00b2 EC440AAC 		.ascii	"\354D\012\254\036 \233\2274\007\367^\227=@A\267y\333"
 3321      1E209B97 
 3321      3407F75E 
 3321      973D4041 
 3321      B779DB
 3322 00c5 06ECE7EC 		.ascii	"\006\354\347\354R'\303\246\030K\306\177\310h(TLj%?D"
 3322      5227C3A6 
 3322      184BC67F 
 3322      C8682854 
 3322      4C6A253F 
 3323 00da 04C34729 		.ascii	"\004\303G)\331!v,0\344-\305l\343Mi\216\260/\273\246"
 3323      D921762C 
 3323      30E42DC5 
 3323      6CE34D69 
 3323      8EB02FBB 
 3324 00ef 08FBC45B 		.ascii	"\010\373\304[v\247\277\244y\034\233\272\240\020\224"
 3324      76A7BFA4 
 3324      791C9BBA 
 3324      A01094
 3325 00fe 30DE9FB1 		.ascii	"0\336\237\261\033W\306\331\302\304\211\277}\237\352"
 3325      1B57C6D9 
 3325      C2C489BF 
 3325      7D9FEA
 3326 010d 56BF5799 		.ascii	"V\277W\231\366u\374\311\360\243g5n\222\332?\371c\310"
 3326      F675FCC9 
 3326      F0A36735 
 3326      6E92DA3F 
 3326      F963C8
 3327 0120 21D5CFBE 		.ascii	"!\325\317\276\224}3\315\243L\243\221\363\243\341F\317"
 3327      947D33CD 
 3327      A34CA391 
 3327      F3A3E146 
 3327      CF
 3328 0131 5E4C250D 		.ascii	"^L%\015\201\1772I\216\260{\357-\353\217\205q\321\211"
 3328      817F3249 
 3328      8EB07BEF 
 3328      2DEB8F85 
 3328      71D189
 3329 0144 88B43080 		.ascii	"\210\2640\2000b\024\336\226\231%GBS\350\027\237\200"
 3329      306214DE 
 3329      96992547 
 3329      4253E817 
 3329      9F80
 3330 0156 87C30A24 		.ascii	"\207\303\012$\253\333\256>T\005e\035\237\204\212I\002"
 3330      ABDBAE3E 
 3330      5405651D 
 3330      9F848A49 
 3330      02
 3331 0167 2E90205B 		.ascii	".\220 [Ed\201\242%\344\200-#\252\177\250\210\310G)9"
 3331      456481A2 
 3331      25E4802D 
 3331      23AA7FA8 
 3331      88C84729 
ARM GAS  C:\Users\PUBLIC~1.LAP\AppData\Local\Temp\ccurW8Og.s 			page 91


 3332 017c 26334F3C 		.ascii	"&3O<NX\212\371V\226\246\215aW\276Gfv\034\341\230\327"
 3332      4E588AF9 
 3332      5696A68D 
 3332      6157BE47 
 3332      66761CE1 
 3333 0192 5C3978BC 		.ascii	"\\9x\274\004h\201\221\320\372\362Q\362\272\012\3336"
 3333      04688191 
 3333      D0FAF251 
 3333      F2BA0ADB 
 3333      36
 3334 01a3 5E4DA70C 		.ascii	"^M\247\014q\340g\351\301\267Al\3121_\352\266\253b\324"
 3334      71E067E9 
 3334      C1B7416C 
 3334      CA315FEA 
 3334      B6AB62D4 
 3335 01b7 0FE28A29 		.ascii	"\017\342\212)fq*\260\307\333\251;\232Y\334\013\333\312"
 3335      66712AB0 
 3335      C7DBA93B 
 3335      9A59DC0B 
 3335      DBCA
 3336 01c9 A435AFB9 		.ascii	"\2445\257\2714\275\340\322\262\355N\005U{\274\024\224"
 3336      34BDE0D2 
 3336      B2ED4E05 
 3336      557BBC14 
 3336      94
 3337 01da 45856525 		.ascii	"E\205e%\005\365mP%x\315\251=^\272\246\350J\210\311\314"
 3337      05F56D50 
 3337      2578CDA9 
 3337      3D5EBAA6 
 3337      E84A88C9 
 3338 01ef 4A850768 		.ascii	"J\205\007h\353\353\361d\320\030\336n\307K\033x\315\265"
 3338      EBEBF164 
 3338      D018DE6E 
 3338      C74B1B78 
 3338      CDB5
 3339 0201 C0764D51 		.ascii	"\300vMQ\365\345\007\223\306\260$\273\373\204D\247;\321"
 3339      F5E50793 
 3339      C6B024BB 
 3339      FB8444A7 
 3339      3BD1
 3340 0213 E94E721E 		.ascii	"\351Nr\0363\247\271\326\027\243\316\250k\212\246\275"
 3340      33A7B9D6 
 3340      17A3CEA8 
 3340      6B8AA6BD 
 3341 0223 16F5F5D0 		.ascii	"\026\365\365\320\226\207\262L`-\260kJ\213\311\310\002"
 3341      9687B24C 
 3341      602DB06B 
 3341      4A8BC9C8 
 3341      02
 3342 0234 999DEA6B 		.ascii	"\231\235\352k\001\0064 \220\242\272\262\016\223\306"
 3342      01063420 
 3342      90A2BAB2 
 3342      0E93C6
 3343 0243 D8287D00 		.ascii	"\330(}\000\301\230\200\322\275\304\027\024\344\215\220"
 3343      C19880D2 
 3343      BDC41714 
 3343      E48D90
ARM GAS  C:\Users\PUBLIC~1.LAP\AppData\Local\Temp\ccurW8Og.s 			page 92


 3344 0252 51815BB6 		.ascii	"Q\201[\266-F0+l\331u\030\3731B8\012\303\010e\203\374"
 3344      2D46302B 
 3344      6CD97518 
 3344      FB314238 
 3344      0AC30865 
 3345 0268 6170DDCD 		.ascii	"ap\335\315\215\240\021\266c\302q\260\316\355\304s\313"
 3345      8DA011B6 
 3345      63C271B0 
 3345      CEEDC473 
 3345      CB
 3346 0279 19C90EF1 		.ascii	"\031\311\016\361U\216\275\356\301\0358\233\363CP\026"
 3346      558EBDEE 
 3346      C11D389B 
 3346      F3435016 
 3347 0289 3A34231B 		.ascii	":4#\033\236\233\267!'N\254\014\3308$Q$Q\020\311\262"
 3347      9E9BB721 
 3347      274EAC0C 
 3347      D8382451 
 3347      245110C9 
 3348 029e 879AC961 		.ascii	"\207\232\311a ?\247\024H\357\3737\267\251]d"
 3348      203FA714 
 3348      48EFFB37 
 3348      B7A95D64 
 3349              		.text
 3350              		.section	.gnu.lto_chEvtAddEvents.2955.840cf08d,"e",%progbits
 3351 0000 28B52FFD 		.ascii	"(\265/\375`\353\002U\025\000\226\345\214J\240RVc\220"
 3351      60EB0255 
 3351      150096E5 
 3351      8C4AA052 
 3351      566390
 3352 0013 1371ED49 		.ascii	"\023q\355Ii\2017\322\263\335\024\371\256Y\023U\233j"
 3352      698137D2 
 3352      B3DD14F9 
 3352      AE591355 
 3352      9B6A
 3353 0025 521C3140 		.ascii	"R\0341@\012;(\363'Bo\011\237&IQ\355\037\377\355\267"
 3353      0A3B28F3 
 3353      27426F09 
 3353      9F264951 
 3353      ED1FFFED 
 3354 003a BBD92797 		.ascii	"\273\331'\227&iD>\264\217\3706\372\337l\024\0359l\210"
 3354      2669443E 
 3354      B48FF836 
 3354      FADF6C14 
 3354      1D396C88 
 3355 004e 0F027DE0 		.ascii	"\017\002}\340h\232\330-S\012o\000u\000\177\000\327\366"
 3355      689AD82D 
 3355      530A6F00 
 3355      75007F00 
 3355      D7F6
 3356 0060 98FFE2C6 		.ascii	"\230\377\342\306\266=fm\034?i\233\310\326\212\215$\322"
 3356      B63D666D 
 3356      1C3F699B 
 3356      C8D68A8D 
 3356      24D2
 3357 0072 724000E0 		.ascii	"r@\000\340\2405b\307\275J\005\217\231\202\310\325\212"
 3357      A03562C7 
ARM GAS  C:\Users\PUBLIC~1.LAP\AppData\Local\Temp\ccurW8Og.s 			page 93


 3357      BD4A058F 
 3357      9982C8D5 
 3357      8A
 3358 0083 ED9388AE 		.ascii	"\355\223\210\256\335\213\254!u\257\222\304)\264\307"
 3358      DD8BAC21 
 3358      75AF92C4 
 3358      29B4C7
 3359 0092 6CFB2E7E 		.ascii	"l\373.~\30411\302\316\254\211*\306\322\307\275J\364"
 3359      C43131C2 
 3359      CEAC892A 
 3359      C6D2C7BD 
 3359      4AF4
 3360 00a4 F601B2C7 		.ascii	"\366\001\262\307`\027 {\3544q\342-\321\177\362\260\026"
 3360      6017207B 
 3360      EC3471E2 
 3360      2DD17FF2 
 3360      B016
 3361 00b6 CC1C3D3F 		.ascii	"\314\034=?9\2673\007\367^\333\236\037\240\373\274\355"
 3361      39B73307 
 3361      F75EDB9E 
 3361      1FA0FBBC 
 3361      ED
 3362 00c7 03F64F6C 		.ascii	"\003\366Ol\313\023\027\301<\032u\\!)\177\241\"c\020"
 3362      CB1317C1 
 3362      3C1A755C 
 3362      21297FA1 
 3362      226310
 3363 00da 57B3AA79 		.ascii	"W\263\252y\241\241\033>X\315\000R\237Jf]\373e+u\354"
 3363      A1A11B3E 
 3363      58CD0052 
 3363      9F4A665D 
 3363      FB652B75 
 3364 00ef 49C23EEC 		.ascii	"I\302>\354\236G\366\2217\354I\277\235\205\320\370!\025"
 3364      9E47F691 
 3364      37EC49BF 
 3364      9D85D0F8 
 3364      2115
 3365 0101 85724279 		.ascii	"\205rBy?\004\001rq\304\246X\034\371\333\367\227\207"
 3365      3F040172 
 3365      71C4A658 
 3365      1CF9DBF7 
 3365      9787
 3366 0113 12FEC933 		.ascii	"\022\376\3113/'c\206;Y\306C\347\270^\3116\005\223q)"
 3366      2F276386 
 3366      3B59C643 
 3366      E7B85EC9 
 3366      36059371 
 3367 0128 B4CF64DB 		.ascii	"\264\317d\333|\363%\317\266v\2146WZf\243\351h\034^\311"
 3367      7CF325CF 
 3367      B6768C36 
 3367      575A66A3 
 3367      E9681C5E 
 3368 013d 2854C77B 		.ascii	"(T\307{\0034=5\0103\334\011y31\272\222\022\030\006\020"
 3368      03343D35 
 3368      0833DC09 
 3368      793331BA 
 3368      92121806 
ARM GAS  C:\Users\PUBLIC~1.LAP\AppData\Local\Temp\ccurW8Og.s 			page 94


 3369 0152 4C94C5DB 		.ascii	"L\224\305\333\2603\305\250x\026\375\344\023\254\350"
 3369      B033C5A8 
 3369      7816FDE4 
 3369      13ACE8
 3370 0161 004305D4 		.ascii	"\000C\005\324k\314\020O@2\234\224\202\270\232\005\250"
 3370      6BCC104F 
 3370      40329C94 
 3370      82B89A05 
 3370      A8
 3371 0172 B246AC92 		.ascii	"\262F\254\222Y\006\210\220\262D\254\212\226\277\020"
 3371      59068890 
 3371      B244AC8A 
 3371      96BF10
 3372 0181 D1900F56 		.ascii	"\321\220\017Vs\006\354<\362\267\242\375\262\315\332"
 3372      7306EC3C 
 3372      F2B7A2FD 
 3372      B2CDDA
 3373 0190 D3C6D0B3 		.ascii	"\323\306\320\263\357\201\2359\243\015\347\265\026\012"
 3373      EF819D39 
 3373      A30DE7B5 
 3373      160A
 3374 019e 0F5D04AA 		.ascii	"\017]\004\252z\224\250\362\362\301\352z\224\355\332"
 3374      7A94A8F2 
 3374      F2C1EA7A 
 3374      94EDDA
 3375 01ad 8FC6638F 		.ascii	"\217\306c\217\020<f\207|{$\307\006\361\231^c&\227\036"
 3375      103C6687 
 3375      7C7B24C7 
 3375      06F1995E 
 3375      6326971E 
 3376 01c1 E6DDD421 		.ascii	"\346\335\324!\360\327S{3\363n2\274\225&\245y\207K\323"
 3376      F0D7537B 
 3376      33F36E32 
 3376      BC9526A5 
 3376      79874BD3 
 3377 01d5 0B312B6F 		.ascii	"\0131+o\355\265\240*\360\307\202\276\264\274\270\260"
 3377      EDB5A02A 
 3377      F0C782BE 
 3377      B4BCB8B0 
 3378 01e5 A0410DAA 		.ascii	"\240A\015\252\004\357p*\360\227\356R\324\205D\245\306"
 3378      04EF702A 
 3378      F097EE52 
 3378      D48544A5 
 3378      C6
 3379 01f6 A5C20374 		.ascii	"\245\302\003t\015\002\1774\250\357\327\353\375\322\006"
 3379      0D027F34 
 3379      A8EFD7EB 
 3379      FDD206
 3380 0205 DEE1D6E1 		.ascii	"\336\341\326\341\272KQUF8\223\372x'\301\032\325F\365"
 3380      BA4B5155 
 3380      463893FA 
 3380      7827C11A 
 3380      D546F5
 3381 0218 C99C3BD1 		.ascii	"\311\234;\321\351r:]\016\027\"s\212[\203>\265F\335\245"
 3381      E9723A5D 
 3381      0E172273 
 3381      8A5B833E 
ARM GAS  C:\Users\PUBLIC~1.LAP\AppData\Local\Temp\ccurW8Og.s 			page 95


 3381      B546DDA5 
 3382 022c 680A5CD1 		.ascii	"h\012\\\321 \020]\177\350\313\004\236\005\336\216\005"
 3382      20105D7F 
 3382      E8CB049E 
 3382      05DE8E05 
 3383 023c 46C56441 		.ascii	"F\305dA4 \220\242\272\262\016\223\306\330(}\000\301"
 3383      342090A2 
 3383      BAB20E93 
 3383      C6D8287D 
 3383      00C1
 3384 024e 9880D2BD 		.ascii	"\230\200\322\275\304\027\031$\030\241\240\002\241l1"
 3384      C4171924 
 3384      18A1A002 
 3384      A16C31
 3385 025d 86312B80 		.ascii	"\2061+\2002\351\\\2662\214 \224\3030e#\377ap\335\315"
 3385      32E95CB6 
 3385      328C2094 
 3385      C3306523 
 3385      FF6170DD 
 3386 0272 8DA011B6 		.ascii	"\215\240\021\266c\302q\260\316\355\304s\313\031\311"
 3386      63C271B0 
 3386      CEEDC473 
 3386      CB19C9
 3387 0281 0EF1558E 		.ascii	"\016\361U\216\275\356\301\0358\233\363CP\026:4#\033"
 3387      BDEEC11D 
 3387      389BF343 
 3387      50163A34 
 3387      231B
 3388 0293 9E9BB721 		.ascii	"\236\233\267!'N\254\014\3308$Q$Q\020\311\262\207\232"
 3388      274EAC0C 
 3388      D8382451 
 3388      245110C9 
 3388      B2879A
 3389 02a6 C961203F 		.ascii	"\311a ?\247\024H\357\3737\267\251]d"
 3389      A71448EF 
 3389      FB37B7A9 
 3389      5D64
 3390              		.text
 3391              		.section	.gnu.lto_chEvtGetAndClearFlagsI.2956.840cf08d,"e",%progbits
 3392 0000 28B52FFD 		.ascii	"(\265/\375`\021\001e\015\000\006\327XF\340\2228\035"
 3392      60110165 
 3392      0D0006D7 
 3392      5846E092 
 3392      381D
 3393 0012 1382EA0E 		.ascii	"\023\202\352\016\306r\354\250\317\271\200aH\352\272"
 3393      C672ECA8 
 3393      CFB98061 
 3393      48EABA
 3394 0021 A49CE103 		.ascii	"\244\234\341\003\012^\306\305q\270\206\375\235OL\323"
 3394      0A5EC6C5 
 3394      71B886FD 
 3394      9D4F4CD3 
 3395 0031 EE62FC5D 		.ascii	"\356b\374]\020\214\324\362\205\027F\326\323\234\"\202"
 3395      108CD4F2 
 3395      851746D6 
 3395      D39C2282 
 3396 0041 C516B005 		.ascii	"\305\026\260\005\277\301U\234\367\273\016\034\344\332"
ARM GAS  C:\Users\PUBLIC~1.LAP\AppData\Local\Temp\ccurW8Og.s 			page 96


 3396      BFC1559C 
 3396      F7BB0E1C 
 3396      E4DA
 3397 004f A811B953 		.ascii	"\250\021\271S\012@\000C\000G\0002\273d\002/\330\236"
 3397      0A400043 
 3397      00470032 
 3397      BB64022F 
 3397      D89E
 3398 0061 D9F65D97 		.ascii	"\331\366]\227\201\342\020B\210M\015\036=@\004\331%9"
 3398      81E21042 
 3398      884D0D1E 
 3398      3D4004D9 
 3398      2539
 3399 0073 D00968CF 		.ascii	"\320\011h\317\260w\264g\332\342\341g\350\377\345\230"
 3399      B077B467 
 3399      DAE2E167 
 3399      E8FFE598 
 3400 0083 CC0D1DAD 		.ascii	"\314\015\035\255\024\326\347\246\301\356z\266RN\334"
 3400      14D6E7A6 
 3400      C1EE7AB6 
 3400      524EDC
 3401 0092 7ADB066C 		.ascii	"z\333\006l\217\330'\021SY\354c\253+\266\2475\235\306"
 3401      8FD82711 
 3401      5359EC63 
 3401      AB2BB6A7 
 3401      359DC6
 3402 00a5 3EBAFC73 		.ascii	">\272\374s\003\300\245\202&B\216\335\022ChvG\206\343"
 3402      03C0A582 
 3402      26428EDD 
 3402      12436876 
 3402      4786E3
 3403 00b8 C5C7DF46 		.ascii	"\305\307\337F\361_\034\340\303\322\331c\270\261LpZ#"
 3403      F15F1CE0 
 3403      C3D2D963 
 3403      B8B14C70 
 3403      5A23
 3404 00ca 6CFCD825 		.ascii	"l\374\330%\021<\263\204\217J7\347]N,\262;\372\0103F"
 3404      113CB384 
 3404      8F4A37E7 
 3404      5D4E2CB2 
 3404      3BFA0833 
 3405 00df 84CA8759 		.ascii	"\204\312\207Yc\033|\314\206\251g\006\306U\356\017h4"
 3405      631B7CCC 
 3405      86A96706 
 3405      C655EE0F 
 3405      6834
 3406 00f1 94D302E4 		.ascii	"\224\323\002\344\257\030\245\352\307\223X\21069\031"
 3406      AF18A5EA 
 3406      C7935888 
 3406      363919
 3407 0100 6EBB5BF2 		.ascii	"n\273[\362gx\340\300iq\361\314?Q\00130\342\254q\007"
 3407      6778E0C0 
 3407      6971F1CC 
 3407      3F510133 
 3407      30E2AC71 
 3408 0115 46596085 		.ascii	"FY`\205\347\225\342/\024\345N!6\311\012\340\005Oe!s"
 3408      E795E22F 
ARM GAS  C:\Users\PUBLIC~1.LAP\AppData\Local\Temp\ccurW8Og.s 			page 97


 3408      14E54E21 
 3408      36C90AE0 
 3408      054F6521 
 3409 012a 47F2BCCE 		.ascii	"G\362\274\316\363\272\320\000\022\325\247>\205\300U"
 3409      F3BAD000 
 3409      12D5A73E 
 3409      85C055
 3410 0139 866FC387 		.ascii	"\206o\303\207:q\247\022\220[\225p\240\006ndB\252B\012"
 3410      3A71A712 
 3410      905B9570 
 3410      A0066E64 
 3410      42AA420A 
 3411 014d E5C0541A 		.ascii	"\345\300T\032) \301\360\255L\035P&)\025\005O$21x0\""
 3411      2920C1F0 
 3411      AD4C1D50 
 3411      26291505 
 3411      4F243231 
 3412 0164 F7D8EA8A 		.ascii	"\367\330\352\212\246 QEc\252\252i\034\0008s\241\214"
 3412      A6205145 
 3412      63AAAA69 
 3412      1C003873 
 3412      A18C
 3413 0176 69CA1B96 		.ascii	"i\312\033\226k\355\030\203\021Qe\375\324\014\255b@8"
 3413      6BED1883 
 3413      115165FD 
 3413      D40CAD62 
 3413      4038
 3414 0188 609855E4 		.ascii	"`\230U\344\274F\026\"x*b\375-\312\331\004G)l\346\010"
 3414      BC461622 
 3414      782A62FD 
 3414      2DCAD904 
 3414      47296CE6 
 3415 019d 7063A579 		.ascii	"pc\245y\027r@3\265\315lh\214\235\216\"K\324}\3773\267"
 3415      17724033 
 3415      B5CD6C68 
 3415      8C9D8E22 
 3415      4BD47DFF 
 3416 01b3 A99D64   		.ascii	"\251\235d"
 3417              		.text
 3418              		.section	.gnu.lto_chEvtGetAndClearFlags.2957.840cf08d,"e",%progbits
 3419 0000 28B52FFD 		.ascii	"(\265/\375`p\003\305\027\000\206(\230M\220RV:3\263n"
 3419      607003C5 
 3419      17008628 
 3419      984D9052 
 3419      563A33B3 
 3420 0015 CE441840 		.ascii	"\316D\030@\360\357\303\000\263F\352\213(\246\365\210"
 3420      F0EFC300 
 3420      B346EA8B 
 3420      28A6F588 
 3421 0025 771AFD38 		.ascii	"w\032\3758\"n\000\031x$\355%\341\265\372\335L\362\347"
 3421      226E0019 
 3421      7824ED25 
 3421      E1B5FADD 
 3421      4CF2E7
 3422 0038 1EEE473E 		.ascii	"\036\356G>\021\031\200F\000\034\350\300\001\215\021"
 3422      11198046 
 3422      001CE8C0 
ARM GAS  C:\Users\PUBLIC~1.LAP\AppData\Local\Temp\ccurW8Og.s 			page 98


 3422      018D11
 3423 0047 20485B63 		.ascii	" H[c\236)3\314\000\002\375\006@\003\373\033\011\"[\246"
 3423      9E2933CC 
 3423      0002FD06 
 3423      4003FB1B 
 3423      09225BA6 
 3424 005b 79007E00 		.ascii	"y\000~\000\212\000FF\014\255\274\202\347Q\316\231\326"
 3424      8A004646 
 3424      0CADBC82 
 3424      E751CE99 
 3424      D6
 3425 006c E9BB85F0 		.ascii	"\351\273\205\360\247u\212\177\233w\3624\333\215\334"
 3425      A7758A7F 
 3425      9B77F234 
 3425      DB8DDC
 3426 007b 8F1CCA6E 		.ascii	"\217\034\312n@\324vt\272z\344\274\034\351\364,\266\250"
 3426      40D47674 
 3426      BA7AE4BC 
 3426      1CE9F42C 
 3426      B6A8
 3427 008d 1CC68D54 		.ascii	"\034\306\215T\363Y\316H\036P9/I\276@\326\351\377\367"
 3427      F359CE48 
 3427      1E50392F 
 3427      49BE40D6 
 3427      E9FFF7
 3428 00a0 8A3EB2F9 		.ascii	"\212>\262\3710BNlI\207\027\023W\316\313\365\326!j\247"
 3428      30424E6C 
 3428      49871713 
 3428      57CECBF5 
 3428      D6216AA7 
 3429 00b4 B006513B 		.ascii	"\260\006Q;ES\364\260\361\360\335\311\206A\325\260\332"
 3429      4553F4B0 
 3429      F1F0DDC9 
 3429      8641D5B0 
 3429      DA
 3430 00c5 E9B9691C 		.ascii	"\351\271i\034s\220s>\336\351\361\351\243\375\337\300"
 3430      7390733E 
 3430      DEE9F1E9 
 3430      A3FDDFC0 
 3431 00d5 DFEB8FD6 		.ascii	"\337\353\217\326\002\370\371V\352\331S2\251{\304\323"
 3431      02F8F956 
 3431      EAD95332 
 3431      A97BC4D3 
 3432 00e5 91316975 		.ascii	"\2211iu\\v\027\207\214?WN*g\027\203p\360\034\235^M\021"
 3432      5C761787 
 3432      8C3F574E 
 3432      2A671783 
 3432      70F01C9D 
 3433 00fc 10AE96DA 		.ascii	"\020\256\226\332jf\334\365/q0z\342oXFM\374\307W\033"
 3433      6A66DCF5 
 3433      2F71307A 
 3433      E26F5846 
 3433      4DFCC757 
 3434 0111 D987CDF0 		.ascii	"\331\207\315\360\321F\352\306\263\220&\026>d\020 Z\346"
 3434      D146EAC6 
 3434      B3902616 
 3434      3E641020 
ARM GAS  C:\Users\PUBLIC~1.LAP\AppData\Local\Temp\ccurW8Og.s 			page 99


 3434      5AE6
 3435 0123 0F4FAF9C 		.ascii	"\017O\257\234#\235\241\242\221\335\177\277\231\332\351"
 3435      239DA1A2 
 3435      91DD7FBF 
 3435      99DAE9
 3436 0132 EDA6C7B4 		.ascii	"\355\246\307\264\230@\276f^\335\3021\272\320\312\343"
 3436      9840BE66 
 3436      5EDDC231 
 3436      BAD0CAE3 
 3437 0142 660923D3 		.ascii	"f\011#\323\373\267\322O\273\260\223\036\333\221\003"
 3437      FBB7D24F 
 3437      BBB0931E 
 3437      DB9103
 3438 0151 34D3CBAB 		.ascii	"4\323\313\2536\226\002%%.\014 \230,\211}\025\275\021"
 3438      36960225 
 3438      252E0C20 
 3438      982C897D 
 3438      15BD11
 3439 0164 51E26128 		.ascii	"Q\342a(\212\252(fr\000\302\301_\377\333\226\222\241"
 3439      8AAA2866 
 3439      7200C2C1 
 3439      5FFFDB96 
 3439      92A1
 3440 0176 A86DC443 		.ascii	"\250m\304C\207(\"\247\236=\211h\362\221b*\177\256\006"
 3440      872822A7 
 3440      9E3D8968 
 3440      F291622A 
 3440      7FAE06
 3441 0189 D0E8AA64 		.ascii	"\320\350\252d\001\241cS@\325P\027\205\202x\216\316\251"
 3441      01A16353 
 3441      40D55017 
 3441      8582788E 
 3441      CEA9
 3442 019b 104D046A 		.ascii	"\020M\004j\014\264V\2445\325\003C\033\331'$\210\217"
 3442      0CB456A4 
 3442      35D50343 
 3442      1BD92724 
 3442      888F
 3443 01ad 69184359 		.ascii	"i\030CY\316\031\345\375B\203[+2\252Q;\205\241\000\260"
 3443      CE19E5FD 
 3443      42835B2B 
 3443      32AA513B 
 3443      85A100B0 
 3444 01c1 9444FC75 		.ascii	"\224D\374u\254\247N\226\215\352\007\012*-\236cV\273"
 3444      ACA74E96 
 3444      8DEA070A 
 3444      2A2D9E63 
 3444      56BB
 3445 01d3 F83FB320 		.ascii	"\370?\263 \333\200\207\016t\212\213\357_\344&wo\255"
 3445      DB80870E 
 3445      748A8BEF 
 3445      5FE42677 
 3445      6FAD
 3446 01e5 10E8EBB5 		.ascii	"\020\350\353\265\275\330\335\033\214\373\376X\331w8"
 3446      BDD8DD1B 
 3446      8CFBFE58 
 3446      D97738
ARM GAS  C:\Users\PUBLIC~1.LAP\AppData\Local\Temp\ccurW8Og.s 			page 100


 3447 01f4 968D7979 		.ascii	"\226\215yy\335\267\247\262\266@_\312\332\242\322\262"
 3447      DDB7A7B2 
 3447      B6405FCA 
 3447      DAA2D2B2 
 3448 0204 92B20633 		.ascii	"\222\262\0063\264,\337\341Z\240\217\335\261\353\012"
 3448      B42CDFE1 
 3448      5AA08FDD 
 3448      B1EB0A
 3449 0213 090ACDCA 		.ascii	"\011\012\315\312\204\007\353\033\004\372~\253\214\257"
 3449      8407EB1B 
 3449      04FA7EAB 
 3449      8CAF
 3450 0221 D7F3B10D 		.ascii	"\327\363\261\015\276\303\275\302w\307\256-\314\014\217"
 3450      BEC3BDC2 
 3450      77C7AE2D 
 3450      CC0C8F
 3451 0230 95714FDE 		.ascii	"\225qO\336\030\035\257B\372\334\211N\227\323\351r\270"
 3451      181DAF42 
 3451      FADC894E 
 3451      97D3E972 
 3451      B8
 3452 0241 003F5E8B 		.ascii	"\000?^\213\236\305\275A\231\226\246\335\261+\013|\327"
 3452      9EC5BD41 
 3452      9996A6DD 
 3452      B12B0B7C 
 3452      D7
 3453 0252 20707D7D 		.ascii	" p}}k\213\004\227\202\273KqA1I\360\353\265A\027\341"
 3453      6B8B0497 
 3453      82BB4B71 
 3453      413149F0 
 3453      EBB54117 
 3454 0267 6EC6E5BD 		.ascii	"n\306\345\275\350\002A\250A4I\221!s&\220`$\220\222\266"
 3454      E80241A8 
 3454      41344991 
 3454      21732690 
 3454      60249092 
 3455 027c 38A0A2B1 		.ascii	"8\240\242\261\252\036\022\340\224M\351\245\272\260\374"
 3455      AA1E12E0 
 3455      944DE9A5 
 3455      BAB0FC
 3456 028b EF6A3193 		.ascii	"\357j1\223\212\032h\000\2019\201\255\177\341HU\016\307"
 3456      8A1A6800 
 3456      813981AD 
 3456      7FE14855 
 3456      0EC7
 3457 029d D915CE62 		.ascii	"\331\025\316b\237/\340\376\313{\262\276\277x\221\250"
 3457      9F2FE0FE 
 3457      CB7BB2BE 
 3457      BF7891A8 
 3458 02ad 58D44775 		.ascii	"X\324Gu\206N\336D\330 \247\330]u\313K\352\350\226`\273"
 3458      864EDE44 
 3458      D820A7D8 
 3458      5D75CB4B 
 3458      EAE89660 
 3459 02c2 6EB427FD 		.ascii	"n\264'\375\213~\375f\377\236\202\0131\3448\014\"\256"
 3459      8B7EFD66 
 3459      FF9E820B 
ARM GAS  C:\Users\PUBLIC~1.LAP\AppData\Local\Temp\ccurW8Og.s 			page 101


 3459      31E4380C 
 3459      22AE
 3460 02d4 BB80781C 		.ascii	"\273\200x\0340\311\365\034\341\262y\321\012\260/\033"
 3460      30C9F51C 
 3460      E1B279D1 
 3460      0AB02F1B 
 3461 02e4 9E053698 		.ascii	"\236\0056\230\200x\207\201\023_h\"dK.\342l\013C\222"
 3461      80788781 
 3461      135F6822 
 3461      644B2EE2 
 3461      6C0B4392 
 3462 02f8 3AAF933F 		.ascii	":\257\223?\374\267j\242S*"
 3462      FCB76AA2 
 3462      532A
 3463              		.text
 3464              		.section	.gnu.lto_chEvtSignalI.2958.840cf08d,"e",%progbits
 3465 0000 28B52FFD 		.ascii	"(\265/\375`\212\002\275\023\000V\243\177I\260\324Q:"
 3465      608A02BD 
 3465      130056A3 
 3465      7F49B0D4 
 3465      513A
 3466 0012 78106639 		.ascii	"x\020f9\370\361\030\372\365\222\351\326)*|\373q1\350"
 3466      F8F118FA 
 3466      F592E9D6 
 3466      292A7CFB 
 3466      7131E8
 3467 0025 5D751399 		.ascii	"]u\023\231\264UF\0008R\225xF?\\\253Z\022\024P\275Q6"
 3467      B4554600 
 3467      38529578 
 3467      463F5CAB 
 3467      5A121450 
 3468 003c E46ABBCF 		.ascii	"\344j\273\317\027~\264\243\240\254t\\o\177Q\367{zS\357"
 3468      177EB4A3 
 3468      A0AC745C 
 3468      6F7F51F7 
 3468      7B7A53EF 
 3469 0050 3608217B 		.ascii	"6\010!{K)Sg\000a\000r\000\212t\323$\236\237t+\355rt"
 3469      4B295367 
 3469      00610072 
 3469      008A74D3 
 3469      249E9F74 
 3470 0068 F714BC81 		.ascii	"\367\024\274\201\250SES@\235R\005\200:\177\373\251\264"
 3470      A8534553 
 3470      409D5205 
 3470      803A7FFB 
 3470      A9B4
 3471 007a 47A1A576 		.ascii	"G\241\245v\000%\351\356\027\253\320\233\206\340\224"
 3471      0025E9EE 
 3471      17ABD09B 
 3471      86E094
 3472 0089 BCB7ABEE 		.ascii	"\274\267\253\356\364$7\366h(\232Pp\342X#\210\225*\335"
 3472      F42437F6 
 3472      68289A50 
 3472      70E25823 
 3472      88952ADD 
 3473 009d CD1A432C 		.ascii	"\315\032C,K\004D>\204PF \231\362\243h\210\356tE\214"
 3473      4B04443E 
ARM GAS  C:\Users\PUBLIC~1.LAP\AppData\Local\Temp\ccurW8Og.s 			page 102


 3473      84504620 
 3473      99F2A368 
 3473      88EE7445 
 3474 00b2 3FBBE183 		.ascii	"?\273\341\203\356\376\346\306\022zQ\377\177\370\037"
 3474      EEFEE6C6 
 3474      127A51FF 
 3474      7FF81F
 3475 00c1 F3AF2EF3 		.ascii	"\363\257.\363\312\003\352d^\037\317g\233\334\365\024"
 3475      CA03EA64 
 3475      5E1FCF67 
 3475      9BDCF514 
 3476 00d1 75409B7A 		.ascii	"u@\233z\270\232xD\365V\375\275\236e\243_\371\367\373"
 3476      B89A7844 
 3476      F556FDBD 
 3476      9E65A35F 
 3476      F9F7FB
 3477 00e4 FDCE45BF 		.ascii	"\375\316E\277*\251\266x\317\342\375\212\367\"\357C\271"
 3477      2AA9B678 
 3477      CFE2FD8A 
 3477      F722EF43 
 3477      B9
 3478 00f5 9FBC97BC 		.ascii	"\237\274\227\274gMR]\224\004L\012\204H\367\210\337\222"
 3478      674D525D 
 3478      94044C0A 
 3478      8448F788 
 3478      DF92
 3479 0107 869A3A5A 		.ascii	"\206\232:Z\374\327_y\267\237\365\273\206^vu\247ds\222"
 3479      FCD75F79 
 3479      B79FF5BB 
 3479      865E7675 
 3479      A7647392 
 3480 011b 20EA74E5 		.ascii	" \352t\345^t\365\305\325E\254\0336V\034J=\235\004/\005"
 3480      5E74F5C5 
 3480      D545AC1B 
 3480      36561C4A 
 3480      3D9D042F 
 3481 0130 8AC9B2E9 		.ascii	"\212\311\262\351\204\034U\031\301!\325\006\212lA\027"
 3481      841C5519 
 3481      C121D506 
 3481      8A6C4117 
 3482 0140 64892A64 		.ascii	"d\211*d\311\"/\023\334\211\2312\331\014\034}\203\326"
 3482      C9222F13 
 3482      DC899932 
 3482      D90C1C7D 
 3482      83D6
 3483 0152 A0D15960 		.ascii	"\240\321Y`*\344P\312\011I\225E\216\010\212\331h\245"
 3483      2AE450CA 
 3483      09499545 
 3483      8E088AD9 
 3483      68A5
 3484 0164 38E06402 		.ascii	"8\340d\002K>\240U\362\337Fe\340L\006\340\343i\023\222"
 3484      4B3EA055 
 3484      F2DF4665 
 3484      E04C06E0 
 3484      E3691392 
 3485 0178 28C93176 		.ascii	"(\3111vJsGZ\314,yg\340\204~\266\311\177\232\366lbw\273"
 3485      4A73475A 
ARM GAS  C:\Users\PUBLIC~1.LAP\AppData\Local\Temp\ccurW8Og.s 			page 103


 3485      CC2C7967 
 3485      E0847EB6 
 3485      C97F9AF6 
 3486 0190 5C6178D0 		.ascii	"\\ax\320\021Wh\264Z\215lG\006\036\206\001\014\006\003"
 3486      115768B4 
 3486      5A8D6C47 
 3486      061E8601 
 3486      0C0603
 3487 01a3 83C1AC0C 		.ascii	"\203\301\254\014\270\251\355c+\264Z\215lG6\023{\305"
 3487      B8A9ED63 
 3487      2BB45A8D 
 3487      6C473613 
 3487      7BC5
 3488 01b5 7268AF5A 		.ascii	"rh\257Z\316\213f\363\212\2310\3130\233\201 \343\322"
 3488      CE8B66F3 
 3488      8A9930CB 
 3488      309B8120 
 3488      E3D2
 3489 01c7 B2E08646 		.ascii	"\262\340\206FV\223\3510\2433\343\200\001\306\302\"\343"
 3489      5693E930 
 3489      A333E380 
 3489      01C6C222 
 3489      E3
 3490 01d8 20424BAF 		.ascii	" BK\257\225\213*\214P>\354#\273\273\303\000\273\374"
 3490      958B2A8C 
 3490      503EEC23 
 3490      BBBBC300 
 3490      BBFC
 3491 01ea C764ABB9 		.ascii	"\307d\253\271K\356\267\370\032n\333 \\\257\273Yv\253"
 3491      4BEEB7F8 
 3491      1A6EDB20 
 3491      5CAFBB59 
 3491      76AB
 3492 01fc 82868668 		.ascii	"\202\206\206h\200\274\342\013\272\"K\276\025K\0166 "
 3492      80BCE20B 
 3492      BA224BBE 
 3492      154B0E36 
 3492      20
 3493 020d B0029931 		.ascii	"\260\002\2311\363'\262p\304\342u\006\354\212[iCBaP\037"
 3493      F327B270 
 3493      C4E27506 
 3493      EC8A5B69 
 3493      43426150 
 3494 0222 3A4CFC40 		.ascii	":L\374@=\214!V}\214\366\354\304\000\231\300\027\374"
 3494      3D8C2156 
 3494      7D8CF6EC 
 3494      C40099C0 
 3494      17FC
 3495 0234 A8481108 		.ascii	"\250H\021\010\024& V\247\2548\015z\3030\005&\316\012"
 3495      14262056 
 3495      A7AC380D 
 3495      7AC33005 
 3495      26CE0A
 3496 0247 CDAED08C 		.ascii	"\315\256\320\214\377R\0338\370k[65\264eq\323\240\323"
 3496      FF521B38 
 3496      F86B5B36 
 3496      35B46571 
ARM GAS  C:\Users\PUBLIC~1.LAP\AppData\Local\Temp\ccurW8Og.s 			page 104


 3496      D3A0D3
 3497 025a 8DCBF204 		.ascii	"\215\313\362\004\261\027\225\370\030\243\353\233\033"
 3497      B11795F8 
 3497      18A3EB9B 
 3497      1B
 3498 0267 E76C3501 		.ascii	"\347l5\001##\034\233;%N\306\003\225\203\303)\331\271"
 3498      23231C9B 
 3498      3B254EC6 
 3498      039583C3 
 3498      29D9B9
 3499 027a F623B159 		.ascii	"\366#\261Y\301\202\002"
 3499      C18202
 3500              		.text
 3501              		.section	.gnu.lto_chEvtSignal.2959.840cf08d,"e",%progbits
 3502 0000 28B52FFD 		.ascii	"(\265/\375`\352\002\225\024\000\226#\205J\3000\2511"
 3502      60EA0295 
 3502      14009623 
 3502      854AC030 
 3502      A931
 3503 0012 58E098F9 		.ascii	"X\340\230\371\307\011\006\020{\035\226\204\217\356\335"
 3503      C7090610 
 3503      7B1D9684 
 3503      8FEEDD
 3504 0021 3D02329A 		.ascii	"=\0022\232\2069\376A[\273C&9\212<\327Ylx0\033E\273%"
 3504      8639FE41 
 3504      5BBB4326 
 3504      398A3CD7 
 3504      596C7830 
 3505 0039 CA166E16 		.ascii	"\312\026n\026\222\3346\352x\010f\232C7\243\307\\\354"
 3505      92DC36EA 
 3505      7808669A 
 3505      4337A3C7 
 3505      5CEC
 3506 004b 17287703 		.ascii	"\027(w\003\212p\"ls\353-S\012g\000p\000w\000D?\014G"
 3506      8A70226C 
 3506      73EB2D53 
 3506      0A670070 
 3506      00770044 
 3507 0062 B2C98DA2 		.ascii	"\262\311\215\242{\357\307G\037\005\317\376\370h?l\232"
 3507      7BEFC747 
 3507      1F05CFFE 
 3507      F8683F6C 
 3507      9A
 3508 0073 148A0D6A 		.ascii	"\024\212\015j\250\272\311>\322T\240\334\332/\272Q\357"
 3508      A8BAC93E 
 3508      D254A0DC 
 3508      DA2FBA51 
 3508      EF
 3509 0084 471B3CBB 		.ascii	"G\033<\2737\030\204\272w(b\023\331\307\332i\260\217"
 3509      371884BA 
 3509      77286213 
 3509      D9C7DA69 
 3509      B08F
 3510 0096 1E1700FB 		.ascii	"\036\027\000\373\350\236\235\365\241\204;\303\006\007"
 3510      E89E9DF5 
 3510      A1843BC3 
 3510      0607
ARM GAS  C:\Users\PUBLIC~1.LAP\AppData\Local\Temp\ccurW8Og.s 			page 105


 3511 00a4 1DF75E52 		.ascii	"\035\367^R,\361\336m\317\277\360\263\234\035\232\333"
 3511      2CF1DE6D 
 3511      CFBFF0B3 
 3511      9C1D9ADB 
 3512 00b4 58837BAF 		.ascii	"X\203{\257m\316\016\317-\336\266\001\373\244m=\004W"
 3512      6DCE0ECF 
 3512      2DDEB601 
 3512      FBA46D3D 
 3512      0457
 3513 00c6 FAEC4998 		.ascii	"\372\354I\230\364\207x*\372\011\255\200\303\337\027"
 3513      F487782A 
 3513      FA09AD80 
 3513      C3DF17
 3514 00d5 F4EBB9DA 		.ascii	"\364\353\271\332\232\332\272\357'\206\016p\013$\210"
 3514      9ADABAEF 
 3514      27860E70 
 3514      0B2488
 3515 00e4 15721746 		.ascii	"\025r\027FX\327z\331C\033+\216\260\357qE!\373\301_\374"
 3515      58D77AD9 
 3515      431B2B8E 
 3515      B0EF7145 
 3515      21FBC15F 
 3516 00f9 D16F65B4 		.ascii	"\321oe\264.\243\0270\022\014\015\357\207\257\035W\306"
 3516      2EA31730 
 3516      120C0DEF 
 3516      87AF1D57 
 3516      C6
 3517 010a 1875C2F6 		.ascii	"\030u\302\366\375\245;\255or\214\213\311G=\223a]6D\027"
 3517      FDA53BAD 
 3517      6F728C8B 
 3517      C9473D93 
 3517      615D3644 
 3518 011f 8E64EB25 		.ascii	"\216d\353%\342\267\264\332W\342=\311\261\0327>2\037"
 3518      E2B7B4DA 
 3518      57E23DC9 
 3518      B11A373E 
 3518      321F
 3519 0131 1A569522 		.ascii	"\032V\225\"-'$\012r\251\271k\341\2352(\214\013nd\244"
 3519      2D27240A 
 3519      72A9B96B 
 3519      E19D3228 
 3519      8C0B6E64 
 3520 0146 65C10392 		.ascii	"e\301\003\222a\315E!\023Y88j\304\032\373,\206\234>{"
 3520      61CD4521 
 3520      13593838 
 3520      6AC41AFB 
 3520      2C869C3E 
 3521 015b 02D1C423 		.ascii	"\002\321\304#\305\204\324sU\240\305\251\204\007\200"
 3521      C584D473 
 3521      55A0C5A9 
 3521      840780
 3522 016a 80582054 		.ascii	"\200X TAK\277\017\350'*\200\265K\323F\274\006\201\002"
 3522      414BBF0F 
 3522      E8272A80 
 3522      B54BD346 
 3522      BC068102 
 3523 017e 6045D18A 		.ascii	"`E\321\2126j\301>\307\265\033\361\372\302{\320\260\302"
ARM GAS  C:\Users\PUBLIC~1.LAP\AppData\Local\Temp\ccurW8Og.s 			page 106


 3523      366AC13E 
 3523      C7B51BF1 
 3523      FAC27BD0 
 3523      B0C2
 3524 0190 D1223095 		.ascii	"\321\"0\225\203\304\024\227\016P\353+l\317RY\007\033"
 3524      83C41497 
 3524      0E50EB2B 
 3524      6CCF5259 
 3524      071B
 3525 01a2 84E0A3F5 		.ascii	"\204\340\243\365\371v\010\215\375rFk&O\247\246f\032"
 3525      F976088D 
 3525      FD72466B 
 3525      264FA7A6 
 3525      661A
 3526 01b4 335A7B41 		.ascii	"3Z{A\327\\)\363i+\313\012.+\272\246+\244\251SUH\226"
 3526      D75C29F3 
 3526      692BCB0A 
 3526      2E2BBAA6 
 3526      2BA4A953 
 3527 01cb 15969B0A 		.ascii	"\025\226\233\012\271\313`B\360i3ujy\226\344M\344d\346"
 3527      B9CB6042 
 3527      F0693375 
 3527      6A7996E4 
 3527      4DE464E6 
 3528 01df 36C101B9 		.ascii	"6\301\001\271\356tj\216\214Q\323T-\031\370\264\255\274"
 3528      EE746A8E 
 3528      8C51D354 
 3528      2D19F8B4 
 3528      ADBC
 3529 01f1 F52C49F3 		.ascii	"\365,I\363E\006\246\214AK`N)\301\341Rp\270\024\333\200"
 3529      4506A68C 
 3529      414B604E 
 3529      29C1E152 
 3529      70B814DB 
 3530 0206 DCCEBAB4 		.ascii	"\334\316\272\264\255\273\030s\306<K\262\324\255\344"
 3530      ADBB1873 
 3530      C63C4BB2 
 3530      D4ADE4
 3531 0215 4E47AE2A 		.ascii	"NG\256*\311\022\001\245\200\236*\0019 \260\002\231\243"
 3531      C91201A5 
 3531      809E2A01 
 3531      3920B002 
 3531      99A3
 3532 0227 F393C6D8 		.ascii	"\363\223\306\330\020}\200`L\320\322\275\343\253\012"
 3532      107D8060 
 3532      4CD0D2BD 
 3532      E3AB0A
 3533 0236 724BECEF 		.ascii	"rK\354\357\013EX\254\226fp\200\237\227?\214\375\034"
 3533      0B4558AC 
 3533      96667080 
 3533      9F973F8C 
 3533      FD1C
 3534 0248 19EEC23A 		.ascii	"\031\356\302:\242j\214^\\k\241\030\303\221v\340(\032"
 3534      A26A8C5E 
 3534      5C6BA118 
 3534      C39176E0 
 3534      281A
ARM GAS  C:\Users\PUBLIC~1.LAP\AppData\Local\Temp\ccurW8Og.s 			page 107


 3535 025a 741357DA 		.ascii	"t\023W\332V\356\222Qp\242\013\276s\263\0217Z\032y\327"
 3535      56EE9251 
 3535      70A20BBE 
 3535      73B31137 
 3535      5A1A79D7 
 3536 026e 6A664962 		.ascii	"jfIb\346m\007]w\035\274\373\360\260\024eP\2103\211\002"
 3536      E66D075D 
 3536      771DBCFB 
 3536      F0B01465 
 3536      50883389 
 3537 0283 1205909C 		.ascii	"\022\005\220\234;8 \360\0119\343l\231\315\250\210\306"
 3537      3B3820F0 
 3537      0939E36C 
 3537      99CDA888 
 3537      C6
 3538 0294 2E186AB1 		.ascii	".\030j\261\341\205\000\311"
 3538      E18500C9 
 3539              		.text
 3540              		.section	.gnu.lto_chEvtBroadcastFlagsI.2960.840cf08d,"e",%progbits
 3541 0000 28B52FFD 		.ascii	"(\265/\375`<\003\245\027\000v\351\226L\240\024R:\226"
 3541      603C03A5 
 3541      170076E9 
 3541      964CA014 
 3541      523A96
 3542 0013 07EBC321 		.ascii	"\007\353\303!L\033\321\336e\033H\031\360C\237\035\355"
 3542      4C1BD1DE 
 3542      651B4819 
 3542      F0439F1D 
 3542      ED
 3543 0024 3009F69E 		.ascii	"0\011\366\236\261\3766\301\301\243\355d\347\206\276"
 3543      B1FE36C1 
 3543      C1A3ED64 
 3543      E786BE
 3544 0033 DFED23A8 		.ascii	"\337\355#\250\007\233n\326\355\251\001n\202\010k\322"
 3544      079B6ED6 
 3544      EDA9016E 
 3544      82086BD2 
 3545 0043 E4E578A5 		.ascii	"\344\345x\245c/?\347\315\300\2764\216\302\277\236O\010"
 3545      632F3FE7 
 3545      CDC0BE34 
 3545      8EC2BF9E 
 3545      4F08
 3546 0055 215BEE24 		.ascii	"![\356$\003\177\000|\000\205\000\034\273\027\312\307"
 3546      037F007C 
 3546      0085001C 
 3546      BB17CAC7 
 3547 0065 8E7B910B 		.ascii	"\216{\221\013\270Az\023\345\266\363\246\275\200\363"
 3547      B8417A13 
 3547      E5B6F3A6 
 3547      BD80F3
 3548 0074 260399B9 		.ascii	"&\003\231\271\216\234p\265jH\031\271\367\336\332\004"
 3548      8E9C70B5 
 3548      6A4819B9 
 3548      F7DEDA04 
 3549 0084 A315F814 		.ascii	"\243\025\370\024=M\333\025\310\257A\250\206\305\236"
 3549      3D4DDB15 
 3549      C8AF41A8 
ARM GAS  C:\Users\PUBLIC~1.LAP\AppData\Local\Temp\ccurW8Og.s 			page 108


 3549      86C59E
 3550 0093 A7161512 		.ascii	"\247\026\025\022\227\256\034:\262.`^V?\276\006\025}"
 3550      97AE1C3A 
 3550      B22E605E 
 3550      563FBE06 
 3550      157D
 3551 00a5 2A0AA0C9 		.ascii	"*\012\240\311\350g\321\315\222\"\010\213r\357\2656\201"
 3551      E867D1CD 
 3551      9222088B 
 3551      72EFB536 
 3551      81
 3552 00b6 57559192 		.ascii	"WU\221\222\342\217\265\021\227\206\262\242\260\366\217"
 3552      E28FB511 
 3552      9786B2A2 
 3552      B0F68F
 3553 00c5 B72C965D 		.ascii	"\267,\226]\303\242\321+\372r\357\345:,\022\235cg\346"
 3553      C3A2D12B 
 3553      FA72EFE5 
 3553      3A2C129D 
 3553      6367E6
 3554 00d8 2266B6C0 		.ascii	"\"f\266\300\3340\001\335Kc\260\"\341\002.\224\007Z\014"
 3554      DC3001DD 
 3554      4B63B022 
 3554      E1022E94 
 3554      075A0C
 3555 00eb 48363D49 		.ascii	"H6=IBy+\0303\262\247v\022\363]\224\300\274\270\221\230"
 3555      42792B18 
 3555      33B2A776 
 3555      12F35D94 
 3555      C0BCB891 
 3556 0100 6B87FA69 		.ascii	"k\207\372i\263?\3752[9fVNme\324V>me\323V\2667\236\037"
 3556      B33FFD32 
 3556      5B396656 
 3556      4E6D65D4 
 3556      563E6D65 
 3557 011a E04E40A2 		.ascii	"\340N@\242B\360\272\356%&9r\263L+\246\033\177\346\377"
 3557      42F0BAEE 
 3557      25263972 
 3557      B34C2BA6 
 3557      1B7FE6FF 
 3558 012e C8321B11 		.ascii	"\3102\033\021\216\331\370K{\206L\202V\010y\335\213T"
 3558      8ED9F84B 
 3558      7B864C82 
 3558      560879DD 
 3558      8B54
 3559 0140 70932BA4 		.ascii	"p\223+\2447\231mB\\\205\332\011\213\220\336<\371\302"
 3559      37996D42 
 3559      5C85DA09 
 3559      8B90DE3C 
 3559      F9C2
 3560 0152 BD32FFC5 		.ascii	"\2752\377\305a\000\377\304\0233\275\205 \3261c\260w"
 3560      6100FFC4 
 3560      1333BD85 
 3560      20D63163 
 3560      B077
 3561 0164 1C3ABD45 		.ascii	"\034:\275E`+\355X'{T&\037\031Wf'\361m\034m\010N)\242"
 3561      602BED58 
ARM GAS  C:\Users\PUBLIC~1.LAP\AppData\Local\Temp\ccurW8Og.s 			page 109


 3561      277B5426 
 3561      1F195766 
 3561      27F16D1C 
 3562 017d B8687D36 		.ascii	"\270h}6\3325\007\320\321\206\3378\333\324\302\372zm"
 3562      DA3507D0 
 3562      D186DF38 
 3562      DBD4C2FA 
 3562      7A6D
 3563 018f 3A211466 		.ascii	":!\024fwNZ\313D-\177\352\027\327$\226\331T\263\017\211"
 3563      774E5ACB 
 3563      442D7FEA 
 3563      17D72496 
 3563      D954B30F 
 3564 01a4 D0DAB6D9 		.ascii	"\320\332\266\331u\012H\204OE\302\3145\237\332\221\372"
 3564      750A4884 
 3564      4F45C2CC 
 3564      359FDA91 
 3564      FA
 3565 01b5 6093FE7A 		.ascii	"`\223\376z\206\242&\217M\305CXl~2\206r\3267\336\244"
 3565      86A2268F 
 3565      4DC54358 
 3565      6C7E3286 
 3565      72D637DE 
 3566 01ca 44903B9C 		.ascii	"D\220;\234\306/\275\367\266\360g\360|%J*n\362y\316\233"
 3566      C62FBDF7 
 3566      B6F067F0 
 3566      7C254A2A 
 3566      6EF279CE 
 3567 01df B33734BB 		.ascii	"\26374\273\366\315\344h4\230\214c\311\345p\271\034."
 3567      F6CDE468 
 3567      34988C63 
 3567      C9E570B9 
 3567      1C2E
 3568 01f1 E5E4C6B7 		.ascii	"\345\344\306\267k\326\245\370r8\354<\354x\272\233\016"
 3568      6BD6A5F8 
 3568      7238EC3C 
 3568      EC78BA9B 
 3568      0E
 3569 0202 C777CBC1 		.ascii	"\307w\313\301\271\371ln\024$\364dz<\230\230\226\025"
 3569      B9F96C6E 
 3569      1424F464 
 3569      7A3C9898 
 3569      9615
 3570 0214 063735BB 		.ascii	"\00675\273\234\230\037O\247G\223!\247\242\022\343\340"
 3570      9C981F4F 
 3570      A7479321 
 3570      A7A212E3 
 3570      E0
 3571 0225 C10AF2BE 		.ascii	"\301\012\362\276\221\370\302\220\254`\007\323N\342\035"
 3571      91F8C290 
 3571      AC6007D3 
 3571      4EE21D
 3572 0234 9690B3D6 		.ascii	"\226\220\263\326\006\256\214u\326\357\241\254\3370?"
 3572      06AE8C75 
 3572      D6EFA1AC 
 3572      DF303F
 3573 0243 FEC411E7 		.ascii	"\376\304\021\347\227\240\275\367^\224\005\303\253~\251"
ARM GAS  C:\Users\PUBLIC~1.LAP\AppData\Local\Temp\ccurW8Og.s 			page 110


 3573      97A0BDF7 
 3573      5E9405C3 
 3573      AB7EA9
 3574 0252 49AD67CB 		.ascii	"I\255g\313\037g\255\306:m\346\234\256~\310(\302\276"
 3574      1F67ADC6 
 3574      3A6DE69C 
 3574      AE7EC828 
 3574      C2BE
 3575 0264 CCBCBB8E 		.ascii	"\314\274\273\216C\25018%\021\203\202\231\221HFha\322"
 3575      43A83138 
 3575      25118382 
 3575      99914846 
 3575      6861D2
 3576 0277 01A00299 		.ascii	"\001\240\002\231!\264\015\021PI\306je\331\0148K\311"
 3576      21B40D11 
 3576      5049C66A 
 3576      65D90C38 
 3576      4BC9
 3577 0289 365D4F19 		.ascii	"6]O\031c\217,fh}u\233u\306\311\016gH\311\323Y \367!"
 3577      638F2C66 
 3577      687D759B 
 3577      75C6C90E 
 3577      6748C9D3 
 3578 02a1 6B34C3C1 		.ascii	"k4\303\301\236&\306W\323\232IL1|9\330{+\222\253\233"
 3578      9E26C657 
 3578      D39A494C 
 3578      317C39D8 
 3578      7B2B92AB 
 3579 02b6 E11DD2A2 		.ascii	"\341\035\322\242\007\342\326Bl^0a\314S\320\017\234\034"
 3579      07E2D642 
 3579      6C5E3061 
 3579      CC53D00F 
 3579      9C1C
 3580 02c8 6AB3BA94 		.ascii	"j\263\272\224\245W\352\355k=+P\236*\371\325\015\350"
 3580      A557EAED 
 3580      6B3D2B50 
 3580      9E2AF9D5 
 3580      0DE8
 3581 02da 6E98DE31 		.ascii	"n\230\3361\201@\352\"\027\256\275\376ml\362\347\354"
 3581      8140EA22 
 3581      17AEBDFE 
 3581      6D6CF2E7 
 3581      EC
 3582 02eb 85549E48 		.ascii	"\205T\236HN\364\311\251\013\021\027\232\361\265\237"
 3582      4EF4C9A9 
 3582      0B11179A 
 3582      F1B59F
 3583 02fa 2670FD01 		.ascii	"&p\375\001"
 3584              		.text
 3585              		.section	.gnu.lto_chEvtBroadcastFlags.2961.840cf08d,"e",%progbits
 3586 0000 28B52FFD 		.ascii	"(\265/\375`\332\002\265\024\000V$\207J\300RRc\300)\035"
 3586      60DA02B5 
 3586      14005624 
 3586      874AC052 
 3586      5263C029 
 3587 0015 2C3FC601 		.ascii	",?\306\001\377\313\035t\200}*\302\325\033\014\207\271"
 3587      FFCB1D74 
ARM GAS  C:\Users\PUBLIC~1.LAP\AppData\Local\Temp\ccurW8Og.s 			page 111


 3587      807D2AC2 
 3587      D51B0C87 
 3587      B9
 3588 0026 7B03C929 		.ascii	"{\003\311)\231\237)\262\011\220gU\332\017T\363v\367"
 3588      999F29B2 
 3588      09906755 
 3588      DA0F54F3 
 3588      76F7
 3589 0038 DFDF1EDD 		.ascii	"\337\337\036\335/\006\004'si\323\261$\212\327\001\254"
 3589      2F060427 
 3589      7369D3B1 
 3589      248AD701 
 3589      AC
 3590 0049 F951AA66 		.ascii	"\371Q\252fg\354\262v\265\225\330&[\246\024j\000o\000"
 3590      67ECB276 
 3590      B595D826 
 3590      5BA6146A 
 3590      006F00
 3591 005c 7B00330F 		.ascii	"{\0003\017\332%CE\221\017\303\223|2%\373\350\247\320"
 3591      DA254345 
 3591      910FC393 
 3591      7C3225FB 
 3591      E8A7D0
 3592 006f D9B28F56 		.ascii	"\331\262\217Vf\203@\325,\222\006\254\025\330G\220\026"
 3592      668340D5 
 3592      2C9206AC 
 3592      15D84790 
 3592      16
 3593 0080 B55BFB46 		.ascii	"\265[\373FG\261\373\021\007\307\356E\032\272\27078b"
 3593      47B1FB11 
 3593      07C7EE45 
 3593      1ABAB837 
 3593      3862
 3594 0092 05B08FB3 		.ascii	"\005\260\217\263\017p}l]\200\353\243wv\216\007%\334"
 3594      0F707D6C 
 3594      5D80EBA3 
 3594      77768E07 
 3594      25DC
 3595 00a4 1B38843E 		.ascii	"\0338\204>\356\275\244(\342\273\333\235\177\340c:<5"
 3595      EEBDA428 
 3595      E2BBDB9D 
 3595      7FE0633A 
 3595      3C35
 3596 00b6 B72F07F7 		.ascii	"\267/\007\367^[\035\236\236[\274m\003\366I\333n\010"
 3596      5E5B1D9E 
 3596      9E5BBC6D 
 3596      03F649DB 
 3596      6E08
 3597 00c8 16A9B159 		.ascii	"\026\251\261Y\376\322cO@\245\377\303\223\221\017X\343"
 3597      FED2634F 
 3597      40A5FFC3 
 3597      93910F58 
 3597      E3
 3598 00d9 17FC7B42 		.ascii	"\027\374{B>\237\250\241\325{@4v~V\207*!u\355\017;hc"
 3598      3E9FA8A1 
 3598      D57B4034 
 3598      767E5687 
ARM GAS  C:\Users\PUBLIC~1.LAP\AppData\Local\Temp\ccurW8Og.s 			page 112


 3598      2A2175ED 
 3599 00f1 4510F65B 		.ascii	"E\020\366[\367\336kq\310>\322/\376\350\2670K\245\003"
 3599      F7DE6B71 
 3599      C83ED22F 
 3599      FEE8B730 
 3599      4BA503
 3600 0104 A737C580 		.ascii	"\2477\305\200(x;da]\033\343\013\022\266\357\013\357"
 3600      28783B64 
 3600      615D1BE3 
 3600      0B12B6EF 
 3600      0BEF
 3601 0116 B4BEC9AF 		.ascii	"\264\276\311\257+\246\037\365Lv\361\260)\272\360$\213"
 3601      2BA61FF5 
 3601      4C76F1B0 
 3601      29BAF024 
 3601      8B
 3602 0127 27783EE1 		.ascii	"'x>\341j\177\311\226Yw%\277\246n~\002\350\211\322rR"
 3602      6A7FC996 
 3602      597725BF 
 3602      A66E7E02 
 3602      E889D272 
 3603 013c 92E0969A 		.ascii	"\222\340\226\232\271\026\3359\203\306\270\330HHZ\026"
 3603      B916DD39 
 3603      83C6B8D8 
 3603      48485A16 
 3604 014c 402809F2 		.ascii	"@(\011\362\336\272\342\320\210\0319;x\"\317>\013\"\247"
 3604      DEBAE2D0 
 3604      8819393B 
 3604      7822CF3E 
 3604      0B22A7
 3605 015f C79E3C34 		.ascii	"\307\236<4\365\300`J\362\211\212!%\002\224:\020\364"
 3605      F5C0604A 
 3605      F2898A21 
 3605      2502943A 
 3605      10F4
 3606 0171 932A0025 		.ascii	"\223*\000%$\374{A@;?\253\020\243\000\326.M\033\361:"
 3606      24FC7B41 
 3606      403B3FAB 
 3606      10A300D6 
 3606      2E4D1BF1 
 3607 0186 C404002B 		.ascii	"\304\004\000+\212V\264Q\013\366:\236\335\210\327\007"
 3607      8A56B451 
 3607      0BF63A9E 
 3607      DD88D707 
 3608 0196 BE4535CC 		.ascii	"\276E5\314\251\"0\354\021bx\265\363\253\372\012\333"
 3608      A92230EC 
 3608      116278B5 
 3608      F3ABFA0A 
 3608      DB
 3609 01a7 B1148663 		.ascii	"\261\024\206c\205\020|\264=\337\001Fg\246\016\247\246"
 3609      85107CB4 
 3609      3DDF0146 
 3609      67A60EA7 
 3609      A6
 3610 01b8 66FA323A 		.ascii	"f\3722:{A\327[\011\363I+K\030\227\025]\323\024\322\304"
 3610      7B41D75B 
 3610      09F3492B 
ARM GAS  C:\Users\PUBLIC~1.LAP\AppData\Local\Temp\ccurW8Og.s 			page 113


 3610      4B189715 
 3610      5DD314D2 
 3611 01cd A928244B 		.ascii	"\251($K\012\213\012\012\231\313`\256\370\244\2318\265"
 3611      0A8B0A0A 
 3611      99CB60AE 
 3611      F8A49938 
 3611      B5
 3612 01de 3C4B5265 		.ascii	"<KRe\344\204Fe\302\003r\315\341\324\033)\243\246\251"
 3612      E4844665 
 3612      C20372CD 
 3612      E1D41B29 
 3612      A3A6A9
 3613 01f1 5A36F049 		.ascii	"Z6\360I[u\353Y\222\346\313LL)\203\232\2540\266\230\012"
 3613      5B75EB59 
 3613      92E6CB4C 
 3613      4C29839A 
 3613      AC30B698 
 3614 0206 A36B2636 		.ascii	"\243k&6[\315f\253\321@n\253)\272\244\2559\031\223\306"
 3614      5BCD66AB 
 3614      D1406EAB 
 3614      29BAA4AD 
 3614      391993C6 
 3615 021a 3C4BB2C4 		.ascii	"<K\262\304\255d\016G\256*\311\022\001\245\0205 \240"
 3615      AD640E47 
 3615      AE2AC912 
 3615      01A51035 
 3615      20A0
 3616 022c 0299A373 		.ascii	"\002\231\243s\014\223\306\330\200>\340`LX\351\336\342"
 3616      0C93C6D8 
 3616      803EE060 
 3616      4C58E9DE 
 3616      E2
 3617 023d AB6AB270 		.ascii	"\253j\262p\006(\2245\240\264\310W\370%x\207\331\217"
 3617      06289435 
 3617      A0B4C857 
 3617      F8257887 
 3617      D98F
 3618 024f 91C35958 		.ascii	"\221\303YXFT\031\206\256\201ha\332\235\026\210\3340"
 3618      46541986 
 3618      AE816861 
 3618      DA9D1688 
 3618      DC30
 3619 0261 68344706 		.ascii	"h4G\006N\\i[\271K\206\301\211*\270\312\315Gd\264Gt:"
 3619      4E5C695B 
 3619      B94B86C1 
 3619      892AB8CA 
 3619      CD4764B4 
 3620 0278 19962261 		.ascii	"\031\226\"a\326\301\233;p \360!\341\"\341B\020\"3\324"
 3620      D6C19B3B 
 3620      7020F021 
 3620      E122E142 
 3620      102233D4 
 3621 028c 849C388B 		.ascii	"\204\2348\213\333\366\263\315\240x\215]0\324r\303\013"
 3621      DBF6B3CD 
 3621      A0788D5D 
 3621      30D472C3 
 3621      0B
ARM GAS  C:\Users\PUBLIC~1.LAP\AppData\Local\Temp\ccurW8Og.s 			page 114


 3622 029d 219301   		.ascii	"!\223\001"
 3623              		.text
 3624              		.section	.gnu.lto_chEvtDispatch.2962.840cf08d,"e",%progbits
 3625 0000 28B52FFD 		.ascii	"(\265/\375`\376\002u\027\000\006\354\227G\300\030Q:"
 3625      60FE0275 
 3625      170006EC 
 3625      9747C018 
 3625      513A
 3626 0012 A5184183 		.ascii	"\245\030A\203l[\336[N\260\021~9\340\365\227|?\267\275"
 3626      6C5BDE5B 
 3626      4EB0117E 
 3626      39E0F597 
 3626      7C3FB7BD 
 3627 0026 62C630FE 		.ascii	"b\3060\376\262#]3\250\011\036k\037D\004\335\033L0\200"
 3627      B2235D33 
 3627      A8091E6B 
 3627      1F4404DD 
 3627      1B4C3080 
 3628 003a 4380A0A2 		.ascii	"C\200\240\242@\206\340\212\304\207L\223)\031\025\322"
 3628      4086E08A 
 3628      C4874C93 
 3628      291915D2 
 3629 004a 8AF84215 		.ascii	"\212\370B\0255B\010\331R\246\024\200\000}\000\203\000"
 3629      354208D9 
 3629      52A61480 
 3629      007D0083 
 3629      00
 3630 005b DE296773 		.ascii	"\336)gs\265\317\343=`\3671\302\2449iH\222\314y+\340"
 3630      B5CFE33D 
 3630      60F731C2 
 3630      A4396948 
 3630      92CC792B 
 3631 0070 05E1BDD4 		.ascii	"\005\341\275\324\001|\367\344O\337=\303\354)\277I\230"
 3631      017CF7E4 
 3631      4FDF3DC3 
 3631      EC29BF49 
 3631      98
 3632 0081 528C7CB6 		.ascii	"R\214|\266\3149U;\303\340n\267\333]\336\356Oa\007?O"
 3632      CC39553B 
 3632      C3E06EB7 
 3632      DB5DDEEE 
 3632      4F61073F 
 3633 0096 AEC27CDD 		.ascii	"\256\302|\335\242e6\366\034\224\340\317\211\033\245"
 3633      A26536F6 
 3633      1C94E0CF 
 3633      891BA5
 3634 00a5 51261BE4 		.ascii	"Q&\033\344\210\224\334v-1\222\320\317%\307\212{*.K\343"
 3634      8894DC76 
 3634      2D3192D0 
 3634      CF25C78A 
 3634      7B2A2E4B 
 3635 00ba 8F4CCD39 		.ascii	"\217L\3159_F\037\335\333.uT\3212\033W\\\301\2339\247"
 3635      5F461FDD 
 3635      DB2E7554 
 3635      D1321B57 
 3635      5CC19B39 
 3636 00cf 753602DD 		.ascii	"u6\002\335\341m\003\331\256`\357\006V\334n\2110\371"
ARM GAS  C:\Users\PUBLIC~1.LAP\AppData\Local\Temp\ccurW8Og.s 			page 115


 3636      E16D03D9 
 3636      AE60EF06 
 3636      56DC6E89 
 3636      30F9
 3637 00e1 19D7C71D 		.ascii	"\031\327\307\035\035\374^\273)\206\230\033\032\020 "
 3637      1DFC5EBB 
 3637      2986981B 
 3637      1A1020
 3638 00f0 CB715786 		.ascii	"\313qW\206\246\346\354[\217n\220\375\0064rD^\031\366"
 3638      A6E6EC5B 
 3638      8F6E90FD 
 3638      06347244 
 3638      5E19F6
 3639 0103 E953CF5C 		.ascii	"\351S\317\\-\343\251MR]\222\352\230\323~\230\327nR\010"
 3639      2DE3A94D 
 3639      525D92EA 
 3639      98D37E98 
 3639      D76E5208 
 3640 0117 4AF527D5 		.ascii	"J\365'\325\236T\313\373\370\367\264[Q\247\375\020b\242"
 3640      9E54CBFB 
 3640      F8F7B45B 
 3640      51A7FD10 
 3640      62A2
 3641 0129 0391394F 		.ascii	"\003\2219O\354\214\346\023O\011\216\327~\373\267\371"
 3641      EC8CE613 
 3641      4F098ED7 
 3641      7EFBB7F9 
 3642 0139 0595C2C6 		.ascii	"\005\225\302\306\256\361\204=(L2\033EDsN\002\367L!\274"
 3642      AEF1843D 
 3642      284C321B 
 3642      4544734E 
 3642      02F74C21 
 3643 014e 67A36436 		.ascii	"g\243d6J\023q4!|\247\375\220\030\214\333\356\"\324\002"
 3643      4A137134 
 3643      217CA7FD 
 3643      90188CDB 
 3643      EE22D402 
 3644 0162 DC1BD10B 		.ascii	"\334\033\321\013\225\264\236Y\233b\370\354\264?\304"
 3644      95B49E59 
 3644      9B62F8EC 
 3644      B43FC4
 3645 0171 C287B086 		.ascii	"\302\207\260\206?\342\2737\263/\341BT\235M\273+\263"
 3645      3FE2BB37 
 3645      B32FE142 
 3645      549D4DBB 
 3645      2BB3
 3646 0183 8FEDB871 		.ascii	"\217\355\270q\237\\\323\376(\246c\205T\014iJ\324\234"
 3646      9F5CD3FE 
 3646      28A66385 
 3646      540C694A 
 3646      D49C
 3647 0195 4B1BAEEE 		.ascii	"K\033\256\356\261\310X\304li\325\210\314\205x \217Y"
 3647      B1C858C4 
 3647      6C69D588 
 3647      CC857820 
 3647      8F59
 3648 01a7 5D123312 		.ascii	"]\0223\022\0004\264B\243w(T\202\024\221\033\344\323"
ARM GAS  C:\Users\PUBLIC~1.LAP\AppData\Local\Temp\ccurW8Og.s 			page 116


 3648      0034B442 
 3648      A3772854 
 3648      8214911B 
 3648      E4D3
 3649 01b9 7CDF6210 		.ascii	"|\337b\0202\305G\213\374\323|\336~{\031\013\271\341"
 3649      32C5478B 
 3649      FCD37CDE 
 3649      7E7B190B 
 3649      B9E1
 3650 01cb 7A2BA3C4 		.ascii	"z+\243\304t$Tg\322\312\325&2\235\250\272\031\\\254\375"
 3650      74245467 
 3650      D2CAD526 
 3650      329DA8BA 
 3650      195CACFD 
 3651 01df 5CA360B5 		.ascii	"\\\243`\265\252Y\255j\014\240^:,\015\0318\254Z\241s"
 3651      AA59AD6A 
 3651      0CA05E3A 
 3651      2C0D1938 
 3651      AC5AA173 
 3652 01f3 0CBC7638 		.ascii	"\014\274v8\260B\260Z9\252\034\235\227jGG\365\352\240"
 3652      B042B05A 
 3652      39AA1C9D 
 3652      976A4747 
 3652      F5EAA0
 3653 0206 9A10C185 		.ascii	"\232\020\301\205\301\325z\200\303 \001\002\017\033X"
 3653      C1D57A80 
 3653      C3200102 
 3653      0F1B58
 3654 0215 3B383C2D 		.ascii	";8<-\020.\015\027V\007\016\3408\200\220\3406\2772l\341"
 3654      102E0D17 
 3654      56070EE0 
 3654      388090E0 
 3654      36BF326C 
 3655 022a C5137145 		.ascii	"\305\023qEp\203\274\262r\304;\355m\257\340DH\177;ig"
 3655      7083BCB2 
 3655      72C43BED 
 3655      6DAFE044 
 3655      487F3B69 
 3656 023f F6C0B554 		.ascii	"\366\300\265T\230\015w&\342\013\367\301S\340\216B\325"
 3656      980D7726 
 3656      E20BF7C1 
 3656      53E08E42 
 3656      D5
 3657 0250 9C49FBDA 		.ascii	"\234I\373\332}#\347\234\363\333\240\260\310\012\014"
 3657      7D23E79C 
 3657      F3DBA0B0 
 3657      C80A0C
 3658 025f A90BEECC 		.ascii	"\251\013\356\314>\355kO\211\347\371H\033; @\002\242"
 3658      3EED6B4F 
 3658      89E7F948 
 3658      1B3B2040 
 3658      02A2
 3659 0271 D45979E6 		.ascii	"\324Yy\346\341\033\275PlXm\222\261\312\326\245\237\216"
 3659      E11BBD50 
 3659      6C586D92 
 3659      B1CAD6A5 
 3659      9F8E
ARM GAS  C:\Users\PUBLIC~1.LAP\AppData\Local\Temp\ccurW8Og.s 			page 117


 3660 0283 46771401 		.ascii	"Fw\024\001*\310w\2131\337\331B\337\306\243\314H\260"
 3660      2AC8778B 
 3660      31DFD942 
 3660      DFC6A3CC 
 3660      48B0
 3661 0295 5317EB5D 		.ascii	"S\027\353]\257\262V\260\240\002\334\233\031\226\355"
 3661      AFB256B0 
 3661      A002DC9B 
 3661      1996ED
 3662 02a4 DBA42C5C 		.ascii	"\333\244,\\\211\320a\344\241`k\026\325\033\022\353\311"
 3662      89D061E4 
 3662      A1606B16 
 3662      D51B12EB 
 3662      C9
 3663 02b5 84E69434 		.ascii	"\204\346\2244\2530\035\354J\3328\264G\341\312\207\025"
 3663      AB301DEC 
 3663      4ADA38B4 
 3663      47E1CA87 
 3663      15
 3664 02c6 1AB5196A 		.ascii	"\032\265\031j\0169 RL\211\266\334\334\272\036\266\031"
 3664      0E392052 
 3664      4C89B6DC 
 3664      DCBA1EB6 
 3664      19
 3665 02d7 5A01F905 		.ascii	"Z\001\371\005\373\305\331P2P\315+.rJp-\315\"\253\246"
 3665      FBC5D950 
 3665      3250CD2B 
 3665      2E724A70 
 3665      2DCD22AB 
 3666 02ec F9DC62D3 		.ascii	"\371\334b\323R:,\355\233\004\363\004"
 3666      523A2CED 
 3666      9B04F304 
 3667              		.text
 3668              		.section	.gnu.lto_chEvtWaitOne.2963.840cf08d,"e",%progbits
 3669 0000 28B52FFD 		.ascii	"(\265/\375`\272\005\215!\000\226\271\320Ep\336Qc\363"
 3669      60BA058D 
 3669      210096B9 
 3669      D04570DE 
 3669      5163F3
 3670 0013 D071927E 		.ascii	"\320q\222~V\007\347f)\244MJ\277\263\363\340^\313\340"
 3670      5607E766 
 3670      29A44D4A 
 3670      BFB3F3E0 
 3670      5ECBE0
 3671 0026 0A54D4C1 		.ascii	"\012T\324\301\340\177,0\232\012*\370_\326\006\323\320"
 3671      E07F2C30 
 3671      9A0A2AF8 
 3671      5FD606D3 
 3671      D0
 3672 0037 2C6F839C 		.ascii	",o\203\234\001on\034\312\324\376'\026\243!@2|:\344\311"
 3672      016F6E1C 
 3672      CAD4FE27 
 3672      16A32140 
 3672      327C3AE4 
 3673 004c CA40DB6D 		.ascii	"\312@\333m\245L)\263\000\265\000\277\000\025\272F\311"
 3673      A54C29B3 
 3673      00B500BF 
ARM GAS  C:\Users\PUBLIC~1.LAP\AppData\Local\Temp\ccurW8Og.s 			page 118


 3673      0015BA46 
 3673      C9
 3674 005d AC72B43F 		.ascii	"\254r\264?f\367\030\352b\316\265\241\"\344\351S\214"
 3674      66F718EA 
 3674      62CEB5A1 
 3674      22E4E953 
 3674      8C
 3675 006e 7333E5B5 		.ascii	"s3\345\265\005\343MWH\323u\357\355y\352K\201\262{\236"
 3675      05E34D57 
 3675      48D375EF 
 3675      ED79EA4B 
 3675      81B27B9E 
 3676 0082 5A5B86FF 		.ascii	"Z[\206\377\3650\367\374\200\001\213j\302L\322=\3751"
 3676      F530F7FC 
 3676      80018B6A 
 3676      C24CD23D 
 3676      FD31
 3677 0094 73C16626 		.ascii	"s\301f&uR:zUk\276\332\356m:x\352\021?f\027\\\357\225"
 3677      75523A7A 
 3677      556BBEDA 
 3677      EE6D3A78 
 3677      EA113F66 
 3678 00ac 34CFBDCC 		.ascii	"4\317\275\3143\264{\233C\246\240{j\333\217\362.\031"
 3678      33B47B9B 
 3678      43A6A07B 
 3678      6ADB8FF2 
 3678      2E19
 3679 00be 4E769891 		.ascii	"Nv\230\221\023\373Bf,\316\275M\237\320\201pOo\377\301"
 3679      13FB4266 
 3679      2CCEBD4D 
 3679      9FD08170 
 3679      4F6FFFC1 
 3680 00d2 3DB5479E 		.ascii	"=\265G\236\374\315\326\244\377\260\337\236\324\371\262"
 3680      FCCDD6A4 
 3680      FFB0DF9E 
 3680      D4F9B2
 3681 00e1 BC92FA0D 		.ascii	"\274\222\372\015\353\366\326\240M\313\233\000WT7\240"
 3681      EBF6D6A0 
 3681      4DCB9B00 
 3681      575437A0 
 3682 00f1 1C4C960F 		.ascii	"\034L\226\017{\275q5UkN\303\275\327uy\265\343No\373"
 3682      7BBD7135 
 3682      556B4EC3 
 3682      BDD77579 
 3682      B5E34E6F 
 3683 0106 837DA27D 		.ascii	"\203}\242}\203\023X\316S\366\3654\373\203\224u\025\201"
 3683      831358CE 
 3683      53F6F534 
 3683      FB839475 
 3683      1581
 3684 0118 02753A79 		.ascii	"\002u:y\226\375Y\\[XQ\250\332\263\264\326\254\330\240"
 3684      96FD595C 
 3684      5B5851A8 
 3684      DAB3B4D6 
 3684      ACD8A0
 3685 012b 08EC3CE7 		.ascii	"\010\354<\347\354\354\301\376\260\203\310\302\264\321"
 3685      ECECC1FE 
ARM GAS  C:\Users\PUBLIC~1.LAP\AppData\Local\Temp\ccurW8Og.s 			page 119


 3685      B083C8C2 
 3685      B4D1
 3686 0139 A624F3D2 		.ascii	"\246$\363\322\265D\221\371w4\240\356\336[t\366,A\177"
 3686      B54491F9 
 3686      7734A0EE 
 3686      DE5B74F6 
 3686      2C417F
 3687 014c C953AF18 		.ascii	"\311S\257\030\326/\207\270\247;\013@\011\230\262\332"
 3687      D62F87B8 
 3687      A73B0B40 
 3687      0998B2DA 
 3688 015c F1C9CE93 		.ascii	"\361\311\316\223\006\375V\332\332\226\033\350\327\242"
 3688      06FD56DA 
 3688      DA961BE8 
 3688      D7A2
 3689 016a CF5BE5D8 		.ascii	"\317[\345\330\315\251j\213\330\277]K\304\366\351\361"
 3689      CDA96A8B 
 3689      D8BF5D4B 
 3689      C4F6E9F1 
 3690 017a EEF5F7D4 		.ascii	"\356\365\367\324\352\335\231wnW\215\333U\247\273\352"
 3690      EADD9977 
 3690      6E578DDB 
 3690      55A7BBEA 
 3691 018a DBAEDAEE 		.ascii	"\333\256\332\356\252\353\256\372\002\202\324D\231s\036"
 3691      AAEBAEFA 
 3691      0282D444 
 3691      99731E
 3692 0199 2069DE1C 		.ascii	" i\336\034w\350\3342\351\226&g\376\366\375+\307\342"
 3692      77E8DC32 
 3692      E9962667 
 3692      FEF6FD2B 
 3692      C7E2
 3693 01ab E266CEA5 		.ascii	"\342f\316\245\231A|\231qc\304\212\3168W\\T9\331\361"
 3693      99417C99 
 3693      7163C48A 
 3693      CE38575C 
 3693      5439D9F1 
 3694 01bf 4D074F05 		.ascii	"M\007O\005\027\363\265\000\210\223 1\\\317\002\242e"
 3694      17F3B500 
 3694      88932031 
 3694      5CCF02A2 
 3694      65
 3695 01d0 C586B3F6 		.ascii	"\305\206\263\366\211?\223\274/S{\2638[\317\370\330\324"
 3695      893F93BC 
 3695      2F537BB3 
 3695      385BCFF8 
 3695      D8D4
 3696 01e2 D63A555A 		.ascii	"\326:UZ\31227\313sr\371\370\330\347\254\265C4\330\360"
 3696      CA3237CB 
 3696      7372F9F8 
 3696      D8E7ACB5 
 3696      4334D8F0 
 3697 01f6 3883E4AC 		.ascii	"8\203\344\254\006\345\255Wm\317bX\253\266\307\006\226"
 3697      06E5AD57 
 3697      6DCF6258 
 3697      ABB6C706 
 3697      96
ARM GAS  C:\Users\PUBLIC~1.LAP\AppData\Local\Temp\ccurW8Og.s 			page 120


 3698 0207 E00781BA 		.ascii	"\340\007\201\272\373\001\234-bD\375\322BT\366\272:}"
 3698      FB019C2D 
 3698      6244FDD2 
 3698      4254F6BA 
 3698      3A7D
 3699 0219 3CAF9D74 		.ascii	"<\257\235t\265d/\211K<\214\011\000h\356\275AJ\266\252"
 3699      B5642F89 
 3699      4B3C8C09 
 3699      0068EEBD 
 3699      414AB6AA 
 3700 022d B3C793C8 		.ascii	"\263\307\223\310iC\263I\034\317\026\020c\243\252Q\337"
 3700      6943B349 
 3700      1CCF1610 
 3700      63A3AA51 
 3700      DF
 3701 023e C98367CF 		.ascii	"\311\203g\317\274P\217\275\345\331\241\252\037S\325"
 3701      BC508FBD 
 3701      E5D9A1AA 
 3701      1F53D5
 3702 024d 8EED134F 		.ascii	"\216\355\023OK\372^X\240\320-\211\302=\275\015\300\266"
 3702      4BFA5E58 
 3702      A0D02D89 
 3702      C23DBD0D 
 3702      C0B6
 3703 025f C68A0D36 		.ascii	"\306\212\0156\003\324\340\030Qkc\305\306\346\\l\363"
 3703      03D4E018 
 3703      516B63C5 
 3703      C6E65C6C 
 3703      F3
 3704 0270 A4D0D1A8 		.ascii	"\244\320\321\250d\030<\255]|[\201T\275\343\007\036\012"
 3704      64183CAD 
 3704      5D7C5B81 
 3704      54BDE307 
 3704      1E0A
 3705 0282 05A18C45 		.ascii	"\005\241\214Eb\220\230\363P\210ixt\002\352,$\002\002"
 3705      629098F3 
 3705      50886978 
 3705      7402EA2C 
 3705      240202
 3706 0295 572C1D87 		.ascii	"W,\035\207G\242\007_\320X<\362%yHB:\362!c\004C0\375"
 3706      47A2075F 
 3706      D0583CF2 
 3706      25794842 
 3706      3AF22163 
 3707 02ad 824621B2 		.ascii	"\202F!\262\202\205DAc\021(\004\372\220\206\212^ \221"
 3707      82854441 
 3707      63112804 
 3707      FA90868A 
 3707      5E2091
 3708 02c0 D8E03B22 		.ascii	"\330\340;\"\215E'_S\221H,\0023XHt\204:\012\201\276 "
 3708      8D45275F 
 3708      5391482C 
 3708      02335848 
 3708      74843A0A 
 3709 02d7 D3530B60 		.ascii	"\323S\013`\323p\202\023\322h|\002\342\210\267\321\204"
 3709      D3708213 
 3709      D2687C02 
ARM GAS  C:\Users\PUBLIC~1.LAP\AppData\Local\Temp\ccurW8Og.s 			page 121


 3709      E288B7D1 
 3709      84
 3710 02e8 DFCFE8F7 		.ascii	"\337\317\350\3673\"\022\2003\220\350\210l\012\276\010"
 3710      33221280 
 3710      3390E888 
 3710      6C0ABE08 
 3711 02f8 0A813EA0 		.ascii	"\012\201>\240\361\350C\032}\307\242/I\304P\305Px\244"
 3711      F1E8431A 
 3711      7DC7A22F 
 3711      49C450C5 
 3711      5078A4
 3712 030b 54242182 		.ascii	"T$!\202\0231\210T\202\022>\015[,\375 @P\262\300ABS\371"
 3712      13318854 
 3712      82123E0D 
 3712      5B2CFD20 
 3712      4050B2C0 
 3713 0323 DBB5447C 		.ascii	"\333\265D| zf{\026(\212\243\362l\316.m\373X\012C\224"
 3713      207A667B 
 3713      16288AA3 
 3713      F26CCE2E 
 3713      6DFB580A 
 3714 0339 56E953AB 		.ascii	"V\351S\253a\346\314\330y\312|\210\355\3402\005\014+"
 3714      61E6CCD8 
 3714      79CA7C88 
 3714      EDE03205 
 3714      0C2B
 3715 034b 0A35D025 		.ascii	"\0125\320%o\250a4&\215R\210(\020\221\221\246 \031\016"
 3715      6FA86134 
 3715      268D5288 
 3715      28109191 
 3715      A620190E 
 3716 035f A022A239 		.ascii	"\240\"\2429\362\022\340\005.J%\0321\267~W\306\223\236"
 3716      F212E005 
 3716      2E4A251A 
 3716      31B77E57 
 3716      C6939E
 3717 0372 1673F0A6 		.ascii	"\026s\360\2460\350\313g\267\262\026\346\240^\034z\266"
 3717      30E8CB67 
 3717      B7B216E6 
 3717      A05E1C7A 
 3717      B6
 3718 0383 69B64D41 		.ascii	"i\266MA\355\272 \204|[vPq\000\245g\027\017<\334'\251"
 3718      EDBA2084 
 3718      7C5B7650 
 3718      7100A567 
 3718      170F3CDC 
 3719 0399 F705078C 		.ascii	"\367\005\007\214zv\010\201\005\260\200L\025\226\341"
 3719      7A760881 
 3719      05B0804C 
 3719      1596E1
 3720 03a8 2E8CA137 		.ascii	".\214\2417y0\032T\021\026$4=\022\020\241@u\036\366\271"
 3720      79301A54 
 3720      11162434 
 3720      3D1210A1 
 3720      40751EF6 
 3721 03bd 710BC963 		.ascii	"q\013\311c \202\364A\277{\314\335Au\016\374\322*\276"
 3721      2082F441 
ARM GAS  C:\Users\PUBLIC~1.LAP\AppData\Local\Temp\ccurW8Og.s 			page 122


 3721      BF7BCCDD 
 3721      41750EFC 
 3721      D22ABE
 3722 03d0 FEEFA718 		.ascii	"\376\357\247\030\365\302\203\277\215{\313\014\254Yd"
 3722      F5C283BF 
 3722      8D7BCB0C 
 3722      AC5964
 3723 03df DAEF13B1 		.ascii	"\332\357\023\261H\275.3\201QP5mR\\\014\276\341\017\205"
 3723      48BD2E33 
 3723      81515035 
 3723      6D525C0C 
 3723      BEE10F85 
 3724 03f3 BD0E42F3 		.ascii	"\275\016B\363\342\345\262\243\325-\276\274\325);\361"
 3724      E2E5B2A3 
 3724      D52DBEBC 
 3724      D5293BF1 
 3725 0403 7F3722C7 		.ascii	"\1777\"\307\341$\005 \216\353\337\266o\271\266po\021"
 3725      E1240520 
 3725      8EEBDFB6 
 3725      6FB9B670 
 3725      6F11
 3726 0415 502A8E84 		.ascii	"P*\216\204\216\250\003\002'\010-\014\326\014\306G\002"
 3726      8EA80302 
 3726      27082D0C 
 3726      D60CC647 
 3726      02
 3727 0426 2D0E3E8B 		.ascii	"-\016>\213d%\2638)\222\2340x\251\262P\346\024BV\003"
 3727      6425B338 
 3727      29929C30 
 3727      78A9B250 
 3727      E6144256 
 3728              		.text
 3729              		.section	.gnu.lto_chEvtWaitAny.2964.840cf08d,"e",%progbits
 3730 0000 28B52FFD 		.ascii	"(\265/\375`\214\005U!\000\306\371\320F\200ZRc\277H2"
 3730      608C0555 
 3730      2100C6F9 
 3730      D046805A 
 3730      5263BF48 
 3731 0015 8943D692 		.ascii	"\211C\326\2222\033\237,\244\377\203\3621\215\203\000"
 3731      321B9F2C 
 3731      A4FF83F2 
 3731      318D8300 
 3732 0025 C27C3839 		.ascii	"\302|89\263|\026\273\373\314\276\206\362Y\024\304\367"
 3732      B37C16BB 
 3732      FBCCBE86 
 3732      F25914C4 
 3732      F7
 3733 0036 5430ADBA 		.ascii	"T0\255\272\203\230M\276:\244\305\233@\372\243}d\243"
 3733      83984DBE 
 3733      3AA4C59B 
 3733      40FAA37D 
 3733      64A3
 3734 0048 0DB7078A 		.ascii	"\015\267\007\212\247E\352n\"eJ\001\262\000\264\000\276"
 3734      A745EA6E 
 3734      22654A01 
 3734      B200B400 
 3734      BE
ARM GAS  C:\Users\PUBLIC~1.LAP\AppData\Local\Temp\ccurW8Og.s 			page 123


 3735 0059 004FB831 		.ascii	"\000O\2701\246\331\321~\231\335\263\323\311\254\263"
 3735      A6D9D17E 
 3735      99DDB3D3 
 3735      C9ACB3
 3736 0068 460A90A6 		.ascii	"F\012\220\246\2179e\023\365\305%\343M\247Yfo\356\275"
 3736      8F396513 
 3736      F5C525E3 
 3736      4DA75966 
 3736      6FEEBD
 3737 007b BDA37E14 		.ascii	"\275\243~\024'\273w\324\3324|\260\213\271\327\323\025"
 3737      27BB77D4 
 3737      DA347CB0 
 3737      8BB9D7D3 
 3737      15
 3738 008c F6B4E4CD 		.ascii	"\366\264\344\315Hw\264\207\211\006\233\231\324A\351"
 3738      4877B487 
 3738      89069B99 
 3738      D441E9
 3739 009b E0994A13 		.ascii	"\340\231J\023\307\355\336\246\204\243>\321\323C\203"
 3739      C7EDDEA6 
 3739      84A33ED1 
 3739      D34383
 3740 00aa EBBF92DE 		.ascii	"\353\277\222\336\335\313\244\262vo\023\310\027tGm\373"
 3740      DDCBA4B2 
 3740      766F13C8 
 3740      1774476D 
 3740      FB
 3741 00bb 4EFE8486 		.ascii	"N\376\204\206\223!j\350\220q\221S\366\346\336\246\357"
 3741      93216AE8 
 3741      90719153 
 3741      F6E6DEA6 
 3741      EF
 3742 00cc E73EE9D1 		.ascii	"\347>\351\321\334{\322\243\266\310\223\317\331\232\364"
 3742      DC7BD2A3 
 3742      B6C893CF 
 3742      D99AF4
 3743 00db 2F761064 		.ascii	"/v\020d7\342\226VP\317]\335\346\"\270Yi\263c%\225\363"
 3743      37E29656 
 3743      50CF5DDD 
 3743      E622B859 
 3743      69B36325 
 3744 00f1 A952B2BC 		.ascii	"\251R\262\274\330k\016\253\250Zu:\334{]\227V;n\364\266"
 3744      D86B0EAB 
 3744      A85A753A 
 3744      DC7B5D97 
 3744      563B6EF4 
 3745 0106 47D827DA 		.ascii	"G\330'\3329\264\337\245\201M\371\177\244=\351j\362\364"
 3745      39B4DFA5 
 3745      814DF97F 
 3745      A43DE96A 
 3745      F2F4
 3746 0118 72A6FD58 		.ascii	"r\246\375XA\270\256\340<\331\216\245\025\206\252\355"
 3746      41B8AEE0 
 3746      3CD98EA5 
 3746      1586AAED 
 3747 0128 B9E0CDE9 		.ascii	"\271\340\315\351fg\037\366\213\235D\2257\034n\3123#"
 3747      66671FF6 
ARM GAS  C:\Users\PUBLIC~1.LAP\AppData\Local\Temp\ccurW8Og.s 			page 124


 3747      8B9D4495 
 3747      371C6ECA 
 3747      3323
 3748 013a DDCAD399 		.ascii	"\335\312\323\231\177_\003\352\356\275BT^%\350'9\352"
 3748      7F5F03EA 
 3748      EEBD4254 
 3748      5E25E827 
 3748      39EA
 3749 014c 17C3FAE5 		.ascii	"\027\303\372\3450=\272\263\001\220\204)+\234\177\366"
 3749      303DBAB3 
 3749      01908429 
 3749      2B9C7FF6 
 3750 015c DD96E7B9 		.ascii	"\335\226\347\271\266\204\341b\363\274\0306\316[\337"
 3750      B684E162 
 3750      F3BC1836 
 3750      CE5BDF
 3751 016b EC6654B5 		.ascii	"\354fT\265]\366s\327\016\261wz\377\372y\265zw\346\235"
 3751      5DF673D7 
 3751      0EB1777A 
 3751      FFFA79B5 
 3751      7A77E69D 
 3752 017f F2AA515E 		.ascii	"\362\252Q^u\216Wmy\325\225W}\0015K\015\0123\256\201"
 3752      758E576D 
 3752      79D59557 
 3752      7D01354B 
 3752      0D0A33AE 
 3753 0194 91E6AD8A 		.ascii	"\221\346\255\212\223s\307\240W\226\234\371\333\367\321"
 3753      9373C7A0 
 3753      57969CF9 
 3753      DBF7D1
 3754 01a3 AE06E353 		.ascii	"\256\006\343S\254s\246\006\020\342\323\234~!\373*\276"
 3754      AC73A606 
 3754      10E2D39C 
 3754      7E21FB2A 
 3754      BE
 3755 01b4 690C706F 		.ascii	"i\014po\320`\230\375\354\370\246k\367\002\346`\313\253"
 3755      D06098FD 
 3755      ECF8A66B 
 3755      F702E660 
 3755      CBAB
 3756 01c6 809720C7 		.ascii	"\200\227 \307\332\322\242j{\032pn\241\326^qg\022\300"
 3756      DAD2A26A 
 3756      7B1A706E 
 3756      A1D65E71 
 3756      6712C0
 3757 01d9 976A72D6 		.ascii	"\227jr\326Z\324\3262\251\315\331:gJK9\306Z\000\317r"
 3757      5AD4D632 
 3757      A9CDD93A 
 3757      674A4B39 
 3757      C65A00CF 
 3758 01ee FA486D07 		.ascii	"\372Hm\007en\247\332\035\273!L\265<ma.\256\016T\336"
 3758      656EA7DA 
 3758      1DBB214C 
 3758      B53C6D61 
 3758      2EAE0E54 
 3759 0203 15A4B689 		.ascii	"\025\244\266\211\023\365K\377H\331k\010N\036\316k\033"
 3759      13F54BFF 
ARM GAS  C:\Users\PUBLIC~1.LAP\AppData\Local\Temp\ccurW8Og.s 			page 125


 3759      48D96B08 
 3759      4E1ECE6B 
 3759      1B
 3760 0214 9D2DC973 		.ascii	"\235-\311s\304)\336EE\0003\367\336\002H\270 8\255~\344"
 3760      C429DE45 
 3760      450033F7 
 3760      DE0248B8 
 3760      2038AD7E 
 3761 0229 CD6DCDDA 		.ascii	"\315m\315\332.?\231\366,\002\2626\251\012\307\027\023"
 3761      2E3F99F6 
 3761      2C02B236 
 3761      A90AC717 
 3761      13
 3762 023a E7ECD933 		.ascii	"\347\354\3313\377\303\263\267=\0134\225\025U\341l\257"
 3762      FFC3B3B7 
 3762      3D0B3495 
 3762      1555E16C 
 3762      AF
 3763 024b F896A4AF 		.ascii	"\370\226\244\257E\211\205.\311Sz\364v\247M\354\2714"
 3763      4589852E 
 3763      C9537AF4 
 3763      76A74DEC 
 3763      B934
 3764 025d 7038D410 		.ascii	"p8\324\020`sC\204m\015U\233\232c\261\275k\241\263Q\301"
 3764      60734384 
 3764      6D0D559B 
 3764      9A63B1BD 
 3764      6BA1B351 
 3765 0272 3C385AB3 		.ascii	"<8Z\263\3706\003\250\032\347\253\005\036\376\004\235"
 3765      F83603A8 
 3765      1AE7AB05 
 3765      1EFE049D 
 3766 0282 8C456290 		.ascii	"\214Eb\220\250\343\341O\322\360\310\004\324Y\030\004"
 3766      A8E3E14F 
 3766      D2F0C804 
 3766      D4591804 
 3767 0292 04BE403A 		.ascii	"\004\276@:\016\217D\021\276\240\261H\3443\022aTD\344"
 3767      0E8F4411 
 3767      BEA0B148 
 3767      E4331261 
 3767      5444E4
 3768 02a5 43CE0896 		.ascii	"C\316\010\226H\372\005\215B$\006\013\203\202\306\"P"
 3768      48FA058D 
 3768      4224060B 
 3768      8382C622 
 3768      50
 3769 02b6 08F41501 		.ascii	"\010\364\025\001\011\305(B\341\301wD\032\213L\276\245"
 3769      09C52842 
 3769      E1C17744 
 3769      1A8B4CBE 
 3769      A5
 3770 02c7 22915804 		.ascii	"\"\221X\004r\2600\350\350t\024\002}\301\244&%\340\322"
 3770      72B030E8 
 3770      E8741402 
 3770      7DC1A426 
 3770      25E0D2
 3771 02da D00213D2 		.ascii	"\320\002\023\322hl\002\246\304{\310\302\3577\364\373"
ARM GAS  C:\Users\PUBLIC~1.LAP\AppData\Local\Temp\ccurW8Og.s 			page 126


 3771      686C02A6 
 3771      C47BC8C2 
 3771      EF37F4FB 
 3772 02ea 0D050D48 		.ascii	"\015\005\015H\015\014:\"\227\2021\202B\240\017h<\372"
 3772      0D0C3A22 
 3772      97823182 
 3772      42A00F68 
 3772      3CFA
 3773 02fc 9046DFB1 		.ascii	"\220F\337\261\350321t1\024\022\035\011U\240\300D\014"
 3773      E8333231 
 3773      74311412 
 3773      1D0955A0 
 3773      C0440C
 3774 030f 228F9C84 		.ascii	"\"\217\234\204MC%\244\337\204\011G\031>Th*\237\273v"
 3774      4D4325A4 
 3774      DF840947 
 3774      193E5468 
 3774      2A9FBB76 
 3775 0323 88AD9995 		.ascii	"\210\255\231\225\022\273c}\342\320\324\236M\355\322"
 3775      12BB637D 
 3775      E2D0D49E 
 3775      4DEDD2
 3776 0332 766A2F08 		.ascii	"vj/\010QZ\245W\325\0152e\312\276K\353A\266\003\313X"
 3776      515AA557 
 3776      D50D3265 
 3776      CABE4BEB 
 3776      41B603CB 
 3777 0347 D8159C67 		.ascii	"\330\025\234g\202,N\006\001g\250Q0%\221B\210\251@DD"
 3777      822C4E06 
 3777      0167A851 
 3777      30259142 
 3777      88A94044 
 3778 035c 9A826638 		.ascii	"\232\202f8\200\002!\242\253\016\022\240\3059\210\241"
 3778      800221A2 
 3778      AB0E12A0 
 3778      C53988A1 
 3779 036c 22A11CF3 		.ascii	"\"\241\034\363\3332\006\323\352\027c\360#T\321\313\207"
 3779      DB3206D3 
 3779      EA1763F0 
 3779      2354D1CB 
 3779      87
 3780 037d 7DB50BA4 		.ascii	"}\265\013\244\324\233\260\304v\275\321\271TW\362\006"
 3780      D49BB0C4 
 3780      76BDD1B9 
 3780      5457F206 
 3781 038d C2DD02C1 		.ascii	"\302\335\002\301\317u\276\247\321=\221\2164!\362\006"
 3781      CF75BEA7 
 3781      D13D918E 
 3781      3421F206 
 3782 039d 61BE3C3B 		.ascii	"a\276<;\333\331=\240&\0159{\234\015\330\342\316\346"
 3782      DBD93DA0 
 3782      260D397B 
 3782      9C0DD8E2 
 3782      CEE6
 3783 03af 587909BD 		.ascii	"Xy\011\275\256\241\242\370\001\311\225B!\344\014\010"
 3783      AEA1A2F8 
 3783      01C99542 
ARM GAS  C:\Users\PUBLIC~1.LAP\AppData\Local\Temp\ccurW8Og.s 			page 127


 3783      21E40C08 
 3784 03bf 91CC422B 		.ascii	"\221\314B+z\336\001*u\303\247\257\202\352?\374\224\241"
 3784      7ADE012A 
 3784      75C3A7AF 
 3784      82EA3FFC 
 3784      94A1
 3785 03d1 DE78084C 		.ascii	"\336x\010L](\333\344\011\261\200m;6\300\226\373\037"
 3785      5D28DBE4 
 3785      09B1806D 
 3785      3B36C096 
 3785      FB1F
 3786 03e3 602D15C5 		.ascii	"`-\025\305\023\376\2023\273e\305\006\301\234\343mn\373"
 3786      13FE8233 
 3786      BB65C506 
 3786      C19CE36D 
 3786      6EFB
 3787 03f5 928AFBB5 		.ascii	"\222\212\373\265=WX\346\330n{\246\203\316Y\270\250\231"
 3787      3D5758E6 
 3787      D86E7BA6 
 3787      83CE59B8 
 3787      A899
 3788 0407 B77E8478 		.ascii	"\267~\204x\007\303\012\301K\330<\264<\235\216U\216d"
 3788      07C30AC1 
 3788      4BD83CB4 
 3788      3C9D8E55 
 3788      8E64
 3789 0419 7F783E0D 		.ascii	"\177x>\015\312\263\324)u\217\241\200\002\244\035\321"
 3789      CAB3D429 
 3789      758FA180 
 3789      02A41DD1 
 3790 0429 04BA0E7E 		.ascii	"\004\272\016~T6\337\234R\026j"
 3790      5436DF9C 
 3790      52166A
 3791              		.text
 3792              		.section	.gnu.lto_chEvtWaitAll.2965.840cf08d,"e",%progbits
 3793 0000 28B52FFD 		.ascii	"(\265/\375`\341\004e\036\000\3663\277I\200\234Q:O\303"
 3793      60E10465 
 3793      1E00F633 
 3793      BF49809C 
 3793      513A4FC3 
 3794 0014 08BC6B95 		.ascii	"\010\274k\225>\331x\311\345bf\027\362\252\231\303\261"
 3794      3ED978C9 
 3794      E5626617 
 3794      F2AA99C3 
 3794      B1
 3795 0025 11EFC4CA 		.ascii	"\021\357\304\312X\374\214/tES5Z\020\235\321\246\377"
 3795      58FC8C2F 
 3795      74455335 
 3795      5A109DD1 
 3795      A6FF
 3796 0037 2F061F09 		.ascii	"/\006\037\011\302\010e,\201sS\361{/\270 \350Y\243\245"
 3796      C208652C 
 3796      817353F1 
 3796      7B2FB820 
 3796      E859A3A5 
 3797 004b BB522A5B 		.ascii	"\273R*[\276\3214!do\231\002\240\000\245\000\257\000"
 3797      BED13421 
ARM GAS  C:\Users\PUBLIC~1.LAP\AppData\Local\Temp\ccurW8Og.s 			page 128


 3797      646F9902 
 3797      A000A500 
 3797      AF00
 3798 005d BEB6729E 		.ascii	"\276\266r\2362\244\020\251\217?\335(\021\2056\332\370"
 3798      32A410A9 
 3798      8F3FDD28 
 3798      118536DA 
 3798      F8
 3799 006e 530A8C98 		.ascii	"S\012\214\230s\256\265\371\256\342\373km\342\037\307"
 3799      73AEB5F9 
 3799      AEE2FB6B 
 3799      6DE21FC7 
 3800 007e BBF8DA00 		.ascii	"\273\370\332\0009\036~\253\244\316O\271\303\312\206"
 3800      391E7EAB 
 3800      A4CE4FB9 
 3800      C3CA86
 3801 008d 50C2723E 		.ascii	"P\302r>Rh\363)\006\264\361\360\333T~Gs\266\322\302%"
 3801      5268F329 
 3801      06B4F1F0 
 3801      DB547E47 
 3801      73B6D2C2 
 3802 00a2 E763856F 		.ascii	"\347c\205o\230\265\371\377-\245\2118\376+\217K\210t"
 3802      98B5F9FF 
 3802      2DA58938 
 3802      FE2B8F4B 
 3802      8874
 3803 00b4 90EACA82 		.ascii	"\220\352\312\202\223\3631\265\265\201\263\315\262\011"
 3803      93F331B5 
 3803      B581B3CD 
 3803      B209
 3804 00c2 9C6DE224 		.ascii	"\234m\342$\375\353\022\337\337\273\213=\002\253I+\350"
 3804      FDEB12DF 
 3804      DFBB8B3D 
 3804      02AB492B 
 3804      E8
 3805 00d3 94A34BA8 		.ascii	"\224\243K\250\306\245\355\253\014\223\000\247\245\322"
 3805      C6A5EDAB 
 3805      0C9300A7 
 3805      A5D2
 3806 00e1 4115559C 		.ascii	"A\025U\234.\366\365\341\244t/\017\210\234\363o\320\351"
 3806      2EF6F5E1 
 3806      A4742F0F 
 3806      889CF36F 
 3806      D0E9
 3807 00f3 A96FF6FF 		.ascii	"\251o\366\377\022\177\313\370K[\311\255\356(*!\224\030"
 3807      127FCBF8 
 3807      4B5BC9AD 
 3807      EE282A21 
 3807      9418
 3808 0105 9957474D 		.ascii	"\231WGM\221\371aFl\206\333\252\273\330(q\010\245G\030"
 3808      91F96146 
 3808      6C86DBAA 
 3808      BBD82871 
 3808      08A54718 
 3809 0119 1079A2DE 		.ascii	"\020y\242\336\222\204<\256\265\250\263\234\263\017\226"
 3809      92843CAE 
 3809      B5A8B39C 
ARM GAS  C:\Users\PUBLIC~1.LAP\AppData\Local\Temp\ccurW8Og.s 			page 129


 3809      B30F96
 3810 0128 CEB2BE9D 		.ascii	"\316\262\276\235\264\371\030\354\355 {\2669\303\001"
 3810      B4F918EC 
 3810      ED207BB6 
 3810      39C301
 3811 0137 981881D7 		.ascii	"\230\030\201\327\316\033\331h\027Y\013\273\310\010\333"
 3811      CE1BD968 
 3811      17590BBB 
 3811      C808DB
 3812 0146 9025488E 		.ascii	"\220%H\216I\346+\347?*]\\\365w\231\361\221\277\251t"
 3812      49E62BE7 
 3812      3F2A5D5C 
 3812      F57799F1 
 3812      91BFA974 
 3813 015a A3F77E46 		.ascii	"\243\367~F\2737i\367%\355\036\323\356/\355\276{ 4m\011"
 3813      BB3769F7 
 3813      25ED1ED3 
 3813      EE2FEDBE 
 3813      7B20346D 
 3814 016f 8215D4A0 		.ascii	"\202\025\324\240\344\230\201\334\241\223\313\230^\242"
 3814      E49881DC 
 3814      A193CB98 
 3814      5EA2
 3815 017d BCB59A8B 		.ascii	"\274\265\232\213F_9\017\033\035\272\336\372)\006k'\206"
 3815      465F390F 
 3815      1B1DBADE 
 3815      FA29066B 
 3815      2786
 3816 018f A84523AB 		.ascii	"\250E#\253\221m\033\177kjre\225\325\376}\365\327\036"
 3816      916D1B7F 
 3816      6B6A7265 
 3816      95D5FE7D 
 3816      F5D71E
 3817 01a2 0FFAAB18 		.ascii	"\017\372\253\030A\3100\211\340\213\252\243\204L\325"
 3817      41C83089 
 3817      E08BAAA3 
 3817      844CD5
 3818 01b1 31F1981F 		.ascii	"1\361\230\037\200\016\216\225\030c\023_4(.\361\255\303"
 3818      800E8E95 
 3818      1863135F 
 3818      34282EF1 
 3818      ADC3
 3819 01c3 3405FCC2 		.ascii	"4\005\374\302\030\200\032c\202\344\234R\301\255u\203"
 3819      18801A63 
 3819      82E49C52 
 3819      C1AD7583 
 3820 01d3 F34791E2 		.ascii	"\363G\221\342v\360\266%\234?!\371\006\305\277P\207\371"
 3820      76F0B625 
 3820      9C3F21F9 
 3820      06C5BF50 
 3820      87F9
 3821 01e5 F52CF98A 		.ascii	"\365,\371\212\356b\021 M\316\031\001\023\341\204\244"
 3821      EE621120 
 3821      4DCE1901 
 3821      13E184A4 
 3822 01f5 9B9663E4 		.ascii	"\233\226c\344\316\026\306\027/\300Z\263t\343\034\305"
 3822      CE16C617 
ARM GAS  C:\Users\PUBLIC~1.LAP\AppData\Local\Temp\ccurW8Og.s 			page 130


 3822      2FC05AB3 
 3822      74E31CC5 
 3823 0205 8D2FC659 		.ascii	"\215/\306Y\230\244\224\256\235\377-\032\314\357\375"
 3823      98A494AE 
 3823      9DFF2D1A 
 3823      CCEFFD
 3824 0214 C5C8C5CC 		.ascii	"\305\310\305\314I\322\331f\343\236b\233\030N\3511v\300"
 3824      49D2D966 
 3824      E39E629B 
 3824      184EE931 
 3824      76C0
 3825 0226 EB0D12AF 		.ascii	"\353\015\022\257\262\037f\306\272\313\177\364\305l\307"
 3825      B21F66C6 
 3825      BACB7FF4 
 3825      C56CC7
 3826 0235 FD92D0E6 		.ascii	"\375\222\320\346\365\362\376\037\344\270w\336\\\215"
 3826      F5F2FE1F 
 3826      E4B877DE 
 3826      5C8D
 3827 0243 72159357 		.ascii	"r\025\223W\272\207p\021\253\236\220\201\015\003gm\253"
 3827      BA877011 
 3827      AB9E9081 
 3827      0D03676D 
 3827      AB
 3828 0254 8FB7D3AD 		.ascii	"\217\267\323\255:\236\263\266\"\266=Rg\317\335T5\006"
 3828      3A9EB3B6 
 3828      22B63D52 
 3828      67CFDD54 
 3828      3506
 3829 0266 51CBB63A 		.ascii	"Q\313\266:\022\351\312\333\001\245B$\204\202\200\322"
 3829      12E9CADB 
 3829      01A54224 
 3829      848280D2 
 3830 0276 DE8DF544 		.ascii	"\336\215\365D\021n\345\345z\034\236\273\255\274\235"
 3830      116EE5E5 
 3830      7A1C9EBB 
 3830      ADBC9D
 3831 0285 9A53D3A0 		.ascii	"\232S\323\240\012>5\202T\204H\333\036ow\224\032\355"
 3831      0A3E3582 
 3831      548448DB 
 3831      1E6F7794 
 3831      1AED
 3832 0297 74BA9DFA 		.ascii	"t\272\235\372\341\271[\353ksj\272\026!\315P\215\330"
 3832      E1B95BEB 
 3832      6B736ABA 
 3832      1621CD50 
 3832      8DD8
 3833 02a9 0C473D1E 		.ascii	"\014G=\036\017I=\377\223\001\207\373\301\341~n\005\316"
 3833      0F493DFF 
 3833      930187FB 
 3833      C1E17E6E 
 3833      05CE
 3834 02bb ABB7B667 		.ascii	"\253\267\266g\264\326Xsj\252\362\332\264\307K\333]*"
 3834      B4D65873 
 3834      6AAAF2DA 
 3834      B4C74BDB 
 3834      5D2A
ARM GAS  C:\Users\PUBLIC~1.LAP\AppData\Local\Temp\ccurW8Og.s 			page 131


 3835 02cd 848285C1 		.ascii	"\204\202\205\301\346\200\206|0\\8\322\255\275!_\016"
 3835      E680867C 
 3835      305C38D2 
 3835      ADBD215F 
 3835      0E
 3836 02de 899D4184 		.ascii	"\211\235A\204\263`a\250\203\010\014G`\227\031\037\331"
 3836      B36061A8 
 3836      83080C47 
 3836      6097191F 
 3836      D9
 3837 02ef 50048881 		.ascii	"P\004\210\201\345p\213\007\330\231\253F\271\202Xy\372"
 3837      E5708B07 
 3837      D899AB46 
 3837      B9825879 
 3837      FA
 3838 0300 72344289 		.ascii	"r4B\211\2211\000\223\014]\250a<\004\021SHHDD$I\222b"
 3838      91310093 
 3838      0C5DA861 
 3838      3C041153 
 3838      48484444 
 3839 0318 03902222 		.ascii	"\003\220\"\":\363\022 \2661,1J\244\214\362\3332\006"
 3839      3AF31220 
 3839      B6312C31 
 3839      4AA48CF2 
 3839      DB3206
 3840 032b D3CC2F32 		.ascii	"\323\314/2\270L\375\352\253bS\203\005\247\351kX\"\243"
 3840      B84CFDEA 
 3840      AB625383 
 3840      05A7E96B 
 3840      5822A3
 3841 033e 566B0EAA 		.ascii	"Vk\016\252Q!\254\305\344;\261\257\364\275\021\024\016"
 3841      5121ACC5 
 3841      E43BB1AF 
 3841      F4BD1114 
 3841      0E
 3842 034f A2B07015 		.ascii	"\242\260p\025\213\337\024N*'\017\341\015[\270\244K$"
 3842      8BDF144E 
 3842      2A270FE1 
 3842      0D5BB8A4 
 3842      4B24
 3843 0361 81E5253C 		.ascii	"\201\345%<h\030\320'{G\210\302s\035.+=\230+o\312~\372"
 3843      6818D027 
 3843      7B4788C2 
 3843      731D2E2B 
 3843      3D982B6F 
 3844 0378 17889E99 		.ascii	"\027\210\236\231 \256*GP\256\224\211Lh\271\3664\266"
 3844      20AE2A47 
 3844      50AE9489 
 3844      4C68B9F6 
 3844      34B6
 3845 038a F7139287 		.ascii	"\367\023\222\207vM\264\270Ed?\212\245C0\346F~a\215\222"
 3845      764DB4B8 
 3845      45643F8A 
 3845      A54330E6 
 3845      467E618D 
 3846 039f FDC5FD29 		.ascii	"\375\305\375)\265\373v7:c\273\263\331)\346s\357>B\222"
 3846      B5FB7637 
ARM GAS  C:\Users\PUBLIC~1.LAP\AppData\Local\Temp\ccurW8Og.s 			page 132


 3846      3A63BBB3 
 3846      D929E673 
 3846      EF3E4292 
 3847 03b3 EBEF05AE 		.ascii	"\353\357\005\256\273C#\223[4\222$~x>\015\300g\363T\332"
 3847      BB432393 
 3847      5B349224 
 3847      7E783E0D 
 3847      C067F354 
 3848 03c8 29492001 		.ascii	")I \001`\204\037\225M\230)}\361\007"
 3848      60841F95 
 3848      4D98297D 
 3848      F107
 3849              		.text
 3850              		.section	.gnu.lto_chEvtWaitOneTimeout.2966.840cf08d,"e",%progbits
 3851 0000 28B52FFD 		.ascii	"(\265/\375`\203\010\005+\000\012Hh\020F`\034R:\307\324"
 3851      60830805 
 3851      2B000A48 
 3851      68104660 
 3851      1C523AC7 
 3852 0015 30C44773 		.ascii	"0\304GsP\217\331:\360\026\"\267\253\253\003\357\030"
 3852      508FD93A 
 3852      F01622B7 
 3852      ABAB03EF 
 3852      18
 3853 0026 569639A2 		.ascii	"V\2269\242kSx\250fa\015-W\033\325o\266\301\204\312?"
 3853      6B5378A8 
 3853      66610D2D 
 3853      571BD56F 
 3853      B6C184CA 
 3854 003b A122422F 		.ascii	"\241\"B/\331<LL\250\337\264\376\355\033\276,\005\346"
 3854      D93C4C4C 
 3854      A8DFB4FE 
 3854      ED1BBE2C 
 3854      05E6
 3855 004d 157D4208 		.ascii	"\025}B\010!{'\031\352\000\347\000\372\000z\270@A~K\257"
 3855      217B2719 
 3855      EA00E700 
 3855      FA007AB8 
 3855      40417E4B 
 3856 0062 7353695F 		.ascii	"sSi_Q\327\322k\027\031>9\347\336\325\376\031\215\356"
 3856      51D7D26B 
 3856      17193E39 
 3856      E7DED5FE 
 3856      198DEE
 3857 0075 DE55B5FB 		.ascii	"\336U\265\373F?\313\315\272\027\000\355)\245\247I\247"
 3857      463FCBCD 
 3857      BA1700ED 
 3857      29A5A749 
 3857      A7
 3858 0086 C24C866E 		.ascii	"\302L\206n\247\362Y+\037\216\256Y\007\227\363\323\301"
 3858      A7F2592B 
 3858      1F8EAE59 
 3858      0797F3D3 
 3858      C1
 3859 0097 D54E1180 		.ascii	"\325N\021\200,\303-\263\221\016\345\2523\036%\332\253"
 3859      2CC32DB3 
 3859      910EE5AA 
ARM GAS  C:\Users\PUBLIC~1.LAP\AppData\Local\Temp\ccurW8Og.s 			page 133


 3859      331E25DA 
 3859      AB
 3860 00a8 019C64E8 		.ascii	"\001\234d\350{+\312\346\345\\\306\246L\316\317\243\246"
 3860      7B2BCAE6 
 3860      E55CC6A6 
 3860      4CCECFA3 
 3860      A6
 3861 00b9 D05EEDEE 		.ascii	"\320^\355\356>\225W\271\321\312\364\271\204\010\006"
 3861      3E9557B9 
 3861      D1CAF4B9 
 3861      840806
 3862 00c8 AEBA2D7C 		.ascii	"\256\272-|r~\002\177\027\260^MO\264^\305I\256<\020\257"
 3862      727E027F 
 3862      17B05E4D 
 3862      4FB45EC5 
 3862      49AE3C10 
 3863 00dd 655735C5 		.ascii	"eW5\305W\331\307q V\251\2553&\226\307\210\226\327y\011"
 3863      57D9C771 
 3863      2056A9AD 
 3863      332696C7 
 3863      8896D779 
 3864 00f2 8C6875BD 		.ascii	"\214hu\275\305]`\330\024\210\005&\312\241X\\\351\020"
 3864      C55D60D8 
 3864      14880526 
 3864      CAA1585C 
 3864      E910
 3865 0104 1E296A55 		.ascii	"\036)jUw\375\322\353*{\306E\207\231\265\3654E\020\006"
 3865      77FDD2EB 
 3865      2A7BC645 
 3865      8799B5F5 
 3865      34451006 
 3866 0118 D647288B 		.ascii	"\326G(\213*\375\265\275\251\352e\345\270\030\212\325"
 3866      2AFDB5BD 
 3866      A9EA65E5 
 3866      B8188AD5 
 3867 0128 95FE72CE 		.ascii	"\225\376r\3167\373\345\2215u/\253\224s\356\313\314\322"
 3867      37FBE591 
 3867      35752FAB 
 3867      9473EECB 
 3867      CCD2
 3868 013a 7AF7DEDD 		.ascii	"z\367\336\335O\272\037\325\315\236\010X\240i\376!iU"
 3868      4FBA1FD5 
 3868      CD9E0858 
 3868      A069FE21 
 3868      6955
 3869 014c C2E6E4DC 		.ascii	"\302\346\344\3344\241h~ `_[drl\007\342\325\346JL.hg"
 3869      34A1687E 
 3869      20605F5B 
 3869      64726C07 
 3869      E2D5E64A 
 3870 0164 14E74F10 		.ascii	"\024\347O\020\376\3637;\257J\223\316\012n\251\326*\336"
 3870      FEF3373B 
 3870      AF4A93CE 
 3870      0A6EA9D6 
 3870      2ADE
 3871 0176 26A5D62B 		.ascii	"&\245\326+\316\306\242\3159'\251\371\032\247\276\223"
 3871      CEC6A2CD 
ARM GAS  C:\Users\PUBLIC~1.LAP\AppData\Local\Temp\ccurW8Og.s 			page 134


 3871      3927A9F9 
 3871      1AA7BE93 
 3872 0186 AB1D14DE 		.ascii	"\253\035\024\3363\205\353\325 \034$\346\\^\273\276\332"
 3872      3385EBD5 
 3872      201C24E6 
 3872      5C5EBBBE 
 3872      DA
 3873 0197 796B72FF 		.ascii	"ykr\377Zk3d\212\334\315~\2568}\240\371\372\351~N]\034"
 3873      5A6B3364 
 3873      8ADCCD7E 
 3873      AE387DA0 
 3873      F9FAE97E 
 3874 01ae D6FD34E3 		.ascii	"\326\3754\343#\335ED/\373\207|\267\362\013\341\333A"
 3874      23DD4544 
 3874      2FFB877C 
 3874      B7F20BE1 
 3874      DB41
 3875 01c0 7D9B77E7 		.ascii	"}\233w\347\273\355\335f{\267\327\336m\265w;\355\335"
 3875      BBEDDD66 
 3875      7BB7D7DE 
 3875      6DB5773B 
 3875      EDDD
 3876 01d2 C6006EDF 		.ascii	"\306\000n\337\336\355\033H\307\230\300\321\231\362\361"
 3876      DEED1B48 
 3876      C798C0D1 
 3876      99F2F1
 3877 01e1 40C933FB 		.ascii	"@\3113\373\270\243\313oT3Q\356\374\273\337?\3635\343"
 3877      B8A3CB6F 
 3877      543351EE 
 3877      FCBBDF3F 
 3877      F335E3
 3878 01f4 D3346B47 		.ascii	"\3234kG\307\213\243\351\325\355\254\310u\307\347\214"
 3878      C78BA3E9 
 3878      D5EDACC8 
 3878      75C7E78C 
 3879 0204 B1BBCCD5 		.ascii	"\261\273\314\325d\\K#\365\310RFF\367\0301a\240\320\264"
 3879      645C4B23 
 3879      F5C85246 
 3879      46F71831 
 3879      61A0D0B4 
 3880 0218 2F5E3A69 		.ascii	"/^:in*\255\214\355\021]\226\035\255\273\3274\316\245"
 3880      6E2AAD8C 
 3880      ED115D96 
 3880      1DADBBD7 
 3880      34CEA5
 3881 022b D96F718A 		.ascii	"\331oq\212\217\250\342\226\327.z\245\305JK7\2559+<\""
 3881      8FA8E296 
 3881      D72E7AA5 
 3881      C54A4B37 
 3881      AD392B3C 
 3882 0240 8C89B086 		.ascii	"\214\211\260\206;\030\373\336\234T\334\264\346\310\332"
 3882      3B18FBDE 
 3882      9C54DCB4 
 3882      E6C8DA
 3883 024f 2E2B3969 		.ascii	".+9i_\274ti\376\354\230M\330\017\353\305-\316\334\014"
 3883      5FBC7469 
 3883      FEEC984D 
ARM GAS  C:\Users\PUBLIC~1.LAP\AppData\Local\Temp\ccurW8Og.s 			page 135


 3883      D80FEBC5 
 3883      2DCEDC0C 
 3884 0263 DC210CF4 		.ascii	"\334!\014\364\003kw\210\245{\346\305\023\212\350\300"
 3884      036B7788 
 3884      A57BE6C5 
 3884      138AE8C0 
 3885 0273 B91B44C1 		.ascii	"\271\033D\301\240\271\233\304\351(}K\272\304\243LAu"
 3885      A0B99BC4 
 3885      E9287D4B 
 3885      BAC4A34C 
 3885      4175
 3886 0285 72CE04C4 		.ascii	"r\316\004\304\276\032D\207t\035\326\235\234\365?r\207"
 3886      BE1A4487 
 3886      741DD69D 
 3886      9CF53F72 
 3886      87
 3887 0296 D9456D1A 		.ascii	"\331Em\032\353a%\347\316\230\363\322\202\210\321:\023"
 3887      EB6125E7 
 3887      CE98F3D2 
 3887      8288D13A 
 3887      13
 3888 02a7 C6B94526 		.ascii	"\306\271E&g\000\015T\301\333\260,\020\322\204\022h\003"
 3888      67000D54 
 3888      C1DBB02C 
 3888      10D28412 
 3888      6803
 3889 02b9 03F30311 		.ascii	"\003\363\003\021\342u%&g!\032\344K<\371+\265\261\016"
 3889      E2752526 
 3889      67211AE4 
 3889      4B3CF92B 
 3889      B5B10E
 3890 02cc E1160DA2 		.ascii	"\341\026\015\242[7\347\214\003+W\037.p\366\226\343\366"
 3890      5B37E78C 
 3890      032B571F 
 3890      2E70F696 
 3890      E3F6
 3891 02de 69A3E80F 		.ascii	"i\243\350\017\037\276\363?!|\354\303GU\\S\327\256\273"
 3891      1FBEF33F 
 3891      217CECC3 
 3891      47555C53 
 3891      D7AEBB
 3892 02f1 4FFC8DB2 		.ascii	"O\374\215\262\357\346\011E\353Dj\275z,\364&bl\207U\334"
 3892      EFE60945 
 3892      EB446ABD 
 3892      7A2CF426 
 3892      626C8755 
 3893 0306 00B63D48 		.ascii	"\000\266=H\330\364\\\211\305\235Mw\363R\264Tw\016\203"
 3893      D8F45C89 
 3893      C59D4D77 
 3893      F352B454 
 3893      770E83
 3894 0319 ABD7ADDF 		.ascii	"\253\327\255\337\255\000\307\275\353\257\235\227\026"
 3894      AD00C7BD 
 3894      EBAF9D97 
 3894      16
 3895 0326 4DFC09A5 		.ascii	"M\374\011\245\216\306\242\260\3106\361\367DDB\005\333"
 3895      8EC6A2B0 
ARM GAS  C:\Users\PUBLIC~1.LAP\AppData\Local\Temp\ccurW8Og.s 			page 136


 3895      C836F1F7 
 3895      44444205 
 3895      DB
 3896 0337 1E220583 		.ascii	"\036\"\005\203.X \211\310\"\010\240\360h\354\000d\002"
 3896      2E582089 
 3896      C82208A0 
 3896      F068EC00 
 3896      6402
 3897 0349 C1B4D401 		.ascii	"\301\264\324\001\230\254!\034\361\344$<\016\223\025"
 3897      98AC211C 
 3897      F1E4243C 
 3897      0E9315
 3898 0358 7A88243C 		.ascii	"z\210$<\032\203\303 p\351(i\306\222\011\016@d\362h\204"
 3898      1A83C320 
 3898      70E92869 
 3898      C692090E 
 3898      4064F268 
 3899 036d 02C63016 		.ascii	"\002\3060\026\213\306\340\206\036\"!\245\220\303 P\370"
 3899      8BC6E086 
 3899      1E2221A5 
 3899      90C32050 
 3899      F8
 3900 037e 14052318 		.ascii	"\024\005#\030\2038\001*y<F\005\327\342\223QFa\221\230"
 3900      8338012A 
 3900      793C4605 
 3900      D7E29351 
 3900      46619198 
 3901 0392 64FBC204 		.ascii	"d\373\302\004'\247\013NN\027\220\212\326\016\"!\223"
 3901      27A70B4E 
 3901      4E17908A 
 3901      D60E2221 
 3901      93
 3902 03a3 31843384 		.ascii	"1\2043\204\303 0xD\002\223G \322\010d\"AlA\034vhJ\222"
 3902      C3203078 
 3902      44029347 
 3902      20D20864 
 3902      22416C41 
 3903 03bc 1001AA28 		.ascii	"\020\001\252(L6I\015\243\2100X8A\200\320\204\301\203"
 3903      4C36490D 
 3903      A3883058 
 3903      384180D0 
 3903      84C183
 3904 03cf 84EEEEE7 		.ascii	"\204\356\356\347\362i\306G:\210j\012\021^\021\366A\325"
 3904      F269C647 
 3904      3A886A0A 
 3904      115E11F6 
 3904      41D5
 3905 03e1 1CA31ECE 		.ascii	"\034\243\036\316y\230\211[i\211\227@8\2541\332\230\263"
 3905      7998895B 
 3905      69899740 
 3905      38AC31DA 
 3905      98B3
 3906 03f3 25C217AD 		.ascii	"%\302\027\255yu}\270\305\314tLl\007\032\227-gF\321,"
 3906      79757DB8 
 3906      C5CC744C 
 3906      6C071A97 
 3906      2D6746D1 
ARM GAS  C:\Users\PUBLIC~1.LAP\AppData\Local\Temp\ccurW8Og.s 			page 137


 3907 0408 2CCEA304 		.ascii	",\316\243\004pf\334\212U\314\342;\247\010\257\370\326"
 3907      7066DC8A 
 3907      55CCE23B 
 3907      A708AFF8 
 3907      D6
 3908 0419 55792DF1 		.ascii	"Uy-\361\250\030\300\233\323(\212\245\250\010\007\200"
 3908      A818C09B 
 3908      D3288AA5 
 3908      A8080780 
 3909 0429 9BA8512C 		.ascii	"\233\250Q,%\225chH$\020\031IA\222\016\200\"\"\252\252"
 3909      25956368 
 3909      48241019 
 3909      4941920E 
 3909      802222AA 
 3910 043e 0712C074 		.ascii	"\007\022\300tI\3470D32\221\302\222\362\254\024\346\223"
 3910      49E73044 
 3910      333291C2 
 3910      92F2AC14 
 3910      E693
 3911 0450 CB2FAEE0 		.ascii	"\313/\256\340o\240\256\343l\273=\260Pa\372*\334c<\305"
 3911      6FA0AEE3 
 3911      6CBB3DB0 
 3911      5061FA2A 
 3911      DC633CC5 
 3912 0464 E85737AA 		.ascii	"\350W7\252\275\304\016\345VlA\023\235\036\235~\377'"
 3912      BDC40EE5 
 3912      566C4113 
 3912      9D1E9D7E 
 3912      FF27
 3913 0476 AB0FAD16 		.ascii	"\253\017\255\026\241YxA\234k\372\002\305j\030} \217"
 3913      A1597841 
 3913      9C6BFA02 
 3913      C56A187D 
 3913      208F
 3914 0488 2940B4D8 		.ascii	")@\264\330h\263\336\014\001\216aI\332\3244T\026\000"
 3914      68B3DE0C 
 3914      018E6149 
 3914      DAD43454 
 3914      1600
 3915 049a 17811BD4 		.ascii	"\027\201\033\324n \327\035\326\235@5.\321\324\217\262"
 3915      6E20D71D 
 3915      D69D4035 
 3915      2ED1D48F 
 3915      B2
 3916 04ab B1A7C05A 		.ascii	"\261\247\300ZU\234W\337[\236x|7JGPN\012:i\351K-\020"
 3916      559C57DF 
 3916      5B9E787C 
 3916      374A4750 
 3916      4E0A3A69 
 3917 04c3 F08198B0 		.ascii	"\360\201\230\260[\364\361L\315\340\206\271-\004\263"
 3917      5BF4F14C 
 3917      CDE086B9 
 3917      2D04B3
 3918 04d2 C3777EB2 		.ascii	"\303w~\262\241w%\337\364\217@\364\232\355&\273S\353"
 3918      A17725DF 
 3918      F48F40F4 
 3918      9AED26BB 
ARM GAS  C:\Users\PUBLIC~1.LAP\AppData\Local\Temp\ccurW8Og.s 			page 138


 3918      53EB
 3919 04e4 5E4E432C 		.ascii	"^NC,\222V{V\253\000\273\213iR\014`v\312+\357Q8Z\337"
 3919      92567B56 
 3919      AB00BB8B 
 3919      69520C60 
 3919      76CA2BEF 
 3920 04fc 5E44AC22 		.ascii	"^D\254\"\310q\012W{3\332X\226\374\200\002\034\241[\302"
 3920      C8710A57 
 3920      7B33DA58 
 3920      96FC8002 
 3920      1CA15BC2 
 3921 0510 B92BCAC7 		.ascii	"\271+\312\307\374\215\2253Y\303\266F\335\371\367\030"
 3921      FC8D9533 
 3921      59C3B646 
 3921      DDF9F718 
 3922 0520 A530ECB8 		.ascii	"\2450\354\270+~?\245\362\262w\237\032/\210\263J\312"
 3922      2B7E3FA5 
 3922      F2B2779F 
 3922      1A2F88B3 
 3922      4ACA
 3923 0532 C6F93F6F 		.ascii	"\306\371?o\315o\313<\246\254\327$\367\270\3504|\374"
 3923      CD6FCB3C 
 3923      A6ACD724 
 3923      F7B8E834 
 3923      7CFC
 3924 0544 10858188 		.ascii	"\020\205\201\210\340yv\014\011\004\235!y\366\013e\211"
 3924      E079760C 
 3924      09049D21 
 3924      79F60B65 
 3924      89
 3925 0555 3CAF93B8 		.ascii	"<\257\223\270\316+;\245\344\3563\021\202\342\012\327"
 3925      CE2B3BA5 
 3925      E4EE3311 
 3925      82E20AD7 
 3926 0565 D31FE9F8 		.ascii	"\323\037\351\370\017"
 3926      0F
 3927              		.text
 3928              		.section	.gnu.lto_chEvtWaitAnyTimeout.2967.840cf08d,"e",%progbits
 3929 0000 28B52FFD 		.ascii	"(\265/\375`P\010=*\000\312F\030\020E`\336Q:\347\300"
 3929      6050083D 
 3929      2A00CA46 
 3929      18104560 
 3929      DE513AE7 
 3930 0015 A88CA762 		.ascii	"\250\214\247b\227\271\362X\027\344\320\3760E\\r\211"
 3930      97B9F258 
 3930      17E4D0FE 
 3930      30455C72 
 3930      89
 3931 0026 17E6F037 		.ascii	"\027\346\3607\200\333\252\373?\256\223\\j\033{\305\372"
 3931      80DBAAFB 
 3931      3FAE935C 
 3931      6A1B7BC5 
 3931      FA
 3932 0037 F6FDCAB0 		.ascii	"\366\375\312\260\241\331#\017q\324\024\013\336\005z"
 3932      A1D9230F 
 3932      71D4140B 
 3932      DE057A
ARM GAS  C:\Users\PUBLIC~1.LAP\AppData\Local\Temp\ccurW8Og.s 			page 139


 3933 0046 93671A90 		.ascii	"\223g\032\220\317\207\325F\010!d\357$\003\345\000\343"
 3933      CF87D546 
 3933      082164EF 
 3933      2403E500 
 3933      E3
 3934 0057 00F70053 		.ascii	"\000\367\000Sg\\Q\007\323\253V\\\241\234\363\356j\277"
 3934      675C5107 
 3934      D3AB565C 
 3934      A19CF3EE 
 3934      6ABF
 3935 0069 4C47F7EE 		.ascii	"LG\367\356\252\332\335\243\377\345d\275K\002\342\224"
 3935      AADADDA3 
 3935      FFE564BD 
 3935      4B02E294 
 3936 0079 1AC454E3 		.ascii	"\032\304T\343\242\275\232\204\325\241\273\231|\316\312"
 3936      A2BD9A84 
 3936      D5A1BB99 
 3936      7CCECA
 3937 0088 7F8B63C2 		.ascii	"\177\213c\302y\313\331)\341j\267\010P\250\303\025\343"
 3937      79CBD929 
 3937      E16AB708 
 3937      50A8C315 
 3937      E3
 3938 0099 9102C855 		.ascii	"\221\002\310UeBR\264W\003\364\351\320\367]\222\255\313"
 3938      654252B4 
 3938      5703F4E9 
 3938      D0F75D92 
 3938      ADCB
 3939 00ab 594CCE9A 		.ascii	"YL\316\232\234\235\023\032C{\265\273\373\\\016\326\243"
 3939      9C9D131A 
 3939      437BB5BB 
 3939      FB5C0ED6 
 3939      A3
 3940 00bc 93A9730A 		.ascii	"\223\251s\012\023\016Z\320\037\205rv\372z'\260^M/`\275"
 3940      130E5AD0 
 3940      1F857276 
 3940      FA7A27B0 
 3940      5E4D2F60 
 3941 00d1 8AA33CF9 		.ascii	"\212\243<\371\"]\313\256j\212o\262\357\343E,S\273\207"
 3941      225DCBAE 
 3941      6A8A6FB2 
 3941      EFE3452C 
 3941      53BB87
 3942 00e4 89289093 		.ascii	"\211(\220\223\254\255\353\0328\311\322z\213\231\334"
 3942      ACADEB1A 
 3942      38C9D27A 
 3942      8B99DC
 3943 00f3 6153DF95 		.ascii	"aS\337\225\031,\177^%I\001\000\322\202Vu\327+\267\256"
 3943      192C7F5E 
 3943      25490100 
 3943      D2825675 
 3943      D72BB7AE 
 3944 0107 B2654BE6 		.ascii	"\262eK\346\226XF\236\246\014\274\272\014\361\260\250"
 3944      9658469E 
 3944      A60CBCBA 
 3944      0CF1B0A8 
 3945 0117 D21E5B9D 		.ascii	"\322\036[\235\252\035\326\217\213\237WZi/\347|\262_"
ARM GAS  C:\Users\PUBLIC~1.LAP\AppData\Local\Temp\ccurW8Og.s 			page 140


 3945      AA1DD68F 
 3945      8B9F575A 
 3945      692FE77C 
 3945      B25F
 3946 0129 215853F7 		.ascii	"!XS\367\262L9\347\276K\254\254\367\356\335m\245\373"
 3946      B24C39E7 
 3946      BE4BACAC 
 3946      F7EEDD6D 
 3946      A5FB
 3947 013b 51DDAC83 		.ascii	"Q\335\254\203^pQ:Y\236m\376#]\\F\302\242k?\2625\207"
 3947      5E70513A 
 3947      599E6DFE 
 3947      235D5C46 
 3947      C2A26B3F 
 3948 0152 C8579486 		.ascii	"\310W\224\206\226\003\320,F\370\316\237\354:0\246\032"
 3948      9603D02C 
 3948      46F8CE9F 
 3948      EC3A30A6 
 3948      1A
 3949 0163 AB37255A 		.ascii	"\2537%Z\2738\233\024Z\277\370\032\2146\347\274\004\347"
 3949      BB389B14 
 3949      5ABFF81A 
 3949      8C36E7BC 
 3949      04E7
 3950 0175 717EFD2A 		.ascii	"q~\375*W\033\030\274_\006\327\253F\370\350\253\251\274"
 3950      571B18BC 
 3950      5F06D7AB 
 3950      46F8E8AB 
 3950      A9BC
 3951 0187 727DB4EB 		.ascii	"r}\264\353\324\242\347R\233\263dK\364d\177\022h\327"
 3951      D4A2E752 
 3951      9BB3644B 
 3951      F4647F12 
 3951      68D7
 3952 0199 33DF43DD 		.ascii	"3\337C\335\316\251\213\275\272\237f\374\244;\351b?\022"
 3952      CEA98BBD 
 3952      BA9F66FC 
 3952      A43BE962 
 3952      3F12
 3953 01ab EF5DFE23 		.ascii	"\357]\376#|\333\250o\267o\276\331\335\355uw[\335\335"
 3953      7CDBA86F 
 3953      B76FBED9 
 3953      DDED7577 
 3953      5BDDDD
 3954 01be 4E77B7B1 		.ascii	"Nw\267\261\321\355\273\273}\004)3\356\015:\305\245A"
 3954      D1EDBBBB 
 3954      7D042933 
 3954      EE0D3AC5 
 3954      A541
 3955 01d0 8A331799 		.ascii	"\2123\027\231\213\313uT6X\336\374\273\337O\273Z\361"
 3955      8BCB7554 
 3955      3658DEFC 
 3955      BBDF4FBB 
 3955      5AF1
 3956 01e2 6E9AF503 		.ascii	"n\232\365\003\244\306\333\364\332VFt\003K+v\2579\032"
 3956      A4C6DBF4 
 3956      DA564674 
ARM GAS  C:\Users\PUBLIC~1.LAP\AppData\Local\Temp\ccurW8Og.s 			page 141


 3956      034B2B76 
 3956      AF391A
 3957 01f5 8E8369A5 		.ascii	"\216\203i\245!\32158\272\323\2409C\010\314Y\0312\275"
 3957      21D13538 
 3957      BAD3A039 
 3957      4308CC59 
 3957      1932BD
 3958 0208 04377526 		.ascii	"\0047u&\306\0169\364\024\273Y\367\256u\\L\263\203\304"
 3958      C60E39F4 
 3958      14BB59F7 
 3958      AE755C4C 
 3958      B383C4
 3959 021b 5C393E4C 		.ascii	"\\9>L\257p\001,fR\266e\301u\321%a\234\204=\270a\214"
 3959      AF70012C 
 3959      6652B665 
 3959      C175D125 
 3959      619C843D 
 3960 0232 C4A729A7 		.ascii	"\304\247)\247-\013.\254\365c\205\347\254\014\2311oz"
 3960      2D0B2EAC 
 3960      F56385E7 
 3960      AC0C9931 
 3960      6F7A
 3961 0244 724B2AEC 		.ascii	"rK*\354\210\365\342\030em\012.\022.\372\202\265\273"
 3961      88F5E218 
 3961      656D0A2E 
 3961      122EFA82 
 3961      B5BB
 3962 0256 44D3FDF2 		.ascii	"D\323\375\362\342\013M\200\340\334\021\240n\236\271"
 3962      E20B4D80 
 3962      E0DC11A0 
 3962      6E9EB9
 3963 0265 1BC5A149 		.ascii	"\033\305\241I\244)\235\342z\234\216\366\344\234\015"
 3963      A4299DE2 
 3963      7A9C8EF6 
 3963      E49C0D
 3964 0274 7C714580 		.ascii	"|qE\200\246u\242\2539<\353\377\304m9F}b\322\261\302"
 3964      A675A2AB 
 3964      393CEBFF 
 3964      C46D3946 
 3964      7D62D2B1 
 3965 0289 E396E6BA 		.ascii	"\343\226\346\2723$h\262\322\3164\215\204E\025\264y:"
 3965      332468B2 
 3965      D2CE348D 
 3965      844515B4 
 3965      793A
 3966 029b 38DBD803 		.ascii	"8\333\330\003%Y\236\006\330\272\314\374G\224l\021\371"
 3966      25599E06 
 3966      D8BACCFC 
 3966      47946C11 
 3966      F9
 3967 02ac 8A6A808E 		.ascii	"\212j\200\216]\011(s\245<V$\034#\002\324\313\3159\373"
 3967      5D092873 
 3967      A53C5624 
 3967      1C2302D4 
 3967      CBCD39FB 
 3968 02c0 C0C99587 		.ascii	"\300\311\225\207\023\224\361\371q\015\365\001h\030\017"
 3968      1394F1F9 
ARM GAS  C:\Users\PUBLIC~1.LAP\AppData\Local\Temp\ccurW8Og.s 			page 142


 3968      710DF501 
 3968      68180F
 3969 02cf BFF9DE11 		.ascii	"\277\371\336\021>\346\341\011UI\246\256\\w\257x\235"
 3969      3EE6E109 
 3969      5549A6AE 
 3969      5C77AF78 
 3969      9D
 3970 02e0 649FCE0C 		.ascii	"d\237\316\014\026m\025\251\365\3521\217\217\011&\233"
 3970      166D15A9 
 3970      F5EA318F 
 3970      8F09269B 
 3971 02f0 95A0026B 		.ascii	"\225\240\002k\204\240\254\015\"\362%\350r\272[\327\242"
 3971      84A0AC0D 
 3971      22F225E8 
 3971      72BA5BD7 
 3971      A2
 3972 0301 A5BA7920 		.ascii	"\245\272y \\\275m\375n\007>\356\\_\355\272\263\261\247"
 3972      5CBD6DFD 
 3972      6E073EEE 
 3972      5C5FEDBA 
 3972      B3B1A7
 3973 0314 9B7FC919 		.ascii	"\233\177\311\031X=\354\005\245\214Eb\220\310\366\260"
 3973      583DEC05 
 3973      A58C4562 
 3973      90C8F6B0 
 3974 0324 27637884 		.ascii	"'cx\204\002\266-T\002\002i\3008\016\217D\022\276\240"
 3974      02B62D54 
 3974      020269C0 
 3974      380E8F44 
 3974      12BEA0
 3975 0337 B118C2E7 		.ascii	"\261\030\302\347D\302\251)\204\017\271#xB\306/h\024"
 3975      44C2A929 
 3975      840FB923 
 3975      7842C62F 
 3975      6814
 3976 0349 2233B450 		.ascii	"\"3\264P)h,\002\205@_\323\204\245\034M*@\370\216Hc\021"
 3976      29682C02 
 3976      85405FD3 
 3976      84A51C4D 
 3976      2A40F88E 
 3977 0360 CA77A348 		.ascii	"\312w\243H$\026\201\037Z\250t\224:\012\201\276\240\214"
 3977      2416811F 
 3977      5AA87494 
 3977      3A0A81BE 
 3977      A08C
 3978 0372 281BC01B 		.ascii	"(\033\300\033\303\013PH\2431\012\270\022\217\214*\006"
 3978      C30B5048 
 3978      A3310AB8 
 3978      128F8C2A 
 3978      06
 3979 0383 894324DB 		.ascii	"\211C$\333\033.\374~\033~\277\015J\003\326\006*\035"
 3979      1B2EFC7E 
 3979      1B7EBF0D 
 3979      4A03D606 
 3979      2A1D
 3980 0395 91378239 		.ascii	"\2217\2029\202B\240\017h<\372\220F\337\261\350sB1\214"
 3980      8242A00F 
ARM GAS  C:\Users\PUBLIC~1.LAP\AppData\Local\Temp\ccurW8Og.s 			page 143


 3980      683CFA90 
 3980      46DFB1E8 
 3980      7342318C 
 3981 03a9 31148678 		.ascii	"1\024\206xZ\262P\001\212\030D>I\011\243\2066`\374(P"
 3981      5AB25001 
 3981      8A18443E 
 3981      4909A386 
 3981      3660FC28 
 3982 03be 78E220C2 		.ascii	"x\342 \302Bw\267S\3714\343'}D\365\245\251cq\021*/r\352"
 3982      4277B753 
 3982      F934E327 
 3982      7D44F5A5 
 3982      A9637111 
 3983 03d6 EDBCC5CB 		.ascii	"\355\274\305\313\356nq3)\261\262\010{56\033\373\323"
 3983      EE6E7133 
 3983      29B1B208 
 3983      7B35361B 
 3983      FBD3
 3984 03e8 26E16BE6 		.ascii	"&\341k\346\245yy\230\305\313\224\211(\210\231\2300e"
 3984      A5797998 
 3984      C5CB9489 
 3984      28889998 
 3984      3065
 3985 03fa D115074A 		.ascii	"\321\025\007J\032})H\305)^\361\315\303b\025\337DU[J"
 3985      1A7D2948 
 3985      C5295EF1 
 3985      CDC36215 
 3985      DF44555B 
 3986 040f 4029360A 		.ascii	"@)6\012\024\200\226\250a8\005\021ShH$\020\031IA\222"
 3986      148096A8 
 3986      61380511 
 3986      53684824 
 3986      10194941 
 3987 0424 0EA0221A 		.ascii	"\016\240\"\032*\252\007\022@\204I\010j\210hd\"\205\345"
 3987      2AAA0712 
 3987      40844908 
 3987      6A886864 
 3987      2285E5
 3988 0437 67A53007 		.ascii	"g\2450\007\323\312/\312\340F\364]/pvGk\241\234\364\225"
 3988      D3CA2FCA 
 3988      E046F45D 
 3988      2F707647 
 3988      6BA19CF4 
 3989 044c A3C77814 		.ascii	"\243\307x\024\333\205n\253Nb{\023$S_\302DT\030\227u"
 3989      DB856EAB 
 3989      4E627B13 
 3989      24535FC2 
 3989      44541897 
 3990 0461 F0BE3B75 		.ascii	"\360\276;u\013\355\366\231\021\366\314\234\350T\237"
 3990      0BEDF699 
 3990      11F6CC9C 
 3990      E8549F
 3991 0470 A3567BF2 		.ascii	"\243V{\362\251\307E\005\002\341\017YRLMI%2\340\034\337"
 3991      A9C74505 
 3991      02E10F59 
 3991      524C4D49 
 3991      2532E01C 
ARM GAS  C:\Users\PUBLIC~1.LAP\AppData\Local\Temp\ccurW8Og.s 			page 144


 3992 0485 90B929BD 		.ascii	"\220\271)\275De:Q+Q\242\277\037\275\355\246\310\240"
 3992      44653A51 
 3992      2B51A2BF 
 3992      1FBDEDA6 
 3992      C8A0
 3993 0497 169FFDAD 		.ascii	"\026\237\375\255\325\023\233\356\036\214\003J\237\202"
 3993      D5139BEE 
 3993      1E8C034A 
 3993      9F82
 3994 04a5 1A2DB569 		.ascii	"\032-\265iaa\237\207\023X\213 \231i1\020fN\026\302z"
 3994      61619F87 
 3994      13588B20 
 3994      99693110 
 3994      664E16C2 
 3995 04ba 85E98136 		.ascii	"\205\351\2016e\316\2721~\227\3605\271\3779K\265\304"
 3995      65CEBA31 
 3995      7E97F035 
 3995      B9FF394B 
 3995      B5C4
 3996 04cc 257D13C7 		.ascii	"%}\023\307\024\365\0265;h\3130\255\361\012\263\372\273"
 3996      14F51635 
 3996      3B68CB30 
 3996      ADF10AB3 
 3996      FABB
 3997 04de D3400F87 		.ascii	"\323@\017\207\254/\371\026}\"\310\003\305\242k0(\315"
 3997      AC2FF916 
 3997      7D22C803 
 3997      C5A26B30 
 3997      28CD
 3998 04f0 40FE2C00 		.ascii	"@\376,\000\247\2321\213\270'\312'\3767\266\316[\025"
 3998      A79A318B 
 3998      B827CA27 
 3998      FE37B6CE 
 3998      5B15
 3999 0502 9B8CE51E 		.ascii	"\233\214\345\036?\216\033\202\205j\377f\251\251\311"
 3999      3F8E1B82 
 3999      856AFF66 
 3999      A9A9C9
 4000 0511 98535237 		.ascii	"\230SR7G\320\245\244\010\2357\17764^\004\341\367U\222"
 4000      47D0A5A4 
 4000      089D377F 
 4000      36345E04 
 4000      E1F75592 
 4001 0525 3B096A71 		.ascii	";\011jq>;\020\345\233r\334y\364%\344\316\260T\200\010"
 4001      3E3B10E5 
 4001      9B72DC79 
 4001      F425E4CE 
 4001      B0548008 
 4002 0539 28087962 		.ascii	"(\010ybM\306%\377wBP\012\232P\252\027\374\262\316\373"
 4002      4DC625FF 
 4002      7742500A 
 4002      9A50AA17 
 4002      FCB2CEFB 
 4003 054d 23C3FC01 		.ascii	"#\303\374\001"
 4004              		.text
 4005              		.section	.gnu.lto_chEvtWaitAllTimeout.2968.840cf08d,"e",%progbits
 4006 0000 28B52FFD 		.ascii	"(\265/\375`}\007-'\000\312A\020\017F`\336Q:\2630\015"
ARM GAS  C:\Users\PUBLIC~1.LAP\AppData\Local\Temp\ccurW8Og.s 			page 145


 4006      607D072D 
 4006      2700CA41 
 4006      100F4660 
 4006      DE513AB3 
 4007 0016 3FE3BCA3 		.ascii	"?\343\274\243b\266>\016K\267\035w\275\265\352\250\371"
 4007      62B63E0E 
 4007      4BB71D77 
 4007      BDB5EAA8 
 4007      F9
 4008 0027 9273628B 		.ascii	"\222sb\213\300\272\177\213\353$\227\332F\365\005\366"
 4008      C0BA7F8B 
 4008      EB2497DA 
 4008      46F505F6 
 4009 0037 9ABFDB28 		.ascii	"\232\277\333(\031\030z6d\300\363,W_\205+\220\020O<\350"
 4009      19187A36 
 4009      64C0F32C 
 4009      575F852B 
 4009      90104F3C 
 4010 004c C5296B09 		.ascii	"\305)k\011!do\231\002\326\000\324\000\346\000*]\025"
 4010      21646F99 
 4010      02D600D4 
 4010      00E6002A 
 4010      5D15
 4011 005e DBD7542F 		.ascii	"\333\327T/\257z\255\341\223sf;}W\211\361\263\235\246"
 4011      AF7AADE1 
 4011      9373663B 
 4011      7D5789F1 
 4011      B39DA6
 4012 0071 3F8DB7DA 		.ascii	"?\215\267\332Y!/I\177\032Ug\256\334sz\224cs9/%t\372"
 4012      59212F49 
 4012      7F1A5567 
 4012      AEDC737A 
 4012      94637339 
 4013 0089 14425592 		.ascii	"\024BU\222.\332\014t@\276b\346(\261\353T\010J\322oK"
 4013      2EDA0C74 
 4013      40BE62E6 
 4013      28B1EB54 
 4013      084AD26F 
 4014 009e 419E9733 		.ascii	"A\236\2273Z\232/9/'\374\302\256\323\377\357(}F\343H"
 4014      5A9A2F39 
 4014      2F27FCC2 
 4014      AED3FFEF 
 4014      287D46E3 
 4015 00b3 743906A6 		.ascii	"t9\006\246\301\313m\215O\316\313v\250\015\250\235\242"
 4015      C1CB6D8D 
 4015      4FCECB76 
 4015      A80DA89D 
 4015      A2
 4016 00c4 4D40ED14 		.ascii	"M@\355\024'id\363v\253\232\242\370\"\3375\232\027Tj"
 4016      276964F3 
 4016      76AB9AA2 
 4016      F822DF35 
 4016      9A17546A 
 4017 00d8 C163842B 		.ascii	"\301c\204+H\3570\223\346\212\266<\266<\031p\007\312"
 4017      48EF3093 
 4017      E68AB63C 
 4017      B63C1970 
ARM GAS  C:\Users\PUBLIC~1.LAP\AppData\Local\Temp\ccurW8Og.s 			page 146


 4017      07CA
 4018 00ea DBD5553B 		.ascii	"\333\325U;\031\244\323\225\271dO\326\226\217F\321\006"
 4018      19A4D395 
 4018      B9644FD6 
 4018      968F46D1 
 4018      06
 4019 00fb 6244FA04 		.ascii	"bD\372\004\330\262B\207\232l\256\330-\033\027\243\006"
 4019      D8B24287 
 4019      9A6CAED8 
 4019      2D1B17A3 
 4019      06
 4020 010c E28ED069 		.ascii	"\342\216\320i9\036@\320\010`hz\264Z\337\034[U\367\256"
 4020      391E40D0 
 4020      0860687A 
 4020      B45ADF1C 
 4020      5B55F7AE 
 4021 0120 1C72CEBF 		.ascii	"\034r\316\277Y[\\}\000\375\377\353o\343\257>\005k\314"
 4021      595B5C7D 
 4021      00FDFFEB 
 4021      6FE3AF3E 
 4021      056BCC
 4022 0133 E4C07477 		.ascii	"\344\300tw\021\371\362a\366\204\353./5Za\317\004\316"
 4022      11F9F261 
 4022      F684EB2E 
 4022      2F355A61 
 4022      CF04CE
 4023 0146 312CEEB4 		.ascii	"1,\356\264n\265\346\235)\307\260\346\222nW\321g\250"
 4023      6EB5E69D 
 4023      29C7B0E6 
 4023      926E57D1 
 4023      67A8
 4024 0158 DCBEA2CD 		.ascii	"\334\276\242\3158\355r\316Gd\272\214\357]\326\351\177"
 4024      38ED72CE 
 4024      4764BA8C 
 4024      EF5DD6E9 
 4024      7F
 4025 0169 C0DB5940 		.ascii	"\300\333Y@\265S\026\007\221\245%o\240\267[\363\310<"
 4025      B5531607 
 4025      91A5256F 
 4025      A0B75BF3 
 4025      C83C
 4026 017b FB8B8C9A 		.ascii	"\373\213\214\232!M\236\255\326\015\304\371&\227\257"
 4026      214D9EAD 
 4026      D60DC4F9 
 4026      2697AF
 4027 018a 9F7F5975 		.ascii	"\237\177Yu\261\330\337h\306G\376F\353\016j)\335=|\317"
 4027      B1D8DF68 
 4027      C647FE46 
 4027      EB0E6A29 
 4027      DD3D7CCF 
 4028 019e FE7E65EF 		.ascii	"\376~e\357U\366>e\357\321\336=f\357/{\337\007Pe\333"
 4028      55F63E65 
 4028      EFD1DE3D 
 4028      66EF2F7B 
 4028      DF075065 
 4029 01b3 1C9C2AB2 		.ascii	"\034\234*\262$%\313\274\243\356Of\223\202y\362~k1\304"
 4029      2425CBBC 
ARM GAS  C:\Users\PUBLIC~1.LAP\AppData\Local\Temp\ccurW8Og.s 			page 147


 4029      A3EE4F66 
 4029      938279F2 
 4029      7E6B31C4 
 4030 01c7 0EF395CE 		.ascii	"\016\363\225\316\215\026\015\346*\032\346p\314\331\033"
 4030      8D160DE6 
 4030      2A1AE670 
 4030      CCD91B
 4031 01d6 F1F7D26E 		.ascii	"\361\367\322n/z\371\"\035K\222^^\374\\\266\26411\302"
 4031      2F7AF922 
 4031      1D4B925E 
 4031      5EFC5CB6 
 4031      B43131C2 
 4032 01ea 9605CB8F 		.ascii	"\226\005\313\217\350\252\330\320V\035N\254\240\365\332"
 4032      E8AAD8D0 
 4032      561D4EAC 
 4032      A0F5DA
 4033 01f9 CF3E4633 		.ascii	"\317>F3\277\352\271Rfl+\017\011\234\200\2244\327\222"
 4033      BFEAB952 
 4033      666C2B0F 
 4033      099C8094 
 4033      34D792
 4034 020c BB295871 		.ascii	"\273)XqlY\260\\\241\223p\205+n\375\240b\374\304D\263"
 4034      6C59B05C 
 4034      A1937085 
 4034      2B6EFDA0 
 4034      62FCC444 
 4035 0221 E00661B6 		.ascii	"\340\006a\266\031\250\177\210\245\333Y\030\033\025\271"
 4035      19A87F88 
 4035      A5DB5918 
 4035      1B15B9
 4036 0230 81F3899C 		.ascii	"\201\363\211\234\317\036\376I\264\033\244\200\261\227"
 4036      CF1EFE49 
 4036      B41BA480 
 4036      B197
 4037 023e E8364C41 		.ascii	"\3506LAqr\316\010\310\276\210\234x\220t\235%\325n3b"
 4037      7172CE08 
 4037      C8BE889C 
 4037      7890749D 
 4037      25D56E33 
 4038 0253 53EAD226 		.ascii	"S\352\322&\245\023\254\2709\\\232\327\366c\013W\230"
 4038      A513ACB8 
 4038      395C9AD7 
 4038      F6630B57 
 4038      98
 4039 0264 B6341F66 		.ascii	"\2664\037f\317\005b\344\034t\223\312\003!fr\010\232"
 4039      CF0562E4 
 4039      1C7493CA 
 4039      03216672 
 4039      089A
 4040 0276 44B47477 		.ascii	"D\264tw\011\361\322\012{fp6\273l\015\031\030\3323\324"
 4040      09F1D20A 
 4040      7B667036 
 4040      BB6C0D19 
 4040      18DA33D4 
 4041 028a 20FCC494 		.ascii	" \374\304\224C\344<s\337\350\342\3020\026{\017_\254"
 4041      43E43C73 
 4041      DFE8E2C2 
ARM GAS  C:\Users\PUBLIC~1.LAP\AppData\Local\Temp\ccurW8Og.s 			page 148


 4041      30167B0F 
 4041      5FAC
 4042 029c 80E9B471 		.ascii	"\200\351\264q\373\274\207\033_\214\273\\\001\251\272"
 4042      FBBC871B 
 4042      5F8CBB5C 
 4042      01A9BA
 4043 02ab 81FE9F68 		.ascii	"\201\376\237h5\310w\232 \212.\243R;m,@\204\222\011V"
 4043      35C8779A 
 4043      208A2EA3 
 4043      523B6D2C 
 4043      40849209 
 4044 02c0 9E03707B 		.ascii	"\236\003p{\220\300\351\321\012\313\323\315\377\274\024"
 4044      90C0E9D1 
 4044      0ACBD3CD 
 4044      FFBC14
 4045 02cf 3BABDB06 		.ascii	";\253\333\006B\247\027\356\375;\250q\353\336b\232\327"
 4045      42A717EE 
 4045      FD3BA871 
 4045      EBDE629A 
 4045      D7
 4046 02e0 46452E4C 		.ascii	"FE.L\367\220\2663\261:\317\027\016\001\251\212\304!"
 4046      F790B633 
 4046      B13ACF17 
 4046      0E01A98A 
 4046      C421
 4047 02f2 70B85E38 		.ascii	"p\270^8\004%4J\375v\017\026\375~,\234\214B\343\020D"
 4047      0425344A 
 4047      FD760F16 
 4047      FD7E2C9C 
 4047      8C42E310 
 4048 0307 0B2C1295 		.ascii	"\013,\022\225Z&\020LKJ\355Q\006p\004\224\017X\014\036"
 4048      5A26104C 
 4048      4B4AED51 
 4048      06700494 
 4048      0F580C1E 
 4049 031b 313C5804 		.ascii	"1<X\004,\022\177\301_\2734\341\010\306\222\211\016\255"
 4049      2C127FC1 
 4049      5FBB34E1 
 4049      08C69289 
 4049      0EAD
 4050 032d F158244A 		.ascii	"\361X$J\265Q\304\341\220\370\333\360`\221\221\312\030"
 4050      B551C4E1 
 4050      90F8DBF0 
 4050      609191CA 
 4050      18
 4051 033e FCB540A8 		.ascii	"\374\265@\250)\027\277(\241\221\324\261X\234\372\251"
 4051      2917BF28 
 4051      A191D4B1 
 4051      589CFAA9 
 4052 034e C7292270 		.ascii	"\307)\"p(<\256G2\362\371\220|>\244\242\002\352\177E"
 4052      283CAE47 
 4052      32F2F990 
 4052      7C3EA4A2 
 4052      02EA7F45 
 4053 0362 C6631410 		.ascii	"\306c\024\020\0060\370k\177Ec{,\266Fb\313DB\370$\014"
 4053      0630F86B 
 4053      7F45637B 
ARM GAS  C:\Users\PUBLIC~1.LAP\AppData\Local\Temp\ccurW8Og.s 			page 149


 4053      2CB64662 
 4053      CB4442F8 
 4054 0378 2A351D59 		.ascii	"*5\035Y\250 5\004\036\233\250\202SB\027N>\012\024\232"
 4054      A8203504 
 4054      1E9BA882 
 4054      5342174E 
 4054      3E0A149A 
 4055 038c 3478B0F0 		.ascii	"4x\260\360\377\313d\243\031\037y\220\325\031\260]\017"
 4055      FFCB64A3 
 4055      191F7990 
 4055      D519B05D 
 4055      0F
 4056 039d EFB01A63 		.ascii	"\357\260\032c'}#\325\025g\375_\3619$q\222\207*\265\340"
 4056      277D23D5 
 4056      1567FD5F 
 4056      F1392471 
 4056      92872AB5 
 4057 03b2 58635AA9 		.ascii	"XcZ\251R\247b:\310^g\345I1\212U|\337\364p\212/\240+"
 4057      52A7623A 
 4057      C85E67E5 
 4057      49318A55 
 4057      7CDFF470 
 4058 03ca AFA413C5 		.ascii	"\257\244\023\305=9i\001\200\205\250a,$\2253\312\224"
 4058      3D396901 
 4058      8085A861 
 4058      2C249533 
 4058      CA94
 4059 03dc 48203292 		.ascii	"H 2\222$)\034\260\242!\242\352\006\022 \2055\350844"
 4059      24291CB0 
 4059      A221A2EA 
 4059      06122085 
 4059      35E83834 
 4060 03f1 327161F9 		.ascii	"2qa\371Y)\314\001\223\312/.\343EJ\207\356\026m\332\354"
 4060      5929CC01 
 4060      93CA2F2E 
 4060      E3454A87 
 4060      EE166DDA 
 4061 0406 8287E9FB 		.ascii	"\202\207\351\373\260\244\260\310&\317\272\346_B\002"
 4061      B0A4B0C8 
 4061      26CFBAE6 
 4061      5F4202
 4062 0415 2122D56A 		.ascii	"!\"\325j\010\005i\006(\322\357\342]\233vbi'\327\201"
 4062      08056906 
 4062      28D2EFE2 
 4062      5D9B7662 
 4062      6927D781 
 4063 0429 34586775 		.ascii	"4Xgu\351\354\370\246\212|\316\217\334\366\356w\250$"
 4063      E9ECF8A6 
 4063      8A7CCE8F 
 4063      DCF6EE77 
 4063      A824
 4064 043b EC8EEE05 		.ascii	"\354\216\356\005\037Jz\003q\027D\271\250\026\355'\214"
 4064      1F4A7A03 
 4064      711744B9 
 4064      A816ED27 
 4064      8C
 4065 044c EED41417 		.ascii	"\356\324\024\027\245\365\021\0008\215\305\337\274R\232"
ARM GAS  C:\Users\PUBLIC~1.LAP\AppData\Local\Temp\ccurW8Og.s 			page 150


 4065      A5F51100 
 4065      388DC5DF 
 4065      BC529A
 4066 045b 5F24D396 		.ascii	"_$\323\226\031\264@jJv0\337n\243\341\002\256*\017\011"
 4066      19B4406A 
 4066      4A7630DF 
 4066      6EA3E102 
 4066      AE2A0F09 
 4067 046f C9CD86E5 		.ascii	"\311\315\206\345\307\032S'\327U\375\316si\226\361\271"
 4067      C71A5327 
 4067      D755FDCE 
 4067      736996F1 
 4067      B9
 4068 0480 0E8A7EE6 		.ascii	"\016\212~\346\250S\032\225\327\355E;\231\037\307.R\014"
 4068      A8531A95 
 4068      D7ED453B 
 4068      991FC72E 
 4068      520C
 4069 0492 BA9882C8 		.ascii	"\272\230\202\3105\035\022\316Pn\213\216\266\276s\354"
 4069      351D12CE 
 4069      506E8B8E 
 4069      B6BE73EC 
 4070 04a2 289EFBED 		.ascii	"(\236\373\3556\315On\367\266\034.n\3416\262\360C\325"
 4070      36CD4F6E 
 4070      F7B61C2E 
 4070      6EE136B2 
 4070      F043D5
 4071 04b5 D054346D 		.ascii	"\320T4m=j\324\"\017?\024\275\363X\301\257\317\011\325"
 4071      3D6AD422 
 4071      0F3F14BD 
 4071      F358C1AF 
 4071      CF09D5
 4072 04c8 E4651D4E 		.ascii	"\344e\035N\366\251h\200\030\011\262\262\246 N\034\320"
 4072      F6A96880 
 4072      1809B2B2 
 4072      A6204E1C 
 4072      D0
 4073 04d9 0F5CC0BF 		.ascii	"\017\\\300\277\343u\035,\214\3652\237Y\014r{\341\003"
 4073      E3751D2C 
 4073      8CF5329F 
 4073      590C727B 
 4073      E103
 4074 04eb 462F8F1A 		.ascii	"F/\217\032"
 4075              		.text
 4076              		.section	.gnu.lto_chEvtSignalI.part.0.2998.840cf08d,"e",%progbits
 4077 0000 28B52FFD 		.ascii	"(\265/\375`F\001\035\016\000\206Z_F\360\2226\035*4\225"
 4077      6046011D 
 4077      0E00865A 
 4077      5F46F092 
 4077      361D2A34 
 4078 0015 1DC1813B 		.ascii	"\035\301\201;yLd\036\014\277=\377\223\2665\347dE\300"
 4078      794C641E 
 4078      0CBF3DFF 
 4078      93B635E7 
 4078      6445C0
 4079 0028 B38D3DFD 		.ascii	"\263\215=\375\034\343&\010\353U\2066%T:@\243LlD\355"
 4079      1CE32608 
ARM GAS  C:\Users\PUBLIC~1.LAP\AppData\Local\Temp\ccurW8Og.s 			page 151


 4079      EB558636 
 4079      25543A40 
 4079      A34C6C44 
 4080 003d 6BA07AE7 		.ascii	"k\240z\347\177!z\226\037\020Z\027\271\360\321\244\201"
 4080      7F217A96 
 4080      1F105A17 
 4080      B9F0D1A4 
 4080      81
 4081 004e 68B637D9 		.ascii	"h\2667\3312\245F\000M\000H\0007\273,\003\2376\361|\022"
 4081      32A54600 
 4081      4D004800 
 4081      37BB2C03 
 4081      9F36F17C 
 4082 0063 F827FBC4 		.ascii	"\370'\373\304. \373\264\237\302\266)\2652\026m\034g"
 4082      2E20FBB4 
 4082      9FC2B629 
 4082      B532166D 
 4082      1C67
 4083 0075 45D81A32 		.ascii	"E\330\0322bt\354\256\366)K\\\274TL\364\357:\310\011"
 4083      6274ECAE 
 4083      F6294B5C 
 4083      BC544CF4 
 4083      EF3AC809 
 4084 0089 A5E13204 		.ascii	"\245\3412\004\365\341\032\340XG\301\356\332\003\342"
 4084      F5E11AE0 
 4084      5847C1EE 
 4084      DA03E2
 4085 0098 9EB76D62 		.ascii	"\236\267mb;\305>\212\036~\360\330\231\031\343\304[\267"
 4085      3BC53E8A 
 4085      1E7EF0D8 
 4085      9919E3C4 
 4085      5BB7
 4086 00aa DF32F92E 		.ascii	"\3372\371.\213\330\276\315*T\007\273\301F\201O\277%"
 4086      8BD8BECD 
 4086      2A5407BB 
 4086      C146814F 
 4086      BF25
 4087 00bc DA229F18 		.ascii	"\332\"\237\030\034j\007\016\254\335\005\221\204@\221"
 4087      1C6A070E 
 4087      ACDD0591 
 4087      844091
 4088 00cb 7A9B5538 		.ascii	"z\233U8\343\306\017<\237j\233^S\302X;B\206\344\204\242"
 4088      E3C60F3C 
 4088      9F6A9B5E 
 4088      53C2583B 
 4088      4286E484 
 4089 00e0 7A95AFE2 		.ascii	"z\225\257\342+\304\327\224\014\262\253b\021\212\323"
 4089      2BC4D794 
 4089      0CB2AB62 
 4089      118AD3
 4090 00ef 2367F565 		.ascii	"#g\365e\277\223\331*\207\301\002 e_\370\213O\336\330"
 4090      BF93D92A 
 4090      87C10220 
 4090      655FF88B 
 4090      4FDED8
 4091 0102 DD131719 		.ascii	"\335\023\027\031^|\023\237~)\373\374\244r\214\352\303"
 4091      5E7C139F 
ARM GAS  C:\Users\PUBLIC~1.LAP\AppData\Local\Temp\ccurW8Og.s 			page 152


 4091      7E29FBFC 
 4091      A4728CEA 
 4091      C3
 4092 0113 773D0467 		.ascii	"w=\004gG\316\252\337\342o]\365\345\257\356\005\243\276"
 4092      47CEAADF 
 4092      E26F5DF5 
 4092      E5AFEE05 
 4092      A3BE
 4093 0125 2C3149C2 		.ascii	",1I\302>\266\222\306\276\352\377\374\204D\354\006\037"
 4093      3EB692C6 
 4093      BEEAFFFC 
 4093      8444EC06 
 4093      1F
 4094 0136 B8D2C174 		.ascii	"\270\322\301t\2317\004\034\267q\334V2\240\005T\217J"
 4094      9937041C 
 4094      B771DC56 
 4094      32A00554 
 4094      8F4A
 4095 0148 3E70A583 		.ascii	">p\245\203\351H#m\344\362i\240\213\366\261h)\020<\012"
 4095      E948236D 
 4095      E4F269A0 
 4095      8BF6B168 
 4095      29103C0A 
 4096 015c 1E8981E8 		.ascii	"\036\211\201\350$t\240E\245\003E!\351\305\2630\201\003"
 4096      2474A045 
 4096      A5034521 
 4096      E9C5B330 
 4096      8103
 4097 016e 8144091A 		.ascii	"\201D\011\032\204l\353\261\2254\022P4F9\312\021\275"
 4097      846CEBB1 
 4097      95341250 
 4097      344639CA 
 4097      11BD
 4098 0180 B4BD0AFA 		.ascii	"\264\275\012\372\223\267\231\030\271\016\033\000.\263"
 4098      93B79918 
 4098      B90E1B00 
 4098      2EB3
 4099 018e 50970C13 		.ascii	"P\227\014\023\320V\360\256\325 \357%R-\301\301^S-u\007"
 4099      D056F0AE 
 4099      D520EF25 
 4099      522DC1C1 
 4099      5E532D75 
 4100 01a3 645CC315 		.ascii	"d\\\303\025Y1\352\241b\221[\016K\034\246\005\340\032"
 4100      5931EAA1 
 4100      62915B0E 
 4100      4B1CA605 
 4100      E01A
 4101 01b5 57D2820A 		.ascii	"W\322\202\012\221gI\363\031\333\346yN\263\342\232\213"
 4101      916749F3 
 4101      19DBE679 
 4101      4EB3E29A 
 4101      8B
 4102 01c6 29A7E5F4 		.ascii	")\247\345\364k\313\030"
 4102      6BCB18
 4103              		.text
 4104              		.section	.gnu.lto_.symbol_nodes.840cf08d,"e",%progbits
 4105 0000 28B52FFD 		.ascii	"(\265/\375`m\002\275\013\000\224\021i\003\000\000\000"
ARM GAS  C:\Users\PUBLIC~1.LAP\AppData\Local\Temp\ccurW8Og.s 			page 153


 4105      606D02BD 
 4105      0B009411 
 4105      69030000 
 4105      00
 4106 0011 02A7167F 		.ascii	"\002\247\026\177\025\200\200\200\200\004\001\220\316"
 4106      15808080 
 4106      80040190 
 4106      CE
 4107 001e 00007F00 		.ascii	"\000\000\177\000\000\271\220\202\202\200\006\000\000"
 4107      00B99082 
 4107      82800600 
 4107      00
 4108 002b 00059C17 		.ascii	"\000\005\234\027\026`\266\027\177\027\224\202\202\200"
 4108      1660B617 
 4108      7F179482 
 4108      8280
 4109 0039 2084177F 		.ascii	" \204\027\177\030\272\220\202\002\205\027\177\031\206"
 4109      18BA9082 
 4109      0285177F 
 4109      1986
 4110 0047 177F1A87 		.ascii	"\027\177\032\207\027\177\033\210\027\177\034\252\333"
 4110      177F1B88 
 4110      177F1CAA 
 4110      DB
 4111 0054 E2368917 		.ascii	"\3426\211\027\177\035\212\027\177\036\213\027\177\037"
 4111      7F1D8A17 
 4111      7F1E8B17 
 4111      7F1F
 4112 0062 8C177F20 		.ascii	"\214\027\177 \215\027\177!\216\027\177\"\377\377\377"
 4112      8D177F21 
 4112      8E177F22 
 4112      FFFFFF
 4113 0071 FF038F17 		.ascii	"\377\003\217\027\177#\220\027\177$\360\372\2508\221"
 4113      7F239017 
 4113      7F24F0FA 
 4113      A83891
 4114 0080 177F2592 		.ascii	"\027\177%\222\027\177&\223\027\177'\224\027\177(\225"
 4114      177F2693 
 4114      177F2794 
 4114      177F2895 
 4115 0090 177F2996 		.ascii	"\027\177)\226\027\177*\227\027\177+\230\027\177,\001"
 4115      177F2A97 
 4115      177F2B98 
 4115      177F2C01 
 4116 00a0 A1177F2D 		.ascii	"\241\027\177-\037\000\000\200\220\200\001\243\027\177"
 4116      1F000080 
 4116      908001A3 
 4116      177F
 4117 00ae 2EA7177F 		.ascii	".\247\027\177/\250\027\1770\003\002\030\304\001\003"
 4117      2FA8177F 
 4117      30030218 
 4117      C40103
 4118 00bd 0908A207 		.ascii	"\011\010\242\007\003\012\000\015\002\306\225\225\210"
 4118      030A000D 
 4118      02C69595 
 4118      88
 4119 00ca 0101820B 		.ascii	"\001\001\202\013\003\016\015\342\007\003\016\031\244"
ARM GAS  C:\Users\PUBLIC~1.LAP\AppData\Local\Temp\ccurW8Og.s 			page 154


 4119      030E0DE2 
 4119      07030E19 
 4119      A4
 4120 00d7 0A030F0D 		.ascii	"\012\003\017\015\323\275\203\257\002\001\302\013\003"
 4120      D3BD83AF 
 4120      0201C20B 
 4120      03
 4121 00e4 100F8207 		.ascii	"\020\017\202\007\003\020\304\007\004\021\310\302\353"
 4121      0310C407 
 4121      0411C8C2 
 4121      EB
 4122 00f1 E30101B5 		.ascii	"\343\001\001\265\016\003\022\032\320\360\372\250\001"
 4122      0E03121A 
 4122      D0F0FAA8 
 4122      01
 4123 00fe 01C40E03 		.ascii	"\001\304\016\003\023\024\032\310\377\241\372\001\001"
 4123      13141AC8 
 4123      FFA1FA01 
 4123      01
 4124 010b E40B0315 		.ascii	"\344\013\003\025\033\344\377\220\375\000\001\304\026"
 4124      1BE4FF90 
 4124      FD0001C4 
 4124      16
 4125 0118 0316171B 		.ascii	"\003\026\027\033\202\270\226\245\001\001\344\023\000"
 4125      82B896A5 
 4125      0101E413 
 4125      00
 4126 0125 2B200003 		.ascii	"+ \000\003\231\241u\003a\267|\01793\226\207F\214\357"
 4126      99A17503 
 4126      61B77C0F 
 4126      39339687 
 4126      468CEF
 4127 0138 45FB43F3 		.ascii	"E\373C\363\014cM\012$_AC\310\322s\023&\303R\014t4\301"
 4127      0C634D0A 
 4127      245F4143 
 4127      C8D27313 
 4127      26C3520C 
 4128 014f 47AA8FF8 		.ascii	"G\252\217\370#\311\037\361G(\232\364#\312\021\356#\221"
 4128      23C91FF1 
 4128      47289AF4 
 4128      23CA11EE 
 4128      2391
 4129 0161 139F4E24 		.ascii	"\023\237N$\000\202\203\370\310\217\340'3\004\220\020"
 4129      008283F8 
 4129      C88FE027 
 4129      33049010 
 4130 0171 DC47F808 		.ascii	"\334G\370\010<\341\026\271#n\240!\244\206eO"
 4130      3CE116B9 
 4130      236EA021 
 4130      A486654F 
 4131              		.text
 4132              		.section	.gnu.lto_.refs.840cf08d,"e",%progbits
 4133 0000 28B52FFD 		.ascii	"(\265/\375 A\215\001\0004\002=\000\000\000\001\000\000"
 4133      20418D01 
 4133      0034023D 
 4133      00000001 
 4133      0000
ARM GAS  C:\Users\PUBLIC~1.LAP\AppData\Local\Temp\ccurW8Og.s 			page 155


 4134 0012 01020001 		.ascii	"\001\002\000\001\005\000\001\004\000\001\006\000\001"
 4134      05000104 
 4134      00010600 
 4134      01
 4135 001f 14000108 		.ascii	"\024\000\001\010\022\023\024\025\026\027\000\001\004"
 4135      12131415 
 4135      16170001 
 4135      04
 4136 002c 00000604 		.ascii	"\000\000\006\004\002@\300\001\006$\345\3622\006"
 4136      0240C001 
 4136      0624E5F2 
 4136      3206
 4137              		.text
 4138              		.section	.gnu.lto_.decls.840cf08d,"e",%progbits
 4139 0000 28B52FFD 		.ascii	"(\265/\375`\2030\035\302\000\232)]BW \012QJ\035\025"
 4139      6083301D 
 4139      C2009A29 
 4139      5D425720 
 4139      0A514A1D 
 4140 0015 46F1D03C 		.ascii	"F\361\320<\012\232u\020\305\355l\244\373\025\202?4'"
 4140      0A9A7510 
 4140      C5ED6CA4 
 4140      FB15823F 
 4140      3427
 4141 0027 2BE0A89D 		.ascii	"+\340\250\235\012|05\313\000\240\013E\224\005\005\022"
 4141      0A7C3035 
 4141      CB00A00B 
 4141      45940505 
 4141      12
 4142 0038 BD967405 		.ascii	"\275\226t\005\354D,\\\235\005\332\266\024\326\252\345"
 4142      EC442C5C 
 4142      9D05DAB6 
 4142      14D6AAE5 
 4143 0048 7983E35A 		.ascii	"y\203\343Z\236\317\005h\312\212\333\275Xd\214Q\201\224"
 4143      9ECF0568 
 4143      CA8ADBBD 
 4143      58648C51 
 4143      8194
 4144 005a B13B2DE2 		.ascii	"\261;-\342{\032)\273\255\224I\246\264\003\007\0040\004"
 4144      7B1A29BB 
 4144      AD9449A6 
 4144      B4030704 
 4144      3004
 4145 006c DAB394F6 		.ascii	"\332\263\224\366\374\244k\246l\260\231\035\271}\226"
 4145      FCA46BA6 
 4145      6CB0991D 
 4145      B97D96
 4146 007b C2685B5F 		.ascii	"\302h[_\316\317\236W|\324\327\3106\220|X\365i\307{4"
 4146      CECF9E57 
 4146      7CD4D7C8 
 4146      36907C58 
 4146      F569C77B 
 4147 0090 1E2AC90A 		.ascii	"\036*\311\012(k\237\245\217\007\226\324\342\363;\375"
 4147      286B9FA5 
 4147      8F0796D4 
 4147      E2F33BFD 
 4148 00a0 3B0180CB 		.ascii	";\001\200\313\336A\377\3643\374\235^\306\275\027\334"
ARM GAS  C:\Users\PUBLIC~1.LAP\AppData\Local\Temp\ccurW8Og.s 			page 156


 4148      DE41FFF4 
 4148      33FC9D5E 
 4148      C6BD17DC 
 4149 00b0 7B014D0C 		.ascii	"{\001M\014Y\220\225\026kv|\247\035[\321\027\360\024"
 4149      59909516 
 4149      6B767CA7 
 4149      1D5BD117 
 4149      F014
 4150 00c2 A67F018C 		.ascii	"\246\177\001\214Rk\233~~\026\337\342F7x\027k\263I\272"
 4150      526B9B7E 
 4150      7E16DFE2 
 4150      46377817 
 4150      6BB349BA 
 4151 00d6 B9FCACB4 		.ascii	"\271\374\254\264\372\360\336\264\337\015\326\021\334"
 4151      FAF0DEB4 
 4151      DF0DD611 
 4151      DC
 4152 00e3 0D56C749 		.ascii	"\015V\307I\264\005\367f]\221\247\246P\321@\323\216\305"
 4152      B405F766 
 4152      5D91A7A6 
 4152      50D140D3 
 4152      8EC5
 4153 00f5 8E82485B 		.ascii	"\216\202H[Q\326\244\332qT?\321\027\335h\005\317\364"
 4153      51D6A4DA 
 4153      71543FD1 
 4153      17DD6805 
 4153      CFF4
 4154 0107 0E3C70BC 		.ascii	"\016<p\274\034\262\253/z]z\\\371\354XK\373\255`\275"
 4154      1CB2AB2F 
 4154      7A5D7A5C 
 4154      F9EC584B 
 4154      FBAD60BD 
 4155 011b 7DB782D5 		.ascii	"}\267\202\325\361\225\256\2718\253\236\313%Y\271Y\236"
 4155      F195AEB9 
 4155      38AB9ECB 
 4155      2559B959 
 4155      9E
 4156 012c A25CB9E8 		.ascii	"\242\\\271\350\023\312\005\303\313&\015\213\261\262"
 4156      13CA05C3 
 4156      CB260D8B 
 4156      B1B2
 4157 013a EADE522D 		.ascii	"\352\336R-aV\346n]\216\347\223;6\326\326\345\367//\337"
 4157      6156E66E 
 4157      5D8EE793 
 4157      3B36D6D6 
 4157      E5F72F2F 
 4158 014f 07BDD0DD 		.ascii	"\007\275\320\335r\373n\364rq.w\357\326U\240\342\203"
 4158      72FB6EF4 
 4158      72712E77 
 4158      EFD655A0 
 4158      E283
 4159 0161 41CDC190 		.ascii	"A\315\301\220\363RE\011\222\271\012\331\277N\373C\321"
 4159      F3524509 
 4159      92B90AD9 
 4159      BF4EFB43 
 4159      D1
 4160 0172 FE703AAF 		.ascii	"\376p:\257kF\012\262\317\027o\275\363\302\361Uv\207"
ARM GAS  C:\Users\PUBLIC~1.LAP\AppData\Local\Temp\ccurW8Og.s 			page 157


 4160      6B460AB2 
 4160      CF176FBD 
 4160      F3C2F155 
 4160      7687
 4161 0184 45C6868D 		.ascii	"E\306\206\215\274\275\317W~y4\360\206\330\335\352X\214"
 4161      BCBDCF57 
 4161      7E7934F0 
 4161      86D8DDEA 
 4161      588C
 4162 0196 A221A8F6 		.ascii	"\242!\250\366\327\322\227\356R\271Q\340\255\262ir\212"
 4162      D7D297EE 
 4162      52B951E0 
 4162      ADB26972 
 4162      8A
 4163 01a7 30BE2C56 		.ascii	"0\276,V\032\305\005\256@\340\352oC\273_\271)4V\276\204"
 4163      1AC505AE 
 4163      40E0EA6F 
 4163      43BB5FB9 
 4163      293456BE 
 4164 01bc A89FA75C 		.ascii	"\250\237\247\\)\277&\033\224\351g\177\030\332\277\251"
 4164      29BF261B 
 4164      94E9677F 
 4164      18DABFA9 
 4165 01cc FD5568FF 		.ascii	"\375Uh\377 \355\277\365\206{\263\272]\2001\253\341\204"
 4165      20EDBFF5 
 4165      867BB3BA 
 4165      5D8031AB 
 4165      E184
 4166 01de C6E7142E 		.ascii	"\306\347\024.\332\205\213\011\356\315\265\027w\2437"
 4166      DA858B09 
 4166      EECDB517 
 4166      77A337
 4167 01ed 854BDD39 		.ascii	"\205K\3359\027~jI\250\370\310\331\375\302\275i,\026"
 4167      177E6A49 
 4167      A8F8C8D9 
 4167      FDC2BD69 
 4167      2C16
 4168 01ff 31A47C76 		.ascii	"1\244|v\003\266\270{\346\310\323m\227\212\347\364lL"
 4168      03B6B87B 
 4168      E6C8D36D 
 4168      978AE7F4 
 4168      6C4C
 4169 0211 EBB4DF28 		.ascii	"\353\264\337(\272\310\205\265oJ\013,$\367\310\215\336"
 4169      BAC885B5 
 4169      6F4A0B2C 
 4169      24F7C88D 
 4169      DE
 4170 0222 2437CD6F 		.ascii	"$7\315o\3315\363,\335{h\357\355\027j\244f\027})=\367"
 4170      D935F32C 
 4170      DD7B68EF 
 4170      ED176AA4 
 4170      66177D29 
 4171 0238 963A01DC 		.ascii	"\226:\001\334?$\271h\227-fH\272\241f\276V\034\251]\310"
 4171      3F24B968 
 4171      972D6648 
 4171      BAA166BE 
 4171      561CA95D 
ARM GAS  C:\Users\PUBLIC~1.LAP\AppData\Local\Temp\ccurW8Og.s 			page 158


 4172 024d C9097E09 		.ascii	"\311\011~\011\341\022\262f\277Uz\355V\241\203.?\027"
 4172      E112B266 
 4172      BF557AED 
 4172      56A1832E 
 4172      3F17
 4173 025f 79A15341 		.ascii	"y\241SA\326\302\251\325n\332S]\3355\371\354\027\206"
 4173      D6C2A9D5 
 4173      6EDA535D 
 4173      DD35F9EC 
 4173      1786
 4174 0271 F6CB42FB 		.ascii	"\366\313B\373U\201\263\352{\263z\2707\253X\020\215\353"
 4174      5581B3EA 
 4174      7BB37AB8 
 4174      37AB5810 
 4174      8DEB
 4175 0283 ACE9B38B 		.ascii	"\254\351\263\213@{\253\017\340\027\314\3574\017q\332"
 4175      407BAB0F 
 4175      E017CCEF 
 4175      340F71DA 
 4176 0293 BC151D8D 		.ascii	"\274\025\035\215\345\347\350\235\356\0134wVX\236|\366"
 4176      E5E7E89D 
 4176      EE0B3477 
 4176      56589E7C 
 4176      F6
 4177 02a4 12DA89FA 		.ascii	"\022\332\211\372v]!7\272\341J\375\376\270P\017\016I"
 4177      765D2137 
 4177      BAE14AFD 
 4177      FEB8500F 
 4177      0E49
 4178 02b6 B7DEDE52 		.ascii	"\267\336\336R\232o\361\202\254\356\263s@\373\335\260"
 4178      9A6FF182 
 4178      ACEEB373 
 4178      40FBDDB0 
 4179 02c6 D2DC0DAB 		.ascii	"\322\334\015\253\233\240]*vo\326\030\020\334\201\270"
 4179      9BA05D2A 
 4179      766FD618 
 4179      10DC81B8 
 4180 02d6 86A0ED81 		.ascii	"\206\240\355\201\277\266\340\342\254\371\336l8\301\335"
 4180      BFB6E0E2 
 4180      ACF9DE6C 
 4180      38C1DD
 4181 02e5 F9CA3490 		.ascii	"\371\3124\220\000\006#\270{\025\367/\200\373_`\315\""
 4181      000623B8 
 4181      7B15F72F 
 4181      80FB5F60 
 4181      CD22
 4182 02f7 50002243 		.ascii	"P\000\"C\007\021 2\270\347\017\3567M\315\335\315<\350"
 4182      07112032 
 4182      B8E70FEE 
 4182      374DCDDD 
 4182      CD3CE8
 4183 030a 9E39F819 		.ascii	"\2369\370\031\0230\360\012\356\031\000\356/\000\013"
 4183      1330F00A 
 4183      EE1900EE 
 4183      2F000B
 4184 0319 B85F2615 		.ascii	"\270_&\025\3108\356\367\311\227\340\356@\334\275\002"
 4184      C838EEF7 
ARM GAS  C:\Users\PUBLIC~1.LAP\AppData\Local\Temp\ccurW8Og.s 			page 159


 4184      C997E0EE 
 4184      40DCBD02 
 4185 0329 11F01A77 		.ascii	"\021\360\032w\014\246g\334\263\215\027\320=\313P\377"
 4185      0CA667DC 
 4185      B38D17D0 
 4185      3DCB50FF 
 4186 0339 E77E973C 		.ascii	"\347~\227<\005\362\345\223q\307]\270\354\221\340\376"
 4186      05F2E593 
 4186      71C75DB8 
 4186      EC91E0FE 
 4187 0349 1070FF07 		.ascii	"\020p\377\007\270\177\003>\004\367W\200\373\203\340"
 4187      B87F033E 
 4187      04F75780 
 4187      FB83E0
 4188 0358 15B8632B 		.ascii	"\025\270c+\356w\313\375r\271\337 \356W\352~\273\036"
 4188      EE77CBFD 
 4188      72B9DF20 
 4188      EE57EA7E 
 4188      BB1E
 4189 036a 84E3B863 		.ascii	"\204\343\270c:\374\346~\211\370\317\035/q\277!\240\334"
 4189      3AFCE67E 
 4189      89F8CF1D 
 4189      2F71BF21 
 4189      A0DC
 4190 037c EF0DF7EB 		.ascii	"\357\015\367\353\374\017\334=\000\036\343\216{\270\277"
 4190      FC0FDC3D 
 4190      001EE38E 
 4190      7BB8BF
 4191 038b 07EEEFC1 		.ascii	"\007\356\357\301\375\007\340\376\033\270\277\006\356"
 4191      FD07E0FE 
 4191      1BB8BF06 
 4191      EE
 4192 0398 8F81FB5F 		.ascii	"\217\201\373_\340\376\024\270\177\006\367\277\340\376"
 4192      E0FE14B8 
 4192      7F06F7BF 
 4192      E0FE
 4193 03a6 12B8BF8D 		.ascii	"\022\270\277\215\373\323\270\377\213\373m\342\376\332"
 4193      FBD3B8FF 
 4193      8BFB6DE2 
 4193      FEDA
 4194 03b4 FD57F77F 		.ascii	"\375W\367\177\367w\367\313\347~\271\270\337,\356\027"
 4194      F777F7CB 
 4194      E77EB9B8 
 4194      DF2CEE17 
 4195 03c4 CFFDD6B9 		.ascii	"\317\375\326\271_*\356\027\212\373us\277T\367\273\346"
 4195      5F2AEE17 
 4195      8AFB7573 
 4195      BF54F7BB 
 4195      E6
 4196 03d5 7EBDDCAF 		.ascii	"~\275\334\257\230\273oq\277\032p\277F\334\257\221\373"
 4196      98BB6F71 
 4196      BF1A70BF 
 4196      46DCAF91 
 4196      FB
 4197 03e6 9D71770A 		.ascii	"\235qw\012\334\357\323\335\305\334/\233\373%s\277C\334"
 4197      DCEFD3DD 
 4197      C5DC2F9B 
ARM GAS  C:\Users\PUBLIC~1.LAP\AppData\Local\Temp\ccurW8Og.s 			page 160


 4197      FB2573BF 
 4197      43DC
 4198 03f8 EF98FBFD 		.ascii	"\357\230\373\375r\277X\356w\003\356\367\312\375Z\271"
 4198      72BF58EE 
 4198      7703EEF7 
 4198      CAFD5AB9 
 4199 0408 5F0EB8FB 		.ascii	"_\016\270\373\007wgs\367\013}}}}\356@\034\356\032\211"
 4199      07776773 
 4199      F70B7D7D 
 4199      7D7DEE40 
 4199      1CEE1A89 
 4200 041c BB057801 		.ascii	"\273\005x\001\237\305\260\222Y\012\263\317\376\"\245"
 4200      9FC5B092 
 4200      590AB3CF 
 4200      FE22A5
 4201 042b 89383D71 		.ascii	"\2118=q\330\215b\"\030,.\206P\226\234\375\205i\212\277"
 4201      D88D6222 
 4201      182C2E86 
 4201      50969CFD 
 4201      85698ABF 
 4202 043f 5EC84965 		.ascii	"^\310Ie\313\327\220\274\206\344\210\372\331\007\215"
 4202      CBD790BC 
 4202      86E488FA 
 4202      D9078D
 4203 044e 1112BBAF 		.ascii	"\021\022\273\257\317\037v\334\273.\\8\010\356\302^X"
 4203      CF1F76DC 
 4203      BB2E5C38 
 4203      08EEC25E 
 4203      58
 4204 045f C88D6229 		.ascii	"\310\215b)\346\341\030\010\216~\270h\030z\245b(\356"
 4204      E6E11808 
 4204      8E7EB868 
 4204      187AA562 
 4204      28EE
 4205 0471 B454B5EE 		.ascii	"\264T\265\356X\337\263\354\215p\226\212\347\015,\305"
 4205      58DFB3EC 
 4205      8D70968A 
 4205      E70D2CC5 
 4206 0481 5B382B83 		.ascii	"[8+\203\254,,\276\034\340\263\312,+&{P\211\276\0260"
 4206      AC2C2CBE 
 4206      1CE0B3CA 
 4206      2C2B267B 
 4206      5089BE16 
 4207 0496 14FF7002 		.ascii	"\024\377p\002wv\364\331\007\216;2v\025\246{`\036\301"
 4207      7776F4D9 
 4207      078E3B32 
 4207      7615A67B 
 4207      601EC1
 4208 04a9 331B6F7A 		.ascii	"3\033ozP\355A\035\332\2038\364S\312\020\325\236\223"
 4208      50ED411D 
 4208      DA8338F4 
 4208      53CA10D5 
 4208      9E93
 4209 04bb 0E9C07C5 		.ascii	"\016\234\007\305k\201\265\341vy[\006\341+\253\030)\256"
 4209      6B81B5E1 
 4209      76795B06 
 4209      E12BAB18 
ARM GAS  C:\Users\PUBLIC~1.LAP\AppData\Local\Temp\ccurW8Og.s 			page 161


 4209      29AE
 4210 04cd EE3E4FE1 		.ascii	"\356>O\341\034\370\006F\001\343\3006p\025\246\272Ql"
 4210      1CF80646 
 4210      01E3C036 
 4210      7015A6BA 
 4210      516C
 4211 04df F5351C47 		.ascii	"\3655\034Ga\251 \034CG\225\307[\362\304V\037\345\251"
 4211      61A9201C 
 4211      434795C7 
 4211      5BF2C456 
 4211      1FE5A9
 4212 04f2 5773CF26 		.ascii	"Ws\317&y\257\345\254\014[a\031\270F\025\231\224\247"
 4212      79AFE5AC 
 4212      0C5B6119 
 4212      B8461599 
 4212      94A7
 4213 0504 7206F786 		.ascii	"r\006\367\206\255\036\356\241\234\325=\233\330\352\267"
 4213      AD1EEEA1 
 4213      9CD53D9B 
 4213      D8EAB7
 4214 0513 E07DD555 		.ascii	"\340}\325U\245\361\342\003\233Q!k\347\305Y\357\320\275"
 4214      A5F1E203 
 4214      9B51216B 
 4214      E7C559EF 
 4214      D0BD
 4215 0525 599D2198 		.ascii	"Y\235!\230\303\333\372\354\301\025\032C\341\247{G\245"
 4215      C3DBFAEC 
 4215      C1151A43 
 4215      E1A77B47 
 4215      A5
 4216 0536 8167DC28 		.ascii	"\201g\334(\206\302N\030\252\012\355\231\363\302FG\204"
 4216      86C24E18 
 4216      AA0AED99 
 4216      F3C24647 
 4216      84
 4217 0547 64CD1E24 		.ascii	"d\315\036$\322\256\365\264\353+\272\011\216.\350\206"
 4217      D2AEF5B4 
 4217      EB2BBA09 
 4217      8E2EE886 
 4218 0557 9BC64C58 		.ascii	"\233\306LX\0107\267\224\222\027\030\306\215b&\274\344"
 4218      0837B794 
 4218      921718C6 
 4218      8D6226BC 
 4218      E4
 4219 0568 7F032F31 		.ascii	"\177\003/1\023f\201]H\275\301\240\346\\\310\301aLG\222"
 4219      1366815D 
 4219      48BDC1A0 
 4219      E65CC8C1 
 4219      614C4792 
 4220 057c D6167134 		.ascii	"\326\026q42G\244\234tY\323\256\311\264\353\035\232\350"
 4220      3247A49C 
 4220      7459D3AE 
 4220      C9B4EB1D 
 4220      9AE8
 4221 058e F79405C5 		.ascii	"\367\224\005\305\364\371\242a\346\327Y\025'a$\254t\243"
 4221      F4F9A261 
 4221      E6D75915 
ARM GAS  C:\Users\PUBLIC~1.LAP\AppData\Local\Temp\ccurW8Og.s 			page 162


 4221      276124AC 
 4221      74A3
 4222 05a0 78051EC2 		.ascii	"x\005\036\302*\360QZ\025\257\270F0\023\355H\355\277"
 4222      2AF0515A 
 4222      15AFB846 
 4222      3013ED48 
 4222      EDBF
 4223 05b2 A2EC54E8 		.ascii	"\242\354T\350\214\215~;\214\310\240S\3325\015\355\216"
 4223      8C8D7E3B 
 4223      8CC8A053 
 4223      DA350DED 
 4223      8E
 4224 05c3 99B8A84B 		.ascii	"\231\270\250KJ\311\305g\2425\354\307\334\016%\234\002"
 4224      4AC9C567 
 4224      A235ECC7 
 4224      DC0E259C 
 4224      02
 4225 05d4 0F5D195B 		.ascii	"\017]\031[#\362\331\365R;p\213v\340\035\316\3327\343"
 4225      23F2D9F5 
 4225      523B708B 
 4225      76E01DCE 
 4225      DA37E3
 4226 05e7 C5D6534E 		.ascii	"\305\326SNw\321\000\011\006\025\312w\243\337\345\271"
 4226      77D10009 
 4226      0615CA77 
 4226      A3DFE5B9 
 4227 05f7 0C5D49F5 		.ascii	"\014]I\365\375\310\331\201o\332\201G\364gy\275\033\365"
 4227      FDC8D981 
 4227      6FDA8147 
 4227      F46779BD 
 4227      1BF5
 4228 0609 B6DF8321 		.ascii	"\266\337\203!rK\261T\246\235\306\333V\007~\335\3118"
 4228      724BB154 
 4228      A69DC6DB 
 4228      56077EDD 
 4228      C938
 4229 061b D94164EE 		.ascii	"\331Ad\356\263\003\271\256\334\350c\371:,o\345\3552"
 4229      B303B9AE 
 4229      DCE863F9 
 4229      3A2C6FE5 
 4229      ED32
 4230 062d D8B1B540 		.ascii	"\330\261\265@}\224\034\223,\347\257b\031N\362~l\321"
 4230      7D941C93 
 4230      2CE7AF62 
 4230      194EF27E 
 4230      6CD1
 4231 063f BEE6695F 		.ascii	"\276\346i_\353\264\257rT\236n\206\221\021\251\317s\322"
 4231      EBB4AF72 
 4231      549E6E86 
 4231      9111A9CF 
 4231      73D2
 4232 0651 8D018BC7 		.ascii	"\215\001\213\307\324\210~\271\237r\237\330\230\224t"
 4232      D4887EB9 
 4232      9F729FD8 
 4232      989474
 4233 0660 695F7F68 		.ascii	"i_\177h_\255\236|\2158)E>\373:C7\271\321w\362)8\371"
 4233      5FAD9E7C 
ARM GAS  C:\Users\PUBLIC~1.LAP\AppData\Local\Temp\ccurW8Og.s 			page 163


 4233      8D382945 
 4233      3EFB3A43 
 4233      37B9D177 
 4234 0678 B867F2C4 		.ascii	"\270g\362\304CV\234\025(\275\275\231\\\310\011\3229"
 4234      43569C15 
 4234      28BDBD99 
 4234      5CC809D2 
 4234      39
 4235 0689 39CACA19 		.ascii	"9\312\312\031*\316\346G\243\311\327\322\233\366\337"
 4235      2ACEE647 
 4235      A3C9D7D2 
 4235      9BF6DF
 4236 0698 99F6DF98 		.ascii	"\231\366\337\230\276\333\255\355-\250\310\323\3476j"
 4236      BEDBADED 
 4236      2DA8C8D3 
 4236      E7366A
 4237 06a7 CC902D55 		.ascii	"\314\220-U\274>_\021C2\352\002]z\2460\250\037J\361*"
 4237      BC3E5F11 
 4237      4332EA02 
 4237      5D7AA630 
 4237      A81F4AF1 
 4238 06bc F07ECEB0 		.ascii	"\360~\316\260\240\342j\302x\246\030d\367\354*\3319\364"
 4238      A0E26AC2 
 4238      78A61864 
 4238      F7EC2AD9 
 4238      39F4
 4239 06ce B86E90EB 		.ascii	"\270n\220\353U\025\243\372\316\237\002\333\222\366Z"
 4239      5515A3FA 
 4239      CE9F02DB 
 4239      92F65A
 4240 06dd 3FBD52B1 		.ascii	"?\275R\261\337\324[\365\233>\306\323\010cV\2338\271"
 4240      DFD45BF5 
 4240      9B3EC6D3 
 4240      0863569B 
 4240      38B9
 4241 06ef 5CDE9E38 		.ascii	"\\\336\2368\036KN\354\217\374\331\223=\222\037\373\""
 4241      1E4B4EEC 
 4241      8FFCD993 
 4241      3D921FFB 
 4241      22
 4242 0700 AFE4CDBE 		.ascii	"\257\344\315\276\354\227|\222_{#\217\366j\317v\243\237"
 4242      EC977C92 
 4242      5F7B238F 
 4242      F66ACF76 
 4242      A39F
 4243 0712 76ABFE60 		.ascii	"v\253\376`O\344o\244=\325U\202\227M\023\246\352\270"
 4243      4FE46FA4 
 4243      3DD55582 
 4243      974D13A6 
 4243      EAB8
 4244 0724 EE900B96 		.ascii	"\356\220\013\226T\365\300\350\221t<;\360\340\323>\351"
 4244      54F5C0E8 
 4244      91743C3B 
 4244      F0E0D33E 
 4244      E9
 4245 0735 95629635 		.ascii	"\225b\2265\273\250\250*\354\216\361\221\335%\227I\216"
 4245      BBA8A82A 
ARM GAS  C:\Users\PUBLIC~1.LAP\AppData\Local\Temp\ccurW8Og.s 			page 164


 4245      EC8EF191 
 4245      DD259749 
 4245      8E
 4246 0746 B9EAA77D 		.ascii	"\271\352\247}\230\313\225\341\310\311\311\311X\350\230"
 4246      98CB95E1 
 4246      C8C9C9C9 
 4246      58E898
 4247 0755 386590FD 		.ascii	"8e\220\375\367\245s\234\331\275Y\275\376\353\207\334"
 4247      F7A5739C 
 4247      D9BD59BD 
 4247      FEEB87DC 
 4248 0765 E84F7FFA 		.ascii	"\350O\177\372B\256\222=\245\344\371\323\227^&`f\317"
 4248      42AE923D 
 4248      A5E4F9D3 
 4248      975E2660 
 4248      66CF
 4249 0777 BDF74F7F 		.ascii	"\275\367O\177\307w-+L\271\301\240\352\355\2751\344\344"
 4249      C7772D2B 
 4249      4CB9C1A0 
 4249      EAEDBD31 
 4249      E4E4
 4250 0789 E43CB3A9 		.ascii	"\344<\263\251\307\354\322\376\203j\037\232\311\022\251"
 4250      C7ECD2FE 
 4250      836A1F9A 
 4250      C912A9
 4251 0798 2C9F6FD9 		.ascii	",\237o\331\003\271^+\244\240U\264\207~a]h\364\032y("
 4251      03B95E2B 
 4251      A4A055B4 
 4251      877E615D 
 4251      68F41A79 
 4252 07ad F04BC791 		.ascii	"\360K\307\221\0324\310o=\327\215~\364y\370??+''\347"
 4252      1A34C86F 
 4252      3DD78D7E 
 4252      F479F83F 
 4252      3F2B2727 
 4253 07c2 C2CC5347 		.ascii	"\302\314SG\031\013\235\375\267\003\372?\260t"
 4253      190B9DFD 
 4253      B703FA3F 
 4253      B074
 4254 07d0 B9E5F8EC 		.ascii	"\271\345\370\354\343R!\202B\024\032\372{<\217M%\210"
 4254      E3522182 
 4254      42141AFA 
 4254      7B3C8F4D 
 4254      2588
 4255 07e2 D367FF25 		.ascii	"\323g\377%i\377\021i\377\005i\217\2738k\314\275Y\037"
 4255      69FF1169 
 4255      FF05698F 
 4255      BB386BCC 
 4255      BD591F
 4256 07f5 EB73BCD5 		.ascii	"\353s\274\325\225\212m!'\0338\305Ea\322{\0357\372X\177"
 4256      958A6D21 
 4256      271B38C5 
 4256      4561D27B 
 4256      1D37FA58 
 4257 080a 05E37415 		.ascii	"\005\343t\025v\226\263g\037VU/nJ\204\362>W=\012\031"
 4257      7696B367 
 4257      1F56552F 
ARM GAS  C:\Users\PUBLIC~1.LAP\AppData\Local\Temp\ccurW8Og.s 			page 165


 4257      6E4A84F2 
 4257      3E573D0A 
 4258 081f E8ACA840 		.ascii	"\350\254\250@A{\246\012O\237\363\216W\242\321\202\241"
 4258      417BA60A 
 4258      4F9FF38E 
 4258      57A2D182 
 4258      A1
 4259 0830 55A644D7 		.ascii	"U\246D\327\340aa\345\347\327H\213\300\240O\016\236\212"
 4259      E06161E5 
 4259      E7D7488B 
 4259      C0A04F0E 
 4259      9E8A
 4260 0842 B4641D9E 		.ascii	"\264d\035\236\237\027\014J\027\335+e\220\204\305\216"
 4260      9F170C4A 
 4260      17DD2B65 
 4260      9084C58E 
 4261 0852 4CDB1455 		.ascii	"L\333\024UUe\253\012\334\255D\224b\253\372\203c\221"
 4261      5565AB0A 
 4261      DCAD4494 
 4261      62ABFA83 
 4261      6391
 4262 0864 C293DB79 		.ascii	"\302\223\333y\266\212\351\243{\242\342\263\323\000\321"
 4262      B68AE9A3 
 4262      7BA2E2B3 
 4262      D300D1
 4263 0873 364A998A 		.ascii	"6J\231\212*\347\370!\033\352\004;-M\320\275\2336P I"
 4263      2AE7F821 
 4263      1BEA043B 
 4263      2D4DD0BD 
 4263      9B365020 
 4264 0888 8D0887E7 		.ascii	"\215\010\207\347\034\367\216\311\251KSO\333\330\230"
 4264      1CF78EC9 
 4264      A94B534F 
 4264      DBD898
 4265 0897 9AEA41A3 		.ascii	"\232\352A\243\254\006\330\213'\332\246MJj\007\332s\306"
 4265      AC06D88B 
 4265      27DAA64D 
 4265      4A6A07DA 
 4265      73C6
 4266 08a9 EA459199 		.ascii	"\352E\221\231\232\256\360\004\005\225kl\011z\311\020"
 4266      9AAEF004 
 4266      05956B6C 
 4266      097AC910 
 4267 08b9 737AAE31 		.ascii	"sz\2561c\244\243+\357s\246q\307~uP*\365h\215\212Z\022"
 4267      63A4A32B 
 4267      EF73A671 
 4267      C77E7550 
 4267      2AF5688D 
 4268 08d0 2E5DE1ED 		.ascii	".]\341\355\351\011SQd]=\277\3072\253L\207\276)\222!"
 4268      E9095351 
 4268      645D3DBF 
 4268      C732AB4C 
 4268      87BE2992 
 4269 08e5 0353D3F6 		.ascii	"\003S\323\366\236XE\336Q\220(}\263\325\324\204\251:"
 4269      9E5845DE 
 4269      5190287D 
 4269      B3D5D484 
ARM GAS  C:\Users\PUBLIC~1.LAP\AppData\Local\Temp\ccurW8Og.s 			page 166


 4269      A93A
 4270 08f7 B6AA2F5A 		.ascii	"\266\252/ZnmY/\364\215\225\026-2\223\336\325jS\201\366"
 4270      6E6D592F 
 4270      F48D9516 
 4270      2D3293DE 
 4270      D56A5381 
 4271 090c C2331376 		.ascii	"\3023\023v\212\022\206\3649\273\300F\362\017\266(\336"
 4271      8A1286F4 
 4271      39BBC046 
 4271      F20FB628 
 4271      DE
 4272 091d 4C91B630 		.ascii	"L\221\2660]Z\312Jgi\035\344\334\252\260h\013uHHY\351"
 4272      5D5ACA4A 
 4272      67691DE4 
 4272      DCAAB068 
 4272      0B754848 
 4273 0933 2CE94923 		.ascii	",\351I#\006GE\262\302\263R62\233+\3629'\341\271,\025"
 4273      064745B2 
 4273      C2B35236 
 4273      329B2BF2 
 4273      3927E1B9 
 4274 0949 57B52703 		.ascii	"W\265'\003\247q\202d\243l\204\233\\\034@e\324*\220l"
 4274      A7718264 
 4274      A36C849B 
 4274      5C1C4065 
 4274      D42A906C 
 4275 095d C78DAA35 		.ascii	"\307\215\2525-\201Wfff&\032\333\213\221\333Q\225\307"
 4275      2D815766 
 4275      6666261A 
 4275      DB8B91DB 
 4275      5195C7
 4276 0970 A52760E6 		.ascii	"\245'`\346\241<\224\211\306\310\252@0'S\2269\205g\""
 4276      A13C9489 
 4276      C6C8AA40 
 4276      30275396 
 4276      39856722 
 4277 0984 9CF582C5 		.ascii	"\234\365\202\305\004KfJO\220\226\203r\020\246\216\315"
 4277      044B664A 
 4277      4F909683 
 4277      7210A68E 
 4277      CD
 4278 0995 784EB584 		.ascii	"xN\265\204\355\317.\303\244'\330\313;oL\015\323\022"
 4278      EDCF2EC3 
 4278      A427D8CB 
 4278      3B6F4C0D 
 4278      D312
 4279 09a7 74C17CE1 		.ascii	"t\301|\341\326\247/<\361\361a\352\357\"*\264*\027\227"
 4279      D6A72F3C 
 4279      F1F161EA 
 4279      EF222AB4 
 4279      2A1797
 4280 09ba 245A52F4 		.ascii	"$ZR\364\205\261=\314E\357\260\030\253Q\026-i[\034sy"
 4280      85B13DCC 
 4280      45EFB018 
 4280      AB51162D 
 4280      695B1C73 
 4281 09cf 6A2B63FB 		.ascii	"j+c\373\214\265\3004\265\304\232\32082\"\255$\032\303"
ARM GAS  C:\Users\PUBLIC~1.LAP\AppData\Local\Temp\ccurW8Og.s 			page 167


 4281      8CB5C034 
 4281      B5C49AD0 
 4281      383222AD 
 4281      241AC3
 4282 09e2 52962C18 		.ascii	"R\226,\030\017lNfn\354m\213Kc\020\253\342\274*\306C"
 4282      0F6C4E66 
 4282      6EEC6D8B 
 4282      4B6310AB 
 4282      E2BC2AC6 
 4283 09f7 E1198CB2 		.ascii	"\341\031\214\262\2211\3359\306[\243:\260\234>c,xN\006"
 4283      9131DD39 
 4283      C65BA33A 
 4283      B09C3E63 
 4283      2C784E06 
 4284 0a0b 4AF6F6F4 		.ascii	"J\366\366\364\031_\301\320\036e.\220>c\273;F\323%D\204"
 4284      195FC1D0 
 4284      1E652E90 
 4284      3E63BB3B 
 4284      46D32544 
 4285 0a20 244B0B91 		.ascii	"$K\013\221\266(\247\316@UW\267\367\334MO\033\200N$c"
 4285      B628A7CE 
 4285      405557B7 
 4285      F7DC4D4F 
 4285      1B804E24 
 4286 0a35 659F3D26 		.ascii	"e\237=&Igh\223\342R0\025\275\367\016*{j.`\\i\2371\225"
 4286      49676893 
 4286      E2523015 
 4286      BDF70E2A 
 4286      7B6A2E60 
 4287 0a4e AF020348 		.ascii	"\257\002\003H\030\236\313dVjsX\016\313\252K\0241\315"
 4287      189ECB64 
 4287      566A7358 
 4287      0ECBAA4B 
 4287      1431CD
 4288 0a61 778525FA 		.ascii	"w\205%\372y\012\006\303`\305T\263\213v88\014e\335\373"
 4288      790A06C3 
 4288      60C554B3 
 4288      8B763838 
 4288      0C65DDFB 
 4289 0a75 A54EA8E6 		.ascii	"\245N\250\346\023\307P~QeA\230A\275,).\237q\372R\300"
 4289      13C7507E 
 4289      51654198 
 4289      41BD2C29 
 4289      2E9F71FA 
 4290 0a8b 4E52C04D 		.ascii	"NR\300M\364r\357 \351\206\302\320\243F\027\017\275\335"
 4290      F472EF20 
 4290      E986C2D0 
 4290      A346170F 
 4290      BDDD
 4291 0a9d D4B401A8 		.ascii	"\324\264\001\250\264\244\005\307\304q\023\021Fl\310"
 4291      B4A405C7 
 4291      C4711311 
 4291      466CC8
 4292 0aac F88CE3EE 		.ascii	"\370\214\343\356\335\314\321\025\024\256`\202h\207\311"
 4292      DDCCD115 
 4292      14AE6082 
 4292      6887C9
ARM GAS  C:\Users\PUBLIC~1.LAP\AppData\Local\Temp\ccurW8Og.s 			page 168


 4293 0abb A1695E80 		.ascii	"\241i^\200\340\330\315o\024\273\341#\020pn\026 \262"
 4293      E0D8CD6F 
 4293      14BBE123 
 4293      10706E16 
 4293      20B2
 4294 0acd 967E3409 		.ascii	"\226~4\011\000\310B\272d\262\323\031\264\200\200\221"
 4294      00C842BA 
 4294      64B2D319 
 4294      B4808091 
 4295 0add E0248E95 		.ascii	"\340$\216\225\270\273\022L}\347\336[\215f\205\\Ru75"
 4295      B8BB124C 
 4295      7DE7DE5B 
 4295      8D66855C 
 4295      52753735 
 4296 0af1 3760EA1D 		.ascii	"7`\352\035\013&\271\322aw\307\376\251\224\265\306D\327"
 4296      0B26B9D2 
 4296      6177C7FE 
 4296      A994B5C6 
 4296      44D7
 4297 0b03 2CA089E3 		.ascii	",\240\211\343\3560=\232P\251\336\001\215\2461`|\276"
 4297      EE303D9A 
 4297      50A9DE01 
 4297      8DA63160 
 4297      7CBE
 4298 0b15 7B017B5B 		.ascii	"{\001{[\260\267\213\240e\015s(j\3512\247Q\313=\024U"
 4298      B0B78BA0 
 4298      650D7328 
 4298      6AE932A7 
 4298      51CB3D14 
 4299 0b2a B5614E9D 		.ascii	"\265aN\235\315\013\230\322(\026{\310\331\274{(\250\311"
 4299      CD0B98D2 
 4299      28167BC8 
 4299      D9BC7B28 
 4299      A8C9
 4300 0b3c 94EE6DB3 		.ascii	"\224\356m\263\267s3\247QK6[\032\324\274\320!\347fng"
 4300      B77333A7 
 4300      514B365B 
 4300      1AD4BCD0 
 4300      21E7666E 
 4301 0b51 F3327794 		.ascii	"\3632w\224\323\2069\344\\\356i\324\322\335\323\250&"
 4301      D38639E4 
 4301      5CEE69D4 
 4301      D2DDD3A8 
 4301      26
 4302 0b62 731AD5B4 		.ascii	"s\032\325\264aJ\203\366\226\006-/\330;\250\311\234b"
 4302      614A83F6 
 4302      96062D2F 
 4302      D83BA8C9 
 4302      9C62
 4303 0b74 356DF650 		.ascii	"5m\366P\324\2229\015ZZ\300\336K\037\317\345]\012}Q\355"
 4303      D492390D 
 4303      5A5AC0DE 
 4303      4B1FCFE5 
 4303      5D0A7D51 
 4304 0b89 6910D237 		.ascii	"i\020\3227\231[\306\336;\306\225\016\355\246\275\207"
 4304      995BC6DE 
 4304      3BC6950E 
ARM GAS  C:\Users\PUBLIC~1.LAP\AppData\Local\Temp\ccurW8Og.s 			page 169


 4304      EDA6BD87 
 4305 0b99 9C18F697 		.ascii	"\234\030\366\227\223\351&\344\244\331\320\025O\025{"
 4305      93E926E4 
 4305      A4D9D015 
 4305      4F157B
 4306 0ba8 EF554B86 		.ascii	"\357UK\206\215\332\016z\356\270\246\240\014\315\275"
 4306      8DDA0E7A 
 4306      EEB8A6A0 
 4306      0CCDBD
 4307 0bb7 652CA55B 		.ascii	"e,\245[\306*\335;\303\216[\306]i\334^\252\015\355}\325"
 4307      C62ADD3B 
 4307      C38E5BC6 
 4307      5D69DC5E 
 4307      AA0DED7D 
 4308 0bcc F66E22DA 		.ascii	"\366n\"\332{\327\354\275e\366\020\013$!)g\014\221\220"
 4308      7BD7ECBD 
 4308      65F6100B 
 4308      24212967 
 4308      0C9190
 4309 0bdf B368F3A8 		.ascii	"\263h\363\250q\227\230S)\347\207\"D\246\317-$]^&\222"
 4309      71979853 
 4309      29E78722 
 4309      44A6CF2D 
 4309      245D5E26 
 4310 0bf4 733FF794 		.ascii	"s?\367\224\250\246\236.\245[\014K\014\326\333\2214)"
 4310      A8A69E2E 
 4310      A55B0C4B 
 4310      0CD6DB91 
 4310      3429
 4311 0c06 99267639 		.ascii	"\231&v9\344\214\260Aq\2415\366\031\257I)8\352\022\302"
 4311      E48CB041 
 4311      71A135F6 
 4311      19AF4929 
 4311      38EA12C2 
 4312 0c1a A58BA8CD 		.ascii	"\245\213\250\315\244\270Q\004\206\346X\315\035\247\375"
 4312      A4B85104 
 4312      86E658CD 
 4312      1DA7FD
 4313 0c29 90CF59D8 		.ascii	"\220\317Y\330\373n\357M\001\314\223t\252\357\363\333"
 4313      FB6EEF4D 
 4313      01CC9374 
 4313      AAEFF3DB 
 4314 0c39 E1B30B46 		.ascii	"\341\263\013FU\244\35036\243y)\363\211NKW\360B\265%"
 4314      55A4E833 
 4314      36A37929 
 4314      F3894E4B 
 4314      57F042B5 
 4315 0c4e 67830C8F 		.ascii	"g\203\014\217\011\201\342\261%%\210H\236\343\317\361"
 4315      0981E2B1 
 4315      25258848 
 4315      9EE3CFF1 
 4316 0c5e 0425D091 		.ascii	"\004%\320\221\025\012cJ\020\221<\302`\011\"r\002J \021"
 4316      150A634A 
 4316      10913CC2 
 4316      60092272 
 4316      024A2011 
 4317 0c72 4562D08B 		.ascii	"Eb\320\213\034\210\304\035\241\322\250\354\011\321\201"
ARM GAS  C:\Users\PUBLIC~1.LAP\AppData\Local\Temp\ccurW8Og.s 			page 170


 4317      1C88C41D 
 4317      A1D2A8EC 
 4317      09D181
 4318 0c81 4D2245E8 		.ascii	"M\"E\350 \"\204\010\022D\350\320\242`)\300\036\215<"
 4318      20228408 
 4318      1244E8D0 
 4318      A26029C0 
 4318      1E8D3C
 4319 0c94 40C3133C 		.ascii	"@\303\023<C\031\020$\215B\226g\304Pi\324\021\012e2@"
 4319      43191024 
 4319      8D429667 
 4319      C45069D4 
 4319      110A6532 
 4320 0ca9 828715D1 		.ascii	"\202\207\025\321\262#\350\024/`A\204\017\313\362\210"
 4320      B223E814 
 4320      2F604184 
 4320      0FCBF288 
 4321 0cb9 408E2023 		.ascii	"@\216 #\202\345\371\321a\213De\215\0279\350\024\211"
 4321      82E5F9D1 
 4321      618B4465 
 4321      8D1739E8 
 4321      1489
 4322 0ccb CA10403A 		.ascii	"\312\020@:C\326\204\"QD\221\010\303\303\003t\014\241"
 4322      43D68422 
 4322      51449108 
 4322      C3C30374 
 4322      0CA1
 4323 0cdd FD41B23D 		.ascii	"\375A\262=\306\013\260\307\022nxx\200\216!\260\307\022"
 4323      C60BB0C7 
 4323      126E7878 
 4323      808E21B0 
 4323      C712
 4324 0cef 5AE31003 		.ascii	"Z\343\020\003Eb;\224\271\011\321*\207D\235!2\311\000"
 4324      45623B94 
 4324      B909D12A 
 4324      87449D21 
 4324      32C900
 4325 0d02 0B303833 		.ascii	"\013083\022$\207,\217\010:\307\020Zv\204\011\222\354"
 4325      1224872C 
 4325      8F083AC7 
 4325      105A7684 
 4325      0992EC
 4326 0d15 F1840C21 		.ascii	"\361\204\014!\036Pl\215\030(\241\034\222\220dM\320\300"
 4326      1E506C8D 
 4326      1828A11C 
 4326      9290644D 
 4326      D0C0
 4327 0d27 2A913E4A 		.ascii	"*\221>Jc\003*\264\306c\210\022:\210\361\300\241M\016"
 4327      63032AB4 
 4327      C6638812 
 4327      3A88F1C0 
 4327      A14D0E
 4328 0d3a 7D3884E0 		.ascii	"}8\204\340\031\036w\214\"n\200\224\004\360P$\342\020"
 4328      191E778C 
 4328      226E8094 
 4328      04F05024 
 4328      E210
ARM GAS  C:\Users\PUBLIC~1.LAP\AppData\Local\Temp\ccurW8Og.s 			page 171


 4329 0d4c 4A07E8E8 		.ascii	"J\007\350\350\204\320\232p@\221H\343\036z8@\301\266"
 4329      84D09A70 
 4329      409148E3 
 4329      1E7A3840 
 4329      C1B6
 4330 0d5e 4924F1C5 		.ascii	"I$\361\305{8P~`\242'9\014\372\007\037p+L\262<:\307a"
 4330      7B38507E 
 4330      60A22739 
 4330      0CFA071F 
 4330      702B4CB2 
 4331 0d76 D1040BD3 		.ascii	"\321\004\013\323\012u\214\301V8\303\022\223?H\245\360"
 4331      0A758CC1 
 4331      5638C312 
 4331      933F48A5 
 4331      F0
 4332 0d87 831A21AB 		.ascii	"\203\032!\253\225k+\214i\2051\355\221M&\177\210@\311"
 4332      956B2B8C 
 4332      698531ED 
 4332      914D267F 
 4332      8840C9
 4333 0d9a 5F2BC469 		.ascii	"_+\304i\205A\266\307\010T&\331\036\343O\2334\232\020"
 4333      8541B6C7 
 4333      085426D9 
 4333      1EE34F9B 
 4333      349A10
 4334 0dad 168912B4 		.ascii	"\026\211\022\264B\236\241\211$\333\036\215J \245\314"
 4334      429EA189 
 4334      24DB1E8D 
 4334      4A20A5CC 
 4335 0dbd AF15D2B4 		.ascii	"\257\025\322\264\312\226\207\325\021\026\2112:\277\326"
 4335      CA9687D5 
 4335      11168932 
 4335      3ABFD6
 4336 0dcc C4DA0A5F 		.ascii	"\304\332\012_\200\222\255\322\270\303&\205E\"\314\016"
 4336      8092ADD2 
 4336      B8C32685 
 4336      4522CC0E 
 4337 0ddc 9B04B6C2 		.ascii	"\233\004\266\302\240\216Q\010l\205\253\0279\024\240"
 4337      A08E5108 
 4337      6C85AB17 
 4337      3914A0
 4338 0deb 150A61F2 		.ascii	"\025\012a\362\017\221D2\267B\013;F\0228;F\022G$q=\032"
 4338      0F914432 
 4338      B7420B3B 
 4338      4612383B 
 4338      46124724 
 4339 0e02 873D2FAD 		.ascii	"\207=/\255p\306\213\034v\224=B\242\3618\364\011\356"
 4339      70C68B1C 
 4339      76943D42 
 4339      A2F138F4 
 4339      09EE
 4340 0e14 FC8C6075 		.ascii	"\374\214`u\204=l\253\004\242\331\031\241\203y\220H\237"
 4340      843D6CAB 
 4340      04A2D919 
 4340      A1837990 
 4340      489F
 4341 0e26 9E5FFE21 		.ascii	"\236_\376!\2157@\2551),\022m|\326\244N\021{\221\003"
ARM GAS  C:\Users\PUBLIC~1.LAP\AppData\Local\Temp\ccurW8Og.s 			page 172


 4341      8D3740AD 
 4341      31292C12 
 4341      6D7CD6A4 
 4341      4E117B91 
 4342 0e3b 9B44128B 		.ascii	"\233D\022\213\304\016$p\360\201\011\022L\010\241\203"
 4342      C40E2470 
 4342      F0810912 
 4342      4C08A183 
 4343 0e4b B2C311D9 		.ascii	"\262\303\021\331\323\203$&\240E\301\266G$1\006EKl\217"
 4343      D3832426 
 4343      A045C1B6 
 4343      47243106 
 4343      454B6C8F 
 4344 0e5f 46619B44 		.ascii	"Fa\233D\372\300\370(\037EK\304\311\265\025\312\260\304"
 4344      FAC0F828 
 4344      1F454BC4 
 4344      C9B515CA 
 4344      B0C4
 4345 0e71 E3B0551E 		.ascii	"\343\260U\036\215B%RX$\316$\331\343\011\344/9,\0223"
 4345      8D422552 
 4345      5824CE24 
 4345      D9E309E4 
 4345      2F392C12 
 4346 0e86 DB333C66 		.ascii	"\3333<fV9\0341<\356\030y\206%Z\345\213\316\221\035\266"
 4346      56391C31 
 4346      3CEE1879 
 4346      86255AE5 
 4346      8BCE911D 
 4347 0e9b 9A6D87AD 		.ascii	"\232m\207\255\362\327\012Y\035dO\013T\356\014yH\374"
 4347      F2D70A59 
 4347      1D644F0B 
 4347      54EE0C79 
 4347      48FC
 4348 0ead 5A610B54 		.ascii	"Za\013T\222`\223\231\310~`\004\322\000;\312\036 \235"
 4348      92609399 
 4348      C87E6004 
 4348      D2003BCA 
 4348      1E209D
 4349 0ec0 E4CAEA20 		.ascii	"\344\312\352 \211\255\021\005\253}>0\002\331\236X[!"
 4349      89AD1105 
 4349      AB7D3E30 
 4349      02D99E58 
 4349      5B21
 4350 0ed2 4B3CB249 		.ascii	"K<\262I\226\004\233\254\320\012\265\316\220M\026[\237"
 4350      96049BAC 
 4350      D00AB5CE 
 4350      904D165B 
 4350      9F
 4351 0ee3 64DB9EF8 		.ascii	"d\333\236\370\265\302\035e\317oG\251\004\262Id\321g"
 4351      B5C21D65 
 4351      CF6F47A9 
 4351      04B24964 
 4351      D167
 4352 0ef5 D8C32A85 		.ascii	"\330\303*\205Eb\214O\017\253lO\254>(\332\236\366\304"
 4352      45628C4F 
 4352      0FAB6C4F 
 4352      AC3E28DA 
ARM GAS  C:\Users\PUBLIC~1.LAP\AppData\Local\Temp\ccurW8Og.s 			page 173


 4352      9EF6C4
 4353 0f08 7A825D7F 		.ascii	"z\202]\177n+\014\012\213D\340\316\321\330\032\207'\200"
 4353      6E2B0C0A 
 4353      8B44E0CE 
 4353      D1D81A87 
 4353      2780
 4354 0f1a 5EE4A02C 		.ascii	"^\344\240,\022;\260:?<\304\243\321\003\023l\322'\267"
 4354      123BB03A 
 4354      3F3CC4A3 
 4354      D103136C 
 4354      D227B7
 4355 0f2d C21714EC 		.ascii	"\302\027\024\3541\263?\354\017\010v\224=\272\025\226"
 4355      31B33FEC 
 4355      0F087694 
 4355      3DBA1596 
 4356 0f3d 500E7B60 		.ascii	"P\016{`v\216F\235#\353\303j\024l\373\323#,\022u\253"
 4356      768E469D 
 4356      23EBC36A 
 4356      146CFBD3 
 4356      232C1275 
 4357 0f52 34F2A068 		.ascii	"4\362\240h{\200\255\260\005\"\215I\037\236!\233\324"
 4357      7B80ADB0 
 4357      05228D49 
 4357      1F9E219B 
 4357      D4
 4358 0f63 0E8200C3 		.ascii	"\016\202\000\303!\210\341\020\004\007\013n\200\017\""
 4358      2188E110 
 4358      04070B6E 
 4358      800F22
 4359 0f72 58700205 		.ascii	"Xp\002\005F\320D\016\312\366\310\232`\213\304\016\304"
 4359      46D0440E 
 4359      CAF6C89A 
 4359      608BC40E 
 4359      C4
 4360 0f83 A4B2439B 		.ascii	"\244\262C\233\354\240Dv\020Q\202q\204\261(B\007>\350"
 4360      ECA04476 
 4360      10518271 
 4360      84B12842 
 4360      073EE8
 4361 0f96 E0834F0F 		.ascii	"\340\203O\017\333v\000\250\370c"
 4361      DB7600A8 
 4361      F863
 4362 0fa0 E4110E3D 		.ascii	"\344\021\016=x\350\000\002\032\360\001I\016\012\244"
 4362      78E80002 
 4362      1AF00149 
 4362      0E0AA4
 4363 0faf 8C891DE9 		.ascii	"\214\211\035\3511S#\006\334\023#\371)\375\341d\302\226"
 4363      31532306 
 4363      DC1323F9 
 4363      29FDE164 
 4363      C296
 4364 0fc1 95328033 		.ascii	"\2252\2003#[\313V?-I`A\2124\371\2758\0379\324\240t\255"
 4364      235BCB56 
 4364      3F2D4960 
 4364      418A34F9 
 4364      BD381F39 
 4365 0fd9 4931E534 		.ascii	"I1\3454\352\217\254\254\214\346\236\315\362\331;y`\002"
ARM GAS  C:\Users\PUBLIC~1.LAP\AppData\Local\Temp\ccurW8Og.s 			page 174


 4365      EA8FACAC 
 4365      8CE69ECD 
 4365      F2D93B79 
 4365      6002
 4366 0feb 193BAA14 		.ascii	"\031;\252\024\327\347\003\\\234\025xo\326L\366\301s"
 4366      D7E7035C 
 4366      9C15786F 
 4366      D64CF6C1 
 4366      73
 4367 0ffc 99DFCC54 		.ascii	"\231\337\314T\325`\022\373\274\336\233U\003\230X\036"
 4367      D56012FB 
 4367      BCDE9B55 
 4367      0398581E 
 4368 100c 13DB522D 		.ascii	"\023\333R-\323\032n\020\311aD\226\024\021\2425\264}"
 4368      D31A6E10 
 4368      C9614496 
 4368      1411A235 
 4368      B47D
 4369 101e 65B03CFD 		.ascii	"e\260<\375*\302\302FKk8\313^yH\366\312V\301\273\027"
 4369      2AC2C246 
 4369      4B6B38CB 
 4369      5E7948F6 
 4369      CA56C1BB 
 4370 1033 1785098A 		.ascii	"\027\205\011\212Ck\020\222\245.$[\335&\037\216\330\375"
 4370      436B1092 
 4370      A52E245B 
 4370      DD261F8E 
 4370      D8FD
 4371 1045 A0DA4069 		.ascii	"\240\332@i\015G\266rW\016\262\225\255~\003`\033r\243"
 4371      0D47B672 
 4371      570EB295 
 4371      AD7E0360 
 4371      1B72A3
 4372 1058 2B73B907 		.ascii	"+s\271\007\327\247\257!G\237\275\306K{\315\016\255!"
 4372      D7A7AF21 
 4372      479FBDC6 
 4372      4B7BCD0E 
 4372      AD21
 4373 106a 063447A1 		.ascii	"\0064G\241\031H\260\331\334\033\307\026r\242A\017\273"
 4373      1948B0D9 
 4373      DC1BC716 
 4373      72A2410F 
 4373      BB
 4374 107b BE3C3D20 		.ascii	"\276<= y\014\016\351H\025\355\236\177\034\221a\325E"
 4374      790C0EE9 
 4374      4815ED9E 
 4374      7F1C9161 
 4374      D545
 4375 108d EE734D9B 		.ascii	"\356sM\233\226V\3561\005\244\272\2425\005\341\343\341"
 4375      9656EE31 
 4375      05A4BAA2 
 4375      3505E1E3 
 4375      E1
 4376 109e B947DDEF 		.ascii	"\271G\335\357ji)\203\335\250\222\3214L\303L\031\241"
 4376      6A692983 
 4376      DDA892D1 
 4376      344CC34C 
ARM GAS  C:\Users\PUBLIC~1.LAP\AppData\Local\Temp\ccurW8Og.s 			page 175


 4376      19A1
 4377 10b0 11111149 		.ascii	"\021\021\021I\223\244\003\242\012\020\006ci\240\306"
 4377      93A403A2 
 4377      0A100663 
 4377      69A0C6
 4378 10bf 9A0712E0 		.ascii	"\232\007\022\340CE\316B\206\020\315\210\210$\005\005"
 4378      4345CE42 
 4378      8610CD88 
 4378      88240505 
 4379 10cf 05452525 		.ascii	"\005E%%)\264\006\244\226`uJ \010\254\230 ?+\271\357"
 4379      29B406A4 
 4379      9660754A 
 4379      2008AC98 
 4379      203F2BB9 
 4380 10e4 3588F783 		.ascii	"5\210\367\203\363\343\372\267\214\204\320\354\243jz"
 4380      F3E3FAB7 
 4380      8C84D0EC 
 4380      A36A7A
 4381 10f3 A28FC6E5 		.ascii	"\242\217\306\345g\334\230\270=R%\0101\026\0030\301o"
 4381      67DC98B8 
 4381      3D522508 
 4381      31160330 
 4381      C16F
 4382 1105 200107B0 		.ascii	" \001\007\260\313\312\012\324\332\322s\357du6<\351c"
 4382      CBCA0AD4 
 4382      DAD273EF 
 4382      6475363C 
 4382      E963
 4383 1117 D40F108C 		.ascii	"\324\017\020\214c\012\234\030\012h@{\223\354q\334U\213"
 4383      630A9C18 
 4383      0A68407B 
 4383      93EC71DC 
 4383      558B
 4384 1129 BF221A39 		.ascii	"\277\"\0329\244\361\220\345=\335\276%~\364E\022\315"
 4384      A4F190E5 
 4384      3DDDBE25 
 4384      7EF44512 
 4384      CD
 4385 113a 0C401CB5 		.ascii	"\014@\034\2651\206}6u\271W\005S\327;E\026i\013M\317"
 4385      31867D36 
 4385      75B95705 
 4385      53D73B45 
 4385      16690B4D 
 4386 114f CCF84D62 		.ascii	"\314\370Mb}\262\015$\247\341\313\314p\365Z\251n5\341"
 4386      7DB20D24 
 4386      A7E1CBCC 
 4386      70F55AA9 
 4386      6E35E1
 4387 1162 B8F3F8D0 		.ascii	"\270\363\370\320\232\300\032\215\274\302\376\226\240"
 4387      9AC01A8D 
 4387      BCC2FE96 
 4387      A0
 4388 116f 653A5242 		.ascii	"e:RB\020E\266\347?\315\204\024\375\037K/{\016\030\202"
 4388      1045B6E7 
 4388      3FCD8414 
 4388      FD1F4B2F 
 4388      7B0E1882 
ARM GAS  C:\Users\PUBLIC~1.LAP\AppData\Local\Temp\ccurW8Og.s 			page 176


 4389 1183 F8C72380 		.ascii	"\370\307#\200\353\312_4\206\200\276%\266\340t\200\321"
 4389      EBCA5F34 
 4389      8680BE25 
 4389      B6E07480 
 4389      D1
 4390 1194 E8389BF9 		.ascii	"\3508\233\371\310D\261\205\341\246\310\021\220\206z"
 4390      C844B185 
 4390      E1A6C811 
 4390      90867A
 4391 11a3 EB7860D1 		.ascii	"\353x`\3211( \213\250\244b\305 \214\320\217\321\267"
 4391      3128208B 
 4391      A8A462C5 
 4391      208CD08F 
 4391      D1B7
 4392 11b5 3AB40D80 		.ascii	":\264\015\200\332t\035C\310m\205\236\231\372\276`/\025"
 4392      DA741D43 
 4392      C86D859E 
 4392      99FABE60 
 4392      2F15
 4393 11c7 B9F9A1DF 		.ascii	"\271\371\241\337\000k-\265\257\327\177\024\333\302\303"
 4393      006B2DB5 
 4393      AFD77F14 
 4393      DBC2C3
 4394 11d6 62781A4B 		.ascii	"bx\032K\357\303\0152j\255\205<Q\014V\222u\232\310\225"
 4394      EFC30D32 
 4394      6AAD853C 
 4394      510C5692 
 4394      759AC895 
 4395 11ea 41EF5A46 		.ascii	"A\357ZFR\\{\251\320\025\322\271H\317\025\256S0\026+"
 4395      525C7BA9 
 4395      D015D2B9 
 4395      48CF15AE 
 4395      5330162B 
 4396 11fe 3C5D8756 		.ascii	"<]\207V\376\331\357\202V\307\304\020\362\365\316\015"
 4396      FED9EF82 
 4396      56C7C410 
 4396      F2F5CE0D 
 4397 120e 48900121 		.ascii	"H\220\001!E^`1\310+)\013%\244I\235\252\016\360\321\226"
 4397      455E6031 
 4397      C82B290B 
 4397      25A4499D 
 4397      AA0EF0D1 
 4398 1223 E5E3721A 		.ascii	"\345\343r\032\255D\335\336x\337\025K\334\357\266[Pp"
 4398      AD44DDDE 
 4398      78DF154B 
 4398      DCEFB65B 
 4398      5070
 4399 1235 7EEDA809 		.ascii	"~\355\250\011\366\036y_<\304\004d\020r\221\312\213e"
 4399      F61E795F 
 4399      3CC40464 
 4399      107291CA 
 4399      8B65
 4400 1247 A158C16F 		.ascii	"\241X\301o\257\210v\230R\253\014DY0\035&\352\005\261"
 4400      AF887698 
 4400      52AB0C44 
 4400      59301D26 
 4400      EA05B1
ARM GAS  C:\Users\PUBLIC~1.LAP\AppData\Local\Temp\ccurW8Og.s 			page 177


 4401 125a 2ED03C5A 		.ascii	".\320<ZVg\301\270\207\012e\303p\365\360\231'>\266Yg"
 4401      5667C1B8 
 4401      870A65C3 
 4401      70F5F099 
 4401      273EB659 
 4402 126f B4BBFF9C 		.ascii	"\264\273\377\234S\021\306\224\205l\257\035\316k\261"
 4402      5311C694 
 4402      856CAF1D 
 4402      CE6BB1
 4403 127e 5C75D918 		.ascii	"\\u\331\030\203\265\251\206C\030\352h\246\250^\302Z"
 4403      83B5A986 
 4403      4318EA68 
 4403      A6A85EC2 
 4403      5A
 4404 128f 42C43129 		.ascii	"B\3041)r;\351\232\013\025GT\315\230#\245w\313\317\331"
 4404      723BE99A 
 4404      0B154754 
 4404      CD9823A5 
 4404      77CBCFD9 
 4405 12a3 C00406F6 		.ascii	"\300\004\006\366L\005\240t\365\003\211Y\030[=gc+\026"
 4405      4C05A074 
 4405      F5038959 
 4405      185B3D67 
 4405      632B16
 4406 12b6 86EF75D7 		.ascii	"\206\357u\327M\322(\001z\254\2020\033Y\025@\320\212"
 4406      4DD22801 
 4406      7AAC8230 
 4406      1B591540 
 4406      D08A
 4407 12c8 FCAE5CA3 		.ascii	"\374\256\\\243\371\235\350\033\3676\000\265\025\201"
 4407      F99DE81B 
 4407      F73600B5 
 4407      1581
 4408 12d6 14D19412 		.ascii	"\024\321\224\022\007MwS\216\204h\367}\223#\250\243\306"
 4408      074D7753 
 4408      8E8468F7 
 4408      7D9323A8 
 4408      A3C6
 4409 12e8 12470C0C 		.ascii	"\022G\014\014 k\201\206\016H\323MJ\306\030\217}\205"
 4409      206B8186 
 4409      0E48D34D 
 4409      4AC6188F 
 4409      7D85
 4410 12fa 897D8CE9 		.ascii	"\211}\214\351b\223\027\300$\236 s\254:|?s\270h\177\354"
 4410      629317C0 
 4410      249E2073 
 4410      AC3A7C3F 
 4410      73B8687F 
 4411 130f 9E6A5004 		.ascii	"\236jP\004\327]\266M`fRSj\022\334\037\333\213F\225\205"
 4411      D75DB64D 
 4411      60665253 
 4411      6A12DC1F 
 4411      DB8B4695 
 4412 1324 65521BAB 		.ascii	"eR\033\253w\255\300\337k\015\370\215\234\262!\257\372"
 4412      77ADC0DF 
 4412      6B0DF88D 
 4412      9CB221AF 
ARM GAS  C:\Users\PUBLIC~1.LAP\AppData\Local\Temp\ccurW8Og.s 			page 178


 4412      FA
 4413 1335 4C6A9AC0 		.ascii	"Lj\232\300M\216^\320E\315\304P\353\0120\210\253\316"
 4413      4D8E5ED0 
 4413      45CDC450 
 4413      EB0A3088 
 4413      ABCE
 4414 1347 72C5C56A 		.ascii	"r\305\305j\340(\035\34267*F\\\271\005\0222\226\337\037"
 4414      E0281DE2 
 4414      36372A46 
 4414      5CB90512 
 4414      3296DF1F 
 4415 135b 86316F8A 		.ascii	"\2061o\212\010+ \376Z\256a\333kN?\212\277\220&\217M"
 4415      082B20FE 
 4415      5AAE61DB 
 4415      6B4E3F8A 
 4415      BF90268F 
 4416 1370 816140CA 		.ascii	"\201a@\312\304\271\306\314#\343\376H\355\367\344\036"
 4416      C4B9C6CC 
 4416      23E3FE48 
 4416      EDF7E41E 
 4417 1380 53FB0DE9 		.ascii	"S\373\015\351vY\377l\223\0364\332\267\254\206\222\256"
 4417      7659FF6C 
 4417      931E34DA 
 4417      B7AC8692 
 4417      AE
 4418 1391 12D3C3E0 		.ascii	"\022\323\303\340\261\367\037,\230/\373\022\222>\020"
 4418      B1F71F2C 
 4418      982FFB12 
 4418      923E10
 4419 13a0 7D7B4E31 		.ascii	"}{N1\260\011\\\331\177_\0058\266\036\340\304z\017\205"
 4419      B0095CD9 
 4419      7F5F0538 
 4419      B61EE0C4 
 4419      7A0F85
 4420 13b3 94322D74 		.ascii	"\2242-t\231\027K\311v\266\235b\030N\014\031\211i[\243"
 4420      99174BC9 
 4420      76B69D62 
 4420      184E0C19 
 4420      89695BA3 
 4421 13c7 5B1C41C3 		.ascii	"[\034A\303\260\324.~\216\007\215\274=t7\211\230?\300"
 4421      B0D42E7E 
 4421      8E078DBC 
 4421      3D743789 
 4421      983FC0
 4422 13da 72348C72 		.ascii	"r4\214r-\000\251\346x\321$\004-\253\364\334\221\277"
 4422      2D00A9E6 
 4422      78D12404 
 4422      2DABF4DC 
 4422      91BF
 4423 13ec 7742EE5C 		.ascii	"wB\356\\\3008\250\2716K \332\251u\272u\370d\270AU\240"
 4423      C038A8B9 
 4423      364B20DA 
 4423      A975BA75 
 4423      F864B841 
 4424 1402 D873A251 		.ascii	"\330s\242Q(\357\341\023b\306b;}\273\343q8T\002C\213"
 4424      28EFE113 
 4424      62C6623B 
ARM GAS  C:\Users\PUBLIC~1.LAP\AppData\Local\Temp\ccurW8Og.s 			page 179


 4424      7DBBE371 
 4424      38540243 
 4425 1417 46B60712 		.ascii	"F\266\007\022\007\350\252\233O\205\010:#\302\330=\246"
 4425      07E8AA9B 
 4425      4F85083A 
 4425      23C2D83D 
 4425      A6
 4426 1428 B746F196 		.ascii	"\267F\361\226\275d\036\023H\017-E\340\237\345\0053\335"
 4426      BD641E13 
 4426      480F2D45 
 4426      E09FE505 
 4426      33DD
 4427 143a 6D060355 		.ascii	"m\006\003U\376\376c`5\232\272\373n\213%S[\026\037b\303"
 4427      FEFE6360 
 4427      359ABAFB 
 4427      6E8B2553 
 4427      5B161F62 
 4428 144f 80BC7BC9 		.ascii	"\200\274{\311\206Bc\275\275\177e\"\363\207\360\217\315"
 4428      864263BD 
 4428      BD7F6522 
 4428      F387F08F 
 4428      CD
 4429 1460 7160AC34 		.ascii	"q`\2544\027\201A\212\206\374\217\307l\370\225\312\345"
 4429      1781418A 
 4429      86FC8FC7 
 4429      6CF895CA 
 4429      E5
 4430 1471 09F431CA 		.ascii	"\011\3641\312\231\325\312\374\217\270\342\002\211S~"
 4430      99D5CAFC 
 4430      8FB8E202 
 4430      89537E
 4431 1480 DE87279C 		.ascii	"\336\207'\234\367\345x\245\307\356\232so&\011R\272\261"
 4431      F7E578A5 
 4431      C7EE9A73 
 4431      6F260952 
 4431      BAB1
 4432 1492 6FDE7367 		.ascii	"o\336sg\231T\263\006\037}\302@|u\242\302m\346\0324\347"
 4432      9954B306 
 4432      1F7DC240 
 4432      7C75A2C2 
 4432      6DE61A34 
 4433 14a7 2FA0F36B 		.ascii	"/\240\363k\023\317\310\253\275\312\361\022\241@\303"
 4433      13CFC8AB 
 4433      BDCAF112 
 4433      A140C3
 4434 14b6 3C28CA4F 		.ascii	"<(\312O\306\"\002\370z2\233m\266\345\343\2709\323\330"
 4434      C62202F8 
 4434      7A329B6D 
 4434      B6E5E3B8 
 4434      39D3D8
 4435 14c9 1BC08077 		.ascii	"\033\300\200w.'\"\2310R\363\237/\031\2511f\327\347P"
 4435      2E272299 
 4435      3052F39F 
 4435      2F19A931 
 4435      66D7E750 
 4436 14dd C64E40B4 		.ascii	"\306N@\264%\275\326Y\012\026I=j:!\3007s\"\225\255\326"
 4436      25BDD659 
ARM GAS  C:\Users\PUBLIC~1.LAP\AppData\Local\Temp\ccurW8Og.s 			page 180


 4436      0A16493D 
 4436      6A3A21C0 
 4436      37732295 
 4437 14f3 9D7DA497 		.ascii	"\235}\244\227\002\276\247\366\364m\201l\177\346\207"
 4437      02BEA7F6 
 4437      F46D816C 
 4437      7FE687
 4438 1502 D3C3B513 		.ascii	"\323\303\265\023O\312\222d^i|V\347\021(\"\021\251\343"
 4438      4FCA9264 
 4438      5E697C56 
 4438      E7112822 
 4438      11A9E3
 4439 1515 7D62D9A9 		.ascii	"}b\331\251\202\310\376\270/\315\244\201\323\202\334"
 4439      82C8FEB8 
 4439      2FCDA481 
 4439      D382DC
 4440 1524 F0E246C3 		.ascii	"\360\342F\303\335xr\342\001\361\345i\344\244\30044\201"
 4440      DD7872E2 
 4440      01F1E569 
 4440      E4A4C034 
 4440      3481
 4441 1536 9D17F0E3 		.ascii	"\235\027\360\343\\;\230\261\204\"Z\206J[Dg\217\306\377"
 4441      5C3B98B1 
 4441      84225A86 
 4441      4A5B4467 
 4441      8FC6FF
 4442 1549 AA543B8F 		.ascii	"\252T;\217h\231\027u-\372x\326\232\224\310\354N=\336"
 4442      68991775 
 4442      2DFA78D6 
 4442      9A94C8EC 
 4442      4E3DDE
 4443 155c 7B04201A 		.ascii	"{\004 \032=0\335(\213\341\324FV\202\372\0225\344\366"
 4443      3D30DD28 
 4443      8BE1D446 
 4443      5682FA12 
 4443      35E4F6
 4444 156f B81877ED 		.ascii	"\270\030w\355E\036\261s\0155dY\010\005\371\374tu+m\033"
 4444      451EB173 
 4444      0D356459 
 4444      0805F9FC 
 4444      74752B6D 
 4445 1584 38ACFE76 		.ascii	"8\254\376v\020\234\360\264d\001\015\362\303SH\240\255"
 4445      109CF0B4 
 4445      64010DF2 
 4445      C35348A0 
 4445      AD
 4446 1595 9C409695 		.ascii	"\234@\226\225s]5y\2504N\000h\270rw\365L*2\210+\262\374"
 4446      735D3579 
 4446      A8344E00 
 4446      68B87277 
 4446      F54C2A32 
 4447 15ad 52175AE7 		.ascii	"R\027Z\347\275\340\343\274*\222\317\371\241\023\243"
 4447      BDE0E3BC 
 4447      2A92CFF9 
 4447      A113A3
 4448 15bc 70C16C06 		.ascii	"p\301l\0067\263\322\007\376\015~z\221*/\015\373\365"
 4448      37B3D207 
ARM GAS  C:\Users\PUBLIC~1.LAP\AppData\Local\Temp\ccurW8Og.s 			page 181


 4448      FE0D7E7A 
 4448      912A2F0D 
 4448      FBF5
 4449 15ce 3F94A1D1 		.ascii	"?\224\241\321\345\277\221U\332rp\300\262\326\324,\215"
 4449      E5BF9155 
 4449      DA7270C0 
 4449      B2D6D42C 
 4449      8D
 4450 15df 98555EFA 		.ascii	"\230U^\372W@\251\035\016\344\352r\000\233\1774\337\205"
 4450      5740A91D 
 4450      0EE4EA72 
 4450      009B7F34 
 4450      DF85
 4451 15f1 43E68629 		.ascii	"C\346\206)\305Xb\245\241\244\311G\036\367\2256\250\375"
 4451      C55862A5 
 4451      A1A4C947 
 4451      1EF79536 
 4451      A8FD
 4452 1603 742B78EB 		.ascii	"t+x\353\007\361\252\3721\023\201X\003\024\343y\004\252"
 4452      07F1AAFA 
 4452      31138158 
 4452      0314E379 
 4452      04AA
 4453 1615 EE793003 		.ascii	"\356y0\003\361\003p\232-\331'\275\262\377\367W`F`X9"
 4453      F103709A 
 4453      2DD927BD 
 4453      B2FFF757 
 4453      60466058 
 4454 162a 2B1BA7E7 		.ascii	"+\033\247\347A7\371Z\034\357\204qq\325\332\274\341a"
 4454      4137F95A 
 4454      1CEF8471 
 4454      71D5DABC 
 4454      E161
 4455 163c 050899F8 		.ascii	"\005\010\231\370}L\177\241\215\254W48\024\375\030\211"
 4455      7D4C7FA1 
 4455      8DAC5734 
 4455      3814FD18 
 4455      89
 4456 164d A81FF4D8 		.ascii	"\250\037\364\330\013\037C\210\311\233\311gV^\"\300D"
 4456      0B1F4388 
 4456      C99BC967 
 4456      565E22C0 
 4456      44
 4457 165e F2C5245C 		.ascii	"\362\305$\\\3509r\036p(\233\203\324\276ax\277\3365\270"
 4457      E839721E 
 4457      70289B83 
 4457      D4BE6178 
 4457      BFDE35B8 
 4458 1672 7E34F52B 		.ascii	"~4\365+\301 /\364\000\233\257\031.Y\277\360C\304\037"
 4458      C1202FF4 
 4458      009BAF19 
 4458      2E59BFF0 
 4458      43C41F
 4459 1685 950188DD 		.ascii	"\225\001\210\335\341\003\336\234\2528\346\353\200\377"
 4459      E103DE9C 
 4459      AA38E6EB 
 4459      80FF
ARM GAS  C:\Users\PUBLIC~1.LAP\AppData\Local\Temp\ccurW8Og.s 			page 182


 4460 1693 7535D176 		.ascii	"u5\321v\267\012\205\331\253\323\013\231\246|m\216\321"
 4460      B70A85D9 
 4460      ABD30B99 
 4460      A67C6D8E 
 4460      D1
 4461 16a4 C92F85B6 		.ascii	"\311/\205\266\000\275\252J\246\260LZ\232P\206\0105Q"
 4461      00BDAA4A 
 4461      A6B04C5A 
 4461      9A508608 
 4461      3551
 4462 16b6 57A30E98 		.ascii	"W\243\016\230\376\373\300Yk\240\020\"T\014\324(-\312"
 4462      FEFBC059 
 4462      6BA01022 
 4462      540CD428 
 4462      2DCA
 4463 16c8 6E32428B 		.ascii	"n2B\213\222\022\232X\252\202\024\223\305K*\334+j\231"
 4463      92129A58 
 4463      AA821493 
 4463      C54B2ADC 
 4463      2B6A99
 4464 16db FEAF963E 		.ascii	"\376\257\226>S\254\022\025\206\377f\365)8\335\331\355"
 4464      53AC1215 
 4464      86FF66F5 
 4464      2938DDD9 
 4464      ED
 4465 16ec CE5EA390 		.ascii	"\316^\243\220r\217\006\2079\00681\026(\310o\237\373"
 4465      728F0687 
 4465      39063831 
 4465      1628C86F 
 4465      9FFB
 4466 16fe 51F6654F 		.ascii	"Q\366eO\006\271\247@>\326g\255\201\002\021\023i \377"
 4466      06B9A740 
 4466      3ED667AD 
 4466      81021113 
 4466      6920FF
 4467 1711 BD290277 		.ascii	"\275)\002w\254\2250<\234\361\325\213\211%\230\377\005"
 4467      AC95303C 
 4467      9CF1D58B 
 4467      892598FF 
 4467      05
 4468 1722 0020E7EA 		.ascii	"\000 \347\352\326\321=\260\2307\240\337W\262\340\343"
 4468      D6D13DB0 
 4468      9837A0DF 
 4468      57B2E0E3 
 4469 1732 BAE3829C 		.ascii	"\272\343\202\234\240|t\370s\333\375a]g=\217\330\240"
 4469      A07C74F8 
 4469      73DBFD61 
 4469      5D673D8F 
 4469      D8A0
 4470 1744 A7952C84 		.ascii	"\247\225,\204m\314\216\251\305\377\007S\340\207\255"
 4470      6DCC8EA9 
 4470      C5FF0753 
 4470      E087AD
 4471 1753 1E7C35E6 		.ascii	"\036|5\3468\341T[%k\3642\240\231\015\310\2069\360\004"
 4471      38E1545B 
 4471      256BF432 
 4471      A0990DC8 
ARM GAS  C:\Users\PUBLIC~1.LAP\AppData\Local\Temp\ccurW8Og.s 			page 183


 4471      8639F004 
 4472 1767 324B6C1F 		.ascii	"2Kl\037\334\234\205\331E"
 4472      DC9C85D9 
 4472      45
 4473 1770 BA173CFB 		.ascii	"\272\027<\373\347Q~\260o\0047\364\000\274xF\361#`m\222"
 4473      E7517EB0 
 4473      6F0437F4 
 4473      00BC7846 
 4473      F123606D 
 4474 1785 B1C53CE3 		.ascii	"\261\305<\343\253\365\346\344\363`\333\014v\"}>\333"
 4474      ABF5E6E4 
 4474      F360DB0C 
 4474      76227D3E 
 4474      DB
 4475 1796 A87F6BC3 		.ascii	"\250\177k\303-\351'\322\356v\323\217\243\362.\215\334"
 4475      2DE927D2 
 4475      EE76D38F 
 4475      A3F22E8D 
 4475      DC
 4476 17a7 42ECB5FF 		.ascii	"B\354\265\377\236_y\244\251\364m\304\377'\363\360H\026"
 4476      9E5F79A4 
 4476      A9F46DC4 
 4476      FF27F3F0 
 4476      4816
 4477 17b9 44AF0FE3 		.ascii	"D\257\017\343X\016\363\227\333\017\337\314\244\355\304"
 4477      580EF397 
 4477      DB0FDFCC 
 4477      A4EDC4
 4478 17c8 720EF124 		.ascii	"r\016\361$\332\231\244U\367\203\344\264\221\226\315"
 4478      DA99A455 
 4478      F783E4B4 
 4478      9196CD
 4479 17d7 3AAEFF30 		.ascii	":\256\3770\375\235o\203\230\307\243\311C\337\212x\256"
 4479      FD9D6F83 
 4479      98C7A3C9 
 4479      43DF8A78 
 4479      AE
 4480 17e8 714EB887 		.ascii	"qN\270\207\241\\\241\\l\0353\2003=\375\263<\037/\020"
 4480      A15CA15C 
 4480      6C1D3380 
 4480      333DFDB3 
 4480      3C1F2F10 
 4481 17fc D26C83BC 		.ascii	"\322l\203\274\027;\012!{\007\3438^\315tp\313/\330\367"
 4481      173B0A21 
 4481      7B07E338 
 4481      5ECD7470 
 4481      CB2FD8F7 
 4482 1810 CBFD80A1 		.ascii	"\313\375\200\241\303\037?\350~\031uf\337\307d\003\214"
 4482      C31F3FE8 
 4482      7E197566 
 4482      DFC76403 
 4482      8C
 4483 1821 E42FB5AD 		.ascii	"\344/\265\255\251\2243\275\027\007?6\273\204\363\235"
 4483      A99433BD 
 4483      17073F36 
 4483      BB84F39D 
 4484 1831 7F9A9A70 		.ascii	"\177\232\232p\357\360\307\332\374 O6\341\326\275\242"
ARM GAS  C:\Users\PUBLIC~1.LAP\AppData\Local\Temp\ccurW8Og.s 			page 184


 4484      EFF0C7DA 
 4484      FC204F36 
 4484      E1D6BDA2 
 4485 1841 63B1B624 		.ascii	"c\261\266$\375i\313\362aPh\005"
 4485      FD69CBF2 
 4485      61506805 
 4486              		.text
 4487              		.section	.gnu.lto_.symtab.840cf08d,"e",%progbits
 4488 0000 63684576 		.ascii	"chEvtObjectInit\000"
 4488      744F626A 
 4488      65637449 
 4488      6E697400 
 4489 0010 00       		.ascii	"\000"
 4490 0011 00       		.ascii	"\000"
 4491 0012 00       		.ascii	"\000"
 4492 0013 00000000 		.ascii	"\000\000\000\000\000\000\000\000"
 4492      00000000 
 4493 001b EC010000 		.ascii	"\354\001\000\000"
 4494 001f 63684576 		.ascii	"chEvtObjectDispose\000"
 4494      744F626A 
 4494      65637444 
 4494      6973706F 
 4494      736500
 4495 0032 00       		.ascii	"\000"
 4496 0033 00       		.ascii	"\000"
 4497 0034 00       		.ascii	"\000"
 4498 0035 00000000 		.ascii	"\000\000\000\000\000\000\000\000"
 4498      00000000 
 4499 003d EE010000 		.ascii	"\356\001\000\000"
 4500 0041 63684576 		.ascii	"chEvtRegisterMaskWithFlagsI\000"
 4500      74526567 
 4500      69737465 
 4500      724D6173 
 4500      6B576974 
 4501 005d 00       		.ascii	"\000"
 4502 005e 00       		.ascii	"\000"
 4503 005f 00       		.ascii	"\000"
 4504 0060 00000000 		.ascii	"\000\000\000\000\000\000\000\000"
 4504      00000000 
 4505 0068 F5010000 		.ascii	"\365\001\000\000"
 4506 006c 63684576 		.ascii	"chEvtRegisterMaskWithFlags\000"
 4506      74526567 
 4506      69737465 
 4506      724D6173 
 4506      6B576974 
 4507 0087 00       		.ascii	"\000"
 4508 0088 00       		.ascii	"\000"
 4509 0089 00       		.ascii	"\000"
 4510 008a 00000000 		.ascii	"\000\000\000\000\000\000\000\000"
 4510      00000000 
 4511 0092 F7010000 		.ascii	"\367\001\000\000"
 4512 0096 63684576 		.ascii	"chEvtUnregister\000"
 4512      74556E72 
 4512      65676973 
 4512      74657200 
 4513 00a6 00       		.ascii	"\000"
 4514 00a7 00       		.ascii	"\000"
ARM GAS  C:\Users\PUBLIC~1.LAP\AppData\Local\Temp\ccurW8Og.s 			page 185


 4515 00a8 00       		.ascii	"\000"
 4516 00a9 00000000 		.ascii	"\000\000\000\000\000\000\000\000"
 4516      00000000 
 4517 00b1 FC010000 		.ascii	"\374\001\000\000"
 4518 00b5 63684576 		.ascii	"chEvtGetAndClearEventsI\000"
 4518      74476574 
 4518      416E6443 
 4518      6C656172 
 4518      4576656E 
 4519 00cd 00       		.ascii	"\000"
 4520 00ce 00       		.ascii	"\000"
 4521 00cf 00       		.ascii	"\000"
 4522 00d0 00000000 		.ascii	"\000\000\000\000\000\000\000\000"
 4522      00000000 
 4523 00d8 FE010000 		.ascii	"\376\001\000\000"
 4524 00dc 63684576 		.ascii	"chEvtGetAndClearEvents\000"
 4524      74476574 
 4524      416E6443 
 4524      6C656172 
 4524      4576656E 
 4525 00f3 00       		.ascii	"\000"
 4526 00f4 00       		.ascii	"\000"
 4527 00f5 00       		.ascii	"\000"
 4528 00f6 00000000 		.ascii	"\000\000\000\000\000\000\000\000"
 4528      00000000 
 4529 00fe 00020000 		.ascii	"\000\002\000\000"
 4530 0102 63684576 		.ascii	"chEvtAddEvents\000"
 4530      74416464 
 4530      4576656E 
 4530      747300
 4531 0111 00       		.ascii	"\000"
 4532 0112 00       		.ascii	"\000"
 4533 0113 00       		.ascii	"\000"
 4534 0114 00000000 		.ascii	"\000\000\000\000\000\000\000\000"
 4534      00000000 
 4535 011c 02020000 		.ascii	"\002\002\000\000"
 4536 0120 63684576 		.ascii	"chEvtGetAndClearFlagsI\000"
 4536      74476574 
 4536      416E6443 
 4536      6C656172 
 4536      466C6167 
 4537 0137 00       		.ascii	"\000"
 4538 0138 00       		.ascii	"\000"
 4539 0139 00       		.ascii	"\000"
 4540 013a 00000000 		.ascii	"\000\000\000\000\000\000\000\000"
 4540      00000000 
 4541 0142 06020000 		.ascii	"\006\002\000\000"
 4542 0146 63684576 		.ascii	"chEvtGetAndClearFlags\000"
 4542      74476574 
 4542      416E6443 
 4542      6C656172 
 4542      466C6167 
 4543 015c 00       		.ascii	"\000"
 4544 015d 00       		.ascii	"\000"
 4545 015e 00       		.ascii	"\000"
 4546 015f 00000000 		.ascii	"\000\000\000\000\000\000\000\000"
 4546      00000000 
ARM GAS  C:\Users\PUBLIC~1.LAP\AppData\Local\Temp\ccurW8Og.s 			page 186


 4547 0167 08020000 		.ascii	"\010\002\000\000"
 4548 016b 63684576 		.ascii	"chEvtSignalI\000"
 4548      74536967 
 4548      6E616C49 
 4548      00
 4549 0178 00       		.ascii	"\000"
 4550 0179 00       		.ascii	"\000"
 4551 017a 00       		.ascii	"\000"
 4552 017b 00000000 		.ascii	"\000\000\000\000\000\000\000\000"
 4552      00000000 
 4553 0183 E2010000 		.ascii	"\342\001\000\000"
 4554 0187 63684576 		.ascii	"chEvtSignal\000"
 4554      74536967 
 4554      6E616C00 
 4555 0193 00       		.ascii	"\000"
 4556 0194 00       		.ascii	"\000"
 4557 0195 00       		.ascii	"\000"
 4558 0196 00000000 		.ascii	"\000\000\000\000\000\000\000\000"
 4558      00000000 
 4559 019e 0A020000 		.ascii	"\012\002\000\000"
 4560 01a2 63684576 		.ascii	"chEvtBroadcastFlagsI\000"
 4560      7442726F 
 4560      61646361 
 4560      7374466C 
 4560      61677349 
 4561 01b7 00       		.ascii	"\000"
 4562 01b8 00       		.ascii	"\000"
 4563 01b9 00       		.ascii	"\000"
 4564 01ba 00000000 		.ascii	"\000\000\000\000\000\000\000\000"
 4564      00000000 
 4565 01c2 0F020000 		.ascii	"\017\002\000\000"
 4566 01c6 63684576 		.ascii	"chEvtBroadcastFlags\000"
 4566      7442726F 
 4566      61646361 
 4566      7374466C 
 4566      61677300 
 4567 01da 00       		.ascii	"\000"
 4568 01db 00       		.ascii	"\000"
 4569 01dc 00       		.ascii	"\000"
 4570 01dd 00000000 		.ascii	"\000\000\000\000\000\000\000\000"
 4570      00000000 
 4571 01e5 11020000 		.ascii	"\021\002\000\000"
 4572 01e9 63684576 		.ascii	"chEvtDispatch\000"
 4572      74446973 
 4572      70617463 
 4572      6800
 4573 01f7 00       		.ascii	"\000"
 4574 01f8 00       		.ascii	"\000"
 4575 01f9 00       		.ascii	"\000"
 4576 01fa 00000000 		.ascii	"\000\000\000\000\000\000\000\000"
 4576      00000000 
 4577 0202 16020000 		.ascii	"\026\002\000\000"
 4578 0206 63684576 		.ascii	"chEvtWaitOne\000"
 4578      74576169 
 4578      744F6E65 
 4578      00
 4579 0213 00       		.ascii	"\000"
ARM GAS  C:\Users\PUBLIC~1.LAP\AppData\Local\Temp\ccurW8Og.s 			page 187


 4580 0214 00       		.ascii	"\000"
 4581 0215 00       		.ascii	"\000"
 4582 0216 00000000 		.ascii	"\000\000\000\000\000\000\000\000"
 4582      00000000 
 4583 021e 18020000 		.ascii	"\030\002\000\000"
 4584 0222 63684576 		.ascii	"chEvtWaitAny\000"
 4584      74576169 
 4584      74416E79 
 4584      00
 4585 022f 00       		.ascii	"\000"
 4586 0230 00       		.ascii	"\000"
 4587 0231 00       		.ascii	"\000"
 4588 0232 00000000 		.ascii	"\000\000\000\000\000\000\000\000"
 4588      00000000 
 4589 023a 1A020000 		.ascii	"\032\002\000\000"
 4590 023e 63684576 		.ascii	"chEvtWaitAll\000"
 4590      74576169 
 4590      74416C6C 
 4590      00
 4591 024b 00       		.ascii	"\000"
 4592 024c 00       		.ascii	"\000"
 4593 024d 00       		.ascii	"\000"
 4594 024e 00000000 		.ascii	"\000\000\000\000\000\000\000\000"
 4594      00000000 
 4595 0256 1C020000 		.ascii	"\034\002\000\000"
 4596 025a 63684576 		.ascii	"chEvtWaitOneTimeout\000"
 4596      74576169 
 4596      744F6E65 
 4596      54696D65 
 4596      6F757400 
 4597 026e 00       		.ascii	"\000"
 4598 026f 00       		.ascii	"\000"
 4599 0270 00       		.ascii	"\000"
 4600 0271 00000000 		.ascii	"\000\000\000\000\000\000\000\000"
 4600      00000000 
 4601 0279 21020000 		.ascii	"!\002\000\000"
 4602 027d 63684576 		.ascii	"chEvtWaitAnyTimeout\000"
 4602      74576169 
 4602      74416E79 
 4602      54696D65 
 4602      6F757400 
 4603 0291 00       		.ascii	"\000"
 4604 0292 00       		.ascii	"\000"
 4605 0293 00       		.ascii	"\000"
 4606 0294 00000000 		.ascii	"\000\000\000\000\000\000\000\000"
 4606      00000000 
 4607 029c 23020000 		.ascii	"#\002\000\000"
 4608 02a0 63684576 		.ascii	"chEvtWaitAllTimeout\000"
 4608      74576169 
 4608      74416C6C 
 4608      54696D65 
 4608      6F757400 
 4609 02b4 00       		.ascii	"\000"
 4610 02b5 00       		.ascii	"\000"
 4611 02b6 00       		.ascii	"\000"
 4612 02b7 00000000 		.ascii	"\000\000\000\000\000\000\000\000"
 4612      00000000 
ARM GAS  C:\Users\PUBLIC~1.LAP\AppData\Local\Temp\ccurW8Og.s 			page 188


 4613 02bf 25020000 		.ascii	"%\002\000\000"
 4614 02c3 63683000 		.ascii	"ch0\000"
 4615 02c7 00       		.ascii	"\000"
 4616 02c8 02       		.ascii	"\002"
 4617 02c9 00       		.ascii	"\000"
 4618 02ca 00000000 		.ascii	"\000\000\000\000\000\000\000\000"
 4618      00000000 
 4619 02d2 DC010000 		.ascii	"\334\001\000\000"
 4620 02d6 63685363 		.ascii	"chSchReadyI\000"
 4620      68526561 
 4620      64794900 
 4621 02e2 00       		.ascii	"\000"
 4622 02e3 02       		.ascii	"\002"
 4623 02e4 00       		.ascii	"\000"
 4624 02e5 00000000 		.ascii	"\000\000\000\000\000\000\000\000"
 4624      00000000 
 4625 02ed 29020000 		.ascii	")\002\000\000"
 4626 02f1 63685363 		.ascii	"chSchRescheduleS\000"
 4626      68526573 
 4626      63686564 
 4626      756C6553 
 4626      00
 4627 0302 00       		.ascii	"\000"
 4628 0303 02       		.ascii	"\002"
 4629 0304 00       		.ascii	"\000"
 4630 0305 00000000 		.ascii	"\000\000\000\000\000\000\000\000"
 4630      00000000 
 4631 030d 2C020000 		.ascii	",\002\000\000"
 4632 0311 63685363 		.ascii	"chSchGoSleepS\000"
 4632      68476F53 
 4632      6C656570 
 4632      5300
 4633 031f 00       		.ascii	"\000"
 4634 0320 02       		.ascii	"\002"
 4635 0321 00       		.ascii	"\000"
 4636 0322 00000000 		.ascii	"\000\000\000\000\000\000\000\000"
 4636      00000000 
 4637 032a 30020000 		.ascii	"0\002\000\000"
 4638 032e 63685363 		.ascii	"chSchGoSleepTimeoutS\000"
 4638      68476F53 
 4638      6C656570 
 4638      54696D65 
 4638      6F757453 
 4639 0343 00       		.ascii	"\000"
 4640 0344 02       		.ascii	"\002"
 4641 0345 00       		.ascii	"\000"
 4642 0346 00000000 		.ascii	"\000\000\000\000\000\000\000\000"
 4642      00000000 
 4643 034e 35020000 		.ascii	"5\002\000\000"
 4644              		.text
 4645              		.section	.gnu.lto_.ext_symtab.840cf08d,"e",%progbits
 4646 0000 01       		.ascii	"\001"
 4647 0001 01       		.ascii	"\001"
 4648 0002 00       		.ascii	"\000"
 4649 0003 01       		.ascii	"\001"
 4650 0004 00       		.ascii	"\000"
 4651 0005 01       		.ascii	"\001"
ARM GAS  C:\Users\PUBLIC~1.LAP\AppData\Local\Temp\ccurW8Og.s 			page 189


 4652 0006 00       		.ascii	"\000"
 4653 0007 01       		.ascii	"\001"
 4654 0008 00       		.ascii	"\000"
 4655 0009 01       		.ascii	"\001"
 4656 000a 00       		.ascii	"\000"
 4657 000b 01       		.ascii	"\001"
 4658 000c 00       		.ascii	"\000"
 4659 000d 01       		.ascii	"\001"
 4660 000e 00       		.ascii	"\000"
 4661 000f 01       		.ascii	"\001"
 4662 0010 00       		.ascii	"\000"
 4663 0011 01       		.ascii	"\001"
 4664 0012 00       		.ascii	"\000"
 4665 0013 01       		.ascii	"\001"
 4666 0014 00       		.ascii	"\000"
 4667 0015 01       		.ascii	"\001"
 4668 0016 00       		.ascii	"\000"
 4669 0017 01       		.ascii	"\001"
 4670 0018 00       		.ascii	"\000"
 4671 0019 01       		.ascii	"\001"
 4672 001a 00       		.ascii	"\000"
 4673 001b 01       		.ascii	"\001"
 4674 001c 00       		.ascii	"\000"
 4675 001d 01       		.ascii	"\001"
 4676 001e 00       		.ascii	"\000"
 4677 001f 01       		.ascii	"\001"
 4678 0020 00       		.ascii	"\000"
 4679 0021 01       		.ascii	"\001"
 4680 0022 00       		.ascii	"\000"
 4681 0023 01       		.ascii	"\001"
 4682 0024 00       		.ascii	"\000"
 4683 0025 01       		.ascii	"\001"
 4684 0026 00       		.ascii	"\000"
 4685 0027 01       		.ascii	"\001"
 4686 0028 00       		.ascii	"\000"
 4687 0029 01       		.ascii	"\001"
 4688 002a 00       		.ascii	"\000"
 4689 002b 02       		.ascii	"\002"
 4690 002c 01       		.ascii	"\001"
 4691 002d 01       		.ascii	"\001"
 4692 002e 00       		.ascii	"\000"
 4693 002f 01       		.ascii	"\001"
 4694 0030 00       		.ascii	"\000"
 4695 0031 01       		.ascii	"\001"
 4696 0032 00       		.ascii	"\000"
 4697 0033 01       		.ascii	"\001"
 4698 0034 00       		.ascii	"\000"
 4699              		.text
 4700              		.section	.gnu.lto_.opts,"e",%progbits
 4701 0000 272D666E 		.ascii	"'-fno-openmp' '-fno-openacc' '-fno-pie' '-fcf-prote"
 4701      6F2D6F70 
 4701      656E6D70 
 4701      2720272D 
 4701      666E6F2D 
 4702 0033 6374696F 		.ascii	"ction=none' '-g' '-mcpu=cortex-m0' '-mthumb' '-mflo"
 4702      6E3D6E6F 
 4702      6E652720 
ARM GAS  C:\Users\PUBLIC~1.LAP\AppData\Local\Temp\ccurW8Og.s 			page 190


 4702      272D6727 
 4702      20272D6D 
 4703 0066 61742D61 		.ascii	"at-abi=soft' '-mlibarch=armv6s-m' '-march=armv6s-m'"
 4703      62693D73 
 4703      6F667427 
 4703      20272D6D 
 4703      6C696261 
 4704 0099 20272D4F 		.ascii	" '-Os' '-fomit-frame-pointer' '-falign-functions=16"
 4704      73272027 
 4704      2D666F6D 
 4704      69742D66 
 4704      72616D65 
 4705 00cc 2720272D 		.ascii	"' '-ffunction-sections' '-fdata-sections' '-fno-com"
 4705      6666756E 
 4705      6374696F 
 4705      6E2D7365 
 4705      6374696F 
 4706 00ff 6D6F6E27 		.ascii	"mon' '-flto' '-Xassembler' '-alms=./build/lst/cheve"
 4706      20272D66 
 4706      6C746F27 
 4706      20272D58 
 4706      61737365 
 4707 0132 6E74732E 		.ascii	"nts.lst'\000"
 4707      6C737427 
 4707      00
 4708              		.text
 4709              		.comm	__gnu_lto_slim,1,1
 4710              		.ident	"GCC: (GNU) 12.2.0"
ARM GAS  C:\Users\PUBLIC~1.LAP\AppData\Local\Temp\ccurW8Og.s 			page 191


DEFINED SYMBOLS
                            *ABS*:00000000 chevents.c
C:\Users\PUBLIC~1.LAP\AppData\Local\Temp\ccurW8Og.s:37     .gnu.debuglto_.debug_info:00000000 chevents.c.9aa9aa39
                            *COM*:00000001 __gnu_lto_slim

NO UNDEFINED SYMBOLS
