ARM GAS  C:\Users\PUBLIC~1.LAP\AppData\Local\Temp\ccWUeqHQ.s 			page 1


   1              		.cpu cortex-m0
   2              		.arch armv6s-m
   3              		.fpu softvfp
   4              		.eabi_attribute 20, 1
   5              		.eabi_attribute 21, 1
   6              		.eabi_attribute 23, 3
   7              		.eabi_attribute 24, 1
   8              		.eabi_attribute 25, 1
   9              		.eabi_attribute 26, 1
  10              		.eabi_attribute 30, 4
  11              		.eabi_attribute 34, 0
  12              		.eabi_attribute 18, 4
  13              		.file	"chmemheaps.c"
  14              		.file 1 "d:\\qmk_msys\\mingw64\\lib\\gcc\\arm-none-eabi\\12.2.0\\include\\stddef.h"
  15              		.file 2 "d:\\qmk_msys\\mingw64\\arm-none-eabi\\include\\machine\\_default_types.h"
  16              		.file 3 "d:\\qmk_msys\\mingw64\\arm-none-eabi\\include\\sys\\_stdint.h"
  17              		.file 4 "D:\\00a_liuhy\\temp126\\ChibiOS/os/common/ports/ARM-common/chtypes.h"
  18              		.file 5 "D:\\00a_liuhy\\temp126\\ChibiOS/os/rt/include/chearly.h"
  19              		.file 6 "D:\\00a_liuhy\\temp126\\ChibiOS/os/rt/include/chobjects.h"
  20              		.file 7 "D:\\00a_liuhy\\temp126\\ChibiOS/os/rt/include/chrfcu.h"
  21              		.file 8 "D:\\00a_liuhy\\temp126\\ChibiOS/os/rt/include/chdebug.h"
  22              		.file 9 "D:\\00a_liuhy\\temp126\\ChibiOS/os/rt/include/chtime.h"
  23              		.file 10 "D:\\00a_liuhy\\temp126\\ChibiOS/os/rt/include/chlists.h"
  24              		.file 11 "D:\\00a_liuhy\\temp126\\ChibiOS-Contrib/os/common/ext/CMSIS/ES32/FS026/md/md_timer.h"
  25              		.file 12 "D:\\00a_liuhy\\temp126\\ChibiOS/os/common/ports/ARMv6-M/chcore.h"
  26              		.file 13 "D:\\00a_liuhy\\temp126\\ChibiOS/os/rt/include/chsem.h"
  27              		.file 14 "D:\\00a_liuhy\\temp126\\ChibiOS/os/rt/include/chmtx.h"
  28              		.file 15 "D:\\00a_liuhy\\temp126\\ChibiOS/os/oslib/include/chmemchecks.h"
  29              		.file 16 "D:\\00a_liuhy\\temp126\\ChibiOS/os/oslib/include/chmemcore.h"
  30              		.file 17 "D:\\00a_liuhy\\temp126\\ChibiOS/os/oslib/include/chmemheaps.h"
  31              		.file 18 "D:\\00a_liuhy\\temp126\\ChibiOS/os/oslib/src/chmemheaps.c"
  32              		.section	.gnu.debuglto_.debug_info,"e",%progbits
  33              	.Ldebug_info0:
  34              		.hidden	chmemheaps.c.c6dd1969
  35              		.weak	chmemheaps.c.c6dd1969
  36              	chmemheaps.c.c6dd1969:
  37 0000 0D0C0000 		.4byte	0xc0d
  38 0004 0500     		.2byte	0x5
  39 0006 01       		.byte	0x1
  40 0007 04       		.byte	0x4
  41 0008 00000000 		.4byte	.Ldebug_abbrev0
  42 000c 21       		.uleb128 0x21
  43 000d 99050000 		.4byte	.LASF152
  44 0011 1D       		.byte	0x1d
  45 0012 95010000 		.4byte	.LASF153
  46 0016 E2010000 		.4byte	.LASF154
  47 001a 00000000 		.4byte	.Ldebug_line0
  48 001e 22       		.uleb128 0x22
  49 001f 04       		.byte	0x4
  50 0020 05       		.byte	0x5
  51 0021 696E7400 		.ascii	"int\000"
  52 0025 01       		.uleb128 0x1
  53 0026 31000000 		.4byte	.LASF4
  54 002a 01       		.byte	0x1
  55 002b D6       		.byte	0xd6
  56 002c 17       		.byte	0x17
  57 002d 31000000 		.4byte	0x31
ARM GAS  C:\Users\PUBLIC~1.LAP\AppData\Local\Temp\ccWUeqHQ.s 			page 2


  58 0031 05       		.uleb128 0x5
  59 0032 04       		.byte	0x4
  60 0033 07       		.byte	0x7
  61 0034 9E020000 		.4byte	.LASF0
  62 0038 05       		.uleb128 0x5
  63 0039 08       		.byte	0x8
  64 003a 05       		.byte	0x5
  65 003b 21020000 		.4byte	.LASF1
  66 003f 05       		.uleb128 0x5
  67 0040 08       		.byte	0x8
  68 0041 04       		.byte	0x4
  69 0042 F4030000 		.4byte	.LASF2
  70 0046 05       		.uleb128 0x5
  71 0047 01       		.byte	0x1
  72 0048 06       		.byte	0x6
  73 0049 39010000 		.4byte	.LASF3
  74 004d 01       		.uleb128 0x1
  75 004e 53000000 		.4byte	.LASF5
  76 0052 02       		.byte	0x2
  77 0053 2B       		.byte	0x2b
  78 0054 18       		.byte	0x18
  79 0055 59000000 		.4byte	0x59
  80 0059 05       		.uleb128 0x5
  81 005a 01       		.byte	0x1
  82 005b 08       		.byte	0x8
  83 005c BE040000 		.4byte	.LASF6
  84 0060 05       		.uleb128 0x5
  85 0061 02       		.byte	0x2
  86 0062 05       		.byte	0x5
  87 0063 0E000000 		.4byte	.LASF7
  88 0067 05       		.uleb128 0x5
  89 0068 02       		.byte	0x2
  90 0069 07       		.byte	0x7
  91 006a E0020000 		.4byte	.LASF8
  92 006e 01       		.uleb128 0x1
  93 006f 6B030000 		.4byte	.LASF9
  94 0073 02       		.byte	0x2
  95 0074 4D       		.byte	0x4d
  96 0075 18       		.byte	0x18
  97 0076 7A000000 		.4byte	0x7a
  98 007a 05       		.uleb128 0x5
  99 007b 04       		.byte	0x4
 100 007c 05       		.byte	0x5
 101 007d 83010000 		.4byte	.LASF10
 102 0081 01       		.uleb128 0x1
 103 0082 59020000 		.4byte	.LASF11
 104 0086 02       		.byte	0x2
 105 0087 4F       		.byte	0x4f
 106 0088 19       		.byte	0x19
 107 0089 8D000000 		.4byte	0x8d
 108 008d 05       		.uleb128 0x5
 109 008e 04       		.byte	0x4
 110 008f 07       		.byte	0x7
 111 0090 67050000 		.4byte	.LASF12
 112 0094 01       		.uleb128 0x1
 113 0095 4A040000 		.4byte	.LASF13
 114 0099 02       		.byte	0x2
ARM GAS  C:\Users\PUBLIC~1.LAP\AppData\Local\Temp\ccWUeqHQ.s 			page 3


 115 009a 69       		.byte	0x69
 116 009b 19       		.byte	0x19
 117 009c A0000000 		.4byte	0xa0
 118 00a0 05       		.uleb128 0x5
 119 00a1 08       		.byte	0x8
 120 00a2 07       		.byte	0x7
 121 00a3 C2000000 		.4byte	.LASF14
 122 00a7 23       		.uleb128 0x23
 123 00a8 04       		.byte	0x4
 124 00a9 05       		.uleb128 0x5
 125 00aa 01       		.byte	0x1
 126 00ab 08       		.byte	0x8
 127 00ac 8D050000 		.4byte	.LASF15
 128 00b0 09       		.uleb128 0x9
 129 00b1 A9000000 		.4byte	0xa9
 130 00b5 03       		.uleb128 0x3
 131 00b6 B0000000 		.4byte	0xb0
 132 00ba 1C       		.uleb128 0x1c
 133 00bb B5000000 		.4byte	0xb5
 134 00bf 01       		.uleb128 0x1
 135 00c0 45070000 		.4byte	.LASF16
 136 00c4 03       		.byte	0x3
 137 00c5 18       		.byte	0x18
 138 00c6 13       		.byte	0x13
 139 00c7 4D000000 		.4byte	0x4d
 140 00cb 09       		.uleb128 0x9
 141 00cc BF000000 		.4byte	0xbf
 142 00d0 01       		.uleb128 0x1
 143 00d1 B6040000 		.4byte	.LASF17
 144 00d5 03       		.byte	0x3
 145 00d6 2C       		.byte	0x2c
 146 00d7 13       		.byte	0x13
 147 00d8 6E000000 		.4byte	0x6e
 148 00dc 01       		.uleb128 0x1
 149 00dd 37050000 		.4byte	.LASF18
 150 00e1 03       		.byte	0x3
 151 00e2 30       		.byte	0x30
 152 00e3 14       		.byte	0x14
 153 00e4 81000000 		.4byte	0x81
 154 00e8 01       		.uleb128 0x1
 155 00e9 4A000000 		.4byte	.LASF19
 156 00ed 03       		.byte	0x3
 157 00ee 3C       		.byte	0x3c
 158 00ef 14       		.byte	0x14
 159 00f0 94000000 		.4byte	0x94
 160 00f4 01       		.uleb128 0x1
 161 00f5 4C050000 		.4byte	.LASF20
 162 00f9 04       		.byte	0x4
 163 00fa 48       		.byte	0x48
 164 00fb 1D       		.byte	0x1d
 165 00fc E8000000 		.4byte	0xe8
 166 0100 01       		.uleb128 0x1
 167 0101 84030000 		.4byte	.LASF21
 168 0105 05       		.byte	0x5
 169 0106 50       		.byte	0x50
 170 0107 19       		.byte	0x19
 171 0108 F4000000 		.4byte	0xf4
ARM GAS  C:\Users\PUBLIC~1.LAP\AppData\Local\Temp\ccWUeqHQ.s 			page 4


 172 010c 01       		.uleb128 0x1
 173 010d 1D030000 		.4byte	.LASF22
 174 0111 05       		.byte	0x5
 175 0112 53       		.byte	0x53
 176 0113 19       		.byte	0x19
 177 0114 BF000000 		.4byte	0xbf
 178 0118 01       		.uleb128 0x1
 179 0119 8C010000 		.4byte	.LASF23
 180 011d 05       		.byte	0x5
 181 011e 54       		.byte	0x54
 182 011f 19       		.byte	0x19
 183 0120 BF000000 		.4byte	0xbf
 184 0124 01       		.uleb128 0x1
 185 0125 25010000 		.4byte	.LASF24
 186 0129 05       		.byte	0x5
 187 012a 55       		.byte	0x55
 188 012b 19       		.byte	0x19
 189 012c BF000000 		.4byte	0xbf
 190 0130 01       		.uleb128 0x1
 191 0131 87040000 		.4byte	.LASF25
 192 0135 05       		.byte	0x5
 193 0136 57       		.byte	0x57
 194 0137 19       		.byte	0x19
 195 0138 DC000000 		.4byte	0xdc
 196 013c 01       		.uleb128 0x1
 197 013d 07030000 		.4byte	.LASF26
 198 0141 05       		.byte	0x5
 199 0142 58       		.byte	0x58
 200 0143 19       		.byte	0x19
 201 0144 D0000000 		.4byte	0xd0
 202 0148 01       		.uleb128 0x1
 203 0149 4A030000 		.4byte	.LASF27
 204 014d 05       		.byte	0x5
 205 014e 5A       		.byte	0x5a
 206 014f 19       		.byte	0x19
 207 0150 DC000000 		.4byte	0xdc
 208 0154 01       		.uleb128 0x1
 209 0155 98020000 		.4byte	.LASF28
 210 0159 05       		.byte	0x5
 211 015a 5C       		.byte	0x5c
 212 015b 19       		.byte	0x19
 213 015c D0000000 		.4byte	0xd0
 214 0160 01       		.uleb128 0x1
 215 0161 69040000 		.4byte	.LASF29
 216 0165 05       		.byte	0x5
 217 0166 80       		.byte	0x80
 218 0167 12       		.byte	0x12
 219 0168 31000000 		.4byte	0x31
 220 016c 01       		.uleb128 0x1
 221 016d 4B060000 		.4byte	.LASF30
 222 0171 05       		.byte	0x5
 223 0172 85       		.byte	0x85
 224 0173 1A       		.byte	0x1a
 225 0174 78010000 		.4byte	0x178
 226 0178 06       		.uleb128 0x6
 227 0179 FD020000 		.4byte	.LASF46
 228 017d 4C       		.byte	0x4c
ARM GAS  C:\Users\PUBLIC~1.LAP\AppData\Local\Temp\ccWUeqHQ.s 			page 5


 229 017e 06       		.byte	0x6
 230 017f 9C       		.byte	0x9c
 231 0180 08       		.byte	0x8
 232 0181 62020000 		.4byte	0x262
 233 0185 15       		.uleb128 0x15
 234 0186 68647200 		.ascii	"hdr\000"
 235 018a 06       		.byte	0x6
 236 018b AD       		.byte	0xad
 237 018c 05       		.byte	0x5
 238 018d FB050000 		.4byte	0x5fb
 239 0191 00       		.byte	0
 240 0192 15       		.uleb128 0x15
 241 0193 63747800 		.ascii	"ctx\000"
 242 0197 06       		.byte	0x6
 243 0198 B1       		.byte	0xb1
 244 0199 21       		.byte	0x21
 245 019a 6E050000 		.4byte	0x56e
 246 019e 0C       		.byte	0xc
 247 019f 02       		.uleb128 0x2
 248 01a0 B8020000 		.4byte	.LASF31
 249 01a4 06       		.byte	0x6
 250 01a5 B6       		.byte	0xb6
 251 01a6 21       		.byte	0x21
 252 01a7 89030000 		.4byte	0x389
 253 01ab 10       		.byte	0x10
 254 01ac 02       		.uleb128 0x2
 255 01ad 5C050000 		.4byte	.LASF32
 256 01b1 06       		.byte	0x6
 257 01b2 BB       		.byte	0xbb
 258 01b3 22       		.byte	0x22
 259 01b4 FB060000 		.4byte	0x6fb
 260 01b8 18       		.byte	0x18
 261 01b9 02       		.uleb128 0x2
 262 01ba CA020000 		.4byte	.LASF33
 263 01be 06       		.byte	0x6
 264 01bf C0       		.byte	0xc0
 265 01c0 22       		.byte	0x22
 266 01c1 B5000000 		.4byte	0xb5
 267 01c5 1C       		.byte	0x1c
 268 01c6 02       		.uleb128 0x2
 269 01c7 79050000 		.4byte	.LASF34
 270 01cb 06       		.byte	0x6
 271 01cc C9       		.byte	0xc9
 272 01cd 22       		.byte	0x22
 273 01ce 00070000 		.4byte	0x700
 274 01d2 20       		.byte	0x20
 275 01d3 02       		.uleb128 0x2
 276 01d4 64020000 		.4byte	.LASF35
 277 01d8 06       		.byte	0x6
 278 01d9 CE       		.byte	0xce
 279 01da 22       		.byte	0x22
 280 01db 00070000 		.4byte	0x700
 281 01df 24       		.byte	0x24
 282 01e0 02       		.uleb128 0x2
 283 01e1 7D010000 		.4byte	.LASF36
 284 01e5 06       		.byte	0x6
 285 01e6 D3       		.byte	0xd3
ARM GAS  C:\Users\PUBLIC~1.LAP\AppData\Local\Temp\ccWUeqHQ.s 			page 6


 286 01e7 21       		.byte	0x21
 287 01e8 18010000 		.4byte	0x118
 288 01ec 28       		.byte	0x28
 289 01ed 02       		.uleb128 0x2
 290 01ee 4D070000 		.4byte	.LASF37
 291 01f2 06       		.byte	0x6
 292 01f3 D7       		.byte	0xd7
 293 01f4 21       		.byte	0x21
 294 01f5 0C010000 		.4byte	0x10c
 295 01f9 29       		.byte	0x29
 296 01fa 02       		.uleb128 0x2
 297 01fb 20010000 		.4byte	.LASF38
 298 01ff 06       		.byte	0x6
 299 0200 DC       		.byte	0xdc
 300 0201 21       		.byte	0x21
 301 0202 24010000 		.4byte	0x124
 302 0206 2A       		.byte	0x2a
 303 0207 07       		.uleb128 0x7
 304 0208 7500     		.ascii	"u\000"
 305 020a 06       		.byte	0x6
 306 020b 2D01     		.2byte	0x12d
 307 020d 21       		.byte	0x21
 308 020e 27060000 		.4byte	0x627
 309 0212 2C       		.byte	0x2c
 310 0213 04       		.uleb128 0x4
 311 0214 6A020000 		.4byte	.LASF39
 312 0218 3201     		.2byte	0x132
 313 021a 21       		.byte	0x21
 314 021b 5D030000 		.4byte	0x35d
 315 021f 30       		.byte	0x30
 316 0220 04       		.uleb128 0x4
 317 0221 74010000 		.4byte	.LASF40
 318 0225 3801     		.2byte	0x138
 319 0227 21       		.byte	0x21
 320 0228 89030000 		.4byte	0x389
 321 022c 34       		.byte	0x34
 322 022d 04       		.uleb128 0x4
 323 022e 0D030000 		.4byte	.LASF41
 324 0232 3E01     		.2byte	0x13e
 325 0234 21       		.byte	0x21
 326 0235 48010000 		.4byte	0x148
 327 0239 3C       		.byte	0x3c
 328 023a 04       		.uleb128 0x4
 329 023b 6E070000 		.4byte	.LASF42
 330 023f 4501     		.2byte	0x145
 331 0241 22       		.byte	0x22
 332 0242 F6060000 		.4byte	0x6f6
 333 0246 40       		.byte	0x40
 334 0247 04       		.uleb128 0x4
 335 0248 B5030000 		.4byte	.LASF43
 336 024c 4901     		.2byte	0x149
 337 024e 21       		.byte	0x21
 338 024f 30010000 		.4byte	0x130
 339 0253 44       		.byte	0x44
 340 0254 04       		.uleb128 0x4
 341 0255 D5020000 		.4byte	.LASF44
 342 0259 5001     		.2byte	0x150
ARM GAS  C:\Users\PUBLIC~1.LAP\AppData\Local\Temp\ccWUeqHQ.s 			page 7


 343 025b 22       		.byte	0x22
 344 025c A7000000 		.4byte	0xa7
 345 0260 48       		.byte	0x48
 346 0261 00       		.byte	0
 347 0262 01       		.uleb128 0x1
 348 0263 B5060000 		.4byte	.LASF45
 349 0267 05       		.byte	0x5
 350 0268 8A       		.byte	0x8a
 351 0269 1F       		.byte	0x1f
 352 026a 6E020000 		.4byte	0x26e
 353 026e 12       		.uleb128 0x12
 354 026f A6060000 		.4byte	.LASF47
 355 0273 84       		.byte	0x84
 356 0274 06       		.byte	0x6
 357 0275 8F01     		.2byte	0x18f
 358 0277 08       		.byte	0x8
 359 0278 E6020000 		.4byte	0x2e6
 360 027c 04       		.uleb128 0x4
 361 027d 3F070000 		.4byte	.LASF48
 362 0281 9301     		.2byte	0x193
 363 0283 21       		.byte	0x21
 364 0284 2E070000 		.4byte	0x72e
 365 0288 00       		.byte	0
 366 0289 04       		.uleb128 0x4
 367 028a 65010000 		.4byte	.LASF49
 368 028e 9701     		.2byte	0x197
 369 0290 21       		.byte	0x21
 370 0291 B7050000 		.4byte	0x5b7
 371 0295 10       		.byte	0x10
 372 0296 04       		.uleb128 0x4
 373 0297 C3060000 		.4byte	.LASF50
 374 029b 9E01     		.2byte	0x19e
 375 029d 21       		.byte	0x21
 376 029e DE050000 		.4byte	0x5de
 377 02a2 20       		.byte	0x20
 378 02a3 04       		.uleb128 0x4
 379 02a4 8C000000 		.4byte	.LASF51
 380 02a8 A301     		.2byte	0x1a3
 381 02aa 21       		.byte	0x21
 382 02ab 60010000 		.4byte	0x160
 383 02af 28       		.byte	0x28
 384 02b0 04       		.uleb128 0x4
 385 02b1 2C000000 		.4byte	.LASF52
 386 02b5 A901     		.2byte	0x1a9
 387 02b7 21       		.byte	0x21
 388 02b8 0D030000 		.4byte	0x30d
 389 02bc 2C       		.byte	0x2c
 390 02bd 04       		.uleb128 0x4
 391 02be 92050000 		.4byte	.LASF53
 392 02c2 AE01     		.2byte	0x1ae
 393 02c4 22       		.byte	0x22
 394 02c5 99070000 		.4byte	0x799
 395 02c9 30       		.byte	0x30
 396 02ca 04       		.uleb128 0x4
 397 02cb EB000000 		.4byte	.LASF54
 398 02cf B201     		.2byte	0x1b2
 399 02d1 21       		.byte	0x21
ARM GAS  C:\Users\PUBLIC~1.LAP\AppData\Local\Temp\ccWUeqHQ.s 			page 8


 400 02d2 6C010000 		.4byte	0x16c
 401 02d6 34       		.byte	0x34
 402 02d7 07       		.uleb128 0x7
 403 02d8 64626700 		.ascii	"dbg\000"
 404 02dc 06       		.byte	0x6
 405 02dd B601     		.2byte	0x1b6
 406 02df 21       		.byte	0x21
 407 02e0 34030000 		.4byte	0x334
 408 02e4 80       		.byte	0x80
 409 02e5 00       		.byte	0
 410 02e6 01       		.uleb128 0x1
 411 02e7 BE030000 		.4byte	.LASF55
 412 02eb 07       		.byte	0x7
 413 02ec 3F       		.byte	0x3f
 414 02ed 12       		.byte	0x12
 415 02ee DC000000 		.4byte	0xdc
 416 02f2 06       		.uleb128 0x6
 417 02f3 CC010000 		.4byte	.LASF56
 418 02f7 04       		.byte	0x4
 419 02f8 07       		.byte	0x7
 420 02f9 44       		.byte	0x44
 421 02fa 10       		.byte	0x10
 422 02fb 0D030000 		.4byte	0x30d
 423 02ff 02       		.uleb128 0x2
 424 0300 3A070000 		.4byte	.LASF57
 425 0304 07       		.byte	0x7
 426 0305 48       		.byte	0x48
 427 0306 21       		.byte	0x21
 428 0307 E6020000 		.4byte	0x2e6
 429 030b 00       		.byte	0
 430 030c 00       		.byte	0
 431 030d 01       		.uleb128 0x1
 432 030e EB040000 		.4byte	.LASF58
 433 0312 07       		.byte	0x7
 434 0313 49       		.byte	0x49
 435 0314 03       		.byte	0x3
 436 0315 F2020000 		.4byte	0x2f2
 437 0319 06       		.uleb128 0x6
 438 031a A0040000 		.4byte	.LASF59
 439 031e 04       		.byte	0x4
 440 031f 08       		.byte	0x8
 441 0320 3E       		.byte	0x3e
 442 0321 10       		.byte	0x10
 443 0322 34030000 		.4byte	0x334
 444 0326 02       		.uleb128 0x2
 445 0327 95060000 		.4byte	.LASF60
 446 032b 08       		.byte	0x8
 447 032c 46       		.byte	0x46
 448 032d 24       		.byte	0x24
 449 032e BA000000 		.4byte	0xba
 450 0332 00       		.byte	0
 451 0333 00       		.byte	0
 452 0334 01       		.uleb128 0x1
 453 0335 74000000 		.4byte	.LASF61
 454 0339 08       		.byte	0x8
 455 033a 51       		.byte	0x51
 456 033b 03       		.byte	0x3
ARM GAS  C:\Users\PUBLIC~1.LAP\AppData\Local\Temp\ccWUeqHQ.s 			page 9


 457 033c 19030000 		.4byte	0x319
 458 0340 01       		.uleb128 0x1
 459 0341 67060000 		.4byte	.LASF62
 460 0345 09       		.byte	0x9
 461 0346 6D       		.byte	0x6d
 462 0347 12       		.byte	0x12
 463 0348 DC000000 		.4byte	0xdc
 464 034c 1C       		.uleb128 0x1c
 465 034d 40030000 		.4byte	0x340
 466 0351 01       		.uleb128 0x1
 467 0352 8A020000 		.4byte	.LASF63
 468 0356 09       		.byte	0x9
 469 0357 79       		.byte	0x79
 470 0358 12       		.byte	0x12
 471 0359 DC000000 		.4byte	0xdc
 472 035d 01       		.uleb128 0x1
 473 035e F3020000 		.4byte	.LASF64
 474 0362 0A       		.byte	0xa
 475 0363 32       		.byte	0x32
 476 0364 18       		.byte	0x18
 477 0365 69030000 		.4byte	0x369
 478 0369 06       		.uleb128 0x6
 479 036a 34030000 		.4byte	.LASF65
 480 036e 04       		.byte	0x4
 481 036f 0A       		.byte	0xa
 482 0370 38       		.byte	0x38
 483 0371 08       		.byte	0x8
 484 0372 84030000 		.4byte	0x384
 485 0376 02       		.uleb128 0x2
 486 0377 38000000 		.4byte	.LASF66
 487 037b 0A       		.byte	0xa
 488 037c 39       		.byte	0x39
 489 037d 1A       		.byte	0x1a
 490 037e 84030000 		.4byte	0x384
 491 0382 00       		.byte	0
 492 0383 00       		.byte	0
 493 0384 03       		.uleb128 0x3
 494 0385 5D030000 		.4byte	0x35d
 495 0389 01       		.uleb128 0x1
 496 038a BF020000 		.4byte	.LASF67
 497 038e 0A       		.byte	0xa
 498 038f 3F       		.byte	0x3f
 499 0390 19       		.byte	0x19
 500 0391 95030000 		.4byte	0x395
 501 0395 06       		.uleb128 0x6
 502 0396 18020000 		.4byte	.LASF68
 503 039a 08       		.byte	0x8
 504 039b 0A       		.byte	0xa
 505 039c 45       		.byte	0x45
 506 039d 08       		.byte	0x8
 507 039e BD030000 		.4byte	0x3bd
 508 03a2 02       		.uleb128 0x2
 509 03a3 38000000 		.4byte	.LASF66
 510 03a7 0A       		.byte	0xa
 511 03a8 46       		.byte	0x46
 512 03a9 1A       		.byte	0x1a
 513 03aa BD030000 		.4byte	0x3bd
ARM GAS  C:\Users\PUBLIC~1.LAP\AppData\Local\Temp\ccWUeqHQ.s 			page 10


 514 03ae 00       		.byte	0
 515 03af 02       		.uleb128 0x2
 516 03b0 5D000000 		.4byte	.LASF69
 517 03b4 0A       		.byte	0xa
 518 03b5 47       		.byte	0x47
 519 03b6 1A       		.byte	0x1a
 520 03b7 BD030000 		.4byte	0x3bd
 521 03bb 04       		.byte	0x4
 522 03bc 00       		.byte	0
 523 03bd 03       		.uleb128 0x3
 524 03be 89030000 		.4byte	0x389
 525 03c2 01       		.uleb128 0x1
 526 03c3 94000000 		.4byte	.LASF70
 527 03c7 0A       		.byte	0xa
 528 03c8 4E       		.byte	0x4e
 529 03c9 22       		.byte	0x22
 530 03ca CE030000 		.4byte	0x3ce
 531 03ce 06       		.uleb128 0x6
 532 03cf CB060000 		.4byte	.LASF71
 533 03d3 0C       		.byte	0xc
 534 03d4 0A       		.byte	0xa
 535 03d5 55       		.byte	0x55
 536 03d6 08       		.byte	0x8
 537 03d7 03040000 		.4byte	0x403
 538 03db 02       		.uleb128 0x2
 539 03dc 38000000 		.4byte	.LASF66
 540 03e0 0A       		.byte	0xa
 541 03e1 56       		.byte	0x56
 542 03e2 1A       		.byte	0x1a
 543 03e3 03040000 		.4byte	0x403
 544 03e7 00       		.byte	0
 545 03e8 02       		.uleb128 0x2
 546 03e9 5D000000 		.4byte	.LASF69
 547 03ed 0A       		.byte	0xa
 548 03ee 57       		.byte	0x57
 549 03ef 1A       		.byte	0x1a
 550 03f0 03040000 		.4byte	0x403
 551 03f4 04       		.byte	0x4
 552 03f5 02       		.uleb128 0x2
 553 03f6 3D040000 		.4byte	.LASF72
 554 03fa 0A       		.byte	0xa
 555 03fb 58       		.byte	0x58
 556 03fc 19       		.byte	0x19
 557 03fd 30010000 		.4byte	0x130
 558 0401 08       		.byte	0x8
 559 0402 00       		.byte	0
 560 0403 03       		.uleb128 0x3
 561 0404 C2030000 		.4byte	0x3c2
 562 0408 01       		.uleb128 0x1
 563 0409 3D020000 		.4byte	.LASF73
 564 040d 0A       		.byte	0xa
 565 040e 5F       		.byte	0x5f
 566 040f 1E       		.byte	0x1e
 567 0410 14040000 		.4byte	0x414
 568 0414 06       		.uleb128 0x6
 569 0415 4C010000 		.4byte	.LASF74
 570 0419 0C       		.byte	0xc
ARM GAS  C:\Users\PUBLIC~1.LAP\AppData\Local\Temp\ccWUeqHQ.s 			page 11


 571 041a 0A       		.byte	0xa
 572 041b 64       		.byte	0x64
 573 041c 08       		.byte	0x8
 574 041d 49040000 		.4byte	0x449
 575 0421 02       		.uleb128 0x2
 576 0422 38000000 		.4byte	.LASF66
 577 0426 0A       		.byte	0xa
 578 0427 65       		.byte	0x65
 579 0428 1A       		.byte	0x1a
 580 0429 49040000 		.4byte	0x449
 581 042d 00       		.byte	0
 582 042e 02       		.uleb128 0x2
 583 042f 5D000000 		.4byte	.LASF69
 584 0433 0A       		.byte	0xa
 585 0434 66       		.byte	0x66
 586 0435 1A       		.byte	0x1a
 587 0436 49040000 		.4byte	0x449
 588 043a 04       		.byte	0x4
 589 043b 02       		.uleb128 0x2
 590 043c 3D000000 		.4byte	.LASF75
 591 0440 0A       		.byte	0xa
 592 0441 67       		.byte	0x67
 593 0442 19       		.byte	0x19
 594 0443 51030000 		.4byte	0x351
 595 0447 08       		.byte	0x8
 596 0448 00       		.byte	0
 597 0449 03       		.uleb128 0x3
 598 044a 08040000 		.4byte	0x408
 599 044e 05       		.uleb128 0x5
 600 044f 01       		.byte	0x1
 601 0450 02       		.byte	0x2
 602 0451 B0040000 		.4byte	.LASF76
 603 0455 03       		.uleb128 0x3
 604 0456 BF000000 		.4byte	0xbf
 605 045a 0C       		.uleb128 0xc
 606 045b CB000000 		.4byte	0xcb
 607 045f 6A040000 		.4byte	0x46a
 608 0463 0D       		.uleb128 0xd
 609 0464 31000000 		.4byte	0x31
 610 0468 07       		.byte	0x7
 611 0469 00       		.byte	0
 612 046a 09       		.uleb128 0x9
 613 046b 5A040000 		.4byte	0x45a
 614 046f 13       		.uleb128 0x13
 615 0470 8F040000 		.4byte	.LASF77
 616 0474 3B       		.byte	0x3b
 617 0475 6A040000 		.4byte	0x46a
 618 0479 08       		.byte	0x8
 619 047a 00       		.byte	0
 620 047b 00       		.byte	0
 621 047c 00       		.byte	0
 622 047d 00       		.byte	0
 623 047e 04       		.byte	0x4
 624 047f 04       		.byte	0x4
 625 0480 04       		.byte	0x4
 626 0481 04       		.byte	0x4
 627 0482 13       		.uleb128 0x13
ARM GAS  C:\Users\PUBLIC~1.LAP\AppData\Local\Temp\ccWUeqHQ.s 			page 12


 628 0483 7F060000 		.4byte	.LASF78
 629 0487 47       		.byte	0x47
 630 0488 6A040000 		.4byte	0x46a
 631 048c 08       		.byte	0x8
 632 048d 00       		.byte	0
 633 048e 00       		.byte	0
 634 048f 08       		.byte	0x8
 635 0490 00       		.byte	0
 636 0491 00       		.byte	0
 637 0492 00       		.byte	0
 638 0493 08       		.byte	0x8
 639 0494 00       		.byte	0
 640 0495 13       		.uleb128 0x13
 641 0496 75030000 		.4byte	.LASF79
 642 049a 53       		.byte	0x53
 643 049b 6A040000 		.4byte	0x46a
 644 049f 08       		.byte	0x8
 645 04a0 00       		.byte	0
 646 04a1 00       		.byte	0
 647 04a2 08       		.byte	0x8
 648 04a3 00       		.byte	0
 649 04a4 00       		.byte	0
 650 04a5 00       		.byte	0
 651 04a6 08       		.byte	0x8
 652 04a7 00       		.byte	0
 653 04a8 13       		.uleb128 0x13
 654 04a9 55040000 		.4byte	.LASF80
 655 04ad 5F       		.byte	0x5f
 656 04ae 6A040000 		.4byte	0x46a
 657 04b2 08       		.byte	0x8
 658 04b3 00       		.byte	0
 659 04b4 02       		.byte	0x2
 660 04b5 04       		.byte	0x4
 661 04b6 06       		.byte	0x6
 662 04b7 08       		.byte	0x8
 663 04b8 0A       		.byte	0xa
 664 04b9 0C       		.byte	0xc
 665 04ba 0E       		.byte	0xe
 666 04bb 0C       		.uleb128 0xc
 667 04bc CB000000 		.4byte	0xcb
 668 04c0 CB040000 		.4byte	0x4cb
 669 04c4 0D       		.uleb128 0xd
 670 04c5 31000000 		.4byte	0x31
 671 04c9 06       		.byte	0x6
 672 04ca 00       		.byte	0
 673 04cb 09       		.uleb128 0x9
 674 04cc BB040000 		.4byte	0x4bb
 675 04d0 13       		.uleb128 0x13
 676 04d1 F5060000 		.4byte	.LASF81
 677 04d5 6B       		.byte	0x6b
 678 04d6 CB040000 		.4byte	0x4cb
 679 04da 07       		.byte	0x7
 680 04db 00       		.byte	0
 681 04dc 01       		.byte	0x1
 682 04dd 02       		.byte	0x2
 683 04de 03       		.byte	0x3
 684 04df 04       		.byte	0x4
ARM GAS  C:\Users\PUBLIC~1.LAP\AppData\Local\Temp\ccWUeqHQ.s 			page 13


 685 04e0 05       		.byte	0x5
 686 04e1 06       		.byte	0x6
 687 04e2 03       		.uleb128 0x3
 688 04e3 E7040000 		.4byte	0x4e7
 689 04e7 24       		.uleb128 0x24
 690 04e8 12       		.uleb128 0x12
 691 04e9 62000000 		.4byte	.LASF82
 692 04ed 24       		.byte	0x24
 693 04ee 0C       		.byte	0xc
 694 04ef 1B01     		.2byte	0x11b
 695 04f1 08       		.byte	0x8
 696 04f2 6E050000 		.4byte	0x56e
 697 04f6 07       		.uleb128 0x7
 698 04f7 723800   		.ascii	"r8\000"
 699 04fa 0C       		.byte	0xc
 700 04fb 1C01     		.2byte	0x11c
 701 04fd 11       		.byte	0x11
 702 04fe DC000000 		.4byte	0xdc
 703 0502 00       		.byte	0
 704 0503 07       		.uleb128 0x7
 705 0504 723900   		.ascii	"r9\000"
 706 0507 0C       		.byte	0xc
 707 0508 1D01     		.2byte	0x11d
 708 050a 11       		.byte	0x11
 709 050b DC000000 		.4byte	0xdc
 710 050f 04       		.byte	0x4
 711 0510 07       		.uleb128 0x7
 712 0511 72313000 		.ascii	"r10\000"
 713 0515 0C       		.byte	0xc
 714 0516 1E01     		.2byte	0x11e
 715 0518 11       		.byte	0x11
 716 0519 DC000000 		.4byte	0xdc
 717 051d 08       		.byte	0x8
 718 051e 07       		.uleb128 0x7
 719 051f 72313100 		.ascii	"r11\000"
 720 0523 0C       		.byte	0xc
 721 0524 1F01     		.2byte	0x11f
 722 0526 11       		.byte	0x11
 723 0527 DC000000 		.4byte	0xdc
 724 052b 0C       		.byte	0xc
 725 052c 07       		.uleb128 0x7
 726 052d 723400   		.ascii	"r4\000"
 727 0530 0C       		.byte	0xc
 728 0531 2001     		.2byte	0x120
 729 0533 11       		.byte	0x11
 730 0534 DC000000 		.4byte	0xdc
 731 0538 10       		.byte	0x10
 732 0539 07       		.uleb128 0x7
 733 053a 723500   		.ascii	"r5\000"
 734 053d 0C       		.byte	0xc
 735 053e 2101     		.2byte	0x121
 736 0540 11       		.byte	0x11
 737 0541 DC000000 		.4byte	0xdc
 738 0545 14       		.byte	0x14
 739 0546 07       		.uleb128 0x7
 740 0547 723600   		.ascii	"r6\000"
 741 054a 0C       		.byte	0xc
ARM GAS  C:\Users\PUBLIC~1.LAP\AppData\Local\Temp\ccWUeqHQ.s 			page 14


 742 054b 2201     		.2byte	0x122
 743 054d 11       		.byte	0x11
 744 054e DC000000 		.4byte	0xdc
 745 0552 18       		.byte	0x18
 746 0553 07       		.uleb128 0x7
 747 0554 723700   		.ascii	"r7\000"
 748 0557 0C       		.byte	0xc
 749 0558 2301     		.2byte	0x123
 750 055a 11       		.byte	0x11
 751 055b DC000000 		.4byte	0xdc
 752 055f 1C       		.byte	0x1c
 753 0560 07       		.uleb128 0x7
 754 0561 6C7200   		.ascii	"lr\000"
 755 0564 0C       		.byte	0xc
 756 0565 2401     		.2byte	0x124
 757 0567 11       		.byte	0x11
 758 0568 DC000000 		.4byte	0xdc
 759 056c 20       		.byte	0x20
 760 056d 00       		.byte	0
 761 056e 12       		.uleb128 0x12
 762 056f 30040000 		.4byte	.LASF83
 763 0573 04       		.byte	0x4
 764 0574 0C       		.byte	0xc
 765 0575 2D01     		.2byte	0x12d
 766 0577 08       		.byte	0x8
 767 0578 8A050000 		.4byte	0x58a
 768 057c 07       		.uleb128 0x7
 769 057d 737000   		.ascii	"sp\000"
 770 0580 0C       		.byte	0xc
 771 0581 2E01     		.2byte	0x12e
 772 0583 1A       		.byte	0x1a
 773 0584 8A050000 		.4byte	0x58a
 774 0588 00       		.byte	0
 775 0589 00       		.byte	0
 776 058a 03       		.uleb128 0x3
 777 058b E8040000 		.4byte	0x4e8
 778 058f 06       		.uleb128 0x6
 779 0590 DD030000 		.4byte	.LASF84
 780 0594 10       		.byte	0x10
 781 0595 06       		.byte	0x6
 782 0596 64       		.byte	0x64
 783 0597 10       		.byte	0x10
 784 0598 B7050000 		.4byte	0x5b7
 785 059c 02       		.uleb128 0x2
 786 059d 61060000 		.4byte	.LASF85
 787 05a1 06       		.byte	0x6
 788 05a2 68       		.byte	0x68
 789 05a3 21       		.byte	0x21
 790 05a4 08040000 		.4byte	0x408
 791 05a8 00       		.byte	0
 792 05a9 02       		.uleb128 0x2
 793 05aa 25030000 		.4byte	.LASF86
 794 05ae 06       		.byte	0x6
 795 05af 6D       		.byte	0x6d
 796 05b0 21       		.byte	0x21
 797 05b1 4C030000 		.4byte	0x34c
 798 05b5 0C       		.byte	0xc
ARM GAS  C:\Users\PUBLIC~1.LAP\AppData\Local\Temp\ccWUeqHQ.s 			page 15


 799 05b6 00       		.byte	0
 800 05b7 01       		.uleb128 0x1
 801 05b8 FE000000 		.4byte	.LASF87
 802 05bc 06       		.byte	0x6
 803 05bd 7B       		.byte	0x7b
 804 05be 03       		.byte	0x3
 805 05bf 8F050000 		.4byte	0x58f
 806 05c3 06       		.uleb128 0x6
 807 05c4 4D020000 		.4byte	.LASF88
 808 05c8 08       		.byte	0x8
 809 05c9 06       		.byte	0x6
 810 05ca 80       		.byte	0x80
 811 05cb 10       		.byte	0x10
 812 05cc DE050000 		.4byte	0x5de
 813 05d0 02       		.uleb128 0x2
 814 05d1 CF020000 		.4byte	.LASF89
 815 05d5 06       		.byte	0x6
 816 05d6 84       		.byte	0x84
 817 05d7 21       		.byte	0x21
 818 05d8 89030000 		.4byte	0x389
 819 05dc 00       		.byte	0
 820 05dd 00       		.byte	0
 821 05de 01       		.uleb128 0x1
 822 05df 25050000 		.4byte	.LASF90
 823 05e3 06       		.byte	0x6
 824 05e4 85       		.byte	0x85
 825 05e5 03       		.byte	0x3
 826 05e6 C3050000 		.4byte	0x5c3
 827 05ea 01       		.uleb128 0x1
 828 05eb CA030000 		.4byte	.LASF91
 829 05ef 06       		.byte	0x6
 830 05f0 8A       		.byte	0x8a
 831 05f1 14       		.byte	0x14
 832 05f2 F6050000 		.4byte	0x5f6
 833 05f6 03       		.uleb128 0x3
 834 05f7 6C010000 		.4byte	0x16c
 835 05fb 1D       		.uleb128 0x1d
 836 05fc 0C       		.byte	0xc
 837 05fd A0       		.byte	0xa0
 838 05fe 27060000 		.4byte	0x627
 839 0602 0A       		.uleb128 0xa
 840 0603 5A070000 		.4byte	.LASF92
 841 0607 06       		.byte	0x6
 842 0608 A4       		.byte	0xa4
 843 0609 21       		.byte	0x21
 844 060a 5D030000 		.4byte	0x35d
 845 060e 0A       		.uleb128 0xa
 846 060f CF020000 		.4byte	.LASF89
 847 0613 06       		.byte	0x6
 848 0614 A8       		.byte	0xa8
 849 0615 21       		.byte	0x21
 850 0616 89030000 		.4byte	0x389
 851 061a 0A       		.uleb128 0xa
 852 061b 9F060000 		.4byte	.LASF93
 853 061f 06       		.byte	0x6
 854 0620 AC       		.byte	0xac
 855 0621 21       		.byte	0x21
ARM GAS  C:\Users\PUBLIC~1.LAP\AppData\Local\Temp\ccWUeqHQ.s 			page 16


 856 0622 C2030000 		.4byte	0x3c2
 857 0626 00       		.byte	0
 858 0627 1D       		.uleb128 0x1d
 859 0628 04       		.byte	0x4
 860 0629 F0       		.byte	0xf0
 861 062a 8F060000 		.4byte	0x68f
 862 062e 0A       		.uleb128 0xa
 863 062f 43000000 		.4byte	.LASF94
 864 0633 06       		.byte	0x6
 865 0634 F7       		.byte	0xf7
 866 0635 21       		.byte	0x21
 867 0636 3C010000 		.4byte	0x13c
 868 063a 0A       		.uleb128 0xa
 869 063b D9000000 		.4byte	.LASF95
 870 063f 06       		.byte	0x6
 871 0640 FE       		.byte	0xfe
 872 0641 21       		.byte	0x21
 873 0642 3C010000 		.4byte	0x13c
 874 0646 0E       		.uleb128 0xe
 875 0647 53070000 		.4byte	.LASF96
 876 064b 0501     		.2byte	0x105
 877 064d 22       		.byte	0x22
 878 064e A7000000 		.4byte	0xa7
 879 0652 0E       		.uleb128 0xe
 880 0653 B2020000 		.4byte	.LASF97
 881 0657 0C01     		.2byte	0x10c
 882 0659 22       		.byte	0x22
 883 065a 8F060000 		.4byte	0x68f
 884 065e 0E       		.uleb128 0xe
 885 065f F6000000 		.4byte	.LASF98
 886 0663 1101     		.2byte	0x111
 887 0665 21       		.byte	0x21
 888 0666 3C010000 		.4byte	0x13c
 889 066a 0E       		.uleb128 0xe
 890 066b AB020000 		.4byte	.LASF99
 891 066f 1A01     		.2byte	0x11a
 892 0671 22       		.byte	0x22
 893 0672 BC060000 		.4byte	0x6bc
 894 0676 0E       		.uleb128 0xe
 895 0677 8E060000 		.4byte	.LASF100
 896 067b 2301     		.2byte	0x123
 897 067d 22       		.byte	0x22
 898 067e F6060000 		.4byte	0x6f6
 899 0682 0E       		.uleb128 0xe
 900 0683 F7040000 		.4byte	.LASF101
 901 0687 2B01     		.2byte	0x12b
 902 0689 21       		.byte	0x21
 903 068a 48010000 		.4byte	0x148
 904 068e 00       		.byte	0
 905 068f 03       		.uleb128 0x3
 906 0690 EA050000 		.4byte	0x5ea
 907 0694 06       		.uleb128 0x6
 908 0695 07050000 		.4byte	.LASF102
 909 0699 0C       		.byte	0xc
 910 069a 0D       		.byte	0xd
 911 069b 34       		.byte	0x34
 912 069c 10       		.byte	0x10
ARM GAS  C:\Users\PUBLIC~1.LAP\AppData\Local\Temp\ccWUeqHQ.s 			page 17


 913 069d BC060000 		.4byte	0x6bc
 914 06a1 02       		.uleb128 0x2
 915 06a2 CF020000 		.4byte	.LASF89
 916 06a6 0D       		.byte	0xd
 917 06a7 35       		.byte	0x35
 918 06a8 19       		.byte	0x19
 919 06a9 89030000 		.4byte	0x389
 920 06ad 00       		.byte	0
 921 06ae 15       		.uleb128 0x15
 922 06af 636E7400 		.ascii	"cnt\000"
 923 06b3 0D       		.byte	0xd
 924 06b4 37       		.byte	0x37
 925 06b5 19       		.byte	0x19
 926 06b6 54010000 		.4byte	0x154
 927 06ba 08       		.byte	0x8
 928 06bb 00       		.byte	0
 929 06bc 03       		.uleb128 0x3
 930 06bd 94060000 		.4byte	0x694
 931 06c1 06       		.uleb128 0x6
 932 06c2 31070000 		.4byte	.LASF103
 933 06c6 10       		.byte	0x10
 934 06c7 0E       		.byte	0xe
 935 06c8 39       		.byte	0x39
 936 06c9 08       		.byte	0x8
 937 06ca F6060000 		.4byte	0x6f6
 938 06ce 02       		.uleb128 0x2
 939 06cf CF020000 		.4byte	.LASF89
 940 06d3 0E       		.byte	0xe
 941 06d4 3A       		.byte	0x3a
 942 06d5 19       		.byte	0x19
 943 06d6 89030000 		.4byte	0x389
 944 06da 00       		.byte	0
 945 06db 02       		.uleb128 0x2
 946 06dc 5C050000 		.4byte	.LASF32
 947 06e0 0E       		.byte	0xe
 948 06e1 3C       		.byte	0x3c
 949 06e2 1A       		.byte	0x1a
 950 06e3 F6050000 		.4byte	0x5f6
 951 06e7 08       		.byte	0x8
 952 06e8 02       		.uleb128 0x2
 953 06e9 38000000 		.4byte	.LASF66
 954 06ed 0E       		.byte	0xe
 955 06ee 3E       		.byte	0x3e
 956 06ef 1A       		.byte	0x1a
 957 06f0 AA070000 		.4byte	0x7aa
 958 06f4 0C       		.byte	0xc
 959 06f5 00       		.byte	0
 960 06f6 03       		.uleb128 0x3
 961 06f7 C1060000 		.4byte	0x6c1
 962 06fb 03       		.uleb128 0x3
 963 06fc 62020000 		.4byte	0x262
 964 0700 03       		.uleb128 0x3
 965 0701 00010000 		.4byte	0x100
 966 0705 12       		.uleb128 0x12
 967 0706 3C030000 		.4byte	.LASF104
 968 070a 10       		.byte	0x10
 969 070b 06       		.byte	0x6
ARM GAS  C:\Users\PUBLIC~1.LAP\AppData\Local\Temp\ccWUeqHQ.s 			page 18


 970 070c 6101     		.2byte	0x161
 971 070e 10       		.byte	0x10
 972 070f 2E070000 		.4byte	0x72e
 973 0713 04       		.uleb128 0x4
 974 0714 9F060000 		.4byte	.LASF93
 975 0718 6601     		.2byte	0x166
 976 071a 21       		.byte	0x21
 977 071b C2030000 		.4byte	0x3c2
 978 071f 00       		.byte	0
 979 0720 04       		.uleb128 0x4
 980 0721 42040000 		.4byte	.LASF105
 981 0725 6A01     		.2byte	0x16a
 982 0727 22       		.byte	0x22
 983 0728 F6050000 		.4byte	0x5f6
 984 072c 0C       		.byte	0xc
 985 072d 00       		.byte	0
 986 072e 1E       		.uleb128 0x1e
 987 072f 1F000000 		.4byte	.LASF106
 988 0733 6B01     		.2byte	0x16b
 989 0735 05070000 		.4byte	0x705
 990 0739 12       		.uleb128 0x12
 991 073a 1A040000 		.4byte	.LASF107
 992 073e 14       		.byte	0x14
 993 073f 06       		.byte	0x6
 994 0740 7001     		.2byte	0x170
 995 0742 10       		.byte	0x10
 996 0743 89070000 		.4byte	0x789
 997 0747 04       		.uleb128 0x4
 998 0748 CA020000 		.4byte	.LASF33
 999 074c 7401     		.2byte	0x174
 1000 074e 22       		.byte	0x22
 1001 074f B5000000 		.4byte	0xb5
 1002 0753 00       		.byte	0
 1003 0754 04       		.uleb128 0x4
 1004 0755 72020000 		.4byte	.LASF108
 1005 0759 7A01     		.2byte	0x17a
 1006 075b 22       		.byte	0x22
 1007 075c 00070000 		.4byte	0x700
 1008 0760 04       		.byte	0x4
 1009 0761 04       		.uleb128 0x4
 1010 0762 04070000 		.4byte	.LASF109
 1011 0766 7E01     		.2byte	0x17e
 1012 0768 22       		.byte	0x22
 1013 0769 00070000 		.4byte	0x700
 1014 076d 08       		.byte	0x8
 1015 076e 04       		.uleb128 0x4
 1016 076f A0030000 		.4byte	.LASF110
 1017 0773 8401     		.2byte	0x184
 1018 0775 22       		.byte	0x22
 1019 0776 00070000 		.4byte	0x700
 1020 077a 0C       		.byte	0xc
 1021 077b 04       		.uleb128 0x4
 1022 077c 5F070000 		.4byte	.LASF111
 1023 0780 8801     		.2byte	0x188
 1024 0782 22       		.byte	0x22
 1025 0783 00070000 		.4byte	0x700
 1026 0787 10       		.byte	0x10
ARM GAS  C:\Users\PUBLIC~1.LAP\AppData\Local\Temp\ccWUeqHQ.s 			page 19


 1027 0788 00       		.byte	0
 1028 0789 1E       		.uleb128 0x1e
 1029 078a 1C070000 		.4byte	.LASF112
 1030 078e 8A01     		.2byte	0x18a
 1031 0790 39070000 		.4byte	0x739
 1032 0794 09       		.uleb128 0x9
 1033 0795 89070000 		.4byte	0x789
 1034 0799 03       		.uleb128 0x3
 1035 079a 94070000 		.4byte	0x794
 1036 079e 01       		.uleb128 0x1
 1037 079f 82020000 		.4byte	.LASF113
 1038 07a3 0E       		.byte	0xe
 1039 07a4 34       		.byte	0x34
 1040 07a5 19       		.byte	0x19
 1041 07a6 C1060000 		.4byte	0x6c1
 1042 07aa 03       		.uleb128 0x3
 1043 07ab 9E070000 		.4byte	0x79e
 1044 07af 19       		.uleb128 0x19
 1045 07b0 0F       		.byte	0xf
 1046 07b1 32       		.byte	0x32
 1047 07b2 09       		.byte	0x9
 1048 07b3 D2070000 		.4byte	0x7d2
 1049 07b7 02       		.uleb128 0x2
 1050 07b8 B0030000 		.4byte	.LASF114
 1051 07bc 0F       		.byte	0xf
 1052 07bd 37       		.byte	0x37
 1053 07be 22       		.byte	0x22
 1054 07bf 55040000 		.4byte	0x455
 1055 07c3 00       		.byte	0
 1056 07c4 02       		.uleb128 0x2
 1057 07c5 DB020000 		.4byte	.LASF115
 1058 07c9 0F       		.byte	0xf
 1059 07ca 3D       		.byte	0x3d
 1060 07cb 21       		.byte	0x21
 1061 07cc 25000000 		.4byte	0x25
 1062 07d0 04       		.byte	0x4
 1063 07d1 00       		.byte	0
 1064 07d2 01       		.uleb128 0x1
 1065 07d3 00000000 		.4byte	.LASF116
 1066 07d7 0F       		.byte	0xf
 1067 07d8 3E       		.byte	0x3e
 1068 07d9 03       		.byte	0x3
 1069 07da AF070000 		.4byte	0x7af
 1070 07de 09       		.uleb128 0x9
 1071 07df D2070000 		.4byte	0x7d2
 1072 07e3 01       		.uleb128 0x1
 1073 07e4 2F020000 		.4byte	.LASF117
 1074 07e8 10       		.byte	0x10
 1075 07e9 4C       		.byte	0x4c
 1076 07ea 11       		.byte	0x11
 1077 07eb EF070000 		.4byte	0x7ef
 1078 07ef 03       		.uleb128 0x3
 1079 07f0 F4070000 		.4byte	0x7f4
 1080 07f4 25       		.uleb128 0x25
 1081 07f5 A7000000 		.4byte	0xa7
 1082 07f9 0D080000 		.4byte	0x80d
 1083 07fd 08       		.uleb128 0x8
ARM GAS  C:\Users\PUBLIC~1.LAP\AppData\Local\Temp\ccWUeqHQ.s 			page 20


 1084 07fe 25000000 		.4byte	0x25
 1085 0802 08       		.uleb128 0x8
 1086 0803 31000000 		.4byte	0x31
 1087 0807 08       		.uleb128 0x8
 1088 0808 25000000 		.4byte	0x25
 1089 080c 00       		.byte	0
 1090 080d 01       		.uleb128 0x1
 1091 080e D4010000 		.4byte	.LASF118
 1092 0812 11       		.byte	0x11
 1093 0813 48       		.byte	0x48
 1094 0814 1C       		.byte	0x1c
 1095 0815 19080000 		.4byte	0x819
 1096 0819 06       		.uleb128 0x6
 1097 081a 84070000 		.4byte	.LASF119
 1098 081e 24       		.byte	0x24
 1099 081f 11       		.byte	0x11
 1100 0820 72       		.byte	0x72
 1101 0821 08       		.byte	0x8
 1102 0822 5B080000 		.4byte	0x85b
 1103 0826 02       		.uleb128 0x2
 1104 0827 83000000 		.4byte	.LASF120
 1105 082b 11       		.byte	0x11
 1106 082c 76       		.byte	0x76
 1107 082d 19       		.byte	0x19
 1108 082e E3070000 		.4byte	0x7e3
 1109 0832 00       		.byte	0
 1110 0833 02       		.uleb128 0x2
 1111 0834 F2040000 		.4byte	.LASF121
 1112 0838 11       		.byte	0x11
 1113 0839 7A       		.byte	0x7a
 1114 083a 19       		.byte	0x19
 1115 083b D2070000 		.4byte	0x7d2
 1116 083f 04       		.byte	0x4
 1117 0840 02       		.uleb128 0x2
 1118 0841 7D070000 		.4byte	.LASF122
 1119 0845 11       		.byte	0x11
 1120 0846 7E       		.byte	0x7e
 1121 0847 19       		.byte	0x19
 1122 0848 5B080000 		.4byte	0x85b
 1123 084c 0C       		.byte	0xc
 1124 084d 15       		.uleb128 0x15
 1125 084e 6D747800 		.ascii	"mtx\000"
 1126 0852 11       		.byte	0x11
 1127 0853 83       		.byte	0x83
 1128 0854 19       		.byte	0x19
 1129 0855 9E070000 		.4byte	0x79e
 1130 0859 14       		.byte	0x14
 1131 085a 00       		.byte	0
 1132 085b 01       		.uleb128 0x1
 1133 085c 71060000 		.4byte	.LASF123
 1134 0860 11       		.byte	0x11
 1135 0861 4D       		.byte	0x4d
 1136 0862 1B       		.byte	0x1b
 1137 0863 67080000 		.4byte	0x867
 1138 0867 26       		.uleb128 0x26
 1139 0868 CC040000 		.4byte	.LASF155
 1140 086c 08       		.byte	0x8
ARM GAS  C:\Users\PUBLIC~1.LAP\AppData\Local\Temp\ccWUeqHQ.s 			page 21


 1141 086d 11       		.byte	0x11
 1142 086e 52       		.byte	0x52
 1143 086f 07       		.byte	0x7
 1144 0870 8D080000 		.4byte	0x88d
 1145 0874 0A       		.uleb128 0xa
 1146 0875 DD060000 		.4byte	.LASF124
 1147 0879 11       		.byte	0x11
 1148 087a 5F       		.byte	0x5f
 1149 087b 05       		.byte	0x5
 1150 087c 8D080000 		.4byte	0x88d
 1151 0880 0A       		.uleb128 0xa
 1152 0881 64040000 		.4byte	.LASF125
 1153 0885 11       		.byte	0x11
 1154 0886 6C       		.byte	0x6c
 1155 0887 05       		.byte	0x5
 1156 0888 B5080000 		.4byte	0x8b5
 1157 088c 00       		.byte	0
 1158 088d 19       		.uleb128 0x19
 1159 088e 11       		.byte	0x11
 1160 088f 56       		.byte	0x56
 1161 0890 03       		.byte	0x3
 1162 0891 B0080000 		.4byte	0x8b0
 1163 0895 02       		.uleb128 0x2
 1164 0896 38000000 		.4byte	.LASF66
 1165 089a 11       		.byte	0x11
 1166 089b 5A       		.byte	0x5a
 1167 089c 1A       		.byte	0x1a
 1168 089d B0080000 		.4byte	0x8b0
 1169 08a1 00       		.byte	0
 1170 08a2 02       		.uleb128 0x2
 1171 08a3 6E000000 		.4byte	.LASF126
 1172 08a7 11       		.byte	0x11
 1173 08a8 5E       		.byte	0x5e
 1174 08a9 19       		.byte	0x19
 1175 08aa 25000000 		.4byte	0x25
 1176 08ae 04       		.byte	0x4
 1177 08af 00       		.byte	0
 1178 08b0 03       		.uleb128 0x3
 1179 08b1 5B080000 		.4byte	0x85b
 1180 08b5 19       		.uleb128 0x19
 1181 08b6 11       		.byte	0x11
 1182 08b7 63       		.byte	0x63
 1183 08b8 03       		.byte	0x3
 1184 08b9 D8080000 		.4byte	0x8d8
 1185 08bd 02       		.uleb128 0x2
 1186 08be 62050000 		.4byte	.LASF127
 1187 08c2 11       		.byte	0x11
 1188 08c3 67       		.byte	0x67
 1189 08c4 1A       		.byte	0x1a
 1190 08c5 D8080000 		.4byte	0x8d8
 1191 08c9 00       		.byte	0
 1192 08ca 02       		.uleb128 0x2
 1193 08cb DB020000 		.4byte	.LASF115
 1194 08cf 11       		.byte	0x11
 1195 08d0 6B       		.byte	0x6b
 1196 08d1 19       		.byte	0x19
 1197 08d2 25000000 		.4byte	0x25
ARM GAS  C:\Users\PUBLIC~1.LAP\AppData\Local\Temp\ccWUeqHQ.s 			page 22


 1198 08d6 04       		.byte	0x4
 1199 08d7 00       		.byte	0
 1200 08d8 03       		.uleb128 0x3
 1201 08d9 0D080000 		.4byte	0x80d
 1202 08dd 0F       		.uleb128 0xf
 1203 08de 80050000 		.4byte	.LASF135
 1204 08e2 12       		.byte	0x12
 1205 08e3 60       		.byte	0x60
 1206 08e4 16       		.byte	0x16
 1207 08e5 0D080000 		.4byte	0x80d
 1208 08e9 1F       		.uleb128 0x1f
 1209 08ea A8000000 		.4byte	.LASF132
 1210 08ee 0F       		.byte	0xf
 1211 08ef 61       		.byte	0x61
 1212 08f0 08       		.byte	0x8
 1213 08f1 4E040000 		.4byte	0x44e
 1214 08f5 FF080000 		.4byte	0x8ff
 1215 08f9 08       		.uleb128 0x8
 1216 08fa E2040000 		.4byte	0x4e2
 1217 08fe 00       		.byte	0
 1218 08ff 16       		.uleb128 0x16
 1219 0900 2D010000 		.4byte	.LASF128
 1220 0904 0E       		.byte	0xe
 1221 0905 6C       		.byte	0x6c
 1222 0906 10090000 		.4byte	0x910
 1223 090a 08       		.uleb128 0x8
 1224 090b AA070000 		.4byte	0x7aa
 1225 090f 00       		.byte	0
 1226 0910 16       		.uleb128 0x16
 1227 0911 00040000 		.4byte	.LASF129
 1228 0915 0E       		.byte	0xe
 1229 0916 68       		.byte	0x68
 1230 0917 21090000 		.4byte	0x921
 1231 091b 08       		.uleb128 0x8
 1232 091c AA070000 		.4byte	0x7aa
 1233 0920 00       		.byte	0
 1234 0921 16       		.uleb128 0x16
 1235 0922 0A040000 		.4byte	.LASF130
 1236 0926 0E       		.byte	0xe
 1237 0927 66       		.byte	0x66
 1238 0928 32090000 		.4byte	0x932
 1239 092c 08       		.uleb128 0x8
 1240 092d AA070000 		.4byte	0x7aa
 1241 0931 00       		.byte	0
 1242 0932 16       		.uleb128 0x16
 1243 0933 14050000 		.4byte	.LASF131
 1244 0937 10       		.byte	0x10
 1245 0938 80       		.byte	0x80
 1246 0939 43090000 		.4byte	0x943
 1247 093d 08       		.uleb128 0x8
 1248 093e 43090000 		.4byte	0x943
 1249 0942 00       		.byte	0
 1250 0943 03       		.uleb128 0x3
 1251 0944 D2070000 		.4byte	0x7d2
 1252 0948 1F       		.uleb128 0x1f
 1253 0949 D8040000 		.4byte	.LASF133
 1254 094d 10       		.byte	0x10
ARM GAS  C:\Users\PUBLIC~1.LAP\AppData\Local\Temp\ccWUeqHQ.s 			page 23


 1255 094e 7F       		.byte	0x7f
 1256 094f 09       		.byte	0x9
 1257 0950 A7000000 		.4byte	0xa7
 1258 0954 68090000 		.4byte	0x968
 1259 0958 08       		.uleb128 0x8
 1260 0959 25000000 		.4byte	0x25
 1261 095d 08       		.uleb128 0x8
 1262 095e 31000000 		.4byte	0x31
 1263 0962 08       		.uleb128 0x8
 1264 0963 25000000 		.4byte	0x25
 1265 0967 00       		.byte	0
 1266 0968 20       		.uleb128 0x20
 1267 0969 56030000 		.4byte	.LASF134
 1268 096d A401     		.2byte	0x1a4
 1269 096f 06       		.byte	0x6
 1270 0970 4E040000 		.4byte	0x44e
 1271 0974 A8090000 		.4byte	0x9a8
 1272 0978 17       		.uleb128 0x17
 1273 0979 14010000 		.4byte	.LASF139
 1274 097d A401     		.2byte	0x1a4
 1275 097f 2A       		.byte	0x2a
 1276 0980 D8080000 		.4byte	0x8d8
 1277 0984 10       		.uleb128 0x10
 1278 0985 76070000 		.4byte	.LASF136
 1279 0989 A501     		.2byte	0x1a5
 1280 098b 08       		.byte	0x8
 1281 098c 4E040000 		.4byte	0x44e
 1282 0990 14       		.uleb128 0x14
 1283 0991 687000   		.ascii	"hp\000"
 1284 0994 A601     		.2byte	0x1a6
 1285 0996 12       		.byte	0x12
 1286 0997 B0080000 		.4byte	0x8b0
 1287 099b 10       		.uleb128 0x10
 1288 099c 2D030000 		.4byte	.LASF137
 1289 09a0 A601     		.2byte	0x1a6
 1290 09a2 17       		.byte	0x17
 1291 09a3 B0080000 		.4byte	0x8b0
 1292 09a7 00       		.byte	0
 1293 09a8 20       		.uleb128 0x20
 1294 09a9 54060000 		.4byte	.LASF138
 1295 09ad 7001     		.2byte	0x170
 1296 09af 08       		.byte	0x8
 1297 09b0 25000000 		.4byte	0x25
 1298 09b4 180A0000 		.4byte	0xa18
 1299 09b8 17       		.uleb128 0x17
 1300 09b9 14010000 		.4byte	.LASF139
 1301 09bd 7001     		.2byte	0x170
 1302 09bf 24       		.byte	0x24
 1303 09c0 D8080000 		.4byte	0x8d8
 1304 09c4 17       		.uleb128 0x17
 1305 09c5 18000000 		.4byte	.LASF140
 1306 09c9 7001     		.2byte	0x170
 1307 09cb 33       		.byte	0x33
 1308 09cc 180A0000 		.4byte	0xa18
 1309 09d0 17       		.uleb128 0x17
 1310 09d1 13070000 		.4byte	.LASF141
 1311 09d5 7001     		.2byte	0x170
ARM GAS  C:\Users\PUBLIC~1.LAP\AppData\Local\Temp\ccWUeqHQ.s 			page 24


 1312 09d7 43       		.byte	0x43
 1313 09d8 180A0000 		.4byte	0xa18
 1314 09dc 14       		.uleb128 0x14
 1315 09dd 717000   		.ascii	"qp\000"
 1316 09e0 7101     		.2byte	0x171
 1317 09e2 12       		.byte	0x12
 1318 09e3 B0080000 		.4byte	0x8b0
 1319 09e7 14       		.uleb128 0x14
 1320 09e8 6E00     		.ascii	"n\000"
 1321 09ea 7201     		.2byte	0x172
 1322 09ec 0A       		.byte	0xa
 1323 09ed 25000000 		.4byte	0x25
 1324 09f1 10       		.uleb128 0x10
 1325 09f2 30050000 		.4byte	.LASF142
 1326 09f6 7201     		.2byte	0x172
 1327 09f8 0D       		.byte	0xd
 1328 09f9 25000000 		.4byte	0x25
 1329 09fd 10       		.uleb128 0x10
 1330 09fe 45010000 		.4byte	.LASF143
 1331 0a02 7201     		.2byte	0x172
 1332 0a04 15       		.byte	0x15
 1333 0a05 25000000 		.4byte	0x25
 1334 0a09 1A       		.uleb128 0x1a
 1335 0a0a 10       		.uleb128 0x10
 1336 0a0b 6E000000 		.4byte	.LASF126
 1337 0a0f 7E01     		.2byte	0x17e
 1338 0a11 0C       		.byte	0xc
 1339 0a12 25000000 		.4byte	0x25
 1340 0a16 00       		.byte	0
 1341 0a17 00       		.byte	0
 1342 0a18 03       		.uleb128 0x3
 1343 0a19 25000000 		.4byte	0x25
 1344 0a1d 27       		.uleb128 0x27
 1345 0a1e 5A010000 		.4byte	.LASF148
 1346 0a22 12       		.byte	0x12
 1347 0a23 2C01     		.2byte	0x12c
 1348 0a25 06       		.byte	0x6
 1349 0a26 610A0000 		.4byte	0xa61
 1350 0a2a 28       		.uleb128 0x28
 1351 0a2b 7000     		.ascii	"p\000"
 1352 0a2d 12       		.byte	0x12
 1353 0a2e 2C01     		.2byte	0x12c
 1354 0a30 17       		.byte	0x17
 1355 0a31 A7000000 		.4byte	0xa7
 1356 0a35 14       		.uleb128 0x14
 1357 0a36 717000   		.ascii	"qp\000"
 1358 0a39 2D01     		.2byte	0x12d
 1359 0a3b 12       		.byte	0x12
 1360 0a3c B0080000 		.4byte	0x8b0
 1361 0a40 14       		.uleb128 0x14
 1362 0a41 687000   		.ascii	"hp\000"
 1363 0a44 2D01     		.2byte	0x12d
 1364 0a46 17       		.byte	0x17
 1365 0a47 B0080000 		.4byte	0x8b0
 1366 0a4b 10       		.uleb128 0x10
 1367 0a4c 14010000 		.4byte	.LASF139
 1368 0a50 2E01     		.2byte	0x12e
ARM GAS  C:\Users\PUBLIC~1.LAP\AppData\Local\Temp\ccWUeqHQ.s 			page 25


 1369 0a52 12       		.byte	0x12
 1370 0a53 D8080000 		.4byte	0x8d8
 1371 0a57 18       		.uleb128 0x18
 1372 0a58 FE040000 		.4byte	.LASF146
 1373 0a5c 710A0000 		.4byte	0xa71
 1374 0a60 00       		.byte	0
 1375 0a61 0C       		.uleb128 0xc
 1376 0a62 B0000000 		.4byte	0xb0
 1377 0a66 710A0000 		.4byte	0xa71
 1378 0a6a 0D       		.uleb128 0xd
 1379 0a6b 31000000 		.4byte	0x31
 1380 0a6f 0A       		.byte	0xa
 1381 0a70 00       		.byte	0
 1382 0a71 09       		.uleb128 0x9
 1383 0a72 610A0000 		.4byte	0xa61
 1384 0a76 29       		.uleb128 0x29
 1385 0a77 E2060000 		.4byte	.LASF144
 1386 0a7b 12       		.byte	0x12
 1387 0a7c B3       		.byte	0xb3
 1388 0a7d 07       		.byte	0x7
 1389 0a7e A7000000 		.4byte	0xa7
 1390 0a82 0E0B0000 		.4byte	0xb0e
 1391 0a86 11       		.uleb128 0x11
 1392 0a87 14010000 		.4byte	.LASF139
 1393 0a8b 12       		.byte	0x12
 1394 0a8c B3       		.byte	0xb3
 1395 0a8d 29       		.byte	0x29
 1396 0a8e D8080000 		.4byte	0x8d8
 1397 0a92 11       		.uleb128 0x11
 1398 0a93 DB020000 		.4byte	.LASF115
 1399 0a97 12       		.byte	0x12
 1400 0a98 B3       		.byte	0xb3
 1401 0a99 37       		.byte	0x37
 1402 0a9a 25000000 		.4byte	0x25
 1403 0a9e 11       		.uleb128 0x11
 1404 0a9f 1A010000 		.4byte	.LASF145
 1405 0aa3 12       		.byte	0x12
 1406 0aa4 B3       		.byte	0xb3
 1407 0aa5 46       		.byte	0x46
 1408 0aa6 31000000 		.4byte	0x31
 1409 0aaa 0B       		.uleb128 0xb
 1410 0aab 717000   		.ascii	"qp\000"
 1411 0aae 12       		.byte	0x12
 1412 0aaf B4       		.byte	0xb4
 1413 0ab0 12       		.byte	0x12
 1414 0ab1 B0080000 		.4byte	0x8b0
 1415 0ab5 0B       		.uleb128 0xb
 1416 0ab6 687000   		.ascii	"hp\000"
 1417 0ab9 12       		.byte	0x12
 1418 0aba B4       		.byte	0xb4
 1419 0abb 17       		.byte	0x17
 1420 0abc B0080000 		.4byte	0x8b0
 1421 0ac0 0B       		.uleb128 0xb
 1422 0ac1 61687000 		.ascii	"ahp\000"
 1423 0ac5 12       		.byte	0x12
 1424 0ac6 B4       		.byte	0xb4
 1425 0ac7 1C       		.byte	0x1c
ARM GAS  C:\Users\PUBLIC~1.LAP\AppData\Local\Temp\ccWUeqHQ.s 			page 26


 1426 0ac8 B0080000 		.4byte	0x8b0
 1427 0acc 0F       		.uleb128 0xf
 1428 0acd 6E000000 		.4byte	.LASF126
 1429 0ad1 12       		.byte	0x12
 1430 0ad2 B5       		.byte	0xb5
 1431 0ad3 0A       		.byte	0xa
 1432 0ad4 25000000 		.4byte	0x25
 1433 0ad8 18       		.uleb128 0x18
 1434 0ad9 FE040000 		.4byte	.LASF146
 1435 0add 1E0B0000 		.4byte	0xb1e
 1436 0ae1 2A       		.uleb128 0x2a
 1437 0ae2 000B0000 		.4byte	0xb00
 1438 0ae6 0F       		.uleb128 0xf
 1439 0ae7 16030000 		.4byte	.LASF147
 1440 0aeb 12       		.byte	0x12
 1441 0aec D9       		.byte	0xd9
 1442 0aed 10       		.byte	0x10
 1443 0aee 25000000 		.4byte	0x25
 1444 0af2 1A       		.uleb128 0x1a
 1445 0af3 0B       		.uleb128 0xb
 1446 0af4 667000   		.ascii	"fp\000"
 1447 0af7 12       		.byte	0x12
 1448 0af8 DF       		.byte	0xdf
 1449 0af9 1A       		.byte	0x1a
 1450 0afa B0080000 		.4byte	0x8b0
 1451 0afe 00       		.byte	0
 1452 0aff 00       		.byte	0
 1453 0b00 1A       		.uleb128 0x1a
 1454 0b01 0B       		.uleb128 0xb
 1455 0b02 667000   		.ascii	"fp\000"
 1456 0b05 12       		.byte	0x12
 1457 0b06 F5       		.byte	0xf5
 1458 0b07 1A       		.byte	0x1a
 1459 0b08 B0080000 		.4byte	0x8b0
 1460 0b0c 00       		.byte	0
 1461 0b0d 00       		.byte	0
 1462 0b0e 0C       		.uleb128 0xc
 1463 0b0f B0000000 		.4byte	0xb0
 1464 0b13 1E0B0000 		.4byte	0xb1e
 1465 0b17 0D       		.uleb128 0xd
 1466 0b18 31000000 		.4byte	0x31
 1467 0b1c 12       		.byte	0x12
 1468 0b1d 00       		.byte	0
 1469 0b1e 09       		.uleb128 0x9
 1470 0b1f 0E0B0000 		.4byte	0xb0e
 1471 0b23 2B       		.uleb128 0x2b
 1472 0b24 8F030000 		.4byte	.LASF149
 1473 0b28 12       		.byte	0x12
 1474 0b29 88       		.byte	0x88
 1475 0b2a 06       		.byte	0x6
 1476 0b2b 680B0000 		.4byte	0xb68
 1477 0b2f 11       		.uleb128 0x11
 1478 0b30 14010000 		.4byte	.LASF139
 1479 0b34 12       		.byte	0x12
 1480 0b35 88       		.byte	0x88
 1481 0b36 26       		.byte	0x26
 1482 0b37 D8080000 		.4byte	0x8d8
ARM GAS  C:\Users\PUBLIC~1.LAP\AppData\Local\Temp\ccWUeqHQ.s 			page 27


 1483 0b3b 1B       		.uleb128 0x1b
 1484 0b3c 62756600 		.ascii	"buf\000"
 1485 0b40 12       		.byte	0x12
 1486 0b41 88       		.byte	0x88
 1487 0b42 33       		.byte	0x33
 1488 0b43 A7000000 		.4byte	0xa7
 1489 0b47 11       		.uleb128 0x11
 1490 0b48 DB020000 		.4byte	.LASF115
 1491 0b4c 12       		.byte	0x12
 1492 0b4d 88       		.byte	0x88
 1493 0b4e 3F       		.byte	0x3f
 1494 0b4f 25000000 		.4byte	0x25
 1495 0b53 0B       		.uleb128 0xb
 1496 0b54 687000   		.ascii	"hp\000"
 1497 0b57 12       		.byte	0x12
 1498 0b58 89       		.byte	0x89
 1499 0b59 12       		.byte	0x12
 1500 0b5a B0080000 		.4byte	0x8b0
 1501 0b5e 18       		.uleb128 0x18
 1502 0b5f FE040000 		.4byte	.LASF146
 1503 0b63 780B0000 		.4byte	0xb78
 1504 0b67 00       		.byte	0
 1505 0b68 0C       		.uleb128 0xc
 1506 0b69 B0000000 		.4byte	0xb0
 1507 0b6d 780B0000 		.4byte	0xb78
 1508 0b71 0D       		.uleb128 0xd
 1509 0b72 31000000 		.4byte	0x31
 1510 0b76 10       		.byte	0x10
 1511 0b77 00       		.byte	0
 1512 0b78 09       		.uleb128 0x9
 1513 0b79 680B0000 		.4byte	0xb68
 1514 0b7d 2C       		.uleb128 0x2c
 1515 0b7e 40050000 		.4byte	.LASF156
 1516 0b82 12       		.byte	0x12
 1517 0b83 6F       		.byte	0x6f
 1518 0b84 06       		.byte	0x6
 1519 0b85 2D       		.uleb128 0x2d
 1520 0b86 73040000 		.4byte	.LASF157
 1521 0b8a 0F       		.byte	0xf
 1522 0b8b 79       		.byte	0x79
 1523 0b8c 14       		.byte	0x14
 1524 0b8d 4E040000 		.4byte	0x44e
 1525 0b91 F10B0000 		.4byte	0xbf1
 1526 0b95 1B       		.uleb128 0x1b
 1527 0b96 6D617000 		.ascii	"map\000"
 1528 0b9a 0F       		.byte	0xf
 1529 0b9b 79       		.byte	0x79
 1530 0b9c 3D       		.byte	0x3d
 1531 0b9d F10B0000 		.4byte	0xbf1
 1532 0ba1 1B       		.uleb128 0x1b
 1533 0ba2 7000     		.ascii	"p\000"
 1534 0ba4 0F       		.byte	0xf
 1535 0ba5 7A       		.byte	0x7a
 1536 0ba6 34       		.byte	0x34
 1537 0ba7 E2040000 		.4byte	0x4e2
 1538 0bab 11       		.uleb128 0x11
 1539 0bac DB020000 		.4byte	.LASF115
ARM GAS  C:\Users\PUBLIC~1.LAP\AppData\Local\Temp\ccWUeqHQ.s 			page 28


 1540 0bb0 0F       		.byte	0xf
 1541 0bb1 7B       		.byte	0x7b
 1542 0bb2 2F       		.byte	0x2f
 1543 0bb3 25000000 		.4byte	0x25
 1544 0bb7 0F       		.uleb128 0xf
 1545 0bb8 E2000000 		.4byte	.LASF150
 1546 0bbc 0F       		.byte	0xf
 1547 0bbd 7C       		.byte	0x7c
 1548 0bbe 12       		.byte	0x12
 1549 0bbf F60B0000 		.4byte	0xbf6
 1550 0bc3 0F       		.uleb128 0xf
 1551 0bc4 6C010000 		.4byte	.LASF151
 1552 0bc8 0F       		.byte	0xf
 1553 0bc9 7D       		.byte	0x7d
 1554 0bca 12       		.byte	0x12
 1555 0bcb F60B0000 		.4byte	0xbf6
 1556 0bcf 0F       		.uleb128 0xf
 1557 0bd0 B0030000 		.4byte	.LASF114
 1558 0bd4 0F       		.byte	0xf
 1559 0bd5 7E       		.byte	0x7e
 1560 0bd6 12       		.byte	0x12
 1561 0bd7 F60B0000 		.4byte	0xbf6
 1562 0bdb 0B       		.uleb128 0xb
 1563 0bdc 656E6400 		.ascii	"end\000"
 1564 0be0 0F       		.byte	0xf
 1565 0be1 7F       		.byte	0x7f
 1566 0be2 12       		.byte	0x12
 1567 0be3 F60B0000 		.4byte	0xbf6
 1568 0be7 18       		.uleb128 0x18
 1569 0be8 FE040000 		.4byte	.LASF146
 1570 0bec 0B0C0000 		.4byte	0xc0b
 1571 0bf0 00       		.byte	0
 1572 0bf1 03       		.uleb128 0x3
 1573 0bf2 DE070000 		.4byte	0x7de
 1574 0bf6 03       		.uleb128 0x3
 1575 0bf7 CB000000 		.4byte	0xcb
 1576 0bfb 0C       		.uleb128 0xc
 1577 0bfc B0000000 		.4byte	0xb0
 1578 0c00 0B0C0000 		.4byte	0xc0b
 1579 0c04 0D       		.uleb128 0xd
 1580 0c05 31000000 		.4byte	0x31
 1581 0c09 13       		.byte	0x13
 1582 0c0a 00       		.byte	0
 1583 0c0b 09       		.uleb128 0x9
 1584 0c0c FB0B0000 		.4byte	0xbfb
 1585 0c10 00       		.byte	0
 1586              		.section	.gnu.debuglto_.debug_abbrev,"e",%progbits
 1587              	.Ldebug_abbrev0:
 1588 0000 01       		.uleb128 0x1
 1589 0001 16       		.uleb128 0x16
 1590 0002 00       		.byte	0
 1591 0003 03       		.uleb128 0x3
 1592 0004 0E       		.uleb128 0xe
 1593 0005 3A       		.uleb128 0x3a
 1594 0006 0B       		.uleb128 0xb
 1595 0007 3B       		.uleb128 0x3b
 1596 0008 0B       		.uleb128 0xb
ARM GAS  C:\Users\PUBLIC~1.LAP\AppData\Local\Temp\ccWUeqHQ.s 			page 29


 1597 0009 39       		.uleb128 0x39
 1598 000a 0B       		.uleb128 0xb
 1599 000b 49       		.uleb128 0x49
 1600 000c 13       		.uleb128 0x13
 1601 000d 00       		.byte	0
 1602 000e 00       		.byte	0
 1603 000f 02       		.uleb128 0x2
 1604 0010 0D       		.uleb128 0xd
 1605 0011 00       		.byte	0
 1606 0012 03       		.uleb128 0x3
 1607 0013 0E       		.uleb128 0xe
 1608 0014 3A       		.uleb128 0x3a
 1609 0015 0B       		.uleb128 0xb
 1610 0016 3B       		.uleb128 0x3b
 1611 0017 0B       		.uleb128 0xb
 1612 0018 39       		.uleb128 0x39
 1613 0019 0B       		.uleb128 0xb
 1614 001a 49       		.uleb128 0x49
 1615 001b 13       		.uleb128 0x13
 1616 001c 38       		.uleb128 0x38
 1617 001d 0B       		.uleb128 0xb
 1618 001e 00       		.byte	0
 1619 001f 00       		.byte	0
 1620 0020 03       		.uleb128 0x3
 1621 0021 0F       		.uleb128 0xf
 1622 0022 00       		.byte	0
 1623 0023 0B       		.uleb128 0xb
 1624 0024 21       		.uleb128 0x21
 1625 0025 04       		.sleb128 4
 1626 0026 49       		.uleb128 0x49
 1627 0027 13       		.uleb128 0x13
 1628 0028 00       		.byte	0
 1629 0029 00       		.byte	0
 1630 002a 04       		.uleb128 0x4
 1631 002b 0D       		.uleb128 0xd
 1632 002c 00       		.byte	0
 1633 002d 03       		.uleb128 0x3
 1634 002e 0E       		.uleb128 0xe
 1635 002f 3A       		.uleb128 0x3a
 1636 0030 21       		.uleb128 0x21
 1637 0031 06       		.sleb128 6
 1638 0032 3B       		.uleb128 0x3b
 1639 0033 05       		.uleb128 0x5
 1640 0034 39       		.uleb128 0x39
 1641 0035 0B       		.uleb128 0xb
 1642 0036 49       		.uleb128 0x49
 1643 0037 13       		.uleb128 0x13
 1644 0038 38       		.uleb128 0x38
 1645 0039 0B       		.uleb128 0xb
 1646 003a 00       		.byte	0
 1647 003b 00       		.byte	0
 1648 003c 05       		.uleb128 0x5
 1649 003d 24       		.uleb128 0x24
 1650 003e 00       		.byte	0
 1651 003f 0B       		.uleb128 0xb
 1652 0040 0B       		.uleb128 0xb
 1653 0041 3E       		.uleb128 0x3e
ARM GAS  C:\Users\PUBLIC~1.LAP\AppData\Local\Temp\ccWUeqHQ.s 			page 30


 1654 0042 0B       		.uleb128 0xb
 1655 0043 03       		.uleb128 0x3
 1656 0044 0E       		.uleb128 0xe
 1657 0045 00       		.byte	0
 1658 0046 00       		.byte	0
 1659 0047 06       		.uleb128 0x6
 1660 0048 13       		.uleb128 0x13
 1661 0049 01       		.byte	0x1
 1662 004a 03       		.uleb128 0x3
 1663 004b 0E       		.uleb128 0xe
 1664 004c 0B       		.uleb128 0xb
 1665 004d 0B       		.uleb128 0xb
 1666 004e 3A       		.uleb128 0x3a
 1667 004f 0B       		.uleb128 0xb
 1668 0050 3B       		.uleb128 0x3b
 1669 0051 0B       		.uleb128 0xb
 1670 0052 39       		.uleb128 0x39
 1671 0053 0B       		.uleb128 0xb
 1672 0054 01       		.uleb128 0x1
 1673 0055 13       		.uleb128 0x13
 1674 0056 00       		.byte	0
 1675 0057 00       		.byte	0
 1676 0058 07       		.uleb128 0x7
 1677 0059 0D       		.uleb128 0xd
 1678 005a 00       		.byte	0
 1679 005b 03       		.uleb128 0x3
 1680 005c 08       		.uleb128 0x8
 1681 005d 3A       		.uleb128 0x3a
 1682 005e 0B       		.uleb128 0xb
 1683 005f 3B       		.uleb128 0x3b
 1684 0060 05       		.uleb128 0x5
 1685 0061 39       		.uleb128 0x39
 1686 0062 0B       		.uleb128 0xb
 1687 0063 49       		.uleb128 0x49
 1688 0064 13       		.uleb128 0x13
 1689 0065 38       		.uleb128 0x38
 1690 0066 0B       		.uleb128 0xb
 1691 0067 00       		.byte	0
 1692 0068 00       		.byte	0
 1693 0069 08       		.uleb128 0x8
 1694 006a 05       		.uleb128 0x5
 1695 006b 00       		.byte	0
 1696 006c 49       		.uleb128 0x49
 1697 006d 13       		.uleb128 0x13
 1698 006e 00       		.byte	0
 1699 006f 00       		.byte	0
 1700 0070 09       		.uleb128 0x9
 1701 0071 26       		.uleb128 0x26
 1702 0072 00       		.byte	0
 1703 0073 49       		.uleb128 0x49
 1704 0074 13       		.uleb128 0x13
 1705 0075 00       		.byte	0
 1706 0076 00       		.byte	0
 1707 0077 0A       		.uleb128 0xa
 1708 0078 0D       		.uleb128 0xd
 1709 0079 00       		.byte	0
 1710 007a 03       		.uleb128 0x3
ARM GAS  C:\Users\PUBLIC~1.LAP\AppData\Local\Temp\ccWUeqHQ.s 			page 31


 1711 007b 0E       		.uleb128 0xe
 1712 007c 3A       		.uleb128 0x3a
 1713 007d 0B       		.uleb128 0xb
 1714 007e 3B       		.uleb128 0x3b
 1715 007f 0B       		.uleb128 0xb
 1716 0080 39       		.uleb128 0x39
 1717 0081 0B       		.uleb128 0xb
 1718 0082 49       		.uleb128 0x49
 1719 0083 13       		.uleb128 0x13
 1720 0084 00       		.byte	0
 1721 0085 00       		.byte	0
 1722 0086 0B       		.uleb128 0xb
 1723 0087 34       		.uleb128 0x34
 1724 0088 00       		.byte	0
 1725 0089 03       		.uleb128 0x3
 1726 008a 08       		.uleb128 0x8
 1727 008b 3A       		.uleb128 0x3a
 1728 008c 0B       		.uleb128 0xb
 1729 008d 3B       		.uleb128 0x3b
 1730 008e 0B       		.uleb128 0xb
 1731 008f 39       		.uleb128 0x39
 1732 0090 0B       		.uleb128 0xb
 1733 0091 49       		.uleb128 0x49
 1734 0092 13       		.uleb128 0x13
 1735 0093 00       		.byte	0
 1736 0094 00       		.byte	0
 1737 0095 0C       		.uleb128 0xc
 1738 0096 01       		.uleb128 0x1
 1739 0097 01       		.byte	0x1
 1740 0098 49       		.uleb128 0x49
 1741 0099 13       		.uleb128 0x13
 1742 009a 01       		.uleb128 0x1
 1743 009b 13       		.uleb128 0x13
 1744 009c 00       		.byte	0
 1745 009d 00       		.byte	0
 1746 009e 0D       		.uleb128 0xd
 1747 009f 21       		.uleb128 0x21
 1748 00a0 00       		.byte	0
 1749 00a1 49       		.uleb128 0x49
 1750 00a2 13       		.uleb128 0x13
 1751 00a3 2F       		.uleb128 0x2f
 1752 00a4 0B       		.uleb128 0xb
 1753 00a5 00       		.byte	0
 1754 00a6 00       		.byte	0
 1755 00a7 0E       		.uleb128 0xe
 1756 00a8 0D       		.uleb128 0xd
 1757 00a9 00       		.byte	0
 1758 00aa 03       		.uleb128 0x3
 1759 00ab 0E       		.uleb128 0xe
 1760 00ac 3A       		.uleb128 0x3a
 1761 00ad 21       		.uleb128 0x21
 1762 00ae 06       		.sleb128 6
 1763 00af 3B       		.uleb128 0x3b
 1764 00b0 05       		.uleb128 0x5
 1765 00b1 39       		.uleb128 0x39
 1766 00b2 0B       		.uleb128 0xb
 1767 00b3 49       		.uleb128 0x49
ARM GAS  C:\Users\PUBLIC~1.LAP\AppData\Local\Temp\ccWUeqHQ.s 			page 32


 1768 00b4 13       		.uleb128 0x13
 1769 00b5 00       		.byte	0
 1770 00b6 00       		.byte	0
 1771 00b7 0F       		.uleb128 0xf
 1772 00b8 34       		.uleb128 0x34
 1773 00b9 00       		.byte	0
 1774 00ba 03       		.uleb128 0x3
 1775 00bb 0E       		.uleb128 0xe
 1776 00bc 3A       		.uleb128 0x3a
 1777 00bd 0B       		.uleb128 0xb
 1778 00be 3B       		.uleb128 0x3b
 1779 00bf 0B       		.uleb128 0xb
 1780 00c0 39       		.uleb128 0x39
 1781 00c1 0B       		.uleb128 0xb
 1782 00c2 49       		.uleb128 0x49
 1783 00c3 13       		.uleb128 0x13
 1784 00c4 00       		.byte	0
 1785 00c5 00       		.byte	0
 1786 00c6 10       		.uleb128 0x10
 1787 00c7 34       		.uleb128 0x34
 1788 00c8 00       		.byte	0
 1789 00c9 03       		.uleb128 0x3
 1790 00ca 0E       		.uleb128 0xe
 1791 00cb 3A       		.uleb128 0x3a
 1792 00cc 21       		.uleb128 0x21
 1793 00cd 12       		.sleb128 18
 1794 00ce 3B       		.uleb128 0x3b
 1795 00cf 05       		.uleb128 0x5
 1796 00d0 39       		.uleb128 0x39
 1797 00d1 0B       		.uleb128 0xb
 1798 00d2 49       		.uleb128 0x49
 1799 00d3 13       		.uleb128 0x13
 1800 00d4 00       		.byte	0
 1801 00d5 00       		.byte	0
 1802 00d6 11       		.uleb128 0x11
 1803 00d7 05       		.uleb128 0x5
 1804 00d8 00       		.byte	0
 1805 00d9 03       		.uleb128 0x3
 1806 00da 0E       		.uleb128 0xe
 1807 00db 3A       		.uleb128 0x3a
 1808 00dc 0B       		.uleb128 0xb
 1809 00dd 3B       		.uleb128 0x3b
 1810 00de 0B       		.uleb128 0xb
 1811 00df 39       		.uleb128 0x39
 1812 00e0 0B       		.uleb128 0xb
 1813 00e1 49       		.uleb128 0x49
 1814 00e2 13       		.uleb128 0x13
 1815 00e3 00       		.byte	0
 1816 00e4 00       		.byte	0
 1817 00e5 12       		.uleb128 0x12
 1818 00e6 13       		.uleb128 0x13
 1819 00e7 01       		.byte	0x1
 1820 00e8 03       		.uleb128 0x3
 1821 00e9 0E       		.uleb128 0xe
 1822 00ea 0B       		.uleb128 0xb
 1823 00eb 0B       		.uleb128 0xb
 1824 00ec 3A       		.uleb128 0x3a
ARM GAS  C:\Users\PUBLIC~1.LAP\AppData\Local\Temp\ccWUeqHQ.s 			page 33


 1825 00ed 0B       		.uleb128 0xb
 1826 00ee 3B       		.uleb128 0x3b
 1827 00ef 05       		.uleb128 0x5
 1828 00f0 39       		.uleb128 0x39
 1829 00f1 0B       		.uleb128 0xb
 1830 00f2 01       		.uleb128 0x1
 1831 00f3 13       		.uleb128 0x13
 1832 00f4 00       		.byte	0
 1833 00f5 00       		.byte	0
 1834 00f6 13       		.uleb128 0x13
 1835 00f7 34       		.uleb128 0x34
 1836 00f8 00       		.byte	0
 1837 00f9 03       		.uleb128 0x3
 1838 00fa 0E       		.uleb128 0xe
 1839 00fb 3A       		.uleb128 0x3a
 1840 00fc 21       		.uleb128 0x21
 1841 00fd 0B       		.sleb128 11
 1842 00fe 3B       		.uleb128 0x3b
 1843 00ff 0B       		.uleb128 0xb
 1844 0100 39       		.uleb128 0x39
 1845 0101 21       		.uleb128 0x21
 1846 0102 16       		.sleb128 22
 1847 0103 49       		.uleb128 0x49
 1848 0104 13       		.uleb128 0x13
 1849 0105 1C       		.uleb128 0x1c
 1850 0106 0A       		.uleb128 0xa
 1851 0107 00       		.byte	0
 1852 0108 00       		.byte	0
 1853 0109 14       		.uleb128 0x14
 1854 010a 34       		.uleb128 0x34
 1855 010b 00       		.byte	0
 1856 010c 03       		.uleb128 0x3
 1857 010d 08       		.uleb128 0x8
 1858 010e 3A       		.uleb128 0x3a
 1859 010f 21       		.uleb128 0x21
 1860 0110 12       		.sleb128 18
 1861 0111 3B       		.uleb128 0x3b
 1862 0112 05       		.uleb128 0x5
 1863 0113 39       		.uleb128 0x39
 1864 0114 0B       		.uleb128 0xb
 1865 0115 49       		.uleb128 0x49
 1866 0116 13       		.uleb128 0x13
 1867 0117 00       		.byte	0
 1868 0118 00       		.byte	0
 1869 0119 15       		.uleb128 0x15
 1870 011a 0D       		.uleb128 0xd
 1871 011b 00       		.byte	0
 1872 011c 03       		.uleb128 0x3
 1873 011d 08       		.uleb128 0x8
 1874 011e 3A       		.uleb128 0x3a
 1875 011f 0B       		.uleb128 0xb
 1876 0120 3B       		.uleb128 0x3b
 1877 0121 0B       		.uleb128 0xb
 1878 0122 39       		.uleb128 0x39
 1879 0123 0B       		.uleb128 0xb
 1880 0124 49       		.uleb128 0x49
 1881 0125 13       		.uleb128 0x13
ARM GAS  C:\Users\PUBLIC~1.LAP\AppData\Local\Temp\ccWUeqHQ.s 			page 34


 1882 0126 38       		.uleb128 0x38
 1883 0127 0B       		.uleb128 0xb
 1884 0128 00       		.byte	0
 1885 0129 00       		.byte	0
 1886 012a 16       		.uleb128 0x16
 1887 012b 2E       		.uleb128 0x2e
 1888 012c 01       		.byte	0x1
 1889 012d 3F       		.uleb128 0x3f
 1890 012e 19       		.uleb128 0x19
 1891 012f 03       		.uleb128 0x3
 1892 0130 0E       		.uleb128 0xe
 1893 0131 3A       		.uleb128 0x3a
 1894 0132 0B       		.uleb128 0xb
 1895 0133 3B       		.uleb128 0x3b
 1896 0134 0B       		.uleb128 0xb
 1897 0135 39       		.uleb128 0x39
 1898 0136 21       		.uleb128 0x21
 1899 0137 08       		.sleb128 8
 1900 0138 27       		.uleb128 0x27
 1901 0139 19       		.uleb128 0x19
 1902 013a 3C       		.uleb128 0x3c
 1903 013b 19       		.uleb128 0x19
 1904 013c 01       		.uleb128 0x1
 1905 013d 13       		.uleb128 0x13
 1906 013e 00       		.byte	0
 1907 013f 00       		.byte	0
 1908 0140 17       		.uleb128 0x17
 1909 0141 05       		.uleb128 0x5
 1910 0142 00       		.byte	0
 1911 0143 03       		.uleb128 0x3
 1912 0144 0E       		.uleb128 0xe
 1913 0145 3A       		.uleb128 0x3a
 1914 0146 21       		.uleb128 0x21
 1915 0147 12       		.sleb128 18
 1916 0148 3B       		.uleb128 0x3b
 1917 0149 05       		.uleb128 0x5
 1918 014a 39       		.uleb128 0x39
 1919 014b 0B       		.uleb128 0xb
 1920 014c 49       		.uleb128 0x49
 1921 014d 13       		.uleb128 0x13
 1922 014e 00       		.byte	0
 1923 014f 00       		.byte	0
 1924 0150 18       		.uleb128 0x18
 1925 0151 34       		.uleb128 0x34
 1926 0152 00       		.byte	0
 1927 0153 03       		.uleb128 0x3
 1928 0154 0E       		.uleb128 0xe
 1929 0155 49       		.uleb128 0x49
 1930 0156 13       		.uleb128 0x13
 1931 0157 34       		.uleb128 0x34
 1932 0158 19       		.uleb128 0x19
 1933 0159 00       		.byte	0
 1934 015a 00       		.byte	0
 1935 015b 19       		.uleb128 0x19
 1936 015c 13       		.uleb128 0x13
 1937 015d 01       		.byte	0x1
 1938 015e 0B       		.uleb128 0xb
ARM GAS  C:\Users\PUBLIC~1.LAP\AppData\Local\Temp\ccWUeqHQ.s 			page 35


 1939 015f 21       		.uleb128 0x21
 1940 0160 08       		.sleb128 8
 1941 0161 3A       		.uleb128 0x3a
 1942 0162 0B       		.uleb128 0xb
 1943 0163 3B       		.uleb128 0x3b
 1944 0164 0B       		.uleb128 0xb
 1945 0165 39       		.uleb128 0x39
 1946 0166 0B       		.uleb128 0xb
 1947 0167 01       		.uleb128 0x1
 1948 0168 13       		.uleb128 0x13
 1949 0169 00       		.byte	0
 1950 016a 00       		.byte	0
 1951 016b 1A       		.uleb128 0x1a
 1952 016c 0B       		.uleb128 0xb
 1953 016d 01       		.byte	0x1
 1954 016e 00       		.byte	0
 1955 016f 00       		.byte	0
 1956 0170 1B       		.uleb128 0x1b
 1957 0171 05       		.uleb128 0x5
 1958 0172 00       		.byte	0
 1959 0173 03       		.uleb128 0x3
 1960 0174 08       		.uleb128 0x8
 1961 0175 3A       		.uleb128 0x3a
 1962 0176 0B       		.uleb128 0xb
 1963 0177 3B       		.uleb128 0x3b
 1964 0178 0B       		.uleb128 0xb
 1965 0179 39       		.uleb128 0x39
 1966 017a 0B       		.uleb128 0xb
 1967 017b 49       		.uleb128 0x49
 1968 017c 13       		.uleb128 0x13
 1969 017d 00       		.byte	0
 1970 017e 00       		.byte	0
 1971 017f 1C       		.uleb128 0x1c
 1972 0180 35       		.uleb128 0x35
 1973 0181 00       		.byte	0
 1974 0182 49       		.uleb128 0x49
 1975 0183 13       		.uleb128 0x13
 1976 0184 00       		.byte	0
 1977 0185 00       		.byte	0
 1978 0186 1D       		.uleb128 0x1d
 1979 0187 17       		.uleb128 0x17
 1980 0188 01       		.byte	0x1
 1981 0189 0B       		.uleb128 0xb
 1982 018a 0B       		.uleb128 0xb
 1983 018b 3A       		.uleb128 0x3a
 1984 018c 21       		.uleb128 0x21
 1985 018d 06       		.sleb128 6
 1986 018e 3B       		.uleb128 0x3b
 1987 018f 0B       		.uleb128 0xb
 1988 0190 39       		.uleb128 0x39
 1989 0191 21       		.uleb128 0x21
 1990 0192 03       		.sleb128 3
 1991 0193 01       		.uleb128 0x1
 1992 0194 13       		.uleb128 0x13
 1993 0195 00       		.byte	0
 1994 0196 00       		.byte	0
 1995 0197 1E       		.uleb128 0x1e
ARM GAS  C:\Users\PUBLIC~1.LAP\AppData\Local\Temp\ccWUeqHQ.s 			page 36


 1996 0198 16       		.uleb128 0x16
 1997 0199 00       		.byte	0
 1998 019a 03       		.uleb128 0x3
 1999 019b 0E       		.uleb128 0xe
 2000 019c 3A       		.uleb128 0x3a
 2001 019d 21       		.uleb128 0x21
 2002 019e 06       		.sleb128 6
 2003 019f 3B       		.uleb128 0x3b
 2004 01a0 05       		.uleb128 0x5
 2005 01a1 39       		.uleb128 0x39
 2006 01a2 21       		.uleb128 0x21
 2007 01a3 03       		.sleb128 3
 2008 01a4 49       		.uleb128 0x49
 2009 01a5 13       		.uleb128 0x13
 2010 01a6 00       		.byte	0
 2011 01a7 00       		.byte	0
 2012 01a8 1F       		.uleb128 0x1f
 2013 01a9 2E       		.uleb128 0x2e
 2014 01aa 01       		.byte	0x1
 2015 01ab 3F       		.uleb128 0x3f
 2016 01ac 19       		.uleb128 0x19
 2017 01ad 03       		.uleb128 0x3
 2018 01ae 0E       		.uleb128 0xe
 2019 01af 3A       		.uleb128 0x3a
 2020 01b0 0B       		.uleb128 0xb
 2021 01b1 3B       		.uleb128 0x3b
 2022 01b2 0B       		.uleb128 0xb
 2023 01b3 39       		.uleb128 0x39
 2024 01b4 0B       		.uleb128 0xb
 2025 01b5 27       		.uleb128 0x27
 2026 01b6 19       		.uleb128 0x19
 2027 01b7 49       		.uleb128 0x49
 2028 01b8 13       		.uleb128 0x13
 2029 01b9 3C       		.uleb128 0x3c
 2030 01ba 19       		.uleb128 0x19
 2031 01bb 01       		.uleb128 0x1
 2032 01bc 13       		.uleb128 0x13
 2033 01bd 00       		.byte	0
 2034 01be 00       		.byte	0
 2035 01bf 20       		.uleb128 0x20
 2036 01c0 2E       		.uleb128 0x2e
 2037 01c1 01       		.byte	0x1
 2038 01c2 3F       		.uleb128 0x3f
 2039 01c3 19       		.uleb128 0x19
 2040 01c4 03       		.uleb128 0x3
 2041 01c5 0E       		.uleb128 0xe
 2042 01c6 3A       		.uleb128 0x3a
 2043 01c7 21       		.uleb128 0x21
 2044 01c8 12       		.sleb128 18
 2045 01c9 3B       		.uleb128 0x3b
 2046 01ca 05       		.uleb128 0x5
 2047 01cb 39       		.uleb128 0x39
 2048 01cc 0B       		.uleb128 0xb
 2049 01cd 27       		.uleb128 0x27
 2050 01ce 19       		.uleb128 0x19
 2051 01cf 49       		.uleb128 0x49
 2052 01d0 13       		.uleb128 0x13
ARM GAS  C:\Users\PUBLIC~1.LAP\AppData\Local\Temp\ccWUeqHQ.s 			page 37


 2053 01d1 01       		.uleb128 0x1
 2054 01d2 13       		.uleb128 0x13
 2055 01d3 00       		.byte	0
 2056 01d4 00       		.byte	0
 2057 01d5 21       		.uleb128 0x21
 2058 01d6 11       		.uleb128 0x11
 2059 01d7 01       		.byte	0x1
 2060 01d8 25       		.uleb128 0x25
 2061 01d9 0E       		.uleb128 0xe
 2062 01da 13       		.uleb128 0x13
 2063 01db 0B       		.uleb128 0xb
 2064 01dc 03       		.uleb128 0x3
 2065 01dd 0E       		.uleb128 0xe
 2066 01de 1B       		.uleb128 0x1b
 2067 01df 0E       		.uleb128 0xe
 2068 01e0 10       		.uleb128 0x10
 2069 01e1 17       		.uleb128 0x17
 2070 01e2 00       		.byte	0
 2071 01e3 00       		.byte	0
 2072 01e4 22       		.uleb128 0x22
 2073 01e5 24       		.uleb128 0x24
 2074 01e6 00       		.byte	0
 2075 01e7 0B       		.uleb128 0xb
 2076 01e8 0B       		.uleb128 0xb
 2077 01e9 3E       		.uleb128 0x3e
 2078 01ea 0B       		.uleb128 0xb
 2079 01eb 03       		.uleb128 0x3
 2080 01ec 08       		.uleb128 0x8
 2081 01ed 00       		.byte	0
 2082 01ee 00       		.byte	0
 2083 01ef 23       		.uleb128 0x23
 2084 01f0 0F       		.uleb128 0xf
 2085 01f1 00       		.byte	0
 2086 01f2 0B       		.uleb128 0xb
 2087 01f3 0B       		.uleb128 0xb
 2088 01f4 00       		.byte	0
 2089 01f5 00       		.byte	0
 2090 01f6 24       		.uleb128 0x24
 2091 01f7 26       		.uleb128 0x26
 2092 01f8 00       		.byte	0
 2093 01f9 00       		.byte	0
 2094 01fa 00       		.byte	0
 2095 01fb 25       		.uleb128 0x25
 2096 01fc 15       		.uleb128 0x15
 2097 01fd 01       		.byte	0x1
 2098 01fe 27       		.uleb128 0x27
 2099 01ff 19       		.uleb128 0x19
 2100 0200 49       		.uleb128 0x49
 2101 0201 13       		.uleb128 0x13
 2102 0202 01       		.uleb128 0x1
 2103 0203 13       		.uleb128 0x13
 2104 0204 00       		.byte	0
 2105 0205 00       		.byte	0
 2106 0206 26       		.uleb128 0x26
 2107 0207 17       		.uleb128 0x17
 2108 0208 01       		.byte	0x1
 2109 0209 03       		.uleb128 0x3
ARM GAS  C:\Users\PUBLIC~1.LAP\AppData\Local\Temp\ccWUeqHQ.s 			page 38


 2110 020a 0E       		.uleb128 0xe
 2111 020b 0B       		.uleb128 0xb
 2112 020c 0B       		.uleb128 0xb
 2113 020d 3A       		.uleb128 0x3a
 2114 020e 0B       		.uleb128 0xb
 2115 020f 3B       		.uleb128 0x3b
 2116 0210 0B       		.uleb128 0xb
 2117 0211 39       		.uleb128 0x39
 2118 0212 0B       		.uleb128 0xb
 2119 0213 01       		.uleb128 0x1
 2120 0214 13       		.uleb128 0x13
 2121 0215 00       		.byte	0
 2122 0216 00       		.byte	0
 2123 0217 27       		.uleb128 0x27
 2124 0218 2E       		.uleb128 0x2e
 2125 0219 01       		.byte	0x1
 2126 021a 3F       		.uleb128 0x3f
 2127 021b 19       		.uleb128 0x19
 2128 021c 03       		.uleb128 0x3
 2129 021d 0E       		.uleb128 0xe
 2130 021e 3A       		.uleb128 0x3a
 2131 021f 0B       		.uleb128 0xb
 2132 0220 3B       		.uleb128 0x3b
 2133 0221 05       		.uleb128 0x5
 2134 0222 39       		.uleb128 0x39
 2135 0223 0B       		.uleb128 0xb
 2136 0224 27       		.uleb128 0x27
 2137 0225 19       		.uleb128 0x19
 2138 0226 01       		.uleb128 0x1
 2139 0227 13       		.uleb128 0x13
 2140 0228 00       		.byte	0
 2141 0229 00       		.byte	0
 2142 022a 28       		.uleb128 0x28
 2143 022b 05       		.uleb128 0x5
 2144 022c 00       		.byte	0
 2145 022d 03       		.uleb128 0x3
 2146 022e 08       		.uleb128 0x8
 2147 022f 3A       		.uleb128 0x3a
 2148 0230 0B       		.uleb128 0xb
 2149 0231 3B       		.uleb128 0x3b
 2150 0232 05       		.uleb128 0x5
 2151 0233 39       		.uleb128 0x39
 2152 0234 0B       		.uleb128 0xb
 2153 0235 49       		.uleb128 0x49
 2154 0236 13       		.uleb128 0x13
 2155 0237 00       		.byte	0
 2156 0238 00       		.byte	0
 2157 0239 29       		.uleb128 0x29
 2158 023a 2E       		.uleb128 0x2e
 2159 023b 01       		.byte	0x1
 2160 023c 3F       		.uleb128 0x3f
 2161 023d 19       		.uleb128 0x19
 2162 023e 03       		.uleb128 0x3
 2163 023f 0E       		.uleb128 0xe
 2164 0240 3A       		.uleb128 0x3a
 2165 0241 0B       		.uleb128 0xb
 2166 0242 3B       		.uleb128 0x3b
ARM GAS  C:\Users\PUBLIC~1.LAP\AppData\Local\Temp\ccWUeqHQ.s 			page 39


 2167 0243 0B       		.uleb128 0xb
 2168 0244 39       		.uleb128 0x39
 2169 0245 0B       		.uleb128 0xb
 2170 0246 27       		.uleb128 0x27
 2171 0247 19       		.uleb128 0x19
 2172 0248 49       		.uleb128 0x49
 2173 0249 13       		.uleb128 0x13
 2174 024a 01       		.uleb128 0x1
 2175 024b 13       		.uleb128 0x13
 2176 024c 00       		.byte	0
 2177 024d 00       		.byte	0
 2178 024e 2A       		.uleb128 0x2a
 2179 024f 0B       		.uleb128 0xb
 2180 0250 01       		.byte	0x1
 2181 0251 01       		.uleb128 0x1
 2182 0252 13       		.uleb128 0x13
 2183 0253 00       		.byte	0
 2184 0254 00       		.byte	0
 2185 0255 2B       		.uleb128 0x2b
 2186 0256 2E       		.uleb128 0x2e
 2187 0257 01       		.byte	0x1
 2188 0258 3F       		.uleb128 0x3f
 2189 0259 19       		.uleb128 0x19
 2190 025a 03       		.uleb128 0x3
 2191 025b 0E       		.uleb128 0xe
 2192 025c 3A       		.uleb128 0x3a
 2193 025d 0B       		.uleb128 0xb
 2194 025e 3B       		.uleb128 0x3b
 2195 025f 0B       		.uleb128 0xb
 2196 0260 39       		.uleb128 0x39
 2197 0261 0B       		.uleb128 0xb
 2198 0262 27       		.uleb128 0x27
 2199 0263 19       		.uleb128 0x19
 2200 0264 01       		.uleb128 0x1
 2201 0265 13       		.uleb128 0x13
 2202 0266 00       		.byte	0
 2203 0267 00       		.byte	0
 2204 0268 2C       		.uleb128 0x2c
 2205 0269 2E       		.uleb128 0x2e
 2206 026a 00       		.byte	0
 2207 026b 3F       		.uleb128 0x3f
 2208 026c 19       		.uleb128 0x19
 2209 026d 03       		.uleb128 0x3
 2210 026e 0E       		.uleb128 0xe
 2211 026f 3A       		.uleb128 0x3a
 2212 0270 0B       		.uleb128 0xb
 2213 0271 3B       		.uleb128 0x3b
 2214 0272 0B       		.uleb128 0xb
 2215 0273 39       		.uleb128 0x39
 2216 0274 0B       		.uleb128 0xb
 2217 0275 27       		.uleb128 0x27
 2218 0276 19       		.uleb128 0x19
 2219 0277 00       		.byte	0
 2220 0278 00       		.byte	0
 2221 0279 2D       		.uleb128 0x2d
 2222 027a 2E       		.uleb128 0x2e
 2223 027b 01       		.byte	0x1
ARM GAS  C:\Users\PUBLIC~1.LAP\AppData\Local\Temp\ccWUeqHQ.s 			page 40


 2224 027c 03       		.uleb128 0x3
 2225 027d 0E       		.uleb128 0xe
 2226 027e 3A       		.uleb128 0x3a
 2227 027f 0B       		.uleb128 0xb
 2228 0280 3B       		.uleb128 0x3b
 2229 0281 0B       		.uleb128 0xb
 2230 0282 39       		.uleb128 0x39
 2231 0283 0B       		.uleb128 0xb
 2232 0284 27       		.uleb128 0x27
 2233 0285 19       		.uleb128 0x19
 2234 0286 49       		.uleb128 0x49
 2235 0287 13       		.uleb128 0x13
 2236 0288 01       		.uleb128 0x1
 2237 0289 13       		.uleb128 0x13
 2238 028a 00       		.byte	0
 2239 028b 00       		.byte	0
 2240 028c 00       		.byte	0
 2241              		.section	.gnu.debuglto_.debug_line,"e",%progbits
 2242              	.Ldebug_line0:
 2243 0000 AB000000 		.4byte	.LELT0-.LSLT0
 2244              	.LSLT0:
 2245 0004 0500     		.2byte	0x5
 2246 0006 04       		.byte	0x4
 2247 0007 00       		.byte	0
 2248 0008 A3000000 		.4byte	.LELTP0-.LASLTP0
 2249              	.LASLTP0:
 2250 000c 01       		.byte	0x1
 2251 000d 01       		.byte	0x1
 2252 000e 01       		.byte	0x1
 2253 000f F6       		.byte	0xf6
 2254 0010 F2       		.byte	0xf2
 2255 0011 0D       		.byte	0xd
 2256 0012 00       		.byte	0
 2257 0013 01       		.byte	0x1
 2258 0014 01       		.byte	0x1
 2259 0015 01       		.byte	0x1
 2260 0016 01       		.byte	0x1
 2261 0017 00       		.byte	0
 2262 0018 00       		.byte	0
 2263 0019 00       		.byte	0
 2264 001a 01       		.byte	0x1
 2265 001b 00       		.byte	0
 2266 001c 00       		.byte	0
 2267 001d 01       		.byte	0x1
 2268 001e 01       		.byte	0x1
 2269 001f 01       		.uleb128 0x1
 2270 0020 1F       		.uleb128 0x1f
 2271 0021 0A       		.uleb128 0xa
 2272 0022 6E020000 		.4byte	.LASF158
 2273 0026 B8020000 		.4byte	.LASF159
 2274 002a 77000000 		.4byte	.LASF160
 2275 002e E4010000 		.4byte	.LASF161
 2276 0032 AC010000 		.4byte	.LASF162
 2277 0036 10010000 		.4byte	.LASF163
 2278 003a AF000000 		.4byte	.LASF164
 2279 003e 42010000 		.4byte	.LASF165
 2280 0042 E2000000 		.4byte	.LASF166
ARM GAS  C:\Users\PUBLIC~1.LAP\AppData\Local\Temp\ccWUeqHQ.s 			page 41


 2281 0046 11000000 		.4byte	.LASF167
 2282 004a 02       		.byte	0x2
 2283 004b 01       		.uleb128 0x1
 2284 004c 1F       		.uleb128 0x1f
 2285 004d 02       		.uleb128 0x2
 2286 004e 0B       		.uleb128 0xb
 2287 004f 13       		.uleb128 0x13
 2288 0050 37020000 		.4byte	.LASF168
 2289 0054 00       		.byte	0
 2290 0055 25020000 		.4byte	.LASF169
 2291 0059 09       		.byte	0x9
 2292 005a 00000000 		.4byte	.LASF170
 2293 005e 07       		.byte	0x7
 2294 005f 94010000 		.4byte	.LASF171
 2295 0063 08       		.byte	0x8
 2296 0064 8A010000 		.4byte	.LASF172
 2297 0068 02       		.byte	0x2
 2298 0069 A4020000 		.4byte	.LASF173
 2299 006d 06       		.byte	0x6
 2300 006e 19020000 		.4byte	.LASF174
 2301 0072 06       		.byte	0x6
 2302 0073 2E020000 		.4byte	.LASF175
 2303 0077 06       		.byte	0x6
 2304 0078 AE020000 		.4byte	.LASF176
 2305 007c 06       		.byte	0x6
 2306 007d 74010000 		.4byte	.LASF177
 2307 0081 06       		.byte	0x6
 2308 0082 DA010000 		.4byte	.LASF178
 2309 0086 06       		.byte	0x6
 2310 0087 63000000 		.4byte	.LASF179
 2311 008b 01       		.byte	0x1
 2312 008c 6E000000 		.4byte	.LASF180
 2313 0090 03       		.byte	0x3
 2314 0091 DA000000 		.4byte	.LASF181
 2315 0095 06       		.byte	0x6
 2316 0096 3A010000 		.4byte	.LASF182
 2317 009a 06       		.byte	0x6
 2318 009b 9E010000 		.4byte	.LASF183
 2319 009f 04       		.byte	0x4
 2320 00a0 4A000000 		.4byte	.LASF184
 2321 00a4 04       		.byte	0x4
 2322 00a5 56000000 		.4byte	.LASF185
 2323 00a9 04       		.byte	0x4
 2324 00aa 7D010000 		.4byte	.LASF186
 2325 00ae 05       		.byte	0x5
 2326              	.LELTP0:
 2327              	.LELT0:
 2328              		.section	.gnu.debuglto_.debug_str,"eMS",%progbits,1
 2329              	.LASF116:
 2330 0000 6D656D6F 		.ascii	"memory_area_t\000"
 2330      72795F61 
 2330      7265615F 
 2330      7400
 2331              	.LASF7:
 2332 000e 73686F72 		.ascii	"short int\000"
 2332      7420696E 
 2332      7400
ARM GAS  C:\Users\PUBLIC~1.LAP\AppData\Local\Temp\ccWUeqHQ.s 			page 42


 2333              	.LASF140:
 2334 0018 746F7461 		.ascii	"totalp\000"
 2334      6C7000
 2335              	.LASF106:
 2336 001f 72656164 		.ascii	"ready_list_t\000"
 2336      795F6C69 
 2336      73745F74 
 2336      00
 2337              	.LASF52:
 2338 002c 72666375 		.ascii	"rfcu\000"
 2338      00
 2339              	.LASF4:
 2340 0031 73697A65 		.ascii	"size_t\000"
 2340      5F7400
 2341              	.LASF66:
 2342 0038 6E657874 		.ascii	"next\000"
 2342      00
 2343              	.LASF75:
 2344 003d 64656C74 		.ascii	"delta\000"
 2344      6100
 2345              	.LASF94:
 2346 0043 7264796D 		.ascii	"rdymsg\000"
 2346      736700
 2347              	.LASF19:
 2348 004a 75696E74 		.ascii	"uint64_t\000"
 2348      36345F74 
 2348      00
 2349              	.LASF5:
 2350 0053 5F5F7569 		.ascii	"__uint8_t\000"
 2350      6E74385F 
 2350      7400
 2351              	.LASF69:
 2352 005d 70726576 		.ascii	"prev\000"
 2352      00
 2353              	.LASF82:
 2354 0062 706F7274 		.ascii	"port_intctx\000"
 2354      5F696E74 
 2354      63747800 
 2355              	.LASF126:
 2356 006e 70616765 		.ascii	"pages\000"
 2356      7300
 2357              	.LASF61:
 2358 0074 73797374 		.ascii	"system_debug_t\000"
 2358      656D5F64 
 2358      65627567 
 2358      5F7400
 2359              	.LASF120:
 2360 0083 70726F76 		.ascii	"provider\000"
 2360      69646572 
 2360      00
 2361              	.LASF51:
 2362 008c 636F7265 		.ascii	"core_id\000"
 2362      5F696400 
 2363              	.LASF70:
 2364 0094 63685F70 		.ascii	"ch_priority_queue_t\000"
 2364      72696F72 
 2364      6974795F 
ARM GAS  C:\Users\PUBLIC~1.LAP\AppData\Local\Temp\ccWUeqHQ.s 			page 43


 2364      71756575 
 2364      655F7400 
 2365              	.LASF132:
 2366 00a8 63684D65 		.ascii	"chMemIsAddressExecutableX\000"
 2366      6D497341 
 2366      64647265 
 2366      73734578 
 2366      65637574 
 2367              	.LASF14:
 2368 00c2 6C6F6E67 		.ascii	"long long unsigned int\000"
 2368      206C6F6E 
 2368      6720756E 
 2368      7369676E 
 2368      65642069 
 2369              	.LASF95:
 2370 00d9 65786974 		.ascii	"exitcode\000"
 2370      636F6465 
 2370      00
 2371              	.LASF150:
 2372 00e2 6D656D5F 		.ascii	"mem_base\000"
 2372      62617365 
 2372      00
 2373              	.LASF54:
 2374 00eb 6D61696E 		.ascii	"mainthread\000"
 2374      74687265 
 2374      616400
 2375              	.LASF98:
 2376 00f6 73656E74 		.ascii	"sentmsg\000"
 2376      6D736700 
 2377              	.LASF87:
 2378 00fe 76697274 		.ascii	"virtual_timers_list_t\000"
 2378      75616C5F 
 2378      74696D65 
 2378      72735F6C 
 2378      6973745F 
 2379              	.LASF139:
 2380 0114 68656170 		.ascii	"heapp\000"
 2380      7000
 2381              	.LASF145:
 2382 011a 616C6967 		.ascii	"align\000"
 2382      6E00
 2383              	.LASF38:
 2384 0120 72656673 		.ascii	"refs\000"
 2384      00
 2385              	.LASF24:
 2386 0125 74726566 		.ascii	"trefs_t\000"
 2386      735F7400 
 2387              	.LASF128:
 2388 012d 63684D74 		.ascii	"chMtxUnlock\000"
 2388      78556E6C 
 2388      6F636B00 
 2389              	.LASF3:
 2390 0139 7369676E 		.ascii	"signed char\000"
 2390      65642063 
 2390      68617200 
 2391              	.LASF143:
 2392 0145 6C706167 		.ascii	"lpages\000"
ARM GAS  C:\Users\PUBLIC~1.LAP\AppData\Local\Temp\ccWUeqHQ.s 			page 44


 2392      657300
 2393              	.LASF74:
 2394 014c 63685F64 		.ascii	"ch_delta_list\000"
 2394      656C7461 
 2394      5F6C6973 
 2394      7400
 2395              	.LASF148:
 2396 015a 63684865 		.ascii	"chHeapFree\000"
 2396      61704672 
 2396      656500
 2397              	.LASF49:
 2398 0165 76746C69 		.ascii	"vtlist\000"
 2398      737400
 2399              	.LASF151:
 2400 016c 6D656D5F 		.ascii	"mem_end\000"
 2400      656E6400 
 2401              	.LASF40:
 2402 0174 6D736771 		.ascii	"msgqueue\000"
 2402      75657565 
 2402      00
 2403              	.LASF36:
 2404 017d 73746174 		.ascii	"state\000"
 2404      6500
 2405              	.LASF10:
 2406 0183 6C6F6E67 		.ascii	"long int\000"
 2406      20696E74 
 2406      00
 2407              	.LASF23:
 2408 018c 74737461 		.ascii	"tstate_t\000"
 2408      74655F74 
 2408      00
 2409              	.LASF153:
 2410 0195 443A5C30 		.ascii	"D:\\00a_liuhy\\temp126\\ChibiOS/os/oslib/src/chmemh"
 2410      30615F6C 
 2410      69756879 
 2410      5C74656D 
 2410      70313236 
 2411 01c5 65617073 		.ascii	"eaps.c\000"
 2411      2E6300
 2412              	.LASF56:
 2413 01cc 63685F72 		.ascii	"ch_rfcu\000"
 2413      66637500 
 2414              	.LASF118:
 2415 01d4 6D656D6F 		.ascii	"memory_heap_t\000"
 2415      72795F68 
 2415      6561705F 
 2415      7400
 2416              	.LASF154:
 2417 01e2 443A5C30 		.ascii	"D:\\00a_liuhy\\temp126\\ChibiOS-Contrib\\demos\\ES3"
 2417      30615F6C 
 2417      69756879 
 2417      5C74656D 
 2417      70313236 
 2418 0210 325C4653 		.ascii	"2\\FS026\000"
 2418      30323600 
 2419              	.LASF68:
 2420 0218 63685F71 		.ascii	"ch_queue\000"
ARM GAS  C:\Users\PUBLIC~1.LAP\AppData\Local\Temp\ccWUeqHQ.s 			page 45


 2420      75657565 
 2420      00
 2421              	.LASF1:
 2422 0221 6C6F6E67 		.ascii	"long long int\000"
 2422      206C6F6E 
 2422      6720696E 
 2422      7400
 2423              	.LASF117:
 2424 022f 6D656D67 		.ascii	"memgetfunc2_t\000"
 2424      65746675 
 2424      6E63325F 
 2424      7400
 2425              	.LASF73:
 2426 023d 63685F64 		.ascii	"ch_delta_list_t\000"
 2426      656C7461 
 2426      5F6C6973 
 2426      745F7400 
 2427              	.LASF88:
 2428 024d 63685F72 		.ascii	"ch_registry\000"
 2428      65676973 
 2428      74727900 
 2429              	.LASF11:
 2430 0259 5F5F7569 		.ascii	"__uint32_t\000"
 2430      6E743332 
 2430      5F7400
 2431              	.LASF35:
 2432 0264 7761656E 		.ascii	"waend\000"
 2432      6400
 2433              	.LASF39:
 2434 026a 77616974 		.ascii	"waiting\000"
 2434      696E6700 
 2435              	.LASF108:
 2436 0272 6D61696E 		.ascii	"mainthread_base\000"
 2436      74687265 
 2436      61645F62 
 2436      61736500 
 2437              	.LASF113:
 2438 0282 6D757465 		.ascii	"mutex_t\000"
 2438      785F7400 
 2439              	.LASF63:
 2440 028a 73797369 		.ascii	"sysinterval_t\000"
 2440      6E746572 
 2440      76616C5F 
 2440      7400
 2441              	.LASF28:
 2442 0298 636E745F 		.ascii	"cnt_t\000"
 2442      7400
 2443              	.LASF0:
 2444 029e 756E7369 		.ascii	"unsigned int\000"
 2444      676E6564 
 2444      20696E74 
 2444      00
 2445              	.LASF99:
 2446 02ab 77747365 		.ascii	"wtsemp\000"
 2446      6D7000
 2447              	.LASF97:
 2448 02b2 77747472 		.ascii	"wttrp\000"
ARM GAS  C:\Users\PUBLIC~1.LAP\AppData\Local\Temp\ccWUeqHQ.s 			page 46


 2448      7000
 2449              	.LASF31:
 2450 02b8 72717565 		.ascii	"rqueue\000"
 2450      756500
 2451              	.LASF67:
 2452 02bf 63685F71 		.ascii	"ch_queue_t\000"
 2452      75657565 
 2452      5F7400
 2453              	.LASF33:
 2454 02ca 6E616D65 		.ascii	"name\000"
 2454      00
 2455              	.LASF89:
 2456 02cf 71756575 		.ascii	"queue\000"
 2456      6500
 2457              	.LASF44:
 2458 02d5 6D706F6F 		.ascii	"mpool\000"
 2458      6C00
 2459              	.LASF115:
 2460 02db 73697A65 		.ascii	"size\000"
 2460      00
 2461              	.LASF8:
 2462 02e0 73686F72 		.ascii	"short unsigned int\000"
 2462      7420756E 
 2462      7369676E 
 2462      65642069 
 2462      6E7400
 2463              	.LASF64:
 2464 02f3 63685F6C 		.ascii	"ch_list_t\000"
 2464      6973745F 
 2464      7400
 2465              	.LASF46:
 2466 02fd 63685F74 		.ascii	"ch_thread\000"
 2466      68726561 
 2466      6400
 2467              	.LASF26:
 2468 0307 6D73675F 		.ascii	"msg_t\000"
 2468      7400
 2469              	.LASF41:
 2470 030d 6570656E 		.ascii	"epending\000"
 2470      64696E67 
 2470      00
 2471              	.LASF147:
 2472 0316 62706167 		.ascii	"bpages\000"
 2472      657300
 2473              	.LASF22:
 2474 031d 746D6F64 		.ascii	"tmode_t\000"
 2474      655F7400 
 2475              	.LASF86:
 2476 0325 73797374 		.ascii	"systime\000"
 2476      696D6500 
 2477              	.LASF137:
 2478 032d 70726576 		.ascii	"prevhp\000"
 2478      687000
 2479              	.LASF65:
 2480 0334 63685F6C 		.ascii	"ch_list\000"
 2480      69737400 
 2481              	.LASF104:
ARM GAS  C:\Users\PUBLIC~1.LAP\AppData\Local\Temp\ccWUeqHQ.s 			page 47


 2482 033c 63685F72 		.ascii	"ch_ready_list\000"
 2482      65616479 
 2482      5F6C6973 
 2482      7400
 2483              	.LASF27:
 2484 034a 6576656E 		.ascii	"eventmask_t\000"
 2484      746D6173 
 2484      6B5F7400 
 2485              	.LASF134:
 2486 0356 63684865 		.ascii	"chHeapIntegrityCheck\000"
 2486      6170496E 
 2486      74656772 
 2486      69747943 
 2486      6865636B 
 2487              	.LASF9:
 2488 036b 5F5F696E 		.ascii	"__int32_t\000"
 2488      7433325F 
 2488      7400
 2489              	.LASF79:
 2490 0375 53484946 		.ascii	"SHIFT_TAB_ICxx\000"
 2490      545F5441 
 2490      425F4943 
 2490      787800
 2491              	.LASF21:
 2492 0384 73746B61 		.ascii	"stkalign_t\000"
 2492      6C69676E 
 2492      5F7400
 2493              	.LASF149:
 2494 038f 63684865 		.ascii	"chHeapObjectInit\000"
 2494      61704F62 
 2494      6A656374 
 2494      496E6974 
 2494      00
 2495              	.LASF110:
 2496 03a0 69646C65 		.ascii	"idlethread_base\000"
 2496      74687265 
 2496      61645F62 
 2496      61736500 
 2497              	.LASF114:
 2498 03b0 62617365 		.ascii	"base\000"
 2498      00
 2499              	.LASF43:
 2500 03b5 7265616C 		.ascii	"realprio\000"
 2500      7072696F 
 2500      00
 2501              	.LASF55:
 2502 03be 72666375 		.ascii	"rfcu_mask_t\000"
 2502      5F6D6173 
 2502      6B5F7400 
 2503              	.LASF91:
 2504 03ca 74687265 		.ascii	"thread_reference_t\000"
 2504      61645F72 
 2504      65666572 
 2504      656E6365 
 2504      5F7400
 2505              	.LASF84:
 2506 03dd 63685F76 		.ascii	"ch_virtual_timers_list\000"
ARM GAS  C:\Users\PUBLIC~1.LAP\AppData\Local\Temp\ccWUeqHQ.s 			page 48


 2506      69727475 
 2506      616C5F74 
 2506      696D6572 
 2506      735F6C69 
 2507              	.LASF2:
 2508 03f4 6C6F6E67 		.ascii	"long double\000"
 2508      20646F75 
 2508      626C6500 
 2509              	.LASF129:
 2510 0400 63684D74 		.ascii	"chMtxLock\000"
 2510      784C6F63 
 2510      6B00
 2511              	.LASF130:
 2512 040a 63684D74 		.ascii	"chMtxObjectInit\000"
 2512      784F626A 
 2512      65637449 
 2512      6E697400 
 2513              	.LASF107:
 2514 041a 63685F6F 		.ascii	"ch_os_instance_config\000"
 2514      735F696E 
 2514      7374616E 
 2514      63655F63 
 2514      6F6E6669 
 2515              	.LASF83:
 2516 0430 706F7274 		.ascii	"port_context\000"
 2516      5F636F6E 
 2516      74657874 
 2516      00
 2517              	.LASF72:
 2518 043d 7072696F 		.ascii	"prio\000"
 2518      00
 2519              	.LASF105:
 2520 0442 63757272 		.ascii	"current\000"
 2520      656E7400 
 2521              	.LASF13:
 2522 044a 5F5F7569 		.ascii	"__uint64_t\000"
 2522      6E743634 
 2522      5F7400
 2523              	.LASF80:
 2524 0455 53484946 		.ascii	"SHIFT_TAB_CCxP\000"
 2524      545F5441 
 2524      425F4343 
 2524      785000
 2525              	.LASF125:
 2526 0464 75736564 		.ascii	"used\000"
 2526      00
 2527              	.LASF29:
 2528 0469 636F7265 		.ascii	"core_id_t\000"
 2528      5F69645F 
 2528      7400
 2529              	.LASF157:
 2530 0473 63684D65 		.ascii	"chMemIsSpaceWithinX\000"
 2530      6D497353 
 2530      70616365 
 2530      57697468 
 2530      696E5800 
 2531              	.LASF25:
ARM GAS  C:\Users\PUBLIC~1.LAP\AppData\Local\Temp\ccWUeqHQ.s 			page 49


 2532 0487 74707269 		.ascii	"tprio_t\000"
 2532      6F5F7400 
 2533              	.LASF77:
 2534 048f 4F464653 		.ascii	"OFFSET_TAB_CHMRx\000"
 2534      45545F54 
 2534      41425F43 
 2534      484D5278 
 2534      00
 2535              	.LASF59:
 2536 04a0 63685F73 		.ascii	"ch_system_debug\000"
 2536      79737465 
 2536      6D5F6465 
 2536      62756700 
 2537              	.LASF76:
 2538 04b0 5F426F6F 		.ascii	"_Bool\000"
 2538      6C00
 2539              	.LASF17:
 2540 04b6 696E7433 		.ascii	"int32_t\000"
 2540      325F7400 
 2541              	.LASF6:
 2542 04be 756E7369 		.ascii	"unsigned char\000"
 2542      676E6564 
 2542      20636861 
 2542      7200
 2543              	.LASF155:
 2544 04cc 68656170 		.ascii	"heap_header\000"
 2544      5F686561 
 2544      64657200 
 2545              	.LASF133:
 2546 04d8 6368436F 		.ascii	"chCoreAllocFromTop\000"
 2546      7265416C 
 2546      6C6F6346 
 2546      726F6D54 
 2546      6F7000
 2547              	.LASF58:
 2548 04eb 72666375 		.ascii	"rfcu_t\000"
 2548      5F7400
 2549              	.LASF121:
 2550 04f2 61726561 		.ascii	"area\000"
 2550      00
 2551              	.LASF101:
 2552 04f7 65776D61 		.ascii	"ewmask\000"
 2552      736B00
 2553              	.LASF146:
 2554 04fe 5F5F6675 		.ascii	"__func__\000"
 2554      6E635F5F 
 2554      00
 2555              	.LASF102:
 2556 0507 63685F73 		.ascii	"ch_semaphore\000"
 2556      656D6170 
 2556      686F7265 
 2556      00
 2557              	.LASF131:
 2558 0514 6368436F 		.ascii	"chCoreGetStatusX\000"
 2558      72654765 
 2558      74537461 
 2558      74757358 
ARM GAS  C:\Users\PUBLIC~1.LAP\AppData\Local\Temp\ccWUeqHQ.s 			page 50


 2558      00
 2559              	.LASF90:
 2560 0525 72656769 		.ascii	"registry_t\000"
 2560      73747279 
 2560      5F7400
 2561              	.LASF142:
 2562 0530 74706167 		.ascii	"tpages\000"
 2562      657300
 2563              	.LASF18:
 2564 0537 75696E74 		.ascii	"uint32_t\000"
 2564      33325F74 
 2564      00
 2565              	.LASF156:
 2566 0540 5F5F6865 		.ascii	"__heap_init\000"
 2566      61705F69 
 2566      6E697400 
 2567              	.LASF20:
 2568 054c 706F7274 		.ascii	"port_stkalign_t\000"
 2568      5F73746B 
 2568      616C6967 
 2568      6E5F7400 
 2569              	.LASF32:
 2570 055c 6F776E65 		.ascii	"owner\000"
 2570      7200
 2571              	.LASF127:
 2572 0562 68656170 		.ascii	"heap\000"
 2572      00
 2573              	.LASF12:
 2574 0567 6C6F6E67 		.ascii	"long unsigned int\000"
 2574      20756E73 
 2574      69676E65 
 2574      6420696E 
 2574      7400
 2575              	.LASF34:
 2576 0579 77616261 		.ascii	"wabase\000"
 2576      736500
 2577              	.LASF135:
 2578 0580 64656661 		.ascii	"default_heap\000"
 2578      756C745F 
 2578      68656170 
 2578      00
 2579              	.LASF15:
 2580 058d 63686172 		.ascii	"char\000"
 2580      00
 2581              	.LASF53:
 2582 0592 636F6E66 		.ascii	"config\000"
 2582      696700
 2583              	.LASF152:
 2584 0599 474E5520 		.ascii	"GNU C17 12.2.0 -mcpu=cortex-m0 -mthumb -mfloat-abi="
 2584      43313720 
 2584      31322E32 
 2584      2E30202D 
 2584      6D637075 
 2585 05cc 736F6674 		.ascii	"soft -march=armv6s-m -ggdb -Os -fomit-frame-pointer"
 2585      202D6D61 
 2585      7263683D 
 2585      61726D76 
ARM GAS  C:\Users\PUBLIC~1.LAP\AppData\Local\Temp\ccWUeqHQ.s 			page 51


 2585      36732D6D 
 2586 05ff 202D6661 		.ascii	" -falign-functions=16 -ffunction-sections -fdata-se"
 2586      6C69676E 
 2586      2D66756E 
 2586      6374696F 
 2586      6E733D31 
 2587 0632 6374696F 		.ascii	"ctions -fno-common -flto\000"
 2587      6E73202D 
 2587      666E6F2D 
 2587      636F6D6D 
 2587      6F6E202D 
 2588              	.LASF30:
 2589 064b 74687265 		.ascii	"thread_t\000"
 2589      61645F74 
 2589      00
 2590              	.LASF138:
 2591 0654 63684865 		.ascii	"chHeapStatus\000"
 2591      61705374 
 2591      61747573 
 2591      00
 2592              	.LASF85:
 2593 0661 646C6973 		.ascii	"dlist\000"
 2593      7400
 2594              	.LASF62:
 2595 0667 73797374 		.ascii	"systime_t\000"
 2595      696D655F 
 2595      7400
 2596              	.LASF123:
 2597 0671 68656170 		.ascii	"heap_header_t\000"
 2597      5F686561 
 2597      6465725F 
 2597      7400
 2598              	.LASF78:
 2599 067f 53484946 		.ascii	"SHIFT_TAB_OCxx\000"
 2599      545F5441 
 2599      425F4F43 
 2599      787800
 2600              	.LASF100:
 2601 068e 77746D74 		.ascii	"wtmtxp\000"
 2601      787000
 2602              	.LASF60:
 2603 0695 70616E69 		.ascii	"panic_msg\000"
 2603      635F6D73 
 2603      6700
 2604              	.LASF93:
 2605 069f 70717565 		.ascii	"pqueue\000"
 2605      756500
 2606              	.LASF47:
 2607 06a6 63685F6F 		.ascii	"ch_os_instance\000"
 2607      735F696E 
 2607      7374616E 
 2607      636500
 2608              	.LASF45:
 2609 06b5 6F735F69 		.ascii	"os_instance_t\000"
 2609      6E737461 
 2609      6E63655F 
 2609      7400
ARM GAS  C:\Users\PUBLIC~1.LAP\AppData\Local\Temp\ccWUeqHQ.s 			page 52


 2610              	.LASF50:
 2611 06c3 7265676C 		.ascii	"reglist\000"
 2611      69737400 
 2612              	.LASF71:
 2613 06cb 63685F70 		.ascii	"ch_priority_queue\000"
 2613      72696F72 
 2613      6974795F 
 2613      71756575 
 2613      6500
 2614              	.LASF124:
 2615 06dd 66726565 		.ascii	"free\000"
 2615      00
 2616              	.LASF144:
 2617 06e2 63684865 		.ascii	"chHeapAllocAligned\000"
 2617      6170416C 
 2617      6C6F6341 
 2617      6C69676E 
 2617      656400
 2618              	.LASF81:
 2619 06f5 53484946 		.ascii	"SHIFT_TAB_OISx\000"
 2619      545F5441 
 2619      425F4F49 
 2619      537800
 2620              	.LASF109:
 2621 0704 6D61696E 		.ascii	"mainthread_end\000"
 2621      74687265 
 2621      61645F65 
 2621      6E6400
 2622              	.LASF141:
 2623 0713 6C617267 		.ascii	"largestp\000"
 2623      65737470 
 2623      00
 2624              	.LASF112:
 2625 071c 6F735F69 		.ascii	"os_instance_config_t\000"
 2625      6E737461 
 2625      6E63655F 
 2625      636F6E66 
 2625      69675F74 
 2626              	.LASF103:
 2627 0731 63685F6D 		.ascii	"ch_mutex\000"
 2627      75746578 
 2627      00
 2628              	.LASF57:
 2629 073a 6D61736B 		.ascii	"mask\000"
 2629      00
 2630              	.LASF48:
 2631 073f 726C6973 		.ascii	"rlist\000"
 2631      7400
 2632              	.LASF16:
 2633 0745 75696E74 		.ascii	"uint8_t\000"
 2633      385F7400 
 2634              	.LASF37:
 2635 074d 666C6167 		.ascii	"flags\000"
 2635      7300
 2636              	.LASF96:
 2637 0753 77746F62 		.ascii	"wtobjp\000"
 2637      6A7000
ARM GAS  C:\Users\PUBLIC~1.LAP\AppData\Local\Temp\ccWUeqHQ.s 			page 53


 2638              	.LASF92:
 2639 075a 6C697374 		.ascii	"list\000"
 2639      00
 2640              	.LASF111:
 2641 075f 69646C65 		.ascii	"idlethread_end\000"
 2641      74687265 
 2641      61645F65 
 2641      6E6400
 2642              	.LASF42:
 2643 076e 6D74786C 		.ascii	"mtxlist\000"
 2643      69737400 
 2644              	.LASF136:
 2645 0776 72657375 		.ascii	"result\000"
 2645      6C7400
 2646              	.LASF122:
 2647 077d 68656164 		.ascii	"header\000"
 2647      657200
 2648              	.LASF119:
 2649 0784 6D656D6F 		.ascii	"memory_heap\000"
 2649      72795F68 
 2649      65617000 
 2650              		.section	.gnu.debuglto_.debug_line_str,"eMS",%progbits,1
 2651              	.LASF170:
 2652 0000 5F646566 		.ascii	"_default_types.h\000"
 2652      61756C74 
 2652      5F747970 
 2652      65732E68 
 2652      00
 2653              	.LASF167:
 2654 0011 643A5C71 		.ascii	"d:\\qmk_msys\\mingw64\\lib\\gcc\\arm-none-eabi\\12."
 2654      6D6B5F6D 
 2654      7379735C 
 2654      6D696E67 
 2654      7736345C 
 2655 003e 322E305C 		.ascii	"2.0\\include\000"
 2655      696E636C 
 2655      75646500 
 2656              	.LASF184:
 2657 004a 63686D65 		.ascii	"chmemcore.h\000"
 2657      6D636F72 
 2657      652E6800 
 2658              	.LASF185:
 2659 0056 63686D65 		.ascii	"chmemheaps.h\000"
 2659      6D686561 
 2659      70732E68 
 2659      00
 2660              	.LASF179:
 2661 0063 6D645F74 		.ascii	"md_timer.h\000"
 2661      696D6572 
 2661      2E6800
 2662              	.LASF180:
 2663 006e 6368636F 		.ascii	"chcore.h\000"
 2663      72652E68 
 2663      00
 2664              	.LASF160:
 2665 0077 443A5C30 		.ascii	"D:\\00a_liuhy\\temp126\\ChibiOS/os/common/ports/ARM"
 2665      30615F6C 
ARM GAS  C:\Users\PUBLIC~1.LAP\AppData\Local\Temp\ccWUeqHQ.s 			page 54


 2665      69756879 
 2665      5C74656D 
 2665      70313236 
 2666 00a7 2D636F6D 		.ascii	"-common\000"
 2666      6D6F6E00 
 2667              	.LASF164:
 2668 00af 443A5C30 		.ascii	"D:\\00a_liuhy\\temp126\\ChibiOS/os/rt/include\000"
 2668      30615F6C 
 2668      69756879 
 2668      5C74656D 
 2668      70313236 
 2669              	.LASF181:
 2670 00da 63687365 		.ascii	"chsem.h\000"
 2670      6D2E6800 
 2671              	.LASF166:
 2672 00e2 643A5C71 		.ascii	"d:\\qmk_msys\\mingw64\\arm-none-eabi\\include\\sys\000"
 2672      6D6B5F6D 
 2672      7379735C 
 2672      6D696E67 
 2672      7736345C 
 2673              	.LASF163:
 2674 0110 443A5C30 		.ascii	"D:\\00a_liuhy\\temp126\\ChibiOS/os/oslib/src\000"
 2674      30615F6C 
 2674      69756879 
 2674      5C74656D 
 2674      70313236 
 2675              	.LASF182:
 2676 013a 63686D74 		.ascii	"chmtx.h\000"
 2676      782E6800 
 2677              	.LASF165:
 2678 0142 643A5C71 		.ascii	"d:\\qmk_msys\\mingw64\\arm-none-eabi\\include\\mach"
 2678      6D6B5F6D 
 2678      7379735C 
 2678      6D696E67 
 2678      7736345C 
 2679 0170 696E6500 		.ascii	"ine\000"
 2680              	.LASF177:
 2681 0174 63687469 		.ascii	"chtime.h\000"
 2681      6D652E68 
 2681      00
 2682              	.LASF186:
 2683 017d 63686D65 		.ascii	"chmemheaps.c\000"
 2683      6D686561 
 2683      70732E63 
 2683      00
 2684              	.LASF172:
 2685 018a 63687479 		.ascii	"chtypes.h\000"
 2685      7065732E 
 2685      6800
 2686              	.LASF171:
 2687 0194 5F737464 		.ascii	"_stdint.h\000"
 2687      696E742E 
 2687      6800
 2688              	.LASF183:
 2689 019e 63686D65 		.ascii	"chmemchecks.h\000"
 2689      6D636865 
 2689      636B732E 
ARM GAS  C:\Users\PUBLIC~1.LAP\AppData\Local\Temp\ccWUeqHQ.s 			page 55


 2689      6800
 2690              	.LASF162:
 2691 01ac 443A5C30 		.ascii	"D:\\00a_liuhy\\temp126\\ChibiOS/os/oslib/include\000"
 2691      30615F6C 
 2691      69756879 
 2691      5C74656D 
 2691      70313236 
 2692              	.LASF178:
 2693 01da 63686C69 		.ascii	"chlists.h\000"
 2693      7374732E 
 2693      6800
 2694              	.LASF161:
 2695 01e4 443A5C30 		.ascii	"D:\\00a_liuhy\\temp126\\ChibiOS/os/common/ports/ARM"
 2695      30615F6C 
 2695      69756879 
 2695      5C74656D 
 2695      70313236 
 2696 0214 76362D4D 		.ascii	"v6-M\000"
 2696      00
 2697              	.LASF174:
 2698 0219 63686F62 		.ascii	"chobjects.h\000"
 2698      6A656374 
 2698      732E6800 
 2699              	.LASF169:
 2700 0225 73746464 		.ascii	"stddef.h\000"
 2700      65662E68 
 2700      00
 2701              	.LASF175:
 2702 022e 63687266 		.ascii	"chrfcu.h\000"
 2702      63752E68 
 2702      00
 2703              	.LASF168:
 2704 0237 443A5C30 		.ascii	"D:\\00a_liuhy\\temp126\\ChibiOS/os/oslib/src/chmemh"
 2704      30615F6C 
 2704      69756879 
 2704      5C74656D 
 2704      70313236 
 2705 0267 65617073 		.ascii	"eaps.c\000"
 2705      2E6300
 2706              	.LASF158:
 2707 026e 443A5C30 		.ascii	"D:\\00a_liuhy\\temp126\\ChibiOS-Contrib\\demos\\ES3"
 2707      30615F6C 
 2707      69756879 
 2707      5C74656D 
 2707      70313236 
 2708 029c 325C4653 		.ascii	"2\\FS026\000"
 2708      30323600 
 2709              	.LASF173:
 2710 02a4 63686561 		.ascii	"chearly.h\000"
 2710      726C792E 
 2710      6800
 2711              	.LASF176:
 2712 02ae 63686465 		.ascii	"chdebug.h\000"
 2712      6275672E 
 2712      6800
 2713              	.LASF159:
 2714 02b8 443A5C30 		.ascii	"D:\\00a_liuhy\\temp126\\ChibiOS-Contrib/os/common/e"
ARM GAS  C:\Users\PUBLIC~1.LAP\AppData\Local\Temp\ccWUeqHQ.s 			page 56


 2714      30615F6C 
 2714      69756879 
 2714      5C74656D 
 2714      70313236 
 2715 02e8 78742F43 		.ascii	"xt/CMSIS/ES32/FS026/md\000"
 2715      4D534953 
 2715      2F455333 
 2715      322F4653 
 2715      3032362F 
 2716              		.text
 2717              		.section	.gnu.lto_.profile.840c8551,"e",%progbits
 2718 0000 28B52FFD 		.ascii	"(\265/\375 \010A\000\000\004\000\000\000\000\001\005"
 2718      20084100 
 2718      00040000 
 2718      00000105 
 2719 0010 00       		.ascii	"\000"
 2720              		.text
 2721              		.section	.gnu.lto_.icf.840c8551,"e",%progbits
 2722 0000 28B52FFD 		.ascii	"(\265/\375` \000\325\003\000T\005\024\001\000\010\000"
 2722      602000D5 
 2722      03005405 
 2722      14010008 
 2722      00
 2723 0011 EADCA1EA 		.ascii	"\352\334\241\352\004\004\002\000\002\001\002\002\002"
 2723      04040200 
 2723      02010202 
 2723      02
 2724 001e 01019E8B 		.ascii	"\001\001\236\213\334\301\005\006\002\003\002\004\002"
 2724      DCC10506 
 2724      02030204 
 2724      02
 2725 002b 05A0E29C 		.ascii	"\005\240\342\234\212\012\004\246\357\317\310\003\016"
 2725      8A0A04A6 
 2725      EFCFC803 
 2725      0E
 2726 0038 02030206 		.ascii	"\002\003\002\006\002\005\007\000\002\006\002\002\002"
 2726      02050700 
 2726      02060202 
 2726      02
 2727 0045 0605EF9F 		.ascii	"\006\005\357\237\243K$\006\312\201\310\352\003\007\336"
 2727      A34B2406 
 2727      CA81C8EA 
 2727      0307DE
 2728 0054 89D48A0F 		.ascii	"\211\324\212\017\010\010\010\264\216\230\304\012\000"
 2728      080808B4 
 2728      8E98C40A 
 2728      00
 2729 0061 0E007C14 		.ascii	"\016\000|\024\230\233P\371\270R(\006\006\230\024dmM"
 2729      989B50F9 
 2729      B8522806 
 2729      06981464 
 2729      6D4D
 2730 0073 08830501 		.ascii	"\010\203\005\001\007\310\251?\227\031\220m\273\234\013"
 2730      07C8A93F 
 2730      9719906D 
 2730      BB9C0B
 2731 0082 E006     		.ascii	"\340\006"
ARM GAS  C:\Users\PUBLIC~1.LAP\AppData\Local\Temp\ccWUeqHQ.s 			page 57


 2732              		.text
 2733              		.section	.gnu.lto_.ipa_sra.840c8551,"e",%progbits
 2734 0000 28B52FFD 		.ascii	"(\265/\375 \227\265\002\000d\003\213\000\007\000\003"
 2734      2097B502 
 2734      0064038B 
 2734      00070003 
 2735 0010 02020902 		.ascii	"\002\002\011\002\000\000\004\001\002\012\002\002\004"
 2735      00000401 
 2735      020A0202 
 2735      04
 2736 001d 04010000 		.ascii	"\004\001\000\000\004\000\003\001\000\004\003\001\001"
 2736      04000301 
 2736      00040301 
 2736      01
 2737 002a 01000000 		.ascii	"\001\000\000\000\001\005\003\000\000\006\001\007\010"
 2737      01050300 
 2737      00060107 
 2737      08
 2738 0037 03000103 		.ascii	"\003\000\001\003\001\000\001\000\000\000\015\000?Y\203"
 2738      01000100 
 2738      00000D00 
 2738      3F5983
 2739 0046 6A5C9460 		.ascii	"j\\\224`\340X\253\263\300RS\303\305y\014B\250I8w\007"
 2739      E058ABB3 
 2739      C05253C3 
 2739      C5790C42 
 2739      A8493877 
 2740 005b 90DB06B0 		.ascii	"\220\333\006\260"
 2741              		.text
 2742              		.section	.gnu.lto_.inline.840c8551,"e",%progbits
 2743 0000 28B52FFD 		.ascii	"(\265/\375`(\002\015\016\000V\227L> q\222t9\010Q\203"
 2743      6028020D 
 2743      0E005697 
 2743      4C3E2071 
 2743      92743908 
 2744 0016 0F5C8E01 		.ascii	"\017\\\216\001<\021\361\027\034\355\014CA\202\200\263"
 2744      3C11F117 
 2744      1CED0C43 
 2744      418280B3 
 2745 0026 D5E18A79 		.ascii	"\325\341\212y+;\001@\317\000P\367\377;3 #M\224\"p\000"
 2745      2B3B0140 
 2745      CF0050F7 
 2745      FF3B3320 
 2745      234D9422 
 2746 003c FA744462 		.ascii	"\372tDbA\273\206\314~K,\261d\313\235\0022\000;\000A"
 2746      41BB86CC 
 2746      7E4B2CB1 
 2746      64CB9D02 
 2746      32003B00 
 2747 0051 00EB8FA7 		.ascii	"\000\353\217\247\256\015La\264y\352\355\011\361\266"
 2747      AE0D4C61 
 2747      B479EAED 
 2747      09F1B6
 2748 0060 7541EE5E 		.ascii	"uA\356^\252\231\231\354%d\346\204\327\374\233\336\375"
 2748      AA9999EC 
 2748      2564E684 
 2748      D7FC9BDE 
ARM GAS  C:\Users\PUBLIC~1.LAP\AppData\Local\Temp\ccWUeqHQ.s 			page 58


 2748      FD
 2749 0071 9A5EF7C0 		.ascii	"\232^\367\3009zgz\257O\24422\023\300cF\002\001\036\366"
 2749      397A677A 
 2749      AF4FA432 
 2749      3213C063 
 2749      4602011E 
 2750 0086 9DDE58D1 		.ascii	"\235\336X\321\301\343\340\002\365z\021\030+\204\016"
 2750      C1E3E002 
 2750      F57A1118 
 2750      2B840E
 2751 0095 BEA8A112 		.ascii	"\276\250\241\022c\024_\226\252C\212\262\246\220i>\244"
 2751      63145F96 
 2751      AA438AB2 
 2751      A690693E 
 2751      A4
 2752 00a6 1E3233B3 		.ascii	"\03623\263~\326\273\243w\210\222\231\002^\177\377\030"
 2752      7ED6BBA3 
 2752      77889299 
 2752      025E7FFF 
 2752      18
 2753 00b7 6088CCE4 		.ascii	"`\210\314\344\370\020\014\322\254u\344\376N\216}\234"
 2753      F8100CD2 
 2753      AC75E4FE 
 2753      4E8E7D9C 
 2754 00c7 CE686192 		.ascii	"\316ha\2222`\314\205\365\324\256\224lH\021=\007?6\322"
 2754      3260CC85 
 2754      F5D4AE94 
 2754      6C48113D 
 2754      073F36D2 
 2755 00db 44017E5F 		.ascii	"D\001~_\247$4X\240p`\366K\325R\205\177\000\214\307T"
 2755      A7243458 
 2755      A07060F6 
 2755      4BD55285 
 2755      7F008CC7 
 2756 00f0 5B4E7CA0 		.ascii	"[N|\240\001\035-\202\031DTHY\267\251\025/U\367o\360"
 2756      011D2D82 
 2756      19445448 
 2756      59B7A915 
 2756      2F55F76F 
 2757 0105 A0CB9AF0 		.ascii	"\240\313\232\360\363\371\264\260\347\224\005\203\013"
 2757      F3F9B4B0 
 2757      E7940583 
 2757      0B
 2758 0112 151F7872 		.ascii	"\025\037xr\005\001\203\204\245\300-\272Qtt\331n[`\342"
 2758      05018384 
 2758      A5C02DBA 
 2758      517474D9 
 2758      6E5B60E2 
 2759 0126 6EB7A99E 		.ascii	"n\267\251\236\225\022\016x\202\325\000Y\220\250\224"
 2759      95120E78 
 2759      82D50059 
 2759      90A894
 2760 0135 8032AD77 		.ascii	"\2002\255w7\342ZG\372 A\250!\245a\324\024I$\2630-\264"
 2760      37E25A47 
 2760      FA2041A8 
 2760      21A561D4 
 2760      144924B3 
ARM GAS  C:\Users\PUBLIC~1.LAP\AppData\Local\Temp\ccWUeqHQ.s 			page 59


 2761 014c 0680A232 		.ascii	"\006\200\2422d\347\001\020`TB5m\342\205*\224\311\313"
 2761      64E70110 
 2761      60544235 
 2761      6DE2852A 
 2761      94C9CB
 2762 015f DE0AB695 		.ascii	"\336\012\266\225\334t>\217\212\035\034\272\377\2167"
 2762      DC743E8F 
 2762      8A1D1CBA 
 2762      FF8E37
 2763 016e FC46E5DF 		.ascii	"\374F\345\337:\217zA)\200\243\261\204T\002m\247\315"
 2763      3A8F7A41 
 2763      2980A3B1 
 2763      8454026D 
 2763      A7CD
 2764 0180 5F762352 		.ascii	"_v#R\347\217\030\272\202c\215\246\311\223\014\335\215"
 2764      E78F18BA 
 2764      82638DA6 
 2764      C9930CDD 
 2764      8D
 2765 0191 45977C95 		.ascii	"E\227|\225/:+g\240\205\305\262KA\340:o\245&\214\323"
 2765      2F3A2B67 
 2765      A085C5B2 
 2765      4B41E03A 
 2765      6FA5268C 
 2766 01a6 E2C1F911 		.ascii	"\342\301\371\021#~wMc\312Pa\033\342\205\322\371\352"
 2766      237E774D 
 2766      63CA5061 
 2766      1BE285D2 
 2766      F9EA
 2767 01b8 41F80EFF 		.ascii	"A\370\016\377\0122\271L\306\302\352F3\247\012,\212."
 2767      0A32B94C 
 2767      C6C2EA46 
 2767      33A70A2C 
 2767      8A2E
 2768 01ca 09       		.ascii	"\011"
 2769              		.text
 2770              		.section	.gnu.lto_.jmpfuncs.840c8551,"e",%progbits
 2771 0000 28B52FFD 		.ascii	"(\265/\375`h\001e\006\000\362\211\037'\200)I\007\030"
 2771      60680165 
 2771      0600F289 
 2771      1F278029 
 2771      490718
 2772 0013 22A49530 		.ascii	"\"\244\2250\242h\036\006+\003\330U`\241\240\362\357"
 2772      A2681E06 
 2772      2B03D855 
 2772      60A1A0F2 
 2772      EF
 2773 0024 4318A27C 		.ascii	"C\030\242|\314\015\217\277E\303\223\264mI\223I\006$"
 2773      CC0D8FBF 
 2773      45C393B4 
 2773      6D499349 
 2773      0624
 2774 0036 1B5508D5 		.ascii	"\033U\010\325\020\222\324\216\257\001#\272'\276\242"
 2774      1092D48E 
 2774      AF0123BA 
 2774      27BEA2
 2775 0045 E5705254 		.ascii	"\345pRT\243\032PK\213#\207@M\265\244V\265\263\304Gl"
ARM GAS  C:\Users\PUBLIC~1.LAP\AppData\Local\Temp\ccWUeqHQ.s 			page 60


 2775      A31A504B 
 2775      8B238740 
 2775      4DB5A456 
 2775      B5B3C447 
 2776 005a 70D01F18 		.ascii	"p\320\037\030\002}\022\201IP^\352\227\352\312\335U|"
 2776      027D1281 
 2776      49505EEA 
 2776      97EACADD 
 2776      557C
 2777 006c 1A7E9A79 		.ascii	"\032~\232yC\3751R\271C\3755H/\271\3000\220\340(y\252"
 2777      43FD3152 
 2777      B943FD35 
 2777      482FB9C0 
 2777      3090E028 
 2778 0082 01D42E0B 		.ascii	"\001\324.\013\376\203\010\253\020# \340\"\241\344\006"
 2778      FE8308AB 
 2778      102320E0 
 2778      22A1E406 
 2779 0092 154A7CDD 		.ascii	"\025J|\335`qH\035\254\257\001\313+\210\204\217\024!"
 2779      6071481D 
 2779      ACAF01CB 
 2779      2B88848F 
 2779      1421
 2780 00a4 DBED71E0 		.ascii	"\333\355q\340\321nh\007Xp\357\261f|\323\302\0348\342"
 2780      D16E6807 
 2780      5870EFB1 
 2780      667CD3C2 
 2780      1C38E2
 2781 00b7 025A6530 		.ascii	"\002Ze0l\322\022\001\265*0\213\013\356\252B\2706\217"
 2781      6CD21201 
 2781      B52A308B 
 2781      0BEEAA42 
 2781      B8368F
 2782 00ca F41797ED 		.ascii	"\364\027\227\355R\264nF\222_\201\207"
 2782      52B46E46 
 2782      925F8187 
 2783              		.text
 2784              		.section	.gnu.lto_.pureconst.840c8551,"e",%progbits
 2785 0000 28B52FFD 		.ascii	"(\265/\375 \032\321\000\000\026\000\000\000\007\000"
 2785      201AD100 
 2785      00160000 
 2785      000700
 2786 000f 85040198 		.ascii	"\205\004\001\230\004\004\232\004\005\232\004\006\232"
 2786      04049A04 
 2786      059A0406 
 2786      9A
 2787 001c 04079A04 		.ascii	"\004\007\232\004\010\271\004"
 2787      08B904
 2788              		.text
 2789              		.section	.gnu.lto_.ipa_modref.840c8551,"e",%progbits
 2790 0000 28B52FFD 		.ascii	"(\265/\375`\034\000\255\004\000R\207\024\034\260%\351"
 2790      601C00AD 
 2790      04005287 
 2790      141CB025 
 2790      E9
 2791 0011 0CE0B0E8 		.ascii	"\014\340\260\350@\302(,I\222\204\351\262\015\026QD\254"
 2791      40C2282C 
ARM GAS  C:\Users\PUBLIC~1.LAP\AppData\Local\Temp\ccWUeqHQ.s 			page 61


 2791      499284E9 
 2791      B20D1651 
 2791      44AC
 2792 0023 B5DBB6D6 		.ascii	"\265\333\266\326\222L\001\256\006vk\236\206\022\224"
 2792      924C01AE 
 2792      06766B9E 
 2792      861294
 2793 0032 B0A0ABEA 		.ascii	"\260\240\253\3520'`\335L>\334\262\305\251\034\263aO"
 2793      302760DD 
 2793      4C3EDCB2 
 2793      C5A91CB3 
 2793      614F
 2794 0044 8950900D 		.ascii	"\211P\220\015\223\327Pv\310\233\274\252\032\\\245s\012"
 2794      93D75076 
 2794      C89BBCAA 
 2794      1A5CA573 
 2794      0A
 2795 0055 DEC253E9 		.ascii	"\336\302S\351\3209N!9B\033\000L\020\240q\301\315\320"
 2795      D0394E21 
 2795      39421B00 
 2795      4C10A071 
 2795      C1CDD0
 2796 0068 A42EA89A 		.ascii	"\244.\250\232\201C\252WK\331\031\262\246w\2653Hj\000"
 2796      8143AA57 
 2796      4BD919B2 
 2796      A677B533 
 2796      486A00
 2797 007b 0D967632 		.ascii	"\015\226v2P\360X\036\200\210\030/\304m]\234\0042poW"
 2797      50F0581E 
 2797      8088182F 
 2797      C46D5D9C 
 2797      0432706F 
 2798 0090 C5388FD5 		.ascii	"\3058\217\325\264sU.\250\314\325\322\262\006\334"
 2798      B473552E 
 2798      A8CCD5D2 
 2798      B206DC
 2799              		.text
 2800              		.section	.gnu.lto_.lto.840c8551,"e",%progbits
 2801 0000 0C000000 		.ascii	"\014\000\000\000\001\000\001\000"
 2801      01000100 
 2802              		.text
 2803              		.section	.gnu.lto_chMemIsSpaceWithinX.2863.840c8551,"e",%progbits
 2804 0000 28B52FFD 		.ascii	"(\265/\375`\371\002-\026\000\246)\223K\300\360*\035"
 2804      60F9022D 
 2804      1600A629 
 2804      934BC0F0 
 2804      2A1D
 2805 0012 AC897FE6 		.ascii	"\254\211\177\346?\345\271\335\034\304\232\357\220s3"
 2805      3FE5B9DD 
 2805      1CC49AEF 
 2805      907333
 2806 0021 44BF0ECE 		.ascii	"D\277\016\316\370\2538\000\310\315u\224/\037k\261\242"
 2806      F8AB3800 
 2806      C8CD7594 
 2806      2F1F6BB1 
 2806      A2
 2807 0032 B571F783 		.ascii	"\265q\367\203\033E\363J\035<\216t\230\020\031\202\340"
ARM GAS  C:\Users\PUBLIC~1.LAP\AppData\Local\Temp\ccWUeqHQ.s 			page 62


 2807      1B45F34A 
 2807      1D3C8E74 
 2807      98101982 
 2807      E0
 2808 0043 6F8E2983 		.ascii	"o\216)\203\235\370\367.\217\354\353r~[g\214\020\262"
 2808      9DF8F72E 
 2808      8FECEB72 
 2808      7E5B678C 
 2808      10B2
 2809 0055 B7DC4906 		.ascii	"\267\334I\006~\000{\000y\000\024\216\203\332@cG\313"
 2809      7E007B00 
 2809      7900148E 
 2809      83DA4063 
 2809      47CB
 2810 0067 03AB7FF8 		.ascii	"\003\253\177\370\306qP\034tK9\036\220\267$\032X\224"
 2810      C671501C 
 2810      744B391E 
 2810      90B7241A 
 2810      5894
 2811 0079 321FC553 		.ascii	"2\037\305S\320\334g\206=\356\375irq\357i\302\013\310"
 2811      D0DC6786 
 2811      3DEEFD69 
 2811      7271EF69 
 2811      C20BC8
 2812 008c DBD447C4 		.ascii	"\333\324G\304\333z\021\361\226\231Y\005\001\015\327"
 2812      DB7A11F1 
 2812      96995905 
 2812      010DD7
 2813 009b 0CB0196D 		.ascii	"\014\260\031m\202\230\202:\356=U\375\3415\027mmZ\303"
 2813      8298823A 
 2813      EE3D55FD 
 2813      E135176D 
 2813      6D5AC3
 2814 00ae 1F596A0F 		.ascii	"\037Yj\017\010\244\236\017w1\347\226G\353\311\267\243"
 2814      08A49E0F 
 2814      7731E796 
 2814      47EBC9B7 
 2814      A3
 2815 00bf 0DC06753 		.ascii	"\015\300gSS\367\336\023\235Z\360\351(\035Y\356\275L"
 2815      53F7DE13 
 2815      9D5AF0E9 
 2815      281D59EE 
 2815      BD4C
 2816 00d1 7B3E0CE7 		.ascii	"{>\014\347\361\314\\cf\031\346\356=\022\002(G\205|\""
 2816      F1CC5C63 
 2816      6619E6EE 
 2816      3D120228 
 2816      47857C22 
 2817 00e5 A5A44B97 		.ascii	"\245\244K\227\230O\034m\036\346\327\333?f\246\014\362"
 2817      984F1C6D 
 2817      1EE6D7DB 
 2817      3F66A60C 
 2817      F2
 2818 00f6 F37C3AD0 		.ascii	"\363|:\320\377q\237\337\203\244<\376\347\027\037<\333"
 2818      FF719FDF 
 2818      83A43CFE 
 2818      E7171F3C 
ARM GAS  C:\Users\PUBLIC~1.LAP\AppData\Local\Temp\ccWUeqHQ.s 			page 63


 2818      DB
 2819 0107 0F9DEB48 		.ascii	"\017\235\353H\271G\312T\244\374\020\217_\007\034\004"
 2819      B947CA54 
 2819      A4FC108F 
 2819      5F071C04 
 2820 0117 90EEBD30 		.ascii	"\220\356\2750d\2723\354\013\022?\377\340?\364f\246\341"
 2820      64BA33EC 
 2820      0B123FFF 
 2820      E03FF466 
 2820      A6E1
 2821 0129 071D7815 		.ascii	"\007\035x\025'\342\023\311\211!&\011\300`S\204\026B"
 2821      27E213C9 
 2821      89212609 
 2821      C0605384 
 2821      1642
 2822 013b B7D42EC0 		.ascii	"\267\324.\300\275\001\012K\2241X\314\347\215\304\341"
 2822      BD010A4B 
 2822      943158CC 
 2822      E78DC4E1 
 2823 014b A07AC061 		.ascii	"\240z\300a\311-\273H\022\021\254\012\024\027g\373g\221"
 2823      C92DBB48 
 2823      1211AC0A 
 2823      141767FB 
 2823      6791
 2824 015d 7654A95F 		.ascii	"vT\251_\305\256}\341\351\275\027\327\315\303\247\026"
 2824      C5AE7DE1 
 2824      E9BD17D7 
 2824      CDC3A716 
 2825 016d BB4D0065 		.ascii	"\273M\000e\354\250\022\177\344$\025\270E\031N\375\263"
 2825      ECA8127F 
 2825      E42415B8 
 2825      45194EFD 
 2825      B3
 2826 017e 5BECD38D 		.ascii	"[\354\323\215\376\321\335\326\210\247\243\033\212}\241"
 2826      FED1DDD6 
 2826      88A7A31B 
 2826      8A7DA1
 2827 018d B7EC9CA8 		.ascii	"\267\354\234\250\311\366\203O\345\350\022\323\256m\233"
 2827      C9F6834F 
 2827      E5E812D3 
 2827      AE6D9B
 2828 019c 1EF17A50 		.ascii	"\036\361zP\303\341px\021\361M[<\342\351\350\250\220"
 2828      C3E17078 
 2828      11F14D5B 
 2828      3CE2E9E8 
 2828      A890
 2829 01ae 99CBB380 		.ascii	"\231\313\263\200@\276Ml\354\250\375\241\267\354\344"
 2829      40BE4D6C 
 2829      ECA8FDA1 
 2829      B7ECE4
 2830 01bd 78F6A217 		.ascii	"x\366\242\027\362\336\335\212\277\202f\036\2501\342"
 2830      F2DEDD8A 
 2830      BF82661E 
 2830      A831E2
 2831 01cc 963F23DE 		.ascii	"\226?#\336\326\245\315\365r1K\223\214\301\224.fi\216"
 2831      D6A5CDF5 
 2831      72314B93 
ARM GAS  C:\Users\PUBLIC~1.LAP\AppData\Local\Temp\ccWUeqHQ.s 			page 64


 2831      8CC1942E 
 2831      66698E
 2832 01df A5CDF5AA 		.ascii	"\245\315\365\2521\230\262K\231\231\255\326\316+\253"
 2832      3198B24B 
 2832      9999ADD6 
 2832      CE2BAB
 2833 01ee 9594586C 		.ascii	"\225\224Xl\005;\201\235\330j\256R&\240\3462\233e'\266"
 2833      053B819D 
 2833      D86AAE52 
 2833      26A0E632 
 2833      9B6527B6 
 2834 0202 17582983 		.ascii	"\027X)\203\231\245)\203\251\312\330\215\006\203\231"
 2834      99A52983 
 2834      A9CAD88D 
 2834      068399
 2835 0211 A95E339A 		.ascii	"\251^3\232-Fe\213Q9h0{\315d\254\326J%\245f\226\023Z"
 2835      2D46658B 
 2835      51396830 
 2835      7BCD64AC 
 2835      D64A25A5 
 2836 0229 1564B719 		.ascii	"\025d\267\031\315\305\205\202\322J\300@\301y_o\377\230"
 2836      CDC58582 
 2836      D24AC040 
 2836      C1795F6F 
 2836      FF98
 2837 023b DA9287C0 		.ascii	"\332\222\207\300\250\006>v\217\231A:\225\353\034\217"
 2837      A8063E76 
 2837      8F99413A 
 2837      95EB1C8F 
 2838 024b 0DD23FBA 		.ascii	"\015\322?\272\021\346\250\220\024\233G\354\363\0068"
 2838      11E6A890 
 2838      149B47EC 
 2838      F30638
 2839 025a 20D00299 		.ascii	" \320\002\231\271\322\001\202A\342\352\320\355RxR\026"
 2839      B9D20182 
 2839      41E2EAD0 
 2839      ED527852 
 2839      16
 2840 026b 11D8645D 		.ascii	"\021\330d]{5Aa\357Y\300}\027\366r\320Z\250\030\303\033"
 2840      7B354161 
 2840      EF59C07D 
 2840      17F672D0 
 2840      5AA818C3 
 2841 0280 39D645AC 		.ascii	"9\326E\2544\365]\2036\2255`/\314K\030\367-p\231\312"
 2841      34F55D83 
 2841      36953560 
 2841      2FCC4B18 
 2841      F72D7099 
 2842 0295 EB697E7A 		.ascii	"\353i~zW\261\273\234\207<e\307\316\306V773$\204k\330"
 2842      57B1BB9C 
 2842      873C65C7 
 2842      CEC65637 
 2842      37332484 
 2843 02ab 2CD1096C 		.ascii	",\321\011l\246\313dl.\035\343Q\336\007\"\026~\030\301"
 2843      A6CB646C 
 2843      2E1DE351 
 2843      DE072216 
ARM GAS  C:\Users\PUBLIC~1.LAP\AppData\Local\Temp\ccWUeqHQ.s 			page 65


 2843      7E18C1
 2844 02be 0DAA27E1 		.ascii	"\015\252'\341{\230\017\231\\8\353\\\301\275\355Zz"
 2844      7B980F99 
 2844      5C38EB5C 
 2844      C1BDED5A 
 2844      7A
 2845              		.text
 2846              		.section	.gnu.lto___heap_init.2949.840c8551,"e",%progbits
 2847 0000 28B52FFD 		.ascii	"(\265/\375`,\0015\014\000\304\023\304\001\000\0009\000"
 2847      602C0135 
 2847      0C00C413 
 2847      C4010000 
 2847      3900
 2848 0012 00002300 		.ascii	"\000\000#\000\000\000\001\003\000\001\222\221\212\002"
 2848      00000103 
 2848      00019291 
 2848      8A02
 2849 0020 00808080 		.ascii	"\000\200\200\200@\007\002\001\201\221\212\011\001\267"
 2849      40070201 
 2849      81918A09 
 2849      01B7
 2850 002e 0101007F 		.ascii	"\001\001\000\177\002\001\177\001\246\003/\200\200\200"
 2850      02017F01 
 2850      A6032F80 
 2850      8080
 2851 003c F8C4EFE1 		.ascii	"\370\304\357\341\200P\300\001\352\000\000\177\000\013"
 2851      8050C001 
 2851      EA00007F 
 2851      000B
 2852 004a 01000000 		.ascii	"\001\000\000\000\257\322\005\340\200\374\377\217\200"
 2852      AFD205E0 
 2852      80FCFF8F 
 2852      80
 2853 0057 80C5E301 		.ascii	"\200\305\343\001\372#\007\000\000\243\003\200\004\001"
 2853      FA230700 
 2853      00A30380 
 2853      0401
 2854 0065 0000A403 		.ascii	"\000\000\244\003\002\201\300\000\000\372\002\200\342"
 2854      0281C000 
 2854      00FA0280 
 2854      E2
 2855 0072 D3C70100 		.ascii	"\323\307\001\000\376\002\202\226\212\315\003\005\001"
 2855      FE028296 
 2855      8ACD0305 
 2855      01
 2856 007f 067D0100 		.ascii	"\006}\001\000\005\001\212\001\002}{\000\005\001\254"
 2856      05018A01 
 2856      027D7B00 
 2856      0501AC
 2857 008e 010079BA 		.ascii	"\001\000y\272\001\271\001\0006\200\200\200\350\017w"
 2857      01B90100 
 2857      36808080 
 2857      E80F77
 2858 009d BB017500 		.ascii	"\273\001u\000\000\212\001\202\200\200\350\035sq\325"
 2858      008A0182 
 2858      8080E81D 
 2858      7371D5
ARM GAS  C:\Users\PUBLIC~1.LAP\AppData\Local\Temp\ccWUeqHQ.s 			page 66


 2859 00ac C7010080 		.ascii	"\307\001\000\200\003\204 \000\212\001\002om\000\277"
 2859      03842000 
 2859      8A01026F 
 2859      6D00BF
 2860 00bb 0501246B 		.ascii	"\005\001$k\300\001i\001g\301\001\270\001\002\015\326"
 2860      C0016901 
 2860      67C101B8 
 2860      01020DD6 
 2861 00cb 07F4E826 		.ascii	"\007\364\350&\303\001c\304\001a\010_\305\001]\000\010"
 2861      C30163C4 
 2861      0161085F 
 2861      C5015D00 
 2861      08
 2862 00dc 5BC60159 		.ascii	"[\306\001Y\000\000\006[\001\000\330\250'\311\312\313"
 2862      0000065B 
 2862      0100D8A8 
 2862      27C9CACB 
 2863 00ec 57CC0155 		.ascii	"W\314\001U\000\000\006W\334\007SQ\320\250$O\321\001"
 2863      00000657 
 2863      DC075351 
 2863      D0A8244F 
 2863      D101
 2864 00fe 4D4BD21B 		.ascii	"MK\322\033\000\202\003\202\340\365G\243\003\200\004"
 2864      00820382 
 2864      E0F547A3 
 2864      038004
 2865 010d 0180C037 		.ascii	"\001\200\3007D:\\00a_liuhy\\temp126\\ChibiOS/os/osl"
 2865      443A5C30 
 2865      30615F6C 
 2865      69756879 
 2865      5C74656D 
 2866 0134 69622F73 		.ascii	"ib/src/chmemheaps.c\000  \360\002\031\011\262\003s\241"
 2866      72632F63 
 2866      686D656D 
 2866      68656170 
 2866      732E6300 
 2867 0152 9133F0E7 		.ascii	"\2213\360\347\343,V\212\355\006a\256\202e^0\234p\334"
 2867      E32C568A 
 2867      ED0661AE 
 2867      82655E30 
 2867      9C70DC
 2868 0165 1243E6A0 		.ascii	"\022C\346\240\315L\002N\261\302\341a\010\3402\012c\330"
 2868      CD4C024E 
 2868      B1C2E161 
 2868      08E0320A 
 2868      63D8
 2869 0177 B0E0901E 		.ascii	"\260\340\220\036\036j\261\001\275\006\002\217h\206s"
 2869      1E6AB101 
 2869      BD06028F 
 2869      688673
 2870 0186 5518CF43 		.ascii	"U\030\317C\210\310\261h\017\031"
 2870      88C8B168 
 2870      0F19
 2871              		.text
 2872              		.section	.gnu.lto_chHeapObjectInit.2950.840c8551,"e",%progbits
 2873 0000 28B52FFD 		.ascii	"(\265/\375`\216\003\315\027\000\206)\224L\260\324Q:"
 2873      608E03CD 
ARM GAS  C:\Users\PUBLIC~1.LAP\AppData\Local\Temp\ccWUeqHQ.s 			page 67


 2873      17008629 
 2873      944CB0D4 
 2873      513A
 2874 0012 79D85DF0 		.ascii	"y\330]\360;!h&\213$\0144*\007\037\005\371\307y\350\214"
 2874      3B216826 
 2874      8B240C34 
 2874      2A071F05 
 2874      F9C779E8 
 2875 0027 51803131 		.ascii	"Q\20011\026\327\264h\342A&\333~\343\\\005^\004\220\207"
 2875      16D7B468 
 2875      E24126DB 
 2875      7EE35C05 
 2875      5E049087 
 2876 003b 2D05B50D 		.ascii	"-\005\265\015\272?|l\361\331\366\331+y(\237\030b\313"
 2876      BA3F7C6C 
 2876      F1D9F6D9 
 2876      2B79289F 
 2876      1862CB
 2877 004e EF245EDB 		.ascii	"\357$^\333\377%\237l\"w\222\001y\000t\000\206\000R\326"
 2877      FF259F6C 
 2877      22779201 
 2877      79007400 
 2877      860052D6 
 2878 0062 C9E8E9CF 		.ascii	"\311\350\351\317\374'\361k\366dcNw\314\036\0172!\021"
 2878      FC27F16B 
 2878      F664634E 
 2878      77CC1E0F 
 2878      322111
 2879 0075 84D5BD69 		.ascii	"\204\325\275i\202[\246`\3362\317\224l=<\2171,l\025\211"
 2879      825BA660 
 2879      DE32CF94 
 2879      6C3D3C8F 
 2879      312C6C15 
 2880 008a AB80C098 		.ascii	"\253\200\300\230\2673#\333+\363U|\305\357G<\334\272"
 2880      B73323DB 
 2880      2BF3557C 
 2880      C5EF473C 
 2880      DCBA
 2881 009c 1789A9E9 		.ascii	"\027\211\251\351\336\024\205[\314\333\223\233\224\267"
 2881      DE14855B 
 2881      CCDB939B 
 2881      94B7
 2882 00aa E40194B7 		.ascii	"\344\001\224\267\374c\376\361\024\302-\306\360\031r"
 2882      FC63FEF1 
 2882      14C22DC6 
 2882      F01972
 2883 00b9 EFA5B588 		.ascii	"\357\245\265\210\377^\177\374'\275%\004\352ye\331\356"
 2883      FF5E7FFC 
 2883      27BD2504 
 2883      EA7965D9 
 2883      EE
 2884 00ca BD5C8540 		.ascii	"\275\\\205@\037\316}f6\300\3147\346>\022A\024\256\246"
 2884      1FCE7D66 
 2884      36C0CC37 
 2884      E63E1241 
 2884      14AEA6
 2885 00dd 62812FA5 		.ascii	"b\201/\2450\373\351O\320Z\204\273\315\256P\262\343\361"
ARM GAS  C:\Users\PUBLIC~1.LAP\AppData\Local\Temp\ccWUeqHQ.s 			page 68


 2885      30FBE94F 
 2885      D05A84BB 
 2885      CDAE50B2 
 2885      E3F1
 2886 00ef 38A476F7 		.ascii	"8\244v\367\177\204\316Q\345\273\366\203C\300jdV\277"
 2886      7F84CE51 
 2886      E5BBF683 
 2886      43C06A64 
 2886      56BF
 2887 0101 2DF1C788 		.ascii	"-\361\307\210V#\177\351D\361\326\"\314iO\355\020\314"
 2887      56237FE9 
 2887      44F1D622 
 2887      CC694FED 
 2887      10CC
 2888 0113 276F1331 		.ascii	"'o\0231\263*\227\330\3122[\231\304V\216\331\3120[\371"
 2888      B32A97D8 
 2888      CA325B99 
 2888      C4568ED9 
 2888      CA305BF9 
 2889 0127 5556767D 		.ascii	"UVv}\370\267\236\236\315#\375\254\037\375\345\207g\322"
 2889      F8B79E9E 
 2889      CD23FDAC 
 2889      1FFDE587 
 2889      67D2
 2890 0139 566E5BB9 		.ascii	"Vn[\271\332\312\017\360 \242\026\034\020(\335\333\341"
 2890      DACA0FF0 
 2890      20A2161C 
 2890      1028DDDB 
 2890      E1
 2891 014a 68E406C0 		.ascii	"h\344\006\300+\230GM\220\025\305<\307\314l\204P\220"
 2891      2B98474D 
 2891      9015C53C 
 2891      C7CC6C84 
 2891      5090
 2892 015c 58DF386D 		.ascii	"X\3378m\324)a\020\264\032\031\345\260\216uy\0254\002"
 2892      D4296110 
 2892      B41A19E5 
 2892      B08E7579 
 2892      153402
 2893 016f CF926C58 		.ascii	"\317\222lX\367Tp\010hU\244\361\032O9'\014\273S\355\270"
 2893      F7547008 
 2893      6855A4F1 
 2893      1A4F3927 
 2893      0CBB53ED 
 2894 0184 789C2533 		.ascii	"x\234%3\315g\234L2\016\024\011Au0\327\034\306\016\343"
 2894      CD679C4C 
 2894      320E1409 
 2894      417530D7 
 2894      1CC60EE3 
 2895 0198 BE94B3F0 		.ascii	"\276\224\263\360\027\273\333S\021\250\022\212:\257d"
 2895      17BBDB53 
 2895      11A8128A 
 2895      3AAF64
 2896 01a7 BE70173C 		.ascii	"\276p\027<\363\336[\343\023sp`E$n\371<\345\255\011\225"
 2896      F3DE5BE3 
 2896      13737060 
 2896      45246EF9 
ARM GAS  C:\Users\PUBLIC~1.LAP\AppData\Local\Temp\ccWUeqHQ.s 			page 69


 2896      3CE5AD09 
 2897 01bc 101C647F 		.ascii	"\020\034d\177\370\352V\223}b\260D\277\372;~\214\250"
 2897      F8EA5693 
 2897      7D62B044 
 2897      BFFA3B7E 
 2897      8CA8
 2898 01ce D9AE26A1 		.ascii	"\331\256&\241\002=]\315m\330\371\310\012:\267f\226\032"
 2898      023D5DCD 
 2898      6DD8F9C8 
 2898      0A3AB766 
 2898      961A
 2899 01e0 CB8A8D4D 		.ascii	"\313\212\215M\015\2272\353Y\306\245\370z59\035/\307"
 2899      0D9732EB 
 2899      59C6A5F8 
 2899      7A35391D 
 2899      2FC7
 2900 01f2 D3E168B8 		.ascii	"\323\341h\270\034\037\355\266\273\361\341\320|8\264"
 2900      1C1FEDB6 
 2900      BBF1E1D0 
 2900      7C38B4
 2901 0201 1797DD6D 		.ascii	"\027\227\335m\247c SS\260\322\343\3454\310\234:\235"
 2901      A7632053 
 2901      53B0D2E3 
 2901      E534C89C 
 2901      3A9D
 2902 0213 DD0D4D8D 		.ascii	"\335\015M\215\212\212LK\203\005\351=y\233\310\001\220"
 2902      8A8A4C4B 
 2902      8305E93D 
 2902      799BC801 
 2902      90
 2903 0224 14DA280B 		.ascii	"\024\332(\013\250%\315\374\300\245^\310'>}\231\357#"
 2903      A825CDFC 
 2903      C0A55EC8 
 2903      273E7D99 
 2903      EF23
 2904 0236 C3A984CC 		.ascii	"\303\251\204\314\021^|\031P\322\027\006\241Dd\315,\341"
 2904      115E7C19 
 2904      50D21706 
 2904      A14464CD 
 2904      2CE1
 2905 0248 52678F19 		.ascii	"Rg\217\031\363gI\322\262~\320\004\360g\031k\222\256"
 2905      F36749D2 
 2905      B27ED004 
 2905      F067196B 
 2905      92AE
 2906 025a 57C1A14A 		.ascii	"W\301\241J\250Q4\312\224B\246D\204\242\2440M\007\200"
 2906      A85134CA 
 2906      9442A644 
 2906      84A2A430 
 2906      4D0780
 2907 026d 0299A93A 		.ascii	"\002\231\251:\017\021\360L\311L2L\332\016g\031\311W"
 2907      0F11F04C 
 2907      C94C324C 
 2907      DA0E6719 
 2907      C957
 2908 027f C79B893B 		.ascii	"\307\233\211;\265'\217\317\265\256\227%j\344\376\255"
 2908      B5278FCF 
ARM GAS  C:\Users\PUBLIC~1.LAP\AppData\Local\Temp\ccWUeqHQ.s 			page 70


 2908      B5AE9725 
 2908      6AE4FEAD 
 2909 028f 3612946A 		.ascii	"6\022\224j\204\310\2324\333b\313*h\033:\321\210&\337"
 2909      84C89A34 
 2909      DB62CB2A 
 2909      681B3AD1 
 2909      8826DF
 2910 02a2 23B3DAB0 		.ascii	"#\263\332\260v~WZQK\272\263\003:|\242\321\011\203#<"
 2910      767E575A 
 2910      514BBAB3 
 2910      033A7CA2 
 2910      D1098323 
 2911 02b7 33F69E60 		.ascii	"3\366\236``\035{\212F\0333&\221\306\0048\250k\251\210"
 2911      601D7B8A 
 2911      461B3326 
 2911      91C60438 
 2911      A86BA988 
 2912 02cb 3C3A5E4C 		.ascii	"<:^LHt\222>\216\343\024\337\240SC7\221fZ\216\201\374"
 2912      4874923E 
 2912      8EE314DF 
 2912      A0534337 
 2912      91665A8E 
 2913 02e1 B027326E 		.ascii	"\260'2n\006\013\016\217!}ro\005\253NP\371\360\020\004"
 2913      060B0E8F 
 2913      217D726F 
 2913      05AB4E50 
 2913      F9F01004 
 2914 02f5 7F5E3943 		.ascii	"\177^9C\356\337\013\361\227\210\026\264I\003"
 2914      EEDF0BF1 
 2914      978816B4 
 2914      4903
 2915              		.text
 2916              		.section	.gnu.lto_chHeapAllocAligned.2951.840c8551,"e",%progbits
 2917 0000 28B52FFD 		.ascii	"(\265/\375`/\016%E\000\232u\220\03190\246\316p\324\014"
 2917      602F0E25 
 2917      45009A75 
 2917      90193930 
 2917      A6CE70D4 
 2918 0015 4CD70A51 		.ascii	"L\327\012Q~\233\237\341\"wA\303\371\177\214\331\003"
 2918      7E9B9FE1 
 2918      227741C3 
 2918      F97F8CD9 
 2918      03
 2919 0026 8CF074D0 		.ascii	"\214\360t\3209\277\0143\0029pn7\000\273<\300\001\234"
 2919      39BF0C33 
 2919      0239706E 
 2919      3700BB3C 
 2919      C0019C
 2920 0039 3CFFA17D 		.ascii	"<\377\241}\034H\375Z\236\033m\262\223\2242\232\001c"
 2920      1C48FD5A 
 2920      9E1B6DB2 
 2920      9394329A 
 2920      0163
 2921 004b 018A018B 		.ascii	"\001\212\001\213\235\326C\306\3010,\310\034\310\314"
 2921      9DD643C6 
 2921      C1302CC8 
 2921      1CC8CC
ARM GAS  C:\Users\PUBLIC~1.LAP\AppData\Local\Temp\ccWUeqHQ.s 			page 71


 2922 005a C7DCC7FC 		.ascii	"\307\334\307\374\307,\207\325]\316Z\361l2KHS\216j\235"
 2922      C72C87D5 
 2922      5DCE5AF1 
 2922      6C324B48 
 2922      538E6A9D 
 2923 006e 03942486 		.ascii	"\003\224$\206\2118\266lg\371\316&\231\226\002\223\000"
 2923      8938B66C 
 2923      67F9CE26 
 2923      99960293 
 2923      00
 2924 007f BEF98168 		.ascii	"\276\371\201hly\316r\235M\262\221\311\210\216\033tN"
 2924      6C79CE72 
 2924      9D4DB291 
 2924      C9888E1B 
 2924      744E
 2925 0091 0D0F241B 		.ascii	"\015\017$\033{\027n\031\016\373q\034\006\334$\223\213"
 2925      7B176E19 
 2925      0EFB711C 
 2925      06DC2493 
 2925      8B
 2926 00a2 1C2E7974 		.ascii	"\034.yt\230\031\333\375kk\206\311s\203\257\257M\311"
 2926      9819DBFD 
 2926      6B6B86C9 
 2926      7383AFAF 
 2926      4DC9
 2927 00b4 90486981 		.ascii	"\220Hi\201c\273|nH!tS\3178\222*\255+\037\0046\356\031"
 2927      63BB7C6E 
 2927      48217453 
 2927      CF38922A 
 2927      AD2B1F04 
 2928 00cb F36EEC7B 		.ascii	"\363n\354{;(\245Z\347\374\222\270\260\033\3536n\224"
 2928      3B28A55A 
 2928      E7FC92B8 
 2928      B01BEB36 
 2928      6E94
 2929 00dd 5420D9C8 		.ascii	"T \331\310|\216q\363\232\267\205Z\3276\201\362\254+"
 2929      7C8E71F3 
 2929      9AB7855A 
 2929      D73681F2 
 2929      AC2B
 2930 00ef 9F841543 		.ascii	"\237\204\025C\262\221\321p\032\270]\303\224\317D\033"
 2930      B291D170 
 2930      1AB85DC3 
 2930      94CF441B 
 2931 00ff C4C43F4D 		.ascii	"\304\304?M\353\312\347\325d\246\312\306\224\257T6>\313"
 2931      EBCAE7D5 
 2931      64A6CAC6 
 2931      94AF5436 
 2931      3ECB
 2932 0111 56351C67 		.ascii	"V5\034g1\261\256\254\252\250\246\226J\251d\024\024\362"
 2932      31B1AEAC 
 2932      AAA8A696 
 2932      4AA96414 
 2932      14F2
 2933 0123 A81AD337 		.ascii	"\250\032\3237\334\262\020\316r\340f\014\023\014c\245"
 2933      DCB210CE 
 2933      72E0660C 
ARM GAS  C:\Users\PUBLIC~1.LAP\AppData\Local\Temp\ccWUeqHQ.s 			page 72


 2933      130C63A5 
 2934 0133 5454F62A 		.ascii	"TT\366*y\025\302\241c=\272/}\225B\375\3351\344B:/)\030"
 2934      7915C2A1 
 2934      633DBA2F 
 2934      7D9542FD 
 2934      DD31E442 
 2935 014b 1B3D27AC 		.ascii	"\033='\254G\327\245\255\270\220\216\313\220\256z\332"
 2935      47D7A5AD 
 2935      B8908ECB 
 2935      90AE7ADA 
 2936 015b E5311508 		.ascii	"\3451\025\010:I\016\361\354\300\360\324\222\235UXy\034"
 2936      3A490EF1 
 2936      ECC0F0D4 
 2936      929D5558 
 2936      791C
 2937 016d C3B3A3C2 		.ascii	"\303\263\243\302R\351\203;BL\270\220\356.e\"\302\022"
 2937      52E9833B 
 2937      424CB890 
 2937      EE2E6522 
 2937      C212
 2938 017f 8901A774 		.ascii	"\211\001\247t\262\253p\224\001<\273(\014\025\245\016"
 2938      B2AB7094 
 2938      013CBB28 
 2938      0C15A50E 
 2939 018f 1BD0A383 		.ascii	"\033\320\243\203\322H)ztO\372\230fp\223&\357}\200\177"
 2939      D248297A 
 2939      744FFA98 
 2939      66709326 
 2939      EF7D807F 
 2940 01a3 927573AD 		.ascii	"\222us\255\246\315B\272-is]\327d\335\263\215\014\310"
 2940      A6CD42BA 
 2940      2D69735D 
 2940      D764DDB3 
 2940      8D0CC8
 2941 01b6 1FB44839 		.ascii	"\037\264H9\304\263\313\343\224\011?\215\300\210L\224"
 2941      C4B3CBE3 
 2941      94093F8D 
 2941      C0884C94 
 2942 01c6 659D5C7A 		.ascii	"e\235\\z\005%\220\021\003r\033\251\213\353>\216\255"
 2942      05259011 
 2942      03721BA9 
 2942      8BEB3E8E 
 2942      AD
 2943 01d7 EBBA0DAD 		.ascii	"\353\272\015\255\263\343\325\342].\262\273n\273\312"
 2943      B3E3D5E2 
 2943      5D2EB2BB 
 2943      6EBBCA
 2944 01e6 0201D05D 		.ascii	"\002\001\320]\026D#v\226\303J+N&\324&\265\245\005\017"
 2944      16442376 
 2944      96C34A2B 
 2944      4E26D426 
 2944      B5A5050F 
 2945 01fa 7A31B545 		.ascii	"z1\265E\354\027\226e\250:\371]\263\030\315\320m\312"
 2945      EC179665 
 2945      A83AF95D 
 2945      B318CDD0 
 2945      6DCA
ARM GAS  C:\Users\PUBLIC~1.LAP\AppData\Local\Temp\ccWUeqHQ.s 			page 73


 2946 020c 7DDD6540 		.ascii	"}\335e@l\014\335E\343?4\300\330\270\254\207\207\032"
 2946      6C0CDD45 
 2946      E33F34C0 
 2946      D8B8AC87 
 2946      871A
 2947 021e 725DD7E4 		.ascii	"r]\327\344\031\332\304\331\237\226\005\253\204\235\371"
 2947      19DAC4D9 
 2947      9F9605AB 
 2947      849DF9
 2948 022d B82981A3 		.ascii	"\270)\201\243\036v\276\363\374t\004{\324\271\320\363"
 2948      1E76BEF3 
 2948      FC74047B 
 2948      D4B9D0F3 
 2949 023d 4E100A83 		.ascii	"N\020\012\203\363\036\357\030\222w\220z\341\014~\341"
 2949      F31EEF18 
 2949      9277907A 
 2949      E10C7EE1 
 2950 024d 8929AE3F 		.ascii	"\211)\256?-\026\252\037s\246\217\356y[:ZW'C\227\365"
 2950      2D16AA1F 
 2950      73A68FEE 
 2950      795B3A5A 
 2950      57274397 
 2951 0262 F0A0DAB2 		.ascii	"\360\240\332\262\0276\256\215\267f(\033y\015\207Yq\266"
 2951      1736AE8D 
 2951      B766281B 
 2951      790D8759 
 2951      71B6
 2952 0274 E2B69D4C 		.ascii	"\342\266\235LRi\260\014\372\233\332\007\340g(\327\233"
 2952      5269B00C 
 2952      FA9BDA07 
 2952      E06728D7 
 2952      9B
 2953 0285 3679A9F0 		.ascii	"6y\251\360\200\241\244 \006d(;\201\012\327V\334\345"
 2953      80A1A420 
 2953      0664283B 
 2953      810AD756 
 2953      DCE5
 2954 0297 13D28FEE 		.ascii	"\023\322\217\356\262\0036\201b\366Xv\215\275&8\2207"
 2954      B2033681 
 2954      62F65876 
 2954      8DBD2638 
 2954      9037
 2955 02a9 040BF296 		.ascii	"\004\013\362\226\221\275\227\303\006\015b\314\307\033"
 2955      91BD97C3 
 2955      060D62CC 
 2955      C71B
 2956 02b7 C66D98C1 		.ascii	"\306m\230\301x\217\371\302{-T\200\352\245\220\366~\275"
 2956      788FF9C2 
 2956      7B2D5480 
 2956      EAA590F6 
 2956      7EBD
 2957 02c9 D70BD9DB 		.ascii	"\327\013\331\333\205\354\225\220\366FH{!\034{\037\034"
 2957      85EC9590 
 2957      F646487B 
 2957      211C7B1F 
 2957      1C
 2958 02da 7B1DA4BD 		.ascii	"{\035\244\275\015\336\313 \355]\360^\005\357Mp\354E"
ARM GAS  C:\Users\PUBLIC~1.LAP\AppData\Local\Temp\ccWUeqHQ.s 			page 74


 2958      0DDECB20 
 2958      ED5DF05E 
 2958      05EF4D70 
 2958      EC45
 2959 02ec 70EC3DF0 		.ascii	"p\354=\360^\003\310\336&\262\267@\332K\340\275\003\220"
 2959      5E03C8DE 
 2959      26B2B740 
 2959      DA4BE0BD 
 2959      0390
 2960 02fe BD0290BD 		.ascii	"\275\002\220\275\001\322^\000\334\307\313\225\366n\275"
 2960      01D25E00 
 2960      DCC7CB95 
 2960      F66EBD
 2961 030d 572BEDCD 		.ascii	"W+\355\315J{\231\307^\254c\357\325{\255\216\275U\357"
 2961      4A7B99C7 
 2961      5EAC63EF 
 2961      D57BAD8E 
 2961      BD55EF
 2962 0320 A57AEFD4 		.ascii	"\245z\357\324{\227\357U\276WJ\355M\2767\312\330\013"
 2962      7B97EF55 
 2962      BE574AED 
 2962      4DBE37CA 
 2962      D80B
 2963 0332 C57FBC48 		.ascii	"\305\177\274H\226\303{\3445\274*\257a\356\023\234%\214"
 2963      96C37BE4 
 2963      35BC2AAF 
 2963      61EE139C 
 2963      258C
 2964 0344 1F952EC2 		.ascii	"\037\225.\302uU\022\312\006\212\233\340\236d\302\324"
 2964      755512CA 
 2964      068A9BE0 
 2964      9E64C2D4 
 2965 0354 604F5FF1 		.ascii	"`O_\3613\224zt9<\354<\370\010\2367\311G\243B\374\222"
 2965      33947A74 
 2965      393CEC3C 
 2965      F8089E37 
 2965      C947A342 
 2966 036a A501864F 		.ascii	"\245\001\206O\356\026\374\260\255R!(\242\023\005Oj\223"
 2966      EE16FCB0 
 2966      AD522128 
 2966      A213054F 
 2966      6A93
 2967 037c B4E0040C 		.ascii	"\264\340\004\014\367\234S\024\034\322\243 \221^(\027"
 2967      F79C5314 
 2967      1CD2A320 
 2967      915E2817 
 2968 038c 411117D9 		.ascii	"A\021\027\331MMp\0057zJ\3604\361)F\211\307I\210s 7\021"
 2968      4D4D7005 
 2968      377A4AF0 
 2968      34F12946 
 2968      89C74988 
 2969 03a4 9CEB21CE 		.ascii	"\234\353!\316\211\3172\007\216 \354\007~I\317\2738&"
 2969      89CF3207 
 2969      8E20EC07 
 2969      7E49CFBB 
 2969      3826
 2970 03b6 77989108 		.ascii	"w\230\221\010.>/\221!(\255\363\3603\264T4\360F\214H"
ARM GAS  C:\Users\PUBLIC~1.LAP\AppData\Local\Temp\ccWUeqHQ.s 			page 75


 2970      2E3E2F91 
 2970      2128ADF3 
 2970      F033B454 
 2970      34F0468C 
 2971 03cb BC9072F4 		.ascii	"\274\220r\364>P\304\346\015(\342\002o\0228\327\013l"
 2971      3E50C4E6 
 2971      0D28E202 
 2971      6F1238D7 
 2971      0B6C
 2972 03dd 9DC0BFE8 		.ascii	"\235\300\277\350YFJp\223\326\231\016\237\260\262\304"
 2972      59464A70 
 2972      93D6990E 
 2972      9FB0B2C4 
 2973 03ed 54874920 		.ascii	"T\207I \252{\000\335 \037]\031\211w*\331\271\016M\263"
 2973      AA7B00DD 
 2973      201F5D19 
 2973      89772AD9 
 2973      B90E4DB3 
 2974 0401 B4A77E7D 		.ascii	"\264\247~}\353\320\244\242:\340Z\207\266\312|\326\241"
 2974      EBD0A4A2 
 2974      3AE05A87 
 2974      B6CA7CD6 
 2974      A1
 2975 0412 5612F754 		.ascii	"V\022\367T\253s8tS\365\370\012\207r}\3535\374\010]\220"
 2975      AB733874 
 2975      53F5F80A 
 2975      87727DEB 
 2975      35FC085D 
 2976 0427 50A92589 		.ascii	"P\251%\211\342\361\321\015\373\2007\027?B\001\037p&"
 2976      E2F1D10D 
 2976      FB803717 
 2976      3F42011F 
 2976      7026
 2977 0439 A406B880 		.ascii	"\244\006\270\200\363\223\020\2003\037\340\374<\023\227"
 2977      F3931080 
 2977      331FE0FC 
 2977      3C1397
 2978 0448 88C90EE0 		.ascii	"\210\311\016\340FO\314\207\211\210\242\352\243Kv\346"
 2978      464FCC87 
 2978      8988A2EA 
 2978      A34B76E6 
 2979 0458 CFFC0C61 		.ascii	"\317\374\014a\375\353\314\363\263\014\222\257\324\253"
 2979      FDEBCCF3 
 2979      B30C92AF 
 2979      D4AB
 2980 0466 639D9F7A 		.ascii	"c\235\237z\023\330\352W\273)\270\320mW\005#bq\010\356"
 2980      13D8EA57 
 2980      BB29B8D0 
 2980      6D570523 
 2980      627108EE 
 2981 047a EE459BCA 		.ascii	"\356E\233\312F\253c\345\355\375!;\367q\263\352d\347"
 2981      46AB63E5 
 2981      EDFD213B 
 2981      F771B3EA 
 2981      64E7
 2982 048c 3B739F9C 		.ascii	";s\237\234\213\213\213\232\370J\245z\325\217\236\236"
 2982      8B8B8B9A 
ARM GAS  C:\Users\PUBLIC~1.LAP\AppData\Local\Temp\ccWUeqHQ.s 			page 76


 2982      F84AA57A 
 2982      D58F9E9E 
 2983 049c 77535F9E 		.ascii	"wS_\236\352<\367d\352\374D\354\303\312/\031\\\352\312"
 2983      EA3CF764 
 2983      EAFC44EC 
 2983      C3CA2F19 
 2983      5CEACA
 2984 04af F3F3EEEB 		.ascii	"\363\363\356\353R\377\242\271O-\270\347\353\374\307"
 2984      52FFA2B9 
 2984      4F2DB8E7 
 2984      EBFCC7
 2985 04be 1304DD3C 		.ascii	"\023\004\335<\021\244>:\306G\021\254\371\332x\373\240"
 2985      11A43E3A 
 2985      C64711AC 
 2985      F9DA78FB 
 2985      A0
 2986 04cf 274D69F7 		.ascii	"'Mi\367\325\007k3\232\015\215\206\331\332\231\272\266"
 2986      D5076B33 
 2986      9A0D8D86 
 2986      D9DA99BA 
 2986      B6
 2987 04e0 A3D7D27A 		.ascii	"\243\327\322z-\315\354lh4\314\326\2149h\250\33503\242"
 2987      2DCDEC6C 
 2987      6834CCD6 
 2987      8C3968A8 
 2987      DD3033A2 
 2988 04f4 0151634B 		.ascii	"\001QcK\027\003\030\206\0112d\200\305\350\312Z3n\214"
 2988      17031886 
 2988      09326480 
 2988      C5E8CA5A 
 2988      336E8C
 2989 0507 2EB63533 		.ascii	".\26653\2644\034h8\322bx\305\340\301\346u\246v\203M"
 2989      B4341C68 
 2989      38D26278 
 2989      C5E0C1E6 
 2989      75A67683 
 2990 051c 87179B0E 		.ascii	"\207\027\233\016/\024%\324\316\324\322\312\\\200Q\230"
 2990      2F1425D4 
 2990      CED4D2CA 
 2990      5C805198 
 2991 052c B08603AD 		.ascii	"\260\206\003\255\207\213\037i>\324n\3000\373\372r!\326"
 2991      878B1F69 
 2991      3ED46EC0 
 2991      30FBFA72 
 2991      21D6
 2992 053e 218C6FE5 		.ascii	"!\214o\345cY5(`\260\274\230\235\370aj8\0032rS\335\244"
 2992      63593528 
 2992      60B0BC98 
 2992      9DF8616A 
 2992      38033272 
 2993 0555 29138782 		.ascii	")\023\207\202\372\2169\357\324\313\262R\244\3426\345"
 2993      FA8E39EF 
 2993      D4CBB252 
 2993      A4E236E5 
 2994 0565 52943728 		.ascii	"R\2247(\375\004N\256M\375\240\245\302u\016\023\302\311"
 2994      FD044EAE 
 2994      4DFDA0A5 
ARM GAS  C:\Users\PUBLIC~1.LAP\AppData\Local\Temp\ccWUeqHQ.s 			page 77


 2994      C2750E13 
 2994      C2C9
 2995 0577 B521D775 		.ascii	"\265!\327u=\301\177|\301\312\007\017\253\016\373\352"
 2995      3DC17F7C 
 2995      C1CA070F 
 2995      AB0EFBEA 
 2996 0587 988F6E14 		.ascii	"\230\217n\024\036'-X\217\256\206\237\365 \241\006\002"
 2996      1E272D58 
 2996      8FAE869F 
 2996      F520A106 
 2996      02
 2997 0598 CD7C98C1 		.ascii	"\315|\230\301-|)\\\303\233\317\257\213d75\354\026\316"
 2997      2D7C295C 
 2997      C39BCFAF 
 2997      8B643735 
 2997      EC16CE
 2998 05ab 857A3090 		.ascii	"\205z0\220\026\2472\214\256@\250\024\016\300C/\001A"
 2998      16A7328C 
 2998      AE40A814 
 2998      0EC0432F 
 2998      0141
 2999 05bd E1CBBC3D 		.ascii	"\341\313\274=\247\037\036|#\200\211\2334V\217\256\260"
 2999      A71F1E7C 
 2999      2380899B 
 2999      34568FAE 
 2999      B0
 3000 05ce 042615FB 		.ascii	"\004&\025\373\246T\033~<t\011\371\353\374\310\357\221"
 3000      A6541B7E 
 3000      3C7409F9 
 3000      EBFCC8EF 
 3000      91
 3001 05df 5C6F6ABA 		.ascii	"\\oj\272V\262\366ue^\232\210w<\313\341t]\327\265\352"
 3001      56B2F675 
 3001      655E9A88 
 3001      773CCBE1 
 3001      745DD7B5 
 3002 05f4 D16DE3D7 		.ascii	"\321m\343\327[\375\372\206C\357\347\217L\036\252G7\315"
 3002      5BFDFA86 
 3002      43EFE78F 
 3002      4C1EAA47 
 3002      37CD
 3003 0606 D29E72EB 		.ascii	"\322\236r\3532\022\357\242\270\216<t\2217q\236\022\302"
 3003      3212EFA2 
 3003      B88E3C74 
 3003      9137719E 
 3003      12C2
 3004 0618 AAC9AE88 		.ascii	"\252\311\256\210>\362f\304\212\016\354\273#\272\210"
 3004      3EF266C4 
 3004      8A0EECBB 
 3004      23BA88
 3005 0627 5B892672 		.ascii	"[\211&r\"\307\213k\031Nq&\361,\"\317\177Se\375\354!"
 3005      22C78B6B 
 3005      194E7126 
 3005      F12C22CF 
 3005      7F5365FD 
 3006 063d 97BC3ACE 		.ascii	"\227\274:\316\255\235\213\272\356%\341]\021\236u\011"
 3006      AD9D8BBA 
ARM GAS  C:\Users\PUBLIC~1.LAP\AppData\Local\Temp\ccWUeqHQ.s 			page 78


 3006      EE25E15D 
 3006      119E7509 
 3007 064d 658FF023 		.ascii	"e\217\360#B\350u1\210&O\235 \034\226\235\005\037|\353"
 3007      42E87531 
 3007      88264F9D 
 3007      201C969D 
 3007      051F7CEB 
 3008 0661 650EFEC0 		.ascii	"e\016\376\300\301\277\310\020\036.!(\325\213\343\263"
 3008      C1BFC810 
 3008      1E2E2128 
 3008      D58BE3B3 
 3009 0671 0C8122A8 		.ascii	"\014\201\"\250a$\011\031C\246FDD\222\024$i\014A\005"
 3009      61240919 
 3009      43A64644 
 3009      44921424 
 3009      690C4105 
 3010 0685 C42027A9 		.ascii	"\304 '\251;\017\021\020\265C\014\242\222\202\222J\206"
 3010      3B0F1110 
 3010      B5430CA2 
 3010      9282924A 
 3010      86
 3011 0696 CD872892 		.ascii	"\315\207(\222WR\346\373L|\346\211]\246\240\313\2712"
 3011      5752E6FB 
 3011      4C7CE689 
 3011      5DA6A0CB 
 3011      B932
 3012 06a8 69264FCF 		.ascii	"i&O\317\004\027K\341\317\225\345\302\201Z\314\372\362"
 3012      04174BE1 
 3012      CF95E5C2 
 3012      815ACCFA 
 3012      F2
 3013 06b9 9FB68705 		.ascii	"\237\266\207\005\325\350\3429c\375A\230/\035\3510\320"
 3013      D5E8E239 
 3013      63FD4198 
 3013      2F1DE930 
 3013      D0
 3014 06ca A18D5585 		.ascii	"\241\215U\205T4\002\202\030%\312@\305(i\226\177\006"
 3014      54340282 
 3014      1825CA40 
 3014      C5286996 
 3014      7F06
 3015 06dc 13480EB8 		.ascii	"\023H\016\270\346{\230\323\231`\211\2508\370O\235\220"
 3015      E67B98D3 
 3015      996089A8 
 3015      38F84F9D 
 3015      90
 3016 06ed 6A8CEF74 		.ascii	"j\214\357t\012\300Y\220\306\230\342\026>\002\211$\032"
 3016      0AC05990 
 3016      C698E216 
 3016      3E028924 
 3016      1A
 3017 06fe 94A261FF 		.ascii	"\224\242a\377\256\245\241\004!\273\325\037\011|k\346"
 3017      AEA5A104 
 3017      21BBD51F 
 3017      097C6BE6 
 3018 070e 8E44CCAA 		.ascii	"\216D\314\252j\245s\031\237\253)?m\303\264\024:CCz\020"
 3018      6AA57319 
ARM GAS  C:\Users\PUBLIC~1.LAP\AppData\Local\Temp\ccWUeqHQ.s 			page 79


 3018      9FAB293F 
 3018      6DC3B414 
 3018      3A43437A 
 3019 0723 7C1BC6D7 		.ascii	"|\033\306\327\011<\273f=\221;\344\316x\352\022\3254"
 3019      093CBB66 
 3019      3D913BE4 
 3019      CE78EA12 
 3019      D534
 3020 0735 5F5F443A 		.ascii	"__D:J\232!\257\254\017z\020\317\016\020~\271\325;\234"
 3020      4A9A21AF 
 3020      AC0F7A10 
 3020      CF0E107E 
 3020      B9D53B9C 
 3021 0749 A4F5CABE 		.ascii	"\244\365\312\276\276\210t\024v\266s\310-\304\003\331"
 3021      BE887414 
 3021      76B673C8 
 3021      2DC403D9 
 3022 0759 4949745D 		.ascii	"IIt]d\240\177k\310\364\227\234\372e_D\264\320\264\006"
 3022      64A07F6B 
 3022      C8F4979C 
 3022      FA655F44 
 3022      B4D0B406 
 3023 076d 34352EE9 		.ascii	"45.\351x25\311\316oO\373\023qg*c\303\343\211\257\361"
 3023      783235C9 
 3023      CE6F4FFB 
 3023      1371672A 
 3023      63C3E389 
 3024 0783 87988CF6 		.ascii	"\207\230\214\3661&\330\246\031la\324\3072Q[\266\252"
 3024      3126D8A6 
 3024      196C61D4 
 3024      C732515B 
 3024      B6AA
 3025 0795 F2993D51 		.ascii	"\362\231=Q@!\230%0\017\314\311\003\260\340\265\315w"
 3025      40219825 
 3025      300FCCC9 
 3025      03B0E0B5 
 3025      CD77
 3026 07a7 ED8DE2E2 		.ascii	"\355\215\342\342G\361\353\214\357\233R\275\215\203\013"
 3026      47F1EB8C 
 3026      EF9B52BD 
 3026      8D830B
 3027 07b6 66C25DB5 		.ascii	"f\302]\265\211Nm\374{\354{\021;G\260o\244\225V\213c"
 3027      894E6DFC 
 3027      7BEC7B11 
 3027      3B47B06F 
 3027      A495568B 
 3028 07cb 1D584808 		.ascii	"\035XH\010A"
 3028      41
 3029 07d0 6B9DC4B2 		.ascii	"k\235\304\262'l:M\006U\012bP0\344\027Q\207\032\001U"
 3029      276C3A4D 
 3029      06550A62 
 3029      5030E417 
 3029      51871A01 
 3030 07e5 B4589C1A 		.ascii	"\264X\234\032\221\350%j\276\274N\202\0140^\275\347B"
 3030      91E8256A 
 3030      BEBC4E82 
 3030      0C305EBD 
ARM GAS  C:\Users\PUBLIC~1.LAP\AppData\Local\Temp\ccWUeqHQ.s 			page 80


 3030      E742
 3031 07f7 2FFDC944 		.ascii	"/\375\311D=D!\214\273\014y\035\356\032\034\231\320d"
 3031      3D44218C 
 3031      BB0C791D 
 3031      EE1A1C99 
 3031      D064
 3032 0809 34D32402 		.ascii	"4\323$\002\360\210QLtr\344'\352(q5\216\3574\345J\002"
 3032      F088514C 
 3032      7472E427 
 3032      EA287135 
 3032      8EEF34E5 
 3033 081f 8F498C1E 		.ascii	"\217I\214\036%I\027\315G\371\332az\020\204\257\241\354"
 3033      254917CD 
 3033      47F9DA61 
 3033      7A1084AF 
 3033      A1EC
 3034 0831 805DDA41 		.ascii	"\200]\332AA\274\016\232\317\316zdt\331YA#X0\221eEa|"
 3034      41BC0E9A 
 3034      CFCE7A64 
 3034      74D95941 
 3034      23583091 
 3035 0849 8B3D4BA2 		.ascii	"\213=K\242\272\354\264%\375\340\336k'\013\223pk\230"
 3035      BAECB425 
 3035      FDE0DE6B 
 3035      270B9370 
 3035      6B98
 3036 085b 42BAA79A 		.ascii	"B\272\247\232\232\242\270O\2245\323F;:\216\304\027\000"
 3036      9AA2B84F 
 3036      9435D346 
 3036      3B3A8EC4 
 3036      1700
 3037 086d C00B6545 		.ascii	"\300\013eE\010\007\320\027P5e\250\010\247&9)\276*\224"
 3037      0807D017 
 3037      503565A8 
 3037      08A72639 
 3037      29BE2A94 
 3038 0881 5AF47830 		.ascii	"Z\364x0q\335\233\012\304\013\360,\257\254q\263\301\231"
 3038      71DD9B0A 
 3038      C40BF02C 
 3038      AFAC71B3 
 3038      C199
 3039 0893 706AB5F7 		.ascii	"pj\265\367u\232\353d\274\024\213Q\240\"\301\002w\230"
 3039      759AEB64 
 3039      BC148B51 
 3039      A022C102 
 3039      7798
 3040 08a5 6998B78F 		.ascii	"i\230\267\217h\212C\253\001"
 3040      688A43AB 
 3040      01
 3041              		.text
 3042              		.section	.gnu.lto_chHeapFree.2952.840c8551,"e",%progbits
 3043 0000 28B52FFD 		.ascii	"(\265/\375`\201\010e*\000\272Ex\017Fp\334Q:7\245\037"
 3043      60810865 
 3043      2A00BA45 
 3043      780F4670 
 3043      DC513A37 
 3044 0016 F81E89FC 		.ascii	"\370\036\211\374\251'^\240\024!\232:\"\023\372#yw\370"
ARM GAS  C:\Users\PUBLIC~1.LAP\AppData\Local\Temp\ccWUeqHQ.s 			page 81


 3044      A9275EA0 
 3044      14219A3A 
 3044      2213FA23 
 3044      7977F8
 3045 0029 36E60BFA 		.ascii	"6\346\013\372\337\266\177\215^\260X.7\032\225D\302\267"
 3045      DFB67F8D 
 3045      5EB0582E 
 3045      371A9544 
 3045      C2B7
 3046 003b C4F7BCEC 		.ascii	"\304\367\274\354e\211\001h \200\244\024f\240Vw\371\230"
 3046      65890168 
 3046      2080A414 
 3046      66A05677 
 3046      F998
 3047 004d B53D6984 		.ascii	"\265=i\204\020\271\223\014\340\000\327\000\345\000\312"
 3047      10B9930C 
 3047      E000D700 
 3047      E500CA
 3048 005c 7FF933DF 		.ascii	"\177\3713\337\314\277\225_\271\030\357\200Q\230D!\223"
 3048      CCBF955F 
 3048      B918EF80 
 3048      51984421 
 3048      93
 3049 006d B227E692 		.ascii	"\262'\346\222\270\343\231\006\305\372\024\010\346\002"
 3049      B8E39906 
 3049      C5FA1408 
 3049      E602
 3050 007b B3F2C69A 		.ascii	"\263\362\306\232\245\025\000\351E\015\236{\231\013\236"
 3050      A51500E9 
 3050      450D9E7B 
 3050      990B9E
 3051 008a F288F529 		.ascii	"\362\210\365)3\220\311\205[\346O9\025\254\207\361\223"
 3051      3390C985 
 3051      5BE64F39 
 3051      15AC87F1 
 3051      93
 3052 009b 73F72A9D 		.ascii	"s\367*\235\224\335\313l\300\026\326\247\302\013P\237"
 3052      94DDCB6C 
 3052      C016D6A7 
 3052      C20B509F 
 3053 00ab A2FFA94F 		.ascii	"\242\377\251O\031\213y\316\231 \356\033;F?\367^\246"
 3053      198B79CE 
 3053      9920EE1B 
 3053      3B463FF7 
 3053      5EA6
 3054 00bd 56C26DB1 		.ascii	"V\302m\261\316\333\351r+NM\321\266X|\025\255\0172\231"
 3054      CEDBE972 
 3054      2B4E4DD1 
 3054      B6587C15 
 3054      AD0F3299 
 3055 00d1 751E0E83 		.ascii	"u\036\016\203\330\227\316\304A>\361\361\035\221\353"
 3055      D897CEC4 
 3055      413EF1F1 
 3055      1D91EB
 3056 00e0 882041D1 		.ascii	"\210 A\321\022bsHHzl}\275Sk\013\212V\020\213S\321\013"
 3056      12627348 
 3056      487A6C7D 
ARM GAS  C:\Users\PUBLIC~1.LAP\AppData\Local\Temp\ccWUeqHQ.s 			page 82


 3056      BD536B0B 
 3056      8A56108B 
 3057 00f7 56A67401 		.ascii	"V\246t\001H\036\321\306\302\345l\227\324a\323;\265\206"
 3057      481ED1C6 
 3057      C2E56C97 
 3057      D461D33B 
 3057      B586
 3058 0109 A0C27BEF 		.ascii	"\240\302{\357.\231\303\242(\003\265/!\000\222F\364\267"
 3058      2E99C3A2 
 3058      2803B52F 
 3058      21009246 
 3058      F4B7
 3059 011b 45A676B1 		.ascii	"E\246v\261\333\035\311\034\266uI\037\2678\014\367^\266"
 3059      DB1DC91C 
 3059      B675491F 
 3059      B7380CF7 
 3059      5EB6
 3060 012d C8648F73 		.ascii	"\310d\217s\357\314\354\206\231W0\257\022\002A]K@\275"
 3060      EFCCEC86 
 3060      995730AF 
 3060      1202415D 
 3060      4B40BD
 3061 0140 3EF3BD7F 		.ascii	">\363\275\177!\362\226 \231_\334\213U\027\021S\001\226"
 3061      21F29620 
 3061      995FDC8B 
 3061      55171153 
 3061      0196
 3062 0152 DC509FF6 		.ascii	"\334P\237\366z\002\362G\232`_\371\010G\212\034\343["
 3062      7A02F247 
 3062      9A605FF9 
 3062      08478A1C 
 3062      E35B
 3063 0164 6E30535D 		.ascii	"n0S]\313\214\365\336\353\364\224\237\345\204UO\216\327"
 3063      CB8CF5DE 
 3063      EBF4949F 
 3063      E584554F 
 3063      8ED7
 3064 0176 53A2FA34 		.ascii	"S\242\3724\330\274\347\262h\335\370fhN`\177ya\321\376"
 3064      D8BCE7B2 
 3064      68DDF866 
 3064      684E607F 
 3064      7961D1FE 
 3065 018a E1006F6F 		.ascii	"\341\000ooo~\376S\177\015\354\011G0\034\326\215\177"
 3065      6F7EFE53 
 3065      7F0DEC09 
 3065      47301CD6 
 3065      8D7F
 3066 019c 4D675299 		.ascii	"MgR\231\362\027\346\274\366\01733\3136\027\363\225\310"
 3066      F217E6BC 
 3066      F60F3333 
 3066      CB3617F3 
 3066      95C8
 3067 01ae 0035E14E 		.ascii	"\0005\341N\302K\250e\005\250\345\004\250e\004m\371\200"
 3067      C24BA865 
 3067      05A8E504 
 3067      A865046D 
 3067      F980
ARM GAS  C:\Users\PUBLIC~1.LAP\AppData\Local\Temp\ccWUeqHQ.s 			page 83


 3068 01c0 6AD9806A 		.ascii	"j\331\200j\271\000jY\251-'\241\226\221P\313B\324\362"
 3068      B9006A59 
 3068      A92D27A1 
 3068      969150CB 
 3068      42D4F2
 3069 01d3 515B366A 		.ascii	"Q[6j\313E\252e\002\252\345\001\250e\242\266<\324\226"
 3069      CB45AA65 
 3069      02AAE501 
 3069      A865A2B6 
 3069      3CD496
 3070 01e6 8582AE3C 		.ascii	"\205\202\256<\007\277<\003\037\366\377|\275\3242\017"
 3070      07BF3C03 
 3070      1FF6FF7C 
 3070      BDD4320F 
 3071 01f6 B5BC432D 		.ascii	"\265\274C-\353P\313\2713\317\275@w\247-\314C\234{y\274"
 3071      EB50CBB9 
 3071      33CFBD40 
 3071      77A72DCC 
 3071      439C7B79 
 3072 020b B55D3629 		.ascii	"\265]6)\031'\017E\015C\215\010\307\250\217\0104\260"
 3072      19270F45 
 3072      0D438D08 
 3072      C7A88F08 
 3072      34B0
 3073 021d 8BFA47B0 		.ascii	"\213\372G\260\365?u@\023\350\037\2414\235\250\0078\207"
 3073      F53F7540 
 3073      13E81FA1 
 3073      349DA807 
 3073      3887
 3074 022f 6D88BAF7 		.ascii	"m\210\272\367\\N\001\256Qs\006\"\350\031\004\3149\324"
 3074      5C4E01AE 
 3074      51730622 
 3074      E81904CC 
 3074      39D4
 3075 0241 6944B4B6 		.ascii	"iD\264\266\201\220k\335\374r\202k.\026j`w\360\2722\226"
 3075      81906BDD 
 3075      FC72826B 
 3075      2E166A60 
 3075      77F0BA32 
 3076 0256 167665A9 		.ascii	"\026ve\251T\337\274P\263\360\252\302\034\342h\210g\240"
 3076      54DFBC50 
 3076      B3F0AAC2 
 3076      1CE26888 
 3076      67A0
 3077 0268 CE5658AD 		.ascii	"\316VX\255B\335Q\270\2605\231\332\227\220\264\271\030"
 3077      42DD51B8 
 3077      B03599DA 
 3077      9790B4B9 
 3077      18
 3078 0279 D8BEE6E0 		.ascii	"\330\276\346\340Ue,\315h\331\254U\373\332\032\2036\027"
 3078      55652CCD 
 3078      68D9AC55 
 3078      FBDA1A83 
 3078      3617
 3079 028b 0F15B163 		.ascii	"\017\025\261c{})\307]\267\257\221\276\356u\213\261\247"
 3079      7B7D29C7 
 3079      5DB7AF91 
ARM GAS  C:\Users\PUBLIC~1.LAP\AppData\Local\Temp\ccWUeqHQ.s 			page 84


 3079      BEEE758B 
 3079      B1A7
 3080 029d D1B27190 		.ascii	"\321\262q\220\210\3236\267.\366\022?|\215\241h\377\340"
 3080      88D336B7 
 3080      2EF6123F 
 3080      7C8DA168 
 3080      FFE0
 3081 02af D07BEF6D 		.ascii	"\320{\357m\016Z^3\2230a\217d\241\261/\363\313\330XQ"
 3081      0E5A5E33 
 3081      9330618F 
 3081      64A1B12F 
 3081      F3CBD858 
 3082 02c4 DC2CC5CA 		.ascii	"\334,\305\312\353#\177\004{\354\232Y\305\307\014Y\274"
 3082      EB237F04 
 3082      7BEC9A59 
 3082      C5C70C59 
 3082      BC
 3083 02d5 0CEA27C4 		.ascii	"\014\352'\304\334A\2565\270\256w}<b\372\034\335pg45"
 3083      DC41AE35 
 3083      B8AE777D 
 3083      3C62FA1C 
 3083      DD706734 
 3084 02ea D7BAFED1 		.ascii	"\327\272\376\321\010s\324\303\014\311\326\\\007UV\266"
 3084      0873D4C3 
 3084      0CC9D65C 
 3084      075556B6 
 3085 02fa 4ACA56A5 		.ascii	"J\312V\245\\\301\251B\223\013\027NQ\016\202U\347(\007"
 3085      5CC1A942 
 3085      930B174E 
 3085      510E8255 
 3085      E72807
 3086 030d 57555043 		.ascii	"WUPC)\252!\225T\024S\024\215+\246\026S2\256f0]\315`"
 3086      29AA2195 
 3086      54145314 
 3086      8D2BA616 
 3086      5332AE66 
 3087 0325 1AF161AA 		.ascii	"\032\361a\252\305\224\224\206''\010MUT\303\032OD)\033"
 3087      C5949486 
 3087      2727084D 
 3087      5554C31A 
 3087      4F44291B 
 3088 0339 53325840 		.ascii	"S2X@=x\360da\003\005\346}'\021\026\273\310\301\266\017"
 3088      3D78F064 
 3088      610305E6 
 3088      7D271116 
 3088      BBC8C1B6 
 3089 034e 6FB235D3 		.ascii	"o\2625\323\360xM \335dsXcoI7\257\3136\363t\332\227\321"
 3089      F0784D20 
 3089      DD647358 
 3089      636F4937 
 3089      AFCB36F3 
 3090 0366 6CB7648B 		.ascii	"l\267d\213D\233\365Ft[:\243\240\333\000\315y\202V\200"
 3090      449BF546 
 3090      745B3AA3 
 3090      A0DB00CD 
 3090      79825680 
 3091 037a A0953A01 		.ascii	"\240\225:\001\233\037\004g\272\346\342\003\015l\030"
ARM GAS  C:\Users\PUBLIC~1.LAP\AppData\Local\Temp\ccWUeqHQ.s 			page 85


 3091      9B1F0467 
 3091      BAE6E203 
 3091      0D6C18
 3092 0389 634F031D 		.ascii	"cO\003\035\324\007\356\346\005\332\200R\027\350\363"
 3092      D407EEE6 
 3092      05DA8052 
 3092      17E8F3
 3093 0398 19EE01A1 		.ascii	"\031\356\001\241\324\000\272\226f\271\244\326C\\\353"
 3093      D400BA96 
 3093      66B9A4D6 
 3093      435CEB
 3094 03a7 30788877 		.ascii	"0x\210w\222\272\350\271\\\"u\235!\035(\336\221k\037"
 3094      92BAE8B9 
 3094      5C22759D 
 3094      211D28DE 
 3094      916B1F
 3095 03ba AAC2463A 		.ascii	"\252\302F:j\242\026v\233y\016\345\234e8j#^\323\212\356"
 3095      6AA21676 
 3095      9B790EE5 
 3095      9C65386A 
 3095      235ED38A 
 3096 03cf 6C07D8DA 		.ascii	"l\007\330\332\\lU\241\276\330\327:O\334\3227?\324HV"
 3096      5C6C55A1 
 3096      BED8D73A 
 3096      4FDCD237 
 3096      3FD44856 
 3097 03e3 7DCD68EA 		.ascii	"}\315h\352\353\240F\032u\200\270\250q0\313\220S22\""
 3097      EBA0461A 
 3097      7580B8A8 
 3097      7130CB90 
 3097      53323222 
 3098 03f7 529024C9 		.ascii	"R\220$\311p\240\002\221\031+\333\021\0009\205\030e\252"
 3098      70A00291 
 3098      192BDB11 
 3098      00398518 
 3098      65AA
 3099 0409 35960345 		.ascii	"5\226\003E \332\241%u\201\2324bg\334n\240P\362\203\324"
 3099      20DAA125 
 3099      75819A34 
 3099      6267DC6E 
 3099      A050F283 
 3100 041e E32BCA51 		.ascii	"\343+\312Q\3260?+O\234\303@\211o\27073v\327\306\361"
 3100      D6303F2B 
 3100      4F9CC340 
 3100      896FB837 
 3100      3376D7C6 
 3101 0433 E4982826 		.ascii	"\344\230(&\302\321\345589np\220\031BE\241\014\327\263"
 3101      C2D1E535 
 3101      38396E70 
 3101      90194245 
 3101      A10CD7B3 
 3102 0447 8841B3D0 		.ascii	"\210A\263\320\0110\001\246\342\032\370H\334\224ZzQ\362"
 3102      093001A6 
 3102      E21AF848 
 3102      DC945A7A 
 3102      51F2
 3103 0459 2583FF31 		.ascii	"%\203\3771v\351\346\241B\340\012\321\361\034$4\375\254"
ARM GAS  C:\Users\PUBLIC~1.LAP\AppData\Local\Temp\ccWUeqHQ.s 			page 86


 3103      76E9E6A1 
 3103      42E00AD1 
 3103      F11C2434 
 3103      FDAC
 3104 046b 9E175522 		.ascii	"\236\027U\"\260\254\004\000\374.\2505}y\314\020\225"
 3104      B0AC0400 
 3104      FC2EA835 
 3104      7D79CC10 
 3104      95
 3105 047c 5709A3A2 		.ascii	"W\011\243\242\222|M(\231\353\330\216\211\\\012\231\007"
 3105      927C4D28 
 3105      99EBD88E 
 3105      895C0A99 
 3105      07
 3106 048d 9E428F81 		.ascii	"\236B\217\201\312y\033\257\225\326\016H\350@\367\321"
 3106      CA791BAF 
 3106      95D60E48 
 3106      E840F7D1 
 3107 049d 58958753 		.ascii	"X\225\207S\301\266\305\342\237\351Jd\342y\021\217x\360"
 3107      C1B6C5E2 
 3107      9FE94A64 
 3107      E279118F 
 3107      78F0
 3108 04af AE438445 		.ascii	"\256C\204E\212w,\250\351=\271UW8\364\200\325T\220\306"
 3108      8A772CA8 
 3108      E93DB955 
 3108      5738F480 
 3108      D55490C6 
 3109 04c3 006D6FC6 		.ascii	"\000mo\306._\214\027\303)\027\004\035\352\011\227\245"
 3109      2E5F8C17 
 3109      C3291704 
 3109      1DEA0997 
 3109      A5
 3110 04d4 465709B7 		.ascii	"FW\011\267\305%R]\242\207\020[j\033\231\226\360\200"
 3110      C525525D 
 3110      A287105B 
 3110      6A1B9996 
 3110      F080
 3111 04e6 957BF3EC 		.ascii	"\225{\363\354=\245\240\016F\367v1\345\221\037\302\352"
 3111      3DA5A00E 
 3111      46F77631 
 3111      E5911FC2 
 3111      EA
 3112 04f7 10413048 		.ascii	"\020A0H*\266\350\300\274T\221\344+\262\334@'\320\367"
 3112      2AB6E8C0 
 3112      BC5491E4 
 3112      2BB2DC40 
 3112      27D0F7
 3113 050a 743D441A 		.ascii	"t=D\0326\006\200x\022-=\230\370!0\342f\031\315\332\251"
 3113      36068078 
 3113      122D3D98 
 3113      F82130E2 
 3113      6619CDDA 
 3114 051f 8CFD95EB 		.ascii	"\214\375\225\353\025\026F\310\224)\310\032\360+\266"
 3114      151646C8 
 3114      9429C81A 
 3114      F02BB6
ARM GAS  C:\Users\PUBLIC~1.LAP\AppData\Local\Temp\ccWUeqHQ.s 			page 87


 3115 052e EA2BFA58 		.ascii	"\352+\372XR\226\320p\274\312\215\346C1\276\367]\310"
 3115      5296D070 
 3115      BCCA8DE6 
 3115      4331BEF7 
 3115      5DC8
 3116 0540 1B43E2B4 		.ascii	"\033C\342\264\357\325\037,80\255;Z\257\213\202\222f"
 3116      EFD51F2C 
 3116      3830AD3B 
 3116      5AAF8B82 
 3116      9266
 3117 0552 FF350C15 		.ascii	"\3775\014\025"
 3118              		.text
 3119              		.section	.gnu.lto_chHeapStatus.2953.840c8551,"e",%progbits
 3120 0000 28B52FFD 		.ascii	"(\265/\375`6\006m$\000\032@\030\016J\200VR:\203\037"
 3120      6036066D 
 3120      24001A40 
 3120      180E4A80 
 3120      56523A83 
 3121 0015 30B8C945 		.ascii	"0\270\311E\277h\377A\231NE\331 \001Xx\016\012\026\365"
 3121      BF68FF41 
 3121      994E45D9 
 3121      20015878 
 3121      0E0A16F5 
 3122 0029 2D5C870B 		.ascii	"-\\\207\013\233\002\330\256\267MN\314h\253\031\344P"
 3122      9B02D8AE 
 3122      B74D4ECC 
 3122      68AB19E4 
 3122      50
 3123 003a FE44F300 		.ascii	"\376D\363\000sLuO\300\222\210\207\005z\253\321|2T$H"
 3123      734C754F 
 3123      C0928887 
 3123      057AABD1 
 3123      7C325424 
 3124 004f D426B325 		.ascii	"\324&\263%\237\020\"w\222\001\323\000\276\000\311\000"
 3124      9F102277 
 3124      9201D300 
 3124      BE00C900 
 3125 005f 714E56CC 		.ascii	"qNV\314\266\232\270\004\231\311\216=\\jIf\202\314\313"
 3125      B69AB804 
 3125      99C98E3D 
 3125      5C6A4966 
 3125      82CCCB
 3126 0072 A31A8515 		.ascii	"\243\032\205\025\340\252\006\\\334\275K\004G\231\350"
 3126      E0AA065C 
 3126      DCBD4B04 
 3126      4799E8
 3127 0081 A726F674 		.ascii	"\247&\366t\326\\\253\262+\017f\301\016{\312\222A=\372"
 3127      D65CABB2 
 3127      2B0F66C1 
 3127      0E7BCA92 
 3127      413DFA
 3128 0094 FB11B4F6 		.ascii	"\373\021\264\366`P\274\2737,M\355\336\245\002\216\240"
 3128      6050BCBB 
 3128      372C4DED 
 3128      DEA5028E 
 3128      A0
 3129 00a5 1E6566BE 		.ascii	"\036ef\276\217\377(\301G\012T\2722*/Sb\356]\372\364"
ARM GAS  C:\Users\PUBLIC~1.LAP\AppData\Local\Temp\ccWUeqHQ.s 			page 88


 3129      8FFF28C1 
 3129      470A54BA 
 3129      322A2F53 
 3129      62EE5DFA 
 3130 00ba 1C273D7A 		.ascii	"\034'=z\376\227\036\355\031\234\332\343{\274\235\252"
 3130      FE971EED 
 3130      199CDAE3 
 3130      7BBC9DAA 
 3131 00ca 4BD1B3ED 		.ascii	"K\321\263\355\221\277\003n\313\232\214z\357\305y/\230"
 3131      91BF036E 
 3131      CB9A8C7A 
 3131      EFC5792F 
 3131      98
 3132 00db 2FF085B5 		.ascii	"/\360\205\265ew\005b\244\320\272\372\206\245\365/,\027"
 3132      65770562 
 3132      A4D0BAFA 
 3132      86A5F52F 
 3132      2C17
 3133 00ed 5677EAA8 		.ascii	"Vw\352\250P\334\360%\255N\010rqkT6\255\311\221u\364"
 3133      50DCF025 
 3133      AD4E0872 
 3133      716B5436 
 3133      ADC99175 
 3134 0102 CC9F5F51 		.ascii	"\314\237_Q\266\254\311\254\237+\336g\202*:\266|\311"
 3134      B6ACC9AC 
 3134      9F2BDE67 
 3134      822A3AB6 
 3134      7CC9
 3135 0114 A9F3A795 		.ascii	"\251\363\247\225V\345\314\333\253\244\224\265\272\340"
 3135      56E5CCDB 
 3135      ABA494B5 
 3135      BAE0
 3136 0122 BD97ED9A 		.ascii	"\275\227\355\232Lq\006pf^c\346#3\332$\367\276\277f!"
 3136      4C710670 
 3136      665E63E6 
 3136      2333DA24 
 3136      F7BEBF66 
 3137 0137 ED1C9FF9 		.ascii	"\355\034\237\371]\223\213\256\203\310\263\273\220@\371"
 3137      5D938BAE 
 3137      83C8B3BB 
 3137      9040F9
 3138 0146 AEDC8BFC 		.ascii	"\256\334\213\374\312O\373\021%\276\215\243\274\004e"
 3138      CA4FFB11 
 3138      25BE8DA3 
 3138      BC0465
 3139 0155 BF1E3DD8 		.ascii	"\277\036=\330\037(\221V\216m\323IM\2276\023\015\225"
 3139      1F289156 
 3139      8E6DD349 
 3139      4D973613 
 3139      0D95
 3140 0167 FA1A5886 		.ascii	"\372\032X\206e\312\216\341\234\266\034%o\262\275]+\307"
 3140      65CA8EE1 
 3140      9CB61C25 
 3140      6FB2BD5D 
 3140      2BC7
 3141 0179 BC8CB2DD 		.ascii	"\274\214\262\335\305|\010^rq\3342\230y\200;G;\353\\"
 3141      C57C085E 
ARM GAS  C:\Users\PUBLIC~1.LAP\AppData\Local\Temp\ccWUeqHQ.s 			page 89


 3141      7271DC32 
 3141      9879803B 
 3141      473BEB5C 
 3142 018d ECC779D8 		.ascii	"\354\307y\330\377\273I-\333\034\354\367}y\356\361v?"
 3142      FFBB492D 
 3142      DB1CECF7 
 3142      7D79EEF1 
 3142      763F
 3143 019f 3BAB073B 		.ascii	";\253\007;\353nvNS\313hj\371<-\367\311\316\026\265|"
 3143      EB6E764E 
 3143      53CB686A 
 3143      F93C2DF7 
 3143      C9CE16B5 
 3144 01b4 02E711A4 		.ascii	"\002\347\021\244\214\313\003\363^\024g\312\\)\350\032"
 3144      8CCB03F3 
 3144      5E1467CA 
 3144      5C29E81A 
 3145 01c4 8EA3FDCB 		.ascii	"\216\243\375\313\237\3547\373\317.\340D\220O\204_\204"
 3145      9FEC37FB 
 3145      CF2EE044 
 3145      904F845F 
 3145      84
 3146 01d5 7B025634 		.ascii	"{\002V4\253\2539\022\352\3213\227\340\013y\331\207\234"
 3146      ABAB3912 
 3146      EAD13397 
 3146      E00B79D9 
 3146      879C
 3147 01e7 C9BDDF93 		.ascii	"\311\275\337\2233\247\325\010\2267\315'\332\255\366"
 3147      33A7D508 
 3147      9637CD27 
 3147      DAADF6
 3148 01f6 FAB6771F 		.ascii	"\372\266w\037\256\014\216y\303\2438A\031j\2224\354\246"
 3148      AE0C8E79 
 3148      C3A33841 
 3148      196A9234 
 3148      ECA6
 3149 0208 39570B32 		.ascii	"9W\0132j\377l\3277\343\365\311z\375\345\355y\357\275"
 3149      6AFF6CD7 
 3149      37E3F5C9 
 3149      7AFDE5ED 
 3149      79EFBD
 3150 021b 69AF75DA 		.ascii	"i\257u\332\246\331V\201i\001\354A\362\032\330\247\302"
 3150      A6D95681 
 3150      6901EC41 
 3150      F21AD8A7 
 3150      C2
 3151 022c 62A76FF6 		.ascii	"b\247o\366\036\344\217\351\256w\372\247\012\206\224"
 3151      1EE48FE9 
 3151      AE77FAA7 
 3151      0A8694
 3152 023b 9D63EBA6 		.ascii	"\235c\353\246B\247\217\366 %\2229\334\311\221\271\303"
 3152      42A78FF6 
 3152      20259239 
 3152      DCC991B9 
 3152      C3
 3153 024c DD869A8C 		.ascii	"\335\206\232\214\030\016\360rJ\217\352\264\217\206X"
 3153      180EF072 
ARM GAS  C:\Users\PUBLIC~1.LAP\AppData\Local\Temp\ccWUeqHQ.s 			page 90


 3153      4A8FEAB4 
 3153      8F8658
 3154 025b 91F39A66 		.ascii	"\221\363\232f\232\331\244J\242\335e\000\254y\011\252"
 3154      9AD9A44A 
 3154      A2DD6500 
 3154      AC7909AA 
 3155 026b 97801173 		.ascii	"\227\200\021sZ_\353ze~\223\314M\377\3544J$\023'\000"
 3155      5A5FEB7A 
 3155      657E93CC 
 3155      4DFFEC34 
 3155      4A241327 
 3156 0280 5EC22F19 		.ascii	"^\302/\031\006\360\272\351\237\346\230\236\022\031\346"
 3156      06F0BAE9 
 3156      9FE6989E 
 3156      1219E6
 3157 028f EDB2FD28 		.ascii	"\355\262\375(\221_\316N\322\223\375'\247\013\215}3\023"
 3157      915FCE4E 
 3157      D293FD27 
 3157      A70B8D7D 
 3157      3313
 3158 02a1 19D9AFDC 		.ascii	"\031\331\257\3343\325\227\371I\232\2762\207\270\032"
 3158      33D597F9 
 3158      499ABE32 
 3158      87B81A
 3159 02b0 12D0517E 		.ascii	"\022\320Q~ZQI\275\001F\"\221\260\210\026\227l\322\231"
 3159      5A5149BD 
 3159      01462291 
 3159      B0881697 
 3159      6CD299
 3160 02c3 52239148 		.ascii	"R#\221HX<J\213LF\"\221\010\341\221Z<\0222)1\245\034"
 3160      583C4A8B 
 3160      4C462291 
 3160      08E1915A 
 3160      3C123229 
 3161 02da 0414D400 		.ascii	"\004\024\324\000\004\010\240\341\202\001E\224\207\013"
 3161      0408A0E1 
 3161      82014594 
 3161      870B
 3162 02e8 8C4521B1 		.ascii	"\214E!\261\010\211\210T4\364\031\2120\372|0:2*\371\030"
 3162      08898854 
 3162      34F4198A 
 3162      30FA7C30 
 3162      3A322AF9 
 3163 02fd 957C2C54 		.ascii	"\225|,T0\372`T$A\010\310A\203\"\022\221I\350\251\250"
 3163      30FA6054 
 3163      244108C8 
 3163      41832212 
 3163      9149E8A9 
 3164 0312 C9E86848 		.ascii	"\311\350hH\310\200\201P\204\011\017\226\367-#\355\037"
 3164      C8808150 
 3164      84090F96 
 3164      F72D23ED 
 3164      1F
 3165 0323 25B2910C 		.ascii	"%\262\221\014t\313p\267f\017\275`\346S\316\323h\367"
 3165      74CB70B7 
 3165      660FBD60 
 3165      E653CED3 
ARM GAS  C:\Users\PUBLIC~1.LAP\AppData\Local\Temp\ccWUeqHQ.s 			page 91


 3165      68F7
 3166 0335 90AA2F36 		.ascii	"\220\252/6^wI9N\222\035\237\315\237\242\341h\257hY\273"
 3166      5E774939 
 3166      4E921D9F 
 3166      CD9FA2E1 
 3166      68AF6859 
 3167 034a A83FA6B6 		.ascii	"\250?\246\266\317\266_\252\276\244\354\034\317\015\310"
 3167      CFB65FAA 
 3167      BEA4EC1C 
 3167      CF0DC8
 3168 0359 811E31AE 		.ascii	"\201\0361\256\250i\257yz\345\224\327\266W>\323]\247"
 3168      A869AF79 
 3168      7AE594D7 
 3168      B6573ED3 
 3168      5DA7
 3169 036b BDF253FA 		.ascii	"\275\362S\372k\340\335|\274]]w\241c3l\272\247b\031\203"
 3169      6BE0DD7C 
 3169      BC5D5D77 
 3169      A163336C 
 3169      BAA76219 
 3170 0380 016C1E86 		.ascii	"\001l\036\2061\261\363l\347\023\335\351]\257g~\303\030"
 3170      31B1F36C 
 3170      E713DDE9 
 3170      5DAF677E 
 3170      C318
 3171 0392 92338085 		.ascii	"\2223\200\205\25014\210\225BR2\"\222$\251\244\003\240"
 3171      A8313488 
 3171      95425232 
 3171      229224A9 
 3171      A403A0
 3172 03a5 0299A133 		.ascii	"\002\231\2413\017\020H\251f\324\034\223\011\336\272"
 3172      0F1048A9 
 3172      66D41C93 
 3172      09DEBA
 3173 03b4 254DC54C 		.ascii	"%M\305L\206\225my\222.\326\334\331\253nEm\310T\232%"
 3173      86956D79 
 3173      922ED6DC 
 3173      D9AB6E45 
 3173      6DC8549A 
 3174 03c9 A16AF7CD 		.ascii	"\241j\367\315\012\253o5\302\256V\242\257\215x\235\257"
 3174      0AAB6F35 
 3174      C2AE56A2 
 3174      AF8D789D 
 3174      AF
 3175 03da 28F029E5 		.ascii	"(\360)\345\311(8\005j\377\261\214Z*\000n\002\204b\005"
 3175      C9283805 
 3175      6AFFB18C 
 3175      5A2A006E 
 3175      02846205 
 3176 03ee 0FADCEB5 		.ascii	"\017\255\316\265\300\233W\221\235\325\2266\240\312\335"
 3176      C09B5791 
 3176      9DD59636 
 3176      A0CADD
 3177 03fd 12C306CC 		.ascii	"\022\303\006\314n\302\352\032#A,\317\366\370Oym\341"
 3177      6EC2EA1A 
 3177      23412CCF 
 3177      F6F84F79 
ARM GAS  C:\Users\PUBLIC~1.LAP\AppData\Local\Temp\ccWUeqHQ.s 			page 92


 3177      6DE1
 3178 040f 40F40181 		.ascii	"@\364\001\201\0110P\177\220\337M$\037\2713\003\026\027"
 3178      0930507F 
 3178      90DF4D24 
 3178      1FB93303 
 3178      1617
 3179 0421 A3626966 		.ascii	"\243bifv@\212o\260\341G#\011\206\277\277\031\017\212"
 3179      76408A6F 
 3179      B0E14723 
 3179      0986BFBF 
 3179      190F8A
 3180 0434 86EB3F49 		.ascii	"\206\353?I-\243~\351/\2741\375\326N\003g\363A\330\017"
 3180      2DA37EE9 
 3180      2FBC31FD 
 3180      D64E0367 
 3180      F341D80F 
 3181 0448 AF85D772 		.ascii	"\257\205\327r\3422\340YQ\255\006\277<\211\002\260H\""
 3181      E232E059 
 3181      51AD06BF 
 3181      3C8902B0 
 3181      4822
 3182 045a 0A591512 		.ascii	"\012Y\025\0220\204%1\205{\235\336\203\352\024O\242\306"
 3182      30842531 
 3182      857B9DDE 
 3182      83EA144F 
 3182      A2C6
 3183 046c F360A85B 		.ascii	"\363`\250[\332\007\241\362&B\333\310`\017\332+\022 "
 3183      DA07A1F2 
 3183      2642DBC8 
 3183      600FDA2B 
 3183      1220
 3184 047e 7CCA54DC 		.ascii	"|\312T\334\301}\2168h\262$[;\2323\342\233\202y[h~\012"
 3184      C17D8E38 
 3184      68B2245B 
 3184      3B9A33E2 
 3184      9B82795B 
 3185 0495 126A     		.ascii	"\022j"
 3186              		.text
 3187              		.section	.gnu.lto_chHeapIntegrityCheck.2954.840c8551,"e",%progbits
 3188 0000 28B52FFD 		.ascii	"(\265/\375`\321\0055$\000\032@\024\016I\200\332Q:\335"
 3188      60D10535 
 3188      24001A40 
 3188      140E4980 
 3188      DA513ADD 
 3189 0014 08294687 		.ascii	"\010)F\207>f\356\253C\222%\221\210QO\000i\036\005\335"
 3189      3E66EEAB 
 3189      43922591 
 3189      88514F00 
 3189      691E05DD 
 3190 0028 3A0C63C3 		.ascii	":\014c\303\257\265\214\352\202\257\013\005\017\331\260"
 3190      AFB58CEA 
 3190      82AF0B05 
 3190      0FD9B0
 3191 0037 ECEF9EE6 		.ascii	"\354\357\236\346\350\002F4\275npyOd\372\257\214\370"
 3191      E8024634 
 3191      BD6E7079 
 3191      4F64FAAF 
ARM GAS  C:\Users\PUBLIC~1.LAP\AppData\Local\Temp\ccWUeqHQ.s 			page 93


 3191      8CF8
 3192 0049 6671D515 		.ascii	"fq\325\025\036\260\265\377\255\344\023B\344N2\322\000"
 3192      1EB0B5FF 
 3192      ADE41342 
 3192      E44E32D2 
 3192      00
 3193 005a BF00CE00 		.ascii	"\277\000\316\000.\236\230\021:\372\230\225C\035\035"
 3193      2E9E9811 
 3193      3AFA9895 
 3193      431D1D
 3194 0069 5E24D4A3 		.ascii	"^$\324\243\274*\037sr\250:\035w-\312@1s\357R\301Q\006"
 3194      BC2A1F73 
 3194      72A83A1D 
 3194      772DCA40 
 3194      3173EF52 
 3195 0080 5201A4F1 		.ascii	"R\001\244\361Y\313\374!'\322t.&\256\335\233\374\362"
 3195      59CBFC21 
 3195      27D2742E 
 3195      26AEDD9B 
 3195      FCF2
 3196 0092 BA77C980 		.ascii	"\272w\311\200%\250Gu~\223\036=\317K\21723?\350ib\342"
 3196      25A84775 
 3196      7E931E3D 
 3196      CF4B8F32 
 3196      333FE869 
 3197 00a8 971E868C 		.ascii	"\227\036\206\214\215A\245\271w\271\3238\330f\211\307"
 3197      8D41A5B9 
 3197      77B9D338 
 3197      D86689C7 
 3198 00b8 DD6CB99A 		.ascii	"\335l\271\232JK\321\263-\221\357t\\\024\036d7\246l\374"
 3198      4A4BD1B3 
 3198      2D91EF74 
 3198      5C141E64 
 3198      37A66CFC 
 3199 00cc 16656DC6 		.ascii	"\026em\306)\252\347\266\216V\347\253l\255\206zR\270"
 3199      29AAE7B6 
 3199      8E56E7AB 
 3199      6CAD867A 
 3199      52B8
 3200 00de 028B71B1 		.ascii	"\002\213q\261#\215\363[\307*KKy\250!\2731E\365\364L"
 3200      238DF35B 
 3200      C72A4B4B 
 3200      79A821BB 
 3200      3145F5F4 
 3201 00f3 700516E3 		.ascii	"p\005\026\343&e<o\270d\221\271\330\321\206EuRF\026\366"
 3201      26653C6F 
 3201      B86491B9 
 3201      D8D18645 
 3201      75524616 
 3202 0108 8CF13E17 		.ascii	"\214\361>\027\214\001\241\322IA\235\274\032N\306\336"
 3202      8C01A1D2 
 3202      49419DBC 
 3202      1A4EC6DE 
 3203 0118 75DB42EA 		.ascii	"u\333B\352\311Z\232\357\336\313v\225\232:\353\316\314"
 3203      C95A9AEF 
 3203      DECB7695 
 3203      9A3AEBCE 
ARM GAS  C:\Users\PUBLIC~1.LAP\AppData\Local\Temp\ccWUeqHQ.s 			page 94


 3203      CC
 3204 0129 67CC7C82 		.ascii	"g\314|\202\0315\021\275\242H\3379H\3040\007\317\004"
 3204      193511BD 
 3204      A248DF39 
 3204      48C43007 
 3204      CF04
 3205 013b 850F3F09 		.ascii	"\205\017?\011\360H\275\367\276u9\224E{V\344\326\276"
 3205      F048BDF7 
 3205      BE753994 
 3205      457B56E4 
 3205      D6BE
 3206 014d E2D9C825 		.ascii	"\342\331\310%L:0\367\026\277\362\223\\\311\021\177\307"
 3206      4C3A30F7 
 3206      16BFF293 
 3206      5CC9117F 
 3206      C7
 3207 015e 514662B2 		.ascii	"QFb\262_\217\236\353\020,3\310M\226UW7\222\317\224\362"
 3207      5F8F9EEB 
 3207      102C33C8 
 3207      4D965557 
 3207      3792CF94 
 3208 0173 3A074918 		.ascii	":\007I\030(\253\206\011l\211]\246\325\211\351\227\347"
 3208      28AB8609 
 3208      6C895DA6 
 3208      D589E997 
 3208      E7
 3209 0184 C12A5A33 		.ascii	"\301*Z3~\327k\314*\261k\315\230\227N\266\221K\312\204"
 3209      7ED76BCC 
 3209      2AB16BCD 
 3209      98974EB6 
 3209      914BCA84 
 3210 0198 30B9B398 		.ascii	"0\271\263\230{8\347\372yly\367\244\362\234\373\362\214"
 3210      7B38E7FA 
 3210      796C79F7 
 3210      A4F29CFB 
 3210      F28C
 3211 01aa 3BD7F9C6 		.ascii	";\327\371\306\226m\251\345ZjYM-\323h\226\323\3242\232"
 3211      966DA9E5 
 3211      5A6A594D 
 3211      2DD36896 
 3211      D3D4329A 
 3212 01be 5A3E51CB 		.ascii	"Z>Q\313\315\226\355i\3719\2671`a\214\276\334\013\243"
 3212      CD96ED69 
 3212      F939B731 
 3212      60618CBE 
 3212      DC0BA3
 3213 01d1 0D9BBB05 		.ascii	"\015\233\273\005\235\322\343\311_\371/\337\314M\374"
 3213      9DD2E3C9 
 3213      5FF92FDF 
 3213      CC4DFC
 3214 01e0 2237F22E 		.ascii	"\"7\362.\276\361\240|_\022\325\353Cg\014\214!\203\375"
 3214      BEF1A07C 
 3214      5F12D5EB 
 3214      43670C8C 
 3214      2183FD
 3215 01f3 6AEBDCD5 		.ascii	"j\353\334\325\217-\306\276\254\376'U\273\3267n=\375"
 3215      8F2DC6BE 
ARM GAS  C:\Users\PUBLIC~1.LAP\AppData\Local\Temp\ccWUeqHQ.s 			page 95


 3215      ACFE2755 
 3215      BBD6376E 
 3215      3DFD
 3216 0205 27A5B5DA 		.ascii	"'\245\265\3327^=Y\015g\376\360\206\177u\220\302\001"
 3216      375E3D59 
 3216      0D67FEF0 
 3216      867F7590 
 3216      C201
 3217 0217 48A535ED 		.ascii	"H\2455\355I\015%\037K\012\003\037~\005\004\002\255\264"
 3217      490D251F 
 3217      4B0A031F 
 3217      7E050402 
 3217      ADB4
 3218 0229 BB6C9DF1 		.ascii	"\273l\235\361\243\255\240q\262\246\206\322\316\314\364"
 3218      A3ADA071 
 3218      B2A686D2 
 3218      CECCF4
 3219 0238 6CB41F45 		.ascii	"l\264\037E\343\311\236q\257\317~\225\2503\333\224\321"
 3219      E3C99E71 
 3219      AFCF7E95 
 3219      A833DB94 
 3219      D1
 3220 0249 5EAC5620 		.ascii	"^\254V j#\271\327\272\036B\022f\231j\304n\223\225q\271"
 3220      6A23B9D7 
 3220      BA1E4212 
 3220      66996AC4 
 3220      6E939571 
 3221 025e 413BF30C 		.ascii	"A;\363\014N_\371\034V\221\312\020\247\025\342S\200v"
 3221      4E5FF91C 
 3221      5691CA10 
 3221      A715E253 
 3221      8076
 3222 0270 5A38DD43 		.ascii	"Z8\335C6L\237|\017\201&\317v3\213\030a\277\262\016\037"
 3222      364C9F7C 
 3222      0F8126CF 
 3222      76338B18 
 3222      61BFB20E 
 3223 0285 CAD257E6 		.ascii	"\312\322W\346\022\177\"t\264\373\353\014&\323\207\305"
 3223      127F2274 
 3223      B4FBEB0C 
 3223      26D387C5 
 3224 0295 054B1B79 		.ascii	"\005K\033y\344\266\207t\366w\302~\265\335\203\005\325"
 3224      E4B68774 
 3224      F677C27E 
 3224      B5DD8305 
 3224      D5
 3225 02a6 972DD308 		.ascii	"\227-\323\010\317\024**\264\221\007\270\232\221\230"
 3225      CF142A2A 
 3225      B49107B8 
 3225      9A9198
 3226 02b5 DA4A9921 		.ascii	"\332J\231!\247\345\365-*\214\226\224~I\251\020h\205"
 3226      A7E5F52D 
 3226      2A8C9694 
 3226      7E49A910 
 3226      6885
 3227 02c7 C015BF24 		.ascii	"\300\025\277$a\312\021|\"\360\024\025\371\0205\020 "
 3227      61CA117C 
ARM GAS  C:\Users\PUBLIC~1.LAP\AppData\Local\Temp\ccWUeqHQ.s 			page 96


 3227      22F01415 
 3227      F9103510 
 3227      20
 3228 02d8 4499A881 		.ascii	"D\231\250\201\222P\350\007<\372\035\001\211v\210\222"
 3228      9250E807 
 3228      3CFA1D01 
 3228      89768892 
 3229 02e8 94768682 		.ascii	"\224v\206\202FJH;JH; :\004\207\202@\013A>\017x\204G"
 3229      464A483B 
 3229      4A483B20 
 3229      3A048782 
 3229      400B413E 
 3230 0300 3F154143 		.ascii	"?\025AC\340R\320\250\204\220\003\007A\022.@X\336w\026"
 3230      E052D0A8 
 3230      84900307 
 3230      41122E40 
 3230      58DE7716 
 3231 0314 07CB9A37 		.ascii	"\007\313\2327\\\277\353\250\026#\372.\337\355\232}\305"
 3231      5CBFEBA8 
 3231      1623FA2E 
 3231      DFED9A7D 
 3231      C5
 3232 0325 2E7EE11A 		.ascii	".~\341\032\311\266\366.\264w\271P\226\246\355G>\014"
 3232      C9B6F62E 
 3232      B477B950 
 3232      96A6ED47 
 3232      3E0C
 3233 0337 6BAA3F31 		.ascii	"k\252?1\305\365\312\\\340\213h\244y\005\327_2o\215\344"
 3233      C5F5CA5C 
 3233      E08B68A4 
 3233      7905D75F 
 3233      326F8DE4 
 3234 034b 1467CE72 		.ascii	"\024g\316r\275\016j9K\357u]\257\303\260\253\\\257\007"
 3234      BD0E6A39 
 3234      4BEF755D 
 3234      AFC3B0AB 
 3234      5CAF07
 3235 035e 84BD4871 		.ascii	"\204\275Hq:\327\353\275\336k\213\2437\001\213+\234\313"
 3235      3AD7EBBD 
 3235      DE6B8BA3 
 3235      37018B2B 
 3235      9CCB
 3236 0370 704B1150 		.ascii	"pK\021P\000\255^\357\216\314Yk\306\272~\362\274\367"
 3236      00AD5EEF 
 3236      8ECC596B 
 3236      C6BA7EF2 
 3236      BCF7
 3237 0382 5EDBBB89 		.ascii	"^\333\273\211Y\033\034\271\316\262\025\260\265\356u"
 3237      591B1CB9 
 3237      CEB215B0 
 3237      B5EE75
 3238 0391 DA1C75A8 		.ascii	"\332\034u\250a\034\010\031SJ\215\310(I\012\323\302\001"
 3238      611C0819 
 3238      534A8DC8 
 3238      28490AD3 
 3238      C201
 3239 03a3 60029129 		.ascii	"`\002\221)\273z\020P\247j\224\016\027$\222R\367\015"
ARM GAS  C:\Users\PUBLIC~1.LAP\AppData\Local\Temp\ccWUeqHQ.s 			page 97


 3239      BB7A1050 
 3239      A76A940E 
 3239      17249252 
 3239      F70D
 3240 03b5 DC3D56FC 		.ascii	"\334=V\374C/]\214\\\337\"K-l\036U@\267\237\031\000\314"
 3240      432F5D8C 
 3240      5CDF224B 
 3240      2D6C1E55 
 3240      40B79F19 
 3241 03cb 2328B8D0 		.ascii	"#(\270\320\221\314J\231\374\030\363bA\322J#\000x\266"
 3241      91CC4A99 
 3241      FC18F362 
 3241      41D24A23 
 3241      0078B6
 3242 03de 9E23E29C 		.ascii	"\236#\342\234\254D\006z]\203\242@A\027\377@'\210|ns"
 3242      AC44067A 
 3242      5D83A240 
 3242      4117FF40 
 3242      27887C6E 
 3243 03f3 F74DCCD7 		.ascii	"\367M\314\327@D\214\250\326\245q\"\027D(l\003(\320x"
 3243      40448CA8 
 3243      D6A57122 
 3243      1744286C 
 3243      0328D078 
 3244 0407 B398E9A7 		.ascii	"\263\230\351\247v\303\321\226\033\305U\355\237\2147"
 3244      76C3D196 
 3244      1BC555ED 
 3244      9F8C37
 3245 0416 ACAB6075 		.ascii	"\254\253`u\247\034\033\232\225|\307\376\316;J \207\346"
 3245      A71C1B9A 
 3245      957CC7FE 
 3245      CE3B4A20 
 3245      87E6
 3246 0428 699A506A 		.ascii	"i\232Pj\326\301\252Dh\374\310\213\034\256\273\355\216"
 3246      D6C1AA44 
 3246      68FCC88B 
 3246      1CAEBBED 
 3246      8E
 3247 0439 8C95E8AE 		.ascii	"\214\225\350\256\330\303\3513\3106\031\320\302:\020"
 3247      D8C3E933 
 3247      C83619D0 
 3247      C23A10
 3248 0448 2089C747 		.ascii	" \211\307G\276\223Q\210\320.\376\254\271.\000J\263\314"
 3248      BE935188 
 3248      D02EFEAC 
 3248      B92E004A 
 3248      B3CC
 3249 045a 4F096455 		.ascii	"O\011dU\353\234\220g/B\2362\022\225R\206\236\322\013"
 3249      EB9C9067 
 3249      2F429E32 
 3249      12955286 
 3249      9ED20B
 3250 046d B0870A23 		.ascii	"\260\207\012#f[`\244>f\305\005}\001U\353\006\243\307"
 3250      665B60A4 
 3250      3E66C505 
 3250      7D0155EB 
 3250      06A3C7
ARM GAS  C:\Users\PUBLIC~1.LAP\AppData\Local\Temp\ccWUeqHQ.s 			page 98


 3251 0480 C5712048 		.ascii	"\305q HQ\340v\332S:\371\347\246X\252\006"
 3251      51E076DA 
 3251      533AF9E7 
 3251      A658AA06 
 3252              		.text
 3253              		.section	.gnu.lto_.symbol_nodes.840c8551,"e",%progbits
 3254 0000 28B52FFD 		.ascii	"(\265/\375`\377\000\035\011\000\262\01686`Os\000W\333"
 3254      60FF001D 
 3254      0900B20E 
 3254      3836604F 
 3254      730057DB 
 3255 0014 A7CFC1CF 		.ascii	"\247\317\301\317\212J#\002PP\235\037j\311l\251J\023"
 3255      8A4A2302 
 3255      50509D1F 
 3255      6AC96CA9 
 3255      4A13
 3256 0026 4D741212 		.ascii	"Mt\022\022dE@\000\000\000\374\362\032|L\377X\333\342"
 3256      64454000 
 3256      0000FCF2 
 3256      1A7C4CFF 
 3256      58DBE2
 3257 0039 FE5DB7D5 		.ascii	"\376]\267\325\316&\"7\355\224\002[\3001h\233#i\365@"
 3257      CE262237 
 3257      ED94025B 
 3257      C031689B 
 3257      2369F540 
 3258 004d C60D43D3 		.ascii	"\306\015C\323}k\365U\031\264\315\030\314\352\252\362"
 3258      7D6BF555 
 3258      19B4CD18 
 3258      CCEAAAF2 
 3259 005d C34B28B4 		.ascii	"\303K(\264\261\272Se\325\321\303\252\216\320D2\266\254"
 3259      B1BA5365 
 3259      D5D1C3AA 
 3259      8ED04432 
 3259      B6AC
 3260 006f 58EC27B1 		.ascii	"X\354'\261\177$2\220\232\340\230\363\241b\"aKx\274\001"
 3260      7F243290 
 3260      9AE098F3 
 3260      A1622261 
 3260      4B78BC01 
 3261 0083 E12849D8 		.ascii	"\341(I\330\222\303`\013xT\307\012\300\315\332\305\335"
 3261      92C3600B 
 3261      7854C70A 
 3261      C0CDDAC5 
 3261      DD
 3262 0094 F0EEC1F0 		.ascii	"\360\356\301\360\336\261\360N\025\3365\230~\3367xYH"
 3262      DEB1F04E 
 3262      15DE3598 
 3262      7EDE3778 
 3262      5948
 3263 00a6 25A38477 		.ascii	"%\243\204w\014\210\220\322\014\302\373\305\247\373D"
 3263      0C8890D2 
 3263      0CC2FBC5 
 3263      A7FB44
 3264 00b5 0EDE2D1C 		.ascii	"\016\336-\034R\272\021\317{\305\324y\247\230\246\313"
 3264      52BA11CF 
 3264      7BC5D479 
ARM GAS  C:\Users\PUBLIC~1.LAP\AppData\Local\Temp\ccWUeqHQ.s 			page 99


 3264      A798A6CB 
 3265 00c5 DCF5D4F8 		.ascii	"\334\365\324\370{\006\367.k+\001\256\301\335\2352\212"
 3265      7B06F72E 
 3265      6B2B01AE 
 3265      C1DD9D32 
 3265      8A
 3266 00d6 62F0BEC5 		.ascii	"b\360\276\305\231e\364d\367w[(Ss\316\311y\002\321\264"
 3266      9965F464 
 3266      F7775B28 
 3266      5373CEC9 
 3266      7902D1B4 
 3267 00ea BBFC051A 		.ascii	"\273\374\005\032\000-\321\032{\032e\255\310c\333{XB"
 3267      002DD11A 
 3267      7B1A65AD 
 3267      C863DB7B 
 3267      5842
 3268 00fc 834C5C43 		.ascii	"\203L\\C\037\254a\200\232\000\220\000\220\374\004\012"
 3268      1FAC6180 
 3268      9A009000 
 3268      90FC040A 
 3269 010c 02CBD8FC 		.ascii	"\002\313\330\374\230\320I\200D\200b\207\254\032\211"
 3269      98D04980 
 3269      44806287 
 3269      AC1A89
 3270 011b 0898AD0E 		.ascii	"\010\230\255\016\337K\032\257\010W\304e\015\034\311"
 3270      DF4B1AAF 
 3270      0857C465 
 3270      0D1CC9
 3271 012a 83E904   		.ascii	"\203\351\004"
 3272              		.text
 3273              		.section	.gnu.lto_.refs.840c8551,"e",%progbits
 3274 0000 28B52FFD 		.ascii	"(\265/\375 1\211\001\000-\000\000\000\006\001\001\002"
 3274      20318901 
 3274      002D0000 
 3274      00060101 
 3274      02
 3275 0011 02000203 		.ascii	"\002\000\002\003\002\000\002\002\004\000\001\002\006"
 3275      02000202 
 3275      04000102 
 3275      06
 3276 001e 00010208 		.ascii	"\000\001\002\010\000\002\002\012\000\001\005\002\002"
 3276      0002020A 
 3276      00010502 
 3276      02
 3277 002b 0A000107 		.ascii	"\012\000\001\007\002\002\007\000\001\010\002\002\010"
 3277      02020700 
 3277      01080202 
 3277      08
 3278 0038 0000     		.ascii	"\000\000"
 3279              		.text
 3280              		.section	.gnu.lto_.decls.840c8551,"e",%progbits
 3281 0000 28B52FFD 		.ascii	"(\265/\375`6\026\265d\000j\242\004$P0\222\322\031\016"
 3281      603616B5 
 3281      64006AA2 
 3281      04245030 
 3281      92D2190E 
 3282 0014 5A89880A 		.ascii	"Z\211\210\012\355\342R\036'\210W\335\365\353D\304\022"
ARM GAS  C:\Users\PUBLIC~1.LAP\AppData\Local\Temp\ccWUeqHQ.s 			page 100


 3282      EDE2521E 
 3282      278857DD 
 3282      F5EB44C4 
 3282      12
 3283 0025 BD447559 		.ascii	"\275DuY\203@\251\321\327I\313\023]B\201\214$~\260\213"
 3283      8340A9D1 
 3283      D749CB13 
 3283      5D42818C 
 3283      247EB08B 
 3284 0039 B907E6F2 		.ascii	"\271\007\346\362\343\270\333i\356\314L\205\250\010\024"
 3284      E3B8DB69 
 3284      EECC4C85 
 3284      A80814
 3285 0048 B160FC7F 		.ascii	"\261`\374\177=\221kF\207\377\335T\204=E\314\264K\253"
 3285      3D916B46 
 3285      87FFDD54 
 3285      843D45CC 
 3285      B44BAB
 3286 005b DDA44C01 		.ascii	"\335\244L\001\326\001;\002*\002\313\366w7\227\031\201"
 3286      D6013B02 
 3286      2A02CBF6 
 3286      77379719 
 3286      81
 3287 006c 4A6649BF 		.ascii	"JfI\277W\322o\225t{G\374\204\276ibX\017\313\253\271"
 3287      57D26F95 
 3287      747B47FC 
 3287      84BE6962 
 3287      580FCBAB 
 3288 0081 62C2A459 		.ascii	"b\302\244Ya\252\351\360\375\262`.'\242\033\257\273\007"
 3288      61AAE9F0 
 3288      FDB2602E 
 3288      27A21BAF 
 3288      BB07
 3289 0093 E0617B86 		.ascii	"\340a{\206\305aThG\374xC\374\326\313>w\262\236>\214"
 3289      C5615468 
 3289      47FC7843 
 3289      FCD6CB3E 
 3289      77B29E3E 
 3290 00a8 31BA5DBE 		.ascii	"1\272]\276\226\336\320C\316\007\243\267\333\347\377"
 3290      96DED043 
 3290      CE07A3B7 
 3290      DBE7FF
 3291 00b7 1DF447A7 		.ascii	"\035\364G\247\245\241}\015D\016TV\204p9\373\211*\003"
 3291      A5A17D0D 
 3291      440E5456 
 3291      847039FB 
 3291      892A03
 3292 00ca 260646D7 		.ascii	"&\006F\327l-\261\223eM\2348F\277Q\322\262\325\262\315"
 3292      6C2DB193 
 3292      654D9C38 
 3292      46BF51D2 
 3292      B2D5B2CD 
 3293 00de DDF2AFD8 		.ascii	"\335\362\257\330\216\035]\273\223\335}\027W6l\327\347"
 3293      8E1D5DBB 
 3293      93DD7D17 
 3293      57366CD7 
 3293      E7
ARM GAS  C:\Users\PUBLIC~1.LAP\AppData\Local\Temp\ccWUeqHQ.s 			page 101


 3294 00ef 8E216DBE 		.ascii	"\216!m\276`\177\213-\353\334\247Or\355\254\255\372\001"
 3294      607F8B2D 
 3294      EBDCA74F 
 3294      72EDACAD 
 3294      FA01
 3295 0101 0A4C89A2 		.ascii	"\012L\211\242\"\324\3539G\353\207.\331b\331\346\327"
 3295      22D4EB39 
 3295      47EB872E 
 3295      D962D9E6 
 3295      D7
 3296 0112 36CB7792 		.ascii	"6\313w\222k\353\0055\351\022\223d\364:\322\007\355\327"
 3296      6BEB0535 
 3296      E9129364 
 3296      F43AD207 
 3296      EDD7
 3297 0124 7EC7917E 		.ascii	"~\307\221~\335\021\2774\230\376\273\206\361\264\035"
 3297      DD11BF34 
 3297      98FEBB86 
 3297      F1B41D
 3298 0133 B97C31FA 		.ascii	"\271|1\372o\330\2779,\330ZA\305\230\255\327\275\016"
 3298      6FD8BF39 
 3298      2CD85A41 
 3298      C598ADD7 
 3298      BD0E
 3299 0145 0161B973 		.ascii	"\001a\271s\323\302\350J\331)\333<\261U\336\300\213\373"
 3299      D3C2E84A 
 3299      D929DB3C 
 3299      B155DEC0 
 3299      8BFB
 3300 0157 8E625DD7 		.ascii	"\216b]\327\275\006\371\236\304\341\355\300\350KH}d\374"
 3300      BD06F99E 
 3300      C4E1EDC0 
 3300      E84B487D 
 3300      64FC
 3301 0169 544EC056 		.ascii	"TN\300V\2778\247\337\023\277\335\333\023?\024;\342\207"
 3301      BF38A7DF 
 3301      13BFDDDB 
 3301      133F143B 
 3301      E287
 3302 017b 6E88DF8B 		.ascii	"n\210\337\213\2435\322A\254\221\342g%&\214\370\371H"
 3302      A335D241 
 3302      AC91E267 
 3302      25268CF8 
 3302      F948
 3303 018d 702F35E1 		.ascii	"p/5\341&~\026\362\037\314\316\277\351\277=\377\362\004"
 3303      267E16F2 
 3303      1FCCCEBF 
 3303      E9BF3DFF 
 3303      F204
 3304 019f 5FC0CF51 		.ascii	"_\300\317Q\010\\\200\237_\370W\204\2759?\377\376\337"
 3304      085C809F 
 3304      5FF85784 
 3304      BD393FFF 
 3304      FEDF
 3305 01b1 1236FE25 		.ascii	"\0226\376%\016I|\200\237\231\376?_\366\023\376\023m"
 3305      0E497C80 
 3305      9F99FE3F 
ARM GAS  C:\Users\PUBLIC~1.LAP\AppData\Local\Temp\ccWUeqHQ.s 			page 102


 3305      5FF613FE 
 3305      136D
 3306 01c3 8E75F11F 		.ascii	"\216u\361\037\350g\244\177\325\177\203\377\002\377E"
 3306      E867A47F 
 3306      D57F83FF 
 3306      02FF45
 3307 01d2 E1DF11FE 		.ascii	"\341\337\021\376\255\361\257\007\377\322\370\367\202"
 3307      ADF1AF07 
 3307      FFD2F8F7 
 3307      82
 3308 01df 7F27F837 		.ascii	"\177'\3707\306\2770\376[\371\027\350\337\023\377\315"
 3308      C6BF30FE 
 3308      5BF917E8 
 3308      DF13FFCD 
 3309 01ef FE4DE07F 		.ascii	"\376M\340\177\230\177C\374\013\300\277B\377\"\360\257"
 3309      987F43FC 
 3309      0BC0BF42 
 3309      FF22F0AF 
 3310 01ff 897F0FF8 		.ascii	"\211\177\017\370\337\303\177\023\376\017\377\253\360"
 3310      DFC37F13 
 3310      FE0FFFAB 
 3310      F0
 3311 020c 3FCBBF06 		.ascii	"?\313\277\006\374\233\342_\024\377\026\360/\001\377"
 3311      FC9BE25F 
 3311      14FF16F0 
 3311      2F01FF
 3312 021b 0EF0AF00 		.ascii	"\016\360\257\000\377\305\374\347\362\377\354\177\330"
 3312      FFC5FCE7 
 3312      F2FFEC7F 
 3312      D8
 3313 0228 7F15FFBF 		.ascii	"\177\025\377\277\374O\367\366\366\366~_\327\357\033"
 3313      FC4FF7F6 
 3313      F6F67E5F 
 3313      D7EF1B
 3314 0237 F207A109 		.ascii	"\362\007\241\011K\245tr1[x\301\342\354\352\247\365\270"
 3314      4BA57472 
 3314      315B78C1 
 3314      E2ECEAA7 
 3314      F5B8
 3315 0249 4A20CCEE 		.ascii	"J \314\356\352\270\255e\352<\256\375\354\356u\343\003"
 3315      EAB8AD65 
 3315      EA3CAEFD 
 3315      ECEE75E3 
 3315      03
 3316 025a A54C1834 		.ascii	"\245L\0304F\211\2362\256d\303\250`>\2359 \254\016\356"
 3316      46899E32 
 3316      AE64C3A8 
 3316      603E9D39 
 3316      20AC0EEE 
 3317 026e 4EAFDB4A 		.ascii	"N\257\333J\205\016\325\027\024\232\232\364\347\031\362"
 3317      850ED517 
 3317      149A9AF4 
 3317      E719F2
 3318 027d D492AC4C 		.ascii	"\324\222\254L\030\035*#\343\214\344\333d$\234\245Aw"
 3318      181D2A23 
 3318      E38CE4DB 
 3318      64249CA5 
ARM GAS  C:\Users\PUBLIC~1.LAP\AppData\Local\Temp\ccWUeqHQ.s 			page 103


 3318      4177
 3319 028f D50352DA 		.ascii	"\325\003R\332\255\251\327\313\245\002G\265\3225\010"
 3319      ADA9D7CB 
 3319      A50247B5 
 3319      D23508
 3320 029e AD21A964 		.ascii	"\255!\251d\271\366\360\370z\252c\255}\252\221\021\203"
 3320      B9F6F0F8 
 3320      7AAA63AD 
 3320      7DAA9111 
 3320      83
 3321 02af 634E0105 		.ascii	"cN\001\005!\002\203\233#Y\251X\234'Azt9\221s\224!\210"
 3321      2102839B 
 3321      2359A958 
 3321      9C27417A 
 3321      74399173 
 3322 02c6 EF69868E 		.ascii	"\357i\206\216\216c\370\261\225\221=1z\305F\330\212\213"
 3322      8E63F8B1 
 3322      95913D31 
 3322      7AC546D8 
 3322      8A8B
 3323 02d8 6C93B138 		.ascii	"l\223\2618y\206\201\211\2149c-\231\315K\022\265>\360"
 3323      79868189 
 3323      8C39632D 
 3323      99CD4B12 
 3323      B53EF0
 3324 02eb D49C2E2C 		.ascii	"\324\234.,^2\025\234.,\256\342!l\352\212\212~K\334\270"
 3324      5E32159C 
 3324      2E2CAEE2 
 3324      216CEA8A 
 3324      8A7E4BDC 
 3325 0300 A4E14199 		.ascii	"\244\341A\231\271#~\007l\210\037\013A\331\244\266\320"
 3325      B9237E07 
 3325      6C881F0B 
 3325      41D9A4B6 
 3325      D0
 3326 0311 09498FFE 		.ascii	"\011I\217\376HS/d\330P\036\251\034'3\356\007\243\253"
 3326      48532F64 
 3326      D8501EA9 
 3326      1C2733EE 
 3326      07A3AB
 3327 0324 C7C7E60A 		.ascii	"\307\307\346\012\353\352n ,\265M\016\262p8\010#9j\327"
 3327      EBEA6E20 
 3327      2CB54D0E 
 3327      B2703808 
 3327      23396AD7 
 3328 0338 A70E175B 		.ascii	"\247\016\027[\235\211\242\236%SUw?\324\007\377\330&"
 3328      9D89A29E 
 3328      25535577 
 3328      3FD407FF 
 3328      D826
 3329 034a 4745F113 		.ascii	"GE\361\023+\307\3208j\255+\205)\344\026+\031\012\316"
 3329      2BC7D038 
 3329      6AAD2B85 
 3329      29E4162B 
 3329      190ACE
 3330 035d 5594378C 		.ascii	"U\2247\214\366\360\221\311\341\007\224\017)\363\340"
 3330      F6F091C9 
ARM GAS  C:\Users\PUBLIC~1.LAP\AppData\Local\Temp\ccWUeqHQ.s 			page 104


 3330      E107940F 
 3330      29F3E0
 3331 036c 64893DC3 		.ascii	"d\211=\303\243\323\232K\357S\223\336w\206{\367\266\311"
 3331      A3D39A4B 
 3331      EF5393DE 
 3331      77867BF7 
 3331      B6C9
 3332 037e C7BFD9A7 		.ascii	"\307\277\331\247\357\270\014\222\342\262R\307\307E\263"
 3332      EFB80C92 
 3332      E2B252C7 
 3332      C745B3
 3333 038d 73767D36 		.ascii	"sv}6\210\261)XW`<H\306\232Z\2779? \351\336\2420*\007"
 3333      88B12958 
 3333      57603C48 
 3333      C69A5ABF 
 3333      393F20E9 
 3334 03a6 C45AD914 		.ascii	"\304Z\331\024\264\"q\026\216\011\337\227\231\235\030"
 3334      B4227116 
 3334      8E09DF97 
 3334      999D18
 3335 03b5 46EF8B4A 		.ascii	"F\357\213J\357\343\221\336\327\351\371M\332\346'\016"
 3335      EFE391DE 
 3335      D7E9F94D 
 3335      DAE6270E 
 3336 03c5 99192A30 		.ascii	"\231\031*04k\347\263\323\335\234s\267k\333\266\353\323"
 3336      346BE7B3 
 3336      D3DD9C73 
 3336      B76BDBB6 
 3336      EBD3
 3337 03d7 094F4EDD 		.ascii	"\011ON\335\336\355\231\345\341X\204C\344J\257\273{X"
 3337      DEED99E5 
 3337      E1588443 
 3337      E44AAFBB 
 3337      7B58
 3338 03e9 BC75B3CD 		.ascii	"\274u\263\315\275[\272\357\230U+***\361\323Z\200HI\355"
 3338      BD5BBAEF 
 3338      98552B2A 
 3338      2A2AF1D3 
 3338      5A804849 
 3339 03fe EA7C9C5C 		.ascii	"\352|\234\\\031\331c\264\015\020\2247\257+U\330,]\020"
 3339      19D963B4 
 3339      0D109437 
 3339      AF2B55D8 
 3339      2C5D10
 3340 0411 9E133769 		.ascii	"\236\0237i\030={\245o%~{qB\2400\272f\345\266\271s\353"
 3340      183D7BA5 
 3340      6F257E7B 
 3340      7142A030 
 3340      BA66E5B6 
 3341 0428 B660710B 		.ascii	"\266`q\013\347\223\024j\250\261\251.\027s\213f\341\200"
 3341      E793146A 
 3341      A8B1A92E 
 3341      17738B66 
 3341      E180
 3342 043a C6A4A6E4 		.ascii	"\306\244\246\344\354\214\2055\303~\350\367\015\234\232"
 3342      EC8C8535 
 3342      C37EE8F7 
ARM GAS  C:\Users\PUBLIC~1.LAP\AppData\Local\Temp\ccWUeqHQ.s 			page 105


 3342      0D9C9A
 3343 0449 A59B033B 		.ascii	"\245\233\003;2\372\3063\347C\213\0206i\232uc%O\360\320"
 3343      32FAC633 
 3343      E7438B10 
 3343      36699A75 
 3343      63254FF0 
 3344 045e BCA5DFB6 		.ascii	"\274\245\337\266\364K\246\315\014\022$yo\030\335A'\357"
 3344      F44BA6CD 
 3344      0C122479 
 3344      6F18DD41 
 3344      27EF
 3345 0470 480F5ED2 		.ascii	"H\017^\322\277Lfu\277 h\346\356t8\177\341\254\2629Q"
 3345      BF4C6675 
 3345      BF2068E6 
 3345      EE74387F 
 3345      E1ACB239 
 3346 0485 ACFC8953 		.ascii	"\254\374\211S\266w\214\222\206X\262e\013\243q\227\240"
 3346      B6778C92 
 3346      8658B265 
 3346      0BA37197 
 3346      A0
 3347 0496 1E51713C 		.ascii	"\036Qq<S\354\336\232\313\031m\237o\274\344!\031\345"
 3347      53ECDE9A 
 3347      CB196D9F 
 3347      6FBCE421 
 3347      19E5
 3348 04a8 33563AA0 		.ascii	"3V:\240\206M\311(\233\261\226\357l\312H\263\226N\232"
 3348      864DC928 
 3348      9BB196EF 
 3348      6CCA48B3 
 3348      964E9A
 3349 04bb 524B8FAD 		.ascii	"RK\217\255T\204\014Y\262pY\031[:d\013\230\325\363\\"
 3349      54840C59 
 3349      B2705919 
 3349      5B3A640B 
 3349      98D5F35C 
 3350 04cf B606882E 		.ascii	"\266\006\210.+\352)\367S\303k\266\"\251\210\274+W\230"
 3350      2BEA29F7 
 3350      53C36BB6 
 3350      22A988BC 
 3350      2B5798
 3351 04e2 6C97EC78 		.ascii	"l\227\354x\233\253\363\2651\233\313r\236\311\344t\276"
 3351      9BABF3B5 
 3351      319BCB72 
 3351      9EC9E474 
 3351      BE
 3352 04f3 1CD5D830 		.ascii	"\034\325\3300\312c\254\324C\363\203\330>y\332\306\310"
 3352      CA63ACD4 
 3352      43F383D8 
 3352      3E79DAC6 
 3352      C8
 3353 0504 A87C0DEF 		.ascii	"\250|\015\357\310\222;F\377K\246$\270\250P\341\260T"
 3353      C8923B46 
 3353      FF4BA624 
 3353      B8A850E1 
 3353      B054
 3354 0516 A8A1C8AC 		.ascii	"\250\241\310\254\272VN\230\2757\266r\016\353a\"\345"
ARM GAS  C:\Users\PUBLIC~1.LAP\AppData\Local\Temp\ccWUeqHQ.s 			page 106


 3354      BA564E98 
 3354      BD37B672 
 3354      0EEB6122 
 3354      E5
 3355 0527 EE0646B9 		.ascii	"\356\006F\271\012+\335\210`-\031\345\346\345\330\356"
 3355      0A2BDD88 
 3355      602D19E5 
 3355      E6E5D8EE 
 3356 0537 07171937 		.ascii	"\007\027\0317)\211\037\300\300XJZ\202J\235\225\225\212"
 3356      29891FC0 
 3356      C0584A5A 
 3356      824A9D95 
 3356      958A
 3357 0549 DF903509 		.ascii	"\337\2205\011\233\333\235\245|\215\317\336\\\032\037"
 3357      9BDB9DA5 
 3357      7C8DCFDE 
 3357      5C1A1F
 3358 0558 7029003C 		.ascii	"p)\000<d0\015\314\344\334\344M\370\213Fw#\327\316\352"
 3358      64300DCC 
 3358      E4DCE44D 
 3358      F88B4677 
 3358      23D7CEEA 
 3359 056c 797A63B5 		.ascii	"yzc\265T\361s\015\347/\366\372Q\333\362\334\201Q\366"
 3359      54F1730D 
 3359      E72FF6FA 
 3359      51DBF2DC 
 3359      8151F6
 3360 057f 62BE8171 		.ascii	"b\276\201q8{\261\015>\311f/\264\033\271\233\002h7\205"
 3360      387BB10D 
 3360      3EC9662F 
 3360      B41BB99B 
 3360      02683785 
 3361 0593 0FC81959 		.ascii	"\017\310\031Y\336\017\275\316\231\224\237p\327\317r"
 3361      DE0FBDCE 
 3361      99949F70 
 3361      D7CF72
 3362 05a2 8A0A922E 		.ascii	"\212\012\222.\216\242\244\012N\325\232\255\215f9\363"
 3362      8EA2A40A 
 3362      4ED59AAD 
 3362      8D6639F3 
 3363 05b2 7A6214CA 		.ascii	"zb\024\312\245j\340\261\306(;\371\034\237\301\200V\246"
 3363      A56AE0B1 
 3363      C6283BF9 
 3363      1C9FC180 
 3363      56A6
 3364 05c4 73960AED 		.ascii	"s\226\012\355\372S\260\034\361\377g\247\225\326\206"
 3364      FA53B01C 
 3364      F1FF67A7 
 3364      95D686
 3365 05d3 07E287D3 		.ascii	"\007\342\207\323H\021F\267)\350F\321=\004y\024R&\267"
 3365      481146B7 
 3365      29E846D1 
 3365      3D047914 
 3365      5226B7
 3366 05e6 A856E9DC 		.ascii	"\250V\351\334:vr\253nH\351d.S(\327\255\252N2\227\333"
 3366      3A7672AB 
 3366      6E48E964 
ARM GAS  C:\Users\PUBLIC~1.LAP\AppData\Local\Temp\ccWUeqHQ.s 			page 107


 3366      2E5328D7 
 3366      ADAA4E32 
 3367 05fc 49E452B9 		.ascii	"I\344R\271v\017u3[\351\334\242\032\352\025\271\354\265"
 3367      760F7533 
 3367      5BE9DCA2 
 3367      1AEA15B9 
 3367      ECB5
 3368 060e 7BC192CC 		.ascii	"{\301\222\314V6s\271\312\336b\016)\223\314c;\267\250"
 3368      563673B9 
 3368      CADE620E 
 3368      2993CC63 
 3368      3BB7A8
 3369 0621 B69D5B4B 		.ascii	"\266\235[K\245sk9\244\\\221\335+\362\230\242\033\271"
 3369      A5736B39 
 3369      A45C91DD 
 3369      2BF298A2 
 3369      1BB9
 3370 0633 543AA12C 		.ascii	"T:\241,\207:\271uT:\221T\024t\367\334\230\343\036\237"
 3370      873AB975 
 3370      543A9154 
 3370      1474F7DC 
 3370      98E31E9F 
 3371 0647 C694B413 		.ascii	"\306\224\264\023\011\204\227\312\276\352n#\273&\333"
 3371      098497CA 
 3371      BEEA6E23 
 3371      BB26DB
 3372 0656 AA3BC934 		.ascii	"\252;\3114\321cL%\333\0233\250\301\244\272|t\367\317"
 3372      D1634C25 
 3372      DB1333A8 
 3372      C1A4BA7C 
 3372      74F7CF
 3373 0669 86ABA12E 		.ascii	"\206\253\241.\215\354\3526+d\000\313\356\253\343\332"
 3373      8DECEA36 
 3373      2B6400CB 
 3373      EEABE3DA 
 3374 0679 57BFB53B 		.ascii	"W\277\265;\200n;\266\355\332\326\307.\311\356\355\322"
 3374      806E3BB6 
 3374      EDDAD6C7 
 3374      2EC9EEED 
 3374      D2
 3375 068a 6DD5A3BB 		.ascii	"m\325\243\273\205\272\373\247\223U@\236\270\230>=\236"
 3375      85BAFBA7 
 3375      9355409E 
 3375      B8983E3D 
 3375      9E
 3376 069b 9850EDA5 		.ascii	"\230P\355\245\025$\250G7\202\306&\241\352t\001\023\223"
 3376      1524A847 
 3376      3782C626 
 3376      A1EA7401 
 3376      1393
 3377 06ad 5A3432AA 		.ascii	"Z42\252\300\204\016\241\322\006;:\204JGI!\364\220`T"
 3377      C0840EA1 
 3377      D2063B3A 
 3377      844A4749 
 3377      21F49060 
 3378 06c2 33107232 		.ascii	"3\020r2r0\024\006\315\330a$\026s\250\306$\032\"\230"
 3378      72301406 
ARM GAS  C:\Users\PUBLIC~1.LAP\AppData\Local\Temp\ccWUeqHQ.s 			page 108


 3378      CDD86124 
 3378      1673A8C6 
 3378      241A2298 
 3379 06d6 9A8C4163 		.ascii	"\232\214Ac\015\037U-b\300c\244&\345 \036U@d$&\3210\012"
 3379      0D1F552D 
 3379      62C063A4 
 3379      26E5201E 
 3379      55406424 
 3380 06ee 55156E78 		.ascii	"U\025nx\260\024T5\030\012\205\214\304$\"\020\330s\244"
 3380      B0145435 
 3380      180A858C 
 3380      C4242210 
 3380      D873A4
 3381 0701 A42403A8 		.ascii	"\244$\003\250CB\022qh$\216\240\012\203K5\230h \251\034"
 3381      43421271 
 3381      68248EA0 
 3381      0A834B35 
 3381      986820A9 
 3382 0716 0C8521CE 		.ascii	"\014\205!\316\000\322\002N\252\261\250$\3449\322\002"
 3382      00D2024E 
 3382      AAB1A824 
 3382      E439D202 
 3383 0726 4C305840 		.ascii	"L0X@*\006w\016\243\205\357\303\025jQI\010\301\222\022"
 3383      2A06770E 
 3383      A385EFC3 
 3383      156A5149 
 3383      08C19212 
 3384 073a 08484A45 		.ascii	"\010HJE\014\204JGG\025\250E\245\031C!\321\0350\0365"
 3384      0C844A47 
 3384      4715A845 
 3384      A5194321 
 3384      D11D301E 
 3385 074f 0571A846 		.ascii	"\005q\250F>F`\003\302\244&\034F5GQ5\"\262\240T\\JQ#"
 3385      3E466003 
 3385      C2A4261C 
 3385      46354751 
 3385      3522B2A0 
 3386 0768 F0A70735 		.ascii	"\360\247\0075R\231\232\320\017#0\002\177\200=Lj\216"
 3386      52999AD0 
 3386      0F233002 
 3386      7F803D4C 
 3386      6A8E
 3387 077a E0928EAA 		.ascii	"\340\222\216\252\026q\240E\325(\250\016\177\037\256"
 3387      1671A045 
 3387      D528A80E 
 3387      7F1FAE
 3388 0789 703222B9 		.ascii	"p2\"\2710\002A8\251\306&$#\023\361\310X|\301\202Z\\"
 3388      30024138 
 3388      A9C62624 
 3388      2313F1C8 
 3388      587CC182 
 3389 079f 428D401E 		.ascii	"B\215@\036\340P\230\032\235\324$TmR\233V\3201\002S\243"
 3389      E050981A 
 3389      9DD42454 
 3389      6D529B56 
 3389      D0310253 
 3390 07b4 A05A1C1A 		.ascii	"\240Z\034\032\201C\341NQMjAI\307\311\210\3443\002\203"
ARM GAS  C:\Users\PUBLIC~1.LAP\AppData\Local\Temp\ccWUeqHQ.s 			page 109


 3390      8143E14E 
 3390      514D6A41 
 3390      49C7C988 
 3390      E4330283 
 3391 07c8 6A3108DC 		.ascii	"j1\010\334QTBR"
 3391      51544252 
 3392 07d0 917E3E5C 		.ascii	"\221~>\\\301\244C\250\016\205\252Q\323\2210\211(\201"
 3392      C1A443A8 
 3392      0E85AA51 
 3392      D3913089 
 3392      2881
 3393 07e2 11F8535D 		.ascii	"\021\370S] 2\241*S\360\006j\004>`L\"6\201x\014\0301"
 3393      2032A12A 
 3393      53F0066A 
 3393      043E604C 
 3393      22368178 
 3394 07f9 5A1819C1 		.ascii	"Z\030\031\301\020\256 q\007Z\314@\021B\007\031\244\302"
 3394      10AE2071 
 3394      075ACC40 
 3394      11420719 
 3394      A4C2
 3395 080b 154C4B41 		.ascii	"\025LKAu\210\244\"\015\205,\204E&\0267\210GLJ,\230\224"
 3395      7588A422 
 3395      0D852C84 
 3395      45261637 
 3395      88474C4A 
 3396 0822 58D4F080 		.ascii	"X\324\360\200x\2038\234a\003F\003-\226\220T\243\215"
 3396      7883389C 
 3396      61034603 
 3396      2D969054 
 3396      A38D
 3397 0834 1DC326E2 		.ascii	"\035\303&\342\0210\310\000\0036 \260\000\006\335\027"
 3397      1130C800 
 3397      033620B0 
 3397      0006DD17 
 3398 0844 CFD79912 		.ascii	"\317\327\231\022=\036\336~\260`\355\300e.Mj\353Kk\015"
 3398      3D1EDE7E 
 3398      B060EDC0 
 3398      652E4D6A 
 3398      EB4B6B0D 
 3399 0858 958F9CAF 		.ascii	"\225\217\234\257\347\0329.\203\246I\261y\302q\014\227"
 3399      E71A392E 
 3399      83A649B1 
 3399      79C2710C 
 3399      97
 3400 0869 32792E69 		.ascii	"2y.i\262\006m\024\345\034\025F\207\344\334\334\370\255"
 3400      B2066D14 
 3400      E51C1546 
 3400      87E4DCDC 
 3400      F8AD
 3401 087b 0C0A0C58 		.ascii	"\014\012\014X\220\025]^\2334\347\267(\344\0247s\354"
 3401      90155D5E 
 3401      9B34E7B7 
 3401      28E41437 
 3401      73EC
 3402 088d D684AA8B 		.ascii	"\326\204\252\213\223\022-\317\234\3414\026Z\241\306"
 3402      93122DCF 
ARM GAS  C:\Users\PUBLIC~1.LAP\AppData\Local\Temp\ccWUeqHQ.s 			page 110


 3402      9CE13416 
 3402      5AA1C6
 3403 089c C674ADDA 		.ascii	"\306t\255\332W\234.v\351\320\236\0313\234\246\202\011"
 3403      579C2E76 
 3403      E9D09E19 
 3403      339CA682 
 3403      09
 3404 08ad 628C8DC8 		.ascii	"b\214\215\310\025\017\015F\334tyK\211lPS\3432\0374\334"
 3404      150F0D46 
 3404      DC74794B 
 3404      896C5053 
 3404      E3321F34 
 3405 08c2 1D18D018 		.ascii	"\035\030\320\030\224\030\234l\3472:^S\254,\327t\264"
 3405      94189C6C 
 3405      E7323A5E 
 3405      53AC2CD7 
 3405      74B4
 3406 08d4 98E8C0B5 		.ascii	"\230\350\300\265F\206G\315\027\037\262\304\314\230-"
 3406      468647CD 
 3406      171FB2C4 
 3406      CC982D
 3407 08e3 01931269 		.ascii	"\001\223\022i\205\011\303i,\326Y\277'.D\256b$\211\322"
 3407      8509C369 
 3407      2CD659BF 
 3407      272E44AE 
 3407      622489D2 
 3408 08f7 44CC396D 		.ascii	"D\3149m\007n\353i\310\332\241k\315\261#\316\224(\316"
 3408      076EEB69 
 3408      C8DAA16B 
 3408      CDB123CE 
 3408      9428CE
 3409 090a 8B17FE72 		.ascii	"\213\027\376r\026\201\320\250\321,f\0304\"#\"\"\"I\222"
 3409      1681D0A8 
 3409      D12C6618 
 3409      34222322 
 3409      22224992 
 3410 091e A4035105 		.ascii	"\244\003Q\005\204 \005-\265\015\022\240\0055\221:\245"
 3410      8420052D 
 3410      B50D12A0 
 3410      0535913A 
 3410      A5
 3411 092f 88469294 		.ascii	"\210F\222\224\324\253\264\214\0011\246\314/I\022\036"
 3411      D4ABB48C 
 3411      0131A6CC 
 3411      2F49121E 
 3412 093f 07C591C1 		.ascii	"\007\305\221\301IGN\236K@\230\2760Vb\250\005\244\012"
 3412      49474E9E 
 3412      4B4098BE 
 3412      305662A8 
 3412      05A40A
 3413 0952 E561FDD7 		.ascii	"\345a\375\327\264\017;:\364\205+g\3149z\226\217\237"
 3413      B40F3B3A 
 3413      F4852B67 
 3413      CC397A96 
 3413      8F9F
 3414 0964 1434007E 		.ascii	"\0244\000~\375a9IDJ\030Z\204\246\240\263\021\244\374"
 3414      FD613949 
ARM GAS  C:\Users\PUBLIC~1.LAP\AppData\Local\Temp\ccWUeqHQ.s 			page 111


 3414      444A185A 
 3414      84A6A0B3 
 3414      11A4FC
 3415 0977 45DA8ABA 		.ascii	"E\332\212\272\304\232*\240R\276\322\023\001)\306\274"
 3415      C49A2AA0 
 3415      52BED213 
 3415      0129C6BC 
 3416 0987 F3C321F2 		.ascii	"\363\303!\362n\214\356'u\243\356i\362\371K\207C\374"
 3416      6E8CEE27 
 3416      75A3EE69 
 3416      F2F94B87 
 3416      43FC
 3417 0999 204B4A66 		.ascii	" KJf\376\003\276\267X\213^\327\005P\013~W\015\024\275"
 3417      FE03BEB7 
 3417      588B5ED7 
 3417      05500B7E 
 3417      570D14BD 
 3418 09ad 570863EC 		.ascii	"W\010c\354]7\300\300\035\263\011\324\302\036\307V.\312"
 3418      5D37C0C0 
 3418      1DB309D4 
 3418      C21EC756 
 3418      2ECA
 3419 09bf 761EDF80 		.ascii	"v\036\337\200\341\335+S[c\031\037O\310\303{\025A\262"
 3419      E1DD2B53 
 3419      5B63191F 
 3419      4FC8C37B 
 3419      1541B2
 3420 09d2 6DBFF72D 		.ascii	"m\277\367-#\223\206\322.\373\257d\2126\255\014\2445"
 3420      239386D2 
 3420      2EFBAF64 
 3420      8A36AD0C 
 3420      A435
 3421 09e4 A6C2FD4A 		.ascii	"\246\302\375JHh\031\312\266\306\270(\315\327)\343\252"
 3421      486819CA 
 3421      B6C6B828 
 3421      CDD729E3 
 3421      AA
 3422 09f5 B58BD2D3 		.ascii	"\265\213\322\323\313'\013T\351\331|\300\336\3309\265"
 3422      CB270B54 
 3422      E9D97CC0 
 3422      DED839B5 
 3423 0a05 A13A9779 		.ascii	"\241:\227y+\324\323W\031\265?:x\215\177\213\246\216"
 3423      2BD4D357 
 3423      19B53F3A 
 3423      788D7F8B 
 3423      A68E
 3424 0a17 6174A6AE 		.ascii	"at\246\256Xq\333\345\341\016\011\362\353\210\277Z\215"
 3424      5871DBE5 
 3424      E10E09F2 
 3424      EB88BF5A 
 3424      8D
 3425 0a28 5F8084AA 		.ascii	"_\200\204\252D\334\001\243N\225\335\225\322b\267Z\336"
 3425      44DC01A3 
 3425      4E95DD95 
 3425      D262B75A 
 3425      DE
 3426 0a39 C87DF74F 		.ascii	"\310}\367O!\313\272\347\217J\321\355\003\011\322\365"
ARM GAS  C:\Users\PUBLIC~1.LAP\AppData\Local\Temp\ccWUeqHQ.s 			page 112


 3426      21CBBAE7 
 3426      8F4AD1ED 
 3426      0309D2F5 
 3427 0a49 50BA64E7 		.ascii	"P\272d\347\3632\233\2177gc\204#\275\214vaRKLU\023\304"
 3427      F3329B8F 
 3427      37676384 
 3427      23BD8C76 
 3427      61524B4C 
 3428 0a60 5339468A 		.ascii	"S9F\212\204\274\002L\347D\255\200\3778\241\366\354\257"
 3428      84BC024C 
 3428      E744AD80 
 3428      FF38A1F6 
 3428      ECAF
 3429 0a72 391B736F 		.ascii	"9\033so\"4\234\357\264\350\022T\344\242\313l\235\020"
 3429      22349CEF 
 3429      B4E81254 
 3429      E4A2CB6C 
 3429      9D10
 3430 0a84 FD9B3B2A 		.ascii	"\375\233;**\021~1}*-\314A\023`$\247\010N'\366\000)\032"
 3430      2A117E31 
 3430      7D2A2DCC 
 3430      41136024 
 3430      A7084E27 
 3431 0a9c 965884FA 		.ascii	"\226X\204\372\365J1Z\345L\202\0142\315A\202T\353\211"
 3431      F54A315A 
 3431      E54C820C 
 3431      32CD4182 
 3431      54EB89
 3432 0aaf A8F1B8AF 		.ascii	"\250\361\270\257\311\241{jx\300\237m\354\274\210@\004"
 3432      C9A17B6A 
 3432      78C09F6D 
 3432      ECBC8840 
 3432      04
 3433 0ac0 96036DE2 		.ascii	"\226\003m\342=\014\036.\206v)3\207#\260>\272a\334\327"
 3433      3D0C1E2E 
 3433      86762933 
 3433      8723B03E 
 3433      BA61DCD7 
 3434 0ad4 655B1782 		.ascii	"e[\027\202\030\274A\004\242\345\323D\025HM#\244\324"
 3434      18BC4104 
 3434      A2E5D344 
 3434      15484D23 
 3434      A4D4
 3435 0ae6 6EC2EC46 		.ascii	"n\302\354FS\250\371`\232\033RT\353h\234U\237\204\315"
 3435      53A8F960 
 3435      9A1B5254 
 3435      EB689C55 
 3435      9F84CD
 3436 0af9 24B8E81B 		.ascii	"$\270\350\033\005\005\255\212o\332\301\215\366\305\322"
 3436      0505AD8A 
 3436      6FDAC18D 
 3436      F6C5D2
 3437 0b08 F2705842 		.ascii	"\362pXB\360!\00221\220^|\221\\\003Z\255\021\365\224"
 3437      F0210232 
 3437      31905E7C 
 3437      915C035A 
 3437      AD11F594 
ARM GAS  C:\Users\PUBLIC~1.LAP\AppData\Local\Temp\ccWUeqHQ.s 			page 113


 3438 0b1c 5A43E998 		.ascii	"ZC\351\230\266>Bt\236=\222H\210\213D\316\373\207;\375"
 3438      B63E4274 
 3438      9E3D9248 
 3438      888B44CE 
 3438      FB873BFD 
 3439 0b30 CB277945 		.ascii	"\313'yE\263\227\012\221?\317|_D1\373\356\331\324-#\023"
 3439      B3970A91 
 3439      3FCF7C5F 
 3439      4431FBEE 
 3439      D9D42D23 
 3440 0b45 7DD344A8 		.ascii	"}\323D\250\256\344\037N\252\024\204J\275_\333\343NL"
 3440      AEE41F4E 
 3440      AA14844A 
 3440      BD5FDBE3 
 3440      4E4C
 3441 0b57 6DC0B462 		.ascii	"m\300\264b\320kN@\036\254\241\363\340\265\007\222\336"
 3441      D06B4E40 
 3441      1EACA1F3 
 3441      E0B50792 
 3441      DE
 3442 0b68 3490689C 		.ascii	"4\220h\234\311\324\267\311S\011@%L\220\0058\253\211"
 3442      C9D4B7C9 
 3442      53094025 
 3442      4C900538 
 3442      AB89
 3443 0b7a 11BC1720 		.ascii	"\021\274\027 Q\246\266\025\226\200\202\3457u\0025id"
 3443      51A6B615 
 3443      968082E5 
 3443      37750235 
 3443      6964
 3444 0b8c 78436C40 		.ascii	"xCl@\260\366\303*%\203\251\036\262')\347\207YI~\306"
 3444      B0F6C32A 
 3444      2583A91E 
 3444      B22729E7 
 3444      8759497E 
 3445 0ba1 98E12442 		.ascii	"\230\341$B\202\351W\345\234`\001\356\373V\225\000\216"
 3445      82E957E5 
 3445      9C6001EE 
 3445      FB569500 
 3445      8E
 3446 0bb2 4F354424 		.ascii	"O5D$\373tU\330\011\310\022\3372\345T\223\357\"\331\216"
 3446      FB7455D8 
 3446      09C812DF 
 3446      32E55493 
 3446      EF22D98E 
 3447 0bc6 BF99F9F5 		.ascii	"\277\231\371\365t\3059\244\274^\325}\030\361/x&\222"
 3447      74C539A4 
 3447      BC5ED57D 
 3447      18F12F78 
 3447      2692
 3448 0bd8 6053C0C1 		.ascii	"`S\300\301d\034\017\032\312\367\002n\254\353\327\271"
 3448      641C0F1A 
 3448      CAF7026E 
 3448      ACEBD7B9 
 3449 0be8 7C4A765B 		.ascii	"|Jv[\340^\033\334\252>?G\273<\255)q\237}\347.'b\276"
 3449      E05E1BDC 
 3449      AA3E3F47 
ARM GAS  C:\Users\PUBLIC~1.LAP\AppData\Local\Temp\ccWUeqHQ.s 			page 114


 3449      BB3CAD29 
 3449      719F7DE7 
 3450 0c00 07F45911 		.ascii	"\007\364Y\021\236\265\267<O9+z\015\217\204|48\201^\224"
 3450      9EB5B73C 
 3450      4F392B7A 
 3450      0D8F847C 
 3450      3438815E 
 3451 0c15 43622DF1 		.ascii	"Cb-\361\201\376L\3573'u\207\320\345\360\213o`\262\304"
 3451      81FE4CEF 
 3451      33277587 
 3451      D0E5F08B 
 3451      6F60B2C4 
 3452 0c29 F7AD07DB 		.ascii	"\367\255\007\333\270>\305\300kzB,r\363qI\3733\370\001"
 3452      B83EC5C0 
 3452      6B7A422C 
 3452      72F37149 
 3452      FB33F801 
 3453 0c3d 7134EB25 		.ascii	"q4\353%;#\007\276\373}\003\347\016\263[\322\033h\340"
 3453      3B2307BE 
 3453      FB7D03E7 
 3453      0EB35BD2 
 3453      1B68E0
 3454 0c50 EDFCDAD6 		.ascii	"\355\374\332\326o\342\220\332ez\326\\5z\217'\332\360"
 3454      6FE290DA 
 3454      657AD65C 
 3454      357A8F27 
 3454      DAF0
 3455 0c62 81CFF2DB 		.ascii	"\201\317\362\333\346U\351\016o\236{%X+\272P<t\356\034"
 3455      E655E90E 
 3455      6F9E7B25 
 3455      582BBA50 
 3455      3C74EE1C 
 3456 0c76 27B007EC 		.ascii	"'\260\007\354\273@uGs\314\344\267\264\202\237V\023;"
 3456      BB407547 
 3456      73CCE4B7 
 3456      B4829F56 
 3456      133B
 3457 0c88 CBBC6EC1 		.ascii	"\313\274n\301\335\253\231\364\362\273\367\234E\365\010"
 3457      DDAB99F4 
 3457      F2BBF79C 
 3457      45F508
 3458 0c97 1F462FA7 		.ascii	"\037F/\247e\374\300\244\012"
 3458      65FCC0A4 
 3458      0A
 3459              		.text
 3460              		.section	.gnu.lto_.symtab.840c8551,"e",%progbits
 3461 0000 5F5F6865 		.ascii	"__heap_init\000"
 3461      61705F69 
 3461      6E697400 
 3462 000c 00       		.ascii	"\000"
 3463 000d 00       		.ascii	"\000"
 3464 000e 00       		.ascii	"\000"
 3465 000f 00000000 		.ascii	"\000\000\000\000\000\000\000\000"
 3465      00000000 
 3466 0017 39010000 		.ascii	"9\001\000\000"
 3467 001b 63684865 		.ascii	"chHeapObjectInit\000"
 3467      61704F62 
ARM GAS  C:\Users\PUBLIC~1.LAP\AppData\Local\Temp\ccWUeqHQ.s 			page 115


 3467      6A656374 
 3467      496E6974 
 3467      00
 3468 002c 00       		.ascii	"\000"
 3469 002d 00       		.ascii	"\000"
 3470 002e 00       		.ascii	"\000"
 3471 002f 00000000 		.ascii	"\000\000\000\000\000\000\000\000"
 3471      00000000 
 3472 0037 3F010000 		.ascii	"?\001\000\000"
 3473 003b 63684865 		.ascii	"chHeapAllocAligned\000"
 3473      6170416C 
 3473      6C6F6341 
 3473      6C69676E 
 3473      656400
 3474 004e 00       		.ascii	"\000"
 3475 004f 00       		.ascii	"\000"
 3476 0050 00       		.ascii	"\000"
 3477 0051 00000000 		.ascii	"\000\000\000\000\000\000\000\000"
 3477      00000000 
 3478 0059 45010000 		.ascii	"E\001\000\000"
 3479 005d 63684865 		.ascii	"chHeapFree\000"
 3479      61704672 
 3479      656500
 3480 0068 00       		.ascii	"\000"
 3481 0069 00       		.ascii	"\000"
 3482 006a 00       		.ascii	"\000"
 3483 006b 00000000 		.ascii	"\000\000\000\000\000\000\000\000"
 3483      00000000 
 3484 0073 49010000 		.ascii	"I\001\000\000"
 3485 0077 63684865 		.ascii	"chHeapStatus\000"
 3485      61705374 
 3485      61747573 
 3485      00
 3486 0084 00       		.ascii	"\000"
 3487 0085 00       		.ascii	"\000"
 3488 0086 00       		.ascii	"\000"
 3489 0087 00000000 		.ascii	"\000\000\000\000\000\000\000\000"
 3489      00000000 
 3490 008f 4F010000 		.ascii	"O\001\000\000"
 3491 0093 63684865 		.ascii	"chHeapIntegrityCheck\000"
 3491      6170496E 
 3491      74656772 
 3491      69747943 
 3491      6865636B 
 3492 00a8 00       		.ascii	"\000"
 3493 00a9 00       		.ascii	"\000"
 3494 00aa 00       		.ascii	"\000"
 3495 00ab 00000000 		.ascii	"\000\000\000\000\000\000\000\000"
 3495      00000000 
 3496 00b3 53010000 		.ascii	"S\001\000\000"
 3497 00b7 6368436F 		.ascii	"chCoreAllocFromTop\000"
 3497      7265416C 
 3497      6C6F6346 
 3497      726F6D54 
 3497      6F7000
 3498 00ca 00       		.ascii	"\000"
 3499 00cb 02       		.ascii	"\002"
ARM GAS  C:\Users\PUBLIC~1.LAP\AppData\Local\Temp\ccWUeqHQ.s 			page 116


 3500 00cc 00       		.ascii	"\000"
 3501 00cd 00000000 		.ascii	"\000\000\000\000\000\000\000\000"
 3501      00000000 
 3502 00d5 27010000 		.ascii	"'\001\000\000"
 3503 00d9 63684D74 		.ascii	"chMtxObjectInit\000"
 3503      784F626A 
 3503      65637449 
 3503      6E697400 
 3504 00e9 00       		.ascii	"\000"
 3505 00ea 02       		.ascii	"\002"
 3506 00eb 00       		.ascii	"\000"
 3507 00ec 00000000 		.ascii	"\000\000\000\000\000\000\000\000"
 3507      00000000 
 3508 00f4 57010000 		.ascii	"W\001\000\000"
 3509 00f8 6368436F 		.ascii	"chCoreGetStatusX\000"
 3509      72654765 
 3509      74537461 
 3509      74757358 
 3509      00
 3510 0109 00       		.ascii	"\000"
 3511 010a 02       		.ascii	"\002"
 3512 010b 00       		.ascii	"\000"
 3513 010c 00000000 		.ascii	"\000\000\000\000\000\000\000\000"
 3513      00000000 
 3514 0114 5D010000 		.ascii	"]\001\000\000"
 3515 0118 63684D74 		.ascii	"chMtxUnlock\000"
 3515      78556E6C 
 3515      6F636B00 
 3516 0124 00       		.ascii	"\000"
 3517 0125 02       		.ascii	"\002"
 3518 0126 00       		.ascii	"\000"
 3519 0127 00000000 		.ascii	"\000\000\000\000\000\000\000\000"
 3519      00000000 
 3520 012f 5F010000 		.ascii	"_\001\000\000"
 3521 0133 63684D74 		.ascii	"chMtxLock\000"
 3521      784C6F63 
 3521      6B00
 3522 013d 00       		.ascii	"\000"
 3523 013e 02       		.ascii	"\002"
 3524 013f 00       		.ascii	"\000"
 3525 0140 00000000 		.ascii	"\000\000\000\000\000\000\000\000"
 3525      00000000 
 3526 0148 61010000 		.ascii	"a\001\000\000"
 3527 014c 63684D65 		.ascii	"chMemIsAddressExecutableX\000"
 3527      6D497341 
 3527      64647265 
 3527      73734578 
 3527      65637574 
 3528 0166 00       		.ascii	"\000"
 3529 0167 02       		.ascii	"\002"
 3530 0168 00       		.ascii	"\000"
 3531 0169 00000000 		.ascii	"\000\000\000\000\000\000\000\000"
 3531      00000000 
 3532 0171 65010000 		.ascii	"e\001\000\000"
 3533              		.text
 3534              		.section	.gnu.lto_.ext_symtab.840c8551,"e",%progbits
 3535 0000 01       		.ascii	"\001"
ARM GAS  C:\Users\PUBLIC~1.LAP\AppData\Local\Temp\ccWUeqHQ.s 			page 117


 3536 0001 01       		.ascii	"\001"
 3537 0002 00       		.ascii	"\000"
 3538 0003 01       		.ascii	"\001"
 3539 0004 00       		.ascii	"\000"
 3540 0005 01       		.ascii	"\001"
 3541 0006 00       		.ascii	"\000"
 3542 0007 01       		.ascii	"\001"
 3543 0008 00       		.ascii	"\000"
 3544 0009 01       		.ascii	"\001"
 3545 000a 00       		.ascii	"\000"
 3546 000b 01       		.ascii	"\001"
 3547 000c 00       		.ascii	"\000"
 3548 000d 01       		.ascii	"\001"
 3549 000e 00       		.ascii	"\000"
 3550 000f 01       		.ascii	"\001"
 3551 0010 00       		.ascii	"\000"
 3552 0011 01       		.ascii	"\001"
 3553 0012 00       		.ascii	"\000"
 3554 0013 01       		.ascii	"\001"
 3555 0014 00       		.ascii	"\000"
 3556 0015 01       		.ascii	"\001"
 3557 0016 00       		.ascii	"\000"
 3558 0017 01       		.ascii	"\001"
 3559 0018 00       		.ascii	"\000"
 3560              		.text
 3561              		.section	.gnu.lto_.opts,"e",%progbits
 3562 0000 272D666E 		.ascii	"'-fno-openmp' '-fno-openacc' '-fno-pie' '-fcf-prote"
 3562      6F2D6F70 
 3562      656E6D70 
 3562      2720272D 
 3562      666E6F2D 
 3563 0033 6374696F 		.ascii	"ction=none' '-g' '-mcpu=cortex-m0' '-mthumb' '-mflo"
 3563      6E3D6E6F 
 3563      6E652720 
 3563      272D6727 
 3563      20272D6D 
 3564 0066 61742D61 		.ascii	"at-abi=soft' '-mlibarch=armv6s-m' '-march=armv6s-m'"
 3564      62693D73 
 3564      6F667427 
 3564      20272D6D 
 3564      6C696261 
 3565 0099 20272D4F 		.ascii	" '-Os' '-fomit-frame-pointer' '-falign-functions=16"
 3565      73272027 
 3565      2D666F6D 
 3565      69742D66 
 3565      72616D65 
 3566 00cc 2720272D 		.ascii	"' '-ffunction-sections' '-fdata-sections' '-fno-com"
 3566      6666756E 
 3566      6374696F 
 3566      6E2D7365 
 3566      6374696F 
 3567 00ff 6D6F6E27 		.ascii	"mon' '-flto' '-Xassembler' '-alms=./build/lst/chmem"
 3567      20272D66 
 3567      6C746F27 
 3567      20272D58 
 3567      61737365 
 3568 0132 68656170 		.ascii	"heaps.lst'\000"
ARM GAS  C:\Users\PUBLIC~1.LAP\AppData\Local\Temp\ccWUeqHQ.s 			page 118


 3568      732E6C73 
 3568      742700
 3569              		.text
 3570              		.comm	__gnu_lto_slim,1,1
 3571              		.ident	"GCC: (GNU) 12.2.0"
ARM GAS  C:\Users\PUBLIC~1.LAP\AppData\Local\Temp\ccWUeqHQ.s 			page 119


DEFINED SYMBOLS
                            *ABS*:00000000 chmemheaps.c
C:\Users\PUBLIC~1.LAP\AppData\Local\Temp\ccWUeqHQ.s:36     .gnu.debuglto_.debug_info:00000000 chmemheaps.c.c6dd1969
                            *COM*:00000001 __gnu_lto_slim

NO UNDEFINED SYMBOLS
