ARM GAS  C:\Users\PUBLIC~1.LAP\AppData\Local\Temp\cckHAg3A.s 			page 1


   1              		.cpu cortex-m0
   2              		.arch armv6s-m
   3              		.fpu softvfp
   4              		.eabi_attribute 20, 1
   5              		.eabi_attribute 21, 1
   6              		.eabi_attribute 23, 3
   7              		.eabi_attribute 24, 1
   8              		.eabi_attribute 25, 1
   9              		.eabi_attribute 26, 1
  10              		.eabi_attribute 30, 4
  11              		.eabi_attribute 34, 0
  12              		.eabi_attribute 18, 4
  13              		.file	"chmemcore.c"
  14              		.file 1 "d:\\qmk_msys\\mingw64\\lib\\gcc\\arm-none-eabi\\12.2.0\\include\\stddef.h"
  15              		.file 2 "d:\\qmk_msys\\mingw64\\arm-none-eabi\\include\\machine\\_default_types.h"
  16              		.file 3 "d:\\qmk_msys\\mingw64\\arm-none-eabi\\include\\sys\\_stdint.h"
  17              		.file 4 "D:\\00a_liuhy\\temp126\\ChibiOS-Contrib/os/common/ext/CMSIS/ES32/FS026/md/md_timer.h"
  18              		.file 5 "D:\\00a_liuhy\\temp126\\ChibiOS/os/oslib/include/chmemchecks.h"
  19              		.file 6 "D:\\00a_liuhy\\temp126\\ChibiOS/os/oslib/include/chmemcore.h"
  20              		.file 7 "D:\\00a_liuhy\\temp126\\ChibiOS/os/oslib/src/chmemcore.c"
  21              		.file 8 "D:\\00a_liuhy\\temp126\\ChibiOS/os/rt/include/chsys.h"
  22              		.file 9 "D:\\00a_liuhy\\temp126\\ChibiOS/os/common/ports/ARMv6-M/chcore.h"
  23              		.file 10 "D:\\00a_liuhy\\temp126\\ChibiOS/os/common/ext/ARM/CMSIS/Core/Include/cmsis_gcc.h"
  24              		.section	.gnu.debuglto_.debug_info,"e",%progbits
  25              	.Ldebug_info0:
  26              		.hidden	chmemcore.c.29276426
  27              		.weak	chmemcore.c.29276426
  28              	chmemcore.c.29276426:
  29 0000 6E030000 		.4byte	0x36e
  30 0004 0500     		.2byte	0x5
  31 0006 01       		.byte	0x1
  32 0007 04       		.byte	0x4
  33 0008 00000000 		.4byte	.Ldebug_abbrev0
  34 000c 13       		.uleb128 0x13
  35 000d 98020000 		.4byte	.LASF45
  36 0011 1D       		.byte	0x1d
  37 0012 C5000000 		.4byte	.LASF46
  38 0016 53000000 		.4byte	.LASF47
  39 001a 00000000 		.4byte	.Ldebug_line0
  40 001e 14       		.uleb128 0x14
  41 001f 04       		.byte	0x4
  42 0020 05       		.byte	0x5
  43 0021 696E7400 		.ascii	"int\000"
  44 0025 05       		.uleb128 0x5
  45 0026 0A000000 		.4byte	.LASF4
  46 002a 01       		.byte	0x1
  47 002b D6       		.byte	0xd6
  48 002c 17       		.byte	0x17
  49 002d 31000000 		.4byte	0x31
  50 0031 01       		.uleb128 0x1
  51 0032 04       		.byte	0x4
  52 0033 07       		.byte	0x7
  53 0034 73010000 		.4byte	.LASF0
  54 0038 01       		.uleb128 0x1
  55 0039 08       		.byte	0x8
  56 003a 05       		.byte	0x5
  57 003b EB010000 		.4byte	.LASF1
ARM GAS  C:\Users\PUBLIC~1.LAP\AppData\Local\Temp\cckHAg3A.s 			page 2


  58 003f 01       		.uleb128 0x1
  59 0040 08       		.byte	0x8
  60 0041 04       		.byte	0x4
  61 0042 5E020000 		.4byte	.LASF2
  62 0046 01       		.uleb128 0x1
  63 0047 01       		.byte	0x1
  64 0048 06       		.byte	0x6
  65 0049 6A020000 		.4byte	.LASF3
  66 004d 05       		.uleb128 0x5
  67 004e 00000000 		.4byte	.LASF5
  68 0052 02       		.byte	0x2
  69 0053 2B       		.byte	0x2b
  70 0054 18       		.byte	0x18
  71 0055 59000000 		.4byte	0x59
  72 0059 01       		.uleb128 0x1
  73 005a 01       		.byte	0x1
  74 005b 08       		.byte	0x8
  75 005c FB000000 		.4byte	.LASF6
  76 0060 01       		.uleb128 0x1
  77 0061 02       		.byte	0x2
  78 0062 05       		.byte	0x5
  79 0063 10020000 		.4byte	.LASF7
  80 0067 01       		.uleb128 0x1
  81 0068 02       		.byte	0x2
  82 0069 07       		.byte	0x7
  83 006a 2A010000 		.4byte	.LASF8
  84 006e 01       		.uleb128 0x1
  85 006f 04       		.byte	0x4
  86 0070 05       		.byte	0x5
  87 0071 55020000 		.4byte	.LASF9
  88 0075 01       		.uleb128 0x1
  89 0076 04       		.byte	0x4
  90 0077 07       		.byte	0x7
  91 0078 18010000 		.4byte	.LASF10
  92 007c 01       		.uleb128 0x1
  93 007d 08       		.byte	0x8
  94 007e 07       		.byte	0x7
  95 007f 81020000 		.4byte	.LASF11
  96 0083 05       		.uleb128 0x5
  97 0084 91010000 		.4byte	.LASF12
  98 0088 03       		.byte	0x3
  99 0089 18       		.byte	0x18
 100 008a 13       		.byte	0x13
 101 008b 4D000000 		.4byte	0x4d
 102 008f 03       		.uleb128 0x3
 103 0090 83000000 		.4byte	0x83
 104 0094 01       		.uleb128 0x1
 105 0095 01       		.byte	0x1
 106 0096 08       		.byte	0x8
 107 0097 8C010000 		.4byte	.LASF13
 108 009b 03       		.uleb128 0x3
 109 009c 94000000 		.4byte	0x94
 110 00a0 01       		.uleb128 0x1
 111 00a1 01       		.byte	0x1
 112 00a2 02       		.byte	0x2
 113 00a3 7B020000 		.4byte	.LASF14
 114 00a7 0E       		.uleb128 0xe
ARM GAS  C:\Users\PUBLIC~1.LAP\AppData\Local\Temp\cckHAg3A.s 			page 3


 115 00a8 83000000 		.4byte	0x83
 116 00ac 04       		.uleb128 0x4
 117 00ad 8F000000 		.4byte	0x8f
 118 00b1 BC000000 		.4byte	0xbc
 119 00b5 06       		.uleb128 0x6
 120 00b6 31000000 		.4byte	0x31
 121 00ba 07       		.byte	0x7
 122 00bb 00       		.byte	0
 123 00bc 03       		.uleb128 0x3
 124 00bd AC000000 		.4byte	0xac
 125 00c1 07       		.uleb128 0x7
 126 00c2 2E020000 		.4byte	.LASF15
 127 00c6 3B       		.byte	0x3b
 128 00c7 BC000000 		.4byte	0xbc
 129 00cb 08       		.byte	0x8
 130 00cc 00       		.byte	0
 131 00cd 00       		.byte	0
 132 00ce 00       		.byte	0
 133 00cf 00       		.byte	0
 134 00d0 04       		.byte	0x4
 135 00d1 04       		.byte	0x4
 136 00d2 04       		.byte	0x4
 137 00d3 04       		.byte	0x4
 138 00d4 07       		.uleb128 0x7
 139 00d5 09010000 		.4byte	.LASF16
 140 00d9 47       		.byte	0x47
 141 00da BC000000 		.4byte	0xbc
 142 00de 08       		.byte	0x8
 143 00df 00       		.byte	0
 144 00e0 00       		.byte	0
 145 00e1 08       		.byte	0x8
 146 00e2 00       		.byte	0
 147 00e3 00       		.byte	0
 148 00e4 00       		.byte	0
 149 00e5 08       		.byte	0x8
 150 00e6 00       		.byte	0
 151 00e7 07       		.uleb128 0x7
 152 00e8 23000000 		.4byte	.LASF17
 153 00ec 53       		.byte	0x53
 154 00ed BC000000 		.4byte	0xbc
 155 00f1 08       		.byte	0x8
 156 00f2 00       		.byte	0
 157 00f3 00       		.byte	0
 158 00f4 08       		.byte	0x8
 159 00f5 00       		.byte	0
 160 00f6 00       		.byte	0
 161 00f7 00       		.byte	0
 162 00f8 08       		.byte	0x8
 163 00f9 00       		.byte	0
 164 00fa 07       		.uleb128 0x7
 165 00fb 3D010000 		.4byte	.LASF18
 166 00ff 5F       		.byte	0x5f
 167 0100 BC000000 		.4byte	0xbc
 168 0104 08       		.byte	0x8
 169 0105 00       		.byte	0
 170 0106 02       		.byte	0x2
 171 0107 04       		.byte	0x4
ARM GAS  C:\Users\PUBLIC~1.LAP\AppData\Local\Temp\cckHAg3A.s 			page 4


 172 0108 06       		.byte	0x6
 173 0109 08       		.byte	0x8
 174 010a 0A       		.byte	0xa
 175 010b 0C       		.byte	0xc
 176 010c 0E       		.byte	0xe
 177 010d 04       		.uleb128 0x4
 178 010e 8F000000 		.4byte	0x8f
 179 0112 1D010000 		.4byte	0x11d
 180 0116 06       		.uleb128 0x6
 181 0117 31000000 		.4byte	0x31
 182 011b 06       		.byte	0x6
 183 011c 00       		.byte	0
 184 011d 03       		.uleb128 0x3
 185 011e 0D010000 		.4byte	0x10d
 186 0122 07       		.uleb128 0x7
 187 0123 93000000 		.4byte	.LASF19
 188 0127 6B       		.byte	0x6b
 189 0128 1D010000 		.4byte	0x11d
 190 012c 07       		.byte	0x7
 191 012d 00       		.byte	0
 192 012e 01       		.byte	0x1
 193 012f 02       		.byte	0x2
 194 0130 03       		.byte	0x3
 195 0131 04       		.byte	0x4
 196 0132 05       		.byte	0x5
 197 0133 06       		.byte	0x6
 198 0134 15       		.uleb128 0x15
 199 0135 04       		.byte	0x4
 200 0136 0F       		.uleb128 0xf
 201 0137 05       		.byte	0x5
 202 0138 32       		.byte	0x32
 203 0139 58010000 		.4byte	0x158
 204 013d 08       		.uleb128 0x8
 205 013e 6E010000 		.4byte	.LASF20
 206 0142 05       		.byte	0x5
 207 0143 37       		.byte	0x37
 208 0144 22       		.byte	0x22
 209 0145 A7000000 		.4byte	0xa7
 210 0149 00       		.byte	0
 211 014a 08       		.uleb128 0x8
 212 014b 76020000 		.4byte	.LASF21
 213 014f 05       		.byte	0x5
 214 0150 3D       		.byte	0x3d
 215 0151 21       		.byte	0x21
 216 0152 25000000 		.4byte	0x25
 217 0156 04       		.byte	0x4
 218 0157 00       		.byte	0
 219 0158 05       		.uleb128 0x5
 220 0159 AE000000 		.4byte	.LASF22
 221 015d 05       		.byte	0x5
 222 015e 3E       		.byte	0x3e
 223 015f 03       		.byte	0x3
 224 0160 36010000 		.4byte	0x136
 225 0164 0F       		.uleb128 0xf
 226 0165 06       		.byte	0x6
 227 0166 51       		.byte	0x51
 228 0167 86010000 		.4byte	0x186
ARM GAS  C:\Users\PUBLIC~1.LAP\AppData\Local\Temp\cckHAg3A.s 			page 5


 229 016b 08       		.uleb128 0x8
 230 016c 3F020000 		.4byte	.LASF23
 231 0170 06       		.byte	0x6
 232 0171 55       		.byte	0x55
 233 0172 0C       		.byte	0xc
 234 0173 A7000000 		.4byte	0xa7
 235 0177 00       		.byte	0
 236 0178 08       		.uleb128 0x8
 237 0179 99010000 		.4byte	.LASF24
 238 017d 06       		.byte	0x6
 239 017e 59       		.byte	0x59
 240 017f 0C       		.byte	0xc
 241 0180 A7000000 		.4byte	0xa7
 242 0184 04       		.byte	0x4
 243 0185 00       		.byte	0
 244 0186 05       		.uleb128 0x5
 245 0187 89000000 		.4byte	.LASF25
 246 018b 06       		.byte	0x6
 247 018c 5A       		.byte	0x5a
 248 018d 03       		.byte	0x3
 249 018e 64010000 		.4byte	0x164
 250 0192 0B       		.uleb128 0xb
 251 0193 4C010000 		.4byte	.LASF37
 252 0197 06       		.byte	0x6
 253 0198 75       		.byte	0x75
 254 0199 86010000 		.4byte	0x186
 255 019d 16       		.uleb128 0x16
 256 019e 92010000 		.4byte	0x192
 257 01a2 07       		.byte	0x7
 258 01a3 3A       		.byte	0x3a
 259 01a4 0B       		.byte	0xb
 260 01a5 10       		.uleb128 0x10
 261 01a6 DA010000 		.4byte	.LASF35
 262 01aa DB       		.byte	0xdb
 263 01ab BC010000 		.4byte	0x1bc
 264 01af 17       		.uleb128 0x17
 265 01b0 6D617000 		.ascii	"map\000"
 266 01b4 07       		.byte	0x7
 267 01b5 DB       		.byte	0xdb
 268 01b6 26       		.byte	0x26
 269 01b7 BC010000 		.4byte	0x1bc
 270 01bb 00       		.byte	0
 271 01bc 0E       		.uleb128 0xe
 272 01bd 58010000 		.4byte	0x158
 273 01c1 09       		.uleb128 0x9
 274 01c2 B3010000 		.4byte	.LASF28
 275 01c6 CA       		.byte	0xca
 276 01c7 34010000 		.4byte	0x134
 277 01cb FA010000 		.4byte	0x1fa
 278 01cf 02       		.uleb128 0x2
 279 01d0 76020000 		.4byte	.LASF21
 280 01d4 CA       		.byte	0xca
 281 01d5 21       		.byte	0x21
 282 01d6 25000000 		.4byte	0x25
 283 01da 02       		.uleb128 0x2
 284 01db 1D000000 		.4byte	.LASF26
 285 01df CA       		.byte	0xca
ARM GAS  C:\Users\PUBLIC~1.LAP\AppData\Local\Temp\cckHAg3A.s 			page 6


 286 01e0 30       		.byte	0x30
 287 01e1 31000000 		.4byte	0x31
 288 01e5 02       		.uleb128 0x2
 289 01e6 16000000 		.4byte	.LASF27
 290 01ea CA       		.byte	0xca
 291 01eb 3E       		.byte	0x3e
 292 01ec 25000000 		.4byte	0x25
 293 01f0 0A       		.uleb128 0xa
 294 01f1 7000     		.ascii	"p\000"
 295 01f3 CB       		.byte	0xcb
 296 01f4 09       		.byte	0x9
 297 01f5 34010000 		.4byte	0x134
 298 01f9 00       		.byte	0
 299 01fa 09       		.uleb128 0x9
 300 01fb 1A020000 		.4byte	.LASF29
 301 01ff B2       		.byte	0xb2
 302 0200 34010000 		.4byte	0x134
 303 0204 33020000 		.4byte	0x233
 304 0208 02       		.uleb128 0x2
 305 0209 76020000 		.4byte	.LASF21
 306 020d B2       		.byte	0xb2
 307 020e 22       		.byte	0x22
 308 020f 25000000 		.4byte	0x25
 309 0213 02       		.uleb128 0x2
 310 0214 1D000000 		.4byte	.LASF26
 311 0218 B2       		.byte	0xb2
 312 0219 31       		.byte	0x31
 313 021a 31000000 		.4byte	0x31
 314 021e 02       		.uleb128 0x2
 315 021f 16000000 		.4byte	.LASF27
 316 0223 B2       		.byte	0xb2
 317 0224 3F       		.byte	0x3f
 318 0225 25000000 		.4byte	0x25
 319 0229 0A       		.uleb128 0xa
 320 022a 7000     		.ascii	"p\000"
 321 022c B3       		.byte	0xb3
 322 022d 09       		.byte	0x9
 323 022e 34010000 		.4byte	0x134
 324 0232 00       		.byte	0
 325 0233 09       		.uleb128 0x9
 326 0234 C6010000 		.4byte	.LASF30
 327 0238 91       		.byte	0x91
 328 0239 34010000 		.4byte	0x134
 329 023d 7F020000 		.4byte	0x27f
 330 0241 02       		.uleb128 0x2
 331 0242 76020000 		.4byte	.LASF21
 332 0246 91       		.byte	0x91
 333 0247 22       		.byte	0x22
 334 0248 25000000 		.4byte	0x25
 335 024c 02       		.uleb128 0x2
 336 024d 1D000000 		.4byte	.LASF26
 337 0251 91       		.byte	0x91
 338 0252 31       		.byte	0x31
 339 0253 31000000 		.4byte	0x31
 340 0257 02       		.uleb128 0x2
 341 0258 16000000 		.4byte	.LASF27
 342 025c 91       		.byte	0x91
ARM GAS  C:\Users\PUBLIC~1.LAP\AppData\Local\Temp\cckHAg3A.s 			page 7


 343 025d 3F       		.byte	0x3f
 344 025e 25000000 		.4byte	0x25
 345 0262 0A       		.uleb128 0xa
 346 0263 7000     		.ascii	"p\000"
 347 0265 92       		.byte	0x92
 348 0266 0C       		.byte	0xc
 349 0267 A7000000 		.4byte	0xa7
 350 026b 11       		.uleb128 0x11
 351 026c AE010000 		.4byte	.LASF31
 352 0270 92       		.byte	0x92
 353 0271 A7000000 		.4byte	0xa7
 354 0275 0C       		.uleb128 0xc
 355 0276 BC000000 		.4byte	.LASF34
 356 027a 8F020000 		.4byte	0x28f
 357 027e 00       		.byte	0
 358 027f 04       		.uleb128 0x4
 359 0280 9B000000 		.4byte	0x9b
 360 0284 8F020000 		.4byte	0x28f
 361 0288 06       		.uleb128 0x6
 362 0289 31000000 		.4byte	0x31
 363 028d 13       		.byte	0x13
 364 028e 00       		.byte	0
 365 028f 03       		.uleb128 0x3
 366 0290 7F020000 		.4byte	0x27f
 367 0294 09       		.uleb128 0x9
 368 0295 3E000000 		.4byte	.LASF32
 369 0299 70       		.byte	0x70
 370 029a 34010000 		.4byte	0x134
 371 029e E0020000 		.4byte	0x2e0
 372 02a2 02       		.uleb128 0x2
 373 02a3 76020000 		.4byte	.LASF21
 374 02a7 70       		.byte	0x70
 375 02a8 23       		.byte	0x23
 376 02a9 25000000 		.4byte	0x25
 377 02ad 02       		.uleb128 0x2
 378 02ae 1D000000 		.4byte	.LASF26
 379 02b2 70       		.byte	0x70
 380 02b3 32       		.byte	0x32
 381 02b4 31000000 		.4byte	0x31
 382 02b8 02       		.uleb128 0x2
 383 02b9 16000000 		.4byte	.LASF27
 384 02bd 70       		.byte	0x70
 385 02be 40       		.byte	0x40
 386 02bf 25000000 		.4byte	0x25
 387 02c3 0A       		.uleb128 0xa
 388 02c4 7000     		.ascii	"p\000"
 389 02c6 71       		.byte	0x71
 390 02c7 0C       		.byte	0xc
 391 02c8 A7000000 		.4byte	0xa7
 392 02cc 11       		.uleb128 0x11
 393 02cd 11000000 		.4byte	.LASF33
 394 02d1 71       		.byte	0x71
 395 02d2 A7000000 		.4byte	0xa7
 396 02d6 0C       		.uleb128 0xc
 397 02d7 BC000000 		.4byte	.LASF34
 398 02db F0020000 		.4byte	0x2f0
 399 02df 00       		.byte	0
ARM GAS  C:\Users\PUBLIC~1.LAP\AppData\Local\Temp\cckHAg3A.s 			page 8


 400 02e0 04       		.uleb128 0x4
 401 02e1 9B000000 		.4byte	0x9b
 402 02e5 F0020000 		.4byte	0x2f0
 403 02e9 06       		.uleb128 0x6
 404 02ea 31000000 		.4byte	0x31
 405 02ee 14       		.byte	0x14
 406 02ef 00       		.byte	0
 407 02f0 03       		.uleb128 0x3
 408 02f1 E0020000 		.4byte	0x2e0
 409 02f5 10       		.uleb128 0x10
 410 02f6 32000000 		.4byte	.LASF36
 411 02fa 51       		.byte	0x51
 412 02fb 16030000 		.4byte	0x316
 413 02ff 0B       		.uleb128 0xb
 414 0300 A0010000 		.4byte	.LASF38
 415 0304 07       		.byte	0x7
 416 0305 53       		.byte	0x53
 417 0306 16030000 		.4byte	0x316
 418 030a 0B       		.uleb128 0xb
 419 030b F9010000 		.4byte	.LASF39
 420 030f 07       		.byte	0x7
 421 0310 54       		.byte	0x54
 422 0311 16030000 		.4byte	0x316
 423 0315 00       		.byte	0
 424 0316 04       		.uleb128 0x4
 425 0317 83000000 		.4byte	0x83
 426 031b 21030000 		.4byte	0x321
 427 031f 18       		.uleb128 0x18
 428 0320 00       		.byte	0
 429 0321 19       		.uleb128 0x19
 430 0322 80010000 		.4byte	.LASF48
 431 0326 08       		.byte	0x8
 432 0327 A501     		.2byte	0x1a5
 433 0329 14       		.byte	0x14
 434 032a 38030000 		.4byte	0x338
 435 032e 0C       		.uleb128 0xc
 436 032f BC000000 		.4byte	.LASF34
 437 0333 48030000 		.4byte	0x348
 438 0337 00       		.byte	0
 439 0338 04       		.uleb128 0x4
 440 0339 9B000000 		.4byte	0x9b
 441 033d 48030000 		.4byte	0x348
 442 0341 06       		.uleb128 0x6
 443 0342 31000000 		.4byte	0x31
 444 0346 0B       		.byte	0xb
 445 0347 00       		.byte	0
 446 0348 03       		.uleb128 0x3
 447 0349 38030000 		.4byte	0x338
 448 034d 0D       		.uleb128 0xd
 449 034e 06020000 		.4byte	.LASF40
 450 0352 08       		.byte	0x8
 451 0353 9701     		.2byte	0x197
 452 0355 0D       		.uleb128 0xd
 453 0356 A2000000 		.4byte	.LASF41
 454 035a 09       		.byte	0x9
 455 035b EF01     		.2byte	0x1ef
 456 035d 0D       		.uleb128 0xd
ARM GAS  C:\Users\PUBLIC~1.LAP\AppData\Local\Temp\cckHAg3A.s 			page 9


 457 035e 57010000 		.4byte	.LASF42
 458 0362 09       		.byte	0x9
 459 0363 E601     		.2byte	0x1e6
 460 0365 12       		.uleb128 0x12
 461 0366 47020000 		.4byte	.LASF43
 462 036a 8C       		.byte	0x8c
 463 036b 12       		.uleb128 0x12
 464 036c 61010000 		.4byte	.LASF44
 465 0370 81       		.byte	0x81
 466 0371 00       		.byte	0
 467              		.section	.gnu.debuglto_.debug_abbrev,"e",%progbits
 468              	.Ldebug_abbrev0:
 469 0000 01       		.uleb128 0x1
 470 0001 24       		.uleb128 0x24
 471 0002 00       		.byte	0
 472 0003 0B       		.uleb128 0xb
 473 0004 0B       		.uleb128 0xb
 474 0005 3E       		.uleb128 0x3e
 475 0006 0B       		.uleb128 0xb
 476 0007 03       		.uleb128 0x3
 477 0008 0E       		.uleb128 0xe
 478 0009 00       		.byte	0
 479 000a 00       		.byte	0
 480 000b 02       		.uleb128 0x2
 481 000c 05       		.uleb128 0x5
 482 000d 00       		.byte	0
 483 000e 03       		.uleb128 0x3
 484 000f 0E       		.uleb128 0xe
 485 0010 3A       		.uleb128 0x3a
 486 0011 21       		.uleb128 0x21
 487 0012 07       		.sleb128 7
 488 0013 3B       		.uleb128 0x3b
 489 0014 0B       		.uleb128 0xb
 490 0015 39       		.uleb128 0x39
 491 0016 0B       		.uleb128 0xb
 492 0017 49       		.uleb128 0x49
 493 0018 13       		.uleb128 0x13
 494 0019 00       		.byte	0
 495 001a 00       		.byte	0
 496 001b 03       		.uleb128 0x3
 497 001c 26       		.uleb128 0x26
 498 001d 00       		.byte	0
 499 001e 49       		.uleb128 0x49
 500 001f 13       		.uleb128 0x13
 501 0020 00       		.byte	0
 502 0021 00       		.byte	0
 503 0022 04       		.uleb128 0x4
 504 0023 01       		.uleb128 0x1
 505 0024 01       		.byte	0x1
 506 0025 49       		.uleb128 0x49
 507 0026 13       		.uleb128 0x13
 508 0027 01       		.uleb128 0x1
 509 0028 13       		.uleb128 0x13
 510 0029 00       		.byte	0
 511 002a 00       		.byte	0
 512 002b 05       		.uleb128 0x5
 513 002c 16       		.uleb128 0x16
ARM GAS  C:\Users\PUBLIC~1.LAP\AppData\Local\Temp\cckHAg3A.s 			page 10


 514 002d 00       		.byte	0
 515 002e 03       		.uleb128 0x3
 516 002f 0E       		.uleb128 0xe
 517 0030 3A       		.uleb128 0x3a
 518 0031 0B       		.uleb128 0xb
 519 0032 3B       		.uleb128 0x3b
 520 0033 0B       		.uleb128 0xb
 521 0034 39       		.uleb128 0x39
 522 0035 0B       		.uleb128 0xb
 523 0036 49       		.uleb128 0x49
 524 0037 13       		.uleb128 0x13
 525 0038 00       		.byte	0
 526 0039 00       		.byte	0
 527 003a 06       		.uleb128 0x6
 528 003b 21       		.uleb128 0x21
 529 003c 00       		.byte	0
 530 003d 49       		.uleb128 0x49
 531 003e 13       		.uleb128 0x13
 532 003f 2F       		.uleb128 0x2f
 533 0040 0B       		.uleb128 0xb
 534 0041 00       		.byte	0
 535 0042 00       		.byte	0
 536 0043 07       		.uleb128 0x7
 537 0044 34       		.uleb128 0x34
 538 0045 00       		.byte	0
 539 0046 03       		.uleb128 0x3
 540 0047 0E       		.uleb128 0xe
 541 0048 3A       		.uleb128 0x3a
 542 0049 21       		.uleb128 0x21
 543 004a 04       		.sleb128 4
 544 004b 3B       		.uleb128 0x3b
 545 004c 0B       		.uleb128 0xb
 546 004d 39       		.uleb128 0x39
 547 004e 21       		.uleb128 0x21
 548 004f 16       		.sleb128 22
 549 0050 49       		.uleb128 0x49
 550 0051 13       		.uleb128 0x13
 551 0052 1C       		.uleb128 0x1c
 552 0053 0A       		.uleb128 0xa
 553 0054 00       		.byte	0
 554 0055 00       		.byte	0
 555 0056 08       		.uleb128 0x8
 556 0057 0D       		.uleb128 0xd
 557 0058 00       		.byte	0
 558 0059 03       		.uleb128 0x3
 559 005a 0E       		.uleb128 0xe
 560 005b 3A       		.uleb128 0x3a
 561 005c 0B       		.uleb128 0xb
 562 005d 3B       		.uleb128 0x3b
 563 005e 0B       		.uleb128 0xb
 564 005f 39       		.uleb128 0x39
 565 0060 0B       		.uleb128 0xb
 566 0061 49       		.uleb128 0x49
 567 0062 13       		.uleb128 0x13
 568 0063 38       		.uleb128 0x38
 569 0064 0B       		.uleb128 0xb
 570 0065 00       		.byte	0
ARM GAS  C:\Users\PUBLIC~1.LAP\AppData\Local\Temp\cckHAg3A.s 			page 11


 571 0066 00       		.byte	0
 572 0067 09       		.uleb128 0x9
 573 0068 2E       		.uleb128 0x2e
 574 0069 01       		.byte	0x1
 575 006a 3F       		.uleb128 0x3f
 576 006b 19       		.uleb128 0x19
 577 006c 03       		.uleb128 0x3
 578 006d 0E       		.uleb128 0xe
 579 006e 3A       		.uleb128 0x3a
 580 006f 21       		.uleb128 0x21
 581 0070 07       		.sleb128 7
 582 0071 3B       		.uleb128 0x3b
 583 0072 0B       		.uleb128 0xb
 584 0073 39       		.uleb128 0x39
 585 0074 21       		.uleb128 0x21
 586 0075 07       		.sleb128 7
 587 0076 27       		.uleb128 0x27
 588 0077 19       		.uleb128 0x19
 589 0078 49       		.uleb128 0x49
 590 0079 13       		.uleb128 0x13
 591 007a 01       		.uleb128 0x1
 592 007b 13       		.uleb128 0x13
 593 007c 00       		.byte	0
 594 007d 00       		.byte	0
 595 007e 0A       		.uleb128 0xa
 596 007f 34       		.uleb128 0x34
 597 0080 00       		.byte	0
 598 0081 03       		.uleb128 0x3
 599 0082 08       		.uleb128 0x8
 600 0083 3A       		.uleb128 0x3a
 601 0084 21       		.uleb128 0x21
 602 0085 07       		.sleb128 7
 603 0086 3B       		.uleb128 0x3b
 604 0087 0B       		.uleb128 0xb
 605 0088 39       		.uleb128 0x39
 606 0089 0B       		.uleb128 0xb
 607 008a 49       		.uleb128 0x49
 608 008b 13       		.uleb128 0x13
 609 008c 00       		.byte	0
 610 008d 00       		.byte	0
 611 008e 0B       		.uleb128 0xb
 612 008f 34       		.uleb128 0x34
 613 0090 00       		.byte	0
 614 0091 03       		.uleb128 0x3
 615 0092 0E       		.uleb128 0xe
 616 0093 3A       		.uleb128 0x3a
 617 0094 0B       		.uleb128 0xb
 618 0095 3B       		.uleb128 0x3b
 619 0096 0B       		.uleb128 0xb
 620 0097 39       		.uleb128 0x39
 621 0098 21       		.uleb128 0x21
 622 0099 12       		.sleb128 18
 623 009a 49       		.uleb128 0x49
 624 009b 13       		.uleb128 0x13
 625 009c 3F       		.uleb128 0x3f
 626 009d 19       		.uleb128 0x19
 627 009e 3C       		.uleb128 0x3c
ARM GAS  C:\Users\PUBLIC~1.LAP\AppData\Local\Temp\cckHAg3A.s 			page 12


 628 009f 19       		.uleb128 0x19
 629 00a0 00       		.byte	0
 630 00a1 00       		.byte	0
 631 00a2 0C       		.uleb128 0xc
 632 00a3 34       		.uleb128 0x34
 633 00a4 00       		.byte	0
 634 00a5 03       		.uleb128 0x3
 635 00a6 0E       		.uleb128 0xe
 636 00a7 49       		.uleb128 0x49
 637 00a8 13       		.uleb128 0x13
 638 00a9 34       		.uleb128 0x34
 639 00aa 19       		.uleb128 0x19
 640 00ab 00       		.byte	0
 641 00ac 00       		.byte	0
 642 00ad 0D       		.uleb128 0xd
 643 00ae 2E       		.uleb128 0x2e
 644 00af 00       		.byte	0
 645 00b0 03       		.uleb128 0x3
 646 00b1 0E       		.uleb128 0xe
 647 00b2 3A       		.uleb128 0x3a
 648 00b3 0B       		.uleb128 0xb
 649 00b4 3B       		.uleb128 0x3b
 650 00b5 05       		.uleb128 0x5
 651 00b6 39       		.uleb128 0x39
 652 00b7 21       		.uleb128 0x21
 653 00b8 14       		.sleb128 20
 654 00b9 27       		.uleb128 0x27
 655 00ba 19       		.uleb128 0x19
 656 00bb 00       		.byte	0
 657 00bc 00       		.byte	0
 658 00bd 0E       		.uleb128 0xe
 659 00be 0F       		.uleb128 0xf
 660 00bf 00       		.byte	0
 661 00c0 0B       		.uleb128 0xb
 662 00c1 21       		.uleb128 0x21
 663 00c2 04       		.sleb128 4
 664 00c3 49       		.uleb128 0x49
 665 00c4 13       		.uleb128 0x13
 666 00c5 00       		.byte	0
 667 00c6 00       		.byte	0
 668 00c7 0F       		.uleb128 0xf
 669 00c8 13       		.uleb128 0x13
 670 00c9 01       		.byte	0x1
 671 00ca 0B       		.uleb128 0xb
 672 00cb 21       		.uleb128 0x21
 673 00cc 08       		.sleb128 8
 674 00cd 3A       		.uleb128 0x3a
 675 00ce 0B       		.uleb128 0xb
 676 00cf 3B       		.uleb128 0x3b
 677 00d0 0B       		.uleb128 0xb
 678 00d1 39       		.uleb128 0x39
 679 00d2 21       		.uleb128 0x21
 680 00d3 09       		.sleb128 9
 681 00d4 01       		.uleb128 0x1
 682 00d5 13       		.uleb128 0x13
 683 00d6 00       		.byte	0
 684 00d7 00       		.byte	0
ARM GAS  C:\Users\PUBLIC~1.LAP\AppData\Local\Temp\cckHAg3A.s 			page 13


 685 00d8 10       		.uleb128 0x10
 686 00d9 2E       		.uleb128 0x2e
 687 00da 01       		.byte	0x1
 688 00db 3F       		.uleb128 0x3f
 689 00dc 19       		.uleb128 0x19
 690 00dd 03       		.uleb128 0x3
 691 00de 0E       		.uleb128 0xe
 692 00df 3A       		.uleb128 0x3a
 693 00e0 21       		.uleb128 0x21
 694 00e1 07       		.sleb128 7
 695 00e2 3B       		.uleb128 0x3b
 696 00e3 0B       		.uleb128 0xb
 697 00e4 39       		.uleb128 0x39
 698 00e5 21       		.uleb128 0x21
 699 00e6 06       		.sleb128 6
 700 00e7 27       		.uleb128 0x27
 701 00e8 19       		.uleb128 0x19
 702 00e9 01       		.uleb128 0x1
 703 00ea 13       		.uleb128 0x13
 704 00eb 00       		.byte	0
 705 00ec 00       		.byte	0
 706 00ed 11       		.uleb128 0x11
 707 00ee 34       		.uleb128 0x34
 708 00ef 00       		.byte	0
 709 00f0 03       		.uleb128 0x3
 710 00f1 0E       		.uleb128 0xe
 711 00f2 3A       		.uleb128 0x3a
 712 00f3 21       		.uleb128 0x21
 713 00f4 07       		.sleb128 7
 714 00f5 3B       		.uleb128 0x3b
 715 00f6 0B       		.uleb128 0xb
 716 00f7 39       		.uleb128 0x39
 717 00f8 21       		.uleb128 0x21
 718 00f9 10       		.sleb128 16
 719 00fa 49       		.uleb128 0x49
 720 00fb 13       		.uleb128 0x13
 721 00fc 00       		.byte	0
 722 00fd 00       		.byte	0
 723 00fe 12       		.uleb128 0x12
 724 00ff 2E       		.uleb128 0x2e
 725 0100 00       		.byte	0
 726 0101 03       		.uleb128 0x3
 727 0102 0E       		.uleb128 0xe
 728 0103 3A       		.uleb128 0x3a
 729 0104 21       		.uleb128 0x21
 730 0105 0A       		.sleb128 10
 731 0106 3B       		.uleb128 0x3b
 732 0107 0B       		.uleb128 0xb
 733 0108 39       		.uleb128 0x39
 734 0109 21       		.uleb128 0x21
 735 010a 1B       		.sleb128 27
 736 010b 27       		.uleb128 0x27
 737 010c 19       		.uleb128 0x19
 738 010d 00       		.byte	0
 739 010e 00       		.byte	0
 740 010f 13       		.uleb128 0x13
 741 0110 11       		.uleb128 0x11
ARM GAS  C:\Users\PUBLIC~1.LAP\AppData\Local\Temp\cckHAg3A.s 			page 14


 742 0111 01       		.byte	0x1
 743 0112 25       		.uleb128 0x25
 744 0113 0E       		.uleb128 0xe
 745 0114 13       		.uleb128 0x13
 746 0115 0B       		.uleb128 0xb
 747 0116 03       		.uleb128 0x3
 748 0117 0E       		.uleb128 0xe
 749 0118 1B       		.uleb128 0x1b
 750 0119 0E       		.uleb128 0xe
 751 011a 10       		.uleb128 0x10
 752 011b 17       		.uleb128 0x17
 753 011c 00       		.byte	0
 754 011d 00       		.byte	0
 755 011e 14       		.uleb128 0x14
 756 011f 24       		.uleb128 0x24
 757 0120 00       		.byte	0
 758 0121 0B       		.uleb128 0xb
 759 0122 0B       		.uleb128 0xb
 760 0123 3E       		.uleb128 0x3e
 761 0124 0B       		.uleb128 0xb
 762 0125 03       		.uleb128 0x3
 763 0126 08       		.uleb128 0x8
 764 0127 00       		.byte	0
 765 0128 00       		.byte	0
 766 0129 15       		.uleb128 0x15
 767 012a 0F       		.uleb128 0xf
 768 012b 00       		.byte	0
 769 012c 0B       		.uleb128 0xb
 770 012d 0B       		.uleb128 0xb
 771 012e 00       		.byte	0
 772 012f 00       		.byte	0
 773 0130 16       		.uleb128 0x16
 774 0131 34       		.uleb128 0x34
 775 0132 00       		.byte	0
 776 0133 47       		.uleb128 0x47
 777 0134 13       		.uleb128 0x13
 778 0135 3A       		.uleb128 0x3a
 779 0136 0B       		.uleb128 0xb
 780 0137 3B       		.uleb128 0x3b
 781 0138 0B       		.uleb128 0xb
 782 0139 39       		.uleb128 0x39
 783 013a 0B       		.uleb128 0xb
 784 013b 00       		.byte	0
 785 013c 00       		.byte	0
 786 013d 17       		.uleb128 0x17
 787 013e 05       		.uleb128 0x5
 788 013f 00       		.byte	0
 789 0140 03       		.uleb128 0x3
 790 0141 08       		.uleb128 0x8
 791 0142 3A       		.uleb128 0x3a
 792 0143 0B       		.uleb128 0xb
 793 0144 3B       		.uleb128 0x3b
 794 0145 0B       		.uleb128 0xb
 795 0146 39       		.uleb128 0x39
 796 0147 0B       		.uleb128 0xb
 797 0148 49       		.uleb128 0x49
 798 0149 13       		.uleb128 0x13
ARM GAS  C:\Users\PUBLIC~1.LAP\AppData\Local\Temp\cckHAg3A.s 			page 15


 799 014a 00       		.byte	0
 800 014b 00       		.byte	0
 801 014c 18       		.uleb128 0x18
 802 014d 21       		.uleb128 0x21
 803 014e 00       		.byte	0
 804 014f 00       		.byte	0
 805 0150 00       		.byte	0
 806 0151 19       		.uleb128 0x19
 807 0152 2E       		.uleb128 0x2e
 808 0153 01       		.byte	0x1
 809 0154 03       		.uleb128 0x3
 810 0155 0E       		.uleb128 0xe
 811 0156 3A       		.uleb128 0x3a
 812 0157 0B       		.uleb128 0xb
 813 0158 3B       		.uleb128 0x3b
 814 0159 05       		.uleb128 0x5
 815 015a 39       		.uleb128 0x39
 816 015b 0B       		.uleb128 0xb
 817 015c 27       		.uleb128 0x27
 818 015d 19       		.uleb128 0x19
 819 015e 01       		.uleb128 0x1
 820 015f 13       		.uleb128 0x13
 821 0160 00       		.byte	0
 822 0161 00       		.byte	0
 823 0162 00       		.byte	0
 824              		.section	.gnu.debuglto_.debug_line,"e",%progbits
 825              	.Ldebug_line0:
 826 0000 83000000 		.4byte	.LELT0-.LSLT0
 827              	.LSLT0:
 828 0004 0500     		.2byte	0x5
 829 0006 04       		.byte	0x4
 830 0007 00       		.byte	0
 831 0008 7B000000 		.4byte	.LELTP0-.LASLTP0
 832              	.LASLTP0:
 833 000c 01       		.byte	0x1
 834 000d 01       		.byte	0x1
 835 000e 01       		.byte	0x1
 836 000f F6       		.byte	0xf6
 837 0010 F2       		.byte	0xf2
 838 0011 0D       		.byte	0xd
 839 0012 00       		.byte	0
 840 0013 01       		.byte	0x1
 841 0014 01       		.byte	0x1
 842 0015 01       		.byte	0x1
 843 0016 01       		.byte	0x1
 844 0017 00       		.byte	0
 845 0018 00       		.byte	0
 846 0019 00       		.byte	0
 847 001a 01       		.byte	0x1
 848 001b 00       		.byte	0
 849 001c 00       		.byte	0
 850 001d 01       		.byte	0x1
 851 001e 01       		.byte	0x1
 852 001f 01       		.uleb128 0x1
 853 0020 1F       		.uleb128 0x1f
 854 0021 0A       		.uleb128 0xa
 855 0022 9E010000 		.4byte	.LASF49
ARM GAS  C:\Users\PUBLIC~1.LAP\AppData\Local\Temp\cckHAg3A.s 			page 16


 856 0026 00000000 		.4byte	.LASF50
 857 002a 48020000 		.4byte	.LASF51
 858 002e D4010000 		.4byte	.LASF52
 859 0032 09020000 		.4byte	.LASF53
 860 0036 51000000 		.4byte	.LASF54
 861 003a 7B000000 		.4byte	.LASF55
 862 003e 02010000 		.4byte	.LASF56
 863 0042 8A020000 		.4byte	.LASF57
 864 0046 A6000000 		.4byte	.LASF58
 865 004a 02       		.byte	0x2
 866 004b 01       		.uleb128 0x1
 867 004c 1F       		.uleb128 0x1f
 868 004d 02       		.uleb128 0x2
 869 004e 0B       		.uleb128 0xb
 870 004f 0B       		.uleb128 0xb
 871 0050 34010000 		.4byte	.LASF59
 872 0054 00       		.byte	0
 873 0055 3F020000 		.4byte	.LASF60
 874 0059 09       		.byte	0x9
 875 005a 7F010000 		.4byte	.LASF61
 876 005e 07       		.byte	0x7
 877 005f 47000000 		.4byte	.LASF62
 878 0063 08       		.byte	0x8
 879 0064 DF000000 		.4byte	.LASF63
 880 0068 01       		.byte	0x1
 881 0069 90010000 		.4byte	.LASF64
 882 006d 04       		.byte	0x4
 883 006e 6A010000 		.4byte	.LASF65
 884 0072 04       		.byte	0x4
 885 0073 EA000000 		.4byte	.LASF66
 886 0077 05       		.byte	0x5
 887 0078 37020000 		.4byte	.LASF67
 888 007c 06       		.byte	0x6
 889 007d 76010000 		.4byte	.LASF68
 890 0081 03       		.byte	0x3
 891 0082 F6000000 		.4byte	.LASF69
 892 0086 02       		.byte	0x2
 893              	.LELTP0:
 894              	.LELT0:
 895              		.section	.gnu.debuglto_.debug_str,"eMS",%progbits,1
 896              	.LASF5:
 897 0000 5F5F7569 		.ascii	"__uint8_t\000"
 897      6E74385F 
 897      7400
 898              	.LASF4:
 899 000a 73697A65 		.ascii	"size_t\000"
 899      5F7400
 900              	.LASF33:
 901 0011 6E657874 		.ascii	"next\000"
 901      00
 902              	.LASF27:
 903 0016 6F666673 		.ascii	"offset\000"
 903      657400
 904              	.LASF26:
 905 001d 616C6967 		.ascii	"align\000"
 905      6E00
 906              	.LASF17:
ARM GAS  C:\Users\PUBLIC~1.LAP\AppData\Local\Temp\cckHAg3A.s 			page 17


 907 0023 53484946 		.ascii	"SHIFT_TAB_ICxx\000"
 907      545F5441 
 907      425F4943 
 907      787800
 908              	.LASF36:
 909 0032 5F5F636F 		.ascii	"__core_init\000"
 909      72655F69 
 909      6E697400 
 910              	.LASF32:
 911 003e 6368436F 		.ascii	"chCoreAllocFromBaseI\000"
 911      7265416C 
 911      6C6F6346 
 911      726F6D42 
 911      61736549 
 912              	.LASF47:
 913 0053 443A5C30 		.ascii	"D:\\00a_liuhy\\temp126\\ChibiOS-Contrib\\demos\\ES3"
 913      30615F6C 
 913      69756879 
 913      5C74656D 
 913      70313236 
 914 0081 325C4653 		.ascii	"2\\FS026\000"
 914      30323600 
 915              	.LASF25:
 916 0089 6D656D63 		.ascii	"memcore_t\000"
 916      6F72655F 
 916      7400
 917              	.LASF19:
 918 0093 53484946 		.ascii	"SHIFT_TAB_OISx\000"
 918      545F5441 
 918      425F4F49 
 918      537800
 919              	.LASF41:
 920 00a2 706F7274 		.ascii	"port_unlock\000"
 920      5F756E6C 
 920      6F636B00 
 921              	.LASF22:
 922 00ae 6D656D6F 		.ascii	"memory_area_t\000"
 922      72795F61 
 922      7265615F 
 922      7400
 923              	.LASF34:
 924 00bc 5F5F6675 		.ascii	"__func__\000"
 924      6E635F5F 
 924      00
 925              	.LASF46:
 926 00c5 443A5C30 		.ascii	"D:\\00a_liuhy\\temp126\\ChibiOS/os/oslib/src/chmemc"
 926      30615F6C 
 926      69756879 
 926      5C74656D 
 926      70313236 
 927 00f5 6F72652E 		.ascii	"ore.c\000"
 927      6300
 928              	.LASF6:
 929 00fb 756E7369 		.ascii	"unsigned char\000"
 929      676E6564 
 929      20636861 
 929      7200
ARM GAS  C:\Users\PUBLIC~1.LAP\AppData\Local\Temp\cckHAg3A.s 			page 18


 930              	.LASF16:
 931 0109 53484946 		.ascii	"SHIFT_TAB_OCxx\000"
 931      545F5441 
 931      425F4F43 
 931      787800
 932              	.LASF10:
 933 0118 6C6F6E67 		.ascii	"long unsigned int\000"
 933      20756E73 
 933      69676E65 
 933      6420696E 
 933      7400
 934              	.LASF8:
 935 012a 73686F72 		.ascii	"short unsigned int\000"
 935      7420756E 
 935      7369676E 
 935      65642069 
 935      6E7400
 936              	.LASF18:
 937 013d 53484946 		.ascii	"SHIFT_TAB_CCxP\000"
 937      545F5441 
 937      425F4343 
 937      785000
 938              	.LASF37:
 939 014c 63685F6D 		.ascii	"ch_memcore\000"
 939      656D636F 
 939      726500
 940              	.LASF42:
 941 0157 706F7274 		.ascii	"port_lock\000"
 941      5F6C6F63 
 941      6B00
 942              	.LASF44:
 943 0161 5F5F656E 		.ascii	"__enable_irq\000"
 943      61626C65 
 943      5F697271 
 943      00
 944              	.LASF20:
 945 016e 62617365 		.ascii	"base\000"
 945      00
 946              	.LASF0:
 947 0173 756E7369 		.ascii	"unsigned int\000"
 947      676E6564 
 947      20696E74 
 947      00
 948              	.LASF48:
 949 0180 63685379 		.ascii	"chSysUnlock\000"
 949      73556E6C 
 949      6F636B00 
 950              	.LASF13:
 951 018c 63686172 		.ascii	"char\000"
 951      00
 952              	.LASF12:
 953 0191 75696E74 		.ascii	"uint8_t\000"
 953      385F7400 
 954              	.LASF24:
 955 0199 746F706D 		.ascii	"topmem\000"
 955      656D00
 956              	.LASF38:
ARM GAS  C:\Users\PUBLIC~1.LAP\AppData\Local\Temp\cckHAg3A.s 			page 19


 957 01a0 5F5F6865 		.ascii	"__heap_base__\000"
 957      61705F62 
 957      6173655F 
 957      5F00
 958              	.LASF31:
 959 01ae 70726576 		.ascii	"prev\000"
 959      00
 960              	.LASF28:
 961 01b3 6368436F 		.ascii	"chCoreAllocFromTop\000"
 961      7265416C 
 961      6C6F6346 
 961      726F6D54 
 961      6F7000
 962              	.LASF30:
 963 01c6 6368436F 		.ascii	"chCoreAllocFromTopI\000"
 963      7265416C 
 963      6C6F6346 
 963      726F6D54 
 963      6F704900 
 964              	.LASF35:
 965 01da 6368436F 		.ascii	"chCoreGetStatusX\000"
 965      72654765 
 965      74537461 
 965      74757358 
 965      00
 966              	.LASF1:
 967 01eb 6C6F6E67 		.ascii	"long long int\000"
 967      206C6F6E 
 967      6720696E 
 967      7400
 968              	.LASF39:
 969 01f9 5F5F6865 		.ascii	"__heap_end__\000"
 969      61705F65 
 969      6E645F5F 
 969      00
 970              	.LASF40:
 971 0206 63685379 		.ascii	"chSysLock\000"
 971      734C6F63 
 971      6B00
 972              	.LASF7:
 973 0210 73686F72 		.ascii	"short int\000"
 973      7420696E 
 973      7400
 974              	.LASF29:
 975 021a 6368436F 		.ascii	"chCoreAllocFromBase\000"
 975      7265416C 
 975      6C6F6346 
 975      726F6D42 
 975      61736500 
 976              	.LASF15:
 977 022e 4F464653 		.ascii	"OFFSET_TAB_CHMRx\000"
 977      45545F54 
 977      41425F43 
 977      484D5278 
 977      00
 978              	.LASF23:
 979 023f 62617365 		.ascii	"basemem\000"
ARM GAS  C:\Users\PUBLIC~1.LAP\AppData\Local\Temp\cckHAg3A.s 			page 20


 979      6D656D00 
 980              	.LASF43:
 981 0247 5F5F6469 		.ascii	"__disable_irq\000"
 981      7361626C 
 981      655F6972 
 981      7100
 982              	.LASF9:
 983 0255 6C6F6E67 		.ascii	"long int\000"
 983      20696E74 
 983      00
 984              	.LASF2:
 985 025e 6C6F6E67 		.ascii	"long double\000"
 985      20646F75 
 985      626C6500 
 986              	.LASF3:
 987 026a 7369676E 		.ascii	"signed char\000"
 987      65642063 
 987      68617200 
 988              	.LASF21:
 989 0276 73697A65 		.ascii	"size\000"
 989      00
 990              	.LASF14:
 991 027b 5F426F6F 		.ascii	"_Bool\000"
 991      6C00
 992              	.LASF11:
 993 0281 6C6F6E67 		.ascii	"long long unsigned int\000"
 993      206C6F6E 
 993      6720756E 
 993      7369676E 
 993      65642069 
 994              	.LASF45:
 995 0298 474E5520 		.ascii	"GNU C17 12.2.0 -mcpu=cortex-m0 -mthumb -mfloat-abi="
 995      43313720 
 995      31322E32 
 995      2E30202D 
 995      6D637075 
 996 02cb 736F6674 		.ascii	"soft -march=armv6s-m -ggdb -Os -fomit-frame-pointer"
 996      202D6D61 
 996      7263683D 
 996      61726D76 
 996      36732D6D 
 997 02fe 202D6661 		.ascii	" -falign-functions=16 -ffunction-sections -fdata-se"
 997      6C69676E 
 997      2D66756E 
 997      6374696F 
 997      6E733D31 
 998 0331 6374696F 		.ascii	"ctions -fno-common -flto\000"
 998      6E73202D 
 998      666E6F2D 
 998      636F6D6D 
 998      6F6E202D 
 999              		.section	.gnu.debuglto_.debug_line_str,"eMS",%progbits,1
 1000              	.LASF50:
 1001 0000 443A5C30 		.ascii	"D:\\00a_liuhy\\temp126\\ChibiOS-Contrib/os/common/e"
 1001      30615F6C 
 1001      69756879 
 1001      5C74656D 
ARM GAS  C:\Users\PUBLIC~1.LAP\AppData\Local\Temp\cckHAg3A.s 			page 21


 1001      70313236 
 1002 0030 78742F43 		.ascii	"xt/CMSIS/ES32/FS026/md\000"
 1002      4D534953 
 1002      2F455333 
 1002      322F4653 
 1002      3032362F 
 1003              	.LASF62:
 1004 0047 5F737464 		.ascii	"_stdint.h\000"
 1004      696E742E 
 1004      6800
 1005              	.LASF54:
 1006 0051 443A5C30 		.ascii	"D:\\00a_liuhy\\temp126\\ChibiOS/os/oslib/src\000"
 1006      30615F6C 
 1006      69756879 
 1006      5C74656D 
 1006      70313236 
 1007              	.LASF55:
 1008 007b 443A5C30 		.ascii	"D:\\00a_liuhy\\temp126\\ChibiOS/os/rt/include\000"
 1008      30615F6C 
 1008      69756879 
 1008      5C74656D 
 1008      70313236 
 1009              	.LASF58:
 1010 00a6 643A5C71 		.ascii	"d:\\qmk_msys\\mingw64\\lib\\gcc\\arm-none-eabi\\12."
 1010      6D6B5F6D 
 1010      7379735C 
 1010      6D696E67 
 1010      7736345C 
 1011 00d3 322E305C 		.ascii	"2.0\\include\000"
 1011      696E636C 
 1011      75646500 
 1012              	.LASF63:
 1013 00df 6D645F74 		.ascii	"md_timer.h\000"
 1013      696D6572 
 1013      2E6800
 1014              	.LASF66:
 1015 00ea 63686D65 		.ascii	"chmemcore.c\000"
 1015      6D636F72 
 1015      652E6300 
 1016              	.LASF69:
 1017 00f6 636D7369 		.ascii	"cmsis_gcc.h\000"
 1017      735F6763 
 1017      632E6800 
 1018              	.LASF56:
 1019 0102 643A5C71 		.ascii	"d:\\qmk_msys\\mingw64\\arm-none-eabi\\include\\mach"
 1019      6D6B5F6D 
 1019      7379735C 
 1019      6D696E67 
 1019      7736345C 
 1020 0130 696E6500 		.ascii	"ine\000"
 1021              	.LASF59:
 1022 0134 443A5C30 		.ascii	"D:\\00a_liuhy\\temp126\\ChibiOS/os/oslib/src/chmemc"
 1022      30615F6C 
 1022      69756879 
 1022      5C74656D 
 1022      70313236 
 1023 0164 6F72652E 		.ascii	"ore.c\000"
ARM GAS  C:\Users\PUBLIC~1.LAP\AppData\Local\Temp\cckHAg3A.s 			page 22


 1023      6300
 1024              	.LASF65:
 1025 016a 63686D65 		.ascii	"chmemcore.h\000"
 1025      6D636F72 
 1025      652E6800 
 1026              	.LASF68:
 1027 0176 6368636F 		.ascii	"chcore.h\000"
 1027      72652E68 
 1027      00
 1028              	.LASF61:
 1029 017f 5F646566 		.ascii	"_default_types.h\000"
 1029      61756C74 
 1029      5F747970 
 1029      65732E68 
 1029      00
 1030              	.LASF64:
 1031 0190 63686D65 		.ascii	"chmemchecks.h\000"
 1031      6D636865 
 1031      636B732E 
 1031      6800
 1032              	.LASF49:
 1033 019e 443A5C30 		.ascii	"D:\\00a_liuhy\\temp126\\ChibiOS-Contrib\\demos\\ES3"
 1033      30615F6C 
 1033      69756879 
 1033      5C74656D 
 1033      70313236 
 1034 01cc 325C4653 		.ascii	"2\\FS026\000"
 1034      30323600 
 1035              	.LASF52:
 1036 01d4 443A5C30 		.ascii	"D:\\00a_liuhy\\temp126\\ChibiOS/os/common/ports/ARM"
 1036      30615F6C 
 1036      69756879 
 1036      5C74656D 
 1036      70313236 
 1037 0204 76362D4D 		.ascii	"v6-M\000"
 1037      00
 1038              	.LASF53:
 1039 0209 443A5C30 		.ascii	"D:\\00a_liuhy\\temp126\\ChibiOS/os/oslib/include\000"
 1039      30615F6C 
 1039      69756879 
 1039      5C74656D 
 1039      70313236 
 1040              	.LASF67:
 1041 0237 63687379 		.ascii	"chsys.h\000"
 1041      732E6800 
 1042              	.LASF60:
 1043 023f 73746464 		.ascii	"stddef.h\000"
 1043      65662E68 
 1043      00
 1044              	.LASF51:
 1045 0248 443A5C30 		.ascii	"D:\\00a_liuhy\\temp126\\ChibiOS/os/common/ext/ARM/C"
 1045      30615F6C 
 1045      69756879 
 1045      5C74656D 
 1045      70313236 
 1046 0278 4D534953 		.ascii	"MSIS/Core/Include\000"
 1046      2F436F72 
ARM GAS  C:\Users\PUBLIC~1.LAP\AppData\Local\Temp\cckHAg3A.s 			page 23


 1046      652F496E 
 1046      636C7564 
 1046      6500
 1047              	.LASF57:
 1048 028a 643A5C71 		.ascii	"d:\\qmk_msys\\mingw64\\arm-none-eabi\\include\\sys\000"
 1048      6D6B5F6D 
 1048      7379735C 
 1048      6D696E67 
 1048      7736345C 
 1049              		.text
 1050              		.section	.gnu.lto_.profile.840c98a9,"e",%progbits
 1051 0000 28B52FFD 		.ascii	"(\265/\375 \0061\000\000\002\000\000\000\000\000"
 1051      20063100 
 1051      00020000 
 1051      000000
 1052              		.text
 1053              		.section	.gnu.lto_.icf.840c98a9,"e",%progbits
 1054 0000 28B52FFD 		.ascii	"(\265/\375 nu\002\000\204\003b\000\007\000\335\335\375"
 1054      206E7502 
 1054      00840362 
 1054      000700DD 
 1054      DDFD
 1055 0012 E80C0402 		.ascii	"\350\014\004\002\000\002\001\001\240\342\234\212\012"
 1055      00020101 
 1055      A0E29C8A 
 1055      0A
 1056 001f 04E3B6CF 		.ascii	"\004\343\266\317\201\017\006\005\243\264\255\231\002"
 1056      810F0605 
 1056      A3B4AD99 
 1056      02
 1057 002c 06AEA2C2 		.ascii	"\006\256\242\302\366\013\000\007\010\241\326\340\342"
 1057      F60B0007 
 1057      08A1D6E0 
 1057      E2
 1058 0039 06080200 		.ascii	"\006\010\002\000\002\002\003\002\002\000\010\000+B\236"
 1058      02020302 
 1058      02000800 
 1058      2B429E
 1059 0048 0A4665E0 		.ascii	"\012Fe\3406\257@\000p\322\337\205\264\001,"
 1059      36AF4000 
 1059      70D2DF85 
 1059      B4012C
 1060              		.text
 1061              		.section	.gnu.lto_.ipa_sra.840c98a9,"e",%progbits
 1062 0000 28B52FFD 		.ascii	"(\265/\375 p\315\001\000\024\002d\000\006\000\000\001"
 1062      2070CD01 
 1062      00140264 
 1062      00060000 
 1062      01
 1063 0011 04030003 		.ascii	"\004\003\000\003\005\006\001\003\003\001\000\000\001"
 1063      05060103 
 1063      03010000 
 1063      01
 1064 001e 02000002 		.ascii	"\002\000\000\002\007\003\010\001\000\000\000\000\001"
 1064      07030801 
 1064      00000000 
 1064      01
ARM GAS  C:\Users\PUBLIC~1.LAP\AppData\Local\Temp\cckHAg3A.s 			page 24


 1065 002b 00090040 		.ascii	"\000\011\000@5\254X\300\223\220\313\305\0351\020\010"
 1065      35AC58C0 
 1065      9390CBC5 
 1065      1D311008 
 1066 003b 99128368 		.ascii	"\231\022\203h`\200\005"
 1066      608005
 1067              		.text
 1068              		.section	.gnu.lto_.inline.840c98a9,"e",%progbits
 1069 0000 28B52FFD 		.ascii	"(\265/\375`H\000\215\004\000B\007\027\037\240'\351\340"
 1069      6048008D 
 1069      04004207 
 1069      171FA027 
 1069      E9E0
 1070 0012 B7F69DBF 		.ascii	"\267\366\235\277X\032$\034D\252\317\177J=\177\375\177"
 1070      581A241C 
 1070      44AACF7F 
 1070      4A3D7FFD 
 1070      7F
 1071 0023 49A2137B 		.ascii	"I\242\023{\344\223M\366\336)cG\007\341\243\355\371\000"
 1071      E4934DF6 
 1071      DE296347 
 1071      07E1A3ED 
 1071      F900
 1072 0035 3630705B 		.ascii	"60p[\220\212k\264\015l\222\343Pi\015\362\376<\033\363"
 1072      908A6BB4 
 1072      0D6C92E3 
 1072      50690DF2 
 1072      FE3C1BF3 
 1073 0049 0FB7309F 		.ascii	"\017\2670\237\270\210J\213\200\17793\333\022\010Qi%"
 1073      B8884A8B 
 1073      807F3933 
 1073      DB120851 
 1073      6925
 1074 005b 97FFFBCC 		.ascii	"\227\377\373\314#\312\275\241k\333|\263\025\002\024"
 1074      23CABDA1 
 1074      6BDB7CB3 
 1074      150214
 1075 006a 00198BF0 		.ascii	"\000\031\213\360\315C\320\014\254r\253\242\320\2073"
 1075      CD43D00C 
 1075      AC72ABA2 
 1075      D08733
 1076 0079 B3B88759 		.ascii	"\263\270\207Y\327\322\014\005a\215\260*\346\270_e\216"
 1076      D7D20C05 
 1076      618DB02A 
 1076      E6B85F65 
 1076      8E
 1077 008a D562A20C 		.ascii	"\325b\242\014\263j\314Ni\3022\231\313\255\005p\003"
 1077      B36ACC4E 
 1077      69C23299 
 1077      CBAD0570 
 1077      03
 1078              		.text
 1079              		.section	.gnu.lto_.jmpfuncs.840c98a9,"e",%progbits
 1080 0000 28B52FFD 		.ascii	"(\265/\375 \310M\002\000\"D\015\026\300%\035\377\277"
 1080      20C84D02 
 1080      0022440D 
 1080      16C0251D 
ARM GAS  C:\Users\PUBLIC~1.LAP\AppData\Local\Temp\cckHAg3A.s 			page 25


 1080      FFBF
 1081 0012 BBFCFFEE 		.ascii	"\273\374\377\356U\365y\347\233\234i\215lId\222\001#"
 1081      55F579E7 
 1081      9B9C698D 
 1081      6C496492 
 1081      0123
 1082 0024 697C0070 		.ascii	"i|\000p\352\204\252\252[v\313\333\250dx\371\360\201"
 1082      EA84AAAA 
 1082      5B76CBDB 
 1082      A86478F9 
 1082      F081
 1083 0036 CC904A1A 		.ascii	"\314\220J\032\022\361\217n#+\002\006\000\305\004T\000"
 1083      12F18F6E 
 1083      232B0206 
 1083      00C50454 
 1083      00
 1084 0047 7263D31F 		.ascii	"rc\323\037X\227L\311`\200\005"
 1084      58974CC9 
 1084      608005
 1085              		.text
 1086              		.section	.gnu.lto_.pureconst.840c98a9,"e",%progbits
 1087 0000 28B52FFD 		.ascii	"(\265/\375 \027\271\000\000\023\000\000\000\006\000"
 1087      2017B900 
 1087      00130000 
 1087      000600
 1088 000f 98040498 		.ascii	"\230\004\004\230\004\005\230\004\006\272\001\007\272"
 1088      04059804 
 1088      06BA0107 
 1088      BA
 1089 001c 01089A04 		.ascii	"\001\010\232\004"
 1090              		.text
 1091              		.section	.gnu.lto_.ipa_modref.840c98a9,"e",%progbits
 1092 0000 28B52FFD 		.ascii	"(\265/\375 \260\265\002\000d\003\244\000\006\000\001"
 1092      20B0B502 
 1092      006403A4 
 1092      00060001 
 1093 0010 02060001 		.ascii	"\002\006\000\001\002\007\001\000\000\000\004\003\374"
 1093      02070100 
 1093      00000403 
 1093      FC
 1094 001d 0700FC07 		.ascii	"\007\000\374\007\000\005\006\001\000\001\000\000\006"
 1094      00050601 
 1094      00010000 
 1094      06
 1095 002a 070801B8 		.ascii	"\007\010\001\270\006\010\000\002\002\007  \002\005 "
 1095      06080002 
 1095      02072020 
 1095      020520
 1096 0039 2020C000 		.ascii	"  \300\000\300\000\000\000\014\000S\311h\271D\350\240"
 1096      C0000000 
 1096      0C0053C9 
 1096      68B944E8 
 1096      A0
 1097 004a B9D049E6 		.ascii	"\271\320I\346\000Q\021\003\304\025J`\013\034\340<\001"
 1097      00511103 
 1097      C4154A60 
 1097      0B1CE03C 
ARM GAS  C:\Users\PUBLIC~1.LAP\AppData\Local\Temp\cckHAg3A.s 			page 26


 1097      01
 1098 005b 8CB68136 		.ascii	"\214\266\2016"
 1099              		.text
 1100              		.section	.gnu.lto_.lto.840c98a9,"e",%progbits
 1101 0000 0C000000 		.ascii	"\014\000\000\000\001\000\001\000"
 1101      01000100 
 1102              		.text
 1103              		.section	.gnu.lto___core_init.2949.840c98a9,"e",%progbits
 1104 0000 28B52FFD 		.ascii	"(\265/\375`\203\000u\011\000v\020?< \0057\035#H\224"
 1104      60830075 
 1104      09007610 
 1104      3F3C2005 
 1104      371D2348 
 1105 0015 10AD7CE8 		.ascii	"\020\255|\350\300D\210\366\231E\321I5\310\340B00\241"
 1105      C04488F6 
 1105      9945D149 
 1105      35C8E042 
 1105      3030A1
 1106 0028 FA8D98FF 		.ascii	"\372\215\230\377C\316\3079(\311i$\"\223\204X \304\010"
 1106      43CEC739 
 1106      28C96924 
 1106      22938458 
 1106      20C408
 1107 003b 1B04AA09 		.ascii	"\033\004\252\011x\001\\\000\372\306&d\357\224\002)\000"
 1107      78015C00 
 1107      FAC62664 
 1107      EF940229 
 1107      00
 1108 004c 2F002D00 		.ascii	"/\000-\000\266?\340\223M\363\325\303\302\260\260nvw"
 1108      B63FE093 
 1108      4DF3D5C3 
 1108      C2B0B06E 
 1108      7677
 1109 005e 9B1D3F5D 		.ascii	"\233\035?]\236\374\207\\\240\246P\227\001\012\273kY"
 1109      9EFC875C 
 1109      A0A65097 
 1109      010ABB6B 
 1109      59
 1110 006f 531AF7BC 		.ascii	"S\032\367\274m\217m\004\373\235\2311L\362\365\231o\322"
 1110      6D8F6D04 
 1110      FB9D9931 
 1110      4CF2F599 
 1110      6FD2
 1111 0081 9E499BBA 		.ascii	"\236I\233\2721J\000\326^4\227\273ZbV\342\330+\224\234"
 1111      314A00D6 
 1111      5E3497BB 
 1111      5A6256E2 
 1111      D82B949C 
 1112 0095 1CF6B19D 		.ascii	"\034\366\261\235*\033\363\250\\\246\265\233\021 g_\331"
 1112      2A1BF3A8 
 1112      5CA6B59B 
 1112      1120675F 
 1112      D9
 1113 00a6 0A48AF71 		.ascii	"\012H\257q\216\366[,q\202\312\327\360)(w\325\374\204"
 1113      8EF65B2C 
 1113      7182CAD7 
 1113      F0292877 
ARM GAS  C:\Users\PUBLIC~1.LAP\AppData\Local\Temp\cckHAg3A.s 			page 27


 1113      D5FC84
 1114 00b9 763C76C7 		.ascii	"v<v\307W\277\344&b\005\245\3323\233t\222\013\202\231"
 1114      57BFE426 
 1114      6205A5DA 
 1114      339B7492 
 1114      0B8299
 1115 00cc DDE57C91 		.ascii	"\335\345|\221\217\224\374\217\007\366\012\276\221\350"
 1115      8F94FC8F 
 1115      07F60ABE 
 1115      91E8
 1116 00da 855F18F2 		.ascii	"\205_\030\3626oD7\020(\242\342F\305\015\302\001\004"
 1116      366F4437 
 1116      1028A2E2 
 1116      46C50DC2 
 1116      0104
 1117 00ec 81A1858E 		.ascii	"\201\241\205\216;0\240\010?\213\256\024\"\201\242\010"
 1117      3B30A008 
 1117      3F8BAE14 
 1117      2281A208 
 1118 00fc 89CFA74B 		.ascii	"\211\317\247K`\340V{l\247\312\015\251\023\0002\241A"
 1118      60E0567B 
 1118      6CA7CA0D 
 1118      A9130032 
 1118      A141
 1119 010e 68603CF0 		.ascii	"h`<\360Pp\\\207\321 \014\030g\005\017\\\354A\015c\201"
 1119      50705C87 
 1119      D1200C18 
 1119      67050F5C 
 1119      EC410D63 
 1120 0123 8107A984 		.ascii	"\201\007\251\204*\015\257\010\357\032\316\025\302x\031"
 1120      2A0DAF08 
 1120      EF1ACE15 
 1120      C27819
 1121 0132 425C8E45 		.ascii	"B\\\216E;\311"
 1121      3BC9
 1122              		.text
 1123              		.section	.gnu.lto_chCoreAllocFromBaseI.2950.840c98a9,"e",%progbits
 1124 0000 28B52FFD 		.ascii	"(\265/\375`\323\002\365\025\000\206)\222I\260VU:5G8"
 1124      60D302F5 
 1124      15008629 
 1124      9249B056 
 1124      553A3547 
 1125 0015 60CCE7F8 		.ascii	"`\314\347\370\031\336?\374t\265\350\227\343\332c\336"
 1125      19DE3FFC 
 1125      74B5E897 
 1125      E3DA63DE 
 1126 0025 730EC30B 		.ascii	"s\016\303\013\205\217\217\264n#M\363\266\215\201\215"
 1126      858F8FB4 
 1126      6E234DF3 
 1126      B68D818D 
 1127 0035 69587398 		.ascii	"iXs\230\265\315\004\003\017\200\362\003\364@\251\252"
 1127      B5CD0403 
 1127      0F80F203 
 1127      F440A9AA 
 1128 0045 DCD2F49C 		.ascii	"\334\322\364\234\356I\236\323d\264dY\331\320\336R&\031"
 1128      EE499ED3 
 1128      64B46459 
ARM GAS  C:\Users\PUBLIC~1.LAP\AppData\Local\Temp\cckHAg3A.s 			page 28


 1128      D9D0DE52 
 1128      2619
 1129 0057 7D007600 		.ascii	"}\000v\000y\000\010N\327\206\302p\035\0104U\225Wb\230"
 1129      7900084E 
 1129      D786C270 
 1129      1D083455 
 1129      95576298 
 1130 006b C0C2C5BF 		.ascii	"\300\302\305\277\005r$\302xJG\270\316\217\001\264\246"
 1130      057224C2 
 1130      784A47B8 
 1130      CE8F01B4 
 1130      A6
 1131 007c 5A7F3674 		.ascii	"Z\1776t\324J\276\354\314x\272\273\373\027\207q\333-"
 1131      D44ABEEC 
 1131      CC78BABB 
 1131      FB178771 
 1131      DB2D
 1132 008e 9AE4839F 		.ascii	"\232\344\203\237\022&\272'\265\222+\227\267\220N\347"
 1132      1226BA27 
 1132      B5922B97 
 1132      B7904EE7 
 1133 009e 03904EDB 		.ascii	"\003\220N\333\304o\247\263\371\266\307\235\312\240\030"
 1133      C46FA7B3 
 1133      F9B6C79D 
 1133      CAA018
 1134 00ad F67C1F3E 		.ascii	"\366|\037>u'\237\020\367\2241\012\021D\371\202\346i"
 1134      75279F10 
 1134      F794310A 
 1134      1144F982 
 1134      E669
 1135 00bf 0351C6CB 		.ascii	"\003Q\306\313s\006\237\020s\211\246\326\272\334\363"
 1135      73069F10 
 1135      7389A6D6 
 1135      BADCF3
 1136 00ce 75F892BE 		.ascii	"u\370\222\276\273\022v7g\267K\001G[\012B<0\374!`\350"
 1136      BB127637 
 1136      67B74B01 
 1136      475B0A42 
 1136      3C30FC21 
 1137 00e4 E3E54DC3 		.ascii	"\343\345M\303\036\304\312QvI\0347\321\356\273X,\026"
 1137      1EC4CA51 
 1137      76491C37 
 1137      D1EEBB58 
 1137      2C16
 1138 00f6 B749EC36 		.ascii	"\267I\3546\257\212yS\314\213b^\026\346]a\336S\363\252"
 1138      AF8A7953 
 1138      CC8B625E 
 1138      16E65D61 
 1138      DE53F3AA 
 1139 010a 34AFE9BF 		.ascii	"4\257\351\277\177<\360/M\336y\362\333\217\361\363\205"
 1139      7F3CF02F 
 1139      4DDE79F2 
 1139      DB8FF1F3 
 1139      85
 1140 011b DF03B887 		.ascii	"\337\003\270\207\023\345\220\201a\255\033\212Rj\021"
 1140      13E59081 
 1140      61AD1B8A 
ARM GAS  C:\Users\PUBLIC~1.LAP\AppData\Local\Temp\cckHAg3A.s 			page 29


 1140      526A11
 1141 012a CAA3C5C9 		.ascii	"\312\243\305\311_x\336\275\355e\274\334\023-\2056\027"
 1141      5F78DEBD 
 1141      ED65BCDC 
 1141      132D8536 
 1141      17
 1142 013b 53AD3F10 		.ascii	"S\255?\020:pn\270vI\333\210\343\220\352\005\025\031"
 1142      3A706EB8 
 1142      7649DB88 
 1142      E390EA05 
 1142      1519
 1143 014d D54A0641 		.ascii	"\325J\006At\014\345'pH\234t\023\255\252\273\011\224"
 1143      740CE527 
 1143      70489C74 
 1143      13ADAABB 
 1143      0994
 1144 015f 43740C65 		.ascii	"Ct\014ewg\267QC\325\005\212\200\271&\335'\271\337\335"
 1144      7767B751 
 1144      43D5058A 
 1144      80B926DD 
 1144      27B9DFDD 
 1145 0173 9FB173F1 		.ascii	"\237\261s\361!\021b_x\227\034G\331T\277_xG\250f\351"
 1145      2111625F 
 1145      78971C47 
 1145      D954BF5F 
 1145      7847A866 
 1146 0188 549F3734 		.ascii	"T\237746\252\277[\222\372\002!\2554\313\251\307^\351"
 1146      36AABF5B 
 1146      92FA0221 
 1146      AD34CBA9 
 1146      C75EE9
 1147 019b EF44A8F4 		.ascii	"\357D\250\364\251\317;jS\253\364w.\202\370hwi\037\332"
 1147      A9CF3B6A 
 1147      53ABF477 
 1147      2E82F868 
 1147      77691FDA 
 1148 01af C65A6B6B 		.ascii	"\306Zkk?\3434*\354W\234n\355\207\337;\335\377\220NM"
 1148      3FE3342A 
 1148      EC579C6E 
 1148      ED87DF3B 
 1148      DDFF904E 
 1149 01c4 DD920298 		.ascii	"\335\222\002\230\343<\367\261\000\333\231>\260\032\016"
 1149      E33CF7B1 
 1149      00DB993E 
 1149      B01A0E
 1150 01d3 0E8DB493 		.ascii	"\016\215\264\223#\323\261\241\333b\311\264\024\260f"
 1150      23D3B1A1 
 1150      DB62C9B4 
 1150      14B066
 1151 01e2 58302DB0 		.ascii	"X0-\260\013\262\332\334\027\014\254\207\366\232\301"
 1151      0BB2DADC 
 1151      170CAC87 
 1151      F69AC1
 1152 01f1 66B1D7EA 		.ascii	"f\261\327\352\325S[\335\310tj\264U\215\266\202\340@"
 1152      D5535BDD 
 1152      C8746AB4 
 1152      558DB682 
ARM GAS  C:\Users\PUBLIC~1.LAP\AppData\Local\Temp\cckHAg3A.s 			page 30


 1152      E040
 1153 0203 76238B31 		.ascii	"v#\2131\250i\261\022\360\314`>5\266\330\217L\207\202"
 1153      A869B112 
 1153      F0CC603E 
 1153      35B6D88F 
 1153      4C8782
 1154 0216 4D4C4CCD 		.ascii	"MLL\315\202\006-\262\276I,O\020\310\253\307vh\230\357"
 1154      82062DB2 
 1154      BE492C4F 
 1154      10C8ABC7 
 1154      766898EF 
 1155 022a 971F8D82 		.ascii	"\227\037\215\202\300^}vowg/M\256s\263\326Z\351k\370"
 1155      C05E7D76 
 1155      6F77672F 
 1155      4DAE73B3 
 1155      D65AE96B 
 1156 023f 72D85046 		.ascii	"r\330PFp\014H14\205\205\004K$\231M\264\246\356f\025"
 1156      700C4831 
 1156      34858504 
 1156      4B24994D 
 1156      B4A6EE66 
 1157 0254 65322070 		.ascii	"e2 p\002\021\223\306\003]6\270(\340S\346\361\212\022"
 1157      021193C6 
 1157      035D36B8 
 1157      28E053E6 
 1157      F18A12
 1158 0267 6D3674F0 		.ascii	"m6t\360\241E\2747\225\2345\360UJ\235w\244\026y&\332"
 1158      A145BC37 
 1158      959C35F0 
 1158      554A9D77 
 1158      A4167926 
 1159 027c BDEDE290 		.ascii	"\275\355\342\2205\271\\2\034\324\024\304\251\267V;b"
 1159      35B95C32 
 1159      1CD414C4 
 1159      A9B7563B 
 1159      62
 1160 028d B3F4ED66 		.ascii	"\263\364\355f\260\006Jg\011\303\275^@\305\006\327\214"
 1160      B0064A67 
 1160      09C3BD5E 
 1160      40C506D7 
 1160      8C
 1161 029e CD054251 		.ascii	"\315\005BQg\014\214\241\023\314\025\3445\261\304\031"
 1161      670C8CA1 
 1161      13CC15E4 
 1161      35B1C419 
 1162 02ae 85F19B85 		.ascii	"\205\361\233\205\205\035Fp\303\345\272B<n\370fCT\016"
 1162      851D4670 
 1162      C3E5BA42 
 1162      3C6EF866 
 1162      43540E
 1163 02c1 E3465254 		.ascii	"\343FRT\265\030\012"
 1163      B5180A
 1164              		.text
 1165              		.section	.gnu.lto_chCoreAllocFromTopI.2951.840c98a9,"e",%progbits
 1166 0000 28B52FFD 		.ascii	"(\265/\375`\277\002}\025\0006\350\216J\260\322U:sM\203"
 1166      60BF027D 
 1166      150036E8 
ARM GAS  C:\Users\PUBLIC~1.LAP\AppData\Local\Temp\cckHAg3A.s 			page 31


 1166      8E4AB0D2 
 1166      553A734D 
 1167 0015 90DEA1E9 		.ascii	"\220\336\241\351\034-\276!0y#Z\031\3150\264\347\227"
 1167      1C2DBE21 
 1167      3079235A 
 1167      19CD30B4 
 1167      E797
 1168 0027 9A985A0A 		.ascii	"\232\230Z\012\362\035.@\305\200\260\362\275\335\271"
 1168      F21D2E40 
 1168      C580B0F2 
 1168      BDDDB9
 1169 0036 FCE482DD 		.ascii	"\374\344\202\335\263\377\317\313\303\241e\371\301\226"
 1169      B3FFCFCB 
 1169      C3A165F9 
 1169      C196
 1170 0044 FF180C7D 		.ascii	"\377\030\014}\240\314\362\225\364K\300\367\244\362\375"
 1170      A0CCF295 
 1170      F44BC0F7 
 1170      A4F2FD
 1171 0053 F109913B 		.ascii	"\361\011\221;\245y\000r\000u\000\007n\332\245D\232\235"
 1171      A5790072 
 1171      00750007 
 1171      6EDAA544 
 1171      9A9D
 1172 0065 58939C40 		.ascii	"X\223\234@4\243C+1EX\335,\205f\247\007\2521\253\326"
 1172      34A3432B 
 1172      314558DD 
 1172      2C8566A7 
 1172      07AA31AB 
 1173 007a E1F1A8D6 		.ascii	"\341\361\250\326\023\201WV7m\373-\356\242g3\225\347"
 1173      13815756 
 1173      376DFB2D 
 1173      EEA26733 
 1173      95E7
 1174 008c 83E1938D 		.ascii	"\203\341\223\215\027@j=a'/Q\335,/@usK\274w\263\\\332"
 1174      17406A3D 
 1174      61272F51 
 1174      DD2C2F40 
 1174      75734BBC 
 1175 00a4 F37D3755 		.ascii	"\363}7U|\214\202\302\017/o\\B\034\272\245\212\223\210"
 1175      7C8C82C2 
 1175      0F2F6F5C 
 1175      421CBAA5 
 1175      8A9388
 1176 00b7 A097D0A6 		.ascii	"\240\227\320\246t\351 \205n<\335 \304\2414\204\245\326"
 1176      74E92085 
 1176      6E3CDD20 
 1176      C4A13484 
 1176      A5D6
 1177 00c9 6A1A1476 		.ascii	"j\032\024v\270U\267-\301v\214M\177\004n-!\013\034\225"
 1177      B855B72D 
 1177      C1768C4D 
 1177      7F046E2D 
 1177      210B1C95 
 1178 00dd 4C8E4937 		.ascii	"L\216I7\236u\274\201\254T\312>}t{\354o2\231Lzy\354\245"
 1178      9E75BC81 
 1178      AC54CA3E 
ARM GAS  C:\Users\PUBLIC~1.LAP\AppData\Local\Temp\cckHAg3A.s 			page 32


 1178      7D747BEC 
 1178      6F32994C 
 1179 00f5 2659EA97 		.ascii	"&Y\352\227I=B\251E\226\332eR\267\226\232\365\341\277"
 1179      493D42A9 
 1179      4596DA65 
 1179      52B7969A 
 1179      F5E1BF
 1180 0108 3AD01F52 		.ascii	":\320\037RR\227?\357=\361\247/\336\017p\020)\214:\006"
 1180      52973FEF 
 1180      3DF1A72F 
 1180      DE0F7010 
 1180      298C3A06 
 1181 011c 8C6AD549 		.ascii	"\214j\325I\006\251:\314\032,~\376\305S\273\347\013\335"
 1181      06A93ACC 
 1181      1A2C7EFE 
 1181      C553BBE7 
 1181      0BDD
 1182 012e 6857892C 		.ascii	"hW\211,\362NX\265\016C\034\3014\315\354\223\267\362"
 1182      F24E58B5 
 1182      0E431CC1 
 1182      34CDEC93 
 1182      B7F2
 1183 0140 710010C4 		.ascii	"q\000\020\304A\341T\353\031\306\245\033\032u\237\276"
 1183      41E154EB 
 1183      19C6A51B 
 1183      1A759FBE 
 1184 0150 AF095F13 		.ascii	"\257\011_\023\324n\217_\273;\300\210\343\206F\331\256"
 1184      D46E8F5F 
 1184      BB3BC088 
 1184      E38646D9 
 1184      AE
 1185 0161 F0A38CD7 		.ascii	"\360\243\214\327\022`\"B\355\376\034\331\357\356\207"
 1185      12602242 
 1185      EDFE1CD9 
 1185      EFEE87
 1186 0170 803F7447 		.ascii	"\200?tG\366;\200O?\372@\356\213?\371Q)\223\354\215\277"
 1186      F63B804F 
 1186      3FFA40EE 
 1186      8B3FF951 
 1186      2993EC8D 
 1187 0185 8A9C1D91 		.ascii	"\212\234\035\221%Y\323\234\251\325\212\264\226\265\256"
 1187      2559D39C 
 1187      A9D58AB4 
 1187      96B5AE
 1188 0194 3DF0C786 		.ascii	"=\360\307\206N9d[{\340\223\215{\014\336\252\326*\363"
 1188      4E39645B 
 1188      7BE0938D 
 1188      7B0CDEAA 
 1188      D62AF3
 1189 01a7 870E23E7 		.ascii	"\207\016#\347\373\334\364\205\035}\360\246\277S\335"
 1189      FBDCF485 
 1189      1D7DF0A6 
 1189      BF53DD
 1190 01b6 646DC909 		.ascii	"dm\311\011\342\217N\005\272g\250\315\350J\232\332\016"
 1190      E28F4E05 
 1190      BA67A8CD 
 1190      E84A9ADA 
ARM GAS  C:\Users\PUBLIC~1.LAP\AppData\Local\Temp\cckHAg3A.s 			page 33


 1190      0E
 1191 01c7 0626A7B2 		.ascii	"\006&\247\262\020s\223q1-\213\251\310\024\304Vb(%5\015"
 1191      10739371 
 1191      312D8BA9 
 1191      C814C456 
 1191      62282535 
 1192 01dc B75D691A 		.ascii	"\267]i\032Jm&G\303\325p6\032\2146\263\203\275\334dv"
 1192      4A6D2647 
 1192      C3D57036 
 1192      1A8C36B3 
 1192      83BDDC64 
 1193 01f1 39D82E07 		.ascii	"9\330.\007\203\340\340\366r\2631h\221\305\022\350p5"
 1193      83E0E0F6 
 1193      72B33168 
 1193      91C512E8 
 1193      7035
 1194 0203 9A169E0D 		.ascii	"\232\026\236\015\303M\206\202KJJ\313\202\006\262\263"
 1194      C34D8682 
 1194      4B4A4ACB 
 1194      8206B2B3 
 1195 0213 7E79AC43 		.ascii	"~y\254C*\242\260\333\222F\224+'\244\242\205\275\334"
 1195      2AA2B0DB 
 1195      9246942B 
 1195      27A4A285 
 1195      BDDC
 1196 0225 A0ED72CD 		.ascii	"\240\355r\315\362\333_Yk\255\346gx\240\301{\361 2a\332"
 1196      F2DB5F59 
 1196      6BADE667 
 1196      78A0C17B 
 1196      F1203261 
 1197 023a 49D21C41 		.ascii	"I\322\034A$z\224\333c\326\356\322\025\0012 \220\002"
 1197      247A94DB 
 1197      63D6EED2 
 1197      15013220 
 1197      9002
 1198 024c 115AE401 		.ascii	"\021Z\344\001]6\270(`t\243\030x\314\255(/f\303\004\017"
 1198      5D36B828 
 1198      6074A318 
 1198      78CCAD28 
 1198      2F66C304 
 1199 0261 5A3271D3 		.ascii	"Z2q\323\227s!\276:\026\317\305\010\001\334&PH\015\231"
 1199      977321BE 
 1199      3A16CFC5 
 1199      0801DC26 
 1199      50480D99 
 1200 0275 965F8836 		.ascii	"\226_\2106.odQ\243v\371i\271\341\032\266g\000\341\002"
 1200      2E6F6451 
 1200      A376F969 
 1200      B9E11AB6 
 1200      6700E102 
 1201 0289 5CD9746B 		.ascii	"\\\331tk\246\270\341*\351\217\2019t\202\271\262\274"
 1201      A6B8E12A 
 1201      E98F8139 
 1201      7482B9B2 
 1201      BC
 1202 029a 669638A7 		.ascii	"f\2268\2470v\263\270\260\313\030!\214Q\315\367\212\217"
 1202      3076B3B8 
ARM GAS  C:\Users\PUBLIC~1.LAP\AppData\Local\Temp\cckHAg3A.s 			page 34


 1202      B0CB1821 
 1202      8C51CDF7 
 1202      8A8F
 1203 02ac 1B9EB221 		.ascii	"\033\236\262!(\207\275\021)\252Z\012\005"
 1203      2887BD11 
 1203      29AA5A0A 
 1203      05
 1204              		.text
 1205              		.section	.gnu.lto_chCoreAllocFromBase.2952.840c98a9,"e",%progbits
 1206 0000 28B52FFD 		.ascii	"(\265/\375`F\003\005\027\000\226\350\226M\240\324q:"
 1206      60460305 
 1206      170096E8 
 1206      964DA0D4 
 1206      713A
 1207 0012 04BCD63C 		.ascii	"\004\274\326<\011\234\212\377)\365\251YW\277\353Q\362"
 1207      099C8AFF 
 1207      29F5A959 
 1207      57BFEB51 
 1207      F2
 1208 0023 41F300FE 		.ascii	"A\363\000\376\241\3311!\236\364\216\343\244\031\231"
 1208      A1D93121 
 1208      9EF48EE3 
 1208      A41999
 1209 0032 348A5947 		.ascii	"4\212YG\330\205\376 \005\011\250\366TG\357\200V\205"
 1209      D885FE20 
 1209      0509A8F6 
 1209      5447EF80 
 1209      5685
 1210 0044 EB492029 		.ascii	"\353I )5\243\271\227J\272\356\222\004\221|\264\377\300"
 1210      35A3B997 
 1210      4ABAEE92 
 1210      04917CB4 
 1210      FFC0
 1211 0056 BE9B909D 		.ascii	"\276\233\220\235d{\000|\000\212\000\015{\211\273w}\251"
 1211      647B007C 
 1211      008A000D 
 1211      7B89BB77 
 1211      7DA9
 1212 0068 8691296A 		.ascii	"\206\221)j\335o_\271vD\230\364\226\200\014\311\371E"
 1212      DD6F5FB9 
 1212      764498F4 
 1212      96800CC9 
 1212      F945
 1213 007a F0B26748 		.ascii	"\360\262gH\244\332\243t\262.\214\250\341_[]Yp\275${"
 1213      A4DAA374 
 1213      B22E8CA8 
 1213      E15F5B5D 
 1213      5970BD24 
 1214 008f 6AC787D2 		.ascii	"j\307\207\322\351W\316\277`\215\234_\225fq\275\354\356"
 1214      E957CEBF 
 1214      608D9C5F 
 1214      956671BD 
 1214      ECEE
 1215 00a1 3E8B3FED 		.ascii	">\213?\355\272\257\310\227\302\017\253\210\007$9\277"
 1215      BAAFC897 
 1215      C20FAB88 
 1215      072439BF 
ARM GAS  C:\Users\PUBLIC~1.LAP\AppData\Local\Temp\cckHAg3A.s 			page 35


 1216 00b1 67EC27E6 		.ascii	"g\354'\346K\362\001\314\227\343\211\357\216w\375K\235"
 1216      4BF201CC 
 1216      97E389EF 
 1216      8E77FD4B 
 1216      9D
 1217 00c2 54E1A3E1 		.ascii	"T\341\243\341\003\264s\334z\220sn\354\003\024\364\036"
 1217      03B473DC 
 1217      7A90736E 
 1217      EC0314F4 
 1217      1E
 1218 00d3 DFDD05BA 		.ascii	"\337\335\005\272_\353\3069\002/\376\241$#!`qX\374\020"
 1218      5FEBC639 
 1218      022FFEA1 
 1218      24232160 
 1218      7158FC10 
 1219 00e7 118F1FA6 		.ascii	"\021\217\037\246\"lx\241\016b\306J\272_\036<\232\350"
 1219      226C78A1 
 1219      0E62C64A 
 1219      BA5F1E3C 
 1219      9AE8
 1220 00f9 3E99C712 		.ascii	">\231\307\022\335\177\337\346\243~\362\277\177<\324"
 1220      DD7FDFE6 
 1220      A37EF2BF 
 1220      7F3CD4
 1221 0108 8F5FD8A7 		.ascii	"\217_\330\247\243\207\324t\000\305\233Cd-\311>J\033"
 1221      A387D474 
 1221      00C59B43 
 1221      642DC93E 
 1221      4A1B
 1222 011a BEBF7FF7 		.ascii	"\276\277\177\367\3731.t\037\354\026\221*_{\031m\026"
 1222      FB312E74 
 1222      1FEC1691 
 1222      2A5F7B19 
 1222      6D16
 1223 012c E11166F8 		.ascii	"\341\021f\370T\337\005\321(\206\333}\030\335\260\326"
 1223      54DF05D1 
 1223      2886DB7D 
 1223      18DDB0D6 
 1224 013c BDAA5B41 		.ascii	"\275\252[A>\370r\376\242\315\035TB\243\015\237\352\231"
 1224      3EF872FE 
 1224      A2CD1D54 
 1224      42A30D9F 
 1224      EA99
 1225 014e 11243967 		.ascii	"\021$9g\330\313>\225\256\003\263\00476\315\305\350\324"
 1225      D8CB3E95 
 1225      AE03B304 
 1225      3736CDC5 
 1225      E8D4
 1226 0160 9CD52633 		.ascii	"\234\325&3\263\262\022\343 \002\355\345\275\333\034"
 1226      B3B212E3 
 1226      2002EDE5 
 1226      BDDB1C
 1227 016f 1928F146 		.ascii	"\031(\361F^J\222\236\032+\204\177\005I\004\203n\310"
 1227      5E4A929E 
 1227      1A2B847F 
 1227      05490483 
 1227      6EC8
ARM GAS  C:\Users\PUBLIC~1.LAP\AppData\Local\Temp\cckHAg3A.s 			page 36


 1228 0181 88120216 		.ascii	"\210\022\002\026\011\340 \242\334\012\230R\344D\034"
 1228      09E020A2 
 1228      DC0A9852 
 1228      E4441C
 1229 0190 6095F4A1 		.ascii	"`\225\364\241\"\242\037\246b\017s\374\373\030\017+i"
 1229      22A21FA6 
 1229      620F73FC 
 1229      FB180F2B 
 1229      69
 1230 01a1 00981CC7 		.ascii	"\000\230\034\307\021\217\335+\006|\037s4Q\352\215\271"
 1230      118FDD2B 
 1230      067C1F73 
 1230      3451EA8D 
 1230      B9
 1231 01b2 2F75F287 		.ascii	"/u\362\207\020\020X\002\206G\226\206D~\230\260>\243"
 1231      10105802 
 1231      86479686 
 1231      447E98B0 
 1231      3EA3
 1232 01c4 BB5FACAB 		.ascii	"\273_\254\253\207\233\014\274\304K\375n\224\035\234"
 1232      879B0CBC 
 1232      C44BFD6E 
 1232      941D9C
 1233 01d3 D587F157 		.ascii	"\325\207\361W\020X\365\037\005\237\216Z\364p\012\275"
 1233      1058F51F 
 1233      059F8E5A 
 1233      F4700ABD 
 1234 01e3 C6521DAE 		.ascii	"\306R\035\256eS\266\325k\254fuo\250\253U\031\212\336"
 1234      6553B6D5 
 1234      6BAC6675 
 1234      6FA8AB55 
 1234      198ADE
 1235 01f6 C8B8ABCB 		.ascii	"\310\270\253\313\272\234)\256m9a\\`^Z\316\034\207TB"
 1235      BA9C29AE 
 1235      6D39615C 
 1235      605E5ACE 
 1235      1C875442 
 1236 020a AB2A7ABE 		.ascii	"\253*z\276\250\3204\274T\200p\2729\\{;qZ\226m\321Z\253"
 1236      A8D034BC 
 1236      548070BA 
 1236      395C7B3B 
 1236      715A966D 
 1237 0221 3257E7AA 		.ascii	"2W\347\252\350\231\326\344\330P\234\365\314\341\024"
 1237      E899D6E4 
 1237      D8509CF5 
 1237      CCE114
 1238 0230 DC9E4B5D 		.ascii	"\334\236K]\033\233\326\304\271Ym3e\323f\013h\015f,3"
 1238      1B9BD6C4 
 1238      B9596D33 
 1238      65D3660B 
 1238      680D662C 
 1239 0245 D949DA61 		.ascii	"\331I\332au\311Fe)\256E\331\224U\321\023\305\271'\315"
 1239      75C94665 
 1239      29AE45D9 
 1239      9455D113 
 1239      C5B927CD 
 1240 0259 6A73DBD3 		.ascii	"js\333\323mO\230\011+\315\252\266\304\320\002< \240"
ARM GAS  C:\Users\PUBLIC~1.LAP\AppData\Local\Temp\cckHAg3A.s 			page 37


 1240      6D4F9809 
 1240      2BCDAAB6 
 1240      C4D0023C 
 1240      20A0
 1241 026b 22B2B20E 		.ascii	"\"\262\262\016\223\306\330\200>\360`\020RF\220\205\346"
 1241      93C6D880 
 1241      3EF06010 
 1241      52469085 
 1241      E6
 1242 027c 166792C0 		.ascii	"\026g\222\300\243\313\330\002k\216B-vn\331);\207\261"
 1242      A3CBD802 
 1242      6B8E422D 
 1242      766ED929 
 1242      3B87B1
 1243 028f DF23865B 		.ascii	"\337#\206[\030F87\310\035\006\327-\306td6\0273 !k4\317"
 1243      18463837 
 1243      C81D06D7 
 1243      2DC67464 
 1243      36173320 
 1244 02a7 CDCA95AC 		.ascii	"\315\312\225\254\023U\360\270\233\035\261\321\222\221"
 1244      1355F0B8 
 1244      9B1DB1D1 
 1244      9291
 1245 02b5 BE06348B 		.ascii	"\276\0064\213\252\031\265\341\271y?\362#\214\301a\313"
 1245      AA19B5E1 
 1245      B9793FF2 
 1245      238CC161 
 1245      CB
 1246 02c6 8784CB08 		.ascii	"\207\204\313\010\027F\210\374P\023r\030\310/*\205\021"
 1246      174688FC 
 1246      50137218 
 1246      C82F2A85 
 1246      11
 1247 02d7 370B0ABB 		.ascii	"7\013\012\273\314\010\2041\254\371\275\242\343\200_"
 1247      CC088431 
 1247      ACF9BDA2 
 1247      E3805F
 1248 02e6 1A532BC8 		.ascii	"\032S+\310"
 1249              		.text
 1250              		.section	.gnu.lto_chCoreAllocFromTop.2953.840c98a9,"e",%progbits
 1251 0000 28B52FFD 		.ascii	"(\265/\375`F\003\345\026\000\226\350\225J\260\226q\306"
 1251      604603E5 
 1251      160096E8 
 1251      954AB096 
 1251      71C6
 1252 0012 3407D1FD 		.ascii	"4\007\321\375A\225;\305\354\034CJ\177$\264\3237RZ\250"
 1252      41953BC5 
 1252      EC1C434A 
 1252      7F24B4D3 
 1252      37525AA8 
 1253 0026 7B93CB59 		.ascii	"{\223\313Yz\001\352\342K\242a\247\003\360|\352\273\273"
 1253      7A01EAE2 
 1253      4BA261A7 
 1253      03F07CEA 
 1253      BBBB
 1254 0038 05ED4C9A 		.ascii	"\005\355L\232\024da\353\354>1\250\317\224n\2426T\224"
 1254      146461EB 
ARM GAS  C:\Users\PUBLIC~1.LAP\AppData\Local\Temp\cckHAg3A.s 			page 38


 1254      EC3E31A8 
 1254      CF946EA2 
 1254      365494
 1255 004b C320BF22 		.ascii	"\303 \277\"\015E\264\367\177\2677I)y\000{\000\214\000"
 1255      0D45B4F7 
 1255      7FB73749 
 1255      2979007B 
 1255      008C00
 1256 005e 7E9D14ED 		.ascii	"~\235\024\355\235\377\344\327\350\204f\267f\322\022"
 1256      9DFFE4D7 
 1256      E88466B7 
 1256      66D212
 1257 006d 1AC1D26B 		.ascii	"\032\301\322k\261\344\344\3366\301I\353\214Ihw\012\262"
 1257      B1E4E4DE 
 1257      36C149EB 
 1257      8C496877 
 1257      0AB2
 1258 007f 72618A26 		.ascii	"ra\212&\002M\265\304B\353\344\350\203v\361\277 \273"
 1258      024DB5C4 
 1258      42EBE4E8 
 1258      8376F1BF 
 1258      20BB
 1259 0091 EE0546FD 		.ascii	"\356\005F\375\270\267\205\361L\353\244m\177\306i\354"
 1259      B8B785F1 
 1259      4CEBA46D 
 1259      7FC669EC 
 1260 00a1 6C26AB96 		.ascii	"l&\253\226\002p\310\303\303\224{[\023\366\226\362\344"
 1260      0270C8C3 
 1260      C3947B5B 
 1260      13F696F2 
 1260      E4
 1261 00b2 EA02CA93 		.ascii	"\352\002\312\223#\213\357.\356\374?}\025\343\347\203"
 1261      238BEF2E 
 1261      EEFC3F7D 
 1261      15E3E783 
 1262 00c2 C848E822 		.ascii	"\310H\350\"\353\301\275\327\"\221\321\321=\336\366\001"
 1262      EBC1BDD7 
 1262      2291D1D1 
 1262      3DDEF601 
 1263 00d2 FB345B1C 		.ascii	"\3734[\034\0229\376\244\023>\244\340pj\370$%#EL\303"
 1263      1239FEA4 
 1263      133EA4E0 
 1263      706AF824 
 1263      2523454C 
 1264 00e7 00BFF798 		.ascii	"\000\277\367\230QuE*v;$\216*\354\257\356\230\302~{\227"
 1264      5175452A 
 1264      763B248E 
 1264      2AECAFEE 
 1264      98C27E7B 
 1265 00fc 77FA5707 		.ascii	"w\372W\007\376\343\177\277\350\022\177Dz\276\032\010"
 1265      FEE37FBF 
 1265      E8127F44 
 1265      7ABE1A08 
 1266 010c 5AB457C4 		.ascii	"Z\264W\304\225*\027\011\011\244\351\355o\337\337q)\366"
 1266      952A1709 
 1266      09A4E9ED 
 1266      6FDFDF71 
ARM GAS  C:\Users\PUBLIC~1.LAP\AppData\Local\Temp\cckHAg3A.s 			page 39


 1266      29F6
 1267 011e 42B3A040 		.ascii	"B\263\240@5\255\217r\031eH*\303o\370J\252|;X\373:\354"
 1267      35AD8F72 
 1267      1965482A 
 1267      C36FF84A 
 1267      AA7C3B58 
 1268 0135 97758732 		.ascii	"\227u\2072\253\311\207&\240\347pY\004\207\224o\303o"
 1268      ABC98726 
 1268      A0E77059 
 1268      0487946F 
 1268      C36F
 1269 0147 58A6C794 		.ascii	"X\246\307\224{\357\353\244\217C\3472\0057\025\315\341"
 1269      7BEFEBA4 
 1269      8F43E732 
 1269      053715CD 
 1269      E1
 1270 0158 E86A40A9 		.ascii	"\350j@\251-G'&\006\307A\204Y\313\273]\216\014P\360F"
 1270      2D472726 
 1270      06C74184 
 1270      59CBBB5D 
 1270      8E0C50F0 
 1271 016d DE8B0B10 		.ascii	"\336\213\013\020?dH\335%$!<\012\022\345\204\024\034"
 1271      3F6448DD 
 1271      2524213C 
 1271      0A12E584 
 1271      141C
 1272 017f 161052E5 		.ascii	"\026\020R\345r\252\240\201%\030U\004\250N<iI\251\210"
 1272      72AAA081 
 1272      25185504 
 1272      A84E3C69 
 1272      49A988
 1273 0192 6968A31C 		.ascii	"ih\243\034\337\036\306\023\251\030\200\270\032\307Q"
 1273      DF1EC613 
 1273      A91880B8 
 1273      1AC751
 1274 01a1 1CED1483 		.ascii	"\034\355\024\203x\242rdA\321\033\257\377\364\225\022"
 1274      78A27264 
 1274      41D11BAF 
 1274      FFF49512 
 1275 01b1 13219E0C 		.ascii	"\023!\236\014\230\222\262b\012J\021\323\223\363\260"
 1275      9892B262 
 1275      0A4A11D3 
 1275      93F3B0
 1276 01c0 ED525B3D 		.ascii	"\355R[=\361\305\313Iq\205o\273\010\211W|\035w\011\203"
 1276      F1C5CB49 
 1276      71856FBB 
 1276      0889577C 
 1276      1D770983 
 1277 01d4 507F0921 		.ascii	"P\177\011!\215\0225\216\300\010Na\250\016\267\252\250"
 1277      8D12358E 
 1277      C0084E61 
 1277      A80EB7AA 
 1277      A8
 1278 01e5 CA720AE3 		.ascii	"\312r\012\343I\331\333\331r-v\236>9l\312\2525&\212["
 1278      49D9DBD9 
 1278      722D769E 
 1278      3E396CCA 
ARM GAS  C:\Users\PUBLIC~1.LAP\AppData\Local\Temp\cckHAg3A.s 			page 40


 1278      AA35268A 
 1279 01fa 69CC9B9A 		.ascii	"i\314\233\232\033\033\0323\307\001\225\340Z\3554m`f"
 1279      1B1B1A33 
 1279      C70195E0 
 1279      5AED346D 
 1279      6066
 1280 020c 1A6C2A40 		.ascii	"\032l*@0\331\034n\275\231?\253\252\256'\315\265\030"
 1280      30D91C6E 
 1280      BD993FAB 
 1280      AAAE27CD 
 1280      B518
 1281 021e AB636BA7 		.ascii	"\253ck\247\211\362\000\331\316\237\324\314\341dn\317"
 1281      89F200D9 
 1281      CE9FD4CC 
 1281      E1646ECF 
 1282 022e A16C4FCF 		.ascii	"\241lO\317Z\376\370\2446\035\3223\331\202Y\003\331\214"
 1282      5AFEF8A4 
 1282      361DD233 
 1282      D9825903 
 1282      D98C
 1283 0240 2CD68276 		.ascii	",\326\202vH\331\225\317\030\212[O\025Uk\247y\342Xs'"
 1283      48D995CF 
 1283      188A5B4F 
 1283      15556BA7 
 1283      79E25873 
 1284 0255 B5B1ABC9 		.ascii	"\265\261\253\311\256\346\315\204t'\255\321\340\314\002"
 1284      AEE6CD84 
 1284      7427ADD1 
 1284      E0CC02
 1285 0264 3C20A022 		.ascii	"< \240\"\262\262\016\223\306\330\200>\360`\020RF\220"
 1285      B2B20E93 
 1285      C6D8803E 
 1285      F0601052 
 1285      4690
 1286 0276 85E61667 		.ascii	"\205\346\026g\222\300\243\313\330\002k\216B-vn\331)"
 1286      92C0A3CB 
 1286      D8026B8E 
 1286      422D766E 
 1286      D929
 1287 0288 3B87B1DF 		.ascii	";\207\261\337#\206[\030F87\310\035\006\327-\306td6\027"
 1287      23865B18 
 1287      463837C8 
 1287      1D06D72D 
 1287      C6746436 
 1288 029d 3320216B 		.ascii	"3 !k4\317\315\312\225\254\023U\360\270\233\035\261\321"
 1288      34CFCDCA 
 1288      95AC1355 
 1288      F0B89B1D 
 1288      B1D1
 1289 02af 9291BE06 		.ascii	"\222\221\276\0064\213\252\031\265\341\271y?\362#\214"
 1289      348BAA19 
 1289      B5E1B979 
 1289      3FF2238C 
 1290 02bf C161CB87 		.ascii	"\301a\313\207\204\313\010\027F\210\374P\023r\030\310"
 1290      84CB0817 
 1290      4688FC50 
 1290      137218C8 
ARM GAS  C:\Users\PUBLIC~1.LAP\AppData\Local\Temp\cckHAg3A.s 			page 41


 1291 02cf 2F2A8511 		.ascii	"/*\205\0217\013\012\273\314\010\2041\254\371\275\242"
 1291      370B0ABB 
 1291      CC088431 
 1291      ACF9BDA2 
 1292 02df E3805F1A 		.ascii	"\343\200_\032S+\310"
 1292      532BC8
 1293              		.text
 1294              		.section	.gnu.lto_chCoreGetStatusX.2954.840c98a9,"e",%progbits
 1295 0000 28B52FFD 		.ascii	"(\265/\375`\363\000\375\013\000\026VQB\000s\233\016"
 1295      60F300FD 
 1295      0B001656 
 1295      51420073 
 1295      9B0E
 1296 0012 4C144873 		.ascii	"L\024Hs\332\203\320o\204\037\303Q\266\310\"\\\204\276"
 1296      DA83D06F 
 1296      841FC351 
 1296      B6C8225C 
 1296      84BE
 1297 0024 F4C4FFC7 		.ascii	"\364\304\377\307\001\351\334\312\206F`\370\211@#\037"
 1297      01E9DCCA 
 1297      864660F8 
 1297      8940231F 
 1298 0034 E010D31A 		.ascii	"\340\020\323\032 \325%\200\266\252R\011\007\215q\372"
 1298      20D52580 
 1298      B6AA5209 
 1298      078D71FA 
 1299 0044 9F148C02 		.ascii	"\237\024\214\002\031\321ro\"eJ\001;\000<\000?\000\306"
 1299      19D1726F 
 1299      22654A01 
 1299      3B003C00 
 1299      3F00C6
 1300 0057 ECA64889 		.ascii	"\354\246H\211\261\033\"0\347\362H\340\031\352q\272\000"
 1300      B11B2230 
 1300      E7F248E0 
 1300      19EA71BA 
 1300      00
 1301 0068 EAD19F8D 		.ascii	"\352\321\237\215\343a\204\255\241\202\262cw+\025\361"
 1301      E36184AD 
 1301      A182B263 
 1301      772B15F1 
 1302 0078 EFF9F947 		.ascii	"\357\371\371Gq\014(\022\362\004\340`w\235\240\310\207"
 1302      710C2812 
 1302      F204E060 
 1302      779DA0C8 
 1302      87
 1303 0089 5B6FBB80 		.ascii	"[o\273\200m\011\366\273\003n\234\224\222\305O\351Ac"
 1303      6D09F6BB 
 1303      036E9C94 
 1303      92C54FE9 
 1303      4163
 1304 009b 93871D86 		.ascii	"\223\207\035\206\244\206\260?\255\216\3307\371\251)"
 1304      A486B03F 
 1304      AD8ED837 
 1304      F9A929
 1305 00aa 3D695A33 		.ascii	"=iZ3\235\231>\346\000\214\333P\331\365\320\342cW\242"
 1305      9D993EE6 
 1305      008CDB50 
ARM GAS  C:\Users\PUBLIC~1.LAP\AppData\Local\Temp\cckHAg3A.s 			page 42


 1305      D9F5D0E2 
 1305      6357A2
 1306 00bd 8C12DB0F 		.ascii	"\214\022\333\017`kI\203\247}\023?\361\335\004$jg\177"
 1306      606B4983 
 1306      A77D133F 
 1306      F1DD0424 
 1306      6A677F
 1307 00d0 514175D2 		.ascii	"QAu\322\377\350\300\242\251\252q\006\207\022\033\264"
 1307      FFE8C0A2 
 1307      A9AA7106 
 1307      87121BB4 
 1308 00e0 BB404935 		.ascii	"\273@I5@\242\345j[x\013\026\335\246#H@r\200:l\356+4"
 1308      40A2E56A 
 1308      5B780B16 
 1308      DDA62348 
 1308      4072803A 
 1309 00f8 5C76F7F2 		.ascii	"\\v\367\362U\374\344\202O\362h\217\224\007\037}\022"
 1309      55FCE482 
 1309      4FF2688F 
 1309      94071F7D 
 1309      12
 1310 0109 F5780DBE 		.ascii	"\365x\015\276,\005\327\002\213ci2\243\317\246\3064Y"
 1310      2C05D702 
 1310      8B636932 
 1310      A3CFA6C6 
 1310      3459
 1311 011b C7615BB6 		.ascii	"\307a[\266\205\260\012\353\274\012\244\211<\256\362"
 1311      85B00AEB 
 1311      BC0AA489 
 1311      3CAEF2
 1312 012a B86A4247 		.ascii	"\270jBG\003i\241\007\236\313J0\3322\014\236\014!\222"
 1312      0369A107 
 1312      9ECB4A30 
 1312      DA320C9E 
 1312      0C2192
 1313 013d 26A2F0D9 		.ascii	"&\242\360\331l<\014 \\\341~Z\035q\007\304JIK\236\002"
 1313      6C3C0C20 
 1313      5CE17E5A 
 1313      1D7107C4 
 1313      4A494B9E 
 1314 0152 16004CD3 		.ascii	"\026\000L\323\240L\350\312\013\014\017\366\215\011\352"
 1314      A04CE8CA 
 1314      0B0C0FF6 
 1314      8D09EA
 1315 0161 00395682 		.ascii	"\0009V\202\300\035\330\356\026$\201\273a\020F))\331"
 1315      C01DD8EE 
 1315      162481BB 
 1315      61104629 
 1315      29D9
 1316 0173 0403219E 		.ascii	"\004\003!\236\212\201P\005\350\032\336\213\011\305Z"
 1316      8A815005 
 1316      E81ADE8B 
 1316      09C55A
 1317 0182 8D167778 		.ascii	"\215\026wx\321N2"
 1317      D14E32
 1318              		.text
 1319              		.section	.gnu.lto_.symbol_nodes.840c98a9,"e",%progbits
ARM GAS  C:\Users\PUBLIC~1.LAP\AppData\Local\Temp\cckHAg3A.s 			page 43


 1320 0000 28B52FFD 		.ascii	"(\265/\375 \314m\003\000\024\005\310\000\000\000\000"
 1320      20CC6D03 
 1320      001405C8 
 1320      00000000 
 1321 0010 0285177F 		.ascii	"\002\205\027\177\011\200\200\200\200\004\001\220\316"
 1321      09808080 
 1321      80040190 
 1321      CE
 1322 001d 00007F00 		.ascii	"\000\000\177\000\000\272\220\202\002\000\000\000\005"
 1322      00BA9082 
 1322      02000000 
 1322      05
 1323 002a 84170AC1 		.ascii	"\204\027\012\301\204\001\213\027\013`\214\027\014\002"
 1323      84018B17 
 1323      0B608C17 
 1323      0C02
 1324 0038 86177F0D 		.ascii	"\206\027\177\015\377\377\377\377\003\002\207\027\177"
 1324      FFFFFFFF 
 1324      03028717 
 1324      7F
 1325 0045 0E88177F 		.ascii	"\016\210\027\177\017\002\211\027\177\020\212\027\177"
 1325      0F028917 
 1325      7F108A17 
 1325      7F
 1326 0052 11030604 		.ascii	"\021\003\006\004\242\007\003\007\005\000\012\000.DO"
 1326      A2070307 
 1326      05000A00 
 1326      2E444F
 1327 0061 350C4013 		.ascii	"5\014@\023\236O\243\230&<?mU#`c\305Hk\225'"
 1327      9E4FA398 
 1327      263C3F6D 
 1327      55236063 
 1327      C5486B95 
 1328              		.text
 1329              		.section	.gnu.lto_.refs.840c98a9,"e",%progbits
 1330 0000 28B52FFD 		.ascii	"(\265/\375 =\351\001\0009\000\000\000\004\000\001\001"
 1330      203DE901 
 1330      00390000 
 1330      00040001 
 1330      01
 1331 0011 04000202 		.ascii	"\004\000\002\002\004\000\001\001\006\000\002\003\006"
 1331      04000101 
 1331      06000203 
 1331      06
 1332 001e 00030400 		.ascii	"\000\003\004\000\001\007\000\000\001\024\000\001\001"
 1332      01070000 
 1332      01140001 
 1332      01
 1333 002b 18000305 		.ascii	"\030\000\003\005\000\001\007\000\000\001\023\000\001"
 1333      00010700 
 1333      00011300 
 1333      01
 1334 0038 01170002 		.ascii	"\001\027\000\002\010\000\001\002\000\000\001\005\000"
 1334      08000102 
 1334      00000105 
 1334      00
 1335 0045 00       		.ascii	"\000"
ARM GAS  C:\Users\PUBLIC~1.LAP\AppData\Local\Temp\cckHAg3A.s 			page 44


 1336              		.text
 1337              		.section	.gnu.lto_.decls.840c98a9,"e",%progbits
 1338 0000 28B52FFD 		.ascii	"(\265/\375`\327\013\275;\000Jg\364\026B@dR\007\277\312"
 1338      60D70BBD 
 1338      3B004A67 
 1338      F4164240 
 1338      645207BF 
 1339 0015 3B1DC8D0 		.ascii	";\035\310\320\345\310\035h\371\251\357\010\020A)L\247"
 1339      E5C81D68 
 1339      F9A9EF08 
 1339      1041294C 
 1339      A7
 1340 0026 C06C54B6 		.ascii	"\300lT\266~\262Yp\366\235\265\273\015\275\326\315\255"
 1340      7EB25970 
 1340      F69DB5BB 
 1340      0DBDD6CD 
 1340      AD
 1341 0037 CBF457C9 		.ascii	"\313\364W\311\011\377\270~\375),\011\262\357\370\364"
 1341      09FFB87E 
 1341      FD292C09 
 1341      B2EFF8F4 
 1342 0047 D7393494 		.ascii	"\32794\224\261\331\265\211L);\001Q\001r\001\036\267"
 1342      B1D9B589 
 1342      4C293B01 
 1342      51017201 
 1342      1EB7
 1343 0059 6505D173 		.ascii	"e\005\321s\215s7\177s \204x\374\261X\332\012\211\265"
 1343      8D73377F 
 1343      73208478 
 1343      FCB158DA 
 1343      0A89B5
 1344 006c AC977133 		.ascii	"\254\227q3~\326v~\246\205\320\370\377$A1[\003\315l\373"
 1344      7ED6767E 
 1344      A685D0F8 
 1344      FF244131 
 1344      5B03CD6C 
 1345 0081 15B793BC 		.ascii	"\025\267\223\274\355\332\366)n{Y\033[\320\210\216'v"
 1345      EDDAF629 
 1345      6E7B591B 
 1345      5BD0888E 
 1345      2776
 1346 0093 9915E363 		.ascii	"\231\025\343c\374\314\331\272}\315\255\315\306\377\320"
 1346      FCCCD9BA 
 1346      7DCDADCD 
 1346      C6FFD0
 1347 00a2 FF6F096A 		.ascii	"\377o\011jJ\317\265&\305\354?n\347\322\015\305\346a"
 1347      4ACFB526 
 1347      C5EC3F6E 
 1347      E7D20DC5 
 1347      E661
 1348 00b4 3C6D088D 		.ascii	"<m\010\215?\011\221V\027\256\263\001\015\032\004\311"
 1348      3F099156 
 1348      17AEB301 
 1348      0D1A04C9 
 1349 00c4 FCF070B5 		.ascii	"\374\360p\265l\307\356\324\2722\334~\343\264\242<\347"
 1349      6CC7EED4 
 1349      BA32DC7E 
ARM GAS  C:\Users\PUBLIC~1.LAP\AppData\Local\Temp\cckHAg3A.s 			page 45


 1349      E3B4A23C 
 1349      E7
 1350 00d5 9B969CD6 		.ascii	"\233\226\234\326\355[\234\213\243\261j\324\377\363\037"
 1350      ED5B9C8B 
 1350      A3B16AD4 
 1350      FFF31F
 1351 00e4 2F218DD9 		.ascii	"/!\215\331\023\307-\263\336\305\275\370\331\001\007"
 1351      13C72DB3 
 1351      DEC5BDF8 
 1351      D90107
 1352 00f3 D351143A 		.ascii	"\323Q\024:\350T\373\353\177\234\024\224R\347\357Mf["
 1352      E854FBEB 
 1352      7F9C1494 
 1352      52E7EF4D 
 1352      665B
 1353 0105 853B9CEA 		.ascii	"\205;\234\352n\004\317\247\320\331m?\320z\240\037h\025"
 1353      6E04CFA7 
 1353      D0D96D3F 
 1353      D07AA01F 
 1353      6815
 1354 0117 B853CB7A 		.ascii	"\270S\313zS\333\335ohZ u\273\236;W8\335\315\347L\335"
 1354      53DBDD6F 
 1354      685A2075 
 1354      BB9E3B57 
 1354      38DDCDE7 
 1355 012d BED4ED6E 		.ascii	"\276\324\355n\267\267\335\316v\273ww`w\023:\352\366"
 1355      B7B7DDCE 
 1355      76BB7777 
 1355      6077133A 
 1355      EAF6
 1356 013f 3BA63647 		.ascii	";\2466G\026E\335>g\355n8\200\272[\314\037\243n\377\322"
 1356      1645DD3E 
 1356      67ED6E38 
 1356      80BA5BCC 
 1356      1FA36EFF 
 1357 0154 DD80DD7D 		.ascii	"\335\200\335}\355\356<\335}\247\273\373\272{\257\273"
 1357      EDEE3CDD 
 1357      7DA7BBFB 
 1357      BA7BAFBB 
 1358 0164 F5BA1BAF 		.ascii	"\365\272\033\257\273\357\272;Mw\243u\367\232\356>\323"
 1358      BBEFBA3B 
 1358      4D77A375 
 1358      F79AEE3E 
 1358      D3
 1359 0175 DD2CBA5B 		.ascii	"\335,\272[\015[w\247u7Sw\313u7Q````\267/\351\016\036"
 1359      0D5B77A7 
 1359      75375377 
 1359      CB753751 
 1359      60606060 
 1360 018e 75BB0102 		.ascii	"u\273\001\002]\2644\261\343\016\365\231r6\336\246\275"
 1360      5DB434B1 
 1360      E30EF599 
 1360      7236DEA6 
 1360      BD
 1361 019f AECFBCCE 		.ascii	"\256\317\274\316\357\334\265\262/6\177\036\014\214A"
 1361      EFDCB5B2 
 1361      2F367F1E 
ARM GAS  C:\Users\PUBLIC~1.LAP\AppData\Local\Temp\cckHAg3A.s 			page 46


 1361      0C8C41
 1362 01ae 8CBB3A21 		.ascii	"\214\273:!\231\355n?\267s7\335\007\340\377\357\377\015"
 1362      99ED6E3F 
 1362      B77337DD 
 1362      07E0FFEF 
 1362      FF0D
 1363 01c0 0C03EDEC 		.ascii	"\014\003\355\354ueV\311\235\332\234\311\\%\217\2737"
 1363      756556C9 
 1363      9DDA9CC9 
 1363      5C258FBB 
 1363      37
 1364 01d1 489DBA5B 		.ascii	"H\235\272[\010\206I\224?\242\035\326\"D2\353\277\341"
 1364      08864994 
 1364      3FA21DD6 
 1364      224432EB 
 1364      BFE1
 1365 01e3 3FFF3BA9 		.ascii	"?\377;\251\322\245\217\255Ui\364\253D<j\255N\243\326"
 1365      D2A58FAD 
 1365      5569F4AB 
 1365      443C6AAD 
 1365      4EA3D6
 1366 01f6 AA3347AD 		.ascii	"\2523G\255\317\251\364\253N\367\251\323\267\376{\364"
 1366      CFA9F4AB 
 1366      4EF7A9D3 
 1366      B7FE7BF4 
 1367 0206 9FBF1485 		.ascii	"\237\277\024\205\376\324(\256\376\307O\247\033?\245"
 1367      FED428AE 
 1367      FEC74FA7 
 1367      1B3FA5
 1368 0215 FFFFF468 		.ascii	"\377\377\364h\\}\245(\264:\365\250\365\245\017})S\364"
 1368      5C7DA528 
 1368      B43AF5A8 
 1368      F5A50F7D 
 1368      2953F4
 1369 0228 7FFAD6AA 		.ascii	"\177\372\326\252\237G\277*\215Z\251S% hNwj\2559y\353"
 1369      9F47BF2A 
 1369      8D5AA953 
 1369      2520684E 
 1369      776AAD39 
 1370 023e D32B4BA3 		.ascii	"\323+K\243\037\366\377E<\206>\330?\224J\340\327\250"
 1370      1FF6FF45 
 1370      3C863ED8 
 1370      3F944AE0 
 1370      D7A8
 1371 0250 51375AD4 		.ascii	"Q7Z\324\244\347\342\303\254\353\377[+aKp\3774\373<\260"
 1371      A4E7E2C3 
 1371      ACEBFF5B 
 1371      2B614B70 
 1371      FF34FB3C 
 1372 0265 6701E97F 		.ascii	"g\001\351\177\2303\376\2606\376/\360yf\377\357\314\363"
 1372      9833FEB0 
 1372      36FE2FF0 
 1372      7966FFEF 
 1372      CCF3
 1373 0277 38EF9D70 		.ascii	"8\357\235p\320\177\207\373\007\333\372\177\245\377?"
 1373      D07F87FB 
 1373      07DBFA7F 
ARM GAS  C:\Users\PUBLIC~1.LAP\AppData\Local\Temp\cckHAg3A.s 			page 47


 1373      A5FF3F
 1374 0286 7A28102F 		.ascii	"z(\020/\2551\352pK\213\312\365X\304|\032\265\216Q\241"
 1374      AD31EA70 
 1374      4B8BCAF5 
 1374      58C47C1A 
 1374      B58E51A1 
 1375 029a E2C658CD 		.ascii	"\342\306X\315^+vz\324\213\372f_\247*u\255\316\370\333"
 1375      5E2B767A 
 1375      D48BFA66 
 1375      5FA72A75 
 1375      ADCEF8DB 
 1376 02ae FEDFF90C 		.ascii	"\376\337\371\014\247\334\315\241\3615Y\217\025\274\261"
 1376      A7DCCDA1 
 1376      F135598F 
 1376      15BCB1
 1377 02bd CC76D631 		.ascii	"\314v\3261\327vD[\246h_j\344\206\203\264\264\365e\326"
 1377      D776445B 
 1377      A6685F6A 
 1377      E48683B4 
 1377      B4F565D6 
 1378 02d1 D30C70E3 		.ascii	"\323\014p\343\352\334|\001\272h\034\316\317<\216\214"
 1378      EADC7C01 
 1378      BA681CCE 
 1378      CF3C8E8C 
 1379 02e1 A7056D97 		.ascii	"\247\005m\227k\301\235Z\"oj\363\016\250\316<\232\204"
 1379      6BC19D5A 
 1379      226F6AF3 
 1379      0EA8CE3C 
 1379      9A84
 1380 02f3 D0F89390 		.ascii	"\320\370\223\220\240\210\015i\313l\353Mm;\027\315]Q"
 1380      A0880D69 
 1380      CB6CEB4D 
 1380      6D3B17CD 
 1380      5D51
 1381 0305 4157426E 		.ascii	"AWBn+\226\2672W\336j\0037\344\347\266v\262V\326\221"
 1381      2B96B732 
 1381      57DE6A03 
 1381      37E4E7B6 
 1381      76B256D6 
 1382 031a A1592B4E 		.ascii	"\241Y+N:\264\347\266w\331\231\237\331\351wB'\240<;a"
 1382      3AB4E7B6 
 1382      77D9999F 
 1382      D9E97742 
 1382      27A03C3B 
 1383 032f 5C868CB8 		.ascii	"\\\206\214\270\355\231\300\374\035\350w\256\0075w\245"
 1383      ED99C0FC 
 1383      1DE877AE 
 1383      073577A5 
 1384 033f 9384BD73 		.ascii	"\223\204\275s[9\202\274\220\023\022\344wCR\351?\331"
 1384      5B3982BC 
 1384      901312E4 
 1384      774352E9 
 1384      3FD9
 1385 0351 6BC57920 		.ascii	"k\305y \027\353\235\375y0)\203n\037\324-l\217\254\251"
 1385      17EB9DFD 
 1385      79302983 
 1385      6E1FD42D 
ARM GAS  C:\Users\PUBLIC~1.LAP\AppData\Local\Temp\cckHAg3A.s 			page 48


 1385      6C8FACA9 
 1386 0365 F1C86CB3 		.ascii	"\361\310l\263\357vpO =\227\216S\314\025@t<\262\274\001"
 1386      EF76704F 
 1386      203D978E 
 1386      53CC1540 
 1386      743CB2BC 
 1387 037a 93D92093 		.ascii	"\223\331 \223={\034\220\355\213\253\304\211\227\020"
 1387      3D7B1C90 
 1387      ED8BABC4 
 1387      899710
 1388 0389 3FED807D 		.ascii	"?\355\200}CX\274\240I\373\014\211=I3\326\347o\216\034"
 1388      4358BCA0 
 1388      49FB0C89 
 1388      3D4933D6 
 1388      E76F8E1C 
 1389 039d 60124F13 		.ascii	"`\022O\023T\3033C\226Y>\355>\252\350\260\203\343\006"
 1389      54C33343 
 1389      96593EED 
 1389      3EAAE8B0 
 1389      83E306
 1390 03b0 C35CAF6C 		.ascii	"\303\\\257laI_eT\350\336\334`\240<y\372rt\313 \250\027"
 1390      61495F65 
 1390      54E8DEDC 
 1390      60A03C79 
 1390      FA7274CB 
 1391 03c7 97BD72E7 		.ascii	"\227\275r\347\216\367)=\227\230234\260\271\262&\356"
 1391      8EF7293D 
 1391      97983233 
 1391      34B0B9B2 
 1391      26EE
 1392 03d9 50903973 		.ascii	"P\2209s\274\317\311\262\342\324\271\"\305|h\376\234"
 1392      BCCFC9B2 
 1392      E2D4B922 
 1392      C57C68FE 
 1392      9C
 1393 03ea AFBD8FAF 		.ascii	"\257\275\217\257\310M[\232\240\314z\035\177\023&i\003"
 1393      C84D5B9A 
 1393      A0CC7A1D 
 1393      7F132669 
 1393      03
 1394 03fb 5CCBACD3 		.ascii	"\\\313\254\323i;\367\312\026_Wf\333\317\337\330\035"
 1394      693BF7CA 
 1394      165F5766 
 1394      DBCFDFD8 
 1394      1D
 1395 040c 4F4737DD 		.ascii	"OG7\335\333s=W\212\177,\212\331p\356\013L_f;\010u\341"
 1395      DB733D57 
 1395      8A7F2C8A 
 1395      D970EE0B 
 1395      4C5F663B 
 1396 0423 B85E04FF 		.ascii	"\270^\004\377w[\203r\375\007s\320\252}\371\311\223Y"
 1396      775B8372 
 1396      FD0773D0 
 1396      AA7DF9C9 
 1396      9359
 1397 0435 3DB4172F 		.ascii	"=\264\027/\300\225\013\363\342\346\307\015\"\231j\307"
 1397      C0950BF3 
ARM GAS  C:\Users\PUBLIC~1.LAP\AppData\Local\Temp\cckHAg3A.s 			page 49


 1397      E2E6C70D 
 1397      22996AC7 
 1398 0445 F333C773 		.ascii	"\3633\307s\272\020\254\226@\327\227\2029@\232\013\313"
 1398      BA10AC96 
 1398      40D79782 
 1398      39409A0B 
 1398      CB
 1399 0456 E2D1C862 		.ascii	"\342\321\310b\275FV)\214\254\340\367\035\366\361\351"
 1399      BD465629 
 1399      8CACE0F7 
 1399      1DF6F1E9 
 1400 0466 68249280 		.ascii	"h$\222\200 e\203\251\201\206QY\3656\227\312+a\026\263"
 1400      206583A9 
 1400      81865159 
 1400      F53697CA 
 1400      2B6116B3 
 1401 047a B99440C3 		.ascii	"\271\224@\303\250\034\301\314\242:\032\205}|2\032g\274"
 1401      A81CC1CC 
 1401      A23A1A85 
 1401      7D7C321A 
 1401      67BC
 1402 048c 4C243329 		.ascii	"L$3)\202H\244\022AE\242\003\221\304\211)b\023\007L\264"
 1402      8248A412 
 1402      4145A203 
 1402      91C48929 
 1402      6213074C 
 1403 04a1 5226934A 		.ascii	"R&\223Jc\011\330\012Ye\205|\231Y\305\033U\305\243\032"
 1403      6309D80A 
 1403      5965857C 
 1403      9959C51B 
 1403      55C5A31A 
 1404 04b5 4BE40B57 		.ascii	"K\344\013W\301(2\2211\336\367h\005\023\253YlR5a\020"
 1404      C1283291 
 1404      31DEF768 
 1404      0513AB59 
 1404      6C523561 
 1405 04ca 4A574A14 		.ascii	"JWJ\024LWJ\024M\"`f\221CR\271\374`TVUM\301Ke\207\243"
 1405      4C574A14 
 1405      4D226066 
 1405      914352B9 
 1405      FC605456 
 1406 04e5 11C0FBC6 		.ascii	"\021\300\373\306\260\202\207\357\373^\025\341\343\373"
 1406      B08287EF 
 1406      FB5E15E1 
 1406      E3FB
 1407 04f3 1EBD4763 		.ascii	"\036\275GcQK5\221V\310\367}\215:B\022\002\016\270\271"
 1407      514B3591 
 1407      56C8F77D 
 1407      8D3A4212 
 1407      020EB8B9 
 1408 0507 541A8B3A 		.ascii	"T\032\213:\011\201)e#\271,\012[\012*\330|\205\315\267"
 1408      09812965 
 1408      23B92C0A 
 1408      5B0A2AD8 
 1408      7C85CDB7 
 1409 051b 082F8B6F 		.ascii	"\010/\213o\326R\231\204\223G}|b\3220\302\307\014\315"
 1409      D6529984 
ARM GAS  C:\Users\PUBLIC~1.LAP\AppData\Local\Temp\cckHAg3A.s 			page 50


 1409      93477D7C 
 1409      62D230C2 
 1409      C70CCD
 1410 052e B7857320 		.ascii	"\267\205s \231,\333G8\006V\225\321\012\211!\011'af\021"
 1410      992CDB47 
 1410      38065695 
 1410      D10A8921 
 1410      09276166 
 1411 0543 0651124E 		.ascii	"\006Q\022N^)\233m\363\265\320\264Bb\021\265T\324\004"
 1411      5E299B6D 
 1411      F3B5D0B4 
 1411      426211B5 
 1411      54D404
 1412 0556 A90A5117 		.ascii	"\251\012Q\027\242\236\234\272\002T\007\005)J\200p\215"
 1412      A29E9CBA 
 1412      02540705 
 1412      294A8070 
 1412      8D
 1413 0567 4FF05269 		.ascii	"O\360RiL\302\311\243\221h\\2\2110\220UL%\221\251$R\231"
 1413      4CC2C9A3 
 1413      91685C32 
 1413      89309055 
 1413      4C2591A9 
 1414 057e 40C2401E 		.ascii	"@\302@\036;\270\220\212\202\272J\302M\027YG,d\325[\214"
 1414      3BB8908A 
 1414      82BA4AC2 
 1414      4D175947 
 1414      2C64D55B 
 1415 0593 10C10506 		.ascii	"\020\301\005\006\017\024\276\372\350\320\250m2\333\031"
 1415      0F14BEFA 
 1415      E8D0A86D 
 1415      32DB19
 1416 05a2 4877F6CA 		.ascii	"Hw\366\312=\362\217#\277\272\261\263\314\346\0379\377"
 1416      3DF28F23 
 1416      BFBAB1B3 
 1416      CCE61F39 
 1416      FF
 1417 05b3 4830E8FF 		.ascii	"H0\350\377\231\245y\332\371G\366\341\276\300}A\322\320"
 1417      99A579DA 
 1417      F947F6E1 
 1417      BEC07D41 
 1417      D2D0
 1418 05c5 EDA9E7AB 		.ascii	"\355\251\347\253e;\200\326\250\201,\206\230Df\202\031"
 1418      653B80D6 
 1418      A8812C86 
 1418      98446682 
 1418      19
 1419 05d6 914044D2 		.ascii	"\221@D\3224\035\200\002\221\2512\333\022\240\025!\235"
 1419      341D8002 
 1419      91A932DB 
 1419      12A01521 
 1419      9D
 1420 05e7 29532452 		.ascii	")S$RSFy\227\2261\007i\363\315\375\222tt\226k1\216(m"
 1420      53467997 
 1420      96310769 
 1420      F3CDFD92 
 1420      7474966B 
ARM GAS  C:\Users\PUBLIC~1.LAP\AppData\Local\Temp\cckHAg3A.s 			page 51


 1421 05ff D1240F41 		.ascii	"\321$\017A\200\323\016\347\223\340p\323\276\375\355"
 1421      80D30EE7 
 1421      93E070D3 
 1421      BEFDED
 1422 060e 6850BE1B 		.ascii	"hP\276\033\201\354gggrfg\033\215\346\204\313\253\016"
 1422      81EC6767 
 1422      67726667 
 1422      1B8DE684 
 1422      CBAB0E
 1423 0621 6B793515 		.ascii	"ky5\025\302\036E\371\304_\234\270\3479\021@\030\326"
 1423      C21E45F9 
 1423      C45F9CB8 
 1423      E7391140 
 1423      18D6
 1424 0633 6876CCE9 		.ascii	"hv\314\351\353\207\002\360lt\357i\333?8gZ\347\033 4"
 1424      EB8702F0 
 1424      6C74EF69 
 1424      DB3F3867 
 1424      5AE71B20 
 1425 0648 9E9E4AF4 		.ascii	"\236\236J\364\226np\325L\211\225\031\1777;1P\225\205"
 1425      966E70D5 
 1425      4C899519 
 1425      7F373B31 
 1425      509585
 1426 065b FBABEC10 		.ascii	"\373\253\354\020M\316c\341v`O~\246Bp\314,\010\307\327"
 1426      4DCE63E1 
 1426      76604F7E 
 1426      A64270CC 
 1426      2C08C7D7 
 1427 066f DF5DCB05 		.ascii	"\337]\313\005_\352\356\000\327\314+\332\310QF\343\360"
 1427      5FEAEE00 
 1427      D7CC2BDA 
 1427      C85146E3 
 1427      F0
 1428 0680 00687D97 		.ascii	"\000h}\227j\037\330U\200Oe\005\254$\27638\375\257(\366"
 1428      6A1FD855 
 1428      804F6505 
 1428      AC24BE33 
 1428      38FDAF28 
 1429 0695 56E60E01 		.ascii	"V\346\016\0013\016\024\\xs .P\210\337Bc\317 \010\367"
 1429      330E145C 
 1429      7873202E 
 1429      5088DF42 
 1429      63CF2008 
 1430 06aa 3FBB02F7 		.ascii	"?\273\002\367ux\254!\00111\026\004\202\012\212@\257"
 1430      7578AC21 
 1430      01313116 
 1430      04820A8A 
 1430      40AF
 1431 06bc 204A3EF2 		.ascii	" J>\362!\001\307$\313\013\325`\312x\022\250\267\264"
 1431      2101C724 
 1431      CB0BD560 
 1431      CA7812A8 
 1431      B7B4
 1432 06ce 473229A5 		.ascii	"G2)\245sd\340\251\012y\241\035\211\243\033\011%Q\235"
 1432      7364E0A9 
 1432      0A79A11D 
ARM GAS  C:\Users\PUBLIC~1.LAP\AppData\Local\Temp\cckHAg3A.s 			page 52


 1432      89A31B09 
 1432      25519D
 1433 06e1 27D45A08 		.ascii	"'\324Z\010\226\026At(K\305Q\246+\246DS\200\222\352\364"
 1433      96164174 
 1433      284BC551 
 1433      A62BA644 
 1433      538092EA 
 1434 06f6 E18550B4 		.ascii	"\341\205P\264\243\017\331\217\226\007\020\221\337\007"
 1434      A30FD98F 
 1434      96071091 
 1434      DF07
 1435 0704 638BF80D 		.ascii	"c\213\370\015\324C0\224x\3347\177\024c\227\250\030\370"
 1435      D4433094 
 1435      78DC377F 
 1435      146397A8 
 1435      18F8
 1436 0716 0C601C6F 		.ascii	"\014`\034o\361\366\027\363\226\271\205c5\375\332\210"
 1436      F1F617F3 
 1436      96B98563 
 1436      35FDDA88 
 1437 0726 75B00D38 		.ascii	"u\260\0158\327\034z\340L\341`\200GVD\030\317\210x\011"
 1437      D71C7AE0 
 1437      4CE16080 
 1437      47564418 
 1437      CF887809 
 1438 073a C4AD7B35 		.ascii	"\304\255{5\356\2275\256\371H\354\324\274\201;\243\316"
 1438      EE9735AE 
 1438      F948ECD4 
 1438      BC813BA3 
 1438      CE
 1439 074b 5768ACFB 		.ascii	"Wh\254\373D|{\374\350\236\013\227\237Zq\314\361\273"
 1439      447C7BFC 
 1439      E89E0B97 
 1439      9F5A71CC 
 1439      F1BB
 1440 075d E135DAAE 		.ascii	"\3415\332\256\322\256\270N\345\377x^\\\375\341\303\307"
 1440      D2AEB84E 
 1440      E5FF785E 
 1440      5CFDE1C3 
 1440      C7
 1441 076e 2C7B034E 		.ascii	",{\003N\271\213\361\340l\207c\3266x}\315l\037\025"
 1441      B98BF1E0 
 1441      6C8763D6 
 1441      36787DCD 
 1441      6C1F15
 1442              		.text
 1443              		.section	.gnu.lto_.symtab.840c98a9,"e",%progbits
 1444 0000 5F5F636F 		.ascii	"__core_init\000"
 1444      72655F69 
 1444      6E697400 
 1445 000c 00       		.ascii	"\000"
 1446 000d 00       		.ascii	"\000"
 1447 000e 00       		.ascii	"\000"
 1448 000f 00000000 		.ascii	"\000\000\000\000\000\000\000\000"
 1448      00000000 
 1449 0017 DD000000 		.ascii	"\335\000\000\000"
 1450 001b 63685F6D 		.ascii	"ch_memcore\000"
ARM GAS  C:\Users\PUBLIC~1.LAP\AppData\Local\Temp\cckHAg3A.s 			page 53


 1450      656D636F 
 1450      726500
 1451 0026 00       		.ascii	"\000"
 1452 0027 00       		.ascii	"\000"
 1453 0028 00       		.ascii	"\000"
 1454 0029 00000000 		.ascii	"\000\000\000\000\000\000\000\000"
 1454      00000000 
 1455 0031 DF000000 		.ascii	"\337\000\000\000"
 1456 0035 6368436F 		.ascii	"chCoreAllocFromBaseI\000"
 1456      7265416C 
 1456      6C6F6346 
 1456      726F6D42 
 1456      61736549 
 1457 004a 00       		.ascii	"\000"
 1458 004b 00       		.ascii	"\000"
 1459 004c 00       		.ascii	"\000"
 1460 004d 00000000 		.ascii	"\000\000\000\000\000\000\000\000"
 1460      00000000 
 1461 0055 EA000000 		.ascii	"\352\000\000\000"
 1462 0059 6368436F 		.ascii	"chCoreAllocFromTopI\000"
 1462      7265416C 
 1462      6C6F6346 
 1462      726F6D54 
 1462      6F704900 
 1463 006d 00       		.ascii	"\000"
 1464 006e 00       		.ascii	"\000"
 1465 006f 00       		.ascii	"\000"
 1466 0070 00000000 		.ascii	"\000\000\000\000\000\000\000\000"
 1466      00000000 
 1467 0078 EC000000 		.ascii	"\354\000\000\000"
 1468 007c 6368436F 		.ascii	"chCoreAllocFromBase\000"
 1468      7265416C 
 1468      6C6F6346 
 1468      726F6D42 
 1468      61736500 
 1469 0090 00       		.ascii	"\000"
 1470 0091 00       		.ascii	"\000"
 1471 0092 00       		.ascii	"\000"
 1472 0093 00000000 		.ascii	"\000\000\000\000\000\000\000\000"
 1472      00000000 
 1473 009b EE000000 		.ascii	"\356\000\000\000"
 1474 009f 6368436F 		.ascii	"chCoreAllocFromTop\000"
 1474      7265416C 
 1474      6C6F6346 
 1474      726F6D54 
 1474      6F7000
 1475 00b2 00       		.ascii	"\000"
 1476 00b3 00       		.ascii	"\000"
 1477 00b4 00       		.ascii	"\000"
 1478 00b5 00000000 		.ascii	"\000\000\000\000\000\000\000\000"
 1478      00000000 
 1479 00bd F0000000 		.ascii	"\360\000\000\000"
 1480 00c1 6368436F 		.ascii	"chCoreGetStatusX\000"
 1480      72654765 
 1480      74537461 
 1480      74757358 
 1480      00
ARM GAS  C:\Users\PUBLIC~1.LAP\AppData\Local\Temp\cckHAg3A.s 			page 54


 1481 00d2 00       		.ascii	"\000"
 1482 00d3 00       		.ascii	"\000"
 1483 00d4 00       		.ascii	"\000"
 1484 00d5 00000000 		.ascii	"\000\000\000\000\000\000\000\000"
 1484      00000000 
 1485 00dd F7000000 		.ascii	"\367\000\000\000"
 1486 00e1 5F5F6865 		.ascii	"__heap_base__\000"
 1486      61705F62 
 1486      6173655F 
 1486      5F00
 1487 00ef 00       		.ascii	"\000"
 1488 00f0 02       		.ascii	"\002"
 1489 00f1 00       		.ascii	"\000"
 1490 00f2 00000000 		.ascii	"\000\000\000\000\000\000\000\000"
 1490      00000000 
 1491 00fa E2000000 		.ascii	"\342\000\000\000"
 1492 00fe 5F5F6865 		.ascii	"__heap_end__\000"
 1492      61705F65 
 1492      6E645F5F 
 1492      00
 1493 010b 00       		.ascii	"\000"
 1494 010c 02       		.ascii	"\002"
 1495 010d 00       		.ascii	"\000"
 1496 010e 00000000 		.ascii	"\000\000\000\000\000\000\000\000"
 1496      00000000 
 1497 0116 E4000000 		.ascii	"\344\000\000\000"
 1498              		.text
 1499              		.section	.gnu.lto_.ext_symtab.840c98a9,"e",%progbits
 1500 0000 01       		.ascii	"\001"
 1501 0001 01       		.ascii	"\001"
 1502 0002 00       		.ascii	"\000"
 1503 0003 02       		.ascii	"\002"
 1504 0004 01       		.ascii	"\001"
 1505 0005 01       		.ascii	"\001"
 1506 0006 00       		.ascii	"\000"
 1507 0007 01       		.ascii	"\001"
 1508 0008 00       		.ascii	"\000"
 1509 0009 01       		.ascii	"\001"
 1510 000a 00       		.ascii	"\000"
 1511 000b 01       		.ascii	"\001"
 1512 000c 00       		.ascii	"\000"
 1513 000d 01       		.ascii	"\001"
 1514 000e 00       		.ascii	"\000"
 1515 000f 02       		.ascii	"\002"
 1516 0010 01       		.ascii	"\001"
 1517 0011 02       		.ascii	"\002"
 1518 0012 01       		.ascii	"\001"
 1519              		.text
 1520              		.section	.gnu.lto_.opts,"e",%progbits
 1521 0000 272D666E 		.ascii	"'-fno-openmp' '-fno-openacc' '-fno-pie' '-fcf-prote"
 1521      6F2D6F70 
 1521      656E6D70 
 1521      2720272D 
 1521      666E6F2D 
 1522 0033 6374696F 		.ascii	"ction=none' '-g' '-mcpu=cortex-m0' '-mthumb' '-mflo"
 1522      6E3D6E6F 
 1522      6E652720 
ARM GAS  C:\Users\PUBLIC~1.LAP\AppData\Local\Temp\cckHAg3A.s 			page 55


 1522      272D6727 
 1522      20272D6D 
 1523 0066 61742D61 		.ascii	"at-abi=soft' '-mlibarch=armv6s-m' '-march=armv6s-m'"
 1523      62693D73 
 1523      6F667427 
 1523      20272D6D 
 1523      6C696261 
 1524 0099 20272D4F 		.ascii	" '-Os' '-fomit-frame-pointer' '-falign-functions=16"
 1524      73272027 
 1524      2D666F6D 
 1524      69742D66 
 1524      72616D65 
 1525 00cc 2720272D 		.ascii	"' '-ffunction-sections' '-fdata-sections' '-fno-com"
 1525      6666756E 
 1525      6374696F 
 1525      6E2D7365 
 1525      6374696F 
 1526 00ff 6D6F6E27 		.ascii	"mon' '-flto' '-Xassembler' '-alms=./build/lst/chmem"
 1526      20272D66 
 1526      6C746F27 
 1526      20272D58 
 1526      61737365 
 1527 0132 636F7265 		.ascii	"core.lst'\000"
 1527      2E6C7374 
 1527      2700
 1528              		.text
 1529              		.comm	__gnu_lto_slim,1,1
 1530              		.ident	"GCC: (GNU) 12.2.0"
ARM GAS  C:\Users\PUBLIC~1.LAP\AppData\Local\Temp\cckHAg3A.s 			page 56


DEFINED SYMBOLS
                            *ABS*:00000000 chmemcore.c
C:\Users\PUBLIC~1.LAP\AppData\Local\Temp\cckHAg3A.s:28     .gnu.debuglto_.debug_info:00000000 chmemcore.c.29276426
                            *COM*:00000001 __gnu_lto_slim

NO UNDEFINED SYMBOLS
