ARM GAS  C:\Users\PUBLIC~1.LAP\AppData\Local\Temp\ccOn9AnM.s 			page 1


   1              		.cpu cortex-m0
   2              		.arch armv6s-m
   3              		.fpu softvfp
   4              		.eabi_attribute 20, 1
   5              		.eabi_attribute 21, 1
   6              		.eabi_attribute 23, 3
   7              		.eabi_attribute 24, 1
   8              		.eabi_attribute 25, 1
   9              		.eabi_attribute 26, 1
  10              		.eabi_attribute 30, 4
  11              		.eabi_attribute 34, 0
  12              		.eabi_attribute 18, 4
  13              		.file	"chschd.c"
  14              		.file 1 "d:\\qmk_msys\\mingw64\\arm-none-eabi\\include\\machine\\_default_types.h"
  15              		.file 2 "d:\\qmk_msys\\mingw64\\arm-none-eabi\\include\\sys\\_stdint.h"
  16              		.file 3 "D:\\00a_liuhy\\temp126\\ChibiOS/os/common/ports/ARM-common/chtypes.h"
  17              		.file 4 "D:\\00a_liuhy\\temp126\\ChibiOS/os/rt/include/chearly.h"
  18              		.file 5 "D:\\00a_liuhy\\temp126\\ChibiOS/os/rt/include/chobjects.h"
  19              		.file 6 "D:\\00a_liuhy\\temp126\\ChibiOS/os/rt/include/chrfcu.h"
  20              		.file 7 "D:\\00a_liuhy\\temp126\\ChibiOS/os/rt/include/chdebug.h"
  21              		.file 8 "D:\\00a_liuhy\\temp126\\ChibiOS/os/rt/include/chtime.h"
  22              		.file 9 "D:\\00a_liuhy\\temp126\\ChibiOS/os/rt/include/chlists.h"
  23              		.file 10 "D:\\00a_liuhy\\temp126\\ChibiOS-Contrib/os/common/ext/CMSIS/ES32/FS026/md/md_timer.h"
  24              		.file 11 "D:\\00a_liuhy\\temp126\\ChibiOS/os/common/ports/ARMv6-M/chcore.h"
  25              		.file 12 "D:\\00a_liuhy\\temp126\\ChibiOS/os/rt/include/chsem.h"
  26              		.file 13 "D:\\00a_liuhy\\temp126\\ChibiOS/os/rt/include/chmtx.h"
  27              		.file 14 "D:\\00a_liuhy\\temp126\\ChibiOS/os/rt/include/chvt.h"
  28              		.file 15 "D:\\00a_liuhy\\temp126\\ChibiOS/os/rt/src/chschd.c"
  29              		.file 16 "D:\\00a_liuhy\\temp126\\ChibiOS/os/rt/include/chsys.h"
  30              		.file 17 "D:\\00a_liuhy\\temp126\\ChibiOS/os/common/ext/ARM/CMSIS/Core/Include/cmsis_gcc.h"
  31              		.section	.gnu.debuglto_.debug_info,"e",%progbits
  32              	.Ldebug_info0:
  33              		.hidden	chschd.c.eba9ebd3
  34              		.weak	chschd.c.eba9ebd3
  35              	chschd.c.eba9ebd3:
  36 0000 DE0C0000 		.4byte	0xcde
  37 0004 0500     		.2byte	0x5
  38 0006 01       		.byte	0x1
  39 0007 04       		.byte	0x4
  40 0008 00000000 		.4byte	.Ldebug_abbrev0
  41 000c 22       		.uleb128 0x22
  42 000d EE050000 		.4byte	.LASF154
  43 0011 1D       		.byte	0x1d
  44 0012 03040000 		.4byte	.LASF155
  45 0016 DB010000 		.4byte	.LASF156
  46 001a 00000000 		.4byte	.Ldebug_line0
  47 001e 23       		.uleb128 0x23
  48 001f 04       		.byte	0x4
  49 0020 05       		.byte	0x5
  50 0021 696E7400 		.ascii	"int\000"
  51 0025 06       		.uleb128 0x6
  52 0026 04       		.byte	0x4
  53 0027 07       		.byte	0x7
  54 0028 9F020000 		.4byte	.LASF0
  55 002c 06       		.uleb128 0x6
  56 002d 08       		.byte	0x8
  57 002e 05       		.byte	0x5
ARM GAS  C:\Users\PUBLIC~1.LAP\AppData\Local\Temp\ccOn9AnM.s 			page 2


  58 002f 42010000 		.4byte	.LASF1
  59 0033 06       		.uleb128 0x6
  60 0034 08       		.byte	0x8
  61 0035 04       		.byte	0x4
  62 0036 C0050000 		.4byte	.LASF2
  63 003a 06       		.uleb128 0x6
  64 003b 01       		.byte	0x1
  65 003c 06       		.byte	0x6
  66 003d 50010000 		.4byte	.LASF3
  67 0041 01       		.uleb128 0x1
  68 0042 3A000000 		.4byte	.LASF7
  69 0046 01       		.byte	0x1
  70 0047 2B       		.byte	0x2b
  71 0048 18       		.byte	0x18
  72 0049 4D000000 		.4byte	0x4d
  73 004d 06       		.uleb128 0x6
  74 004e 01       		.byte	0x1
  75 004f 08       		.byte	0x8
  76 0050 FD040000 		.4byte	.LASF4
  77 0054 06       		.uleb128 0x6
  78 0055 02       		.byte	0x2
  79 0056 05       		.byte	0x5
  80 0057 1B050000 		.4byte	.LASF5
  81 005b 06       		.uleb128 0x6
  82 005c 02       		.byte	0x2
  83 005d 07       		.byte	0x7
  84 005e F1020000 		.4byte	.LASF6
  85 0062 01       		.uleb128 0x1
  86 0063 DD050000 		.4byte	.LASF8
  87 0067 01       		.byte	0x1
  88 0068 4D       		.byte	0x4d
  89 0069 18       		.byte	0x18
  90 006a 6E000000 		.4byte	0x6e
  91 006e 06       		.uleb128 0x6
  92 006f 04       		.byte	0x4
  93 0070 05       		.byte	0x5
  94 0071 B1010000 		.4byte	.LASF9
  95 0075 01       		.uleb128 0x1
  96 0076 4D020000 		.4byte	.LASF10
  97 007a 01       		.byte	0x1
  98 007b 4F       		.byte	0x4f
  99 007c 19       		.byte	0x19
 100 007d 81000000 		.4byte	0x81
 101 0081 06       		.uleb128 0x6
 102 0082 04       		.byte	0x4
 103 0083 07       		.byte	0x7
 104 0084 B3020000 		.4byte	.LASF11
 105 0088 01       		.uleb128 0x1
 106 0089 82040000 		.4byte	.LASF12
 107 008d 01       		.byte	0x1
 108 008e 69       		.byte	0x69
 109 008f 19       		.byte	0x19
 110 0090 94000000 		.4byte	0x94
 111 0094 06       		.uleb128 0x6
 112 0095 08       		.byte	0x8
 113 0096 07       		.byte	0x7
 114 0097 9F000000 		.4byte	.LASF13
ARM GAS  C:\Users\PUBLIC~1.LAP\AppData\Local\Temp\ccOn9AnM.s 			page 3


 115 009b 01       		.uleb128 0x1
 116 009c CA070000 		.4byte	.LASF14
 117 00a0 02       		.byte	0x2
 118 00a1 18       		.byte	0x18
 119 00a2 13       		.byte	0x13
 120 00a3 41000000 		.4byte	0x41
 121 00a7 09       		.uleb128 0x9
 122 00a8 9B000000 		.4byte	0x9b
 123 00ac 01       		.uleb128 0x1
 124 00ad F5040000 		.4byte	.LASF15
 125 00b1 02       		.byte	0x2
 126 00b2 2C       		.byte	0x2c
 127 00b3 13       		.byte	0x13
 128 00b4 62000000 		.4byte	0x62
 129 00b8 01       		.uleb128 0x1
 130 00b9 9E050000 		.4byte	.LASF16
 131 00bd 02       		.byte	0x2
 132 00be 30       		.byte	0x30
 133 00bf 14       		.byte	0x14
 134 00c0 75000000 		.4byte	0x75
 135 00c4 01       		.uleb128 0x1
 136 00c5 25000000 		.4byte	.LASF17
 137 00c9 02       		.byte	0x2
 138 00ca 3C       		.byte	0x3c
 139 00cb 14       		.byte	0x14
 140 00cc 88000000 		.4byte	0x88
 141 00d0 01       		.uleb128 0x1
 142 00d1 32080000 		.4byte	.LASF18
 143 00d5 03       		.byte	0x3
 144 00d6 48       		.byte	0x48
 145 00d7 1D       		.byte	0x1d
 146 00d8 C4000000 		.4byte	0xc4
 147 00dc 01       		.uleb128 0x1
 148 00dd 8C030000 		.4byte	.LASF19
 149 00e1 04       		.byte	0x4
 150 00e2 50       		.byte	0x50
 151 00e3 19       		.byte	0x19
 152 00e4 D0000000 		.4byte	0xd0
 153 00e8 01       		.uleb128 0x1
 154 00e9 3D050000 		.4byte	.LASF20
 155 00ed 04       		.byte	0x4
 156 00ee 53       		.byte	0x53
 157 00ef 19       		.byte	0x19
 158 00f0 9B000000 		.4byte	0x9b
 159 00f4 01       		.uleb128 0x1
 160 00f5 BA010000 		.4byte	.LASF21
 161 00f9 04       		.byte	0x4
 162 00fa 54       		.byte	0x54
 163 00fb 19       		.byte	0x19
 164 00fc 9B000000 		.4byte	0x9b
 165 0100 01       		.uleb128 0x1
 166 0101 3A010000 		.4byte	.LASF22
 167 0105 04       		.byte	0x4
 168 0106 55       		.byte	0x55
 169 0107 19       		.byte	0x19
 170 0108 9B000000 		.4byte	0x9b
 171 010c 01       		.uleb128 0x1
ARM GAS  C:\Users\PUBLIC~1.LAP\AppData\Local\Temp\ccOn9AnM.s 			page 4


 172 010d C4040000 		.4byte	.LASF23
 173 0111 04       		.byte	0x4
 174 0112 57       		.byte	0x57
 175 0113 19       		.byte	0x19
 176 0114 B8000000 		.4byte	0xb8
 177 0118 01       		.uleb128 0x1
 178 0119 26030000 		.4byte	.LASF24
 179 011d 04       		.byte	0x4
 180 011e 58       		.byte	0x58
 181 011f 19       		.byte	0x19
 182 0120 AC000000 		.4byte	0xac
 183 0124 01       		.uleb128 0x1
 184 0125 2E000000 		.4byte	.LASF25
 185 0129 04       		.byte	0x4
 186 012a 5A       		.byte	0x5a
 187 012b 19       		.byte	0x19
 188 012c B8000000 		.4byte	0xb8
 189 0130 01       		.uleb128 0x1
 190 0131 99020000 		.4byte	.LASF26
 191 0135 04       		.byte	0x4
 192 0136 5C       		.byte	0x5c
 193 0137 19       		.byte	0x19
 194 0138 AC000000 		.4byte	0xac
 195 013c 01       		.uleb128 0x1
 196 013d 9C040000 		.4byte	.LASF27
 197 0141 04       		.byte	0x4
 198 0142 80       		.byte	0x80
 199 0143 12       		.byte	0x12
 200 0144 25000000 		.4byte	0x25
 201 0148 01       		.uleb128 0x1
 202 0149 B5060000 		.4byte	.LASF28
 203 014d 04       		.byte	0x4
 204 014e 85       		.byte	0x85
 205 014f 1A       		.byte	0x1a
 206 0150 54010000 		.4byte	0x154
 207 0154 07       		.uleb128 0x7
 208 0155 04030000 		.4byte	.LASF44
 209 0159 4C       		.byte	0x4c
 210 015a 05       		.byte	0x5
 211 015b 9C       		.byte	0x9c
 212 015c 08       		.byte	0x8
 213 015d 3E020000 		.4byte	0x23e
 214 0161 17       		.uleb128 0x17
 215 0162 68647200 		.ascii	"hdr\000"
 216 0166 05       		.byte	0x5
 217 0167 AD       		.byte	0xad
 218 0168 05       		.byte	0x5
 219 0169 5D060000 		.4byte	0x65d
 220 016d 00       		.byte	0
 221 016e 17       		.uleb128 0x17
 222 016f 63747800 		.ascii	"ctx\000"
 223 0173 05       		.byte	0x5
 224 0174 B1       		.byte	0xb1
 225 0175 21       		.byte	0x21
 226 0176 57050000 		.4byte	0x557
 227 017a 0C       		.byte	0xc
 228 017b 02       		.uleb128 0x2
ARM GAS  C:\Users\PUBLIC~1.LAP\AppData\Local\Temp\ccOn9AnM.s 			page 5


 229 017c C5020000 		.4byte	.LASF29
 230 0180 05       		.byte	0x5
 231 0181 B6       		.byte	0xb6
 232 0182 21       		.byte	0x21
 233 0183 7B030000 		.4byte	0x37b
 234 0187 10       		.byte	0x10
 235 0188 02       		.uleb128 0x2
 236 0189 BA050000 		.4byte	.LASF30
 237 018d 05       		.byte	0x5
 238 018e BB       		.byte	0xbb
 239 018f 22       		.byte	0x22
 240 0190 53070000 		.4byte	0x753
 241 0194 18       		.byte	0x18
 242 0195 02       		.uleb128 0x2
 243 0196 E6020000 		.4byte	.LASF31
 244 019a 05       		.byte	0x5
 245 019b C0       		.byte	0xc0
 246 019c 22       		.byte	0x22
 247 019d 10030000 		.4byte	0x310
 248 01a1 1C       		.byte	0x1c
 249 01a2 02       		.uleb128 0x2
 250 01a3 CC050000 		.4byte	.LASF32
 251 01a7 05       		.byte	0x5
 252 01a8 C9       		.byte	0xc9
 253 01a9 22       		.byte	0x22
 254 01aa 58070000 		.4byte	0x758
 255 01ae 20       		.byte	0x20
 256 01af 02       		.uleb128 0x2
 257 01b0 58020000 		.4byte	.LASF33
 258 01b4 05       		.byte	0x5
 259 01b5 CE       		.byte	0xce
 260 01b6 22       		.byte	0x22
 261 01b7 58070000 		.4byte	0x758
 262 01bb 24       		.byte	0x24
 263 01bc 02       		.uleb128 0x2
 264 01bd AB010000 		.4byte	.LASF34
 265 01c1 05       		.byte	0x5
 266 01c2 D3       		.byte	0xd3
 267 01c3 21       		.byte	0x21
 268 01c4 F4000000 		.4byte	0xf4
 269 01c8 28       		.byte	0x28
 270 01c9 02       		.uleb128 0x2
 271 01ca D2070000 		.4byte	.LASF35
 272 01ce 05       		.byte	0x5
 273 01cf D7       		.byte	0xd7
 274 01d0 21       		.byte	0x21
 275 01d1 E8000000 		.4byte	0xe8
 276 01d5 29       		.byte	0x29
 277 01d6 02       		.uleb128 0x2
 278 01d7 35010000 		.4byte	.LASF36
 279 01db 05       		.byte	0x5
 280 01dc DC       		.byte	0xdc
 281 01dd 21       		.byte	0x21
 282 01de 00010000 		.4byte	0x100
 283 01e2 2A       		.byte	0x2a
 284 01e3 08       		.uleb128 0x8
 285 01e4 7500     		.ascii	"u\000"
ARM GAS  C:\Users\PUBLIC~1.LAP\AppData\Local\Temp\ccOn9AnM.s 			page 6


 286 01e6 05       		.byte	0x5
 287 01e7 2D01     		.2byte	0x12d
 288 01e9 21       		.byte	0x21
 289 01ea 83060000 		.4byte	0x683
 290 01ee 2C       		.byte	0x2c
 291 01ef 04       		.uleb128 0x4
 292 01f0 5E020000 		.4byte	.LASF37
 293 01f4 3201     		.2byte	0x132
 294 01f6 21       		.byte	0x21
 295 01f7 4F030000 		.4byte	0x34f
 296 01fb 30       		.byte	0x30
 297 01fc 04       		.uleb128 0x4
 298 01fd A2010000 		.4byte	.LASF38
 299 0201 3801     		.2byte	0x138
 300 0203 21       		.byte	0x21
 301 0204 7B030000 		.4byte	0x37b
 302 0208 34       		.byte	0x34
 303 0209 04       		.uleb128 0x4
 304 020a 2C030000 		.4byte	.LASF39
 305 020e 3E01     		.2byte	0x13e
 306 0210 21       		.byte	0x21
 307 0211 24010000 		.4byte	0x124
 308 0215 3C       		.byte	0x3c
 309 0216 04       		.uleb128 0x4
 310 0217 2A080000 		.4byte	.LASF40
 311 021b 4501     		.2byte	0x145
 312 021d 22       		.byte	0x22
 313 021e 4E070000 		.4byte	0x74e
 314 0222 40       		.byte	0x40
 315 0223 04       		.uleb128 0x4
 316 0224 BA030000 		.4byte	.LASF41
 317 0228 4901     		.2byte	0x149
 318 022a 21       		.byte	0x21
 319 022b 0C010000 		.4byte	0x10c
 320 022f 44       		.byte	0x44
 321 0230 04       		.uleb128 0x4
 322 0231 EB020000 		.4byte	.LASF42
 323 0235 5001     		.2byte	0x150
 324 0237 22       		.byte	0x22
 325 0238 CF040000 		.4byte	0x4cf
 326 023c 48       		.byte	0x48
 327 023d 00       		.byte	0
 328 023e 01       		.uleb128 0x1
 329 023f 81010000 		.4byte	.LASF43
 330 0243 04       		.byte	0x4
 331 0244 8A       		.byte	0x8a
 332 0245 1F       		.byte	0x1f
 333 0246 4A020000 		.4byte	0x24a
 334 024a 12       		.uleb128 0x12
 335 024b F7060000 		.4byte	.LASF45
 336 024f 84       		.byte	0x84
 337 0250 05       		.byte	0x5
 338 0251 8F01     		.2byte	0x18f
 339 0253 08       		.byte	0x8
 340 0254 C2020000 		.4byte	0x2c2
 341 0258 04       		.uleb128 0x4
 342 0259 C4070000 		.4byte	.LASF46
ARM GAS  C:\Users\PUBLIC~1.LAP\AppData\Local\Temp\ccOn9AnM.s 			page 7


 343 025d 9301     		.2byte	0x193
 344 025f 21       		.byte	0x21
 345 0260 86070000 		.4byte	0x786
 346 0264 00       		.byte	0
 347 0265 04       		.uleb128 0x4
 348 0266 8F010000 		.4byte	.LASF47
 349 026a 9701     		.2byte	0x197
 350 026c 21       		.byte	0x21
 351 026d 19060000 		.4byte	0x619
 352 0271 10       		.byte	0x10
 353 0272 04       		.uleb128 0x4
 354 0273 20070000 		.4byte	.LASF48
 355 0277 9E01     		.2byte	0x19e
 356 0279 21       		.byte	0x21
 357 027a 40060000 		.4byte	0x640
 358 027e 20       		.byte	0x20
 359 027f 04       		.uleb128 0x4
 360 0280 75000000 		.4byte	.LASF49
 361 0284 A301     		.2byte	0x1a3
 362 0286 21       		.byte	0x21
 363 0287 3C010000 		.4byte	0x13c
 364 028b 28       		.byte	0x28
 365 028c 04       		.uleb128 0x4
 366 028d 0D000000 		.4byte	.LASF50
 367 0291 A901     		.2byte	0x1a9
 368 0293 21       		.byte	0x21
 369 0294 E9020000 		.4byte	0x2e9
 370 0298 2C       		.byte	0x2c
 371 0299 04       		.uleb128 0x4
 372 029a E7050000 		.4byte	.LASF51
 373 029e AE01     		.2byte	0x1ae
 374 02a0 22       		.byte	0x22
 375 02a1 F1070000 		.4byte	0x7f1
 376 02a5 30       		.byte	0x30
 377 02a6 04       		.uleb128 0x4
 378 02a7 CC000000 		.4byte	.LASF52
 379 02ab B201     		.2byte	0x1b2
 380 02ad 21       		.byte	0x21
 381 02ae 48010000 		.4byte	0x148
 382 02b2 34       		.byte	0x34
 383 02b3 08       		.uleb128 0x8
 384 02b4 64626700 		.ascii	"dbg\000"
 385 02b8 05       		.byte	0x5
 386 02b9 B601     		.2byte	0x1b6
 387 02bb 21       		.byte	0x21
 388 02bc 26030000 		.4byte	0x326
 389 02c0 80       		.byte	0x80
 390 02c1 00       		.byte	0
 391 02c2 01       		.uleb128 0x1
 392 02c3 C3030000 		.4byte	.LASF53
 393 02c7 06       		.byte	0x6
 394 02c8 3F       		.byte	0x3f
 395 02c9 12       		.byte	0x12
 396 02ca B8000000 		.4byte	0xb8
 397 02ce 07       		.uleb128 0x7
 398 02cf D3010000 		.4byte	.LASF54
 399 02d3 04       		.byte	0x4
ARM GAS  C:\Users\PUBLIC~1.LAP\AppData\Local\Temp\ccOn9AnM.s 			page 8


 400 02d4 06       		.byte	0x6
 401 02d5 44       		.byte	0x44
 402 02d6 10       		.byte	0x10
 403 02d7 E9020000 		.4byte	0x2e9
 404 02db 02       		.uleb128 0x2
 405 02dc A8070000 		.4byte	.LASF55
 406 02e0 06       		.byte	0x6
 407 02e1 48       		.byte	0x48
 408 02e2 21       		.byte	0x21
 409 02e3 C2020000 		.4byte	0x2c2
 410 02e7 00       		.byte	0
 411 02e8 00       		.byte	0
 412 02e9 01       		.uleb128 0x1
 413 02ea 14050000 		.4byte	.LASF56
 414 02ee 06       		.byte	0x6
 415 02ef 49       		.byte	0x49
 416 02f0 03       		.byte	0x3
 417 02f1 CE020000 		.4byte	0x2ce
 418 02f5 07       		.uleb128 0x7
 419 02f6 DF040000 		.4byte	.LASF57
 420 02fa 04       		.byte	0x4
 421 02fb 07       		.byte	0x7
 422 02fc 3E       		.byte	0x3e
 423 02fd 10       		.byte	0x10
 424 02fe 10030000 		.4byte	0x310
 425 0302 02       		.uleb128 0x2
 426 0303 E6060000 		.4byte	.LASF58
 427 0307 07       		.byte	0x7
 428 0308 46       		.byte	0x46
 429 0309 24       		.byte	0x24
 430 030a 15030000 		.4byte	0x315
 431 030e 00       		.byte	0
 432 030f 00       		.byte	0
 433 0310 05       		.uleb128 0x5
 434 0311 21030000 		.4byte	0x321
 435 0315 1C       		.uleb128 0x1c
 436 0316 10030000 		.4byte	0x310
 437 031a 06       		.uleb128 0x6
 438 031b 01       		.byte	0x1
 439 031c 08       		.byte	0x8
 440 031d D3050000 		.4byte	.LASF59
 441 0321 09       		.uleb128 0x9
 442 0322 1A030000 		.4byte	0x31a
 443 0326 01       		.uleb128 0x1
 444 0327 55000000 		.4byte	.LASF60
 445 032b 07       		.byte	0x7
 446 032c 51       		.byte	0x51
 447 032d 03       		.byte	0x3
 448 032e F5020000 		.4byte	0x2f5
 449 0332 01       		.uleb128 0x1
 450 0333 C4060000 		.4byte	.LASF61
 451 0337 08       		.byte	0x8
 452 0338 6D       		.byte	0x6d
 453 0339 12       		.byte	0x12
 454 033a B8000000 		.4byte	0xb8
 455 033e 1C       		.uleb128 0x1c
 456 033f 32030000 		.4byte	0x332
ARM GAS  C:\Users\PUBLIC~1.LAP\AppData\Local\Temp\ccOn9AnM.s 			page 9


 457 0343 01       		.uleb128 0x1
 458 0344 8B020000 		.4byte	.LASF62
 459 0348 08       		.byte	0x8
 460 0349 79       		.byte	0x79
 461 034a 12       		.byte	0x12
 462 034b B8000000 		.4byte	0xb8
 463 034f 01       		.uleb128 0x1
 464 0350 F9030000 		.4byte	.LASF63
 465 0354 09       		.byte	0x9
 466 0355 32       		.byte	0x32
 467 0356 18       		.byte	0x18
 468 0357 5B030000 		.4byte	0x35b
 469 035b 07       		.uleb128 0x7
 470 035c 44030000 		.4byte	.LASF64
 471 0360 04       		.byte	0x4
 472 0361 09       		.byte	0x9
 473 0362 38       		.byte	0x38
 474 0363 08       		.byte	0x8
 475 0364 76030000 		.4byte	0x376
 476 0368 02       		.uleb128 0x2
 477 0369 06010000 		.4byte	.LASF65
 478 036d 09       		.byte	0x9
 479 036e 39       		.byte	0x39
 480 036f 1A       		.byte	0x1a
 481 0370 76030000 		.4byte	0x376
 482 0374 00       		.byte	0
 483 0375 00       		.byte	0
 484 0376 05       		.uleb128 0x5
 485 0377 4F030000 		.4byte	0x34f
 486 037b 01       		.uleb128 0x1
 487 037c CC020000 		.4byte	.LASF66
 488 0380 09       		.byte	0x9
 489 0381 3F       		.byte	0x3f
 490 0382 19       		.byte	0x19
 491 0383 87030000 		.4byte	0x387
 492 0387 07       		.uleb128 0x7
 493 0388 11020000 		.4byte	.LASF67
 494 038c 08       		.byte	0x8
 495 038d 09       		.byte	0x9
 496 038e 45       		.byte	0x45
 497 038f 08       		.byte	0x8
 498 0390 AF030000 		.4byte	0x3af
 499 0394 02       		.uleb128 0x2
 500 0395 06010000 		.4byte	.LASF65
 501 0399 09       		.byte	0x9
 502 039a 46       		.byte	0x46
 503 039b 1A       		.byte	0x1a
 504 039c AF030000 		.4byte	0x3af
 505 03a0 00       		.byte	0
 506 03a1 02       		.uleb128 0x2
 507 03a2 44000000 		.4byte	.LASF68
 508 03a6 09       		.byte	0x9
 509 03a7 47       		.byte	0x47
 510 03a8 1A       		.byte	0x1a
 511 03a9 AF030000 		.4byte	0x3af
 512 03ad 04       		.byte	0x4
 513 03ae 00       		.byte	0
ARM GAS  C:\Users\PUBLIC~1.LAP\AppData\Local\Temp\ccOn9AnM.s 			page 10


 514 03af 05       		.uleb128 0x5
 515 03b0 7B030000 		.4byte	0x37b
 516 03b4 01       		.uleb128 0x1
 517 03b5 8B000000 		.4byte	.LASF69
 518 03b9 09       		.byte	0x9
 519 03ba 4E       		.byte	0x4e
 520 03bb 22       		.byte	0x22
 521 03bc C0030000 		.4byte	0x3c0
 522 03c0 07       		.uleb128 0x7
 523 03c1 3A070000 		.4byte	.LASF70
 524 03c5 0C       		.byte	0xc
 525 03c6 09       		.byte	0x9
 526 03c7 55       		.byte	0x55
 527 03c8 08       		.byte	0x8
 528 03c9 F5030000 		.4byte	0x3f5
 529 03cd 02       		.uleb128 0x2
 530 03ce 06010000 		.4byte	.LASF65
 531 03d2 09       		.byte	0x9
 532 03d3 56       		.byte	0x56
 533 03d4 1A       		.byte	0x1a
 534 03d5 F5030000 		.4byte	0x3f5
 535 03d9 00       		.byte	0
 536 03da 02       		.uleb128 0x2
 537 03db 44000000 		.4byte	.LASF68
 538 03df 09       		.byte	0x9
 539 03e0 57       		.byte	0x57
 540 03e1 1A       		.byte	0x1a
 541 03e2 F5030000 		.4byte	0x3f5
 542 03e6 04       		.byte	0x4
 543 03e7 02       		.uleb128 0x2
 544 03e8 56040000 		.4byte	.LASF71
 545 03ec 09       		.byte	0x9
 546 03ed 58       		.byte	0x58
 547 03ee 19       		.byte	0x19
 548 03ef 0C010000 		.4byte	0x10c
 549 03f3 08       		.byte	0x8
 550 03f4 00       		.byte	0
 551 03f5 05       		.uleb128 0x5
 552 03f6 B4030000 		.4byte	0x3b4
 553 03fa 01       		.uleb128 0x1
 554 03fb 20020000 		.4byte	.LASF72
 555 03ff 09       		.byte	0x9
 556 0400 5F       		.byte	0x5f
 557 0401 1E       		.byte	0x1e
 558 0402 06040000 		.4byte	0x406
 559 0406 07       		.uleb128 0x7
 560 0407 5C010000 		.4byte	.LASF73
 561 040b 0C       		.byte	0xc
 562 040c 09       		.byte	0x9
 563 040d 64       		.byte	0x64
 564 040e 08       		.byte	0x8
 565 040f 3B040000 		.4byte	0x43b
 566 0413 02       		.uleb128 0x2
 567 0414 06010000 		.4byte	.LASF65
 568 0418 09       		.byte	0x9
 569 0419 65       		.byte	0x65
 570 041a 1A       		.byte	0x1a
ARM GAS  C:\Users\PUBLIC~1.LAP\AppData\Local\Temp\ccOn9AnM.s 			page 11


 571 041b 3B040000 		.4byte	0x43b
 572 041f 00       		.byte	0
 573 0420 02       		.uleb128 0x2
 574 0421 44000000 		.4byte	.LASF68
 575 0425 09       		.byte	0x9
 576 0426 66       		.byte	0x66
 577 0427 1A       		.byte	0x1a
 578 0428 3B040000 		.4byte	0x43b
 579 042c 04       		.byte	0x4
 580 042d 02       		.uleb128 0x2
 581 042e 18000000 		.4byte	.LASF74
 582 0432 09       		.byte	0x9
 583 0433 67       		.byte	0x67
 584 0434 19       		.byte	0x19
 585 0435 43030000 		.4byte	0x343
 586 0439 08       		.byte	0x8
 587 043a 00       		.byte	0
 588 043b 05       		.uleb128 0x5
 589 043c FA030000 		.4byte	0x3fa
 590 0440 06       		.uleb128 0x6
 591 0441 01       		.byte	0x1
 592 0442 02       		.byte	0x2
 593 0443 EF040000 		.4byte	.LASF75
 594 0447 0C       		.uleb128 0xc
 595 0448 A7000000 		.4byte	0xa7
 596 044c 57040000 		.4byte	0x457
 597 0450 0D       		.uleb128 0xd
 598 0451 25000000 		.4byte	0x25
 599 0455 07       		.byte	0x7
 600 0456 00       		.byte	0
 601 0457 09       		.uleb128 0x9
 602 0458 47040000 		.4byte	0x447
 603 045c 13       		.uleb128 0x13
 604 045d 0B010000 		.4byte	.LASF76
 605 0461 3B       		.byte	0x3b
 606 0462 57040000 		.4byte	0x457
 607 0466 08       		.byte	0x8
 608 0467 00       		.byte	0
 609 0468 00       		.byte	0
 610 0469 00       		.byte	0
 611 046a 00       		.byte	0
 612 046b 04       		.byte	0x4
 613 046c 04       		.byte	0x4
 614 046d 04       		.byte	0x4
 615 046e 04       		.byte	0x4
 616 046f 13       		.uleb128 0x13
 617 0470 D7060000 		.4byte	.LASF77
 618 0474 47       		.byte	0x47
 619 0475 57040000 		.4byte	0x457
 620 0479 08       		.byte	0x8
 621 047a 00       		.byte	0
 622 047b 00       		.byte	0
 623 047c 08       		.byte	0x8
 624 047d 00       		.byte	0
 625 047e 00       		.byte	0
 626 047f 00       		.byte	0
 627 0480 08       		.byte	0x8
ARM GAS  C:\Users\PUBLIC~1.LAP\AppData\Local\Temp\ccOn9AnM.s 			page 12


 628 0481 00       		.byte	0
 629 0482 13       		.uleb128 0x13
 630 0483 65030000 		.4byte	.LASF78
 631 0487 53       		.byte	0x53
 632 0488 57040000 		.4byte	0x457
 633 048c 08       		.byte	0x8
 634 048d 00       		.byte	0
 635 048e 00       		.byte	0
 636 048f 08       		.byte	0x8
 637 0490 00       		.byte	0
 638 0491 00       		.byte	0
 639 0492 00       		.byte	0
 640 0493 08       		.byte	0x8
 641 0494 00       		.byte	0
 642 0495 13       		.uleb128 0x13
 643 0496 8D040000 		.4byte	.LASF79
 644 049a 5F       		.byte	0x5f
 645 049b 57040000 		.4byte	0x457
 646 049f 08       		.byte	0x8
 647 04a0 00       		.byte	0
 648 04a1 02       		.byte	0x2
 649 04a2 04       		.byte	0x4
 650 04a3 06       		.byte	0x6
 651 04a4 08       		.byte	0x8
 652 04a5 0A       		.byte	0xa
 653 04a6 0C       		.byte	0xc
 654 04a7 0E       		.byte	0xe
 655 04a8 0C       		.uleb128 0xc
 656 04a9 A7000000 		.4byte	0xa7
 657 04ad B8040000 		.4byte	0x4b8
 658 04b1 0D       		.uleb128 0xd
 659 04b2 25000000 		.4byte	0x25
 660 04b6 06       		.byte	0x6
 661 04b7 00       		.byte	0
 662 04b8 09       		.uleb128 0x9
 663 04b9 A8040000 		.4byte	0x4a8
 664 04bd 13       		.uleb128 0x13
 665 04be 5F070000 		.4byte	.LASF80
 666 04c2 6B       		.byte	0x6b
 667 04c3 B8040000 		.4byte	0x4b8
 668 04c7 07       		.byte	0x7
 669 04c8 00       		.byte	0
 670 04c9 01       		.byte	0x1
 671 04ca 02       		.byte	0x2
 672 04cb 03       		.byte	0x3
 673 04cc 04       		.byte	0x4
 674 04cd 05       		.byte	0x5
 675 04ce 06       		.byte	0x6
 676 04cf 24       		.uleb128 0x24
 677 04d0 04       		.byte	0x4
 678 04d1 12       		.uleb128 0x12
 679 04d2 49000000 		.4byte	.LASF81
 680 04d6 24       		.byte	0x24
 681 04d7 0B       		.byte	0xb
 682 04d8 1B01     		.2byte	0x11b
 683 04da 08       		.byte	0x8
 684 04db 57050000 		.4byte	0x557
ARM GAS  C:\Users\PUBLIC~1.LAP\AppData\Local\Temp\ccOn9AnM.s 			page 13


 685 04df 08       		.uleb128 0x8
 686 04e0 723800   		.ascii	"r8\000"
 687 04e3 0B       		.byte	0xb
 688 04e4 1C01     		.2byte	0x11c
 689 04e6 11       		.byte	0x11
 690 04e7 B8000000 		.4byte	0xb8
 691 04eb 00       		.byte	0
 692 04ec 08       		.uleb128 0x8
 693 04ed 723900   		.ascii	"r9\000"
 694 04f0 0B       		.byte	0xb
 695 04f1 1D01     		.2byte	0x11d
 696 04f3 11       		.byte	0x11
 697 04f4 B8000000 		.4byte	0xb8
 698 04f8 04       		.byte	0x4
 699 04f9 08       		.uleb128 0x8
 700 04fa 72313000 		.ascii	"r10\000"
 701 04fe 0B       		.byte	0xb
 702 04ff 1E01     		.2byte	0x11e
 703 0501 11       		.byte	0x11
 704 0502 B8000000 		.4byte	0xb8
 705 0506 08       		.byte	0x8
 706 0507 08       		.uleb128 0x8
 707 0508 72313100 		.ascii	"r11\000"
 708 050c 0B       		.byte	0xb
 709 050d 1F01     		.2byte	0x11f
 710 050f 11       		.byte	0x11
 711 0510 B8000000 		.4byte	0xb8
 712 0514 0C       		.byte	0xc
 713 0515 08       		.uleb128 0x8
 714 0516 723400   		.ascii	"r4\000"
 715 0519 0B       		.byte	0xb
 716 051a 2001     		.2byte	0x120
 717 051c 11       		.byte	0x11
 718 051d B8000000 		.4byte	0xb8
 719 0521 10       		.byte	0x10
 720 0522 08       		.uleb128 0x8
 721 0523 723500   		.ascii	"r5\000"
 722 0526 0B       		.byte	0xb
 723 0527 2101     		.2byte	0x121
 724 0529 11       		.byte	0x11
 725 052a B8000000 		.4byte	0xb8
 726 052e 14       		.byte	0x14
 727 052f 08       		.uleb128 0x8
 728 0530 723600   		.ascii	"r6\000"
 729 0533 0B       		.byte	0xb
 730 0534 2201     		.2byte	0x122
 731 0536 11       		.byte	0x11
 732 0537 B8000000 		.4byte	0xb8
 733 053b 18       		.byte	0x18
 734 053c 08       		.uleb128 0x8
 735 053d 723700   		.ascii	"r7\000"
 736 0540 0B       		.byte	0xb
 737 0541 2301     		.2byte	0x123
 738 0543 11       		.byte	0x11
 739 0544 B8000000 		.4byte	0xb8
 740 0548 1C       		.byte	0x1c
 741 0549 08       		.uleb128 0x8
ARM GAS  C:\Users\PUBLIC~1.LAP\AppData\Local\Temp\ccOn9AnM.s 			page 14


 742 054a 6C7200   		.ascii	"lr\000"
 743 054d 0B       		.byte	0xb
 744 054e 2401     		.2byte	0x124
 745 0550 11       		.byte	0x11
 746 0551 B8000000 		.4byte	0xb8
 747 0555 20       		.byte	0x20
 748 0556 00       		.byte	0
 749 0557 12       		.uleb128 0x12
 750 0558 49040000 		.4byte	.LASF82
 751 055c 04       		.byte	0x4
 752 055d 0B       		.byte	0xb
 753 055e 2D01     		.2byte	0x12d
 754 0560 08       		.byte	0x8
 755 0561 73050000 		.4byte	0x573
 756 0565 08       		.uleb128 0x8
 757 0566 737000   		.ascii	"sp\000"
 758 0569 0B       		.byte	0xb
 759 056a 2E01     		.2byte	0x12e
 760 056c 1A       		.byte	0x1a
 761 056d 73050000 		.4byte	0x573
 762 0571 00       		.byte	0
 763 0572 00       		.byte	0
 764 0573 05       		.uleb128 0x5
 765 0574 D1040000 		.4byte	0x4d1
 766 0578 01       		.uleb128 0x1
 767 0579 B4040000 		.4byte	.LASF83
 768 057d 05       		.byte	0x5
 769 057e 3C       		.byte	0x3c
 770 057f 21       		.byte	0x21
 771 0580 89050000 		.4byte	0x589
 772 0584 09       		.uleb128 0x9
 773 0585 78050000 		.4byte	0x578
 774 0589 07       		.uleb128 0x7
 775 058a 67050000 		.4byte	.LASF84
 776 058e 18       		.byte	0x18
 777 058f 05       		.byte	0x5
 778 0590 4B       		.byte	0x4b
 779 0591 08       		.byte	0x8
 780 0592 CB050000 		.4byte	0x5cb
 781 0596 02       		.uleb128 0x2
 782 0597 BE060000 		.4byte	.LASF85
 783 059b 05       		.byte	0x5
 784 059c 4F       		.byte	0x4f
 785 059d 21       		.byte	0x21
 786 059e FA030000 		.4byte	0x3fa
 787 05a2 00       		.byte	0
 788 05a3 02       		.uleb128 0x2
 789 05a4 D8050000 		.4byte	.LASF86
 790 05a8 05       		.byte	0x5
 791 05a9 53       		.byte	0x53
 792 05aa 21       		.byte	0x21
 793 05ab CB050000 		.4byte	0x5cb
 794 05af 0C       		.byte	0xc
 795 05b0 17       		.uleb128 0x17
 796 05b1 70617200 		.ascii	"par\000"
 797 05b5 05       		.byte	0x5
 798 05b6 57       		.byte	0x57
ARM GAS  C:\Users\PUBLIC~1.LAP\AppData\Local\Temp\ccOn9AnM.s 			page 15


 799 05b7 22       		.byte	0x22
 800 05b8 CF040000 		.4byte	0x4cf
 801 05bc 10       		.byte	0x10
 802 05bd 02       		.uleb128 0x2
 803 05be D7020000 		.4byte	.LASF87
 804 05c2 05       		.byte	0x5
 805 05c3 5B       		.byte	0x5b
 806 05c4 21       		.byte	0x21
 807 05c5 43030000 		.4byte	0x343
 808 05c9 14       		.byte	0x14
 809 05ca 00       		.byte	0
 810 05cb 01       		.uleb128 0x1
 811 05cc CE060000 		.4byte	.LASF88
 812 05d0 05       		.byte	0x5
 813 05d1 46       		.byte	0x46
 814 05d2 10       		.byte	0x10
 815 05d3 D7050000 		.4byte	0x5d7
 816 05d7 05       		.uleb128 0x5
 817 05d8 DC050000 		.4byte	0x5dc
 818 05dc 25       		.uleb128 0x25
 819 05dd EC050000 		.4byte	0x5ec
 820 05e1 0B       		.uleb128 0xb
 821 05e2 EC050000 		.4byte	0x5ec
 822 05e6 0B       		.uleb128 0xb
 823 05e7 CF040000 		.4byte	0x4cf
 824 05eb 00       		.byte	0
 825 05ec 05       		.uleb128 0x5
 826 05ed 78050000 		.4byte	0x578
 827 05f1 07       		.uleb128 0x7
 828 05f2 E2030000 		.4byte	.LASF89
 829 05f6 10       		.byte	0x10
 830 05f7 05       		.byte	0x5
 831 05f8 64       		.byte	0x64
 832 05f9 10       		.byte	0x10
 833 05fa 19060000 		.4byte	0x619
 834 05fe 02       		.uleb128 0x2
 835 05ff BE060000 		.4byte	.LASF85
 836 0603 05       		.byte	0x5
 837 0604 68       		.byte	0x68
 838 0605 21       		.byte	0x21
 839 0606 FA030000 		.4byte	0x3fa
 840 060a 00       		.byte	0
 841 060b 02       		.uleb128 0x2
 842 060c 3C030000 		.4byte	.LASF90
 843 0610 05       		.byte	0x5
 844 0611 6D       		.byte	0x6d
 845 0612 21       		.byte	0x21
 846 0613 3E030000 		.4byte	0x33e
 847 0617 0C       		.byte	0xc
 848 0618 00       		.byte	0
 849 0619 01       		.uleb128 0x1
 850 061a DF000000 		.4byte	.LASF91
 851 061e 05       		.byte	0x5
 852 061f 7B       		.byte	0x7b
 853 0620 03       		.byte	0x3
 854 0621 F1050000 		.4byte	0x5f1
 855 0625 07       		.uleb128 0x7
ARM GAS  C:\Users\PUBLIC~1.LAP\AppData\Local\Temp\ccOn9AnM.s 			page 16


 856 0626 30020000 		.4byte	.LASF92
 857 062a 08       		.byte	0x8
 858 062b 05       		.byte	0x5
 859 062c 80       		.byte	0x80
 860 062d 10       		.byte	0x10
 861 062e 40060000 		.4byte	0x640
 862 0632 02       		.uleb128 0x2
 863 0633 1A020000 		.4byte	.LASF93
 864 0637 05       		.byte	0x5
 865 0638 84       		.byte	0x84
 866 0639 21       		.byte	0x21
 867 063a 7B030000 		.4byte	0x37b
 868 063e 00       		.byte	0
 869 063f 00       		.byte	0
 870 0640 01       		.uleb128 0x1
 871 0641 93050000 		.4byte	.LASF94
 872 0645 05       		.byte	0x5
 873 0646 85       		.byte	0x85
 874 0647 03       		.byte	0x3
 875 0648 25060000 		.4byte	0x625
 876 064c 01       		.uleb128 0x1
 877 064d CF030000 		.4byte	.LASF95
 878 0651 05       		.byte	0x5
 879 0652 8A       		.byte	0x8a
 880 0653 14       		.byte	0x14
 881 0654 58060000 		.4byte	0x658
 882 0658 05       		.uleb128 0x5
 883 0659 48010000 		.4byte	0x148
 884 065d 1D       		.uleb128 0x1d
 885 065e 0C       		.byte	0xc
 886 065f A0       		.byte	0xa0
 887 0660 83060000 		.4byte	0x683
 888 0664 14       		.uleb128 0x14
 889 0665 0C080000 		.4byte	.LASF96
 890 0669 A4       		.byte	0xa4
 891 066a 4F030000 		.4byte	0x34f
 892 066e 14       		.uleb128 0x14
 893 066f 1A020000 		.4byte	.LASF93
 894 0673 A8       		.byte	0xa8
 895 0674 7B030000 		.4byte	0x37b
 896 0678 14       		.uleb128 0x14
 897 0679 F0060000 		.4byte	.LASF97
 898 067d AC       		.byte	0xac
 899 067e B4030000 		.4byte	0x3b4
 900 0682 00       		.byte	0
 901 0683 1D       		.uleb128 0x1d
 902 0684 04       		.byte	0x4
 903 0685 F0       		.byte	0xf0
 904 0686 E7060000 		.4byte	0x6e7
 905 068a 14       		.uleb128 0x14
 906 068b 1E000000 		.4byte	.LASF98
 907 068f F7       		.byte	0xf7
 908 0690 18010000 		.4byte	0x118
 909 0694 14       		.uleb128 0x14
 910 0695 C3000000 		.4byte	.LASF99
 911 0699 FE       		.byte	0xfe
 912 069a 18010000 		.4byte	0x118
ARM GAS  C:\Users\PUBLIC~1.LAP\AppData\Local\Temp\ccOn9AnM.s 			page 17


 913 069e 0F       		.uleb128 0xf
 914 069f 35030000 		.4byte	.LASF100
 915 06a3 0501     		.2byte	0x105
 916 06a5 22       		.byte	0x22
 917 06a6 CF040000 		.4byte	0x4cf
 918 06aa 0F       		.uleb128 0xf
 919 06ab 12000000 		.4byte	.LASF101
 920 06af 0C01     		.2byte	0x10c
 921 06b1 22       		.byte	0x22
 922 06b2 E7060000 		.4byte	0x6e7
 923 06b6 0F       		.uleb128 0xf
 924 06b7 D7000000 		.4byte	.LASF102
 925 06bb 1101     		.2byte	0x111
 926 06bd 21       		.byte	0x21
 927 06be 18010000 		.4byte	0x118
 928 06c2 0F       		.uleb128 0xf
 929 06c3 AC020000 		.4byte	.LASF103
 930 06c7 1A01     		.2byte	0x11a
 931 06c9 22       		.byte	0x22
 932 06ca 14070000 		.4byte	0x714
 933 06ce 0F       		.uleb128 0xf
 934 06cf A7050000 		.4byte	.LASF104
 935 06d3 2301     		.2byte	0x123
 936 06d5 22       		.byte	0x22
 937 06d6 4E070000 		.4byte	0x74e
 938 06da 0F       		.uleb128 0xf
 939 06db 36050000 		.4byte	.LASF105
 940 06df 2B01     		.2byte	0x12b
 941 06e1 21       		.byte	0x21
 942 06e2 24010000 		.4byte	0x124
 943 06e6 00       		.byte	0
 944 06e7 05       		.uleb128 0x5
 945 06e8 4C060000 		.4byte	0x64c
 946 06ec 07       		.uleb128 0x7
 947 06ed 78050000 		.4byte	.LASF106
 948 06f1 0C       		.byte	0xc
 949 06f2 0C       		.byte	0xc
 950 06f3 34       		.byte	0x34
 951 06f4 10       		.byte	0x10
 952 06f5 14070000 		.4byte	0x714
 953 06f9 02       		.uleb128 0x2
 954 06fa 1A020000 		.4byte	.LASF93
 955 06fe 0C       		.byte	0xc
 956 06ff 35       		.byte	0x35
 957 0700 19       		.byte	0x19
 958 0701 7B030000 		.4byte	0x37b
 959 0705 00       		.byte	0
 960 0706 17       		.uleb128 0x17
 961 0707 636E7400 		.ascii	"cnt\000"
 962 070b 0C       		.byte	0xc
 963 070c 37       		.byte	0x37
 964 070d 19       		.byte	0x19
 965 070e 30010000 		.4byte	0x130
 966 0712 08       		.byte	0x8
 967 0713 00       		.byte	0
 968 0714 05       		.uleb128 0x5
 969 0715 EC060000 		.4byte	0x6ec
ARM GAS  C:\Users\PUBLIC~1.LAP\AppData\Local\Temp\ccOn9AnM.s 			page 18


 970 0719 07       		.uleb128 0x7
 971 071a 9F070000 		.4byte	.LASF107
 972 071e 10       		.byte	0x10
 973 071f 0D       		.byte	0xd
 974 0720 39       		.byte	0x39
 975 0721 08       		.byte	0x8
 976 0722 4E070000 		.4byte	0x74e
 977 0726 02       		.uleb128 0x2
 978 0727 1A020000 		.4byte	.LASF93
 979 072b 0D       		.byte	0xd
 980 072c 3A       		.byte	0x3a
 981 072d 19       		.byte	0x19
 982 072e 7B030000 		.4byte	0x37b
 983 0732 00       		.byte	0
 984 0733 02       		.uleb128 0x2
 985 0734 BA050000 		.4byte	.LASF30
 986 0738 0D       		.byte	0xd
 987 0739 3C       		.byte	0x3c
 988 073a 1A       		.byte	0x1a
 989 073b 58060000 		.4byte	0x658
 990 073f 08       		.byte	0x8
 991 0740 02       		.uleb128 0x2
 992 0741 06010000 		.4byte	.LASF65
 993 0745 0D       		.byte	0xd
 994 0746 3E       		.byte	0x3e
 995 0747 1A       		.byte	0x1a
 996 0748 1B080000 		.4byte	0x81b
 997 074c 0C       		.byte	0xc
 998 074d 00       		.byte	0
 999 074e 05       		.uleb128 0x5
 1000 074f 19070000 		.4byte	0x719
 1001 0753 05       		.uleb128 0x5
 1002 0754 3E020000 		.4byte	0x23e
 1003 0758 05       		.uleb128 0x5
 1004 0759 DC000000 		.4byte	0xdc
 1005 075d 12       		.uleb128 0x12
 1006 075e 4C030000 		.4byte	.LASF108
 1007 0762 10       		.byte	0x10
 1008 0763 05       		.byte	0x5
 1009 0764 6101     		.2byte	0x161
 1010 0766 10       		.byte	0x10
 1011 0767 86070000 		.4byte	0x786
 1012 076b 04       		.uleb128 0x4
 1013 076c F0060000 		.4byte	.LASF97
 1014 0770 6601     		.2byte	0x166
 1015 0772 21       		.byte	0x21
 1016 0773 B4030000 		.4byte	0x3b4
 1017 0777 00       		.byte	0
 1018 0778 04       		.uleb128 0x4
 1019 0779 7A040000 		.4byte	.LASF109
 1020 077d 6A01     		.2byte	0x16a
 1021 077f 22       		.byte	0x22
 1022 0780 58060000 		.4byte	0x658
 1023 0784 0C       		.byte	0xc
 1024 0785 00       		.byte	0
 1025 0786 1E       		.uleb128 0x1e
 1026 0787 00000000 		.4byte	.LASF110
ARM GAS  C:\Users\PUBLIC~1.LAP\AppData\Local\Temp\ccOn9AnM.s 			page 19


 1027 078b 6B01     		.2byte	0x16b
 1028 078d 5D070000 		.4byte	0x75d
 1029 0791 12       		.uleb128 0x12
 1030 0792 33040000 		.4byte	.LASF111
 1031 0796 14       		.byte	0x14
 1032 0797 05       		.byte	0x5
 1033 0798 7001     		.2byte	0x170
 1034 079a 10       		.byte	0x10
 1035 079b E1070000 		.4byte	0x7e1
 1036 079f 04       		.uleb128 0x4
 1037 07a0 E6020000 		.4byte	.LASF31
 1038 07a4 7401     		.2byte	0x174
 1039 07a6 22       		.byte	0x22
 1040 07a7 10030000 		.4byte	0x310
 1041 07ab 00       		.byte	0
 1042 07ac 04       		.uleb128 0x4
 1043 07ad 73020000 		.4byte	.LASF112
 1044 07b1 7A01     		.2byte	0x17a
 1045 07b3 22       		.byte	0x22
 1046 07b4 58070000 		.4byte	0x758
 1047 07b8 04       		.byte	0x4
 1048 07b9 04       		.uleb128 0x4
 1049 07ba 6E070000 		.4byte	.LASF113
 1050 07be 7E01     		.2byte	0x17e
 1051 07c0 22       		.byte	0x22
 1052 07c1 58070000 		.4byte	0x758
 1053 07c5 08       		.byte	0x8
 1054 07c6 04       		.uleb128 0x4
 1055 07c7 AA030000 		.4byte	.LASF114
 1056 07cb 8401     		.2byte	0x184
 1057 07cd 22       		.byte	0x22
 1058 07ce 58070000 		.4byte	0x758
 1059 07d2 0C       		.byte	0xc
 1060 07d3 04       		.uleb128 0x4
 1061 07d4 1B080000 		.4byte	.LASF115
 1062 07d8 8801     		.2byte	0x188
 1063 07da 22       		.byte	0x22
 1064 07db 58070000 		.4byte	0x758
 1065 07df 10       		.byte	0x10
 1066 07e0 00       		.byte	0
 1067 07e1 1E       		.uleb128 0x1e
 1068 07e2 8A070000 		.4byte	.LASF116
 1069 07e6 8A01     		.2byte	0x18a
 1070 07e8 91070000 		.4byte	0x791
 1071 07ec 09       		.uleb128 0x9
 1072 07ed E1070000 		.4byte	0x7e1
 1073 07f1 05       		.uleb128 0x5
 1074 07f2 EC070000 		.4byte	0x7ec
 1075 07f6 26       		.uleb128 0x26
 1076 07f7 63683000 		.ascii	"ch0\000"
 1077 07fb 10       		.byte	0x10
 1078 07fc 4101     		.2byte	0x141
 1079 07fe 16       		.byte	0x16
 1080 07ff 3E020000 		.4byte	0x23e
 1081 0803 01       		.uleb128 0x1
 1082 0804 5B050000 		.4byte	.LASF117
 1083 0808 0C       		.byte	0xc
ARM GAS  C:\Users\PUBLIC~1.LAP\AppData\Local\Temp\ccOn9AnM.s 			page 20


 1084 0809 38       		.byte	0x38
 1085 080a 03       		.byte	0x3
 1086 080b EC060000 		.4byte	0x6ec
 1087 080f 01       		.uleb128 0x1
 1088 0810 83020000 		.4byte	.LASF118
 1089 0814 0D       		.byte	0xd
 1090 0815 34       		.byte	0x34
 1091 0816 19       		.byte	0x19
 1092 0817 19070000 		.4byte	0x719
 1093 081b 05       		.uleb128 0x5
 1094 081c 0F080000 		.4byte	0x80f
 1095 0820 1F       		.uleb128 0x1f
 1096 0821 B6000000 		.4byte	.LASF119
 1097 0825 6B       		.byte	0x6b
 1098 0826 30080000 		.4byte	0x830
 1099 082a 0B       		.uleb128 0xb
 1100 082b EC050000 		.4byte	0x5ec
 1101 082f 00       		.byte	0
 1102 0830 1F       		.uleb128 0x1f
 1103 0831 5A030000 		.4byte	.LASF120
 1104 0835 67       		.byte	0x67
 1105 0836 4F080000 		.4byte	0x84f
 1106 083a 0B       		.uleb128 0xb
 1107 083b EC050000 		.4byte	0x5ec
 1108 083f 0B       		.uleb128 0xb
 1109 0840 43030000 		.4byte	0x343
 1110 0844 0B       		.uleb128 0xb
 1111 0845 CB050000 		.4byte	0x5cb
 1112 0849 0B       		.uleb128 0xb
 1113 084a CF040000 		.4byte	0x4cf
 1114 084e 00       		.byte	0
 1115 084f 27       		.uleb128 0x27
 1116 0850 7D000000 		.4byte	.LASF121
 1117 0854 0B       		.byte	0xb
 1118 0855 B201     		.2byte	0x1b2
 1119 0857 08       		.byte	0x8
 1120 0858 67080000 		.4byte	0x867
 1121 085c 0B       		.uleb128 0xb
 1122 085d 58060000 		.4byte	0x658
 1123 0861 0B       		.uleb128 0xb
 1124 0862 58060000 		.4byte	0x658
 1125 0866 00       		.byte	0
 1126 0867 18       		.uleb128 0x18
 1127 0868 F5000000 		.4byte	.LASF122
 1128 086c 7302     		.2byte	0x273
 1129 086e 0B       		.byte	0xb
 1130 086f 58060000 		.4byte	0x658
 1131 0873 9F080000 		.4byte	0x89f
 1132 0877 03       		.uleb128 0x3
 1133 0878 6F697000 		.ascii	"oip\000"
 1134 087c 0F       		.byte	0xf
 1135 087d 7402     		.2byte	0x274
 1136 087f 12       		.byte	0x12
 1137 0880 53070000 		.4byte	0x753
 1138 0884 03       		.uleb128 0x3
 1139 0885 6F747000 		.ascii	"otp\000"
 1140 0889 0F       		.byte	0xf
ARM GAS  C:\Users\PUBLIC~1.LAP\AppData\Local\Temp\ccOn9AnM.s 			page 21


 1141 088a 7502     		.2byte	0x275
 1142 088c 0D       		.byte	0xd
 1143 088d 58060000 		.4byte	0x658
 1144 0891 03       		.uleb128 0x3
 1145 0892 6E747000 		.ascii	"ntp\000"
 1146 0896 0F       		.byte	0xf
 1147 0897 7602     		.2byte	0x276
 1148 0899 0D       		.byte	0xd
 1149 089a 58060000 		.4byte	0x658
 1150 089e 00       		.byte	0
 1151 089f 10       		.uleb128 0x10
 1152 08a0 E9070000 		.4byte	.LASF123
 1153 08a4 5A02     		.2byte	0x25a
 1154 08a6 C4080000 		.4byte	0x8c4
 1155 08aa 03       		.uleb128 0x3
 1156 08ab 6F697000 		.ascii	"oip\000"
 1157 08af 0F       		.byte	0xf
 1158 08b0 5B02     		.2byte	0x25b
 1159 08b2 12       		.byte	0x12
 1160 08b3 53070000 		.4byte	0x753
 1161 08b7 03       		.uleb128 0x3
 1162 08b8 747000   		.ascii	"tp\000"
 1163 08bb 0F       		.byte	0xf
 1164 08bc 5C02     		.2byte	0x25c
 1165 08be 0D       		.byte	0xd
 1166 08bf 58060000 		.4byte	0x658
 1167 08c3 00       		.byte	0
 1168 08c4 10       		.uleb128 0x10
 1169 08c5 C3010000 		.4byte	.LASF124
 1170 08c9 3802     		.2byte	0x238
 1171 08cb 01090000 		.4byte	0x901
 1172 08cf 03       		.uleb128 0x3
 1173 08d0 6F697000 		.ascii	"oip\000"
 1174 08d4 0F       		.byte	0xf
 1175 08d5 3902     		.2byte	0x239
 1176 08d7 12       		.byte	0x12
 1177 08d8 53070000 		.4byte	0x753
 1178 08dc 03       		.uleb128 0x3
 1179 08dd 747000   		.ascii	"tp\000"
 1180 08e0 0F       		.byte	0xf
 1181 08e1 3A02     		.2byte	0x23a
 1182 08e3 0D       		.byte	0xd
 1183 08e4 58060000 		.4byte	0x658
 1184 08e8 03       		.uleb128 0x3
 1185 08e9 703100   		.ascii	"p1\000"
 1186 08ec 0F       		.byte	0xf
 1187 08ed 3B02     		.2byte	0x23b
 1188 08ef 0B       		.byte	0xb
 1189 08f0 0C010000 		.4byte	0x10c
 1190 08f4 03       		.uleb128 0x3
 1191 08f5 703200   		.ascii	"p2\000"
 1192 08f8 0F       		.byte	0xf
 1193 08f9 3C02     		.2byte	0x23c
 1194 08fb 0B       		.byte	0xb
 1195 08fc 0C010000 		.4byte	0x10c
 1196 0900 00       		.byte	0
 1197 0901 10       		.uleb128 0x10
ARM GAS  C:\Users\PUBLIC~1.LAP\AppData\Local\Temp\ccOn9AnM.s 			page 22


 1198 0902 28070000 		.4byte	.LASF125
 1199 0906 0502     		.2byte	0x205
 1200 0908 34090000 		.4byte	0x934
 1201 090c 03       		.uleb128 0x3
 1202 090d 6F697000 		.ascii	"oip\000"
 1203 0911 0F       		.byte	0xf
 1204 0912 0602     		.2byte	0x206
 1205 0914 12       		.byte	0x12
 1206 0915 53070000 		.4byte	0x753
 1207 0919 03       		.uleb128 0x3
 1208 091a 6F747000 		.ascii	"otp\000"
 1209 091e 0F       		.byte	0xf
 1210 091f 0702     		.2byte	0x207
 1211 0921 0D       		.byte	0xd
 1212 0922 58060000 		.4byte	0x658
 1213 0926 03       		.uleb128 0x3
 1214 0927 6E747000 		.ascii	"ntp\000"
 1215 092b 0F       		.byte	0xf
 1216 092c 0802     		.2byte	0x208
 1217 092e 0D       		.byte	0xd
 1218 092f 58060000 		.4byte	0x658
 1219 0933 00       		.byte	0
 1220 0934 18       		.uleb128 0x18
 1221 0935 06070000 		.4byte	.LASF126
 1222 0939 E501     		.2byte	0x1e5
 1223 093b 06       		.byte	0x6
 1224 093c 40040000 		.4byte	0x440
 1225 0940 76090000 		.4byte	0x976
 1226 0944 03       		.uleb128 0x3
 1227 0945 6F697000 		.ascii	"oip\000"
 1228 0949 0F       		.byte	0xf
 1229 094a E601     		.2byte	0x1e6
 1230 094c 12       		.byte	0x12
 1231 094d 53070000 		.4byte	0x753
 1232 0951 03       		.uleb128 0x3
 1233 0952 747000   		.ascii	"tp\000"
 1234 0955 0F       		.byte	0xf
 1235 0956 E701     		.2byte	0x1e7
 1236 0958 0D       		.byte	0xd
 1237 0959 58060000 		.4byte	0x658
 1238 095d 03       		.uleb128 0x3
 1239 095e 703100   		.ascii	"p1\000"
 1240 0961 0F       		.byte	0xf
 1241 0962 E901     		.2byte	0x1e9
 1242 0964 0B       		.byte	0xb
 1243 0965 0C010000 		.4byte	0x10c
 1244 0969 03       		.uleb128 0x3
 1245 096a 703200   		.ascii	"p2\000"
 1246 096d 0F       		.byte	0xf
 1247 096e EA01     		.2byte	0x1ea
 1248 0970 0B       		.byte	0xb
 1249 0971 0C010000 		.4byte	0x10c
 1250 0975 00       		.byte	0
 1251 0976 10       		.uleb128 0x10
 1252 0977 3C020000 		.4byte	.LASF127
 1253 097b CA01     		.2byte	0x1ca
 1254 097d 9B090000 		.4byte	0x99b
ARM GAS  C:\Users\PUBLIC~1.LAP\AppData\Local\Temp\ccOn9AnM.s 			page 23


 1255 0981 03       		.uleb128 0x3
 1256 0982 6F697000 		.ascii	"oip\000"
 1257 0986 0F       		.byte	0xf
 1258 0987 CB01     		.2byte	0x1cb
 1259 0989 12       		.byte	0x12
 1260 098a 53070000 		.4byte	0x753
 1261 098e 03       		.uleb128 0x3
 1262 098f 747000   		.ascii	"tp\000"
 1263 0992 0F       		.byte	0xf
 1264 0993 CC01     		.2byte	0x1cc
 1265 0995 0D       		.byte	0xd
 1266 0996 58060000 		.4byte	0x658
 1267 099a 00       		.byte	0
 1268 099b 10       		.uleb128 0x10
 1269 099c 7D070000 		.4byte	.LASF128
 1270 09a0 8D01     		.2byte	0x18d
 1271 09a2 E4090000 		.4byte	0x9e4
 1272 09a6 0A       		.uleb128 0xa
 1273 09a7 6E747000 		.ascii	"ntp\000"
 1274 09ab 0F       		.byte	0xf
 1275 09ac 8D01     		.2byte	0x18d
 1276 09ae 1D       		.byte	0x1d
 1277 09af 58060000 		.4byte	0x658
 1278 09b3 0A       		.uleb128 0xa
 1279 09b4 6D736700 		.ascii	"msg\000"
 1280 09b8 0F       		.byte	0xf
 1281 09b9 8D01     		.2byte	0x18d
 1282 09bb 28       		.byte	0x28
 1283 09bc 18010000 		.4byte	0x118
 1284 09c0 03       		.uleb128 0x3
 1285 09c1 6F697000 		.ascii	"oip\000"
 1286 09c5 0F       		.byte	0xf
 1287 09c6 8E01     		.2byte	0x18e
 1288 09c8 12       		.byte	0x12
 1289 09c9 53070000 		.4byte	0x753
 1290 09cd 03       		.uleb128 0x3
 1291 09ce 6F747000 		.ascii	"otp\000"
 1292 09d2 0F       		.byte	0xf
 1293 09d3 8F01     		.2byte	0x18f
 1294 09d5 0D       		.byte	0xd
 1295 09d6 58060000 		.4byte	0x658
 1296 09da 15       		.uleb128 0x15
 1297 09db 45050000 		.4byte	.LASF133
 1298 09df F4090000 		.4byte	0x9f4
 1299 09e3 00       		.byte	0
 1300 09e4 0C       		.uleb128 0xc
 1301 09e5 21030000 		.4byte	0x321
 1302 09e9 F4090000 		.4byte	0x9f4
 1303 09ed 0D       		.uleb128 0xd
 1304 09ee 25000000 		.4byte	0x25
 1305 09f2 0C       		.byte	0xc
 1306 09f3 00       		.byte	0
 1307 09f4 09       		.uleb128 0x9
 1308 09f5 E4090000 		.4byte	0x9e4
 1309 09f9 18       		.uleb128 0x18
 1310 09fa F7070000 		.4byte	.LASF129
 1311 09fe 6701     		.2byte	0x167
ARM GAS  C:\Users\PUBLIC~1.LAP\AppData\Local\Temp\ccOn9AnM.s 			page 24


 1312 0a00 07       		.byte	0x7
 1313 0a01 18010000 		.4byte	0x118
 1314 0a05 3C0A0000 		.4byte	0xa3c
 1315 0a09 1B       		.uleb128 0x1b
 1316 0a0a 0B050000 		.4byte	.LASF130
 1317 0a0e 6701     		.2byte	0x167
 1318 0a10 25       		.byte	0x25
 1319 0a11 F4000000 		.4byte	0xf4
 1320 0a15 1B       		.uleb128 0x1b
 1321 0a16 DE020000 		.4byte	.LASF131
 1322 0a1a 6701     		.2byte	0x167
 1323 0a1c 3D       		.byte	0x3d
 1324 0a1d 43030000 		.4byte	0x343
 1325 0a21 03       		.uleb128 0x3
 1326 0a22 747000   		.ascii	"tp\000"
 1327 0a25 0F       		.byte	0xf
 1328 0a26 6801     		.2byte	0x168
 1329 0a28 0D       		.byte	0xd
 1330 0a29 58060000 		.4byte	0x658
 1331 0a2d 28       		.uleb128 0x28
 1332 0a2e 03       		.uleb128 0x3
 1333 0a2f 767400   		.ascii	"vt\000"
 1334 0a32 0F       		.byte	0xf
 1335 0a33 6D01     		.2byte	0x16d
 1336 0a35 15       		.byte	0x15
 1337 0a36 78050000 		.4byte	0x578
 1338 0a3a 00       		.byte	0
 1339 0a3b 00       		.byte	0
 1340 0a3c 10       		.uleb128 0x10
 1341 0a3d 85050000 		.4byte	.LASF132
 1342 0a41 3101     		.2byte	0x131
 1343 0a43 840A0000 		.4byte	0xa84
 1344 0a47 1B       		.uleb128 0x1b
 1345 0a48 0B050000 		.4byte	.LASF130
 1346 0a4c 3101     		.2byte	0x131
 1347 0a4e 1D       		.byte	0x1d
 1348 0a4f F4000000 		.4byte	0xf4
 1349 0a53 03       		.uleb128 0x3
 1350 0a54 6F697000 		.ascii	"oip\000"
 1351 0a58 0F       		.byte	0xf
 1352 0a59 3201     		.2byte	0x132
 1353 0a5b 12       		.byte	0x12
 1354 0a5c 53070000 		.4byte	0x753
 1355 0a60 03       		.uleb128 0x3
 1356 0a61 6F747000 		.ascii	"otp\000"
 1357 0a65 0F       		.byte	0xf
 1358 0a66 3301     		.2byte	0x133
 1359 0a68 0D       		.byte	0xd
 1360 0a69 58060000 		.4byte	0x658
 1361 0a6d 03       		.uleb128 0x3
 1362 0a6e 6E747000 		.ascii	"ntp\000"
 1363 0a72 0F       		.byte	0xf
 1364 0a73 3401     		.2byte	0x134
 1365 0a75 0D       		.byte	0xd
 1366 0a76 58060000 		.4byte	0x658
 1367 0a7a 15       		.uleb128 0x15
 1368 0a7b 45050000 		.4byte	.LASF133
ARM GAS  C:\Users\PUBLIC~1.LAP\AppData\Local\Temp\ccOn9AnM.s 			page 25


 1369 0a7f 940A0000 		.4byte	0xa94
 1370 0a83 00       		.byte	0
 1371 0a84 0C       		.uleb128 0xc
 1372 0a85 21030000 		.4byte	0x321
 1373 0a89 940A0000 		.4byte	0xa94
 1374 0a8d 0D       		.uleb128 0xd
 1375 0a8e 25000000 		.4byte	0x25
 1376 0a92 0D       		.byte	0xd
 1377 0a93 00       		.byte	0
 1378 0a94 09       		.uleb128 0x9
 1379 0a95 840A0000 		.4byte	0xa84
 1380 0a99 18       		.uleb128 0x18
 1381 0a9a AE050000 		.4byte	.LASF134
 1382 0a9e 1801     		.2byte	0x118
 1383 0aa0 0B       		.byte	0xb
 1384 0aa1 58060000 		.4byte	0x658
 1385 0aa5 BF0A0000 		.4byte	0xabf
 1386 0aa9 0A       		.uleb128 0xa
 1387 0aaa 747000   		.ascii	"tp\000"
 1388 0aad 0F       		.byte	0xf
 1389 0aae 1801     		.2byte	0x118
 1390 0ab0 21       		.byte	0x21
 1391 0ab1 58060000 		.4byte	0x658
 1392 0ab5 15       		.uleb128 0x15
 1393 0ab6 45050000 		.4byte	.LASF133
 1394 0aba CF0A0000 		.4byte	0xacf
 1395 0abe 00       		.byte	0
 1396 0abf 0C       		.uleb128 0xc
 1397 0ac0 21030000 		.4byte	0x321
 1398 0ac4 CF0A0000 		.4byte	0xacf
 1399 0ac8 0D       		.uleb128 0xd
 1400 0ac9 25000000 		.4byte	0x25
 1401 0acd 0B       		.byte	0xb
 1402 0ace 00       		.byte	0
 1403 0acf 09       		.uleb128 0x9
 1404 0ad0 BF0A0000 		.4byte	0xabf
 1405 0ad4 19       		.uleb128 0x19
 1406 0ad5 66020000 		.4byte	.LASF135
 1407 0ad9 0F       		.byte	0xf
 1408 0ada BC       		.byte	0xbc
 1409 0adb 0D       		.byte	0xd
 1410 0adc 010B0000 		.4byte	0xb01
 1411 0ae0 16       		.uleb128 0x16
 1412 0ae1 76747000 		.ascii	"vtp\000"
 1413 0ae5 0F       		.byte	0xf
 1414 0ae6 BC       		.byte	0xbc
 1415 0ae7 2B       		.byte	0x2b
 1416 0ae8 EC050000 		.4byte	0x5ec
 1417 0aec 16       		.uleb128 0x16
 1418 0aed 7000     		.ascii	"p\000"
 1419 0aef 0F       		.byte	0xf
 1420 0af0 BC       		.byte	0xbc
 1421 0af1 36       		.byte	0x36
 1422 0af2 CF040000 		.4byte	0x4cf
 1423 0af6 0E       		.uleb128 0xe
 1424 0af7 747000   		.ascii	"tp\000"
 1425 0afa BD       		.byte	0xbd
ARM GAS  C:\Users\PUBLIC~1.LAP\AppData\Local\Temp\ccOn9AnM.s 			page 26


 1426 0afb 0D       		.byte	0xd
 1427 0afc 58060000 		.4byte	0x658
 1428 0b00 00       		.byte	0
 1429 0b01 19       		.uleb128 0x19
 1430 0b02 6A010000 		.4byte	.LASF136
 1431 0b06 0F       		.byte	0xf
 1432 0b07 A3       		.byte	0xa3
 1433 0b08 0D       		.byte	0xd
 1434 0b09 2F0B0000 		.4byte	0xb2f
 1435 0b0d 0E       		.uleb128 0xe
 1436 0b0e 6F697000 		.ascii	"oip\000"
 1437 0b12 A4       		.byte	0xa4
 1438 0b13 12       		.byte	0x12
 1439 0b14 53070000 		.4byte	0x753
 1440 0b18 0E       		.uleb128 0xe
 1441 0b19 6F747000 		.ascii	"otp\000"
 1442 0b1d A5       		.byte	0xa5
 1443 0b1e 0D       		.byte	0xd
 1444 0b1f 58060000 		.4byte	0x658
 1445 0b23 0E       		.uleb128 0xe
 1446 0b24 6E747000 		.ascii	"ntp\000"
 1447 0b28 A6       		.byte	0xa6
 1448 0b29 0D       		.byte	0xd
 1449 0b2a 58060000 		.4byte	0x658
 1450 0b2e 00       		.byte	0
 1451 0b2f 19       		.uleb128 0x19
 1452 0b30 74030000 		.4byte	.LASF137
 1453 0b34 0F       		.byte	0xf
 1454 0b35 7F       		.byte	0x7f
 1455 0b36 0D       		.byte	0xd
 1456 0b37 5D0B0000 		.4byte	0xb5d
 1457 0b3b 0E       		.uleb128 0xe
 1458 0b3c 6F697000 		.ascii	"oip\000"
 1459 0b40 80       		.byte	0x80
 1460 0b41 12       		.byte	0x12
 1461 0b42 53070000 		.4byte	0x753
 1462 0b46 0E       		.uleb128 0xe
 1463 0b47 6F747000 		.ascii	"otp\000"
 1464 0b4b 81       		.byte	0x81
 1465 0b4c 0D       		.byte	0xd
 1466 0b4d 58060000 		.4byte	0x658
 1467 0b51 0E       		.uleb128 0xe
 1468 0b52 6E747000 		.ascii	"ntp\000"
 1469 0b56 82       		.byte	0x82
 1470 0b57 0D       		.byte	0xd
 1471 0b58 58060000 		.4byte	0x658
 1472 0b5c 00       		.byte	0
 1473 0b5d 20       		.uleb128 0x20
 1474 0b5e 68040000 		.4byte	.LASF138
 1475 0b62 64       		.byte	0x64
 1476 0b63 58060000 		.4byte	0x658
 1477 0b67 800B0000 		.4byte	0xb80
 1478 0b6b 16       		.uleb128 0x16
 1479 0b6c 747000   		.ascii	"tp\000"
 1480 0b6f 0F       		.byte	0xf
 1481 0b70 64       		.byte	0x64
 1482 0b71 2E       		.byte	0x2e
ARM GAS  C:\Users\PUBLIC~1.LAP\AppData\Local\Temp\ccOn9AnM.s 			page 27


 1483 0b72 58060000 		.4byte	0x658
 1484 0b76 15       		.uleb128 0x15
 1485 0b77 45050000 		.4byte	.LASF133
 1486 0b7b 900B0000 		.4byte	0xb90
 1487 0b7f 00       		.byte	0
 1488 0b80 0C       		.uleb128 0xc
 1489 0b81 21030000 		.4byte	0x321
 1490 0b85 900B0000 		.4byte	0xb90
 1491 0b89 0D       		.uleb128 0xd
 1492 0b8a 25000000 		.4byte	0x25
 1493 0b8e 11       		.byte	0x11
 1494 0b8f 00       		.byte	0
 1495 0b90 09       		.uleb128 0x9
 1496 0b91 800B0000 		.4byte	0xb80
 1497 0b95 20       		.uleb128 0x20
 1498 0b96 97030000 		.4byte	.LASF139
 1499 0b9a 43       		.byte	0x43
 1500 0b9b 58060000 		.4byte	0x658
 1501 0b9f B80B0000 		.4byte	0xbb8
 1502 0ba3 16       		.uleb128 0x16
 1503 0ba4 747000   		.ascii	"tp\000"
 1504 0ba7 0F       		.byte	0xf
 1505 0ba8 43       		.byte	0x43
 1506 0ba9 2F       		.byte	0x2f
 1507 0baa 58060000 		.4byte	0x658
 1508 0bae 15       		.uleb128 0x15
 1509 0baf 45050000 		.4byte	.LASF133
 1510 0bb3 C80B0000 		.4byte	0xbc8
 1511 0bb7 00       		.byte	0
 1512 0bb8 0C       		.uleb128 0xc
 1513 0bb9 21030000 		.4byte	0x321
 1514 0bbd C80B0000 		.4byte	0xbc8
 1515 0bc1 0D       		.uleb128 0xd
 1516 0bc2 25000000 		.4byte	0x25
 1517 0bc6 12       		.byte	0x12
 1518 0bc7 00       		.byte	0
 1519 0bc8 09       		.uleb128 0x9
 1520 0bc9 B80B0000 		.4byte	0xbb8
 1521 0bcd 19       		.uleb128 0x19
 1522 0bce 25050000 		.4byte	.LASF140
 1523 0bd2 0C       		.byte	0xc
 1524 0bd3 AF       		.byte	0xaf
 1525 0bd4 14       		.byte	0x14
 1526 0bd5 E50B0000 		.4byte	0xbe5
 1527 0bd9 16       		.uleb128 0x16
 1528 0bda 737000   		.ascii	"sp\000"
 1529 0bdd 0C       		.byte	0xc
 1530 0bde AF       		.byte	0xaf
 1531 0bdf 32       		.byte	0x32
 1532 0be0 E50B0000 		.4byte	0xbe5
 1533 0be4 00       		.byte	0
 1534 0be5 05       		.uleb128 0x5
 1535 0be6 03080000 		.4byte	0x803
 1536 0bea 1A       		.uleb128 0x1a
 1537 0beb 4E050000 		.4byte	.LASF141
 1538 0bef 0E       		.byte	0xe
 1539 0bf0 0501     		.2byte	0x105
ARM GAS  C:\Users\PUBLIC~1.LAP\AppData\Local\Temp\ccOn9AnM.s 			page 28


 1540 0bf2 14       		.byte	0x14
 1541 0bf3 40040000 		.4byte	0x440
 1542 0bf7 090C0000 		.4byte	0xc09
 1543 0bfb 0A       		.uleb128 0xa
 1544 0bfc 76747000 		.ascii	"vtp\000"
 1545 0c00 0E       		.byte	0xe
 1546 0c01 0501     		.2byte	0x105
 1547 0c03 38       		.byte	0x38
 1548 0c04 090C0000 		.4byte	0xc09
 1549 0c08 00       		.byte	0
 1550 0c09 05       		.uleb128 0x5
 1551 0c0a 84050000 		.4byte	0x584
 1552 0c0e 11       		.uleb128 0x11
 1553 0c0f CC040000 		.4byte	.LASF142
 1554 0c13 10       		.byte	0x10
 1555 0c14 D901     		.2byte	0x1d9
 1556 0c16 11       		.uleb128 0x11
 1557 0c17 D8070000 		.4byte	.LASF143
 1558 0c1b 10       		.byte	0x10
 1559 0c1c C301     		.2byte	0x1c3
 1560 0c1e 11       		.uleb128 0x11
 1561 0c1f A0060000 		.4byte	.LASF144
 1562 0c23 0B       		.byte	0xb
 1563 0c24 0302     		.2byte	0x203
 1564 0c26 11       		.uleb128 0x11
 1565 0c27 4C070000 		.4byte	.LASF145
 1566 0c2b 0B       		.byte	0xb
 1567 0c2c F901     		.2byte	0x1f9
 1568 0c2e 11       		.uleb128 0x11
 1569 0c2f 96010000 		.4byte	.LASF146
 1570 0c33 0B       		.byte	0xb
 1571 0c34 EF01     		.2byte	0x1ef
 1572 0c36 11       		.uleb128 0x11
 1573 0c37 11080000 		.4byte	.LASF147
 1574 0c3b 0B       		.byte	0xb
 1575 0c3c E601     		.2byte	0x1e6
 1576 0c3e 21       		.uleb128 0x21
 1577 0c3f A6040000 		.4byte	.LASF148
 1578 0c43 8C       		.byte	0x8c
 1579 0c44 21       		.uleb128 0x21
 1580 0c45 5B040000 		.4byte	.LASF149
 1581 0c49 81       		.byte	0x81
 1582 0c4a 1A       		.uleb128 0x1a
 1583 0c4b AD070000 		.4byte	.LASF150
 1584 0c4f 09       		.byte	0x9
 1585 0c50 CE01     		.2byte	0x1ce
 1586 0c52 24       		.byte	0x24
 1587 0c53 F5030000 		.4byte	0x3f5
 1588 0c57 740C0000 		.4byte	0xc74
 1589 0c5b 0A       		.uleb128 0xa
 1590 0c5c 70717000 		.ascii	"pqp\000"
 1591 0c60 09       		.byte	0x9
 1592 0c61 CE01     		.2byte	0x1ce
 1593 0c63 50       		.byte	0x50
 1594 0c64 F5030000 		.4byte	0x3f5
 1595 0c68 0A       		.uleb128 0xa
 1596 0c69 7000     		.ascii	"p\000"
ARM GAS  C:\Users\PUBLIC~1.LAP\AppData\Local\Temp\ccOn9AnM.s 			page 29


 1597 0c6b 09       		.byte	0x9
 1598 0c6c CF01     		.2byte	0x1cf
 1599 0c6e 50       		.byte	0x50
 1600 0c6f F5030000 		.4byte	0x3f5
 1601 0c73 00       		.byte	0
 1602 0c74 1A       		.uleb128 0x1a
 1603 0c75 0E030000 		.4byte	.LASF151
 1604 0c79 09       		.byte	0x9
 1605 0c7a B101     		.2byte	0x1b1
 1606 0c7c 24       		.byte	0x24
 1607 0c7d F5030000 		.4byte	0x3f5
 1608 0c81 9E0C0000 		.4byte	0xc9e
 1609 0c85 0A       		.uleb128 0xa
 1610 0c86 70717000 		.ascii	"pqp\000"
 1611 0c8a 09       		.byte	0x9
 1612 0c8b B101     		.2byte	0x1b1
 1613 0c8d 51       		.byte	0x51
 1614 0c8e F5030000 		.4byte	0x3f5
 1615 0c92 0A       		.uleb128 0xa
 1616 0c93 7000     		.ascii	"p\000"
 1617 0c95 09       		.byte	0x9
 1618 0c96 B201     		.2byte	0x1b2
 1619 0c98 51       		.byte	0x51
 1620 0c99 F5030000 		.4byte	0x3f5
 1621 0c9d 00       		.byte	0
 1622 0c9e 1A       		.uleb128 0x1a
 1623 0c9f 1C010000 		.4byte	.LASF152
 1624 0ca3 09       		.byte	0x9
 1625 0ca4 9C01     		.2byte	0x19c
 1626 0ca6 24       		.byte	0x24
 1627 0ca7 F5030000 		.4byte	0x3f5
 1628 0cab C80C0000 		.4byte	0xcc8
 1629 0caf 0A       		.uleb128 0xa
 1630 0cb0 70717000 		.ascii	"pqp\000"
 1631 0cb4 09       		.byte	0x9
 1632 0cb5 9C01     		.2byte	0x19c
 1633 0cb7 52       		.byte	0x52
 1634 0cb8 F5030000 		.4byte	0x3f5
 1635 0cbc 03       		.uleb128 0x3
 1636 0cbd 7000     		.ascii	"p\000"
 1637 0cbf 09       		.byte	0x9
 1638 0cc0 9D01     		.2byte	0x19d
 1639 0cc2 18       		.byte	0x18
 1640 0cc3 F5030000 		.4byte	0x3f5
 1641 0cc7 00       		.byte	0
 1642 0cc8 29       		.uleb128 0x29
 1643 0cc9 64000000 		.4byte	.LASF153
 1644 0ccd 09       		.byte	0x9
 1645 0cce 7A01     		.2byte	0x17a
 1646 0cd0 1B       		.byte	0x1b
 1647 0cd1 AF030000 		.4byte	0x3af
 1648 0cd5 0A       		.uleb128 0xa
 1649 0cd6 7000     		.ascii	"p\000"
 1650 0cd8 09       		.byte	0x9
 1651 0cd9 7A01     		.2byte	0x17a
 1652 0cdb 38       		.byte	0x38
 1653 0cdc AF030000 		.4byte	0x3af
ARM GAS  C:\Users\PUBLIC~1.LAP\AppData\Local\Temp\ccOn9AnM.s 			page 30


 1654 0ce0 00       		.byte	0
 1655 0ce1 00       		.byte	0
 1656              		.section	.gnu.debuglto_.debug_abbrev,"e",%progbits
 1657              	.Ldebug_abbrev0:
 1658 0000 01       		.uleb128 0x1
 1659 0001 16       		.uleb128 0x16
 1660 0002 00       		.byte	0
 1661 0003 03       		.uleb128 0x3
 1662 0004 0E       		.uleb128 0xe
 1663 0005 3A       		.uleb128 0x3a
 1664 0006 0B       		.uleb128 0xb
 1665 0007 3B       		.uleb128 0x3b
 1666 0008 0B       		.uleb128 0xb
 1667 0009 39       		.uleb128 0x39
 1668 000a 0B       		.uleb128 0xb
 1669 000b 49       		.uleb128 0x49
 1670 000c 13       		.uleb128 0x13
 1671 000d 00       		.byte	0
 1672 000e 00       		.byte	0
 1673 000f 02       		.uleb128 0x2
 1674 0010 0D       		.uleb128 0xd
 1675 0011 00       		.byte	0
 1676 0012 03       		.uleb128 0x3
 1677 0013 0E       		.uleb128 0xe
 1678 0014 3A       		.uleb128 0x3a
 1679 0015 0B       		.uleb128 0xb
 1680 0016 3B       		.uleb128 0x3b
 1681 0017 0B       		.uleb128 0xb
 1682 0018 39       		.uleb128 0x39
 1683 0019 0B       		.uleb128 0xb
 1684 001a 49       		.uleb128 0x49
 1685 001b 13       		.uleb128 0x13
 1686 001c 38       		.uleb128 0x38
 1687 001d 0B       		.uleb128 0xb
 1688 001e 00       		.byte	0
 1689 001f 00       		.byte	0
 1690 0020 03       		.uleb128 0x3
 1691 0021 34       		.uleb128 0x34
 1692 0022 00       		.byte	0
 1693 0023 03       		.uleb128 0x3
 1694 0024 08       		.uleb128 0x8
 1695 0025 3A       		.uleb128 0x3a
 1696 0026 0B       		.uleb128 0xb
 1697 0027 3B       		.uleb128 0x3b
 1698 0028 05       		.uleb128 0x5
 1699 0029 39       		.uleb128 0x39
 1700 002a 0B       		.uleb128 0xb
 1701 002b 49       		.uleb128 0x49
 1702 002c 13       		.uleb128 0x13
 1703 002d 00       		.byte	0
 1704 002e 00       		.byte	0
 1705 002f 04       		.uleb128 0x4
 1706 0030 0D       		.uleb128 0xd
 1707 0031 00       		.byte	0
 1708 0032 03       		.uleb128 0x3
 1709 0033 0E       		.uleb128 0xe
 1710 0034 3A       		.uleb128 0x3a
ARM GAS  C:\Users\PUBLIC~1.LAP\AppData\Local\Temp\ccOn9AnM.s 			page 31


 1711 0035 21       		.uleb128 0x21
 1712 0036 05       		.sleb128 5
 1713 0037 3B       		.uleb128 0x3b
 1714 0038 05       		.uleb128 0x5
 1715 0039 39       		.uleb128 0x39
 1716 003a 0B       		.uleb128 0xb
 1717 003b 49       		.uleb128 0x49
 1718 003c 13       		.uleb128 0x13
 1719 003d 38       		.uleb128 0x38
 1720 003e 0B       		.uleb128 0xb
 1721 003f 00       		.byte	0
 1722 0040 00       		.byte	0
 1723 0041 05       		.uleb128 0x5
 1724 0042 0F       		.uleb128 0xf
 1725 0043 00       		.byte	0
 1726 0044 0B       		.uleb128 0xb
 1727 0045 21       		.uleb128 0x21
 1728 0046 04       		.sleb128 4
 1729 0047 49       		.uleb128 0x49
 1730 0048 13       		.uleb128 0x13
 1731 0049 00       		.byte	0
 1732 004a 00       		.byte	0
 1733 004b 06       		.uleb128 0x6
 1734 004c 24       		.uleb128 0x24
 1735 004d 00       		.byte	0
 1736 004e 0B       		.uleb128 0xb
 1737 004f 0B       		.uleb128 0xb
 1738 0050 3E       		.uleb128 0x3e
 1739 0051 0B       		.uleb128 0xb
 1740 0052 03       		.uleb128 0x3
 1741 0053 0E       		.uleb128 0xe
 1742 0054 00       		.byte	0
 1743 0055 00       		.byte	0
 1744 0056 07       		.uleb128 0x7
 1745 0057 13       		.uleb128 0x13
 1746 0058 01       		.byte	0x1
 1747 0059 03       		.uleb128 0x3
 1748 005a 0E       		.uleb128 0xe
 1749 005b 0B       		.uleb128 0xb
 1750 005c 0B       		.uleb128 0xb
 1751 005d 3A       		.uleb128 0x3a
 1752 005e 0B       		.uleb128 0xb
 1753 005f 3B       		.uleb128 0x3b
 1754 0060 0B       		.uleb128 0xb
 1755 0061 39       		.uleb128 0x39
 1756 0062 0B       		.uleb128 0xb
 1757 0063 01       		.uleb128 0x1
 1758 0064 13       		.uleb128 0x13
 1759 0065 00       		.byte	0
 1760 0066 00       		.byte	0
 1761 0067 08       		.uleb128 0x8
 1762 0068 0D       		.uleb128 0xd
 1763 0069 00       		.byte	0
 1764 006a 03       		.uleb128 0x3
 1765 006b 08       		.uleb128 0x8
 1766 006c 3A       		.uleb128 0x3a
 1767 006d 0B       		.uleb128 0xb
ARM GAS  C:\Users\PUBLIC~1.LAP\AppData\Local\Temp\ccOn9AnM.s 			page 32


 1768 006e 3B       		.uleb128 0x3b
 1769 006f 05       		.uleb128 0x5
 1770 0070 39       		.uleb128 0x39
 1771 0071 0B       		.uleb128 0xb
 1772 0072 49       		.uleb128 0x49
 1773 0073 13       		.uleb128 0x13
 1774 0074 38       		.uleb128 0x38
 1775 0075 0B       		.uleb128 0xb
 1776 0076 00       		.byte	0
 1777 0077 00       		.byte	0
 1778 0078 09       		.uleb128 0x9
 1779 0079 26       		.uleb128 0x26
 1780 007a 00       		.byte	0
 1781 007b 49       		.uleb128 0x49
 1782 007c 13       		.uleb128 0x13
 1783 007d 00       		.byte	0
 1784 007e 00       		.byte	0
 1785 007f 0A       		.uleb128 0xa
 1786 0080 05       		.uleb128 0x5
 1787 0081 00       		.byte	0
 1788 0082 03       		.uleb128 0x3
 1789 0083 08       		.uleb128 0x8
 1790 0084 3A       		.uleb128 0x3a
 1791 0085 0B       		.uleb128 0xb
 1792 0086 3B       		.uleb128 0x3b
 1793 0087 05       		.uleb128 0x5
 1794 0088 39       		.uleb128 0x39
 1795 0089 0B       		.uleb128 0xb
 1796 008a 49       		.uleb128 0x49
 1797 008b 13       		.uleb128 0x13
 1798 008c 00       		.byte	0
 1799 008d 00       		.byte	0
 1800 008e 0B       		.uleb128 0xb
 1801 008f 05       		.uleb128 0x5
 1802 0090 00       		.byte	0
 1803 0091 49       		.uleb128 0x49
 1804 0092 13       		.uleb128 0x13
 1805 0093 00       		.byte	0
 1806 0094 00       		.byte	0
 1807 0095 0C       		.uleb128 0xc
 1808 0096 01       		.uleb128 0x1
 1809 0097 01       		.byte	0x1
 1810 0098 49       		.uleb128 0x49
 1811 0099 13       		.uleb128 0x13
 1812 009a 01       		.uleb128 0x1
 1813 009b 13       		.uleb128 0x13
 1814 009c 00       		.byte	0
 1815 009d 00       		.byte	0
 1816 009e 0D       		.uleb128 0xd
 1817 009f 21       		.uleb128 0x21
 1818 00a0 00       		.byte	0
 1819 00a1 49       		.uleb128 0x49
 1820 00a2 13       		.uleb128 0x13
 1821 00a3 2F       		.uleb128 0x2f
 1822 00a4 0B       		.uleb128 0xb
 1823 00a5 00       		.byte	0
 1824 00a6 00       		.byte	0
ARM GAS  C:\Users\PUBLIC~1.LAP\AppData\Local\Temp\ccOn9AnM.s 			page 33


 1825 00a7 0E       		.uleb128 0xe
 1826 00a8 34       		.uleb128 0x34
 1827 00a9 00       		.byte	0
 1828 00aa 03       		.uleb128 0x3
 1829 00ab 08       		.uleb128 0x8
 1830 00ac 3A       		.uleb128 0x3a
 1831 00ad 21       		.uleb128 0x21
 1832 00ae 0F       		.sleb128 15
 1833 00af 3B       		.uleb128 0x3b
 1834 00b0 0B       		.uleb128 0xb
 1835 00b1 39       		.uleb128 0x39
 1836 00b2 0B       		.uleb128 0xb
 1837 00b3 49       		.uleb128 0x49
 1838 00b4 13       		.uleb128 0x13
 1839 00b5 00       		.byte	0
 1840 00b6 00       		.byte	0
 1841 00b7 0F       		.uleb128 0xf
 1842 00b8 0D       		.uleb128 0xd
 1843 00b9 00       		.byte	0
 1844 00ba 03       		.uleb128 0x3
 1845 00bb 0E       		.uleb128 0xe
 1846 00bc 3A       		.uleb128 0x3a
 1847 00bd 21       		.uleb128 0x21
 1848 00be 05       		.sleb128 5
 1849 00bf 3B       		.uleb128 0x3b
 1850 00c0 05       		.uleb128 0x5
 1851 00c1 39       		.uleb128 0x39
 1852 00c2 0B       		.uleb128 0xb
 1853 00c3 49       		.uleb128 0x49
 1854 00c4 13       		.uleb128 0x13
 1855 00c5 00       		.byte	0
 1856 00c6 00       		.byte	0
 1857 00c7 10       		.uleb128 0x10
 1858 00c8 2E       		.uleb128 0x2e
 1859 00c9 01       		.byte	0x1
 1860 00ca 3F       		.uleb128 0x3f
 1861 00cb 19       		.uleb128 0x19
 1862 00cc 03       		.uleb128 0x3
 1863 00cd 0E       		.uleb128 0xe
 1864 00ce 3A       		.uleb128 0x3a
 1865 00cf 21       		.uleb128 0x21
 1866 00d0 0F       		.sleb128 15
 1867 00d1 3B       		.uleb128 0x3b
 1868 00d2 05       		.uleb128 0x5
 1869 00d3 39       		.uleb128 0x39
 1870 00d4 21       		.uleb128 0x21
 1871 00d5 06       		.sleb128 6
 1872 00d6 27       		.uleb128 0x27
 1873 00d7 19       		.uleb128 0x19
 1874 00d8 01       		.uleb128 0x1
 1875 00d9 13       		.uleb128 0x13
 1876 00da 00       		.byte	0
 1877 00db 00       		.byte	0
 1878 00dc 11       		.uleb128 0x11
 1879 00dd 2E       		.uleb128 0x2e
 1880 00de 00       		.byte	0
 1881 00df 03       		.uleb128 0x3
ARM GAS  C:\Users\PUBLIC~1.LAP\AppData\Local\Temp\ccOn9AnM.s 			page 34


 1882 00e0 0E       		.uleb128 0xe
 1883 00e1 3A       		.uleb128 0x3a
 1884 00e2 0B       		.uleb128 0xb
 1885 00e3 3B       		.uleb128 0x3b
 1886 00e4 05       		.uleb128 0x5
 1887 00e5 39       		.uleb128 0x39
 1888 00e6 21       		.uleb128 0x21
 1889 00e7 14       		.sleb128 20
 1890 00e8 27       		.uleb128 0x27
 1891 00e9 19       		.uleb128 0x19
 1892 00ea 00       		.byte	0
 1893 00eb 00       		.byte	0
 1894 00ec 12       		.uleb128 0x12
 1895 00ed 13       		.uleb128 0x13
 1896 00ee 01       		.byte	0x1
 1897 00ef 03       		.uleb128 0x3
 1898 00f0 0E       		.uleb128 0xe
 1899 00f1 0B       		.uleb128 0xb
 1900 00f2 0B       		.uleb128 0xb
 1901 00f3 3A       		.uleb128 0x3a
 1902 00f4 0B       		.uleb128 0xb
 1903 00f5 3B       		.uleb128 0x3b
 1904 00f6 05       		.uleb128 0x5
 1905 00f7 39       		.uleb128 0x39
 1906 00f8 0B       		.uleb128 0xb
 1907 00f9 01       		.uleb128 0x1
 1908 00fa 13       		.uleb128 0x13
 1909 00fb 00       		.byte	0
 1910 00fc 00       		.byte	0
 1911 00fd 13       		.uleb128 0x13
 1912 00fe 34       		.uleb128 0x34
 1913 00ff 00       		.byte	0
 1914 0100 03       		.uleb128 0x3
 1915 0101 0E       		.uleb128 0xe
 1916 0102 3A       		.uleb128 0x3a
 1917 0103 21       		.uleb128 0x21
 1918 0104 0A       		.sleb128 10
 1919 0105 3B       		.uleb128 0x3b
 1920 0106 0B       		.uleb128 0xb
 1921 0107 39       		.uleb128 0x39
 1922 0108 21       		.uleb128 0x21
 1923 0109 16       		.sleb128 22
 1924 010a 49       		.uleb128 0x49
 1925 010b 13       		.uleb128 0x13
 1926 010c 1C       		.uleb128 0x1c
 1927 010d 0A       		.uleb128 0xa
 1928 010e 00       		.byte	0
 1929 010f 00       		.byte	0
 1930 0110 14       		.uleb128 0x14
 1931 0111 0D       		.uleb128 0xd
 1932 0112 00       		.byte	0
 1933 0113 03       		.uleb128 0x3
 1934 0114 0E       		.uleb128 0xe
 1935 0115 3A       		.uleb128 0x3a
 1936 0116 21       		.uleb128 0x21
 1937 0117 05       		.sleb128 5
 1938 0118 3B       		.uleb128 0x3b
ARM GAS  C:\Users\PUBLIC~1.LAP\AppData\Local\Temp\ccOn9AnM.s 			page 35


 1939 0119 0B       		.uleb128 0xb
 1940 011a 39       		.uleb128 0x39
 1941 011b 21       		.uleb128 0x21
 1942 011c 21       		.sleb128 33
 1943 011d 49       		.uleb128 0x49
 1944 011e 13       		.uleb128 0x13
 1945 011f 00       		.byte	0
 1946 0120 00       		.byte	0
 1947 0121 15       		.uleb128 0x15
 1948 0122 34       		.uleb128 0x34
 1949 0123 00       		.byte	0
 1950 0124 03       		.uleb128 0x3
 1951 0125 0E       		.uleb128 0xe
 1952 0126 49       		.uleb128 0x49
 1953 0127 13       		.uleb128 0x13
 1954 0128 34       		.uleb128 0x34
 1955 0129 19       		.uleb128 0x19
 1956 012a 00       		.byte	0
 1957 012b 00       		.byte	0
 1958 012c 16       		.uleb128 0x16
 1959 012d 05       		.uleb128 0x5
 1960 012e 00       		.byte	0
 1961 012f 03       		.uleb128 0x3
 1962 0130 08       		.uleb128 0x8
 1963 0131 3A       		.uleb128 0x3a
 1964 0132 0B       		.uleb128 0xb
 1965 0133 3B       		.uleb128 0x3b
 1966 0134 0B       		.uleb128 0xb
 1967 0135 39       		.uleb128 0x39
 1968 0136 0B       		.uleb128 0xb
 1969 0137 49       		.uleb128 0x49
 1970 0138 13       		.uleb128 0x13
 1971 0139 00       		.byte	0
 1972 013a 00       		.byte	0
 1973 013b 17       		.uleb128 0x17
 1974 013c 0D       		.uleb128 0xd
 1975 013d 00       		.byte	0
 1976 013e 03       		.uleb128 0x3
 1977 013f 08       		.uleb128 0x8
 1978 0140 3A       		.uleb128 0x3a
 1979 0141 0B       		.uleb128 0xb
 1980 0142 3B       		.uleb128 0x3b
 1981 0143 0B       		.uleb128 0xb
 1982 0144 39       		.uleb128 0x39
 1983 0145 0B       		.uleb128 0xb
 1984 0146 49       		.uleb128 0x49
 1985 0147 13       		.uleb128 0x13
 1986 0148 38       		.uleb128 0x38
 1987 0149 0B       		.uleb128 0xb
 1988 014a 00       		.byte	0
 1989 014b 00       		.byte	0
 1990 014c 18       		.uleb128 0x18
 1991 014d 2E       		.uleb128 0x2e
 1992 014e 01       		.byte	0x1
 1993 014f 3F       		.uleb128 0x3f
 1994 0150 19       		.uleb128 0x19
 1995 0151 03       		.uleb128 0x3
ARM GAS  C:\Users\PUBLIC~1.LAP\AppData\Local\Temp\ccOn9AnM.s 			page 36


 1996 0152 0E       		.uleb128 0xe
 1997 0153 3A       		.uleb128 0x3a
 1998 0154 21       		.uleb128 0x21
 1999 0155 0F       		.sleb128 15
 2000 0156 3B       		.uleb128 0x3b
 2001 0157 05       		.uleb128 0x5
 2002 0158 39       		.uleb128 0x39
 2003 0159 0B       		.uleb128 0xb
 2004 015a 27       		.uleb128 0x27
 2005 015b 19       		.uleb128 0x19
 2006 015c 49       		.uleb128 0x49
 2007 015d 13       		.uleb128 0x13
 2008 015e 01       		.uleb128 0x1
 2009 015f 13       		.uleb128 0x13
 2010 0160 00       		.byte	0
 2011 0161 00       		.byte	0
 2012 0162 19       		.uleb128 0x19
 2013 0163 2E       		.uleb128 0x2e
 2014 0164 01       		.byte	0x1
 2015 0165 03       		.uleb128 0x3
 2016 0166 0E       		.uleb128 0xe
 2017 0167 3A       		.uleb128 0x3a
 2018 0168 0B       		.uleb128 0xb
 2019 0169 3B       		.uleb128 0x3b
 2020 016a 0B       		.uleb128 0xb
 2021 016b 39       		.uleb128 0x39
 2022 016c 0B       		.uleb128 0xb
 2023 016d 27       		.uleb128 0x27
 2024 016e 19       		.uleb128 0x19
 2025 016f 01       		.uleb128 0x1
 2026 0170 13       		.uleb128 0x13
 2027 0171 00       		.byte	0
 2028 0172 00       		.byte	0
 2029 0173 1A       		.uleb128 0x1a
 2030 0174 2E       		.uleb128 0x2e
 2031 0175 01       		.byte	0x1
 2032 0176 03       		.uleb128 0x3
 2033 0177 0E       		.uleb128 0xe
 2034 0178 3A       		.uleb128 0x3a
 2035 0179 0B       		.uleb128 0xb
 2036 017a 3B       		.uleb128 0x3b
 2037 017b 05       		.uleb128 0x5
 2038 017c 39       		.uleb128 0x39
 2039 017d 0B       		.uleb128 0xb
 2040 017e 27       		.uleb128 0x27
 2041 017f 19       		.uleb128 0x19
 2042 0180 49       		.uleb128 0x49
 2043 0181 13       		.uleb128 0x13
 2044 0182 01       		.uleb128 0x1
 2045 0183 13       		.uleb128 0x13
 2046 0184 00       		.byte	0
 2047 0185 00       		.byte	0
 2048 0186 1B       		.uleb128 0x1b
 2049 0187 05       		.uleb128 0x5
 2050 0188 00       		.byte	0
 2051 0189 03       		.uleb128 0x3
 2052 018a 0E       		.uleb128 0xe
ARM GAS  C:\Users\PUBLIC~1.LAP\AppData\Local\Temp\ccOn9AnM.s 			page 37


 2053 018b 3A       		.uleb128 0x3a
 2054 018c 21       		.uleb128 0x21
 2055 018d 0F       		.sleb128 15
 2056 018e 3B       		.uleb128 0x3b
 2057 018f 05       		.uleb128 0x5
 2058 0190 39       		.uleb128 0x39
 2059 0191 0B       		.uleb128 0xb
 2060 0192 49       		.uleb128 0x49
 2061 0193 13       		.uleb128 0x13
 2062 0194 00       		.byte	0
 2063 0195 00       		.byte	0
 2064 0196 1C       		.uleb128 0x1c
 2065 0197 35       		.uleb128 0x35
 2066 0198 00       		.byte	0
 2067 0199 49       		.uleb128 0x49
 2068 019a 13       		.uleb128 0x13
 2069 019b 00       		.byte	0
 2070 019c 00       		.byte	0
 2071 019d 1D       		.uleb128 0x1d
 2072 019e 17       		.uleb128 0x17
 2073 019f 01       		.byte	0x1
 2074 01a0 0B       		.uleb128 0xb
 2075 01a1 0B       		.uleb128 0xb
 2076 01a2 3A       		.uleb128 0x3a
 2077 01a3 21       		.uleb128 0x21
 2078 01a4 05       		.sleb128 5
 2079 01a5 3B       		.uleb128 0x3b
 2080 01a6 0B       		.uleb128 0xb
 2081 01a7 39       		.uleb128 0x39
 2082 01a8 21       		.uleb128 0x21
 2083 01a9 03       		.sleb128 3
 2084 01aa 01       		.uleb128 0x1
 2085 01ab 13       		.uleb128 0x13
 2086 01ac 00       		.byte	0
 2087 01ad 00       		.byte	0
 2088 01ae 1E       		.uleb128 0x1e
 2089 01af 16       		.uleb128 0x16
 2090 01b0 00       		.byte	0
 2091 01b1 03       		.uleb128 0x3
 2092 01b2 0E       		.uleb128 0xe
 2093 01b3 3A       		.uleb128 0x3a
 2094 01b4 21       		.uleb128 0x21
 2095 01b5 05       		.sleb128 5
 2096 01b6 3B       		.uleb128 0x3b
 2097 01b7 05       		.uleb128 0x5
 2098 01b8 39       		.uleb128 0x39
 2099 01b9 21       		.uleb128 0x21
 2100 01ba 03       		.sleb128 3
 2101 01bb 49       		.uleb128 0x49
 2102 01bc 13       		.uleb128 0x13
 2103 01bd 00       		.byte	0
 2104 01be 00       		.byte	0
 2105 01bf 1F       		.uleb128 0x1f
 2106 01c0 2E       		.uleb128 0x2e
 2107 01c1 01       		.byte	0x1
 2108 01c2 3F       		.uleb128 0x3f
 2109 01c3 19       		.uleb128 0x19
ARM GAS  C:\Users\PUBLIC~1.LAP\AppData\Local\Temp\ccOn9AnM.s 			page 38


 2110 01c4 03       		.uleb128 0x3
 2111 01c5 0E       		.uleb128 0xe
 2112 01c6 3A       		.uleb128 0x3a
 2113 01c7 21       		.uleb128 0x21
 2114 01c8 0E       		.sleb128 14
 2115 01c9 3B       		.uleb128 0x3b
 2116 01ca 0B       		.uleb128 0xb
 2117 01cb 39       		.uleb128 0x39
 2118 01cc 21       		.uleb128 0x21
 2119 01cd 08       		.sleb128 8
 2120 01ce 27       		.uleb128 0x27
 2121 01cf 19       		.uleb128 0x19
 2122 01d0 3C       		.uleb128 0x3c
 2123 01d1 19       		.uleb128 0x19
 2124 01d2 01       		.uleb128 0x1
 2125 01d3 13       		.uleb128 0x13
 2126 01d4 00       		.byte	0
 2127 01d5 00       		.byte	0
 2128 01d6 20       		.uleb128 0x20
 2129 01d7 2E       		.uleb128 0x2e
 2130 01d8 01       		.byte	0x1
 2131 01d9 03       		.uleb128 0x3
 2132 01da 0E       		.uleb128 0xe
 2133 01db 3A       		.uleb128 0x3a
 2134 01dc 21       		.uleb128 0x21
 2135 01dd 0F       		.sleb128 15
 2136 01de 3B       		.uleb128 0x3b
 2137 01df 0B       		.uleb128 0xb
 2138 01e0 39       		.uleb128 0x39
 2139 01e1 21       		.uleb128 0x21
 2140 01e2 12       		.sleb128 18
 2141 01e3 27       		.uleb128 0x27
 2142 01e4 19       		.uleb128 0x19
 2143 01e5 49       		.uleb128 0x49
 2144 01e6 13       		.uleb128 0x13
 2145 01e7 01       		.uleb128 0x1
 2146 01e8 13       		.uleb128 0x13
 2147 01e9 00       		.byte	0
 2148 01ea 00       		.byte	0
 2149 01eb 21       		.uleb128 0x21
 2150 01ec 2E       		.uleb128 0x2e
 2151 01ed 00       		.byte	0
 2152 01ee 03       		.uleb128 0x3
 2153 01ef 0E       		.uleb128 0xe
 2154 01f0 3A       		.uleb128 0x3a
 2155 01f1 21       		.uleb128 0x21
 2156 01f2 11       		.sleb128 17
 2157 01f3 3B       		.uleb128 0x3b
 2158 01f4 0B       		.uleb128 0xb
 2159 01f5 39       		.uleb128 0x39
 2160 01f6 21       		.uleb128 0x21
 2161 01f7 1B       		.sleb128 27
 2162 01f8 27       		.uleb128 0x27
 2163 01f9 19       		.uleb128 0x19
 2164 01fa 00       		.byte	0
 2165 01fb 00       		.byte	0
 2166 01fc 22       		.uleb128 0x22
ARM GAS  C:\Users\PUBLIC~1.LAP\AppData\Local\Temp\ccOn9AnM.s 			page 39


 2167 01fd 11       		.uleb128 0x11
 2168 01fe 01       		.byte	0x1
 2169 01ff 25       		.uleb128 0x25
 2170 0200 0E       		.uleb128 0xe
 2171 0201 13       		.uleb128 0x13
 2172 0202 0B       		.uleb128 0xb
 2173 0203 03       		.uleb128 0x3
 2174 0204 0E       		.uleb128 0xe
 2175 0205 1B       		.uleb128 0x1b
 2176 0206 0E       		.uleb128 0xe
 2177 0207 10       		.uleb128 0x10
 2178 0208 17       		.uleb128 0x17
 2179 0209 00       		.byte	0
 2180 020a 00       		.byte	0
 2181 020b 23       		.uleb128 0x23
 2182 020c 24       		.uleb128 0x24
 2183 020d 00       		.byte	0
 2184 020e 0B       		.uleb128 0xb
 2185 020f 0B       		.uleb128 0xb
 2186 0210 3E       		.uleb128 0x3e
 2187 0211 0B       		.uleb128 0xb
 2188 0212 03       		.uleb128 0x3
 2189 0213 08       		.uleb128 0x8
 2190 0214 00       		.byte	0
 2191 0215 00       		.byte	0
 2192 0216 24       		.uleb128 0x24
 2193 0217 0F       		.uleb128 0xf
 2194 0218 00       		.byte	0
 2195 0219 0B       		.uleb128 0xb
 2196 021a 0B       		.uleb128 0xb
 2197 021b 00       		.byte	0
 2198 021c 00       		.byte	0
 2199 021d 25       		.uleb128 0x25
 2200 021e 15       		.uleb128 0x15
 2201 021f 01       		.byte	0x1
 2202 0220 27       		.uleb128 0x27
 2203 0221 19       		.uleb128 0x19
 2204 0222 01       		.uleb128 0x1
 2205 0223 13       		.uleb128 0x13
 2206 0224 00       		.byte	0
 2207 0225 00       		.byte	0
 2208 0226 26       		.uleb128 0x26
 2209 0227 34       		.uleb128 0x34
 2210 0228 00       		.byte	0
 2211 0229 03       		.uleb128 0x3
 2212 022a 08       		.uleb128 0x8
 2213 022b 3A       		.uleb128 0x3a
 2214 022c 0B       		.uleb128 0xb
 2215 022d 3B       		.uleb128 0x3b
 2216 022e 05       		.uleb128 0x5
 2217 022f 39       		.uleb128 0x39
 2218 0230 0B       		.uleb128 0xb
 2219 0231 49       		.uleb128 0x49
 2220 0232 13       		.uleb128 0x13
 2221 0233 3F       		.uleb128 0x3f
 2222 0234 19       		.uleb128 0x19
 2223 0235 3C       		.uleb128 0x3c
ARM GAS  C:\Users\PUBLIC~1.LAP\AppData\Local\Temp\ccOn9AnM.s 			page 40


 2224 0236 19       		.uleb128 0x19
 2225 0237 00       		.byte	0
 2226 0238 00       		.byte	0
 2227 0239 27       		.uleb128 0x27
 2228 023a 2E       		.uleb128 0x2e
 2229 023b 01       		.byte	0x1
 2230 023c 3F       		.uleb128 0x3f
 2231 023d 19       		.uleb128 0x19
 2232 023e 03       		.uleb128 0x3
 2233 023f 0E       		.uleb128 0xe
 2234 0240 3A       		.uleb128 0x3a
 2235 0241 0B       		.uleb128 0xb
 2236 0242 3B       		.uleb128 0x3b
 2237 0243 05       		.uleb128 0x5
 2238 0244 39       		.uleb128 0x39
 2239 0245 0B       		.uleb128 0xb
 2240 0246 27       		.uleb128 0x27
 2241 0247 19       		.uleb128 0x19
 2242 0248 3C       		.uleb128 0x3c
 2243 0249 19       		.uleb128 0x19
 2244 024a 01       		.uleb128 0x1
 2245 024b 13       		.uleb128 0x13
 2246 024c 00       		.byte	0
 2247 024d 00       		.byte	0
 2248 024e 28       		.uleb128 0x28
 2249 024f 0B       		.uleb128 0xb
 2250 0250 01       		.byte	0x1
 2251 0251 00       		.byte	0
 2252 0252 00       		.byte	0
 2253 0253 29       		.uleb128 0x29
 2254 0254 2E       		.uleb128 0x2e
 2255 0255 01       		.byte	0x1
 2256 0256 03       		.uleb128 0x3
 2257 0257 0E       		.uleb128 0xe
 2258 0258 3A       		.uleb128 0x3a
 2259 0259 0B       		.uleb128 0xb
 2260 025a 3B       		.uleb128 0x3b
 2261 025b 05       		.uleb128 0x5
 2262 025c 39       		.uleb128 0x39
 2263 025d 0B       		.uleb128 0xb
 2264 025e 27       		.uleb128 0x27
 2265 025f 19       		.uleb128 0x19
 2266 0260 49       		.uleb128 0x49
 2267 0261 13       		.uleb128 0x13
 2268 0262 00       		.byte	0
 2269 0263 00       		.byte	0
 2270 0264 00       		.byte	0
 2271              		.section	.gnu.debuglto_.debug_line,"e",%progbits
 2272              	.Ldebug_line0:
 2273 0000 A2000000 		.4byte	.LELT0-.LSLT0
 2274              	.LSLT0:
 2275 0004 0500     		.2byte	0x5
 2276 0006 04       		.byte	0x4
 2277 0007 00       		.byte	0
 2278 0008 9A000000 		.4byte	.LELTP0-.LASLTP0
 2279              	.LASLTP0:
 2280 000c 01       		.byte	0x1
ARM GAS  C:\Users\PUBLIC~1.LAP\AppData\Local\Temp\ccOn9AnM.s 			page 41


 2281 000d 01       		.byte	0x1
 2282 000e 01       		.byte	0x1
 2283 000f F6       		.byte	0xf6
 2284 0010 F2       		.byte	0xf2
 2285 0011 0D       		.byte	0xd
 2286 0012 00       		.byte	0
 2287 0013 01       		.byte	0x1
 2288 0014 01       		.byte	0x1
 2289 0015 01       		.byte	0x1
 2290 0016 01       		.byte	0x1
 2291 0017 00       		.byte	0
 2292 0018 00       		.byte	0
 2293 0019 00       		.byte	0
 2294 001a 01       		.byte	0x1
 2295 001b 00       		.byte	0
 2296 001c 00       		.byte	0
 2297 001d 01       		.byte	0x1
 2298 001e 01       		.byte	0x1
 2299 001f 01       		.uleb128 0x1
 2300 0020 1F       		.uleb128 0x1f
 2301 0021 09       		.uleb128 0x9
 2302 0022 EC010000 		.4byte	.LASF157
 2303 0026 70020000 		.4byte	.LASF158
 2304 002a 11000000 		.4byte	.LASF159
 2305 002e 67000000 		.4byte	.LASF160
 2306 0032 00010000 		.4byte	.LASF161
 2307 0036 9F000000 		.4byte	.LASF162
 2308 003a 3F020000 		.4byte	.LASF163
 2309 003e A5010000 		.4byte	.LASF164
 2310 0042 D2000000 		.4byte	.LASF165
 2311 0046 02       		.byte	0x2
 2312 0047 01       		.uleb128 0x1
 2313 0048 1F       		.uleb128 0x1f
 2314 0049 02       		.uleb128 0x2
 2315 004a 0B       		.uleb128 0xb
 2316 004b 12       		.uleb128 0x12
 2317 004c 35010000 		.4byte	.LASF166
 2318 0050 00       		.byte	0
 2319 0051 00000000 		.4byte	.LASF167
 2320 0055 07       		.byte	0x7
 2321 0056 80010000 		.4byte	.LASF168
 2322 005a 08       		.byte	0x8
 2323 005b 76010000 		.4byte	.LASF169
 2324 005f 03       		.byte	0x3
 2325 0060 2E020000 		.4byte	.LASF170
 2326 0064 05       		.byte	0x5
 2327 0065 D7010000 		.4byte	.LASF171
 2328 0069 05       		.byte	0x5
 2329 006a E3010000 		.4byte	.LASF172
 2330 006e 05       		.byte	0x5
 2331 006f 66020000 		.4byte	.LASF173
 2332 0073 05       		.byte	0x5
 2333 0074 6D010000 		.4byte	.LASF174
 2334 0078 05       		.byte	0x5
 2335 0079 92010000 		.4byte	.LASF175
 2336 007d 05       		.byte	0x5
 2337 007e 53000000 		.4byte	.LASF176
ARM GAS  C:\Users\PUBLIC~1.LAP\AppData\Local\Temp\ccOn9AnM.s 			page 42


 2338 0082 01       		.byte	0x1
 2339 0083 5E000000 		.4byte	.LASF177
 2340 0087 04       		.byte	0x4
 2341 0088 CA000000 		.4byte	.LASF178
 2342 008c 05       		.byte	0x5
 2343 008d 65010000 		.4byte	.LASF179
 2344 0091 05       		.byte	0x5
 2345 0092 38020000 		.4byte	.LASF180
 2346 0096 05       		.byte	0x5
 2347 0097 9C010000 		.4byte	.LASF181
 2348 009b 06       		.byte	0x6
 2349 009c 8A010000 		.4byte	.LASF182
 2350 00a0 05       		.byte	0x5
 2351 00a1 22020000 		.4byte	.LASF183
 2352 00a5 02       		.byte	0x2
 2353              	.LELTP0:
 2354              	.LELT0:
 2355              		.section	.gnu.debuglto_.debug_str,"eMS",%progbits,1
 2356              	.LASF110:
 2357 0000 72656164 		.ascii	"ready_list_t\000"
 2357      795F6C69 
 2357      73745F74 
 2357      00
 2358              	.LASF50:
 2359 000d 72666375 		.ascii	"rfcu\000"
 2359      00
 2360              	.LASF101:
 2361 0012 77747472 		.ascii	"wttrp\000"
 2361      7000
 2362              	.LASF74:
 2363 0018 64656C74 		.ascii	"delta\000"
 2363      6100
 2364              	.LASF98:
 2365 001e 7264796D 		.ascii	"rdymsg\000"
 2365      736700
 2366              	.LASF17:
 2367 0025 75696E74 		.ascii	"uint64_t\000"
 2367      36345F74 
 2367      00
 2368              	.LASF25:
 2369 002e 6576656E 		.ascii	"eventmask_t\000"
 2369      746D6173 
 2369      6B5F7400 
 2370              	.LASF7:
 2371 003a 5F5F7569 		.ascii	"__uint8_t\000"
 2371      6E74385F 
 2371      7400
 2372              	.LASF68:
 2373 0044 70726576 		.ascii	"prev\000"
 2373      00
 2374              	.LASF81:
 2375 0049 706F7274 		.ascii	"port_intctx\000"
 2375      5F696E74 
 2375      63747800 
 2376              	.LASF60:
 2377 0055 73797374 		.ascii	"system_debug_t\000"
 2377      656D5F64 
ARM GAS  C:\Users\PUBLIC~1.LAP\AppData\Local\Temp\ccOn9AnM.s 			page 43


 2377      65627567 
 2377      5F7400
 2378              	.LASF153:
 2379 0064 63685F71 		.ascii	"ch_queue_dequeue\000"
 2379      75657565 
 2379      5F646571 
 2379      75657565 
 2379      00
 2380              	.LASF49:
 2381 0075 636F7265 		.ascii	"core_id\000"
 2381      5F696400 
 2382              	.LASF121:
 2383 007d 5F5F706F 		.ascii	"__port_switch\000"
 2383      72745F73 
 2383      77697463 
 2383      6800
 2384              	.LASF69:
 2385 008b 63685F70 		.ascii	"ch_priority_queue_t\000"
 2385      72696F72 
 2385      6974795F 
 2385      71756575 
 2385      655F7400 
 2386              	.LASF13:
 2387 009f 6C6F6E67 		.ascii	"long long unsigned int\000"
 2387      206C6F6E 
 2387      6720756E 
 2387      7369676E 
 2387      65642069 
 2388              	.LASF119:
 2389 00b6 63685654 		.ascii	"chVTDoResetI\000"
 2389      446F5265 
 2389      73657449 
 2389      00
 2390              	.LASF99:
 2391 00c3 65786974 		.ascii	"exitcode\000"
 2391      636F6465 
 2391      00
 2392              	.LASF52:
 2393 00cc 6D61696E 		.ascii	"mainthread\000"
 2393      74687265 
 2393      616400
 2394              	.LASF102:
 2395 00d7 73656E74 		.ascii	"sentmsg\000"
 2395      6D736700 
 2396              	.LASF91:
 2397 00df 76697274 		.ascii	"virtual_timers_list_t\000"
 2397      75616C5F 
 2397      74696D65 
 2397      72735F6C 
 2397      6973745F 
 2398              	.LASF122:
 2399 00f5 63685363 		.ascii	"chSchSelectFirst\000"
 2399      6853656C 
 2399      65637446 
 2399      69727374 
 2399      00
 2400              	.LASF65:
ARM GAS  C:\Users\PUBLIC~1.LAP\AppData\Local\Temp\ccOn9AnM.s 			page 44


 2401 0106 6E657874 		.ascii	"next\000"
 2401      00
 2402              	.LASF76:
 2403 010b 4F464653 		.ascii	"OFFSET_TAB_CHMRx\000"
 2403      45545F54 
 2403      41425F43 
 2403      484D5278 
 2403      00
 2404              	.LASF152:
 2405 011c 63685F70 		.ascii	"ch_pqueue_remove_highest\000"
 2405      71756575 
 2405      655F7265 
 2405      6D6F7665 
 2405      5F686967 
 2406              	.LASF36:
 2407 0135 72656673 		.ascii	"refs\000"
 2407      00
 2408              	.LASF22:
 2409 013a 74726566 		.ascii	"trefs_t\000"
 2409      735F7400 
 2410              	.LASF1:
 2411 0142 6C6F6E67 		.ascii	"long long int\000"
 2411      206C6F6E 
 2411      6720696E 
 2411      7400
 2412              	.LASF3:
 2413 0150 7369676E 		.ascii	"signed char\000"
 2413      65642063 
 2413      68617200 
 2414              	.LASF73:
 2415 015c 63685F64 		.ascii	"ch_delta_list\000"
 2415      656C7461 
 2415      5F6C6973 
 2415      7400
 2416              	.LASF136:
 2417 016a 5F5F7363 		.ascii	"__sch_reschedule_ahead\000"
 2417      685F7265 
 2417      73636865 
 2417      64756C65 
 2417      5F616865 
 2418              	.LASF43:
 2419 0181 6F735F69 		.ascii	"os_instance_t\000"
 2419      6E737461 
 2419      6E63655F 
 2419      7400
 2420              	.LASF47:
 2421 018f 76746C69 		.ascii	"vtlist\000"
 2421      737400
 2422              	.LASF146:
 2423 0196 706F7274 		.ascii	"port_unlock\000"
 2423      5F756E6C 
 2423      6F636B00 
 2424              	.LASF38:
 2425 01a2 6D736771 		.ascii	"msgqueue\000"
 2425      75657565 
 2425      00
 2426              	.LASF34:
ARM GAS  C:\Users\PUBLIC~1.LAP\AppData\Local\Temp\ccOn9AnM.s 			page 45


 2427 01ab 73746174 		.ascii	"state\000"
 2427      6500
 2428              	.LASF9:
 2429 01b1 6C6F6E67 		.ascii	"long int\000"
 2429      20696E74 
 2429      00
 2430              	.LASF21:
 2431 01ba 74737461 		.ascii	"tstate_t\000"
 2431      74655F74 
 2431      00
 2432              	.LASF124:
 2433 01c3 63685363 		.ascii	"chSchPreemption\000"
 2433      68507265 
 2433      656D7074 
 2433      696F6E00 
 2434              	.LASF54:
 2435 01d3 63685F72 		.ascii	"ch_rfcu\000"
 2435      66637500 
 2436              	.LASF156:
 2437 01db 443A5C30 		.ascii	"D:\\00a_liuhy\\temp126\\ChibiOS-Contrib\\demos\\ES3"
 2437      30615F6C 
 2437      69756879 
 2437      5C74656D 
 2437      70313236 
 2438 0209 325C4653 		.ascii	"2\\FS026\000"
 2438      30323600 
 2439              	.LASF67:
 2440 0211 63685F71 		.ascii	"ch_queue\000"
 2440      75657565 
 2440      00
 2441              	.LASF93:
 2442 021a 71756575 		.ascii	"queue\000"
 2442      6500
 2443              	.LASF72:
 2444 0220 63685F64 		.ascii	"ch_delta_list_t\000"
 2444      656C7461 
 2444      5F6C6973 
 2444      745F7400 
 2445              	.LASF92:
 2446 0230 63685F72 		.ascii	"ch_registry\000"
 2446      65676973 
 2446      74727900 
 2447              	.LASF127:
 2448 023c 63685363 		.ascii	"chSchRescheduleS\000"
 2448      68526573 
 2448      63686564 
 2448      756C6553 
 2448      00
 2449              	.LASF10:
 2450 024d 5F5F7569 		.ascii	"__uint32_t\000"
 2450      6E743332 
 2450      5F7400
 2451              	.LASF33:
 2452 0258 7761656E 		.ascii	"waend\000"
 2452      6400
 2453              	.LASF37:
 2454 025e 77616974 		.ascii	"waiting\000"
ARM GAS  C:\Users\PUBLIC~1.LAP\AppData\Local\Temp\ccOn9AnM.s 			page 46


 2454      696E6700 
 2455              	.LASF135:
 2456 0266 5F5F7363 		.ascii	"__sch_wakeup\000"
 2456      685F7761 
 2456      6B657570 
 2456      00
 2457              	.LASF112:
 2458 0273 6D61696E 		.ascii	"mainthread_base\000"
 2458      74687265 
 2458      61645F62 
 2458      61736500 
 2459              	.LASF118:
 2460 0283 6D757465 		.ascii	"mutex_t\000"
 2460      785F7400 
 2461              	.LASF62:
 2462 028b 73797369 		.ascii	"sysinterval_t\000"
 2462      6E746572 
 2462      76616C5F 
 2462      7400
 2463              	.LASF26:
 2464 0299 636E745F 		.ascii	"cnt_t\000"
 2464      7400
 2465              	.LASF0:
 2466 029f 756E7369 		.ascii	"unsigned int\000"
 2466      676E6564 
 2466      20696E74 
 2466      00
 2467              	.LASF103:
 2468 02ac 77747365 		.ascii	"wtsemp\000"
 2468      6D7000
 2469              	.LASF11:
 2470 02b3 6C6F6E67 		.ascii	"long unsigned int\000"
 2470      20756E73 
 2470      69676E65 
 2470      6420696E 
 2470      7400
 2471              	.LASF29:
 2472 02c5 72717565 		.ascii	"rqueue\000"
 2472      756500
 2473              	.LASF66:
 2474 02cc 63685F71 		.ascii	"ch_queue_t\000"
 2474      75657565 
 2474      5F7400
 2475              	.LASF87:
 2476 02d7 72656C6F 		.ascii	"reload\000"
 2476      616400
 2477              	.LASF131:
 2478 02de 74696D65 		.ascii	"timeout\000"
 2478      6F757400 
 2479              	.LASF31:
 2480 02e6 6E616D65 		.ascii	"name\000"
 2480      00
 2481              	.LASF42:
 2482 02eb 6D706F6F 		.ascii	"mpool\000"
 2482      6C00
 2483              	.LASF6:
 2484 02f1 73686F72 		.ascii	"short unsigned int\000"
ARM GAS  C:\Users\PUBLIC~1.LAP\AppData\Local\Temp\ccOn9AnM.s 			page 47


 2484      7420756E 
 2484      7369676E 
 2484      65642069 
 2484      6E7400
 2485              	.LASF44:
 2486 0304 63685F74 		.ascii	"ch_thread\000"
 2486      68726561 
 2486      6400
 2487              	.LASF151:
 2488 030e 63685F70 		.ascii	"ch_pqueue_insert_behind\000"
 2488      71756575 
 2488      655F696E 
 2488      73657274 
 2488      5F626568 
 2489              	.LASF24:
 2490 0326 6D73675F 		.ascii	"msg_t\000"
 2490      7400
 2491              	.LASF39:
 2492 032c 6570656E 		.ascii	"epending\000"
 2492      64696E67 
 2492      00
 2493              	.LASF100:
 2494 0335 77746F62 		.ascii	"wtobjp\000"
 2494      6A7000
 2495              	.LASF90:
 2496 033c 73797374 		.ascii	"systime\000"
 2496      696D6500 
 2497              	.LASF64:
 2498 0344 63685F6C 		.ascii	"ch_list\000"
 2498      69737400 
 2499              	.LASF108:
 2500 034c 63685F72 		.ascii	"ch_ready_list\000"
 2500      65616479 
 2500      5F6C6973 
 2500      7400
 2501              	.LASF120:
 2502 035a 63685654 		.ascii	"chVTDoSetI\000"
 2502      446F5365 
 2502      744900
 2503              	.LASF78:
 2504 0365 53484946 		.ascii	"SHIFT_TAB_ICxx\000"
 2504      545F5441 
 2504      425F4943 
 2504      787800
 2505              	.LASF137:
 2506 0374 5F5F7363 		.ascii	"__sch_reschedule_behind\000"
 2506      685F7265 
 2506      73636865 
 2506      64756C65 
 2506      5F626568 
 2507              	.LASF19:
 2508 038c 73746B61 		.ascii	"stkalign_t\000"
 2508      6C69676E 
 2508      5F7400
 2509              	.LASF139:
 2510 0397 5F5F7363 		.ascii	"__sch_ready_behind\000"
 2510      685F7265 
ARM GAS  C:\Users\PUBLIC~1.LAP\AppData\Local\Temp\ccOn9AnM.s 			page 48


 2510      6164795F 
 2510      62656869 
 2510      6E6400
 2511              	.LASF114:
 2512 03aa 69646C65 		.ascii	"idlethread_base\000"
 2512      74687265 
 2512      61645F62 
 2512      61736500 
 2513              	.LASF41:
 2514 03ba 7265616C 		.ascii	"realprio\000"
 2514      7072696F 
 2514      00
 2515              	.LASF53:
 2516 03c3 72666375 		.ascii	"rfcu_mask_t\000"
 2516      5F6D6173 
 2516      6B5F7400 
 2517              	.LASF95:
 2518 03cf 74687265 		.ascii	"thread_reference_t\000"
 2518      61645F72 
 2518      65666572 
 2518      656E6365 
 2518      5F7400
 2519              	.LASF89:
 2520 03e2 63685F76 		.ascii	"ch_virtual_timers_list\000"
 2520      69727475 
 2520      616C5F74 
 2520      696D6572 
 2520      735F6C69 
 2521              	.LASF63:
 2522 03f9 63685F6C 		.ascii	"ch_list_t\000"
 2522      6973745F 
 2522      7400
 2523              	.LASF155:
 2524 0403 443A5C30 		.ascii	"D:\\00a_liuhy\\temp126\\ChibiOS/os/rt/src/chschd.c\000"
 2524      30615F6C 
 2524      69756879 
 2524      5C74656D 
 2524      70313236 
 2525              	.LASF111:
 2526 0433 63685F6F 		.ascii	"ch_os_instance_config\000"
 2526      735F696E 
 2526      7374616E 
 2526      63655F63 
 2526      6F6E6669 
 2527              	.LASF82:
 2528 0449 706F7274 		.ascii	"port_context\000"
 2528      5F636F6E 
 2528      74657874 
 2528      00
 2529              	.LASF71:
 2530 0456 7072696F 		.ascii	"prio\000"
 2530      00
 2531              	.LASF149:
 2532 045b 5F5F656E 		.ascii	"__enable_irq\000"
 2532      61626C65 
 2532      5F697271 
 2532      00
ARM GAS  C:\Users\PUBLIC~1.LAP\AppData\Local\Temp\ccOn9AnM.s 			page 49


 2533              	.LASF138:
 2534 0468 5F5F7363 		.ascii	"__sch_ready_ahead\000"
 2534      685F7265 
 2534      6164795F 
 2534      61686561 
 2534      6400
 2535              	.LASF109:
 2536 047a 63757272 		.ascii	"current\000"
 2536      656E7400 
 2537              	.LASF12:
 2538 0482 5F5F7569 		.ascii	"__uint64_t\000"
 2538      6E743634 
 2538      5F7400
 2539              	.LASF79:
 2540 048d 53484946 		.ascii	"SHIFT_TAB_CCxP\000"
 2540      545F5441 
 2540      425F4343 
 2540      785000
 2541              	.LASF27:
 2542 049c 636F7265 		.ascii	"core_id_t\000"
 2542      5F69645F 
 2542      7400
 2543              	.LASF148:
 2544 04a6 5F5F6469 		.ascii	"__disable_irq\000"
 2544      7361626C 
 2544      655F6972 
 2544      7100
 2545              	.LASF83:
 2546 04b4 76697274 		.ascii	"virtual_timer_t\000"
 2546      75616C5F 
 2546      74696D65 
 2546      725F7400 
 2547              	.LASF23:
 2548 04c4 74707269 		.ascii	"tprio_t\000"
 2548      6F5F7400 
 2549              	.LASF142:
 2550 04cc 63685379 		.ascii	"chSysUnlockFromISR\000"
 2550      73556E6C 
 2550      6F636B46 
 2550      726F6D49 
 2550      535200
 2551              	.LASF57:
 2552 04df 63685F73 		.ascii	"ch_system_debug\000"
 2552      79737465 
 2552      6D5F6465 
 2552      62756700 
 2553              	.LASF75:
 2554 04ef 5F426F6F 		.ascii	"_Bool\000"
 2554      6C00
 2555              	.LASF15:
 2556 04f5 696E7433 		.ascii	"int32_t\000"
 2556      325F7400 
 2557              	.LASF4:
 2558 04fd 756E7369 		.ascii	"unsigned char\000"
 2558      676E6564 
 2558      20636861 
 2558      7200
ARM GAS  C:\Users\PUBLIC~1.LAP\AppData\Local\Temp\ccOn9AnM.s 			page 50


 2559              	.LASF130:
 2560 050b 6E657773 		.ascii	"newstate\000"
 2560      74617465 
 2560      00
 2561              	.LASF56:
 2562 0514 72666375 		.ascii	"rfcu_t\000"
 2562      5F7400
 2563              	.LASF5:
 2564 051b 73686F72 		.ascii	"short int\000"
 2564      7420696E 
 2564      7400
 2565              	.LASF140:
 2566 0525 63685365 		.ascii	"chSemFastSignalI\000"
 2566      6D466173 
 2566      74536967 
 2566      6E616C49 
 2566      00
 2567              	.LASF105:
 2568 0536 65776D61 		.ascii	"ewmask\000"
 2568      736B00
 2569              	.LASF20:
 2570 053d 746D6F64 		.ascii	"tmode_t\000"
 2570      655F7400 
 2571              	.LASF133:
 2572 0545 5F5F6675 		.ascii	"__func__\000"
 2572      6E635F5F 
 2572      00
 2573              	.LASF141:
 2574 054e 63685654 		.ascii	"chVTIsArmedI\000"
 2574      49734172 
 2574      6D656449 
 2574      00
 2575              	.LASF117:
 2576 055b 73656D61 		.ascii	"semaphore_t\000"
 2576      70686F72 
 2576      655F7400 
 2577              	.LASF84:
 2578 0567 63685F76 		.ascii	"ch_virtual_timer\000"
 2578      69727475 
 2578      616C5F74 
 2578      696D6572 
 2578      00
 2579              	.LASF106:
 2580 0578 63685F73 		.ascii	"ch_semaphore\000"
 2580      656D6170 
 2580      686F7265 
 2580      00
 2581              	.LASF132:
 2582 0585 63685363 		.ascii	"chSchGoSleepS\000"
 2582      68476F53 
 2582      6C656570 
 2582      5300
 2583              	.LASF94:
 2584 0593 72656769 		.ascii	"registry_t\000"
 2584      73747279 
 2584      5F7400
 2585              	.LASF16:
ARM GAS  C:\Users\PUBLIC~1.LAP\AppData\Local\Temp\ccOn9AnM.s 			page 51


 2586 059e 75696E74 		.ascii	"uint32_t\000"
 2586      33325F74 
 2586      00
 2587              	.LASF104:
 2588 05a7 77746D74 		.ascii	"wtmtxp\000"
 2588      787000
 2589              	.LASF134:
 2590 05ae 63685363 		.ascii	"chSchReadyI\000"
 2590      68526561 
 2590      64794900 
 2591              	.LASF30:
 2592 05ba 6F776E65 		.ascii	"owner\000"
 2592      7200
 2593              	.LASF2:
 2594 05c0 6C6F6E67 		.ascii	"long double\000"
 2594      20646F75 
 2594      626C6500 
 2595              	.LASF32:
 2596 05cc 77616261 		.ascii	"wabase\000"
 2596      736500
 2597              	.LASF59:
 2598 05d3 63686172 		.ascii	"char\000"
 2598      00
 2599              	.LASF86:
 2600 05d8 66756E63 		.ascii	"func\000"
 2600      00
 2601              	.LASF8:
 2602 05dd 5F5F696E 		.ascii	"__int32_t\000"
 2602      7433325F 
 2602      7400
 2603              	.LASF51:
 2604 05e7 636F6E66 		.ascii	"config\000"
 2604      696700
 2605              	.LASF154:
 2606 05ee 474E5520 		.ascii	"GNU C17 12.2.0 -mcpu=cortex-m0 -mthumb -mfloat-abi="
 2606      43313720 
 2606      31322E32 
 2606      2E30202D 
 2606      6D637075 
 2607 0621 736F6674 		.ascii	"soft -march=armv6s-m -ggdb -Os -fomit-frame-pointer"
 2607      202D6D61 
 2607      7263683D 
 2607      61726D76 
 2607      36732D6D 
 2608 0654 202D6661 		.ascii	" -falign-functions=16 -ffunction-sections -fdata-se"
 2608      6C69676E 
 2608      2D66756E 
 2608      6374696F 
 2608      6E733D31 
 2609 0687 6374696F 		.ascii	"ctions -fno-common -flto\000"
 2609      6E73202D 
 2609      666E6F2D 
 2609      636F6D6D 
 2609      6F6E202D 
 2610              	.LASF144:
 2611 06a0 706F7274 		.ascii	"port_unlock_from_isr\000"
 2611      5F756E6C 
ARM GAS  C:\Users\PUBLIC~1.LAP\AppData\Local\Temp\ccOn9AnM.s 			page 52


 2611      6F636B5F 
 2611      66726F6D 
 2611      5F697372 
 2612              	.LASF28:
 2613 06b5 74687265 		.ascii	"thread_t\000"
 2613      61645F74 
 2613      00
 2614              	.LASF85:
 2615 06be 646C6973 		.ascii	"dlist\000"
 2615      7400
 2616              	.LASF61:
 2617 06c4 73797374 		.ascii	"systime_t\000"
 2617      696D655F 
 2617      7400
 2618              	.LASF88:
 2619 06ce 76746675 		.ascii	"vtfunc_t\000"
 2619      6E635F74 
 2619      00
 2620              	.LASF77:
 2621 06d7 53484946 		.ascii	"SHIFT_TAB_OCxx\000"
 2621      545F5441 
 2621      425F4F43 
 2621      787800
 2622              	.LASF58:
 2623 06e6 70616E69 		.ascii	"panic_msg\000"
 2623      635F6D73 
 2623      6700
 2624              	.LASF97:
 2625 06f0 70717565 		.ascii	"pqueue\000"
 2625      756500
 2626              	.LASF45:
 2627 06f7 63685F6F 		.ascii	"ch_os_instance\000"
 2627      735F696E 
 2627      7374616E 
 2627      636500
 2628              	.LASF126:
 2629 0706 63685363 		.ascii	"chSchIsPreemptionRequired\000"
 2629      68497350 
 2629      7265656D 
 2629      7074696F 
 2629      6E526571 
 2630              	.LASF48:
 2631 0720 7265676C 		.ascii	"reglist\000"
 2631      69737400 
 2632              	.LASF125:
 2633 0728 63685363 		.ascii	"chSchDoPreemption\000"
 2633      68446F50 
 2633      7265656D 
 2633      7074696F 
 2633      6E00
 2634              	.LASF70:
 2635 073a 63685F70 		.ascii	"ch_priority_queue\000"
 2635      72696F72 
 2635      6974795F 
 2635      71756575 
 2635      6500
 2636              	.LASF145:
ARM GAS  C:\Users\PUBLIC~1.LAP\AppData\Local\Temp\ccOn9AnM.s 			page 53


 2637 074c 706F7274 		.ascii	"port_lock_from_isr\000"
 2637      5F6C6F63 
 2637      6B5F6672 
 2637      6F6D5F69 
 2637      737200
 2638              	.LASF80:
 2639 075f 53484946 		.ascii	"SHIFT_TAB_OISx\000"
 2639      545F5441 
 2639      425F4F49 
 2639      537800
 2640              	.LASF113:
 2641 076e 6D61696E 		.ascii	"mainthread_end\000"
 2641      74687265 
 2641      61645F65 
 2641      6E6400
 2642              	.LASF128:
 2643 077d 63685363 		.ascii	"chSchWakeupS\000"
 2643      6857616B 
 2643      65757053 
 2643      00
 2644              	.LASF116:
 2645 078a 6F735F69 		.ascii	"os_instance_config_t\000"
 2645      6E737461 
 2645      6E63655F 
 2645      636F6E66 
 2645      69675F74 
 2646              	.LASF107:
 2647 079f 63685F6D 		.ascii	"ch_mutex\000"
 2647      75746578 
 2647      00
 2648              	.LASF55:
 2649 07a8 6D61736B 		.ascii	"mask\000"
 2649      00
 2650              	.LASF150:
 2651 07ad 63685F70 		.ascii	"ch_pqueue_insert_ahead\000"
 2651      71756575 
 2651      655F696E 
 2651      73657274 
 2651      5F616865 
 2652              	.LASF46:
 2653 07c4 726C6973 		.ascii	"rlist\000"
 2653      7400
 2654              	.LASF14:
 2655 07ca 75696E74 		.ascii	"uint8_t\000"
 2655      385F7400 
 2656              	.LASF35:
 2657 07d2 666C6167 		.ascii	"flags\000"
 2657      7300
 2658              	.LASF143:
 2659 07d8 63685379 		.ascii	"chSysLockFromISR\000"
 2659      734C6F63 
 2659      6B46726F 
 2659      6D495352 
 2659      00
 2660              	.LASF123:
 2661 07e9 63685363 		.ascii	"chSchDoYieldS\000"
 2661      68446F59 
ARM GAS  C:\Users\PUBLIC~1.LAP\AppData\Local\Temp\ccOn9AnM.s 			page 54


 2661      69656C64 
 2661      5300
 2662              	.LASF129:
 2663 07f7 63685363 		.ascii	"chSchGoSleepTimeoutS\000"
 2663      68476F53 
 2663      6C656570 
 2663      54696D65 
 2663      6F757453 
 2664              	.LASF96:
 2665 080c 6C697374 		.ascii	"list\000"
 2665      00
 2666              	.LASF147:
 2667 0811 706F7274 		.ascii	"port_lock\000"
 2667      5F6C6F63 
 2667      6B00
 2668              	.LASF115:
 2669 081b 69646C65 		.ascii	"idlethread_end\000"
 2669      74687265 
 2669      61645F65 
 2669      6E6400
 2670              	.LASF40:
 2671 082a 6D74786C 		.ascii	"mtxlist\000"
 2671      69737400 
 2672              	.LASF18:
 2673 0832 706F7274 		.ascii	"port_stkalign_t\000"
 2673      5F73746B 
 2673      616C6967 
 2673      6E5F7400 
 2674              		.section	.gnu.debuglto_.debug_line_str,"eMS",%progbits,1
 2675              	.LASF167:
 2676 0000 5F646566 		.ascii	"_default_types.h\000"
 2676      61756C74 
 2676      5F747970 
 2676      65732E68 
 2676      00
 2677              	.LASF159:
 2678 0011 443A5C30 		.ascii	"D:\\00a_liuhy\\temp126\\ChibiOS/os/common/ext/ARM/C"
 2678      30615F6C 
 2678      69756879 
 2678      5C74656D 
 2678      70313236 
 2679 0041 4D534953 		.ascii	"MSIS/Core/Include\000"
 2679      2F436F72 
 2679      652F496E 
 2679      636C7564 
 2679      6500
 2680              	.LASF176:
 2681 0053 6D645F74 		.ascii	"md_timer.h\000"
 2681      696D6572 
 2681      2E6800
 2682              	.LASF177:
 2683 005e 6368636F 		.ascii	"chcore.h\000"
 2683      72652E68 
 2683      00
 2684              	.LASF160:
 2685 0067 443A5C30 		.ascii	"D:\\00a_liuhy\\temp126\\ChibiOS/os/common/ports/ARM"
 2685      30615F6C 
ARM GAS  C:\Users\PUBLIC~1.LAP\AppData\Local\Temp\ccOn9AnM.s 			page 55


 2685      69756879 
 2685      5C74656D 
 2685      70313236 
 2686 0097 2D636F6D 		.ascii	"-common\000"
 2686      6D6F6E00 
 2687              	.LASF162:
 2688 009f 443A5C30 		.ascii	"D:\\00a_liuhy\\temp126\\ChibiOS/os/rt/include\000"
 2688      30615F6C 
 2688      69756879 
 2688      5C74656D 
 2688      70313236 
 2689              	.LASF178:
 2690 00ca 63687365 		.ascii	"chsem.h\000"
 2690      6D2E6800 
 2691              	.LASF165:
 2692 00d2 643A5C71 		.ascii	"d:\\qmk_msys\\mingw64\\arm-none-eabi\\include\\sys\000"
 2692      6D6B5F6D 
 2692      7379735C 
 2692      6D696E67 
 2692      7736345C 
 2693              	.LASF161:
 2694 0100 443A5C30 		.ascii	"D:\\00a_liuhy\\temp126\\ChibiOS/os/common/ports/ARM"
 2694      30615F6C 
 2694      69756879 
 2694      5C74656D 
 2694      70313236 
 2695 0130 76362D4D 		.ascii	"v6-M\000"
 2695      00
 2696              	.LASF166:
 2697 0135 443A5C30 		.ascii	"D:\\00a_liuhy\\temp126\\ChibiOS/os/rt/src/chschd.c\000"
 2697      30615F6C 
 2697      69756879 
 2697      5C74656D 
 2697      70313236 
 2698              	.LASF179:
 2699 0165 63686D74 		.ascii	"chmtx.h\000"
 2699      782E6800 
 2700              	.LASF174:
 2701 016d 63687469 		.ascii	"chtime.h\000"
 2701      6D652E68 
 2701      00
 2702              	.LASF169:
 2703 0176 63687479 		.ascii	"chtypes.h\000"
 2703      7065732E 
 2703      6800
 2704              	.LASF168:
 2705 0180 5F737464 		.ascii	"_stdint.h\000"
 2705      696E742E 
 2705      6800
 2706              	.LASF182:
 2707 018a 63687379 		.ascii	"chsys.h\000"
 2707      732E6800 
 2708              	.LASF175:
 2709 0192 63686C69 		.ascii	"chlists.h\000"
 2709      7374732E 
 2709      6800
 2710              	.LASF181:
ARM GAS  C:\Users\PUBLIC~1.LAP\AppData\Local\Temp\ccOn9AnM.s 			page 56


 2711 019c 63687363 		.ascii	"chschd.c\000"
 2711      68642E63 
 2711      00
 2712              	.LASF164:
 2713 01a5 643A5C71 		.ascii	"d:\\qmk_msys\\mingw64\\arm-none-eabi\\include\\mach"
 2713      6D6B5F6D 
 2713      7379735C 
 2713      6D696E67 
 2713      7736345C 
 2714 01d3 696E6500 		.ascii	"ine\000"
 2715              	.LASF171:
 2716 01d7 63686F62 		.ascii	"chobjects.h\000"
 2716      6A656374 
 2716      732E6800 
 2717              	.LASF172:
 2718 01e3 63687266 		.ascii	"chrfcu.h\000"
 2718      63752E68 
 2718      00
 2719              	.LASF157:
 2720 01ec 443A5C30 		.ascii	"D:\\00a_liuhy\\temp126\\ChibiOS-Contrib\\demos\\ES3"
 2720      30615F6C 
 2720      69756879 
 2720      5C74656D 
 2720      70313236 
 2721 021a 325C4653 		.ascii	"2\\FS026\000"
 2721      30323600 
 2722              	.LASF183:
 2723 0222 636D7369 		.ascii	"cmsis_gcc.h\000"
 2723      735F6763 
 2723      632E6800 
 2724              	.LASF170:
 2725 022e 63686561 		.ascii	"chearly.h\000"
 2725      726C792E 
 2725      6800
 2726              	.LASF180:
 2727 0238 63687674 		.ascii	"chvt.h\000"
 2727      2E6800
 2728              	.LASF163:
 2729 023f 443A5C30 		.ascii	"D:\\00a_liuhy\\temp126\\ChibiOS/os/rt/src\000"
 2729      30615F6C 
 2729      69756879 
 2729      5C74656D 
 2729      70313236 
 2730              	.LASF173:
 2731 0266 63686465 		.ascii	"chdebug.h\000"
 2731      6275672E 
 2731      6800
 2732              	.LASF158:
 2733 0270 443A5C30 		.ascii	"D:\\00a_liuhy\\temp126\\ChibiOS-Contrib/os/common/e"
 2733      30615F6C 
 2733      69756879 
 2733      5C74656D 
 2733      70313236 
 2734 02a0 78742F43 		.ascii	"xt/CMSIS/ES32/FS026/md\000"
 2734      4D534953 
 2734      2F455333 
 2734      322F4653 
ARM GAS  C:\Users\PUBLIC~1.LAP\AppData\Local\Temp\ccOn9AnM.s 			page 57


 2734      3032362F 
 2735              		.text
 2736              		.section	.gnu.lto_.profile.840ce39e,"e",%progbits
 2737 0000 28B52FFD 		.ascii	"(\265/\375 \0061\000\000\002\000\000\000\000\000"
 2737      20063100 
 2737      00020000 
 2737      000000
 2738              		.text
 2739              		.section	.gnu.lto_.icf.840ce39e,"e",%progbits
 2740 0000 28B52FFD 		.ascii	"(\265/\375`\000\001\345\006\000\204\011\364\001\000"
 2740      600001E5 
 2740      06008409 
 2740      F40100
 2741 000f 1200A2E0 		.ascii	"\022\000\242\340\330\255\006\010\002\000\002\001\001"
 2741      D8AD0608 
 2741      02000201 
 2741      01
 2742 001c F6939BA9 		.ascii	"\366\223\233\251\016\020\002\002\002\003\002\004\002"
 2742      0E100202 
 2742      02030204 
 2742      02
 2743 0029 DDB5D2F4 		.ascii	"\335\265\322\364\005\004\002\005\002\006\002\007\002"
 2743      05040205 
 2743      02060207 
 2743      02
 2744 0036 0603BCE9 		.ascii	"\006\003\274\351\202\276\015\016\010\002\006\002\011"
 2744      82BE0D0E 
 2744      08020602 
 2744      09
 2745 0043 02090A02 		.ascii	"\002\011\012\002\013\010\002\006\004\230\356\205\241"
 2745      0B080206 
 2745      0498EE85 
 2745      A1
 2746 0050 0F050694 		.ascii	"\017\005\006\224\253\260\306\017\016\002\014\002\015"
 2746      ABB0C60F 
 2746      0E020C02 
 2746      0D
 2747 005d 0C020D08 		.ascii	"\014\002\015\010\011\276\252\372\305\014\000\012\254"
 2747      09BEAAFA 
 2747      C50C000A 
 2747      AC
 2748 006a EE9F9B0A 		.ascii	"\356\237\233\012\020\013\246\273\374\344\013\010\016"
 2748      100BA6BB 
 2748      FCE40B08 
 2748      0E
 2749 0077 020F0802 		.ascii	"\002\017\010\002\006\014\234\304\331\360\001\014\020"
 2749      060C9CC4 
 2749      D9F0010C 
 2749      10
 2750 0084 0DBFBDE8 		.ascii	"\015\277\275\350\371\002\010\015\020\002\006\016\310"
 2750      F902080D 
 2750      1002060E 
 2750      C8
 2751 0091 E99A990D 		.ascii	"\351\232\231\015\017\020\021\225\374\325\360\012\022"
 2751      0F101195 
 2751      FCD5F00A 
 2751      12
ARM GAS  C:\Users\PUBLIC~1.LAP\AppData\Local\Temp\ccOn9AnM.s 			page 58


 2752 009e B590A4C0 		.ascii	"\265\220\244\300\011\000\034\000\340.0\027\025\312\341"
 2752      09001C00 
 2752      E02E3017 
 2752      15CAE1
 2753 00ad 8CC374A6 		.ascii	"\214\303t\246\004\242B@6\205\311\260\347\235\315B\020"
 2753      04A24240 
 2753      3685C9B0 
 2753      E79DCD42 
 2753      10
 2754 00be 1ACAC980 		.ascii	"\032\312\311\200\313\250\250\000\004\001\260\012\224"
 2754      CBA8A800 
 2754      0401B00A 
 2754      94
 2755 00cb 51A73F02 		.ascii	"Q\247?\002\2400\263\203\314\2700\344N\334\312\3552["
 2755      A030B383 
 2755      CCB830E4 
 2755      4EDCCAED 
 2755      325B
 2756 00dd 06E902D9 		.ascii	"\006\351\002\331\337\361T\200!"
 2756      DFF15480 
 2756      21
 2757              		.text
 2758              		.section	.gnu.lto_.ipa_sra.840ce39e,"e",%progbits
 2759 0000 28B52FFD 		.ascii	"(\265/\375 \354\315\003\000b\204\015\026\300\2471\377"
 2759      20ECCD03 
 2759      0062840D 
 2759      16C0A731 
 2759      FF
 2760 0011 FFBF3BFF 		.ascii	"\377\277;\377\377\377\365\267\233\010mZj\"DJ\231R\256"
 2760      FFFFF5B7 
 2760      9B086D5A 
 2760      6A22444A 
 2760      9952AE
 2761 0024 99940431 		.ascii	"\231\224\0041\017C\037}\177q\216\242\345mb\320\000\270"
 2761      0F431F7D 
 2761      7F718EA2 
 2761      E56D62D0 
 2761      00B8
 2762 0036 5D8FF905 		.ascii	"]\217\371\005\317\262*\265\3326\331\004\034\000`\210"
 2762      CFB22AB5 
 2762      DA36D904 
 2762      1C006088 
 2763 0046 CAB82D83 		.ascii	"\312\270-\203\270\014U\2757\016\005q\031\256\206(\354"
 2763      B80C55BD 
 2763      370E0571 
 2763      19AE8628 
 2763      EC
 2764 0057 F96C8878 		.ascii	"\371l\210xOe1\0201B\034O\204\013\343\0148`\225\031\243"
 2764      4F653110 
 2764      31421C4F 
 2764      840BE30C 
 2764      38609519 
 2765 006c 820308AB 		.ascii	"\202\003\010\253\212\347P\266.\026*\015\334\304\304"
 2765      8AE750B6 
 2765      2E162A0D 
 2765      DCC4C4
 2766 007b 268D9730 		.ascii	"&\215\22706\200\005"
ARM GAS  C:\Users\PUBLIC~1.LAP\AppData\Local\Temp\ccOn9AnM.s 			page 59


 2766      368005
 2767              		.text
 2768              		.section	.gnu.lto_.inline.840ce39e,"e",%progbits
 2769 0000 28B52FFD 		.ascii	"(\265/\375`\331\003\335\015\000\326\021;3`\213\322\030"
 2769      60D903DD 
 2769      0D00D611 
 2769      3B33608B 
 2769      D218
 2770 0012 80BB26B6 		.ascii	"\200\273&\266\007\021\006\323\376\302\007<\3200\021"
 2770      071106D3 
 2770      FEC2073C 
 2770      D03011
 2771 0021 07E0E0ED 		.ascii	"\007\340\340\355\035jM\240\005\357\255\035.\244\012"
 2771      1D6A4DA0 
 2771      05EFAD1D 
 2771      2EA40A
 2772 0030 0108B5A2 		.ascii	"\001\010\265\242\357\314Z\371-\211\221n\354\277\267"
 2772      EFCC5AF9 
 2772      2D89916E 
 2772      ECBFB7
 2773 003f 94292A00 		.ascii	"\224)*\000-\000.\000\035\205\020\221:\2607\201\273\242"
 2773      2D002E00 
 2773      1D851091 
 2773      3AB03781 
 2773      BBA2
 2774 0051 9979765C 		.ascii	"\231yv\\\004F\005\350:c\\\337o5P\370\033}\360\317\270"
 2774      044605E8 
 2774      3A635CDF 
 2774      6F3550F8 
 2774      1B7DF0CF 
 2775 0066 53733D39 		.ascii	"Ss=9nw\027\340-?S\277\344\3414\222\250\236\343R\245"
 2775      6E7717E0 
 2775      2D3F53BF 
 2775      E4E13492 
 2775      A89EE352 
 2776 007b 136940FF 		.ascii	"\023i@\377\213\3071\204J\250\314nM\226_\332\373ajn\213"
 2776      8BC73184 
 2776      4AA8CC6E 
 2776      4D965FDA 
 2776      FB616A6E 
 2777 0090 47B3DD8D 		.ascii	"G\263\335\215\254\311\364s\021i#\303\305\017I\221\030"
 2777      ACC9F473 
 2777      116923C3 
 2777      C50F4991 
 2777      18
 2778 00a1 4DC8A76C 		.ascii	"M\310\247l\333\266e\001\304\250B\272\325\230\000\005"
 2778      DBB66501 
 2778      C4A842BA 
 2778      D5980005 
 2779 00b1 084814AE 		.ascii	"\010H\024\256~q\225\013\273\373y]\213\304\267\334?A"
 2779      7E71950B 
 2779      BBFB795D 
 2779      8BC4B7DC 
 2779      3F41
 2780 00c3 5087DDC5 		.ascii	"P\207\335\305\206\220\247\3112\332\226\012FQM\327&_"
 2780      8690A7C9 
 2780      32DA960A 
ARM GAS  C:\Users\PUBLIC~1.LAP\AppData\Local\Temp\ccOn9AnM.s 			page 60


 2780      46514DD7 
 2780      265F
 2781 00d5 A5A5575F 		.ascii	"\245\245W_\271\246J\247Q|\216z\214B&\353l\330\375\\"
 2781      B9A64AA7 
 2781      517C8E7A 
 2781      8C4226EB 
 2781      6CD8FD5C 
 2782 00e9 B69E40DE 		.ascii	"\266\236@\336\213\357\300}\240,8\340\330\233\207\321"
 2782      8BEFC07D 
 2782      A02C38E0 
 2782      D89B87D1 
 2783 00f9 57A8214D 		.ascii	"W\250!M\247\206\204\264\264\244\320j@\002\202\014\021"
 2783      A78684B4 
 2783      B4A4D06A 
 2783      4002820C 
 2783      11
 2784 010a DA0112E0 		.ascii	"\332\001\022\340\025E#%2B\022\314\314L0\231\311\357"
 2784      15452325 
 2784      324212CC 
 2784      CC4C3099 
 2784      C9EF
 2785 011c C5063700 		.ascii	"\305\0067\000\371\"\177X\246\217\010^\224J\375\212\307"
 2785      F9227F58 
 2785      A68F085E 
 2785      944AFD8A 
 2785      C7
 2786 012d 3EEC320C 		.ascii	">\3542\014\264\243{\335\204M\036=\013\377\223\304\201"
 2786      B4A37BDD 
 2786      844D1E3D 
 2786      0BFF93C4 
 2786      81
 2787 013e 4F30199D 		.ascii	"O0\031\235\020-\273\353<Y]&\263\000\216\251-\031\001"
 2787      102DBBEB 
 2787      3C595D26 
 2787      B3008EA9 
 2787      2D1901
 2788 0151 DF48396F 		.ascii	"\337H9ol\217\305\240\275\357\323\333\001j\202\1770,"
 2788      6C8FC5A0 
 2788      BDEFD3DB 
 2788      016A827F 
 2788      302C
 2789 0163 053AB815 		.ascii	"\005:\270\025@Ia\211\2521F\007Z\213\301\306\270\300"
 2789      40496189 
 2789      AA314607 
 2789      5A8BC1C6 
 2789      B8C0
 2790 0175 4B059D7A 		.ascii	"K\005\235z\300\207\012\251/\027\321\344\2447\341-\353"
 2790      C0870AA9 
 2790      2F17D1E4 
 2790      A437E12D 
 2790      EB
 2791 0186 C84D40FC 		.ascii	"\310M@\374_\212\017\241-\307?\313\361\205\260\245IM"
 2791      5F8A0FA1 
 2791      2DC73FCB 
 2791      F185B0A5 
 2791      494D
 2792 0198 E7607B6C 		.ascii	"\347`{l0\354G\275\206\276\025M\020l\222\206SV\211+\354"
ARM GAS  C:\Users\PUBLIC~1.LAP\AppData\Local\Temp\ccOn9AnM.s 			page 61


 2792      30EC47BD 
 2792      86BE154D 
 2792      106C9286 
 2792      5356892B 
 2793 01ad E94D1EEB 		.ascii	"\351M\036\353\017\245.\023\301U\211\263\265v\272N}{"
 2793      0FA52E13 
 2793      C15589B3 
 2793      B576BA4E 
 2793      7D7B
 2794 01bf A26FF64F 		.ascii	"\242o\366O \017"
 2794      200F
 2795              		.text
 2796              		.section	.gnu.lto_.jmpfuncs.840ce39e,"e",%progbits
 2797 0000 28B52FFD 		.ascii	"(\265/\375`\215\002\315\007\000b\012\037%\220'I\007"
 2797      608D02CD 
 2797      0700620A 
 2797      1F259027 
 2797      4907
 2798 0012 F0EEEEEE 		.ascii	"\360\356\356\356\226\243\017\374\377\027\372\356\256"
 2798      96A30FFC 
 2798      FF17FAEE 
 2798      AE
 2799 001f 7DB9BBBB 		.ascii	"}\271\273\273\177}?\372\376\210\0326\"Dz#Bd\222\001"
 2799      7F7D3FFA 
 2799      FE881A36 
 2799      22447A23 
 2799      42649201 
 2800 0033 64BABB63 		.ascii	"d\272\273cbP\220Hd\005\011xg\241V\007o\251_\352\024"
 2800      62509048 
 2800      64050978 
 2800      67A15607 
 2800      6FA95FEA 
 2801 0048 6AD00EDF 		.ascii	"j\320\016\337p\177\230\0105\245E\276\003\212\000\355"
 2801      707F9808 
 2801      35A545BE 
 2801      038A00ED 
 2802 0058 B41A804A 		.ascii	"\264\032\200J\026\200\342\023\037D=\242:Q\267\323\203"
 2802      1680E213 
 2802      1F443DA2 
 2802      3A51B7D3 
 2802      83
 2803 0069 5A42797C 		.ascii	"ZBy|\015\211\230\356\356\252\344\011\243\270Q\375\317"
 2803      0D8998EE 
 2803      EEAAE409 
 2803      A3B851FD 
 2803      CF
 2804 007a 829FC5E4 		.ascii	"\202\237\305\34415SK\337\257\231gB\303\0205 \200\302"
 2804      3135534B 
 2804      DFAF9967 
 2804      42C31035 
 2804      2080C2
 2805 008d 92C80EAD 		.ascii	"\222\310\016\255pX\375aE>\"C\011\330G\336{\260\242a"
 2805      7058FD61 
 2805      453E2243 
 2805      09D847DE 
 2805      7BB0A261 
 2806 00a1 2573603C 		.ascii	"%s`< \326\216\200+\200\313>Z\256i\230\254G\354\001\344"
ARM GAS  C:\Users\PUBLIC~1.LAP\AppData\Local\Temp\ccOn9AnM.s 			page 62


 2806      20D68E80 
 2806      2B80CB3E 
 2806      5AAE6998 
 2806      AC47EC01 
 2807 00b6 4B8D2AE2 		.ascii	"K\215*\342Y\256\267m4\252q\337\305h.\001\352\313\034"
 2807      59AEB76D 
 2807      34AA71DF 
 2807      C5682E01 
 2807      EACB1C
 2808 00c9 8E65A873 		.ascii	"\216e\250s\301^\205\226\217Hh\336\014\202i\030\026i"
 2808      C15E8596 
 2808      8F4868DE 
 2808      0C826918 
 2808      1669
 2809 00db 5B435917 		.ascii	"[CY\027\214\223\321\021\031\0210\374<\201.G\210z\014"
 2809      8C93D111 
 2809      191130FC 
 2809      3C812E47 
 2809      887A0C
 2810 00ee B06B58BC 		.ascii	"\260kX\274\020W\010\251\026\222O\023Zwl\205?\014\257"
 2810      105708A9 
 2810      16924F13 
 2810      5A776C85 
 2810      3F0CAF
 2811 0101 2843     		.ascii	"(C"
 2812              		.text
 2813              		.section	.gnu.lto_.pureconst.840ce39e,"e",%progbits
 2814 0000 28B52FFD 		.ascii	"(\265/\375 8\301\001\0004\000\000\000\022\000\232\004"
 2814      2038C101 
 2814      00340000 
 2814      0012009A 
 2814      04
 2815 0011 019A0402 		.ascii	"\001\232\004\002\032\003\272\005\004\232\004\005\032"
 2815      1A03BA05 
 2815      049A0405 
 2815      1A
 2816 001e 069A0408 		.ascii	"\006\232\004\010\232\004\011\030\012\232\004\013\231"
 2816      9A040918 
 2816      0A9A040B 
 2816      99
 2817 002b 040C9A04 		.ascii	"\004\014\232\004\015\231\004\016\205\004\017\232\004"
 2817      0D99040E 
 2817      85040F9A 
 2817      04
 2818 0038 10990411 		.ascii	"\020\231\004\021\231\004\022\232\004"
 2818      9904129A 
 2818      04
 2819              		.text
 2820              		.section	.gnu.lto_.ipa_modref.840ce39e,"e",%progbits
 2821 0000 28B52FFD 		.ascii	"(\265/\375`\274\0015\006\000BG\025\035\260'\303\001"
 2821      60BC0135 
 2821      06004247 
 2821      151DB027 
 2821      C301
 2822 0012 0C15C092 		.ascii	"\014\025\300\222$I\005I\002|7B\0136J\333\326\326\326"
 2822      24490549 
 2822      027C3742 
ARM GAS  C:\Users\PUBLIC~1.LAP\AppData\Local\Temp\ccOn9AnM.s 			page 63


 2822      0B364ADB 
 2822      D6D6D6
 2823 0025 ECD86677 		.ascii	"\354\330fw\222)&)\2018\250i\225\215\252a\255#\313\253"
 2823      92292629 
 2823      8138A869 
 2823      958DAA61 
 2823      AD23CBAB 
 2824 0039 D628B885 		.ascii	"\326(\270\205\240\006\002\244Nm\334y*\177\002\200\243"
 2824      A00602A4 
 2824      4E6DDC79 
 2824      2A7F0280 
 2824      A3
 2825 004a 11A15D6B 		.ascii	"\021\241]k\220\344\251\336nig^\306s\014\262t\317\305"
 2825      90E4A9DE 
 2825      6E69675E 
 2825      C6730CB2 
 2825      74CFC5
 2826 005d 531533F1 		.ascii	"S\0253\361G1 \220\002\221\253\343\001b\012\236\353\231"
 2826      47312090 
 2826      0291ABE3 
 2826      01620A9E 
 2826      EB99
 2827 006f D07A3FDB 		.ascii	"\320z?\333b\305B\254+\375(\012\273;#:%\300\234\213\315"
 2827      62C542AC 
 2827      2BFD280A 
 2827      BB3B233A 
 2827      25C09C8B 
 2828 0084 02C80828 		.ascii	"\002\310\010(\222%$\265\256,\266kX\"\270\030\343\211"
 2828      922524B5 
 2828      AE2CB66B 
 2828      5822B818 
 2828      E389
 2829 0096 ACB80010 		.ascii	"\254\270\000\020;`\334\204oC\300 \366\200\031k\\\250"
 2829      3B60DC84 
 2829      6F43C020 
 2829      F680196B 
 2829      5CA8
 2830 00a8 2FFBC746 		.ascii	"/\373\307FV\371l\211\230\267\243G\032`\372\2137\231"
 2830      56F96C89 
 2830      98B7A347 
 2830      1A60FA8B 
 2830      3799
 2831 00ba E9B8E410 		.ascii	"\351\270\344\020\"g\242\033Y,\2064\302\344m\227\226"
 2831      2267A21B 
 2831      592C8634 
 2831      C2E46D97 
 2831      96
 2832 00cb 0E616B71 		.ascii	"\016akq\335"
 2832      DD
 2833              		.text
 2834              		.section	.gnu.lto_.lto.840ce39e,"e",%progbits
 2835 0000 0C000000 		.ascii	"\014\000\000\000\001\000\001\000"
 2835      01000100 
 2836              		.text
 2837              		.section	.gnu.lto_ch_queue_dequeue.25.840ce39e,"e",%progbits
 2838 0000 28B52FFD 		.ascii	"(\265/\375`\305\000E\013\000v\223KC\000\351*\035?\300"
 2838      60C50045 
ARM GAS  C:\Users\PUBLIC~1.LAP\AppData\Local\Temp\ccOn9AnM.s 			page 64


 2838      0B007693 
 2838      4B4300E9 
 2838      2A1D3FC0 
 2839 0014 C304EA0E 		.ascii	"\303\004\352\016\270Gd\032hD\0328h\240W,\336\334E\351"
 2839      B847641A 
 2839      68441A38 
 2839      68A0572C 
 2839      DEDC45E9 
 2840 0028 5DB295F7 		.ascii	"]\262\225\3679\263\026\211\273y\037\352\345\302QJ\300"
 2840      39B31689 
 2840      BB791FEA 
 2840      E5C2514A 
 2840      C0
 2841 0039 F0F27D4F 		.ascii	"\360\362}O\370\266\212\372\306\256x\216\373\274\306"
 2841      F8B68AFA 
 2841      C6AE788E 
 2841      FBBCC6
 2842 0048 6626B102 		.ascii	"f&\261\002\333\010\331;\2456\0004\000:\000\307yN\314"
 2842      DB08D93B 
 2842      A5360034 
 2842      003A00C7 
 2842      794ECC
 2843 005b 66C7CA67 		.ascii	"f\307\312g\300\215\004\025\335\356\011J\374\301\363"
 2843      C08D0415 
 2843      DDEE094A 
 2843      FCC1F3
 2844 006a CFBB83E7 		.ascii	"\317\273\203\347_\215\271yj\372\327\271g\223`G\253\311"
 2844      5F8DB979 
 2844      6AFAD7B9 
 2844      67936047 
 2844      ABC9
 2845 007c 4E3F19BB 		.ascii	"N?\031\273kJ\253\271\334\365\266'l{\330\347\010\017"
 2845      6B4AABB9 
 2845      DCF5B627 
 2845      6C7BD8E7 
 2845      080F
 2846 008e EC53462B 		.ascii	"\354SF+\214}o\253\315\376\355\367\250\377\011\261\234"
 2846      8C7D6FAB 
 2846      CDFEEDF7 
 2846      A8FF09B1 
 2846      9C
 2847 009f 0182DD96 		.ascii	"\001\202\335\226]\204U\360\031\250\261\035\263\027\354"
 2847      5D8455F0 
 2847      19A8B11D 
 2847      B317EC
 2848 00ae 880326D3 		.ascii	"\210\003&\323\337L+\354\356\350\012\354\236!_\200\376"
 2848      DF4C2BEC 
 2848      EEE80AEC 
 2848      9E215F80 
 2848      FE
 2849 00bf D976F7B6 		.ascii	"\331v\367\266\332\274Jz\231\325\231\237\333\275\012"
 2849      DABC4A7A 
 2849      99D5999F 
 2849      DBBD0A
 2850 00ce 4081406B 		.ascii	"@\201@k\200\024\030\203\014\001Z\203\223\237\264B\330"
 2850      80141883 
 2850      0C015A83 
ARM GAS  C:\Users\PUBLIC~1.LAP\AppData\Local\Temp\ccOn9AnM.s 			page 65


 2850      939FB442 
 2850      D8
 2851 00df AFE34CD0 		.ascii	"\257\343L\320\356\226|\000&0\020\315?\337\364\374{\245"
 2851      EE967C00 
 2851      263010CD 
 2851      3FDFF4FC 
 2851      7BA5
 2852 00f1 33B8199D 		.ascii	"3\270\031\235\340\347\034,X\032\266P\245D\014TJ\024"
 2852      E0E71C2C 
 2852      581AB650 
 2852      A5440C54 
 2852      4A14
 2853 0103 8522D518 		.ascii	"\205\"\325\030\226c\330\300\272GQ\331*\311\325\030\202"
 2853      9663D8C0 
 2853      BA4751D9 
 2853      2AC9D518 
 2853      82
 2854 0114 A2CAB50A 		.ascii	"\242\312\265\012GH\260U\002\226$ \310\007\231\"G\215"
 2854      4748B055 
 2854      02962420 
 2854      C8079922 
 2854      478D
 2855 0126 53A98282 		.ascii	"S\251\202\202%\"\266N\257\321E\256BP\243\321\311\264"
 2855      2522B64E 
 2855      AFD145AE 
 2855      4250A3D1 
 2855      C9B4
 2856 0138 413A3716 		.ascii	"A:7\026\0002\241;\037\370b\205wz\010\007\313@!NI\000"
 2856      0032A13B 
 2856      1FF86285 
 2856      777A0807 
 2856      CB40214E 
 2857 014e BC766824 		.ascii	"\274vh$\272X\021t\036\212\0140\014\242\322\250tV1\023"
 2857      BA581174 
 2857      1E8A0C30 
 2857      0CA2D2A8 
 2857      74563113 
 2858 0162 9C6BF8C4 		.ascii	"\234k\370\304\304\221_\263\203\365\3773\241\251\235"
 2858      C4915FB3 
 2858      83F5FF33 
 2858      A1A99D
 2859 0171 4F       		.ascii	"O"
 2860              		.text
 2861              		.section	.gnu.lto_ch_pqueue_insert_behind.28.840ce39e,"e",%progbits
 2862 0000 28B52FFD 		.ascii	"(\265/\375`\205\002}\023\000f\342{H\3200'\035\363\000"
 2862      6085027D 
 2862      130066E2 
 2862      7B48D030 
 2862      271DF300 
 2863 0014 B9076999 		.ascii	"\271\007i\231\274\034\037p\026r\357)\204\316\243\026"
 2863      BC1C1F70 
 2863      1672EF29 
 2863      84CEA316 
 2864 0024 C70A6516 		.ascii	"\307\012e\026\300\033G\033\021\371\243\312nc\312\360"
 2864      C01B471B 
 2864      11F9A3CA 
 2864      6E63CAF0 
ARM GAS  C:\Users\PUBLIC~1.LAP\AppData\Local\Temp\ccOn9AnM.s 			page 66


 2865 0034 5B4DBD3F 		.ascii	"[M\275?+\302\356o\326\303\317o8\326\263\232&\002&F\351"
 2865      2BC2EE6F 
 2865      D6C3CF6F 
 2865      38D6B39A 
 2865      26022646 
 2866 0049 55815A9F 		.ascii	"U\201Z\237\0134o\304\222\275\245L)f\000^\000c\000\270"
 2866      0B346FC4 
 2866      92BDA54C 
 2866      2966005E 
 2866      006300B8 
 2867 005d 07D6EFC2 		.ascii	"\007\326\357\302\0102uZ\000)\315\311S\340\006\340\345"
 2867      0832755A 
 2867      0029CDC9 
 2867      53E006E0 
 2867      E5
 2868 006e 535CC58D 		.ascii	"S\\\305\215\303\010\270\325\221\021\216\242\035s\362"
 2868      C308B8D5 
 2868      91118EA2 
 2868      1D73F2
 2869 007d 5E223FF0 		.ascii	"^\"?\360]\306\027\370.W\204W\303G\271\032\372\037zD"
 2869      5DC617F8 
 2869      2E578457 
 2869      C347B91A 
 2869      FA1F7A44 
 2870 0091 51A32AA7 		.ascii	"Q\243*\247\303y\0049\301s\031Q\220\234\202>t9\361\013"
 2870      C3790439 
 2870      C1731951 
 2870      909C823E 
 2870      7439F10B 
 2871 00a5 EA49FAD0 		.ascii	"\352I\372\320u\203\016\247\013@\307s]\245\3149\2559"
 2871      75830EA7 
 2871      0B40C773 
 2871      5DA5CC39 
 2871      AD39
 2872 00b7 DDCEFDDD 		.ascii	"\335\316\375\335v\005\333\022l=\012~\370]\266\326\365"
 2872      7605DB12 
 2872      6C3D0A7E 
 2872      F85DB6D6 
 2872      F5
 2873 00c8 4474532A 		.ascii	"DtS*ko\351Cg\365zLS\247\014n\312M\247n\036\316\343\234"
 2873      6B6FE943 
 2873      67F57A4C 
 2873      53A70C6E 
 2873      CA4DA76E 
 2874 00e0 73EE86F0 		.ascii	"s\356\206\360u\221\234\202<x\177\354\013\375\256\326"
 2874      75919C82 
 2874      3C787FEC 
 2874      0BFDAED6 
 2875 00f0 773F0BFC 		.ascii	"w?\013\374\356^Y\375E\265\214\352\270\352U\265\252\372"
 2875      EE5E59FD 
 2875      45B58CEA 
 2875      B8EA55B5 
 2875      AAFA
 2876 0102 03A40D0E 		.ascii	"\003\244\015\016\011\232\346\354P\325c\316\2201J\330"
 2876      099AE6EC 
 2876      50D563CE 
 2876      90314AD8 
ARM GAS  C:\Users\PUBLIC~1.LAP\AppData\Local\Temp\ccOn9AnM.s 			page 67


 2877 0112 BEB15B76 		.ascii	"\276\261[v\310\216P\022\224\211\025\3602$O \336\313"
 2877      C88E5012 
 2877      948915F0 
 2877      32244F20 
 2877      DECB
 2878 0124 C1347938 		.ascii	"\3014y8\261\244\007\211\206\334\037\260i)J\266\326Q"
 2878      B1A40789 
 2878      86DC1FB0 
 2878      69294AB6 
 2878      D651
 2879 0136 590B6ECE 		.ascii	"Y\013n\316\266ot\271*P9*\345\226\372\253/\256\215!\346"
 2879      B66F74B9 
 2879      2A50392A 
 2879      E596FAAB 
 2879      2FAE8D21 
 2880 014b 7B4EAE08 		.ascii	"{N\256\010n\247w\343^\207J\367\273{\035\"\015E\026t"
 2880      6EA777E3 
 2880      5E874AF7 
 2880      BB7B1D22 
 2880      0D451674 
 2881 015f 59F6CC59 		.ascii	"Y\366\314Y\320\310l\340\227\365\361AFk\277{\211\317"
 2881      D0C86CE0 
 2881      97F5F141 
 2881      466BBF7B 
 2881      89CF
 2882 0171 4DA76CD7 		.ascii	"M\247l\327\316\013\3019\347\211\277B\306&`\004\211\313"
 2882      CE0BC139 
 2882      E789BF42 
 2882      C6266004 
 2882      89CB
 2883 0183 B4BBE4C5 		.ascii	"\264\273\344\305%\206\322\342\022\033\201\215\274\310"
 2883      2586D2E2 
 2883      121B818D 
 2883      BCC8
 2884 0191 6035198C 		.ascii	"`5\031\214\000\215\206\266\226\215\324lj3\030\031\354"
 2884      008D86B6 
 2884      968DD46C 
 2884      6A331819 
 2884      EC
 2885 01a2 157BB1C1 		.ascii	"\025{\261\301\300df/\233\232Wm\3465ae\3462\223\251\260"
 2885      C064662F 
 2885      9B9A576D 
 2885      E6356165 
 2885      E63293A9 
 2886 01b7 9C305840 		.ascii	"\2340X@\213\211\331\260d\220\331f0\024ZHHX\034@0\341"
 2886      8B89D9B0 
 2886      6490D966 
 2886      30145A48 
 2886      48581C40 
 2887 01cd CDEF8F63 		.ascii	"\315\357\217cKQ\333\332\225kM|n{\363{UJ\313\303\005"
 2887      4B51DBDA 
 2887      956B4D7C 
 2887      6E7BF37B 
 2887      554ACBC3 
 2888 01e2 A3C61640 		.ascii	"\243\306\026@\352[\244\244\334\215\333\205\277\010i"
 2888      EA5BA4A4 
 2888      DC8DDB85 
ARM GAS  C:\Users\PUBLIC~1.LAP\AppData\Local\Temp\ccOn9AnM.s 			page 68


 2888      BF0869
 2889 01f1 DF220022 		.ascii	"\337\"\000\"\322\261Z\027\241\032\0108 \240\002!A\262"
 2889      D2B15A17 
 2889      A11A0838 
 2889      20A00221 
 2889      41B2
 2890 0203 0D223260 		.ascii	"\015\"2`\0009>\301\353f\304\036\236\341\226\261\207"
 2890      00393EC1 
 2890      EB66C41E 
 2890      9EE196B1 
 2890      87
 2891 0214 79B25DD4 		.ascii	"y\262]\324\2237\300s\237\017\311-~r,\027\"/\201\\^E"
 2891      9337C073 
 2891      9F0FC92D 
 2891      7E722C17 
 2891      222F815C 
 2892 022a 5B876D71 		.ascii	"[\207mq\215\214m\221oA.\015R\241y\035\020C\206\011\354"
 2892      8D8C6D91 
 2892      6F412E0D 
 2892      52A1791D 
 2892      10438609 
 2893 023f F6563308 		.ascii	"\366V3\010\263h\276\012\033,\347\351B+q\367t4\227?\311"
 2893      B368BE0A 
 2893      1B2CE7E9 
 2893      422B71F7 
 2893      7434973F 
 2894 0254 49246E7B 		.ascii	"I$n{\177\305\206\216`\272Z\033\014\320\366\023\033\233"
 2894      7FC5868E 
 2894      60BA5A1B 
 2894      0CD0F613 
 2894      1B9B
 2895 0266 C00D21DA 		.ascii	"\300\015!\332\371{\010\203\2130\2445Aw>\370^&\017"
 2895      F97B0883 
 2895      8B30A435 
 2895      41773EF8 
 2895      5E260F
 2896              		.text
 2897              		.section	.gnu.lto_ch_pqueue_insert_ahead.29.840ce39e,"e",%progbits
 2898 0000 28B52FFD 		.ascii	"(\265/\375`\205\002\205\023\000\226\242|H\320\362&\035"
 2898      60850285 
 2898      130096A2 
 2898      7C48D0F2 
 2898      261D
 2899 0012 A300AC61 		.ascii	"\243\000\254a\213F\214\373\331\257\234I\374\335\357"
 2899      8B468CFB 
 2899      D9AF9C49 
 2899      FCDDEF
 2900 0021 CD3ECB94 		.ascii	"\315>\313\224\020\3511\223\240\306\212\015\003\312%"
 2900      10E93193 
 2900      A0C68A0D 
 2900      03CA25
 2901 0030 B67A96F0 		.ascii	"\266z\226\360\365\361\343\312\323\252m\006\004\017z"
 2901      F5F1E3CA 
 2901      D3AA6D06 
 2901      040F7A
 2902 003f 7C00F835 		.ascii	"|\000\3705\366\033\004<\007Y\261\326\373?\317\326\260"
 2902      F61B043C 
ARM GAS  C:\Users\PUBLIC~1.LAP\AppData\Local\Temp\ccOn9AnM.s 			page 69


 2902      0759B1D6 
 2902      FB3FCFD6 
 2902      B0
 2903 0050 49237B4B 		.ascii	"I#{K\231Rf\000`\000d\000z]\030K&\220\213\242\2469y\012"
 2903      99526600 
 2903      60006400 
 2903      7A5D184B 
 2903      26908BA2 
 2904 0068 DC00BCB4 		.ascii	"\334\000\274\264\355\253\370\012\036\207\021~VI1\230"
 2904      EDABF80A 
 2904      1E87117E 
 2904      56493198 
 2905 0078 7C88CCC9 		.ascii	"|\210\314\311{\235\374\300w\031_\340\273\334\021^\015"
 2905      7B9DFCC0 
 2905      77195FE0 
 2905      BBDC115E 
 2905      0D
 2906 0089 1FE56AE8 		.ascii	"\037\345j\350\037\3511E\021\037\270\\\317c\011\212\240"
 2906      1FE93145 
 2906      111FB85C 
 2906      CF63098A 
 2906      A0
 2907 009a CBD8A2F4 		.ascii	"\313\330\242\364dD\222\363\211\237\221\320\322\221\256"
 2907      644492F3 
 2907      899F91D0 
 2907      D291AE
 2908 00a9 1B723FBA 		.ascii	"\033r?\272\000rA\327\225\313\234\323\212\313u\270\277"
 2908      007241D7 
 2908      95CB9CD3 
 2908      8ACB75B8 
 2908      BF
 2909 00ba DBAE605B 		.ascii	"\333\256`[\202\255I\001\341w\331ZW\324\356\246U\326"
 2909      82AD4901 
 2909      E177D95A 
 2909      57D4EEA6 
 2909      55D6
 2910 00cc DE8D239D 		.ascii	"\336\215#\235\325\263\3414\225\312\340\272\334\224\352"
 2910      D5B3E134 
 2910      95CAE0BA 
 2910      DC94EA
 2911 00db E6F53CCE 		.ascii	"\346\365<\3169\347\256\010_W\351\311\310\203\227\310"
 2911      39E7AE08 
 2911      5F57E9C9 
 2911      C88397C8 
 2912 00eb FED1EF6A 		.ascii	"\376\321\357j]\367\263\300\353\356\225\325_T\313\250"
 2912      5DF7B3C0 
 2912      EBEE95D5 
 2912      5F54CBA8 
 2913 00fb 8EAB5E55 		.ascii	"\216\253^U\253\252?@\016\351%\3201'\207#F&\017Y\303"
 2913      ABAA3F40 
 2913      0EE925D0 
 2913      31278723 
 2913      46260F59 
 2914 0110 846D1EBB 		.ascii	"\204m\036\273e\233@\0351\2058\001\003^\232\344x\340"
 2914      659B401D 
 2914      31853801 
 2914      035E9AE4 
ARM GAS  C:\Users\PUBLIC~1.LAP\AppData\Local\Temp\ccOn9AnM.s 			page 70


 2914      78E0
 2915 0122 511FDEDB 		.ascii	"Q\037\336\333\3414y=QEH\011J.\021\330Cj'[\353\250\254"
 2915      E134793D 
 2915      51454809 
 2915      4A2E11D8 
 2915      436A275B 
 2916 0139 051767DB 		.ascii	"\005\027g\333\207q\271/?|t\312-\365W_\\\033\203\315"
 2916      8771B92F 
 2916      3F7C74CA 
 2916      2DF5575F 
 2916      5C1B83CD 
 2917 014d 779CDC93 		.ascii	"w\234\334\223\237\235\336\215{\240\252\375\356\036\350"
 2917      9F9DDE8D 
 2917      7BA0AAFD 
 2917      EE1EE8
 2918 015c 48C30B0B 		.ascii	"H\303\013\013\272,\033\347-rd6\360\313\"\001\201\243"
 2918      BA2C1BE7 
 2918      2D726436 
 2918      F0CB2201 
 2918      81A3
 2919 016e B5D75D65 		.ascii	"\265\327]e\350\246T\266k\347\205\340\234\223\305gqc"
 2919      E8A654B6 
 2919      6BE785E0 
 2919      9C93C567 
 2919      7163
 2920 0180 135054E2 		.ascii	"\023PT\342\322\017\264[\205f&\326\"3\023C\201\241\320"
 2920      D20FB45B 
 2920      856626D6 
 2920      22331343 
 2920      81A1D0
 2921 0193 C8603519 		.ascii	"\310`5\031\214\000-\207\266\226\241\324vj\263\032\031"
 2921      8C002D87 
 2921      B696A1D4 
 2921      766AB31A 
 2921      19
 2922 01a4 EC15A3B1 		.ascii	"\354\025\243\261\325\300nf\257\035\235W\015\3475\001"
 2922      D5C06E66 
 2922      AF1D9D57 
 2922      0DE73501 
 2923 01b4 66363393 		.ascii	"f63\223\275\304\2600X@\263\211\355\304d\220\331f5\024"
 2923      BDC4B030 
 2923      5840B389 
 2923      EDC46490 
 2923      D9663514 
 2924 01c8 64525262 		.ascii	"dRRb\034@X\341\315/\221cR\273m\355\312\265+C\267\275"
 2924      1C4058E1 
 2924      CD2F9163 
 2924      52BB6DED 
 2924      CAB52B43 
 2925 01de F9BDA9A6 		.ascii	"\371\275\251\246\225r\321\320\261\005\020\362\255\322"
 2925      9572D1D0 
 2925      B10510F2 
 2925      ADD2
 2926 01ec 122EC8ED 		.ascii	"\022.\310\355\302g\204\264o\021\220\330\001Y\255\214"
 2926      C26784B4 
 2926      6F1190D8 
 2926      0159AD8C 
ARM GAS  C:\Users\PUBLIC~1.LAP\AppData\Local\Temp\ccOn9AnM.s 			page 71


 2927 01fc 500D0437 		.ascii	"P\015\0047 \240\002!9\272\015\"2`\0009>\301\353f\304"
 2927      20A00221 
 2927      39BA0D22 
 2927      32600039 
 2927      3EC1EB66 
 2928 0211 1E8EE1A6 		.ascii	"\036\216\341\246\261\207yR\273\320\223c\240s\037\016"
 2928      B1877952 
 2928      BBD09363 
 2928      A0731F0E 
 2929 0221 895BFC7C 		.ascii	"\211[\374|,7\"]\202\\^E\233\207m\271F\266m\021\266 "
 2929      2C37225D 
 2929      825C5E45 
 2929      9B876DB9 
 2929      46B66D11 
 2930 0237 874684D0 		.ascii	"\207F\204\320\274\010\210\261\303\004v{\253\030\\\330"
 2930      BC0888B1 
 2930      C304767B 
 2930      AB185CD8 
 2931 0247 4E776936 		.ascii	"Nwi6\252\234\367\205\026\304]\351\330\\\376$'\221\270"
 2931      AA9CF785 
 2931      16C45DE9 
 2931      D85CFE24 
 2931      2791B8
 2932 025a EDFD351B 		.ascii	"\355\3755\033<\202\373jm0@\333Old\0027\304i\007\177"
 2932      3C82FB6A 
 2932      6D3040DB 
 2932      4F6C6402 
 2932      37C46907 
 2933 026f 39C83055 		.ascii	"9\3100U\213\264\373\214{\321<"
 2933      8BB4FB8C 
 2933      7BD13C
 2934              		.text
 2935              		.section	.gnu.lto___sch_ready_behind.2948.840ce39e,"e",%progbits
 2936 0000 28B52FFD 		.ascii	"(\265/\375`%\001\035\015\0006WVD\360\2226\035\262T<"
 2936      6025011D 
 2936      0D003657 
 2936      5644F092 
 2936      361DB254 
 2937 0015 19BCF56C 		.ascii	"\031\274\365l\203\234\3512\246<\311\001fg\220\301\325"
 2937      839CE932 
 2937      A63CC901 
 2937      666790C1 
 2937      D5
 2938 0026 A371A7F0 		.ascii	"\243q\247\360\212\334\332\252\242\220\323\320\370\011"
 2938      8ADCDAAA 
 2938      A290D3D0 
 2938      F809
 2939 0034 71C31942 		.ascii	"q\303\031Bb\021m\341\300\335\224\256\2630\374\036\221"
 2939      62116DE1 
 2939      C0DD94AE 
 2939      B330FC1E 
 2939      91
 2940 0045 2512D55C 		.ascii	"%\022\325\\\262v\261~\273\011\2212\245@\000@\000D\000"
 2940      B276B17E 
 2940      BB099132 
 2940      A5400040 
 2940      004400
ARM GAS  C:\Users\PUBLIC~1.LAP\AppData\Local\Temp\ccOn9AnM.s 			page 72


 2941 0058 396AEC86 		.ascii	"9j\354\206\012<\022o\331\366W\234E\213?\222\027\354"
 2941      0A3C126F 
 2941      D9F6579C 
 2941      458B3F92 
 2941      17EC
 2942 006a 14E244D3 		.ascii	"\024\342D\323c7\314:\037p\335\252.\340\272\245#\376"
 2942      6337CC3A 
 2942      1F70DDAA 
 2942      2EE0BAA5 
 2942      23FE
 2943 007c 3D3FFF32 		.ascii	"=?\3772\257R|\210\001\302\270<\261\007\273\353\004a"
 2943      AF527C88 
 2943      01C2B83C 
 2943      B107BBEB 
 2943      0461
 2944 008e 3ADC7ADB 		.ascii	":\334z\333\011l\223\3307\021@|\224L\012\301\006\025"
 2944      096C93D8 
 2944      3711407C 
 2944      944C0AC1 
 2944      0615
 2945 00a0 29034781 		.ascii	")\003G\201Hm\372\260C\227T\021\366\253U\223\255\351"
 2945      486DFAB0 
 2945      43975411 
 2945      F6AB5593 
 2945      ADE9
 2946 00b2 A8692CD3 		.ascii	"\250i,\323\327c~u\372\233\003%\276\003\307.\207 ?V\207"
 2946      D7637E75 
 2946      FA9B0325 
 2946      BE03C72E 
 2946      87203F56 
 2947 00c7 750385ED 		.ascii	"u\003\205\355\026;\304&`\3728\037\363y\263\333\"/\272"
 2947      163BC426 
 2947      60FA381F 
 2947      F379B3DB 
 2947      222FBA
 2948 00da F669843E 		.ascii	"\366i\204>C\273\214-\036\265\022A\273\302O\235-\234"
 2948      43BB8C2D 
 2948      1EB51241 
 2948      BBC24F9D 
 2948      2D9C
 2949 00ec E604C608 		.ascii	"\346\004\306\010%\262\\\2670=\350\301\306\360\027,\361"
 2949      25B25CB7 
 2949      303DE8C1 
 2949      C6F0172C 
 2949      F1
 2950 00fd 52002466 		.ascii	"R\000$fl\370\005.\333\373\214J\334\335\217\357BC\206"
 2950      6CF8052E 
 2950      DBFB8C4A 
 2950      DCDD8FEF 
 2950      424386
 2951 0110 AC3971CB 		.ascii	"\2549q\313\377\256[\001jx\2242\0361\021m\015B\242M\204"
 2951      FFAE5B01 
 2951      6A789432 
 2951      1E31116D 
 2951      0D42A24D 
 2952 0125 93424A6B 		.ascii	"\223BJk\"&\234\346qZ\246\215\274\2144\312<\224l\202"
 2952      22269CE6 
ARM GAS  C:\Users\PUBLIC~1.LAP\AppData\Local\Temp\ccOn9AnM.s 			page 73


 2952      715AA68D 
 2952      BC8C34CA 
 2952      3C946C82 
 2953 0139 844ED471 		.ascii	"\204N\324q\020@\037\006\013RN6\022h\205S\351.\224\204"
 2953      10401F06 
 2953      0B524E36 
 2953      12688553 
 2953      E92E9484 
 2954 014d 3C1E9083 		.ascii	"<\036\220\203\010\236p_\255\232\264S\322\2229\031\025"
 2954      089E705F 
 2954      AD9AB453 
 2954      D2923919 
 2954      15
 2955 015e 539B4249 		.ascii	"S\233BI\036\274v\002\035\000\005\223\240L\350\023\003"
 2955      1EBC7602 
 2955      1D000593 
 2955      A04CE813 
 2955      03
 2956 016f B747AF03 		.ascii	"\267G\257\003e\200M\220@\206\006]\337\035BI\037\254"
 2956      65804D90 
 2956      4086065D 
 2956      DF1D4249 
 2956      1FAC
 2957 0181 8121CDF0 		.ascii	"\201!\315\360\005\030K0\254c\341PP\355\033UV0L\325\023"
 2957      05184B30 
 2957      AC63E150 
 2957      50ED1B55 
 2957      56304CD5 
 2958 0196 A2C62E4C 		.ascii	"\242\306.L\233(\305V\302tM\344\306B\333!\314\377\231"
 2958      9B28C556 
 2958      C2744DE4 
 2958      C642DB21 
 2958      CCFF99
 2959 01a9 DBD44E32 		.ascii	"\333\324N2"
 2960              		.text
 2961              		.section	.gnu.lto___sch_ready_ahead.2949.840ce39e,"e",%progbits
 2962 0000 28B52FFD 		.ascii	"(\265/\375`%\001%\015\0006\227VE\360\2226\035\262T\274"
 2962      60250125 
 2962      0D003697 
 2962      5645F092 
 2962      361DB254 
 2963 0015 C8505031 		.ascii	"\310PP1;\306Ly\310\202\210\002\\+\245\"\216\232\232"
 2963      3BC64C79 
 2963      C8828802 
 2963      5C2BA522 
 2963      8E9A9A
 2964 0028 C1F21A6A 		.ascii	"\301\362\032jl\253\212BNC\343'\304\015g\010\211E\264"
 2964      6CAB8A42 
 2964      4E43E327 
 2964      C40D6708 
 2964      8945B4
 2965 003b 85037753 		.ascii	"\205\003wS\272\316\302v\377v\244;\356\3136JK\261\355"
 2965      BACEC276 
 2965      FF76A43B 
 2965      EECB364A 
 2965      4BB1ED
 2966 004e 2644CA94 		.ascii	"&D\312\224\002@\000@\000E\000:l\354\206\013\034\212"
ARM GAS  C:\Users\PUBLIC~1.LAP\AppData\Local\Temp\ccOn9AnM.s 			page 74


 2966      02400040 
 2966      0045003A 
 2966      6CEC860B 
 2966      1C8A
 2967 0060 B76CFB2F 		.ascii	"\267l\373/_\241\342/\204\005\233\031Q\303\241\307n\230"
 2967      5FA1E22F 
 2967      84059B19 
 2967      51C3A1C7 
 2967      6E98
 2968 0072 794EE0BA 		.ascii	"yN\340\272U}\300uKK\374{~\376Y\274R!\242\006\330\262"
 2968      557DC075 
 2968      4B4BFC7B 
 2968      7EFE59BC 
 2968      5221A206 
 2969 0088 F2C420EC 		.ascii	"\362\304 \354\256\023l\371p\353m+\260\035b\377D@|\232"
 2969      AE136CF9 
 2969      70EB6D2B 
 2969      B01D62FF 
 2969      44407C9A 
 2970 009c 9854820E 		.ascii	"\230T\202\016/\251\003\247\011\221\332\364a\207+\251"
 2970      2FA903A7 
 2970      0991DAF4 
 2970      61872BA9 
 2971 00ac 24EC57AB 		.ascii	"$\354W\253.\266\246\243\246\261L_\207\371\325\351s\020"
 2971      2EB6A6A3 
 2971      A6B14C5F 
 2971      87F9D5E9 
 2971      7310
 2972 00be DCBC26C7 		.ascii	"\334\274&\307\256\207 ?v\207u#\205m\025\033\200]\340"
 2972      AE87203F 
 2972      76877523 
 2972      856D151B 
 2972      805DE0
 2973 00d1 46E43CCC 		.ascii	"F\344<\314g\316n\213,\272\366i\220>C\273\214->\006J"
 2973      67CE6E8B 
 2973      2CBAF669 
 2973      903E43BB 
 2973      8C2D3E06 
 2974 00e6 046D0B9F 		.ascii	"\004m\013\237\351|\3410H^\230Jb\312u\013\323\203 \354"
 2974      E97CE130 
 2974      485E984A 
 2974      62CA750B 
 2974      D38320EC 
 2975 00fa 0C779112 		.ascii	"\014w\221\022/\015`B\006\207o\340\262\275\313\234\304"
 2975      2F0D6042 
 2975      06876FE0 
 2975      B2BDCB9C 
 2975      C4
 2976 010b DD15F931 		.ascii	"\335\025\3711\0334\244\015\212[\376w\335\022`\303\003"
 2976      1B34A40D 
 2976      8A5BFE77 
 2976      DD1260C3 
 2976      03
 2977 011c 95010E8D 		.ascii	"\225\001\016\215\2246\007\244\322\366\351\230\234\322"
 2977      943607A4 
 2977      D2F6E998 
 2977      9CD2
ARM GAS  C:\Users\PUBLIC~1.LAP\AppData\Local\Temp\ccOn9AnM.s 			page 75


 2978 012a DA6784D3 		.ascii	"\332g\204\323<N\3134\223\227\235L\231W\222Q\230\320"
 2978      3C4ECB34 
 2978      93979D4C 
 2978      99579251 
 2978      98D0
 2979 013c 953A2EC2 		.ascii	"\225:.\302H\324\200\201\011\311v\032\241p'\035\006\021"
 2979      48D48081 
 2979      09C9761A 
 2979      A170271D 
 2979      0611
 2980 014e 1208347A 		.ascii	"\022\0104z \001\024\356\253U\027\365\240\024\345NF\305"
 2980      200114EE 
 2980      AB5517F5 
 2980      A014E54E 
 2980      46C5
 2981 0160 D4AE2092 		.ascii	"\324\256 \222\007\257\236\035\000\005\223\240L\350\023"
 2981      07AF9E1D 
 2981      000593A0 
 2981      4CE813
 2982 016f 03B747AF 		.ascii	"\003\267G\257\003e\200M\220@\206\006]\337\035BI\037"
 2982      0365804D 
 2982      90408606 
 2982      5DDF1D42 
 2982      491F
 2983 0181 AC8121CD 		.ascii	"\254\201!\315\360\005\030K0\254c\341PP\355\033UV0L\325"
 2983      F005184B 
 2983      30AC63E1 
 2983      5050ED1B 
 2983      5556304C 
 2984 0196 13A2C62E 		.ascii	"\023\242\306.L\233(\305V\302tM\344\306B\333!\314\377"
 2984      4C9B28C5 
 2984      56C2744D 
 2984      E4C642DB 
 2984      21CCFF
 2985 01a9 99DBD44E 		.ascii	"\231\333\324N2"
 2985      32
 2986              		.text
 2987              		.section	.gnu.lto___sch_reschedule_behind.2950.840ce39e,"e",%progbits
 2988 0000 28B52FFD 		.ascii	"(\265/\375`\375\003%\032\000vk\237L\240\022V:\243\341"
 2988      60FD0325 
 2988      1A00766B 
 2988      9F4CA012 
 2988      563AA3E1 
 2989 0014 74A78047 		.ascii	"t\247\200G8*\252_I\307]\323\240N\340\354\322\025\313"
 2989      382AAA5F 
 2989      49C75DD3 
 2989      A04EE0EC 
 2989      D215CB
 2990 0027 0A5785E6 		.ascii	"\012W\205\346C^EVy\311\352L\302\273\332\300\252\355"
 2990      435E4556 
 2990      79C9EA4C 
 2990      C2BBDAC0 
 2990      AAED
 2991 0039 7BFF6F7D 		.ascii	"{\377o}\367\327\320$\342XKse\354>\261\244\312h\001\341"
 2991      F7D7D024 
 2991      E2584B73 
 2991      65EC3EB1 
ARM GAS  C:\Users\PUBLIC~1.LAP\AppData\Local\Temp\ccOn9AnM.s 			page 76


 2991      A4CA6801 
 2992 004e CE97FA49 		.ascii	"\316\227\372I\312\336O\006\011\332;\311\207\000\201"
 2992      CADE4F06 
 2992      09DA3BC9 
 2992      870081
 2993 005d 008E00CA 		.ascii	"\000\216\000\312\260\234\227\013Z\365h\177j\247v\264"
 2993      B09C970B 
 2993      5AF5687F 
 2993      6AA776B4 
 2994 006d 4519D3FD 		.ascii	"E\031\323\375\033;\267\261\336|\226yEJ\020\224\010!"
 2994      1B3BB7B1 
 2994      DE7C9679 
 2994      454A1094 
 2994      0821
 2995 007f 621AD4A3 		.ascii	"b\032\324\243\377\323\241.\3255\226\247\250\243\332"
 2995      FFD3A12E 
 2995      D53596A7 
 2995      A8A3DA
 2996 008e 6342A565 		.ascii	"cB\245e\222\010\303P\245\004\222Q\217\262\\\305\274"
 2996      9208C350 
 2996      A5049251 
 2996      8FB25CC5 
 2996      BC
 2997 009f C69B9077 		.ascii	"\306\233\220w\342\271\371\010\310#\230-\214\234\227"
 2997      E2B9F908 
 2997      C823982D 
 2997      8C9C97
 2998 00ae 0A8EB64E 		.ascii	"\012\216\266N=z\373Jzt\366\001\351\321Fv\203\025\370"
 2998      3D7AFB4A 
 2998      7A74F601 
 2998      E9D14676 
 2998      8315F8
 2999 00c1 C1576554 		.ascii	"\301WeTb9g\034V:\362\027\331\277\324i\255P\317/\312"
 2999      6239671C 
 2999      563AF217 
 2999      D9BFD469 
 2999      AD50CF2F 
 3000 00d6 849C73DF 		.ascii	"\204\234s\337Vh\350\215\337\335\011\272;\250{F!0Gw\\"
 3000      5668E88D 
 3000      DFDD09BA 
 3000      3BA87B46 
 3000      21304777 
 3001 00eb 9CF215C5 		.ascii	"\234\362\025\305^\262\276\363\304s\034]\2229\263o\373"
 3001      5EB2BEF3 
 3001      C4731C5D 
 3001      9239B36F 
 3001      FB
 3002 00fc CEE328F6 		.ascii	"\316\343(\366\227\216\266\316\361\276=\246G\037u\016"
 3002      978EB6CE 
 3002      F1BE3DA6 
 3002      471F750E 
 3003 010c 47EC1DEB 		.ascii	"G\354\035\353;\205\236\371\216u/C\\\314\242\373\263"
 3003      3B859EF9 
 3003      8E752F43 
 3003      5CCCA2FB 
 3003      B3
 3004 011d 8C93BAF1 		.ascii	"\214\223\272\361m\332\233o5\275\362}\003\330\270\232"
ARM GAS  C:\Users\PUBLIC~1.LAP\AppData\Local\Temp\ccOn9AnM.s 			page 77


 3004      6DDA9B6F 
 3004      35BDF27D 
 3004      03D8B89A 
 3005 012d 66184970 		.ascii	"f\030Ip\261\314%\312\236\344.\024\213\351\315_\371\333"
 3005      B1CC25CA 
 3005      9EE42E14 
 3005      8BE9CD5F 
 3005      F9DB
 3006 013f FDFED49B 		.ascii	"\375\376\324\233}\253\2565r\347\313~\025\036\252\022"
 3006      7DABAE35 
 3006      72E7CB7E 
 3006      151EAA12 
 3007 014f CB39D78E 		.ascii	"\3139\327\2162\251\326Y\266\312(S-L1\370\236I\265\332"
 3007      32A9D659 
 3007      B6CA2853 
 3007      2D4C31F8 
 3007      9E49B5DA 
 3008 0163 F2C3C074 		.ascii	"\362\303\300t\004\371\006\322\356\232#\331\251G\202"
 3008      04F906D2 
 3008      EE9A23D9 
 3008      A94782
 3009 0172 3C9C5CE2 		.ascii	"<\234\\\342I\217\252$\2338U85\177c\357\330/\365\013"
 3009      498FAA24 
 3009      9B385538 
 3009      357F63EF 
 3009      D82FF50B 
 3010 0186 2D8280C2 		.ascii	"-\202\200\302\266\210\236F\216\267\253\330l\020'\262"
 3010      B6889E46 
 3010      8EB7ABD8 
 3010      6C1027B2 
 3011 0196 A6248128 		.ascii	"\246$\201(\266\204h\230k\305\311\255\337\220v\011{\311"
 3011      B6846898 
 3011      6BC5C9AD 
 3011      DF907609 
 3011      7BC9
 3012 01a8 B25635F8 		.ascii	"\262V5\370\243a\002ZeO\025\277y\342\021\333l\337\203"
 3012      A361025A 
 3012      654F15BF 
 3012      79E211DB 
 3012      6CDF83
 3013 01bb AC07BCFE 		.ascii	"\254\007\274\376\343@~kzT\305./\254N\323rR\365+\025"
 3013      E3407E6B 
 3013      7A54C52E 
 3013      2FAC4ED3 
 3013      7252F52B 
 3014 01d0 8905C560 		.ascii	"\211\005\305`\342c\275o;w\254\337\231\327\001(zf\242"
 3014      E263BD6F 
 3014      3B77ACDF 
 3014      99D70128 
 3014      7A66A2
 3015 01e3 8BAF7C84 		.ascii	"\213\257|\204#\266q\336\203G\355\026\236\007q\305+\347"
 3015      23B671DE 
 3015      8347ED16 
 3015      9E0771C5 
 3015      2BE7
 3016 01f5 1C43E210 		.ascii	"\034C\342\020w\357\245h,\372\200\275\035\216w\243\003"
 3016      77EFA568 
ARM GAS  C:\Users\PUBLIC~1.LAP\AppData\Local\Temp\ccOn9AnM.s 			page 78


 3016      2CFA80BD 
 3016      1D8E77A3 
 3016      03
 3017 0206 DC057D0E 		.ascii	"\334\005}\016\206\037\372\204xh\024\342\326\335\330"
 3017      861FFA84 
 3017      786814E2 
 3017      D6DDD8
 3018 0215 F01ED4D8 		.ascii	"\360\036\324\330\360^lCc\020\367\356\345\246\267+\366"
 3018      F05E6C43 
 3018      6310F7EE 
 3018      E5A6B72B 
 3018      F6
 3019 0226 76B85D4E 		.ascii	"v\270]N\021g\314\301\025\205\270\015\031|6\276^\205"
 3019      1167CCC1 
 3019      1585B80D 
 3019      197C36BE 
 3019      5E85
 3020 0238 1998060C 		.ascii	"\031\230\006\014\2068<\343\314\332\323\361\001ijr\271"
 3020      86383CE3 
 3020      CCDAD3F1 
 3020      01696A72 
 3020      B9
 3021 0249 19081672 		.ascii	"\031\010\026rK\366\263\214\223ZFI\027\213\331&\"\255"
 3021      4BF6B38C 
 3021      935A4649 
 3021      178BD926 
 3021      22AD
 3022 025b DC14ABB8 		.ascii	"\334\024\253\270\273\203\207\333\017\316\010r\221\024"
 3022      BB8387DB 
 3022      0FCE0872 
 3022      9114
 3023 0269 5F69BB17 		.ascii	"_i\273\027w\177\240\271oS\254;\362\301\271\357\314:"
 3023      777FA0B9 
 3023      6F53AC3B 
 3023      F2C1B9EF 
 3023      CC3A
 3024 027b 2239693C 		.ascii	"\"9i<\263\214//\242\232\204\226\302\350\031V\250A,\310"
 3024      B38C2F2F 
 3024      A29A8496 
 3024      C2E81956 
 3024      A8412CC8 
 3025 028f 9432C619 		.ascii	"\2242\306\031\013DF\012\322b\016`\002!S\265\036\022"
 3025      0B44460A 
 3025      D2620E60 
 3025      022153B5 
 3025      1E12
 3026 02a1 20A5510F 		.ascii	" \245Q\017\315P0\2675\353\237\001U\327\250\205]\242"
 3026      CD5030B7 
 3026      35EB9F01 
 3026      55D7A885 
 3026      5DA2
 3027 02b3 5747CF82 		.ascii	"WG\317\202\302\367\307\037\204\010M\026L\250\224\341"
 3027      C2F7C71F 
 3027      84084D16 
 3027      4CA894E1 
 3028 02c3 BBC0DBA9 		.ascii	"\273\300\333\251\214\264H\027\211\256\244w1$\021\246"
 3028      8CB44817 
ARM GAS  C:\Users\PUBLIC~1.LAP\AppData\Local\Temp\ccOn9AnM.s 			page 79


 3028      89AEA477 
 3028      312411A6 
 3029 02d3 2B37963D 		.ascii	"+7\226=\356un6\200!\036\200\304K\354\222\321\204b@c"
 3029      EE756E36 
 3029      80211E80 
 3029      C44BEC92 
 3029      D1846240 
 3030 02e8 52F6F4DC 		.ascii	"R\366\364\334\250\316\364]U\256\251l\336\351\020\335"
 3030      A8CEF45D 
 3030      55AEA96C 
 3030      DEE910DD 
 3031 02f8 6E5637B1 		.ascii	"nV7\261S;\250\013\270\225\244G\027\034%\014\323\250"
 3031      533BA80B 
 3031      B895A447 
 3031      171C250C 
 3031      D3A8
 3032 030a 80DE92C7 		.ascii	"\200\336\222\307TR\317\241f\0360.p\366\222HL\352fL\017"
 3032      5452CFA1 
 3032      661E302E 
 3032      70F69248 
 3032      4CEA664C 
 3033 031f F6E50EC7 		.ascii	"\366\345\016\307R\210\212f\275\020\004\3552\003\311"
 3033      52888A66 
 3033      BD1004ED 
 3033      3203C9
 3034 032e 184E8080 		.ascii	"\030N\200\200dr]p\235\357\371/\324\377\341\361\177\015"
 3034      64725D70 
 3034      9DEFF92F 
 3034      D4FFE1F1 
 3034      7F0D
 3035 0340 065A018B 		.ascii	"\006Z\001\213\"\331\2378\2151-\306\357\017"
 3035      22D99F38 
 3035      8D312DC6 
 3035      EF0F
 3036              		.text
 3037              		.section	.gnu.lto___sch_reschedule_ahead.2951.840ce39e,"e",%progbits
 3038 0000 28B52FFD 		.ascii	"(\265/\375`\375\003%\032\000v\253\237M\240\022V:\243"
 3038      60FD0325 
 3038      1A0076AB 
 3038      9F4DA012 
 3038      563AA3
 3039 0013 8B30C712 		.ascii	"\2130\307\022N\275\231@\272s\322\2761\240\254\334\033"
 3039      4EBD9940 
 3039      BA73D2BE 
 3039      31A0ACDC 
 3039      1B
 3040 0024 1335F7F1 		.ascii	"\0235\367\361\000\002\365\232\373\221<\303\015\321\217"
 3040      0002F59A 
 3040      FB913CC3 
 3040      0DD18F
 3041 0033 8477B581 		.ascii	"\204w\265\201U\333\367\376\337\372\356\257\241I\304"
 3041      55DBF7FE 
 3041      DFFAEEAF 
 3041      A149C4
 3042 0042 B16C0911 		.ascii	"\261l\011\021/\223\264].\362\322\002U\364m\033\037\200"
 3042      2F93B45D 
 3042      2EF2D202 
ARM GAS  C:\Users\PUBLIC~1.LAP\AppData\Local\Temp\ccOn9AnM.s 			page 80


 3042      55F46D1B 
 3042      1F80
 3043 0054 8B5412B4 		.ascii	"\213T\022\264w\222\001\207\000\201\000\216\000J\260"
 3043      77920187 
 3043      0081008E 
 3043      004AB0
 3044 0063 9C970B5A 		.ascii	"\234\227\013Z\365h\377\251\207v\024FI\323\375\036=\347"
 3044      F568FFA9 
 3044      87761446 
 3044      49D3FD1E 
 3044      3DE7
 3045 0075 B1DA8096 		.ascii	"\261\332\200\226\331\005\013\222i\004\221\260\015\352"
 3045      D9050B92 
 3045      690491B0 
 3045      0DEA
 3046 0083 D17FC799 		.ascii	"\321\177\307\231\356\324\264\027d\223Q\3759\321\322"
 3046      EED4B417 
 3046      649351FD 
 3046      39D1D2
 3047 0092 32A7C032 		.ascii	"2\247\3002\020)\251.\250G_\216h\236\343:\216_\362\261"
 3047      1029A92E 
 3047      A8475F8E 
 3047      689EE33A 
 3047      8E5FF2B1 
 3048 00a6 0105C824 		.ascii	"\001\005\310$\230U3r^&8\3329\365\250\355.\351Q\331\005"
 3048      98553372 
 3048      5E2638DA 
 3048      39F5A8ED 
 3048      2EE951D9 
 3049 00bb A447FBD8 		.ascii	"\244G\373\330\375E \010[-\201\012\3139\3370\322\217"
 3049      FD452008 
 3049      5B2D810A 
 3049      CB39DF30 
 3049      D28F
 3050 00cd BFC7FE9D 		.ascii	"\277\307\376\235>k\205~~W$\344\234\373\266BCo\374\356"
 3050      3E6B857E 
 3050      7E5724E4 
 3050      9CFBB642 
 3050      436FFCEE 
 3051 00e1 46D0DDC8 		.ascii	"F\320\335\310n\331\2043G\253.f\361jb\357X\337\311\342"
 3051      6ED98433 
 3051      47AB2E66 
 3051      F16A62EF 
 3051      58DFC9E2 
 3052 00f5 53C69864 		.ascii	"S\306\230d\316\354\333\276\217;\211\375\244\243\315"
 3052      CEECDBBE 
 3052      8F3B89FD 
 3052      A4A3CD
 3053 0104 63BC6F8D 		.ascii	"c\274o\215\351\3217\275C\021{\305\372N\025\317|\305"
 3053      E9D137BD 
 3053      43117BC5 
 3053      FA4E15CF 
 3053      7CC5
 3054 0116 BA97222E 		.ascii	"\272\227\".~\321}Y\306G\335\370\366\354\315\267\232"
 3054      7ED17D59 
 3054      C647DDF8 
 3054      F6ECCDB7 
ARM GAS  C:\Users\PUBLIC~1.LAP\AppData\Local\Temp\ccOn9AnM.s 			page 81


 3054      9A
 3055 0127 5EF9BE00 		.ascii	"^\371\276\000jQ\244\330HR\020c\231MT\241\222\271P+\245"
 3055      6A51A4D8 
 3055      48521063 
 3055      994D54A1 
 3055      92B9502B 
 3056 013c 377FE56F 		.ascii	"7\177\345o\367\373Oo\366\245\232\326\307\236/\373Qx"
 3056      F7FB4F6F 
 3056      F6A59AD6 
 3056      C79E2FFB 
 3056      5178
 3057 014e A84958CE 		.ascii	"\250IX\316\231v\224\011\265\312\262T^y\202Q\242\301"
 3057      99769409 
 3057      B5CAB254 
 3057      5E798251 
 3057      A2C1
 3058 0160 F74CA8B5 		.ascii	"\367L\250\265\226\017\366E\025\371\005\322\356\233+"
 3058      960FF645 
 3058      15F905D2 
 3058      EE9B2B
 3059 016f D1A94980 		.ascii	"\321\251I\200;\234L\362I\217\266$\2418o,5oc\257\330"
 3059      3B9C4CF2 
 3059      498FB624 
 3059      A1386F2C 
 3059      356F63AF 
 3060 0184 EF740B30 		.ascii	"\357t\0130\260J\200i\241x\"1^.b\263C\334\310\312\222"
 3060      B04A8069 
 3060      A1782231 
 3060      5E2E62B3 
 3060      43DCC8CA 
 3061 0199 FCA5D012 		.ascii	"\374\245\320\022\232\341\"+Nj\371\266Z'\354\035\303"
 3061      9AE1222B 
 3061      4E6AF9B6 
 3061      5A27EC1D 
 3061      C3
 3062 01aa 5A55A06F 		.ascii	"ZU\240o\206\007dUy\252\370\315\017\213\330f\367~\265"
 3062      86076455 
 3062      79AAF8CD 
 3062      0F8BD866 
 3062      F77EB5
 3063 01bd 1AE8BA90 		.ascii	"\032\350\272\220\017\361\255\351Q\025\307\310\220\372"
 3063      0FF1ADE9 
 3063      5115C7C8 
 3063      90FA
 3064 01cb 2C6B4AD4 		.ascii	",kJ\324\217\264\"\014I\343I\220\365\276m\334\255|g>"
 3064      8FB4220C 
 3064      49E34990 
 3064      F5BE6DDC 
 3064      AD7C673E 
 3065 01df 47ABF1CC 		.ascii	"G\253\361\314-.\276\362\021\212\330\3269\020\037\265"
 3065      2D2EBEF2 
 3065      118AD8D6 
 3065      39101FB5 
 3066 01ef 3BF81F43 		.ascii	";\370\037C\227\256\234s\302\241\0207O\206X$\366~<\335"
 3066      97AE9C73 
 3066      C2A11037 
 3066      4F865824 
ARM GAS  C:\Users\PUBLIC~1.LAP\AppData\Local\Temp\ccOn9AnM.s 			page 82


 3066      F67E3CDD 
 3067 0203 6D97C3F3 		.ascii	"m\227\303\363\323\001{\016\204\027\366\202XX\014\342"
 3067      D3017B0E 
 3067      8417F682 
 3067      58580CE2 
 3068 0213 CEE5E0EC 		.ascii	"\316\345\340\354\036\334\340\354dj\302\"\020\267N&\207"
 3068      1EDCE0EC 
 3068      646AC222 
 3068      10B74E26 
 3068      87
 3069 0224 A723F274 		.ascii	"\247#\362t7\335\016\361V\334\271\021\2037\016\032z8"
 3069      37DD0EF1 
 3069      56DCB911 
 3069      83370E1A 
 3069      7A38
 3070 0236 3D1E859A 		.ascii	"=\036\205\232\231\006\014\204:\273b\315\312\343\351"
 3070      99060C84 
 3070      3ABB62CD 
 3070      CAE3E9
 3071 0245 FD6C6E70 		.ascii	"\375lnp\270\032\010\025pK\366\262\214\217\032\303\021"
 3071      B81A0815 
 3071      704BF6B2 
 3071      8C8F1AC3 
 3071      11
 3072 0256 2E16B33D 		.ascii	".\026\263=4r\271)Vq\267\207\017\266 \234\0178\267R|"
 3072      3472B929 
 3072      5671B787 
 3072      0FB6209C 
 3072      0F38B752 
 3073 026b 65ED5EDC 		.ascii	"e\355^\334\015\302\346\276Mq\256\010\010\347\276\363"
 3073      0DC2E6BE 
 3073      4D71AE08 
 3073      08E7BEF3 
 3074 027b CA68E474 		.ascii	"\312h\344tzf\245W\327Pe2#\302\361\014V\250A,\310\224"
 3074      7A66A557 
 3074      D7506532 
 3074      23C2F10C 
 3074      56A8412C 
 3075 0291 32C6190B 		.ascii	"2\306\031\013DF\012\322b\016`\002!S\265\036\022 \245"
 3075      44460AD2 
 3075      620E6002 
 3075      2153B51E 
 3075      1220A5
 3076 02a4 510FCD50 		.ascii	"Q\017\315P0\2675\353\237\001U\327\250\205]\242WG\317"
 3076      30B735EB 
 3076      9F0155D7 
 3076      A8855DA2 
 3076      5747CF
 3077 02b7 82C2F7C7 		.ascii	"\202\302\367\307\037\246\000\035\222\246b\206\356\002"
 3077      1FA6001D 
 3077      92A66286 
 3077      EE02
 3078 02c5 4BA732D2 		.ascii	"K\2472\322\"]$\272\222\336\305\220D\230\256\334X\366"
 3078      225D24BA 
 3078      92DEC590 
 3078      4498AEDC 
 3078      58F6
ARM GAS  C:\Users\PUBLIC~1.LAP\AppData\Local\Temp\ccOn9AnM.s 			page 83


 3079 02d7 B8D7B9D9 		.ascii	"\270\327\271\331\000\206x\000\022/\261KF\023\212\001"
 3079      00867800 
 3079      122FB14B 
 3079      46138A01 
 3080 02e7 8D49D9D3 		.ascii	"\215I\331\323s\243:\323wU\271\246\262y\247Ct\273Y\335"
 3080      73A33AD3 
 3080      7755B9A6 
 3080      B279A743 
 3080      74BB59DD 
 3081 02fb C44EEDA0 		.ascii	"\304N\355\240.\340V\222\036]p\2240L\243\002zK\036SI"
 3081      2EE05692 
 3081      1E5D7094 
 3081      304CA302 
 3081      7A4B1E53 
 3082 0310 3D879A79 		.ascii	"=\207\232y\300\270\300\331K\"1\251\2331=\330\227;\034"
 3082      C0B8C0D9 
 3082      4B2231A9 
 3082      9B313DD8 
 3082      973B1C
 3083 0323 4B212A9A 		.ascii	"K!*\232\365B\020\264\313\014$c8\001\002\222\311u\301"
 3083      F54210B4 
 3083      CB0C2463 
 3083      38010292 
 3083      C975C1
 3084 0336 75BEE7BF 		.ascii	"u\276\347\277P\377\207\307\3775\030h\005,\212d\177\342"
 3084      50FF87C7 
 3084      FF351868 
 3084      052C8A64 
 3084      7FE2
 3085 0348 34C6B418 		.ascii	"4\306\264\030\277?"
 3085      BF3F
 3086              		.text
 3087              		.section	.gnu.lto___sch_wakeup.2952.840ce39e,"e",%progbits
 3088 0000 28B52FFD 		.ascii	"(\265/\375`\343\010M,\000\372GH\020C`\234Nc\363Z\317"
 3088      60E3084D 
 3088      2C00FA47 
 3088      48104360 
 3088      9C4E63F3 
 3089 0016 FB9246E8 		.ascii	"\373\222F\350\035\325\310\\\365\355\345\270\253\315"
 3089      1DD5C85C 
 3089      F5EDE5B8 
 3089      ABCD
 3090 0024 0B7C1F5C 		.ascii	"\013|\037\\q\313\341x\250\262\225F\262\240\332\250\227"
 3090      71CBE178 
 3090      A8B29546 
 3090      B2A0DAA8 
 3090      97
 3091 0035 7591980C 		.ascii	"u\221\230\014\235\257\303B\306\001\223\365\342\206T"
 3091      9DAFC342 
 3091      C60193F5 
 3091      E28654
 3092 0044 04872377 		.ascii	"\004\207#wXx\244\364\251\321&[\246\024\350\000\356\000"
 3092      5878A4F4 
 3092      A9D1265B 
 3092      A614E800 
 3092      EE00
 3093 0056 F0007345 		.ascii	"\360\000sE;\366i\315\2431\205d\227+\201\331\231\037"
ARM GAS  C:\Users\PUBLIC~1.LAP\AppData\Local\Temp\ccOn9AnM.s 			page 84


 3093      3BF669CD 
 3093      A3318564 
 3093      972B81D9 
 3093      991F
 3094 0068 46E214C3 		.ascii	"F\342\024\3034\377\305\016`\033?3\361O\216\306\315\214"
 3094      34FFC50E 
 3094      601B3F33 
 3094      F14F8EC6 
 3094      CD8C
 3095 007a E0CCAC87 		.ascii	"\340\314\254\207\363^L\244+\353\322z\231\375t2\023\255"
 3095      F35E4CA4 
 3095      2BEBD27A 
 3095      99FD7432 
 3095      13AD
 3096 008c C172EFED 		.ascii	"\301r\357\355\362\344s\261a\007\370*\374\230\003\374"
 3096      F2E473B1 
 3096      6107F82A 
 3096      FC9803FC 
 3097 009c C029B2A5 		.ascii	"\300)\262\245P\305\250 =;\230\004\362\335K6\341\253"
 3097      50C5A820 
 3097      3D3B9804 
 3097      F2DD4B36 
 3097      E1AB
 3098 00ae 4914BFDA 		.ascii	"I\024\277\332?{EV\314ymD\024\277\376\324\025\335\332"
 3098      3F7B4556 
 3098      CC796D44 
 3098      14BFFED4 
 3098      15DDDA
 3099 00c1 C7F2B0E7 		.ascii	"\307\362\260\347\263\344\360\316\275be\304\334KF\301"
 3099      B3E4F0CE 
 3099      BD6265C4 
 3099      DC4B46C1 
 3100 00d1 44C5AF41 		.ascii	"D\305\257A\377\031~\025\276\300\360\253\237\266\036"
 3100      FF197E15 
 3100      BEC0F0AB 
 3100      9FB61E
 3101 00e0 021DAA9B 		.ascii	"\002\035\252\233\340T\234{\357Qm\362\347\213\304\341"
 3101      E0549C7B 
 3101      EF516DF2 
 3101      E78BC4E1 
 3102 00f0 2A54EDD3 		.ascii	"*T\355\323\217z\261\354\302/)\225T\016qko\270v\006R"
 3102      8F7AB1EC 
 3102      C22F2995 
 3102      540E716B 
 3102      6FB87606 
 3103 0105 EADCC4A1 		.ascii	"\352\334\304\241Ya}\035\373\217\026\236\0234+\"\027"
 3103      59617D1D 
 3103      FB8F169E 
 3103      13342B22 
 3103      17
 3104 0116 BEED4729 		.ascii	"\276\355G)\2254,\311U\326U\035TSRC\236;0#\000\254v\254"
 3104      95342CC9 
 3104      55D6551D 
 3104      54535243 
 3104      9E3B3023 
 3105 012e 966874EF 		.ascii	"\226ht\357\265\215Z]\335;\267\375\304\276\222MT\013"
 3105      B58D5A5D 
ARM GAS  C:\Users\PUBLIC~1.LAP\AppData\Local\Temp\ccOn9AnM.s 			page 85


 3105      DD3BB7FD 
 3105      C4BE924D 
 3105      540B
 3106 0140 37EA5C36 		.ascii	"7\352\\6z#8\335,\033h;\351t)\212\367^\014\276\231\031"
 3106      7A2338DD 
 3106      2C1B683B 
 3106      E974298A 
 3106      F75E0CBE 
 3107 0156 2A8A50A0 		.ascii	"*\212P\240\206_\257\032\363\244P+\270&Z\325\267\200"
 3107      865FAF1A 
 3107      F3A4502B 
 3107      B8265AD5 
 3107      B780
 3108 0168 AB8B099D 		.ascii	"\253\213\011\235\226\217\300\227\261\275\263\242He\307"
 3108      968FC097 
 3108      B1BDB3A2 
 3108      4865C7
 3109 0177 40F86AC1 		.ascii	"@\370j\301\3706\203(;\350\317}\007m\313T\356\337B\303"
 3109      F8368328 
 3109      3BE8CF7D 
 3109      076DCB54 
 3109      EEDF42C3 
 3110 018b D265E747 		.ascii	"\322e\347G%n+\315\031\300)\231\037\253\253OH\024?\272"
 3110      256E2BCD 
 3110      19C02999 
 3110      1FABAB4F 
 3110      48143FBA 
 3111 019f 23C7E2C2 		.ascii	"#\307\342\302\362\021\350g\274\232\336\264\301iQ\275"
 3111      F211E867 
 3111      BC9ADEB4 
 3111      C16951BD 
 3112 01af F41B9040 		.ascii	"\364\033\220@\355\034\177\354B\273\300\252\276k\347"
 3112      ED1C7FEC 
 3112      42BBC0AA 
 3112      BE6BE7
 3113 01be D8645256 		.ascii	"\330dRV]b_\035\034\034tcU\211\355c\335\343cm\274\330"
 3113      5D625F1D 
 3113      1C1C7463 
 3113      5589ED63 
 3113      DDE3636D 
 3114 01d4 5F24602D 		.ascii	"_$`-\034`\255\366X[\243\365\015\024\330\223\323\367"
 3114      1C60ADF6 
 3114      585BA3F5 
 3114      0D14D893 
 3114      D3F7
 3115 01e6 35E484EC 		.ascii	"5\344\204\354\002\031\254s\353V\267/\037\356s1.g\342"
 3115      0219AC73 
 3115      EB56B72F 
 3115      1FEE7331 
 3115      2E67E2
 3116 01f9 5E56F271 		.ascii	"^V\362q&\006\232\365\200q2&\236\225u-\247I\264\340b"
 3116      26069AF5 
 3116      80713226 
 3116      9E95752D 
 3116      A749B4E0 
 3117 020e BCB98D11 		.ascii	"\274\271\215\021\343\"\272\262.\2616\365K\326\2757\314"
 3117      E322BAB2 
ARM GAS  C:\Users\PUBLIC~1.LAP\AppData\Local\Temp\ccOn9AnM.s 			page 86


 3117      2EB136F5 
 3117      4BD6BD37 
 3117      CC
 3118 021f D79A27F3 		.ascii	"\327\232'\363\325\222\330\342</\230K,;\0206\376\245"
 3118      D592D8E2 
 3118      3C2F984B 
 3118      2C3B1036 
 3118      FEA5
 3119 0231 DDB269A9 		.ascii	"\335\262i\251\203\256\271W\025\337\325\356\300\214\014"
 3119      83AEB957 
 3119      15DFD5EE 
 3119      C08C0C
 3120 0240 7B541BF5 		.ascii	"{T\033\365\301\342=\332\007\375\207\241Q\355Q\017G\305"
 3120      C1E23DDA 
 3120      07FD87A1 
 3120      51ED510F 
 3120      47C5
 3121 0252 25B5E6A3 		.ascii	"%\265\346\243\013~\010\274\001\302\314\341W\243j\363"
 3121      0B7E08BC 
 3121      01C2CCE1 
 3121      57A36AF3 
 3122 0262 A44F8B5B 		.ascii	"\244O\213[\373\261\322\336\324~\254\036R-+~\252\372"
 3122      FBB1D2DE 
 3122      D47EAC1E 
 3122      522D2B7E 
 3122      AAFA
 3123 0274 B407411D 		.ascii	"\264\007A\035\342t\\\000\315Q\240\252@Z\364~\266\260"
 3123      E2745C00 
 3123      CD51A0AA 
 3123      405AF47E 
 3123      B6B0
 3124 0286 BAD55865 		.ascii	"\272\325Xe:b\350\003\342\030a\361|\245\341\327\037\257"
 3124      3A62E803 
 3124      E21861F1 
 3124      7CA5E1D7 
 3124      1FAF
 3125 0298 3F1BE96F 		.ascii	"?\033\351o\224\004\340\331\304\377N|\345\361\262\252"
 3125      9404E0D9 
 3125      C4FF4E7C 
 3125      E5F1B2AA 
 3126 02a8 00CB0636 		.ascii	"\000\313\0066U\363\217\035B\026\017>\241\272\304}so"
 3126      55F38F1D 
 3126      42160F3E 
 3126      A1BAC47D 
 3126      736F
 3127 02ba DF4123E2 		.ascii	"\337A#\342v\3656f\014\301\364\210\230\373\324M\261\350"
 3127      76F53666 
 3127      0CC1F488 
 3127      98FBD44D 
 3127      B1E8
 3128 02cc 38E09233 		.ascii	"8\340\2223m\373\227p\001\262\365\001`\333Bs\033E\331"
 3128      6DFB9770 
 3128      01B2F501 
 3128      60DB4273 
 3128      1B45D9
 3129 02df 3ABE032B 		.ascii	":\276\003+\262\246\232\317z*\034\317\201\206m\254\247"
 3129      B2A69ACF 
ARM GAS  C:\Users\PUBLIC~1.LAP\AppData\Local\Temp\ccOn9AnM.s 			page 87


 3129      7A2A1CCF 
 3129      81866DAC 
 3129      A7
 3130 02f0 C6C9110F 		.ascii	"\306\311\021\0174d\343\357\255Zx~\236\320\313\316\277"
 3130      3464E3EF 
 3130      AD5A787E 
 3130      9ED0CBCE 
 3130      BF
 3131 0301 B35E51B5 		.ascii	"\263^Q\265\215\336\035YS.\222\251\237\306z\252\231\334"
 3131      8DDE1D59 
 3131      532E92A9 
 3131      9FC67AAA 
 3131      99DC
 3132 0313 81865F5F 		.ascii	"\201\206__g[O\245\313\272\001^\006%\241\232\232\314"
 3132      675B4FA5 
 3132      CBBA015E 
 3132      0625A19A 
 3132      9ACC
 3133 0325 2493E865 		.ascii	"$\223\350e\320\322\322\311\204,Z)\204D\302p\341\\:\231"
 3133      D0D2D2C9 
 3133      842C5A29 
 3133      8444C270 
 3133      E15C3A99 
 3134 0339 218EC9A6 		.ascii	"!\216\311\246\346\3211)D\022\322\321\321\351F\262\204"
 3134      E6D13129 
 3134      4412D2D1 
 3134      D1E946B2 
 3134      84
 3135 034a 9542CCA4 		.ascii	"\225B\314\244\323Z)\224lj\"\225\310#\022\005\0145\220"
 3135      D35A2994 
 3135      6C6A2295 
 3135      C8231205 
 3135      0C3590
 3136 035d 5074383A 		.ascii	"Pt8:\235\232\232L\307\031M&\263\211\344`\245\220\023"
 3136      9D9A9A4C 
 3136      C7194D26 
 3136      B389E460 
 3136      A59013
 3137 0370 2AB9F424 		.ascii	"*\271\364$\0039cI\304\344d\231n\242\245\027\311\014"
 3137      03396349 
 3137      C4E46499 
 3137      6EA2A517 
 3137      C90C
 3138 0382 4A2F9242 		.ascii	"J/\222B>LN5T#\205\226\224H\247\022yD69\217NMGg\363\230"
 3138      3E4C4E35 
 3138      54238596 
 3138      9448A712 
 3138      79443639 
 3139 039d 6462F962 		.ascii	"db\371b\251<b\201\301B\005&f\322\211\005\224\362i)\303"
 3139      A93C6281 
 3139      C1420526 
 3139      66D28905 
 3139      94F26929 
 3140 03b2 85D2D010 		.ascii	"\205\322\320\020\013\015\036\206\310\240\027^#\250\012"
 3140      0B0D1E86 
 3140      C8A0175E 
 3140      23A80A
ARM GAS  C:\Users\PUBLIC~1.LAP\AppData\Local\Temp\ccOn9AnM.s 			page 88


 3141 03c1 15DE7B6F 		.ascii	"\025\336{o\361\313\231\231\227\262.m[\022l1\312\363"
 3141      F1CB9999 
 3141      97B22E6D 
 3141      5B126C31 
 3141      CAF3
 3142 03d3 EB0292B7 		.ascii	"\353\002\222\267\035y\2368\264\237Tl\325\023\214\307"
 3142      1D799E38 
 3142      B49F546C 
 3142      D5138CC7 
 3143 03e3 CBF23861 		.ascii	"\313\3628a\361\014\354\264\015\231\336Fj\021\265\273"
 3143      F10CECB4 
 3143      0D99DE46 
 3143      6A11B5BB 
 3144 03f3 2A44CB06 		.ascii	"*D\313\006h\205\252\375\274\362\014\263\217:hJ\275\266"
 3144      6885AAFD 
 3144      BCF20CB3 
 3144      8F3A684A 
 3144      BDB6
 3145 0405 D5D1C218 		.ascii	"\325\321\302\030\265\237Z\354\324s\313\003\274\347\230"
 3145      B59F5AEC 
 3145      D473CB03 
 3145      BCE798
 3146 0414 95EAD040 		.ascii	"\225\352\320@\250\336.\212\005\265\202\001\200\272\250"
 3146      A8DE2E8A 
 3146      05B58201 
 3146      80BAA8
 3147 0423 61380619 		.ascii	"a8\006\031bhJ$)(I\322\001\240\002\221\242\"z\022\300"
 3147      62684A24 
 3147      292849D2 
 3147      01A00291 
 3147      A2227A12 
 3148 0438 A44D891D 		.ascii	"\244M\211\035\223))IR\036\225\312\260\006\223\232\022"
 3148      93292949 
 3148      521E95CA 
 3148      B006939A 
 3148      12
 3149 0449 63DFA5C0 		.ascii	"c\337\245\300Z\034\345l\375\015\202\362\346\001\362"
 3149      5A1CE56C 
 3149      FD0D82F2 
 3149      E601F2
 3150 0458 278B5AD2 		.ascii	"'\213Z\322\235Ok\234%\340\256D\254\311\"M\360BY\264"
 3150      9D4F6B9C 
 3150      25E0AE44 
 3150      ACC9224D 
 3150      F04259B4 
 3151 046c 63D10F17 		.ascii	"c\321\017\027\225\274q\020\270}\343\336'\202#\304\252"
 3151      95BC7110 
 3151      B87DE3DE 
 3151      278223C4 
 3151      AA
 3152 047d A9C03FB9 		.ascii	"\251\300?\271\252\035C\204\272!CFH\024\231\203\371\206"
 3152      AA1D4384 
 3152      BA214346 
 3152      48149983 
 3152      F986
 3153 048f C66170F8 		.ascii	"\306ap\370yn\340\345*\310\301K\337'Q\366A\255\241\214"
 3153      796EE0E5 
ARM GAS  C:\Users\PUBLIC~1.LAP\AppData\Local\Temp\ccOn9AnM.s 			page 89


 3153      2AC8C14B 
 3153      DF2751F6 
 3153      41ADA18C 
 3154 04a3 DF10627B 		.ascii	"\337\020b{\010A\207F\023\0325\262\245\030n\343\264w"
 3154      08418746 
 3154      131A35B2 
 3154      A5186EE3 
 3154      B477
 3155 04b5 3F9E4B60 		.ascii	"?\236K`!;\013y\356\367\011_~\034:\\\310q\236\242@\340"
 3155      213B0B79 
 3155      EEF7095F 
 3155      7E1C3A5C 
 3155      C8719EA2 
 3156 04cb 7F29FD0F 		.ascii	"\177)\375\017\344\257_\300\322\311\037\264\260\342V"
 3156      E4AF5FC0 
 3156      D2C91FB4 
 3156      B0E256
 3157 04da CC4D93B0 		.ascii	"\314M\223\260^\265\234\371\250\376k\336P\177\034\364"
 3157      5EB59CF9 
 3157      A8FE6BDE 
 3157      507F1CF4 
 3158 04ea D62B14D8 		.ascii	"\326+\024\330\245dQ\267_\246;]\203\301\215\264v\260"
 3158      A56451B7 
 3158      5FA63B5D 
 3158      83C18DB4 
 3158      76B0
 3159 04fc F95BB01B 		.ascii	"\371[\260\033\327\256\027\314\020?\254Z\204\003F;\351"
 3159      D7AE17CC 
 3159      103FAC5A 
 3159      8403463B 
 3159      E9
 3160 050d 0E64A523 		.ascii	"\016d\245#\240I\371\371\361\224{%\023q\004\"c\005\332"
 3160      A049F9F9 
 3160      F1947B25 
 3160      13710422 
 3160      6305DA
 3161 0520 1E6E70C2 		.ascii	"\036np\302\007\235\241\334\211<\227!\000sF]\204x\341"
 3161      079DA1DC 
 3161      893C9721 
 3161      0073465D 
 3161      8478E1
 3162 0533 66045129 		.ascii	"f\004Q)\322\267\325.\274\037\376e\312\010\022\305xD"
 3162      D2B7D52E 
 3162      BC1FFE65 
 3162      CA0812C5 
 3162      7844
 3163 0545 0B338F25 		.ascii	"\0133\217%7j\304\270i\343\315Fwx\002@I\3262\240\010"
 3163      376AC4B8 
 3163      69E3CD46 
 3163      77780240 
 3163      49D632A0 
 3164 055a E902A791 		.ascii	"\351\002\247\221\032\200[-\304\375\306Z\327]:\213\335"
 3164      1A805B2D 
 3164      C4FDC65A 
 3164      D75D3A8B 
 3164      DD
 3165 056b 01C67330 		.ascii	"\001\306s0Gc\177\260\177\3402.\361\341\002\246\316\237"
ARM GAS  C:\Users\PUBLIC~1.LAP\AppData\Local\Temp\ccOn9AnM.s 			page 90


 3165      47637FB0 
 3165      7FE0322E 
 3165      F1E102A6 
 3165      CE9F
 3166 057d 12AD3FB7 		.ascii	"\022\255?\267$\003\027\363\273\245$R\317\217W\243\215"
 3166      240317F3 
 3166      BBA52452 
 3166      CF8F57A3 
 3166      8D
 3167 058e 6DEB2CE6 		.ascii	"m\353,\346\017"
 3167      0F
 3168              		.text
 3169              		.section	.gnu.lto_chSchReadyI.2953.840ce39e,"e",%progbits
 3170 0000 28B52FFD 		.ascii	"(\265/\375`J\000-\011\000\246\220@< \345*\035`E\210"
 3170      604A002D 
 3170      0900A690 
 3170      403C20E5 
 3170      2A1D6045 
 3171 0015 96512CC4 		.ascii	"\226Q,\304\010b(\304\221iCb\004v6\005L(4\220\3661\245"
 3171      086228C4 
 3171      91694362 
 3171      04763605 
 3171      4C283490 
 3172 002c 80584B74 		.ascii	"\200XKtS\032\030\334WPF\030!\025\243\365 \306\")Q\220"
 3172      531A18DC 
 3172      57504618 
 3172      2115A3F5 
 3172      20C62229 
 3173 0042 40614196 		.ascii	"@aA\226\354-S\012,\000/\000-\000\265\225\230\314\356"
 3173      EC2D530A 
 3173      2C002F00 
 3173      2D00B595 
 3173      98CCEE
 3174 0055 E879DED1 		.ascii	"\350y\336\321\274\233\347h\336I\220\213W\321\177\311"
 3174      BC9BE768 
 3174      DE49908B 
 3174      57D17FC9 
 3175 0065 672DE545 		.ascii	"g-\345E6{]7\017\273k\225\3158ny\333\007\266E\266o\001"
 3175      367B5D37 
 3175      0FBB6B95 
 3175      CD386E79 
 3175      DB07B645 
 3176 007c BF76082A 		.ascii	"\277v\010*oq\331\335\010\000`Y:\234\210m\227=`wBB\326"
 3176      6F71D9DD 
 3176      08006059 
 3176      3A9C886D 
 3176      973D6077 
 3177 0093 DB440BEC 		.ascii	"\333D\013\354\232\240\334v\307\004\203\002\336\331\366"
 3177      9AA0DC76 
 3177      C7048302 
 3177      DED9F6
 3178 00a2 474EE2B2 		.ascii	"GN\342\262(\322\330\234\004\237+iSz`\022\346\251*\355"
 3178      28D2D89C 
 3178      049F2B69 
 3178      537A6012 
 3178      E6A92AED 
 3179 00b6 56865E36 		.ascii	"V\206^6%\203GL\2569\0359\203\343b\012p0\271\325\031"
ARM GAS  C:\Users\PUBLIC~1.LAP\AppData\Local\Temp\ccOn9AnM.s 			page 91


 3179      2583474C 
 3179      AE391D39 
 3179      83E3620A 
 3179      7030B9D5 
 3180 00cb 7B7CA9FC 		.ascii	"{|\251\374\260?W\322l\253\347m\001\006\231J\247\006"
 3180      B03F57D2 
 3180      6CABE76D 
 3180      0106994A 
 3180      A706
 3181 00dd 52E9F421 		.ascii	"R\351\364!H\261\324\340\307\024\202\253\020\364@\325"
 3181      48B1D4E0 
 3181      C71482AB 
 3181      10F440D5 
 3182 00ed CA63A9BC 		.ascii	"\312c\251\274\325\2057!\201*\241B\210QhA!eqb\215Z!\006"
 3182      D5853721 
 3182      812AA142 
 3182      88516841 
 3182      21657162 
 3183 0105 AA8282F4 		.ascii	"\252\202\202\364}#\207\210o\334\014\000\005\223\240"
 3183      7D238788 
 3183      6FDC0C00 
 3183      0593A0
 3184 0114 4C68EA07 		.ascii	"Lh\352\007\016d\202\243\324\0051V\256w\015\357a\302"
 3184      0E6482A3 
 3184      D4053156 
 3184      AE770DEF 
 3184      61C2
 3185 0126 812AA8FF 		.ascii	"\201*\250\377\231\320\324\316'"
 3185      99D0D4CE 
 3185      27
 3186              		.text
 3187              		.section	.gnu.lto_chSchGoSleepS.2954.840ce39e,"e",%progbits
 3188 0000 28B52FFD 		.ascii	"(\265/\375`R\004}\033\000\226\255\246I\240\230Q:\020"
 3188      6052047D 
 3188      1B0096AD 
 3188      A649A098 
 3188      513A10
 3189 0013 38817259 		.ascii	"8\201rY6\036\362Zj7\2529R\034\012u4>\234\030e\357\011"
 3189      361EF25A 
 3189      6A37AA39 
 3189      521C0A75 
 3189      343E9C18 
 3190 002a D6E93F8E 		.ascii	"\326\351?\216\316\226\0237\325h\323f\177\243\022\227"
 3190      CE961337 
 3190      D568D366 
 3190      7FA31297 
 3191 003a 88328A23 		.ascii	"\2102\212#\207\024r<b\015\274fz\374\030o\216\013a\217"
 3191      8714723C 
 3191      620DBC66 
 3191      7AFC186F 
 3191      8E0B618F 
 3192 004e 204B0EC8 		.ascii	" K\016\310c7\331;\311\213\000\211\000\226\000\235\003"
 3192      6337D93B 
 3192      C98B0089 
 3192      0096009D 
 3192      03
 3193 005f 07C969C5 		.ascii	"\007\311i\305\226\226\207\361\367\314>\276\323\223\374"
ARM GAS  C:\Users\PUBLIC~1.LAP\AppData\Local\Temp\ccOn9AnM.s 			page 92


 3193      969687F1 
 3193      F7CC3EBE 
 3193      D393FC
 3194 006e 896F78A4 		.ascii	"\211ox\244N\336\017\305\032v\260\012\366`)\0044\013"
 3194      4EDE0FC5 
 3194      1A76B00A 
 3194      F6602904 
 3194      340B
 3195 0080 74CC100D 		.ascii	"t\314\020\015\343/O\031\331\217\034\211\357M\275\361"
 3195      E32F4F19 
 3195      D98F1C89 
 3195      EF4DBDF1 
 3196 0090 C48B1C16 		.ascii	"\304\213\034\026Kd\206\335\347\202_\3060\376\302\336"
 3196      4B6486DD 
 3196      E7825FC6 
 3196      30FEC2DE 
 3197 00a0 E3FA15BF 		.ascii	"\343\372\025\277\343\372e\346\021\312^\231\035<\360"
 3197      E3FA65E6 
 3197      11CA5E99 
 3197      1D3CF0
 3198 00af 9DC904DB 		.ascii	"\235\311\004\333n&')\335'\003\016\032\177\331\307\214"
 3198      6E262729 
 3198      DD27030E 
 3198      1A7FD9C7 
 3198      8C
 3199 00c0 F533437F 		.ascii	"\3653C\177\311\202\322\352\356\230\365q\337\253\217"
 3199      C982D2EA 
 3199      EE98F571 
 3199      DFAB8F
 3200 00cf FFA7BF7E 		.ascii	"\377\247\277~I'^\001P\350n\256\277$\030g{fN\300\314"
 3200      49275E01 
 3200      50E86EAE 
 3200      BF241867 
 3200      7B664EC0 
 3201 00e4 339845A4 		.ascii	"3\230E\244l\370RW\036\205W\000\330m\376\307\177r(8~"
 3201      6CF85257 
 3201      1E855700 
 3201      D86DFEC7 
 3201      7F722838 
 3202 00f9 905FCEF1 		.ascii	"\220_\316\361\352\177<\327\357\317oP2\353\026_\312J"
 3202      EA7F3CD7 
 3202      EFCF6F50 
 3202      32EB165F 
 3202      CA4A
 3203 010b DA758BF9 		.ascii	"\332u\213\371DQm\017\346\213my0\213\225_G\317\343\231"
 3203      44516D0F 
 3203      E68B6D79 
 3203      308B955F 
 3203      47CFE399 
 3204 011f FEFBE059 		.ascii	"\376\373\340Y\014\320S\305H\216(\012~\234\355\242\315"
 3204      0CD053C5 
 3204      488E280A 
 3204      7E9CEDA2 
 3204      CD
 3205 0130 9AB6BA54 		.ascii	"\232\266\272T\204\034\375\203\34739\312w\3027\354\333"
 3205      841CFD83 
 3205      E73339CA 
ARM GAS  C:\Users\PUBLIC~1.LAP\AppData\Local\Temp\ccOn9AnM.s 			page 93


 3205      77C237EC 
 3205      DB
 3206 0141 5D09BF89 		.ascii	"]\011\277\211\225\021u\363+\214\222}\311\202\362\021"
 3206      951175F3 
 3206      2B8C927D 
 3206      C982F211 
 3207 0151 2213EB85 		.ascii	"\"\023\353\205Q\245N\177\210\005\245i\030c\374\3453"
 3207      51A54E7F 
 3207      8805A569 
 3207      1863FCE5 
 3207      33
 3208 0162 D9DDFCFA 		.ascii	"\331\335\374\3724\311\230\017\265\373\222\022\226\342"
 3208      34C9980F 
 3208      B5FB9212 
 3208      96E2
 3209 0170 0C69185E 		.ascii	"\014i\030^\005\203Cy\350^J\034\240\321\214\252\244\227"
 3209      05834379 
 3209      E85E4A1C 
 3209      A0D18CAA 
 3209      A497
 3210 0182 ED525AA0 		.ascii	"\355RZ\240U\335\362;cV6\\\312\321F\362\313\022\240j"
 3210      55DDF23B 
 3210      6356365C 
 3210      CAD146F2 
 3210      CB12A06A 
 3211 0196 938EF6E8 		.ascii	"\223\216\366\350qJ&\312\263k)\017\\Q\275\212,]\277\243"
 3211      714A26CA 
 3211      B36B290F 
 3211      5C51BD8A 
 3211      2C5DBFA3 
 3212 01aa 2DB0E4E4 		.ascii	"-\260\344\344/*5i7\371}\324\320BJ\203\006KY\377c\240"
 3212      2F2A3569 
 3212      37F97DD4 
 3212      D0424A83 
 3212      064B59FF 
 3213 01c0 5F212F7C 		.ascii	"_!/|\220\2229e#\275\2269\304\255\230x\225\0225\013\354"
 3213      90923965 
 3213      23BD9639 
 3213      C4AD9878 
 3213      9512350B 
 3214 01d5 EE07E9B9 		.ascii	"\356\007\351\271~s\226n\354h\245;gR\004f\006HmI;\213"
 3214      7E73966E 
 3214      EC68A53B 
 3214      67520466 
 3214      06486D49 
 3215 01eb 681FFC04 		.ascii	"h\037\374\004%\223E\234Jod\036\361)G=W\335\015\341W"
 3215      2593459C 
 3215      4A6F641E 
 3215      F129473D 
 3215      57DD0DE1 
 3216 0200 8A6871C4 		.ascii	"\212hq\304\004\315\0327\334\3152\355'\247\313\325\214"
 3216      04CD1A37 
 3216      DCCD32ED 
 3216      27A7CBD5 
 3216      8C
 3217 0211 68B31859 		.ascii	"h\263\030Y\2643\232\331j\017n\277\325\216\354Mg\263"
 3217      B4339AD9 
ARM GAS  C:\Users\PUBLIC~1.LAP\AppData\Local\Temp\ccOn9AnM.s 			page 94


 3217      6A0F6EBF 
 3217      D58EEC4D 
 3217      67B3
 3218 0223 1C544444 		.ascii	"\034TDDF\030\"\"\177tH\335\220.W\222\266\221g?E\264"
 3218      46182222 
 3218      7F7448DD 
 3218      902E5792 
 3218      B691673F 
 3219 0239 598E368B 		.ascii	"Y\2166\213\315H\344b:\022\261\334QL\003\206\032Q\215"
 3219      CD48E462 
 3219      3A12B1DC 
 3219      514C0386 
 3219      1A518D
 3220 024c 56410882 		.ascii	"VA\010\202\203\006\267\021\244N\210G\333\325\214@\014"
 3220      8306B711 
 3220      A44E8847 
 3220      DBD58C40 
 3220      0C
 3221 025d 01010949 		.ascii	"\001\001\011I\260\000t\232\027\333\362`\016S\254Lk2"
 3221      B000749A 
 3221      17DBF260 
 3221      0E53AC4C 
 3221      6B32
 3222 026f 6E874E15 		.ascii	"n\207N\025\355h\231?\200\200\251\260\315\010\246\222"
 3222      ED68993F 
 3222      8080A9B0 
 3222      CD08A692 
 3223 027f F476D4A9 		.ascii	"\364v\324\251\"D\312\2209\032\307\274h\350H\373\006"
 3223      2244CA90 
 3223      391AC7BC 
 3223      68E848FB 
 3223      06
 3224 0290 5C57B61C 		.ascii	"\\W\266\034`\326\024\216&\3640S\370?\375\002\020\244"
 3224      60D6148E 
 3224      26F43053 
 3224      F83FFD02 
 3224      10A4
 3225 02a2 16C32A19 		.ascii	"\026\303*\031\001`\250a4f\0211\210M\211\202$\245\205"
 3225      0160A861 
 3225      34661131 
 3225      884D8982 
 3225      24A585
 3226 02b5 74800299 		.ascii	"t\200\002\231\251\263:\022`vI\316\024Q\220\265\263\177"
 3226      A9B33A12 
 3226      607649CE 
 3226      145190B5 
 3226      B37F
 3227 02c7 06BC3174 		.ascii	"\006\2741t\000t\315\250c\014\005I}\220\245\206\301]"
 3227      0074CDA8 
 3227      630C0549 
 3227      7D90A586 
 3227      C15D
 3228 02d9 EF9F98B6 		.ascii	"\357\237\230\266@66\341\372+y\262\200\342\017\344\000"
 3228      403636E1 
 3228      FA2B79B2 
 3228      80E20FE4 
 3228      00
ARM GAS  C:\Users\PUBLIC~1.LAP\AppData\Local\Temp\ccOn9AnM.s 			page 95


 3229 02ea C1FC9A20 		.ascii	"\301\374\232 \345\343\244\261\210.\234\355`\002TL\304"
 3229      E5E3A4B1 
 3229      882E9CED 
 3229      6002544C 
 3229      C4
 3230 02fb 610BA31C 		.ascii	"a\013\243\034\321\001\002\006\367|\311:q\352<5e2\352"
 3230      D1010206 
 3230      F77CC93A 
 3230      71EA3C35 
 3230      6532EA
 3231 030e 0A75982A 		.ascii	"\012u\230*\253\345d\245.\026\213g?\243\256\267\016\230"
 3231      ABE564A5 
 3231      2E168B67 
 3231      3FA3AEB7 
 3231      0E98
 3232 0320 D1DF665A 		.ascii	"\321\337fZWGM+\277\032\347\326q\211\303\260\276\213"
 3232      57474D2B 
 3232      BF1AE7D6 
 3232      7189C3B0 
 3232      BE8B
 3233 0332 B98F0110 		.ascii	"\271\217\001\020\241\036\272\306G\012\000\004(\367Q"
 3233      A11EBAC6 
 3233      470A0004 
 3233      28F751
 3234 0341 C8566A67 		.ascii	"\310Vjgl\217U\345FG\313\362\177S\377T\002\020V\205&"
 3234      6C8F55E5 
 3234      4647CBF2 
 3234      7F53FF54 
 3234      02105685 
 3235 0356 FF8CFE41 		.ascii	"\377\214\376Aw'Z\344\260*J>\371\233\271\323\247nFv4"
 3235      77275AE4 
 3235      B02A4A3E 
 3235      F99BB9D3 
 3235      A76E4676 
 3236 036b 50F9D744 		.ascii	"P\371\327DQ\334p\330U\342\351Bc\250"
 3236      51DC70D8 
 3236      55E2E942 
 3236      63A8
 3237              		.text
 3238              		.section	.gnu.lto_chSchGoSleepTimeoutS.2955.840ce39e,"e",%progbits
 3239 0000 28B52FFD 		.ascii	"(\265/\375`\312\003u\033\000\006p\256H\220\232Q:\000"
 3239      60CA0375 
 3239      1B000670 
 3239      AE48909A 
 3239      513A00
 3240 0013 A11240D7 		.ascii	"\241\022@\327\027J\177n\341\325\204u+@F\332f\261Su\026"
 3240      174A7F6E 
 3240      E1D58475 
 3240      2B4046DA 
 3240      66B15375 
 3241 0028 04EC37F0 		.ascii	"\004\3547\360\350L\216i\303Z\204\026M\0269\244\275\342"
 3241      E84C8E69 
 3241      C35A8416 
 3241      4D1639A4 
 3241      BDE2
 3242 003a 23960964 		.ascii	"#\226\011d\223\026\023m[\243\356G\214W\225\245\260\372"
 3242      9316136D 
ARM GAS  C:\Users\PUBLIC~1.LAP\AppData\Local\Temp\ccOn9AnM.s 			page 96


 3242      5BA3EE47 
 3242      8C5795A5 
 3242      B0FA
 3243 004c A924C22D 		.ascii	"\251$\302-\220F\366\336;\311\225\000\220\000\234\000"
 3243      9046F6DE 
 3243      3BC99500 
 3243      90009C00 
 3244 005c 515A59CA 		.ascii	"QZY\312\272O\005\277\014\302V\225\253\364\\M\014\240"
 3244      BA4F05BF 
 3244      0CC25695 
 3244      ABF45C4D 
 3244      0CA0
 3245 006e 9B0BCE50 		.ascii	"\233\013\316P\371k\223\312Q\312\034\344\300\351JXp\355"
 3245      F96B93CA 
 3245      51CA1CE4 
 3245      C0E94A58 
 3245      70ED
 3246 0080 4632C54A 		.ascii	"F2\305J\367\271\200\033\224\277\314\314?r$N\014\264"
 3246      F7B9801B 
 3246      94BFCCCC 
 3246      3F72244E 
 3246      0CB4
 3247 0092 67072E35 		.ascii	"g\007.5b\276\326t7\356v\036\362\327~\000\371[\177\034"
 3247      62BED674 
 3247      37EE761E 
 3247      F2D77E00 
 3247      F95B7F1C 
 3248 00a6 F819796D 		.ascii	"\370\031ym\245@\276%v\251\"\034>}F\012\2077~\253n\255"
 3248      A540BE25 
 3248      76A9221C 
 3248      3E7D460A 
 3248      87377EAB 
 3249 00bc 0F182E46 		.ascii	"\017\030.FjC\027\026A\216\253(/B\321jy\274`\235\251"
 3249      6A431716 
 3249      418EAB28 
 3249      2F42D16A 
 3249      79BC609D 
 3250 00d1 0D5FD804 		.ascii	"\015_\330\004VZj\274\353\024\306\260\005\245\263\011"
 3250      565A6ABC 
 3250      EB14C6B0 
 3250      05A5B309 
 3251 00e1 DDCD5438 		.ascii	"\335\315T8\244:\227gf'f\246\301\\\267\002|\343\220/"
 3251      A43A9767 
 3251      662766A6 
 3251      C15CB702 
 3251      7CE3902F 
 3252 00f5 4DDB309F 		.ascii	"M\3330\237-h\355\301|\333\335\315\025\213\231)\353\224"
 3252      2D68EDC1 
 3252      7CDBDDCD 
 3252      158B9929 
 3252      EB94
 3253 0107 946957F2 		.ascii	"\224iW\362\223\347\372\357\211g[\273\0203^2\210\216"
 3253      93E7FAEF 
 3253      89675BBB 
 3253      10335E32 
 3253      888E
 3254 0119 DD338E6F 		.ascii	"\3353\216o\232\354\216\011\371\327O<e>\277\311\305\230"
ARM GAS  C:\Users\PUBLIC~1.LAP\AppData\Local\Temp\ccOn9AnM.s 			page 97


 3254      9AEC8E09 
 3254      F9D74F3C 
 3254      653EBFC9 
 3254      C598
 3255 012b 73F87730 		.ascii	"s\370w0>\224Z\225&\3477\354\211\212\033\324\231\353"
 3255      3E945A95 
 3255      26E737EC 
 3255      898A1BD4 
 3255      99EB
 3256 013d 71939BD1 		.ascii	"q\223\233\321\207\375\376D\205=\333\352\200T\214(\252"
 3256      87FDFE44 
 3256      853DDBEA 
 3256      80548C28 
 3256      AA
 3257 014e 35BF4C22 		.ascii	"5\277L\"H\216\177\362\213\266\255\234\223{9\375\313"
 3257      488E7FF2 
 3257      8BB6AD9C 
 3257      937B39FD 
 3257      CB
 3258 015f 573E4D6D 		.ascii	"W>Mm\320\332R\326=%\242\374\375Y\200\337\344\307\234"
 3258      D0DA52D6 
 3258      3D25A2FC 
 3258      FD5980DF 
 3258      E4C79C
 3259 0172 F3FB7771 		.ascii	"\363\373wq\216\355*\307Ld*\237\246v\002\307\240EF\252"
 3259      8EED2AC7 
 3259      4C642A9F 
 3259      A67602C7 
 3259      A04546AA 
 3260 0186 2CC81A6E 		.ascii	",\310\032n\334\3403F\2149\2748D \253\033J\350\227V}"
 3260      DCE03346 
 3260      8C39BC38 
 3260      4420AB1B 
 3260      4AE89756 
 3261 019b C68888FD 		.ascii	"\306\210\210\3756\306t|\201\362\333\240\302!\303\007"
 3261      36C6747C 
 3261      81F2DBA0 
 3261      C221C307 
 3262 01ab 9A00631E 		.ascii	"\232\000c\036\366[p\254\207\222\225\331\303\007(+6j"
 3262      F65B70AC 
 3262      879295D9 
 3262      C307282B 
 3262      366A
 3263 01bd EBC1428C 		.ascii	"\353\301B\214(\273\203\027\336z\260\027I\224B\346\022"
 3263      28BB8317 
 3263      DE7AB017 
 3263      499442E6 
 3263      12
 3264 01ce 45F442BE 		.ascii	"E\364B\276E\325\346\036\342\213\247\031\227\320+j\274"
 3264      45D5E61E 
 3264      E28BA719 
 3264      97D02B6A 
 3264      BC
 3265 01df 5CD5DA83 		.ascii	"\\\325\332\203w\216\307\343\361M\344\255\006\274\312"
 3265      778EC7E3 
 3265      F14DE4AD 
 3265      06BCCA
ARM GAS  C:\Users\PUBLIC~1.LAP\AppData\Local\Temp\ccOn9AnM.s 			page 98


 3266 01ee 4051367C 		.ascii	"@Q6|c\022\002F#\266\236\370\010;\202\254{\025\246\222"
 3266      63120246 
 3266      23B69EF8 
 3266      083B82AC 
 3266      7B15A692 
 3267 0202 79772A26 		.ascii	"yw*&x\262\272[H\312\247\364\370@~\371\004\022\275\020"
 3267      78B2BA5B 
 3267      48CAA7F4 
 3267      F8407EF9 
 3267      0412BD10 
 3268 0216 A9D6C810 		.ascii	"\251\326\310\020\2034N\314\3731\227x:\334\356\350\207"
 3268      83344ECC 
 3268      FB319778 
 3268      3ADCEEE8 
 3268      87
 3269 0227 4297A217 		.ascii	"B\227\242\027\244d.Us\211*\231\324\374%\355\220z\346"
 3269      A4642E55 
 3269      73892A99 
 3269      D4FC25ED 
 3269      907AE6
 3270 023a 8C1B1C19 		.ascii	"\214\033\034\031\355\036\024\031\355~\004\354\314\""
 3270      ED1E1419 
 3270      ED7E04EC 
 3270      CC22
 3271 0248 D3C7B44B 		.ascii	"\323\307\264KQ\262\356\347\210\247\363\361t8\335\012"
 3271      51B2EEE7 
 3271      88A7F3F1 
 3271      7438DD0A 
 3272 0258 1FCE5C81 		.ascii	"\037\316\\\201\363%\341<\014\365\214z\274\012DBA\014"
 3272      F325E13C 
 3272      0CF58C7A 
 3272      BC0A4442 
 3272      410C
 3273 026a 94907626 		.ascii	"\224\220v&Q\023\357\327CQ\242\010\010\210\010\202\005"
 3273      5113EFD7 
 3273      4351A208 
 3273      08880882 
 3273      05
 3274 027b A03378DB 		.ascii	"\2403x\333\025K\247\336\2025\310\314\300%'\003\356\214"
 3274      154BA7DE 
 3274      8235C8CC 
 3274      C0252703 
 3274      EE8C
 3275 028d 01327917 		.ascii	"\0012y\027`W\311e\211B-\013\010\023\371\253Sw\320\314"
 3275      6057C965 
 3275      89422D0B 
 3275      0813F9AB 
 3275      5377D0CC 
 3276 02a1 DE759A71 		.ascii	"\336u\232q\313\267\204Vd\244\317v\363\220P\346\204\306"
 3276      CBB78456 
 3276      64A4CF76 
 3276      F39050E6 
 3276      84C6
 3277 02b3 B907E885 		.ascii	"\271\007\350\205\014\325\210\345E\214a\274l\022I\253"
 3277      0CD588E5 
 3277      458C61BC 
 3277      6C1249AB 
ARM GAS  C:\Users\PUBLIC~1.LAP\AppData\Local\Temp\ccOn9AnM.s 			page 99


 3278 02c3 467F314D 		.ascii	"F\1771M\250\201$\205\014s\012\325\004\022\210\020IA"
 3278      A8812485 
 3278      0C730AD5 
 3278      04128810 
 3278      4941
 3279 02d5 B50150A2 		.ascii	"\265\001P\242Q\314\354\006\022\200v*\223ti\353\377\033"
 3279      51CCEC06 
 3279      1280762A 
 3279      937469EB 
 3279      FF1B
 3280 02e7 11DF692D 		.ascii	"\021\337i-^\322/\231*y\333\003\321N\262.\335(\301\357"
 3280      5ED22F99 
 3280      2A79DB03 
 3280      D14EB22E 
 3280      DD28C1EF 
 3281 02fb DF5733FE 		.ascii	"\337W3\3769U\276\305^\025z\205g\326\342'\235f\333]\254"
 3281      3955BEC5 
 3281      5E157A85 
 3281      67D6E227 
 3281      9D66DB5D 
 3282 0310 34BD958F 		.ascii	"4\275\225\217]5i\002\256[p\210`\016\205\025;s\000;\210"
 3282      5D356902 
 3282      AE5B7088 
 3282      600E8515 
 3282      3B73003B 
 3283 0325 D15AC089 		.ascii	"\321Z\300\211\271\205}\332\201\024\274\0269X\256A\346"
 3283      B9857DDA 
 3283      8114BC16 
 3283      3958AE41 
 3283      E6
 3284 0336 9289D98E 		.ascii	"\222\211\331\216\021\324\200\3409d\340=5\341_\257L\224"
 3284      11D480E0 
 3284      3964E03D 
 3284      35E15FAF 
 3284      4C94
 3285 0348 42BD3ACD 		.ascii	"B\275:\315&wSO\362!\235\273Brr\255\211\203\020\0237"
 3285      2677534F 
 3285      F2219DBB 
 3285      427272AD 
 3285      89831013 
 3286 035d 2698540E 		.ascii	"&\230T\016\014qJ\202~\344N'\021\005\310WXq\227\\\230"
 3286      0C714A82 
 3286      7EE44E27 
 3286      1105C857 
 3286      5871975C 
 3287 0372 69B39CE4 		.ascii	"i\263\234\344?*"
 3287      3F2A
 3288              		.text
 3289              		.section	.gnu.lto_chSchWakeupS.2956.840ce39e,"e",%progbits
 3290 0000 28B52FFD 		.ascii	"(\265/\375`\203\003\035\030\000\306\351\226J\240\024"
 3290      6083031D 
 3290      1800C6E9 
 3290      964AA014 
 3291 0010 566394E4 		.ascii	"Vc\224\344n\200\267\360u\325\027\366qd\240\370\017\031"
 3291      6E80B7F0 
 3291      75D517F6 
 3291      7164A0F8 
ARM GAS  C:\Users\PUBLIC~1.LAP\AppData\Local\Temp\ccOn9AnM.s 			page 100


 3291      0F19
 3292 0022 A3268966 		.ascii	"\243&\211f\216\024Bc=\035\242\017\375Je'%\351\304\352"
 3292      8E144263 
 3292      3D1DA20F 
 3292      FD4A6527 
 3292      25E9C4EA 
 3293 0036 A52932AF 		.ascii	"\245)2\257\033\216\216\027\202\033 -&\025#\001l\302"
 3293      1B8E8E17 
 3293      821B202D 
 3293      26152301 
 3293      6CC2
 3294 0048 93468C31 		.ascii	"\223F\2141\274\346.\357o\260\331\336[\312\224\002y\000"
 3294      BCE62EEF 
 3294      6FB0D9DE 
 3294      5BCA9402 
 3294      7900
 3295 005a 7A008700 		.ascii	"z\000\207\000\367\"\013\374\264\204\364\247=+\326*\225"
 3295      F7220BFC 
 3295      B484F4A7 
 3295      3D2BD62A 
 3295      95
 3296 006b 110EAB7B 		.ascii	"\021\016\253{o\214\037\244?gQ\265W\373'\216\"\370)\240"
 3296      6F8C1FA4 
 3296      3F6751B5 
 3296      57FB278E 
 3296      22F829A0 
 3297 007f 5FF752A5 		.ascii	"_\367R\245\260\272\027\031c\232\364\347\313Y\320\237"
 3297      B0BA1719 
 3297      639AF4E7 
 3297      CB59D09F 
 3298 008f E667E84F 		.ascii	"\346g\350O\007m\037GR\270[1V\024\271\367\322l\324\203"
 3298      076D1F47 
 3298      52B85B31 
 3298      5614B9F7 
 3298      D26CD483 
 3299 00a3 3F4D5B83 		.ascii	"?M[\203\376\253\376\032\022\217~.\3354!.\335\2326\311"
 3299      FEABFE1A 
 3299      128F7E2E 
 3299      DD34212E 
 3299      DD9A36C9 
 3300 00b7 AD628C98 		.ascii	"\255b\214\230d\242E&\345\253^9\020\221j-Qp\357u\035"
 3300      64A24526 
 3300      E5AB5E39 
 3300      10916A2D 
 3300      5170EF75 
 3301 00cc 123FDCE8 		.ascii	"\022?\334\350m\343\330\326\261\255U\251\215\3650\012"
 3301      6DE3D8D6 
 3301      B1AD55A9 
 3301      8DF5300A 
 3302 00dc 2B121FEB 		.ascii	"+\022\037\353x\026?\001R\367\012?\364U|\305\316\037"
 3302      78163F01 
 3302      52F70A3F 
 3302      F4557CC5 
 3302      CE1F
 3303 00ee F1D31A7E 		.ascii	"\361\323\032~\365\303\237\376\017\375y\344u\234\204"
 3303      F5C39FFE 
 3303      0FFD79E4 
ARM GAS  C:\Users\PUBLIC~1.LAP\AppData\Local\Temp\ccOn9AnM.s 			page 101


 3303      759C84
 3304 00fd B5CBC74A 		.ascii	"\265\313\307J\241uk\227\215<\252\026\312\276y\355\223"
 3304      A1756B97 
 3304      8D3CAA16 
 3304      CABE79ED 
 3304      93
 3305 010e 8D56A7A0 		.ascii	"\215V\247\240\325\262\263:fV\243\230\325\260S\375&\237"
 3305      D5B2B33A 
 3305      6656A398 
 3305      D5B053FD 
 3305      269F
 3306 0120 FA5FE98D 		.ascii	"\372_\351\215wU99\036\321\221\373qo\207$Gn\326I\243"
 3306      77553939 
 3306      1ED191FB 
 3306      716F8724 
 3306      476ED649 
 3307 0135 C48DBFFD 		.ascii	"\304\215\277\375\037_\345\223\031\022\371\033*A\340"
 3307      1F5FE593 
 3307      1912F91B 
 3307      2A41E0
 3308 0144 286BB611 		.ascii	"(k\266\021\230\036y\220)\221\010\001$\037\332\306)\311"
 3308      981E7990 
 3308      29910801 
 3308      241FDAC6 
 3308      29C9
 3309 0156 5ED7250A 		.ascii	"^\327%\012\032\246$\227\265P\277\361\024\333\242\302"
 3309      1AA62497 
 3309      B550BFF1 
 3309      14DBA2C2 
 3310 0166 475235E2 		.ascii	"GR5\342\000\325/Ae\326\256\220\203~\230b_6\330\353\230"
 3310      00D52F41 
 3310      65D6AE90 
 3310      837E9862 
 3310      5F36D8EB 
 3311 017b 95D92B21 		.ascii	"\225\331+!A\2610\033\263W\232B\262Q\343j\010\305\276"
 3311      41B1301B 
 3311      B3579A42 
 3311      B251E36A 
 3311      08C5BE
 3312 018e 8CB6CE67 		.ascii	"\214\266\316gXH/\334j\307\030.\243'\205Y\2734\241eb"
 3312      58482FDC 
 3312      6AC7182E 
 3312      A3278559 
 3312      BB34A165 
 3313 01a3 6D9F2B8D 		.ascii	"m\237+\215`\\\266'o)\014\241 +5\002\210\376\\\351\321"
 3313      605CB627 
 3313      6F290CA1 
 3313      202B3502 
 3313      88FE5CE9 
 3314 01b8 D412440B 		.ascii	"\324\022D\013\346\336\000\200u\225\332\033\237\300I"
 3314      E6DE0080 
 3314      7595DA1B 
 3314      9FC049
 3315 01c7 E8DC5F00 		.ascii	"\350\334_\000S;\303]\350X\270\356\2755?[\004\274\334"
 3315      533BC35D 
 3315      E858B8EE 
 3315      BD353F5B 
ARM GAS  C:\Users\PUBLIC~1.LAP\AppData\Local\Temp\ccOn9AnM.s 			page 102


 3315      04BCDC
 3316 01da CEF27C3B 		.ascii	"\316\362|;\033\324\323Y\323\000\375\334l|~n2*<\337\220"
 3316      1BD4D359 
 3316      D300FDDC 
 3316      6C7C7E6E 
 3316      322A3CDF 
 3317 01ef B54D0608 		.ascii	"\265M\006\010g\353\341l4\033Q\217\346#\242\365v\264"
 3317      67EBE16C 
 3317      341B518F 
 3317      E623A2F5 
 3317      76B4
 3318 0201 9C09B99F 		.ascii	"\234\011\271\237\034\356\206\247\346\200\001\236\356"
 3318      1CEE86A7 
 3318      E680019E 
 3318      EE
 3319 020e E6E3F9E1 		.ascii	"\346\343\371\341\212rB=>33<\010\030\314 \357\315k\237"
 3319      8A72423D 
 3319      3E33333C 
 3319      0818CC20 
 3319      EFCD6B9F 
 3320 0222 76926409 		.ascii	"v\222d\011\255\320E?\011\324j\203\307\0050.]/\233\305"
 3320      ADD0453F 
 3320      09D46A83 
 3320      C705302E 
 3320      5D2F9BC5 
 3321 0236 4397EE78 		.ascii	"C\227\356x5\021\371\007\240\366\315\227\015R\330\212"
 3321      3511F907 
 3321      A0F6CD97 
 3321      0D52D88A 
 3322 0246 D490BA14 		.ascii	"\324\220\272\024\022\024a\227\313\272\314Q_\\jjm\007"
 3322      12146197 
 3322      CBBACC51 
 3322      5F5C6A6A 
 3322      6D07
 3323 0258 D5D6AE6C 		.ascii	"\325\326\256lr\253\310d\272\324\227\265!D\250\001M\250"
 3323      72ABC864 
 3323      BAD497B5 
 3323      2144A801 
 3323      4DA8
 3324 026a 41406811 		.ascii	"A@h\0212D2\242\240\250\240I\007\200\002\031\271\252"
 3324      324432A2 
 3324      A0A8A049 
 3324      07800219 
 3324      B9AA
 3325 027c 1B105869 		.ascii	"\033\020Xif\234\306\026\246\032\023\033\204\245\254"
 3325      669CC616 
 3325      A61A131B 
 3325      84A5AC
 3326 028b 5CDA9CCA 		.ascii	"\\\332\234\312n\214\010c\013&6&\202\036\355}\351'U\365"
 3326      6E8C0863 
 3326      0B263626 
 3326      821EED7D 
 3326      E92755F5 
 3327 029f 2721B437 		.ascii	"'!\2647\177\303\023\236\245\3744\243\331]\246`e\274"
 3327      7FC3139E 
 3327      A5FC34A3 
 3327      D95DA660 
ARM GAS  C:\Users\PUBLIC~1.LAP\AppData\Local\Temp\ccOn9AnM.s 			page 103


 3327      65BC
 3328 02b1 EDA7DD5B 		.ascii	"\355\247\335[G\010\031\036/\273{J\236\034J\252\300\315"
 3328      4708191E 
 3328      2FBB7B4A 
 3328      9E1C4AAA 
 3328      C0CD
 3329 02c3 4FA08CCD 		.ascii	"O\240\214\315\016.\037<+$\326\361\245\036\246H\177\341"
 3329      0E2E1F3C 
 3329      2B24D6F1 
 3329      A51EA648 
 3329      7FE1
 3330 02d5 0BD18E47 		.ascii	"\013\321\216G[s\255\013\222\344\031\016\010\234]\012"
 3330      5B73AD0B 
 3330      92E4190E 
 3330      089C5D0A 
 3331 02e5 000830CE 		.ascii	"\000\0100\316\337\205K\232\3470T\031\352\"\352\223x"
 3331      DF854B9A 
 3331      E7305419 
 3331      EA22EA93 
 3331      78
 3332 02f6 3E848073 		.ascii	">\204\200sn1j\205\033\007D\232\310\327\010N\255\367"
 3332      6E316A85 
 3332      1B07449A 
 3332      C8D7084E 
 3332      ADF7
 3333 0308 28A84145 		.ascii	"(\250AE\025"
 3333      15
 3334              		.text
 3335              		.section	.gnu.lto_chSchRescheduleS.2957.840ce39e,"e",%progbits
 3336 0000 28B52FFD 		.ascii	"(\265/\375`\"\002\355\021\000\226 uH\320\362&\035R\202"
 3336      602202ED 
 3336      11009620 
 3336      7548D0F2 
 3336      261D5282 
 3337 0014 523E6785 		.ascii	"R>g\205\360\003\006\242\321\311\335r*\320\352\251q\233"
 3337      F00306A2 
 3337      D1C9DD72 
 3337      2AD0EAA9 
 3337      719B
 3338 0026 943B0665 		.ascii	"\224;\006e\340\250\311\341\353\310\210\355f\037Z\260"
 3338      E0A8C9E1 
 3338      EBC888ED 
 3338      661F5AB0 
 3339 0036 8A16FA34 		.ascii	"\212\026\3724L\367&\011_\0021\232!&\254)\254\300a`\372"
 3339      4CF72609 
 3339      5F02319A 
 3339      2126AC29 
 3339      ACC06160 
 3340 004b 82015D31 		.ascii	"\202\001]1M\306\336[\312\224\002_\000W\000d\000q\244"
 3340      4DC6DE5B 
 3340      CA94025F 
 3340      00570064 
 3340      0071A4
 3341 005e 83CA4FBC 		.ascii	"\203\312O\274(\366\332N'\373\000\240gh\204\2169q\005"
 3341      28F6DA4E 
 3341      27FB00A0 
 3341      6768848E 
ARM GAS  C:\Users\PUBLIC~1.LAP\AppData\Local\Temp\ccOn9AnM.s 			page 104


 3341      397105
 3342 0071 1E9DD23D 		.ascii	"\036\235\322=\232\234D>\302\217\310G\307l\247\343\""
 3342      9A9C443E 
 3342      C28FC847 
 3342      C76CA7E3 
 3342      22
 3343 0082 CC1B483C 		.ascii	"\314\033H<;\346\234\251-\361\330\341j\314\377\355\250"
 3343      3BE69CA9 
 3343      2DF1D8E1 
 3343      6ACCFFED 
 3343      A8
 3344 0093 8F263B0C 		.ascii	"\217&;\014\361\205\222\310\007I\204\306\003W\216\232"
 3344      F18592C8 
 3344      074984C6 
 3344      03578E9A 
 3345 00a3 887EBB72 		.ascii	"\210~\273r\240\315TA\024\3149\255\037\015\304\035o\273"
 3345      A0CD5441 
 3345      14CC39AD 
 3345      1F0DC41D 
 3345      6FBB
 3346 00b5 81ED07B6 		.ascii	"\201\355\007\266\316\002sz\377|\025\307\331\370B\217"
 3346      CE02737A 
 3346      FF7C15C7 
 3346      D9F8428F 
 3347 00c5 C600D37F 		.ascii	"\306\000\323\177\217>L>\336v\227\037O\237\374\234\011"
 3347      8F3E4C3E 
 3347      DE76971F 
 3347      4F9FFC9C 
 3347      09
 3348 00d6 1B539F6C 		.ascii	"\033S\237l\234L\227\204}8\027\310~\355FI\265\224\352"
 3348      9C4C9784 
 3348      7D3817C8 
 3348      7EED4649 
 3348      B594EA
 3349 00e9 18D510AA 		.ascii	"\030\325\020\252\027\252u\325\017\011\311a\273\275\226"
 3349      17AA75D5 
 3349      0F09C961 
 3349      BBBD96
 3350 00f8 E6F4F0A3 		.ascii	"\346\364\360\243\307d\212JC\257\375\366\217\3427\207"
 3350      C7648A4A 
 3350      43AFFDF6 
 3350      8FE23787 
 3351 0108 8CC86CB0 		.ascii	"\214\310l\260/I\204\203\356\001.\362\237\\\223\015;"
 3351      2F498483 
 3351      EE012EF2 
 3351      9F5C930D 
 3351      3B
 3352 0119 0D37EE7B 		.ascii	"\0157\356{|\354\352\302}\217m\246\244\222\360\031\023"
 3352      7CECEAC2 
 3352      7D8F6DA6 
 3352      A492F019 
 3352      13
 3353 012a 2E834297 		.ascii	".\203B\227DSaG>.\314\221T?\3220\323\011\275\344\243"
 3353      44536147 
 3353      3E2ECC91 
 3353      543FD230 
 3353      D309BDE4 
ARM GAS  C:\Users\PUBLIC~1.LAP\AppData\Local\Temp\ccOn9AnM.s 			page 105


 3354 013f 2ECA5E3D 		.ascii	".\312^=\306\213u\0303\335\213\232\316\305wi\010\310"
 3354      C68B7518 
 3354      33DD8B9A 
 3354      CEC57769 
 3354      08C8
 3355 0151 DD50FBDA 		.ascii	"\335P\373\332\023\374xv\275\305Ng_8\213\032\222\240"
 3355      13FC7876 
 3355      BDC54E67 
 3355      5F388B1A 
 3355      92A0
 3356 0163 39A7CAA3 		.ascii	"9\247\312\243\021jEp\244\360\324\207\237+\372\012\030"
 3356      116A4570 
 3356      A4F0D487 
 3356      9F2BFA0A 
 3356      18
 3357 0174 81A0372E 		.ascii	"\201\2407.\233u\212L\014kE\025\303:\011p\243\243^\235"
 3357      9B758A4C 
 3357      0C6B4515 
 3357      C33A0970 
 3357      A3A35E9D 
 3358 0188 C8B45639 		.ascii	"\310\264V9\255Uj\205\223\223\322\301I\345\330\244ZX"
 3358      AD556A85 
 3358      9393D2C1 
 3358      49E5D8A4 
 3358      5A58
 3359 019a 5C31AED6 		.ascii	"\\1\256\326\202\027\225\003\006njX:/\257V\006\027\015"
 3359      82179503 
 3359      066E6A58 
 3359      3A2FAF56 
 3359      06170D
 3360 01ad 8C0A05E5 		.ascii	"\214\012\005\345\005\001\003\024\334<\234\013d\0135"
 3360      05010314 
 3360      DC3C9C0B 
 3360      640B35
 3361 01bc 98BCF560 		.ascii	"\230\274\365`\211\332\020X\364\237Mf;\255\271\245=j"
 3361      89DA1058 
 3361      F49F4D66 
 3361      3BADB9A5 
 3361      3D6A
 3362 01ce 22F25910 		.ascii	"\"\362Y\020)\267\304\310\211Gyx\200\376 2\256\335\022"
 3362      29B7C4C8 
 3362      89477978 
 3362      80FE2032 
 3362      AEDD12
 3363 01e1 2B207002 		.ascii	"+ p\002\031\271\264\003\005\217\340<4\226\030\300C\245"
 3363      19B9B403 
 3363      058FE03C 
 3363      349618C0 
 3363      43A5
 3364 01f3 6AAF640B 		.ascii	"j\257d\013V\030\\[\230\2575\304\352\003\034\306\215"
 3364      56185C5B 
 3364      98AF35C4 
 3364      EA031CC6 
 3364      8D
 3365 0204 74A8737E 		.ascii	"t\250s~\003\250\3234)p\224V\301\220\304&\270\345#+\330"
 3365      03A8D334 
 3365      29709456 
ARM GAS  C:\Users\PUBLIC~1.LAP\AppData\Local\Temp\ccOn9AnM.s 			page 106


 3365      C190C426 
 3365      B8E5232B 
 3366 0219 042961D8 		.ascii	"\004)a\330\256r&xw\220\001\3508\000V\034\246YWR\246"
 3366      AE722678 
 3366      779001E8 
 3366      3800561C 
 3366      A6595752 
 3367 022e C382A11B 		.ascii	"\303\202\241\033\236p\003\216\275\034\303\206QJ\346"
 3367      9E70038E 
 3367      BD1CC386 
 3367      514AE6
 3368 023d CF8407A6 		.ascii	"\317\204\007\246\233ig\212f\240"
 3368      9B69678A 
 3368      66A0
 3369              		.text
 3370              		.section	.gnu.lto_chSchIsPreemptionRequired.2958.840ce39e,"e",%progbits
 3371 0000 28B52FFD 		.ascii	"(\265/\375`\015\002]\021\000\206\336pH\320TUc\263\266"
 3371      600D025D 
 3371      110086DE 
 3371      7048D054 
 3371      5563B3B6 
 3372 0014 868DE8B2 		.ascii	"\206\215\350\262@1@\0012#\314\301\317q\316K\022\032"
 3372      40314001 
 3372      3223CCC1 
 3372      CF71CE4B 
 3372      121A
 3373 0026 735DED00 		.ascii	"s]\355\000x\251\3242\234P\233\022L\231\340\221\246y"
 3373      78A9D432 
 3373      9C509B12 
 3373      4C99E091 
 3373      A679
 3374 0038 9FB4BC35 		.ascii	"\237\264\2745\034!\331\222\252z\330\330e\036\277U\345"
 3374      1C21D992 
 3374      AA7AD8D8 
 3374      651EBF55 
 3374      E5
 3375 0049 32760AC5 		.ascii	"2v\012\305hL\345\215\266\334R\246\024\\\000V\000Z\000"
 3375      684CE58D 
 3375      B6DC52A6 
 3375      145C0056 
 3375      005A00
 3376 005c 4078B491 		.ascii	"@x\264\221\207\000\027\007\354\201\002\302x\033\012"
 3376      87001707 
 3376      EC8102C2 
 3376      781B0A
 3377 006b 9A9EF315 		.ascii	"\232\236\363\025\265\357h\343m\006\345C\217\017\237"
 3377      B5EF68E3 
 3377      6D06E543 
 3377      8F0F9F
 3378 007a 7BCF03B7 		.ascii	"{\317\003\267f\031oG\027\211\267\341\005\210\267.!\250"
 3378      66196F47 
 3378      1789B7E1 
 3378      0588B72E 
 3378      21A8
 3379 008c D9F65342 		.ascii	"\331\366SB\016\221!\276#\367\236d5q\333\251\315\277"
 3379      0E9121BE 
 3379      23F79E64 
ARM GAS  C:\Users\PUBLIC~1.LAP\AppData\Local\Temp\ccOn9AnM.s 			page 107


 3379      3571DBA9 
 3379      CDBF
 3380 009e CEC35D50 		.ascii	"\316\303]PO\216\346vZ\322\340\336k\232\243\021q\327"
 3380      4F8EE676 
 3380      5AD2E0DE 
 3380      6B9AA311 
 3380      71D7
 3381 00b0 DB36607B 		.ascii	"\3336`{\202MA\004\267?_\241\306\244?>\317\010!\227\376"
 3381      824D4104 
 3381      B73F5FA1 
 3381      C6A43F3E 
 3381      CF082197 
 3382 00c5 D8E78DD6 		.ascii	"\330\347\215\326\022\366\303[mlS\213\337\335\366\274"
 3382      12F6C35B 
 3382      6D6C538B 
 3382      DFDDF6BC 
 3383 00d5 3B7CEFAE 		.ascii	";|\357\256\226\372%&H\200~2=\367\206H\002t\203X\034"
 3383      96FA2526 
 3383      48807E32 
 3383      3DF78648 
 3383      02748358 
 3384 00ea 38DFFDBC 		.ascii	"8\337\375\274\277\367j\337v\315g\361\026wq\035\233\204"
 3384      BFF76ADF 
 3384      76CD67F1 
 3384      1677711D 
 3384      9B84
 3385 00fc 7CA72C07 		.ascii	"|\247,\007\374\265\354\364f\343m\006\005\207\003\364"
 3385      FCB5ECF4 
 3385      66E36D06 
 3385      058703F4 
 3386 010c 8910E2AD 		.ascii	"\211\020\342\255\255'A\025a=\357\011T\337\241\375\206"
 3386      AD274115 
 3386      613DEF09 
 3386      54DFA1FD 
 3386      86
 3387 011d 4C99F29B 		.ascii	"L\231\362\233X=\261W\377\3050\334F9\326h\2154^SN\244"
 3387      583DB157 
 3387      FFC530DC 
 3387      4639D668 
 3387      8D345E53 
 3388 0133 A8F5BD33 		.ascii	"\250\365\2753\2501\235\3413f\243\015s\031-\221\356\336"
 3388      A8319DE1 
 3388      3366A30D 
 3388      73192D91 
 3388      EEDE
 3389 0145 6BBA8D51 		.ascii	"k\272\215Q+\200`\317\244A>\017\211\303\220\021\320\335"
 3389      2B8060CF 
 3389      A4413E0F 
 3389      89C39011 
 3389      D0DD
 3390 0157 6B3EE7BF 		.ascii	"k>\347\277\270o\203\177s\353\227\214>w\353\313\304\256"
 3390      B86F837F 
 3390      73EB978C 
 3390      3E77EBCB 
 3390      C4AE
 3391 0169 B2555D30 		.ascii	"\262U]0\272\342\242fyI\255\024\240R+\225P\311E\255R"
 3391      BAE2A266 
ARM GAS  C:\Users\PUBLIC~1.LAP\AppData\Local\Temp\ccOn9AnM.s 			page 108


 3391      7949AD14 
 3391      A0522B95 
 3391      50C945AD 
 3392 017e 7961A95E 		.ascii	"ya\251^,\025\251\212y\221\260\030\362\325\")\264\224"
 3392      2C15A98A 
 3392      7991B018 
 3392      F2D52229 
 3392      B494
 3393 0190 A992E5E0 		.ascii	"\251\222\345\340d*\255\270`V\260\323\214\025+5\270\240"
 3393      642AADB8 
 3393      6056B0D3 
 3393      8C152B35 
 3393      B8A0
 3394 01a2 48A4D382 		.ascii	"H\244\323\202\007\244\363\276\332\210udV\323\266\206"
 3394      07A4F3BE 
 3394      DA887564 
 3394      56D3B686 
 3395 01b2 55AC3782 		.ascii	"U\2547\202\343u\370a\353w<h\005t\266\360\035\345\200"
 3395      E375F861 
 3395      EB773C68 
 3395      0574B6F0 
 3395      1DE580
 3396 01c5 2217AEC3 		.ascii	"\"\027\256\303e\314\301\001%\232\005- \260\002\231\251"
 3396      65CCC101 
 3396      259A052D 
 3396      20B00299 
 3396      A9
 3397 01d6 EB060542 		.ascii	"\353\006\005BP$`@9\203\216\"8\261F\264#\311(\014\240"
 3397      50246040 
 3397      39838E22 
 3397      38B146B4 
 3397      23C9280C 
 3398 01eb 44234B88 		.ascii	"D#K\210g\363d4\250\313\277P\003n\030|c\275\263\215\361"
 3398      67F36434 
 3398      A8CBBF50 
 3398      036E187C 
 3398      63BDB38D 
 3399 0200 012FF263 		.ascii	"\001/\362c\035\253\014\363v\225\264\324]\200\205\003"
 3399      1DAB0CF3 
 3399      7695B4D4 
 3399      5D808503 
 3400 0210 13C50955 		.ascii	"\023\305\011Up%d:\234\030\272\207\025\213\303\321\332"
 3400      7025643A 
 3400      9C18BA87 
 3400      158BC3D1 
 3400      DA
 3401 0221 E026192E 		.ascii	"\340&\031.\006\315k\331L/I\363\347\355\215\265a\022"
 3401      06CD6BD9 
 3401      4C2F49F3 
 3401      E7ED8DB5 
 3401      6112
 3402 0233 0419     		.ascii	"\004\031"
 3403              		.text
 3404              		.section	.gnu.lto_chSchDoPreemption.2959.840ce39e,"e",%progbits
 3405 0000 28B52FFD 		.ascii	"(\265/\375`\003\004e\032\000\346\253\240L\220\024V:"
 3405      60030465 
 3405      1A00E6AB 
ARM GAS  C:\Users\PUBLIC~1.LAP\AppData\Local\Temp\ccOn9AnM.s 			page 109


 3405      A04C9014 
 3405      563A
 3406 0012 B5FF7C89 		.ascii	"\265\377|\211\021\217\022G\034\323H\016x\315\356_\377"
 3406      118F1247 
 3406      1CD3480E 
 3406      78CDEE5F 
 3406      FF
 3407 0023 A09C89DF 		.ascii	"\240\234\211\337#v^\177\334\361\342\333\315\306[!\334"
 3407      23765E7F 
 3407      DCF1E2DB 
 3407      CDC65B21 
 3407      DC
 3408 0034 FD976971 		.ascii	"\375\227iqlm\277\305\327\237\351\010\300\271$\253\307"
 3408      6C6DBFC5 
 3408      D79FE908 
 3408      C0B924AB 
 3408      C7
 3409 0045 A2C9F6FA 		.ascii	"\242\311\366\372\301!\256\251\370\3640vD\361<%\236\004"
 3409      C121AEA9 
 3409      F8F43076 
 3409      44F13C25 
 3409      9E04
 3410 0057 ED9D6489 		.ascii	"\355\235d\211\000\204\000\216\000L\004I\365h\237\351"
 3410      0084008E 
 3410      004C0449 
 3410      F5689FE9 
 3411 0067 66763485 		.ascii	"fv4\205\371\322}\0327\237\261\332r\232y\305\311N\022"
 3411      F9D27D1A 
 3411      379FB1DA 
 3411      729A79C5 
 3411      C94E12
 3412 007a 081E5F16 		.ascii	"\010\036_\026\324\243?\322\223\276\3243\332\010\245"
 3412      D4A33FD2 
 3412      93BED433 
 3412      DA08A5
 3413 0089 2311E592 		.ascii	"#\021\345\222\304\223\302\011&N,CuX\362\300\230\240"
 3413      C493C209 
 3413      264E2C43 
 3413      7558F2C0 
 3413      98A0
 3414 009b 1EA50DBD 		.ascii	"\036\245\015\275\\\306\215\220?\302y\366\311\177z-\177"
 3414      5CC68D90 
 3414      3FC279F6 
 3414      C97F7A2D 
 3414      7F
 3415 00ac 9E39370F 		.ascii	"\23697\017\034\355\234z\324v\224\364h\354\001\322\243"
 3415      1CED9C7A 
 3415      D47694F4 
 3415      68EC01D2 
 3415      A3
 3416 00bd 8DECEEAA 		.ascii	"\215\354\356\252\351\230\374<5}\345\234ox\350\310_d"
 3416      E998FC3C 
 3416      357DE59C 
 3416      6F78E8C8 
 3416      5F64
 3417 00cf FF4B9725 		.ascii	"\377K\227%{<\374\226<\3109\367M\366\370\274\361\273"
 3417      7B3CFC96 
ARM GAS  C:\Users\PUBLIC~1.LAP\AppData\Local\Temp\ccOn9AnM.s 			page 110


 3417      3CC839F7 
 3417      4DF6F8BC 
 3417      F1BB
 3418 00e1 7BA5BB77 		.ascii	"{\245\273w\272c\022\002\331\345\350\215\213O\270\224"
 3418      BA631202 
 3418      D9E5E88D 
 3418      8B4FB894 
 3419 00f1 D81BD6B5 		.ascii	"\330\033\326\265\226\305\243\216*\312\234\331'\3735"
 3419      96C5A38E 
 3419      2ACA9CD9 
 3419      27FB35
 3420 0100 6EA3D827 		.ascii	"n\243\330':\3326\307\373\3441=z\245c\000b/X\327Z\025"
 3420      3ADA36C7 
 3420      FBE4313D 
 3420      7AA56300 
 3420      622F58D7 
 3421 0116 6DBE60DD 		.ascii	"m\276`\335\315\017\027\267\350~,c\241n|[v\347[M\317"
 3421      CD0F17B7 
 3421      E87E2C63 
 3421      A16E7C5B 
 3421      76E75B4D 
 3422 012b 7C5F9395 		.ascii	"|_\223\225\235!<L!\024\270hf\236$H2\026JUt\347\317\374"
 3422      9D213C4C 
 3422      2114B868 
 3422      669E2448 
 3422      32164A55 
 3423 0143 ED7E9FE9 		.ascii	"\355~\237\351\316>T\317\032y\363f\377\251\345G\352+"
 3423      CE3E54CF 
 3423      1A79F366 
 3423      FFA9E547 
 3423      EA2B
 3424 0155 E73C3BEA 		.ascii	"\347<;\352\324\264\3062T.\211J)z\301\367NM+-\377\331"
 3424      D4B4C632 
 3424      542E894A 
 3424      297AC1F7 
 3424      4E4D2B2D 
 3425 016b 25156DFE 		.ascii	"%\025m\376\200\264[\346Z;5+\310\303J\"\234\364(\000"
 3425      80B45BE6 
 3425      5A3B352B 
 3425      C8C34A22 
 3425      9CF42800 
 3426 017f A597D191 		.ascii	"\245\227\321\221\3636\366\202\375KW\265\226)D<\257J"
 3426      F336F682 
 3426      FD4B57B5 
 3426      9629443C 
 3426      AF4A
 3427 0191 B4418E17 		.ascii	"\264A\216\027\253\350l\016\007\262\236(\201&\256zd\330"
 3427      ABE86C0E 
 3427      07B29E28 
 3427      8126AE7A 
 3427      64D8
 3428 01a3 C78A9557 		.ascii	"\307\212\225W\277\037\311\"\354\015\353\261\252\301"
 3428      BF1FC922 
 3428      EC0DEBB1 
 3428      AAC1
 3429 01b1 9F0C0BB0 		.ascii	"\237\014\013\260J\242\342;O\004b\235\355\373\216\225"
 3429      4AA2E23B 
ARM GAS  C:\Users\PUBLIC~1.LAP\AppData\Local\Temp\ccOn9AnM.s 			page 111


 3429      4F04629D 
 3429      EDFB8E95 
 3430 01c1 C0D6735C 		.ascii	"\300\326s\\\307oM\217\252X\345\305\241.\263:\322\376"
 3430      C76F4D8F 
 3430      AA58E5C5 
 3430      A12EB33A 
 3430      D2FE
 3431 01d3 E91F42F1 		.ascii	"\351\037B\361\265\2634R\265\336'\033w\252\337\235\236"
 3431      B5B33452 
 3431      B5DE271B 
 3431      77AADF9D 
 3431      9E
 3432 01e4 D3C568F3 		.ascii	"\323\305h\363\362\3423\357\000\210m\232O\341\250\335"
 3432      F2E233EF 
 3432      00886D9A 
 3432      4FE1A8DD 
 3433 01f4 C2E320A2 		.ascii	"\302\343 \242l\345\034C\342\020w\217\245h,\372\200\275"
 3433      6CE51C43 
 3433      E210778F 
 3433      A5682CFA 
 3433      80BD
 3434 0206 DD8D3763 		.ascii	"\335\2157c\003\334\005}\013\206\037\372\204xh\024\342"
 3434      03DC057D 
 3434      0B861FFA 
 3434      84786814 
 3434      E2
 3435 0217 CECDE878 		.ascii	"\316\315\350x\014dt<\026\332\320\030\304\275c\231\351"
 3435      0C64743C 
 3435      16DAD018 
 3435      C4BD6399 
 3435      E9
 3436 0228 ED8ABDDD 		.ascii	"\355\212\275\335mWS\274\031knE\341\355B\005\237\316"
 3436      6D5753BC 
 3436      196B6E45 
 3436      E1ED4205 
 3436      9FCE
 3437 023a D78300E3 		.ascii	"\327\203\000\343\322\222`H\3033\302\254=\033\0370F\006"
 3437      D2926048 
 3437      C333C2AC 
 3437      3D1B1F30 
 3437      4606
 3438 024c 87836910 		.ascii	"\207\203i\020\001\327d\037\313X\250\325,$,\026\263M"
 3438      01D7641F 
 3438      CB58A8D5 
 3438      2C242C16 
 3438      B34D
 3439 025e 0C42B929 		.ascii	"\014B\271)Vqw\006\0156\035\234\013d\245\370L\332\275"
 3439      56717706 
 3439      0D361D9C 
 3439      0B64A5F8 
 3439      4CDABD
 3440 0271 B87B43CC 		.ascii	"\270{C\314}2\3059\240\034\234\273\226\265l\217A\006"
 3440      7D32C539 
 3440      A01C9CBB 
 3440      96B56C8F 
 3440      4106
 3441 0283 DAAA364F 		.ascii	"\332\2526Oqm\021U!\262\037\244W\250A,\250\2242\310\031"
ARM GAS  C:\Users\PUBLIC~1.LAP\AppData\Local\Temp\ccOn9AnM.s 			page 112


 3441      716D1155 
 3441      21B21FA4 
 3441      57A8412C 
 3441      A89432C8 
 3442 0298 13114941 		.ascii	"\023\021IAZh\003P\002A\246l=\022\200\205Q\357\314P0"
 3442      5A680350 
 3442      0241A66C 
 3442      3D128085 
 3442      51EFCC50 
 3443 02ad B735EB9F 		.ascii	"\2675\353\237\001U\322\250\305W\362[\031/\324J\341o"
 3443      0155D2A8 
 3443      C557F25B 
 3443      192FD44A 
 3443      E16F
 3444 02bf 5248CA2E 		.ascii	"RH\312.\221!Ut\231+\310Uiq\021\366\027\273\313\361R"
 3444      91215574 
 3444      992BC855 
 3444      697111F6 
 3444      17BBCBF1 
 3445 02d4 CB2474AB 		.ascii	"\313$t\253\365\031\240\371Y\274\341\002\026n\244\036"
 3445      F519A0F9 
 3445      59BCE102 
 3445      166EA41E 
 3446 02e4 1C062A46 		.ascii	"\034\006*F#\026\005\005\215H\331\331sM6\223\350j\302"
 3446      23160505 
 3446      8D48D9D9 
 3446      734D3693 
 3446      E86AC2
 3447 02f7 4D253B40 		.ascii	"M%;@\267\350\366\262\325\272\265f\037/\262\021(\035"
 3447      B7E8F6B2 
 3447      D5BAB566 
 3447      1F2FB211 
 3447      281D
 3448 0309 BA502C61 		.ascii	"\272P,a\030\015\316\270\2267*)\370\241\347\033\300\015"
 3448      180DCEB8 
 3448      96372A29 
 3448      F8A1E71B 
 3448      C00D
 3449 031b 10CBF53D 		.ascii	"\020\313\365=\2034\343\330\211\354\340\226\216\346\346"
 3449      8334E3D8 
 3449      89ECE096 
 3449      8EE6E6
 3450 032a 468AF330 		.ascii	"F\212\3630\002)3\003U<o@`\202\234\254\020\031\321Qf"
 3450      02293303 
 3450      553C6F40 
 3450      60829CAC 
 3450      1019D151 
 3451 033f 21A9F08A 		.ascii	"!\251\360\2122OE\334\177\035d2\2213Y\342\242\012\336"
 3451      324F45DC 
 3451      7F1D6432 
 3451      913359E2 
 3451      A20ADE
 3452 0352 5FA83115 		.ascii	"_\2501\025"
 3453              		.text
 3454              		.section	.gnu.lto_chSchPreemption.2960.840ce39e,"e",%progbits
 3455 0000 28B52FFD 		.ascii	"(\265/\375`\243\002\225\024\000\326$\206J\260\022R:"
 3455      60A30295 
ARM GAS  C:\Users\PUBLIC~1.LAP\AppData\Local\Temp\ccOn9AnM.s 			page 113


 3455      1400D624 
 3455      864AB012 
 3455      523A
 3456 0012 83C18921 		.ascii	"\203\301\211!~P:\225\354\350\273\270A \261\263<\365"
 3456      7E503A95 
 3456      ECE8BBB8 
 3456      4120B1B3 
 3456      3CF5
 3457 0024 7BC77138 		.ascii	"{\307q8\030\370S^\254C\333\226\016\350\353\365\017y"
 3457      18F8535E 
 3457      AC43DB96 
 3457      0EE8EBF5 
 3457      0F79
 3458 0036 FD140B5C 		.ascii	"\375\024\013\\Uy\007w\025\317aK\016a\376a\000\242L\315"
 3458      55790777 
 3458      15CF614B 
 3458      0E61FE61 
 3458      00A24CCD 
 3459 004a 3901DC79 		.ascii	"9\001\334y\370\010\026/\371d\023\271S\012o\000h\000"
 3459      F808162F 
 3459      F96413B9 
 3459      530A6F00 
 3459      6800
 3460 005c 76005B45 		.ascii	"v\000[E\012V@\334X\241@\370\200\240\230P\236\222d\271"
 3460      0A5640DC 
 3460      58A140F8 
 3460      80A09850 
 3460      9E9264B9 
 3461 0070 3CC59972 		.ascii	"<\305\231r\377\341^\213\352\213:|\\\305Z\205\012N\335"
 3461      FFE15E8B 
 3461      EA8B3A7C 
 3461      5CC55A85 
 3461      0A4EDD
 3462 0083 529EA2DC 		.ascii	"R\236\242\334\204<\035/\200<u\316\306:\021\002@\202"
 3462      843C1D2F 
 3462      803C75CE 
 3462      C63A1102 
 3462      4082
 3463 0095 2BE847AD 		.ascii	"+\350G\2555\266%\236\373\2703\347\177x\330\216\367\363"
 3463      35B6259E 
 3463      FBB833E7 
 3463      7F78D88E 
 3463      F7F3
 3464 00a7 71C47724 		.ascii	"q\304w$\227\214\244FxA\343K\024q\351\303O\021<\2409"
 3464      978CA446 
 3464      7841E34B 
 3464      1471E9C3 
 3464      4F113CA0 
 3465 00bc 5F0F6AAD 		.ascii	"_\017j\255\236;^\321Mo[\202m\013\366\354\012\272\357"
 3465      9E3B5ED1 
 3465      4D6F5B82 
 3465      6D0BF6EC 
 3465      0ABAEF
 3466 00cf 7CA7B3C8 		.ascii	"|\247\263\310\361\225N\355\3416\277;\365o\344\351\205"
 3466      F1954EED 
 3466      E136BF3B 
 3466      F56FE4E9 
ARM GAS  C:\Users\PUBLIC~1.LAP\AppData\Local\Temp\ccOn9AnM.s 			page 114


 3466      85
 3467 00e0 8F39D2CD 		.ascii	"\2179\322\315-\237T\361\310Q\347\226-\374\231\233d\177"
 3467      2D9F54F1 
 3467      C851E796 
 3467      2DFC999B 
 3467      647F
 3468 00f2 AC8B64FF 		.ascii	"\254\213d\377w\303\016\274\313\007\357\0279=\222\323"
 3468      77C30EBC 
 3468      CB07EF17 
 3468      393D92D3 
 3469 0102 4BA7E738 		.ascii	"K\247\3478\375\020\022)\244\247\341\211\236j%\012\302"
 3469      FD101229 
 3469      A4A7E189 
 3469      9E6A250A 
 3469      C2
 3470 0113 55A9E88C 		.ascii	"U\251\350\214\023\377\375\300?\370\265\377\246\253\370"
 3470      13FFFDC0 
 3470      3FF8B5FF 
 3470      A6ABF8
 3471 0122 8A0F1D42 		.ascii	"\212\017\035B\022Cx\333\321\363i\025ap\004}\262|\001"
 3471      124378DB 
 3471      D1F36915 
 3471      6170047D 
 3471      B27C01
 3472 0135 425B3D77 		.ascii	"B[=w\367C]\260-w\256\203! \020\221\011\266\377\335\300"
 3472      F7435DB0 
 3472      2D77AE83 
 3472      21201091 
 3472      09B6FFDD 
 3473 014a 21E865B8 		.ascii	"!\350e\270\215\033\002V\032^cCI\3036c\342C\236\302V"
 3473      8D1B0256 
 3473      1A5E6343 
 3473      49C33663 
 3473      E2439EC2 
 3474 015f E44AABDC 		.ascii	"\344J\253\334\003\277\200\346S\270\313\010qS\322S\352"
 3474      03BF80E6 
 3474      53B8CB08 
 3474      7153D253 
 3474      EA
 3475 0170 214FCB15 		.ascii	"!O\313\025\271\262e\207\3213\273\324M\031\205S\276\370"
 3475      B9B26587 
 3475      D133BBD4 
 3475      4D198553 
 3475      BEF8
 3476 0182 9698F0F1 		.ascii	"\226\230\360\361\332\007\337\340H\347\332]\370\2246"
 3476      DA07DFE0 
 3476      48E7DA5D 
 3476      F89436
 3477 0191 8743E198 		.ascii	"\207C\341\230\364j\255.\247O\257\035\271\012\352f\227"
 3477      F46AAD2E 
 3477      A74FAF1D 
 3477      B90AEA66 
 3477      97
 3478 01a2 4FAA7ABC 		.ascii	"O\252z\274\305\355@\257\326\266Z\316\332x\346\212m\272"
 3478      C5ED40AF 
 3478      D6B65ACE 
 3478      DA78E68A 
ARM GAS  C:\Users\PUBLIC~1.LAP\AppData\Local\Temp\ccOn9AnM.s 			page 115


 3478      6DBA
 3479 01b4 C5A666F6 		.ascii	"\305\246f\366BS3K\011\300b\233\226\245\330\320d;4YL"
 3479      4253334B 
 3479      09C0629B 
 3479      96A5D8D0 
 3479      643B3459 
 3480 01c9 A6B313E3 		.ascii	"\246\263\023\343\321\211\355\344\304.\300\324jj4\010"
 3480      D189EDE4 
 3480      C42EC0D4 
 3480      6A6A3408 
 3481 01d9 322E2C2B 		.ascii	"2.,+6\234\031\217\314\215\366\241\326a\206FEE\206A\004"
 3481      369C198F 
 3481      CC8DF6A1 
 3481      D6618646 
 3481      45458641 
 3482 01ee 1561FD58 		.ascii	"\025a\375X\027\251$NQ\351V7\026\2306L\205\371\235Q\200"
 3482      17A9244E 
 3482      51E95637 
 3482      1698364C 
 3482      85F99D51 
 3483 0203 B63A01B1 		.ascii	"\266:\001\261i\243\210KF\273I\376\213\034\327\200\023"
 3483      69A3884B 
 3483      46BB49FE 
 3483      8B1CD780 
 3483      13
 3484 0214 56D0D4F2 		.ascii	"V\320\324\362\200\371\277\310];\006\003\371\335\270"
 3484      80F9BFC8 
 3484      5D3B0603 
 3484      F9DDB8
 3485 0223 28013420 		.ascii	"(\0014 \240\002\0211\254\007\005\235\340th\002\002\013"
 3485      A0021131 
 3485      AC07059D 
 3485      E0746802 
 3485      020B
 3486 0235 BCD6BCBD 		.ascii	"\274\326\274\275\022\264pJ4\212\267\026\265\275\205"
 3486      12B4704A 
 3486      348AB716 
 3486      B5BD85
 3487 0244 1144BB21 		.ascii	"\021D\273!\001\214\002(\321\310\022\342m&\331\015\352"
 3487      018C0228 
 3487      D1C812E2 
 3487      6D26D90D 
 3487      EA
 3488 0255 F25FB106 		.ascii	"\362_\261\006\304n0\343D\255\\v\212\215A\331\216\355"
 3488      C46E30E3 
 3488      44AD5C76 
 3488      8A8D41D9 
 3488      8EED
 3489 0267 42D23277 		.ascii	"B\3222w\001\010\007b\0247\224\340J\312txah\017\017F"
 3489      01080762 
 3489      143794E0 
 3489      4ACA7478 
 3489      61680F0F 
 3490 027c 8A03F352 		.ascii	"\212\003\363R\255\261\335gJ\366b0\362 y\260\214\300"
 3490      ADB1DD67 
 3490      4AF66230 
 3490      F22079B0 
ARM GAS  C:\Users\PUBLIC~1.LAP\AppData\Local\Temp\ccOn9AnM.s 			page 116


 3490      8CC0
 3491 028e C8B3DC89 		.ascii	"\310\263\334\211\302\226y\342i\223S4\272\007"
 3491      C29679E2 
 3491      69935334 
 3491      BA07
 3492              		.text
 3493              		.section	.gnu.lto_chSchDoYieldS.2961.840ce39e,"e",%progbits
 3494 0000 28B52FFD 		.ascii	"(\265/\375`)\002-\022\0006awG\3200'\035[\302\374\374"
 3494      6029022D 
 3494      12003661 
 3494      7747D030 
 3494      271D5BC2 
 3495 0016 4DE71D80 		.ascii	"M\347\035\200\013\350\376b\204\240\260\343\323\346G"
 3495      0BE8FE62 
 3495      84A0B0E3 
 3495      D3E647
 3496 0025 E0C63002 		.ascii	"\340\3060\002j\321\214\266=\274LM\267/\367\353\271\004"
 3496      6AD18CB6 
 3496      3DBC4C4D 
 3496      B72FF7EB 
 3496      B904
 3497 0037 E1A76DFC 		.ascii	"\341\247m\374\351\017\261\253t\310\030\026\272k\307"
 3497      E90FB1AB 
 3497      74C81816 
 3497      BA6BC7
 3498 0046 DA0170C3 		.ascii	"\332\001p\303\037w$e\023\251{o)S\012_\000[\000g\000"
 3498      1F772465 
 3498      13A97B6F 
 3498      29530A5F 
 3498      005B0067 
 3499 005b 8F214929 		.ascii	"\217!I)\037q\022\265\347v>\203\346\255l\340\226\254"
 3499      1F7112B5 
 3499      E7763E83 
 3499      E6AD6CE0 
 3499      96AC
 3500 006d E6D41978 		.ascii	"\346\324\031x4\212\367Xr\021\371\010/@>\272fW\215\374"
 3500      348AF758 
 3500      7211F908 
 3500      2F403EBA 
 3500      66578DFC 
 3501 0081 00108AE1 		.ascii	"\000\020\212\341\203c\316\351Z\020\257\035\256\326\374"
 3501      8363CEE9 
 3501      5A10AF1D 
 3501      AED6FC
 3502 0090 33BDF5DD 		.ascii	"3\275\365\335x\0169|\241\304\011E\201\334|\240\012\324"
 3502      780E397C 
 3502      A1C40945 
 3502      81DC7CA0 
 3502      0AD4
 3503 00a2 0E77A6AB 		.ascii	"\016w\246\253\206[\217\252\307\2029\247\365\273\005"
 3503      865B8FAA 
 3503      C78239A7 
 3503      F5BB05
 3504 00b1 DDF1B61D 		.ascii	"\335\361\266\035\330\206`\353\027s\332\376\371%\256"
 3504      D88660EB 
 3504      1773DAFE 
 3504      F925AE
ARM GAS  C:\Users\PUBLIC~1.LAP\AppData\Local\Temp\ccOn9AnM.s 			page 117


 3505 00c0 ABF1911E 		.ascii	"\253\361\221\036}\201\246\377\036}\232|\374\322[\210"
 3505      7D81A6FF 
 3505      1E7D9A7C 
 3505      FCD25B88 
 3506 00d0 6C8AE591 		.ascii	"l\212\345\221\335\015\031S\261l\035\217\256\221}8\267"
 3506      DD0D1953 
 3506      B16C1D8F 
 3506      AE917D38 
 3506      B7
 3507 00e1 C87EEE6E 		.ascii	"\310~\356nI\265\224\352\030\325\020\252\027\252u\325"
 3507      49B594EA 
 3507      18D510AA 
 3507      17AA75D5 
 3508 00f1 FF086191 		.ascii	"\377\010a\221\364\364\341C0\346\334\260#\307\234\212"
 3508      F4F4E143 
 3508      30E6DCB0 
 3508      23C79C8A 
 3509 0101 52229EFB 		.ascii	"R\"\236\373\355_\351L\376\010\011\261D\253q\204Sz\340"
 3509      ED5FE94C 
 3509      FE0809B1 
 3509      44AB7184 
 3509      537AE0
 3510 0114 052DF29F 		.ascii	"\005-\362\237\334\222\237\235\206\033\367@Y\273\272"
 3510      DC929F9D 
 3510      861BF740 
 3510      59BBBA
 3511 0123 700FD4D4 		.ascii	"p\017\324\324#\365\222\360\027\023\356\202\202\327b"
 3511      23F592F0 
 3511      1713EE82 
 3511      82D762
 3512 0132 A6C28E7C 		.ascii	"\246\302\216|\334\227G\275\016\225A\306C\322\221\217"
 3512      DC9747BD 
 3512      0E9541C6 
 3512      43D2918F 
 3513 0142 BA2D1BF6 		.ascii	"\272-\033\366\025:\261\253\220\361R\320xO\337\245\352"
 3513      153AB1AB 
 3513      90F152D0 
 3513      784FDFA5 
 3513      EA
 3514 0153 A033763A 		.ascii	"\2403v:Z\373\334\025\020\331<;\212\035\317\266\360\023"
 3514      5AFBDC15 
 3514      10D93C3B 
 3514      8A1DCFB6 
 3514      F013
 3515 0165 34224773 		.ascii	"4\"Gs\316\224G\247\326\202\320h\262i\226GvW7A#p\024"
 3515      CE9447A7 
 3515      D682D068 
 3515      B2699647 
 3515      76573741 
 3516 017c 36B39A35 		.ascii	"6\263\2325J\014LL\345\005\0233\011`\223\243\206\231"
 3516      4A0C4C4C 
 3516      E5051333 
 3516      096093A3 
 3516      8699
 3517 018e C4C86038 		.ascii	"\304\310`82\230\013v\203\343\312\271q\341\324\270XV"
 3517      32980B76 
 3517      83E3CAB9 
ARM GAS  C:\Users\PUBLIC~1.LAP\AppData\Local\Temp\ccOn9AnM.s 			page 118


 3517      71E1D4B8 
 3517      5856
 3518 01a0 66303319 		.ascii	"f03\031\003\227\024\004\007lhb9.:2\014\263\231\227\327"
 3518      03971404 
 3518      076C6862 
 3518      392E3A32 
 3518      0CB39997 
 3519 01b5 C9894B82 		.ascii	"\311\211K\202\006'\272y8\267\310\243\032\232\262\255"
 3519      0627BA79 
 3519      38B7C8A3 
 3519      1A9AB2AD 
 3520 01c5 0D92A81D 		.ascii	"\015\222\250\035aE\377\271\244g\247\013PyX\250\035N"
 3520      6145FFB9 
 3520      A467A70B 
 3520      507958A8 
 3520      1D4E
 3521 01d7 68D7C8F7 		.ascii	"h\327\310\367\220rI\234\252|\364\312\003\364\367\220"
 3521      9072499C 
 3521      AA7CF4CA 
 3521      03F4F790 
 3522 01e7 716D962A 		.ascii	"qm\226* `\2021r\352\001\005\217\340<t\226\300\302\\"
 3522      20608231 
 3522      72EA0105 
 3522      8FE03C74 
 3522      96C0C25C 
 3523 01fb 536DAF94 		.ascii	"Sm\257\224-\020\212Fqk\210\325\0078\314\215TP\353\374"
 3523      2D108A46 
 3523      716B88D5 
 3523      0738CC8D 
 3523      5450EBFC 
 3524 020f 4650276A 		.ascii	"FP'jb\350Q\335\004K\022\273\362-`YC&L\014\303v\227\203"
 3524      62E851DD 
 3524      044B12BB 
 3524      F22D6059 
 3524      43264C0C 
 3525 0227 02870921 		.ascii	"\002\207\011!\000\217\003`\305a\252uee:l\030\272\341"
 3525      008F0360 
 3525      C561AA75 
 3525      65653A6C 
 3525      18BAE1
 3526 023a 5B3FE099 		.ascii	"[?\340\231\3133\314K\216d\022)\224Y\342i\223S\264\265"
 3526      CB33CC4B 
 3526      8E641229 
 3526      9459E269 
 3526      9353B4B5 
 3527 024e 07       		.ascii	"\007"
 3528              		.text
 3529              		.section	.gnu.lto_chSchSelectFirst.2962.840ce39e,"e",%progbits
 3530 0000 28B52FFD 		.ascii	"(\265/\375`\313\003u\031\000\346)\233M\220\024V:;\310"
 3530      60CB0375 
 3530      1900E629 
 3530      9B4D9014 
 3530      563A3BC8 
 3531 0014 5703442F 		.ascii	"W\003D/zv\203d\300o\240\371)\277\370\033s>\223\357|"
 3531      7A768364 
 3531      C06FA0F9 
 3531      29BFF81B 
ARM GAS  C:\Users\PUBLIC~1.LAP\AppData\Local\Temp\ccOn9AnM.s 			page 119


 3531      733E93EF 
 3532 0029 A6351073 		.ascii	"\2465\020s\023\276\201\030R\217Ds\2662-\\g\366\374#"
 3532      13BE8118 
 3532      528F4473 
 3532      B6322D5C 
 3532      67F6FC23 
 3533 003d EE12BE91 		.ascii	"\356\022\276\221\331c\337T\002\354F\267W\24280k\360"
 3533      D963DF54 
 3533      02EC46B7 
 3533      57A23830 
 3533      6BF0
 3534 004f 746DC15F 		.ascii	"tm\301_g\205X\022\264w\222\001\203\000}\000\210\000"
 3534      67855812 
 3534      B4779201 
 3534      83007D00 
 3534      8800
 3535 0061 33DDAFE1 		.ascii	"3\335\257\341s\032k\013P2\023\241\004%\205\010\322\245"
 3535      731A6B0B 
 3535      503213A1 
 3535      04258508 
 3535      D2A5
 3536 0073 413DFAEE 		.ascii	"A=\372\356\237\376\214'}\251g\003\270\224\204J\332\243"
 3536      9FFE8C27 
 3536      7DA96703 
 3536      B894844A 
 3536      DAA3
 3537 0085 91270620 		.ascii	"\221'\006 \3440\226\237<\034\217\274\270\240\036%P\234"
 3537      E430969F 
 3537      3C1C8FBC 
 3537      B8A01E25 
 3537      509C
 3538 0097 39D2F059 		.ascii	"9\322\360Y(\377\251uD\362\3149\311\340h\303\250G\373"
 3538      28FFA975 
 3538      44F2CC39 
 3538      C9E068C3 
 3538      A847FB
 3539 00aa 312EE3A7 		.ascii	"1.\343\247\207\261dK$3\264\305\324\225s\262\326r\225"
 3539      87B1644B 
 3539      2433B4C5 
 3539      D49573B2 
 3539      D67295
 3540 00bd F468EC05 		.ascii	"\364h\354\005\322\243\270\350\303\337a\377K\267\240"
 3540      D2A3B8E8 
 3540      C3DF61FF 
 3540      4BB7A0
 3541 00cc 6C93108B 		.ascii	"l\223\020\213\037~e\023r\316}\211E\2417~w+\350\356\240"
 3541      1F7E6513 
 3541      72CE7D89 
 3541      45A1377E 
 3541      772BE8EE 
 3542 00e1 EE588017 		.ascii	"\356X\200\027\254iN\346q\010Y\332\234\331\023\3736~"
 3542      AC694EE6 
 3542      710859DA 
 3542      9CD913FB 
 3542      367E
 3543 00f3 03D8373A 		.ascii	"\003\3307:\332=\302{\2420=z\245s0\262\327\253i\316\250"
 3543      DA3DC27B 
ARM GAS  C:\Users\PUBLIC~1.LAP\AppData\Local\Temp\ccOn9AnM.s 			page 120


 3543      A2303D7A 
 3543      A57330B2 
 3543      D7AB69CE 
 3544 0108 66BE5EDD 		.ascii	"f\276^\335I\020\027\263\350~,\343\025\335\370\266\354"
 3544      491017B3 
 3544      E87E2CE3 
 3544      15DDF8B6 
 3544      EC
 3545 0119 CB777AE4 		.ascii	"\313wz\344\373\002H\320r\011)\211\032\264H\346\021a"
 3545      FB0248D0 
 3545      72092989 
 3545      1AB448E6 
 3545      1161
 3546 012b 5F990A85 		.ascii	"_\231\012\205:\372\362G\376v\277\257\374\262\377\324"
 3546      3AFAF247 
 3546      FE76BFAF 
 3546      FCB2FFD4 
 3547 013b B3FEF179 		.ascii	"\263\376\361y\262\357\3642\364\325\225s\236\035mbZ9"
 3547      B2EFF432 
 3547      F4D59573 
 3547      9E1D6D62 
 3547      5A39
 3548 014d 9AC1F74D 		.ascii	"\232\301\367MLkJ\376\023+\007\322\001\361J\237\331\321"
 3548      4C6B4AFE 
 3548      132B07D2 
 3548      01F14A9F 
 3548      D9D1
 3549 015f 1564E951 		.ascii	"\025d\351Q\001\255\326\026\322\362-\354\365\372\227"
 3549      01ADD616 
 3549      D2F22DEC 
 3549      F5FA97
 3550 016e AE561D99 		.ascii	"\256V\035\231\210x2I4\211\010/\025p\3319\037\262\242"
 3550      88783249 
 3550      3489082F 
 3550      1570D939 
 3550      1FB2A2
 3551 0181 B4BD12CC 		.ascii	"\264\275\022\314\242\014\013Yq\313\334M\021\263\330"
 3551      A20C0B59 
 3551      71CBDC4D 
 3551      11B3D8
 3552 0190 0B16B5AA 		.ascii	"\013\026\265\252\277\235\014\033\220\012K\361\227\367"
 3552      BF9D0C1B 
 3552      900A4BF1 
 3552      97F7
 3553 019e 19D965EB 		.ascii	"\031\331e\353\016dE`u\037\377\261[\323\243)fq\361\247"
 3553      0E644560 
 3553      751FFFB1 
 3553      5BD3A329 
 3553      6671F1A7 
 3554 01b2 9F483569 		.ascii	"\237H5i\336\351/B\321\025\004cI\217\365\236\330\266"
 3554      DEE92F42 
 3554      D1150463 
 3554      498FF59E 
 3554      D8B6
 3555 01c4 43EDDE74 		.ascii	"C\355\336t\230\234\254f\236\272\370\310K0\262\275s\036"
 3555      989CAC66 
 3555      9EBAF8C8 
ARM GAS  C:\Users\PUBLIC~1.LAP\AppData\Local\Temp\ccOn9AnM.s 			page 121


 3555      4B30B2BD 
 3555      731E
 3556 01d6 43B59BF7 		.ascii	"C\265\233\367\035>\025\253\234\263\314Q\035\027\243"
 3556      1D3E15AB 
 3556      9CB3CC51 
 3556      1D17A3
 3557 01e5 5C29B101 		.ascii	"\\)\261\001=_\017w\316\005\030\004\352tr\267\032\016"
 3557      3D5F0F77 
 3557      CE051804 
 3557      EA7472B7 
 3557      1A0E
 3558 01f7 A747E7C6 		.ascii	"\247G\347\306\243\213\351\275\247\343\341^\220\207\033"
 3558      A38BE9BD 
 3558      A7E3E15E 
 3558      90871B
 3559 0206 06E70607 		.ascii	"\006\347\006\007\301\346\006\347\222\322\013\362\340"
 3559      C1E606E7 
 3559      92D20BF2 
 3559      E0
 3560 0213 BEB9E0E4 		.ascii	"\276\271\340\344n\300\334\255v\373\001k\301_\015\310"
 3560      6EC0DCAD 
 3560      76FB016B 
 3560      C15F0DC8 
 3561 0223 AB6DC8A0 		.ascii	"\253m\310\240\273\321\345(\320\310\274<\350\355\340"
 3561      BBD1E528 
 3561      D0C8BC3C 
 3561      E8EDE0
 3562 0232 82346BAE 		.ascii	"\2024k\256G\247Scc\263\321D\250`K\262\357Nq\214\221"
 3562      47A75363 
 3562      63B3D144 
 3562      A8604BB2 
 3562      EF4E718C 
 3563 0247 C56CD3B0 		.ascii	"\305l\323\260R\244\334\213\273;\324\304\030\201pn\032"
 3563      52A4DC8B 
 3563      BB3BD4C4 
 3563      1881706E 
 3563      1A
 3564 0258 9689A650 		.ascii	"\226\211\246P\305\002gX3\177]Y\371T\347\311\011\256"
 3564      C5026758 
 3564      337F5D59 
 3564      F954E7C9 
 3564      09AE
 3565 026a 66FE81B4 		.ascii	"f\376\201\264\333\346U7\265\310\017\207[\243aS\250Q"
 3565      DBE65537 
 3565      B5C80F87 
 3565      5BA36153 
 3565      A851
 3566 027c 38C80C32 		.ascii	"8\310\0142\210\031\013D$Ia!\007`\002\231)[\017\022 "
 3566      88190B44 
 3566      24496121 
 3566      07600299 
 3566      295B0F12 
 3567 0291 C555EED0 		.ascii	"\305U\356\320P0\267n\3753U\322\323\342\253\374\200n"
 3567      5030B76E 
 3567      FD3355D2 
 3567      D3E2ABFC 
 3567      806E
ARM GAS  C:\Users\PUBLIC~1.LAP\AppData\Local\Temp\ccOn9AnM.s 			page 122


 3568 02a3 A224F7E7 		.ascii	"\242$\367\347\3105A\224[u\033]\030?\335\345\207W/Sb"
 3568      C8354194 
 3568      5B751B5D 
 3568      183FDDE5 
 3568      87572F53 
 3569 02b8 7BD56496 		.ascii	"{\325d\226\311\341\333M\014\330\274\021up\2660\020/"
 3569      C9E1DB4D 
 3569      0CD8BC11 
 3569      7570B630 
 3569      102F
 3570 02ca A2503868 		.ascii	"\242P8hLe\013\237K\024M\216\332kO\311\363Q\367\357\366"
 3570      4C650B9F 
 3570      4B144D8E 
 3570      DA6B4FC9 
 3570      F351F7EF 
 3571 02df 1ED58C75 		.ascii	"\036\325\214uk_(\302\"\240\235s!`\302\222\033\234\361"
 3571      6B5F28C2 
 3571      22A09D73 
 3571      2160C292 
 3571      1B9CF1
 3572 02f2 2CAF6CA4 		.ascii	",\257l\244\372\207\306F\3007 \205W\003`\351\307\261"
 3572      FA87C646 
 3572      C0372085 
 3572      570360E9 
 3572      C7B1
 3573 0304 24A8833B 		.ascii	"$\250\203;\017\335T\241\010\201\340\2767P\356\244\015"
 3573      0FDD54A1 
 3573      0881E0BE 
 3573      3750EEA4 
 3573      0D
 3574 0315 F503E113 		.ascii	"\365\003\341\023\262YY\210\247\302\306af\011i\205\214"
 3574      B2595988 
 3574      A7C2C661 
 3574      66096985 
 3574      8C
 3575 0326 90887107 		.ascii	"\220\210q\007u#\03696\030\306\220\212\3617\0011\025"
 3575      75231E39 
 3575      3618C690 
 3575      8AF13701 
 3575      3115
 3576              		.text
 3577              		.section	.gnu.lto_.symbol_nodes.840ce39e,"e",%progbits
 3578 0000 28B52FFD 		.ascii	"(\265/\375`\213\002\235\014\000\326\322H@ \3476\035"
 3578      608B029D 
 3578      0C00D6D2 
 3578      484020E7 
 3578      361D
 3579 0012 809009E6 		.ascii	"\200\220\011\346\337K\017\210\310\335\203\031\015\202"
 3579      DF4B0F88 
 3579      C8DD8319 
 3579      0D82
 3580 0020 DBC947B7 		.ascii	"\333\311G\267 qr\310`@a\352\331\234\210s@@ \252\001"
 3580      207172C8 
 3580      604061EA 
 3580      D99C8873 
 3580      404020AA 
 3581 0035 80010047 		.ascii	"\200\001\000G\346\262@\345\262@e\311@6\221\332\033\215"
ARM GAS  C:\Users\PUBLIC~1.LAP\AppData\Local\Temp\ccOn9AnM.s 			page 123


 3581      E6B240E5 
 3581      B24065C9 
 3581      403691DA 
 3581      1B8D
 3582 0047 22B5EF66 		.ascii	"\"\265\357f\323\226;:\0006\0008\000\0010\232S\352E\363"
 3582      D3963B3A 
 3582      00360038 
 3582      0001309A 
 3582      53EA45F3 
 3583 005b 498905CB 		.ascii	"I\211\005\313X\025\315%\212f\223\211n \220s\236\247"
 3583      5815CD25 
 3583      8A669389 
 3583      6E209073 
 3583      9EA7
 3584 006d 026E4691 		.ascii	"\002nF\221h\006_\256P4\021\315py\337\027\002\240\264"
 3584      68065FAE 
 3584      503411CD 
 3584      7079DF17 
 3584      02A0B4
 3585 0080 291D106E 		.ascii	")\035\020n\307\363<\017\242\025*\245\364\245\377en\275"
 3585      C7F33C0F 
 3585      A2152AA5 
 3585      F4A5FF65 
 3585      6EBD
 3586 0092 07E4F624 		.ascii	"\007\344\366$\315\342H\363\211\324<\263^\350Q\372p\212"
 3586      CDE248F3 
 3586      89D43CB3 
 3586      5EE851FA 
 3586      708A
 3587 00a4 34C76C48 		.ascii	"4\307lH3\014H\363\313Gs\350\321\354\322\321\334\302"
 3587      330C48F3 
 3587      CB4773E8 
 3587      D1ECD2D1 
 3587      DCC2
 3588 00b6 D1CCB2D1 		.ascii	"\321\314\262\321\274\242\321\254\222\321l\252_\030)"
 3588      BCA2D1AC 
 3588      92D16CAA 
 3588      5F1829
 3589 00c5 032A0109 		.ascii	"\003*\001\011\331/\023\313~\215[\013,@`3\312>Ru\330"
 3589      D92F13CB 
 3589      7E8D5B0B 
 3589      2C406033 
 3589      CA3E5275 
 3590 00da 97AC06E7 		.ascii	"\227\254\006\347\306\356\363\215\254\237scw}#\255\253"
 3590      C6EEF38D 
 3590      AC9F7363 
 3590      777D23AD 
 3590      AB
 3591 00eb 6375EE70 		.ascii	"cu\356p\263\027\313U\252\376\013\346n\271B\235h\024"
 3591      B317CB55 
 3591      AAFE0BE6 
 3591      6EB9429D 
 3591      6814
 3592 00fd E123BA67 		.ascii	"\341#\272g\344D\307\314\3201\220\013m\337Hk;\366]\240"
 3592      E444C7CC 
 3592      D031900B 
 3592      6DDF486B 
ARM GAS  C:\Users\PUBLIC~1.LAP\AppData\Local\Temp\ccOn9AnM.s 			page 124


 3592      3BF65DA0 
 3593 0111 7B40E7C0 		.ascii	"{@\347\300N{F\212\226\366\354[\222X&\250\332\261Q\373"
 3593      4E7B468A 
 3593      96F6EC5B 
 3593      925826A8 
 3593      DAB151FB 
 3594 0125 C1B78B63 		.ascii	"\301\267\213c\2529\200e\317\306\3353 \360\002\2312m"
 3594      AA398065 
 3594      CFC6DD33 
 3594      20F00299 
 3594      326D
 3595 0137 03A08842 		.ascii	"\003\240\210B\321\035\372\315\344\006\346\334dCg\007"
 3595      D11DFACD 
 3595      E406E6DC 
 3595      64436707 
 3596 0147 714888E1 		.ascii	"qH\210\341h\364\362.\017\362`\200\343\031\217\361b<"
 3596      68F4F22E 
 3596      0FF26080 
 3596      E3198FF1 
 3596      623C
 3597 0159 633C6D34 		.ascii	"c<m4\227\346\233\215\015\343\255=8u.H\376@\003\310\322"
 3597      97E69B8D 
 3597      0DE3AD3D 
 3597      38752E48 
 3597      FE4003C8 
 3598 016e EF2D1832 		.ascii	"\357-\0302\210\316?\362#>\302G~\344G\364\211\021`G."
 3598      88CE3FF2 
 3598      233EC247 
 3598      7EE447F4 
 3598      89116047 
 3599 0183 02E23CB4 		.ascii	"\002\342<\264\031%+\006\332+d\325dRG\037\316\3218V\023"
 3599      19252B06 
 3599      DA2B64D5 
 3599      6452471F 
 3599      CED13856 
 3600 0198 3BA72DE6 		.ascii	";\247-\346\004"
 3600      04
 3601              		.text
 3602              		.section	.gnu.lto_.refs.840ce39e,"e",%progbits
 3603 0000 28B52FFD 		.ascii	"(\265/\375 \257\355\002\000\002\305\017\031\220E\351"
 3603      20AFED02 
 3603      0002C50F 
 3603      199045E9 
 3604 0010 FFFFFFFF 		.ascii	"\377\377\377\377\377\377\237W^\227/%\317\332g\263\224"
 3604      FFFF9F57 
 3604      5E972F25 
 3604      CFDA67B3 
 3604      94
 3605 0021 B6ADC99D 		.ascii	"\266\255\311\235\002+\267x\023\252\273\010G\375\340"
 3605      022BB778 
 3605      13AABB08 
 3605      47FDE0
 3606 0030 4FCDE044 		.ascii	"O\315\340D\300\331\023\007\324v\312\231\332K\201\356"
 3606      C0D91307 
 3606      D476CA99 
 3606      DA4B81EE 
 3607 0040 A6F62A57 		.ascii	"\246\366*W\265S_\350\303\375\201\013\000MI\0000\276"
ARM GAS  C:\Users\PUBLIC~1.LAP\AppData\Local\Temp\ccOn9AnM.s 			page 125


 3607      B5535FE8 
 3607      C3FD810B 
 3607      004D4900 
 3607      30BE
 3608 0052 8A1018B0 		.ascii	"\212\020\030\260\0152\000L\300\224\226(f\025\006\030"
 3608      0D32004C 
 3608      C0949628 
 3608      66150618 
 3609 0062 04F94D27 		.ascii	"\004\371M'"
 3610              		.text
 3611              		.section	.gnu.lto_.decls.840ce39e,"e",%progbits
 3612 0000 28B52FFD 		.ascii	"(\265/\375`&2}\315\000\332=\201FW \014I;\035\256T\322"
 3612      6026327D 
 3612      CD00DA3D 
 3612      81465720 
 3612      0C493B1D 
 3613 0017 24E06A62 		.ascii	"$\340jbe\001\314\233\026\254\005\314y\335\374\337g|"
 3613      6501CC9B 
 3613      16AC05CC 
 3613      79DDFCDF 
 3613      677C
 3614 0029 F7139926 		.ascii	"\367\023\231&`.\233\030\340\257\"9\000X\240\274\304"
 3614      602E9B18 
 3614      E0AF2239 
 3614      0058A0BC 
 3614      C4
 3615 003a D7681DF9 		.ascii	"\327h\035\371\367\226p\017\341\370\231\252\321\0258"
 3615      F796700F 
 3615      E1F899AA 
 3615      D11538
 3616 0049 788F854E 		.ascii	"x\217\205N.\301\217\003\015\311\\\317\372\331U\305t"
 3616      2EC18F03 
 3616      0DC95CCF 
 3616      FAD955C5 
 3616      74
 3617 005a 37CA44CA 		.ascii	"7\312D\312SI\322&R&\231\002\372\003L\004u\0048\324'"
 3617      5349D226 
 3617      52269902 
 3617      FA034C04 
 3617      750438D4 
 3618 006f D2745B09 		.ascii	"\322t[\011\352\230\012\354\373\354\031H\373\315@=\301"
 3618      EA980AEC 
 3618      FBEC1948 
 3618      FBCD403D 
 3618      C1
 3619 0080 CD40757C 		.ascii	"\315@u|EcpiT\032\331\206\023\0343\372\264c(2\206*\244"
 3619      45637069 
 3619      541AD986 
 3619      131C33FA 
 3619      B4632832 
 3620 0097 4D86CC69 		.ascii	"M\206\314i\307p\372_|\322\225^\360J\316\201\007\216"
 3620      C770FA5F 
 3620      7CD2955E 
 3620      F04ACE81 
 3620      078E
 3621 00a9 9B41761E 		.ascii	"\233Av\036\313\037 \217\275\317\216\217h\277\027\250"
 3621      CB1F208F 
ARM GAS  C:\Users\PUBLIC~1.LAP\AppData\Local\Temp\ccOn9AnM.s 			page 126


 3621      BDCF8E8F 
 3621      68BF17A8 
 3622 00b9 37F05EA0 		.ascii	"7\360^\240:N\3232\367\202\232\302\351\204\336\347Q\300"
 3622      3A4ED332 
 3622      F7829AC2 
 3622      E984DEE7 
 3622      51C0
 3623 00cb 9872AD84 		.ascii	"\230r\255\204\375\370\273rEac/\364\005\005\360\233M"
 3623      FDF8BB72 
 3623      4561632F 
 3623      F40505F0 
 3623      9B4D
 3624 00dd D12BE5D2 		.ascii	"\321+\345\322\205\261\375\363\215\236\305\023}\213?"
 3624      85B1FDF3 
 3624      8D9EC513 
 3624      7D8B3F
 3625 00ec FA155F74 		.ascii	"\372\025_t\245?\344?\364*\276Y\001\307\225\244?\233"
 3625      A53FE43F 
 3625      F42ABE59 
 3625      01C795A4 
 3625      3F9B
 3626 00fe 0A6C589E 		.ascii	"\012lX\236\254\025\251\253\220\035\267\320\216Uh\307"
 3626      AC15A9AB 
 3626      901DB7D0 
 3626      8E5568C7 
 3627 010e 2550FC09 		.ascii	"%P\374\011\254\030%\304>\277S\345\323\312\261\265\247"
 3627      AC1825C4 
 3627      3EBF53E5 
 3627      D3CAB1B5 
 3627      A7
 3628 011f DD3FE84D 		.ascii	"\335?\350M\324\250\3417\345s\211\240\337\214>\272\007"
 3628      D4A8E137 
 3628      E57389A0 
 3628      DF8C3EBA 
 3628      07
 3629 0130 FA9FB017 		.ascii	"\372\237\260\027A@J\264\377\021}\257\334\300+\025\376"
 3629      41404AB4 
 3629      FF117DAF 
 3629      DCC02B15 
 3629      FE
 3630 0141 DE31B9C4 		.ascii	"\3361\271\304\327\025)D4\211+T\205B\325\177\314J\225"
 3630      D7152944 
 3630      34892B54 
 3630      8542D57F 
 3630      CC4A95
 3631 0154 18285B3F 		.ascii	"\030([?H\252\\*\301'\0219.,\355\337C\373G\265\177\223"
 3631      48AA5C2A 
 3631      C1271139 
 3631      2E2CEDDF 
 3631      43FB47B5 
 3632 016a F6C7A135 		.ascii	"\366\307\2415\\\032\025JM\013\031\215\270\031\237\367"
 3632      5C1A154A 
 3632      4D0B198D 
 3632      B8199FF7 
 3633 017a AE8FAB77 		.ascii	"\256\217\253w\247`$\370\246\344\355=\215r\245w\357>"
 3633      A76024F8 
 3633      A6E4ED3D 
ARM GAS  C:\Users\PUBLIC~1.LAP\AppData\Local\Temp\ccOn9AnM.s 			page 127


 3633      8D72A577 
 3633      EF3E
 3634 018c F9AB090A 		.ascii	"\371\253\011\0121rW\225\365\362\240\212^\314}\206\""
 3634      31725795 
 3634      F5F2A08A 
 3634      5ECC7D86 
 3634      22
 3635 019d 34E28B36 		.ascii	"4\342\2136\305\320x\367\011\256\373\253\301\365\331"
 3635      C5D078F7 
 3635      09AEFBAB 
 3635      C1F5D9
 3636 01ac BF85F617 		.ascii	"\277\205\366\027\322\376@z\203K\243:\031\232]\225!\375"
 3636      D2FE407A 
 3636      834BA33A 
 3636      199A5D95 
 3636      21FD
 3637 01be 69BF5034 		.ascii	"i\277P4\003.\215\312\344u\330\315h~fr\343b\370tDa\322"
 3637      032E8DCA 
 3637      E475D8CD 
 3637      687E6672 
 3637      E362F874 
 3638 01d5 44FB4DA2 		.ascii	"D\373M\242\375\252i\237\202%\271\200\005\207\224\256"
 3638      FDAA699F 
 3638      8225B980 
 3638      058794AE 
 3639 01e5 869B0640 		.ascii	"\206\233\006@\267\246\317g\266\270\"\271\243\317H\\"
 3639      B7A6CF67 
 3639      B6B822B9 
 3639      A3CF485C 
 3640 01f5 D05000B1 		.ascii	"\320P\000\261}&\323pG\230\244|\366\016\320\256\032n"
 3640      7D26D370 
 3640      4798A47C 
 3640      F60ED0AE 
 3640      1A6E
 3641 0207 3E635630 		.ascii	">cV0Y\345\371\270fPE\356\3265\213\272F\356\332\225\336"
 3641      59E5F9B8 
 3641      665045EE 
 3641      D6358BBA 
 3641      46EEDA95 
 3642 021c 2257CCEF 		.ascii	"\"W\314\357\331\025bccS\003\023\215\032+\322\371\016"
 3642      D9156263 
 3642      63530313 
 3642      8D1A2BD2 
 3642      F90E
 3643 022e B944AE54 		.ascii	"\271D\256T\303M\363!\3204\346\215Z\210\341\225i\277"
 3643      C34DF321 
 3643      D034E68D 
 3643      5A88E195 
 3643      69BF
 3644 0240 1AD498AB 		.ascii	"\032\324\230\253A\365\013\246\375\355^P]\314\312\242"
 3644      41F50BA6 
 3644      FDED5E50 
 3644      5DCCCAA2 
 3645 0250 60B5357D 		.ascii	"`\2655}&\273w^)4\241\322cWL\270\357\200(}\366\273\244"
 3645      26BB775E 
 3645      2934A1D2 
 3645      63574CB8 
ARM GAS  C:\Users\PUBLIC~1.LAP\AppData\Local\Temp\ccOn9AnM.s 			page 128


 3645      EF80287D 
 3646 0267 DD6F18D8 		.ascii	"\335o\030\330\013\223O\017\030`_\372\207\233\236\022"
 3646      0B934F0F 
 3646      18605FFA 
 3646      879B9E12 
 3647 0277 AC1A35D0 		.ascii	"\254\0325\320\211\021\324\347\256\313u\245\327\353^"
 3647      8911D4E7 
 3647      AECB75A5 
 3647      D7EB5E
 3648 0286 F9D5BA41 		.ascii	"\371\325\272A<O\367\006\332{\373\265\332\222\331A[C"
 3648      3C4FF706 
 3648      DA7BFBB5 
 3648      DA92D941 
 3648      5B43
 3649 0298 D1BDA7DE 		.ascii	"\321\275\247\336\201{\007\257\353\343N]\200\246[\006"
 3649      817B07AF 
 3649      EBE34E5D 
 3649      80A65B06 
 3650 02a8 CCD68A20 		.ascii	"\314\326\212 \253\032\033\233\341V\326U\226\232=G\373"
 3650      AB1A1B9B 
 3650      E156D655 
 3650      969A3D47 
 3650      FB
 3651 02b9 F45E50F5 		.ascii	"\364^P\365\245Q\257\325\315\312A\240\373o\357\351\314"
 3651      A551AFD5 
 3651      CDCA41A0 
 3651      FB6FEFE9 
 3651      CC
 3652 02ca 7D6267D5 		.ascii	"}bg\325\374\214\305bwB\314\350\263\237\240\245\027\310"
 3652      FC8CC562 
 3652      7742CCE8 
 3652      B39FA0A5 
 3652      17C8
 3653 02dc AE791C4F 		.ascii	"\256y\034O|K>\373\215v\011\301\335\001\260d{\340B\355"
 3653      7C4B3EFB 
 3653      8D7609C1 
 3653      DD01B064 
 3653      7BE042ED 
 3654 02f0 AF31B817 		.ascii	"\2571\270\027\324|i\324=\020\246\324tp\013\334\263\006"
 3654      D47C69D4 
 3654      3D10A6D4 
 3654      74700BDC 
 3654      B306
 3655 0302 7B39836C 		.ascii	"{9\203l\000\367\313\367\310\325\001\340\236)\330\233"
 3655      00F7CBF7 
 3655      C8D501E0 
 3655      9E29D89B 
 3656 0312 F201B867 		.ascii	"\362\001\270g\232\015:\3567\205\373\243\340~\217\270"
 3656      9A0D3AEE 
 3656      3785FBA3 
 3656      E07E8FB8 
 3657 0322 3F09DCEF 		.ascii	"?\011\334\357\225?\272\277\007h\306-\367\317q\277m\356"
 3657      953FBABF 
 3657      0768C62D 
 3657      F7CF71BF 
 3657      6DEE
 3658 0334 CF3A01DC 		.ascii	"\317:\001\334\363\320\204\300*Rf\230\374\352~/p\345"
ARM GAS  C:\Users\PUBLIC~1.LAP\AppData\Local\Temp\ccOn9AnM.s 			page 129


 3658      F3D084C0 
 3658      2A526698 
 3658      FCEA7E2F 
 3658      70E5
 3659 0346 7E7FB8DF 		.ascii	"~\177\270\337,\367K\343~y\270_\013\356\267\003/\202"
 3659      2CF74BE3 
 3659      7E79B85F 
 3659      0BEEB703 
 3659      2F82
 3660 0358 078107C0 		.ascii	"\007\201\007\300\375?\340\376\035p\377\015\270\377\207"
 3660      FD3FE0FE 
 3660      1D70FF0D 
 3660      B8FF87
 3661 0367 D780FB7B 		.ascii	"\327\200\373{p\177\013\270\177\005\334_\204\004\270"
 3661      707F0BB8 
 3661      7F05DC5F 
 3661      8404B8
 3662 0376 E3ADBD3E 		.ascii	"\343\255\275>;\367\267\221\200\373}\362\021(r\225\036"
 3662      3BF7B791 
 3662      80FB7DF2 
 3662      11287295 
 3662      1E
 3663 0387 0223700C 		.ascii	"\002#p\014\3568J\336\036\3357\300\375\222\340~?\360"
 3663      EE384ADE 
 3663      1EDD37C0 
 3663      FD92E07E 
 3663      3FF0
 3664 0399 E23AB9DF 		.ascii	"\342:\271\337\030 p\277&\270c\267<8w/\342\376\014\000"
 3664      182070BF 
 3664      26B863B7 
 3664      3C38772F 
 3664      E2FE0C00 
 3665 03ad C1DDD7DC 		.ascii	"\301\335\327\334\210\352\3761\356\216\200\027w\254\346"
 3665      88EAFE31 
 3665      EE8E8017 
 3665      77ACE6
 3666 03bc EE5BEECE 		.ascii	"\356[\356\316\025t\307c\356\377\201\373sp\377\004\270"
 3666      1574C763 
 3666      EEFF81FB 
 3666      7370FF04 
 3666      B8
 3667 03cd FF01DC1F 		.ascii	"\377\001\334\037\000\356_\343\376\030\334\337\202\373"
 3667      00EE5FE3 
 3667      FE18DCDF 
 3667      82FB
 3668 03db 5770FF16 		.ascii	"Wp\377\026\367\037\272\177v\277\201\356\267\212\373"
 3668      F71FBA7F 
 3668      76BF81EE 
 3668      B78AFB
 3669 03ea 9DE27EA5 		.ascii	"\235\342~\245\270\337>\367\273\347~\363\334/\236\373"
 3669      B8DF3EF7 
 3669      BBE77EF3 
 3669      DC2F9EFB 
 3670 03fa AD73BF72 		.ascii	"\255s\277r\356\327\203\373\205q\277R\356wu\367#\356"
 3670      EED783FB 
 3670      8571BF52 
 3670      EE7775F7 
ARM GAS  C:\Users\PUBLIC~1.LAP\AppData\Local\Temp\ccOn9AnM.s 			page 130


 3670      23EE
 3671 040c EEE57EDD 		.ascii	"\356\345~\335\375\242\271_8\367\233\301\375\272\271"
 3671      FDA2B95F 
 3671      38F79BC1 
 3671      FDBAB9
 3672 041b DF207737 		.ascii	"\337 w7\272\337)wOs\277l\356\027\211\373\345r\277A\334"
 3672      BADF2977 
 3672      4F73BF6C 
 3672      EE1789FB 
 3672      E572BF41 
 3673 0430 AF96FB9D 		.ascii	"\257\226\373\235\272\337\036\356\267\312\375R\271\337"
 3673      BADF1EEE 
 3673      B7CAFD52 
 3673      B9DF
 3674 043e 1DEE7704 		.ascii	"\035\356w\004\356\356\346\356m\356\216\304\335\331\334"
 3674      EEEEE6EE 
 3674      6DEE8EC4 
 3674      DDD9DC
 3675 044d FDCBDDC1 		.ascii	"\375\313\335\301\334\375\003w'\342\3564\201\201\201"
 3675      DCFD0377 
 3675      27E2EE34 
 3675      818181
 3676 045c 81EE42A7 		.ascii	"\201\356B\247\273\356q'\300\205\330\013;\245I\1776-"
 3676      BBEE7127 
 3676      C085D80B 
 3676      3BA5497F 
 3676      362D
 3677 046e 786C43C8 		.ascii	"xlC\310X\362\305D\320\262\322\020\215'Ez\010\0326\""
 3677      58F2C544 
 3677      D0B2D210 
 3677      8D27457A 
 3677      081A3622 
 3678 0482 F4E471E6 		.ascii	"\364\344q\346\030\315\035\013y\027^gao\276\275w\000"
 3678      18CD1D0B 
 3678      79175E67 
 3678      616FBEBD 
 3678      7700
 3679 0494 F2F42FE8 		.ascii	"\362\364/\350\347\363_\032\025\207a3L\303\305\320\017"
 3679      E7F35F1A 
 3679      15876133 
 3679      4CC3C5D0 
 3679      0F
 3680 04a5 B3323FAD 		.ascii	"\2632?\255\246\323g2\227\267+\347\216\317\316\342\203"
 3680      A6D36732 
 3680      97B72BE7 
 3680      8ECFCEE2 
 3680      83
 3681 04b6 C7B0D850 		.ascii	"\307\260\330PG\2157!=\355zN\347\356C\365\010\337n\273"
 3681      478D3721 
 3681      3DED7A4E 
 3681      E7EE43F5 
 3681      08DF6EBB 
 3682 04ca D33E74A2 		.ascii	"\323>t\242}\010\327\305\025|\352\341\324\202\013\013"
 3682      7D08D7C5 
 3682      157CEAE1 
 3682      D4820B0B 
 3683 04da 41C171F5 		.ascii	"A\301q\365\231\345E\211'\276 \017\347\346\203\006C\013"
ARM GAS  C:\Users\PUBLIC~1.LAP\AppData\Local\Temp\ccOn9AnM.s 			page 131


 3683      99E54589 
 3683      27BE200F 
 3683      E7E68306 
 3683      430B
 3684 04ec 4F9F674E 		.ascii	"O\237gNJ\237q\226\237U\236\235\232\006\202\257\256\024"
 3684      4A9F7196 
 3684      9F559E9D 
 3684      9A0682AF 
 3684      AE14
 3685 04fe 635D2A58 		.ascii	"c]*X\330\007\226\272\014\367\276\202\202\261`\236\320"
 3685      D80796BA 
 3685      0CF7BE82 
 3685      82B1609E 
 3685      D0
 3686 050f 9C8A5ED2 		.ascii	"\234\212^\322\206\244\210\241f\374#\306\205J\022\023"
 3686      86A488A1 
 3686      66FC23C6 
 3686      854A1213 
 3687 051f 1C4ADA87 		.ascii	"\034J\332\207.\254\\\350Ud\342\252\007\256z>\221H\371"
 3687      2EAC5CE8 
 3687      5564E2AA 
 3687      07AE7A3E 
 3687      9148F9
 3688 0532 FC4E0938 		.ascii	"\374N\01189\005\341\201\375\254\372\214\250v\014\327"
 3688      3905E181 
 3688      FDACFA8C 
 3688      A8760CD7 
 3689 0542 D0A61CC1 		.ascii	"\320\246\034\301;\360T\222\016\300\252\227%zMt\237S"
 3689      3BF05492 
 3689      0EC0AA97 
 3689      257A4D74 
 3689      9F53
 3690 0554 C050D809 		.ascii	"\300P\330\011G\341'\334\204\243X\307\225b\251\247r<"
 3690      47E127DC 
 3690      84A358C7 
 3690      9562A9A7 
 3690      723C
 3691 0566 03433F10 		.ascii	"\003C?\020\037E\325\375\336\221(\226\372\270\177{\252"
 3691      1F45D5FD 
 3691      DE912896 
 3691      FAB87F7B 
 3691      AA
 3692 0577 8BF64579 		.ascii	"\213\366Ey)ecX\012\273\3002\236\234\352\236\311\323"
 3692      29656358 
 3692      0ABBC032 
 3692      9E9CEA9E 
 3692      C9D3
 3693 0589 95255982 		.ascii	"\225%Y\202\2450\015\234\243\014/\212\245\376\357\001"
 3693      A5300D9C 
 3693      A30C2F8A 
 3693      A5FEEF01 
 3694 0599 9FB092FE 		.ascii	"\237\260\222\376\376b\264\256t\305\250\220q<\215\267"
 3694      FE62B4AE 
 3694      74C5A890 
 3694      713C8DB7 
 3695 05a9 39B4CF3E 		.ascii	"9\264\317>tb\033W\212o\340%|\0033\341\032\033H\301\335"
 3695      74621B57 
ARM GAS  C:\Users\PUBLIC~1.LAP\AppData\Local\Temp\ccOn9AnM.s 			page 132


 3695      8A6FE025 
 3695      7C0333E1 
 3695      1A1B48C1 
 3696 05be 48ABB119 		.ascii	"H\253\261\031\332\305\245\220\312y&8c\311\026\021\230"
 3696      DAC5A590 
 3696      CA792638 
 3696      63C91611 
 3696      98
 3697 05cf 766DA55D 		.ascii	"vm\245]Si\015\275\027\324\013ti\324\030&\250\353\223"
 3697      53690DBD 
 3697      17D40B74 
 3697      69D41826 
 3697      A8EB93
 3698 05e2 7E768D43 		.ascii	"~v\215C\373\265\302J\370\305\007!\201\201\223\256\024"
 3698      FBB5C24A 
 3698      F8C50721 
 3698      818193AE 
 3698      14
 3699 05f3 2B6124AC 		.ascii	"+a$\254\344d\026\265a!bg\242\210\232]\317\320\256\211"
 3699      E46416B5 
 3699      61216267 
 3699      A2889A5D 
 3699      CFD0AE89 
 3700 0607 B4EB14BA 		.ascii	"\264\353\024\272E\022;\237\033}\032\033\341\215\205"
 3700      45123B9F 
 3700      1B7D1A1B 
 3700      E18D85
 3701 0616 36D35A11 		.ascii	"6\323Z\021fq\245\330\010\257\360\367\361W\260\021\036"
 3701      6671A5D8 
 3701      08AFF0F7 
 3701      F157B011 
 3701      1E
 3702 0627 C2444C6E 		.ascii	"\302DLnp656\370\353HMH}\276\305\274\2501\305\001\332"
 3702      70363536 
 3702      F8EB484D 
 3702      487DBEC5 
 3702      BCA831C5 
 3703 063d 6917C669 		.ascii	"i\027\306i\027\222\351\237 \014)\031G>p\211\255\262"
 3703      1792E99F 
 3703      200C2919 
 3703      473E7089 
 3703      ADB2
 3704 064f 3C8C029F 		.ascii	"<\214\002\237\300*\256\024\247\300Ml\002;\317\362p\212"
 3704      C02AAE14 
 3704      A7C04D6C 
 3704      023BCFF2 
 3704      708A
 3705 0661 BB854B98 		.ascii	"\273\205K\230\005Y\375\326\222\336\011\034\024\334\201"
 3705      0559FDD6 
 3705      92DE091C 
 3705      14DC81
 3706 0670 42CC0A4B 		.ascii	"B\314\012K\273\320J\273\343\022\030\010\213i\210\305"
 3706      BBD04ABB 
 3706      E3121808 
 3706      8B6988C5 
 3707 0680 E71FF5AB 		.ascii	"\347\037\365\253G\335\216\034\330\0077\357^\330\020"
 3707      47DD8E1C 
ARM GAS  C:\Users\PUBLIC~1.LAP\AppData\Local\Temp\ccOn9AnM.s 			page 133


 3707      D80737EF 
 3707      5ED810
 3708 068f AF24ED42 		.ascii	"\257$\355B\026\332\205B\027T+1ZH\243\237]\350\243\251"
 3708      16DA8542 
 3708      17542B31 
 3708      5A48A39F 
 3708      5DE8A3A9 
 3709 06a3 184045D2 		.ascii	"\030@E\322\237U\225+}*?\005\350\211)\260G\316\256\372"
 3709      9F55952B 
 3709      7D2A3F05 
 3709      E88929B0 
 3709      47CEAEFA 
 3710 06b7 6957F1F4 		.ascii	"iW\361\364\363}\337\225:\333\373\265\230h+A\304D{\214"
 3710      F37DDF95 
 3710      3ADBFBB5 
 3710      98682B41 
 3710      C4447B8C 
 3711 06cb B3A9AEB6 		.ascii	"\263\251\256\266\351\275\304\355\360\252S\323P\256\364"
 3711      E9BDC4ED 
 3711      F0AA53D3 
 3711      50AEF4
 3712 06da F3DE2EEF 		.ascii	"\363\336.\357\357\036\217I\001v\354(\317_\242s\212\345"
 3712      EF1E8F49 
 3712      0176EC28 
 3712      CF5FA273 
 3712      8AE5
 3713 06ec FC4F7052 		.ascii	"\374OpR\234_\217\317\256\262\320\256\016iW\203\264\253"
 3713      9C5F8FCF 
 3713      AEB2D0AE 
 3713      0E695783 
 3713      B4AB
 3714 06fe 3E74EF24 		.ascii	">t\357$\006\2124\246\317s\323\012\240\250\270\236\350"
 3714      068A34A6 
 3714      CF73D30A 
 3714      A0A8B89E 
 3714      E8
 3715 070f 262F7761 		.ascii	"&/wa\0209Z\373\354A#\332\203B\264\007\273\364\335\227"
 3715      10395AFB 
 3715      EC4123DA 
 3715      8342B407 
 3715      BBF4DD97 
 3716 0723 4685FBB7 		.ascii	"F\205\373\267 U\236h}.!\004S\201\002\320\252\3067}\311"
 3716      20559E68 
 3716      7D2E2104 
 3716      538102D0 
 3716      AAC6377D 
 3717 0738 7817480F 		.ascii	"x\027H\017\003\357(L\021\216+\246\024\276\351E\335\265"
 3717      03EF284C 
 3717      118E2BA6 
 3717      14BEE945 
 3717      DDB5
 3718 074a BB5FBBE9 		.ascii	"\273_\273\351\357\355\302]5\247\027y\277\343\255\272"
 3718      EFEDC25D 
 3718      35A71779 
 3718      BFE3ADBA 
 3719 075a AAA8FDD6 		.ascii	"\252\250\375\326\213\335)X\320\206[\336;\275\216\237"
 3719      8BDD2958 
ARM GAS  C:\Users\PUBLIC~1.LAP\AppData\Local\Temp\ccOn9AnM.s 			page 134


 3719      D0865BDE 
 3719      3BBD8E9F 
 3720 076a FA72E6F5 		.ascii	"\372r\346\365\371\375\220[\364jI_\213\316\354\331\236"
 3720      F9FD905B 
 3720      F46A495F 
 3720      8BCEECD9 
 3720      9E
 3721 077b C80BF9B6 		.ascii	"\310\013\371\266?{#\237\344\207<\332+y\267_{$\237\366"
 3721      3F7B239F 
 3721      E4873CDA 
 3721      2B79B75F 
 3721      7B249FF6 
 3722 078f 45FEC895 		.ascii	"E\376\310\225\276\332\377\370\217=\331\373P\373\037"
 3722      BEDAFFF8 
 3722      8F3DD9FB 
 3722      50FB1F
 3723 079e F70B379F 		.ascii	"\367\0137\237\037l\340\275\335%WN(\317\203\030?#*\312"
 3723      1F6CE0BD 
 3723      DD25574E 
 3723      28CF8318 
 3723      3F232ACA 
 3724 07b2 8107AFF6 		.ascii	"\201\007\257\366\320_ri\312\354\240 \247\333d\356\322"
 3724      D05F7269 
 3724      CAECA020 
 3724      A7DB64EE 
 3724      D2
 3725 07c3 5DA9BB77 		.ascii	"]\251\273w\227\257\251.o\357\255D\355"
 3725      97AFA92E 
 3725      6FEFAD44 
 3725      ED
 3726 07d0 CB9C6E2C 		.ascii	"\313\234n,\207\215\215M\216b\007\247T\200\354\301,\235"
 3726      878D8D4D 
 3726      8E6207A7 
 3726      5480ECC1 
 3726      2C9D
 3727 07e2 DFC82E8D 		.ascii	"\337\310.\215\372\365a\017v\245/\366b\337u\277\266\215"
 3727      FAF5610F 
 3727      76A52FF6 
 3727      62DF75BF 
 3727      B68D
 3728 07f4 B5E88BBD 		.ascii	"\265\350\213\275\327\345\353\"\213\356\275_\354\271"
 3728      D7E5EB22 
 3728      8BEEBD5F 
 3728      ECB9
 3729 0802 2E926605 		.ascii	".\222f\005\033mI\177\025\330\330\330\274\363\371\347"
 3729      1B6D497F 
 3729      15D8D8D8 
 3729      BCF3F9E7 
 3730 0812 D4D9833F 		.ascii	"\324\331\203?\264\007\251\264\007\237\264\007\233\264"
 3730      B407A9B4 
 3730      079FB407 
 3730      9BB4
 3731 0820 D65F7DD6 		.ascii	"\326_}\326\235\202\355\237\270\014\224\336\346\250\376"
 3731      9D82ED9F 
 3731      B80C94DE 
 3731      E6A8FE
 3732 082f 3EC895BE 		.ascii	">\310\225\276\326O[\224\236\276\312r\366\354\226\205"
ARM GAS  C:\Users\PUBLIC~1.LAP\AppData\Local\Temp\ccOn9AnM.s 			page 135


 3732      D64F5B94 
 3732      9EBECA72 
 3732      F6EC9685 
 3733 083f D5B6F6E3 		.ascii	"\325\266\366\343\367\031\353\201X`\007\345\004\232\366"
 3733      F719EB81 
 3733      586007E5 
 3733      049AF6
 3734 084e 6CA63D8B 		.ascii	"l\246=\213i\317[Z\346\322X\365 B\226\242\355s\0256\223"
 3734      69CF5B5A 
 3734      E6D258F5 
 3734      204296A2 
 3734      ED731536 
 3735 0863 6E4179F0 		.ascii	"nAy\360x\252\\CE\225\216\033\3323tJ\312\310\012\271"
 3735      78AA5C43 
 3735      45958E1B 
 3735      DA33744A 
 3735      CAC80AB9 
 3736 0877 219FA779 		.ascii	"!\237\247y}]BF\237\037\352\037J\000V\366\366\371\250"
 3736      7D5D4246 
 3736      9F1FEA1F 
 3736      4A0056F6 
 3736      F6F9A8
 3737 088a 8FFA43FD 		.ascii	"\217\372C\375\323\275\031\356\315\020\343\"\346\003"
 3737      D3BD19EE 
 3737      CD10E322 
 3737      E603
 3738 0898 C548CD9E 		.ascii	"\305H\315\236\225\264\347#]\223\207\232r\010\227\204"
 3738      95B4E723 
 3738      5D93879A 
 3738      72089784 
 3739 08a8 B0717D7E 		.ascii	"\260q}~\033\177\343J3\370`_\270O%\212\316QY\005\352"
 3739      1B7FE34A 
 3739      33F8605F 
 3739      B84F258A 
 3739      CE515905 
 3740 08bd 9A155DD9 		.ascii	"\232\025]\331\313\273p\337]\322A\012QVZ\314\235\256"
 3740      CBBB70DF 
 3740      5DD2410A 
 3740      51565ACC 
 3740      9DAE
 3741 08cf E1D2CA5C 		.ascii	"\341\322\312\\y+k\341\276\340\363\031\247\0004\"*T\202"
 3741      792B6BE1 
 3741      BEE0F319 
 3741      A7003422 
 3741      2A5482
 3742 08e2 C0D80A92 		.ascii	"\300\330\012\222\342\263\307\014i\217\361\231f'\267"
 3742      E2B3C70C 
 3742      698FF199 
 3742      6627B7
 3743 08f1 A8AB2459 		.ascii	"\250\253$Yx\001\230\013\003\373\\\201\014i\306\312\322"
 3743      7801980B 
 3743      03FB5C81 
 3743      0C69C6CA 
 3743      D2
 3744 0902 0C64D814 		.ascii	"\014d\330\024\272\012\262\372\313W\236\201\274\340q"
 3744      BA0AB2FA 
 3744      CB579E81 
ARM GAS  C:\Users\PUBLIC~1.LAP\AppData\Local\Temp\ccOn9AnM.s 			page 136


 3744      BCE071
 3745 0911 C208DD8F 		.ascii	"\302\010\335\217:\031NT\306\246\252\015\255\024\300"
 3745      3A194E54 
 3745      C6A6AA0D 
 3745      AD14C0
 3746 0920 B255BED1 		.ascii	"\262U\276\321\244\205\214\277\3172Q)\251\\\3652\323"
 3746      A4858CBF 
 3746      CF325129 
 3746      A95CF532 
 3746      D3
 3747 0931 A0ADB368 		.ascii	"\240\255\263h\260\310I5\304\303s\325\022\024\026\332"
 3747      B0C84935 
 3747      C4C373D5 
 3747      121416DA 
 3748 0941 E74C85CD 		.ascii	"\347L\205\315\202L\274\342\334>\347\035\330\351jW\321"
 3748      824CBCE2 
 3748      DC3EE71D 
 3748      D8E96A57 
 3748      D1
 3749 0952 1D9FF314 		.ascii	"\035\237\363\024N\203\001\004b\205\350s\022-\003}z\312"
 3749      4E830104 
 3749      6285E873 
 3749      122D037D 
 3749      7ACA
 3750 0964 511F64CB 		.ascii	"Q\037d\313x\200T\224*\253\030\250\025AE\240<G\011\247"
 3750      78805494 
 3750      2AAB18A8 
 3750      154145A0 
 3750      3C4709A7 
 3751 0978 B0CE82B0 		.ascii	"\260\316\202\260\231\013W\024\331\224\014-s\026B\016"
 3751      990B5714 
 3751      D9940C2D 
 3751      7316420E 
 3752 0988 F71CD949 		.ascii	"\367\034\331I\003\364\007.\203\033t\216J\203\013\335"
 3752      03F4072E 
 3752      831B748E 
 3752      4A830BDD 
 3753 0998 9D4F544E 		.ascii	"\235OTN\301\263\223_\222\334\364AH\000\277\254\300<"
 3753      C1B3935F 
 3753      92DCF441 
 3753      4800BFAC 
 3753      C03C
 3754 09aa 758EE199 		.ascii	"u\216\341\231)F\276\221\375\366\3761a\032\004\266\235"
 3754      2946BE91 
 3754      FDF6FE31 
 3754      611A04B6 
 3754      9D
 3755 09bb 303458D8 		.ascii	"04X\330\3723\3126<\337\020n\037v&>\347\032\302\354\025"
 3755      FA33CA36 
 3755      3CDF106E 
 3755      1F76263E 
 3755      E71AC2EC 
 3756 09d0 1D52228C 		.ascii	"\035R\"\214R\267\221>g\032\236\227\346\344\330\2028"
 3756      52B7913E 
 3756      671A9E97 
 3756      E6E4D882 
 3756      38
ARM GAS  C:\Users\PUBLIC~1.LAP\AppData\Local\Temp\ccOn9AnM.s 			page 137


 3757 09e1 759EE119 		.ascii	"u\236\341\031\352>\014*\031\331Q}v\230\037\355\236e"
 3757      EA3E0C2A 
 3757      19D9517D 
 3757      76981FED 
 3757      9E65
 3758 09f3 B80F5D72 		.ascii	"\270\017]r\264%\331\003\324\376r\247e\346\222\222\262"
 3758      B425D903 
 3758      D4FE72A7 
 3758      65E69292 
 3758      B2
 3759 0a04 12067B6F 		.ascii	"\022\006{o\024\373\346\335\355\260cz\226\240\241\024"
 3759      14FBE6DD 
 3759      EDB0637A 
 3759      96A0A114 
 3760 0a14 9644851A 		.ascii	"\226D\205\032\233\236\231\201\204\264\343\207\313\263"
 3760      9B9E9981 
 3760      84B4E387 
 3760      CBB3
 3761 0a22 489AA34C 		.ascii	"H\232\243L\317p\035\035\375\3054\253PT\001\321\025\232"
 3761      CF701D1D 
 3761      FDC534AB 
 3761      505401D1 
 3761      159A
 3762 0a34 2C58E03E 		.ascii	",X\340>\022RB/-\314\374\252|\366\027']\201JH(\027]\240"
 3762      1252422F 
 3762      2DCCFCAA 
 3762      7CF61727 
 3762      5D814A48 
 3763 0a4c 2CAA33A4 		.ascii	",\2523\244\204\322\347\\\224\2370R\206\224\304>\347"
 3763      84D2E75C 
 3763      949F3052 
 3763      8694C43E 
 3763      E7
 3764 0a5d E7E7A14C 		.ascii	"\347\347\241L\344\371\231W\270\000\355\374\314{\373"
 3764      E4F99957 
 3764      B800EDFC 
 3764      CC7BFB
 3765 0a6c DC9B01E6 		.ascii	"\334\233\001\346\336\014XEY\227\237\232\375\305\206"
 3765      DE0C5845 
 3765      59979F9A 
 3765      FDC586
 3766 0a7b F69714BA 		.ascii	"\366\227\024\272\202_N\221S\340>-\263\203\316\222\242"
 3766      825F4E91 
 3766      53E03E2D 
 3766      B383CE92 
 3766      A2
 3767 0a8c 4C7C2BE4 		.ascii	"L|+\344\250h\032\245l\"\233\310'\312b\250&\306Pde\247"
 3767      A8681AA5 
 3767      6C229BC8 
 3767      27CA62A8 
 3767      26C65064 
 3768 0aa2 E7132D5B 		.ascii	"\347\023-[C\236A\037D\025\010\365\315\241\322\322\034"
 3768      439E411F 
 3768      441508F5 
 3768      CDA1D2D2 
 3768      1C
 3769 0ab3 95279A66 		.ascii	"\225'\232fJn\346f\006\262;\263\233Fy\345\037\317@\337"
ARM GAS  C:\Users\PUBLIC~1.LAP\AppData\Local\Temp\ccOn9AnM.s 			page 138


 3769      4A6EE666 
 3769      06B23BB3 
 3769      9B4679E5 
 3769      1FCF40DF 
 3770 0ac7 0C3E1111 		.ascii	"\014>\021\021\301\370\234}~i\312\305\324\030v\266\014"
 3770      C1F89C7D 
 3770      7E69CAC5 
 3770      D41876B6 
 3770      0C
 3771 0ad8 B9136264 		.ascii	"\271\023bdM[\270\002\004\304\201=at0\321\0319\206\256"
 3771      4D5BB802 
 3771      04C4813D 
 3771      617430D1 
 3771      193986AE 
 3772 0aec 380EBC5D 		.ascii	"8\016\274]rXvK\005\020\212\242'\246/\274\250R\005\343"
 3772      7258764B 
 3772      05108AA2 
 3772      27A62FBC 
 3772      A85205E3 
 3773 0b00 99A0B3CA 		.ascii	"\231\240\263\312\333HH\032\256\015\027cQ\237\335\005"
 3773      DB48481A 
 3773      AE0D1763 
 3773      519FDD05 
 3774 0b10 4B63889A 		.ascii	"Kc\210\2322\005\367e\351\271\334\3201~!\\)\226\202\247"
 3774      3205F765 
 3774      E9B9DCD0 
 3774      317E215C 
 3774      299682A7 
 3775 0b24 2E00DD45 		.ascii	".\000\335E\015\220\"\312J\373\333\033)\001\302\242i"
 3775      0D9022CA 
 3775      4AFBDB1B 
 3775      2901C2A2 
 3775      69
 3776 0b35 F3084F63 		.ascii	"\363\010Och\362\361\341\276\337A6\306\362\\\317q\237"
 3776      68F2F1E1 
 3776      BEDF4136 
 3776      C6F25CCF 
 3776      719F
 3777 0b47 4BA01D93 		.ascii	"K\240\035\223\023F4\006\267\275=\037-]\272F,/\017\327"
 3777      13463406 
 3777      B7BD3D1F 
 3777      2D5DBA46 
 3777      2C2F0FD7 
 3778 0b5b D10CC968 		.ascii	"\321\014\311h\201\322\024\264\270\273\303xK4HIU\025"
 3778      81D214B4 
 3778      B8BBC378 
 3778      4B344849 
 3778      5515
 3779 0b6d 3D718CF7 		.ascii	"=q\214\367A\301#%\300\347\007\015\377\244\230\254(\351"
 3779      41C12325 
 3779      C0E7070D 
 3779      FFA498AC 
 3779      28E9
 3780 0b7f 1ABEB939 		.ascii	"\032\276\2719\\\367\320\275\267\220\030#!\272<:\307"
 3780      5CF7D0BD 
 3780      B7901823 
 3780      21BA3C3A 
ARM GAS  C:\Users\PUBLIC~1.LAP\AppData\Local\Temp\ccOn9AnM.s 			page 139


 3780      C7
 3781 0b90 75663147 		.ascii	"uf1G?\302\220>c'\327\214\031=B\304L86\026\006\344\263"
 3781      3FC2903E 
 3781      6327D78C 
 3781      193D42C4 
 3781      4C383616 
 3782 0ba7 B7FCE80A 		.ascii	"\267\374\350\012\300\342\342\260\334p\357\355cG%\310"
 3782      C0E2E2B0 
 3782      DC70EFED 
 3782      634725C8 
 3783 0bb7 CA3113C7 		.ascii	"\3121\023\307rw\372\201J`>>\273\336\235\306D)\361\261"
 3783      7277FA81 
 3783      4A603E3E 
 3783      BBDE9DC6 
 3783      4429F1B1 
 3784 0bcb D8D317D2 		.ascii	"\330\323\027\322B\300J\360\233c8\214vs\354\037\270\005"
 3784      42C04AF0 
 3784      9B63388C 
 3784      7673EC1F 
 3784      B805
 3785 0bdd 28D1AA2A 		.ascii	"(\321\252*\372\333HO\015\316B\245eBx^p\367\026\245\""
 3785      FADB484F 
 3785      0DCE42A5 
 3785      6542785E 
 3785      70F716A5 
 3786 0bf2 392B7C42 		.ascii	"9+|B\024\\/\\|\276;\204\2751\330\233\205OS\306\011\264"
 3786      145C2F5C 
 3786      7CBE3B84 
 3786      BD31D89B 
 3786      854F53C6 
 3787 0c08 44749D5C 		.ascii	"Dt\235\\K\315\015\264\2247\343\344\202>38\247KE\033"
 3787      4BCD0DB4 
 3787      9437E3E4 
 3787      823E3338 
 3787      A74B451B 
 3788 0c1c 08FABC1B 		.ascii	"\010\372\274\033\310\347\351\234\356=\2637t;\271\226"
 3788      C8E7E99C 
 3788      EE3DB337 
 3788      743BB996 
 3789 0c2c 8866F6D4 		.ascii	"\210f\366\324\347\271\247{_+ \350vn\350\363:\367\022"
 3789      E7B9A77B 
 3789      5F2B20E8 
 3789      766EE8F3 
 3789      3AF712
 3790 0c3f 74C60904 		.ascii	"t\306\011\004mn\256%\242\273\271\226\236N\256\245\347"
 3790      6D6EAE25 
 3790      A2BBB996 
 3790      9E4EAEA5 
 3790      E7
 3791 0c50 8C73EAB3 		.ascii	"\214s\352\263\367\324\247\231ao\237\247\223\013\352"
 3791      F7D4A799 
 3791      616F9FA7 
 3791      930BEA
 3792 0c5f 39B38196 		.ascii	"9\263\201\226\232N.\037\242\020\366nN\3715o\363g\013"
 3792      9A4E2E1F 
 3792      A210F66E 
 3792      4EF9356F 
ARM GAS  C:\Users\PUBLIC~1.LAP\AppData\Local\Temp\ccOn9AnM.s 			page 140


 3792      F3670B
 3793 0c72 C7E6F251 		.ascii	"\307\346\362Q\361O\347N\332{\277\270S\240\215\2647\020"
 3793      F14FE74E 
 3793      DA7BBFB8 
 3793      53A08DB4 
 3793      3710
 3794 0c84 B482BD05 		.ascii	"\264\202\275\005u\266\375@c\266\325\212\350\211\275"
 3794      75B6FD40 
 3794      63B6D58A 
 3794      E889BD
 3795 0c93 B73A9534 		.ascii	"\267:\2254#d\373D\367\033\222\217\005\317\275\223\232"
 3795      2364FB44 
 3795      F71B928F 
 3795      05CFBD93 
 3795      9A
 3796 0ca4 D39DA44E 		.ascii	"\323\235\244N\367\266`\2775\337\356\364m7\205\000\355"
 3796      F7B660BF 
 3796      35DFEEF4 
 3796      6D378500 
 3796      ED
 3797 0cb5 7D85EC8D 		.ascii	"}\205\354\215db\357-\263\367~\331@E*~\230\240.&~\240"
 3797      6462EF2D 
 3797      B3F77ED9 
 3797      40452A7E 
 3797      98A02E26 
 3798 0ccb 419B8AC6 		.ascii	"A\233\212\306%rr1A;\240yqE\367\317\264y\235*\240;\272"
 3798      25727231 
 3798      413BA079 
 3798      7145F7CF 
 3798      B4799D2A 
 3799 0ce2 9D2C3D35 		.ascii	"\235,=5Ws\272\301\242\270@\271\251\235%q\2532g\367\374"
 3799      5773BAC1 
 3799      A2B840B9 
 3799      A99D2571 
 3799      AB3267F7 
 3800 0cf7 4CC61208 		.ascii	"L\306\022\010(\364\325\206K\350\321\010b[\203\376\251"
 3800      28F4D586 
 3800      4BE8D108 
 3800      625B83FE 
 3800      A9
 3801 0d08 B0F2798D 		.ascii	"\260\362y\215iF\336\227\323\025mE\025\301G\260\021\214"
 3801      6946DE97 
 3801      D3156D45 
 3801      15C147B0 
 3801      118C
 3802 0d1a E44AF11A 		.ascii	"\344J\361\032\026\363w\302j`8m-\036pX\344r\002L\017"
 3802      16F377C2 
 3802      6A60386D 
 3802      2D1E7058 
 3802      E472024C 
 3803 0d2f C30A1860 		.ascii	"\303\012\030`\3660\2178\353\372\342A\207\230\3149\336"
 3803      F6308F38 
 3803      EBFAE241 
 3803      8798CC39 
 3803      DE
 3804 0d40 B44C2209 		.ascii	"\264L\"\011H\266e\311<\256H\3452\304\312c\341\303\215"
 3804      48B665C9 
ARM GAS  C:\Users\PUBLIC~1.LAP\AppData\Local\Temp\ccOn9AnM.s 			page 141


 3804      3CAE48E5 
 3804      32C4CA63 
 3804      E1C38D
 3805 0d53 07A47249 		.ascii	"\007\244rI\002\012E\245N\222\003\314\236\033c\261\202"
 3805      020A45A5 
 3805      4E9203CC 
 3805      9E1B63B1 
 3805      82
 3806 0d64 1B37148B 		.ascii	"\0337\024\2139+\363\310Dz\340\300.\225\"p\270\361pS"
 3806      392BF3C8 
 3806      447AE0C0 
 3806      2E952270 
 3806      B8F17053 
 3807 0d78 82081C4A 		.ascii	"\202\010\034J\3700\201\014\260\311\243N\017q\204\016"
 3807      F830810C 
 3807      B0C9A34E 
 3807      0F71840E 
 3808 0d88 F1A504CB 		.ascii	"\361\245\004\313\343\312\352\200 &\331uui\231\2541\347"
 3808      E3CAEA80 
 3808      2026D975 
 3808      756999AC 
 3808      31E7
 3809 0d9a 685C5911 		.ascii	"h\\Y\021J$\273\254\361\320\2627,n\334\320\212\340\300"
 3809      4A24BBAC 
 3809      F1D0B237 
 3809      2C6EDCD0 
 3809      8AE0C0
 3810 0dad 43CB32D9 		.ascii	"C\3132\331\017\312\0216\320\001c\321\305Xl\217#\230"
 3810      0FCA1136 
 3810      D00163D1 
 3810      C5586C8F 
 3810      2398
 3811 0dbf EBBABE8C 		.ascii	"\353\272\276\214P.\215\2552)\014Adur\313L*\213\301\266"
 3811      502E8DAD 
 3811      32290C41 
 3811      647572CB 
 3811      4C2A8BC1 
 3812 0dd4 C8EE9060 		.ascii	"\310\356\220`\327\344\261\3259\362\200XW\231\226\271"
 3812      D7E4B1D5 
 3812      39F28058 
 3812      579996B9 
 3813 0de4 3C92D016 		.ascii	"<\222\320\026Y\035\366\006G\207=\202@9B\214r\204\031"
 3813      591DF606 
 3813      47873D82 
 3813      4039428C 
 3813      728419
 3814 0df7 1DA59202 		.ascii	"\035\245\222\002k\020\207]\036yJ\300~H*\217\355\016"
 3814      6B10875D 
 3814      1E794AC0 
 3814      7E482A8F 
 3814      ED0E
 3815 0e09 92659726 		.ascii	"\222e\227&0=Tp\363A\346\306\003.7-\217\222E\0367`\341"
 3815      303D5470 
 3815      F341E6C6 
 3815      032E372D 
 3815      8F92451E 
 3816 0e20 66876575 		.ascii	"f\207eun\224\026x\361\320\203Cd?\030\2137\306b\013\005"
ARM GAS  C:\Users\PUBLIC~1.LAP\AppData\Local\Temp\ccOn9AnM.s 			page 142


 3816      6E941678 
 3816      F1D08343 
 3816      643F188B 
 3816      37C6620B 
 3817 0e35 3D1B188B 		.ascii	"=\033\030\213\230\325\341\301a\215E&\206\031\034\"k"
 3817      98D5E1C1 
 3817      618D4526 
 3817      86191C22 
 3817      6B
 3818 0e46 2462A880 		.ascii	"$b\250\200\223<\032Y\020k\273d)`qd|\203\035\036\026"
 3818      933C1A59 
 3818      106BBB64 
 3818      29607164 
 3818      7C831D1E 
 3819 0e5b 05E288D5 		.ascii	"\005\342\210\325Xd\256\253\213o\200\324\200\004\333"
 3819      5864AEAB 
 3819      8B6F80D4 
 3819      8004DB
 3820 0e6a 2E954516 		.ascii	".\225E\026Gj\300\374@\004rI\034\372\007\035p\273\266"
 3820      476AC0FC 
 3820      40047249 
 3820      1CFA071D 
 3820      70BBB6
 3821 0e7d 2274BBC6 		.ascii	"\"t\273\306\310\024\223<!\362\222\270\203q\210J\035"
 3821      C814933C 
 3821      21F292B8 
 3821      8371884A 
 3821      1D
 3822 0e8e B6C58D1B 		.ascii	"\266\305\215\033\220,\263\203vm\223\305`\233,\342v\205"
 3822      902CB383 
 3822      766D93C5 
 3822      609B2CE2 
 3822      7685
 3823 0ea0 71E3861C 		.ascii	"q\343\206\034&r-\036\223\304\235a\016\017\010\026gE"
 3823      26722D1E 
 3823      93C49D61 
 3823      0E0F0816 
 3823      6745
 3824 0eb2 B2392070 		.ascii	"\2629 pp\273\272\264Iv\271\344)\366,\203\355z\241]\207"
 3824      70BBBAB4 
 3824      4976B9E4 
 3824      29F62C83 
 3824      ED7AA15D 
 3825 0ec7 CC1EA690 		.ascii	"\314\036\246\220\271d\221G\236vy\024\261\032\213\030"
 3825      B9649147 
 3825      9E767914 
 3825      B11A8B18 
 3826 0ed7 DA558728 		.ascii	"\332U\207(b\311\266\311#\263\207\371\022l\327\230\226"
 3826      62C9B6C9 
 3826      23B387F9 
 3826      126CD798 
 3826      96
 3827 0ee8 D9EAB038 		.ascii	"\331\352\2608\253\261\370\202\023lE\250\355\312\322"
 3827      ABB1F882 
 3827      136C45A8 
 3827      EDCAD2
 3828 0ef7 B36C99C7 		.ascii	"\263l\231\307\034v\271\032\213-9\354R\330\256C\234\343"
ARM GAS  C:\Users\PUBLIC~1.LAP\AppData\Local\Temp\ccOn9AnM.s 			page 143


 3828      1C76B91A 
 3828      8B2D39EC 
 3828      52D8AE43 
 3828      9CE3
 3829 0f09 2A6C57D5 		.ascii	"*lW\325\215\033\026\320\256kK\346)\206X\346v\265\220"
 3829      8D1B16D0 
 3829      AE6B4BE6 
 3829      298658E6 
 3829      76B590
 3830 0f1c 730C7121 		.ascii	"s\014q!\347\030\"\251,\252\311#\021\311\242\243T\356"
 3830      E71822A9 
 3830      2CAAC923 
 3830      11C9A2A3 
 3830      54EE
 3831 0f2e 208339B8 		.ascii	" \2039\270\243.q\214\330\215\033\330\245\262h,r(A\203"
 3831      A32E718C 
 3831      D88D1BD8 
 3831      A5B2682C 
 3831      72284183 
 3832 0f42 0F4494F0 		.ascii	"\017D\224\360a\002\034\230\034\222J$RY\214@K\202m\223"
 3832      61021C98 
 3832      1C924A24 
 3832      52598C40 
 3832      4B826D93 
 3833 0f56 CAA20B89 		.ascii	"\312\242\013\211\266\330&\217k\273T\356\264\3540\237"
 3833      B6D8268F 
 3833      6BBB54EE 
 3833      B4EC309F 
 3834 0f66 445BC44B 		.ascii	"D[\304K\265]_\330b\222\3302\223\307\225\251\\\215E\230"
 3834      B55D5FD8 
 3834      6292D832 
 3834      93C795A9 
 3834      5C8D4598 
 3835 0f7a 259B1CA1 		.ascii	"%\233\034\241\014.\211\306bf\221\304df\231D\020\304"
 3835      0C2E89C6 
 3835      626691C4 
 3835      64669944 
 3835      10C4
 3836 0f8c 64CE5187 		.ascii	"d\316Q\207\210B\313d\301I\262\304V\263-\261e\006\333"
 3836      8842CB64 
 3836      C149B2C4 
 3836      56B32DB1 
 3836      6506DB
 3837 0f9f 95       		.ascii	"\225"
 3838 0fa0 C551225B 		.ascii	"\305Q\"[!3\207\250\023\"\330\256\255\220\031\202]\346"
 3838      213387A8 
 3838      1322D8AE 
 3838      AD901982 
 3838      5DE6
 3839 0fb2 224B0210 		.ascii	"\"K\002\020J\020r\230\310\036\234\245\312\342(\213\355"
 3839      4A107298 
 3839      C81E9CA5 
 3839      CAE2288B 
 3839      ED
 3840 0fc3 9104AB77 		.ascii	"\221\004\253wH\000B\331\216P\333\225-&\331%\033\202"
 3840      480042D9 
 3840      8E50DB95 
ARM GAS  C:\Users\PUBLIC~1.LAP\AppData\Local\Temp\ccOn9AnM.s 			page 144


 3840      2D26D925 
 3840      1B82
 3841 0fd5 5D566857 		.ascii	"]VhW\215Cd\227\306vg\331\266#\202\355\232\303D\006s"
 3841      8D436497 
 3841      C67667D9 
 3841      B62382ED 
 3841      9AC34406 
 3842 0fea 984C21BB 		.ascii	"\230L!\273T\032w\210H\226\271\032\213.;H\226\331\216"
 3842      541A7788 
 3842      4896B91A 
 3842      8B2E3B48 
 3842      96D98E
 3843 0ffd 507748B4 		.ascii	"PwH\264\310v\204:\202Uyn\273\016WcQ\230\223<\266G\342"
 3843      C876843A 
 3843      8255796E 
 3843      BB0E5763 
 3843      5198933C 
 3844 1014 08610E13 		.ascii	"\010a\016\023\251\333\025\005&\021\331&Y\021lKN\362"
 3844      A9DB1505 
 3844      2611D926 
 3844      59116C4B 
 3844      4EF2
 3845 1026 88936477 		.ascii	"\210\223dwXM\202my\220$Z\244P\207\310.u\273\266B\345"
 3845      584D826D 
 3845      7990245A 
 3845      A45087C8 
 3845      2E75BBB6 
 3846 103c 91A6A73D 		.ascii	"\221\246\247=.\225\307\345\316j,\316\270q\003\263e\036"
 3846      2E95C7E5 
 3846      CE6A2CCE 
 3846      B87103B3 
 3846      651E
 3847 104e 758C450E 		.ascii	"u\214E\016,\016\217N1y\364@\004\273\334\311\355\312"
 3847      2C0E8F4E 
 3847      3179F440 
 3847      04BBDCC9 
 3847      EDCA
 3848 1060 C2F2B03C 		.ascii	"\302\362\260<%X\215E\355\035\340\200`\033@\004\301n"
 3848      25588D45 
 3848      ED1DE080 
 3848      601B4004 
 3848      C16E
 3849 1072 A8E02074 		.ascii	"\250\340 t\020\001\003\016d\300\002\272\270\001\307"
 3849      1001030E 
 3849      64C002BA 
 3849      B801C7
 3850 1081 58641A8B 		.ascii	"Xd\032\213\034\212K&\207v\311\201\251\344p\243\201#"
 3850      1C8A4B26 
 3850      8776C981 
 3850      A9E470A3 
 3850      8123
 3851 1093 88A35184 		.ascii	"\210\243Q\204\023>\340\240\303\016\222mO\3501\362\034"
 3851      133EE0A0 
 3851      C30E926D 
 3851      4FE831F2 
 3851      1C
 3852 10a4 7556E206 		.ascii	"uV\342\006\033\234\340\200\0218\264$\330d\306\353\013"
ARM GAS  C:\Users\PUBLIC~1.LAP\AppData\Local\Temp\ccOn9AnM.s 			page 145


 3852      1B9CE080 
 3852      1138B424 
 3852      D864C6EB 
 3852      0B
 3853 10b5 5211EA02 		.ascii	"R\021\352\002\362$G\265\240\265\375\255Mo\017)\032d"
 3853      F22447B5 
 3853      A0B5FDAD 
 3853      4D6F0F29 
 3853      1A64
 3854 10c7 9F7313AF 		.ascii	"\237s\023\257&\252:\0348\355\001\205\313t\271\352,\307"
 3854      26AA3A1C 
 3854      38ED0185 
 3854      CB74B9EA 
 3854      2CC7
 3855 10d9 D25D7692 		.ascii	"\322]v\222\347\202M8\236G\323\256&\215!\237)\250\203"
 3855      E7824D38 
 3855      9E47D3AE 
 3855      268D219F 
 3855      29A883
 3856 10ec CB4DE0B2 		.ascii	"\313M\340\262\234\007\"\264(UL<\313\251cS9|\342\262"
 3856      9C0722B4 
 3856      28554C3C 
 3856      CBA96353 
 3856      397CE2B2 
 3857 1100 A4EC95E5 		.ascii	"\244\354\225\345\270\274D\015r\347\303\344\357\336\232"
 3857      B8BC440D 
 3857      72E7C3E4 
 3857      EFDE9A
 3858 110f 814FDEE4 		.ascii	"\201O\336\344Z\246I\374\240\237=+q\317n9\311C\215\200"
 3858      5AA649FC 
 3858      A09F3D2B 
 3858      71CF6E39 
 3858      C9438D80 
 3859 1123 82173D24 		.ascii	"\202\027=$LW\237\031p/\250\302K\243f\266\016\236\333"
 3859      4C579F19 
 3859      702FA8C2 
 3859      4BA366B6 
 3859      0E9EDB
 3860 1136 9C06C689 		.ascii	"\234\006\306\211\306\021\330g5#\301\332Fj\364}\256\251"
 3860      C611D867 
 3860      3523C1DA 
 3860      466AF47D 
 3860      AEA9
 3861 1148 5ACB47D6 		.ascii	"Z\313G\326\314\342t\315\215\"\331H\221\033\370\224\021"
 3861      CCE274CD 
 3861      8D22D948 
 3861      911BF894 
 3861      11
 3862 1159 A26B8ED2 		.ascii	"\242k\216\322\262Z\232\236\224L\226\256\301B\313D\362"
 3862      B25A9A9E 
 3862      944C96AE 
 3862      C142CB44 
 3862      F2
 3863 116a 1034225A 		.ascii	"\0204\"Z2R\232\202\262\261,d,\237\205@\317\251\310\312"
 3863      32529A82 
 3863      B2B12C64 
 3863      2C9F8540 
ARM GAS  C:\Users\PUBLIC~1.LAP\AppData\Local\Temp\ccOn9AnM.s 			page 146


 3863      CFA9C8CA 
 3864 117e CCF3992E 		.ascii	"\314\363\231.\262be,\2275Q\010\305(\313d0m@'\250\340"
 3864      B262652C 
 3864      97355108 
 3864      C528CB64 
 3864      306D4027 
 3865 1194 AC1E454B 		.ascii	"\254\036EK\240|v\031\250\256\201\012\313ba\270o\330"
 3865      A07C7619 
 3865      A8AE810A 
 3865      CB6261B8 
 3865      6FD8
 3866 11a6 54129561 		.ascii	"T\022\225a\241k\276r\203\373\250\222\2718\312\342$2"
 3866      A16BBE72 
 3866      83FBA892 
 3866      B938CAE2 
 3866      2432
 3867 11b8 33232322 		.ascii	"3##\"2\232$\035\302\012\020\210Ba\030\2109\017\022@"
 3867      329A241D 
 3867      C20A1088 
 3867      42611888 
 3867      390F1240 
 3868 11cc 23459082 		.ascii	"#E\220\202\016)eFDD\002\011\242\240\214\222\222$i\014"
 3868      0E296546 
 3868      44440209 
 3868      A2A08C92 
 3868      9224690C 
 3869 11e0 52414CB2 		.ascii	"RAL\262\002\211\274\016J\264Hc\316N\244\0060!\254\015"
 3869      0289BC0E 
 3869      4AB44863 
 3869      CE4EA406 
 3869      3021AC0D 
 3870 11f4 F10C4775 		.ascii	"\361\014GuX\232\207\370y\233\340\233Z)\323VJ\370R~\220"
 3870      589A87F8 
 3870      799BE09B 
 3870      5A29D356 
 3870      4AF8527E 
 3871 1209 20280F14 		.ascii	" (\017\024\012!\360C\012\033\2409\253\254\\\364\320"
 3871      0A21F043 
 3871      0A1BA039 
 3871      ABAC5CF4 
 3871      D0
 3872 121a 636F3434 		.ascii	"co44K\272\340z\247z\241\375KX.W`\262\241D8\031{\330"
 3872      4BBAE07A 
 3872      A77AA1FD 
 3872      4B582E57 
 3872      60B2A144 
 3873 1232 4504950E 		.ascii	"E\004\225\016\251\217&*[\332\302\230K\215a\364y\251"
 3873      A98F262A 
 3873      5BDAC298 
 3873      4B8D61F4 
 3873      79A9
 3874 1244 FA035416 		.ascii	"\372\003T\026\345\222\3060f\010\316\350\205=\225\235"
 3874      E592C630 
 3874      6608CEE8 
 3874      853D959D 
 3875 1254 8A1182EB 		.ascii	"\212\021\202\353x\020^xP\254C\215\211\313\230f\225\350"
 3875      78105E78 
ARM GAS  C:\Users\PUBLIC~1.LAP\AppData\Local\Temp\ccOn9AnM.s 			page 147


 3875      50AC438D 
 3875      89CB9866 
 3875      95E8
 3876 1266 1ABA0418 		.ascii	"\032\272\004\030E\341\364.\223\236\011\\\224\315\373"
 3876      45E1F42E 
 3876      939E095C 
 3876      94CDFB
 3877 1275 6D4CC4AD 		.ascii	"mL\304\255\353p\223\230#\2024\345C\266\301\252\334\232"
 3877      EB709398 
 3877      238234E5 
 3877      43B6C1AA 
 3877      DC9A
 3878 1287 097BC2BC 		.ascii	"\011{\302\274P\210\016(6j\255[\324)\302\267\204)p'\275"
 3878      50880E28 
 3878      366AAD5B 
 3878      D429C2B7 
 3878      84297027 
 3879 129c A572E468 		.ascii	"\245r\344h\221*~\256\213\375\270\3360\223\340\235\226"
 3879      912A7EAE 
 3879      8BFDB8DE 
 3879      3093E09D 
 3879      96
 3880 12ad 43118506 		.ascii	"C\021\205\006\226\264BJ\221\030\222\252\235\357+\021"
 3880      96B4424A 
 3880      911892AA 
 3880      9DEF2B11 
 3881 12bd 1B555AFA 		.ascii	"\033UZ\372\373@\326\310zj\330(E\3016\321}\207\340\232"
 3881      FB40D6C8 
 3881      7A6AD828 
 3881      45C136D1 
 3881      7D87E09A 
 3882 12d1 061F7386 		.ascii	"\006\037s\206r\360\356\020\221)\346\250\352\353\342"
 3882      72F0EE10 
 3882      9129E6A8 
 3882      EAEBE2
 3883 12e0 FBA735B4 		.ascii	"\373\2475\264_%\255i\201\370\222e\326?s '\336\2056\224"
 3883      5F25AD69 
 3883      81F89265 
 3883      D63F7320 
 3883      27DE8536 
 3884 12f5 7EEF4035 		.ascii	"~\357@5JHB\370U\015\335 \314\275<v\201}\250\344\356"
 3884      4A4842F8 
 3884      550DDD20 
 3884      CCBD3C76 
 3884      817DA8E4 
 3885 130a 857ADCFD 		.ascii	"\205z\334\375\247\235T\375\262O\013\3326/Lv\254\025"
 3885      A79D54FD 
 3885      B24F0BDA 
 3885      362F4C76 
 3885      AC15
 3886 131c CA1A572E 		.ascii	"\312\032W.m\251\220\331\302\255Y\244\360\212n'\023\314"
 3886      6DA990D9 
 3886      C2AD59A4 
 3886      F08A6E27 
 3886      13CC
 3887 132e 985D35F4 		.ascii	"\230]5\364\233\271\266\231v\354#\001\0336\352\225\000"
 3887      9BB9B699 
ARM GAS  C:\Users\PUBLIC~1.LAP\AppData\Local\Temp\ccOn9AnM.s 			page 148


 3887      76EC2301 
 3887      1B36EA95 
 3887      00
 3888 133f 8F688ABA 		.ascii	"\217h\212\272\013\302\204\312\205v\255\273j\201\354"
 3888      0BC284CA 
 3888      8576ADBB 
 3888      6A81EC
 3889 134e D10ECAFD 		.ascii	"\321\016\312\375r`\304\326\256\271\026\223v\241\023"
 3889      7260C4D6 
 3889      AEB91693 
 3889      76A113
 3890 135d F263A67F 		.ascii	"\362c\246\177\344\355Vxb\277m\022\0233\274]U\025@fX"
 3890      E4ED5678 
 3890      62BF6D12 
 3890      1333BC5D 
 3890      55154066 
 3891 1372 9DD8B284 		.ascii	"\235\330\262\204\263\370\032\300G]\024\302\325O\342"
 3891      B3F81AC0 
 3891      475D14C2 
 3891      D54FE2
 3892 1381 768E5A43 		.ascii	"v\216ZC,\243\220\217\243\302\302Q\241\011\350>A\266"
 3892      2CA3908F 
 3892      A3C2C251 
 3892      A109E83E 
 3892      41B6
 3893 1393 9EC37879 		.ascii	"\236\303xy\245xJ\207\301-\273\034\226J\222<\037\341"
 3893      A5784A87 
 3893      C12DBB1C 
 3893      964A923C 
 3893      1FE1
 3894 13a5 2BF5723A 		.ascii	"+\365r:\0226S\327\345\361\035\321BTQ%\370\253R`\365"
 3894      123653D7 
 3894      E5F11DD1 
 3894      42545125 
 3894      F8AB5260 
 3895 13ba CD6ED02F 		.ascii	"\315n\320/R\246\272>P\200\345\226\020'\357\014\261\256"
 3895      52A6BA3E 
 3895      5080E596 
 3895      1027EF0C 
 3895      B1AE
 3896 13cc 5450FD9B 		.ascii	"TP\375\233\330|\327h4\236bN}\202q\344+\217s/\376\352"
 3896      D87CD768 
 3896      349E624E 
 3896      7D8271E4 
 3896      2B8F732F 
 3897 13e2 B42BAB66 		.ascii	"\264+\253f\334rX\367U\320\321M\223\376t\000\034M\233"
 3897      DC7258F7 
 3897      55D0D14D 
 3897      93FE7400 
 3897      1C4D9B
 3898 13f5 2A55CDAA 		.ascii	"*U\315\252I0\362\015s\031\210/\330\362\001\2412\232"
 3898      4930F20D 
 3898      7319882F 
 3898      D8F201A1 
 3898      329A
 3899 1407 B31E99FB 		.ascii	"\263\036\231\373\200\314\345\371'\212o\025\304*6\010"
 3899      80CCE5F9 
ARM GAS  C:\Users\PUBLIC~1.LAP\AppData\Local\Temp\ccOn9AnM.s 			page 149


 3899      278A6F15 
 3899      C42A3608 
 3900 1417 5DD16729 		.ascii	"]\321g)*\233>@\325h\022Oc\364D\035#\212\214\370\\)\356"
 3900      2A9B3E40 
 3900      D568124F 
 3900      63F4441D 
 3900      238A8CF8 
 3901 142e 0A1A78C8 		.ascii	"\012\032x\310\230\031\2668\"\355)*\373\364|\360c\351"
 3901      9819B638 
 3901      22ED292A 
 3901      FBF47CF0 
 3901      63E9
 3902 1440 7D2AD91C 		.ascii	"}*\331\034H\315\023\255v^\207J\263n\201&P\304\332\207"
 3902      48CD13AD 
 3902      765E874A 
 3902      B36E8126 
 3902      50C4DA87 
 3903 1454 EA822A20 		.ascii	"\352\202* \203\262\354-\276i^=\326\216,H\306\216_T\350"
 3903      83B2EC2D 
 3903      BE695E3D 
 3903      D68E2C48 
 3903      C68E5F54 
 3904 1469 97464D85 		.ascii	"\227FM\205\233:\270\\;\251\020z\257\272\036\347PF\013"
 3904      9B3AB85C 
 3904      3BA9107A 
 3904      AFBA1EE7 
 3904      50460B
 3905 147c 5914DE2F 		.ascii	"Y\024\336/\346Cc\000\3726= \035\232\214\300\253y\012"
 3905      E6436300 
 3905      FA363D20 
 3905      1D9A8CC0 
 3905      AB790A
 3906 148f B8A77B20 		.ascii	"\270\247{ \266g\027=\000\324\253\010\251\000\244\365"
 3906      B667173D 
 3906      00D4AB08 
 3906      A900A4F5 
 3907 149f A1BD12E5 		.ascii	"\241\275\022\345\213c\302\224M\313\322\037\006\372\031"
 3907      8B63C294 
 3907      4DCBD21F 
 3907      06FA19
 3908 14ae 66F14029 		.ascii	"f\361@)\014\260\256\301c\355\275\363\251Y9\246\003\011"
 3908      0CB0AEC1 
 3908      63EDBDF3 
 3908      A95939A6 
 3908      0309
 3909 14c0 D5A158E0 		.ascii	"\325\241X\340T\227\256\311\010\343\232\333\230\336B"
 3909      5497AEC9 
 3909      08E39ADB 
 3909      98DE42
 3910 14cf 2907B6B4 		.ascii	")\007\266\264\273m\022y\340\002\316F\306[\215\2236M"
 3910      BB6D1279 
 3910      E002CE46 
 3910      C65B8D93 
 3910      364D
 3911 14e1 40890EDD 		.ascii	"@\211\016\335n\020h\255\233\222q\324Q\011\355 \246`"
 3911      6E1068AD 
 3911      9B9271D4 
ARM GAS  C:\Users\PUBLIC~1.LAP\AppData\Local\Temp\ccOn9AnM.s 			page 150


 3911      5109ED20 
 3911      A660
 3912 14f3 8D6E7164 		.ascii	"\215nqd\007S\331\3508\223\276\247s\256\360`\252H\314"
 3912      0753D9E8 
 3912      3893BEA7 
 3912      73AEF060 
 3912      AA48CC
 3913 1506 85644DD4 		.ascii	"\205dM\324\365d\014\001R&\253\227$\232X\356\210{\341"
 3913      F5640C01 
 3913      5226AB97 
 3913      249A58EE 
 3913      887BE1
 3914 1519 3583E01B 		.ascii	"5\203\340\033\366\033\002\034\251\211V9\344\276\321"
 3914      F61B021C 
 3914      A9895639 
 3914      E4BED1
 3915 1528 09493144 		.ascii	"\011I1D\355\241\331\251\352\243\376\331\311\\\250\031"
 3915      EDA1D9A9 
 3915      EAA3FED9 
 3915      C95CA819 
 3916 1538 554E85A8 		.ascii	"UN\205\250\333\362\342\301x\310\201\014\202\242Up-\200"
 3916      DBF2E2C1 
 3916      78C8810C 
 3916      82A25570 
 3916      2D80
 3917 154a 0D58B6B3 		.ascii	"\015X\266\263\234\211\224\204.Y\347\030\377\275J\233"
 3917      9C899484 
 3917      2E59E718 
 3917      FFBD4A9B 
 3918 155a 6CDF448F 		.ascii	"l\337D\217\225ZG\317\004\357\267\030a\361\210o\015\022"
 3918      955A47CF 
 3918      04EFB718 
 3918      61F1886F 
 3918      0D12
 3919 156c E4B4A8B1 		.ascii	"\344\264\250\261F\365\275C\242lHq\277L\352\206\001\205"
 3919      46F5BD43 
 3919      A26C4871 
 3919      BF4CEA86 
 3919      0185
 3920 157e D9379F7B 		.ascii	"\3317\237{nPS\243\034\347\340#\362a~\223\327\301\373"
 3920      6E5053A3 
 3920      1CE7E023 
 3920      F2617E93 
 3920      D7C1FB
 3921 1591 0D863B68 		.ascii	"\015\206;h\240D\265S\312\342\032\266u\024oR\351\213"
 3921      A044B553 
 3921      CAE21AB6 
 3921      75146F52 
 3921      E98B
 3922 15a3 FDE99383 		.ascii	"\375\351\223\203\317\214\322Xvr\2367I7\331\231\017\340"
 3922      CF8CD258 
 3922      76729E37 
 3922      4937D999 
 3922      0FE0
 3923 15b5 DC9758D5 		.ascii	"\334\227X\325~\302\012\011e\302\255L%\213\313}L\\\237"
 3923      7EC20A09 
 3923      65C2AD4C 
ARM GAS  C:\Users\PUBLIC~1.LAP\AppData\Local\Temp\ccOn9AnM.s 			page 151


 3923      258BCB7D 
 3923      4C5C9F
 3924 15c8 AF3850BE 		.ascii	"\2578P\276\026\237\214T\005\214\374\335\370\316\345"
 3924      169F8C54 
 3924      058CFCDD 
 3924      F8CEE5
 3925 15d7 91E82EF4 		.ascii	"\221\350.\364\001\364\240\257\\\337~\017\2678E\001\207"
 3925      01F4A0AF 
 3925      5CDF7E0F 
 3925      B7384501 
 3925      87
 3926 15e8 BD7107AD 		.ascii	"\275q\007\255\276\246P2>5B\251\3367E\212\376\207\343"
 3926      BEA65032 
 3926      3E3542A9 
 3926      DE37458A 
 3926      FE87E3
 3927 15fb 4A387D90 		.ascii	"J8}\220\350\223E\\Jr\354\266\006'\201\001\010\222Ru"
 3927      E893455C 
 3927      4A72ECB6 
 3927      06278101 
 3927      08925275 
 3928 160f DD8EF8D1 		.ascii	"\335\216\370\321?K\011\216\032Mw\362\247\001\035O6\207"
 3928      3F4B098E 
 3928      1A4D77F2 
 3928      A7011D4F 
 3928      3687
 3929 1621 196C2BB8 		.ascii	"\031l+\2708\301\370/ \006A\316\005D\360q<\240\375\242"
 3929      38C1F82F 
 3929      200641CE 
 3929      0544F071 
 3929      3CA0FDA2 
 3930 1635 49F2B57A 		.ascii	"I\362\265zv\2701\201\352Mb\242\350\2137\011\323\376"
 3930      76B83181 
 3930      EA4D62A2 
 3930      E88B3709 
 3930      D3FE
 3931 1647 D48B4214 		.ascii	"\324\213B\024[\351\210\233F\343\003\022\367r\316\370"
 3931      5BE9889B 
 3931      46E30312 
 3931      F772CEF8 
 3932 1657 2D6A45FB 		.ascii	"-jE\373\345\376A \035x\273\2217\325\331,\331\022\334"
 3932      E5FE4120 
 3932      1D78BB91 
 3932      37D5D92C 
 3932      D912DC
 3933 166a 190824A2 		.ascii	"\031\010$\242\237\0218\017qBd\307\\V3HV\305G\202\272"
 3933      9F11380F 
 3933      714264C7 
 3933      5C563348 
 3933      56C54782 
 3934 167f 8A2B455C 		.ascii	"\212+E\\\034?\260\230\342\202`\215X\201\013|3\227T\241"
 3934      1C3FB098 
 3934      E282608D 
 3934      58810B7C 
 3934      339754A1 
 3935 1693 3DBCD8E5 		.ascii	"=\274\330\345\240}\010\321\251\223\230\332\340\005\264"
 3935      A07D08D1 
ARM GAS  C:\Users\PUBLIC~1.LAP\AppData\Local\Temp\ccOn9AnM.s 			page 152


 3935      A99398DA 
 3935      E005B4
 3936 16a2 41EF0571 		.ascii	"A\357\005qTO,\332\300\037\315\375E\206\377r\014\320"
 3936      544F2CDA 
 3936      C01FCDFD 
 3936      4586FF72 
 3936      0CD0
 3937 16b4 E391BF4C 		.ascii	"\343\221\277L.K\304z\366\006\246\304\365\302\021\205"
 3937      2E4BC47A 
 3937      F606A6C4 
 3937      F5C21185 
 3938 16c4 E213CBC5 		.ascii	"\342\023\313\305$V\215\370P\351t/igD\223\323\214\260"
 3938      24568DF8 
 3938      50E9742F 
 3938      69674493 
 3938      D38CB0
 3939 16d7 C23FAB4C 		.ascii	"\302?\253L\246R)\261\004\204\273\214m\243B\375\204\210"
 3939      A65229B1 
 3939      0484BB8C 
 3939      6DA342FD 
 3939      8488
 3940 16e9 7C542646 		.ascii	"|T&F\227=\026\021\341\312\007\357V/\016\346=\365w\261"
 3940      973D1611 
 3940      E1CA07EF 
 3940      562F0EE6 
 3940      3DF577B1 
 3941 16fd 2B42E499 		.ascii	"+B\344\231\006\223\363\301`\320\335\2443\220I\366\263"
 3941      0693F3C1 
 3941      60D0DDA4 
 3941      339049F6 
 3941      B3
 3942 170e 72AAB834 		.ascii	"r\252\2704\270\250w!\206\030\2475#\347\305\261\315\035"
 3942      B8A87721 
 3942      8618A735 
 3942      23E7C5B1 
 3942      CD1D
 3943 1720 3F47AF37 		.ascii	"?G\2577\217\346\020\242z\274\035\360\264\370\002\303"
 3943      8FE610A2 
 3943      7ABC1DF0 
 3943      B4F802C3 
 3944 1730 1D1FF0C8 		.ascii	"\035\037\360\3102\016E\257b\335\226B\370\367&y\372\022"
 3944      320E45AF 
 3944      62DD9642 
 3944      F8F72679 
 3944      FA12
 3945 1742 98C5D658 		.ascii	"\230\305\326X\367\003\264\026H\347\305\010\316{\244"
 3945      F703B416 
 3945      48E7C508 
 3945      CE7BA4
 3946 1751 BC16ACC1 		.ascii	"\274\026\254\301\012\203\347+~@\013\2768v\253\230\204"
 3946      0A83E72B 
 3946      7E400BBE 
 3946      3876AB98 
 3946      84
 3947 1762 97321475 		.ascii	"\2272\024ul\014\377\001&\203\302\340-\013"
 3947      6C0CFF01 
 3947      2683C2E0 
ARM GAS  C:\Users\PUBLIC~1.LAP\AppData\Local\Temp\ccOn9AnM.s 			page 153


 3947      2D0B
 3948 1770 7D52697C 		.ascii	"}Ri|Z\226\216\223\245$]>\224P\270\207\252\232\\1\004"
 3948      5A968E93 
 3948      A5245D3E 
 3948      9450B887 
 3948      AA9A5C31 
 3949 1785 B5035BF5 		.ascii	"\265\003[\365\354\356DS\216g\327\000\354G0x$\242\247"
 3949      ECEE4453 
 3949      8E67D700 
 3949      EC473078 
 3949      24A2A7
 3950 1798 E49254B3 		.ascii	"\344\222T\263\017b\247+@>p\003E4K\251\215\231;\025\272"
 3950      0F62A72B 
 3950      403E7003 
 3950      45344BA9 
 3950      8D993B15 
 3951 17ad DF87D896 		.ascii	"\337\207\330\226\000\001\274\240\211.\276\301\330S&"
 3951      0001BCA0 
 3951      892EBEC1 
 3951      D85326
 3952 17bc D1A0B72A 		.ascii	"\321\240\267*\012:)\324vd\371\211 K9|Ux\246\004\007"
 3952      0A3A29D4 
 3952      7664F989 
 3952      204B397C 
 3952      5578A604 
 3953 17d1 32658578 		.ascii	"2e\205x\021Y\221F\331\000\343\252\227)}_=\221a\216\241"
 3953      11599146 
 3953      D900E3AA 
 3953      97297D5F 
 3953      3D91618E 
 3954 17e6 B0BF4ACA 		.ascii	"\260\277J\312\236\302I\035\033\306\323\3461h\205qcz"
 3954      9EC2491D 
 3954      1BC6D3E6 
 3954      31688571 
 3954      637A
 3955 17f8 FC215908 		.ascii	"\374!Y\010\365\354\303\227\251\255\375p\266?\\{tW:\236"
 3955      F5ECC397 
 3955      A9ADFD70 
 3955      B63F5C7B 
 3955      74573A9E 
 3956 180c A561FA1E 		.ascii	"\245a\372\036[R\370\020\370v\305OG\037A\350\234\246"
 3956      5B52F810 
 3956      F876C54F 
 3956      471F41E8 
 3956      9CA6
 3957 181e 7506996C 		.ascii	"u\006\231ld\331\003\337t\322S\260\200*\032;L\276\233"
 3957      64D903DF 
 3957      74D253B0 
 3957      802A1A3B 
 3957      4CBE9B
 3958 1831 2897E90E 		.ascii	"(\227\351\016\2257\201\0277;o}\340/\315\206o\211\331"
 3958      95378117 
 3958      373B6F7D 
 3958      E02FCD86 
 3958      6F89D9
 3959 1844 A5360DB5 		.ascii	"\2456\015\265\373]\"\213\001\370D\327]\257\314\302r"
 3959      FB5D228B 
ARM GAS  C:\Users\PUBLIC~1.LAP\AppData\Local\Temp\ccOn9AnM.s 			page 154


 3959      01F844D7 
 3959      5DAFCCC2 
 3959      72
 3960 1855 7C1D89DA 		.ascii	"|\035\211\332\366\375\337R8\337\310\324L(9R\342t\320"
 3960      F6FDDF52 
 3960      38DFC8D4 
 3960      4C283952 
 3960      E274D0
 3961 1868 937DE72E 		.ascii	"\223}\347.!*l#\234\363\354\207\007\000\252\347^Zc\274"
 3961      212A6C23 
 3961      9CF3EC87 
 3961      0700AAE7 
 3961      5E5A63BC 
 3962 187c 1855CA92 		.ascii	"\030U\312\222\000\223\365\200\321Uv\215\277\302\274"
 3962      0093F580 
 3962      D155768D 
 3962      BFC2BC
 3963 188b 110E6A20 		.ascii	"\021\016j q\242\306\320\216\345r\343\233\034\361\326"
 3963      71A2C6D0 
 3963      8EE572E3 
 3963      9B1CF1D6 
 3964 189b 1E2D039E 		.ascii	"\036-\003\236\213\220\370[\177N\271\241\306\354I@\272"
 3964      8B90F85B 
 3964      7F4EB9A1 
 3964      C6EC4940 
 3964      BA
 3965 18ac 4DE73C31 		.ascii	"M\347<1\207\354\234\264\025W\316@6\031\024\037]\376"
 3965      87EC9CB4 
 3965      1557CE40 
 3965      3619141F 
 3965      5DFE
 3966 18be 9B2E9B1E 		.ascii	"\233.\233\036\024\257\311[je\376\372_\375\003\264\016"
 3966      14AFC95B 
 3966      6A65FEFA 
 3966      5FFD03B4 
 3966      0E
 3967 18cf E124319E 		.ascii	"\341$1\236\320\306=\274\336\"\373R\244\013\005\260D"
 3967      D0C63DBC 
 3967      DE22FB52 
 3967      A40B05B0 
 3967      44
 3968 18e0 DFDBBEEA 		.ascii	"\337\333\276\352\204\266\031\300z\267\204;\250:\001"
 3968      84B619C0 
 3968      7AB7843B 
 3968      A83A01
 3969 18ef DB6003FC 		.ascii	"\333`\003\374\365\317\347rg\372\375\014\373\262`\213"
 3969      F5CFE772 
 3969      67FAFD0C 
 3969      FBB2608B 
 3970 18ff 9A969F6F 		.ascii	"\232\226\237o\326Y\234\375\321\370?\235\013\365\254"
 3970      D6599CFD 
 3970      D1F83F9D 
 3970      0BF5AC
 3971 190e 974D985B 		.ascii	"\227M\230[\3628e\227O;\344v\226\374\374\010\337N\363"
 3971      F2386597 
 3971      4F3BE476 
 3971      96FCFC08 
ARM GAS  C:\Users\PUBLIC~1.LAP\AppData\Local\Temp\ccOn9AnM.s 			page 155


 3971      DF4EF3
 3972 1921 FE8D79AF 		.ascii	"\376\215y\257~\313\337\356n\272\257\345\372\034\337"
 3972      7ECBDFEE 
 3972      6EBAAFE5 
 3972      FA1CDF
 3973 1930 C3667F16 		.ascii	"\303f\177\026y5\305K\240\025\006\027\012\234[\014\217"
 3973      7935C54B 
 3973      A0150617 
 3973      0A9C5B0C 
 3973      8F
 3974 1941 B7C27556 		.ascii	"\267\302uV\030G\300Od\326\273\350=\203]\263\037\206"
 3974      1847C04F 
 3974      64D6BBE8 
 3974      3D835DB3 
 3974      1F86
 3975 1953 D9F76F6B 		.ascii	"\331\367okC\221?\306 \356m\034\327l,\3336\225}\224\377"
 3975      43913FC6 
 3975      20EE6D1C 
 3975      D76C2CDB 
 3975      36957D94 
 3976 1968 1A7F46C2 		.ascii	"\032\177F\302\352\306\371\243\256\327\250\366\311\273"
 3976      EAC6F9A3 
 3976      AED7A8F6 
 3976      C9BB
 3977 1976 9BA7D19D 		.ascii	"\233\247\321\235\303\2717q\275Jop\302i\326\341J7D\260"
 3977      C3B93771 
 3977      BD4A6F70 
 3977      C269D6E1 
 3977      4A3744B0 
 3978 198a 37545E48 		.ascii	"7T^H\273a2\302\233\241\273`\275\343\3370;/~A\373;\235"
 3978      BB6132C2 
 3978      9BA1BB60 
 3978      BDE3DF30 
 3978      3B2F7E41 
 3979 19a1 09F17FE0 		.ascii	"\011\361\177\340#\311u\236\234\332\277\311=_\030x\236"
 3979      23C9759E 
 3979      9CDABFC9 
 3979      3D5F1878 
 3979      9E
 3980 19b2 E95BFEFB 		.ascii	"\351[\376\373-\264\002"
 3980      2DB402
 3981              		.text
 3982              		.section	.gnu.lto_.symtab.840ce39e,"e",%progbits
 3983 0000 63685363 		.ascii	"chSchReadyI\000"
 3983      68526561 
 3983      64794900 
 3984 000c 00       		.ascii	"\000"
 3985 000d 00       		.ascii	"\000"
 3986 000e 00       		.ascii	"\000"
 3987 000f 00000000 		.ascii	"\000\000\000\000\000\000\000\000"
 3987      00000000 
 3988 0017 FB010000 		.ascii	"\373\001\000\000"
 3989 001b 63685363 		.ascii	"chSchGoSleepS\000"
 3989      68476F53 
 3989      6C656570 
 3989      5300
 3990 0029 00       		.ascii	"\000"
ARM GAS  C:\Users\PUBLIC~1.LAP\AppData\Local\Temp\ccOn9AnM.s 			page 156


 3991 002a 00       		.ascii	"\000"
 3992 002b 00       		.ascii	"\000"
 3993 002c 00000000 		.ascii	"\000\000\000\000\000\000\000\000"
 3993      00000000 
 3994 0034 FF010000 		.ascii	"\377\001\000\000"
 3995 0038 63685363 		.ascii	"chSchGoSleepTimeoutS\000"
 3995      68476F53 
 3995      6C656570 
 3995      54696D65 
 3995      6F757453 
 3996 004d 00       		.ascii	"\000"
 3997 004e 00       		.ascii	"\000"
 3998 004f 00       		.ascii	"\000"
 3999 0050 00000000 		.ascii	"\000\000\000\000\000\000\000\000"
 3999      00000000 
 4000 0058 04020000 		.ascii	"\004\002\000\000"
 4001 005c 63685363 		.ascii	"chSchWakeupS\000"
 4001      6857616B 
 4001      65757053 
 4001      00
 4002 0069 00       		.ascii	"\000"
 4003 006a 00       		.ascii	"\000"
 4004 006b 00       		.ascii	"\000"
 4005 006c 00000000 		.ascii	"\000\000\000\000\000\000\000\000"
 4005      00000000 
 4006 0074 09020000 		.ascii	"\011\002\000\000"
 4007 0078 63685363 		.ascii	"chSchRescheduleS\000"
 4007      68526573 
 4007      63686564 
 4007      756C6553 
 4007      00
 4008 0089 00       		.ascii	"\000"
 4009 008a 00       		.ascii	"\000"
 4010 008b 00       		.ascii	"\000"
 4011 008c 00000000 		.ascii	"\000\000\000\000\000\000\000\000"
 4011      00000000 
 4012 0094 0B020000 		.ascii	"\013\002\000\000"
 4013 0098 63685363 		.ascii	"chSchIsPreemptionRequired\000"
 4013      68497350 
 4013      7265656D 
 4013      7074696F 
 4013      6E526571 
 4014 00b2 00       		.ascii	"\000"
 4015 00b3 00       		.ascii	"\000"
 4016 00b4 00       		.ascii	"\000"
 4017 00b5 00000000 		.ascii	"\000\000\000\000\000\000\000\000"
 4017      00000000 
 4018 00bd 12020000 		.ascii	"\022\002\000\000"
 4019 00c1 63685363 		.ascii	"chSchDoPreemption\000"
 4019      68446F50 
 4019      7265656D 
 4019      7074696F 
 4019      6E00
 4020 00d3 00       		.ascii	"\000"
 4021 00d4 00       		.ascii	"\000"
 4022 00d5 00       		.ascii	"\000"
 4023 00d6 00000000 		.ascii	"\000\000\000\000\000\000\000\000"
ARM GAS  C:\Users\PUBLIC~1.LAP\AppData\Local\Temp\ccOn9AnM.s 			page 157


 4023      00000000 
 4024 00de 14020000 		.ascii	"\024\002\000\000"
 4025 00e2 63685363 		.ascii	"chSchPreemption\000"
 4025      68507265 
 4025      656D7074 
 4025      696F6E00 
 4026 00f2 00       		.ascii	"\000"
 4027 00f3 00       		.ascii	"\000"
 4028 00f4 00       		.ascii	"\000"
 4029 00f5 00000000 		.ascii	"\000\000\000\000\000\000\000\000"
 4029      00000000 
 4030 00fd 16020000 		.ascii	"\026\002\000\000"
 4031 0101 63685363 		.ascii	"chSchDoYieldS\000"
 4031      68446F59 
 4031      69656C64 
 4031      5300
 4032 010f 00       		.ascii	"\000"
 4033 0110 00       		.ascii	"\000"
 4034 0111 00       		.ascii	"\000"
 4035 0112 00000000 		.ascii	"\000\000\000\000\000\000\000\000"
 4035      00000000 
 4036 011a 18020000 		.ascii	"\030\002\000\000"
 4037 011e 63685363 		.ascii	"chSchSelectFirst\000"
 4037      6853656C 
 4037      65637446 
 4037      69727374 
 4037      00
 4038 012f 00       		.ascii	"\000"
 4039 0130 00       		.ascii	"\000"
 4040 0131 00       		.ascii	"\000"
 4041 0132 00000000 		.ascii	"\000\000\000\000\000\000\000\000"
 4041      00000000 
 4042 013a 1B020000 		.ascii	"\033\002\000\000"
 4043 013e 63683000 		.ascii	"ch0\000"
 4044 0142 00       		.ascii	"\000"
 4045 0143 02       		.ascii	"\002"
 4046 0144 00       		.ascii	"\000"
 4047 0145 00000000 		.ascii	"\000\000\000\000\000\000\000\000"
 4047      00000000 
 4048 014d F7010000 		.ascii	"\367\001\000\000"
 4049 0151 5F5F706F 		.ascii	"__port_switch\000"
 4049      72745F73 
 4049      77697463 
 4049      6800
 4050 015f 00       		.ascii	"\000"
 4051 0160 02       		.ascii	"\002"
 4052 0161 00       		.ascii	"\000"
 4053 0162 00000000 		.ascii	"\000\000\000\000\000\000\000\000"
 4053      00000000 
 4054 016a 2B020000 		.ascii	"+\002\000\000"
 4055 016e 63685654 		.ascii	"chVTDoResetI\000"
 4055      446F5265 
 4055      73657449 
 4055      00
 4056 017b 00       		.ascii	"\000"
 4057 017c 02       		.ascii	"\002"
 4058 017d 00       		.ascii	"\000"
ARM GAS  C:\Users\PUBLIC~1.LAP\AppData\Local\Temp\ccOn9AnM.s 			page 158


 4059 017e 00000000 		.ascii	"\000\000\000\000\000\000\000\000"
 4059      00000000 
 4060 0186 2F020000 		.ascii	"/\002\000\000"
 4061 018a 63685654 		.ascii	"chVTDoSetI\000"
 4061      446F5365 
 4061      744900
 4062 0195 00       		.ascii	"\000"
 4063 0196 02       		.ascii	"\002"
 4064 0197 00       		.ascii	"\000"
 4065 0198 00000000 		.ascii	"\000\000\000\000\000\000\000\000"
 4065      00000000 
 4066 01a0 36020000 		.ascii	"6\002\000\000"
 4067              		.text
 4068              		.section	.gnu.lto_.ext_symtab.840ce39e,"e",%progbits
 4069 0000 01       		.ascii	"\001"
 4070 0001 01       		.ascii	"\001"
 4071 0002 00       		.ascii	"\000"
 4072 0003 01       		.ascii	"\001"
 4073 0004 00       		.ascii	"\000"
 4074 0005 01       		.ascii	"\001"
 4075 0006 00       		.ascii	"\000"
 4076 0007 01       		.ascii	"\001"
 4077 0008 00       		.ascii	"\000"
 4078 0009 01       		.ascii	"\001"
 4079 000a 00       		.ascii	"\000"
 4080 000b 01       		.ascii	"\001"
 4081 000c 00       		.ascii	"\000"
 4082 000d 01       		.ascii	"\001"
 4083 000e 00       		.ascii	"\000"
 4084 000f 01       		.ascii	"\001"
 4085 0010 00       		.ascii	"\000"
 4086 0011 01       		.ascii	"\001"
 4087 0012 00       		.ascii	"\000"
 4088 0013 01       		.ascii	"\001"
 4089 0014 00       		.ascii	"\000"
 4090 0015 02       		.ascii	"\002"
 4091 0016 01       		.ascii	"\001"
 4092 0017 01       		.ascii	"\001"
 4093 0018 00       		.ascii	"\000"
 4094 0019 01       		.ascii	"\001"
 4095 001a 00       		.ascii	"\000"
 4096 001b 01       		.ascii	"\001"
 4097 001c 00       		.ascii	"\000"
 4098              		.text
 4099              		.section	.gnu.lto_.opts,"e",%progbits
 4100 0000 272D666E 		.ascii	"'-fno-openmp' '-fno-openacc' '-fno-pie' '-fcf-prote"
 4100      6F2D6F70 
 4100      656E6D70 
 4100      2720272D 
 4100      666E6F2D 
 4101 0033 6374696F 		.ascii	"ction=none' '-g' '-mcpu=cortex-m0' '-mthumb' '-mflo"
 4101      6E3D6E6F 
 4101      6E652720 
 4101      272D6727 
 4101      20272D6D 
 4102 0066 61742D61 		.ascii	"at-abi=soft' '-mlibarch=armv6s-m' '-march=armv6s-m'"
 4102      62693D73 
ARM GAS  C:\Users\PUBLIC~1.LAP\AppData\Local\Temp\ccOn9AnM.s 			page 159


 4102      6F667427 
 4102      20272D6D 
 4102      6C696261 
 4103 0099 20272D4F 		.ascii	" '-Os' '-fomit-frame-pointer' '-falign-functions=16"
 4103      73272027 
 4103      2D666F6D 
 4103      69742D66 
 4103      72616D65 
 4104 00cc 2720272D 		.ascii	"' '-ffunction-sections' '-fdata-sections' '-fno-com"
 4104      6666756E 
 4104      6374696F 
 4104      6E2D7365 
 4104      6374696F 
 4105 00ff 6D6F6E27 		.ascii	"mon' '-flto' '-Xassembler' '-alms=./build/lst/chsch"
 4105      20272D66 
 4105      6C746F27 
 4105      20272D58 
 4105      61737365 
 4106 0132 642E6C73 		.ascii	"d.lst'\000"
 4106      742700
 4107              		.text
 4108              		.comm	__gnu_lto_slim,1,1
 4109              		.ident	"GCC: (GNU) 12.2.0"
ARM GAS  C:\Users\PUBLIC~1.LAP\AppData\Local\Temp\ccOn9AnM.s 			page 160


DEFINED SYMBOLS
                            *ABS*:00000000 chschd.c
C:\Users\PUBLIC~1.LAP\AppData\Local\Temp\ccOn9AnM.s:35     .gnu.debuglto_.debug_info:00000000 chschd.c.eba9ebd3
                            *COM*:00000001 __gnu_lto_slim

NO UNDEFINED SYMBOLS
