ARM GAS  C:\Users\PUBLIC~1.LAP\AppData\Local\Temp\ccSvJTCD.s 			page 1


   1              		.cpu cortex-m0
   2              		.arch armv6s-m
   3              		.fpu softvfp
   4              		.eabi_attribute 20, 1
   5              		.eabi_attribute 21, 1
   6              		.eabi_attribute 23, 3
   7              		.eabi_attribute 24, 1
   8              		.eabi_attribute 25, 1
   9              		.eabi_attribute 26, 1
  10              		.eabi_attribute 30, 4
  11              		.eabi_attribute 34, 0
  12              		.eabi_attribute 18, 4
  13              		.file	"hal_usb.c"
  14              		.file 1 "d:\\qmk_msys\\mingw64\\lib\\gcc\\arm-none-eabi\\12.2.0\\include\\stddef.h"
  15              		.file 2 "d:\\qmk_msys\\mingw64\\arm-none-eabi\\include\\machine\\_default_types.h"
  16              		.file 3 "d:\\qmk_msys\\mingw64\\arm-none-eabi\\include\\sys\\_stdint.h"
  17              		.file 4 "D:\\00a_liuhy\\temp126\\ChibiOS/os/common/ports/ARM-common/chtypes.h"
  18              		.file 5 "D:\\00a_liuhy\\temp126\\ChibiOS/os/rt/include/chearly.h"
  19              		.file 6 "D:\\00a_liuhy\\temp126\\ChibiOS/os/rt/include/chobjects.h"
  20              		.file 7 "D:\\00a_liuhy\\temp126\\ChibiOS/os/rt/include/chrfcu.h"
  21              		.file 8 "D:\\00a_liuhy\\temp126\\ChibiOS/os/rt/include/chdebug.h"
  22              		.file 9 "D:\\00a_liuhy\\temp126\\ChibiOS/os/rt/include/chtime.h"
  23              		.file 10 "D:\\00a_liuhy\\temp126\\ChibiOS/os/rt/include/chlists.h"
  24              		.file 11 "D:\\00a_liuhy\\temp126\\ChibiOS-Contrib/os/common/ext/CMSIS/ES32/FS026/md/md_timer.h"
  25              		.file 12 "D:\\00a_liuhy\\temp126\\ChibiOS/os/common/ports/ARMv6-M/chcore.h"
  26              		.file 13 "D:\\00a_liuhy\\temp126\\ChibiOS/os/rt/include/chsem.h"
  27              		.file 14 "D:\\00a_liuhy\\temp126\\ChibiOS/os/rt/include/chmtx.h"
  28              		.file 15 "D:\\00a_liuhy\\temp126\\ChibiOS/os/hal/include/hal_usb.h"
  29              		.file 16 "D:\\00a_liuhy\\temp126\\ChibiOS-Contrib/os/hal/ports/ES32/LLD/USBv1/hal_usb_lld.h"
  30              		.file 17 "D:\\00a_liuhy\\temp126\\ChibiOS/os/hal/src/hal_usb.c"
  31              		.file 18 "D:\\00a_liuhy\\temp126\\ChibiOS/os/rt/include/chthreads.h"
  32              		.file 19 "d:\\qmk_msys\\mingw64\\arm-none-eabi\\include\\string.h"
  33              		.file 20 "D:\\00a_liuhy\\temp126\\ChibiOS/os/rt/include/chschd.h"
  34              		.file 21 "D:\\00a_liuhy\\temp126\\ChibiOS/os/hal/osal/rt-nil/osal.h"
  35              		.file 22 "D:\\00a_liuhy\\temp126\\ChibiOS/os/rt/include/chsys.h"
  36              		.file 23 "D:\\00a_liuhy\\temp126\\ChibiOS/os/common/ext/ARM/CMSIS/Core/Include/cmsis_gcc.h"
  37              		.section	.gnu.debuglto_.debug_info,"e",%progbits
  38              	.Ldebug_info0:
  39              		.hidden	hal_usb.c.fb246f0a
  40              		.weak	hal_usb.c.fb246f0a
  41              	hal_usb.c.fb246f0a:
  42 0000 F8130000 		.4byte	0x13f8
  43 0004 0500     		.2byte	0x5
  44 0006 01       		.byte	0x1
  45 0007 04       		.byte	0x4
  46 0008 00000000 		.4byte	.Ldebug_abbrev0
  47 000c 28       		.uleb128 0x28
  48 000d A4030000 		.4byte	.LASF258
  49 0011 1D       		.byte	0x1d
  50 0012 000C0000 		.4byte	.LASF259
  51 0016 6A080000 		.4byte	.LASF260
  52 001a 00000000 		.4byte	.Ldebug_line0
  53 001e 29       		.uleb128 0x29
  54 001f 04       		.byte	0x4
  55 0020 05       		.byte	0x5
  56 0021 696E7400 		.ascii	"int\000"
  57 0025 03       		.uleb128 0x3
ARM GAS  C:\Users\PUBLIC~1.LAP\AppData\Local\Temp\ccSvJTCD.s 			page 2


  58 0026 10000000 		.4byte	.LASF4
  59 002a 01       		.byte	0x1
  60 002b D6       		.byte	0xd6
  61 002c 17       		.byte	0x17
  62 002d 31000000 		.4byte	0x31
  63 0031 10       		.uleb128 0x10
  64 0032 04       		.byte	0x4
  65 0033 07       		.byte	0x7
  66 0034 ED070000 		.4byte	.LASF0
  67 0038 10       		.uleb128 0x10
  68 0039 08       		.byte	0x8
  69 003a 05       		.byte	0x5
  70 003b 58070000 		.4byte	.LASF1
  71 003f 10       		.uleb128 0x10
  72 0040 08       		.byte	0x8
  73 0041 04       		.byte	0x4
  74 0042 21090000 		.4byte	.LASF2
  75 0046 10       		.uleb128 0x10
  76 0047 01       		.byte	0x1
  77 0048 06       		.byte	0x6
  78 0049 8B020000 		.4byte	.LASF3
  79 004d 03       		.uleb128 0x3
  80 004e 93010000 		.4byte	.LASF5
  81 0052 02       		.byte	0x2
  82 0053 2B       		.byte	0x2b
  83 0054 18       		.byte	0x18
  84 0055 59000000 		.4byte	0x59
  85 0059 10       		.uleb128 0x10
  86 005a 01       		.byte	0x1
  87 005b 08       		.byte	0x8
  88 005c 0C030000 		.4byte	.LASF6
  89 0060 10       		.uleb128 0x10
  90 0061 02       		.byte	0x2
  91 0062 05       		.byte	0x5
  92 0063 780B0000 		.4byte	.LASF7
  93 0067 03       		.uleb128 0x3
  94 0068 88030000 		.4byte	.LASF8
  95 006c 02       		.byte	0x2
  96 006d 39       		.byte	0x39
  97 006e 19       		.byte	0x19
  98 006f 73000000 		.4byte	0x73
  99 0073 10       		.uleb128 0x10
 100 0074 02       		.byte	0x2
 101 0075 07       		.byte	0x7
 102 0076 EF0C0000 		.4byte	.LASF9
 103 007a 03       		.uleb128 0x3
 104 007b 5F0D0000 		.4byte	.LASF10
 105 007f 02       		.byte	0x2
 106 0080 4D       		.byte	0x4d
 107 0081 18       		.byte	0x18
 108 0082 86000000 		.4byte	0x86
 109 0086 10       		.uleb128 0x10
 110 0087 04       		.byte	0x4
 111 0088 05       		.byte	0x5
 112 0089 CD010000 		.4byte	.LASF11
 113 008d 03       		.uleb128 0x3
 114 008e 3C070000 		.4byte	.LASF12
ARM GAS  C:\Users\PUBLIC~1.LAP\AppData\Local\Temp\ccSvJTCD.s 			page 3


 115 0092 02       		.byte	0x2
 116 0093 4F       		.byte	0x4f
 117 0094 19       		.byte	0x19
 118 0095 99000000 		.4byte	0x99
 119 0099 10       		.uleb128 0x10
 120 009a 04       		.byte	0x4
 121 009b 07       		.byte	0x7
 122 009c ED050000 		.4byte	.LASF13
 123 00a0 03       		.uleb128 0x3
 124 00a1 D6050000 		.4byte	.LASF14
 125 00a5 02       		.byte	0x2
 126 00a6 69       		.byte	0x69
 127 00a7 19       		.byte	0x19
 128 00a8 AC000000 		.4byte	0xac
 129 00ac 10       		.uleb128 0x10
 130 00ad 08       		.byte	0x8
 131 00ae 07       		.byte	0x7
 132 00af BF090000 		.4byte	.LASF15
 133 00b3 2A       		.uleb128 0x2a
 134 00b4 04       		.byte	0x4
 135 00b5 10       		.uleb128 0x10
 136 00b6 01       		.byte	0x1
 137 00b7 08       		.byte	0x8
 138 00b8 74030000 		.4byte	.LASF16
 139 00bc 09       		.uleb128 0x9
 140 00bd B5000000 		.4byte	0xb5
 141 00c1 05       		.uleb128 0x5
 142 00c2 BC000000 		.4byte	0xbc
 143 00c6 20       		.uleb128 0x20
 144 00c7 C1000000 		.4byte	0xc1
 145 00cb 03       		.uleb128 0x3
 146 00cc 9E020000 		.4byte	.LASF17
 147 00d0 03       		.byte	0x3
 148 00d1 18       		.byte	0x18
 149 00d2 13       		.byte	0x13
 150 00d3 4D000000 		.4byte	0x4d
 151 00d7 09       		.uleb128 0x9
 152 00d8 CB000000 		.4byte	0xcb
 153 00dc 03       		.uleb128 0x3
 154 00dd F0090000 		.4byte	.LASF18
 155 00e1 03       		.byte	0x3
 156 00e2 24       		.byte	0x24
 157 00e3 14       		.byte	0x14
 158 00e4 67000000 		.4byte	0x67
 159 00e8 03       		.uleb128 0x3
 160 00e9 50000000 		.4byte	.LASF19
 161 00ed 03       		.byte	0x3
 162 00ee 2C       		.byte	0x2c
 163 00ef 13       		.byte	0x13
 164 00f0 7A000000 		.4byte	0x7a
 165 00f4 03       		.uleb128 0x3
 166 00f5 BA0C0000 		.4byte	.LASF20
 167 00f9 03       		.byte	0x3
 168 00fa 30       		.byte	0x30
 169 00fb 14       		.byte	0x14
 170 00fc 8D000000 		.4byte	0x8d
 171 0100 03       		.uleb128 0x3
ARM GAS  C:\Users\PUBLIC~1.LAP\AppData\Local\Temp\ccSvJTCD.s 			page 4


 172 0101 A90B0000 		.4byte	.LASF21
 173 0105 03       		.byte	0x3
 174 0106 3C       		.byte	0x3c
 175 0107 14       		.byte	0x14
 176 0108 A0000000 		.4byte	0xa0
 177 010c 03       		.uleb128 0x3
 178 010d 210A0000 		.4byte	.LASF22
 179 0111 04       		.byte	0x4
 180 0112 48       		.byte	0x48
 181 0113 1D       		.byte	0x1d
 182 0114 00010000 		.4byte	0x100
 183 0118 03       		.uleb128 0x3
 184 0119 80040000 		.4byte	.LASF23
 185 011d 05       		.byte	0x5
 186 011e 50       		.byte	0x50
 187 011f 19       		.byte	0x19
 188 0120 0C010000 		.4byte	0x10c
 189 0124 03       		.uleb128 0x3
 190 0125 E50A0000 		.4byte	.LASF24
 191 0129 05       		.byte	0x5
 192 012a 53       		.byte	0x53
 193 012b 19       		.byte	0x19
 194 012c CB000000 		.4byte	0xcb
 195 0130 03       		.uleb128 0x3
 196 0131 F9010000 		.4byte	.LASF25
 197 0135 05       		.byte	0x5
 198 0136 54       		.byte	0x54
 199 0137 19       		.byte	0x19
 200 0138 CB000000 		.4byte	0xcb
 201 013c 03       		.uleb128 0x3
 202 013d 9E0C0000 		.4byte	.LASF26
 203 0141 05       		.byte	0x5
 204 0142 55       		.byte	0x55
 205 0143 19       		.byte	0x19
 206 0144 CB000000 		.4byte	0xcb
 207 0148 03       		.uleb128 0x3
 208 0149 48000000 		.4byte	.LASF27
 209 014d 05       		.byte	0x5
 210 014e 57       		.byte	0x57
 211 014f 19       		.byte	0x19
 212 0150 F4000000 		.4byte	0xf4
 213 0154 03       		.uleb128 0x3
 214 0155 090A0000 		.4byte	.LASF28
 215 0159 05       		.byte	0x5
 216 015a 58       		.byte	0x58
 217 015b 19       		.byte	0x19
 218 015c E8000000 		.4byte	0xe8
 219 0160 03       		.uleb128 0x3
 220 0161 E0020000 		.4byte	.LASF29
 221 0165 05       		.byte	0x5
 222 0166 5A       		.byte	0x5a
 223 0167 19       		.byte	0x19
 224 0168 F4000000 		.4byte	0xf4
 225 016c 03       		.uleb128 0x3
 226 016d 24050000 		.4byte	.LASF30
 227 0171 05       		.byte	0x5
 228 0172 5C       		.byte	0x5c
ARM GAS  C:\Users\PUBLIC~1.LAP\AppData\Local\Temp\ccSvJTCD.s 			page 5


 229 0173 19       		.byte	0x19
 230 0174 E8000000 		.4byte	0xe8
 231 0178 03       		.uleb128 0x3
 232 0179 D6020000 		.4byte	.LASF31
 233 017d 05       		.byte	0x5
 234 017e 80       		.byte	0x80
 235 017f 12       		.byte	0x12
 236 0180 31000000 		.4byte	0x31
 237 0184 03       		.uleb128 0x3
 238 0185 FE080000 		.4byte	.LASF32
 239 0189 05       		.byte	0x5
 240 018a 85       		.byte	0x85
 241 018b 1A       		.byte	0x1a
 242 018c 90010000 		.4byte	0x190
 243 0190 11       		.uleb128 0x11
 244 0191 51060000 		.4byte	.LASF48
 245 0195 4C       		.byte	0x4c
 246 0196 06       		.byte	0x6
 247 0197 9C       		.byte	0x9c
 248 0198 08       		.byte	0x8
 249 0199 80020000 		.4byte	0x280
 250 019d 1A       		.uleb128 0x1a
 251 019e 68647200 		.ascii	"hdr\000"
 252 01a2 06       		.byte	0x6
 253 01a3 AD       		.byte	0xad
 254 01a4 05       		.byte	0x5
 255 01a5 1A060000 		.4byte	0x61a
 256 01a9 00       		.byte	0
 257 01aa 1A       		.uleb128 0x1a
 258 01ab 63747800 		.ascii	"ctx\000"
 259 01af 06       		.byte	0x6
 260 01b0 B1       		.byte	0xb1
 261 01b1 21       		.byte	0x21
 262 01b2 8D050000 		.4byte	0x58d
 263 01b6 0C       		.byte	0xc
 264 01b7 01       		.uleb128 0x1
 265 01b8 0F050000 		.4byte	.LASF33
 266 01bc 06       		.byte	0x6
 267 01bd B6       		.byte	0xb6
 268 01be 21       		.byte	0x21
 269 01bf AE030000 		.4byte	0x3ae
 270 01c3 10       		.byte	0x10
 271 01c4 01       		.uleb128 0x1
 272 01c5 42000000 		.4byte	.LASF34
 273 01c9 06       		.byte	0x6
 274 01ca BB       		.byte	0xbb
 275 01cb 22       		.byte	0x22
 276 01cc 10070000 		.4byte	0x710
 277 01d0 18       		.byte	0x18
 278 01d1 01       		.uleb128 0x1
 279 01d2 470B0000 		.4byte	.LASF35
 280 01d6 06       		.byte	0x6
 281 01d7 C0       		.byte	0xc0
 282 01d8 22       		.byte	0x22
 283 01d9 C1000000 		.4byte	0xc1
 284 01dd 1C       		.byte	0x1c
 285 01de 01       		.uleb128 0x1
ARM GAS  C:\Users\PUBLIC~1.LAP\AppData\Local\Temp\ccSvJTCD.s 			page 6


 286 01df 910A0000 		.4byte	.LASF36
 287 01e3 06       		.byte	0x6
 288 01e4 C9       		.byte	0xc9
 289 01e5 22       		.byte	0x22
 290 01e6 15070000 		.4byte	0x715
 291 01ea 20       		.byte	0x20
 292 01eb 01       		.uleb128 0x1
 293 01ec B0060000 		.4byte	.LASF37
 294 01f0 06       		.byte	0x6
 295 01f1 CE       		.byte	0xce
 296 01f2 22       		.byte	0x22
 297 01f3 15070000 		.4byte	0x715
 298 01f7 24       		.byte	0x24
 299 01f8 01       		.uleb128 0x1
 300 01f9 F5000000 		.4byte	.LASF38
 301 01fd 06       		.byte	0x6
 302 01fe D3       		.byte	0xd3
 303 01ff 21       		.byte	0x21
 304 0200 30010000 		.4byte	0x130
 305 0204 28       		.byte	0x28
 306 0205 01       		.uleb128 0x1
 307 0206 69040000 		.4byte	.LASF39
 308 020a 06       		.byte	0x6
 309 020b D7       		.byte	0xd7
 310 020c 21       		.byte	0x21
 311 020d 24010000 		.4byte	0x124
 312 0211 29       		.byte	0x29
 313 0212 01       		.uleb128 0x1
 314 0213 420A0000 		.4byte	.LASF40
 315 0217 06       		.byte	0x6
 316 0218 DC       		.byte	0xdc
 317 0219 21       		.byte	0x21
 318 021a 3C010000 		.4byte	0x13c
 319 021e 2A       		.byte	0x2a
 320 021f 12       		.uleb128 0x12
 321 0220 7500     		.ascii	"u\000"
 322 0222 06       		.byte	0x6
 323 0223 2D01     		.2byte	0x12d
 324 0225 21       		.byte	0x21
 325 0226 40060000 		.4byte	0x640
 326 022a 2C       		.byte	0x2c
 327 022b 04       		.uleb128 0x4
 328 022c 6E0C0000 		.4byte	.LASF41
 329 0230 06       		.byte	0x6
 330 0231 3201     		.2byte	0x132
 331 0233 21       		.byte	0x21
 332 0234 82030000 		.4byte	0x382
 333 0238 30       		.byte	0x30
 334 0239 04       		.uleb128 0x4
 335 023a D00B0000 		.4byte	.LASF42
 336 023e 06       		.byte	0x6
 337 023f 3801     		.2byte	0x138
 338 0241 21       		.byte	0x21
 339 0242 AE030000 		.4byte	0x3ae
 340 0246 34       		.byte	0x34
 341 0247 04       		.uleb128 0x4
 342 0248 16020000 		.4byte	.LASF43
ARM GAS  C:\Users\PUBLIC~1.LAP\AppData\Local\Temp\ccSvJTCD.s 			page 7


 343 024c 06       		.byte	0x6
 344 024d 3E01     		.2byte	0x13e
 345 024f 21       		.byte	0x21
 346 0250 60010000 		.4byte	0x160
 347 0254 3C       		.byte	0x3c
 348 0255 04       		.uleb128 0x4
 349 0256 50070000 		.4byte	.LASF44
 350 025a 06       		.byte	0x6
 351 025b 4501     		.2byte	0x145
 352 025d 22       		.byte	0x22
 353 025e 0B070000 		.4byte	0x70b
 354 0262 40       		.byte	0x40
 355 0263 04       		.uleb128 0x4
 356 0264 A1060000 		.4byte	.LASF45
 357 0268 06       		.byte	0x6
 358 0269 4901     		.2byte	0x149
 359 026b 21       		.byte	0x21
 360 026c 48010000 		.4byte	0x148
 361 0270 44       		.byte	0x44
 362 0271 04       		.uleb128 0x4
 363 0272 A8040000 		.4byte	.LASF46
 364 0276 06       		.byte	0x6
 365 0277 5001     		.2byte	0x150
 366 0279 22       		.byte	0x22
 367 027a B3000000 		.4byte	0xb3
 368 027e 48       		.byte	0x48
 369 027f 00       		.byte	0
 370 0280 03       		.uleb128 0x3
 371 0281 11080000 		.4byte	.LASF47
 372 0285 05       		.byte	0x5
 373 0286 8A       		.byte	0x8a
 374 0287 1F       		.byte	0x1f
 375 0288 8C020000 		.4byte	0x28c
 376 028c 16       		.uleb128 0x16
 377 028d 6F050000 		.4byte	.LASF49
 378 0291 84       		.byte	0x84
 379 0292 06       		.byte	0x6
 380 0293 8F01     		.2byte	0x18f
 381 0295 08       		.byte	0x8
 382 0296 0B030000 		.4byte	0x30b
 383 029a 04       		.uleb128 0x4
 384 029b C80A0000 		.4byte	.LASF50
 385 029f 06       		.byte	0x6
 386 02a0 9301     		.2byte	0x193
 387 02a2 21       		.byte	0x21
 388 02a3 45070000 		.4byte	0x745
 389 02a7 00       		.byte	0
 390 02a8 04       		.uleb128 0x4
 391 02a9 670C0000 		.4byte	.LASF51
 392 02ad 06       		.byte	0x6
 393 02ae 9701     		.2byte	0x197
 394 02b0 21       		.byte	0x21
 395 02b1 D6050000 		.4byte	0x5d6
 396 02b5 10       		.byte	0x10
 397 02b6 04       		.uleb128 0x4
 398 02b7 51020000 		.4byte	.LASF52
 399 02bb 06       		.byte	0x6
ARM GAS  C:\Users\PUBLIC~1.LAP\AppData\Local\Temp\ccSvJTCD.s 			page 8


 400 02bc 9E01     		.2byte	0x19e
 401 02be 21       		.byte	0x21
 402 02bf FD050000 		.4byte	0x5fd
 403 02c3 20       		.byte	0x20
 404 02c4 04       		.uleb128 0x4
 405 02c5 8B040000 		.4byte	.LASF53
 406 02c9 06       		.byte	0x6
 407 02ca A301     		.2byte	0x1a3
 408 02cc 21       		.byte	0x21
 409 02cd 78010000 		.4byte	0x178
 410 02d1 28       		.byte	0x28
 411 02d2 04       		.uleb128 0x4
 412 02d3 CB0B0000 		.4byte	.LASF54
 413 02d7 06       		.byte	0x6
 414 02d8 A901     		.2byte	0x1a9
 415 02da 21       		.byte	0x21
 416 02db 32030000 		.4byte	0x332
 417 02df 2C       		.byte	0x2c
 418 02e0 04       		.uleb128 0x4
 419 02e1 EE000000 		.4byte	.LASF55
 420 02e5 06       		.byte	0x6
 421 02e6 AE01     		.2byte	0x1ae
 422 02e8 22       		.byte	0x22
 423 02e9 B9070000 		.4byte	0x7b9
 424 02ed 30       		.byte	0x30
 425 02ee 04       		.uleb128 0x4
 426 02ef 4D0A0000 		.4byte	.LASF56
 427 02f3 06       		.byte	0x6
 428 02f4 B201     		.2byte	0x1b2
 429 02f6 21       		.byte	0x21
 430 02f7 84010000 		.4byte	0x184
 431 02fb 34       		.byte	0x34
 432 02fc 12       		.uleb128 0x12
 433 02fd 64626700 		.ascii	"dbg\000"
 434 0301 06       		.byte	0x6
 435 0302 B601     		.2byte	0x1b6
 436 0304 21       		.byte	0x21
 437 0305 59030000 		.4byte	0x359
 438 0309 80       		.byte	0x80
 439 030a 00       		.byte	0
 440 030b 03       		.uleb128 0x3
 441 030c 14060000 		.4byte	.LASF57
 442 0310 07       		.byte	0x7
 443 0311 3F       		.byte	0x3f
 444 0312 12       		.byte	0x12
 445 0313 F4000000 		.4byte	0xf4
 446 0317 11       		.uleb128 0x11
 447 0318 03010000 		.4byte	.LASF58
 448 031c 04       		.byte	0x4
 449 031d 07       		.byte	0x7
 450 031e 44       		.byte	0x44
 451 031f 10       		.byte	0x10
 452 0320 32030000 		.4byte	0x332
 453 0324 01       		.uleb128 0x1
 454 0325 D8070000 		.4byte	.LASF59
 455 0329 07       		.byte	0x7
 456 032a 48       		.byte	0x48
ARM GAS  C:\Users\PUBLIC~1.LAP\AppData\Local\Temp\ccSvJTCD.s 			page 9


 457 032b 21       		.byte	0x21
 458 032c 0B030000 		.4byte	0x30b
 459 0330 00       		.byte	0
 460 0331 00       		.byte	0
 461 0332 03       		.uleb128 0x3
 462 0333 C1060000 		.4byte	.LASF60
 463 0337 07       		.byte	0x7
 464 0338 49       		.byte	0x49
 465 0339 03       		.byte	0x3
 466 033a 17030000 		.4byte	0x317
 467 033e 11       		.uleb128 0x11
 468 033f D90B0000 		.4byte	.LASF61
 469 0343 04       		.byte	0x4
 470 0344 08       		.byte	0x8
 471 0345 3E       		.byte	0x3e
 472 0346 10       		.byte	0x10
 473 0347 59030000 		.4byte	0x359
 474 034b 01       		.uleb128 0x1
 475 034c 28030000 		.4byte	.LASF62
 476 0350 08       		.byte	0x8
 477 0351 46       		.byte	0x46
 478 0352 24       		.byte	0x24
 479 0353 C6000000 		.4byte	0xc6
 480 0357 00       		.byte	0
 481 0358 00       		.byte	0
 482 0359 03       		.uleb128 0x3
 483 035a 3B030000 		.4byte	.LASF63
 484 035e 08       		.byte	0x8
 485 035f 51       		.byte	0x51
 486 0360 03       		.byte	0x3
 487 0361 3E030000 		.4byte	0x33e
 488 0365 03       		.uleb128 0x3
 489 0366 2B000000 		.4byte	.LASF64
 490 036a 09       		.byte	0x9
 491 036b 6D       		.byte	0x6d
 492 036c 12       		.byte	0x12
 493 036d F4000000 		.4byte	0xf4
 494 0371 20       		.uleb128 0x20
 495 0372 65030000 		.4byte	0x365
 496 0376 03       		.uleb128 0x3
 497 0377 7E070000 		.4byte	.LASF65
 498 037b 09       		.byte	0x9
 499 037c 79       		.byte	0x79
 500 037d 12       		.byte	0x12
 501 037e F4000000 		.4byte	0xf4
 502 0382 03       		.uleb128 0x3
 503 0383 2B020000 		.4byte	.LASF66
 504 0387 0A       		.byte	0xa
 505 0388 32       		.byte	0x32
 506 0389 18       		.byte	0x18
 507 038a 8E030000 		.4byte	0x38e
 508 038e 11       		.uleb128 0x11
 509 038f 49020000 		.4byte	.LASF67
 510 0393 04       		.byte	0x4
 511 0394 0A       		.byte	0xa
 512 0395 38       		.byte	0x38
 513 0396 08       		.byte	0x8
ARM GAS  C:\Users\PUBLIC~1.LAP\AppData\Local\Temp\ccSvJTCD.s 			page 10


 514 0397 A9030000 		.4byte	0x3a9
 515 039b 01       		.uleb128 0x1
 516 039c 6E0D0000 		.4byte	.LASF68
 517 03a0 0A       		.byte	0xa
 518 03a1 39       		.byte	0x39
 519 03a2 1A       		.byte	0x1a
 520 03a3 A9030000 		.4byte	0x3a9
 521 03a7 00       		.byte	0
 522 03a8 00       		.byte	0
 523 03a9 05       		.uleb128 0x5
 524 03aa 82030000 		.4byte	0x382
 525 03ae 03       		.uleb128 0x3
 526 03af FF050000 		.4byte	.LASF69
 527 03b3 0A       		.byte	0xa
 528 03b4 3F       		.byte	0x3f
 529 03b5 19       		.byte	0x19
 530 03b6 BA030000 		.4byte	0x3ba
 531 03ba 11       		.uleb128 0x11
 532 03bb 400C0000 		.4byte	.LASF70
 533 03bf 08       		.byte	0x8
 534 03c0 0A       		.byte	0xa
 535 03c1 45       		.byte	0x45
 536 03c2 08       		.byte	0x8
 537 03c3 E2030000 		.4byte	0x3e2
 538 03c7 01       		.uleb128 0x1
 539 03c8 6E0D0000 		.4byte	.LASF68
 540 03cc 0A       		.byte	0xa
 541 03cd 46       		.byte	0x46
 542 03ce 1A       		.byte	0x1a
 543 03cf E2030000 		.4byte	0x3e2
 544 03d3 00       		.byte	0
 545 03d4 01       		.uleb128 0x1
 546 03d5 730D0000 		.4byte	.LASF71
 547 03d9 0A       		.byte	0xa
 548 03da 47       		.byte	0x47
 549 03db 1A       		.byte	0x1a
 550 03dc E2030000 		.4byte	0x3e2
 551 03e0 04       		.byte	0x4
 552 03e1 00       		.byte	0
 553 03e2 05       		.uleb128 0x5
 554 03e3 AE030000 		.4byte	0x3ae
 555 03e7 03       		.uleb128 0x3
 556 03e8 9F070000 		.4byte	.LASF72
 557 03ec 0A       		.byte	0xa
 558 03ed 4E       		.byte	0x4e
 559 03ee 22       		.byte	0x22
 560 03ef F3030000 		.4byte	0x3f3
 561 03f3 11       		.uleb128 0x11
 562 03f4 970B0000 		.4byte	.LASF73
 563 03f8 0C       		.byte	0xc
 564 03f9 0A       		.byte	0xa
 565 03fa 55       		.byte	0x55
 566 03fb 08       		.byte	0x8
 567 03fc 28040000 		.4byte	0x428
 568 0400 01       		.uleb128 0x1
 569 0401 6E0D0000 		.4byte	.LASF68
 570 0405 0A       		.byte	0xa
ARM GAS  C:\Users\PUBLIC~1.LAP\AppData\Local\Temp\ccSvJTCD.s 			page 11


 571 0406 56       		.byte	0x56
 572 0407 1A       		.byte	0x1a
 573 0408 28040000 		.4byte	0x428
 574 040c 00       		.byte	0
 575 040d 01       		.uleb128 0x1
 576 040e 730D0000 		.4byte	.LASF71
 577 0412 0A       		.byte	0xa
 578 0413 57       		.byte	0x57
 579 0414 1A       		.byte	0x1a
 580 0415 28040000 		.4byte	0x428
 581 0419 04       		.byte	0x4
 582 041a 01       		.uleb128 0x1
 583 041b 57010000 		.4byte	.LASF74
 584 041f 0A       		.byte	0xa
 585 0420 58       		.byte	0x58
 586 0421 19       		.byte	0x19
 587 0422 48010000 		.4byte	0x148
 588 0426 08       		.byte	0x8
 589 0427 00       		.byte	0
 590 0428 05       		.uleb128 0x5
 591 0429 E7030000 		.4byte	0x3e7
 592 042d 03       		.uleb128 0x3
 593 042e 00000000 		.4byte	.LASF75
 594 0432 0A       		.byte	0xa
 595 0433 5F       		.byte	0x5f
 596 0434 1E       		.byte	0x1e
 597 0435 39040000 		.4byte	0x439
 598 0439 11       		.uleb128 0x11
 599 043a B9080000 		.4byte	.LASF76
 600 043e 0C       		.byte	0xc
 601 043f 0A       		.byte	0xa
 602 0440 64       		.byte	0x64
 603 0441 08       		.byte	0x8
 604 0442 6E040000 		.4byte	0x46e
 605 0446 01       		.uleb128 0x1
 606 0447 6E0D0000 		.4byte	.LASF68
 607 044b 0A       		.byte	0xa
 608 044c 65       		.byte	0x65
 609 044d 1A       		.byte	0x1a
 610 044e 6E040000 		.4byte	0x46e
 611 0452 00       		.byte	0
 612 0453 01       		.uleb128 0x1
 613 0454 730D0000 		.4byte	.LASF71
 614 0458 0A       		.byte	0xa
 615 0459 66       		.byte	0x66
 616 045a 1A       		.byte	0x1a
 617 045b 6E040000 		.4byte	0x46e
 618 045f 04       		.byte	0x4
 619 0460 01       		.uleb128 0x1
 620 0461 1B0A0000 		.4byte	.LASF77
 621 0465 0A       		.byte	0xa
 622 0466 67       		.byte	0x67
 623 0467 19       		.byte	0x19
 624 0468 76030000 		.4byte	0x376
 625 046c 08       		.byte	0x8
 626 046d 00       		.byte	0
 627 046e 05       		.uleb128 0x5
ARM GAS  C:\Users\PUBLIC~1.LAP\AppData\Local\Temp\ccSvJTCD.s 			page 12


 628 046f 2D040000 		.4byte	0x42d
 629 0473 10       		.uleb128 0x10
 630 0474 01       		.byte	0x1
 631 0475 02       		.byte	0x2
 632 0476 5B030000 		.4byte	.LASF78
 633 047a 05       		.uleb128 0x5
 634 047b CB000000 		.4byte	0xcb
 635 047f 0C       		.uleb128 0xc
 636 0480 D7000000 		.4byte	0xd7
 637 0484 8F040000 		.4byte	0x48f
 638 0488 0D       		.uleb128 0xd
 639 0489 31000000 		.4byte	0x31
 640 048d 07       		.byte	0x7
 641 048e 00       		.byte	0
 642 048f 09       		.uleb128 0x9
 643 0490 7F040000 		.4byte	0x47f
 644 0494 17       		.uleb128 0x17
 645 0495 BB070000 		.4byte	.LASF79
 646 0499 3B       		.byte	0x3b
 647 049a 8F040000 		.4byte	0x48f
 648 049e 08       		.byte	0x8
 649 049f 00       		.byte	0
 650 04a0 00       		.byte	0
 651 04a1 00       		.byte	0
 652 04a2 00       		.byte	0
 653 04a3 04       		.byte	0x4
 654 04a4 04       		.byte	0x4
 655 04a5 04       		.byte	0x4
 656 04a6 04       		.byte	0x4
 657 04a7 17       		.uleb128 0x17
 658 04a8 63090000 		.4byte	.LASF80
 659 04ac 47       		.byte	0x47
 660 04ad 8F040000 		.4byte	0x48f
 661 04b1 08       		.byte	0x8
 662 04b2 00       		.byte	0
 663 04b3 00       		.byte	0
 664 04b4 08       		.byte	0x8
 665 04b5 00       		.byte	0
 666 04b6 00       		.byte	0
 667 04b7 00       		.byte	0
 668 04b8 08       		.byte	0x8
 669 04b9 00       		.byte	0
 670 04ba 17       		.uleb128 0x17
 671 04bb CD080000 		.4byte	.LASF81
 672 04bf 53       		.byte	0x53
 673 04c0 8F040000 		.4byte	0x48f
 674 04c4 08       		.byte	0x8
 675 04c5 00       		.byte	0
 676 04c6 00       		.byte	0
 677 04c7 08       		.byte	0x8
 678 04c8 00       		.byte	0
 679 04c9 00       		.byte	0
 680 04ca 00       		.byte	0
 681 04cb 08       		.byte	0x8
 682 04cc 00       		.byte	0
 683 04cd 17       		.uleb128 0x17
 684 04ce 1F080000 		.4byte	.LASF82
ARM GAS  C:\Users\PUBLIC~1.LAP\AppData\Local\Temp\ccSvJTCD.s 			page 13


 685 04d2 5F       		.byte	0x5f
 686 04d3 8F040000 		.4byte	0x48f
 687 04d7 08       		.byte	0x8
 688 04d8 00       		.byte	0
 689 04d9 02       		.byte	0x2
 690 04da 04       		.byte	0x4
 691 04db 06       		.byte	0x6
 692 04dc 08       		.byte	0x8
 693 04dd 0A       		.byte	0xa
 694 04de 0C       		.byte	0xc
 695 04df 0E       		.byte	0xe
 696 04e0 0C       		.uleb128 0xc
 697 04e1 D7000000 		.4byte	0xd7
 698 04e5 F0040000 		.4byte	0x4f0
 699 04e9 0D       		.uleb128 0xd
 700 04ea 31000000 		.4byte	0x31
 701 04ee 06       		.byte	0x6
 702 04ef 00       		.byte	0
 703 04f0 09       		.uleb128 0x9
 704 04f1 E0040000 		.4byte	0x4e0
 705 04f5 17       		.uleb128 0x17
 706 04f6 40090000 		.4byte	.LASF83
 707 04fa 6B       		.byte	0x6b
 708 04fb F0040000 		.4byte	0x4f0
 709 04ff 07       		.byte	0x7
 710 0500 00       		.byte	0
 711 0501 01       		.byte	0x1
 712 0502 02       		.byte	0x2
 713 0503 03       		.byte	0x3
 714 0504 04       		.byte	0x4
 715 0505 05       		.byte	0x5
 716 0506 06       		.byte	0x6
 717 0507 16       		.uleb128 0x16
 718 0508 57090000 		.4byte	.LASF84
 719 050c 24       		.byte	0x24
 720 050d 0C       		.byte	0xc
 721 050e 1B01     		.2byte	0x11b
 722 0510 08       		.byte	0x8
 723 0511 8D050000 		.4byte	0x58d
 724 0515 12       		.uleb128 0x12
 725 0516 723800   		.ascii	"r8\000"
 726 0519 0C       		.byte	0xc
 727 051a 1C01     		.2byte	0x11c
 728 051c 11       		.byte	0x11
 729 051d F4000000 		.4byte	0xf4
 730 0521 00       		.byte	0
 731 0522 12       		.uleb128 0x12
 732 0523 723900   		.ascii	"r9\000"
 733 0526 0C       		.byte	0xc
 734 0527 1D01     		.2byte	0x11d
 735 0529 11       		.byte	0x11
 736 052a F4000000 		.4byte	0xf4
 737 052e 04       		.byte	0x4
 738 052f 12       		.uleb128 0x12
 739 0530 72313000 		.ascii	"r10\000"
 740 0534 0C       		.byte	0xc
 741 0535 1E01     		.2byte	0x11e
ARM GAS  C:\Users\PUBLIC~1.LAP\AppData\Local\Temp\ccSvJTCD.s 			page 14


 742 0537 11       		.byte	0x11
 743 0538 F4000000 		.4byte	0xf4
 744 053c 08       		.byte	0x8
 745 053d 12       		.uleb128 0x12
 746 053e 72313100 		.ascii	"r11\000"
 747 0542 0C       		.byte	0xc
 748 0543 1F01     		.2byte	0x11f
 749 0545 11       		.byte	0x11
 750 0546 F4000000 		.4byte	0xf4
 751 054a 0C       		.byte	0xc
 752 054b 12       		.uleb128 0x12
 753 054c 723400   		.ascii	"r4\000"
 754 054f 0C       		.byte	0xc
 755 0550 2001     		.2byte	0x120
 756 0552 11       		.byte	0x11
 757 0553 F4000000 		.4byte	0xf4
 758 0557 10       		.byte	0x10
 759 0558 12       		.uleb128 0x12
 760 0559 723500   		.ascii	"r5\000"
 761 055c 0C       		.byte	0xc
 762 055d 2101     		.2byte	0x121
 763 055f 11       		.byte	0x11
 764 0560 F4000000 		.4byte	0xf4
 765 0564 14       		.byte	0x14
 766 0565 12       		.uleb128 0x12
 767 0566 723600   		.ascii	"r6\000"
 768 0569 0C       		.byte	0xc
 769 056a 2201     		.2byte	0x122
 770 056c 11       		.byte	0x11
 771 056d F4000000 		.4byte	0xf4
 772 0571 18       		.byte	0x18
 773 0572 12       		.uleb128 0x12
 774 0573 723700   		.ascii	"r7\000"
 775 0576 0C       		.byte	0xc
 776 0577 2301     		.2byte	0x123
 777 0579 11       		.byte	0x11
 778 057a F4000000 		.4byte	0xf4
 779 057e 1C       		.byte	0x1c
 780 057f 12       		.uleb128 0x12
 781 0580 6C7200   		.ascii	"lr\000"
 782 0583 0C       		.byte	0xc
 783 0584 2401     		.2byte	0x124
 784 0586 11       		.byte	0x11
 785 0587 F4000000 		.4byte	0xf4
 786 058b 20       		.byte	0x20
 787 058c 00       		.byte	0
 788 058d 16       		.uleb128 0x16
 789 058e A60C0000 		.4byte	.LASF85
 790 0592 04       		.byte	0x4
 791 0593 0C       		.byte	0xc
 792 0594 2D01     		.2byte	0x12d
 793 0596 08       		.byte	0x8
 794 0597 A9050000 		.4byte	0x5a9
 795 059b 12       		.uleb128 0x12
 796 059c 737000   		.ascii	"sp\000"
 797 059f 0C       		.byte	0xc
 798 05a0 2E01     		.2byte	0x12e
ARM GAS  C:\Users\PUBLIC~1.LAP\AppData\Local\Temp\ccSvJTCD.s 			page 15


 799 05a2 1A       		.byte	0x1a
 800 05a3 A9050000 		.4byte	0x5a9
 801 05a7 00       		.byte	0
 802 05a8 00       		.byte	0
 803 05a9 05       		.uleb128 0x5
 804 05aa 07050000 		.4byte	0x507
 805 05ae 11       		.uleb128 0x11
 806 05af 77000000 		.4byte	.LASF86
 807 05b3 10       		.byte	0x10
 808 05b4 06       		.byte	0x6
 809 05b5 64       		.byte	0x64
 810 05b6 10       		.byte	0x10
 811 05b7 D6050000 		.4byte	0x5d6
 812 05bb 01       		.uleb128 0x1
 813 05bc C7080000 		.4byte	.LASF87
 814 05c0 06       		.byte	0x6
 815 05c1 68       		.byte	0x68
 816 05c2 21       		.byte	0x21
 817 05c3 2D040000 		.4byte	0x42d
 818 05c7 00       		.byte	0
 819 05c8 01       		.uleb128 0x1
 820 05c9 9D010000 		.4byte	.LASF88
 821 05cd 06       		.byte	0x6
 822 05ce 6D       		.byte	0x6d
 823 05cf 21       		.byte	0x21
 824 05d0 71030000 		.4byte	0x371
 825 05d4 0C       		.byte	0xc
 826 05d5 00       		.byte	0
 827 05d6 03       		.uleb128 0x3
 828 05d7 5B060000 		.4byte	.LASF89
 829 05db 06       		.byte	0x6
 830 05dc 7B       		.byte	0x7b
 831 05dd 03       		.byte	0x3
 832 05de AE050000 		.4byte	0x5ae
 833 05e2 11       		.uleb128 0x11
 834 05e3 4B010000 		.4byte	.LASF90
 835 05e7 08       		.byte	0x8
 836 05e8 06       		.byte	0x6
 837 05e9 80       		.byte	0x80
 838 05ea 10       		.byte	0x10
 839 05eb FD050000 		.4byte	0x5fd
 840 05ef 01       		.uleb128 0x1
 841 05f0 470A0000 		.4byte	.LASF91
 842 05f4 06       		.byte	0x6
 843 05f5 84       		.byte	0x84
 844 05f6 21       		.byte	0x21
 845 05f7 AE030000 		.4byte	0x3ae
 846 05fb 00       		.byte	0
 847 05fc 00       		.byte	0
 848 05fd 03       		.uleb128 0x3
 849 05fe C7000000 		.4byte	.LASF92
 850 0602 06       		.byte	0x6
 851 0603 85       		.byte	0x85
 852 0604 03       		.byte	0x3
 853 0605 E2050000 		.4byte	0x5e2
 854 0609 03       		.uleb128 0x3
 855 060a 2D090000 		.4byte	.LASF93
ARM GAS  C:\Users\PUBLIC~1.LAP\AppData\Local\Temp\ccSvJTCD.s 			page 16


 856 060e 06       		.byte	0x6
 857 060f 8A       		.byte	0x8a
 858 0610 14       		.byte	0x14
 859 0611 15060000 		.4byte	0x615
 860 0615 05       		.uleb128 0x5
 861 0616 84010000 		.4byte	0x184
 862 061a 21       		.uleb128 0x21
 863 061b 0C       		.byte	0xc
 864 061c A0       		.byte	0xa0
 865 061d 40060000 		.4byte	0x640
 866 0621 18       		.uleb128 0x18
 867 0622 A0080000 		.4byte	.LASF94
 868 0626 A4       		.byte	0xa4
 869 0627 82030000 		.4byte	0x382
 870 062b 18       		.uleb128 0x18
 871 062c 470A0000 		.4byte	.LASF91
 872 0630 A8       		.byte	0xa8
 873 0631 AE030000 		.4byte	0x3ae
 874 0635 18       		.uleb128 0x18
 875 0636 0B0B0000 		.4byte	.LASF95
 876 063a AC       		.byte	0xac
 877 063b E7030000 		.4byte	0x3e7
 878 063f 00       		.byte	0
 879 0640 21       		.uleb128 0x21
 880 0641 04       		.byte	0x4
 881 0642 F0       		.byte	0xf0
 882 0643 A4060000 		.4byte	0x6a4
 883 0647 18       		.uleb128 0x18
 884 0648 E80C0000 		.4byte	.LASF96
 885 064c F7       		.byte	0xf7
 886 064d 54010000 		.4byte	0x154
 887 0651 18       		.uleb128 0x18
 888 0652 7C010000 		.4byte	.LASF97
 889 0656 FE       		.byte	0xfe
 890 0657 54010000 		.4byte	0x154
 891 065b 15       		.uleb128 0x15
 892 065c 9D030000 		.4byte	.LASF98
 893 0660 0501     		.2byte	0x105
 894 0662 22       		.byte	0x22
 895 0663 B3000000 		.4byte	0xb3
 896 0667 15       		.uleb128 0x15
 897 0668 F3020000 		.4byte	.LASF99
 898 066c 0C01     		.2byte	0x10c
 899 066e 22       		.byte	0x22
 900 066f A4060000 		.4byte	0x6a4
 901 0673 15       		.uleb128 0x15
 902 0674 4F090000 		.4byte	.LASF100
 903 0678 1101     		.2byte	0x111
 904 067a 21       		.byte	0x21
 905 067b 54010000 		.4byte	0x154
 906 067f 15       		.uleb128 0x15
 907 0680 24000000 		.4byte	.LASF101
 908 0684 1A01     		.2byte	0x11a
 909 0686 22       		.byte	0x22
 910 0687 D1060000 		.4byte	0x6d1
 911 068b 15       		.uleb128 0x15
 912 068c 4F050000 		.4byte	.LASF102
ARM GAS  C:\Users\PUBLIC~1.LAP\AppData\Local\Temp\ccSvJTCD.s 			page 17


 913 0690 2301     		.2byte	0x123
 914 0692 22       		.byte	0x22
 915 0693 0B070000 		.4byte	0x70b
 916 0697 15       		.uleb128 0x15
 917 0698 97020000 		.4byte	.LASF103
 918 069c 2B01     		.2byte	0x12b
 919 069e 21       		.byte	0x21
 920 069f 60010000 		.4byte	0x160
 921 06a3 00       		.byte	0
 922 06a4 05       		.uleb128 0x5
 923 06a5 09060000 		.4byte	0x609
 924 06a9 11       		.uleb128 0x11
 925 06aa 3B060000 		.4byte	.LASF104
 926 06ae 0C       		.byte	0xc
 927 06af 0D       		.byte	0xd
 928 06b0 34       		.byte	0x34
 929 06b1 10       		.byte	0x10
 930 06b2 D1060000 		.4byte	0x6d1
 931 06b6 01       		.uleb128 0x1
 932 06b7 470A0000 		.4byte	.LASF91
 933 06bb 0D       		.byte	0xd
 934 06bc 35       		.byte	0x35
 935 06bd 19       		.byte	0x19
 936 06be AE030000 		.4byte	0x3ae
 937 06c2 00       		.byte	0
 938 06c3 1A       		.uleb128 0x1a
 939 06c4 636E7400 		.ascii	"cnt\000"
 940 06c8 0D       		.byte	0xd
 941 06c9 37       		.byte	0x37
 942 06ca 19       		.byte	0x19
 943 06cb 6C010000 		.4byte	0x16c
 944 06cf 08       		.byte	0x8
 945 06d0 00       		.byte	0
 946 06d1 05       		.uleb128 0x5
 947 06d2 A9060000 		.4byte	0x6a9
 948 06d6 11       		.uleb128 0x11
 949 06d7 B20B0000 		.4byte	.LASF105
 950 06db 10       		.byte	0x10
 951 06dc 0E       		.byte	0xe
 952 06dd 39       		.byte	0x39
 953 06de 08       		.byte	0x8
 954 06df 0B070000 		.4byte	0x70b
 955 06e3 01       		.uleb128 0x1
 956 06e4 470A0000 		.4byte	.LASF91
 957 06e8 0E       		.byte	0xe
 958 06e9 3A       		.byte	0x3a
 959 06ea 19       		.byte	0x19
 960 06eb AE030000 		.4byte	0x3ae
 961 06ef 00       		.byte	0
 962 06f0 01       		.uleb128 0x1
 963 06f1 42000000 		.4byte	.LASF34
 964 06f5 0E       		.byte	0xe
 965 06f6 3C       		.byte	0x3c
 966 06f7 1A       		.byte	0x1a
 967 06f8 15060000 		.4byte	0x615
 968 06fc 08       		.byte	0x8
 969 06fd 01       		.uleb128 0x1
ARM GAS  C:\Users\PUBLIC~1.LAP\AppData\Local\Temp\ccSvJTCD.s 			page 18


 970 06fe 6E0D0000 		.4byte	.LASF68
 971 0702 0E       		.byte	0xe
 972 0703 3E       		.byte	0x3e
 973 0704 1A       		.byte	0x1a
 974 0705 CA070000 		.4byte	0x7ca
 975 0709 0C       		.byte	0xc
 976 070a 00       		.byte	0
 977 070b 05       		.uleb128 0x5
 978 070c D6060000 		.4byte	0x6d6
 979 0710 05       		.uleb128 0x5
 980 0711 80020000 		.4byte	0x280
 981 0715 05       		.uleb128 0x5
 982 0716 18010000 		.4byte	0x118
 983 071a 16       		.uleb128 0x16
 984 071b 61050000 		.4byte	.LASF106
 985 071f 10       		.byte	0x10
 986 0720 06       		.byte	0x6
 987 0721 6101     		.2byte	0x161
 988 0723 10       		.byte	0x10
 989 0724 45070000 		.4byte	0x745
 990 0728 04       		.uleb128 0x4
 991 0729 0B0B0000 		.4byte	.LASF95
 992 072d 06       		.byte	0x6
 993 072e 6601     		.2byte	0x166
 994 0730 21       		.byte	0x21
 995 0731 E7030000 		.4byte	0x3e7
 996 0735 00       		.byte	0
 997 0736 04       		.uleb128 0x4
 998 0737 5B080000 		.4byte	.LASF107
 999 073b 06       		.byte	0x6
 1000 073c 6A01     		.2byte	0x16a
 1001 073e 22       		.byte	0x22
 1002 073f 15060000 		.4byte	0x615
 1003 0743 0C       		.byte	0xc
 1004 0744 00       		.byte	0
 1005 0745 0A       		.uleb128 0xa
 1006 0746 76060000 		.4byte	.LASF108
 1007 074a 06       		.byte	0x6
 1008 074b 6B01     		.2byte	0x16b
 1009 074d 03       		.byte	0x3
 1010 074e 1A070000 		.4byte	0x71a
 1011 0752 16       		.uleb128 0x16
 1012 0753 620B0000 		.4byte	.LASF109
 1013 0757 14       		.byte	0x14
 1014 0758 06       		.byte	0x6
 1015 0759 7001     		.2byte	0x170
 1016 075b 10       		.byte	0x10
 1017 075c A7070000 		.4byte	0x7a7
 1018 0760 04       		.uleb128 0x4
 1019 0761 470B0000 		.4byte	.LASF35
 1020 0765 06       		.byte	0x6
 1021 0766 7401     		.2byte	0x174
 1022 0768 22       		.byte	0x22
 1023 0769 C1000000 		.4byte	0xc1
 1024 076d 00       		.byte	0
 1025 076e 04       		.uleb128 0x4
 1026 076f F9090000 		.4byte	.LASF110
ARM GAS  C:\Users\PUBLIC~1.LAP\AppData\Local\Temp\ccSvJTCD.s 			page 19


 1027 0773 06       		.byte	0x6
 1028 0774 7A01     		.2byte	0x17a
 1029 0776 22       		.byte	0x22
 1030 0777 15070000 		.4byte	0x715
 1031 077b 04       		.byte	0x4
 1032 077c 04       		.uleb128 0x4
 1033 077d BB040000 		.4byte	.LASF111
 1034 0781 06       		.byte	0x6
 1035 0782 7E01     		.2byte	0x17e
 1036 0784 22       		.byte	0x22
 1037 0785 15070000 		.4byte	0x715
 1038 0789 08       		.byte	0x8
 1039 078a 04       		.uleb128 0x4
 1040 078b 3C0D0000 		.4byte	.LASF112
 1041 078f 06       		.byte	0x6
 1042 0790 8401     		.2byte	0x184
 1043 0792 22       		.byte	0x22
 1044 0793 15070000 		.4byte	0x715
 1045 0797 0C       		.byte	0xc
 1046 0798 04       		.uleb128 0x4
 1047 0799 12090000 		.4byte	.LASF113
 1048 079d 06       		.byte	0x6
 1049 079e 8801     		.2byte	0x188
 1050 07a0 22       		.byte	0x22
 1051 07a1 15070000 		.4byte	0x715
 1052 07a5 10       		.byte	0x10
 1053 07a6 00       		.byte	0
 1054 07a7 0A       		.uleb128 0xa
 1055 07a8 820B0000 		.4byte	.LASF114
 1056 07ac 06       		.byte	0x6
 1057 07ad 8A01     		.2byte	0x18a
 1058 07af 03       		.byte	0x3
 1059 07b0 52070000 		.4byte	0x752
 1060 07b4 09       		.uleb128 0x9
 1061 07b5 A7070000 		.4byte	0x7a7
 1062 07b9 05       		.uleb128 0x5
 1063 07ba B4070000 		.4byte	0x7b4
 1064 07be 03       		.uleb128 0x3
 1065 07bf 960C0000 		.4byte	.LASF115
 1066 07c3 0E       		.byte	0xe
 1067 07c4 34       		.byte	0x34
 1068 07c5 19       		.byte	0x19
 1069 07c6 D6060000 		.4byte	0x6d6
 1070 07ca 05       		.uleb128 0x5
 1071 07cb BE070000 		.4byte	0x7be
 1072 07cf 05       		.uleb128 0x5
 1073 07d0 D7000000 		.4byte	0xd7
 1074 07d4 0A       		.uleb128 0xa
 1075 07d5 93030000 		.4byte	.LASF116
 1076 07d9 0F       		.byte	0xf
 1077 07da 0301     		.2byte	0x103
 1078 07dc 1A       		.byte	0x1a
 1079 07dd E1070000 		.4byte	0x7e1
 1080 07e1 11       		.uleb128 0x11
 1081 07e2 93030000 		.4byte	.LASF116
 1082 07e6 84       		.byte	0x84
 1083 07e7 10       		.byte	0x10
ARM GAS  C:\Users\PUBLIC~1.LAP\AppData\Local\Temp\ccSvJTCD.s 			page 20


 1084 07e8 DE       		.byte	0xde
 1085 07e9 08       		.byte	0x8
 1086 07ea D7080000 		.4byte	0x8d7
 1087 07ee 01       		.uleb128 0x1
 1088 07ef F5000000 		.4byte	.LASF38
 1089 07f3 10       		.byte	0x10
 1090 07f4 E3       		.byte	0xe3
 1091 07f5 23       		.byte	0x23
 1092 07f6 14090000 		.4byte	0x914
 1093 07fa 00       		.byte	0
 1094 07fb 01       		.uleb128 0x1
 1095 07fc EE000000 		.4byte	.LASF55
 1096 0800 10       		.byte	0x10
 1097 0801 E7       		.byte	0xe7
 1098 0802 24       		.byte	0x24
 1099 0803 630C0000 		.4byte	0xc63
 1100 0807 04       		.byte	0x4
 1101 0808 01       		.uleb128 0x1
 1102 0809 D7040000 		.4byte	.LASF117
 1103 080d 10       		.byte	0x10
 1104 080e EB       		.byte	0xeb
 1105 080f 23       		.byte	0x23
 1106 0810 DC000000 		.4byte	0xdc
 1107 0814 08       		.byte	0x8
 1108 0815 01       		.uleb128 0x1
 1109 0816 7E030000 		.4byte	.LASF118
 1110 081a 10       		.byte	0x10
 1111 081b EF       		.byte	0xef
 1112 081c 23       		.byte	0x23
 1113 081d DC000000 		.4byte	0xdc
 1114 0821 0A       		.byte	0xa
 1115 0822 1A       		.uleb128 0x1a
 1116 0823 65706300 		.ascii	"epc\000"
 1117 0827 10       		.byte	0x10
 1118 0828 F3       		.byte	0xf3
 1119 0829 24       		.byte	0x24
 1120 082a 680C0000 		.4byte	0xc68
 1121 082e 0C       		.byte	0xc
 1122 082f 01       		.uleb128 0x1
 1123 0830 120B0000 		.4byte	.LASF119
 1124 0834 10       		.byte	0x10
 1125 0835 FA       		.byte	0xfa
 1126 0836 24       		.byte	0x24
 1127 0837 7D0C0000 		.4byte	0xc7d
 1128 083b 2C       		.byte	0x2c
 1129 083c 04       		.uleb128 0x4
 1130 083d 310D0000 		.4byte	.LASF120
 1131 0841 10       		.byte	0x10
 1132 0842 0101     		.2byte	0x101
 1133 0844 24       		.byte	0x24
 1134 0845 7D0C0000 		.4byte	0xc7d
 1135 0849 48       		.byte	0x48
 1136 084a 04       		.uleb128 0x4
 1137 084b 32030000 		.4byte	.LASF121
 1138 084f 10       		.byte	0x10
 1139 0850 0501     		.2byte	0x105
 1140 0852 23       		.byte	0x23
ARM GAS  C:\Users\PUBLIC~1.LAP\AppData\Local\Temp\ccSvJTCD.s 			page 21


 1141 0853 82090000 		.4byte	0x982
 1142 0857 64       		.byte	0x64
 1143 0858 04       		.uleb128 0x4
 1144 0859 B3070000 		.4byte	.LASF122
 1145 085d 10       		.byte	0x10
 1146 085e 0901     		.2byte	0x109
 1147 0860 24       		.byte	0x24
 1148 0861 7A040000 		.4byte	0x47a
 1149 0865 68       		.byte	0x68
 1150 0866 04       		.uleb128 0x4
 1151 0867 79030000 		.4byte	.LASF123
 1152 086b 10       		.byte	0x10
 1153 086c 0D01     		.2byte	0x10d
 1154 086e 23       		.byte	0x23
 1155 086f 25000000 		.4byte	0x25
 1156 0873 6C       		.byte	0x6c
 1157 0874 04       		.uleb128 0x4
 1158 0875 48060000 		.4byte	.LASF124
 1159 0879 10       		.byte	0x10
 1160 087a 1101     		.2byte	0x111
 1161 087c 23       		.byte	0x23
 1162 087d 0B0A0000 		.4byte	0xa0b
 1163 0881 70       		.byte	0x70
 1164 0882 04       		.uleb128 0x4
 1165 0883 49050000 		.4byte	.LASF125
 1166 0887 10       		.byte	0x10
 1167 0888 1501     		.2byte	0x115
 1168 088a 23       		.byte	0x23
 1169 088b 8D0C0000 		.4byte	0xc8d
 1170 088f 74       		.byte	0x74
 1171 0890 04       		.uleb128 0x4
 1172 0891 20060000 		.4byte	.LASF126
 1173 0895 10       		.byte	0x10
 1174 0896 1901     		.2byte	0x119
 1175 0898 23       		.byte	0x23
 1176 0899 DC000000 		.4byte	0xdc
 1177 089d 7C       		.byte	0x7c
 1178 089e 04       		.uleb128 0x4
 1179 089f 33060000 		.4byte	.LASF127
 1180 08a3 10       		.byte	0x10
 1181 08a4 1D01     		.2byte	0x11d
 1182 08a6 23       		.byte	0x23
 1183 08a7 CB000000 		.4byte	0xcb
 1184 08ab 7E       		.byte	0x7e
 1185 08ac 04       		.uleb128 0x4
 1186 08ad A1050000 		.4byte	.LASF128
 1187 08b1 10       		.byte	0x10
 1188 08b2 2101     		.2byte	0x121
 1189 08b4 23       		.byte	0x23
 1190 08b5 CB000000 		.4byte	0xcb
 1191 08b9 7F       		.byte	0x7f
 1192 08ba 04       		.uleb128 0x4
 1193 08bb 0F0A0000 		.4byte	.LASF129
 1194 08bf 10       		.byte	0x10
 1195 08c0 2501     		.2byte	0x125
 1196 08c2 23       		.byte	0x23
 1197 08c3 14090000 		.4byte	0x914
ARM GAS  C:\Users\PUBLIC~1.LAP\AppData\Local\Temp\ccSvJTCD.s 			page 22


 1198 08c7 80       		.byte	0x80
 1199 08c8 04       		.uleb128 0x4
 1200 08c9 ED0A0000 		.4byte	.LASF130
 1201 08cd 10       		.byte	0x10
 1202 08ce 2A01     		.2byte	0x12a
 1203 08d0 23       		.byte	0x23
 1204 08d1 DC000000 		.4byte	0xdc
 1205 08d5 82       		.byte	0x82
 1206 08d6 00       		.byte	0
 1207 08d7 0A       		.uleb128 0xa
 1208 08d8 CD0C0000 		.4byte	.LASF131
 1209 08dc 0F       		.byte	0xf
 1210 08dd 0801     		.2byte	0x108
 1211 08df 11       		.byte	0x11
 1212 08e0 CB000000 		.4byte	0xcb
 1213 08e4 1B       		.uleb128 0x1b
 1214 08e5 59000000 		.4byte	0x59
 1215 08e9 0D01     		.2byte	0x10d
 1216 08eb 14090000 		.4byte	0x914
 1217 08ef 06       		.uleb128 0x6
 1218 08f0 87090000 		.4byte	.LASF132
 1219 08f4 00       		.byte	0
 1220 08f5 06       		.uleb128 0x6
 1221 08f6 A5080000 		.4byte	.LASF133
 1222 08fa 01       		.byte	0x1
 1223 08fb 06       		.uleb128 0x6
 1224 08fc 66070000 		.4byte	.LASF134
 1225 0900 02       		.byte	0x2
 1226 0901 06       		.uleb128 0x6
 1227 0902 94050000 		.4byte	.LASF135
 1228 0906 03       		.byte	0x3
 1229 0907 06       		.uleb128 0x6
 1230 0908 0B010000 		.4byte	.LASF136
 1231 090c 04       		.byte	0x4
 1232 090d 06       		.uleb128 0x6
 1233 090e 67020000 		.4byte	.LASF137
 1234 0912 05       		.byte	0x5
 1235 0913 00       		.byte	0
 1236 0914 0A       		.uleb128 0xa
 1237 0915 B6060000 		.4byte	.LASF138
 1238 0919 0F       		.byte	0xf
 1239 091a 1401     		.2byte	0x114
 1240 091c 03       		.byte	0x3
 1241 091d E4080000 		.4byte	0x8e4
 1242 0921 1B       		.uleb128 0x1b
 1243 0922 59000000 		.4byte	0x59
 1244 0926 1901     		.2byte	0x119
 1245 0928 3F090000 		.4byte	0x93f
 1246 092c 06       		.uleb128 0x6
 1247 092d 4C0D0000 		.4byte	.LASF139
 1248 0931 00       		.byte	0
 1249 0932 06       		.uleb128 0x6
 1250 0933 AF050000 		.4byte	.LASF140
 1251 0937 01       		.byte	0x1
 1252 0938 06       		.uleb128 0x6
 1253 0939 C5020000 		.4byte	.LASF141
 1254 093d 02       		.byte	0x2
ARM GAS  C:\Users\PUBLIC~1.LAP\AppData\Local\Temp\ccSvJTCD.s 			page 23


 1255 093e 00       		.byte	0
 1256 093f 0A       		.uleb128 0xa
 1257 0940 A5010000 		.4byte	.LASF142
 1258 0944 0F       		.byte	0xf
 1259 0945 1D01     		.2byte	0x11d
 1260 0947 03       		.byte	0x3
 1261 0948 21090000 		.4byte	0x921
 1262 094c 1B       		.uleb128 0x1b
 1263 094d 59000000 		.4byte	0x59
 1264 0951 2201     		.2byte	0x122
 1265 0953 82090000 		.4byte	0x982
 1266 0957 06       		.uleb128 0x6
 1267 0958 02020000 		.4byte	.LASF143
 1268 095c 00       		.byte	0
 1269 095d 06       		.uleb128 0x6
 1270 095e 7E050000 		.4byte	.LASF144
 1271 0962 09       		.byte	0x9
 1272 0963 06       		.uleb128 0x6
 1273 0964 CE0A0000 		.4byte	.LASF145
 1274 0968 0A       		.byte	0xa
 1275 0969 06       		.uleb128 0x6
 1276 096a 83060000 		.4byte	.LASF146
 1277 096e 0B       		.byte	0xb
 1278 096f 06       		.uleb128 0x6
 1279 0970 F7040000 		.4byte	.LASF147
 1280 0974 14       		.byte	0x14
 1281 0975 06       		.uleb128 0x6
 1282 0976 870C0000 		.4byte	.LASF148
 1283 097a 15       		.byte	0x15
 1284 097b 06       		.uleb128 0x6
 1285 097c 1A030000 		.4byte	.LASF149
 1286 0980 06       		.byte	0x6
 1287 0981 00       		.byte	0
 1288 0982 0A       		.uleb128 0xa
 1289 0983 85010000 		.4byte	.LASF150
 1290 0987 0F       		.byte	0xf
 1291 0988 2A01     		.2byte	0x12a
 1292 098a 03       		.byte	0x3
 1293 098b 4C090000 		.4byte	0x94c
 1294 098f 1B       		.uleb128 0x1b
 1295 0990 59000000 		.4byte	0x59
 1296 0994 2F01     		.2byte	0x12f
 1297 0996 C5090000 		.4byte	0x9c5
 1298 099a 06       		.uleb128 0x6
 1299 099b BB0B0000 		.4byte	.LASF151
 1300 099f 00       		.byte	0
 1301 09a0 06       		.uleb128 0x6
 1302 09a1 B3010000 		.4byte	.LASF152
 1303 09a5 01       		.byte	0x1
 1304 09a6 06       		.uleb128 0x6
 1305 09a7 980A0000 		.4byte	.LASF153
 1306 09ab 02       		.byte	0x2
 1307 09ac 06       		.uleb128 0x6
 1308 09ad 6A0A0000 		.4byte	.LASF154
 1309 09b1 03       		.byte	0x3
 1310 09b2 06       		.uleb128 0x6
 1311 09b3 140D0000 		.4byte	.LASF155
ARM GAS  C:\Users\PUBLIC~1.LAP\AppData\Local\Temp\ccSvJTCD.s 			page 24


 1312 09b7 04       		.byte	0x4
 1313 09b8 06       		.uleb128 0x6
 1314 09b9 2B070000 		.4byte	.LASF156
 1315 09bd 05       		.byte	0x5
 1316 09be 06       		.uleb128 0x6
 1317 09bf B3020000 		.4byte	.LASF157
 1318 09c3 06       		.byte	0x6
 1319 09c4 00       		.byte	0
 1320 09c5 0A       		.uleb128 0xa
 1321 09c6 56050000 		.4byte	.LASF158
 1322 09ca 0F       		.byte	0xf
 1323 09cb 3701     		.2byte	0x137
 1324 09cd 03       		.byte	0x3
 1325 09ce 8F090000 		.4byte	0x98f
 1326 09d2 2B       		.uleb128 0x2b
 1327 09d3 08       		.byte	0x8
 1328 09d4 0F       		.byte	0xf
 1329 09d5 3C01     		.2byte	0x13c
 1330 09d7 09       		.byte	0x9
 1331 09d8 F9090000 		.4byte	0x9f9
 1332 09dc 04       		.uleb128 0x4
 1333 09dd 8C050000 		.4byte	.LASF159
 1334 09e1 0F       		.byte	0xf
 1335 09e2 4001     		.2byte	0x140
 1336 09e4 21       		.byte	0x21
 1337 09e5 25000000 		.4byte	0x25
 1338 09e9 00       		.byte	0
 1339 09ea 04       		.uleb128 0x4
 1340 09eb 5F040000 		.4byte	.LASF160
 1341 09ef 0F       		.byte	0xf
 1342 09f0 4401     		.2byte	0x144
 1343 09f2 22       		.byte	0x22
 1344 09f3 CF070000 		.4byte	0x7cf
 1345 09f7 04       		.byte	0x4
 1346 09f8 00       		.byte	0
 1347 09f9 0A       		.uleb128 0xa
 1348 09fa 2A050000 		.4byte	.LASF161
 1349 09fe 0F       		.byte	0xf
 1350 09ff 4501     		.2byte	0x145
 1351 0a01 03       		.byte	0x3
 1352 0a02 D2090000 		.4byte	0x9d2
 1353 0a06 09       		.uleb128 0x9
 1354 0a07 F9090000 		.4byte	0x9f9
 1355 0a0b 0A       		.uleb128 0xa
 1356 0a0c 590C0000 		.4byte	.LASF162
 1357 0a10 0F       		.byte	0xf
 1358 0a11 4D01     		.2byte	0x14d
 1359 0a13 10       		.byte	0x10
 1360 0a14 180A0000 		.4byte	0xa18
 1361 0a18 05       		.uleb128 0x5
 1362 0a19 1D0A0000 		.4byte	0xa1d
 1363 0a1d 1D       		.uleb128 0x1d
 1364 0a1e 280A0000 		.4byte	0xa28
 1365 0a22 02       		.uleb128 0x2
 1366 0a23 280A0000 		.4byte	0xa28
 1367 0a27 00       		.byte	0
 1368 0a28 05       		.uleb128 0x5
ARM GAS  C:\Users\PUBLIC~1.LAP\AppData\Local\Temp\ccSvJTCD.s 			page 25


 1369 0a29 D4070000 		.4byte	0x7d4
 1370 0a2d 0A       		.uleb128 0xa
 1371 0a2e DD070000 		.4byte	.LASF163
 1372 0a32 0F       		.byte	0xf
 1373 0a33 5601     		.2byte	0x156
 1374 0a35 10       		.byte	0x10
 1375 0a36 3A0A0000 		.4byte	0xa3a
 1376 0a3a 05       		.uleb128 0x5
 1377 0a3b 3F0A0000 		.4byte	0xa3f
 1378 0a3f 1D       		.uleb128 0x1d
 1379 0a40 4F0A0000 		.4byte	0xa4f
 1380 0a44 02       		.uleb128 0x2
 1381 0a45 280A0000 		.4byte	0xa28
 1382 0a49 02       		.uleb128 0x2
 1383 0a4a D7080000 		.4byte	0x8d7
 1384 0a4e 00       		.byte	0
 1385 0a4f 0A       		.uleb128 0xa
 1386 0a50 AE040000 		.4byte	.LASF164
 1387 0a54 0F       		.byte	0xf
 1388 0a55 5F01     		.2byte	0x15f
 1389 0a57 10       		.byte	0x10
 1390 0a58 5C0A0000 		.4byte	0xa5c
 1391 0a5c 05       		.uleb128 0x5
 1392 0a5d 610A0000 		.4byte	0xa61
 1393 0a61 1D       		.uleb128 0x1d
 1394 0a62 710A0000 		.4byte	0xa71
 1395 0a66 02       		.uleb128 0x2
 1396 0a67 280A0000 		.4byte	0xa28
 1397 0a6b 02       		.uleb128 0x2
 1398 0a6c C5090000 		.4byte	0x9c5
 1399 0a70 00       		.byte	0
 1400 0a71 0A       		.uleb128 0xa
 1401 0a72 490C0000 		.4byte	.LASF165
 1402 0a76 0F       		.byte	0xf
 1403 0a77 6B01     		.2byte	0x16b
 1404 0a79 10       		.byte	0x10
 1405 0a7a 7E0A0000 		.4byte	0xa7e
 1406 0a7e 05       		.uleb128 0x5
 1407 0a7f 830A0000 		.4byte	0xa83
 1408 0a83 22       		.uleb128 0x22
 1409 0a84 73040000 		.4byte	0x473
 1410 0a88 920A0000 		.4byte	0xa92
 1411 0a8c 02       		.uleb128 0x2
 1412 0a8d 280A0000 		.4byte	0xa28
 1413 0a91 00       		.byte	0
 1414 0a92 0A       		.uleb128 0xa
 1415 0a93 F80A0000 		.4byte	.LASF166
 1416 0a97 0F       		.byte	0xf
 1417 0a98 7001     		.2byte	0x170
 1418 0a9a 21       		.byte	0x21
 1419 0a9b 9F0A0000 		.4byte	0xa9f
 1420 0a9f 05       		.uleb128 0x5
 1421 0aa0 A40A0000 		.4byte	0xaa4
 1422 0aa4 22       		.uleb128 0x22
 1423 0aa5 C20A0000 		.4byte	0xac2
 1424 0aa9 C20A0000 		.4byte	0xac2
 1425 0aad 02       		.uleb128 0x2
ARM GAS  C:\Users\PUBLIC~1.LAP\AppData\Local\Temp\ccSvJTCD.s 			page 26


 1426 0aae 280A0000 		.4byte	0xa28
 1427 0ab2 02       		.uleb128 0x2
 1428 0ab3 CB000000 		.4byte	0xcb
 1429 0ab7 02       		.uleb128 0x2
 1430 0ab8 CB000000 		.4byte	0xcb
 1431 0abc 02       		.uleb128 0x2
 1432 0abd DC000000 		.4byte	0xdc
 1433 0ac1 00       		.byte	0
 1434 0ac2 05       		.uleb128 0x5
 1435 0ac3 060A0000 		.4byte	0xa06
 1436 0ac7 1C       		.uleb128 0x1c
 1437 0ac8 14       		.byte	0x14
 1438 0ac9 47       		.byte	0x47
 1439 0aca 100B0000 		.4byte	0xb10
 1440 0ace 01       		.uleb128 0x1
 1441 0acf 9A060000 		.4byte	.LASF167
 1442 0ad3 10       		.byte	0x10
 1443 0ad4 4C       		.byte	0x4c
 1444 0ad5 25       		.byte	0x25
 1445 0ad6 F4000000 		.4byte	0xf4
 1446 0ada 00       		.byte	0
 1447 0adb 01       		.uleb128 0x1
 1448 0adc E2010000 		.4byte	.LASF168
 1449 0ae0 10       		.byte	0x10
 1450 0ae1 50       		.byte	0x50
 1451 0ae2 25       		.byte	0x25
 1452 0ae3 F4000000 		.4byte	0xf4
 1453 0ae7 04       		.byte	0x4
 1454 0ae8 01       		.uleb128 0x1
 1455 0ae9 35020000 		.4byte	.LASF169
 1456 0aed 10       		.byte	0x10
 1457 0aee 54       		.byte	0x54
 1458 0aef 24       		.byte	0x24
 1459 0af0 CF070000 		.4byte	0x7cf
 1460 0af4 08       		.byte	0x8
 1461 0af5 01       		.uleb128 0x1
 1462 0af6 2E0B0000 		.4byte	.LASF170
 1463 0afa 10       		.byte	0x10
 1464 0afb 59       		.byte	0x59
 1465 0afc 23       		.byte	0x23
 1466 0afd 09060000 		.4byte	0x609
 1467 0b01 0C       		.byte	0xc
 1468 0b02 01       		.uleb128 0x1
 1469 0b03 17000000 		.4byte	.LASF171
 1470 0b07 10       		.byte	0x10
 1471 0b08 5C       		.byte	0x5c
 1472 0b09 23       		.byte	0x23
 1473 0b0a DC000000 		.4byte	0xdc
 1474 0b0e 10       		.byte	0x10
 1475 0b0f 00       		.byte	0
 1476 0b10 03       		.uleb128 0x3
 1477 0b11 E4040000 		.4byte	.LASF172
 1478 0b15 10       		.byte	0x10
 1479 0b16 5D       		.byte	0x5d
 1480 0b17 03       		.byte	0x3
 1481 0b18 C70A0000 		.4byte	0xac7
 1482 0b1c 1C       		.uleb128 0x1c
ARM GAS  C:\Users\PUBLIC~1.LAP\AppData\Local\Temp\ccSvJTCD.s 			page 27


 1483 0b1d 14       		.byte	0x14
 1484 0b1e 62       		.byte	0x62
 1485 0b1f 650B0000 		.4byte	0xb65
 1486 0b23 01       		.uleb128 0x1
 1487 0b24 EC020000 		.4byte	.LASF173
 1488 0b28 10       		.byte	0x10
 1489 0b29 67       		.byte	0x67
 1490 0b2a 23       		.byte	0x23
 1491 0b2b 25000000 		.4byte	0x25
 1492 0b2f 00       		.byte	0
 1493 0b30 01       		.uleb128 0x1
 1494 0b31 AA060000 		.4byte	.LASF174
 1495 0b35 10       		.byte	0x10
 1496 0b36 6B       		.byte	0x6b
 1497 0b37 23       		.byte	0x23
 1498 0b38 25000000 		.4byte	0x25
 1499 0b3c 04       		.byte	0x4
 1500 0b3d 01       		.uleb128 0x1
 1501 0b3e 0B070000 		.4byte	.LASF175
 1502 0b42 10       		.byte	0x10
 1503 0b43 6F       		.byte	0x6f
 1504 0b44 24       		.byte	0x24
 1505 0b45 7A040000 		.4byte	0x47a
 1506 0b49 08       		.byte	0x8
 1507 0b4a 01       		.uleb128 0x1
 1508 0b4b 2E0B0000 		.4byte	.LASF170
 1509 0b4f 10       		.byte	0x10
 1510 0b50 74       		.byte	0x74
 1511 0b51 23       		.byte	0x23
 1512 0b52 09060000 		.4byte	0x609
 1513 0b56 0C       		.byte	0xc
 1514 0b57 01       		.uleb128 0x1
 1515 0b58 E10C0000 		.4byte	.LASF176
 1516 0b5c 10       		.byte	0x10
 1517 0b5d 77       		.byte	0x77
 1518 0b5e 23       		.byte	0x23
 1519 0b5f DC000000 		.4byte	0xdc
 1520 0b63 10       		.byte	0x10
 1521 0b64 00       		.byte	0
 1522 0b65 03       		.uleb128 0x3
 1523 0b66 92090000 		.4byte	.LASF177
 1524 0b6a 10       		.byte	0x10
 1525 0b6b 78       		.byte	0x78
 1526 0b6c 03       		.byte	0x3
 1527 0b6d 1C0B0000 		.4byte	0xb1c
 1528 0b71 1C       		.uleb128 0x1c
 1529 0b72 24       		.byte	0x24
 1530 0b73 7E       		.byte	0x7e
 1531 0b74 FB0B0000 		.4byte	0xbfb
 1532 0b78 01       		.uleb128 0x1
 1533 0b79 FB000000 		.4byte	.LASF178
 1534 0b7d 10       		.byte	0x10
 1535 0b7e 83       		.byte	0x83
 1536 0b7f 23       		.byte	0x23
 1537 0b80 F4000000 		.4byte	0xf4
 1538 0b84 00       		.byte	0
 1539 0b85 01       		.uleb128 0x1
ARM GAS  C:\Users\PUBLIC~1.LAP\AppData\Local\Temp\ccSvJTCD.s 			page 28


 1540 0b86 56040000 		.4byte	.LASF179
 1541 0b8a 10       		.byte	0x10
 1542 0b8b 8E       		.byte	0x8e
 1543 0b8c 23       		.byte	0x23
 1544 0b8d 2D0A0000 		.4byte	0xa2d
 1545 0b91 04       		.byte	0x4
 1546 0b92 01       		.uleb128 0x1
 1547 0b93 7A040000 		.4byte	.LASF180
 1548 0b97 10       		.byte	0x10
 1549 0b98 94       		.byte	0x94
 1550 0b99 23       		.byte	0x23
 1551 0b9a 2D0A0000 		.4byte	0xa2d
 1552 0b9e 08       		.byte	0x8
 1553 0b9f 01       		.uleb128 0x1
 1554 0ba0 63080000 		.4byte	.LASF181
 1555 0ba4 10       		.byte	0x10
 1556 0ba5 9A       		.byte	0x9a
 1557 0ba6 23       		.byte	0x23
 1558 0ba7 2D0A0000 		.4byte	0xa2d
 1559 0bab 0C       		.byte	0xc
 1560 0bac 01       		.uleb128 0x1
 1561 0bad AE080000 		.4byte	.LASF182
 1562 0bb1 10       		.byte	0x10
 1563 0bb2 A0       		.byte	0xa0
 1564 0bb3 23       		.byte	0x23
 1565 0bb4 DC000000 		.4byte	0xdc
 1566 0bb8 10       		.byte	0x10
 1567 0bb9 01       		.uleb128 0x1
 1568 0bba 1F020000 		.4byte	.LASF183
 1569 0bbe 10       		.byte	0x10
 1570 0bbf A6       		.byte	0xa6
 1571 0bc0 23       		.byte	0x23
 1572 0bc1 DC000000 		.4byte	0xdc
 1573 0bc5 12       		.byte	0x12
 1574 0bc6 01       		.uleb128 0x1
 1575 0bc7 22070000 		.4byte	.LASF184
 1576 0bcb 10       		.byte	0x10
 1577 0bcc AB       		.byte	0xab
 1578 0bcd 24       		.byte	0x24
 1579 0bce FB0B0000 		.4byte	0xbfb
 1580 0bd2 14       		.byte	0x14
 1581 0bd3 01       		.uleb128 0x1
 1582 0bd4 C30C0000 		.4byte	.LASF185
 1583 0bd8 10       		.byte	0x10
 1584 0bd9 B0       		.byte	0xb0
 1585 0bda 24       		.byte	0x24
 1586 0bdb 000C0000 		.4byte	0xc00
 1587 0bdf 18       		.byte	0x18
 1588 0be0 01       		.uleb128 0x1
 1589 0be1 07090000 		.4byte	.LASF186
 1590 0be5 10       		.byte	0x10
 1591 0be6 B6       		.byte	0xb6
 1592 0be7 23       		.byte	0x23
 1593 0be8 DC000000 		.4byte	0xdc
 1594 0bec 1C       		.byte	0x1c
 1595 0bed 01       		.uleb128 0x1
 1596 0bee 51080000 		.4byte	.LASF187
ARM GAS  C:\Users\PUBLIC~1.LAP\AppData\Local\Temp\ccSvJTCD.s 			page 29


 1597 0bf2 10       		.byte	0x10
 1598 0bf3 BC       		.byte	0xbc
 1599 0bf4 24       		.byte	0x24
 1600 0bf5 7A040000 		.4byte	0x47a
 1601 0bf9 20       		.byte	0x20
 1602 0bfa 00       		.byte	0
 1603 0bfb 05       		.uleb128 0x5
 1604 0bfc 100B0000 		.4byte	0xb10
 1605 0c00 05       		.uleb128 0x5
 1606 0c01 650B0000 		.4byte	0xb65
 1607 0c05 03       		.uleb128 0x3
 1608 0c06 B60A0000 		.4byte	.LASF188
 1609 0c0a 10       		.byte	0x10
 1610 0c0b BD       		.byte	0xbd
 1611 0c0c 03       		.byte	0x3
 1612 0c0d 710B0000 		.4byte	0xb71
 1613 0c11 09       		.uleb128 0x9
 1614 0c12 050C0000 		.4byte	0xc05
 1615 0c16 1C       		.uleb128 0x1c
 1616 0c17 10       		.byte	0x10
 1617 0c18 C2       		.byte	0xc2
 1618 0c19 520C0000 		.4byte	0xc52
 1619 0c1d 01       		.uleb128 0x1
 1620 0c1e 47070000 		.4byte	.LASF189
 1621 0c22 10       		.byte	0x10
 1622 0c23 C8       		.byte	0xc8
 1623 0c24 23       		.byte	0x23
 1624 0c25 4F0A0000 		.4byte	0xa4f
 1625 0c29 00       		.byte	0
 1626 0c2a 01       		.uleb128 0x1
 1627 0c2b 020D0000 		.4byte	.LASF190
 1628 0c2f 10       		.byte	0x10
 1629 0c30 CD       		.byte	0xcd
 1630 0c31 23       		.byte	0x23
 1631 0c32 920A0000 		.4byte	0xa92
 1632 0c36 04       		.byte	0x4
 1633 0c37 01       		.uleb128 0x1
 1634 0c38 4A030000 		.4byte	.LASF191
 1635 0c3c 10       		.byte	0x10
 1636 0c3d D3       		.byte	0xd3
 1637 0c3e 23       		.byte	0x23
 1638 0c3f 710A0000 		.4byte	0xa71
 1639 0c43 08       		.byte	0x8
 1640 0c44 01       		.uleb128 0x1
 1641 0c45 B30C0000 		.4byte	.LASF192
 1642 0c49 10       		.byte	0x10
 1643 0c4a D7       		.byte	0xd7
 1644 0c4b 23       		.byte	0x23
 1645 0c4c 0B0A0000 		.4byte	0xa0b
 1646 0c50 0C       		.byte	0xc
 1647 0c51 00       		.byte	0
 1648 0c52 03       		.uleb128 0x3
 1649 0c53 07080000 		.4byte	.LASF193
 1650 0c57 10       		.byte	0x10
 1651 0c58 D9       		.byte	0xd9
 1652 0c59 03       		.byte	0x3
 1653 0c5a 160C0000 		.4byte	0xc16
ARM GAS  C:\Users\PUBLIC~1.LAP\AppData\Local\Temp\ccSvJTCD.s 			page 30


 1654 0c5e 09       		.uleb128 0x9
 1655 0c5f 520C0000 		.4byte	0xc52
 1656 0c63 05       		.uleb128 0x5
 1657 0c64 5E0C0000 		.4byte	0xc5e
 1658 0c68 0C       		.uleb128 0xc
 1659 0c69 780C0000 		.4byte	0xc78
 1660 0c6d 780C0000 		.4byte	0xc78
 1661 0c71 0D       		.uleb128 0xd
 1662 0c72 31000000 		.4byte	0x31
 1663 0c76 07       		.byte	0x7
 1664 0c77 00       		.byte	0
 1665 0c78 05       		.uleb128 0x5
 1666 0c79 110C0000 		.4byte	0xc11
 1667 0c7d 0C       		.uleb128 0xc
 1668 0c7e B3000000 		.4byte	0xb3
 1669 0c82 8D0C0000 		.4byte	0xc8d
 1670 0c86 0D       		.uleb128 0xd
 1671 0c87 31000000 		.4byte	0x31
 1672 0c8b 06       		.byte	0x6
 1673 0c8c 00       		.byte	0
 1674 0c8d 0C       		.uleb128 0xc
 1675 0c8e CB000000 		.4byte	0xcb
 1676 0c92 9D0C0000 		.4byte	0xc9d
 1677 0c96 0D       		.uleb128 0xd
 1678 0c97 31000000 		.4byte	0x31
 1679 0c9b 07       		.byte	0x7
 1680 0c9c 00       		.byte	0
 1681 0c9d 0C       		.uleb128 0xc
 1682 0c9e D7000000 		.4byte	0xd7
 1683 0ca2 AD0C0000 		.4byte	0xcad
 1684 0ca6 0D       		.uleb128 0xd
 1685 0ca7 31000000 		.4byte	0x31
 1686 0cab 01       		.byte	0x1
 1687 0cac 00       		.byte	0
 1688 0cad 09       		.uleb128 0x9
 1689 0cae 9D0C0000 		.4byte	0xc9d
 1690 0cb2 1E       		.uleb128 0x1e
 1691 0cb3 27060000 		.4byte	.LASF194
 1692 0cb7 2B       		.byte	0x2b
 1693 0cb8 AD0C0000 		.4byte	0xcad
 1694 0cbc 1E       		.uleb128 0x1e
 1695 0cbd 16050000 		.4byte	.LASF195
 1696 0cc1 2C       		.byte	0x2c
 1697 0cc2 AD0C0000 		.4byte	0xcad
 1698 0cc6 1E       		.uleb128 0x1e
 1699 0cc7 59020000 		.4byte	.LASF196
 1700 0ccb 2D       		.byte	0x2d
 1701 0ccc AD0C0000 		.4byte	0xcad
 1702 0cd0 0B       		.uleb128 0xb
 1703 0cd1 EA080000 		.4byte	.LASF197
 1704 0cd5 10       		.byte	0x10
 1705 0cd6 7A01     		.2byte	0x17a
 1706 0cd8 06       		.byte	0x6
 1707 0cd9 E30C0000 		.4byte	0xce3
 1708 0cdd 02       		.uleb128 0x2
 1709 0cde 280A0000 		.4byte	0xa28
 1710 0ce2 00       		.byte	0
ARM GAS  C:\Users\PUBLIC~1.LAP\AppData\Local\Temp\ccSvJTCD.s 			page 31


 1711 0ce3 0B       		.uleb128 0xb
 1712 0ce4 9F000000 		.4byte	.LASF198
 1713 0ce8 10       		.byte	0x10
 1714 0ce9 8401     		.2byte	0x184
 1715 0ceb 06       		.byte	0x6
 1716 0cec FB0C0000 		.4byte	0xcfb
 1717 0cf0 02       		.uleb128 0x2
 1718 0cf1 280A0000 		.4byte	0xa28
 1719 0cf5 02       		.uleb128 0x2
 1720 0cf6 D7080000 		.4byte	0x8d7
 1721 0cfa 00       		.byte	0
 1722 0cfb 0B       		.uleb128 0xb
 1723 0cfc 760C0000 		.4byte	.LASF199
 1724 0d00 10       		.byte	0x10
 1725 0d01 8501     		.2byte	0x185
 1726 0d03 06       		.byte	0x6
 1727 0d04 130D0000 		.4byte	0xd13
 1728 0d08 02       		.uleb128 0x2
 1729 0d09 280A0000 		.4byte	0xa28
 1730 0d0d 02       		.uleb128 0x2
 1731 0d0e D7080000 		.4byte	0x8d7
 1732 0d12 00       		.byte	0
 1733 0d13 1F       		.uleb128 0x1f
 1734 0d14 E90B0000 		.4byte	.LASF200
 1735 0d18 10       		.byte	0x10
 1736 0d19 7E01     		.2byte	0x17e
 1737 0d1b 0F       		.byte	0xf
 1738 0d1c 3F090000 		.4byte	0x93f
 1739 0d20 2F0D0000 		.4byte	0xd2f
 1740 0d24 02       		.uleb128 0x2
 1741 0d25 280A0000 		.4byte	0xa28
 1742 0d29 02       		.uleb128 0x2
 1743 0d2a D7080000 		.4byte	0x8d7
 1744 0d2e 00       		.byte	0
 1745 0d2f 1F       		.uleb128 0x1f
 1746 0d30 B1000000 		.4byte	.LASF201
 1747 0d34 10       		.byte	0x10
 1748 0d35 7D01     		.2byte	0x17d
 1749 0d37 0F       		.byte	0xf
 1750 0d38 3F090000 		.4byte	0x93f
 1751 0d3c 4B0D0000 		.4byte	0xd4b
 1752 0d40 02       		.uleb128 0x2
 1753 0d41 280A0000 		.4byte	0xa28
 1754 0d45 02       		.uleb128 0x2
 1755 0d46 D7080000 		.4byte	0x8d7
 1756 0d4a 00       		.byte	0
 1757 0d4b 0B       		.uleb128 0xb
 1758 0d4c 61030000 		.4byte	.LASF202
 1759 0d50 10       		.byte	0x10
 1760 0d51 7F01     		.2byte	0x17f
 1761 0d53 06       		.byte	0x6
 1762 0d54 680D0000 		.4byte	0xd68
 1763 0d58 02       		.uleb128 0x2
 1764 0d59 280A0000 		.4byte	0xa28
 1765 0d5d 02       		.uleb128 0x2
 1766 0d5e D7080000 		.4byte	0x8d7
 1767 0d62 02       		.uleb128 0x2
ARM GAS  C:\Users\PUBLIC~1.LAP\AppData\Local\Temp\ccSvJTCD.s 			page 32


 1768 0d63 7A040000 		.4byte	0x47a
 1769 0d67 00       		.byte	0
 1770 0d68 0B       		.uleb128 0xb
 1771 0d69 DC080000 		.4byte	.LASF203
 1772 0d6d 10       		.byte	0x10
 1773 0d6e 7901     		.2byte	0x179
 1774 0d70 06       		.byte	0x6
 1775 0d71 7B0D0000 		.4byte	0xd7b
 1776 0d75 02       		.uleb128 0x2
 1777 0d76 280A0000 		.4byte	0xa28
 1778 0d7a 00       		.byte	0
 1779 0d7b 0B       		.uleb128 0xb
 1780 0d7c 2E080000 		.4byte	.LASF204
 1781 0d80 10       		.byte	0x10
 1782 0d81 8301     		.2byte	0x183
 1783 0d83 06       		.byte	0x6
 1784 0d84 930D0000 		.4byte	0xd93
 1785 0d88 02       		.uleb128 0x2
 1786 0d89 280A0000 		.4byte	0xa28
 1787 0d8d 02       		.uleb128 0x2
 1788 0d8e D7080000 		.4byte	0x8d7
 1789 0d92 00       		.byte	0
 1790 0d93 0B       		.uleb128 0xb
 1791 0d94 EB060000 		.4byte	.LASF205
 1792 0d98 10       		.byte	0x10
 1793 0d99 8201     		.2byte	0x182
 1794 0d9b 06       		.byte	0x6
 1795 0d9c AB0D0000 		.4byte	0xdab
 1796 0da0 02       		.uleb128 0x2
 1797 0da1 280A0000 		.4byte	0xa28
 1798 0da5 02       		.uleb128 0x2
 1799 0da6 D7080000 		.4byte	0x8d7
 1800 0daa 00       		.byte	0
 1801 0dab 1F       		.uleb128 0x1f
 1802 0dac D6060000 		.4byte	.LASF206
 1803 0db0 12       		.byte	0x12
 1804 0db1 3B01     		.2byte	0x13b
 1805 0db3 09       		.byte	0x9
 1806 0db4 54010000 		.4byte	0x154
 1807 0db8 C70D0000 		.4byte	0xdc7
 1808 0dbc 02       		.uleb128 0x2
 1809 0dbd A4060000 		.4byte	0x6a4
 1810 0dc1 02       		.uleb128 0x2
 1811 0dc2 76030000 		.4byte	0x376
 1812 0dc6 00       		.byte	0
 1813 0dc7 0B       		.uleb128 0xb
 1814 0dc8 AE090000 		.4byte	.LASF207
 1815 0dcc 10       		.byte	0x10
 1816 0dcd 8101     		.2byte	0x181
 1817 0dcf 06       		.byte	0x6
 1818 0dd0 DF0D0000 		.4byte	0xddf
 1819 0dd4 02       		.uleb128 0x2
 1820 0dd5 280A0000 		.4byte	0xa28
 1821 0dd9 02       		.uleb128 0x2
 1822 0dda D7080000 		.4byte	0x8d7
 1823 0dde 00       		.byte	0
 1824 0ddf 0B       		.uleb128 0xb
ARM GAS  C:\Users\PUBLIC~1.LAP\AppData\Local\Temp\ccSvJTCD.s 			page 33


 1825 0de0 3F080000 		.4byte	.LASF208
 1826 0de4 10       		.byte	0x10
 1827 0de5 8001     		.2byte	0x180
 1828 0de7 06       		.byte	0x6
 1829 0de8 F70D0000 		.4byte	0xdf7
 1830 0dec 02       		.uleb128 0x2
 1831 0ded 280A0000 		.4byte	0xa28
 1832 0df1 02       		.uleb128 0x2
 1833 0df2 D7080000 		.4byte	0x8d7
 1834 0df6 00       		.byte	0
 1835 0df7 0B       		.uleb128 0xb
 1836 0df8 D6090000 		.4byte	.LASF209
 1837 0dfc 10       		.byte	0x10
 1838 0dfd 7C01     		.2byte	0x17c
 1839 0dff 06       		.byte	0x6
 1840 0e00 0A0E0000 		.4byte	0xe0a
 1841 0e04 02       		.uleb128 0x2
 1842 0e05 280A0000 		.4byte	0xa28
 1843 0e09 00       		.byte	0
 1844 0e0a 0B       		.uleb128 0xb
 1845 0e0b 16010000 		.4byte	.LASF210
 1846 0e0f 10       		.byte	0x10
 1847 0e10 7B01     		.2byte	0x17b
 1848 0e12 06       		.byte	0x6
 1849 0e13 220E0000 		.4byte	0xe22
 1850 0e17 02       		.uleb128 0x2
 1851 0e18 280A0000 		.4byte	0xa28
 1852 0e1c 02       		.uleb128 0x2
 1853 0e1d D7080000 		.4byte	0x8d7
 1854 0e21 00       		.byte	0
 1855 0e22 2C       		.uleb128 0x2c
 1856 0e23 580A0000 		.4byte	.LASF211
 1857 0e27 13       		.byte	0x13
 1858 0e28 21       		.byte	0x21
 1859 0e29 09       		.byte	0x9
 1860 0e2a B3000000 		.4byte	0xb3
 1861 0e2e 420E0000 		.4byte	0xe42
 1862 0e32 02       		.uleb128 0x2
 1863 0e33 B3000000 		.4byte	0xb3
 1864 0e37 02       		.uleb128 0x2
 1865 0e38 1E000000 		.4byte	0x1e
 1866 0e3c 02       		.uleb128 0x2
 1867 0e3d 25000000 		.4byte	0x25
 1868 0e41 00       		.byte	0
 1869 0e42 2D       		.uleb128 0x2d
 1870 0e43 11070000 		.4byte	.LASF215
 1871 0e47 14       		.byte	0x14
 1872 0e48 9B       		.byte	0x9b
 1873 0e49 08       		.byte	0x8
 1874 0e4a 0B       		.uleb128 0xb
 1875 0e4b 58000000 		.4byte	.LASF212
 1876 0e4f 12       		.byte	0x12
 1877 0e50 3C01     		.2byte	0x13c
 1878 0e52 08       		.byte	0x8
 1879 0e53 620E0000 		.4byte	0xe62
 1880 0e57 02       		.uleb128 0x2
 1881 0e58 A4060000 		.4byte	0x6a4
ARM GAS  C:\Users\PUBLIC~1.LAP\AppData\Local\Temp\ccSvJTCD.s 			page 34


 1882 0e5c 02       		.uleb128 0x2
 1883 0e5d 54010000 		.4byte	0x154
 1884 0e61 00       		.byte	0
 1885 0e62 0B       		.uleb128 0xb
 1886 0e63 35000000 		.4byte	.LASF213
 1887 0e67 10       		.byte	0x10
 1888 0e68 7801     		.2byte	0x178
 1889 0e6a 06       		.byte	0x6
 1890 0e6b 750E0000 		.4byte	0xe75
 1891 0e6f 02       		.uleb128 0x2
 1892 0e70 280A0000 		.4byte	0xa28
 1893 0e74 00       		.byte	0
 1894 0e75 0B       		.uleb128 0xb
 1895 0e76 320C0000 		.4byte	.LASF214
 1896 0e7a 10       		.byte	0x10
 1897 0e7b 7701     		.2byte	0x177
 1898 0e7d 06       		.byte	0x6
 1899 0e7e 880E0000 		.4byte	0xe88
 1900 0e82 02       		.uleb128 0x2
 1901 0e83 280A0000 		.4byte	0xa28
 1902 0e87 00       		.byte	0
 1903 0e88 2E       		.uleb128 0x2e
 1904 0e89 FA070000 		.4byte	.LASF216
 1905 0e8d 10       		.byte	0x10
 1906 0e8e 7601     		.2byte	0x176
 1907 0e90 06       		.byte	0x6
 1908 0e91 0E       		.uleb128 0xe
 1909 0e92 2C010000 		.4byte	.LASF218
 1910 0e96 CF03     		.2byte	0x3cf
 1911 0e98 BE0E0000 		.4byte	0xebe
 1912 0e9c 08       		.uleb128 0x8
 1913 0e9d 71060000 		.4byte	.LASF217
 1914 0ea1 CF03     		.2byte	0x3cf
 1915 0ea3 1D       		.byte	0x1d
 1916 0ea4 280A0000 		.4byte	0xa28
 1917 0ea8 07       		.uleb128 0x7
 1918 0ea9 657000   		.ascii	"ep\000"
 1919 0eac 11       		.byte	0x11
 1920 0ead CF03     		.2byte	0x3cf
 1921 0eaf 2B       		.byte	0x2b
 1922 0eb0 D7080000 		.4byte	0x8d7
 1923 0eb4 14       		.uleb128 0x14
 1924 0eb5 D2000000 		.4byte	.LASF220
 1925 0eb9 CE0E0000 		.4byte	0xece
 1926 0ebd 00       		.byte	0
 1927 0ebe 0C       		.uleb128 0xc
 1928 0ebf BC000000 		.4byte	0xbc
 1929 0ec3 CE0E0000 		.4byte	0xece
 1930 0ec7 0D       		.uleb128 0xd
 1931 0ec8 31000000 		.4byte	0x31
 1932 0ecc 0B       		.byte	0xb
 1933 0ecd 00       		.byte	0
 1934 0ece 09       		.uleb128 0x9
 1935 0ecf BE0E0000 		.4byte	0xebe
 1936 0ed3 0E       		.uleb128 0xe
 1937 0ed4 260D0000 		.4byte	.LASF219
 1938 0ed8 8C03     		.2byte	0x38c
ARM GAS  C:\Users\PUBLIC~1.LAP\AppData\Local\Temp\ccSvJTCD.s 			page 35


 1939 0eda 0C0F0000 		.4byte	0xf0c
 1940 0ede 08       		.uleb128 0x8
 1941 0edf 71060000 		.4byte	.LASF217
 1942 0ee3 8C03     		.2byte	0x38c
 1943 0ee5 1C       		.byte	0x1c
 1944 0ee6 280A0000 		.4byte	0xa28
 1945 0eea 07       		.uleb128 0x7
 1946 0eeb 657000   		.ascii	"ep\000"
 1947 0eee 11       		.byte	0x11
 1948 0eef 8C03     		.2byte	0x38c
 1949 0ef1 2A       		.byte	0x2a
 1950 0ef2 D7080000 		.4byte	0x8d7
 1951 0ef6 0F       		.uleb128 0xf
 1952 0ef7 6D617800 		.ascii	"max\000"
 1953 0efb 8D03     		.2byte	0x38d
 1954 0efd 0A       		.byte	0xa
 1955 0efe 25000000 		.4byte	0x25
 1956 0f02 14       		.uleb128 0x14
 1957 0f03 D2000000 		.4byte	.LASF220
 1958 0f07 1C0F0000 		.4byte	0xf1c
 1959 0f0b 00       		.byte	0
 1960 0f0c 0C       		.uleb128 0xc
 1961 0f0d BC000000 		.4byte	0xbc
 1962 0f11 1C0F0000 		.4byte	0xf1c
 1963 0f15 0D       		.uleb128 0xd
 1964 0f16 31000000 		.4byte	0x31
 1965 0f1a 0A       		.byte	0xa
 1966 0f1b 00       		.byte	0
 1967 0f1c 09       		.uleb128 0x9
 1968 0f1d 0C0F0000 		.4byte	0xf0c
 1969 0f21 0E       		.uleb128 0xe
 1970 0f22 FD060000 		.4byte	.LASF221
 1971 0f26 2003     		.2byte	0x320
 1972 0f28 510F0000 		.4byte	0xf51
 1973 0f2c 08       		.uleb128 0x8
 1974 0f2d 71060000 		.4byte	.LASF217
 1975 0f31 2003     		.2byte	0x320
 1976 0f33 1F       		.byte	0x1f
 1977 0f34 280A0000 		.4byte	0xa28
 1978 0f38 07       		.uleb128 0x7
 1979 0f39 657000   		.ascii	"ep\000"
 1980 0f3c 11       		.byte	0x11
 1981 0f3d 2003     		.2byte	0x320
 1982 0f3f 2D       		.byte	0x2d
 1983 0f40 D7080000 		.4byte	0x8d7
 1984 0f44 0F       		.uleb128 0xf
 1985 0f45 6D617800 		.ascii	"max\000"
 1986 0f49 2103     		.2byte	0x321
 1987 0f4b 0A       		.byte	0xa
 1988 0f4c 25000000 		.4byte	0x25
 1989 0f50 00       		.byte	0
 1990 0f51 0E       		.uleb128 0xe
 1991 0f52 D50C0000 		.4byte	.LASF222
 1992 0f56 0903     		.2byte	0x309
 1993 0f58 690F0000 		.4byte	0xf69
 1994 0f5c 08       		.uleb128 0x8
 1995 0f5d 71060000 		.4byte	.LASF217
ARM GAS  C:\Users\PUBLIC~1.LAP\AppData\Local\Temp\ccSvJTCD.s 			page 36


 1996 0f61 0903     		.2byte	0x309
 1997 0f63 1D       		.byte	0x1d
 1998 0f64 280A0000 		.4byte	0xa28
 1999 0f68 00       		.byte	0
 2000 0f69 0E       		.uleb128 0xe
 2001 0f6a A6020000 		.4byte	.LASF223
 2002 0f6e DA02     		.2byte	0x2da
 2003 0f70 8D0F0000 		.4byte	0xf8d
 2004 0f74 08       		.uleb128 0x8
 2005 0f75 71060000 		.4byte	.LASF217
 2006 0f79 DA02     		.2byte	0x2da
 2007 0f7b 1E       		.byte	0x1e
 2008 0f7c 280A0000 		.4byte	0xa28
 2009 0f80 2F       		.uleb128 0x2f
 2010 0f81 0F       		.uleb128 0xf
 2011 0f82 6900     		.ascii	"i\000"
 2012 0f84 ED02     		.2byte	0x2ed
 2013 0f86 10       		.byte	0x10
 2014 0f87 31000000 		.4byte	0x31
 2015 0f8b 00       		.byte	0
 2016 0f8c 00       		.byte	0
 2017 0f8d 0E       		.uleb128 0xe
 2018 0f8e 5F0A0000 		.4byte	.LASF224
 2019 0f92 A802     		.2byte	0x2a8
 2020 0f94 AF0F0000 		.4byte	0xfaf
 2021 0f98 08       		.uleb128 0x8
 2022 0f99 71060000 		.4byte	.LASF217
 2023 0f9d A802     		.2byte	0x2a8
 2024 0f9f 1C       		.byte	0x1c
 2025 0fa0 280A0000 		.4byte	0xa28
 2026 0fa4 0F       		.uleb128 0xf
 2027 0fa5 6900     		.ascii	"i\000"
 2028 0fa7 A902     		.2byte	0x2a9
 2029 0fa9 0C       		.byte	0xc
 2030 0faa 31000000 		.4byte	0x31
 2031 0fae 00       		.byte	0
 2032 0faf 0E       		.uleb128 0xe
 2033 0fb0 70070000 		.4byte	.LASF225
 2034 0fb4 9702     		.2byte	0x297
 2035 0fb6 C70F0000 		.4byte	0xfc7
 2036 0fba 08       		.uleb128 0x8
 2037 0fbb 71060000 		.4byte	.LASF217
 2038 0fbf 9702     		.2byte	0x297
 2039 0fc1 1F       		.byte	0x1f
 2040 0fc2 280A0000 		.4byte	0xa28
 2041 0fc6 00       		.byte	0
 2042 0fc7 19       		.uleb128 0x19
 2043 0fc8 65000000 		.4byte	.LASF226
 2044 0fcc 8102     		.2byte	0x281
 2045 0fce 06       		.byte	0x6
 2046 0fcf 73040000 		.4byte	0x473
 2047 0fd3 F90F0000 		.4byte	0xff9
 2048 0fd7 08       		.uleb128 0x8
 2049 0fd8 71060000 		.4byte	.LASF217
 2050 0fdc 8102     		.2byte	0x281
 2051 0fde 23       		.byte	0x23
 2052 0fdf 280A0000 		.4byte	0xa28
ARM GAS  C:\Users\PUBLIC~1.LAP\AppData\Local\Temp\ccSvJTCD.s 			page 37


 2053 0fe3 07       		.uleb128 0x7
 2054 0fe4 657000   		.ascii	"ep\000"
 2055 0fe7 11       		.byte	0x11
 2056 0fe8 8102     		.2byte	0x281
 2057 0fea 31       		.byte	0x31
 2058 0feb D7080000 		.4byte	0x8d7
 2059 0fef 14       		.uleb128 0x14
 2060 0ff0 D2000000 		.4byte	.LASF220
 2061 0ff4 09100000 		.4byte	0x1009
 2062 0ff8 00       		.byte	0
 2063 0ff9 0C       		.uleb128 0xc
 2064 0ffa BC000000 		.4byte	0xbc
 2065 0ffe 09100000 		.4byte	0x1009
 2066 1002 0D       		.uleb128 0xd
 2067 1003 31000000 		.4byte	0x31
 2068 1007 11       		.byte	0x11
 2069 1008 00       		.byte	0
 2070 1009 09       		.uleb128 0x9
 2071 100a F90F0000 		.4byte	0xff9
 2072 100e 19       		.uleb128 0x19
 2073 100f 38050000 		.4byte	.LASF227
 2074 1013 6802     		.2byte	0x268
 2075 1015 06       		.byte	0x6
 2076 1016 73040000 		.4byte	0x473
 2077 101a 40100000 		.4byte	0x1040
 2078 101e 08       		.uleb128 0x8
 2079 101f 71060000 		.4byte	.LASF217
 2080 1023 6802     		.2byte	0x268
 2081 1025 22       		.byte	0x22
 2082 1026 280A0000 		.4byte	0xa28
 2083 102a 07       		.uleb128 0x7
 2084 102b 657000   		.ascii	"ep\000"
 2085 102e 11       		.byte	0x11
 2086 102f 6802     		.2byte	0x268
 2087 1031 30       		.byte	0x30
 2088 1032 D7080000 		.4byte	0x8d7
 2089 1036 14       		.uleb128 0x14
 2090 1037 D2000000 		.4byte	.LASF220
 2091 103b 50100000 		.4byte	0x1050
 2092 103f 00       		.byte	0
 2093 1040 0C       		.uleb128 0xc
 2094 1041 BC000000 		.4byte	0xbc
 2095 1045 50100000 		.4byte	0x1050
 2096 1049 0D       		.uleb128 0xd
 2097 104a 31000000 		.4byte	0x31
 2098 104e 10       		.byte	0x10
 2099 104f 00       		.byte	0
 2100 1050 09       		.uleb128 0x9
 2101 1051 40100000 		.4byte	0x1040
 2102 1055 19       		.uleb128 0x19
 2103 1056 560B0000 		.4byte	.LASF228
 2104 105a 4A02     		.2byte	0x24a
 2105 105c 07       		.byte	0x7
 2106 105d 54010000 		.4byte	0x154
 2107 1061 A2100000 		.4byte	0x10a2
 2108 1065 08       		.uleb128 0x8
 2109 1066 71060000 		.4byte	.LASF217
ARM GAS  C:\Users\PUBLIC~1.LAP\AppData\Local\Temp\ccSvJTCD.s 			page 38


 2110 106a 4A02     		.2byte	0x24a
 2111 106c 1E       		.byte	0x1e
 2112 106d 280A0000 		.4byte	0xa28
 2113 1071 07       		.uleb128 0x7
 2114 1072 657000   		.ascii	"ep\000"
 2115 1075 11       		.byte	0x11
 2116 1076 4A02     		.2byte	0x24a
 2117 1078 2C       		.byte	0x2c
 2118 1079 D7080000 		.4byte	0x8d7
 2119 107d 07       		.uleb128 0x7
 2120 107e 62756600 		.ascii	"buf\000"
 2121 1082 11       		.byte	0x11
 2122 1083 4A02     		.2byte	0x24a
 2123 1085 3F       		.byte	0x3f
 2124 1086 CF070000 		.4byte	0x7cf
 2125 108a 07       		.uleb128 0x7
 2126 108b 6E00     		.ascii	"n\000"
 2127 108d 11       		.byte	0x11
 2128 108e 4A02     		.2byte	0x24a
 2129 1090 4B       		.byte	0x4b
 2130 1091 25000000 		.4byte	0x25
 2131 1095 0F       		.uleb128 0xf
 2132 1096 6D736700 		.ascii	"msg\000"
 2133 109a 4B02     		.2byte	0x24b
 2134 109c 09       		.byte	0x9
 2135 109d 54010000 		.4byte	0x154
 2136 10a1 00       		.byte	0
 2137 10a2 19       		.uleb128 0x19
 2138 10a3 6F040000 		.4byte	.LASF229
 2139 10a7 2902     		.2byte	0x229
 2140 10a9 07       		.byte	0x7
 2141 10aa 54010000 		.4byte	0x154
 2142 10ae EF100000 		.4byte	0x10ef
 2143 10b2 08       		.uleb128 0x8
 2144 10b3 71060000 		.4byte	.LASF217
 2145 10b7 2902     		.2byte	0x229
 2146 10b9 1D       		.byte	0x1d
 2147 10ba 280A0000 		.4byte	0xa28
 2148 10be 07       		.uleb128 0x7
 2149 10bf 657000   		.ascii	"ep\000"
 2150 10c2 11       		.byte	0x11
 2151 10c3 2902     		.2byte	0x229
 2152 10c5 2B       		.byte	0x2b
 2153 10c6 D7080000 		.4byte	0x8d7
 2154 10ca 07       		.uleb128 0x7
 2155 10cb 62756600 		.ascii	"buf\000"
 2156 10cf 11       		.byte	0x11
 2157 10d0 2902     		.2byte	0x229
 2158 10d2 38       		.byte	0x38
 2159 10d3 7A040000 		.4byte	0x47a
 2160 10d7 07       		.uleb128 0x7
 2161 10d8 6E00     		.ascii	"n\000"
 2162 10da 11       		.byte	0x11
 2163 10db 2902     		.2byte	0x229
 2164 10dd 44       		.byte	0x44
 2165 10de 25000000 		.4byte	0x25
 2166 10e2 0F       		.uleb128 0xf
ARM GAS  C:\Users\PUBLIC~1.LAP\AppData\Local\Temp\ccSvJTCD.s 			page 39


 2167 10e3 6D736700 		.ascii	"msg\000"
 2168 10e7 2A02     		.2byte	0x22a
 2169 10e9 09       		.byte	0x9
 2170 10ea 54010000 		.4byte	0x154
 2171 10ee 00       		.byte	0
 2172 10ef 0E       		.uleb128 0xe
 2173 10f0 350B0000 		.4byte	.LASF230
 2174 10f4 FD01     		.2byte	0x1fd
 2175 10f6 40110000 		.4byte	0x1140
 2176 10fa 08       		.uleb128 0x8
 2177 10fb 71060000 		.4byte	.LASF217
 2178 10ff FD01     		.2byte	0x1fd
 2179 1101 23       		.byte	0x23
 2180 1102 280A0000 		.4byte	0xa28
 2181 1106 07       		.uleb128 0x7
 2182 1107 657000   		.ascii	"ep\000"
 2183 110a 11       		.byte	0x11
 2184 110b FD01     		.2byte	0x1fd
 2185 110d 31       		.byte	0x31
 2186 110e D7080000 		.4byte	0x8d7
 2187 1112 07       		.uleb128 0x7
 2188 1113 62756600 		.ascii	"buf\000"
 2189 1117 11       		.byte	0x11
 2190 1118 FE01     		.2byte	0x1fe
 2191 111a 27       		.byte	0x27
 2192 111b CF070000 		.4byte	0x7cf
 2193 111f 07       		.uleb128 0x7
 2194 1120 6E00     		.ascii	"n\000"
 2195 1122 11       		.byte	0x11
 2196 1123 FE01     		.2byte	0x1fe
 2197 1125 33       		.byte	0x33
 2198 1126 25000000 		.4byte	0x25
 2199 112a 0F       		.uleb128 0xf
 2200 112b 69737000 		.ascii	"isp\000"
 2201 112f FF01     		.2byte	0x1ff
 2202 1131 17       		.byte	0x17
 2203 1132 FB0B0000 		.4byte	0xbfb
 2204 1136 14       		.uleb128 0x14
 2205 1137 D2000000 		.4byte	.LASF220
 2206 113b 09100000 		.4byte	0x1009
 2207 113f 00       		.byte	0
 2208 1140 0E       		.uleb128 0xe
 2209 1141 8E000000 		.4byte	.LASF231
 2210 1145 D601     		.2byte	0x1d6
 2211 1147 91110000 		.4byte	0x1191
 2212 114b 08       		.uleb128 0x8
 2213 114c 71060000 		.4byte	.LASF217
 2214 1150 D601     		.2byte	0x1d6
 2215 1152 22       		.byte	0x22
 2216 1153 280A0000 		.4byte	0xa28
 2217 1157 07       		.uleb128 0x7
 2218 1158 657000   		.ascii	"ep\000"
 2219 115b 11       		.byte	0x11
 2220 115c D601     		.2byte	0x1d6
 2221 115e 30       		.byte	0x30
 2222 115f D7080000 		.4byte	0x8d7
 2223 1163 07       		.uleb128 0x7
ARM GAS  C:\Users\PUBLIC~1.LAP\AppData\Local\Temp\ccSvJTCD.s 			page 40


 2224 1164 62756600 		.ascii	"buf\000"
 2225 1168 11       		.byte	0x11
 2226 1169 D701     		.2byte	0x1d7
 2227 116b 20       		.byte	0x20
 2228 116c 7A040000 		.4byte	0x47a
 2229 1170 07       		.uleb128 0x7
 2230 1171 6E00     		.ascii	"n\000"
 2231 1173 11       		.byte	0x11
 2232 1174 D701     		.2byte	0x1d7
 2233 1176 2C       		.byte	0x2c
 2234 1177 25000000 		.4byte	0x25
 2235 117b 0F       		.uleb128 0xf
 2236 117c 6F737000 		.ascii	"osp\000"
 2237 1180 D801     		.2byte	0x1d8
 2238 1182 18       		.byte	0x18
 2239 1183 000C0000 		.4byte	0xc00
 2240 1187 14       		.uleb128 0x14
 2241 1188 D2000000 		.4byte	.LASF220
 2242 118c 50100000 		.4byte	0x1050
 2243 1190 00       		.byte	0
 2244 1191 0E       		.uleb128 0xe
 2245 1192 93040000 		.4byte	.LASF232
 2246 1196 AB01     		.2byte	0x1ab
 2247 1198 BC110000 		.4byte	0x11bc
 2248 119c 08       		.uleb128 0x8
 2249 119d 71060000 		.4byte	.LASF217
 2250 11a1 AB01     		.2byte	0x1ab
 2251 11a3 26       		.byte	0x26
 2252 11a4 280A0000 		.4byte	0xa28
 2253 11a8 0F       		.uleb128 0xf
 2254 11a9 6900     		.ascii	"i\000"
 2255 11ab AC01     		.2byte	0x1ac
 2256 11ad 0C       		.byte	0xc
 2257 11ae 31000000 		.4byte	0x31
 2258 11b2 14       		.uleb128 0x14
 2259 11b3 D2000000 		.4byte	.LASF220
 2260 11b7 CC110000 		.4byte	0x11cc
 2261 11bb 00       		.byte	0
 2262 11bc 0C       		.uleb128 0xc
 2263 11bd BC000000 		.4byte	0xbc
 2264 11c1 CC110000 		.4byte	0x11cc
 2265 11c5 0D       		.uleb128 0xd
 2266 11c6 31000000 		.4byte	0x31
 2267 11ca 14       		.byte	0x14
 2268 11cb 00       		.byte	0
 2269 11cc 09       		.uleb128 0x9
 2270 11cd BC110000 		.4byte	0x11bc
 2271 11d1 0E       		.uleb128 0xe
 2272 11d2 310A0000 		.4byte	.LASF233
 2273 11d6 8801     		.2byte	0x188
 2274 11d8 0A120000 		.4byte	0x120a
 2275 11dc 08       		.uleb128 0x8
 2276 11dd 71060000 		.4byte	.LASF217
 2277 11e1 8801     		.2byte	0x188
 2278 11e3 22       		.byte	0x22
 2279 11e4 280A0000 		.4byte	0xa28
 2280 11e8 07       		.uleb128 0x7
ARM GAS  C:\Users\PUBLIC~1.LAP\AppData\Local\Temp\ccSvJTCD.s 			page 41


 2281 11e9 657000   		.ascii	"ep\000"
 2282 11ec 11       		.byte	0x11
 2283 11ed 8801     		.2byte	0x188
 2284 11ef 30       		.byte	0x30
 2285 11f0 D7080000 		.4byte	0x8d7
 2286 11f4 08       		.uleb128 0x8
 2287 11f5 690D0000 		.4byte	.LASF234
 2288 11f9 8901     		.2byte	0x189
 2289 11fb 30       		.byte	0x30
 2290 11fc 780C0000 		.4byte	0xc78
 2291 1200 14       		.uleb128 0x14
 2292 1201 D2000000 		.4byte	.LASF220
 2293 1205 50100000 		.4byte	0x1050
 2294 1209 00       		.byte	0
 2295 120a 0E       		.uleb128 0xe
 2296 120b C5010000 		.4byte	.LASF235
 2297 120f 5801     		.2byte	0x158
 2298 1211 35120000 		.4byte	0x1235
 2299 1215 08       		.uleb128 0x8
 2300 1216 71060000 		.4byte	.LASF217
 2301 121a 5801     		.2byte	0x158
 2302 121c 19       		.byte	0x19
 2303 121d 280A0000 		.4byte	0xa28
 2304 1221 0F       		.uleb128 0xf
 2305 1222 6900     		.ascii	"i\000"
 2306 1224 5901     		.2byte	0x159
 2307 1226 0C       		.byte	0xc
 2308 1227 31000000 		.4byte	0x31
 2309 122b 14       		.uleb128 0x14
 2310 122c D2000000 		.4byte	.LASF220
 2311 1230 45120000 		.4byte	0x1245
 2312 1234 00       		.byte	0
 2313 1235 0C       		.uleb128 0xc
 2314 1236 BC000000 		.4byte	0xbc
 2315 123a 45120000 		.4byte	0x1245
 2316 123e 0D       		.uleb128 0xd
 2317 123f 31000000 		.4byte	0x31
 2318 1243 07       		.byte	0x7
 2319 1244 00       		.byte	0
 2320 1245 09       		.uleb128 0x9
 2321 1246 35120000 		.4byte	0x1235
 2322 124a 19       		.uleb128 0x19
 2323 124b AD0A0000 		.4byte	.LASF236
 2324 124f 3001     		.2byte	0x130
 2325 1251 07       		.byte	0x7
 2326 1252 54010000 		.4byte	0x154
 2327 1256 92120000 		.4byte	0x1292
 2328 125a 08       		.uleb128 0x8
 2329 125b 71060000 		.4byte	.LASF217
 2330 125f 3001     		.2byte	0x130
 2331 1261 1B       		.byte	0x1b
 2332 1262 280A0000 		.4byte	0xa28
 2333 1266 08       		.uleb128 0x8
 2334 1267 EE000000 		.4byte	.LASF55
 2335 126b 3001     		.2byte	0x130
 2336 126d 32       		.byte	0x32
 2337 126e 630C0000 		.4byte	0xc63
ARM GAS  C:\Users\PUBLIC~1.LAP\AppData\Local\Temp\ccSvJTCD.s 			page 42


 2338 1272 0F       		.uleb128 0xf
 2339 1273 6D736700 		.ascii	"msg\000"
 2340 1277 3101     		.2byte	0x131
 2341 1279 09       		.byte	0x9
 2342 127a 54010000 		.4byte	0x154
 2343 127e 0F       		.uleb128 0xf
 2344 127f 6900     		.ascii	"i\000"
 2345 1281 3201     		.2byte	0x132
 2346 1283 0C       		.byte	0xc
 2347 1284 31000000 		.4byte	0x31
 2348 1288 14       		.uleb128 0x14
 2349 1289 D2000000 		.4byte	.LASF220
 2350 128d A2120000 		.4byte	0x12a2
 2351 1291 00       		.byte	0
 2352 1292 0C       		.uleb128 0xc
 2353 1293 BC000000 		.4byte	0xbc
 2354 1297 A2120000 		.4byte	0x12a2
 2355 129b 0D       		.uleb128 0xd
 2356 129c 31000000 		.4byte	0x31
 2357 12a0 08       		.byte	0x8
 2358 12a1 00       		.byte	0
 2359 12a2 09       		.uleb128 0x9
 2360 12a3 92120000 		.4byte	0x1292
 2361 12a7 0E       		.uleb128 0xe
 2362 12a8 3B020000 		.4byte	.LASF237
 2363 12ac 1A01     		.2byte	0x11a
 2364 12ae C9120000 		.4byte	0x12c9
 2365 12b2 08       		.uleb128 0x8
 2366 12b3 71060000 		.4byte	.LASF217
 2367 12b7 1A01     		.2byte	0x11a
 2368 12b9 1F       		.byte	0x1f
 2369 12ba 280A0000 		.4byte	0xa28
 2370 12be 0F       		.uleb128 0xf
 2371 12bf 6900     		.ascii	"i\000"
 2372 12c1 1B01     		.2byte	0x11b
 2373 12c3 0C       		.byte	0xc
 2374 12c4 31000000 		.4byte	0x31
 2375 12c8 00       		.byte	0
 2376 12c9 30       		.uleb128 0x30
 2377 12ca A6090000 		.4byte	.LASF261
 2378 12ce 11       		.byte	0x11
 2379 12cf 0E01     		.2byte	0x10e
 2380 12d1 06       		.byte	0x6
 2381 12d2 23       		.uleb128 0x23
 2382 12d3 810A0000 		.4byte	.LASF238
 2383 12d7 54       		.byte	0x54
 2384 12d8 0D       		.byte	0xd
 2385 12d9 73040000 		.4byte	0x473
 2386 12dd F7120000 		.4byte	0x12f7
 2387 12e1 24       		.uleb128 0x24
 2388 12e2 71060000 		.4byte	.LASF217
 2389 12e6 54       		.byte	0x54
 2390 12e7 28       		.byte	0x28
 2391 12e8 280A0000 		.4byte	0xa28
 2392 12ec 25       		.uleb128 0x25
 2393 12ed 647000   		.ascii	"dp\000"
 2394 12f0 55       		.byte	0x55
ARM GAS  C:\Users\PUBLIC~1.LAP\AppData\Local\Temp\ccSvJTCD.s 			page 43


 2395 12f1 18       		.byte	0x18
 2396 12f2 C20A0000 		.4byte	0xac2
 2397 12f6 00       		.byte	0
 2398 12f7 31       		.uleb128 0x31
 2399 12f8 CC070000 		.4byte	.LASF240
 2400 12fc 11       		.byte	0x11
 2401 12fd 40       		.byte	0x40
 2402 12fe 0D       		.byte	0xd
 2403 12ff 0F130000 		.4byte	0x130f
 2404 1303 24       		.uleb128 0x24
 2405 1304 71060000 		.4byte	.LASF217
 2406 1308 40       		.byte	0x40
 2407 1309 24       		.byte	0x24
 2408 130a 280A0000 		.4byte	0xa28
 2409 130e 00       		.byte	0
 2410 130f 23       		.uleb128 0x23
 2411 1310 75020000 		.4byte	.LASF239
 2412 1314 33       		.byte	0x33
 2413 1315 11       		.byte	0x11
 2414 1316 DC000000 		.4byte	0xdc
 2415 131a 33130000 		.4byte	0x1333
 2416 131e 32       		.uleb128 0x32
 2417 131f 7000     		.ascii	"p\000"
 2418 1321 11       		.byte	0x11
 2419 1322 33       		.byte	0x33
 2420 1323 24       		.byte	0x24
 2421 1324 7A040000 		.4byte	0x47a
 2422 1328 25       		.uleb128 0x25
 2423 1329 687700   		.ascii	"hw\000"
 2424 132c 34       		.byte	0x34
 2425 132d 0C       		.byte	0xc
 2426 132e DC000000 		.4byte	0xdc
 2427 1332 00       		.byte	0
 2428 1333 26       		.uleb128 0x26
 2429 1334 6A010000 		.4byte	.LASF241
 2430 1338 15       		.byte	0x15
 2431 1339 4503     		.2byte	0x345
 2432 133b 5A130000 		.4byte	0x135a
 2433 133f 07       		.uleb128 0x7
 2434 1340 74727000 		.ascii	"trp\000"
 2435 1344 15       		.byte	0x15
 2436 1345 4503     		.2byte	0x345
 2437 1347 3A       		.byte	0x3a
 2438 1348 A4060000 		.4byte	0x6a4
 2439 134c 07       		.uleb128 0x7
 2440 134d 6D736700 		.ascii	"msg\000"
 2441 1351 15       		.byte	0x15
 2442 1352 4503     		.2byte	0x345
 2443 1354 45       		.byte	0x45
 2444 1355 54010000 		.4byte	0x154
 2445 1359 00       		.byte	0
 2446 135a 33       		.uleb128 0x33
 2447 135b DB000000 		.4byte	.LASF242
 2448 135f 15       		.byte	0x15
 2449 1360 1D03     		.2byte	0x31d
 2450 1362 15       		.byte	0x15
 2451 1363 54010000 		.4byte	0x154
ARM GAS  C:\Users\PUBLIC~1.LAP\AppData\Local\Temp\ccSvJTCD.s 			page 44


 2452 1367 79130000 		.4byte	0x1379
 2453 136b 07       		.uleb128 0x7
 2454 136c 74727000 		.ascii	"trp\000"
 2455 1370 15       		.byte	0x15
 2456 1371 1D03     		.2byte	0x31d
 2457 1373 3C       		.byte	0x3c
 2458 1374 A4060000 		.4byte	0x6a4
 2459 1378 00       		.byte	0
 2460 1379 13       		.uleb128 0x13
 2461 137a 1C0B0000 		.4byte	.LASF243
 2462 137e 15       		.byte	0x15
 2463 137f A802     		.2byte	0x2a8
 2464 1381 13       		.uleb128 0x13
 2465 1382 C1050000 		.4byte	.LASF244
 2466 1386 15       		.byte	0x15
 2467 1387 5E02     		.2byte	0x25e
 2468 1389 13       		.uleb128 0x13
 2469 138a 38010000 		.4byte	.LASF245
 2470 138e 15       		.byte	0x15
 2471 138f 5302     		.2byte	0x253
 2472 1391 13       		.uleb128 0x13
 2473 1392 5C010000 		.4byte	.LASF246
 2474 1396 15       		.byte	0x15
 2475 1397 4802     		.2byte	0x248
 2476 1399 13       		.uleb128 0x13
 2477 139a 7F020000 		.4byte	.LASF247
 2478 139e 15       		.byte	0x15
 2479 139f 3D02     		.2byte	0x23d
 2480 13a1 13       		.uleb128 0x13
 2481 13a2 F9020000 		.4byte	.LASF248
 2482 13a6 16       		.byte	0x16
 2483 13a7 D901     		.2byte	0x1d9
 2484 13a9 13       		.uleb128 0x13
 2485 13aa E8010000 		.4byte	.LASF249
 2486 13ae 16       		.byte	0x16
 2487 13af C301     		.2byte	0x1c3
 2488 13b1 26       		.uleb128 0x26
 2489 13b2 E1050000 		.4byte	.LASF250
 2490 13b6 16       		.byte	0x16
 2491 13b7 A501     		.2byte	0x1a5
 2492 13b9 C7130000 		.4byte	0x13c7
 2493 13bd 14       		.uleb128 0x14
 2494 13be D2000000 		.4byte	.LASF220
 2495 13c2 CE0E0000 		.4byte	0xece
 2496 13c6 00       		.byte	0
 2497 13c7 13       		.uleb128 0x13
 2498 13c8 0A060000 		.4byte	.LASF251
 2499 13cc 16       		.byte	0x16
 2500 13cd 9701     		.2byte	0x197
 2501 13cf 13       		.uleb128 0x13
 2502 13d0 72090000 		.4byte	.LASF252
 2503 13d4 0C       		.byte	0xc
 2504 13d5 0302     		.2byte	0x203
 2505 13d7 13       		.uleb128 0x13
 2506 13d8 8C070000 		.4byte	.LASF253
 2507 13dc 0C       		.byte	0xc
 2508 13dd F901     		.2byte	0x1f9
ARM GAS  C:\Users\PUBLIC~1.LAP\AppData\Local\Temp\ccSvJTCD.s 			page 45


 2509 13df 13       		.uleb128 0x13
 2510 13e0 D6010000 		.4byte	.LASF254
 2511 13e4 0C       		.byte	0xc
 2512 13e5 EF01     		.2byte	0x1ef
 2513 13e7 13       		.uleb128 0x13
 2514 13e8 4C0B0000 		.4byte	.LASF255
 2515 13ec 0C       		.byte	0xc
 2516 13ed E601     		.2byte	0x1e6
 2517 13ef 27       		.uleb128 0x27
 2518 13f0 C8060000 		.4byte	.LASF256
 2519 13f4 8C       		.byte	0x8c
 2520 13f5 27       		.uleb128 0x27
 2521 13f6 CA040000 		.4byte	.LASF257
 2522 13fa 81       		.byte	0x81
 2523 13fb 00       		.byte	0
 2524              		.section	.gnu.debuglto_.debug_abbrev,"e",%progbits
 2525              	.Ldebug_abbrev0:
 2526 0000 01       		.uleb128 0x1
 2527 0001 0D       		.uleb128 0xd
 2528 0002 00       		.byte	0
 2529 0003 03       		.uleb128 0x3
 2530 0004 0E       		.uleb128 0xe
 2531 0005 3A       		.uleb128 0x3a
 2532 0006 0B       		.uleb128 0xb
 2533 0007 3B       		.uleb128 0x3b
 2534 0008 0B       		.uleb128 0xb
 2535 0009 39       		.uleb128 0x39
 2536 000a 0B       		.uleb128 0xb
 2537 000b 49       		.uleb128 0x49
 2538 000c 13       		.uleb128 0x13
 2539 000d 38       		.uleb128 0x38
 2540 000e 0B       		.uleb128 0xb
 2541 000f 00       		.byte	0
 2542 0010 00       		.byte	0
 2543 0011 02       		.uleb128 0x2
 2544 0012 05       		.uleb128 0x5
 2545 0013 00       		.byte	0
 2546 0014 49       		.uleb128 0x49
 2547 0015 13       		.uleb128 0x13
 2548 0016 00       		.byte	0
 2549 0017 00       		.byte	0
 2550 0018 03       		.uleb128 0x3
 2551 0019 16       		.uleb128 0x16
 2552 001a 00       		.byte	0
 2553 001b 03       		.uleb128 0x3
 2554 001c 0E       		.uleb128 0xe
 2555 001d 3A       		.uleb128 0x3a
 2556 001e 0B       		.uleb128 0xb
 2557 001f 3B       		.uleb128 0x3b
 2558 0020 0B       		.uleb128 0xb
 2559 0021 39       		.uleb128 0x39
 2560 0022 0B       		.uleb128 0xb
 2561 0023 49       		.uleb128 0x49
 2562 0024 13       		.uleb128 0x13
 2563 0025 00       		.byte	0
 2564 0026 00       		.byte	0
 2565 0027 04       		.uleb128 0x4
ARM GAS  C:\Users\PUBLIC~1.LAP\AppData\Local\Temp\ccSvJTCD.s 			page 46


 2566 0028 0D       		.uleb128 0xd
 2567 0029 00       		.byte	0
 2568 002a 03       		.uleb128 0x3
 2569 002b 0E       		.uleb128 0xe
 2570 002c 3A       		.uleb128 0x3a
 2571 002d 0B       		.uleb128 0xb
 2572 002e 3B       		.uleb128 0x3b
 2573 002f 05       		.uleb128 0x5
 2574 0030 39       		.uleb128 0x39
 2575 0031 0B       		.uleb128 0xb
 2576 0032 49       		.uleb128 0x49
 2577 0033 13       		.uleb128 0x13
 2578 0034 38       		.uleb128 0x38
 2579 0035 0B       		.uleb128 0xb
 2580 0036 00       		.byte	0
 2581 0037 00       		.byte	0
 2582 0038 05       		.uleb128 0x5
 2583 0039 0F       		.uleb128 0xf
 2584 003a 00       		.byte	0
 2585 003b 0B       		.uleb128 0xb
 2586 003c 21       		.uleb128 0x21
 2587 003d 04       		.sleb128 4
 2588 003e 49       		.uleb128 0x49
 2589 003f 13       		.uleb128 0x13
 2590 0040 00       		.byte	0
 2591 0041 00       		.byte	0
 2592 0042 06       		.uleb128 0x6
 2593 0043 28       		.uleb128 0x28
 2594 0044 00       		.byte	0
 2595 0045 03       		.uleb128 0x3
 2596 0046 0E       		.uleb128 0xe
 2597 0047 1C       		.uleb128 0x1c
 2598 0048 0B       		.uleb128 0xb
 2599 0049 00       		.byte	0
 2600 004a 00       		.byte	0
 2601 004b 07       		.uleb128 0x7
 2602 004c 05       		.uleb128 0x5
 2603 004d 00       		.byte	0
 2604 004e 03       		.uleb128 0x3
 2605 004f 08       		.uleb128 0x8
 2606 0050 3A       		.uleb128 0x3a
 2607 0051 0B       		.uleb128 0xb
 2608 0052 3B       		.uleb128 0x3b
 2609 0053 05       		.uleb128 0x5
 2610 0054 39       		.uleb128 0x39
 2611 0055 0B       		.uleb128 0xb
 2612 0056 49       		.uleb128 0x49
 2613 0057 13       		.uleb128 0x13
 2614 0058 00       		.byte	0
 2615 0059 00       		.byte	0
 2616 005a 08       		.uleb128 0x8
 2617 005b 05       		.uleb128 0x5
 2618 005c 00       		.byte	0
 2619 005d 03       		.uleb128 0x3
 2620 005e 0E       		.uleb128 0xe
 2621 005f 3A       		.uleb128 0x3a
 2622 0060 21       		.uleb128 0x21
ARM GAS  C:\Users\PUBLIC~1.LAP\AppData\Local\Temp\ccSvJTCD.s 			page 47


 2623 0061 11       		.sleb128 17
 2624 0062 3B       		.uleb128 0x3b
 2625 0063 05       		.uleb128 0x5
 2626 0064 39       		.uleb128 0x39
 2627 0065 0B       		.uleb128 0xb
 2628 0066 49       		.uleb128 0x49
 2629 0067 13       		.uleb128 0x13
 2630 0068 00       		.byte	0
 2631 0069 00       		.byte	0
 2632 006a 09       		.uleb128 0x9
 2633 006b 26       		.uleb128 0x26
 2634 006c 00       		.byte	0
 2635 006d 49       		.uleb128 0x49
 2636 006e 13       		.uleb128 0x13
 2637 006f 00       		.byte	0
 2638 0070 00       		.byte	0
 2639 0071 0A       		.uleb128 0xa
 2640 0072 16       		.uleb128 0x16
 2641 0073 00       		.byte	0
 2642 0074 03       		.uleb128 0x3
 2643 0075 0E       		.uleb128 0xe
 2644 0076 3A       		.uleb128 0x3a
 2645 0077 0B       		.uleb128 0xb
 2646 0078 3B       		.uleb128 0x3b
 2647 0079 05       		.uleb128 0x5
 2648 007a 39       		.uleb128 0x39
 2649 007b 0B       		.uleb128 0xb
 2650 007c 49       		.uleb128 0x49
 2651 007d 13       		.uleb128 0x13
 2652 007e 00       		.byte	0
 2653 007f 00       		.byte	0
 2654 0080 0B       		.uleb128 0xb
 2655 0081 2E       		.uleb128 0x2e
 2656 0082 01       		.byte	0x1
 2657 0083 3F       		.uleb128 0x3f
 2658 0084 19       		.uleb128 0x19
 2659 0085 03       		.uleb128 0x3
 2660 0086 0E       		.uleb128 0xe
 2661 0087 3A       		.uleb128 0x3a
 2662 0088 0B       		.uleb128 0xb
 2663 0089 3B       		.uleb128 0x3b
 2664 008a 05       		.uleb128 0x5
 2665 008b 39       		.uleb128 0x39
 2666 008c 0B       		.uleb128 0xb
 2667 008d 27       		.uleb128 0x27
 2668 008e 19       		.uleb128 0x19
 2669 008f 3C       		.uleb128 0x3c
 2670 0090 19       		.uleb128 0x19
 2671 0091 01       		.uleb128 0x1
 2672 0092 13       		.uleb128 0x13
 2673 0093 00       		.byte	0
 2674 0094 00       		.byte	0
 2675 0095 0C       		.uleb128 0xc
 2676 0096 01       		.uleb128 0x1
 2677 0097 01       		.byte	0x1
 2678 0098 49       		.uleb128 0x49
 2679 0099 13       		.uleb128 0x13
ARM GAS  C:\Users\PUBLIC~1.LAP\AppData\Local\Temp\ccSvJTCD.s 			page 48


 2680 009a 01       		.uleb128 0x1
 2681 009b 13       		.uleb128 0x13
 2682 009c 00       		.byte	0
 2683 009d 00       		.byte	0
 2684 009e 0D       		.uleb128 0xd
 2685 009f 21       		.uleb128 0x21
 2686 00a0 00       		.byte	0
 2687 00a1 49       		.uleb128 0x49
 2688 00a2 13       		.uleb128 0x13
 2689 00a3 2F       		.uleb128 0x2f
 2690 00a4 0B       		.uleb128 0xb
 2691 00a5 00       		.byte	0
 2692 00a6 00       		.byte	0
 2693 00a7 0E       		.uleb128 0xe
 2694 00a8 2E       		.uleb128 0x2e
 2695 00a9 01       		.byte	0x1
 2696 00aa 3F       		.uleb128 0x3f
 2697 00ab 19       		.uleb128 0x19
 2698 00ac 03       		.uleb128 0x3
 2699 00ad 0E       		.uleb128 0xe
 2700 00ae 3A       		.uleb128 0x3a
 2701 00af 21       		.uleb128 0x21
 2702 00b0 11       		.sleb128 17
 2703 00b1 3B       		.uleb128 0x3b
 2704 00b2 05       		.uleb128 0x5
 2705 00b3 39       		.uleb128 0x39
 2706 00b4 21       		.uleb128 0x21
 2707 00b5 06       		.sleb128 6
 2708 00b6 27       		.uleb128 0x27
 2709 00b7 19       		.uleb128 0x19
 2710 00b8 01       		.uleb128 0x1
 2711 00b9 13       		.uleb128 0x13
 2712 00ba 00       		.byte	0
 2713 00bb 00       		.byte	0
 2714 00bc 0F       		.uleb128 0xf
 2715 00bd 34       		.uleb128 0x34
 2716 00be 00       		.byte	0
 2717 00bf 03       		.uleb128 0x3
 2718 00c0 08       		.uleb128 0x8
 2719 00c1 3A       		.uleb128 0x3a
 2720 00c2 21       		.uleb128 0x21
 2721 00c3 11       		.sleb128 17
 2722 00c4 3B       		.uleb128 0x3b
 2723 00c5 05       		.uleb128 0x5
 2724 00c6 39       		.uleb128 0x39
 2725 00c7 0B       		.uleb128 0xb
 2726 00c8 49       		.uleb128 0x49
 2727 00c9 13       		.uleb128 0x13
 2728 00ca 00       		.byte	0
 2729 00cb 00       		.byte	0
 2730 00cc 10       		.uleb128 0x10
 2731 00cd 24       		.uleb128 0x24
 2732 00ce 00       		.byte	0
 2733 00cf 0B       		.uleb128 0xb
 2734 00d0 0B       		.uleb128 0xb
 2735 00d1 3E       		.uleb128 0x3e
 2736 00d2 0B       		.uleb128 0xb
ARM GAS  C:\Users\PUBLIC~1.LAP\AppData\Local\Temp\ccSvJTCD.s 			page 49


 2737 00d3 03       		.uleb128 0x3
 2738 00d4 0E       		.uleb128 0xe
 2739 00d5 00       		.byte	0
 2740 00d6 00       		.byte	0
 2741 00d7 11       		.uleb128 0x11
 2742 00d8 13       		.uleb128 0x13
 2743 00d9 01       		.byte	0x1
 2744 00da 03       		.uleb128 0x3
 2745 00db 0E       		.uleb128 0xe
 2746 00dc 0B       		.uleb128 0xb
 2747 00dd 0B       		.uleb128 0xb
 2748 00de 3A       		.uleb128 0x3a
 2749 00df 0B       		.uleb128 0xb
 2750 00e0 3B       		.uleb128 0x3b
 2751 00e1 0B       		.uleb128 0xb
 2752 00e2 39       		.uleb128 0x39
 2753 00e3 0B       		.uleb128 0xb
 2754 00e4 01       		.uleb128 0x1
 2755 00e5 13       		.uleb128 0x13
 2756 00e6 00       		.byte	0
 2757 00e7 00       		.byte	0
 2758 00e8 12       		.uleb128 0x12
 2759 00e9 0D       		.uleb128 0xd
 2760 00ea 00       		.byte	0
 2761 00eb 03       		.uleb128 0x3
 2762 00ec 08       		.uleb128 0x8
 2763 00ed 3A       		.uleb128 0x3a
 2764 00ee 0B       		.uleb128 0xb
 2765 00ef 3B       		.uleb128 0x3b
 2766 00f0 05       		.uleb128 0x5
 2767 00f1 39       		.uleb128 0x39
 2768 00f2 0B       		.uleb128 0xb
 2769 00f3 49       		.uleb128 0x49
 2770 00f4 13       		.uleb128 0x13
 2771 00f5 38       		.uleb128 0x38
 2772 00f6 0B       		.uleb128 0xb
 2773 00f7 00       		.byte	0
 2774 00f8 00       		.byte	0
 2775 00f9 13       		.uleb128 0x13
 2776 00fa 2E       		.uleb128 0x2e
 2777 00fb 00       		.byte	0
 2778 00fc 03       		.uleb128 0x3
 2779 00fd 0E       		.uleb128 0xe
 2780 00fe 3A       		.uleb128 0x3a
 2781 00ff 0B       		.uleb128 0xb
 2782 0100 3B       		.uleb128 0x3b
 2783 0101 05       		.uleb128 0x5
 2784 0102 39       		.uleb128 0x39
 2785 0103 21       		.uleb128 0x21
 2786 0104 14       		.sleb128 20
 2787 0105 27       		.uleb128 0x27
 2788 0106 19       		.uleb128 0x19
 2789 0107 00       		.byte	0
 2790 0108 00       		.byte	0
 2791 0109 14       		.uleb128 0x14
 2792 010a 34       		.uleb128 0x34
 2793 010b 00       		.byte	0
ARM GAS  C:\Users\PUBLIC~1.LAP\AppData\Local\Temp\ccSvJTCD.s 			page 50


 2794 010c 03       		.uleb128 0x3
 2795 010d 0E       		.uleb128 0xe
 2796 010e 49       		.uleb128 0x49
 2797 010f 13       		.uleb128 0x13
 2798 0110 34       		.uleb128 0x34
 2799 0111 19       		.uleb128 0x19
 2800 0112 00       		.byte	0
 2801 0113 00       		.byte	0
 2802 0114 15       		.uleb128 0x15
 2803 0115 0D       		.uleb128 0xd
 2804 0116 00       		.byte	0
 2805 0117 03       		.uleb128 0x3
 2806 0118 0E       		.uleb128 0xe
 2807 0119 3A       		.uleb128 0x3a
 2808 011a 21       		.uleb128 0x21
 2809 011b 06       		.sleb128 6
 2810 011c 3B       		.uleb128 0x3b
 2811 011d 05       		.uleb128 0x5
 2812 011e 39       		.uleb128 0x39
 2813 011f 0B       		.uleb128 0xb
 2814 0120 49       		.uleb128 0x49
 2815 0121 13       		.uleb128 0x13
 2816 0122 00       		.byte	0
 2817 0123 00       		.byte	0
 2818 0124 16       		.uleb128 0x16
 2819 0125 13       		.uleb128 0x13
 2820 0126 01       		.byte	0x1
 2821 0127 03       		.uleb128 0x3
 2822 0128 0E       		.uleb128 0xe
 2823 0129 0B       		.uleb128 0xb
 2824 012a 0B       		.uleb128 0xb
 2825 012b 3A       		.uleb128 0x3a
 2826 012c 0B       		.uleb128 0xb
 2827 012d 3B       		.uleb128 0x3b
 2828 012e 05       		.uleb128 0x5
 2829 012f 39       		.uleb128 0x39
 2830 0130 0B       		.uleb128 0xb
 2831 0131 01       		.uleb128 0x1
 2832 0132 13       		.uleb128 0x13
 2833 0133 00       		.byte	0
 2834 0134 00       		.byte	0
 2835 0135 17       		.uleb128 0x17
 2836 0136 34       		.uleb128 0x34
 2837 0137 00       		.byte	0
 2838 0138 03       		.uleb128 0x3
 2839 0139 0E       		.uleb128 0xe
 2840 013a 3A       		.uleb128 0x3a
 2841 013b 21       		.uleb128 0x21
 2842 013c 0B       		.sleb128 11
 2843 013d 3B       		.uleb128 0x3b
 2844 013e 0B       		.uleb128 0xb
 2845 013f 39       		.uleb128 0x39
 2846 0140 21       		.uleb128 0x21
 2847 0141 16       		.sleb128 22
 2848 0142 49       		.uleb128 0x49
 2849 0143 13       		.uleb128 0x13
 2850 0144 1C       		.uleb128 0x1c
ARM GAS  C:\Users\PUBLIC~1.LAP\AppData\Local\Temp\ccSvJTCD.s 			page 51


 2851 0145 0A       		.uleb128 0xa
 2852 0146 00       		.byte	0
 2853 0147 00       		.byte	0
 2854 0148 18       		.uleb128 0x18
 2855 0149 0D       		.uleb128 0xd
 2856 014a 00       		.byte	0
 2857 014b 03       		.uleb128 0x3
 2858 014c 0E       		.uleb128 0xe
 2859 014d 3A       		.uleb128 0x3a
 2860 014e 21       		.uleb128 0x21
 2861 014f 06       		.sleb128 6
 2862 0150 3B       		.uleb128 0x3b
 2863 0151 0B       		.uleb128 0xb
 2864 0152 39       		.uleb128 0x39
 2865 0153 21       		.uleb128 0x21
 2866 0154 21       		.sleb128 33
 2867 0155 49       		.uleb128 0x49
 2868 0156 13       		.uleb128 0x13
 2869 0157 00       		.byte	0
 2870 0158 00       		.byte	0
 2871 0159 19       		.uleb128 0x19
 2872 015a 2E       		.uleb128 0x2e
 2873 015b 01       		.byte	0x1
 2874 015c 3F       		.uleb128 0x3f
 2875 015d 19       		.uleb128 0x19
 2876 015e 03       		.uleb128 0x3
 2877 015f 0E       		.uleb128 0xe
 2878 0160 3A       		.uleb128 0x3a
 2879 0161 21       		.uleb128 0x21
 2880 0162 11       		.sleb128 17
 2881 0163 3B       		.uleb128 0x3b
 2882 0164 05       		.uleb128 0x5
 2883 0165 39       		.uleb128 0x39
 2884 0166 0B       		.uleb128 0xb
 2885 0167 27       		.uleb128 0x27
 2886 0168 19       		.uleb128 0x19
 2887 0169 49       		.uleb128 0x49
 2888 016a 13       		.uleb128 0x13
 2889 016b 01       		.uleb128 0x1
 2890 016c 13       		.uleb128 0x13
 2891 016d 00       		.byte	0
 2892 016e 00       		.byte	0
 2893 016f 1A       		.uleb128 0x1a
 2894 0170 0D       		.uleb128 0xd
 2895 0171 00       		.byte	0
 2896 0172 03       		.uleb128 0x3
 2897 0173 08       		.uleb128 0x8
 2898 0174 3A       		.uleb128 0x3a
 2899 0175 0B       		.uleb128 0xb
 2900 0176 3B       		.uleb128 0x3b
 2901 0177 0B       		.uleb128 0xb
 2902 0178 39       		.uleb128 0x39
 2903 0179 0B       		.uleb128 0xb
 2904 017a 49       		.uleb128 0x49
 2905 017b 13       		.uleb128 0x13
 2906 017c 38       		.uleb128 0x38
 2907 017d 0B       		.uleb128 0xb
ARM GAS  C:\Users\PUBLIC~1.LAP\AppData\Local\Temp\ccSvJTCD.s 			page 52


 2908 017e 00       		.byte	0
 2909 017f 00       		.byte	0
 2910 0180 1B       		.uleb128 0x1b
 2911 0181 04       		.uleb128 0x4
 2912 0182 01       		.byte	0x1
 2913 0183 3E       		.uleb128 0x3e
 2914 0184 21       		.uleb128 0x21
 2915 0185 07       		.sleb128 7
 2916 0186 0B       		.uleb128 0xb
 2917 0187 21       		.uleb128 0x21
 2918 0188 01       		.sleb128 1
 2919 0189 49       		.uleb128 0x49
 2920 018a 13       		.uleb128 0x13
 2921 018b 3A       		.uleb128 0x3a
 2922 018c 21       		.uleb128 0x21
 2923 018d 0F       		.sleb128 15
 2924 018e 3B       		.uleb128 0x3b
 2925 018f 05       		.uleb128 0x5
 2926 0190 39       		.uleb128 0x39
 2927 0191 21       		.uleb128 0x21
 2928 0192 0E       		.sleb128 14
 2929 0193 01       		.uleb128 0x1
 2930 0194 13       		.uleb128 0x13
 2931 0195 00       		.byte	0
 2932 0196 00       		.byte	0
 2933 0197 1C       		.uleb128 0x1c
 2934 0198 13       		.uleb128 0x13
 2935 0199 01       		.byte	0x1
 2936 019a 0B       		.uleb128 0xb
 2937 019b 0B       		.uleb128 0xb
 2938 019c 3A       		.uleb128 0x3a
 2939 019d 21       		.uleb128 0x21
 2940 019e 10       		.sleb128 16
 2941 019f 3B       		.uleb128 0x3b
 2942 01a0 0B       		.uleb128 0xb
 2943 01a1 39       		.uleb128 0x39
 2944 01a2 21       		.uleb128 0x21
 2945 01a3 09       		.sleb128 9
 2946 01a4 01       		.uleb128 0x1
 2947 01a5 13       		.uleb128 0x13
 2948 01a6 00       		.byte	0
 2949 01a7 00       		.byte	0
 2950 01a8 1D       		.uleb128 0x1d
 2951 01a9 15       		.uleb128 0x15
 2952 01aa 01       		.byte	0x1
 2953 01ab 27       		.uleb128 0x27
 2954 01ac 19       		.uleb128 0x19
 2955 01ad 01       		.uleb128 0x1
 2956 01ae 13       		.uleb128 0x13
 2957 01af 00       		.byte	0
 2958 01b0 00       		.byte	0
 2959 01b1 1E       		.uleb128 0x1e
 2960 01b2 34       		.uleb128 0x34
 2961 01b3 00       		.byte	0
 2962 01b4 03       		.uleb128 0x3
 2963 01b5 0E       		.uleb128 0xe
 2964 01b6 3A       		.uleb128 0x3a
ARM GAS  C:\Users\PUBLIC~1.LAP\AppData\Local\Temp\ccSvJTCD.s 			page 53


 2965 01b7 21       		.uleb128 0x21
 2966 01b8 11       		.sleb128 17
 2967 01b9 3B       		.uleb128 0x3b
 2968 01ba 0B       		.uleb128 0xb
 2969 01bb 39       		.uleb128 0x39
 2970 01bc 21       		.uleb128 0x21
 2971 01bd 16       		.sleb128 22
 2972 01be 49       		.uleb128 0x49
 2973 01bf 13       		.uleb128 0x13
 2974 01c0 00       		.byte	0
 2975 01c1 00       		.byte	0
 2976 01c2 1F       		.uleb128 0x1f
 2977 01c3 2E       		.uleb128 0x2e
 2978 01c4 01       		.byte	0x1
 2979 01c5 3F       		.uleb128 0x3f
 2980 01c6 19       		.uleb128 0x19
 2981 01c7 03       		.uleb128 0x3
 2982 01c8 0E       		.uleb128 0xe
 2983 01c9 3A       		.uleb128 0x3a
 2984 01ca 0B       		.uleb128 0xb
 2985 01cb 3B       		.uleb128 0x3b
 2986 01cc 05       		.uleb128 0x5
 2987 01cd 39       		.uleb128 0x39
 2988 01ce 0B       		.uleb128 0xb
 2989 01cf 27       		.uleb128 0x27
 2990 01d0 19       		.uleb128 0x19
 2991 01d1 49       		.uleb128 0x49
 2992 01d2 13       		.uleb128 0x13
 2993 01d3 3C       		.uleb128 0x3c
 2994 01d4 19       		.uleb128 0x19
 2995 01d5 01       		.uleb128 0x1
 2996 01d6 13       		.uleb128 0x13
 2997 01d7 00       		.byte	0
 2998 01d8 00       		.byte	0
 2999 01d9 20       		.uleb128 0x20
 3000 01da 35       		.uleb128 0x35
 3001 01db 00       		.byte	0
 3002 01dc 49       		.uleb128 0x49
 3003 01dd 13       		.uleb128 0x13
 3004 01de 00       		.byte	0
 3005 01df 00       		.byte	0
 3006 01e0 21       		.uleb128 0x21
 3007 01e1 17       		.uleb128 0x17
 3008 01e2 01       		.byte	0x1
 3009 01e3 0B       		.uleb128 0xb
 3010 01e4 0B       		.uleb128 0xb
 3011 01e5 3A       		.uleb128 0x3a
 3012 01e6 21       		.uleb128 0x21
 3013 01e7 06       		.sleb128 6
 3014 01e8 3B       		.uleb128 0x3b
 3015 01e9 0B       		.uleb128 0xb
 3016 01ea 39       		.uleb128 0x39
 3017 01eb 21       		.uleb128 0x21
 3018 01ec 03       		.sleb128 3
 3019 01ed 01       		.uleb128 0x1
 3020 01ee 13       		.uleb128 0x13
 3021 01ef 00       		.byte	0
ARM GAS  C:\Users\PUBLIC~1.LAP\AppData\Local\Temp\ccSvJTCD.s 			page 54


 3022 01f0 00       		.byte	0
 3023 01f1 22       		.uleb128 0x22
 3024 01f2 15       		.uleb128 0x15
 3025 01f3 01       		.byte	0x1
 3026 01f4 27       		.uleb128 0x27
 3027 01f5 19       		.uleb128 0x19
 3028 01f6 49       		.uleb128 0x49
 3029 01f7 13       		.uleb128 0x13
 3030 01f8 01       		.uleb128 0x1
 3031 01f9 13       		.uleb128 0x13
 3032 01fa 00       		.byte	0
 3033 01fb 00       		.byte	0
 3034 01fc 23       		.uleb128 0x23
 3035 01fd 2E       		.uleb128 0x2e
 3036 01fe 01       		.byte	0x1
 3037 01ff 03       		.uleb128 0x3
 3038 0200 0E       		.uleb128 0xe
 3039 0201 3A       		.uleb128 0x3a
 3040 0202 21       		.uleb128 0x21
 3041 0203 11       		.sleb128 17
 3042 0204 3B       		.uleb128 0x3b
 3043 0205 0B       		.uleb128 0xb
 3044 0206 39       		.uleb128 0x39
 3045 0207 0B       		.uleb128 0xb
 3046 0208 27       		.uleb128 0x27
 3047 0209 19       		.uleb128 0x19
 3048 020a 49       		.uleb128 0x49
 3049 020b 13       		.uleb128 0x13
 3050 020c 01       		.uleb128 0x1
 3051 020d 13       		.uleb128 0x13
 3052 020e 00       		.byte	0
 3053 020f 00       		.byte	0
 3054 0210 24       		.uleb128 0x24
 3055 0211 05       		.uleb128 0x5
 3056 0212 00       		.byte	0
 3057 0213 03       		.uleb128 0x3
 3058 0214 0E       		.uleb128 0xe
 3059 0215 3A       		.uleb128 0x3a
 3060 0216 21       		.uleb128 0x21
 3061 0217 11       		.sleb128 17
 3062 0218 3B       		.uleb128 0x3b
 3063 0219 0B       		.uleb128 0xb
 3064 021a 39       		.uleb128 0x39
 3065 021b 0B       		.uleb128 0xb
 3066 021c 49       		.uleb128 0x49
 3067 021d 13       		.uleb128 0x13
 3068 021e 00       		.byte	0
 3069 021f 00       		.byte	0
 3070 0220 25       		.uleb128 0x25
 3071 0221 34       		.uleb128 0x34
 3072 0222 00       		.byte	0
 3073 0223 03       		.uleb128 0x3
 3074 0224 08       		.uleb128 0x8
 3075 0225 3A       		.uleb128 0x3a
 3076 0226 21       		.uleb128 0x21
 3077 0227 11       		.sleb128 17
 3078 0228 3B       		.uleb128 0x3b
ARM GAS  C:\Users\PUBLIC~1.LAP\AppData\Local\Temp\ccSvJTCD.s 			page 55


 3079 0229 0B       		.uleb128 0xb
 3080 022a 39       		.uleb128 0x39
 3081 022b 0B       		.uleb128 0xb
 3082 022c 49       		.uleb128 0x49
 3083 022d 13       		.uleb128 0x13
 3084 022e 00       		.byte	0
 3085 022f 00       		.byte	0
 3086 0230 26       		.uleb128 0x26
 3087 0231 2E       		.uleb128 0x2e
 3088 0232 01       		.byte	0x1
 3089 0233 03       		.uleb128 0x3
 3090 0234 0E       		.uleb128 0xe
 3091 0235 3A       		.uleb128 0x3a
 3092 0236 0B       		.uleb128 0xb
 3093 0237 3B       		.uleb128 0x3b
 3094 0238 05       		.uleb128 0x5
 3095 0239 39       		.uleb128 0x39
 3096 023a 21       		.uleb128 0x21
 3097 023b 14       		.sleb128 20
 3098 023c 27       		.uleb128 0x27
 3099 023d 19       		.uleb128 0x19
 3100 023e 01       		.uleb128 0x1
 3101 023f 13       		.uleb128 0x13
 3102 0240 00       		.byte	0
 3103 0241 00       		.byte	0
 3104 0242 27       		.uleb128 0x27
 3105 0243 2E       		.uleb128 0x2e
 3106 0244 00       		.byte	0
 3107 0245 03       		.uleb128 0x3
 3108 0246 0E       		.uleb128 0xe
 3109 0247 3A       		.uleb128 0x3a
 3110 0248 21       		.uleb128 0x21
 3111 0249 17       		.sleb128 23
 3112 024a 3B       		.uleb128 0x3b
 3113 024b 0B       		.uleb128 0xb
 3114 024c 39       		.uleb128 0x39
 3115 024d 21       		.uleb128 0x21
 3116 024e 1B       		.sleb128 27
 3117 024f 27       		.uleb128 0x27
 3118 0250 19       		.uleb128 0x19
 3119 0251 00       		.byte	0
 3120 0252 00       		.byte	0
 3121 0253 28       		.uleb128 0x28
 3122 0254 11       		.uleb128 0x11
 3123 0255 01       		.byte	0x1
 3124 0256 25       		.uleb128 0x25
 3125 0257 0E       		.uleb128 0xe
 3126 0258 13       		.uleb128 0x13
 3127 0259 0B       		.uleb128 0xb
 3128 025a 03       		.uleb128 0x3
 3129 025b 0E       		.uleb128 0xe
 3130 025c 1B       		.uleb128 0x1b
 3131 025d 0E       		.uleb128 0xe
 3132 025e 10       		.uleb128 0x10
 3133 025f 17       		.uleb128 0x17
 3134 0260 00       		.byte	0
 3135 0261 00       		.byte	0
ARM GAS  C:\Users\PUBLIC~1.LAP\AppData\Local\Temp\ccSvJTCD.s 			page 56


 3136 0262 29       		.uleb128 0x29
 3137 0263 24       		.uleb128 0x24
 3138 0264 00       		.byte	0
 3139 0265 0B       		.uleb128 0xb
 3140 0266 0B       		.uleb128 0xb
 3141 0267 3E       		.uleb128 0x3e
 3142 0268 0B       		.uleb128 0xb
 3143 0269 03       		.uleb128 0x3
 3144 026a 08       		.uleb128 0x8
 3145 026b 00       		.byte	0
 3146 026c 00       		.byte	0
 3147 026d 2A       		.uleb128 0x2a
 3148 026e 0F       		.uleb128 0xf
 3149 026f 00       		.byte	0
 3150 0270 0B       		.uleb128 0xb
 3151 0271 0B       		.uleb128 0xb
 3152 0272 00       		.byte	0
 3153 0273 00       		.byte	0
 3154 0274 2B       		.uleb128 0x2b
 3155 0275 13       		.uleb128 0x13
 3156 0276 01       		.byte	0x1
 3157 0277 0B       		.uleb128 0xb
 3158 0278 0B       		.uleb128 0xb
 3159 0279 3A       		.uleb128 0x3a
 3160 027a 0B       		.uleb128 0xb
 3161 027b 3B       		.uleb128 0x3b
 3162 027c 05       		.uleb128 0x5
 3163 027d 39       		.uleb128 0x39
 3164 027e 0B       		.uleb128 0xb
 3165 027f 01       		.uleb128 0x1
 3166 0280 13       		.uleb128 0x13
 3167 0281 00       		.byte	0
 3168 0282 00       		.byte	0
 3169 0283 2C       		.uleb128 0x2c
 3170 0284 2E       		.uleb128 0x2e
 3171 0285 01       		.byte	0x1
 3172 0286 3F       		.uleb128 0x3f
 3173 0287 19       		.uleb128 0x19
 3174 0288 03       		.uleb128 0x3
 3175 0289 0E       		.uleb128 0xe
 3176 028a 3A       		.uleb128 0x3a
 3177 028b 0B       		.uleb128 0xb
 3178 028c 3B       		.uleb128 0x3b
 3179 028d 0B       		.uleb128 0xb
 3180 028e 39       		.uleb128 0x39
 3181 028f 0B       		.uleb128 0xb
 3182 0290 27       		.uleb128 0x27
 3183 0291 19       		.uleb128 0x19
 3184 0292 49       		.uleb128 0x49
 3185 0293 13       		.uleb128 0x13
 3186 0294 3C       		.uleb128 0x3c
 3187 0295 19       		.uleb128 0x19
 3188 0296 01       		.uleb128 0x1
 3189 0297 13       		.uleb128 0x13
 3190 0298 00       		.byte	0
 3191 0299 00       		.byte	0
 3192 029a 2D       		.uleb128 0x2d
ARM GAS  C:\Users\PUBLIC~1.LAP\AppData\Local\Temp\ccSvJTCD.s 			page 57


 3193 029b 2E       		.uleb128 0x2e
 3194 029c 00       		.byte	0
 3195 029d 3F       		.uleb128 0x3f
 3196 029e 19       		.uleb128 0x19
 3197 029f 03       		.uleb128 0x3
 3198 02a0 0E       		.uleb128 0xe
 3199 02a1 3A       		.uleb128 0x3a
 3200 02a2 0B       		.uleb128 0xb
 3201 02a3 3B       		.uleb128 0x3b
 3202 02a4 0B       		.uleb128 0xb
 3203 02a5 39       		.uleb128 0x39
 3204 02a6 0B       		.uleb128 0xb
 3205 02a7 27       		.uleb128 0x27
 3206 02a8 19       		.uleb128 0x19
 3207 02a9 3C       		.uleb128 0x3c
 3208 02aa 19       		.uleb128 0x19
 3209 02ab 00       		.byte	0
 3210 02ac 00       		.byte	0
 3211 02ad 2E       		.uleb128 0x2e
 3212 02ae 2E       		.uleb128 0x2e
 3213 02af 00       		.byte	0
 3214 02b0 3F       		.uleb128 0x3f
 3215 02b1 19       		.uleb128 0x19
 3216 02b2 03       		.uleb128 0x3
 3217 02b3 0E       		.uleb128 0xe
 3218 02b4 3A       		.uleb128 0x3a
 3219 02b5 0B       		.uleb128 0xb
 3220 02b6 3B       		.uleb128 0x3b
 3221 02b7 05       		.uleb128 0x5
 3222 02b8 39       		.uleb128 0x39
 3223 02b9 0B       		.uleb128 0xb
 3224 02ba 27       		.uleb128 0x27
 3225 02bb 19       		.uleb128 0x19
 3226 02bc 3C       		.uleb128 0x3c
 3227 02bd 19       		.uleb128 0x19
 3228 02be 00       		.byte	0
 3229 02bf 00       		.byte	0
 3230 02c0 2F       		.uleb128 0x2f
 3231 02c1 0B       		.uleb128 0xb
 3232 02c2 01       		.byte	0x1
 3233 02c3 00       		.byte	0
 3234 02c4 00       		.byte	0
 3235 02c5 30       		.uleb128 0x30
 3236 02c6 2E       		.uleb128 0x2e
 3237 02c7 00       		.byte	0
 3238 02c8 3F       		.uleb128 0x3f
 3239 02c9 19       		.uleb128 0x19
 3240 02ca 03       		.uleb128 0x3
 3241 02cb 0E       		.uleb128 0xe
 3242 02cc 3A       		.uleb128 0x3a
 3243 02cd 0B       		.uleb128 0xb
 3244 02ce 3B       		.uleb128 0x3b
 3245 02cf 05       		.uleb128 0x5
 3246 02d0 39       		.uleb128 0x39
 3247 02d1 0B       		.uleb128 0xb
 3248 02d2 27       		.uleb128 0x27
 3249 02d3 19       		.uleb128 0x19
ARM GAS  C:\Users\PUBLIC~1.LAP\AppData\Local\Temp\ccSvJTCD.s 			page 58


 3250 02d4 00       		.byte	0
 3251 02d5 00       		.byte	0
 3252 02d6 31       		.uleb128 0x31
 3253 02d7 2E       		.uleb128 0x2e
 3254 02d8 01       		.byte	0x1
 3255 02d9 03       		.uleb128 0x3
 3256 02da 0E       		.uleb128 0xe
 3257 02db 3A       		.uleb128 0x3a
 3258 02dc 0B       		.uleb128 0xb
 3259 02dd 3B       		.uleb128 0x3b
 3260 02de 0B       		.uleb128 0xb
 3261 02df 39       		.uleb128 0x39
 3262 02e0 0B       		.uleb128 0xb
 3263 02e1 27       		.uleb128 0x27
 3264 02e2 19       		.uleb128 0x19
 3265 02e3 01       		.uleb128 0x1
 3266 02e4 13       		.uleb128 0x13
 3267 02e5 00       		.byte	0
 3268 02e6 00       		.byte	0
 3269 02e7 32       		.uleb128 0x32
 3270 02e8 05       		.uleb128 0x5
 3271 02e9 00       		.byte	0
 3272 02ea 03       		.uleb128 0x3
 3273 02eb 08       		.uleb128 0x8
 3274 02ec 3A       		.uleb128 0x3a
 3275 02ed 0B       		.uleb128 0xb
 3276 02ee 3B       		.uleb128 0x3b
 3277 02ef 0B       		.uleb128 0xb
 3278 02f0 39       		.uleb128 0x39
 3279 02f1 0B       		.uleb128 0xb
 3280 02f2 49       		.uleb128 0x49
 3281 02f3 13       		.uleb128 0x13
 3282 02f4 00       		.byte	0
 3283 02f5 00       		.byte	0
 3284 02f6 33       		.uleb128 0x33
 3285 02f7 2E       		.uleb128 0x2e
 3286 02f8 01       		.byte	0x1
 3287 02f9 03       		.uleb128 0x3
 3288 02fa 0E       		.uleb128 0xe
 3289 02fb 3A       		.uleb128 0x3a
 3290 02fc 0B       		.uleb128 0xb
 3291 02fd 3B       		.uleb128 0x3b
 3292 02fe 05       		.uleb128 0x5
 3293 02ff 39       		.uleb128 0x39
 3294 0300 0B       		.uleb128 0xb
 3295 0301 27       		.uleb128 0x27
 3296 0302 19       		.uleb128 0x19
 3297 0303 49       		.uleb128 0x49
 3298 0304 13       		.uleb128 0x13
 3299 0305 01       		.uleb128 0x1
 3300 0306 13       		.uleb128 0x13
 3301 0307 00       		.byte	0
 3302 0308 00       		.byte	0
 3303 0309 00       		.byte	0
 3304              		.section	.gnu.debuglto_.debug_line,"e",%progbits
 3305              	.Ldebug_line0:
 3306 0000 D4000000 		.4byte	.LELT0-.LSLT0
ARM GAS  C:\Users\PUBLIC~1.LAP\AppData\Local\Temp\ccSvJTCD.s 			page 59


 3307              	.LSLT0:
 3308 0004 0500     		.2byte	0x5
 3309 0006 04       		.byte	0x4
 3310 0007 00       		.byte	0
 3311 0008 CC000000 		.4byte	.LELTP0-.LASLTP0
 3312              	.LASLTP0:
 3313 000c 01       		.byte	0x1
 3314 000d 01       		.byte	0x1
 3315 000e 01       		.byte	0x1
 3316 000f F6       		.byte	0xf6
 3317 0010 F2       		.byte	0xf2
 3318 0011 0D       		.byte	0xd
 3319 0012 00       		.byte	0
 3320 0013 01       		.byte	0x1
 3321 0014 01       		.byte	0x1
 3322 0015 01       		.byte	0x1
 3323 0016 01       		.byte	0x1
 3324 0017 00       		.byte	0
 3325 0018 00       		.byte	0
 3326 0019 00       		.byte	0
 3327 001a 01       		.byte	0x1
 3328 001b 00       		.byte	0
 3329 001c 00       		.byte	0
 3330 001d 01       		.byte	0x1
 3331 001e 01       		.byte	0x1
 3332 001f 01       		.uleb128 0x1
 3333 0020 1F       		.uleb128 0x1f
 3334 0021 0E       		.uleb128 0xe
 3335 0022 39030000 		.4byte	.LASF262
 3336 0026 72010000 		.4byte	.LASF263
 3337 002a 21020000 		.4byte	.LASF264
 3338 002e 58000000 		.4byte	.LASF265
 3339 0032 D1000000 		.4byte	.LASF266
 3340 0036 6F030000 		.4byte	.LASF267
 3341 003a CE030000 		.4byte	.LASF268
 3342 003e A7020000 		.4byte	.LASF269
 3343 0042 11030000 		.4byte	.LASF270
 3344 0046 09010000 		.4byte	.LASF271
 3345 004a 69020000 		.4byte	.LASF272
 3346 004e 9A000000 		.4byte	.LASF273
 3347 0052 48010000 		.4byte	.LASF274
 3348 0056 1F000000 		.4byte	.LASF275
 3349 005a 02       		.byte	0x2
 3350 005b 01       		.uleb128 0x1
 3351 005c 1F       		.uleb128 0x1f
 3352 005d 02       		.uleb128 0x2
 3353 005e 0B       		.uleb128 0xb
 3354 005f 18       		.uleb128 0x18
 3355 0060 C2010000 		.4byte	.LASF276
 3356 0064 00       		.byte	0
 3357 0065 D7020000 		.4byte	.LASF277
 3358 0069 0D       		.byte	0xd
 3359 006a 00000000 		.4byte	.LASF278
 3360 006e 0A       		.byte	0xa
 3361 006f 0F020000 		.4byte	.LASF279
 3362 0073 0B       		.byte	0xb
 3363 0074 05020000 		.4byte	.LASF280
ARM GAS  C:\Users\PUBLIC~1.LAP\AppData\Local\Temp\ccSvJTCD.s 			page 60


 3364 0078 04       		.byte	0x4
 3365 0079 BA030000 		.4byte	.LASF281
 3366 007d 09       		.byte	0x9
 3367 007e 9B020000 		.4byte	.LASF282
 3368 0082 09       		.byte	0x9
 3369 0083 EB020000 		.4byte	.LASF283
 3370 0087 09       		.byte	0x9
 3371 0088 C4030000 		.4byte	.LASF284
 3372 008c 09       		.byte	0x9
 3373 008d F4010000 		.4byte	.LASF285
 3374 0091 09       		.byte	0x9
 3375 0092 B0030000 		.4byte	.LASF286
 3376 0096 09       		.byte	0x9
 3377 0097 E0020000 		.4byte	.LASF287
 3378 009b 01       		.byte	0x1
 3379 009c C8000000 		.4byte	.LASF288
 3380 00a0 05       		.byte	0x5
 3381 00a1 34010000 		.4byte	.LASF289
 3382 00a5 09       		.byte	0x9
 3383 00a6 FD010000 		.4byte	.LASF290
 3384 00aa 09       		.byte	0x9
 3385 00ab 07030000 		.4byte	.LASF291
 3386 00af 06       		.byte	0x6
 3387 00b0 11000000 		.4byte	.LASF292
 3388 00b4 02       		.byte	0x2
 3389 00b5 F4020000 		.4byte	.LASF293
 3390 00b9 08       		.byte	0x8
 3391 00ba 3C010000 		.4byte	.LASF294
 3392 00be 09       		.byte	0x9
 3393 00bf B9010000 		.4byte	.LASF295
 3394 00c3 0C       		.byte	0xc
 3395 00c4 FE020000 		.4byte	.LASF296
 3396 00c8 09       		.byte	0x9
 3397 00c9 62020000 		.4byte	.LASF297
 3398 00cd 07       		.byte	0x7
 3399 00ce 19020000 		.4byte	.LASF298
 3400 00d2 09       		.byte	0x9
 3401 00d3 A4030000 		.4byte	.LASF299
 3402 00d7 03       		.byte	0x3
 3403              	.LELTP0:
 3404              	.LELT0:
 3405              		.section	.gnu.debuglto_.debug_str,"eMS",%progbits,1
 3406              	.LASF75:
 3407 0000 63685F64 		.ascii	"ch_delta_list_t\000"
 3407      656C7461 
 3407      5F6C6973 
 3407      745F7400 
 3408              	.LASF4:
 3409 0010 73697A65 		.ascii	"size_t\000"
 3409      5F7400
 3410              	.LASF171:
 3411 0017 74786C61 		.ascii	"txlastpktlen\000"
 3411      7374706B 
 3411      746C656E 
 3411      00
 3412              	.LASF101:
 3413 0024 77747365 		.ascii	"wtsemp\000"
ARM GAS  C:\Users\PUBLIC~1.LAP\AppData\Local\Temp\ccSvJTCD.s 			page 61


 3413      6D7000
 3414              	.LASF64:
 3415 002b 73797374 		.ascii	"systime_t\000"
 3415      696D655F 
 3415      7400
 3416              	.LASF213:
 3417 0035 7573625F 		.ascii	"usb_lld_stop\000"
 3417      6C6C645F 
 3417      73746F70 
 3417      00
 3418              	.LASF34:
 3419 0042 6F776E65 		.ascii	"owner\000"
 3419      7200
 3420              	.LASF27:
 3421 0048 74707269 		.ascii	"tprio_t\000"
 3421      6F5F7400 
 3422              	.LASF19:
 3423 0050 696E7433 		.ascii	"int32_t\000"
 3423      325F7400 
 3424              	.LASF212:
 3425 0058 63685468 		.ascii	"chThdResumeI\000"
 3425      64526573 
 3425      756D6549 
 3425      00
 3426              	.LASF226:
 3427 0065 75736253 		.ascii	"usbStallTransmitI\000"
 3427      74616C6C 
 3427      5472616E 
 3427      736D6974 
 3427      4900
 3428              	.LASF86:
 3429 0077 63685F76 		.ascii	"ch_virtual_timers_list\000"
 3429      69727475 
 3429      616C5F74 
 3429      696D6572 
 3429      735F6C69 
 3430              	.LASF231:
 3431 008e 75736253 		.ascii	"usbStartReceiveI\000"
 3431      74617274 
 3431      52656365 
 3431      69766549 
 3431      00
 3432              	.LASF198:
 3433 009f 7573625F 		.ascii	"usb_lld_clear_out\000"
 3433      6C6C645F 
 3433      636C6561 
 3433      725F6F75 
 3433      7400
 3434              	.LASF201:
 3435 00b1 7573625F 		.ascii	"usb_lld_get_status_in\000"
 3435      6C6C645F 
 3435      6765745F 
 3435      73746174 
 3435      75735F69 
 3436              	.LASF92:
 3437 00c7 72656769 		.ascii	"registry_t\000"
 3437      73747279 
ARM GAS  C:\Users\PUBLIC~1.LAP\AppData\Local\Temp\ccSvJTCD.s 			page 62


 3437      5F7400
 3438              	.LASF220:
 3439 00d2 5F5F6675 		.ascii	"__func__\000"
 3439      6E635F5F 
 3439      00
 3440              	.LASF242:
 3441 00db 6F73616C 		.ascii	"osalThreadSuspendS\000"
 3441      54687265 
 3441      61645375 
 3441      7370656E 
 3441      645300
 3442              	.LASF55:
 3443 00ee 636F6E66 		.ascii	"config\000"
 3443      696700
 3444              	.LASF38:
 3445 00f5 73746174 		.ascii	"state\000"
 3445      6500
 3446              	.LASF178:
 3447 00fb 65705F6D 		.ascii	"ep_mode\000"
 3447      6F646500 
 3448              	.LASF58:
 3449 0103 63685F72 		.ascii	"ch_rfcu\000"
 3449      66637500 
 3450              	.LASF136:
 3451 010b 5553425F 		.ascii	"USB_ACTIVE\000"
 3451      41435449 
 3451      564500
 3452              	.LASF210:
 3453 0116 7573625F 		.ascii	"usb_lld_init_endpoint\000"
 3453      6C6C645F 
 3453      696E6974 
 3453      5F656E64 
 3453      706F696E 
 3454              	.LASF218:
 3455 012c 5F757362 		.ascii	"_usb_ep0out\000"
 3455      5F657030 
 3455      6F757400 
 3456              	.LASF245:
 3457 0138 6F73616C 		.ascii	"osalSysLockFromISR\000"
 3457      5379734C 
 3457      6F636B46 
 3457      726F6D49 
 3457      535200
 3458              	.LASF90:
 3459 014b 63685F72 		.ascii	"ch_registry\000"
 3459      65676973 
 3459      74727900 
 3460              	.LASF74:
 3461 0157 7072696F 		.ascii	"prio\000"
 3461      00
 3462              	.LASF246:
 3463 015c 6F73616C 		.ascii	"osalSysUnlock\000"
 3463      53797355 
 3463      6E6C6F63 
 3463      6B00
 3464              	.LASF241:
 3465 016a 6F73616C 		.ascii	"osalThreadResumeI\000"
ARM GAS  C:\Users\PUBLIC~1.LAP\AppData\Local\Temp\ccSvJTCD.s 			page 63


 3465      54687265 
 3465      61645265 
 3465      73756D65 
 3465      4900
 3466              	.LASF97:
 3467 017c 65786974 		.ascii	"exitcode\000"
 3467      636F6465 
 3467      00
 3468              	.LASF150:
 3469 0185 75736265 		.ascii	"usbep0state_t\000"
 3469      70307374 
 3469      6174655F 
 3469      7400
 3470              	.LASF5:
 3471 0193 5F5F7569 		.ascii	"__uint8_t\000"
 3471      6E74385F 
 3471      7400
 3472              	.LASF88:
 3473 019d 73797374 		.ascii	"systime\000"
 3473      696D6500 
 3474              	.LASF142:
 3475 01a5 75736265 		.ascii	"usbepstatus_t\000"
 3475      70737461 
 3475      7475735F 
 3475      7400
 3476              	.LASF152:
 3477 01b3 5553425F 		.ascii	"USB_EVENT_ADDRESS\000"
 3477      4556454E 
 3477      545F4144 
 3477      44524553 
 3477      5300
 3478              	.LASF235:
 3479 01c5 75736253 		.ascii	"usbStop\000"
 3479      746F7000 
 3480              	.LASF11:
 3481 01cd 6C6F6E67 		.ascii	"long int\000"
 3481      20696E74 
 3481      00
 3482              	.LASF254:
 3483 01d6 706F7274 		.ascii	"port_unlock\000"
 3483      5F756E6C 
 3483      6F636B00 
 3484              	.LASF168:
 3485 01e2 7478636E 		.ascii	"txcnt\000"
 3485      7400
 3486              	.LASF249:
 3487 01e8 63685379 		.ascii	"chSysLockFromISR\000"
 3487      734C6F63 
 3487      6B46726F 
 3487      6D495352 
 3487      00
 3488              	.LASF25:
 3489 01f9 74737461 		.ascii	"tstate_t\000"
 3489      74655F74 
 3489      00
 3490              	.LASF143:
 3491 0202 5553425F 		.ascii	"USB_EP0_STP_WAITING\000"
ARM GAS  C:\Users\PUBLIC~1.LAP\AppData\Local\Temp\ccSvJTCD.s 			page 64


 3491      4550305F 
 3491      5354505F 
 3491      57414954 
 3491      494E4700 
 3492              	.LASF43:
 3493 0216 6570656E 		.ascii	"epending\000"
 3493      64696E67 
 3493      00
 3494              	.LASF183:
 3495 021f 6F75745F 		.ascii	"out_maxsize\000"
 3495      6D617873 
 3495      697A6500 
 3496              	.LASF66:
 3497 022b 63685F6C 		.ascii	"ch_list_t\000"
 3497      6973745F 
 3497      7400
 3498              	.LASF169:
 3499 0235 74786275 		.ascii	"txbuf\000"
 3499      6600
 3500              	.LASF237:
 3501 023b 7573624F 		.ascii	"usbObjectInit\000"
 3501      626A6563 
 3501      74496E69 
 3501      7400
 3502              	.LASF67:
 3503 0249 63685F6C 		.ascii	"ch_list\000"
 3503      69737400 
 3504              	.LASF52:
 3505 0251 7265676C 		.ascii	"reglist\000"
 3505      69737400 
 3506              	.LASF196:
 3507 0259 68616C74 		.ascii	"halted_status\000"
 3507      65645F73 
 3507      74617475 
 3507      7300
 3508              	.LASF137:
 3509 0267 5553425F 		.ascii	"USB_SUSPENDED\000"
 3509      53555350 
 3509      454E4445 
 3509      4400
 3510              	.LASF239:
 3511 0275 6765745F 		.ascii	"get_hword\000"
 3511      68776F72 
 3511      6400
 3512              	.LASF247:
 3513 027f 6F73616C 		.ascii	"osalSysLock\000"
 3513      5379734C 
 3513      6F636B00 
 3514              	.LASF3:
 3515 028b 7369676E 		.ascii	"signed char\000"
 3515      65642063 
 3515      68617200 
 3516              	.LASF103:
 3517 0297 65776D61 		.ascii	"ewmask\000"
 3517      736B00
 3518              	.LASF17:
 3519 029e 75696E74 		.ascii	"uint8_t\000"
ARM GAS  C:\Users\PUBLIC~1.LAP\AppData\Local\Temp\ccSvJTCD.s 			page 65


 3519      385F7400 
 3520              	.LASF223:
 3521 02a6 5F757362 		.ascii	"_usb_suspend\000"
 3521      5F737573 
 3521      70656E64 
 3521      00
 3522              	.LASF157:
 3523 02b3 5553425F 		.ascii	"USB_EVENT_STALLED\000"
 3523      4556454E 
 3523      545F5354 
 3523      414C4C45 
 3523      4400
 3524              	.LASF141:
 3525 02c5 45505F53 		.ascii	"EP_STATUS_ACTIVE\000"
 3525      54415455 
 3525      535F4143 
 3525      54495645 
 3525      00
 3526              	.LASF31:
 3527 02d6 636F7265 		.ascii	"core_id_t\000"
 3527      5F69645F 
 3527      7400
 3528              	.LASF29:
 3529 02e0 6576656E 		.ascii	"eventmask_t\000"
 3529      746D6173 
 3529      6B5F7400 
 3530              	.LASF173:
 3531 02ec 72787369 		.ascii	"rxsize\000"
 3531      7A6500
 3532              	.LASF99:
 3533 02f3 77747472 		.ascii	"wttrp\000"
 3533      7000
 3534              	.LASF248:
 3535 02f9 63685379 		.ascii	"chSysUnlockFromISR\000"
 3535      73556E6C 
 3535      6F636B46 
 3535      726F6D49 
 3535      535200
 3536              	.LASF6:
 3537 030c 756E7369 		.ascii	"unsigned char\000"
 3537      676E6564 
 3537      20636861 
 3537      7200
 3538              	.LASF149:
 3539 031a 5553425F 		.ascii	"USB_EP0_ERROR\000"
 3539      4550305F 
 3539      4552524F 
 3539      5200
 3540              	.LASF62:
 3541 0328 70616E69 		.ascii	"panic_msg\000"
 3541      635F6D73 
 3541      6700
 3542              	.LASF121:
 3543 0332 65703073 		.ascii	"ep0state\000"
 3543      74617465 
 3543      00
 3544              	.LASF63:
ARM GAS  C:\Users\PUBLIC~1.LAP\AppData\Local\Temp\ccSvJTCD.s 			page 66


 3545 033b 73797374 		.ascii	"system_debug_t\000"
 3545      656D5F64 
 3545      65627567 
 3545      5F7400
 3546              	.LASF191:
 3547 034a 72657175 		.ascii	"requests_hook_cb\000"
 3547      65737473 
 3547      5F686F6F 
 3547      6B5F6362 
 3547      00
 3548              	.LASF78:
 3549 035b 5F426F6F 		.ascii	"_Bool\000"
 3549      6C00
 3550              	.LASF202:
 3551 0361 7573625F 		.ascii	"usb_lld_read_setup\000"
 3551      6C6C645F 
 3551      72656164 
 3551      5F736574 
 3551      757000
 3552              	.LASF16:
 3553 0374 63686172 		.ascii	"char\000"
 3553      00
 3554              	.LASF123:
 3555 0379 6570306E 		.ascii	"ep0n\000"
 3555      00
 3556              	.LASF118:
 3557 037e 72656365 		.ascii	"receiving\000"
 3557      6976696E 
 3557      6700
 3558              	.LASF8:
 3559 0388 5F5F7569 		.ascii	"__uint16_t\000"
 3559      6E743136 
 3559      5F7400
 3560              	.LASF116:
 3561 0393 55534244 		.ascii	"USBDriver\000"
 3561      72697665 
 3561      7200
 3562              	.LASF98:
 3563 039d 77746F62 		.ascii	"wtobjp\000"
 3563      6A7000
 3564              	.LASF258:
 3565 03a4 474E5520 		.ascii	"GNU C17 12.2.0 -mcpu=cortex-m0 -mthumb -mfloat-abi="
 3565      43313720 
 3565      31322E32 
 3565      2E30202D 
 3565      6D637075 
 3566 03d7 736F6674 		.ascii	"soft -march=armv6s-m -ggdb -Os -fomit-frame-pointer"
 3566      202D6D61 
 3566      7263683D 
 3566      61726D76 
 3566      36732D6D 
 3567 040a 202D6661 		.ascii	" -falign-functions=16 -ffunction-sections -fdata-se"
 3567      6C69676E 
 3567      2D66756E 
 3567      6374696F 
 3567      6E733D31 
 3568 043d 6374696F 		.ascii	"ctions -fno-common -flto\000"
ARM GAS  C:\Users\PUBLIC~1.LAP\AppData\Local\Temp\ccSvJTCD.s 			page 67


 3568      6E73202D 
 3568      666E6F2D 
 3568      636F6D6D 
 3568      6F6E202D 
 3569              	.LASF179:
 3570 0456 73657475 		.ascii	"setup_cb\000"
 3570      705F6362 
 3570      00
 3571              	.LASF160:
 3572 045f 75645F73 		.ascii	"ud_string\000"
 3572      7472696E 
 3572      6700
 3573              	.LASF39:
 3574 0469 666C6167 		.ascii	"flags\000"
 3574      7300
 3575              	.LASF229:
 3576 046f 75736252 		.ascii	"usbReceive\000"
 3576      65636569 
 3576      766500
 3577              	.LASF180:
 3578 047a 696E5F63 		.ascii	"in_cb\000"
 3578      6200
 3579              	.LASF23:
 3580 0480 73746B61 		.ascii	"stkalign_t\000"
 3580      6C69676E 
 3580      5F7400
 3581              	.LASF53:
 3582 048b 636F7265 		.ascii	"core_id\000"
 3582      5F696400 
 3583              	.LASF232:
 3584 0493 75736244 		.ascii	"usbDisableEndpointsI\000"
 3584      69736162 
 3584      6C65456E 
 3584      64706F69 
 3584      6E747349 
 3585              	.LASF46:
 3586 04a8 6D706F6F 		.ascii	"mpool\000"
 3586      6C00
 3587              	.LASF164:
 3588 04ae 75736265 		.ascii	"usbeventcb_t\000"
 3588      76656E74 
 3588      63625F74 
 3588      00
 3589              	.LASF111:
 3590 04bb 6D61696E 		.ascii	"mainthread_end\000"
 3590      74687265 
 3590      61645F65 
 3590      6E6400
 3591              	.LASF257:
 3592 04ca 5F5F656E 		.ascii	"__enable_irq\000"
 3592      61626C65 
 3592      5F697271 
 3592      00
 3593              	.LASF117:
 3594 04d7 7472616E 		.ascii	"transmitting\000"
 3594      736D6974 
 3594      74696E67 
ARM GAS  C:\Users\PUBLIC~1.LAP\AppData\Local\Temp\ccSvJTCD.s 			page 68


 3594      00
 3595              	.LASF172:
 3596 04e4 55534249 		.ascii	"USBInEndpointState\000"
 3596      6E456E64 
 3596      706F696E 
 3596      74537461 
 3596      746500
 3597              	.LASF147:
 3598 04f7 5553425F 		.ascii	"USB_EP0_OUT_WAITING_STS\000"
 3598      4550305F 
 3598      4F55545F 
 3598      57414954 
 3598      494E475F 
 3599              	.LASF33:
 3600 050f 72717565 		.ascii	"rqueue\000"
 3600      756500
 3601              	.LASF195:
 3602 0516 61637469 		.ascii	"active_status\000"
 3602      76655F73 
 3602      74617475 
 3602      7300
 3603              	.LASF30:
 3604 0524 636E745F 		.ascii	"cnt_t\000"
 3604      7400
 3605              	.LASF161:
 3606 052a 55534244 		.ascii	"USBDescriptor\000"
 3606      65736372 
 3606      6970746F 
 3606      7200
 3607              	.LASF227:
 3608 0538 75736253 		.ascii	"usbStallReceiveI\000"
 3608      74616C6C 
 3608      52656365 
 3608      69766549 
 3608      00
 3609              	.LASF125:
 3610 0549 73657475 		.ascii	"setup\000"
 3610      7000
 3611              	.LASF102:
 3612 054f 77746D74 		.ascii	"wtmtxp\000"
 3612      787000
 3613              	.LASF158:
 3614 0556 75736265 		.ascii	"usbevent_t\000"
 3614      76656E74 
 3614      5F7400
 3615              	.LASF106:
 3616 0561 63685F72 		.ascii	"ch_ready_list\000"
 3616      65616479 
 3616      5F6C6973 
 3616      7400
 3617              	.LASF49:
 3618 056f 63685F6F 		.ascii	"ch_os_instance\000"
 3618      735F696E 
 3618      7374616E 
 3618      636500
 3619              	.LASF144:
 3620 057e 5553425F 		.ascii	"USB_EP0_IN_TX\000"
ARM GAS  C:\Users\PUBLIC~1.LAP\AppData\Local\Temp\ccSvJTCD.s 			page 69


 3620      4550305F 
 3620      494E5F54 
 3620      5800
 3621              	.LASF159:
 3622 058c 75645F73 		.ascii	"ud_size\000"
 3622      697A6500 
 3623              	.LASF135:
 3624 0594 5553425F 		.ascii	"USB_SELECTED\000"
 3624      53454C45 
 3624      43544544 
 3624      00
 3625              	.LASF128:
 3626 05a1 636F6E66 		.ascii	"configuration\000"
 3626      69677572 
 3626      6174696F 
 3626      6E00
 3627              	.LASF140:
 3628 05af 45505F53 		.ascii	"EP_STATUS_STALLED\000"
 3628      54415455 
 3628      535F5354 
 3628      414C4C45 
 3628      4400
 3629              	.LASF244:
 3630 05c1 6F73616C 		.ascii	"osalSysUnlockFromISR\000"
 3630      53797355 
 3630      6E6C6F63 
 3630      6B46726F 
 3630      6D495352 
 3631              	.LASF14:
 3632 05d6 5F5F7569 		.ascii	"__uint64_t\000"
 3632      6E743634 
 3632      5F7400
 3633              	.LASF250:
 3634 05e1 63685379 		.ascii	"chSysUnlock\000"
 3634      73556E6C 
 3634      6F636B00 
 3635              	.LASF13:
 3636 05ed 6C6F6E67 		.ascii	"long unsigned int\000"
 3636      20756E73 
 3636      69676E65 
 3636      6420696E 
 3636      7400
 3637              	.LASF69:
 3638 05ff 63685F71 		.ascii	"ch_queue_t\000"
 3638      75657565 
 3638      5F7400
 3639              	.LASF251:
 3640 060a 63685379 		.ascii	"chSysLock\000"
 3640      734C6F63 
 3640      6B00
 3641              	.LASF57:
 3642 0614 72666375 		.ascii	"rfcu_mask_t\000"
 3642      5F6D6173 
 3642      6B5F7400 
 3643              	.LASF126:
 3644 0620 73746174 		.ascii	"status\000"
 3644      757300
ARM GAS  C:\Users\PUBLIC~1.LAP\AppData\Local\Temp\ccSvJTCD.s 			page 70


 3645              	.LASF194:
 3646 0627 7A65726F 		.ascii	"zero_status\000"
 3646      5F737461 
 3646      74757300 
 3647              	.LASF127:
 3648 0633 61646472 		.ascii	"address\000"
 3648      65737300 
 3649              	.LASF104:
 3650 063b 63685F73 		.ascii	"ch_semaphore\000"
 3650      656D6170 
 3650      686F7265 
 3650      00
 3651              	.LASF124:
 3652 0648 65703065 		.ascii	"ep0endcb\000"
 3652      6E646362 
 3652      00
 3653              	.LASF48:
 3654 0651 63685F74 		.ascii	"ch_thread\000"
 3654      68726561 
 3654      6400
 3655              	.LASF89:
 3656 065b 76697274 		.ascii	"virtual_timers_list_t\000"
 3656      75616C5F 
 3656      74696D65 
 3656      72735F6C 
 3656      6973745F 
 3657              	.LASF217:
 3658 0671 75736270 		.ascii	"usbp\000"
 3658      00
 3659              	.LASF108:
 3660 0676 72656164 		.ascii	"ready_list_t\000"
 3660      795F6C69 
 3660      73745F74 
 3660      00
 3661              	.LASF146:
 3662 0683 5553425F 		.ascii	"USB_EP0_IN_SENDING_STS\000"
 3662      4550305F 
 3662      494E5F53 
 3662      454E4449 
 3662      4E475F53 
 3663              	.LASF167:
 3664 069a 74787369 		.ascii	"txsize\000"
 3664      7A6500
 3665              	.LASF45:
 3666 06a1 7265616C 		.ascii	"realprio\000"
 3666      7072696F 
 3666      00
 3667              	.LASF174:
 3668 06aa 7278636E 		.ascii	"rxcnt\000"
 3668      7400
 3669              	.LASF37:
 3670 06b0 7761656E 		.ascii	"waend\000"
 3670      6400
 3671              	.LASF138:
 3672 06b6 75736273 		.ascii	"usbstate_t\000"
 3672      74617465 
 3672      5F7400
ARM GAS  C:\Users\PUBLIC~1.LAP\AppData\Local\Temp\ccSvJTCD.s 			page 71


 3673              	.LASF60:
 3674 06c1 72666375 		.ascii	"rfcu_t\000"
 3674      5F7400
 3675              	.LASF256:
 3676 06c8 5F5F6469 		.ascii	"__disable_irq\000"
 3676      7361626C 
 3676      655F6972 
 3676      7100
 3677              	.LASF206:
 3678 06d6 63685468 		.ascii	"chThdSuspendTimeoutS\000"
 3678      64537573 
 3678      70656E64 
 3678      54696D65 
 3678      6F757453 
 3679              	.LASF205:
 3680 06eb 7573625F 		.ascii	"usb_lld_stall_out\000"
 3680      6C6C645F 
 3680      7374616C 
 3680      6C5F6F75 
 3680      7400
 3681              	.LASF221:
 3682 06fd 5F757362 		.ascii	"_usb_ep0setup\000"
 3682      5F657030 
 3682      73657475 
 3682      7000
 3683              	.LASF175:
 3684 070b 72786275 		.ascii	"rxbuf\000"
 3684      6600
 3685              	.LASF215:
 3686 0711 63685363 		.ascii	"chSchRescheduleS\000"
 3686      68526573 
 3686      63686564 
 3686      756C6553 
 3686      00
 3687              	.LASF184:
 3688 0722 696E5F73 		.ascii	"in_state\000"
 3688      74617465 
 3688      00
 3689              	.LASF156:
 3690 072b 5553425F 		.ascii	"USB_EVENT_WAKEUP\000"
 3690      4556454E 
 3690      545F5741 
 3690      4B455550 
 3690      00
 3691              	.LASF12:
 3692 073c 5F5F7569 		.ascii	"__uint32_t\000"
 3692      6E743332 
 3692      5F7400
 3693              	.LASF189:
 3694 0747 6576656E 		.ascii	"event_cb\000"
 3694      745F6362 
 3694      00
 3695              	.LASF44:
 3696 0750 6D74786C 		.ascii	"mtxlist\000"
 3696      69737400 
 3697              	.LASF1:
 3698 0758 6C6F6E67 		.ascii	"long long int\000"
ARM GAS  C:\Users\PUBLIC~1.LAP\AppData\Local\Temp\ccSvJTCD.s 			page 72


 3698      206C6F6E 
 3698      6720696E 
 3698      7400
 3699              	.LASF134:
 3700 0766 5553425F 		.ascii	"USB_READY\000"
 3700      52454144 
 3700      5900
 3701              	.LASF225:
 3702 0770 75736257 		.ascii	"usbWakeupHost\000"
 3702      616B6575 
 3702      70486F73 
 3702      7400
 3703              	.LASF65:
 3704 077e 73797369 		.ascii	"sysinterval_t\000"
 3704      6E746572 
 3704      76616C5F 
 3704      7400
 3705              	.LASF253:
 3706 078c 706F7274 		.ascii	"port_lock_from_isr\000"
 3706      5F6C6F63 
 3706      6B5F6672 
 3706      6F6D5F69 
 3706      737200
 3707              	.LASF72:
 3708 079f 63685F70 		.ascii	"ch_priority_queue_t\000"
 3708      72696F72 
 3708      6974795F 
 3708      71756575 
 3708      655F7400 
 3709              	.LASF122:
 3710 07b3 6570306E 		.ascii	"ep0next\000"
 3710      65787400 
 3711              	.LASF79:
 3712 07bb 4F464653 		.ascii	"OFFSET_TAB_CHMRx\000"
 3712      45545F54 
 3712      41425F43 
 3712      484D5278 
 3712      00
 3713              	.LASF240:
 3714 07cc 7365745F 		.ascii	"set_address\000"
 3714      61646472 
 3714      65737300 
 3715              	.LASF59:
 3716 07d8 6D61736B 		.ascii	"mask\000"
 3716      00
 3717              	.LASF163:
 3718 07dd 75736265 		.ascii	"usbepcallback_t\000"
 3718      7063616C 
 3718      6C626163 
 3718      6B5F7400 
 3719              	.LASF0:
 3720 07ed 756E7369 		.ascii	"unsigned int\000"
 3720      676E6564 
 3720      20696E74 
 3720      00
 3721              	.LASF216:
 3722 07fa 7573625F 		.ascii	"usb_lld_init\000"
ARM GAS  C:\Users\PUBLIC~1.LAP\AppData\Local\Temp\ccSvJTCD.s 			page 73


 3722      6C6C645F 
 3722      696E6974 
 3722      00
 3723              	.LASF193:
 3724 0807 55534243 		.ascii	"USBConfig\000"
 3724      6F6E6669 
 3724      6700
 3725              	.LASF47:
 3726 0811 6F735F69 		.ascii	"os_instance_t\000"
 3726      6E737461 
 3726      6E63655F 
 3726      7400
 3727              	.LASF82:
 3728 081f 53484946 		.ascii	"SHIFT_TAB_CCxP\000"
 3728      545F5441 
 3728      425F4343 
 3728      785000
 3729              	.LASF204:
 3730 082e 7573625F 		.ascii	"usb_lld_stall_in\000"
 3730      6C6C645F 
 3730      7374616C 
 3730      6C5F696E 
 3730      00
 3731              	.LASF208:
 3732 083f 7573625F 		.ascii	"usb_lld_start_out\000"
 3732      6C6C645F 
 3732      73746172 
 3732      745F6F75 
 3732      7400
 3733              	.LASF187:
 3734 0851 73657475 		.ascii	"setup_buf\000"
 3734      705F6275 
 3734      6600
 3735              	.LASF107:
 3736 085b 63757272 		.ascii	"current\000"
 3736      656E7400 
 3737              	.LASF181:
 3738 0863 6F75745F 		.ascii	"out_cb\000"
 3738      636200
 3739              	.LASF260:
 3740 086a 443A5C30 		.ascii	"D:\\00a_liuhy\\temp126\\ChibiOS-Contrib\\demos\\ES3"
 3740      30615F6C 
 3740      69756879 
 3740      5C74656D 
 3740      70313236 
 3741 0898 325C4653 		.ascii	"2\\FS026\000"
 3741      30323600 
 3742              	.LASF94:
 3743 08a0 6C697374 		.ascii	"list\000"
 3743      00
 3744              	.LASF133:
 3745 08a5 5553425F 		.ascii	"USB_STOP\000"
 3745      53544F50 
 3745      00
 3746              	.LASF182:
 3747 08ae 696E5F6D 		.ascii	"in_maxsize\000"
 3747      61787369 
ARM GAS  C:\Users\PUBLIC~1.LAP\AppData\Local\Temp\ccSvJTCD.s 			page 74


 3747      7A6500
 3748              	.LASF76:
 3749 08b9 63685F64 		.ascii	"ch_delta_list\000"
 3749      656C7461 
 3749      5F6C6973 
 3749      7400
 3750              	.LASF87:
 3751 08c7 646C6973 		.ascii	"dlist\000"
 3751      7400
 3752              	.LASF81:
 3753 08cd 53484946 		.ascii	"SHIFT_TAB_ICxx\000"
 3753      545F5441 
 3753      425F4943 
 3753      787800
 3754              	.LASF203:
 3755 08dc 7573625F 		.ascii	"usb_lld_reset\000"
 3755      6C6C645F 
 3755      72657365 
 3755      7400
 3756              	.LASF197:
 3757 08ea 7573625F 		.ascii	"usb_lld_set_address\000"
 3757      6C6C645F 
 3757      7365745F 
 3757      61646472 
 3757      65737300 
 3758              	.LASF32:
 3759 08fe 74687265 		.ascii	"thread_t\000"
 3759      61645F74 
 3759      00
 3760              	.LASF186:
 3761 0907 65705F62 		.ascii	"ep_buffers\000"
 3761      75666665 
 3761      727300
 3762              	.LASF113:
 3763 0912 69646C65 		.ascii	"idlethread_end\000"
 3763      74687265 
 3763      61645F65 
 3763      6E6400
 3764              	.LASF2:
 3765 0921 6C6F6E67 		.ascii	"long double\000"
 3765      20646F75 
 3765      626C6500 
 3766              	.LASF93:
 3767 092d 74687265 		.ascii	"thread_reference_t\000"
 3767      61645F72 
 3767      65666572 
 3767      656E6365 
 3767      5F7400
 3768              	.LASF83:
 3769 0940 53484946 		.ascii	"SHIFT_TAB_OISx\000"
 3769      545F5441 
 3769      425F4F49 
 3769      537800
 3770              	.LASF100:
 3771 094f 73656E74 		.ascii	"sentmsg\000"
 3771      6D736700 
 3772              	.LASF84:
ARM GAS  C:\Users\PUBLIC~1.LAP\AppData\Local\Temp\ccSvJTCD.s 			page 75


 3773 0957 706F7274 		.ascii	"port_intctx\000"
 3773      5F696E74 
 3773      63747800 
 3774              	.LASF80:
 3775 0963 53484946 		.ascii	"SHIFT_TAB_OCxx\000"
 3775      545F5441 
 3775      425F4F43 
 3775      787800
 3776              	.LASF252:
 3777 0972 706F7274 		.ascii	"port_unlock_from_isr\000"
 3777      5F756E6C 
 3777      6F636B5F 
 3777      66726F6D 
 3777      5F697372 
 3778              	.LASF132:
 3779 0987 5553425F 		.ascii	"USB_UNINIT\000"
 3779      554E494E 
 3779      495400
 3780              	.LASF177:
 3781 0992 5553424F 		.ascii	"USBOutEndpointState\000"
 3781      7574456E 
 3781      64706F69 
 3781      6E745374 
 3781      61746500 
 3782              	.LASF261:
 3783 09a6 75736249 		.ascii	"usbInit\000"
 3783      6E697400 
 3784              	.LASF207:
 3785 09ae 7573625F 		.ascii	"usb_lld_start_in\000"
 3785      6C6C645F 
 3785      73746172 
 3785      745F696E 
 3785      00
 3786              	.LASF15:
 3787 09bf 6C6F6E67 		.ascii	"long long unsigned int\000"
 3787      206C6F6E 
 3787      6720756E 
 3787      7369676E 
 3787      65642069 
 3788              	.LASF209:
 3789 09d6 7573625F 		.ascii	"usb_lld_disable_endpoints\000"
 3789      6C6C645F 
 3789      64697361 
 3789      626C655F 
 3789      656E6470 
 3790              	.LASF18:
 3791 09f0 75696E74 		.ascii	"uint16_t\000"
 3791      31365F74 
 3791      00
 3792              	.LASF110:
 3793 09f9 6D61696E 		.ascii	"mainthread_base\000"
 3793      74687265 
 3793      61645F62 
 3793      61736500 
 3794              	.LASF28:
 3795 0a09 6D73675F 		.ascii	"msg_t\000"
 3795      7400
ARM GAS  C:\Users\PUBLIC~1.LAP\AppData\Local\Temp\ccSvJTCD.s 			page 76


 3796              	.LASF129:
 3797 0a0f 73617665 		.ascii	"saved_state\000"
 3797      645F7374 
 3797      61746500 
 3798              	.LASF77:
 3799 0a1b 64656C74 		.ascii	"delta\000"
 3799      6100
 3800              	.LASF22:
 3801 0a21 706F7274 		.ascii	"port_stkalign_t\000"
 3801      5F73746B 
 3801      616C6967 
 3801      6E5F7400 
 3802              	.LASF233:
 3803 0a31 75736249 		.ascii	"usbInitEndpointI\000"
 3803      6E697445 
 3803      6E64706F 
 3803      696E7449 
 3803      00
 3804              	.LASF40:
 3805 0a42 72656673 		.ascii	"refs\000"
 3805      00
 3806              	.LASF91:
 3807 0a47 71756575 		.ascii	"queue\000"
 3807      6500
 3808              	.LASF56:
 3809 0a4d 6D61696E 		.ascii	"mainthread\000"
 3809      74687265 
 3809      616400
 3810              	.LASF211:
 3811 0a58 6D656D73 		.ascii	"memset\000"
 3811      657400
 3812              	.LASF224:
 3813 0a5f 5F757362 		.ascii	"_usb_reset\000"
 3813      5F726573 
 3813      657400
 3814              	.LASF154:
 3815 0a6a 5553425F 		.ascii	"USB_EVENT_UNCONFIGURED\000"
 3815      4556454E 
 3815      545F554E 
 3815      434F4E46 
 3815      49475552 
 3816              	.LASF238:
 3817 0a81 64656661 		.ascii	"default_handler\000"
 3817      756C745F 
 3817      68616E64 
 3817      6C657200 
 3818              	.LASF36:
 3819 0a91 77616261 		.ascii	"wabase\000"
 3819      736500
 3820              	.LASF153:
 3821 0a98 5553425F 		.ascii	"USB_EVENT_CONFIGURED\000"
 3821      4556454E 
 3821      545F434F 
 3821      4E464947 
 3821      55524544 
 3822              	.LASF236:
 3823 0aad 75736253 		.ascii	"usbStart\000"
ARM GAS  C:\Users\PUBLIC~1.LAP\AppData\Local\Temp\ccSvJTCD.s 			page 77


 3823      74617274 
 3823      00
 3824              	.LASF188:
 3825 0ab6 55534245 		.ascii	"USBEndpointConfig\000"
 3825      6E64706F 
 3825      696E7443 
 3825      6F6E6669 
 3825      6700
 3826              	.LASF50:
 3827 0ac8 726C6973 		.ascii	"rlist\000"
 3827      7400
 3828              	.LASF145:
 3829 0ace 5553425F 		.ascii	"USB_EP0_IN_WAITING_TX0\000"
 3829      4550305F 
 3829      494E5F57 
 3829      41495449 
 3829      4E475F54 
 3830              	.LASF24:
 3831 0ae5 746D6F64 		.ascii	"tmode_t\000"
 3831      655F7400 
 3832              	.LASF130:
 3833 0aed 65706D65 		.ascii	"epmem_next\000"
 3833      6D5F6E65 
 3833      787400
 3834              	.LASF166:
 3835 0af8 75736267 		.ascii	"usbgetdescriptor_t\000"
 3835      65746465 
 3835      73637269 
 3835      70746F72 
 3835      5F7400
 3836              	.LASF95:
 3837 0b0b 70717565 		.ascii	"pqueue\000"
 3837      756500
 3838              	.LASF119:
 3839 0b12 696E5F70 		.ascii	"in_params\000"
 3839      6172616D 
 3839      7300
 3840              	.LASF243:
 3841 0b1c 6F73616C 		.ascii	"osalOsRescheduleS\000"
 3841      4F735265 
 3841      73636865 
 3841      64756C65 
 3841      5300
 3842              	.LASF170:
 3843 0b2e 74687265 		.ascii	"thread\000"
 3843      616400
 3844              	.LASF230:
 3845 0b35 75736253 		.ascii	"usbStartTransmitI\000"
 3845      74617274 
 3845      5472616E 
 3845      736D6974 
 3845      4900
 3846              	.LASF35:
 3847 0b47 6E616D65 		.ascii	"name\000"
 3847      00
 3848              	.LASF255:
 3849 0b4c 706F7274 		.ascii	"port_lock\000"
ARM GAS  C:\Users\PUBLIC~1.LAP\AppData\Local\Temp\ccSvJTCD.s 			page 78


 3849      5F6C6F63 
 3849      6B00
 3850              	.LASF228:
 3851 0b56 75736254 		.ascii	"usbTransmit\000"
 3851      72616E73 
 3851      6D697400 
 3852              	.LASF109:
 3853 0b62 63685F6F 		.ascii	"ch_os_instance_config\000"
 3853      735F696E 
 3853      7374616E 
 3853      63655F63 
 3853      6F6E6669 
 3854              	.LASF7:
 3855 0b78 73686F72 		.ascii	"short int\000"
 3855      7420696E 
 3855      7400
 3856              	.LASF114:
 3857 0b82 6F735F69 		.ascii	"os_instance_config_t\000"
 3857      6E737461 
 3857      6E63655F 
 3857      636F6E66 
 3857      69675F74 
 3858              	.LASF73:
 3859 0b97 63685F70 		.ascii	"ch_priority_queue\000"
 3859      72696F72 
 3859      6974795F 
 3859      71756575 
 3859      6500
 3860              	.LASF21:
 3861 0ba9 75696E74 		.ascii	"uint64_t\000"
 3861      36345F74 
 3861      00
 3862              	.LASF105:
 3863 0bb2 63685F6D 		.ascii	"ch_mutex\000"
 3863      75746578 
 3863      00
 3864              	.LASF151:
 3865 0bbb 5553425F 		.ascii	"USB_EVENT_RESET\000"
 3865      4556454E 
 3865      545F5245 
 3865      53455400 
 3866              	.LASF54:
 3867 0bcb 72666375 		.ascii	"rfcu\000"
 3867      00
 3868              	.LASF42:
 3869 0bd0 6D736771 		.ascii	"msgqueue\000"
 3869      75657565 
 3869      00
 3870              	.LASF61:
 3871 0bd9 63685F73 		.ascii	"ch_system_debug\000"
 3871      79737465 
 3871      6D5F6465 
 3871      62756700 
 3872              	.LASF200:
 3873 0be9 7573625F 		.ascii	"usb_lld_get_status_out\000"
 3873      6C6C645F 
 3873      6765745F 
ARM GAS  C:\Users\PUBLIC~1.LAP\AppData\Local\Temp\ccSvJTCD.s 			page 79


 3873      73746174 
 3873      75735F6F 
 3874              	.LASF259:
 3875 0c00 443A5C30 		.ascii	"D:\\00a_liuhy\\temp126\\ChibiOS/os/hal/src/hal_usb."
 3875      30615F6C 
 3875      69756879 
 3875      5C74656D 
 3875      70313236 
 3876 0c30 6300     		.ascii	"c\000"
 3877              	.LASF214:
 3878 0c32 7573625F 		.ascii	"usb_lld_start\000"
 3878      6C6C645F 
 3878      73746172 
 3878      7400
 3879              	.LASF70:
 3880 0c40 63685F71 		.ascii	"ch_queue\000"
 3880      75657565 
 3880      00
 3881              	.LASF165:
 3882 0c49 75736272 		.ascii	"usbreqhandler_t\000"
 3882      65716861 
 3882      6E646C65 
 3882      725F7400 
 3883              	.LASF162:
 3884 0c59 75736263 		.ascii	"usbcallback_t\000"
 3884      616C6C62 
 3884      61636B5F 
 3884      7400
 3885              	.LASF51:
 3886 0c67 76746C69 		.ascii	"vtlist\000"
 3886      737400
 3887              	.LASF41:
 3888 0c6e 77616974 		.ascii	"waiting\000"
 3888      696E6700 
 3889              	.LASF199:
 3890 0c76 7573625F 		.ascii	"usb_lld_clear_in\000"
 3890      6C6C645F 
 3890      636C6561 
 3890      725F696E 
 3890      00
 3891              	.LASF148:
 3892 0c87 5553425F 		.ascii	"USB_EP0_OUT_RX\000"
 3892      4550305F 
 3892      4F55545F 
 3892      525800
 3893              	.LASF115:
 3894 0c96 6D757465 		.ascii	"mutex_t\000"
 3894      785F7400 
 3895              	.LASF26:
 3896 0c9e 74726566 		.ascii	"trefs_t\000"
 3896      735F7400 
 3897              	.LASF85:
 3898 0ca6 706F7274 		.ascii	"port_context\000"
 3898      5F636F6E 
 3898      74657874 
 3898      00
 3899              	.LASF192:
ARM GAS  C:\Users\PUBLIC~1.LAP\AppData\Local\Temp\ccSvJTCD.s 			page 80


 3900 0cb3 736F665F 		.ascii	"sof_cb\000"
 3900      636200
 3901              	.LASF20:
 3902 0cba 75696E74 		.ascii	"uint32_t\000"
 3902      33325F74 
 3902      00
 3903              	.LASF185:
 3904 0cc3 6F75745F 		.ascii	"out_state\000"
 3904      73746174 
 3904      6500
 3905              	.LASF131:
 3906 0ccd 75736265 		.ascii	"usbep_t\000"
 3906      705F7400 
 3907              	.LASF222:
 3908 0cd5 5F757362 		.ascii	"_usb_wakeup\000"
 3908      5F77616B 
 3908      65757000 
 3909              	.LASF176:
 3910 0ce1 7278706B 		.ascii	"rxpkts\000"
 3910      747300
 3911              	.LASF96:
 3912 0ce8 7264796D 		.ascii	"rdymsg\000"
 3912      736700
 3913              	.LASF9:
 3914 0cef 73686F72 		.ascii	"short unsigned int\000"
 3914      7420756E 
 3914      7369676E 
 3914      65642069 
 3914      6E7400
 3915              	.LASF190:
 3916 0d02 6765745F 		.ascii	"get_descriptor_cb\000"
 3916      64657363 
 3916      72697074 
 3916      6F725F63 
 3916      6200
 3917              	.LASF155:
 3918 0d14 5553425F 		.ascii	"USB_EVENT_SUSPEND\000"
 3918      4556454E 
 3918      545F5355 
 3918      5350454E 
 3918      4400
 3919              	.LASF219:
 3920 0d26 5F757362 		.ascii	"_usb_ep0in\000"
 3920      5F657030 
 3920      696E00
 3921              	.LASF120:
 3922 0d31 6F75745F 		.ascii	"out_params\000"
 3922      70617261 
 3922      6D7300
 3923              	.LASF112:
 3924 0d3c 69646C65 		.ascii	"idlethread_base\000"
 3924      74687265 
 3924      61645F62 
 3924      61736500 
 3925              	.LASF139:
 3926 0d4c 45505F53 		.ascii	"EP_STATUS_DISABLED\000"
 3926      54415455 
ARM GAS  C:\Users\PUBLIC~1.LAP\AppData\Local\Temp\ccSvJTCD.s 			page 81


 3926      535F4449 
 3926      5341424C 
 3926      454400
 3927              	.LASF10:
 3928 0d5f 5F5F696E 		.ascii	"__int32_t\000"
 3928      7433325F 
 3928      7400
 3929              	.LASF234:
 3930 0d69 65706370 		.ascii	"epcp\000"
 3930      00
 3931              	.LASF68:
 3932 0d6e 6E657874 		.ascii	"next\000"
 3932      00
 3933              	.LASF71:
 3934 0d73 70726576 		.ascii	"prev\000"
 3934      00
 3935              		.section	.gnu.debuglto_.debug_line_str,"eMS",%progbits,1
 3936              	.LASF278:
 3937 0000 5F646566 		.ascii	"_default_types.h\000"
 3937      61756C74 
 3937      5F747970 
 3937      65732E68 
 3937      00
 3938              	.LASF292:
 3939 0011 68616C5F 		.ascii	"hal_usb_lld.h\000"
 3939      7573625F 
 3939      6C6C642E 
 3939      6800
 3940              	.LASF275:
 3941 001f 643A5C71 		.ascii	"d:\\qmk_msys\\mingw64\\lib\\gcc\\arm-none-eabi\\12."
 3941      6D6B5F6D 
 3941      7379735C 
 3941      6D696E67 
 3941      7736345C 
 3942 004c 322E305C 		.ascii	"2.0\\include\000"
 3942      696E636C 
 3942      75646500 
 3943              	.LASF265:
 3944 0058 443A5C30 		.ascii	"D:\\00a_liuhy\\temp126\\ChibiOS/os/common/ext/ARM/C"
 3944      30615F6C 
 3944      69756879 
 3944      5C74656D 
 3944      70313236 
 3945 0088 4D534953 		.ascii	"MSIS/Core/Include\000"
 3945      2F436F72 
 3945      652F496E 
 3945      636C7564 
 3945      6500
 3946              	.LASF273:
 3947 009a 643A5C71 		.ascii	"d:\\qmk_msys\\mingw64\\arm-none-eabi\\include\\sys\000"
 3947      6D6B5F6D 
 3947      7379735C 
 3947      6D696E67 
 3947      7736345C 
 3948              	.LASF288:
 3949 00c8 6368636F 		.ascii	"chcore.h\000"
 3949      72652E68 
ARM GAS  C:\Users\PUBLIC~1.LAP\AppData\Local\Temp\ccSvJTCD.s 			page 82


 3949      00
 3950              	.LASF266:
 3951 00d1 443A5C30 		.ascii	"D:\\00a_liuhy\\temp126\\ChibiOS/os/common/ports/ARM"
 3951      30615F6C 
 3951      69756879 
 3951      5C74656D 
 3951      70313236 
 3952 0101 2D636F6D 		.ascii	"-common\000"
 3952      6D6F6E00 
 3953              	.LASF271:
 3954 0109 443A5C30 		.ascii	"D:\\00a_liuhy\\temp126\\ChibiOS/os/rt/include\000"
 3954      30615F6C 
 3954      69756879 
 3954      5C74656D 
 3954      70313236 
 3955              	.LASF289:
 3956 0134 63687365 		.ascii	"chsem.h\000"
 3956      6D2E6800 
 3957              	.LASF294:
 3958 013c 63687468 		.ascii	"chthreads.h\000"
 3958      72656164 
 3958      732E6800 
 3959              	.LASF274:
 3960 0148 643A5C71 		.ascii	"d:\\qmk_msys\\mingw64\\arm-none-eabi\\include\000"
 3960      6D6B5F6D 
 3960      7379735C 
 3960      6D696E67 
 3960      7736345C 
 3961              	.LASF263:
 3962 0172 443A5C30 		.ascii	"D:\\00a_liuhy\\temp126\\ChibiOS-Contrib/os/common/e"
 3962      30615F6C 
 3962      69756879 
 3962      5C74656D 
 3962      70313236 
 3963 01a2 78742F43 		.ascii	"xt/CMSIS/ES32/FS026/md\000"
 3963      4D534953 
 3963      2F455333 
 3963      322F4653 
 3963      3032362F 
 3964              	.LASF295:
 3965 01b9 73747269 		.ascii	"string.h\000"
 3965      6E672E68 
 3965      00
 3966              	.LASF276:
 3967 01c2 443A5C30 		.ascii	"D:\\00a_liuhy\\temp126\\ChibiOS/os/hal/src/hal_usb."
 3967      30615F6C 
 3967      69756879 
 3967      5C74656D 
 3967      70313236 
 3968 01f2 6300     		.ascii	"c\000"
 3969              	.LASF285:
 3970 01f4 63687469 		.ascii	"chtime.h\000"
 3970      6D652E68 
 3970      00
 3971              	.LASF290:
 3972 01fd 63686D74 		.ascii	"chmtx.h\000"
 3972      782E6800 
ARM GAS  C:\Users\PUBLIC~1.LAP\AppData\Local\Temp\ccSvJTCD.s 			page 83


 3973              	.LASF280:
 3974 0205 63687479 		.ascii	"chtypes.h\000"
 3974      7065732E 
 3974      6800
 3975              	.LASF279:
 3976 020f 5F737464 		.ascii	"_stdint.h\000"
 3976      696E742E 
 3976      6800
 3977              	.LASF298:
 3978 0219 63687379 		.ascii	"chsys.h\000"
 3978      732E6800 
 3979              	.LASF264:
 3980 0221 443A5C30 		.ascii	"D:\\00a_liuhy\\temp126\\ChibiOS-Contrib/os/hal/port"
 3980      30615F6C 
 3980      69756879 
 3980      5C74656D 
 3980      70313236 
 3981 0251 732F4553 		.ascii	"s/ES32/LLD/USBv1\000"
 3981      33322F4C 
 3981      4C442F55 
 3981      53427631 
 3981      00
 3982              	.LASF297:
 3983 0262 6F73616C 		.ascii	"osal.h\000"
 3983      2E6800
 3984              	.LASF272:
 3985 0269 643A5C71 		.ascii	"d:\\qmk_msys\\mingw64\\arm-none-eabi\\include\\mach"
 3985      6D6B5F6D 
 3985      7379735C 
 3985      6D696E67 
 3985      7736345C 
 3986 0297 696E6500 		.ascii	"ine\000"
 3987              	.LASF282:
 3988 029b 63686F62 		.ascii	"chobjects.h\000"
 3988      6A656374 
 3988      732E6800 
 3989              	.LASF269:
 3990 02a7 443A5C30 		.ascii	"D:\\00a_liuhy\\temp126\\ChibiOS/os/hal/osal/rt-nil\000"
 3990      30615F6C 
 3990      69756879 
 3990      5C74656D 
 3990      70313236 
 3991              	.LASF277:
 3992 02d7 73746464 		.ascii	"stddef.h\000"
 3992      65662E68 
 3992      00
 3993              	.LASF287:
 3994 02e0 6D645F74 		.ascii	"md_timer.h\000"
 3994      696D6572 
 3994      2E6800
 3995              	.LASF283:
 3996 02eb 63687266 		.ascii	"chrfcu.h\000"
 3996      63752E68 
 3996      00
 3997              	.LASF293:
 3998 02f4 68616C5F 		.ascii	"hal_usb.c\000"
 3998      7573622E 
ARM GAS  C:\Users\PUBLIC~1.LAP\AppData\Local\Temp\ccSvJTCD.s 			page 84


 3998      6300
 3999              	.LASF296:
 4000 02fe 63687363 		.ascii	"chschd.h\000"
 4000      68642E68 
 4000      00
 4001              	.LASF291:
 4002 0307 68616C5F 		.ascii	"hal_usb.h\000"
 4002      7573622E 
 4002      6800
 4003              	.LASF270:
 4004 0311 443A5C30 		.ascii	"D:\\00a_liuhy\\temp126\\ChibiOS/os/hal/src\000"
 4004      30615F6C 
 4004      69756879 
 4004      5C74656D 
 4004      70313236 
 4005              	.LASF262:
 4006 0339 443A5C30 		.ascii	"D:\\00a_liuhy\\temp126\\ChibiOS-Contrib\\demos\\ES3"
 4006      30615F6C 
 4006      69756879 
 4006      5C74656D 
 4006      70313236 
 4007 0367 325C4653 		.ascii	"2\\FS026\000"
 4007      30323600 
 4008              	.LASF267:
 4009 036f 443A5C30 		.ascii	"D:\\00a_liuhy\\temp126\\ChibiOS/os/common/ports/ARM"
 4009      30615F6C 
 4009      69756879 
 4009      5C74656D 
 4009      70313236 
 4010 039f 76362D4D 		.ascii	"v6-M\000"
 4010      00
 4011              	.LASF299:
 4012 03a4 636D7369 		.ascii	"cmsis_gcc.h\000"
 4012      735F6763 
 4012      632E6800 
 4013              	.LASF286:
 4014 03b0 63686C69 		.ascii	"chlists.h\000"
 4014      7374732E 
 4014      6800
 4015              	.LASF281:
 4016 03ba 63686561 		.ascii	"chearly.h\000"
 4016      726C792E 
 4016      6800
 4017              	.LASF284:
 4018 03c4 63686465 		.ascii	"chdebug.h\000"
 4018      6275672E 
 4018      6800
 4019              	.LASF268:
 4020 03ce 443A5C30 		.ascii	"D:\\00a_liuhy\\temp126\\ChibiOS/os/hal/include\000"
 4020      30615F6C 
 4020      69756879 
 4020      5C74656D 
 4020      70313236 
 4021              		.text
 4022              		.section	.gnu.lto_.profile.840c7bcd,"e",%progbits
 4023 0000 28B52FFD 		.ascii	"(\265/\375 \033\331\000\000\027\000\000\000\000\010"
 4023      201BD900 
ARM GAS  C:\Users\PUBLIC~1.LAP\AppData\Local\Temp\ccSvJTCD.s 			page 85


 4023      00170000 
 4023      000008
 4024 000f 01000300 		.ascii	"\001\000\003\000\012\000\000\000\025\000\026\000\030"
 4024      0A000000 
 4024      15001600 
 4024      18
 4025 001c 00001900 		.ascii	"\000\000\031\000\000\032\000\000"
 4025      001A0000 
 4026              		.text
 4027              		.section	.gnu.lto_.icf.840c7bcd,"e",%progbits
 4028 0000 28B52FFD 		.ascii	"(\265/\375`\013\003\215\016\000$\021\377\003\000\033"
 4028      600B038D 
 4028      0E002411 
 4028      FF03001B 
 4029 0010 00C49BF0 		.ascii	"\000\304\233\360\233\010\000\001\247\247\270\317\004"
 4029      9B080001 
 4029      A7A7B8CF 
 4029      04
 4030 001d 0A020002 		.ascii	"\012\002\000\002\001\002\002\001\002\003\002\004\002"
 4030      01020201 
 4030      02030204 
 4030      02
 4031 002a 05020102 		.ascii	"\005\002\001\002\236\312\234\243\014\016\002\006\002"
 4031      9ECA9CA3 
 4031      0C0E0206 
 4031      02
 4032 0037 01070802 		.ascii	"\001\007\010\002\011\012\002\011\003\232\215\234\344"
 4032      090A0209 
 4032      039A8D9C 
 4032      E4
 4033 0044 08080504 		.ascii	"\010\010\005\004\244\270\230\363\014\000\005\241\225"
 4033      A4B898F3 
 4033      0C0005A1 
 4033      95
 4034 0051 D08A050C 		.ascii	"\320\212\005\014\013\006\006\315\344\356\305\014\006"
 4034      0B0606CD 
 4034      E4EEC50C 
 4034      06
 4035 005e 05020107 		.ascii	"\005\002\001\007\217\373\340\217\010\016\010\375\205"
 4035      8FFBE08F 
 4035      080E08FD 
 4035      85
 4036 006b 8EB40106 		.ascii	"\216\264\001\006\012\002\011\011\371\236\306\253\007"
 4036      0A020909 
 4036      F99EC6AB 
 4036      07
 4037 0078 120A0AD1 		.ascii	"\022\012\012\321\247\344\214\003\224\001\014\002\001"
 4037      A7E48C03 
 4037      94010C02 
 4037      01
 4038 0085 020D0201 		.ascii	"\002\015\002\001\002\016\017\002\017\020\002\004\021"
 4038      020E0F02 
 4038      0F100204 
 4038      11
 4039 0092 12021313 		.ascii	"\022\002\023\023\000\013\315\362\222\"\014\245\256\211"
 4039      000BCDF2 
 4039      92220CA5 
ARM GAS  C:\Users\PUBLIC~1.LAP\AppData\Local\Temp\ccSvJTCD.s 			page 86


 4039      AE89
 4040 00a0 AC0F0D0E 		.ascii	"\254\017\015\016\313\302\322\305\012\020\014\002\024"
 4040      CBC2D2C5 
 4040      0A100C02 
 4040      14
 4041 00ad 020D1502 		.ascii	"\002\015\025\002\024\017\355\366\245\303\004\022\002"
 4041      140FEDF6 
 4041      A5C30412 
 4041      02
 4042 00ba 16021715 		.ascii	"\026\002\027\025\002\026\020\332\251\365\334\014\006"
 4042      021610DA 
 4042      A9F5DC0C 
 4042      06
 4043 00c7 0A020911 		.ascii	"\012\002\011\021\370\201\304\200\001\010\002\011\022"
 4043      F881C480 
 4043      01080209 
 4043      12
 4044 00d4 86E6C3F2 		.ascii	"\206\346\303\362\017\002\023\222\265\252\275\001\024"
 4044      0F021392 
 4044      B5AABD01 
 4044      14
 4045 00e1 89DC819E 		.ascii	"\211\334\201\236\013\000\025\314\334\306\273\003\036"
 4045      0B0015CC 
 4045      DCC6BB03 
 4045      1E
 4046 00ee 021816C7 		.ascii	"\002\030\026\307\312\220\210\007\012\027\345\307\264"
 4046      CA908807 
 4046      0A17E5C7 
 4046      B4
 4047 00fb C30C0218 		.ascii	"\303\014\002\030\227\304\227\374\017.\031\015\030\031"
 4047      97C497FC 
 4047      0F2E190D 
 4047      1819
 4048 0109 A8DAD9EF 		.ascii	"\250\332\331\357\001\032\006\002\011\016\030\002\001"
 4048      011A0602 
 4048      090E1802 
 4048      01
 4049 0116 1ABDB1C3 		.ascii	"\032\275\261\303\325\006\024\000X\250\001&\251`\304"
 4049      D5061400 
 4049      58A80126 
 4049      A960C4
 4050 0125 642A2856 		.ascii	"d*(V\306@\002\203T\031\335\022 \364\024LD\225\223\206"
 4050      C6400283 
 4050      5419DD12 
 4050      20F4144C 
 4050      44959386 
 4051 0139 D242FBF7 		.ascii	"\322B\373\367R]\326\233'Lr\203H\031\226\375\332\360"
 4051      525DD69B 
 4051      274C7283 
 4051      481996FD 
 4051      DAF0
 4052 014b 1A4AD1C3 		.ascii	"\032J\321\303@\202Z}\"\310\000}\204\377m\033N\361\360"
 4052      40825A7D 
 4052      22C8007D 
 4052      84FF6D1B 
 4052      4EF1F0
 4053 015e 30E00E1E 		.ascii	"0\340\016\036\313:\355\020AV\337\2676_ \337\223\216"
ARM GAS  C:\Users\PUBLIC~1.LAP\AppData\Local\Temp\ccSvJTCD.s 			page 87


 4053      CB3AED10 
 4053      4156DFB7 
 4053      365F20DF 
 4053      938E
 4054 0170 6A8C0983 		.ascii	"j\214\011\203\246\274\365&\3646\316\375\321\247\226"
 4054      A6BCF526 
 4054      F436CEFD 
 4054      D1A796
 4055 017f C178B594 		.ascii	"\301x\265\224\307^\006\334\310n\371w\372\026\343\345"
 4055      C75E06DC 
 4055      C86EF977 
 4055      FA16E3E5 
 4056 018f 979EFF6F 		.ascii	"\227\236\377o~\367\362\227\354\217\363\240\266\350\337"
 4056      7EF7F297 
 4056      EC8FF3A0 
 4056      B6E8DF
 4057 019e 9EDFFA6F 		.ascii	"\236\337\372o\271\026)\321\367\201s\243f)y\375\337\302"
 4057      B91629D1 
 4057      F78173A3 
 4057      662979FD 
 4057      DFC2
 4058 01b0 81FA9CAB 		.ascii	"\201\372\234\253%\3500\233\315\317\332\333\335\221\221"
 4058      25E8309B 
 4058      CDCFDADB 
 4058      DD9191
 4059 01bf 7DAD2710 		.ascii	"}\255'\020&\316W\255M\222\033L\210\356{\200\\\244\371"
 4059      26CE57AD 
 4059      4D921B4C 
 4059      88EE7B80 
 4059      5CA4F9
 4060 01d2 23716EC7 		.ascii	"#qn\307\352\014\035\002<"
 4060      EA0C1D02 
 4060      3C
 4061              		.text
 4062              		.section	.gnu.lto_.ipa_sra.840c7bcd,"e",%progbits
 4063 0000 28B52FFD 		.ascii	"(\265/\375`\261\001\335\006\000b\307\024\032\220)\351"
 4063      60B101DD 
 4063      060062C7 
 4063      141A9029 
 4063      E9
 4064 0011 FFBF5F77 		.ascii	"\377\277_wwww\227\306\377\342\037\370\307G\242\221\326"
 4064      77777797 
 4064      C6FFE21F 
 4064      F8C747A2 
 4064      91D6
 4065 0023 48DB44A6 		.ascii	"H\333D\246\024^\214\205>\223\320\365\"k\354\025'\020"
 4065      145E8C85 
 4065      3E93D0F5 
 4065      226BEC15 
 4065      2710
 4066 0035 1F144342 		.ascii	"\037\024CB\253\267\2401\366\012\204\265\034\353\327"
 4066      ABB7A031 
 4066      F60A84B5 
 4066      1CEBD7
 4067 0044 748D0341 		.ascii	"t\215\003A\005t=K\372|\224M\366\240\221:V\363\366_\004"
 4067      05743D4B 
 4067      FA7C944D 
ARM GAS  C:\Users\PUBLIC~1.LAP\AppData\Local\Temp\ccSvJTCD.s 			page 88


 4067      F6A0913A 
 4067      56F3F65F 
 4068 0059 34EF2496 		.ascii	"4\357$\226\313\270GB\250\340\222\266\220\335\220\002"
 4068      CBB84742 
 4068      A8E092B6 
 4068      90DD9002 
 4069 0069 19C2EA01 		.ascii	"\031\302\352\001\022\000e)\007r\001w\301\304I[v\271"
 4069      12006529 
 4069      07720177 
 4069      C1C4495B 
 4069      76B9
 4070 007b 6EDC0392 		.ascii	"n\334\003\222\353\021\323@\373\005D\016\346:\007\244"
 4070      EB11D340 
 4070      FB05440E 
 4070      E63A07A4 
 4071 008b 267743A8 		.ascii	"&wC\250k5\214f\300\237\035F\330e\027\366\026\216\331"
 4071      6B358C66 
 4071      C09F1D46 
 4071      D86517F6 
 4071      168ED9
 4072 009e 3FC6A508 		.ascii	"?\306\245\010\250\326\300n~\0112\253%\274q\377v\272"
 4072      A8D6C06E 
 4072      7E0932AB 
 4072      25BC71FF 
 4072      76BA
 4073 00b0 903E8726 		.ascii	"\220>\207&\302\330I\350e:\2140\327'\373\323#\000\307"
 4073      C2D849E8 
 4073      653A8C30 
 4073      D727FBD3 
 4073      2300C7
 4074 00c3 7D852368 		.ascii	"}\205#h\225o->h=$\266\253D;\305\211\304;\204(\255\207"
 4074      956F2D3E 
 4074      683D24B6 
 4074      AB443BC5 
 4074      89C43B84 
 4075 00da D7359C63 		.ascii	"\3275\234c\376W\362Q\322\340\007"
 4075      FE57F251 
 4075      D2E007
 4076              		.text
 4077              		.section	.gnu.lto_.inline.840c7bcd,"e",%progbits
 4078 0000 28B52FFD 		.ascii	"(\265/\375`$\015\255/\000\012A\210\015G\240\226\316"
 4078      60240DAD 
 4078      2F000A41 
 4078      880D47A0 
 4078      96CE
 4079 0012 705AAFC1 		.ascii	"pZ\257\301\312\3678M\327\316\"\374\313\027zt\0149pl"
 4079      CAF7384D 
 4079      D7CE22FC 
 4079      CB177A74 
 4079      0C39706C 
 4080 0026 424EA0B4 		.ascii	"BN\240\264\270~\227\373\204\003\032\343)\034\375 \313"
 4080      B87E97FB 
 4080      84031AE3 
 4080      291CFD20 
 4080      CB
 4081 0037 3A8A62E1 		.ascii	":\212b\3415\372t\370\022\336\313q\002#\005\1776\354"
 4081      35FA74F8 
ARM GAS  C:\Users\PUBLIC~1.LAP\AppData\Local\Temp\ccSvJTCD.s 			page 89


 4081      12DECB71 
 4081      0223057F 
 4081      36EC
 4082 0049 AE436D35 		.ascii	"\256Cm5\327\256Z\2737\331R\312\024\275\000\300\000\313"
 4082      D7AE5ABB 
 4082      37D952CA 
 4082      14BD00C0 
 4082      00CB
 4083 005b 004B1EB8 		.ascii	"\000K\036\270\344\037\344\033\201\325\235U\275b\361"
 4083      E41FE41B 
 4083      81D59D55 
 4083      BD62F1
 4084 006a F5C168B3 		.ascii	"\365\301h\263J\313\327\243\025Q\305D\312\346\244\327"
 4084      4ACBD7A3 
 4084      1551C544 
 4084      CAE6A4D7 
 4085 007a 99112E30 		.ascii	"\231\021.0\014\034fl\251\310b\3439\216\210\207\026\322"
 4085      0C1C666C 
 4085      A9C862E3 
 4085      398E8887 
 4085      16D2
 4086 008c 8EB89431 		.ascii	"\216\270\2241E\255\311\364`\312\021$\367\261h\327\272"
 4086      45ADC9F4 
 4086      60CA1124 
 4086      F7B168D7 
 4086      BA
 4087 009d 9762FEA3 		.ascii	"\227b\376\243}\322\335\345\021\227uw\356\267\027\025"
 4087      7DD2DDE5 
 4087      11977577 
 4087      EEB71715 
 4088 00ad 2F92E40E 		.ascii	"/\222\344\016\203<\034o\362\305\325\237l\376\200U\243"
 4088      833C1C6F 
 4088      F2C5D59F 
 4088      6CFE8055 
 4088      A3
 4089 00be 0DDBA232 		.ascii	"\015\333\2422\313]c\270\210=\\Y\310\000\363G`\035^C"
 4089      CB5D63B8 
 4089      883D5C59 
 4089      C800F347 
 4089      601D5E43 
 4090 00d2 3EFC2071 		.ascii	">\374 q\224\024\025\"\004\2763\267\007A\301\254x\361"
 4090      94141522 
 4090      04BE33B7 
 4090      0741C1AC 
 4090      78F1
 4091 00e4 FB531EFE 		.ascii	"\373S\036\376D\213\325\335.\342q+\370:\253\327\253\021"
 4091      448BD5DD 
 4091      2EE2712B 
 4091      F83AABD7 
 4091      AB11
 4092 00f6 6FD9A232 		.ascii	"o\331\2422\233\271\376\017\202\332\377\000\304\177\203"
 4092      9BB9FE0F 
 4092      82DAFF00 
 4092      C47F83
 4093 0105 DBDD3DFE 		.ascii	"\333\335=\376\024\272{\351\337_\213x\255\273q\377\315"
 4093      14BA7BE9 
 4093      DF5F8B78 
ARM GAS  C:\Users\PUBLIC~1.LAP\AppData\Local\Temp\ccSvJTCD.s 			page 90


 4093      ADBB71FF 
 4093      CD
 4094 0116 73370165 		.ascii	"s7\001ew\217\307j\244Y\355\311\356\377\252j\276\244"
 4094      778FC76A 
 4094      A459EDC9 
 4094      EEFFAA6A 
 4094      BEA4
 4095 0128 93DBC5EE 		.ascii	"\223\333\305\356o\367\267\327\374\232\020\370J\354\312"
 4095      6FF7B7D7 
 4095      FC9A10F8 
 4095      4AECCA
 4096 0137 06BE7953 		.ascii	"\006\276yS\210\3052t\215\001\370\331\367q\026ZV\223"
 4096      88C53274 
 4096      8D01F8D9 
 4096      F771165A 
 4096      5693
 4097 0149 DBF7EC6F 		.ascii	"\333\367\354oo\321\262\320\302\364\274>\021+\270iv\331"
 4097      6FD1B2D0 
 4097      C2F4BC3E 
 4097      112BB869 
 4097      76D9
 4098 015b 6563E99A 		.ascii	"ec\351\232J\333\375@\256\222d\210Y\202\236\343\326\370"
 4098      4ADBFD40 
 4098      AE926488 
 4098      59829EE3 
 4098      D6F8
 4099 016d 39C32E5D 		.ascii	"9\303.]\375\000\0232\2723~\267\301\235/\335\255\360"
 4099      FD001332 
 4099      BA337EB7 
 4099      C19D2FDD 
 4099      ADF0
 4100 017f 4A0A4377 		.ascii	"J\012Cw\233\364\236\255\240\270!_+|\215\273\225\360"
 4100      9BF49EAD 
 4100      A0B8215F 
 4100      2B7C8DBB 
 4100      95F0
 4101 0191 9F456530 		.ascii	"\237Ee0\362\254\360\307a\361K\353\201\321\\!\227\356"
 4101      F2ACF0C7 
 4101      61F14BEB 
 4101      81D15C21 
 4101      97EE
 4102 01a3 56E9AA0B 		.ascii	"V\351\252\013\306\335\012\257cS\223r\241e\177\011z\002"
 4102      C6DD0AAF 
 4102      63539372 
 4102      A1657F09 
 4102      7A02
 4103 01b5 3203993B 		.ascii	"2\003\231;lQ\375\330\266\356\016<\343\033\360sN~\016"
 4103      6C51FDD8 
 4103      B6EE0E3C 
 4103      E31BF073 
 4103      4E7E0E
 4104 01c8 D24EF980 		.ascii	"\322N\371\200\026\325s\027Q9\010\352\345o\337\362\001"
 4104      16D57317 
 4104      513908EA 
 4104      E56FDFF2 
 4104      01
 4105 01d9 3FF29B16 		.ascii	"?\362\233\0265LyV\270Si\027\242\310\013\370E\261|\371"
ARM GAS  C:\Users\PUBLIC~1.LAP\AppData\Local\Temp\ccSvJTCD.s 			page 91


 4105      354C7956 
 4105      B8536917 
 4105      A2C80BF8 
 4105      45B17CF9 
 4106 01ed 158782BF 		.ascii	"\025\207\202\277\253=Ib oJ\347\245)\262\263\000\267"
 4106      AB3D4962 
 4106      206F4AE7 
 4106      A529B2B3 
 4106      00B7
 4107 01ff 51A3F532 		.ascii	"Q\243\3652\2532\324\375H\313\301\252*\011\002(lF\260"
 4107      AB32D4FD 
 4107      48CBC1AA 
 4107      2A090228 
 4107      6C46B0
 4108 0212 F05E135C 		.ascii	"\360^\023\\\232\000[\245&\203\007\314u39^b\206\306b"
 4108      9A005BA5 
 4108      268307CC 
 4108      7533395E 
 4108      6286C662 
 4109 0226 578B1716 		.ascii	"W\213\027\026\036\313\006\302\312R\216\025D\021'5\232"
 4109      1ECB06C2 
 4109      CA528E15 
 4109      44112735 
 4109      9A
 4110 0237 97A74C0C 		.ascii	"\227\247L\014\371\340*\021\307\214\013\325\3353\317"
 4110      F9E02A11 
 4110      C78C0BD5 
 4110      DD33CF
 4111 0246 D190BF59 		.ascii	"\321\220\277Y\232\247\366\236\337\026\343\317\237B<"
 4111      9AA7F69E 
 4111      DF16E3CF 
 4111      9F423C
 4112 0255 62C99810 		.ascii	"b\311\230\020\335\317\263\267SQP\214\355W\373\353c\274"
 4112      DDCFB3B7 
 4112      5351508C 
 4112      ED57FBEB 
 4112      63BC
 4113 0267 FA56ABE9 		.ascii	"\372V\253\351*\213\356\252\335\343\250\"[n\354\313."
 4113      2A8BEEAA 
 4113      DDE3A822 
 4113      5B6EECCB 
 4113      2E
 4114 0278 C5AFF815 		.ascii	"\305\257\370\025\205\244\220\027\315\036\247\370\302"
 4114      85A49017 
 4114      CD1EA7F8 
 4114      C2
 4115 0285 B164FC8A 		.ascii	"\261d\374\212&\204\275*\021$\312^\354\373\366\214\012"
 4115      2684BD2A 
 4115      1124CA5E 
 4115      ECFBF68C 
 4115      0A
 4116 0296 911723D9 		.ascii	"\221\027#\331B\344\305\036\342\246+ Y\271\177\020\224"
 4116      42E4C51E 
 4116      E2A62B20 
 4116      59B97F10 
 4116      94
 4117 02a7 FE5C6D1D 		.ascii	"\376\\m\035\240\237\016\320u\200\200\373\325\001\032"
ARM GAS  C:\Users\PUBLIC~1.LAP\AppData\Local\Temp\ccSvJTCD.s 			page 92


 4117      A09F0ED0 
 4117      758080FB 
 4117      D5011A
 4118 02b6 3A7F0E95 		.ascii	":\177\016\225\300\205:}'\351\303\371\212\235\323\032"
 4118      C0853A7D 
 4118      27E9C3F9 
 4118      8A9DD31A 
 4119 02c6 FAB34A64 		.ascii	"\372\263Jd4f\250\317N\030S\237M\022\323\241\2764u/%"
 4119      3466A8CF 
 4119      4E18539F 
 4119      4D12D3A1 
 4119      BE34752F 
 4120 02db 78CE29F6 		.ascii	"x\316)\366_\212\237)y\347y\366\317\337\371#\277\352"
 4120      5F8A9F29 
 4120      79E779F6 
 4120      CFDFF923 
 4120      BFEA
 4121 02ed B44EBE3D 		.ascii	"\264N\276=\357\274\037#\331\360\304\306\355\313\373"
 4121      EFBC1F23 
 4121      D9F0C4C6 
 4121      EDCBFB
 4122 02fc F27CCCE4 		.ascii	"\362|\314\344D\312\016}i\366\313\036\230\331\003\323"
 4122      44CA0E7D 
 4122      69F6CB1E 
 4122      98D903D3 
 4123 030c 6F59F6B7 		.ascii	"oY\366\267\024b*\034H\206epQ<\261*\023P\372X\353\204"
 4123      14622A1C 
 4123      48866570 
 4123      513CB12A 
 4123      1350FA58 
 4124 0322 5A0A3ED9 		.ascii	"Z\012>\331;\032t\006||\2275\376\001\\o\215?\253T3\201"
 4124      3B1A7406 
 4124      7C7C9735 
 4124      FE015C6F 
 4124      8D3FAB54 
 4125 0338 2609E6C5 		.ascii	"&\011\346\305e\364\032}V\370\230\253\021\307x\322\012"
 4125      65F41A7D 
 4125      56F898AB 
 4125      11C778D2 
 4125      0A
 4126 0349 71B2E3A8 		.ascii	"q\262\343\250^\177\037\267\265\265\265)\321\036\261"
 4126      5E7F1FB7 
 4126      B5B5B529 
 4126      D11EB1
 4127 0358 327203E7 		.ascii	"2r\003\3477\332\021$\236\2248\030\013\214X\\\243O\204"
 4127      37DA1124 
 4127      9E943818 
 4127      0B8C585C 
 4127      A34F84
 4128 036b 8DE14246 		.ascii	"\215\341BFX\201<\250\361@\247\020\011\211\210H\222\244"
 4128      58813CA8 
 4128      F140A710 
 4128      09898848 
 4128      92A4
 4129 037d 920E0105 		.ascii	"\222\016\001\005DA\345\030d|\022\200TIHJ\307\324\210"
 4129      4441E518 
 4129      647C1280 
ARM GAS  C:\Users\PUBLIC~1.LAP\AppData\Local\Temp\ccSvJTCD.s 			page 93


 4129      5449484A 
 4129      C7D488
 4130 0390 CC489232 		.ascii	"\314H\2222\012\205\3759r^\204<D\207\037d\014\202^\350"
 4130      0A85FD39 
 4130      725E843C 
 4130      44871F64 
 4130      0C825EE8 
 4131 03a4 F710401F 		.ascii	"\367\020@\037\336#\014_\330\005}\001gYS\265\253m\233"
 4131      DE230C5F 
 4131      D8057D01 
 4131      675953B5 
 4131      AB6D9B
 4132 03b7 443FA10D 		.ascii	"D?\241\0154\256@\271\265\304P\232|aTr\314\310\350e&"
 4132      34AE40B9 
 4132      B5C4509A 
 4132      7C615472 
 4132      CCC8E865 
 4133 03cc B38C6AD6 		.ascii	"\263\214j\326\303\256\336\344\227\020\201\034\217u\202"
 4133      C3AEDEE4 
 4133      9710811C 
 4133      8F7582
 4134 03db 4998418A 		.ascii	"I\230A\212a\2664m\000r\374/\311\001N\2124L3\210\277"
 4134      61B6346D 
 4134      0072FC2F 
 4134      C9014E8A 
 4134      344C3388 
 4135 03f0 1275817B 		.ascii	"\022u\201{\221\033\355+\216\261\"x\0057ZD#B\343\345"
 4135      911BED2B 
 4135      8EB12278 
 4135      05375A44 
 4135      2342E3E5 
 4136 0404 07C712A0 		.ascii	"\007\307\022\2400\200/P\342\0023\31513 \020\376)\257"
 4136      30802F50 
 4136      E20233CD 
 4136      31332010 
 4136      FE29AF
 4137 0417 F70371B3 		.ascii	"\367\003q\263\004%\324h;V~\323g\245|)Na\261\266!N\315"
 4137      0425D468 
 4137      3B567ED3 
 4137      67A57C29 
 4137      4E61B1B6 
 4138 042e 1C62B00B 		.ascii	"\034b\260\013E\002o\034U*\211 \021\"\204\000,\261\216"
 4138      45026F1C 
 4138      552A8920 
 4138      11228400 
 4138      2CB18E
 4139 0441 D9505377 		.ascii	"\331PSw\371\2150\252K%Tlo~\203\257=hK\337\323\267^n"
 4139      F98D30AA 
 4139      4B25546C 
 4139      6F7E83AF 
 4139      3D684BDF 
 4140 0459 2FA40943 		.ascii	"/\244\011Cc\223lP\342Uy\365\355\034\273\313\224\233"
 4140      63936C50 
 4140      E25579F5 
 4140      ED1CBBCB 
 4140      949B
 4141 046b 6B9D6DB2 		.ascii	"k\235m\262\212\357{\345\312T\353}\251\341>\350Cn\345"
ARM GAS  C:\Users\PUBLIC~1.LAP\AppData\Local\Temp\ccSvJTCD.s 			page 94


 4141      8AEF7BE5 
 4141      CA54EB7D 
 4141      A9E13EE8 
 4141      436EE5
 4142 047e 8EB7FA28 		.ascii	"\216\267\372(g>\376\034\017\330\031\343\035\014\211"
 4142      673EFE1C 
 4142      0FD819E3 
 4142      1D0C89
 4143 048d 600818B4 		.ascii	"`\010\030\264m\001p\272\006\011\221\372\352,\341\335"
 4143      6D0170BA 
 4143      060991FA 
 4143      EA2CE1DD 
 4144 049d 029924E7 		.ascii	"\002\231$\347\336\271n\356\2323\215\327\023`\363\356"
 4144      DEB96EEE 
 4144      9A338DD7 
 4144      1360F3EE 
 4145 04ad 426A34B2 		.ascii	"Bj4\262j\256\242h\222\315\202\263.\371\353\244\034\241"
 4145      6AAEA268 
 4145      92CD82B3 
 4145      2EF9EBA4 
 4145      1CA1
 4146 04bf 64ADE3D7 		.ascii	"d\255\343\327\035\265\316\013\235\264\306Si\224\350"
 4146      1DB5CE0B 
 4146      9DB4C653 
 4146      6994E8
 4147 04ce 512CFFC2 		.ascii	"Q,\377\302\260\374\207| \013\205\310\242\306ml\361\251"
 4147      B0FC877C 
 4147      200B85C8 
 4147      A2C66D6C 
 4147      F1A9
 4148 04e0 B1FD328B 		.ascii	"\261\3752\213\242\331(q\024\210'!1x\253\362\203\016"
 4148      A2D92871 
 4148      14882721 
 4148      3178ABF2 
 4148      830E
 4149 04f2 4DBC7EF2 		.ascii	"M\274~\362\277.\211\3069\366G\004W\263\305\344\274\206"
 4149      BF2E89C6 
 4149      39F64704 
 4149      57B3C5E4 
 4149      BC86
 4150 0504 1D062C53 		.ascii	"\035\006,S\243\321\301\030\234\025\302\266\034\321P"
 4150      A3D1C118 
 4150      9C15C2B6 
 4150      1CD150
 4151 0513 28DD2CC0 		.ascii	"(\335,\300\21427\247\027P\253a\011u\024\035\320\315"
 4151      8C3237A7 
 4151      1750AB61 
 4151      0975141D 
 4151      D0CD
 4152 0525 1C66E0EC 		.ascii	"\034f\340\354\012\0368\214\030\302\007\347\207@Jq\236"
 4152      0A1E388C 
 4152      18C207E7 
 4152      87404A71 
 4152      9E
 4153 0536 5A51B8BB 		.ascii	"ZQ\270\273\020\231\232k\027RJT\2101-\"\025\362\232M"
 4153      10999A6B 
 4153      17524A54 
ARM GAS  C:\Users\PUBLIC~1.LAP\AppData\Local\Temp\ccSvJTCD.s 			page 95


 4153      88312D22 
 4153      15F29A4D 
 4154 054a DFA10120 		.ascii	"\337\241\001 nq\2337] ]j\306j\306\304\366\025\334\011"
 4154      6E719B37 
 4154      5D205D6A 
 4154      C66AC6C4 
 4154      F615DC09 
 4155 055e 230952BA 		.ascii	"#\011R\272{\315\324\220\272\333\265\343qeI\240H\232"
 4155      7BCDD490 
 4155      BADBB5E3 
 4155      716549A0 
 4155      489A
 4156 0570 1BE864BA 		.ascii	"\033\350d\272\014\022\356P\306.\225\356Q\002 \354\354"
 4156      0C12EE50 
 4156      C62E95EE 
 4156      510220EC 
 4156      EC
 4157 0581 90A98E1E 		.ascii	"\220\251\216\036g\247\251\303h\206\222\003\3739\274"
 4157      67A7A9C3 
 4157      68869203 
 4157      FB39BC
 4158 0590 60303445 		.ascii	"`04Ec\345f|\234\\\277\321\005\030]\220\304\206\331\321"
 4158      63E5667C 
 4158      9C5CBFD1 
 4158      05185D90 
 4158      C486D9D1 
 4159 05a4 3642D0C0 		.ascii	"6B\320\300/\354\233\000\306\256U\272\3171\340\301H7"
 4159      2FEC9B00 
 4159      C6AE55BA 
 4159      CF31E0C1 
 4159      4837
 4160 05b6 EC219845 		.ascii	"\354!\230El\323\307\237\337\245\305\200&\251\366\222"
 4160      6CD3C79F 
 4160      DFA5C580 
 4160      26A9F692 
 4161 05c6 6A00D17C 		.ascii	"j\000\321|J\3100\265dg\234\371b\010\213\202\324\225"
 4161      4AC830B5 
 4161      64679CF9 
 4161      62088B82 
 4161      D495
 4162 05d8 8F80ACA7 		.ascii	"\217\200\254\247\345`\024=1\276\322t/\324F\313\2420"
 4162      E560143D 
 4162      31BED274 
 4162      2FD446CB 
 4162      A230
 4163 05ea 25AE8CC6 		.ascii	"%\256\214\306\274\204\020m\350\315\006\320\373\267\311"
 4163      BC84106D 
 4163      E8CD06D0 
 4163      FBB7C9
 4164 05f9 AD6E2A05 		.ascii	"\255n*\005\2620"
 4164      B230
 4165              		.text
 4166              		.section	.gnu.lto_.jmpfuncs.840c7bcd,"e",%progbits
 4167 0000 28B52FFD 		.ascii	"(\265/\375`\306\011\305\020\000\266\22151PK\223t(bf"
 4167      60C609C5 
 4167      1000B691 
 4167      3531504B 
ARM GAS  C:\Users\PUBLIC~1.LAP\AppData\Local\Temp\ccSvJTCD.s 			page 96


 4167      93742862 
 4168 0015 BA9941CF 		.ascii	"\272\231A\317g\273Y\034I\244bLdfl\246ef\2063\263\\\252"
 4168      67BB591C 
 4168      49A4624C 
 4168      64666CA6 
 4168      65668633 
 4169 002c 8CE96D5F 		.ascii	"\214\351m_}\315\274\330GV\211Gk[o\273\211L2$\000%\000"
 4169      7DCDBCD8 
 4169      47568947 
 4169      6B5B6FBB 
 4169      894C3224 
 4170 0043 2A004842 		.ascii	"*\000HBaJ$3\326\252\343\310/\202\265\310\253\336C?\207"
 4170      614A2433 
 4170      D6AAE3C8 
 4170      2F82B5C8 
 4170      ABDE433F 
 4171 0058 58E9A494 		.ascii	"X\351\244\224\322E\341E\231\363\252 \275\317\006\025"
 4171      D245E145 
 4171      99F3AA20 
 4171      BDCF0615 
 4172 0068 938FF167 		.ascii	"\223\217\361gEb\0133\030s\203\225\214\\\343_%z\217\202"
 4172      45620B33 
 4172      18738395 
 4172      8C5CE35F 
 4172      257A8F82 
 4173 007c 1F3557F8 		.ascii	"\0375W\370\311\177\020\2543\325\273\347|\015A\262\020"
 4173      C97F10AC 
 4173      33D5BBE7 
 4173      7C0D41B2 
 4173      10
 4174 008d 881BA82A 		.ascii	"\210\033\250*@\022x\306\200g\001\221\005\272\342U\323"
 4174      401278C6 
 4174      80670191 
 4174      05BAE255 
 4174      D3
 4175 009e 475FF4A7 		.ascii	"G_\364\247'!@\304y\364\026\247\377\002\3408\242tj\020"
 4175      272140C4 
 4175      79F416A7 
 4175      FF02E038 
 4175      A2746A10 
 4176 00b2 6A3B86BF 		.ascii	"j;\206\277\260s\264KU\0200\015\022p\273T\305\362\240"
 4176      B073B44B 
 4176      5510300D 
 4176      1270BB54 
 4176      C5F2A0
 4177 00c5 E1369307 		.ascii	"\3416\223\007\034gV\214\203\306\232,3\2602\303\344\004"
 4177      1C67568C 
 4177      83C69A2C 
 4177      33B032C3 
 4177      E404
 4178 00d7 2B1F1E2C 		.ascii	"+\037\036,\260>\375\236\303\267\361\350\200\223\250"
 4178      B03EFD9E 
 4178      C3B7F1E8 
 4178      8093A8
 4179 00e6 41695543 		.ascii	"AiUC\222B\206=\003p\002\221\251#\326\001\022@1I\024"
 4179      9242863D 
 4179      03700291 
ARM GAS  C:\Users\PUBLIC~1.LAP\AppData\Local\Temp\ccSvJTCD.s 			page 97


 4179      A923D601 
 4179      12403149 
 4180 00fb 62308C62 		.ascii	"b0\214b\020\224d\014\244(\220\021\231HF\022\205\005"
 4180      1094640C 
 4180      A4289011 
 4180      99484612 
 4180      8505
 4181 010d A9F1D6C5 		.ascii	"\251\361\326\305\305&\274IXnp\316d\200\377\321-\247"
 4181      C526BC49 
 4181      586E70CE 
 4181      6480FFD1 
 4181      2DA7
 4182 011f BD856544 		.ascii	"\275\205eD\374\0230\020y\222\345\2241%\006.\204\366"
 4182      FC133010 
 4182      7992E594 
 4182      3125062E 
 4182      84F6
 4183 0131 61C57010 		.ascii	"a\305p\020_T\236S\363\030*\306[\033\206dH\370\271\031"
 4183      5F549E53 
 4183      F3182AC6 
 4183      5B1B8664 
 4183      48F8B919 
 4184 0145 6AE08309 		.ascii	"j\340\203\011R4\221(:\205\313\361\262\034\010\206\374"
 4184      52349128 
 4184      3A85CBF1 
 4184      B21C0886 
 4184      FC
 4185 0156 397C4E09 		.ascii	"9|N\011\377\3557U\036\202\006\263\263h\234/\211!+\010"
 4185      FFED3755 
 4185      1E8206B3 
 4185      B3689C2F 
 4185      89212B08 
 4186 016a 02D1CCEF 		.ascii	"\002\321\314\357\202\015\367\005\020&C%=\327\222\014"
 4186      820DF705 
 4186      10264325 
 4186      3DD7920C 
 4187 017a CB58A86F 		.ascii	"\313X\250o\242\010\364iI\336\012\246\256$\307H$/\370"
 4187      A208F469 
 4187      49DE0AA6 
 4187      AE24C748 
 4187      242FF8
 4188 018d 1C0C1880 		.ascii	"\034\014\030\200\203\337Z\260\340\323\015`4\011E\023"
 4188      83DF5AB0 
 4188      E0D30D60 
 4188      34094513 
 4189 019d 1FAFBD25 		.ascii	"\037\257\275%U\244y\347\323\324\022\002\232\031]\012"
 4189      55A479E7 
 4189      D3D41202 
 4189      9A195D0A 
 4190 01ad 0FA64C89 		.ascii	"\017\246L\211oS\361@l\2426'h6\323%\260\314\233Qmg\205"
 4190      6F53F140 
 4190      6CA23627 
 4190      6836D325 
 4190      B0CC9B51 
 4191 01c4 A0D5BE7D 		.ascii	"\240\325\276}\374Df\261\343x\025\201]jy\3469\350\201"
 4191      FC4466B1 
 4191      E3781581 
ARM GAS  C:\Users\PUBLIC~1.LAP\AppData\Local\Temp\ccSvJTCD.s 			page 98


 4191      5D6A79E6 
 4191      39E881
 4192 01d7 19896292 		.ascii	"\031\211b\222A\207\276\316zM\375d\001\201\361\025\227"
 4192      4187BECE 
 4192      7A4DFD64 
 4192      0181F115 
 4192      97
 4193 01e8 C26765B8 		.ascii	"\302ge\270\006\004\212\314\222^2o\022\311B\030\007\314"
 4193      06048ACC 
 4193      925E326F 
 4193      12C94218 
 4193      07CC
 4194 01fa 69502BD5 		.ascii	"iP+\325\277V\305\266\311%\013\000\202\006`\204R\223"
 4194      BF56C5B6 
 4194      C9250B00 
 4194      82066084 
 4194      5293
 4195 020c EE2578BA 		.ascii	"\356%x\2728\312\276}\331\035\320\330\272\243'\207o\276"
 4195      38CABE7D 
 4195      D91DD0D8 
 4195      BAA32787 
 4195      6FBE
 4196 021e 79057151 		.ascii	"y\005qQ"
 4197              		.text
 4198              		.section	.gnu.lto_.pureconst.840c7bcd,"e",%progbits
 4199 0000 28B52FFD 		.ascii	"(\265/\375 M-\002\000\322D\020\030\240\253\003\377'"
 4199      204D2D02 
 4199      00D24410 
 4199      18A0AB03 
 4199      FF27
 4200 0012 48F3E8FF 		.ascii	"H\363\350\377\277WUK\363|\337\367\375X6\222\2645\031"
 4200      BF57554B 
 4200      F37CDFF7 
 4200      FD583692 
 4200      B43519
 4201 0025 FDD44BFD 		.ascii	"\375\324K\375b\213h\250\177X9l\015\033\323/\275B'4\322"
 4201      628B68A8 
 4201      7F58396C 
 4201      0D1BD32F 
 4201      BD422734 
 4202 003a 1FB44117 		.ascii	"\037\264A\027=\321\017t\311H\013}@\003d\267\356\216"
 4202      3DD10F74 
 4202      C9480B7D 
 4202      400364B7 
 4202      EE8E
 4203 004c 0A00     		.ascii	"\012\000"
 4204              		.text
 4205              		.section	.gnu.lto_.ipa_modref.840c7bcd,"e",%progbits
 4206 0000 28B52FFD 		.ascii	"(\265/\375`\315\001\365\010\000\022\214$)\200)I\007"
 4206      60CD01F5 
 4206      0800128C 
 4206      24298029 
 4206      4907
 4207 0012 F3029771 		.ascii	"\363\002\227q\372CC\2359\014]L12\030\025\204E\266\366"
 4207      FA43439D 
 4207      390C5D4C 
 4207      31321815 
ARM GAS  C:\Users\PUBLIC~1.LAP\AppData\Local\Temp\ccSvJTCD.s 			page 99


 4207      8445B6F6 
 4208 0026 E1246CCA 		.ascii	"\341$l\312A\307\360\277\245\324\331\335ZkD\312\024O"
 4208      41C7F0BF 
 4208      A5D4D9DD 
 4208      5A6B44CA 
 4208      144F
 4209 0038 1A1C24CB 		.ascii	"\032\034$\313\016\246\006_\360\246\010\312\201%\020"
 4209      0EA6065F 
 4209      F0A608CA 
 4209      812510
 4210 0047 30432742 		.ascii	"0C'B\321\223\365X\214\027:\017:\033EK\310#Mi\012\200"
 4210      D193F558 
 4210      8C173A0F 
 4210      3A1B454B 
 4210      C8234D69 
 4211 005d EF5E4EE7 		.ascii	"\357^N\347sT\013\347A]u?\213\362\216\313\351\035!f\371"
 4211      73540BE7 
 4211      415D753F 
 4211      8BF28ECB 
 4211      E91D2166 
 4212 0072 A33D625F 		.ascii	"\243=b_z9\212\326\365a(\022\\V\336\314\024bN,\315\314"
 4212      7A398AD6 
 4212      F5612812 
 4212      5C56DECC 
 4212      14624E2C 
 4213 0088 9A8A7921 		.ascii	"\232\212y!\345S\241<\241w\247\324\254\211\230\363;\244"
 4213      E553A13C 
 4213      A177A7D4 
 4213      AC8998F3 
 4213      3BA4
 4214 009a E58D99EF 		.ascii	"\345\215\231\357D> \200\"\232\322nop\244\213\"\024\300"
 4214      443E2080 
 4214      229AD26E 
 4214      6F70A48B 
 4214      2214C0
 4215 00ad 0C48CA70 		.ascii	"\014H\312p\004\026\311$bEab\372\326\216\014d\307\206"
 4215      0416C924 
 4215      62456162 
 4215      FAD68E0C 
 4215      64C786
 4216 00c0 7C0E8C40 		.ascii	"|\016\214@<\320Ix\010\334\303\272:&-\254C\270N@-\036"
 4216      3CD04978 
 4216      08DCC3BA 
 4216      3A262DAC 
 4216      43B84E40 
 4217 00d6 79A33C2D 		.ascii	"y\243<-H7\332\027\240\214X\303\252\012\200\011\000\027"
 4217      4837DA17 
 4217      A08C58C3 
 4217      AA0A8009 
 4217      0017
 4218 00e8 3A42D111 		.ascii	":B\321\021\032\003\356\034\000)$\274\021z#\\\254B\203"
 4218      1A03EE1C 
 4218      002924BC 
 4218      117A235C 
 4218      AC4283
 4219 00fb BB2F9C1A 		.ascii	"\273/\234\032\360\230\221\247Y/\356R\023\346:\373!\250"
 4219      F09891A7 
ARM GAS  C:\Users\PUBLIC~1.LAP\AppData\Local\Temp\ccSvJTCD.s 			page 100


 4219      592FEE52 
 4219      13E63AFB 
 4219      21A8
 4220 010d 38C884A4 		.ascii	"8\310\204\244\327+\304\340i\037\201\217\021M\343\011"
 4220      D72BC4E0 
 4220      691F818F 
 4220      114DE309 
 4221 011d CE296AFF 		.ascii	"\316)j\377\000a\005\005\017\245\010"
 4221      00610505 
 4221      0FA508
 4222              		.text
 4223              		.section	.gnu.lto_.lto.840c7bcd,"e",%progbits
 4224 0000 0C000000 		.ascii	"\014\000\000\000\001\000\001\000"
 4224      01000100 
 4225              		.text
 4226              		.section	.gnu.lto_osalThreadSuspendS.2966.840c7bcd,"e",%progbits
 4227 0000 28B52FFD 		.ascii	"(\265/\375`A\0005\011\000VQB: \261\322\001@\250\243"
 4227      60410035 
 4227      09005651 
 4227      423A20B1 
 4227      D20140A8 
 4228 0015 00A40012 		.ascii	"\000\244\000\022\013\340\005h1h4\020\377\011\2408\245"
 4228      0BE00568 
 4228      31683410 
 4228      FF09A038 
 4228      A5
 4229 0026 AB0FDD92 		.ascii	"\253\017\335\222qlz\015\004\314eX2a\007R\214\221\310"
 4229      716C7A0D 
 4229      04CC6558 
 4229      32610752 
 4229      8C91C8
 4230 0039 2D3E26DF 		.ascii	"->&\337t\211\342\004\245\352'{o)S0\0000\0000\000&!\024"
 4230      7489E204 
 4230      A5EA277B 
 4230      6F295330 
 4230      00300030 
 4231 0051 20332E36 		.ascii	" 3.6\335\355y\226\240[:\267\323-\225%+[\226}We\037Z"
 4231      DDED7996 
 4231      A05B3AB7 
 4231      D32D9525 
 4231      2B5B967D 
 4232 0069 5E6ACD36 		.ascii	"^j\3156[\3460t\367\271f\363\330\313\375\377\371/\361"
 4232      5BE63074 
 4232      F7B966F3 
 4232      D8CBFDFF 
 4232      F92FF1
 4233 007c 9F25FCB9 		.ascii	"\237%\374\271\270]\246\020\037\034\0050\335\0355\327"
 4233      B85DA610 
 4233      1F1C0530 
 4233      DD1D35D7 
 4234 008c 3454E6E4 		.ascii	"4T\346\344\177\354\027\370?5\013\314\213\323x@\367J"
 4234      7FEC17F8 
 4234      3F350BCC 
 4234      8BD37840 
 4234      F74A
 4235 009e 2EA67B04 		.ascii	".\246{\004\275\004\260\364\377\027eSb\227\3151\237H"
 4235      BD04B0F4 
ARM GAS  C:\Users\PUBLIC~1.LAP\AppData\Local\Temp\ccSvJTCD.s 			page 101


 4235      FF176553 
 4235      6297CD31 
 4235      9F48
 4236 00b0 642A3928 		.ascii	"d*9(\214\275\263\345mJ\017M\322Ny\240\326Z\327\240c"
 4236      8CBDB3E5 
 4236      6D4A0F4D 
 4236      D24E79A0 
 4236      D65AD7A0 
 4237 00c5 F967C078 		.ascii	"\371g\300xkS&\210l\310>g\244\371\346\037g,I\376\235"
 4237      6B532688 
 4237      6CC83E67 
 4237      A4F9E61F 
 4237      672C49FE 
 4238 00da 2D6FFF03 		.ascii	"-o\377\003\377D)\022\302\010\225\012U\204P\255\327I"
 4238      FF442912 
 4238      C208950A 
 4238      558450AD 
 4238      D749
 4239 00ec FCC0CE8A 		.ascii	"\374\300\316\212\345\222\007C!\006\310\305\362\304\257"
 4239      E5920743 
 4239      2106C8C5 
 4239      F2C4AF
 4240 00fb A5F2C40F 		.ascii	"\245\362\304\017\364Z*o\"\"D\205`\203\2114:X]X\270L"
 4240      F45A2A6F 
 4240      22224485 
 4240      60838934 
 4240      3A585D58 
 4241 0111 30F0158A 		.ascii	"0\360\025\212\247\011\000\177\231\"\023O\370\321\326"
 4241      A709007F 
 4241      9922134F 
 4241      F8D1D6
 4242 0120 3041BB26 		.ascii	"0A\273&\002bA\356\020&\3603\243\251\235O"
 4242      026241EE 
 4242      1026F033 
 4242      A3A99D4F 
 4243              		.text
 4244              		.section	.gnu.lto_set_address.3000.840c7bcd,"e",%progbits
 4245 0000 28B52FFD 		.ascii	"(\265/\375`\210\001m\017\000f\\fF\340\222*\035\222\034"
 4245      6088016D 
 4245      0F00665C 
 4245      6646E092 
 4245      2A1D921C 
 4246 0014 1AF1F2D7 		.ascii	"\032\361\362\327\027eB\224\242\305\243\315\336\231b"
 4246      17654294 
 4246      A2C5A3CD 
 4246      DE9962
 4247 0023 0D96FAC1 		.ascii	"\015\226\372\3011\177\302b\243\364\021C\264A\226\016"
 4247      317FC262 
 4247      A3F41143 
 4247      B441960E 
 4248 0033 A76BE34B 		.ascii	"\247k\343K:.\320\225=c<\203!>\232Bw\323\232ACg\021-"
 4248      3A2ED095 
 4248      3D633C83 
 4248      213E9A42 
 4248      77D39A41 
 4249 004b 5CF31D4D 		.ascii	"\\\363\035Mo\262\245L)Q\000M\000R\000\240]\030\272\034"
 4249      6FB2A54C 
ARM GAS  C:\Users\PUBLIC~1.LAP\AppData\Local\Temp\ccSvJTCD.s 			page 102


 4249      2951004D 
 4249      005200A0 
 4249      5D18BA1C 
 4250 005f BB38056E 		.ascii	"\2738\005n\360\371'\372\200\370\017>\024\377Yf\367\024"
 4250      F0F927FA 
 4250      80F80F3E 
 4250      14FF5966 
 4250      F714
 4251 0071 98511D1A 		.ascii	"\230Q\035\032\264 \273;\322\024\227\035j\312\374\347"
 4251      B420BB3B 
 4251      D214971D 
 4251      6ACAFCE7 
 4252 0081 1C54B3C5 		.ascii	"\034T\263\305\034\206\270\302\020\215n\027\300F\203"
 4252      1C86B8C2 
 4252      108D6E17 
 4252      C04683
 4253 0090 09763725 		.ascii	"\011v7%\236\363\354`\223\311\034y\260\273\316\232\015"
 4253      9EF3EC60 
 4253      93C91C79 
 4253      B0BBCE9A 
 4253      0D
 4254 00a1 C4FDDDB6 		.ascii	"\304\375\335\266\004\333\023\354\363\002\237\3355\335"
 4254      04DB13EC 
 4254      F3029FDD 
 4254      35DD
 4255 00af 5E600478 		.ascii	"^`\004x,\376\3710\361_\336<\342\277k\311\212\235Y\022"
 4255      2CFEF930 
 4255      F15FDE3C 
 4255      E2BF6BC9 
 4255      8A9D5912 
 4256 00c3 F173227A 		.ascii	"\361s\"zl\366l\\L\252\215}\270Zc\037\347\2170\255\232"
 4256      6CF66C5C 
 4256      4CAA8D7D 
 4256      B85A631F 
 4256      E78F30AD 
 4257 00d8 CE4C9FE4 		.ascii	"\316L\237\344\200\207\373\320\261\373\241\310\220\345"
 4257      8087FBD0 
 4257      B1FBA1C8 
 4257      90E5
 4258 00e6 F9765AD8 		.ascii	"\371vZ\330>\211\215@\346\344i\337\305_\310\216\003\343"
 4258      3E898D40 
 4258      E6E469DF 
 4258      C55FC88E 
 4258      03E3
 4259 00f8 A2195D1B 		.ascii	"\242\031]\033\330\354=w74:\2526>\206\250\212\322CK!"
 4259      D8EC3D77 
 4259      37343AAA 
 4259      363E86A8 
 4259      8AD2434B 
 4260 010d B651BF91 		.ascii	"\266Q\277\221\372\354\322L\276\015\016\253O,\376S\005"
 4260      FAECD24C 
 4260      BE0D0EAB 
 4260      4F2CFE53 
 4260      05
 4261 011e DD545E23 		.ascii	"\335T^#\366Q\320-\222\000\220Q\355V\206|\315\"\232\256"
 4261      F651D02D 
 4261      92009051 
ARM GAS  C:\Users\PUBLIC~1.LAP\AppData\Local\Temp\ccSvJTCD.s 			page 103


 4261      ED56867C 
 4261      CD229AAE 
 4262 0132 9F1B71B5 		.ascii	"\237\033q\265[>\303\245\211\243\366#\306q\256\022\025"
 4262      5B3EC3A5 
 4262      89A3F623 
 4262      C671AE12 
 4262      15
 4263 0143 BBEBC0D6 		.ascii	"\273\353\300\326p\031\257N\221VL\014J\252\025\223\220"
 4263      7019AF4E 
 4263      91564C0C 
 4263      4AAA1593 
 4263      90
 4264 0154 8BEA0583 		.ascii	"\213\352\005\203^\231\250^0\324\352\3455bI\261F/\327"
 4264      5E99A85E 
 4264      30D4EAE5 
 4264      356249B1 
 4264      462FD7
 4265 0167 A8028596 		.ascii	"\250\002\205\226\252\305B9\231J\013\\ZT6\234b,X\213"
 4265      AAC54239 
 4265      994A0B5C 
 4265      5A54369C 
 4265      622C588B 
 4266 017b 05952291 		.ascii	"\005\225\"\221N'\020J\270=\\\255\211p\202g\2463\353"
 4266      4E27104A 
 4266      B83D5CAD 
 4266      89708267 
 4266      A633EB
 4267 018e 53A26DE1 		.ascii	"S\242m\341\272\024\001< \317\231\330\201b\263\2470\224"
 4267      BA14013C 
 4267      20CF99D8 
 4267      8162B3A7 
 4267      3094
 4268 01a0 FF8518D5 		.ascii	"\377\205\030\325\252\016  0\002c\220\223=\023\365\261"
 4268      AA0E2020 
 4268      30026390 
 4268      933D13F5 
 4268      B1
 4269 01b1 893211AF 		.ascii	"\2112\021\257\246hg.\3005\235\236\340d4`E% \256\301"
 4269      A668672E 
 4269      C0359D9E 
 4269      E0643460 
 4269      452520AE 
 4270 01c6 DF78D85C 		.ascii	"\337x\330\\G\315\315\006\025\272\3574\214\014\214;\326"
 4270      47CDCD06 
 4270      15BAEF34 
 4270      8C0C8C3B 
 4270      D6
 4271 01d7 DE58AE04 		.ascii	"\336X\256\004\367\322\211\004\002$X\260(4y\030\236\037"
 4271      F7D28904 
 4271      022458B0 
 4271      28347918 
 4271      9E1F
 4272 01e9 1EDB42B1 		.ascii	"\036\333B\261\266\321\323\341y\223S\264\276\007"
 4272      B6D1D3E1 
 4272      799353B4 
 4272      BE07
 4273              		.text
ARM GAS  C:\Users\PUBLIC~1.LAP\AppData\Local\Temp\ccSvJTCD.s 			page 104


 4274              		.section	.gnu.lto_default_handler.3001.840c7bcd,"e",%progbits
 4275 0000 28B52FFD 		.ascii	"(\265/\375`0!-r\000\332\253\314&L0\020\352\031\003\307"
 4275      6030212D 
 4275      7200DAAB 
 4275      CC264C30 
 4275      10EA1903 
 4276 0015 989E1C10 		.ascii	"\230\236\034\020\240m\224\327c\220\177\003U\227\021"
 4276      A06D94D7 
 4276      63907F03 
 4276      559711
 4277 0024 44DA0130 		.ascii	"D\332\0010y/\012\261\011\002\350\262\015n\250\247DW"
 4277      792F0AB1 
 4277      0902E8B2 
 4277      0D6EA8A7 
 4277      4457
 4278 0036 F093DF03 		.ascii	"\360\223\337\003\013\254\225\020\000\304%W\302\260\220"
 4278      0BAC9510 
 4278      00C42557 
 4278      C2B090
 4279 0045 5D39EE69 		.ascii	"]9\356i\204\340K%\014\037\234\246I\031\355-Y\331;\245"
 4279      84E04B25 
 4279      0C1F9CA6 
 4279      4919ED2D 
 4279      59D93BA5 
 4280 0059 94026202 		.ascii	"\224\002b\002#\002\\\002\274|q~\251s\203\240b\0267x"
 4280      23025C02 
 4280      BC7C717E 
 4280      A97383A0 
 4280      62163778 
 4281 006d D3E47D69 		.ascii	"\323\344}iTJ\276\205\314>\265\376\353\216k\356!\375"
 4281      544ABE85 
 4281      CC3EB5FE 
 4281      EB8E6BEE 
 4281      21FD
 4282 007f C75D84A1 		.ascii	"\307]\204\241\034\243\371\250\3137\007\324\233\"\022"
 4282      1CA3F9A8 
 4282      CB3707D4 
 4282      9B2212
 4283 008e 9137BB7B 		.ascii	"\2217\273{k\277\276#+\016\036Q\200\306F\270x\373!u\337"
 4283      6BBFBE23 
 4283      2B0E1E51 
 4283      80C646B8 
 4283      78FB2175 
 4284 00a3 91032FBC 		.ascii	"\221\003/\274f\210R\351\034\202\304-\004(\307\010\346"
 4284      668852E9 
 4284      1C82C42D 
 4284      0428C708 
 4284      E6
 4285 00b4 16C21D43 		.ascii	"\026\302\035C\357!5\037uZ\255\033!\266B\325\243\244"
 4285      EF21351F 
 4285      755AAD1B 
 4285      21B642D5 
 4285      A3A4
 4286 00c6 B3992EDE 		.ascii	"\263\231.\3360-^\35315\226\2335\034Ij \\\203w7)\266"
 4286      302D5EEB 
 4286      3135969B 
 4286      351C496A 
ARM GAS  C:\Users\PUBLIC~1.LAP\AppData\Local\Temp\ccSvJTCD.s 			page 105


 4286      205C8377 
 4287 00dd 41C3C0CD 		.ascii	"A\303\300\315\301\273\257\245\316\343\366K\011UZ\007"
 4287      C1BBAFA5 
 4287      CEE3F64B 
 4287      09555A07 
 4288 00ed 3DC70D44 		.ascii	"=\307\015D\315,\016\217\211\271_`\206r\213\266\343\246"
 4288      CD2C0E8F 
 4288      89B95F60 
 4288      86728BB6 
 4288      E3A6
 4289 00ff A25753BB 		.ascii	"\242WS\273\300\315\311\273\311\017\272\005n\342\335"
 4289      C0CDC9BB 
 4289      C90FBA05 
 4289      6EE2DD
 4290 010e 7D893D75 		.ascii	"}\211=u\035\267_E\354\322\342\242z\216\177K\360\361"
 4290      1DB75F45 
 4290      ECD2E2A2 
 4290      7A8E7F4B 
 4290      F0F1
 4291 0120 7D5F6833 		.ascii	"}_h3\271\351Z0C\233\371\3141\270\345\030\372\2438\202"
 4291      B9E95A30 
 4291      439BF9CC 
 4291      31B8E518 
 4291      FAA33882 
 4292 0134 39EE8573 		.ascii	"9\356\205s*+J\002U\217(\357[\367\241\231\014\201\363"
 4292      2A2B4A02 
 4292      558F28EF 
 4292      5BF7A199 
 4292      0C81F3
 4293 0147 C770843B 		.ascii	"\307p\204;s\2775\\\214f\001\006?\3377\356\210\220\367"
 4293      73BF355C 
 4293      8C660106 
 4293      3FDF37EE 
 4293      8890F7
 4294 015a AD03C104 		.ascii	"\255\003\301\0048\2339m\231\266\231\313\206i\233\311"
 4294      389B396D 
 4294      99B699CB 
 4294      86699BC9 
 4295 016a CC5C4440 		.ascii	"\314\\D@\014vk\254\232TC\212T=\276o\035\321\237\320"
 4295      0C766BAC 
 4295      9A54438A 
 4295      543DBE6F 
 4295      1DD19FD0 
 4296 017e 6E7F10F2 		.ascii	"n\177\020\362\320!\010\350\307\207C\017\317t\303\216"
 4296      D02108E8 
 4296      C787430F 
 4296      CF74C38E 
 4297 018e 4E0ECE8D 		.ascii	"N\016\316\215M\015\315\214L\014\314\213\324%\332\302"
 4297      4D0DCD8C 
 4297      4C0CCC8B 
 4297      D425DAC2 
 4298 019e B2025579 		.ascii	"\262\002Uy:\233-s\371\356rO\365\2079F!\0172t\007$G<"
 4298      3A9B2D73 
 4298      F9EE724F 
 4298      F5873946 
 4298      210F3274 
 4299 01b6 48063E07 		.ascii	"H\006>\007\332\373\211s\364\341\320$a\266\025\244{\364"
ARM GAS  C:\Users\PUBLIC~1.LAP\AppData\Local\Temp\ccSvJTCD.s 			page 106


 4299      DAFB8973 
 4299      F4E1D024 
 4299      61B615A4 
 4299      7BF4
 4300 01c8 B0CE1364 		.ascii	"\260\316\023d9e\313\002\342\323\245P6\013\206\245\214"
 4300      3965CB02 
 4300      E2D3A550 
 4300      360B86A5 
 4300      8C
 4301 01d9 210EC50D 		.ascii	"!\016\305\015#\364v\340\222\350\314\311\345\030`\207"
 4301      23F476E0 
 4301      92E8CCC9 
 4301      E5186087 
 4302 01e9 23448DF0 		.ascii	"#D\215\360\246\225\271\2662,\2642:\376v\\\275\315\362"
 4302      A695B9B6 
 4302      322CB432 
 4302      3AFE765C 
 4302      BDCDF2
 4303 01fc C7108762 		.ascii	"\307\020\207bg\263\342\2267c\201\\\315\226\005\3475"
 4303      67B3E296 
 4303      3763815C 
 4303      CD9605E7 
 4303      35
 4304 020d 4334DEC3 		.ascii	"C4\336\303o&\205\226I\241\207\307d\263RXNy\330\262x"
 4304      6F268596 
 4304      49A187C7 
 4304      64B35258 
 4304      4E79D8B2 
 4305 0222 38CC8E7E 		.ascii	"8\314\216~Y\302|\005a\002\000\2236\260f\313\322\341"
 4305      59C27C05 
 4305      61020093 
 4305      36B066CB 
 4305      D2E1
 4306 0234 D21D69EE 		.ascii	"\322\035i\3562%\352\001\260e9\300\012!\304\320\331\254"
 4306      3225EA01 
 4306      B06539C0 
 4306      0A21C4D0 
 4306      D9AC
 4307 0246 B1251488 		.ascii	"\261%\024\210c\033T\353\312Y\310\034Wx\314\266\304\032"
 4307      631B54EB 
 4307      CA59C81C 
 4307      5778CCB6 
 4307      C41A
 4308 0258 BA14C0EA 		.ascii	"\272\024\300\352Q\254\263Yb\313\225H\253\222f\313\012"
 4308      51ACB359 
 4308      62CB9548 
 4308      AB9266CB 
 4308      0A
 4309 0269 73151DC6 		.ascii	"s\025\035\306'[\326\227;\343\304\2404\333e\021Vk\257"
 4309      275BD697 
 4309      3BE3C4A0 
 4309      34DB6511 
 4309      566BAF
 4310 027c 45EB6AC9 		.ascii	"E\353j\311\342\366\204\255\345\332E\320\262:\263\253"
 4310      E2F684AD 
 4310      E5DA45D0 
 4310      B23AB3AB 
ARM GAS  C:\Users\PUBLIC~1.LAP\AppData\Local\Temp\ccSvJTCD.s 			page 107


 4311 028c 80BD6CB9 		.ascii	"\200\275l\271^\276\2059biq\365\347 \273\001\026\203"
 4311      5EBE8539 
 4311      626971F5 
 4311      E720BB01 
 4311      1683
 4312 029e 179DD55B 		.ascii	"\027\235\325[\233e\251Q\265L\035\177;T\264\256V\274"
 4312      9B65A951 
 4312      B54C1D7F 
 4312      3B54B4AE 
 4312      56BC
 4313 02b0 49E27D5F 		.ascii	"I\342}_v,\255\255f\000\232\371Q0\367\022\263\216R\335"
 4313      762CADAD 
 4313      66009AF9 
 4313      5130F712 
 4313      B38E52DD 
 4314 02c4 793E9C9F 		.ascii	"y>\234\237\027\006g\226\325fLv\324\212\035}\336\027"
 4314      17066796 
 4314      D5664C76 
 4314      D48A1D7D 
 4314      DE17
 4315 02d6 F4C1A82C 		.ascii	"\364\301\250,\207_9\331\324V\345\241\357K\254^6\250"
 4315      875F39D9 
 4315      D456E5A1 
 4315      EF4BAC5E 
 4315      36A8
 4316 02e8 2ACF8238 		.ascii	"*\317\2028WuJh\236\015'\344\230c\263\260\231Dw\233`"
 4316      57754A68 
 4316      9E0D27E4 
 4316      9863B3B0 
 4316      9944779B 
 4317 02fd E5336CDB 		.ascii	"\3453l\333\275\266\317Oa\207X\345\220\274\345\\\356"
 4317      BDB6CF4F 
 4317      618758E5 
 4317      90BCE55C 
 4317      EE
 4318 030e 75C64B70 		.ascii	"u\306Kp\351Z\0169\260m\346\363g\322\372\362\272f\350"
 4318      E95A0E39 
 4318      B06DE6F3 
 4318      67D2FAF2 
 4318      BA66E8
 4319 0321 C6AB64FE 		.ascii	"\306\253d\376Y\373\340\343Z\331\322\361&'\315\270]\037"
 4319      59FBE0E3 
 4319      5AD9D2F1 
 4319      2627CDB8 
 4319      5D1F
 4320 0333 6A4EC3F5 		.ascii	"jN\303\365\341\355\272\265\314n\233\217\340\272\325"
 4320      E1EDBAB5 
 4320      CC6E9B8F 
 4320      E0BAD5
 4321 0342 D0E37C66 		.ascii	"\320\343|f\367\207c\0355\326\242\207P\201\023\213\331"
 4321      F787631D 
 4321      35D6A287 
 4321      5081138B 
 4321      D9
 4322 0353 85732BD5 		.ascii	"\205s+\325\351\374\306\252\341xS\262\335J)\234rI\241"
 4322      E9FCC6AA 
 4322      E17853B2 
ARM GAS  C:\Users\PUBLIC~1.LAP\AppData\Local\Temp\ccSvJTCD.s 			page 108


 4322      DD4A299C 
 4322      7249A1
 4323 0366 3F1D7FCF 		.ascii	"?\035\177\317n\305\211\376\304\253\246\332\035Z\257"
 4323      6EC589FE 
 4323      C4ABA6DA 
 4323      1D5AAF
 4324 0375 B253BDE4 		.ascii	"\262S\275\344\250d\177]^\261)-\331\223+\357\312T\345"
 4324      A8647F5D 
 4324      5EB1292D 
 4324      D9932BEF 
 4324      CA54E5
 4325 0388 2337A4CA 		.ascii	"#7\244\312K\205\330\310-\245j\345[\344fl_\252#P\270"
 4325      4B85D8C8 
 4325      2DA56AE5 
 4325      5BE4666C 
 4325      5FAA2350 
 4326 039d A354AD6A 		.ascii	"\243T\255j\212\334N^*:D\356D\237\201\011w\223\266\002"
 4326      8ADC4E5E 
 4326      2A3A44EE 
 4326      449F8109 
 4326      7793B602 
 4327 03b1 5C7BCB92 		.ascii	"\\{\313\222p+\341Dgwh\233\311\216\365R]\327\332\220"
 4327      702BE144 
 4327      6777689B 
 4327      C98EF552 
 4327      5DD7DA90 
 4328 03c5 9913BFD2 		.ascii	"\231\023\277\322\353}\247z\214\023\035\353}\233\331"
 4328      EB7DA77A 
 4328      8C131DEB 
 4328      7D9BD9
 4329 03d4 FC9A2762 		.ascii	"\374\232'b\357\230Or\373\377\315o\3120>+\227\263\031"
 4329      EF984F72 
 4329      FBFFCD6F 
 4329      CA303E2B 
 4329      97B319
 4330 03e7 B0657EFB 		.ascii	"\260e~\373\313\306+\311\3453\277\235X)\253 zPp\371O"
 4330      CBC62BC9 
 4330      E533BF9D 
 4330      5829AB20 
 4330      7A5070F9 
 4331 03fc 1304E112 		.ascii	"\023\004\341\022\370\377\226\353\230F+e\265\262u\332"
 4331      F8FF96EB 
 4331      98462B65 
 4331      B5B275DA 
 4332 040c FE049EDD 		.ascii	"\376\004\236\335\352E\345\224\000\264\014\356\365'\007"
 4332      EA45E594 
 4332      00B40CEE 
 4332      F52707
 4333 041b B32BD748 		.ascii	"\263+\327H\\:\347\373\276\"\216\270`F:\207<`\264\315"
 4333      5C3AE7FB 
 4333      BE228EB8 
 4333      60463A87 
 4333      3C60B4CD 
 4334 042f ECFF49EB 		.ascii	"\354\377I\353\253:%\267QZ\256\237x\200\331\327#\231"
 4334      AB3A25B7 
 4334      515AAE9F 
 4334      7880D9D7 
ARM GAS  C:\Users\PUBLIC~1.LAP\AppData\Local\Temp\ccSvJTCD.s 			page 109


 4334      2399
 4335 0441 EBA8FCCF 		.ascii	"\353\250\374\317\230\373+++\011\371q0K\235a\364_\263"
 4335      98FB2B2B 
 4335      2B09F971 
 4335      304B9D61 
 4335      F45FB3
 4336 0454 8B1DE716 		.ascii	"\213\035\347\026;\316,v\234\243t\234\241t\234\237\244"
 4336      3BCE2C76 
 4336      9CA3749C 
 4336      A1749C9F 
 4336      A4
 4337 0465 CE4E1DD7 		.ascii	"\316N\035\327lB\352\274\200\324\331H\352\234@\263\320"
 4337      6C42EABC 
 4337      80D4D948 
 4337      EA9C40B3 
 4337      D0
 4338 0476 5DC4CE42 		.ascii	"]\304\316B8\316\036\244\316ARg \034\347\037\251\263"
 4338      38CE1EA4 
 4338      CE415267 
 4338      201CE71F 
 4338      A9B3
 4339 0488 8FD49943 		.ascii	"\217\324\231C\216s\217\324\231'\307y*u\336\200\343\274"
 4339      8E738FD4 
 4339      9927C779 
 4339      2A75DE80 
 4339      E3BC
 4340 049a 2375D6B9 		.ascii	"#u\326\271q\316\221q\306\221:\337\3348\333\3108\327"
 4340      71CE9171 
 4340      C6913ADF 
 4340      DC38DBC8 
 4340      38D7
 4341 04ac D838D3B8 		.ascii	"\3308\323\2708\317\3248\313\3208\307H\235a\244\316/"
 4341      38CFD438 
 4341      CBD038C7 
 4341      489D61A4 
 4341      CE2F
 4342 04be 33CE5219 		.ascii	"3\316R\031g\227\030\347h\214sK\2143\213\324y%\306\031"
 4342      679718E7 
 4342      688C734B 
 4342      8C338BD4 
 4342      7925C619 
 4343 04d2 1AE3AC22 		.ascii	"\032\343\254\"u~\3028;_\234\233/\316\355\2133S\352\001"
 4343      757EC238 
 4343      3B5F9C9B 
 4343      2FCEED8B 
 4343      3353EA01 
 4344 04e6 0F43C2BF 		.ascii	"\017C\302\277\335\251\266\350\331\346yj\365o\267V\206"
 4344      DDA9B6E8 
 4344      D9E6796A 
 4344      F56FB756 
 4344      86
 4345 04f7 752F2E55 		.ascii	"u/.Uk\363%\022\253\034\322\312!]+\004.\232\315?\035"
 4345      6BF32512 
 4345      AB1CD2CA 
 4345      215D2B04 
 4345      2E9ACD3F 
 4346 050c 29A8F9E7 		.ascii	")\250\371\347\234\236\326\327\340\322\230Y\301Vfip\257"
ARM GAS  C:\Users\PUBLIC~1.LAP\AppData\Local\Temp\ccSvJTCD.s 			page 110


 4346      9C9ED6D7 
 4346      E0D29859 
 4346      C1566669 
 4346      70AF
 4347 051e 3B877332 		.ascii	";\207s2\240\030\352\365\023k\003\273\345\007\204\256"
 4347      A018EAF5 
 4347      136B03BB 
 4347      E50784AE 
 4348 052e 261B0643 		.ascii	"&\033\006C\277\024fkL\371\031\203\314\372\2149\346-"
 4348      BF14666B 
 4348      4CF91983 
 4348      CCFA8C39 
 4348      E62D
 4349 0540 36D1C293 		.ascii	"6\321\302\223\234\201\306\250\022)\203\001\2648\031"
 4349      9C81C6A8 
 4349      12298301 
 4349      B43819
 4350 054f 8B1BC6C8 		.ascii	"\213\033\306\310\320\006\305\270\226,\276\212\314\374"
 4350      D006C5B8 
 4350      962CBE8A 
 4350      CCFC
 4351 055d 7445705E 		.ascii	"tEp^9\222\240f\272\020n\346\236)\257\344~\241\237X\271"
 4351      3992A066 
 4351      BA106EE6 
 4351      9E29AFE4 
 4351      7EA19F58 
 4352 0572 AC5DF70D 		.ascii	"\254]\367\015\354\333\031\032\243\017\027n$!tl\241\273"
 4352      ECDB191A 
 4352      A30F176E 
 4352      2421746C 
 4352      A1BB
 4353 0584 06D9A28D 		.ascii	"\006\331\242\215\306\036\014\253\353\2561V\203k\011"
 4353      C61E0CAB 
 4353      EBAE3156 
 4353      836B09
 4354 0593 630D13C0 		.ascii	"c\015\023\300\227B&Ef\2401\256`\035\245\313vi\2644\317"
 4354      97422645 
 4354      66A031AE 
 4354      601DA5CB 
 4354      7669B434 
 4355 05a8 813BC311 		.ascii	"\201;\303\021]\0324\037E\234{,\243Ouc\207\270\32056"
 4355      5D1A341F 
 4355      459C7B2C 
 4355      A34F7563 
 4355      87B8D035 
 4356 05bd 692533D9 		.ascii	"i%3\331\302#-'t\2573X9\312n,\\\324\261?Z\037\2022\017"
 4356      C2232D27 
 4356      74AF3358 
 4356      39CA6E2C 
 4356      5CD4B13F 
 4357 05d6 E8BA95E0 		.ascii	"\350\272\225\340H\334.\231\177\316\305\030\261\341\177"
 4357      48DC2E99 
 4357      7FCEC518 
 4357      B1E17F
 4358 05e5 EE171129 		.ascii	"\356\027\021))nX\314?\347\260m=\220km-/Z\023\216\015"
 4358      296E58CC 
 4358      3FE7B06D 
ARM GAS  C:\Users\PUBLIC~1.LAP\AppData\Local\Temp\ccSvJTCD.s 			page 111


 4358      3D906B6D 
 4358      2D2F5A13 
 4359 05fb 33F11D17 		.ascii	"3\361\035\027\200\273x\230\177\371\242g\351\233\370"
 4359      80BB7898 
 4359      7FF9A267 
 4359      E99BF8
 4360 060a A9F55FE6 		.ascii	"\251\365_\346\376\353\226\353\236\201\325U\310BC\326"
 4360      FEEB96EB 
 4360      9E81D555 
 4360      C84243D6 
 4361 061a C5F75FB7 		.ascii	"\305\367_\267x\027,>\352[|[\271\026x\026\337P\037\365"
 4361      78172C3E 
 4361      EA5B7C5B 
 4361      B9167816 
 4361      DF501FF5 
 4362 062e 04582909 		.ascii	"\004X)\011\373\351\241\336\033\257$\235\376\351;\006"
 4362      FBE9A1DE 
 4362      1BAF249D 
 4362      FEE93B06 
 4363 063e 2B651FA4 		.ascii	"+e\037\244\023\013a\3665\"\025I\275\352\277\216\226"
 4363      130B61F6 
 4363      35221549 
 4363      BDEABF8E 
 4363      96
 4364 064f 559DCF05 		.ascii	"U\235\317\005s\257\334<\370\261\217\332f.\360.(\002"
 4364      73AFDC3C 
 4364      F8B18FDA 
 4364      662EF02E 
 4364      2802
 4365 0661 98912287 		.ascii	"\230\221\"\207\341H\202\366k\013\312\252\201E\372\004"
 4365      E14882F6 
 4365      6B0BCAAA 
 4365      8145FA04 
 4366 0671 92EC4BA4 		.ascii	"\222\354K\244\237hF\222x^\267_O\253s\036\344\350\315"
 4366      9F684692 
 4366      785EB75F 
 4366      4FAB731E 
 4366      E4E8CD
 4367 0684 EEDE80B8 		.ascii	"\356\336\200\270\236{\355\027\232\211\215n\341\2755"
 4367      9E7BED17 
 4367      9A898D6E 
 4367      E1BD35
 4368 0693 07BA647C 		.ascii	"\007\272d|\344.4\252\350(\243\274\357\033bZ\365H<\367"
 4368      E42E34AA 
 4368      E828A3BC 
 4368      EF1B625A 
 4368      F5483CF7 
 4369 06a7 FA66776F 		.ascii	"\372fwow\320\354\335#\314?\207\334\316\275\262\270 "
 4369      77D0ECDD 
 4369      23CC3F87 
 4369      DCCEBDB2 
 4369      B820
 4370 06b9 22C7CBB3 		.ascii	"\"\307\313\263\244\365UM\360:\027\207\363}\253D\260"
 4370      A4F5554D 
 4370      F03A1787 
 4370      F37DAB44 
 4370      B0
ARM GAS  C:\Users\PUBLIC~1.LAP\AppData\Local\Temp\ccSvJTCD.s 			page 112


 4371 06ca D361E0A2 		.ascii	"\323a\340\2429)h\233)}\232\264\271*\012.G\201\313G\323"
 4371      3929689B 
 4371      297D9AB4 
 4371      B92A0A2E 
 4371      4781CB47 
 4372 06df E6B05D91 		.ascii	"\346\260]\221\335y\225,\2367\351v\205\373\321\270\362"
 4372      DD79952C 
 4372      9E37E976 
 4372      85FBD1B8 
 4372      F2
 4373 06f0 C18B76B8 		.ascii	"\301\213v\270=\274\261xZ\365/\177\036\015C\324\234@"
 4373      3DBCB178 
 4373      5AF52F7F 
 4373      1E0D43D4 
 4373      9C40
 4374 0702 55DE0E6A 		.ascii	"U\336\016j\243\316\326{\336\026T\000\207p\301\214\270"
 4374      A3CED67B 
 4374      DE165400 
 4374      8770C18C 
 4374      B8
 4375 0713 59167D04 		.ascii	"Y\026}\004\322\204\010:v\347\371\251\310\255\271>\312"
 4375      D284083A 
 4375      76E7F9A9 
 4375      C8ADB93E 
 4375      CA
 4376 0724 3A05D7ED 		.ascii	":\005\327\355F\363\270\266\350\360\016jY\276\205\013"
 4376      46F3B8B6 
 4376      E8F00E6A 
 4376      59BE850B 
 4377 0734 0516B8E7 		.ascii	"\005\026\270\347\237qW\257\240\235\255\374\240!\274"
 4377      9F7157AF 
 4377      A09DADFC 
 4377      A021BC
 4378 0743 344D7AE1 		.ascii	"4Mz\341\324\304\224\304\324\344\245i\006KO+\250NV\032"
 4378      D4C494C4 
 4378      D4E4A569 
 4378      064B4F2B 
 4378      A84E561A 
 4379 0757 A2523738 		.ascii	"\242R78zZzbz\200(\311\251\251\004\021\212\007P\234("
 4379      7A5A7A62 
 4379      7A8028C9 
 4379      A9A90411 
 4379      8A07509C 
 4380 076c 4104E522 		.ascii	"A\004\345\"\011\202\025\335B\311Yi(\311\251\211\252"
 4380      098215DD 
 4380      42C95969 
 4380      28C9A989 
 4380      AA
 4381 077d 44253A01 		.ascii	"D%:\001B\004\213\023\023\030\021=A95\255 \362\240\211"
 4381      42048B13 
 4381      1318113D 
 4381      413935AD 
 4381      20F2A089 
 4382 0791 89A989AA 		.ascii	"\211\251\211\252\000+\015=\275xR\242\022%e\020\245\202"
 4382      002B0D3D 
 4382      BD7852A2 
 4382      12256510 
ARM GAS  C:\Users\PUBLIC~1.LAP\AppData\Local\Temp\ccSvJTCD.s 			page 113


 4382      A582
 4383 07a3 EAC11211 		.ascii	"\352\301\022\021\224\223\000\2544\264\344\001\010('"
 4383      949300AC 
 4383      34B4E401 
 4383      082827
 4384 07b2 2215484F 		.ascii	"\"\025HOM\005\254\310\300\031)\204\006\"\006(J\241\301"
 4384      4D05ACC8 
 4384      C0192984 
 4384      06220628 
 4384      4AA1C1
 4385 07c5 10CC8A14 		.ascii	"\020\314\212\024OQK\246\016\245x"
 4385      4F514BA6 
 4385      0EA578
 4386 07d0 8A3AA23A 		.ascii	"\212:\242:=\021\251@R\"zj\"B\021\301R\212%\245\022\027"
 4386      3D11A940 
 4386      52227A6A 
 4386      224211C1 
 4386      528A25A5 
 4387 07e6 88280A60 		.ascii	"\210(\012`\005S\022\324\005/\224\242\226T\034!\205\010"
 4387      055312D4 
 4387      052F94A2 
 4387      96541C21 
 4387      8508
 4388 07f8 71C10813 		.ascii	"q\301\010\023Eu\325^\366\343\340\003\244\264\334n\033"
 4388      4575D55E 
 4388      F6E3E003 
 4388      A4B4DC6E 
 4388      1B
 4389 0809 E5C79365 		.ascii	"\345\307\223e\267\333\012=\0263\013\275\177\225\231"
 4389      B7DB0A3D 
 4389      16330BBD 
 4389      7F9599
 4390 0818 C4F283A0 		.ascii	"\304\362\203\240b\342!\240\220\021!\021\017F\206|t\035"
 4390      62E221A0 
 4390      90112111 
 4390      0F46867C 
 4390      741D
 4391 082a 3C04BD07 		.ascii	"<\004\275\007>\271\240?\373\"m\364\177\035\364FJ\222"
 4391      3EB9A03F 
 4391      FB226DF4 
 4391      7F1DF446 
 4391      4A92
 4392 083c 04F15D81 		.ascii	"\004\361]\201\200\014\335\353\314\027\002\361\265\325"
 4392      800CDDEB 
 4392      CC1702F1 
 4392      B5D5
 4393 084a D0CD47F6 		.ascii	"\320\315G\366\303wc0P\006\2760\237$Q.\024\322\2728\234"
 4393      C3776330 
 4393      5006BE30 
 4393      9F24512E 
 4393      14D2BA38 
 4394 085f 70182FD5 		.ascii	"p\030/\325D\012qe\257\222\231m\314\353\011\353\237\347"
 4394      440A7165 
 4394      AF92996D 
 4394      CCEB09EB 
 4394      9FE7
 4395 0871 C02ED0E7 		.ascii	"\300.\320\347\177~\271\304JY\235l\301\032\013\344\321"
ARM GAS  C:\Users\PUBLIC~1.LAP\AppData\Local\Temp\ccSvJTCD.s 			page 114


 4395      7F7EB9C4 
 4395      4A599D6C 
 4395      C11A0BE4 
 4395      D1
 4396 0882 696138B3 		.ascii	"ia8\263v\211\321\326i}\036\006\021?\237\275)9\\roS\016"
 4396      7689D1D6 
 4396      697D1E06 
 4396      113F9FBD 
 4396      29395C72 
 4397 0899 9FC22EF1 		.ascii	"\237\302.\361\207\274\020\016{\214O\272\367\0107\370"
 4397      87BC100E 
 4397      7B8C4FBA 
 4397      F70837F8 
 4398 08a9 ED05C102 		.ascii	"\355\005\301\002\311\333\243\273\366\357]w\366\340\356"
 4398      C9DBA3BB 
 4398      F6EF5D77 
 4398      F6E0EE
 4399 08b8 EC5AA89B 		.ascii	"\354Z\250\233\333s\203\353\2265'\233UR'\216\377\314"
 4399      DB7383EB 
 4399      9635279B 
 4399      5552278E 
 4399      FFCC
 4400 08ca 7A8305AB 		.ascii	"z\203\005\253\327\332[\366w\244\207g\206\236\237Z\211"
 4400      D7DA5BF6 
 4400      77A48767 
 4400      869E9F5A 
 4400      89
 4401 08db B5CEF3EC 		.ascii	"\265\316\363\354\221\331\324\260\301\230\263\247\265"
 4401      91D9D4B0 
 4401      C198B3A7 
 4401      B5
 4402 08e8 820A6C3E 		.ascii	"\202\012l>\234\250M\232\365\353A\342\254\3509\266]="
 4402      9CA84D9A 
 4402      F5EB41E2 
 4402      ACE839B6 
 4402      5D3D
 4403 08fa 76A4E580 		.ascii	"v\244\345\200r\002\343\2235t\220\231\270&\345\346\317"
 4403      7202E393 
 4403      35749099 
 4403      B826E5E6 
 4403      CF
 4404 090b FEAC01C9 		.ascii	"\376\254\001\311/\3437\241\001+(w\323\217\226U\371$"
 4404      2FE337A1 
 4404      012B2877 
 4404      D38F9655 
 4404      F924
 4405 091d 37E01B5E 		.ascii	"7\340\033^\212Q\252\321\033k\372\321\226rlu~\303\367"
 4405      8A51AAD1 
 4405      1B6BFAD1 
 4405      96726C75 
 4405      7EC3F7
 4406 0930 A4D58B4A 		.ascii	"\244\325\213JPJ\267\225\304\346\201v\347S\330\005\352"
 4406      504AB795 
 4406      C4E68176 
 4406      E753D805 
 4406      EA
 4407 0941 FCCE2FFF 		.ascii	"\374\316/\377\254\224\017\346^g\016\377+\252\3633\210"
ARM GAS  C:\Users\PUBLIC~1.LAP\AppData\Local\Temp\ccSvJTCD.s 			page 115


 4407      AC940FE6 
 4407      5E670EFF 
 4407      2BAAF333 
 4407      88
 4408 0952 7D8087DD 		.ascii	"}\200\207\335zFj\376 m\314\350r\335\276\004\251I\347"
 4408      7A466AFE 
 4408      206DCCE8 
 4408      72DDBE04 
 4408      A949E7
 4409 0965 FB5E3516 		.ascii	"\373^5\026\277\326oIA.Yj\012\226\324d\333\314\247QC"
 4409      BFD66F49 
 4409      412E596A 
 4409      0A96D464 
 4409      DBCCA751 
 4410 097a 6FC8926E 		.ascii	"o\310\222n\275\0374zn?\343Ex\031\256\3276e\306sZ\034"
 4410      BD1F347A 
 4410      6E3FE345 
 4410      7819AED7 
 4410      3665C673 
 4411 0990 AF833291 		.ascii	"\257\2032\221\235\363W\016\344|\025\316\215\304\376"
 4411      9DF3570E 
 4411      E47C15CE 
 4411      8DC4FE
 4412 099f 6AD8CDFF 		.ascii	"j\330\315\377\373N\260\026\277b\026\373\3469\260K\244"
 4412      FB4EB016 
 4412      BF6216FB 
 4412      E639B04B 
 4412      A4
 4413 09b0 74AF3493 		.ascii	"t\2574\223\2077O\223\326\247\327\225\2554{=2\202x\250"
 4413      87374F93 
 4413      D6A7D795 
 4413      AD347B3D 
 4413      328278A8 
 4414 09c4 C248494C 		.ascii	"\302HILb\304\020\215\210H\222\244\220\341\302\013\020"
 4414      62C4108D 
 4414      884892A4 
 4414      90E1C20B 
 4414      10
 4415 09d5 884249A9 		.ascii	"\210BI\251-\364\022\000S\201\216F9b\2341\"2$\"\"I\222"
 4415      2DF41200 
 4415      53818E46 
 4415      39629C31 
 4415      22322422 
 4416 09ec 24290ED3 		.ascii	"$)\016\323(,AYX\376\245\243\0174\267\273\335\337\370"
 4416      282C4159 
 4416      58FEA5A3 
 4416      0F34B7BB 
 4416      DDDFF8
 4417 09ff 2B7154EA 		.ascii	"+qT\352\364\236\011\007;^\235\374\260\265\235V(\262"
 4417      F49E0907 
 4417      3B5E9DFC 
 4417      B0B59D56 
 4417      28B2
 4418 0a11 B354BF72 		.ascii	"\263T\277r\233V\251\254\326\265\363\255\277a\375>\375"
 4418      9B56A9AC 
 4418      D6B5F3AD 
 4418      BF61FD3E 
ARM GAS  C:\Users\PUBLIC~1.LAP\AppData\Local\Temp\ccSvJTCD.s 			page 116


 4418      FD
 4419 0a22 9CE78E26 		.ascii	"\234\347\216&\3312\201?z\346{\257\236SB\363\271L\235"
 4419      D932813F 
 4419      7AE67BAF 
 4419      9E5342F3 
 4419      B94C9D
 4420 0a35 1EB4F7F8 		.ascii	"\036\264\367\370\310\216\260u\322\351\320O\224\335\364"
 4420      C88EB075 
 4420      D2E9D04F 
 4420      94DDF4
 4421 0a44 CD13BC7E 		.ascii	"\315\023\274~\210-l\3340\366\316\320\331j\322]\244\012"
 4421      882D6CDC 
 4421      30F6CED0 
 4421      D96AD25D 
 4421      A40A
 4422 0a56 F60EC6A0 		.ascii	"\366\016\306\240\004:\207*]`\252\033\035\265\037c\352"
 4422      043A872A 
 4422      5D60AA1B 
 4422      1DB51F63 
 4422      EA
 4423 0a67 A75BE6B0 		.ascii	"\247[\346\260\264~\010E\256\246vK\266\353\325\2202\372"
 4423      B47E0845 
 4423      AEA6764B 
 4423      B6EBD590 
 4423      32FA
 4424 0a79 34911246 		.ascii	"4\221\022F\222&~}H\252\023\331\024\371\032\246N\024"
 4424      92267E7D 
 4424      48AA13D9 
 4424      14F91AA6 
 4424      4E14
 4425 0a8b 69159EFA 		.ascii	"i\025\236\372Q\360\244\350\235\021\312\243\347\003B"
 4425      51F0A4E8 
 4425      9D11CAA3 
 4425      E70342
 4426 0a9a 511FC9CF 		.ascii	"Q\037\311\317N%\246\300=\005\210\301\217\275\030\254"
 4426      4E25A6C0 
 4426      3D0588C1 
 4426      8FBD18AC 
 4427 0aaa 7FB12049 		.ascii	"\177\261 I\251\201\255Bow\003p\036\303\006Y\337\007"
 4427      A981AD42 
 4427      6F770370 
 4427      1EC30659 
 4427      DF07
 4428 0abc C31006A8 		.ascii	"\303\020\006\250\243\356X\265Q\017\274\310\256\325P"
 4428      A3EE58B5 
 4428      510FBCC8 
 4428      AED550
 4429 0acb 02B372EE 		.ascii	"\002\263r\356\234\317\016\246$\013\304M>\274\021\316"
 4429      9CCF0EA6 
 4429      240BC44D 
 4429      3EBC11CE 
 4430 0adb 580914E7 		.ascii	"X\011\024\347\010\0167\002\242\356\302QhHy\356L\330"
 4430      080E3702 
 4430      A2EEC251 
 4430      684879EE 
 4430      4CD8
 4431 0aed E12AB2AD 		.ascii	"\341*\262\255I\"[\035V%.\250!\010&\300.\320\201j\261"
ARM GAS  C:\Users\PUBLIC~1.LAP\AppData\Local\Temp\ccSvJTCD.s 			page 117


 4431      49225B1D 
 4431      56252EA8 
 4431      210826C0 
 4431      2ED0816A 
 4432 0b02 28C6D3B9 		.ascii	"(\306\323\271A\306\347\276\343\024\020?\361\021\320"
 4432      41C6E7BE 
 4432      E314103F 
 4432      F111D0
 4433 0b11 2D27AD7A 		.ascii	"-'\255z\201\326\024\037\337x\222\346*\243\320\246\036"
 4433      81D6141F 
 4433      DF7892E6 
 4433      2AA3D0A6 
 4433      1E
 4434 0b22 720CF3A2 		.ascii	"r\014\363\242\016j3\274\246\333h\216'\032p\267\020\312"
 4434      0E6A33BC 
 4434      A6DB688E 
 4434      271A70B7 
 4434      10CA
 4435 0b34 E3296BD9 		.ascii	"\343)k\331j\"\024\205\032\036\262\270\210\252\250P&"
 4435      6A221485 
 4435      1A1EB2B8 
 4435      88AAA850 
 4435      26
 4436 0b45 62C93C46 		.ascii	"b\311<F\221\206\243\355\242\342\\\317Z\247\200\222\237"
 4436      9186A3ED 
 4436      A2E25CCF 
 4436      5AA78092 
 4436      9F
 4437 0b56 11185388 		.ascii	"\021\030S\210W\304\035\263\037\365\263f\251\301\341"
 4437      57C41DB3 
 4437      1FF5B366 
 4437      A9C1E1
 4438 0b65 CF237083 		.ascii	"\317#p\203\321\321$\005MA\372\330\305#\2038\223\033"
 4438      D1D12405 
 4438      4D41FAD8 
 4438      C5238338 
 4438      931B
 4439 0b77 6EBFD98C 		.ascii	"n\277\331\214\316\370\317\344\362z\2717\2044\232\004"
 4439      CEF8CFE4 
 4439      F27AB937 
 4439      84349A04 
 4440 0b87 D7B064C1 		.ascii	"\327\260d\301%m,=\304\247\375C\027\255\005\354da\221"
 4440      256D2C3D 
 4440      C4A7FD43 
 4440      17AD05EC 
 4440      646191
 4441 0b9a ADEB2173 		.ascii	"\255\353!s\263S\212M\022}\235\345I\014\014\237eI\301"
 4441      B3538A4D 
 4441      127D9DE5 
 4441      490C0C9F 
 4441      6549C1
 4442 0bad 2FDC5B81 		.ascii	"/\334[\201\303\343\001\032\232O\324E\331\304\270+9{"
 4442      C3E3011A 
 4442      9A4FD445 
 4442      D9C4B82B 
 4442      397B
 4443 0bbf 3B382A24 		.ascii	";8*$\253=h[&\312\264fH\004\034\246\267\031\277!$\231"
ARM GAS  C:\Users\PUBLIC~1.LAP\AppData\Local\Temp\ccSvJTCD.s 			page 118


 4443      AB3D685B 
 4443      26CAB466 
 4443      48041CA6 
 4443      B719BF21 
 4444 0bd5 69B97394 		.ascii	"i\271s\224::\267%u\023A\244s\200\367\3028Xs\336\343"
 4444      3A3AB725 
 4444      751341A4 
 4444      7380F7C2 
 4444      385873DE 
 4445 0bea 49996504 		.ascii	"I\231e\004\007\332\305qC\021\372\241oB!\320[G\344\007"
 4445      07DAC571 
 4445      4311FAA1 
 4445      6F4221D0 
 4445      5B47E407 
 4446 0bfe 74F930F9 		.ascii	"t\3710\371Y\332pr\365\222zs\326\200<\014x\316\307\230"
 4446      59DA7072 
 4446      F5927A73 
 4446      D6803C0C 
 4446      78CEC798 
 4447 0c12 B26D4560 		.ascii	"\262mE`\277\026\343L\361\267\021\212\352\224\305\337"
 4447      BF16E34C 
 4447      F1B7118A 
 4447      EA94C5DF 
 4448 0c22 6154F444 		.ascii	"aT\364D/k\002tyM\203\236v\314p\214x\3646U{\342A\032"
 4448      2F6B0274 
 4448      794D839E 
 4448      76CC708C 
 4448      78F43655 
 4449 0c3a 6A4F731A 		.ascii	"jOs\032F\014@\200S\3029\036T\355\237\021\227\336\324"
 4449      460C4080 
 4449      53C2391E 
 4449      54ED9F11 
 4449      97DED4
 4450 0c4d D5E94008 		.ascii	"\325\351@\010\371\360\317\011\002\372#!)e\026_\037\016"
 4450      F9F0CF09 
 4450      02FA2321 
 4450      2965165F 
 4450      1F0E
 4451 0c5f D2FEB368 		.ascii	"\322\376\263h\327>\302d\036\264\361k\305\225\010nR\265"
 4451      D73EC264 
 4451      1EB4F16B 
 4451      C595086E 
 4451      52B5
 4452 0c71 B04CBAB3 		.ascii	"\260L\272\263\255x\346:\334\302n\2569\036K\012\212\177"
 4452      AD78E63A 
 4452      DCC26EAE 
 4452      391E4B0A 
 4452      8A7F
 4453 0c83 186F36A2 		.ascii	"\030o6\242\253\017\332\011-T\274E\201\006|Y\234\201"
 4453      AB0FDA09 
 4453      2D54BC45 
 4453      81067C59 
 4453      9C81
 4454 0c95 0C5DC384 		.ascii	"\014]\303\204i?\206\330{\032\0243@\220#\266\032d>\362"
 4454      693F86D8 
 4454      7B1A1433 
 4454      409023B6 
ARM GAS  C:\Users\PUBLIC~1.LAP\AppData\Local\Temp\ccSvJTCD.s 			page 119


 4454      1A643EF2 
 4455 0ca9 DE3F338A 		.ascii	"\336?3\212\0059K\243\036r\231\317z\201'\300\012\021"
 4455      05394BA3 
 4455      1E7299CF 
 4455      7A8127C0 
 4455      0A11
 4456 0cbb AD5FA9F2 		.ascii	"\255_\251\362\254/\260x\306*\351/\365\016\372^Y\313"
 4456      AC2FB078 
 4456      C62AE92F 
 4456      F50EFA5E 
 4456      59CB
 4457 0ccd B8013FE9 		.ascii	"\270\001?\351\276\\\021Y\277\352;Q\233\177|`1\2254\304"
 4457      BE5C1159 
 4457      BFEA3B51 
 4457      9B7F7C60 
 4457      319534C4 
 4458 0ce1 158464CA 		.ascii	"\025\204d\312Kq\361@\036\225r\254\352\342+\235\255&"
 4458      4B71F140 
 4458      1E9572AC 
 4458      EAE22B9D 
 4458      AD26
 4459 0cf3 1A3C96C2 		.ascii	"\032<\226\302\000`\035;4\240\350q\317\002Io\247\345"
 4459      00601D3B 
 4459      34A0E871 
 4459      CF02496F 
 4459      A7E5
 4460 0d05 45A78779 		.ascii	"E\247\207y\030\302IT[\177Q\325h\012\230>\240\300\036"
 4460      18C24954 
 4460      5B7F51D5 
 4460      680A983E 
 4460      A0C01E
 4461 0d18 E6FFDF16 		.ascii	"\346\377\337\026a\336TQ\323~\321\010\006\2727*\344H"
 4461      61DE5451 
 4461      D37ED108 
 4461      06BA372A 
 4461      E448
 4462 0d2a D71114B7 		.ascii	"\327\021\024\267i\031\363x4\204\013\005\216s\365\216"
 4462      6919F378 
 4462      34840B05 
 4462      8E73F58E 
 4463 0d3a D383BCE8 		.ascii	"\323\203\274\350\355\356*d\316\344\373\273\241a\373"
 4463      EDEE2A64 
 4463      CEE4FBBB 
 4463      A161FB
 4464 0d49 3284A4B0 		.ascii	"2\204\244\260(\213\260b\003\311\023wa\371\220\366\223"
 4464      288BB062 
 4464      03C91377 
 4464      61F990F6 
 4464      93
 4465 0d5a 0B6EA58A 		.ascii	"\013n\245\212\350\270\247\245q<\2019Ka\243\036/L3n\326"
 4465      E8B8A7A5 
 4465      713C8139 
 4465      4B61A31E 
 4465      2F4C336E 
 4466 0d6f 7D6E6EB4 		.ascii	"}nn\264\211\321S%\311(B\306\0225\220\271t>\017=\234"
 4466      89D15325 
 4466      C92842C6 
ARM GAS  C:\Users\PUBLIC~1.LAP\AppData\Local\Temp\ccSvJTCD.s 			page 120


 4466      123590B9 
 4466      743E0F3D 
 4467 0d84 2B1478FB 		.ascii	"+\024x\373}i\225\212\331yK\034%S\2461JK\256\273A4\352"
 4467      7D69958A 
 4467      D9794B1C 
 4467      2553A631 
 4467      4A4BAEBB 
 4468 0d9b E65E9A3C 		.ascii	"\346^\232<1\225M\364f\305\011y$\364\221Yo4\006z9&\254"
 4468      31954DF4 
 4468      66C50979 
 4468      24F49159 
 4468      6F34067A 
 4469 0db2 915E1332 		.ascii	"\221^\0232A\274\246\251\"\244\223M\370P\234\031{\232"
 4469      41BCA6A9 
 4469      22A4934D 
 4469      F8509C19 
 4469      7B9A
 4470 0dc4 0AAD8CD3 		.ascii	"\012\255\214\323\236\206\226\341\237bT\"uZDj\346\311"
 4470      9E8696E1 
 4470      9F625422 
 4470      755A446A 
 4470      E6C9
 4471 0dd6 006FE641 		.ascii	"\000o\346Alz\374\016\315n\3005\306\310\326\236\010!"
 4471      6C7AFC0E 
 4471      CD6EC035 
 4471      C6C8D69E 
 4471      0821
 4472 0de8 3A43C63B 		.ascii	":C\306;Bl\301\242\204|\006\027T\306\253\203\304\310"
 4472      426CC1A2 
 4472      847C0617 
 4472      54C6AB83 
 4472      C4C8
 4473 0dfa 7B90AEA0 		.ascii	"{\220\256\240\016\341\327\010\236\314\333\361\312\364"
 4473      0EE1D708 
 4473      9ECCDBF1 
 4473      CAF4
 4474 0e08 2E516C19 		.ascii	".Ql\031\313K-\365e\220\270\265?\245\032\301\335\306"
 4474      CB4B2DF5 
 4474      6590B8B5 
 4474      3FA51AC1 
 4474      DDC6
 4475 0e1a DC495CFF 		.ascii	"\334I\\\377\332\327\246x\362\323Iw\360\006a\375\366"
 4475      DAD7A678 
 4475      F2D34977 
 4475      F00661FD 
 4475      F6
 4476 0e2b 0D69423E 		.ascii	"\015iB>\252\303\202R\326\224\200)$)[\021n\376Xpv\221"
 4476      AAC38252 
 4476      D6948029 
 4476      24295B11 
 4476      6EFE5870 
 4477 0e41 62BD13E0 		.ascii	"b\275\023\340e\273{G\235\323\235\346H\013"
 4477      65BB7B47 
 4477      9DD39DE6 
 4477      480B
 4478              		.text
 4479              		.section	.gnu.lto_usbInit.3002.840c7bcd,"e",%progbits
ARM GAS  C:\Users\PUBLIC~1.LAP\AppData\Local\Temp\ccSvJTCD.s 			page 121


 4480 0000 28B52FFD 		.ascii	"(\265/\375 \342E\006\000r\213+2PM\324\001\004\210h\245"
 4480      20E24506 
 4480      00728B2B 
 4480      32504DD4 
 4480      01048868 
 4481 0015 A80EC1CF 		.ascii	"\250\016\301\317dW\027\227\335\252F\033\205\000\261"
 4481      64571797 
 4481      DDAA461B 
 4481      8500B1
 4482 0024 47EB16DE 		.ascii	"G\353\026\336\275\265qln\323mT\\q@\323t\224\2463\352"
 4482      BDB5716C 
 4482      6ED36D54 
 4482      5C7140D3 
 4482      7494A633 
 4483 0039 DF0FFFCB 		.ascii	"\337\017\377\313-S\236\010\244\013\203&\212KZ\021%/"
 4483      2D539E08 
 4483      A40B8326 
 4483      8A4B5A11 
 4483      252F
 4484 004b 09F9C050 		.ascii	"\011\371\300PI\025\245\360\0348\005\023\021\020\025"
 4484      4915A5F0 
 4484      1C380513 
 4484      111015
 4485 005a 8F058555 		.ascii	"\217\005\205U\026\0245\315\203\260\340x\327\355\034"
 4485      161435CD 
 4485      83B0E078 
 4485      D7ED1C
 4486 0069 48406D35 		.ascii	"H@m5o\264/0\242n\016\310\330[\277\221\3601\305\366\262"
 4486      6FB42F30 
 4486      A26E0EC8 
 4486      D85BBF91 
 4486      F031C5F6 
 4487 007e B81DB65A 		.ascii	"\270\035\266Z\376\337\333\331;\360\241\241\311\277\261"
 4487      FEDFDBD9 
 4487      3BF0A1A1 
 4487      C9BFB1
 4488 008d A272F0F2 		.ascii	"\242r\360\362\201\330V\000O\373D\275\206\227\210h\240"
 4488      81D85600 
 4488      4FFB44BD 
 4488      86978868 
 4488      A0
 4489 009e FC97EBA1 		.ascii	"\374\227\353\241S\343\264j\210f6.\323\210I\370\357\270"
 4489      53E3B46A 
 4489      8866362E 
 4489      D38849F8 
 4489      EFB8
 4490 00b0 711CEA55 		.ascii	"q\034\352U\333\002\266\015l\317\010\000X\211234\251"
 4490      DB02B60D 
 4490      6CCF0800 
 4490      58893233 
 4490      34A9
 4491 00c2 E3A2854B 		.ascii	"\343\242\205K\3502\310\313\020\342r,\332I\006"
 4491      E832C8CB 
 4491      10E2722C 
 4491      DA4906
 4492              		.text
 4493              		.section	.gnu.lto_usbObjectInit.3003.840c7bcd,"e",%progbits
ARM GAS  C:\Users\PUBLIC~1.LAP\AppData\Local\Temp\ccSvJTCD.s 			page 122


 4494 0000 28B52FFD 		.ascii	"(\265/\375`\\\002\345\021\000\366^pI\300\224Q:\371="
 4494      605C02E5 
 4494      1100F65E 
 4494      7049C094 
 4494      513AF93D 
 4495 0014 D7711C9B 		.ascii	"\327q\034\233\0144\333\330\035I\244v!T\304\356\015\247"
 4495      0C34DBD8 
 4495      1D49A476 
 4495      2154C4EE 
 4495      0DA7
 4496 0026 BF373A65 		.ascii	"\2777:e\273\222\200X\277\266&y{.\326\027\347 \203\006"
 4496      BB928058 
 4496      BFB62679 
 4496      7B2ED617 
 4496      E7208306 
 4497 003a 111DB620 		.ascii	"\021\035\266 \310\316C\250\272\005\013\036\177\267\337"
 4497      C8CE43A8 
 4497      BA050B1E 
 4497      7FB7DF
 4498 0049 56E87FD4 		.ascii	"V\350\177\324\337\"N\333\037d\357\275S\012V\000Z\000"
 4498      DF224EDB 
 4498      1F64EFBD 
 4498      530A5600 
 4498      5A00
 4499 005b 5B0044BB 		.ascii	"[\000D\273\343\002\263\224^Qn\340{\2457\371^]\263\221"
 4499      E302B394 
 4499      5E516EE0 
 4499      7BA537F9 
 4499      5E5DB391 
 4500 006f 3E42D81F 		.ascii	">B\330\037=v\210\354\356i\2460\311\351xSY{\245S\326"
 4500      3D7688EC 
 4500      EE69A630 
 4500      C9E97853 
 4500      597BA553 
 4501 0084 7C9903C8 		.ascii	"|\231\003\310-\264\275\322\322\356\016\0105\320\026"
 4501      2DB4BDD2 
 4501      D2EE0E08 
 4501      35D016
 4502 0093 E921D491 		.ascii	"\351!\324\221\264E\317\347qO0\324\273\205=\227$.\273"
 4502      B445CFE7 
 4502      714F30D4 
 4502      BB853D97 
 4502      242EBB
 4503 00a6 6B790B79 		.ascii	"ky\013y\356\357\266c\266al\311\023\317\371^\017\000"
 4503      EEEFB663 
 4503      B6616CC9 
 4503      13CFF95E 
 4503      0F00
 4504 00b8 09016592 		.ascii	"\011\001e\222\013\360\236\033\342c%\317\036m\3678\177"
 4504      0BF09E1B 
 4504      E26325CF 
 4504      1E6DF738 
 4504      7F
 4505 00c9 C6E9639B 		.ascii	"\306\351c\233\036\364\323\213\367K\002\274\020u8\340"
 4505      1EF4D38B 
 4505      F74B02BC 
 4505      107538E0 
ARM GAS  C:\Users\PUBLIC~1.LAP\AppData\Local\Temp\ccSvJTCD.s 			page 123


 4506 00d9 B1FBA167 		.ascii	"\261\373\241gd\215j\216\305\305\337\376q6\245\314X\331"
 4506      648D6A8E 
 4506      C5C5DFFE 
 4506      7136A5CC 
 4506      58D9
 4507 00eb A28B4A36 		.ascii	"\242\213J6\020\0048t\220\021dwT\360\352\007\245W;\305"
 4507      10043874 
 4507      90116477 
 4507      54F0EA07 
 4507      A5573BC5 
 4508 00ff C5EAD23E 		.ascii	"\305\352\322>\214\307\250=(\307\000vE\241\307\235\352"
 4508      8CC7A83D 
 4508      28C70076 
 4508      45A1C79D 
 4508      EA
 4509 0110 50EC7401 		.ascii	"P\354t\001%\357tw\227\232\346\305\243\200\3234\277\301"
 4509      25EF7477 
 4509      979AE6C5 
 4509      A380D334 
 4509      BFC1
 4510 0122 848E4CF2 		.ascii	"\204\216L\362J\2567\344\243\223\335\315q\2048e\370\015"
 4510      4AAE37E4 
 4510      A393DDCD 
 4510      71843865 
 4510      F80D
 4511 0134 1F9D00ED 		.ascii	"\037\235\000\355n\213\035\273\215\011\257%\010vR\027"
 4511      6E8B1DBB 
 4511      8D09AF25 
 4511      08765217 
 4512 0144 CE39EEDA 		.ascii	"\3169\356\332f\321w\361,'\300\236?\373l\331i\314\236"
 4512      66D177F1 
 4512      2C27C09E 
 4512      3FFB6CD9 
 4512      69CC9E
 4513 0157 3B72DA67 		.ascii	";r\332g_\370HS\371B\0260\314\335\212W\007\260\273\205"
 4513      5FF84853 
 4513      F9421630 
 4513      CCDD8A57 
 4513      07B0BB85 
 4514 016b A251ADA4 		.ascii	"\242Q\255\244\\4*&8.\331\214zF\305%\233\311\314P\220"
 4514      5C342A26 
 4514      382ED98C 
 4514      7A46C525 
 4514      9BC9CC50 
 4515 0180 9D6C5AAF 		.ascii	"\235lZ\257\223,v\212\201\201\271`\257\027\226*\305\000"
 4515      932C768A 
 4515      8181B960 
 4515      AF17962A 
 4515      C500
 4516 0192 E7264205 		.ascii	"\347&B\005\026\3555\203\331\310\264P(\326\252Aj\334"
 4516      16ED3583 
 4516      D9C8B450 
 4516      28D6AA41 
 4516      6ADC
 4517 01a4 7B9C3E8E 		.ascii	"{\234>\216)a\004N\320'\272-\341\271\0215\237\015\373"
 4517      2961044E 
 4517      D027BA2D 
ARM GAS  C:\Users\PUBLIC~1.LAP\AppData\Local\Temp\ccSvJTCD.s 			page 124


 4517      E1B91135 
 4517      9F0DFB
 4518 01b7 8E1A9D88 		.ascii	"\216\032\235\210:\177,\200\3044\315\251B\276\306?o/"
 4518      3A7F2C80 
 4518      C434CDA9 
 4518      42BEC63F 
 4518      6F2F
 4519 01c9 483BB288 		.ascii	"H;\262\210\0033 `\002!td\036\343\372\230\242L\343\345"
 4519      03332060 
 4519      02217464 
 4519      1EE3FA98 
 4519      A24CE3E5 
 4520 01dd 2ADCAB82 		.ascii	"*\334\253\202\372r\205]\256C\210\315m\031\014\022\226"
 4520      FA72855D 
 4520      AE4388CD 
 4520      6D190C12 
 4520      96
 4521 01ee E7FC3118 		.ascii	"\347\3741\030\225\343\025\020\365[p,\360\240\375p\375"
 4521      95E31510 
 4521      F55B702C 
 4521      F0A0FD70 
 4521      FD
 4522 01ff 61BAFAC4 		.ascii	"a\272\372\304\036[P\003\202[\273\020%L\365&\273\264"
 4522      1E5B5003 
 4522      825BBB10 
 4522      254CF526 
 4522      BBB4
 4523 0211 6AC4C002 		.ascii	"j\304\300\002\306\250\033S\350\227\031\352zP\314\231"
 4523      C6A81B53 
 4523      E89719EA 
 4523      7A50CC99 
 4524 0221 6870108C 		.ascii	"hp\020\214p:%\335\220\316\230z\226W\331\373\334n@?\223"
 4524      703A25DD 
 4524      90CE987A 
 4524      9657D9FB 
 4524      DC6E403F 
 4525 0236 0BCB0C11 		.ascii	"\013\313\014\021\355\"\327B7\206o\312\235\353=\001"
 4525      ED22D742 
 4525      37866FCA 
 4525      9DEB3D01 
 4526              		.text
 4527              		.section	.gnu.lto_usbStart.3004.840c7bcd,"e",%progbits
 4528 0000 28B52FFD 		.ascii	"(\265/\375`m\005\005!\0006\370\315F\200\232NcYH3\243"
 4528      606D0505 
 4528      210036F8 
 4528      CD46809A 
 4528      4E635948 
 4529 0016 CCC39CEA 		.ascii	"\314\303\234\352 \0379\271\250\364\036 \205p\242\222"
 4529      201F39B9 
 4529      A8F41E20 
 4529      8570A292 
 4530 0026 829D8C17 		.ascii	"\202\235\214\027\252\023\272\177\333\017E\0314\006!"
 4530      AA13BA7F 
 4530      DB0F4519 
 4530      340621
 4531 0035 B88A3A26 		.ascii	"\270\212:&\306Y\356\303\304wm\224\311\324\356gT]\366"
 4531      C659EEC3 
ARM GAS  C:\Users\PUBLIC~1.LAP\AppData\Local\Temp\ccSvJTCD.s 			page 125


 4531      C4776D94 
 4531      C9D4EE67 
 4531      545DF6
 4532 0048 65D7FB5E 		.ascii	"e\327\373^|iu#{o\231R\260\000\265\000\274\000AP\304"
 4532      7C697523 
 4532      7B6F9952 
 4532      B000B500 
 4532      BC004150 
 4533 005d EEBD384F 		.ascii	"\356\2758O}%#l\234\247\326>\341'\271\231qz\314,\251"
 4533      7D25236C 
 4533      9CA7D63E 
 4533      E127B999 
 4533      717ACC2C 
 4534 0072 B07C7C21 		.ascii	"\260||!s\357\335\260\206\310V\372\255W\365\"'\305\012"
 4534      73EFDDB0 
 4534      86C856FA 
 4534      AD57F522 
 4534      27C50A
 4535 0085 3064EE5D 		.ascii	"0d\356]6xj\244\2368\242\223l\012\314\205\336\323\036"
 4535      36786AA4 
 4535      9E38A293 
 4535      6C0ACC85 
 4535      DED31E
 4536 0098 37226B8F 		.ascii	"7\"k\217\304\204m\356%\033\223r\357\322\307A\275\247"
 4536      C4846DEE 
 4536      251B9372 
 4536      EFD2C741 
 4536      BDA7
 4537 00aa B67D2317 		.ascii	"\266}#\027;a*t\231\201\254\331\274Bs\357U}\347\331="
 4537      3B612A74 
 4537      9981ACD9 
 4537      BC4273EF 
 4537      557DE7D9 
 4538 00bf 45AFB37B 		.ascii	"E\257\263{z\356p\357\350\362F-\325S\364\264T>\004,s"
 4538      7AEE70EF 
 4538      E8F2462D 
 4538      D553F4B4 
 4538      543E042C 
 4539 00d4 595B554F 		.ascii	"Y[UOQ\236\213\027q\002\266P\240Ce\306x\335\354\226\305"
 4539      519E8B17 
 4539      7102B650 
 4539      A04365C6 
 4539      78DDEC96 
 4540 00e9 969545C3 		.ascii	"\226\225E\303d\374\274\331\027D\341\222\265%\343\226"
 4540      64FCBCD9 
 4540      1744E192 
 4540      B525E396 
 4541 00f9 37E1DE6B 		.ascii	"7\341\336k\233\265\005\343\336\335v\321>\224\215^\005"
 4541      9BB505E3 
 4541      DEDD76D1 
 4541      3E948D5E 
 4541      05
 4542 010a 8F62DBC6 		.ascii	"\217b\333\306\251\207e\2670xj\255\370v\202*[\347\257"
 4542      A98765B7 
 4542      30786AAD 
 4542      F876822A 
 4542      5BE7AF
ARM GAS  C:\Users\PUBLIC~1.LAP\AppData\Local\Temp\ccSvJTCD.s 			page 126


 4543 011d DD46AD8C 		.ascii	"\335F\255\214\371\344\247\241&\006vD\216K\030\323\311"
 4543      F9E4A7A1 
 4543      26067644 
 4543      8E4B18D3 
 4543      C9
 4544 012e DF652399 		.ascii	"\337e#\231,\223s\223c^\355\357\362\332\302%D\316@\227"
 4544      2C937393 
 4544      635EEDEF 
 4544      F2DAC225 
 4544      44CE4097 
 4545 0142 BA01705D 		.ascii	"\272\001p]\322\264\020#\227\205\231\340\212N\225\263"
 4545      D2B41023 
 4545      978599E0 
 4545      8A4E95B3 
 4546 0152 B131AF4D 		.ascii	"\2611\257Mc/\255\354\011f\177\250\014\026\021\2379\354"
 4546      632FADEC 
 4546      09667FA8 
 4546      0C16119F 
 4546      39EC
 4547 0164 9B2BEFF4 		.ascii	"\233+\357\364d\377y$\277\015\300\023\205\256\011\305"
 4547      64FF7924 
 4547      BF0DC013 
 4547      85AE09C5 
 4548 0174 C76379B5 		.ascii	"\307cy\265\352\324\\\270\224\312\220+\177\373~\223\257"
 4548      EAD45CB8 
 4548      94CA902B 
 4548      7FFB7E93 
 4548      AF
 4549 0185 15FFC4BC 		.ascii	"\025\377\304\2740)\264\206w\342]\0264  \256f\003uJ\306"
 4549      3029B486 
 4549      77E25D16 
 4549      342020AE 
 4549      6603754A 
 4550 019a 883FB31D 		.ascii	"\210?\263\035;K6)\332O\263q<\342L\314k\246i\2058\232"
 4550      3B4B3629 
 4550      DA4FB371 
 4550      3CE24CCC 
 4550      6BA66985 
 4551 01b0 77675000 		.ascii	"wgP\000Y\277\304\007\326\254\306\222R?s\005\336l,\371"
 4551      59BFC407 
 4551      D6ACC692 
 4551      523F7305 
 4551      DE6C2CF9 
 4552 01c4 BBBEBCE2 		.ascii	"\273\276\274\342\212\014\200\213#\322B\214\334\021{"
 4552      8A0C808B 
 4552      23D2428C 
 4552      DC117B
 4553 01d3 A49D7D74 		.ascii	"\244\235}t-H;^\332h0o\333\027o\367\345sn \273\230;\326"
 4553      2D483B5E 
 4553      DA68306F 
 4553      DB176FF7 
 4553      E5736E20 
 4554 01eb 9E36870E 		.ascii	"\2366\207\016\366Y\366]\235\327o\343JO0\007\370q\336"
 4554      F659F65D 
 4554      9DD76FE3 
 4554      4A4F3007 
 4554      F871DE
ARM GAS  C:\Users\PUBLIC~1.LAP\AppData\Local\Temp\ccSvJTCD.s 			page 127


 4555 01fe 9CE70F7B 		.ascii	"\234\347\017{\266\247gV\021\230+K\307\206#=' m\232\243"
 4555      B6A76756 
 4555      11982B4B 
 4555      C786233D 
 4555      27206D9A 
 4556 0213 F7DE8BDE 		.ascii	"\367\336\213\336\234W\336\207L\317\233\363X5\254\354"
 4556      9C57DE87 
 4556      4CCF9BF3 
 4556      5835ACEC 
 4557 0223 1A07C598 		.ascii	"\032\007\305\230cz\330\331>\276\315CN\217{\357\220\255"
 4557      637AD8D9 
 4557      3EBECD43 
 4557      4E8F7BEF 
 4557      90AD
 4558 0235 742B4B4F 		.ascii	"t+KO\001\360\364hZ6\272\363LsA7\345|\333]\371\240\033"
 4558      01F0F468 
 4558      5A36BAF3 
 4558      4C734137 
 4558      E57CDB5D 
 4559 024c C8B9F3B4 		.ascii	"\310\271\363\264\201\2472\325\273\367\012\371SJ\004"
 4559      81A732D5 
 4559      BBF70AF9 
 4559      534A04
 4560 025b 4F2F414C 		.ascii	"O/AL\354\236\356\370H\"\355\032\3534\2317;\372e\314"
 4560      EC9EEEF8 
 4560      4822ED1A 
 4560      EB349937 
 4560      3BFA65CC 
 4561 026f 0A3304DC 		.ascii	"\0123\004\334\346t\2705\271\204\230\011\036\372\202"
 4561      E674B835 
 4561      B9849809 
 4561      1EFA82
 4562 027e 53C62231 		.ascii	"S\306\"1H\344y\350\3730\\\243\200=\013\177@\240\223"
 4562      48E479E8 
 4562      FB305CA3 
 4562      803D0B7F 
 4562      40A093
 4563 0291 D23A5C89 		.ascii	"\322:\\\211\026\324\240\261X\244\036Y82*R\217$\202\027"
 4563      16D4A0B1 
 4563      58A41E59 
 4563      38322A52 
 4563      8F248217 
 4564 02a5 2CFC058D 		.ascii	",\374\005\215E\240\020\250\032\371\010\2110\322@A]\217"
 4564      45A010A8 
 4564      1AF90889 
 4564      30D24041 
 4564      5D8F
 4565 02b7 C662940A 		.ascii	"\306b\224\012U$\022\213@\011\026\376\326\251U\010T\203"
 4565      5524128B 
 4565      400916FE 
 4565      D6A95508 
 4565      5483
 4566 02c9 1FA49E80 		.ascii	"\037\244\236\200PC\365h|`\341o\010\345s4\252OKk1\202"
 4566      5043F568 
 4566      7C60E16F 
 4566      08E57334 
 4566      AA4F4B6B 
ARM GAS  C:\Users\PUBLIC~1.LAP\AppData\Local\Temp\ccSvJTCD.s 			page 128


 4567 02df D34A3C87 		.ascii	"\323J<\207w\0326A\025\201;/\3754\011A\000bj\372\351"
 4567      771A3641 
 4567      15813B2F 
 4567      FD340941 
 4567      00626AFA 
 4568 02f4 4431AD52 		.ascii	"D1\255R\250\201?\246UJ\011h\\\325\247%\241\272\026\325"
 4568      A8813FA6 
 4568      554A0968 
 4568      5CD5A725 
 4568      A1BA16D5 
 4569 0308 230C43A6 		.ascii	"#\014C\246\241\260(I\010\310A\0241xL\232\022J\015\237"
 4569      A1B02849 
 4569      08C84114 
 4569      31784C9A 
 4569      124A0D9F 
 4570 031c 94967E7E 		.ascii	"\224\226~~\222\210*\000-\221\267\377v\"\033\324P\001"
 4570      92882A00 
 4570      2D91B7FF 
 4570      76221BD4 
 4570      5001
 4571 032e 1797761B 		.ascii	"\027\227v\033\265\031L`\260\241)\223e\010\252\374\255"
 4571      B5194C60 
 4571      B0A12993 
 4571      6508AAFC 
 4571      AD
 4572 033f 4CC15718 		.ascii	"L\301W\0303l\250a0\351\2301\306f$\020\221\264 \315\001"
 4572      336CA861 
 4572      30E99831 
 4572      C6662410 
 4572      91B420CD 
 4573 0354 8002A122 		.ascii	"\200\002\241\"\253\016\022\000\026:\306\341,L\375\337"
 4573      AB0E1200 
 4573      163AC6E1 
 4573      2C4CFDDF 
 4574 0364 CA1893E2 		.ascii	"\312\030\223\34270\300\322y\202\266\311\375\201\033"
 4574      3730C0D2 
 4574      7982B6C9 
 4574      FD811B
 4575 0373 BEAE0522 		.ascii	"\276\256\005\"g\365\247\2130S(\252\336\213Z/q\301m]"
 4575      67F5A78B 
 4575      305328AA 
 4575      DE8B5A2F 
 4575      71C16D5D 
 4576 0387 DC05A2EA 		.ascii	"\334\005\242\352\2432\313\205\373\004\326b\034\037\024"
 4576      A332CB85 
 4576      FB04D662 
 4576      1C1F14
 4577 0396 FBA16A90 		.ascii	"\373\241j\220\273\030\340Z\310\267\233\354\014X+\226"
 4577      BB18E05A 
 4577      C8B79BEC 
 4577      0C582B96 
 4578 03a6 1C8AD83F 		.ascii	"\034\212\330?d\230C]\344\330d\231l\246\241\365\211\342"
 4578      6498435D 
 4578      E4D86499 
 4578      6CA6A1F5 
 4578      89E2
 4579 03b8 FFFFCC6A 		.ascii	"\377\377\314j\330\024/CZZ%q\372\002(\300\256\022\031"
ARM GAS  C:\Users\PUBLIC~1.LAP\AppData\Local\Temp\ccSvJTCD.s 			page 129


 4579      D8142F43 
 4579      5A5A2571 
 4579      FA0228C0 
 4579      AE1219
 4580 03cb 7B56F968 		.ascii	"{V\371h\342\261#\305\251\207C1\034Mr\325(\303\200f*"
 4580      E2B123C5 
 4580      A9874331 
 4580      1C4D72D5 
 4580      28C38066 
 4581 03e0 5FBFC805 		.ascii	"_\277\310\005>\341\007\241\363)t\355\350q\007\237\355"
 4581      3EE107A1 
 4581      F32974ED 
 4581      E871079F 
 4581      ED
 4582 03f1 7DB76768 		.ascii	"}\267gh\264\204\033\363f\3774\260N\375|Nk\244\273\324"
 4582      B4841BF3 
 4582      66FF34B0 
 4582      4EFD7C4E 
 4582      6BA4BBD4 
 4583 0405 D809CBE3 		.ascii	"\330\011\313\343\030\246^\220\3762Ra\322q\345!z(A\212"
 4583      18A65E90 
 4583      FE325261 
 4583      D271E521 
 4583      7A28418A 
 4584 0419 100251E2 		.ascii	"\020\002Q\342S\212\004o\\I\031\344\227\325iw*"
 4584      538A046F 
 4584      5C4919E4 
 4584      97D56977 
 4584      2A
 4585              		.text
 4586              		.section	.gnu.lto_usbStop.3005.840c7bcd,"e",%progbits
 4587 0000 28B52FFD 		.ascii	"(\265/\375`+\011u0\000\372N\024\022D@\234R:k\201\012"
 4587      602B0975 
 4587      3000FA4E 
 4587      14124440 
 4587      9C523A6B 
 4588 0016 AE8DAB00 		.ascii	"\256\215\253\000\000\0349K\330\242\224\200\030f)\210"
 4588      001C394B 
 4588      D8A29480 
 4588      18662988 
 4589 0026 97D69641 		.ascii	"\227\326\226A\302jHix\310\316\325d\2048R{\200\214\371"
 4589      C26A4869 
 4589      78C8CED5 
 4589      64843852 
 4589      7B808CF9 
 4590 003a 4B9A51A1 		.ascii	"K\232Q\241\376\007\333'\310\377~.\263\016\252\202\212"
 4590      FE07DB27 
 4590      C8FF7E2E 
 4590      B30EAA82 
 4590      8A
 4591 004b E859F9D6 		.ascii	"\350Y\371\326\332&I\006\002\001\014\001\016\001\\\256"
 4591      DA264906 
 4591      02010C01 
 4591      0E015CAE 
 4592 005b 2ED74943 		.ascii	".\327IC9E\352\2674\222\216\326\325\352qM\240\016\353"
 4592      3945EAB7 
 4592      34928ED6 
ARM GAS  C:\Users\PUBLIC~1.LAP\AppData\Local\Temp\ccSvJTCD.s 			page 130


 4592      D5EA714D 
 4592      A00EEB
 4593 006e AC48CE99 		.ascii	"\254H\316\231\306\337\372\250x\325r\325}l\367\262m\374"
 4593      C6DFFAA8 
 4593      78D572D5 
 4593      7D6CF7B2 
 4593      6DFC
 4594 0080 AD91ECA8 		.ascii	"\255\221\354\250\345\234\227?\366\341lt/\177<\336\255"
 4594      E59C973F 
 4594      F6E16C74 
 4594      2F7F3CDE 
 4594      AD
 4595 0091 9709CA94 		.ascii	"\227\011\312\224\272\333\272\357\325\341\025\264\303"
 4595      BADBBAEF 
 4595      D5E115B4 
 4595      C3
 4596 009e C7DA60CE 		.ascii	"\307\332`\316X\007?\366\210\367\307\356\004B\224\356"
 4596      58073FF6 
 4596      88F7C7EE 
 4596      044294EE 
 4597 00ae 765FED6B 		.ascii	"v_\355k\325g\301\321\312\234\333\326\356r\306Bh\244"
 4597      D567C1D1 
 4597      CA9CDBD6 
 4597      EE72C642 
 4597      68A4
 4598 00c0 F747E689 		.ascii	"\367G\346\211\220?\032\037\000\371cW\273\335\034[\""
 4598      903F1A1F 
 4598      00F96357 
 4598      BBDD1C5B 
 4598      22
 4599 00d1 AF319375 		.ascii	"\2571\223u\210\231\364{#\366\255t\253\357Q\276I\344"
 4599      8899F47B 
 4599      23F6AD74 
 4599      ABEF51BE 
 4599      49E4
 4600 00e3 D188DD6A 		.ascii	"\321\210\335j\277\251\306,\373\245\343=\306\344\017"
 4600      BFA9C62C 
 4600      FBA5E33D 
 4600      C6E40F
 4601 00f2 AF31E305 		.ascii	"\2571\343\005\3029cX\256\362\000\023\260!\177\355\376"
 4601      C2396358 
 4601      AEF20013 
 4601      B0217FED 
 4601      FE
 4602 0103 AF2460D7 		.ascii	"\257$`\327'\357v\327\307\327\016\027\251w\243\031\037"
 4602      27EF76D7 
 4602      C7D70E17 
 4602      A977A319 
 4602      1F
 4603 0114 366D47F6 		.ascii	"6mG\366+\354G\243\001@\2774\240\257-#\202\"e_\226_Z"
 4603      2BEC47A3 
 4603      0140BF34 
 4603      A0AF2D23 
 4603      8222655F 
 4604 012b AED11860 		.ascii	"\256\321\030`\010]\340\265^W\343\203@\264\261\345W\226"
 4604      085DE0B5 
 4604      5E57E383 
ARM GAS  C:\Users\PUBLIC~1.LAP\AppData\Local\Temp\ccSvJTCD.s 			page 131


 4604      40B4B1E5 
 4604      5796
 4605 013d 8BEF76E3 		.ascii	"\213\357v\343\033>\302$`C\356&5\344\234\333\345\372"
 4605      1B3EC224 
 4605      6043EE26 
 4605      35E49CDB 
 4605      E5FA
 4606 014f 027B2FDF 		.ascii	"\002{/\337\335a\272\037\243;\371\027)T\270\347jf\026"
 4606      DD61BA1F 
 4606      A33BF917 
 4606      2954B8E7 
 4606      6A6616
 4607 0162 CE6D74D5 		.ascii	"\316mt\325\302\365(,*cgI\031\303 i\012\337\327\335J"
 4607      C2F5282C 
 4607      2A636749 
 4607      19C32069 
 4607      0ADFD7DD 
 4608 0177 16EF96DB 		.ascii	"\026\357\226\333\307\340G7\257\337\215@\207\273\330"
 4608      C7E04737 
 4608      AFDF8D40 
 4608      87BBD8
 4609 0186 E7BB32EB 		.ascii	"\347\2732\353\246%\363\033\311\252)\221\262EcE\273\367"
 4609      A625F31B 
 4609      C9AA2991 
 4609      B2456345 
 4609      BBF7
 4610 0198 87911511 		.ascii	"\207\221\025\021#\334\226\331\376ac~A\322l\007\000."
 4610      23DC96D9 
 4610      FE61637E 
 4610      41D26C07 
 4610      002E
 4611 01aa 0EFD0126 		.ascii	"\016\375\001&v\225m\023\265\010\212\352|\314V\233\335"
 4611      76956D13 
 4611      B5088AEA 
 4611      7CCC569B 
 4611      DD
 4612 01bb C46E2C96 		.ascii	"\304n,\226\213\225t\377\002\341\326\224\306f\335B\257"
 4612      8B9574FF 
 4612      02E1D694 
 4612      C666DD42 
 4612      AF
 4613 01cc DB3F00DC 		.ascii	"\333?\000\334\366\001r{\371\272\335\023\344\266\022"
 4613      F601727B 
 4613      F9BADD13 
 4613      E4B612
 4614 01db C8EDF76D 		.ascii	"\310\355\367mo\374,\377\215\210\024\017\363\3641\233"
 4614      6FFC2CFF 
 4614      8D88140F 
 4614      F3F4319B 
 4615 01eb 60339045 		.ascii	"`3\220E\305\374w\314\243\362\266\277\373}1\347\213q"
 4615      C5FC77CC 
 4615      A3F2B6BF 
 4615      FB7D31E7 
 4615      8B71
 4616 01fd 329D84A3 		.ascii	"2\235\204\243\245\370\374^#\315\310]_|L\017X\214;\213"
 4616      A5F8FC5E 
 4616      23CDC85D 
ARM GAS  C:\Users\PUBLIC~1.LAP\AppData\Local\Temp\ccSvJTCD.s 			page 132


 4616      5F7C4C0F 
 4616      588C3B8B 
 4617 0211 FA1D8A89 		.ascii	"\372\035\212\211\321\275\324\303{\036\026\"\347\260"
 4617      D1BDD4C3 
 4617      7B1E1622 
 4617      E7B0
 4618 021f 9959D87C 		.ascii	"\231Y\330|\304\313\230\347\256\276\250\015\316\335N"
 4618      C4CB98E7 
 4618      AEBEA80D 
 4618      CEDD4E
 4619 022e C6DFFA5F 		.ascii	"\306\337\372_\016\006\0131T\253\243\223f:%\245\373:"
 4619      0E060B31 
 4619      54ABA393 
 4619      663A25A5 
 4619      FB3A
 4620 0240 3AE9B542 		.ascii	":\351\265B^|\237\3652efa1,\200Sz\335ge\334\313\024D"
 4620      5E7C9FF5 
 4620      32656661 
 4620      312C8053 
 4620      7ADD6765 
 4621 0258 C662D380 		.ascii	"\306b\323\200\255k\353\356\360\316;'C\313\003X\010\177"
 4621      AD6BEBEE 
 4621      F0CE3B27 
 4621      43CB0358 
 4621      087F
 4622 026a EB08969B 		.ascii	"\353\010\226\233\247\221\304\320\264\202\307\343\014"
 4622      A791C4D0 
 4622      B482C7E3 
 4622      0C
 4623 0277 52F4213A 		.ascii	"R\364!:3\344\253\313\012\272\357\017\356\333\331\201"
 4623      33E4ABCB 
 4623      0ABAEF0F 
 4623      EEDBD981 
 4624 0287 F99CBFEE 		.ascii	"\371\234\277\356\007?\213H\345\207v\\T\255 \011\376"
 4624      073F8B48 
 4624      E587765C 
 4624      54AD2009 
 4624      FE
 4625 0298 E0259D90 		.ascii	"\340%\235\220>U\264\323\251\246A}\266\316\242\302 \301"
 4625      3E55B4D3 
 4625      A9A6417D 
 4625      B6CEA2C2 
 4625      20C1
 4626 02aa 252E7292 		.ascii	"%.r\222\007\247\315xw\277\333=@9\323c\320\212L\340~"
 4626      07A7CD78 
 4626      77BFDB3D 
 4626      4039D363 
 4626      D08A4CE0 
 4627 02bf CE7B705F 		.ascii	"\316{p_\257\272Ve\323\302\271\257\367_\353\220\345}"
 4627      AFBA5665 
 4627      D3C2B9AF 
 4627      F75FEB90 
 4627      E57D
 4628 02d1 E8AFCE58 		.ascii	"\350\257\316XW\3316\307\223\310\343\365\340\337\235"
 4628      57D936C7 
 4628      93C8E3F5 
 4628      E0DF9D
ARM GAS  C:\Users\PUBLIC~1.LAP\AppData\Local\Temp\ccSvJTCD.s 			page 133


 4629 02e0 699533F5 		.ascii	"i\2253\365\341\352\256\272=N\025\016N\324\006\244\263"
 4629      E1EAAEBA 
 4629      3D4E150E 
 4629      4ED406A4 
 4629      B3
 4630 02f1 1E7CAE30 		.ascii	"\036|\2560\237=\266?\211Bv\345\370\204Tb\030Kw\323\341"
 4630      9F3DB63F 
 4630      894276E5 
 4630      F8845462 
 4630      184B77D3 
 4631 0306 CD392BA9 		.ascii	"\3159+\251\337F\352\303\253\304Fm\336\360\336\232\373"
 4631      DF46EAC3 
 4631      ABC4466D 
 4631      DEF0DE9A 
 4631      FB
 4632 0317 96659B33 		.ascii	"\226e\2333:\221/\206\212s\223\345\"\3268\033'\321Y\316"
 4632      3A912F86 
 4632      8A7393E5 
 4632      22D6381B 
 4632      27D159CE 
 4633 032b F9427788 		.ascii	"\371Bw\210\007\212\370\021\350\305DN\362\334=,\270\313"
 4633      078AF811 
 4633      E8C5444E 
 4633      F2DC3D2C 
 4633      B8CB
 4634 033d 0F443CDC 		.ascii	"\017D<\334\207|\333\221\220X\321~\022\310n\246kI|\317"
 4634      877CDB91 
 4634      9058D17E 
 4634      12C86EA6 
 4634      6B497CCF 
 4635 0351 88B609D9 		.ascii	"\210\266\011\331m\342h\232\336\234sR\337\357\006\012"
 4635      6DE2689A 
 4635      DE9C7352 
 4635      DFEF060A 
 4636 0361 2C180507 		.ascii	",\030\005\007\362G\001g\206V7O\033\215i\005\270\307"
 4636      F2470167 
 4636      8656374F 
 4636      1B8D6905 
 4636      B8C7
 4637 0373 DD011D65 		.ascii	"\335\001\035e>\257\250\246\322\2474\331Qf\213(u\312"
 4637      3EAFA8A6 
 4637      D2A734D9 
 4637      51668B28 
 4637      75CA
 4638 0385 F936F4C8 		.ascii	"\3716\364\310\351|\341D\215R\245!\232O\252\351R\263"
 4638      E97CE144 
 4638      8D52A521 
 4638      9A4FAAE9 
 4638      52B3
 4639 0397 294413D3 		.ascii	")D\023\323R\263\252\306s\304\013\252\024OQU\341\206"
 4639      52B3AAC6 
 4639      73C40BAA 
 4639      144F5155 
 4639      E186
 4640 03a9 1E3DA9A6 		.ascii	"\036=\251\246N\250\263\311\004!i\006\323\211\015Mj\025"
 4640      4EA8B3C9 
 4640      04216906 
ARM GAS  C:\Users\PUBLIC~1.LAP\AppData\Local\Temp\ccSvJTCD.s 			page 134


 4640      D3890D4D 
 4640      6A15
 4641 03bb D574AA29 		.ascii	"\325t\252)5\225J\247\316\014\015=\242^Q\241\316\346"
 4641      35954AA7 
 4641      CE0C0D3D 
 4641      A25E51A1 
 4641      CEE6
 4642 03cd B3855594 		.ascii	"\263\205U\224S*\332\254\242\242\320\320\243\250\024"
 4642      532ADAAC 
 4642      A2A2D0D0 
 4642      A3A814
 4643 03dc 842AAA66 		.ascii	"\204*\252f\324\023uj!\372~\212\340\"\251\302\004(\027"
 4643      D413756A 
 4643      21FA7E8A 
 4643      E022A9C2 
 4643      042817
 4644 03ef 4701A6A0 		.ascii	"G\001\246\240\250V\306v\036AQ\255\234\234T\324f\324"
 4644      A856C676 
 4644      1E4151AD 
 4644      9C9C54D4 
 4644      66D4
 4645 0401 13B4499D 		.ascii	"\023\264I\2356\233HD\241\242\320\245\025I\023$LI\237"
 4645      369B4844 
 4645      A1A2D0A5 
 4645      15491324 
 4645      4C499F
 4646 0414 552BAEA0 		.ascii	"U+\256\240V\321(\247\247\010\021V(q\230\200\265\036"
 4646      56D128A7 
 4646      A7081156 
 4646      28719880 
 4646      B51E
 4647 0426 9B4141EC 		.ascii	"\233AA\3541h\305\326n\327\012\310\345\312\254\230\034"
 4647      3168C5D6 
 4647      6ED70AC8 
 4647      E5CAAC98 
 4647      1C
 4648 0437 98DE9637 		.ascii	"\230\336\22671\302m\2010\332\367\271) bEk\324G\026\367"
 4648      31C26D81 
 4648      30DAF7B9 
 4648      29206245 
 4648      6BD44716 
 4649 044c 8711190B 		.ascii	"\207\021\031\013\034\372\013tp\310\243\320\201\333\307"
 4649      1CFA0B74 
 4649      70C8A3D0 
 4649      81DBC7
 4650 045b 56A154A5 		.ascii	"V\241T\245`\341\334\307\376\3277iC\177o\252t\225m\367"
 4650      60E1DCC7 
 4650      FED73769 
 4650      437F6FAA 
 4650      74956DF7 
 4651 046f CE54E9C1 		.ascii	"\316T\351\301J\372\347\311+\204\361\023\367j\2161\327"
 4651      4AFAE7C9 
 4651      2B84F113 
 4651      F76A8E31 
 4651      D7
 4652 0480 925E128C 		.ascii	"\222^\022\2145X\335\304\033s\316Y)\204\337v\246\025"
 4652      3558DDC4 
ARM GAS  C:\Users\PUBLIC~1.LAP\AppData\Local\Temp\ccSvJTCD.s 			page 135


 4652      1B73CE59 
 4652      2984DF76 
 4652      A615
 4653 0492 0780C0A8 		.ascii	"\007\200\300\250\201(\007\215RhHFD$I\222t\200\002\231"
 4653      8128078D 
 4653      52684846 
 4653      44244992 
 4653      74800299 
 4654 04a6 A9AA6E12 		.ascii	"\251\252n\022\000\325=\211\261\232\231\202T\352\317"
 4654      00D53D89 
 4654      B19A9982 
 4654      54EACF
 4655 04b5 320693EB 		.ascii	"2\006\223\353Wf\220\213\274S\336\242\\\035\320\226\177"
 4655      5766908B 
 4655      BC53DEA2 
 4655      5C1DD096 
 4655      7F
 4656 04c6 7FA71C81 		.ascii	"\177\247\034\201F\323\"\014\375(\247kC\022\017\214\020"
 4656      46D3220C 
 4656      FD28A76B 
 4656      43120F8C 
 4656      10
 4657 04d7 D1BDCD33 		.ascii	"\321\275\3153JYbI\305f\361\036\206\266\347\307\344\332"
 4657      4A596249 
 4657      C566F11E 
 4657      86B6E7C7 
 4657      E4DA
 4658 04e9 1B481ACE 		.ascii	"\033H\032\316\277\314\326\2337?i\220\220\030\274\212"
 4658      BFCCD69B 
 4658      373F6990 
 4658      9018BC8A 
 4659 04f9 11EE8C71 		.ascii	"\021\356\214q\325\030G\276\263M\360\303I\015\377\235"
 4659      D51847BE 
 4659      B34DF0C3 
 4659      490DFF9D 
 4660 0509 4D641B45 		.ascii	"Md\033E\203\021\251}\327\024\230\361\263\274Cdwt\032"
 4660      8311A97D 
 4660      D71498F1 
 4660      B3BC4364 
 4660      77741A
 4661 051c 3AD790B2 		.ascii	":\327\220\2622_)1K\312\3103j\273\304UIZ\277\006G.M\316"
 4661      325F2931 
 4661      4BCAC833 
 4661      6ABBC455 
 4661      495ABF06 
 4662 0534 E4DDC86E 		.ascii	"\344\335\310nL\244\244\375\321\243#6\214@Z\022\265>"
 4662      4CA4A4FD 
 4662      D1A32336 
 4662      8C405A12 
 4662      B53E
 4663 0546 E4CC78D0 		.ascii	"\344\314x\320)\031.\221\315x\247\265G\334\007\031\270"
 4663      29192E91 
 4663      CD78A7B5 
 4663      47DC0719 
 4663      B8
 4664 0557 682B77EE 		.ascii	"h+w\356\334?\244],h\025\346Z\341n\305DD\355\026\366"
 4664      DC3FA45D 
ARM GAS  C:\Users\PUBLIC~1.LAP\AppData\Local\Temp\ccSvJTCD.s 			page 136


 4664      2C6815E6 
 4664      5AE16EC5 
 4664      4444ED16 
 4665 056c D1527245 		.ascii	"\321RrEX\364j]P\377\361\302\353*\200\264\372\014\303"
 4665      58F46A5D 
 4665      50FFF1C2 
 4665      EB2A80B4 
 4665      FA0CC3
 4666 057f F67D8C55 		.ascii	"\366}\214U\251\017^\342\371\314\032\217W\022`Z\2324"
 4666      A90F5EE2 
 4666      F9CC1A8F 
 4666      5712605A 
 4666      9A34
 4667 0591 CEDF04A3 		.ascii	"\316\337\004\243\3702\300\214\024\266\356\3010\024d"
 4667      F832C08C 
 4667      14B6EEC1 
 4667      301464
 4668 05a0 E6AB6BA3 		.ascii	"\346\253k\243\\b\210d\033\377\3531\373\241\3363\000"
 4668      5C628864 
 4668      1BFFEB31 
 4668      FBA1DE33 
 4668      00
 4669 05b1 AB8E7837 		.ascii	"\253\216x7^g\230\247o\255\270L\005\013\236\200\251\322"
 4669      5E6798A7 
 4669      6FADB84C 
 4669      050B9E80 
 4669      A9D2
 4670 05c3 AA14E16B 		.ascii	"\252\024\341k}\217\321,\355\2440:\275\270z\302\000G"
 4670      7D8FD12C 
 4670      EDA4303A 
 4670      BDB87AC2 
 4670      0047
 4671 05d5 08A35AD8 		.ascii	"\010\243Z\330U\374\302\250\027\361\205\243\032Q\302"
 4671      55FCC2A8 
 4671      17F185A3 
 4671      1A51C2
 4672 05e4 4A0DCC0E 		.ascii	"J\015\314\016\216B\322\351\324\316\230F\375MH\224\322"
 4672      8E42D2E9 
 4672      D4CE9846 
 4672      FD4D4894 
 4672      D2
 4673 05f5 A6EF7906 		.ascii	"\246\357y\006$\250\010\221\202 \240\006\357\024a\213"
 4673      24A80891 
 4673      8220A006 
 4673      EF14618B 
 4674 0605 21AAE4F8 		.ascii	"!\252\344\370\345M\354\215\351\223`\034)\233\240\232"
 4674      E54DEC8D 
 4674      E993601C 
 4674      299BA09A 
 4675 0615 209D0A   		.ascii	" \235\012"
 4676              		.text
 4677              		.section	.gnu.lto_usbInitEndpointI.3006.840c7bcd,"e",%progbits
 4678 0000 28B52FFD 		.ascii	"(\265/\375`G\002\355\021\000\366_uI\300\322Q:\253\362"
 4678      604702ED 
 4678      1100F65F 
 4678      7549C0D2 
 4678      513AABF2 
ARM GAS  C:\Users\PUBLIC~1.LAP\AppData\Local\Temp\ccSvJTCD.s 			page 137


 4679 0014 C0645394 		.ascii	"\300dS\224\345G\205\274\310\320\011\251\014\277\005"
 4679      E54785BC 
 4679      C8D009A9 
 4679      0CBF05
 4680 0023 44DE3857 		.ascii	"D\3368W\005\243\012\237\354DG\200\036\004\037\213B#"
 4680      05A30A9F 
 4680      EC444780 
 4680      1E041F8B 
 4680      4223
 4681 0035 42030A05 		.ascii	"B\003\012\005\326\227\255\343\332\331\030\004\034d\346"
 4681      D697ADE3 
 4681      DAD91804 
 4681      1C64E6
 4682 0044 0C502B02 		.ascii	"\014P+\002\366\373\200\013o\006\232\375\200h\262\367"
 4682      F6FB800B 
 4682      6F069AFD 
 4682      8068B2F7 
 4683 0054 9629055C 		.ascii	"\226)\005\\\000]\000`\000G\352q\311nR\014\032\273=\030"
 4683      005D0060 
 4683      0047EA71 
 4683      C96E520C 
 4683      1ABB3D18 
 4684 0068 CF849F2C 		.ascii	"\317\204\237,\027\000~\312\247\200\237\316\331R\357"
 4684      17007ECA 
 4684      A7809FCE 
 4684      D952EF
 4685 0077 35D82719 		.ascii	"5\330'\031\272 \273\313\212%\236;8e\324\234\177\245"
 4685      BA20BBCB 
 4685      8A259E3B 
 4685      3865D49C 
 4685      7FA5
 4686 0089 970CED7C 		.ascii	"\227\014\355|\016\206\370\014\002R\011\342Q\022\330"
 4686      0E86F80C 
 4686      025209E2 
 4686      5112D8
 4687 0098 A14305CA 		.ascii	"\241C\005\312N'[\210F0]\351\312a\267A\225\004\301\356"
 4687      4E275B88 
 4687      46305DE9 
 4687      CA61B741 
 4687      9504C1EE 
 4688 00ac 5A87761F 		.ascii	"Z\207v\037n\222\333\306\261\015\301V\236+H\277\226\373"
 4688      6E92DBC6 
 4688      B10DC156 
 4688      9E2B48BF 
 4688      96FB
 4689 00be 8E06F856 		.ascii	"\216\006\370V\374V\207\330=\037\215$\354\313\215E6\250"
 4689      FC5687D8 
 4689      3D1F8D24 
 4689      ECCB8D45 
 4689      36A8
 4690 00d0 5E4DB54A 		.ascii	"^M\265J\252O\216\364\233<\351\017\317\373\025\005\206"
 4690      AA4F8EF4 
 4690      9B3CE90F 
 4690      CFFB1505 
 4690      86
 4691 00e1 F72720BB 		.ascii	"\367' \273\036\216\024Y\247Y\003\205\355\237\330.?^"
 4691      1E8E1459 
ARM GAS  C:\Users\PUBLIC~1.LAP\AppData\Local\Temp\ccSvJTCD.s 			page 138


 4691      A7590385 
 4691      ED9FD82E 
 4691      3F5E
 4692 00f3 91879301 		.ascii	"\221\207\223\001Vh\206\210\024\016\240^\252vk&\367$"
 4692      56688688 
 4692      140EA05E 
 4692      AA766B26 
 4692      F724
 4693 0105 1EC75D23 		.ascii	"\036\307]#\250\005\341\247\013\216\327\325\276\321\217"
 4693      A805E1A7 
 4693      0B8ED7D5 
 4693      BED18F
 4694 0114 7201E0CB 		.ascii	"r\001\340\313U\321\216\311\364Cf\011\212k\365\345\320"
 4694      55D18EC9 
 4694      F4436609 
 4694      8A6BF5E5 
 4694      D0
 4695 0125 DDAFC38D 		.ascii	"\335\257\303\215\350\033\250\212+KR:\025b\273\302_\320"
 4695      E81BA88A 
 4695      2B4B523A 
 4695      1562BBC2 
 4695      5FD0
 4696 0137 C25D9DCB 		.ascii	"\302]\235\313w\241\001'\304\201\237\252\270\212\342"
 4696      77A10127 
 4696      C4819FAA 
 4696      B88AE2
 4697 0146 DDD7F4D3 		.ascii	"\335\327\364\323h{\366%\034\212\211\335=`\353\274\305"
 4697      687BF625 
 4697      1C8A89DD 
 4697      3D60EBBC 
 4697      C5
 4698 0157 4EB8BB2E 		.ascii	"N\270\273.\026\026.D\250\023\237~\017\370\251\022E\024"
 4698      16162E44 
 4698      A8139F7E 
 4698      0FF8A912 
 4698      4514
 4699 0169 C693781E 		.ascii	"\306\223x\036BS?:\345\025\033\274_\265XM&k2\265\215"
 4699      42533F3A 
 4699      E5151BBC 
 4699      5FB5584D 
 4699      266B32B5 
 4700 017e CC8DCB40 		.ascii	"\314\215\313@\013v\023\223R\203\331n\322\261\030\230"
 4700      0B761393 
 4700      5283D96E 
 4700      D2B11898 
 4701 018e ED5613C3 		.ascii	"\355V\023\303`c\345\330\314X\266\035\326\003\0064\030"
 4701      6063E5D8 
 4701      CC58B61D 
 4701      D6030634 
 4701      18
 4702 019f 6D9680C6 		.ascii	"m\226\200\306\325*P\323\221e\240\301\315n\264\234\032"
 4702      D52A50D3 
 4702      9165A0C1 
 4702      CD6EB49C 
 4702      1A
 4703 01b0 1B19199A 		.ascii	"\033\031\031\232\227\202Vo/7\026I0\342\364\023\177\254"
 4703      9782566F 
ARM GAS  C:\Users\PUBLIC~1.LAP\AppData\Local\Temp\ccSvJTCD.s 			page 139


 4703      2F371649 
 4703      30E2F413 
 4703      7FAC
 4704 01c2 A2613489 		.ascii	"\242a4\211v\204\011@q}\037\021\3600\376\362\225\217"
 4704      76840940 
 4704      717D1F11 
 4704      F030FEF2 
 4704      958F
 4705 01d4 69035714 		.ascii	"i\003W\024\316T\263\352!\001\250\312\335\024, \240\002"
 4705      CE54B3EA 
 4705      2101A8CA 
 4705      DD142C20 
 4705      A002
 4706 01e6 A9A9DB01 		.ascii	"\251\251\333\001\243\372\230E\031\305\033\"Z2\016\230"
 4706      A3FA9845 
 4706      19C51B22 
 4706      5A320E98 
 4707 01f6 6C57C9EE 		.ascii	"lW\311\356]8\"\312\233\036l\224\343\357\377\306\012"
 4707      5D3822CA 
 4707      9B1E6C94 
 4707      E3EFFFC6 
 4707      0A
 4708 0207 26C55231 		.ascii	"&\305R1\256\240\325!XPp\304u\004\202\210~\214H\274\241"
 4708      AEA0D521 
 4708      585070C4 
 4708      75048288 
 4708      7E8C48BC 
 4709 021c 05FD0E14 		.ascii	"\005\375\016\024\205\270\033\3162\240\256cl\327{\303"
 4709      85B81BCE 
 4709      32A0AE63 
 4709      6CD77BC3 
 4710 022c 27A4006D 		.ascii	"'\244\000m\015\363\255\373]\2406\\\324\321\362\345\352"
 4710      0DF3ADFB 
 4710      5DA0365C 
 4710      D4D1F2E5 
 4710      EA
 4711 023d 26D7CE2C 		.ascii	"&\327\316,j\306\224\342@\001"
 4711      6AC694E2 
 4711      4001
 4712              		.text
 4713              		.section	.gnu.lto_usbDisableEndpointsI.3007.840c7bcd,"e",%progbits
 4714 0000 28B52FFD 		.ascii	"(\265/\375`\213\006\015$\000\026=\333Hp\230N:3\365\277"
 4714      608B060D 
 4714      2400163D 
 4714      DB487098 
 4714      4E3A33F5 
 4715 0015 0E5BA6D0 		.ascii	"\016[\246\320\030\213\026\334\220k\316`\360\324z-\231"
 4715      188B16DC 
 4715      906BCE60 
 4715      F0D47A2D 
 4715      99
 4716 0026 1EEA33CB 		.ascii	"\036\3523\313\300\367\023\327\026\252\266\375\376\036"
 4716      C0F713D7 
 4716      16AAB6FD 
 4716      FE1E
 4717 0034 7C4EAD44 		.ascii	"|N\255DG\013\005\"\271b\372_Z\232\236A\007\203\335x"
 4717      470B0522 
ARM GAS  C:\Users\PUBLIC~1.LAP\AppData\Local\Temp\ccSvJTCD.s 			page 140


 4717      B962FA5F 
 4717      5A9A9E41 
 4717      0783DD78 
 4718 0048 CB1F6A1D 		.ascii	"\313\037j\035\004v\326\266I#\204\354\235d\301\000\301"
 4718      0476D6B6 
 4718      492384EC 
 4718      9D64C100 
 4718      C1
 4719 0059 00C80043 		.ascii	"\000\310\000C\335\315\206\262UZ7XYs_rn\031\\m\017\354"
 4719      DDCD86B2 
 4719      555A3758 
 4719      59735F72 
 4719      6E195C6D 
 4720 006f D5EE043C 		.ascii	"\325\356\004<\206~\273O\3662\2527\231\321\300\234\233"
 4720      867EBB4F 
 4720      F632AA37 
 4720      99D1C09C 
 4720      9B
 4721 0080 54DE726E 		.ascii	"T\336rny:\210\275j|q\275\232^g\275\332T\335zoA\344\273"
 4721      793A88BD 
 4721      6A7C71BD 
 4721      9A5E67BD 
 4721      DA54DD7A 
 4722 0098 3D353339 		.ascii	"=539g\037,\244\177O\3337\360R=\010d\177\253\232\342"
 4722      671F2CA4 
 4722      7F4FDB37 
 4722      F0523D08 
 4722      647FAB9A 
 4723 00ad 4BD59740 		.ascii	"K\325\227@\026\366dV=\230\262Q\255\2574B\316\331\352"
 4723      16F66456 
 4723      3D98B251 
 4723      ADAF3442 
 4723      CED9EA
 4724 00c0 020F08D9 		.ascii	"\002\017\010\331\362:\273\3663\301\266\272\376\273\363"
 4724      F23ABBF6 
 4724      33C1B6BA 
 4724      FEBBF3
 4725 00cf F70613EB 		.ascii	"\367\006\023\353\256\317\247aX\332%lO&\327\325\264\200"
 4725      AECFA761 
 4725      58DA256C 
 4725      4F26D7D5 
 4725      B480
 4726 00e1 1DDD1222 		.ascii	"\035\335\022\"\363*E\300#\210\024!\263\306MS\035/\267"
 4726      F32A45C0 
 4726      23881421 
 4726      B3C64D53 
 4726      1D2FB7
 4727 00f4 BB47B5BA 		.ascii	"\273G\265\272\322\006wJ\276\204L\345\305w>\335\333\003"
 4727      D206774A 
 4727      BE844CE5 
 4727      C5773EDD 
 4727      DB03
 4728 0106 03B6E5F5 		.ascii	"\003\266\345\365\373\243\220s\356\273dn\275\205\357"
 4728      FBA39073 
 4728      EEBB646E 
 4728      BD85EF
 4729 0115 EEB8EECE 		.ascii	"\356\270\356\316\321\275\022\010l\316Y\250\357&\203"
ARM GAS  C:\Users\PUBLIC~1.LAP\AppData\Local\Temp\ccSvJTCD.s 			page 141


 4729      D1BD1208 
 4729      6CCE59A8 
 4729      EF2683
 4730 0124 C9C88CF5 		.ascii	"\311\310\214\365*\213q\236Y\362\366\365\200\270\350"
 4730      2A8B719E 
 4730      59F2F6F5 
 4730      80B8E8
 4731 0133 80B72882 		.ascii	"\200\267(\202\263\035\250\363\320\262h\276|\335\255"
 4731      B31DA8F3 
 4731      D0B268BE 
 4731      7CDDAD
 4732 0142 D5C562DD 		.ascii	"\325\305b\335\237\260fM_\343\260\356\"\276\235\303\336"
 4732      9FB0664D 
 4732      5FE3B0EE 
 4732      22BE9DC3 
 4732      DE
 4733 0153 C6596FDF 		.ascii	"\306Yo\337\340\333\304\337m\233\365\366P\275-To\007"
 4733      E0DBC4DF 
 4733      6D9BF5F6 
 4733      50BD2D54 
 4733      6F07
 4734 0165 D5DB40F5 		.ascii	"\325\333@\3656\373\346;}\223\377\012\020\332\315\315"
 4734      36FBE63B 
 4734      7D93FF0A 
 4734      10DACDCD 
 4735 0175 316DC939 		.ascii	"1m\3119\307\2324\271N\205C\362\346\337\375g\333\243"
 4735      C79A34B9 
 4735      4E8543F2 
 4735      E6DFFD67 
 4735      DBA3
 4736 0187 602E3564 		.ascii	"`.5dmT\266\331\207V\232\333\244\246@\277|\255[\330S"
 4736      6D54B6D9 
 4736      87569ADB 
 4736      A4A640BF 
 4736      7CAD5BD8 
 4737 019c 37EB3F39 		.ascii	"7\353?9\024\314\325'TK\213\221\335\206\322{\265\264"
 4737      14CCD527 
 4737      544B8B91 
 4737      DD86D27B 
 4737      B5B4
 4738 01ae 185D0F78 		.ascii	"\030]\017xp\364\321Z)\243\262\225\240\340l\010\337\243"
 4738      70F4D15A 
 4738      29A3B295 
 4738      A0E06C08 
 4738      DFA3
 4739 01c0 4DBD95D2 		.ascii	"M\275\225\322\220\255\272,p\222uu\305\314\325\006\301"
 4739      90ADBA2C 
 4739      70927575 
 4739      C5CCD506 
 4739      C1
 4740 01d1 5EED9F4D 		.ascii	"^\355\237Mu\013\257\336;[\230`,x78\000\021\2703\321"
 4740      750BAFDE 
 4740      3B5B9860 
 4740      2C783738 
 4740      0011B833 
 4741 01e6 DCC6F63B 		.ascii	"\334\306\366;\217\341\010\237\215/\311u\347\276\356"
 4741      8FE1089F 
ARM GAS  C:\Users\PUBLIC~1.LAP\AppData\Local\Temp\ccSvJTCD.s 			page 142


 4741      8D2FC975 
 4741      E7BEEE
 4742 01f5 44DC7F86 		.ascii	"D\334\177\206\020q\277lc\015\234\373\317\277\253\314"
 4742      1071BF6C 
 4742      630D9CFB 
 4742      CFBFABCC 
 4743 0205 8F280750 		.ascii	"\217(\007PW\346++\211\230|\371\232\306\177\353\333n"
 4743      57E62B2B 
 4743      89987CF9 
 4743      9AC67FEB 
 4743      DB6E
 4744 0217 24E2B3DD 		.ascii	"$\342\263\335\230\374\026\251!\336\262{\304\351HhIQ"
 4744      98FC16A9 
 4744      21DEB27B 
 4744      C4E94868 
 4744      4951
 4745 0229 22688C88 		.ascii	"\"h\214\210\277\344\032B\311|\210\234\230\024\365\305"
 4745      BFE41A42 
 4745      C97C889C 
 4745      9814F5C5 
 4746 0239 6A835998 		.ascii	"j\203Y\2308\264\210\315Y)\324\317\222d\304\332\340\235"
 4746      38B488CD 
 4746      5929D4CF 
 4746      9264C4DA 
 4746      E09D
 4747 024b 3C330C15 		.ascii	"<3\014\025s\313\334\356\230\244\310u\210\217\322\364"
 4747      73CBDCEE 
 4747      98A4C875 
 4747      888FD2F4 
 4748 025b 94F70C8C 		.ascii	"\224\367\014\214_A\026\307r\316\021\272\221.\247\342"
 4748      5F4116C7 
 4748      72CE11BA 
 4748      912EA7E2 
 4749 026b 2A71888B 		.ascii	"*q\210\213D\340.\024\014ns\256\302X\354\015]\337|\020"
 4749      44E02E14 
 4749      0C6E73AE 
 4749      C258EC0D 
 4749      5DDF7C10 
 4750 027f 90245488 		.ascii	"\220$T\210\343\250<\210\205+\016\027<T.\012\304o\030"
 4750      E3A83C88 
 4750      852B0E17 
 4750      3C542E0A 
 4750      C46F18
 4751 0292 EFCB307F 		.ascii	"\357\3130\177\213\225\305@|\311`uY\335\276\356>~J\213"
 4751      8B95C540 
 4751      7CC96075 
 4751      59DDBEEE 
 4751      3E7E4A8B 
 4752 02a6 2B904CB8 		.ascii	"+\220L\270\225z\216.x\240\236|\226\214\220M\020\234"
 4752      957A8E2E 
 4752      78A09E7C 
 4752      968C904D 
 4752      109C
 4753 02b8 9EA0F0F1 		.ascii	"\236\240\360\361m\364\223$\364\000\350(\251G\307\351"
 4753      6DF49324 
 4753      F400E828 
 4753      A947C7E9 
ARM GAS  C:\Users\PUBLIC~1.LAP\AppData\Local\Temp\ccSvJTCD.s 			page 143


 4754 02c8 08199536 		.ascii	"\010\031\2256R\317\0212\252\010\351\011\351\263d\244"
 4754      52CF1132 
 4754      AA08E909 
 4754      E9B364A4 
 4755 02d8 E4836CF2 		.ascii	"\344\203l\362\011\361\341xtT\252@$\004\344\300\211I"
 4755      09F1E178 
 4755      7454AA40 
 4755      2404E4C0 
 4755      8949
 4756 02ea 05149194 		.ascii	"\005\024\221\224R\324q\251\310\350\347\207h\310\002"
 4756      52D471A9 
 4756      C8E8E787 
 4756      68C802
 4757 02f9 509B7CB7 		.ascii	"P\233|\2678\254O\364\250K\342d\033\270\027w_\310\240"
 4757      38AC4FF4 
 4757      A84BE264 
 4757      1BB81777 
 4757      5FC8A0
 4758 030c A4DBD16D 		.ascii	"\244\333\321m\3169\210\305\332\246\010[\304\270\310"
 4758      CE3988C5 
 4758      DAA6085B 
 4758      C4B8C8
 4759 031b 5D7677B3 		.ascii	"]vw\263)\256p\347\323*`)\246\220\274|Os\316\031X\304"
 4759      29AE70E7 
 4759      D32A6029 
 4759      A690BC7C 
 4759      4F73CE19 
 4760 0331 6FDE98B4 		.ascii	"o\336\230\264\362\024\027\361\257|X\335\276\016\332"
 4760      F21417F1 
 4760      AF7C58DD 
 4760      BE0EDA
 4761 0340 018D62B9 		.ascii	"\001\215b\271\027\344\315\336\26086\346\322\351PCSs"
 4761      17E4CDDE 
 4761      B03836E6 
 4761      D2E95043 
 4761      5373
 4762 0352 D91CDC5F 		.ascii	"\331\034\334_[\203\362\272_-\007\037Mo\303\363\360N"
 4762      5B83F2BA 
 4762      5F2D071F 
 4762      4D6FC3F3 
 4762      F04E
 4763 0364 7008C2CB 		.ascii	"p\010\302\313A\363kZq:\374\356\003\012\034.\310\000"
 4763      41F36B5A 
 4763      713AFCEE 
 4763      030A1C2E 
 4763      C800
 4764 0376 76370180 		.ascii	"v7\001\200\210\250Q@&\211SHD$\020\021\222\024$\035\260"
 4764      88A85140 
 4764      26895348 
 4764      44241011 
 4764      9214241D 
 4765 038b 0219A1AB 		.ascii	"\002\031\241\253\035\022 \2455*\275#\232\202J\366\330"
 4765      1D1220A5 
 4765      352ABD23 
 4765      9A824AF6 
 4765      D8
 4766 039c 0E6701AE 		.ascii	"\016g\001\256F\373YM\214\376\33143\022a\344\324 \211"
ARM GAS  C:\Users\PUBLIC~1.LAP\AppData\Local\Temp\ccSvJTCD.s 			page 144


 4766      46FB594D 
 4766      8CFED934 
 4766      331261E4 
 4766      D42089
 4767 03af D94C41BE 		.ascii	"\331LA\276\365\011\322K\024\030\312\376d\270A\011dN"
 4767      F509D24B 
 4767      1418CAFE 
 4767      64B84109 
 4767      644E
 4768 03c1 A1F40F2C 		.ascii	"\241\364\017,y\351e\241z-\324x\020\034\261\360\210w"
 4768      79E965A1 
 4768      7A2DD478 
 4768      101CB1F0 
 4768      8877
 4769 03d3 E7F12037 		.ascii	"\347\361 7\205\261\352\357\003\010k\207\371#\307\311"
 4769      85B1EAEF 
 4769      03086B87 
 4769      F923C7C9 
 4770 03e3 8F32C7C4 		.ascii	"\2172\307\304-j#\245\033\023\231\3059\354\012T\015\323"
 4770      2D6A23A5 
 4770      1B1399C5 
 4770      39EC0A54 
 4770      0DD3
 4771 03f5 06C2FC63 		.ascii	"\006\302\374c\252\267LIS\210\237\232\277\214\020\225"
 4771      AAB74C49 
 4771      53889F9A 
 4771      BF8C1095 
 4772 0405 CEE092D9 		.ascii	"\316\340\222\331\032\000\227\007\007\223\006Wu\271\320"
 4772      1A009707 
 4772      07930657 
 4772      75B9D0
 4773 0414 5911BAA2 		.ascii	"Y\021\272\242\351\036\026\340w\335Y\242\310\256\226"
 4773      E91E16E0 
 4773      77DD59A2 
 4773      C8AE96
 4774 0423 73F6268D 		.ascii	"s\366&\215Dh\305;\235\311\227\212@\003\311\222\321\026"
 4774      4468C53B 
 4774      9DC9978A 
 4774      4003C992 
 4774      D116
 4775 0435 357A6F8C 		.ascii	"5zo\214\356\317\030\232G\334\333\370\005\272\211\262"
 4775      EECF189A 
 4775      47DCDBF8 
 4775      05BA89B2 
 4776 0445 33A55F6D 		.ascii	"3\245_m\005\276Q\277\255\010\331_\362\235\372\003c\034"
 4776      05BE51BF 
 4776      AD08D95F 
 4776      F29DFA03 
 4776      631C
 4777 0457 16D1150A 		.ascii	"\026\321\025\012\361\255\214\345\025^\243E\004`\032"
 4777      F1AD8CE5 
 4777      155EA345 
 4777      04601A
 4778 0466 993D6EE8 		.ascii	"\231=n\350?\357r@X\275\001\223\026X?bAl\250\272\362"
 4778      3FEF7240 
 4778      58BD0193 
 4778      16583F62 
ARM GAS  C:\Users\PUBLIC~1.LAP\AppData\Local\Temp\ccSvJTCD.s 			page 145


 4778      416CA8BA 
 4779 047b F9784AAA 		.ascii	"\371xJ\252)\373@\300t\245l\230jz-*"
 4779      29FB40C0 
 4779      74A56C98 
 4779      6A7A2D2A 
 4780              		.text
 4781              		.section	.gnu.lto_usbStartReceiveI.3008.840c7bcd,"e",%progbits
 4782 0000 28B52FFD 		.ascii	"(\265/\375`\322\002\005\025\000\206e\207I\240RR:\201"
 4782      60D20205 
 4782      15008665 
 4782      8749A052 
 4782      523A81
 4783 0013 C1745941 		.ascii	"\301tYAk\324\233\310\330,\377\317\227\362HU\265\266"
 4783      6BD49BC8 
 4783      D82CFFCF 
 4783      97F24855 
 4783      B5B6
 4784 0025 38AC340F 		.ascii	"8\2544\017Q\275\244\375\013N\341\2640i\300\237\2529"
 4784      51BDA4FD 
 4784      0B4EE1B4 
 4784      3069C09F 
 4784      AA39
 4785 0037 2B50CB7A 		.ascii	"+P\313z\235)q\221<x\2509\332\263}@\334\302\250W\017"
 4785      9D297191 
 4785      3C78A839 
 4785      DAB37D40 
 4785      DCC2A857 
 4786 004c 5B61F36B 		.ascii	"[a\363k^m\237\304\312\235Rm\000n\000u\000\244\215\343"
 4786      5E6D9FC4 
 4786      CA9D526D 
 4786      006E0075 
 4786      00A48DE3 
 4787 0060 E2C58A3F 		.ascii	"\342\305\212?V3<x\012\005\364#[\222\021\023WL\025oN"
 4787      56333C78 
 4787      0A05F423 
 4787      5B921113 
 4787      574C156F 
 4788 0075 5BF732FC 		.ascii	"[\3672\374S\006\353n\223V\203\331I\334\024\357\323~"
 4788      5306EB6E 
 4788      935683D9 
 4788      49DC14EF 
 4788      D37E
 4789 0087 D3530CEF 		.ascii	"\323S\014\357\024d\332\356\323\013\032\273E\002~\231"
 4789      1464DAEE 
 4789      D30B1ABB 
 4789      45027E99 
 4790 0097 9D64794A 		.ascii	"\235dyJy2\366[y\322C\333\307\213\016\266G\325\320\327"
 4790      7932F65B 
 4790      79D243DB 
 4790      C78B0EB6 
 4790      47D5D0D7 
 4791 00ab EEE6D4C4 		.ascii	"\356\346\324\304\207\237C\377R\247\025!\011}\312\020"
 4791      879F43FF 
 4791      52A71521 
 4791      097DCA10 
 4792 00bb ECAE6711 		.ascii	"\354\256g\021R\322\255\267-\300v\004[\027\004d\211\352"
 4792      52D2ADB7 
ARM GAS  C:\Users\PUBLIC~1.LAP\AppData\Local\Temp\ccSvJTCD.s 			page 146


 4792      2DC07604 
 4792      5B170464 
 4792      89EA
 4793 00cd 1614711E 		.ascii	"\026\024q\036\275r4\256|\031q^*W]\277\372a\334)\304"
 4793      BD7234AE 
 4793      7C19715E 
 4793      2A575DBF 
 4793      FA61DC29 
 4794 00e2 2E0A4D2D 		.ascii	".\012M-a?\266\252d\323\246o\263i\224r\372\244\2346\221"
 4794      613FB6AA 
 4794      64D3A66F 
 4794      B3699472 
 4794      FAA49C36 
 4795 00f7 4DDB64D3 		.ascii	"M\333d\323\265r\272\344\305\237\344P\277\310\243n\332"
 4795      B572BAE4 
 4795      C59FE450 
 4795      BFC8A36E 
 4795      DA
 4796 0108 9F7ED99D 		.ascii	"\237~\331\235\376\022\300\210\227\025\026\206\260]\243"
 4796      FE12C088 
 4796      97151686 
 4796      B05DA3
 4797 0117 30B0CD22 		.ascii	"0\260\315\"\251\230\036\365\333\277\224GpCxv\224p&t"
 4797      A9981EF5 
 4797      DBBF9447 
 4797      70437876 
 4797      94702674 
 4798 012b 64EB60D4 		.ascii	"d\353`\324\304\265[\034p\3224\263\0075t$\350\222\260"
 4798      C4B55B1C 
 4798      70D234B3 
 4798      07357424 
 4798      E892B0
 4799 013e 3C69DB0A 		.ascii	"<i\333\012\001\202\246\217\272\215\004\321\023>\243"
 4799      0182A68F 
 4799      BA8D04D1 
 4799      133EA3
 4800 014d 37DB1DDA 		.ascii	"7\333\035\332\3712\036\370T\226v\312\223\264\303\330"
 4800      F9321EF8 
 4800      549676CA 
 4800      93B4C3D8 
 4801 015d 4959DADD 		.ascii	"IY\332\335\003\266\315\247nN\326nJ\243\"\242\350\274"
 4801      03B6CDA7 
 4801      6E4ED66E 
 4801      4AA322A2 
 4801      E8BC
 4802 016f 41743CD6 		.ascii	"At<\326\007\343\211\272P\255\027\0011\321\022=\321\271"
 4802      07E389BA 
 4802      50AD1701 
 4802      31D1123D 
 4802      D1B9
 4803 0181 83C8834D 		.ascii	"\203\310\203MMtv\325\364\267\216\322\246d\027\0070\015"
 4803      4D7476D5 
 4803      F4B78ED2 
 4803      A6641707 
 4803      300D
 4804 0193 F36899D6 		.ascii	"\363h\231\326\264\214At\264)\274\005p\266\273;\237\205"
 4804      B48C4174 
ARM GAS  C:\Users\PUBLIC~1.LAP\AppData\Local\Temp\ccSvJTCD.s 			page 147


 4804      B429BC05 
 4804      70B6BB3B 
 4804      9F85
 4805 01a5 4F85D989 		.ascii	"O\205\331\211\223~P\371=A\036\265p\034\341O{n\246}."
 4805      937E50F9 
 4805      3D411EB5 
 4805      701CE14F 
 4805      7B6EA67D 
 4806 01ba 383B03BA 		.ascii	"8;\003\272\037N\313\255\347\027\024\306l\323\362\013"
 4806      1F4ECBAD 
 4806      E71714C6 
 4806      6CD3F20B 
 4807 01ca 0A7B363E 		.ascii	"\012{6>\301\234\216/'\027\344\311\311\300\000\177\300"
 4807      C19C8E2F 
 4807      2717E4C9 
 4807      C9C0007F 
 4807      C0
 4808 01db 9C04353B 		.ascii	"\234\0045;]\201\236\235\233\0135@9B\240N\317\347\342"
 4808      5D819E9D 
 4808      9B0B3540 
 4808      3942A04E 
 4808      CFE7E2
 4809 01ee 52C353A0 		.ascii	"R\303S\240+\356U\311\275\025YD%:\300\224i\2516\003\230"
 4809      2BEE55C9 
 4809      BD155944 
 4809      253AC094 
 4809      69A93603 
 4810 0203 F922B36C 		.ascii	"\371\"\263l\320\365\261T\310\224v\314s\310\2400\356"
 4810      D0F5B154 
 4810      C89476CC 
 4810      73C8A030 
 4810      EE
 4811 0214 7F4A7BE6 		.ascii	"\177J{\3468\264\202\214 Q\233\3466~D\210\250\015\341"
 4811      38B4828C 
 4811      20519BE6 
 4811      367E4488 
 4811      A80DE1
 4812 0227 54400139 		.ascii	"T@\0019 \260\002\2419\242\007\243\372\030E\221\034Z"
 4812      20B002A1 
 4812      39A207A3 
 4812      FA184591 
 4812      1C5A
 4813 0239 86344E84 		.ascii	"\2064N\204\314,\276\263\243\030D\1773b\027\267qtl`\274"
 4813      CC2CBEB3 
 4813      A318447F 
 4813      336217B7 
 4813      71746C60 
 4814 024e B3040F60 		.ascii	"\263\004\017`\326\000\026\353\\=\216Oa\027\026=6\012"
 4814      D60016EB 
 4814      5C3D8E4F 
 4814      6117163D 
 4814      360A
 4815 0260 B224EAE4 		.ascii	"\262$\352\344k7\241\375i\022)\255\202P\012L`Z\230\226"
 4815      6B37A1FD 
 4815      691229AD 
 4815      82500A4C 
 4815      605A9896 
ARM GAS  C:\Users\PUBLIC~1.LAP\AppData\Local\Temp\ccSvJTCD.s 			page 148


 4816 0274 61BA66FD 		.ascii	"a\272f\375\266\004\236Q1\300\306\343|\327\2738l\221"
 4816      B6049E51 
 4816      31C0C6E3 
 4816      7CD7BB38 
 4816      6C91
 4817 0286 31F76E6C 		.ascii	"1\367nl\315\273\221#\035\332\311Y\223\033<\014m^M\342"
 4817      CDBB9123 
 4817      1DDAC959 
 4817      931B3C0C 
 4817      6D5E4DE2 
 4818 029a 851D7F1D 		.ascii	"\205\035\177\035\357\002\333p\001G\213\035^\264\202"
 4818      EF02DB70 
 4818      01478B1D 
 4818      5EB482
 4819 02a9 0C       		.ascii	"\014"
 4820              		.text
 4821              		.section	.gnu.lto_usbStartTransmitI.3009.840c7bcd,"e",%progbits
 4822 0000 28B52FFD 		.ascii	"(\265/\375`\325\002=\025\000\026&\211J\240\024R:\031"
 4822      60D5023D 
 4822      15001626 
 4822      894AA014 
 4822      523A19
 4823 0013 6E1D1464 		.ascii	"n\035\024d\241A\240&\316(\275r\364\005\335\022{\276"
 4823      A141A026 
 4823      CE28BD72 
 4823      F405DD12 
 4823      7BBE
 4824 0025 0413C2FB 		.ascii	"\004\023\302\373\276\274\252P\233I\327\371~\347\343"
 4824      BEBCAA50 
 4824      9B49D7F9 
 4824      7EE7E3
 4825 0034 FF453938 		.ascii	"\377E98\271\354w\336;B?\012\274>\361\362\204\036\311"
 4825      B9EC77DE 
 4825      3B423F0A 
 4825      BC3EF1F2 
 4825      841EC9
 4826 0047 1DE38925 		.ascii	"\035\343\211%\357\205\301\2630#_\362\2274\271S\012p"
 4826      EF85C1B3 
 4826      30235FF2 
 4826      9734B953 
 4826      0A70
 4827 0059 006F0078 		.ascii	"\000o\000x\000\271\027\261\203\020\032\362c\315(\267"
 4827      00B917B1 
 4827      83101AF2 
 4827      63CD28B7 
 4828 0069 4E3F279A 		.ascii	"N?'\232\035i\025\211\310\220\037kB\2719\355\033\014"
 4828      1D691589 
 4828      C8901F6B 
 4828      42B939ED 
 4828      1B0C
 4829 007b F0430FDE 		.ascii	"\360C\017\336Z\227\262\"\220\037\011p\345>\355/\235"
 4829      5A97B222 
 4829      901F0970 
 4829      E53EED2F 
 4829      9D
 4830 008c 09F82620 		.ascii	"\011\370& \307j\035F\351\250\225x\3000\344\307\226\257"
 4830      C76A1D46 
ARM GAS  C:\Users\PUBLIC~1.LAP\AppData\Local\Temp\ccSvJTCD.s 			page 149


 4830      E9A89578 
 4830      C030E4C7 
 4830      96AF
 4831 009e D08FAFD3 		.ascii	"\320\217\257\323\350G\003\355 'J\250@\2123\266j\255"
 4831      E84703ED 
 4831      20274AA8 
 4831      408A33B6 
 4831      6AAD
 4832 00b0 B65D71E0 		.ascii	"\266]q\340'\320?\324c\302\242\240O\330\202Z\253\247"
 4832      27D03FD4 
 4832      63C2A2A0 
 4832      4FD8825A 
 4832      ABA7
 4833 00c2 B0C8E8DE 		.ascii	"\260\310\350\336\333.`\273\202\275\017\002\273YN\301"
 4833      DB2E60BB 
 4833      82BD0F02 
 4833      BB594EC1 
 4834 00d2 59F40EA9 		.ascii	"Y\364\016\251\334\235(k,\245\211\271U\036\335GWY'\227"
 4834      DC9D286B 
 4834      2CA589B9 
 4834      551EDD47 
 4834      57592797 
 4835 00e6 4D0C9AAB 		.ascii	"M\014\232\253\302\376\253n\222\035\233\246\221\323*"
 4835      C2FEAB6E 
 4835      921D9BA6 
 4835      91D32A
 4836 00f5 743A854E 		.ascii	"t:\205N\243\300\246g\260i\031\235>9\3617\271\323_\362"
 4836      A3C0A667 
 4836      B069199D 
 4836      3E39F137 
 4836      B9D35FF2 
 4837 0109 A73BF6E1 		.ascii	"\247;\366\341\017{\323O\003|D\213\341\020 \222ZIt%\251"
 4837      0F7BD34F 
 4837      037C448B 
 4837      E1102092 
 4837      5A497425 
 4838 011e 5723D58B 		.ascii	"W#\325\213?\375\366\017e\0005\0269\373\351G\006\021"
 4838      3FFDF60F 
 4838      65003516 
 4838      39FBE947 
 4838      0611
 4839 0130 CD446875 		.ascii	"\315Dhu\031\370\350\032\362\243]C\021?S<\026V\351G?"
 4839      19F8E81A 
 4839      F2A35D43 
 4839      113F533C 
 4839      1656E947 
 4840 0145 CEB29098 		.ascii	"\316\262\220\230b\373\247\317R\004}\3419n\310ZA\340"
 4840      62FBA7CF 
 4840      52047DE1 
 4840      396EC85A 
 4840      41E0
 4841 0157 7C1C1374 		.ascii	"|\034\023t\002\224z\350\307\330o\364\254(\325Z\025\330"
 4841      02947AE8 
 4841      C7D86FF4 
 4841      AC28D55A 
 4841      15D8
 4842 0169 388FCAF9 		.ascii	"8\217\312\371(\243m\214*\250\262\223\307P\221\245\204"
ARM GAS  C:\Users\PUBLIC~1.LAP\AppData\Local\Temp\ccSvJTCD.s 			page 150


 4842      28A36D8C 
 4842      2AA8B293 
 4842      C75091A5 
 4842      84
 4843 017a 51A6AC8D 		.ascii	"Q\246\254\215\305\272\260\010\312\236l\312\316#C%f\213"
 4843      C5BAB008 
 4843      CA9E6CCA 
 4843      CE234325 
 4843      668B
 4844 018c B22B25DB 		.ascii	"\262+%\333\337Vt\266TJ(\311\207Y4leK\177\014\025m\014"
 4844      DF5674B6 
 4844      544A28C9 
 4844      8759346C 
 4844      654B7F0C 
 4845 01a3 AFC1236B 		.ascii	"\257\301#k\2558\237\206O\006\322\305G\037\210~<\011"
 4845      AD389F86 
 4845      4F06D2C5 
 4845      471F887E 
 4845      3C09
 4846 01b5 3D1F6F35 		.ascii	"=\037o5\\\347\267\333^\316\264\356E\007\227\340\266"
 4846      5CE7B7DB 
 4846      5ECEB4EE 
 4846      450797E0 
 4846      B6
 4847 01c6 D371A1F5 		.ascii	"\323q\241\365v\276\337\3138.;\337\357\006\307\307g\343"
 4847      76BEDFCB 
 4847      382E3BDF 
 4847      EF06C7C7 
 4847      67E3
 4848 01d8 D1EDD87C 		.ascii	"\321\355\330|\033l31\274\035o\207\201\015\356\206\240"
 4848      1B6C3331 
 4848      BC1D6F87 
 4848      810DEE86 
 4848      A0
 4849 01e9 D793C3C1 		.ascii	"\327\223\303\301\346g\347\307\343\271\321\275\274\330"
 4849      E667E7C7 
 4849      E3B9D1BD 
 4849      BCD8
 4850 01f7 E41ADC88 		.ascii	"\344\032\334\210\365\233d\262\264\272\012n\320\003&"
 4850      F59B64B2 
 4850      B4BA0A6E 
 4850      D00326
 4851 0206 6CE9DA0E 		.ascii	"l\351\332\016 \314\013\335\022b\253Y\312*\031j\307\274"
 4851      20CC0BDD 
 4851      1262AB59 
 4851      CA2A196A 
 4851      C7BC
 4852 0218 4A66AAAC 		.ascii	"Jf\252\254\257\241\366\314{`\031\221a\2626\315w\324"
 4852      AFA1F6CC 
 4852      7B601991 
 4852      61B236CD 
 4852      77D4
 4853 022a C428599B 		.ascii	"\304(Y\233\302\251\0028 \220\002\251\271\242\007\243"
 4853      C2A90238 
 4853      209002A9 
 4853      B9A207A3 
 4854 023a FA984511 		.ascii	"\372\230E\021\021\332\2064n\010\371Y|gG1\210\377\346"
ARM GAS  C:\Users\PUBLIC~1.LAP\AppData\Local\Temp\ccSvJTCD.s 			page 151


 4854      11DA8634 
 4854      6E08F959 
 4854      7C674731 
 4854      88FFE6
 4855 024d 082F6EC9 		.ascii	"\010/n\311\321\251\201\361\316\024<\200Y\003X\314su"
 4855      D1A981F1 
 4855      CE143C80 
 4855      590358CC 
 4855      7375
 4856 025f 1CAFB25D 		.ascii	"\034\257\262]W\364\330(\330\222\250\223\257\261\011"
 4856      57F4D828 
 4856      D892A893 
 4856      AFB109
 4857 026e CDA749A4 		.ascii	"\315\247I\244\264\014B)P\201i0-\303t\255ul\011`F\365"
 4857      B40C4229 
 4857      50816930 
 4857      2DC374AD 
 4857      756C0960 
 4858 0284 001F8DF3 		.ascii	"\000\037\215\363]\177qx\211=\006\177do\336G\226v\326"
 4858      5D7F7178 
 4858      893D067F 
 4858      646FDE47 
 4858      9676D6
 4859 0297 4EAE4D1A 		.ascii	"N\256M\032x\271`\251*z7\006\216\037%\203\257\270\250"
 4859      78B960A9 
 4859      2A7A3706 
 4859      8E1F2583 
 4859      AFB8A8
 4860 02aa A3050F2F 		.ascii	"\243\005\017/\332E\006"
 4860      DA4506
 4861              		.text
 4862              		.section	.gnu.lto_usbReceive.3010.840c7bcd,"e",%progbits
 4863 0000 28B52FFD 		.ascii	"(\265/\375`T\006\335#\000\206\376\342A`\350Mc\351\240"
 4863      605406DD 
 4863      230086FE 
 4863      E24160E8 
 4863      4D63E9A0 
 4864 0014 C5982529 		.ascii	"\305\230%)\364\034(\252B\002\226N\270\2433\377\306\370"
 4864      F41C28AA 
 4864      4202964E 
 4864      B8A333FF 
 4864      C6F8
 4865 0026 3ADF7628 		.ascii	":\337v(\015\036J'\366\310\226o\310\034Cc\2272z\212\022"
 4865      0D1E4A27 
 4865      F6C8966F 
 4865      C81C4363 
 4865      97327A8A 
 4866 003b 347F29DC 		.ascii	"4\177)\334\033\375\316^\303\331\312\307f&\332\275\267"
 4866      1BFDCE5E 
 4866      C3D9CAC7 
 4866      6626DABD 
 4866      B7
 4867 004c 942905C6 		.ascii	"\224)\005\306\000\306\000\327\000mG\206o3:\010\010\026"
 4867      00C600D7 
 4867      006D4786 
 4867      6F333A08 
 4867      0816
ARM GAS  C:\Users\PUBLIC~1.LAP\AppData\Local\Temp\ccSvJTCD.s 			page 152


 4868 005e E2CB58C1 		.ascii	"\342\313X\301\233\327\031\331\215\2171\272\204\020\322"
 4868      9BD719D9 
 4868      8D8F31BA 
 4868      8410D2
 4869 006d 4F9F4C6A 		.ascii	"O\237Lj#\375\264v\017?i\244\006\312(\233\315\370\213"
 4869      23FDB476 
 4869      0F3F69A4 
 4869      06CA289B 
 4869      CDF88B
 4870 0080 E41ED01D 		.ascii	"\344\036\320\035\244\034\240{\357\204\237v\321 N\324"
 4870      A41CA07B 
 4870      EF849F76 
 4870      D1204ED4 
 4871 0090 B9B6650A 		.ascii	"\271\266e\012\270`\311\",\334\242L\265\034\206R\250"
 4871      B860C922 
 4871      2CDCA24C 
 4871      B51C8652 
 4871      A8
 4872 00a1 45D96A3F 		.ascii	"E\331j?a\350q4.\333{\315\346N\030\375l\320%\252\326"
 4872      61E87134 
 4872      2EDB7BCD 
 4872      E64E18FD 
 4872      6CD025AA 
 4873 00b6 87E1E1DE 		.ascii	"\207\341\341\336\275hip\367\2565\031\203\321O\333\376"
 4873      BD686970 
 4873      F7AE3519 
 4873      83D14FDB 
 4873      FE
 4874 00c7 979BF5B0 		.ascii	"\227\233\365\260Q\004\220\"5K\372\2141t\357\3651\335"
 4874      51049022 
 4874      354BFA8C 
 4874      3174EFF5 
 4874      31DD
 4875 00d9 00FAD33C 		.ascii	"\000\372\323<\001\364\247\235r\343O\323V\243\377\343"
 4875      01F4A79D 
 4875      72E34FD3 
 4875      56A3FFE3 
 4876 00e9 279A0CCB 		.ascii	"'\232\014\3133\213\274\302\332\216bIn\315\015`\360\340"
 4876      338BBCC2 
 4876      DA8E6249 
 4876      6ECD0D60 
 4876      F0E0
 4877 00fb 0410FB32 		.ascii	"\004\020\3732k\031 W\236|%\"\346UkQ\207{\257\353Q\014"
 4877      6B192057 
 4877      9E7C2522 
 4877      E6556B51 
 4877      877BAFEB 
 4878 0111 C98DDE76 		.ascii	"\311\215\336v\013\373X\366\371\025r\202\222h\011t8\266"
 4878      0BFB58F6 
 4878      F9157282 
 4878      92680974 
 4878      38B6
 4879 0123 7B2F8C82 		.ascii	"{/\214\202\324:\021~\3267\276\355\340G\315\363\335\274"
 4879      D43A117E 
 4879      D637BEED 
 4879      E047CDF3 
 4879      DDBC
ARM GAS  C:\Users\PUBLIC~1.LAP\AppData\Local\Temp\ccSvJTCD.s 			page 153


 4880 0135 E796D6E6 		.ascii	"\347\226\326\346\177\342fV\006\306\0162\356\037\203"
 4880      7FE26656 
 4880      06C60E32 
 4880      EE1F83
 4881 0144 42469676 		.ascii	"BF\226v\271;6\377X\223:I\264\334%X\346-\321-\361\214"
 4881      B93B36FF 
 4881      58933A49 
 4881      B4DC2558 
 4881      E62DD12D 
 4882 015a F8B9FB99 		.ascii	"\370\271\373\231=\371/YzQ\336\212g\257yU[f\337\2746"
 4882      3DF92F59 
 4882      7A51DE8A 
 4882      67AF7955 
 4882      5B66DFBC 
 4883 016f 8A7DB65B 		.ascii	"\212}\266[\351k\177\322\325~\244\243\375G\017\363\367"
 4883      E96B7FD2 
 4883      D57EA4A3 
 4883      FD470FF3 
 4883      F7
 4884 0180 5C8D2E55 		.ascii	"\\\215.U\237\003\252M\001\325V\251\272\006\250>\001"
 4884      9F03AA4D 
 4884      01D556A9 
 4884      BA06A83E 
 4884      01
 4885 0191 136908D0 		.ascii	"\023i\010\320ri\344\001\225\265{$\017\321\245;\343\266"
 4885      7269E401 
 4885      95B57B24 
 4885      0FD1A53B 
 4885      E3B6
 4886 01a3 9CEDB7EF 		.ascii	"\234\355\267\357\303\335\215\215\267qQ\037\260#\300"
 4886      C3DD8D8D 
 4886      B771511F 
 4886      B023C0
 4887 01b2 C719A543 		.ascii	"\307\031\245C\006K\215\263q\202\274\344\231\360c\234"
 4887      064B8DB3 
 4887      7182BCE4 
 4887      99F0639C 
 4888 01c2 F4A58B0C 		.ascii	"\364\245\213\014\316\206\255\346-\015\032\243L\336\274"
 4888      CE86ADE6 
 4888      2D0D1AA3 
 4888      4CDEBC
 4889 01d1 CED0CE22 		.ascii	"\316\320\316\"_\224h?c#9\275\031\027\011\012x~P\215"
 4889      5F94683F 
 4889      632339BD 
 4889      1917090A 
 4889      787E508D 
 4890 01e5 608C67F5 		.ascii	"`\214g\365G%\313\364e\257\375<0\222\354\216\2661\355"
 4890      4725CBF4 
 4890      65AFFD3C 
 4890      3092EC8E 
 4890      B631ED
 4891 01f8 75463178 		.ascii	"uF1xpx\200\262\223\201\376<\355\337\216cR_\2020\272"
 4891      707880B2 
 4891      9381FE3C 
 4891      EDDF8E63 
 4891      525F8230 
 4892 020d F70BCA57 		.ascii	"\367\013\312W\352\010A\2056Y\331q:\252\010U\356\275"
ARM GAS  C:\Users\PUBLIC~1.LAP\AppData\Local\Temp\ccSvJTCD.s 			page 154


 4892      EA084185 
 4892      3659D971 
 4892      3AAA0855 
 4892      EEBD
 4893 021f 1AEC11B7 		.ascii	"\032\354\021\267C\342\347\003;k{qG\266Zs\020X\242\237"
 4893      43E2E703 
 4893      3B6B7B71 
 4893      47B65A73 
 4893      1058A29F 
 4894 0233 1C0535C9 		.ascii	"\034\0055\311\"\331#\333\2636\212\024\365G3\201\331"
 4894      22D923DB 
 4894      B3368A14 
 4894      F5473381 
 4894      D9
 4895 0244 EB04CB38 		.ascii	"\353\004\3138\226\317\2327H\323\226%\277\002i7\204N"
 4895      96CF9A37 
 4895      48D39625 
 4895      BF026937 
 4895      844E
 4896 0256 9D9AF7DC 		.ascii	"\235\232\367\334\224\274!i\223F\215,\355\216\201\033"
 4896      94BC2169 
 4896      93468D2C 
 4896      ED8E811B 
 4897 0266 A583CFA5 		.ascii	"\245\203\317\245Ap\202T\"\230\203\202\346\037s\322\244"
 4897      41708254 
 4897      22988382 
 4897      E61F73D2 
 4897      A4
 4898 0277 CE8BD2ED 		.ascii	"\316\213\322\355Ktu\\\214\370\271\223\260\024S\200\313"
 4898      4B74755C 
 4898      8CF8B993 
 4898      B0145380 
 4898      CB
 4899 0288 15386BCB 		.ascii	"\0258k\313l\236\005z\273 \271\347\253\036\262=\3659"
 4899      6C9E057A 
 4899      BB20B9E7 
 4899      AB1EB23D 
 4899      F539
 4900 029a 2CA07C39 		.ascii	",\240|9W.\214\356\275\317\302\003\375yk\365\250u\325"
 4900      572E8CEE 
 4900      BDCFC203 
 4900      FD796BF5 
 4900      A875D5
 4901 02ad 44259075 		.ascii	"D%\220u\206\004: WHJ\0262\001\271\212\304!pXd!\323\014"
 4901      86043A20 
 4901      57484A16 
 4901      3201B98A 
 4901      C4217058 
 4902 02c5 619AF533 		.ascii	"a\232\3653r\320\351\367\253A\225\012\323\341\010\037"
 4902      72D0E9F7 
 4902      AB41950A 
 4902      D3E1081F 
 4903 02d5 B04894F2 		.ascii	"\260H\224\362M\215\2302!\345\323\322\001<\341\240\023"
 4903      4D8D9832 
 4903      21E5D3D2 
 4903      013CE1A0 
 4903      13
ARM GAS  C:\Users\PUBLIC~1.LAP\AppData\Local\Temp\ccSvJTCD.s 			page 155


 4904 02e6 B048FC05 		.ascii	"\260H\374\005\177>\023MP8L\250\360\340K\265\212\304"
 4904      7F3E134D 
 4904      50384CA8 
 4904      F0E04BB5 
 4904      8AC4
 4905 02f8 2C1F1671 		.ascii	",\037\026q8$\37688\350\224r\245\301\237\0178c\353\352"
 4905      3824FE38 
 4905      38E89472 
 4905      A5C19F0F 
 4905      3863EBEA 
 4906 030c 8725F469 		.ascii	"\207%\364i\025-8\350$\304j\322*\372\256\252Rb\206\032"
 4906      152D38E8 
 4906      24C46AD2 
 4906      2AFAAEAA 
 4906      5262861A 
 4907 0320 E9D0629D 		.ascii	"\351\320b\235\306\226\225\315\002VWQ\240\001u\341\311"
 4907      C69695CD 
 4907      02565751 
 4907      A00175E1 
 4907      C9
 4908 0331 8A861381 		.ascii	"\212\206\023\201,\253t\313\364\317\311*\335\242\372"
 4908      2CAB74CB 
 4908      F4CFC92A 
 4908      DDA2FA
 4909 0340 1553DF55 		.ascii	"\025S\337UU\320\227\022}S(\204V\302\240T\014\250\247"
 4909      55D09712 
 4909      7D532884 
 4909      56C2A054 
 4909      0CA8A7
 4910 0353 0A5943A0 		.ascii	"\012YC\240V\014\256\340\226\360\212\252\212\002\205"
 4910      560CAEE0 
 4910      96F08AAA 
 4910      8A0285
 4911 0362 18511F9E 		.ascii	"\030Q\037\236l{\255\353\346\265Q\014 \310\223D\246\222"
 4911      6C7BADEB 
 4911      E6B5510C 
 4911      20C89344 
 4911      A692
 4912 0374 0D0BF224 		.ascii	"\015\013\362$\314\372\270\021E\355\3216j\335\241\313"
 4912      CCFAB811 
 4912      45EDD136 
 4912      6ADDA1CB 
 4913 0384 769D26F2 		.ascii	"v\235&\362\217\020:g\314\264\225!3\247d\317v\246\256"
 4913      8F103A67 
 4913      CCB49521 
 4913      33A764CF 
 4913      76A6AE
 4914 0397 1A6CA831 		.ascii	"\032l\2501<\346\2301\004\242\011FD\3224\313\001\220"
 4914      3CE69831 
 4914      04A20946 
 4914      44D234CB 
 4914      0190
 4915 03a9 2222AAEA 		.ascii	"\"\"\252\352\006\022\340\005E\212=\023),\267\374\254"
 4915      0612E005 
 4915      458A3D13 
 4915      292CB7FC 
 4915      AC
ARM GAS  C:\Users\PUBLIC~1.LAP\AppData\Local\Temp\ccSvJTCD.s 			page 156


 4916 03ba 0C73D34A 		.ascii	"\014s\323J50\000\371\362\004j\337\315\020\267\242\376"
 4916      353000F9 
 4916      F2046ADF 
 4916      CD10B7A2 
 4916      FE
 4917 03cb 2F24C753 		.ascii	"/$\307S\323\242\230Q\001\264\224T\226u.59\310\207K\247"
 4917      D3A29851 
 4917      01B49454 
 4917      96752E35 
 4917      39C8874B 
 4918 03e0 F83DB4BB 		.ascii	"\370=\264\273g{=6\351@\243\214al(\037Tzy\242o-\005R"
 4918      677B3D36 
 4918      E940A38C 
 4918      616C281F 
 4918      547A79A2 
 4919 03f8 5016B371 		.ascii	"P\026\263q\015a\304\012`\245\024\227\332,mX\351\037"
 4919      0D61C40A 
 4919      60A51497 
 4919      DA2C6D58 
 4919      E91F
 4920 040a 9DC9C115 		.ascii	"\235\311\301\025\015\362\364a\371yx\213a\366\022\005"
 4920      0DF2F461 
 4920      F979788B 
 4920      61F61205 
 4921 041a E001A5FF 		.ascii	"\340\001\245\377\000\275\350Y\272\217\204y9\344\222"
 4921      00BDE859 
 4921      BA8F8479 
 4921      39E492
 4922 0429 65797C74 		.ascii	"ey|tr\223\275v\243\361\016-\200G\274\302\027\373QQ\240"
 4922      7293BD76 
 4922      A3F10E2D 
 4922      8047BCC2 
 4922      17FB5151 
 4923 043e A29E94CE 		.ascii	"\242\236\224\316\020A@\021Qf\374\373Fx\205e\225#w\212"
 4923      10414011 
 4923      5166FCFB 
 4923      46788565 
 4923      9523778A 
 4924 0452 3357AA52 		.ascii	"3W\252R\351\342\230`E\306\025\267\230\213b0\247gEJ3"
 4924      E9E29860 
 4924      45C615B7 
 4924      988B6230 
 4924      A767454A 
 4925 0467 9D9A5412 		.ascii	"\235\232T\022\346\377\343}\213\301!|\222\015@\276\013"
 4925      E6FFE37D 
 4925      8BC1217C 
 4925      920D40BE 
 4925      0B
 4926 0478 FD233CD7 		.ascii	"\375#<\327 \313xLZ\236WV\003"
 4926      20CB784C 
 4926      5A9E5756 
 4926      03
 4927              		.text
 4928              		.section	.gnu.lto_usbTransmit.3011.840c7bcd,"e",%progbits
 4929 0000 28B52FFD 		.ascii	"(\265/\375`T\006\365#\000\306>\344A`\246Nc\263K\230"
 4929      605406F5 
 4929      2300C63E 
ARM GAS  C:\Users\PUBLIC~1.LAP\AppData\Local\Temp\ccSvJTCD.s 			page 157


 4929      E44160A6 
 4929      4E63B34B 
 4930 0015 00DA4BE3 		.ascii	"\000\332K\343\336i\361\221\3550d\373\302~f\256\326\275"
 4930      DE69F191 
 4930      ED3064FB 
 4930      C27E66AE 
 4930      D6BD
 4931 0027 B321A16B 		.ascii	"\263!\241k4X\271F\323I\367\235\016\205\271\217i@\355"
 4931      3458B946 
 4931      D349F79D 
 4931      0E85B98F 
 4931      6940ED
 4932 003a 61E22EC9 		.ascii	"a\342.\311\245I\034\274\367%>k6\352\033v\357-eJ\001"
 4932      A5491CBC 
 4932      F7253E6B 
 4932      36EA1B76 
 4932      EF2D654A 
 4933 004f C500C800 		.ascii	"\305\000\310\000\331\000\227s:\310\207\225\343\3058"
 4933      D9009773 
 4933      3AC88795 
 4933      E3C538
 4934 005e 01DD17DB 		.ascii	"\001\335\027\333Y\215\203qZ\346F\355\336\213t\324\017"
 4934      598D8371 
 4934      5AE646ED 
 4934      DE8B74D4 
 4934      0F
 4935 006f 93B4918E 		.ascii	"\223\264\221\216Z{\207\3174\022\203\261(;N\371{\344"
 4935      5A7B87CF 
 4935      341283B1 
 4935      283B4EF9 
 4935      7BE4
 4936 0081 FE8F9D34 		.ascii	"\376\217\2354\263?\367^\011G\335\202\3012\012\205\343"
 4936      B33FF75E 
 4936      0947DD82 
 4936      C1320A85 
 4936      E3
 4937 0092 3A05DC30 		.ascii	":\005\3340\246\331\012DQ\347\333\215>\024\200\242l\265"
 4937      A6D90A44 
 4937      51E7DB8D 
 4937      3E1480A2 
 4937      6CB5
 4938 00a4 9F2EEC78 		.ascii	"\237.\354x[\227\355\275jx&\214\216\002\357D\325z/:\374"
 4938      5B97EDBD 
 4938      6A78268C 
 4938      8E02EF44 
 4938      D57A2F3A 
 4939 00b9 BBB7EDAD 		.ascii	"\273\267\355\255\356^\270&_0:j\333\357r\265\035V\206"
 4939      EE5EB826 
 4939      5F303A6A 
 4939      DBEF72B5 
 4939      1D5686
 4940 00cc F05174A6 		.ascii	"\360Qt\246\214\016\254\320\2757\010|\201\364\350y\246"
 4940      8C0EACD0 
 4940      BD37087C 
 4940      81F4E879 
 4940      A6
 4941 00dd F4A88D72 		.ascii	"\364\250\215r\345\321\323V\245\337\343h\3124\223;\213"
ARM GAS  C:\Users\PUBLIC~1.LAP\AppData\Local\Temp\ccSvJTCD.s 			page 158


 4941      E5D1D356 
 4941      A5DFE368 
 4941      CA34933B 
 4941      8B
 4942 00ee BE94A059 		.ascii	"\276\224\240Y\212\215\335\236\032\326\370\332\004\020"
 4942      8A8DDD9E 
 4942      1AD6F8DA 
 4942      0410
 4943 00fc 033BAB18 		.ascii	"\003;\253\030\037U\316|\025\"\366Uk\021\207{\257\353"
 4943      1F55CE7C 
 4943      1522F655 
 4943      6B11877B 
 4943      AFEB
 4944 010e 52ECC89D 		.ascii	"R\354\310\235\3366\013\373Y6\012\026cX\002\275\215\355"
 4944      DE360BFB 
 4944      59360A16 
 4944      635802BD 
 4944      8DED
 4945 0120 9F0BA31F 		.ascii	"\237\013\243\037u\016\204\243\225\215o7\350Q\373\374"
 4945      750E84A3 
 4945      958D6F37 
 4945      E851FBFC 
 4946 0130 35FFCDB9 		.ascii	"5\377\315\271\251\371\227\314\251\241\255\321\331b\367"
 4946      A9F997CC 
 4946      A9A1ADD1 
 4946      D962F7
 4947 013f 9335393B 		.ascii	"\22359;s\373\335^\232\237L\311\2341,{\010\352\364-\345"
 4947      73FBDD5E 
 4947      9A9F4CC9 
 4947      9C312C7B 
 4947      08EAF42D 
 4948 0154 D5E123E2 		.ascii	"\325\341#\342g\357\312\313\231\177\222f\027\275[\371"
 4948      67EFCACB 
 4948      997F9266 
 4948      17BD5BF9 
 4949 0164 6CB8AF6A 		.ascii	"l\270\257j\321\354\237\327>\261\037w+\035\356O\372\333"
 4949      D1EC9FD7 
 4949      3EB11F77 
 4949      2B1DEE4F 
 4949      FADB
 4950 0176 8FF4B6FF 		.ascii	"\217\364\266\377\350^\376\237\253\323\245jt@\365)\240"
 4950      E85EFE9F 
 4950      ABD3A56A 
 4950      7440F529 
 4950      A0
 4951 0187 DA2A55D7 		.ascii	"\332*U\327\000\325g:\323\326\376\340a\226E\220\002w"
 4951      00D5673A 
 4951      D3D6FEE0 
 4951      61964590 
 4951      0277
 4952 0199 8DF41DBA 		.ascii	"\215\364\035\272y\250]\226\307\375\366\375\272\257\241"
 4952      79A85D96 
 4952      C7FDF6FD 
 4952      BAAFA1
 4953 01a8 71352EEA 		.ascii	"q5.\352\023fdx;\247xa\254\314x\032#\350c\262\025\017"
 4953      13666478 
 4953      3BA77861 
ARM GAS  C:\Users\PUBLIC~1.LAP\AppData\Local\Temp\ccSvJTCD.s 			page 159


 4953      ACCC781A 
 4953      23E863B2 
 4954 01be C649789C 		.ascii	"\306Ix\234\234\325\321\260\317\320\231)\343\264\214"
 4954      9CD5D1B0 
 4954      CFD09929 
 4954      E3B48C
 4955 01cd EE8BAD0D 		.ascii	"\356\213\255\015\035\262\307\253\355dl$'?\306E\202\344"
 4955      1DB2C7AB 
 4955      ED646C24 
 4955      273FC645 
 4955      82E4
 4956 01df 8C180376 		.ascii	"\214\030\003vP\225kJ\266\372\245\222\005\202\331k\037"
 4956      50956B4A 
 4956      B6FAA592 
 4956      0582D96B 
 4956      1F
 4957 01f0 CF8BA43C 		.ascii	"\317\213\244<K[\351\366\246\362\313\035\033\035\240"
 4957      4B5BE9F6 
 4957      A6F2CB1D 
 4957      1B1DA0
 4958 01ff A6C4488F 		.ascii	"\246\304H\217\242\366tK2\251\327\371`t/\030\224\257"
 4958      A2F6744B 
 4958      32A9D7F9 
 4958      60742F18 
 4958      94AF
 4959 0211 87030455 		.ascii	"\207\003\004U\332D%\307\363\250 L\271\367f\260E\234"
 4959      DA4425C7 
 4959      F3A8204C 
 4959      B9F766B0 
 4959      459C
 4960 0223 CE88A30E 		.ascii	"\316\210\243\016\362X\373\263;\262\325\236\203\302\022"
 4960      F258FBB3 
 4960      3BB2D59E 
 4960      83C212
 4961 0232 5DDD25A8 		.ascii	"]\335%\250I\026\311\036\331\237\265O\240\250_\032\030"
 4961      4916C91E 
 4961      D99FB54F 
 4961      A0A85F1A 
 4961      18
 4962 0243 66AF1134 		.ascii	"f\257\0214\341X>h\330l9-\032\363*\322\250\004\301k\236"
 4962      E1583E68 
 4962      D86C392D 
 4962      1AF32AD2 
 4962      A804C16B 
 4963 0258 F96F0E09 		.ascii	"\371o\016\011\335\0215f\336\316\334\366\026\254\321"
 4963      DD113566 
 4963      DECEDCF6 
 4963      16ACD1
 4964 0267 6BF0386E 		.ascii	"k\3608n\017\314\266\350\035\210\323\244\314Of\246\244"
 4964      0FCCB6E8 
 4964      1D88D3A4 
 4964      CC4F66A6 
 4964      A4
 4965 0278 C9456FEE 		.ascii	"\311Eo\356KyM-D\374\354Eh\246!\240\245J\235\265h>\277"
 4965      4B794D2D 
 4965      44FCEC45 
 4965      68A621A0 
ARM GAS  C:\Users\PUBLIC~1.LAP\AppData\Local\Temp\ccSvJTCD.s 			page 160


 4965      A54A9DB5 
 4966 028f 22BD55C0 		.ascii	"\"\275U\300\334\003V\015\331\236:\234\025P\376\033\254"
 4966      DC03560D 
 4966      D99E3A9C 
 4966      1550FE1B 
 4966      AC
 4967 02a0 1646F7DE 		.ascii	"\026F\367\336_\321\221\036\275\265z\336\274j\"\022i"
 4967      5FD1911E 
 4967      BDB57ADE 
 4967      BC6A2212 
 4967      69
 4968 02b1 4D820432 		.ascii	"M\202\0042pG\010\312\235\240.\002\207]\310\243qh,r\021"
 4968      704708CA 
 4968      9DA02E02 
 4968      875DC8A3 
 4968      71682C72 
 4969 02c6 28A398D4 		.ascii	"(\243\230\324\022\032\231\350$\024\316\240J\026\223"
 4969      121A99E8 
 4969      2414CEA0 
 4969      4A1693
 4970 02d5 4611C121 		.ascii	"F\021\301!\362(\025\234\0221UB*\270\205ch\302D\247!"
 4970      F228159C 
 4970      12315542 
 4970      2AB88563 
 4970      68C244A7 
 4971 02ea F228240A 		.ascii	"\362($\012\203%\232\240l\224H\321!\230\334B\036\265"
 4971      83259AA0 
 4971      6C9448D1 
 4971      2198DC42 
 4971      1EB5
 4972 02fc 825947A3 		.ascii	"\202YG\243\361(\334`\242S\262+I\024\006\2072\270\260"
 4972      F128DC60 
 4972      A253B22B 
 4972      49140687 
 4972      32B8B0
 4973 030f 8459C5E0 		.ascii	"\204Y\305\340\026\262\202\211N\305\254\246-d\020\253"
 4973      16B28289 
 4973      4EC5ACA6 
 4973      2D6410AB 
 4974 031f 2A79C430 		.ascii	"*y\3040#i\264Y\277\342\262\262Z\303\352\252\011WP\026"
 4974      2369B459 
 4974      BFE2B2B2 
 4974      5AC3EAAA 
 4974      09575016 
 4975 0333 9EACAE9C 		.ascii	"\236\254\256\234\230\264\254\222\\\247\205NVI.*!2\031"
 4975      98B4AC92 
 4975      5CA7854E 
 4975      56492E2A 
 4975      213219
 4976 0346 C4AA2206 		.ascii	"\304\252\"\006\223\307\340\324\211\242U\221(\005\003"
 4976      93C7E0D4 
 4976      89A25591 
 4976      280503
 4977 0355 EA898296 		.ascii	"\352\211\202\226q\270\005\243\213\310U\304\242\252\232"
 4977      71B805A3 
 4977      8BC855C4 
 4977      A2AA9A
ARM GAS  C:\Users\PUBLIC~1.LAP\AppData\Local\Temp\ccSvJTCD.s 			page 161


 4978 0364 30014694 		.ascii	"0\001F\224\207'\333\206\363\372y\355\023\003\370\321"
 4978      8727DB86 
 4978      F3FA79ED 
 4978      1303F8D1 
 4979 0374 A5C8A964 		.ascii	"\245\310\251d\213\374\340\302\304\362\2702M\355\322"
 4979      8BFCE0C2 
 4979      C4F2B832 
 4979      4DEDD2
 4980 0383 766ACDC1 		.ascii	"vj\315\301\313z\241g\232\032\020<2c\344\304\204\221"
 4980      CB7AA167 
 4980      9A1A103C 
 4980      3263E4C4 
 4980      8491
 4981 0395 A3641F77 		.ascii	"\243d\037w\240W\345\013k\25018\346\2301D\242\011FD\322"
 4981      A057E50B 
 4981      6BA83138 
 4981      E6983144 
 4981      A2094644 
 4982 03aa 24190E90 		.ascii	"$\031\016\220\"\"\252\352\006\022\300\005EJ{&RXn\371"
 4982      2222AAEA 
 4982      0612C005 
 4982      454A7B26 
 4982      52586EF9 
 4983 03be 5919E6D3 		.ascii	"Y\031\346\323\23260\000\343\362\004j\324\315p\266\222"
 4983      9A363000 
 4983      E3F2046A 
 4983      D4CD70B6 
 4983      92
 4984 03cf 7E33448E 		.ascii	"~3D\216O\247E1\253\002H)\251d\353\\n\362\314\264K\263"
 4984      4FA74531 
 4984      AB024829 
 4984      A964EB5C 
 4984      6EF2CCB4 
 4985 03e5 F66B0877 		.ascii	"\366k\010w\316\326\232m\362V\310\204\341l(WT\352\177"
 4985      CED69A6D 
 4985      F256C884 
 4985      E16C2857 
 4985      54EA7F
 4986 03f8 620D2CA5 		.ascii	"b\015,\245TP\026\263m\015\271\210\025`\245\022\227\266"
 4986      545016B3 
 4986      6D0DB988 
 4986      1560A512 
 4986      97B6
 4987 040a 2C6D5829 		.ascii	",mX)\037\212\311cx\322\303\323\257\345\355\341.\210"
 4987      1F8AC963 
 4987      78D2C3D3 
 4987      AFE5EDE1 
 4987      2E88
 4988 041c C11C2A20 		.ascii	"\301\034* ;\340\374\016\334\267\317\337g\314\314;\""
 4988      3BE0FC0E 
 4988      DCB7CFDF 
 4988      67CCCC3B 
 4988      22
 4989 042d 872CFBE3 		.ascii	"\207,\373\343\023\223\233\354\265\033\215wh\013D\342"
 4989      13939BEC 
 4989      B51B8D77 
 4989      680B44E2 
ARM GAS  C:\Users\PUBLIC~1.LAP\AppData\Local\Temp\ccSvJTCD.s 			page 162


 4990 043d BFBCB804 		.ascii	"\277\274\270\004\346\341\010cR4;\004\001\212\0202\215"
 4990      E6E10863 
 4990      52343B04 
 4990      018A1032 
 4990      8D
 4991 044e 5F373656 		.ascii	"_76VX\266\034\305\207\316\250R\264\322IE\203\225\031"
 4991      58B61CC5 
 4991      87CEA852 
 4991      B4D24945 
 4991      839519
 4992 0461 57DC6282 		.ascii	"W\334b\202\212!K\236\375\251\364}I\300\377\220\367\013"
 4992      8A214B9E 
 4992      FDA9F47D 
 4992      49C0FF90 
 4992      F70B
 4993 0473 A041FE84 		.ascii	"\240A\376\204\036\000\331.D\217\360\314\006Q\246\261"
 4993      1E00D92E 
 4993      448FF0CC 
 4993      0651A6B1 
 4994 0483 B6799C59 		.ascii	"\266y\234Y\015"
 4994      0D
 4995              		.text
 4996              		.section	.gnu.lto_usbStallReceiveI.3012.840c7bcd,"e",%progbits
 4997 0000 28B52FFD 		.ascii	"(\265/\375`\\\001-\017\000\226\234gF\340\260*\0353o"
 4997      605C012D 
 4997      0F00969C 
 4997      6746E0B0 
 4997      2A1D336F 
 4998 0014 001E98FB 		.ascii	"\000\036\230\373_\3342P\013\360\020-\200\266U\036\320"
 4998      5FDC3250 
 4998      0BF0102D 
 4998      80B6551E 
 4998      D0
 4999 0025 0BEDBF63 		.ascii	"\013\355\277c\370\024\311\004\205\202e\243\326\204\347"
 4999      F814C904 
 4999      858265A3 
 4999      D684E7
 5000 0034 9DEB5200 		.ascii	"\235\353R\000\210\247\305S\003\250\214\2239,\007u\377"
 5000      88A7C553 
 5000      03A88C93 
 5000      392C0775 
 5000      FF
 5001 0045 5134E49A 		.ascii	"Q4\344\232\022o\303X\370\376F\310\2262\245S\000L\000"
 5001      126FC358 
 5001      F8FE46C8 
 5001      9632A553 
 5001      004C00
 5002 0058 55002D5C 		.ascii	"U\000-\\\354\372\0228\344spt\002\341\301\370\217\360"
 5002      ECFA1238 
 5002      E4737074 
 5002      02E1C1F8 
 5002      8FF0
 5003 006a A06D9B42 		.ascii	"\240m\233Bd\236\211\\<\030<\344\250\335\354\372H\032"
 5003      649E895C 
 5003      3C183CE4 
 5003      A8DDECFA 
 5003      481A
ARM GAS  C:\Users\PUBLIC~1.LAP\AppData\Local\Temp\ccSvJTCD.s 			page 163


 5004 007c E2B347CD 		.ascii	"\342\263G\315\231\317\362\030\316\274\310\300\3458\\"
 5004      99CFF218 
 5004      CEBCC8C0 
 5004      E5385C
 5005 008b A301DD07 		.ascii	"\243\001\335\007\034\001\271\2268\242\251\271\275\367"
 5005      1C01B996 
 5005      38A2A9B9 
 5005      BDF7
 5006 0099 BC90AB65 		.ascii	"\274\220\253ezDv\327\211\313m\270\301\333v`;\202}\231"
 5006      7A4476D7 
 5006      89CB6DB8 
 5006      C1DB7660 
 5006      3B827D99 
 5007 00ad 277E9B39 		.ascii	"'~\2339\266\217%Ug?\256\302\330\347\375\241\357~PL\177"
 5007      B68F2555 
 5007      673FAEC2 
 5007      D8E7FDA1 
 5007      EF7E504C 
 5008 00c2 62DA03A6 		.ascii	"b\332\003\246C0\015\306tt\372\000\242\011\034\2471c"
 5008      43300DC6 
 5008      7474FA00 
 5008      A2091CA7 
 5008      3163
 5009 00d4 57C30E9D 		.ascii	"W\303\016\235\255\001_\224\260-\263=\354\221\010\224"
 5009      AD015F94 
 5009      B02DB33D 
 5009      EC910894 
 5010 00e4 E6792AD6 		.ascii	"\346y*\326\335\230\032\017^P\231\366c.#\373n\305\240"
 5010      DD981A0F 
 5010      5E5099F6 
 5010      632E23FB 
 5010      6EC5A0
 5011 00f7 5D5E9E80 		.ascii	"]^\236\200\222\307y\344\242k\221\015\214\347\200\330"
 5011      92C779E4 
 5011      A26B910D 
 5011      8CE780D8 
 5012 0107 C14255E7 		.ascii	"\301BU\347#\010?Z`\346F-q\354\321\250\037\375\255C\250"
 5012      23083F5A 
 5012      60E6462D 
 5012      71ECD1A8 
 5012      1FFDAD43 
 5013 011c 1E507FD3 		.ascii	"\036P\177\323\204\241\336\246\323\222;\016)\250\277"
 5013      84A1DEA6 
 5013      D3923B0E 
 5013      29A8BF
 5014 012b EDD829F7 		.ascii	"\355\330)\367Q8\371+\\\260\317\356~\304A\177E\325\206"
 5014      5138F92B 
 5014      5CB0CFEE 
 5014      7EC4417F 
 5014      45D586
 5015 013e 0A5AEEF8 		.ascii	"\012Z\356\370d\367; \262A\361\336\007\334\330\004\257"
 5015      64F73B20 
 5015      B241F1DE 
 5015      07DCD804 
 5015      AF
 5016 014f 92B4AA64 		.ascii	"\222\264\252drZ`Z\231\200|\274V\260X4\011\310\012\026"
 5016      725A605A 
ARM GAS  C:\Users\PUBLIC~1.LAP\AppData\Local\Temp\ccSvJTCD.s 			page 164


 5016      99807CBC 
 5016      56B05834 
 5016      09C80A16 
 5017 0163 1B21A900 		.ascii	"\033!\251\000#\271T,\022,\205$\001Bk\325b1H\235L\012"
 5017      23B9542C 
 5017      122C8524 
 5017      01426BD5 
 5017      6231489D 
 5018 0179 5E282516 		.ascii	"^(%\026R*\254X\3135\242*\225R\250\006&\337>\256\302"
 5018      522AAC58 
 5018      CB35A22A 
 5018      9552A806 
 5018      26DF3EAE 
 5019 018e 3880AD47 		.ascii	"8\200\255GB\335\3733\330R\350\310\177\026^qj\021\232"
 5019      42DDFB33 
 5019      D852E8C8 
 5019      7F165E71 
 5019      6A119A
 5020 01a1 D2E2498C 		.ascii	"\322\342I\214\237G\206\024\244\016\033\0003\353c\025"
 5020      9F478614 
 5020      A40E1B00 
 5020      33EB6315 
 5021 01b1 A58E7841 		.ascii	"\245\216xA\0232LT\007\003\214\276\025T{\020\331j \243"
 5021      13324C54 
 5021      07038CBE 
 5021      15547B10 
 5021      D96A20A3 
 5022 01c5 1CAE1B58 		.ascii	"\034\256\033X\243\317oJm\331\332\3054\313Q\224\255\230"
 5022      A3CF6F4A 
 5022      6DD9DAC5 
 5022      34CB5194 
 5022      AD98
 5023 01d7 FBD2AA0B 		.ascii	"\373\322\252\013\243\226\315\266\314l\"\241I\200\242"
 5023      A396CDB6 
 5023      CC6C22A1 
 5023      4980A2
 5024 01e6 0865CD54 		.ascii	"\010e\315T\345\362\\j\017"
 5024      E5F25C6A 
 5024      0F
 5025              		.text
 5026              		.section	.gnu.lto_usbStallTransmitI.3013.840c7bcd,"e",%progbits
 5027 0000 28B52FFD 		.ascii	"(\265/\375`\\\001=\017\000\326\234hG\360\256*\035\300"
 5027      605C013D 
 5027      0F00D69C 
 5027      6847F0AE 
 5027      2A1DC0
 5028 0013 3293F46B 		.ascii	"2\223\364k\301\261\202\034\337\263X\316\026\245\226"
 5028      C1B1821C 
 5028      DFB358CE 
 5028      16A596
 5029 0022 0277CD8E 		.ascii	"\002w\315\216\306\241zD\367\322&n7L\313\346\361i\015"
 5029      C6A17A44 
 5029      F7D2266E 
 5029      374CCBE6 
 5029      F1690D
 5030 0035 593FE455 		.ascii	"Y?\344U\220\223\314\311z\236\344k\340)\343{\213+\226"
 5030      9093CCC9 
ARM GAS  C:\Users\PUBLIC~1.LAP\AppData\Local\Temp\ccSvJTCD.s 			page 165


 5030      7A9EE46B 
 5030      E029E37B 
 5030      8B2B96
 5031 0048 948894B5 		.ascii	"\224\210\224\265\275\206@\032\331[\312\224\002U\000"
 5031      BD86401A 
 5031      D95BCA94 
 5031      025500
 5032 0057 4D005500 		.ascii	"M\000U\000\272\024*\346\344!pGx9:\001\3602~\003\274"
 5032      BA142AE6 
 5032      E4217047 
 5032      78393A01 
 5032      F0327E03 
 5033 006c B46D5387 		.ascii	"\264mS\207\314\263\320\212\347\302\007\032\032\2349"
 5033      CCB3D08A 
 5033      E7C2071A 
 5033      1A9C39
 5034 007b 79A415F1 		.ascii	"y\244\025\361\331\343\352\314Gy\004gF\274\270\3416|"
 5034      D9E3EACC 
 5034      47790467 
 5034      46BCB8E1 
 5034      367C
 5035 008d A3280722 		.ascii	"\243(\007\"G\000.%\216jll\337]-\340TT=\036sN\353\015"
 5035      47002E25 
 5035      8E6A6C6C 
 5035      DF5D2DE0 
 5035      54543D1E 
 5036 00a5 A7E196B7 		.ascii	"\247\341\226\267\335\3006\004\3730\001Sul\036\212n\316"
 5036      DDC03604 
 5036      FB300153 
 5036      756C1E8A 
 5036      6ECE
 5037 00b7 7E9CDB62 		.ascii	"~\234\333b_\367\203\036\363\177\242:\214j\217T\203R"
 5037      5FF7831E 
 5037      F37FA23A 
 5037      8C6A8F54 
 5037      8352
 5038 00c9 2DA33A5A 		.ascii	"-\243:Z}\000\321\205\3451d\314\231a\306\316\264\221"
 5038      7D00D185 
 5038      E53164CC 
 5038      9961C6CE 
 5038      B491
 5039 00db 2C4AD896 		.ascii	",J\330\226\331\032\266\010\006j\365:\023\357\234/7\016"
 5039      D91AB608 
 5039      066AF53A 
 5039      13EF9C2F 
 5039      370E
 5040 00ed C24B910B 		.ascii	"\302K\221\013\224\252\375\227\303\310\036s\342\317\234"
 5040      94AAFD97 
 5040      C3C81E73 
 5040      E2CF9C
 5041 00fc 011248F4 		.ascii	"\001\022H\3647\217Vv:\344s\271N\210\031(vs\376\0010"
 5041      378F5676 
 5041      3AE473B9 
 5041      4E881928 
 5041      7673FE01 
 5042 0111 DC02333E 		.ascii	"\334\0023>\025\315\261g\343\206{[\007p=r\177\327\200"
 5042      15CDB167 
ARM GAS  C:\Users\PUBLIC~1.LAP\AppData\Local\Temp\ccSvJTCD.s 			page 166


 5042      E3867B5B 
 5042      07703D72 
 5042      7FD780
 5043 0124 E0BEB693 		.ascii	"\340\276\266\223\242?\203V\356m?\273\344\274\011'\377"
 5043      A23F8356 
 5043      EE6D3FBB 
 5043      E4BC0927 
 5043      FF
 5044 0135 840B16CE 		.ascii	"\204\013\026\3169O\342\322?\331\275\221\241\351\317"
 5044      394FE2D2 
 5044      3FD9BD91 
 5044      A1E9CF
 5045 0144 232C3D03 		.ascii	"#,=\003!\237\207\357>\000\307\307\241\027\257\020\265"
 5045      219F87EF 
 5045      3E00C7C7 
 5045      A117AF10 
 5045      B5
 5046 0155 AA247252 		.ascii	"\252$rR`Z\211pl\274V\260X4\010\307\012\026\373\000\241"
 5046      605A8970 
 5046      6CBC56B0 
 5046      583408C7 
 5046      0A16FB00 
 5047 016a 0023B954 		.ascii	"\000#\271T,\022\254\204\024\341Ak\325b-H\235L\011^$"
 5047      2C12AC84 
 5047      14E1416B 
 5047      D5622D48 
 5047      9D4C095E 
 5048 017f 21155226 		.ascii	"!\025R&\254X\313\365\241*\225R(\006&\336|\234\333\342"
 5048      AC58CBF5 
 5048      A12A9552 
 5048      280626DE 
 5048      7C9CDBE2 
 5049 0193 00B51632 		.ascii	"\000\265\0262\353\335\217\241\266\342\247\377\014\374"
 5049      EBDD8FA1 
 5049      B6E2A7FF 
 5049      0CFC
 5050 01a1 DED61EB4 		.ascii	"\336\326\036\264\245\305\021\023=\015\005\355g\355\032"
 5050      A5C51113 
 5050      3D0D05ED 
 5050      67ED1A
 5051 01b0 0033EB63 		.ascii	"\0003\353c\025\245\216xA\0232LT\007\003\214\276\025"
 5051      15A58E78 
 5051      4113324C 
 5051      5407038C 
 5051      BE15
 5052 01c2 547B10D9 		.ascii	"T{\020\331j \243\034\256\033X\243\317oJm\331\332\305"
 5052      6A20A31C 
 5052      AE1B58A3 
 5052      CF6F4A6D 
 5052      D9DAC5
 5053 01d5 34CB5194 		.ascii	"4\313Q\224\255\230\373\322\252\013\243\226\315\266\314"
 5053      AD98FBD2 
 5053      AA0BA396 
 5053      CDB6CC
 5054 01e4 6C22A1C9 		.ascii	"l\"\241\311G(\034\247\252\221\347RP"
 5054      47281CA7 
 5054      AA91E752 
ARM GAS  C:\Users\PUBLIC~1.LAP\AppData\Local\Temp\ccSvJTCD.s 			page 167


 5054      50
 5055              		.text
 5056              		.section	.gnu.lto_usbWakeupHost.3014.840c7bcd,"e",%progbits
 5057 0000 28B52FFD 		.ascii	"(\265/\375`/\000M\010\000\362N9:0\217\323\001\220\233"
 5057      602F004D 
 5057      0800F24E 
 5057      393A308F 
 5057      D301909B 
 5058 0014 8D34100F 		.ascii	"\2154\020\017a\215p\222u\306\250n\030\321\365\251\266"
 5058      618D7092 
 5058      75C6A86E 
 5058      18D1F5A9 
 5058      B6
 5059 0025 811FDB57 		.ascii	"\201\037\333W\257\321\013D\372S\365\210\360\006\015"
 5059      AFD10B44 
 5059      FA53F588 
 5059      F0060D
 5060 0034 B596AF13 		.ascii	"\265\226\257\023\272\036b/g\247'\177V\306\024\265\275"
 5060      BA1E622F 
 5060      67A7277F 
 5060      56C614B5 
 5060      BD
 5061 0045 774A01EE 		.ascii	"wJ\001\3564\223Ha\363L!\017\312\013\305\352R\310\013"
 5061      34934861 
 5061      F34C210F 
 5061      CA0BC5EA 
 5061      52C80B
 5062 0058 4552A922 		.ascii	"ER\251\"\314N\335\227\205\024Y\004\004\350\201_\003"
 5062      CC4EDD97 
 5062      85145904 
 5062      04E8815F 
 5062      03
 5063 0069 27DA1250 		.ascii	"'\332\022P\023\022\026\334\305'\202'R\247i\334\310a"
 5063      131216DC 
 5063      C5278227 
 5063      52A769DC 
 5063      C861
 5064 007b 73EDEBD2 		.ascii	"s\355\353\322\2269\345\314KEU\006\201\016J\230O\371"
 5064      9639E5CC 
 5064      4B455506 
 5064      810E4A98 
 5064      4FF9
 5065 008d C2B253C6 		.ascii	"\302\262S\306v\245&\355\260_\227\266\354\223\377\244"
 5065      76A526ED 
 5065      B05F97B6 
 5065      EC93FFA4 
 5066 009d 35C4E42D 		.ascii	"5\304\344-.\273\03254\373\302T>l?\300& G\237\366E>2"
 5066      2EBB1A35 
 5066      34FBC254 
 5066      3E6C3FC0 
 5066      2620479F 
 5067 00b5 9EC47067 		.ascii	"\236\304pg\267\344$e\327\205\340\005\316\261\202\017"
 5067      B7E42465 
 5067      D785E005 
 5067      CEB1820F 
 5068 00c5 6C8ED57B 		.ascii	"l\216\325{6\307<\332\345'C\200c\005%fw3\352\361\361"
 5068      36C73CDA 
ARM GAS  C:\Users\PUBLIC~1.LAP\AppData\Local\Temp\ccSvJTCD.s 			page 168


 5068      E5274380 
 5068      63052566 
 5068      7733EAF1 
 5069 00da 73F44FF2 		.ascii	"s\364O\362\316\212\225\372\004`\330]\317\025k\343\246"
 5069      CE8A95FA 
 5069      0460D85D 
 5069      CF156BE3 
 5069      A6
 5070 00eb B76D60FB 		.ascii	"\267m`\373\3016H\015\0003\353c%\212L\274\333\213\206"
 5070      C136480D 
 5070      0033EB63 
 5070      258A4CBC 
 5070      DB8B86
 5071 00fe 8B86190C 		.ascii	"\213\206\031\014\204[\271\3235\321\203\011\331Z\215"
 5071      845BB9D3 
 5071      35D18309 
 5071      D95A8D
 5072 010d 0E7778D1 		.ascii	"\016wx\321N2"
 5072      4E32
 5073              		.text
 5074              		.section	.gnu.lto__usb_reset.3015.840c7bcd,"e",%progbits
 5075 0000 28B52FFD 		.ascii	"(\265/\375`\021\013\0356\000\352X4\024C@bR\007\367\317"
 5075      60110B1D 
 5075      3600EA58 
 5075      34144340 
 5075      625207F7 
 5076 0015 8C18318D 		.ascii	"\214\0301\215pL\303\017\210z\025A\341\203Yz|jn\203\300"
 5076      704CC30F 
 5076      887A1541 
 5076      E183597A 
 5076      7C6A6E83 
 5077 002a FB2E4449 		.ascii	"\373.DI\311\0110\245\015i`\011\035\002\373\014n \205"
 5077      C90930A5 
 5077      0D696009 
 5077      1D02FB0C 
 5077      6E2085
 5078 003d DC00FB83 		.ascii	"\334\000\373\203\305?\327\376j\256\372\277W\222\266"
 5078      C53FD7FE 
 5078      6AAEFABF 
 5078      5792B6
 5079 004c 77932D65 		.ascii	"w\223-eJ\001&\001)\001<\001\014\270\370\000\243\363"
 5079      4A012601 
 5079      29013C01 
 5079      0CB8F800 
 5079      A3F3
 5080 005e 4308CBBD 		.ascii	"C\010\313\275x0\356G\247\361q\376\352Q\003\375/\216"
 5080      7830EE47 
 5080      A7F171FE 
 5080      EA5103FD 
 5080      2F8E
 5081 0070 0426AE90 		.ascii	"\004&\256\220\353\341\374\315\213\243\226\305x/\356"
 5081      EBE1FCCD 
 5081      8BA396C5 
 5081      782FEE
 5082 007f 92C9F152 		.ascii	"\222\311\361R\263~\027\367\256ws\241\"_\256]\376o4\334"
 5082      B37E17F7 
 5082      AE7773A1 
ARM GAS  C:\Users\PUBLIC~1.LAP\AppData\Local\Temp\ccSvJTCD.s 			page 169


 5082      225FAE5D 
 5082      FE6F34DC 
 5083 0093 8F4F6CBF 		.ascii	"\217Ol\277\315\217\004\222<\271[\035\357\367t\377\337"
 5083      CD8F0492 
 5083      3CB95B1D 
 5083      EFF774FF 
 5083      DF
 5084 00a4 DFDA9ABF 		.ascii	"\337\332\232\277\275\257\016\236\350!\340'\272\023\240"
 5084      BDAF0E9E 
 5084      E821E027 
 5084      BA13A0
 5085 00b3 3E7D767F 		.ascii	">}v\177\266\327\022\377\226\032^\334\333j\245\333\373"
 5085      B6D712FF 
 5085      961A5EDC 
 5085      DB6AA5DB 
 5085      FB
 5086 00c4 0AC199E0 		.ascii	"\012\301\231\340'\"\377\310}b\373F\356\023=v\257\203"
 5086      2722FFC8 
 5086      7D62FB46 
 5086      EE133D76 
 5086      AF83
 5087 00d6 8403A86A 		.ascii	"\204\003\250j\347\313\317\336;\251\2278\374\355\365"
 5087      E7CBCFDE 
 5087      3BA99738 
 5087      FCEDF5
 5088 00e5 DD98E30F 		.ascii	"\335\230\343\017\002:\032\213\360\353\022[\235c\177"
 5088      023A1A8B 
 5088      F0EB125B 
 5088      9D637F
 5089 00f4 A2368569 		.ascii	"\2426\205iX\351\215\017B\233\232=\220\331[\021+\313"
 5089      58E98D0F 
 5089      429B9A3D 
 5089      90D95B11 
 5089      2BCB
 5090 0106 C7F6FD21 		.ascii	"\307\366\375!V\244u\002\304S\365\312\306\002K\246\325"
 5090      56A47502 
 5090      C453F5CA 
 5090      C6024BA6 
 5090      D5
 5091 0117 2F76F9F6 		.ascii	"/v\371\366\212\230*hS\262\207\315\374K\321\246\324\177"
 5091      8A982A68 
 5091      53B287CD 
 5091      FC4BD1A6 
 5091      D47F
 5092 0129 3F2B46FD 		.ascii	"?+F\375\266\317<\2449\262{\367m\332\232\353Z\016\254"
 5092      B6CF3CA4 
 5092      39B27BF7 
 5092      6DDA9AEB 
 5092      5A0EAC
 5093 013c 74EC89ED 		.ascii	"t\354\211\355\2008ykBR\260\326@\031\2221G)\216\334\266"
 5093      8038796B 
 5093      4252B0D6 
 5093      40199231 
 5093      47298EDC 
 5094 0151 4664737B 		.ascii	"Fds{\237\025#k\037\354]\251\036\245_Y\177\333\203X\363"
 5094      9F15236B 
 5094      1FEC5DA9 
ARM GAS  C:\Users\PUBLIC~1.LAP\AppData\Local\Temp\ccSvJTCD.s 			page 170


 5094      1EA55F59 
 5094      7FDB8358 
 5095 0166 03449B56 		.ascii	"\003D\233V?\277\030\366\336\236\303\244\323w\241w\177"
 5095      3FBF18F6 
 5095      DE9EC3A4 
 5095      D377A177 
 5095      7F
 5096 0177 20F7C772 		.ascii	" \367\307r/\376\010U\356k+\270:_Y\260\305\373U\035\251"
 5096      2FFE0855 
 5096      EE6B2BB8 
 5096      3A5F59B0 
 5096      C5FB551D 
 5097 018c EDBD9DDC 		.ascii	"\355\275\235\3343\374\035\250'\012\275>jb\307\240/P"
 5097      33FC1DA8 
 5097      270ABD3E 
 5097      6A62C7A0 
 5097      2F50
 5098 019e 87F92158 		.ascii	"\207\371!X\247\361\334\267>\323\221\250\233\015_'\015"
 5098      A7F1DCB7 
 5098      3ED391A8 
 5098      9B0D5F27 
 5098      0D
 5099 01af 9C77E7F0 		.ascii	"\234w\347\360|g^\316\273{\370\275\273(\327\375\303\307"
 5099      7C675ECE 
 5099      BB7BF8BD 
 5099      BB28D7FD 
 5099      C3C7
 5100 01c1 89AAF31F 		.ascii	"\211\252\363\037\341\272\213x\275\021H}o\371M\270\356"
 5100      E1BA8B78 
 5100      BD11487D 
 5100      6FF94DB8 
 5100      EE
 5101 01d2 52EFC604 		.ascii	"R\357\306\004\274\367n\362o3uB\363A\251\341>Q\000\237"
 5101      BCF76EF2 
 5101      6F337542 
 5101      F341A9E1 
 5101      3E51009F 
 5102 01e6 9E683674 		.ascii	"\236h6t,6\244\276+\331\235\007\335\257^Y'q\177'@0)\256"
 5102      2C36A4BE 
 5102      2BD99D07 
 5102      DDAF5E59 
 5102      27717F27 
 5103 01fe D3DC937E 		.ascii	"\323\334\223~\313?\321[\337\215F\331\213E\331a8\373"
 5103      CB3FD15B 
 5103      DF8D46D9 
 5103      8B45D961 
 5103      38FB
 5104 0210 4B94DD1D 		.ascii	"K\224\335\035\312N\204\263\267\000\262\353\241\354y"
 5104      CA4E84B3 
 5104      B700B2EB 
 5104      A1EC79
 5105 021f 28FB1738 		.ascii	"(\373\0278\240\345p\012\027\005\311\344\272\201\034"
 5105      A0E5700A 
 5105      1705C9E4 
 5105      BA811C
 5106 022e 166E3DA2 		.ascii	"\026n=\242\335\224\267\276\377\231g\203\365k\374\265"
 5106      DD94B7BE 
ARM GAS  C:\Users\PUBLIC~1.LAP\AppData\Local\Temp\ccSvJTCD.s 			page 171


 5106      FF996783 
 5106      F56BFCB5 
 5107 023e 4355BE1A 		.ascii	"CU\276\032\177\377\304\025\226]}\032\177\301\304QY<"
 5107      7FFFC415 
 5107      965D7D1A 
 5107      7FC1C451 
 5107      593C
 5108 0250 1A77C9D0 		.ascii	"\032w\311\320\300\251Y\367\336\314\352\037\2663X\356"
 5108      C0A959F7 
 5108      DECCEA1F 
 5108      B63358EE 
 5109 0260 C7BBBAB7 		.ascii	"\307\273\272\267[\252\032\2629\362\353\272\317\304\340"
 5109      5BAA1AB2 
 5109      39F2EBBA 
 5109      CFC4E0
 5110 026f 1B6243D4 		.ascii	"\033bC\32455\177ro\346\305\273\371\217\3712K\325C2s"
 5110      35357F72 
 5110      6FE6C5BB 
 5110      F98FF932 
 5110      4BD54332 
 5111 0284 CD3DF754 		.ascii	"\315=\367T\314Of\256I\245\260\017\375\261b\234\355\226"
 5111      CC4F66AE 
 5111      49A5B00F 
 5111      FDB1629C 
 5111      ED96
 5112 0296 DBEF9C82 		.ascii	"\333\357\234\202\267'8?\366\305\213qv\330^s\002n\262"
 5112      B727383F 
 5112      F6C58B71 
 5112      76D85E73 
 5112      026EB2
 5113 02a9 783EF3A8 		.ascii	"x>\363\250\032\312a@GjzJd\351\221\213\236u\304\001\363"
 5113      1ACA6140 
 5113      476A7A4A 
 5113      64E9918B 
 5113      9E75C401 
 5114 02be 452C91B8 		.ascii	"E,\221\270\351\335\2277\244l\021\270/\322\313\216\021"
 5114      E9DD9737 
 5114      A46C11B8 
 5114      2FD2CB8E 
 5114      11
 5115 02cf 263813CC 		.ascii	"&8\023\314\"8\353\343%\217\0208\201]\376\251s\244\327"
 5115      2238EBE3 
 5115      258F1038 
 5115      815DFEA9 
 5115      73A4D7
 5116 02e2 42BF2064 		.ascii	"B\277 d\260\207\360\253\375\315\230)\363\204\377d^\375"
 5116      B087F0AB 
 5116      FDCD9829 
 5116      F384FF64 
 5116      5EFD
 5117 02f4 D88C4349 		.ascii	"\330\214CI\376\312^\317\230\011\023\337{\370\246p\335"
 5117      FECA5ECF 
 5117      980913DF 
 5117      7BF8A670 
 5117      DD
 5118 0305 26F946FC 		.ascii	"&\371F\374d\313=4$:\365\375\311\356:\272\377\266\207"
 5118      64CB3D34 
ARM GAS  C:\Users\PUBLIC~1.LAP\AppData\Local\Temp\ccSvJTCD.s 			page 172


 5118      243AF5FD 
 5118      C9EE3ABA 
 5118      FFB687
 5119 0318 E5AC15EE 		.ascii	"\345\254\025\356\370\213\272\015\362\023~\253\375\357"
 5119      F88BBA0D 
 5119      F2137EAB 
 5119      FDEF
 5120 0326 E2297195 		.ascii	"\342)q\225\374a\216\304\241\267\377\335?\225\217\335"
 5120      FC618EC4 
 5120      A1B7FFDD 
 5120      3F958FDD 
 5121 0336 17E9F1A9 		.ascii	"\027\351\361\251\372@\022h\343_\367\353Z\375t\217\214"
 5121      FA401268 
 5121      E35FF7EB 
 5121      5AFD748F 
 5121      8C
 5122 0347 0E3A81C2 		.ascii	"\016:\201\302\334\343+/\030\257\371\221\021gaRk\365"
 5122      DCE32B2F 
 5122      18AFF991 
 5122      11676152 
 5122      6BF5
 5123 0359 878DC9F5 		.ascii	"\207\215\311\365\011\276\023(F\260\020\251\\\255[\304"
 5123      09BE1328 
 5123      46B010A9 
 5123      5CAD5BC4 
 5124 0369 5A9E4FCC 		.ascii	"Z\236O\314\005\336\373\253\311\377oF\334\006k-\200\216"
 5124      05DEFBAB 
 5124      C9FF6F46 
 5124      DC066B2D 
 5124      808E
 5125 037b 5B341BEA 		.ascii	"[4\033\352\251\012\0208\224u\200o\373\2515\302\035y"
 5125      A90A1038 
 5125      9475806F 
 5125      FBA935C2 
 5125      1D79
 5126 038d 089C1951 		.ascii	"\010\234\031Q\222W&\004N\036@w/\306o0X\306[\360\304"
 5126      92572604 
 5126      4E1E4077 
 5126      2FC66F30 
 5126      58C65BF0 
 5127 03a2 6CE7EF6E 		.ascii	"l\347\357n\340F>\364g\363El[v\315\277\031\226-I\224"
 5127      E0463EF4 
 5127      67F3456C 
 5127      5B76CDBF 
 5127      19962D49 
 5128 03b7 C02A6ACC 		.ascii	"\300*j\314\342\274\351\223\346\177\314H\036\"\200\237"
 5128      E2BCE993 
 5128      E67FCC48 
 5128      1E22809F 
 5129 03c7 5704CDFF 		.ascii	"W\004\315\377\330\331\230\0208\201{xEz{h| \011t\352"
 5129      D8D99810 
 5129      38817B78 
 5129      457A7B68 
 5129      7C200974 
 5130 03dc DB93DDB0 		.ascii	"\333\223\335\260\\\344\332\316D^u=\235\315\253\346\353"
 5130      5CE4DACE 
 5130      445E753D 
ARM GAS  C:\Users\PUBLIC~1.LAP\AppData\Local\Temp\ccSvJTCD.s 			page 173


 5130      9DCDABE6 
 5130      EB
 5131 03ed 4CA40A26 		.ascii	"L\244\012&TK\011\373RI\251dA\005eB\233\036\222WO'TR"
 5131      544B09FB 
 5131      5249A964 
 5131      41056542 
 5131      9B1E9257 
 5132 0405 CA835414 		.ascii	"\312\203T\024TrK\306U\010\026\320\246\326zni_*]=\235"
 5132      54724BC6 
 5132      550816D0 
 5132      A6D67A6E 
 5132      695F2A5D 
 5133 041b CAA53219 		.ascii	"\312\2452\031\005\241\011F\024\211\014I\350\326\323"
 5133      05A10946 
 5133      14890C49 
 5133      E8D6D3
 5134 042a A995CC72 		.ascii	"\251\225\314r6\233N\345\005_*A\273\240Ke\362J\005\227"
 5134      369B4EE5 
 5134      055F2A41 
 5134      BBA04B65 
 5134      F24A0597 
 5135 043e 0B651633 		.ascii	"\013e\0263\271\365\234\340K%f\026\204\255g\322E\025"
 5135      B9F59CE0 
 5135      4B256616 
 5135      84AD67D2 
 5135      4515
 5136 0450 D45981F9 		.ascii	"\324Y\201\371^\025aE\023\205%\253\025JFZVP\256\326\225"
 5136      5E156145 
 5136      138525AB 
 5136      154A465A 
 5136      5650AED6 
 5137 0465 4A56502E 		.ascii	"JVP.*\345\023\232tQ\265LB\235I)\021L+\346\022j\252i"
 5137      2AE5139A 
 5137      7451B54C 
 5137      429D4929 
 5137      114C2BE6 
 5138 047d 498256F3 		.ascii	"I\202V\363jk\252k\311\305tAU\025!\302\324\223\206\245"
 5138      6A6BAA6B 
 5138      C9C57441 
 5138      551521C2 
 5138      D49386A5 
 5139 0491 6BF4759A 		.ascii	"k\364u\232\373\275\351Eu\324\377\014\332\316\203:\310"
 5139      FBBDE945 
 5139      75D4FF0C 
 5139      DACE833A 
 5139      C8
 5140 04a2 42F68F81 		.ascii	"B\366\217\201\270D\332\213\332\300\316\203\277\200/"
 5140      B844DA8B 
 5140      DAC0CE83 
 5140      BF802F
 5141 04b1 4F07502C 		.ascii	"O\007P,u\213\032*H\036\213\207\344!Y1\021\030\205\373"
 5141      758B1A2A 
 5141      481E8B87 
 5141      E4215931 
 5141      111885FB 
 5142 04c5 C4A22E92 		.ascii	"\304\242.\222\345 (`]t\313\262.e\"\355\036\233\305F"
 5142      E5202860 
ARM GAS  C:\Users\PUBLIC~1.LAP\AppData\Local\Temp\ccSvJTCD.s 			page 174


 5142      5D74CBB2 
 5142      2E6522ED 
 5142      1E9BC546 
 5143 04d9 BEF47624 		.ascii	"\276\364v$\277,q\232\353\036#\311@\3424\277*T\216:\211"
 5143      BF2C719A 
 5143      EB1E23C9 
 5143      40E234BF 
 5143      2A548E3A 
 5144 04ee 07392926 		.ascii	"\0079)&i\355$\177\337\033u\030T{\207f\324\030\242y\360"
 5144      69ED247F 
 5144      DF1B7518 
 5144      547B8766 
 5144      D418A279 
 5145 0503 DBBDF736 		.ascii	"\333\275\3676&\351\267>2\372\216\347\032u\222~\2603"
 5145      26E9B73E 
 5145      32FA8EE7 
 5145      1A75927E 
 5145      B033
 5146 0515 AF6CE82E 		.ascii	"\257l\350.]_\200\331\250a$\006\221R\012\321\210\214"
 5146      5D5F80D9 
 5146      A8612406 
 5146      91520AD1 
 5146      888C
 5147 0527 489224E9 		.ascii	"H\222$\351\260\002\221\031\252\252\003\022\240\223I"
 5147      B0029119 
 5147      AAAA0312 
 5147      A09349
 5148 0536 4C5BA666 		.ascii	"L[\246fFRRPN+\313\030\323\344+\324\210#\343S\256E\271"
 5148      46525250 
 5148      4E2BCB18 
 5148      D3E42BD4 
 5148      8823E353 
 5149 054d 72405B9C 		.ascii	"r@[\234\336\3732:5\2636\261\366\203\272\"\316\015\027"
 5149      DEFB323A 
 5149      35B336B1 
 5149      F683BA22 
 5149      CE0D17
 5150 0560 82851BF2 		.ascii	"\202\205\033\362\3362\204r\313\2527\\\305'nQ\312\307"
 5150      DE328472 
 5150      CBAA375C 
 5150      C5276E51 
 5150      CAC7
 5151 0572 9E19F2D6 		.ascii	"\236\031\362\326'E\221)'c\255\275}\025\301U\221\227"
 5151      27459129 
 5151      2763ADBD 
 5151      7D15C155 
 5151      9197
 5152 0584 0220BCB4 		.ascii	"\002 \274\264\327 \351h\333\223m>d\355\205\224B\030"
 5152      D720E968 
 5152      DB936D3E 
 5152      64ED8594 
 5152      4218
 5153 0596 6022B3E1 		.ascii	"`\"\263\341m\316\277\300\014\213\230CB\253\031\342\246"
 5153      6DCEBFC0 
 5153      0C8B9843 
 5153      42AB19E2 
 5153      A6
ARM GAS  C:\Users\PUBLIC~1.LAP\AppData\Local\Temp\ccSvJTCD.s 			page 175


 5154 05a7 1D01CDA2 		.ascii	"\035\001\315\242\007\033n\200\306{\275\313\242\272-"
 5154      071B6E80 
 5154      C67BBDCB 
 5154      A2BA2D
 5155 05b6 518956E3 		.ascii	"Q\211V\343\3129l\316\274\245\323\371#\316\273o\263\324"
 5155      CA396CCE 
 5155      BCA5D3F9 
 5155      23CEBB6F 
 5155      B3D4
 5156 05c8 97DBB515 		.ascii	"\227\333\265\025+\236\210+\337\010A\021\352\271\336"
 5156      2B9E882B 
 5156      DF084111 
 5156      EAB9DE
 5157 05d7 E93A2153 		.ascii	"\351:!SUj}O\340\364\324\352\253:IA\020\333\203z\030"
 5157      556A7D4F 
 5157      E0F4D4EA 
 5157      AB3A4941 
 5157      10DB837A 
 5158 05ec EBB67BD3 		.ascii	"\353\266{\323\377i\246m\345TAe<\032\304\002\321\217"
 5158      FF69A66D 
 5158      E5544165 
 5158      3C1AC402 
 5158      D18F
 5159 05fe D85F40A1 		.ascii	"\330_@\241\362\3557\323\013\365m\252\317\000\006\211"
 5159      F2ED37D3 
 5159      0BF56DAA 
 5159      CF000689 
 5160 060e 1BB1E16B 		.ascii	"\033\261\341kS\320xCy[\177\327u\314A\247Q\20150\240"
 5160      53D07843 
 5160      795B7FD7 
 5160      75CC41A7 
 5160      51813530 
 5161 0623 D82D3C4E 		.ascii	"\330-<N\373\354^\323%\256\304l?\031H\024\340\241\216"
 5161      FBEC5ED3 
 5161      25AEC46C 
 5161      3F194814 
 5161      E0A18E
 5162 0636 598ECB1A 		.ascii	"Y\216\313\032\255+\264s9P\034\224g\014\3053\320\012"
 5162      AD2BB473 
 5162      39501C94 
 5162      670CC533 
 5162      D00A
 5163 0648 EB4AA74F 		.ascii	"\353J\247O\352*\343P9|\235d\331\243\025\364<\213\366"
 5163      EA2AE350 
 5163      397C9D64 
 5163      D9A315F4 
 5163      3C8BF6
 5164 065b 45957EDA 		.ascii	"E\225~\332\254\007%\257\213\362(\256\205OJK\016\330"
 5164      AC0725AF 
 5164      8BF228AE 
 5164      854F4A4B 
 5164      0ED8
 5165 066d 5C01887D 		.ascii	"\\\001\210}\300~\350@Q\224a\014\352\024\257\375ob\000"
 5165      C07EE840 
 5165      5194610C 
 5165      EA14AFFD 
 5165      6F6200
ARM GAS  C:\Users\PUBLIC~1.LAP\AppData\Local\Temp\ccSvJTCD.s 			page 176


 5166 0680 399A4116 		.ascii	"9\232A\026\352\200\004\357\217Y\306\302\211f\313\260"
 5166      EA8004EF 
 5166      8F59C6C2 
 5166      8966CBB0 
 5167 0690 3A432BDB 		.ascii	":C+\333W\246\307\276\341\360!\020\242\320L\247P\036"
 5167      57A6C7BE 
 5167      E1F02110 
 5167      A2D04CA7 
 5167      501E
 5168 06a2 2A2B35DB 		.ascii	"*+5\333\022\236<\205b\345\262\230\354\206\316\033\265"
 5168      129E3C85 
 5168      62E5B298 
 5168      EC86CE1B 
 5168      B5
 5169 06b3 5E57D961 		.ascii	"^W\331a\341K@b\230\361P\333D\205\224\317-M\226#e'\252"
 5169      E14B4062 
 5169      98F150DB 
 5169      448594CF 
 5169      2D4D9623 
 5170 06ca 694CA9   		.ascii	"iL\251"
 5171              		.text
 5172              		.section	.gnu.lto__usb_suspend.3016.840c7bcd,"e",%progbits
 5173 0000 28B52FFD 		.ascii	"(\265/\375`\361\001\215\021\000&\240uH\260\326M:\014"
 5173      60F1018D 
 5173      110026A0 
 5173      7548B0D6 
 5173      4D3A0C
 5174 0013 C03FB0F3 		.ascii	"\300?\260\363\341\3369\372\307\015E\371\232-\3032\374"
 5174      E1DE39FA 
 5174      C70D45F9 
 5174      9A2DC332 
 5174      FC
 5175 0024 18CE1F51 		.ascii	"\030\316\037Q\323b&\340\243e2\375\206dd\212\206+0\334"
 5175      D36226E0 
 5175      A36532FD 
 5175      8664648A 
 5175      862B30DC 
 5176 0038 4741CA7C 		.ascii	"GA\312|\345'\340\224\266\373:\314HhY}\274\325@[,\240"
 5176      E527E094 
 5176      B6FB3ACC 
 5176      4868597D 
 5176      BCD5405B 
 5177 004e 0D6532C8 		.ascii	"\015e2\310\336r\247\024_\000\\\000c\000\021\276O\230"
 5177      DE72A714 
 5177      5F005C00 
 5177      630011BE 
 5177      4F98
 5178 0060 B7789FF2 		.ascii	"\267x\237\362,\336\247C{\312\305\310\205\342\311\346"
 5178      2CDEA743 
 5178      7BCAC5C8 
 5178      85E2C9E6 
 5179 0070 64775FBA 		.ascii	"dw_\272\"\214\341\275)5\206\376so\335pD\367\012|\226"
 5179      228CE1BD 
 5179      293586FE 
 5179      736FDD70 
 5179      44F70A7C 
 5180 0085 B8942C49 		.ascii	"\270\224,I?\242\002\340\214d\203\250\030'lQe\013\022"
ARM GAS  C:\Users\PUBLIC~1.LAP\AppData\Local\Temp\ccSvJTCD.s 			page 177


 5180      3FA202E0 
 5180      8C6483A8 
 5180      18276C51 
 5180      650B12
 5181 0098 A525D73D 		.ascii	"\245%\327=\206\300\035\311\230\024EH<\367\010\002W\024"
 5181      86C01DC9 
 5181      98144548 
 5181      3CF70802 
 5181      5714
 5182 00aa A3CA84DD 		.ascii	"\243\312\204\335u\274\341\220n\225\333\366\261mc\307"
 5182      75BCE190 
 5182      6E95DBF6 
 5182      B16D63C7 
 5183 00ba 98BE8598 		.ascii	"\230\276\205\230\260zaU\262\317\364\1772Zj\264\306\350"
 5183      B07A6155 
 5183      B2CFF47F 
 5183      325A6AB4 
 5183      C6E8
 5184 00cc BB061CC9 		.ascii	"\273\006\034\311\342\341\364\334\220]\021S\240,\324"
 5184      E2E1F4DC 
 5184      905D1153 
 5184      A02CD4
 5185 00db 0CE2C2F6 		.ascii	"\014\342\302\366_6v\033oZy!\212\331\327\3250\221/\322"
 5185      5F36761B 
 5185      6F5A7921 
 5185      8AD9D7D5 
 5185      30912FD2 
 5186 00ef BE4A858C 		.ascii	"\276J\205\214\247&\273;\006\237\256\360}\336o\012\355"
 5186      A726BB3B 
 5186      069FAEF0 
 5186      7DDE6F0A 
 5186      ED
 5187 0100 151BC155 		.ascii	"\025\033\301U\354\3619\177\306i\204g\032rk\267I\007"
 5187      ECF1397F 
 5187      C6698467 
 5187      1A726BB7 
 5187      4907
 5188 0112 6477E7C0 		.ascii	"dw\347\300\001\337\361\244\326`\270\217\331\267k\203"
 5188      01DFF1A4 
 5188      D660B88F 
 5188      D9B76B83 
 5189 0122 F93D3C64 		.ascii	"\371=<d\020\322\226\316\376\371\016!\325\226.\351\306"
 5189      10D296CE 
 5189      FEF90E21 
 5189      D5962EE9 
 5189      C6
 5190 0133 751890BA 		.ascii	"u\030\220\272\032q\265\201\236\303%\025\243\334\254"
 5190      1A71B581 
 5190      9EC32515 
 5190      A3DCAC
 5191 0142 1650E124 		.ascii	"\026P\341$T\035\265P]\362<\350]\017\340\230\262\305"
 5191      541DB550 
 5191      5DF23CE8 
 5191      5D0FE098 
 5191      B2C5
 5192 0154 27B637DC 		.ascii	"'\2667\334\011\374v\027\346\3574\320>\026\237\376\220"
 5192      09FC7617 
ARM GAS  C:\Users\PUBLIC~1.LAP\AppData\Local\Temp\ccSvJTCD.s 			page 178


 5192      E6EF34D0 
 5192      3E169FFE 
 5192      90
 5193 0165 F77905A0 		.ascii	"\367y\005\240DW\213R\354\302$+\311F,{W\024u\311\001"
 5193      44578B52 
 5193      ECC2242B 
 5193      C9462C7B 
 5193      571475C9 
 5194 017a B33B6786 		.ascii	"\263;g\206\007\006\201F\306#\303\022$\003i\322:22\220"
 5194      07068146 
 5194      C623C312 
 5194      240369D2 
 5194      3A323290 
 5195 018e 86A3C301 		.ascii	"\206\243\303\001|\371\344\364\274@\240\227\005\233\231"
 5195      7CF9E4F4 
 5195      BC40A097 
 5195      059B99
 5196 019d 6CD65373 		.ascii	"l\326Ss\003\243y\020\364\263\323\341F\250\2076\363\301"
 5196      03A37910 
 5196      F4B3D3E1 
 5196      46A88736 
 5196      F3C1
 5197 01af C99999B9 		.ascii	"\311\231\231\271\211Q\240\331\325\256J\376\250\242@"
 5197      8951A0D9 
 5197      D5AE4AFE 
 5197      A8A240
 5198 01be D5B406C3 		.ascii	"\325\264\006\303#\020?\265/\340\304\337,uu\012\210\362"
 5198      23103FB5 
 5198      2FE0C4DF 
 5198      2C75750A 
 5198      88F2
 5199 01d0 3ADEA796 		.ascii	":\336\247\226j\030#]'\330\210u\005RF>H]r$ `\002!e\350"
 5199      6A18235D 
 5199      27D88875 
 5199      0552463E 
 5199      485D7224 
 5200 01ea 01E3FA98 		.ascii	"\001\343\372\230\242\314C\343'w\025\214\224\012\013"
 5200      A2CC43E3 
 5200      2777158C 
 5200      940A0B
 5201 01f9 DF255D67 		.ascii	"\337%]g_\033\326\270\220V\320)\321\340\342\311\303\321"
 5201      5F1BD6B8 
 5201      9056D029 
 5201      D1E0E2C9 
 5201      C3D1
 5202 020b 5A3CF6D4 		.ascii	"Z<\366\324\270.\203\363\001k\240\316\215B\247\231\244"
 5202      B82E83F3 
 5202      016BA0CE 
 5202      8D42A799 
 5202      A4
 5203 021c 88113B71 		.ascii	"\210\021;q\215\247j\316\\\357\267\356\235\201T`g\212"
 5203      8DA76ACE 
 5203      5CEFB7EE 
 5203      9D815460 
 5203      678A
 5204 022e 3CB29603 		.ascii	"<\262\226\003\221\207\257\363W\300\365\360\366"
 5204      9187AFF3 
ARM GAS  C:\Users\PUBLIC~1.LAP\AppData\Local\Temp\ccSvJTCD.s 			page 179


 5204      57C0F5F0 
 5204      F6
 5205              		.text
 5206              		.section	.gnu.lto__usb_wakeup.3017.840c7bcd,"e",%progbits
 5207 0000 28B52FFD 		.ascii	"(\265/\375`\262\000\205\013\000\246\225P@\000Q&\035"
 5207      60B20085 
 5207      0B00A695 
 5207      50400051 
 5207      261D
 5208 0012 3B16146C 		.ascii	";\026\024l6Q\327a\335\\\277l\331\036!{<\240\003\222"
 5208      3651D761 
 5208      DD5CBF6C 
 5208      D91E217B 
 5208      3CA00392 
 5209 0026 690D4243 		.ascii	"i\015BC\243\177\374p\230\006\021\263\031\003\254\254"
 5209      A37FFC70 
 5209      980611B3 
 5209      1903ACAC 
 5210 0036 E5FE3E57 		.ascii	"\345\376>W;\351\253\211\353\001r\307ovAlFD2\331{\357"
 5210      3BE9AB89 
 5210      EB0172C7 
 5210      6F76416C 
 5210      464432D9 
 5211 004c 94023E00 		.ascii	"\224\002>\000:\000<\000\241\015C\262A\300\007\023%d"
 5211      3A003C00 
 5211      A10D43B2 
 5211      41C00713 
 5211      2564
 5212 005e EC6E3741 		.ascii	"\354n7A<<\2352\364\377\372C\034K\247\034\352\223&Hq"
 5212      3C3C9D32 
 5212      F4FFFA43 
 5212      1C4BA71C 
 5212      EA932648 
 5213 0073 A0088C27 		.ascii	"\240\010\214'\032a\241\212\361\327%\207Q\203\224\000"
 5213      1A61A18A 
 5213      F1D72587 
 5213      51839400 
 5214 0083 1CECAEA5 		.ascii	"\034\354\256\2458z\270\353mG\260-\301~\201\366]\177"
 5214      387AB8EB 
 5214      6D47B02D 
 5214      C17E81F6 
 5214      5D7F
 5215 0095 95D2DF68 		.ascii	"\225\322\337h\213u\027+v;\334\250\261\264\212B\204\355"
 5215      8B75172B 
 5215      763BDCA8 
 5215      B1B48A42 
 5215      84ED
 5216 00a7 DB878576 		.ascii	"\333\207\205v\000\373\000\307\345\362/\177\304[\341"
 5216      00FB00C7 
 5216      E5F22F7F 
 5216      C45BE1
 5217 00b6 5D243F76 		.ascii	"]$?va\261\023\2733\005n\300\275\"xd{\245\207l\257\016"
 5217      61B113BB 
 5217      33056EC0 
 5217      BD227864 
 5217      7BA5876C 
 5218 00cc 183E79D1 		.ascii	"\030>y\321t\356C\210)\332\234+\327\213\266O\003$:Nr"
ARM GAS  C:\Users\PUBLIC~1.LAP\AppData\Local\Temp\ccSvJTCD.s 			page 180


 5218      74EE4388 
 5218      29DA9C2B 
 5218      D78BB64F 
 5218      03243A4E 
 5219 00e1 866DF032 		.ascii	"\206m\3602\021\267\273\026?\026\032q\254W\237\264\275"
 5219      11B7BB16 
 5219      3F161A71 
 5219      AC579FB4 
 5219      BD
 5220 00f2 7E0EE890 		.ascii	"~\016\350\220\231\244\015Kj\255\026+i\330\263\222\234"
 5220      99A40D4B 
 5220      6AAD162B 
 5220      69D8B392 
 5220      9C
 5221 0103 2BFB74A7 		.ascii	"+\373t\247*\326P8\026\006\025\2173\201\200\274\017\244"
 5221      2AD65038 
 5221      1606158F 
 5221      338180BC 
 5221      0FA4
 5222 0115 DE4CBC0F 		.ascii	"\336L\274\017\314l2|\335G\323\351\276\013\035\205\011"
 5222      CC6C327C 
 5222      DD47D3E9 
 5222      BE0B1D85 
 5222      09
 5223 0126 1ECFD379 		.ascii	"\036\317\323y\200\261T\026\200,T\010aF\035\320\363\311"
 5223      80B15416 
 5223      802C5408 
 5223      61461DD0 
 5223      F3C9
 5224 0138 682814CC 		.ascii	"h(\024\314\005Be\266\257\251\240\231\246\311\333\213"
 5224      054265B6 
 5224      AFA9A099 
 5224      A6C9DB8B 
 5225 0148 5A8A4939 		.ascii	"Z\212I9Y\247\035\021\0003\353c%\212\314\320`\204c\002"
 5225      59A71D11 
 5225      0033EB63 
 5225      258ACCD0 
 5225      60846302 
 5226 015c 0C150E81 		.ascii	"\014\025\016\201\275\241\004\241W\241\320R\330\034\314"
 5226      BDA104A1 
 5226      57A1D052 
 5226      D81CCC
 5227 016b ACECC288 		.ascii	"\254\354\302\210=\214\305qm\304\024\222\306\240\366"
 5227      3D8CC571 
 5227      6DC41492 
 5227      C6A0F6
 5228              		.text
 5229              		.section	.gnu.lto__usb_ep0setup.3018.840c7bcd,"e",%progbits
 5230 0000 28B52FFD 		.ascii	"(\265/\375`>\024\235M\000\212x`\033A@\334R\007\213)"
 5230      603E149D 
 5230      4D008A78 
 5230      601B4140 
 5230      DC52078B 
 5231 0015 14685718 		.ascii	"\024hW\030\\\256}B\022\264\014\214m\366\347\222q!Q "
 5231      5CAE7D42 
 5231      12B40C8C 
 5231      6DF6E792 
ARM GAS  C:\Users\PUBLIC~1.LAP\AppData\Local\Temp\ccSvJTCD.s 			page 181


 5231      71215120 
 5232 0029 F679C924 		.ascii	"\366y\311$P\006\373\332\003\365t\360<\303\374\202\363"
 5232      5006FBDA 
 5232      03F574F0 
 5232      3CC3FC82 
 5232      F3
 5233 003a 656419A1 		.ascii	"ed\031\241\272k\021\006\353X\321I\037\322Y\354lm7\221"
 5233      BA6B1106 
 5233      EB58D149 
 5233      1FD259EC 
 5233      6C6D3791 
 5234 004e 32A59E01 		.ascii	"2\245\236\001\207\001\246\001\211\210\335C\3039\\:s"
 5234      8701A601 
 5234      8988DD43 
 5234      C3395C3A 
 5234      73
 5235 005f E4C48133 		.ascii	"\344\304\2013'\215pP0\360\215\233\356\225\313\006p\315"
 5235      278D7050 
 5235      30F08D9B 
 5235      EE95CB06 
 5235      70CD
 5236 0071 DF615D9F 		.ascii	"\337a]\237\2324|h\3168\246\225!3fO\014\326\"Wn\357}"
 5236      9A347C68 
 5236      CE38A695 
 5236      2133664F 
 5236      0CD62257 
 5237 0088 F761A61E 		.ascii	"\367a\246\036\214+\021\321@\375\027\227n\341\342u\026"
 5237      8C2B11D1 
 5237      40FD1797 
 5237      6EE1E275 
 5237      16
 5238 0099 E3BDB8F2 		.ascii	"\343\275\270\362O\213V\352\2738\\\346f\253\311\347\311"
 5238      4F8B56EA 
 5238      BB385CE6 
 5238      66ABC9E7 
 5238      C9
 5239 00aa 783A57FA 		.ascii	"x:W\372\200\254\223\303\223\341~7\345\376[\334\233~"
 5239      80AC93C3 
 5239      93E17E37 
 5239      E5FE5BDC 
 5239      9B7E
 5240 00bc E3B5B832 		.ascii	"\343\265\2702\016\031\325gq\345\035.^5\336\316\225["
 5240      0E19D567 
 5240      71E51D2E 
 5240      5E35DECE 
 5240      955B
 5241 00ce B468CFAC 		.ascii	"\264h\317\254_\347p\231\031\273&rXO\347O\355#\334\336"
 5241      5FE77099 
 5241      19BB2672 
 5241      584FE74F 
 5241      ED23DCDE 
 5242 00e2 BBF9AF3F 		.ascii	"\273\371\257?\226\033\356\315\177\231\277\365\346\200"
 5242      961BEECD 
 5242      7F99BFF5 
 5242      E680
 5243 00f0 2C4DEE73 		.ascii	",M\356sY\277\303\366\327\031\254\202Wgo:\007\377z\211"
 5243      59BFC3F6 
ARM GAS  C:\Users\PUBLIC~1.LAP\AppData\Local\Temp\ccSvJTCD.s 			page 182


 5243      D719AC82 
 5243      57676F3A 
 5243      07FF7A89 
 5244 0104 E5BFEE03 		.ascii	"\345\277\356\003\340\232rvW\232\020\277\\\016\327{\303"
 5244      E09A7276 
 5244      579A10BF 
 5244      5C0ED77B 
 5244      C3
 5245 0115 F98D58FE 		.ascii	"\371\215X\376;\200I\323g\367\207\373*\361[\321\341\314"
 5245      3B8049D3 
 5245      67F787FB 
 5245      2AF15BD1 
 5245      E1CC
 5246 0127 BDE5B67A 		.ascii	"\275\345\266z{\323A\360\011\313\177\215^\010\3767\371"
 5246      7BD341F0 
 5246      09CB7F8D 
 5246      5E08FE37 
 5246      F9
 5247 0138 40F0BF1E 		.ascii	"@\360\277\036\273\027Jw\364\234\271\3012\356\275\247"
 5247      BB174A77 
 5247      F49CB9C1 
 5247      32EEBDA7 
 5248 0148 3AC9C71F 		.ascii	":\311\307\037\004\024\375\201\372<\235=M\036\346R\011"
 5248      0414FD81 
 5248      FA3C9D3D 
 5248      4D1EE652 
 5248      09
 5249 0159 BF499D63 		.ascii	"\277I\235c\177\255\017\312\003:\023m[\222\177\334\374"
 5249      7FAD0FCA 
 5249      033A136D 
 5249      5B927FDC 
 5249      FC
 5250 016a 8341951A 		.ascii	"\203A\225\032\014\277\203\033\036W\232F\2375\"\371\231"
 5250      0CBF831B 
 5250      1E579A46 
 5250      9F3522F9 
 5250      99
 5251 017b 4CC09624 		.ascii	"L\300\226$\332~\201(Y\264\354\324~\0177\253=\313M\245"
 5251      DA7E8128 
 5251      59B4ECD4 
 5251      7E0F37AB 
 5251      3DCB4DA5 
 5252 018f 8616713C 		.ascii	"\206\026q<\014\323\302\230<O\201\2640\263gr\263f\037"
 5252      0CD3C298 
 5252      3C4F81B4 
 5252      30B36772 
 5252      B3661F
 5253 01a2 255B9697 		.ascii	"%[\226\227\334,YV&\033\240\365\211=\301\272\222Bl\216"
 5253      DC2C5956 
 5253      261BA0F5 
 5253      893DC1BA 
 5253      92426C8E 
 5254 01b6 C4F92859 		.ascii	"\304\371(Y\262\014G\311\016\341\312o\362A\240\233\331"
 5254      B20C47C9 
 5254      0EE1CA6F 
 5254      F241A09B 
 5254      D9
ARM GAS  C:\Users\PUBLIC~1.LAP\AppData\Local\Temp\ccSvJTCD.s 			page 183


 5255 01c7 136C4712 		.ascii	"\023lG\022\250\314K WN\212\275~\202a\223F{\357\337~"
 5255      A8CC4B20 
 5255      574E8ABD 
 5255      7E826193 
 5255      467BEFDF 
 5256 01dc E601B695 		.ascii	"\346\001\266\225\263R\303\336\333\363\027X\330\273\320"
 5256      B352C3DE 
 5256      DBF31758 
 5256      D8BBD0
 5257 01eb BB3F0EF7 		.ascii	"\273?\016\367\237r\217:\005\000\326\366\336\025\304"
 5257      9F728F3A 
 5257      0500D6F6 
 5257      DE15C4
 5258 01fa 7C600D80 		.ascii	"|`\015\200m\257\233\275\004\272\221\301\237\002~\265"
 5258      6DAF9BBD 
 5258      04BA91C1 
 5258      9F027EB5 
 5259 020a 534BD089 		.ascii	"SK\320\211]!\203\\\244=\251_\375w]>@\254\336\237\003"
 5259      5D21835C 
 5259      A43DA95F 
 5259      FD775D3E 
 5259      40ACDE9F 
 5260 021f DDCAF4DE 		.ascii	"\335\312\364\336\330\011\234\324Dv\204\330\334\010%"
 5260      D8099CD4 
 5260      447684D8 
 5260      DC0825
 5261 022e 6763B7E5 		.ascii	"gc\267\345\336X&\317?p\304o+\364\020\033\225\334c\205"
 5261      DE5826CF 
 5261      3F70C46F 
 5261      2BF4101B 
 5261      95DC6385 
 5262 0242 D64F3633 		.ascii	"\326O63\007r\326\002t\221v\217\343\342+\371\277\334"
 5262      0772D602 
 5262      7491768F 
 5262      E3E22BF9 
 5262      BFDC
 5263 0254 884B6FF7 		.ascii	"\210Ko\367\374\305\342\313=\336f\257\015\377f\375_A"
 5263      FCC5E2CB 
 5263      3DDE66AF 
 5263      0DFF66FD 
 5263      5F41
 5264 0266 A4DD2B3A 		.ascii	"\244\335+:\231w|W\317\340\320\032\342\202\356\033\367"
 5264      99777C57 
 5264      CFE0D01A 
 5264      E282EE1B 
 5264      F7
 5265 0277 B57B805F 		.ascii	"\265{\200_\023\331\025bs\243\273s\310X\017\313\2757"
 5265      13D91562 
 5265      73A3BB73 
 5265      C8580FCB 
 5265      BD37
 5266 0289 93E72D10 		.ascii	"\223\347-\020\037\226Lt\300\377\276v\022\316]3\244["
 5266      1F964C74 
 5266      C0FFBE76 
 5266      12CE5D33 
 5266      A45B
 5267 029b CDB8BF7D 		.ascii	"\315\270\277}\021U\360\274\016wvt\247\333\312Z\315\375"
ARM GAS  C:\Users\PUBLIC~1.LAP\AppData\Local\Temp\ccSvJTCD.s 			page 184


 5267      1155F0BC 
 5267      0E777674 
 5267      A7DBCA5A 
 5267      CDFD
 5268 02ad 75646464 		.ascii	"uddd\244\353#\356C\331)\344\375\316T\224}BQ\366\245"
 5268      A4EB23EE 
 5268      43D929E4 
 5268      FDCE5494 
 5268      7D4251F6 
 5269 02c2 A2EC1288 		.ascii	"\242\354\022\210\262+\021e\2170\224=\351\347\336\217"
 5269      B22B1165 
 5269      8F30943D 
 5269      E9E7DE8F 
 5270 02d2 86B22778 		.ascii	"\206\262'x\271\177\001o\345\277H\232=\012\315\376#\315"
 5270      B97F016F 
 5270      E5BF489A 
 5270      3D0ACDFE 
 5270      23CD
 5271 02e4 0E9566F7 		.ascii	"\016\225f\367\201f\177J\263;\003d\357\031\312\336\224"
 5271      81667F4A 
 5271      B33B0364 
 5271      EF19CADE 
 5271      94
 5272 02f5 66E70190 		.ascii	"f\347\001\220\235\011\224})\224]9\224\035\026\312\376"
 5272      9D09947D 
 5272      29945D39 
 5272      941D16CA 
 5272      FE
 5273 0306 06654F02 		.ascii	"\006eO\002e\327\321\354\371'\373k\370A<\362\005\354"
 5273      65D7D1EC 
 5273      F927FB6B 
 5273      F8413CF2 
 5273      05EC
 5274 0318 BD70D9FB 		.ascii	"\275p\331\373G\344\343\006|\367\234\344\375?\347\377"
 5274      47E4E306 
 5274      7CF79CE4 
 5274      FD3FE7FF 
 5275 0328 98B7672D 		.ascii	"\230\267g-oz\374\216\325\344^\273\202\213\363\364t\376"
 5275      6F7AFC8E 
 5275      D5E45EBB 
 5275      828BF3F4 
 5275      74FE
 5276 033a 9126B461 		.ascii	"\221&\264a\030\037\362\016u\251\225\365!\253rw\204\326"
 5276      181FF20E 
 5276      75A995F5 
 5276      21AB7277 
 5276      84D6
 5277 034c 04CD0FF9 		.ascii	"\004\315\017\371\364w\250 \262\310\340\324\331Z>>\371"
 5277      F477A820 
 5277      B2C8E0D4 
 5277      D95A3E3E 
 5277      F9
 5278 035d DB395A6B 		.ascii	"\3339Zkr\177;\376\214\337\370\364\216U\243+]\323\331"
 5278      727F3BFE 
 5278      8CDFF8F4 
 5278      8E55A32B 
 5278      5DD3D9
ARM GAS  C:\Users\PUBLIC~1.LAP\AppData\Local\Temp\ccSvJTCD.s 			page 185


 5279 0370 142C63DE 		.ascii	"\024,c\336\313\177\241\371\201`\305D\016\317\220\374"
 5279      CB7FA1F9 
 5279      8160C544 
 5279      0ECF90FC 
 5280 0380 DF1038FF 		.ascii	"\337\0208\377A\320\202\210%vw\240\032\356.\374(`\240"
 5280      41D08288 
 5280      257677A0 
 5280      1AEE2EFC 
 5280      2860A0
 5281 0393 991E6FDD 		.ascii	"\231\036o\335\012\212]\346\234\241\327Y\021\263\342"
 5281      0A8A5DE6 
 5281      9CA1D759 
 5281      11B3E2
 5282 03a2 F359B053 		.ascii	"\363Y\260S\273\260+\214s\352'\341\234\037\026q-\361"
 5282      BBB02B8C 
 5282      73EA27E1 
 5282      9C1F1671 
 5282      2DF1
 5283 03b4 F94E708F 		.ascii	"\371Np\217&\262\353k\352\036\375\312\351\202\274\302"
 5283      26B2EB6B 
 5283      EA1EFDCA 
 5283      E982BCC2 
 5284 03c4 C56D4254 		.ascii	"\305mBT\236kM-D\270\307\347\324joY=Ald\212e\322\276"
 5284      9E6B4D2D 
 5284      44B8C7E7 
 5284      D46A6F59 
 5284      3D416C64 
 5285 03dc FCF47AB4 		.ascii	"\374\364z\264\232\037i\036Md\367\207\315\215@\262[\026"
 5285      9A1F691E 
 5285      4D64F787 
 5285      CD8D40B2 
 5285      5B16
 5286 03ee 8F5471CC 		.ascii	"\217Tq\314\221\376\2717\272\036\351\013\373\177\373"
 5286      91FEB937 
 5286      BA1EE90B 
 5286      FB7FFB
 5287 03fd D13BC52D 		.ascii	"\321;\305-\240\323\220\313\244\363~\243\011\232iI\177"
 5287      A0D390CB 
 5287      A4F37EA3 
 5287      099A6949 
 5287      7F
 5288 040e 975802BD 		.ascii	"\227X\002\275\244_IK\320\023\272 \227\357j\340\010Z"
 5288      A45F494B 
 5288      D013BA20 
 5288      97EF6AE0 
 5288      085A
 5289 0420 49E744AE 		.ascii	"I\347D\256\307$\035A\377\227.\310k~b'\311\271\346\032"
 5289      C7241D41 
 5289      FF972EC8 
 5289      6B7E6227 
 5289      C9B9E61A 
 5290 0434 4BA972E5 		.ascii	"K\251r\345\375>E\256\271\011\210\270\315\237\211;>\025"
 5290      FD3E45AE 
 5290      B90988B8 
 5290      CD9F893B 
 5290      3E15
 5291 0446 FE3781CE 		.ascii	"\3767\201\316~<\314\362U)'\241\226x\310gQ\344\332\307"
ARM GAS  C:\Users\PUBLIC~1.LAP\AppData\Local\Temp\ccSvJTCD.s 			page 186


 5291      7E3CCCF2 
 5291      552927A1 
 5291      9678C867 
 5291      51E4DAC7 
 5292 045a D57A273E 		.ascii	"\325z'>\356\216\374\327L\233\214\344\037\362\215\256"
 5292      EE8EFCD7 
 5292      4C9B8CE4 
 5292      1FF28DAE 
 5293 046a 74790935 		.ascii	"ty\0115hPIf\213\333\024\014\376\273\346\237\325\206"
 5293      68504966 
 5293      8BDB140C 
 5293      FEBBE69F 
 5293      D586
 5294 047c 617CEF8B 		.ascii	"a|\357\213\307\234\232\241?\260[\310:{\357\244\023E"
 5294      C79C9AA1 
 5294      3FB05BC8 
 5294      3A7BEFA4 
 5294      1345
 5295 048e AED9D1A5 		.ascii	"\256\331\321\245\212\333\234e,\256H\263\202\242\020"
 5295      8ADB9C65 
 5295      2CAE48B3 
 5295      82A210
 5296 049d F83DC047 		.ascii	"\370=\300G<8\001\254!VP\0343L\333\331Q\363,e\370\343"
 5296      3C3801AC 
 5296      2156501C 
 5296      334CDBD9 
 5296      51F32C65 
 5297 04b3 32B8483B 		.ascii	"2\270H;S\033\330\331\361\267\256\264ic\016\201\231\232"
 5297      531BD8D9 
 5297      F1B7AEB4 
 5297      69630E81 
 5297      999A
 5298 04c5 43A13613 		.ascii	"C\2416\023\211\211\320\210\337\230\232\251]\261\324"
 5298      8989D088 
 5298      DF989AA9 
 5298      5DB1D4
 5299 04d4 4C1B61D9 		.ascii	"L\033a\331\354\215\330\310\"e\377\0340\222X\311\016"
 5299      EC8DD8C8 
 5299      2265FF1C 
 5299      309258C9 
 5299      0E
 5300 04e5 BDBD4237 		.ascii	"\275\275B72\2560\013\340R\253\345\260Wj\011Z\202\202"
 5300      32AE300B 
 5300      E052ABE5 
 5300      B0576A09 
 5300      5A8282
 5301 04f8 6C2AF27F 		.ascii	"l*\362\177)\365\353u\023_\315\036c\240R\000LA\377\366"
 5301      29F5EB75 
 5301      135FCD1E 
 5301      63A05200 
 5301      4C41FFF6 
 5302 050c 975CBB42 		.ascii	"\227\\\273B\300\027\000\303\232\202\366\334E\266\225"
 5302      C01700C3 
 5302      9A82F6DC 
 5302      45B695
 5303 051b 211FE4B1 		.ascii	"!\037\344\261\270-.e\004\225eE5\0055\245t)\243\027R"
 5303      B82D2E65 
ARM GAS  C:\Users\PUBLIC~1.LAP\AppData\Local\Temp\ccSvJTCD.s 			page 187


 5303      04956545 
 5303      350535A5 
 5303      7429A317 
 5304 0530 D6AAEAD2 		.ascii	"\326\252\352\322\243\220\252\325\030T\253\224u*\304"
 5304      A390AAD5 
 5304      1854AB94 
 5304      752AC4
 5305 053f 14CA8A8A 		.ascii	"\024\312\212\212\303\364D\210\023N\034\246W8\240FT\375"
 5305      C3F44488 
 5305      134E1CA6 
 5305      5738A046 
 5305      54FD
 5306 0551 8DA8EC51 		.ascii	"\215\250\354QHPVT\325\250\352\324\011\002\223\015'\023"
 5306      48505654 
 5306      D5A8EAD4 
 5306      0902930D 
 5306      2713
 5307 0563 1BA6D62B 		.ascii	"\033\246\326++\252\252)\015\252\251)\252*\006\217B\262"
 5307      2BAAAA29 
 5307      0DAAA929 
 5307      AA2A068F 
 5307      42B2
 5308 0575 6659A3AA 		.ascii	"fY\243\252S\250\027X3\2524\244\246WV\022<\012I\212\006"
 5308      53A81758 
 5308      33AA34A4 
 5308      A6575612 
 5308      3C0A498A 
 5309 058a 842BABE9 		.ascii	"\204+\253\351\214'+\025\005\034OS\272\012*\373S\022"
 5309      8C272B15 
 5309      051C4F53 
 5309      BA0A2AFB 
 5309      5312
 5310 059c 0CA62525 		.ascii	"\014\246%%\0270\220\200\252\\X\261\222^Era\305\242V"
 5310      17309080 
 5310      AA5C58B1 
 5310      925E4572 
 5310      61C5A256 
 5311 05b0 ADACD319 		.ascii	"\255\254\323\031OQS+\325\364\004\011)\027RQ\034Z0)E"
 5311      4F51532B 
 5311      D5F40409 
 5311      29175251 
 5311      1C5A3029 
 5312 05c5 A89A82BA 		.ascii	"\250\232\202\272j\221\025\205%5\203\372\224\224\324"
 5312      6A911585 
 5312      253583FA 
 5312      9494D4
 5313 05d4 A2A98312 		.ascii	"\242\251\203\022\335\365\223[\037q\015W}\375\344\336"
 5313      DDF5935B 
 5313      1F710D57 
 5313      7DFDE4DE 
 5314 05e4 7B078501 		.ascii	"{\007\205\001\363\305K\227<<D\013\261\026\334X\267E"
 5314      F3C54B97 
 5314      3C3C440B 
 5314      B116DC58 
 5314      B745
 5315 05f6 4B16BB3A 		.ascii	"K\026\273:,\206M\2779^\207@}j\322\360\2419cf/\252\177"
 5315      2C864DBF 
ARM GAS  C:\Users\PUBLIC~1.LAP\AppData\Local\Temp\ccSvJTCD.s 			page 188


 5315      395E8740 
 5315      7D6AD2F0 
 5315      A1396366 
 5316 060d 345F961E 		.ascii	"4_\226\036\314\020\325\3143\324\245\265\037\315\034"
 5316      CC10D5CC 
 5316      33D4A5B5 
 5316      1FCD1C
 5317 061c 145386CC 		.ascii	"\024S\206\314\230=1z\213[\2411\213W\326\350\341\215"
 5317      983D317A 
 5317      8B5BA131 
 5317      8B57D6E8 
 5317      E18D
 5318 062e 45B55A96 		.ascii	"E\265Z\226{\250\030(\212\270\276\337\032\011k\373!\034"
 5318      7BA81828 
 5318      8AB8BEDF 
 5318      1A096BFB 
 5318      211C
 5319 0640 140C7CE3 		.ascii	"\024\014|\343\246\315\0152\0149\313\275?\025\336\021"
 5319      A6CD0D32 
 5319      0C39CBBD 
 5319      3F15DE11 
 5320 0650 7775F9E3 		.ascii	"wu\371\343\262\001\\\363\347\2678\026\224w\347u\010"
 5320      B2015CF3 
 5320      E7B73816 
 5320      9477E775 
 5320      08
 5321 0661 D56A7EF7 		.ascii	"\325j~\367F\361\231yB\022\303\306 n\245\334!\335\217"
 5321      46F19979 
 5321      4212C3C6 
 5321      206EA5DC 
 5321      21DD8F
 5322 0674 027283D8 		.ascii	"\002r\203\330I\200\326\310E\200\266xx(\226\330\375'"
 5322      4980D6C8 
 5322      4580B678 
 5322      782896D8 
 5322      FD27
 5323 0686 1304ABF3 		.ascii	"\023\004\253\363\330\343\255kC\221k!\373\350\247\316"
 5323      D8E3AD6B 
 5323      43916B21 
 5323      FBE8A7CE 
 5324 0696 66CF23EE 		.ascii	"f\317#\356\321\245\267k\311\322\203L\203>Z\377\310v"
 5324      D1A5B76B 
 5324      C9D2834C 
 5324      833E5AFF 
 5324      C876
 5325 06a8 D4A756C0 		.ascii	"\324\247V\3006g\305\353\220\000\032\021$\177gb\211\207"
 5325      3667C5EB 
 5325      90001A11 
 5325      247F6762 
 5325      8987
 5326 06ba 1B8BBB33 		.ascii	"\033\213\2733c\260%W\366S\360o&\343\357n@+G\372\323"
 5326      63B02557 
 5326      F653F06F 
 5326      26E3EF6E 
 5326      402B47FA 
 5327 06cf 7966DE15 		.ascii	"yf\336\025\356\234\177m\036\234\332[\027\212\034m\233"
 5327      EE9C7F6D 
ARM GAS  C:\Users\PUBLIC~1.LAP\AppData\Local\Temp\ccSvJTCD.s 			page 189


 5327      1E9CDA5B 
 5327      178A1C6D 
 5327      9B
 5328 06e0 358B71FE 		.ascii	"5\213q\376\203\004\201\212\250qD\006\225\251\031\022"
 5328      8304818A 
 5328      A8714406 
 5328      95A91912 
 5329 06f0 91822405 		.ascii	"\221\202$\005Ik\301\005\204(\345\330\361\006\022@c="
 5329      496BC105 
 5329      8428E5D8 
 5329      F1061240 
 5329      633D
 5330 0702 89725019 		.ascii	"\211rP\031gL BRA\212R\220J\007\223\224J\364*\254\370"
 5330      674C2042 
 5330      52418A52 
 5330      904A0793 
 5330      944AF42A 
 5331 0718 E898D6EF 		.ascii	"\350\230\326\357\006\315w\310\373\344\214\264\374\246"
 5331      06CD77C8 
 5331      FBE48CB4 
 5331      FCA6
 5332 0726 5196308A 		.ascii	"Q\2260\212\232Z\321J\365\346\003I\004H\274\320\324\311"
 5332      9A5AD14A 
 5332      F5E60349 
 5332      0448BCD0 
 5332      D4C9
 5333 0738 893EB2D4 		.ascii	"\211>\262\324=*\276>#\366*\010\231\013Tr\342\212uN\323"
 5333      3D2ABE3E 
 5333      23F62A08 
 5333      990B5472 
 5333      E28A754E 
 5334 074d 912C3707 		.ascii	"\221,7\007:rn\250jg\205~\201\001\300\031\356\036w\322"
 5334      3A726EA8 
 5334      6A67857E 
 5334      8101C019 
 5334      EE1E77D2 
 5335 0761 56FDA685 		.ascii	"V\375\246\205\356\316;\267\016\333\321t+\313\217\327"
 5335      EECE3BB7 
 5335      0EDBD174 
 5335      2BCB8FD7 
 5336 0771 AE377D74 		.ascii	"\2567}tn\250\244\244\211\253\335\335^\376~\221m\236"
 5336      6EA8A4A4 
 5336      89ABDDDD 
 5336      5EFE7E91 
 5336      6D9E
 5337 0783 79EFF72B 		.ascii	"y\357\367+c\012\201\367\340\236\270W#\325\316\"\320"
 5337      630A81F7 
 5337      E09EB857 
 5337      23D5CE22 
 5337      D0
 5338 0794 EB55D20B 		.ascii	"\353U\322\013\357Y\035\273\215-\257\2076rn\350\344\223"
 5338      EF591DBB 
 5338      8D2DAF87 
 5338      36726EE8 
 5338      E493
 5339 07a6 F6656E68 		.ascii	"\366enh79Z\030\201\322\373\0356\214\244\214Hy\267 \253"
 5339      37395A18 
ARM GAS  C:\Users\PUBLIC~1.LAP\AppData\Local\Temp\ccSvJTCD.s 			page 190


 5339      81D2FB1D 
 5339      368CA48C 
 5339      4879B720 
 5340 07bb F5AF8AA1 		.ascii	"\365\257\212\241\206TF\244a\300\232\330qeaF\221[XCQ"
 5340      865446A4 
 5340      61C09AD8 
 5340      71656146 
 5340      915B5843 
 5341 07d0 91CF9DE7 		.ascii	"\221\317\235\347\334\012m\021T0\014\303F\330nK\177\217"
 5341      DC0A6D11 
 5341      54300CC3 
 5341      46D86E4B 
 5341      7F8F
 5342 07e2 3D19B851 		.ascii	"=\031\270Q\022\255\344?\222*tgI\237\345\322\011c]/|"
 5342      12ADE43F 
 5342      922A7467 
 5342      499FE5D2 
 5342      09635D2F 
 5343 07f7 11201BDF 		.ascii	"\021 \033\337\254\201]\307=\013\001%\303\033\335j\305"
 5343      AC815DC7 
 5343      3D0B0125 
 5343      C31BDD6A 
 5343      C5
 5344 0808 AB28EF28 		.ascii	"\253(\357(\240$\260\255\204\367\262(p #\016\252\022"
 5344      A024B0AD 
 5344      84F7B228 
 5344      7020230E 
 5344      AA12
 5345 081a 3F143E09 		.ascii	"?\024>\011\244\371\273\200\273\370*\3745T9\251\220\307"
 5345      A4F9BB80 
 5345      BBF82AFC 
 5345      355439A9 
 5345      90C7
 5346 082c 952C36BC 		.ascii	"\225,6\274\350\225Ga\373\235\305\270G\274\326\014\373"
 5346      E8954761 
 5346      FB9DC5B8 
 5346      47BCD60C 
 5346      FB
 5347 083d 96CA69AD 		.ascii	"\226\312i\255]\303Vh\177\246\230m&\037mJ\037m\343\030"
 5347      5DC35668 
 5347      7FA6986D 
 5347      261F6D4A 
 5347      1F6DE318 
 5348 0851 BD008857 		.ascii	"\275\000\210Wdvf\264}\366*\367\322\371tOT\366\325\007"
 5348      647666B4 
 5348      7DF62AF7 
 5348      D2F9744F 
 5348      54F6D507 
 5349 0865 9682F695 		.ascii	"\226\202\366\225\245d7\021\000\227\337\356\302\236\315"
 5349      A5643711 
 5349      0097DFEE 
 5349      C29ECD
 5350 0874 80D51113 		.ascii	"\200\325\021\023hPN\035t\3344[\324\311N\347\355\011"
 5350      68504E1D 
 5350      74DC345B 
 5350      D4C94EE7 
 5350      ED09
ARM GAS  C:\Users\PUBLIC~1.LAP\AppData\Local\Temp\ccSvJTCD.s 			page 191


 5351 0886 0F22CDB7 		.ascii	"\017\"\315\267\362\010t^\305\334\355\016n`\011\370\263"
 5351      F208745E 
 5351      C5DCED0E 
 5351      6E6009F8 
 5351      B3
 5352 0897 46815C22 		.ascii	"F\201\\\"\366AL\232\007\210\200\301:\333\030\340\223"
 5352      F6414C9A 
 5352      078880C1 
 5352      3ADB18E0 
 5352      93
 5353 08a8 CB30C9EC 		.ascii	"\3130\311\354\211\215\317\243\316\253X\352\002b.&I\200"
 5353      898DCFA3 
 5353      CEAB58EA 
 5353      02622E26 
 5353      4980
 5354 08ba 3AB1C787 		.ascii	":\261\307\207\364\236Q\362\302\276\262\"\206\245\353"
 5354      F49E51F2 
 5354      C2BEB222 
 5354      86A5EB
 5355 08c9 F78BAF20 		.ascii	"\367\213\257 \217\312\310F~\202\327\354\301\227\370"
 5355      8FCAC846 
 5355      7E82D7EC 
 5355      C197F8
 5356 08d8 DD0FF005 		.ascii	"\335\017\360\005\000\357\301\306{O\367\324\266R\251"
 5356      00EFC1C6 
 5356      7B4FF7D4 
 5356      B652A9
 5357 08e7 43570305 		.ascii	"CW\003\005OPA\227\352\372}ar.\210K\2500\202o\202\000"
 5357      4F504197 
 5357      EAFA7D61 
 5357      722E884B 
 5357      A830826F 
 5358 08fd 0D245969 		.ascii	"\015$Yi\007%H\364t\365$S\325\177I>?\213\\\2530A\226"
 5358      072548F4 
 5358      74F52453 
 5358      D57F493E 
 5358      3F8B5CAB 
 5359 0914 BD5BFFD5 		.ascii	"\275[\377\325\354\300\220\204u\303\264\260\222\350\307"
 5359      ECC09084 
 5359      75C3B4B0 
 5359      92E8C7
 5360 0923 48433158 		.ascii	"HC1X\336\364 ]<\336=\033K\350\325tX\005\000D\034\266"
 5360      DEF4205D 
 5360      3CDE3D1B 
 5360      4BE8D574 
 5360      58050044 
 5361 0939 20D48190 		.ascii	" \324\201\220p\276T\213R\005A\301u[F\001\220\000\007"
 5361      70BE548B 
 5361      520541C1 
 5361      755B4601 
 5361      900007
 5362 094c 2EDCA5A0 		.ascii	".\334\245\240\220g\365R\336\256\232\355~\244\374Yv\353"
 5362      9067F552 
 5362      DEAE9AED 
 5362      7EA4FC59 
 5362      76EB
 5363 095e 8F63AEDA 		.ascii	"\217c\256\332\274\202\256c\261\260\325\2308\271\263"
ARM GAS  C:\Users\PUBLIC~1.LAP\AppData\Local\Temp\ccSvJTCD.s 			page 192


 5363      BC82AE63 
 5363      B1B0D598 
 5363      38B9B3
 5364 096d 2B91CA3C 		.ascii	"+\221\312<B\364\026!o\352\021!\032^\365bA\035\001\222"
 5364      42F41621 
 5364      6FEA1121 
 5364      1A5EF562 
 5364      411D0192 
 5365 0981 D9E29792 		.ascii	"\331\342\227\222Ti\326<\351/\031P_E\243i\327\353\276"
 5365      5469D63C 
 5365      E92F1950 
 5365      5F45A369 
 5365      D7EBBE
 5366 0994 FC2FD6C1 		.ascii	"\374/\326\301\322m\211\363JC\023\011\223i6Fc\2252fu"
 5366      D26D89F3 
 5366      4A431309 
 5366      93693646 
 5366      63953266 
 5367 09a9 22B30F7C 		.ascii	"\"\263\017|\025X1x\200\356\332\013\034\257\302\230l"
 5367      15583178 
 5367      80EEDA0B 
 5367      1CAFC298 
 5367      6C
 5368 09ba 675A0D   		.ascii	"gZ\015"
 5369              		.text
 5370              		.section	.gnu.lto__usb_ep0in.3019.840c7bcd,"e",%progbits
 5371 0000 28B52FFD 		.ascii	"(\265/\375`\366\015eA\000:j\350\027B@\336N\007\253="
 5371      60F60D65 
 5371      41003A6A 
 5371      E8174240 
 5371      DE4E07AB 
 5372 0015 CD63518A 		.ascii	"\315cQ\212YF\333\216\304s\015j\225\252\010\261hL\212"
 5372      5946DB8E 
 5372      C4730D6A 
 5372      95AA08B1 
 5372      684C8A
 5373 0028 261027C0 		.ascii	"&\020'\300\344\010\222\2210T\232H\001\015\370\337\241"
 5373      E4089291 
 5373      30549A48 
 5373      010DF8DF 
 5373      A1
 5374 0039 920A2148 		.ascii	"\222\012!HP\376\365`X[\314Z\330\007\234\370U3\332dw"
 5374      50FEF560 
 5374      585BCC5A 
 5374      D8079CF8 
 5374      5533DA64 
 5375 004e 9332A564 		.ascii	"\2232\245d\001\\\001p\001r\362\206\337\375\311\037\364"
 5375      015C0170 
 5375      0172F286 
 5375      DFFDC91F 
 5375      F4
 5376 005f 9EE933C3 		.ascii	"\236\3513\303\267'\243N\217\314\230<1J0&U\271\275\367"
 5376      B727A34E 
 5376      8FCC983C 
 5376      314A3026 
 5376      55B9BDF7 
 5377 0073 960733FD 		.ascii	"\226\0073\375/\256\\\344\213z/.\224E\313\027Z\214\307"
ARM GAS  C:\Users\PUBLIC~1.LAP\AppData\Local\Temp\ccSvJTCD.s 			page 193


 5377      2FAE5CE4 
 5377      8B7A2F2E 
 5377      9445CB17 
 5377      5A8CC7
 5378 0086 73E51F96 		.ascii	"s\345\037\2264\351w\361\367lPk\311\337\311x:w\301\334"
 5378      34E977F1 
 5378      F76C506B 
 5378      C9DFC978 
 5378      3A77C1DC 
 5379 009a D69E8B0C 		.ascii	"\326\236\213\014\367-S\367\317\342\316\364\033\217\305"
 5379      F72D53F7 
 5379      CFE2CEF4 
 5379      1B8FC5
 5380 00a9 956CCCA4 		.ascii	"\225l\314\244\376\212+\347h\371\252\361v\256\314\202"
 5380      FE8A2BE7 
 5380      68F9AAF1 
 5380      76AECC82 
 5381 00b9 250D8DFA 		.ascii	"%\015\215\372u\376\236\225\261[\"g\365t\256c%d\276\353"
 5381      75FE9E95 
 5381      B15B2267 
 5381      F574AE63 
 5381      2564BEEB 
 5382 00cd 6FE5863B 		.ascii	"o\345\206;\363]\367\261\316\034\202\263\344>w\365{l"
 5382      F35DF7B1 
 5382      CE1C82B3 
 5382      E43E77F5 
 5382      7B6C
 5383 00df 3FA2E135 		.ascii	"?\242\3415\015qo:\010\357z\011\370]\367!\355R\316\356"
 5383      0D716F3A 
 5383      08EF7A09 
 5383      F85DF721 
 5383      ED52CEEE 
 5384 00f3 4917E297 		.ascii	"I\027\342\227\303r\275\367[\337\010\370\335\241\277"
 5384      C372BDF7 
 5384      5BDF08F8 
 5384      DDA1BF
 5385 0102 A5CFEEFF 		.ascii	"\245\317\356\377\366p\361W\321\341\313\275\345\344\302"
 5385      F670F157 
 5385      D1E1CBBD 
 5385      E5E4C2
 5386 0111 EC4D27C1 		.ascii	"\354M'\301/\300\3576_\300\373n\362\203\336w=v\327\012"
 5386      2FC0EF36 
 5386      5FC0FB6E 
 5386      F283DE77 
 5386      3D76D70A 
 5387 0125 71ED58BF 		.ascii	"q\355X\277l\311\331{;\365\221\217\237g\207\251\263\204"
 5387      6CC9D97B 
 5387      3BF5918F 
 5387      9F6787A9 
 5387      B384
 5388 0137 95AF9BD4 		.ascii	"\225\257\233\3249\366\317z\236\3445\362\311\016\332"
 5388      39F6CF7A 
 5388      9EE435F2 
 5388      C90EDA
 5389 0146 33D1A084 		.ascii	"3\321\240\204\015\311:J\246\007\326\305\255\245\321"
 5389      0DC93A4A 
 5389      A607D6C5 
ARM GAS  C:\Users\PUBLIC~1.LAP\AppData\Local\Temp\ccSvJTCD.s 			page 194


 5389      ADA5D1
 5390 0155 DAD8D9C3 		.ascii	"\332\330\331\303\311\2403\274\302\317\206\235%#`\337"
 5390      C9A033BC 
 5390      C2CF869D 
 5390      252360DF 
 5391 0165 084A9859 		.ascii	"\010J\230YV*\231\356\276\203\033\227\256\276\306\027"
 5391      562A99EE 
 5391      BE831B97 
 5391      AEBEC617 
 5392 0175 C1552E71 		.ascii	"\301U.qm,\355\335d\005.9h;[\257A\246\030WN\366\210u"
 5392      6D2CEDDD 
 5392      64052E39 
 5392      683B5BAF 
 5392      41A61857 
 5393 018d 259B7BEF 		.ascii	"%\233{\357\307~\356!\266\225u\227\226\020\0351\257w"
 5393      C77EEE21 
 5393      B6957597 
 5393      96101D31 
 5393      AF77
 5394 019f A7D04DC8 		.ascii	"\247\320M\310\257\205\245\271Y\311\264\367\366\314C"
 5394      AF85A5B9 
 5394      59C9B4F7 
 5394      F6CC43
 5395 01ae 6CECBDE7 		.ascii	"l\354\275\347\335_\351\376S\367\035\033\001\325\247"
 5395      DD5FE9FE 
 5395      53F71D1B 
 5395      01D5A7
 5396 01bd 00431E91 		.ascii	"\000C\036\2219+\276F0\334{g\210\261ysx\327\237\314\252"
 5396      392BBE46 
 5396      30DC7B67 
 5396      88B17973 
 5396      78D79FCC 
 5397 01d2 F7F6BEA3 		.ascii	"\367\366\276\243i\362g\376\001\333\302B\"\356\275'\244"
 5397      69F267FE 
 5397      01DBC242 
 5397      22EEBD27 
 5397      A4
 5398 01e3 50ABE6AD 		.ascii	"P\253\346\255\037m\365\022?G^`V~\364B\2673/\332\337"
 5398      1F6DF512 
 5398      3F475E60 
 5398      567EF442 
 5398      B7332FDA 
 5399 01f8 F11F5D4B 		.ascii	"\361\037]K\304h\026@\300\267x\345\37072\373\234l\265"
 5399      C4681640 
 5399      C0B778E5 
 5399      F83732FB 
 5399      9C6CB5
 5400 020b ED80D11F 		.ascii	"\355\200\321\037\216k\211\000u\024\375\337\270\026^"
 5400      8E6B8900 
 5400      7514FDDF 
 5400      B8165E
 5401 021a FEABED2B 		.ascii	"\376\253\355+\022'\210\256%\212\303\367~\213\267\215"
 5401      122788AE 
 5401      258AC3F7 
 5401      7E8BB78D 
 5402 022a BF1BD712 		.ascii	"\277\033\327\022-\362}\213\367\335_\343\356\332\242"
 5402      2DF27D8B 
ARM GAS  C:\Users\PUBLIC~1.LAP\AppData\Local\Temp\ccSvJTCD.s 			page 195


 5402      F7DD5FE3 
 5402      EEDAA2
 5403 0239 2B667B67 		.ascii	"+f{g\2755\363\330\016\252\266Y\236\343\356\036\376\360"
 5403      BD35F3D8 
 5403      0EAAB659 
 5403      9EE3EE1E 
 5403      FEF0
 5404 024b 03BCF756 		.ascii	"\003\274\367V\3627\204\012\001+\321\361\276\373\332"
 5404      F237840A 
 5404      012BD1F1 
 5404      BEFBDA
 5405 025a E770AE9A 		.ascii	"\347p\256\232!=G\230\034s\217\3757\333\306ew\336\272"
 5405      213D4798 
 5405      1C738FFD 
 5405      37DBC665 
 5405      77DEBA
 5406 026d D369656D 		.ascii	"\323iem\304\375uddd\242\353\"\356O\370nd {\323@\366"
 5406      C4FD7564 
 5406      6464A2EB 
 5406      22EE4FF8 
 5406      6E64207B 
 5407 0284 2203D989 		.ascii	"\"\003\331\211\012d\037*\220\035\201P\366\003?\367\376"
 5407      0A641F2A 
 5407      901D8150 
 5407      F6033FF7 
 5407      FE
 5408 0295 2394DDE7 		.ascii	"#\224\335\347\253\374\367\020\310\276\034\220\035\026"
 5408      ABFCF710 
 5408      C8BE1C90 
 5408      1D16
 5409 02a3 905D0994 		.ascii	"\220]\011\224\375\005\312\356\006\310\236\014\312\256"
 5409      FD05CAEE 
 5409      06C89E0C 
 5409      CAAE
 5410 02b1 81B26700 		.ascii	"\201\262g\000\331\237\001\200\307&]\322\374\241\232"
 5410      D99F0180 
 5410      C7265DD2 
 5410      FCA19A
 5411 02c0 BDC1221F 		.ascii	"\275\301\"\037w\240\233\327\344\011\377\347\374\323"
 5411      77A09BD7 
 5411      E409FFE7 
 5411      FCD3
 5412 02ce 3CA17FA1 		.ascii	"<\241\177\2413=~@hr\267U\275\261yz:\377A\024V\275\267"
 5412      333D7E40 
 5412      6872B755 
 5412      BDB1797A 
 5412      3AFF4114 
 5413 02e5 17CC3EE1 		.ascii	"\027\314>\341\2540\037\263+\032\003\353\322O~\301\247"
 5413      AC301FB3 
 5413      2B1A03EB 
 5413      D24F7EC1 
 5413      A7
 5414 02f6 CF3E415C 		.ascii	"\317>A\\\231\255A\324\202\323<\371\0072h[r\377@\177"
 5414      99AD41D4 
 5414      82D33CF9 
 5414      0732685B 
 5414      72FF407F 
ARM GAS  C:\Users\PUBLIC~1.LAP\AppData\Local\Temp\ccSvJTCD.s 			page 196


 5415 030a BFFF7B7A 		.ascii	"\277\377{z@h\263J\267\2046e+\220q_g\204g~y\027\244o"
 5415      4068B34A 
 5415      B7843665 
 5415      2B90715F 
 5415      6784677E 
 5416 0322 6C8C19AC 		.ascii	"l\214\031\254Pv\010\337\003\005f\313\034\027X\033\263"
 5416      507608DF 
 5416      030566CB 
 5416      1C17581B 
 5416      B3
 5417 0333 0AAC71F6 		.ascii	"\012\254q\366\024\325\210\225y\364!\345\315b6B\316c"
 5417      14D58895 
 5417      79F421E5 
 5417      CD623642 
 5417      CE63
 5418 0345 EF1F2379 		.ascii	"\357\037#y\375\261\336\036\355\036'\211\227\344\347"
 5418      FDB1DE1E 
 5418      ED1E2789 
 5418      97E4E7
 5419 0354 E14D2FBD 		.ascii	"\341M/\275\375\261\317\342\012\367\245Xd%\302\366\207"
 5419      FDB1CFE2 
 5419      0AF7A558 
 5419      6425C2F6 
 5419      87
 5420 0365 46C6A8B8 		.ascii	"F\306\250\270\311\334}\0317\201\273\262_\203w3\031\177"
 5420      C9DC7D19 
 5420      3781BBB2 
 5420      5F837733 
 5420      197F
 5421 0377 F7045939 		.ascii	"\367\004Y9\322_\357\227w\327,\231\377\264\2737#R\336"
 5421      D25FEF97 
 5421      77D72C99 
 5421      FFB4BB37 
 5421      2352DE
 5422 038a 3C199326 		.ascii	"<\031\223&\010\030'\357\277\214\210\"\032\333\377\015"
 5422      081827EF 
 5422      BF8C8822 
 5422      1ADBFF0D 
 5423 039a 11F35F66 		.ascii	"\021\363_f-#c\024*<\023\346\201\002\013\313\370\220"
 5423      2D236314 
 5423      2A3C13E6 
 5423      81020BCB 
 5423      F890
 5424 03ac F226C336 		.ascii	"\362&\3036Q\207\011\334\024\367\257\336W+\2550\306\331"
 5424      518709DC 
 5424      14F7AFDE 
 5424      572BAD30 
 5424      C6D9
 5425 03be 1DBA3AEB 		.ascii	"\035\272:\3537/\251]\375O\262X\354\006\357\275\245\344"
 5425      372FA95D 
 5425      FD4FB258 
 5425      EC06EFBD 
 5425      A5E4
 5426 03d0 390C472C 		.ascii	"9\014G,E\205f\200$B\376\241B\201{L%\373\210\341\210"
 5426      45856680 
 5426      2442FEA1 
 5426      42817B4C 
ARM GAS  C:\Users\PUBLIC~1.LAP\AppData\Local\Temp\ccSvJTCD.s 			page 197


 5426      25FB88E1 
 5427 03e5 DAB4FE31 		.ascii	"\332\264\3761\353^c^5C~\2053\274\302\2446\362\243\263"
 5427      EB5E635E 
 5427      35437E85 
 5427      33BCC2A4 
 5427      36F2A3B3 
 5428 03f9 86B243B3 		.ascii	"\206\262C\263\225\033\343r\217\253\254}\220\314\035"
 5428      951BE372 
 5428      8FABAC7D 
 5428      90CC1D
 5429 0408 6DFD7EF4 		.ascii	"m\375~\364\317}\263\372\363\217} \276\255^ O\242\221"
 5429      CF7DB3FA 
 5429      F38F7D20 
 5429      BEAD5E20 
 5429      4FA291
 5430 041b 7EC26F36 		.ascii	"~\302o6\265Q\221&\322M\375^d>\272H\377\220&\322\027"
 5430      B5519126 
 5430      D24DFD5E 
 5430      643EBA48 
 5430      FF9026D2 
 5431 0430 E0F7332F 		.ascii	"\340\3673/\002=\2443c\327\243V\206\364\003\032\201~"
 5431      023DA433 
 5431      63D7A356 
 5431      86F4031A 
 5431      817E
 5432 0442 2F5E909E 		.ascii	"/^\220\236w8\036\340\001\314n5.\240p\327\023\276\217"
 5432      77381EE0 
 5432      01CC6E35 
 5432      2EA070D7 
 5432      13BE8F
 5433 0455 5A357341 		.ascii	"Z5sA\305W\177%\276\375\347\373\256\217\316~=\204\274"
 5433      C5577F25 
 5433      BEFDE7FB 
 5433      AE8FCE7E 
 5433      3D84BC
 5434 0468 9AA4877C 		.ascii	"\232\244\207|\226x\301_\241VE\223-|\021f\262\203\277"
 5434      9678C15F 
 5434      A1564593 
 5434      2D7C1166 
 5434      B283BF
 5435 047b 64DB13DC 		.ascii	"d\333\023\334s\376\005\277Y\245\313\001.mF]QIM\243\246"
 5435      73FE05BF 
 5435      59A5CB01 
 5435      2E6D465D 
 5435      51494DA3 
 5436 0490 4A97365F 		.ascii	"J\2276_H\251SP\330\243HPh\214'UJ\235\206pFQI59\235B"
 5436      48A95350 
 5436      D8A34850 
 5436      688C2755 
 5436      4A9D8670 
 5437 04ab 38896872 		.ascii	"8\211hrV\341\210\0321\3657\242\331\243HQTR\320(\324"
 5437      56E1881A 
 5437      31F537A2 
 5437      D9A34851 
 5437      5452D028 
 5438 04c0 29428292 		.ascii	")B\202\222\015\021&88\251UTRSN\032R\323\251\024t\203"
 5438      0D112638 
ARM GAS  C:\Users\PUBLIC~1.LAP\AppData\Local\Temp\ccSvJTCD.s 			page 198


 5438      38A95554 
 5438      52534E1A 
 5438      52D3A914 
 5439 04d6 4791A857 		.ascii	"G\221\250W\324(\324\031\365\302j\006\224\206\324YEU"
 5439      D428D419 
 5439      F5C26A06 
 5439      9486D459 
 5439      4555
 5440 04e8 C1A34852 		.ascii	"\301\243HR\032\022\252\250\2343\236\250R\030p<M\365"
 5440      1A12AAA8 
 5440      9C339EA8 
 5440      5218703C 
 5440      4DF5
 5441 04fa 5454F6A7 		.ascii	"TT\366\247\0110\224,$A\301@\012\232\202\242Z%\035\212"
 5441      0930942C 
 5441      2441C140 
 5441      0A9A82A2 
 5441      5A251D8A 
 5442 050e 0445B57A 		.ascii	"\004E\265zB\251\250\316\031OQ'U\312\351DB\012%\2156"
 5442      42A9A8CE 
 5442      194F5127 
 5442      55CAE944 
 5442      420A258D 
 5443 0523 B1504AA2 		.ascii	"\261PJ\24205\215\252bq\025\265\222\316x>M\230\300b\251"
 5443      30358DAA 
 5443      627115B5 
 5443      92CE783E 
 5443      4D98C062 
 5444 0538 43125DF5 		.ascii	"C\022]\365\223[\027a\252\352\252?\366a\3101\355;SVr"
 5444      935B1761 
 5444      AAEAAA3F 
 5444      F661C831 
 5444      ED3B5356 
 5445 054d EFBD7922 		.ascii	"\357\275y\"\337(s\374\326v\336\352\035\015\371\375\330"
 5445      DF2873FC 
 5445      D676DEEA 
 5445      1D0DF9FD 
 5445      D8
 5446 055e 6BA913EC 		.ascii	"k\251\023\354\274}\346\327\273\324M=\262\223\330G\023"
 5446      BC7DE6D7 
 5446      BBD44D3D 
 5446      B293D847 
 5446      13
 5447 056f 1A3198D3 		.ascii	"\0321\230\323\373\356R/\305\362\022'X/\261\266@\344"
 5447      FBEE522F 
 5447      C5F21227 
 5447      582FB1B6 
 5447      40E4
 5448 0581 5CC8B9EC 		.ascii	"\\\310\271\354\203\304g\\z;\026\234l\037\033W\347\310"
 5448      83C4675C 
 5448      7A3B169C 
 5448      6C1F1B57 
 5448      E7C8
 5449 0593 518CB761 		.ascii	"Q\214\267a\227I\271G\273R{sKo\317\340\030\347Z\366\270"
 5449      9749B947 
 5449      BB527B73 
 5449      4B6FCFE0 
ARM GAS  C:\Users\PUBLIC~1.LAP\AppData\Local\Temp\ccSvJTCD.s 			page 199


 5449      18E75AF6 
 5450 05a8 C2E098C8 		.ascii	"\302\340\230\310\253\324Pv\332\255\334\230\226\331b"
 5450      ABD45076 
 5450      DAADDC98 
 5450      96D962
 5451 05b7 224ADD73 		.ascii	"\"J\335s8\007\227\215\363};\020\225`\276x\301\353\362"
 5451      3807978D 
 5451      F37D3B10 
 5451      9560BE78 
 5451      C1EBF2
 5452 05ca 77FF665C 		.ascii	"w\377f\\\260\2048\237o.\373\"1\333\211+^]\026,W\354"
 5452      B084389F 
 5452      6F2EFB22 
 5452      31DB892B 
 5452      5E5D162C 
 5453 05e0 EAAC1C39 		.ascii	"\352\254\0349\006\011`\335\031p\344\010$\273\370\237"
 5453      060960DD 
 5453      1970E408 
 5453      24BBF89F 
 5454 05f0 1FBF8E4A 		.ascii	"\037\277\216J\343\340\233a\333\250\363\037^w\017y\010"
 5454      E3E09B61 
 5454      DBA8F31F 
 5454      5E770F79 
 5454      08
 5455 0601 8F2181B6 		.ascii	"\217!\201\266\305j\016\201\031\250a@\306\024C4$\"\222"
 5455      C56A0E81 
 5455      19A86140 
 5455      C6144334 
 5455      242292
 5456 0614 2449A131 		.ascii	"$I\2411a\005\304(&\235\274\015\022\000\324\211\226\204"
 5456      6105C428 
 5456      269DBC0D 
 5456      1200D489 
 5456      9684
 5457 0626 8C940845 		.ascii	"\214\224\010E#-(#\225J\007\023\212\222\260+4\360\350"
 5457      232D2823 
 5457      954A0713 
 5457      8A92B02B 
 5457      34F0E8
 5458 0639 90D6EF3E 		.ascii	"\220\326\357>\315\267b\375\312L\255\270i<'\326\252\244"
 5458      CDB762FD 
 5458      CA4CADB8 
 5458      693C27D6 
 5458      AAA4
 5459 064b E25F05E2 		.ascii	"\342_\005\342\261\202\2740\335/)\235JI\006L\300\372"
 5459      B182BC30 
 5459      DD2F299D 
 5459      4A49064C 
 5459      C0FA
 5460 065d 31E10F55 		.ascii	"1\341\017U\371-B\216\210X\240qR\355Q\372\236\207\363"
 5460      F92D428E 
 5460      8858A071 
 5460      52ED51FA 
 5460      9E87F3
 5461 0670 FF404FF8 		.ascii	"\377@O\370\336\374-\340\345q\353\276\360J\235\032\235"
 5461      DEFC2DE0 
 5461      E571EBBE 
ARM GAS  C:\Users\PUBLIC~1.LAP\AppData\Local\Temp\ccSvJTCD.s 			page 200


 5461      F04A9D1A 
 5461      9D
 5462 0681 86189BB1 		.ascii	"\206\030\233\2613\276\303\007f\303x\240\031\000\\\250"
 5462      33BEC307 
 5462      66C378A0 
 5462      19005CA8 
 5463 0691 77EA86F7 		.ascii	"w\352\206\367\212\353}\36233v.b58\371\205R\265qq\252"
 5463      8AEB7DF2 
 5463      3333762E 
 5463      623538F9 
 5463      8552B571 
 5464 06a7 8E1D0897 		.ascii	"\216\035\010\227\353-\304=\276\225\277'=\365N4\030A"
 5464      EB2DC43D 
 5464      BE95BF27 
 5464      3DF54E34 
 5464      1841
 5465 06b9 CD993492 		.ascii	"\315\2314\222\014\250\242{\340\027_e\337\243\013->\367"
 5465      0CA8A27B 
 5465      E0175F65 
 5465      DFA30B2D 
 5465      3EF7
 5466 06cb A0C4B240 		.ascii	"\240\304\262@\023U\301\013\337\320^M\2636\006\221\264"
 5466      1355C10B 
 5466      DFD05E4D 
 5466      B3360691 
 5466      B4
 5467 06dc F3BECC53 		.ascii	"\363\276\314S\3630\235\337E`\014\011\366\303(\0172*"
 5467      F3309DDF 
 5467      45600C09 
 5467      F6C3280F 
 5467      322A
 5468 06ee E61A6089 		.ascii	"\346\032`\211Z\035N\221'\237\240\307\371;\312!c\376"
 5468      5A1D4E91 
 5468      279FA0C7 
 5468      F93BCA21 
 5468      63FE
 5469 0700 71F00D3C 		.ascii	"q\360\015<\234u\376\242\225&\376\243y\323\211?\234\263"
 5469      9C75FEA2 
 5469      9526FEA3 
 5469      79D3893F 
 5469      9CB3
 5470 0712 4C633124 		.ascii	"Lc1$.\027\231\344\005a\276l\361qa\224\356\215jnt\300"
 5470      2E1799E4 
 5470      0561BE6C 
 5470      F1716194 
 5470      EE8D6A6E 
 5471 0728 E8163451 		.ascii	"\350\0264QC\345\334P\270\312\344T\036\254\307_\241\031"
 5471      43E5DC50 
 5471      B8CAE454 
 5471      1EACC75F 
 5471      A119
 5472 073a 15417B2E 		.ascii	"\025A{.\345\301\204K{n\007\237\254\301\004P\276%\037"
 5472      E5C1844B 
 5472      7B6E079F 
 5472      ACC10450 
 5472      BE251F
 5473 074d 1A535F77 		.ascii	"\032S_w\225\272\270\025\006Tj\032\345\241\313\224\370"
ARM GAS  C:\Users\PUBLIC~1.LAP\AppData\Local\Temp\ccSvJTCD.s 			page 201


 5473      95BAB815 
 5473      06546A1A 
 5473      E5A1CB94 
 5473      F8
 5474 075e DA9E6413 		.ascii	"\332\236d\023\314\313\353\346\232\244.p\227\351\226"
 5474      CCCBEBE6 
 5474      9AA42E70 
 5474      97E996
 5475 076d 04BD696E 		.ascii	"\004\275in\006 \022\202H9&\341\210\275\306Uy\313\233"
 5475      06201282 
 5475      483926E1 
 5475      88BDC655 
 5475      79CB9B
 5476 0780 C050C7C4 		.ascii	"\300P\307\304j#\261\243k\203\013<V+\216\362W\342\322"
 5476      6A23B1A3 
 5476      6B830B3C 
 5476      562B8EF2 
 5476      57E2D2
 5477 0793 1A710FF6 		.ascii	"\032q\017\366Rq\030:\2068\201\203A{\231G\260PS\210\342"
 5477      5271183A 
 5477      86388183 
 5477      417B9947 
 5477      B0505388 
 5478 07a8 C973BA89 		.ascii	"\311s\272\211\2162uI\244\255\036\367\236\376v\257\012"
 5478      8E327549 
 5478      A4AD1EF7 
 5478      9EFE76AF 
 5478      0A
 5479 07b9 F94739A6 		.ascii	"\371G9\246I\203\2304\213\034b\027h\357\003\204\237\253"
 5479      49839834 
 5479      8B1C6217 
 5479      68EF0384 
 5479      9FAB
 5480 07cb 62D14582 		.ascii	"b\321E\202n"
 5480      6E
 5481 07d0 F20C4B16 		.ascii	"\362\014K\026\352\265\250/\263XA\261M\206\330\346\262"
 5481      EAB5A82F 
 5481      B35841B1 
 5481      4D86D8E6 
 5481      B2
 5482 07e1 538BC90F 		.ascii	"S\213\311\017]\255}\306\321\234ojO}\324\362\323f\013"
 5482      5DAD7DC6 
 5482      D19C6F6A 
 5482      4F7DD4F2 
 5482      D3660B
 5483 07f4 68FC94E6 		.ascii	"h\374\224\346\271{\342Wg\3379\322\223\207\010\323\010"
 5483      B97BE257 
 5483      67DF39D2 
 5483      938708D3 
 5483      08
 5484 0805 7634E4F4 		.ascii	"v4\344\364z\210\206T\275\370T\311\375\3253Ow\253\347"
 5484      7A888654 
 5484      BDF854C9 
 5484      FDD5334F 
 5484      77ABE7
 5485 0818 01ACA4CF 		.ascii	"\001\254\244\317\207\031Z\3348T\245\306W\212!\224\247"
 5485      87195ADC 
ARM GAS  C:\Users\PUBLIC~1.LAP\AppData\Local\Temp\ccSvJTCD.s 			page 202


 5485      3854A5C6 
 5485      578A2194 
 5485      A7
 5486 0829 D47C3F09 		.ascii	"\324|?\011x\325hJ\277X\251S\003"
 5486      78D5684A 
 5486      BF58A953 
 5486      03
 5487              		.text
 5488              		.section	.gnu.lto__usb_ep0out.3020.840c7bcd,"e",%progbits
 5489 0000 28B52FFD 		.ascii	"(\265/\375`n\010\345+\000\332F \020AP\346Jc\337\241"
 5489      606E08E5 
 5489      2B00DA46 
 5489      20104150 
 5489      E64A63DF 
 5490 0015 0B6D5DED 		.ascii	"\013m]\355\253z\345\267\253\3774TD\272S\357\375%\037"
 5490      AB7AE5B7 
 5490      ABFF3454 
 5490      44BA53EF 
 5490      FD251F
 5491 0028 88D71D43 		.ascii	"\210\327\035C\222\345K\003H]\0142P\031\003\352`B\014"
 5491      92E54B03 
 5491      485D0C32 
 5491      501903EA 
 5491      60420C
 5492 003b 942800F0 		.ascii	"\224(\000\360\036\324\250\332R\200%ZL\006!{o\262eJ\001"
 5492      1ED4A8DA 
 5492      5280255A 
 5492      4C06217B 
 5492      6FB2654A 
 5493 0050 E500E500 		.ascii	"\345\000\345\000\366\000\366\277d=\316j\2361\032\367"
 5493      F600F6BF 
 5493      643DCE6A 
 5493      9E311AF7 
 5494 0060 6275506E 		.ascii	"buPn\260\371.V\347\344\310\314\260\016\347\224lM\334"
 5494      B0F92E56 
 5494      E7E4C8CC 
 5494      B00EE794 
 5494      6C4DDC
 5495 0073 13361B77 		.ascii	"\0236\033w\263\020\032\033\343Q\377-\3136\036\265F["
 5495      B3101A1B 
 5495      E351FF2D 
 5495      CB361EB5 
 5495      465B
 5496 0085 81130FD6 		.ascii	"\201\023\017\326\332J\033\326\263\345\360y\357\032\234"
 5496      DA4A1BD6 
 5496      B3E5F079 
 5496      EF1A9C
 5497 0094 12C4A30A 		.ascii	"\022\304\243\012\314<\334\332_\273\226\365[t\270x/["
 5497      CC3CDCDA 
 5497      5FBB96F5 
 5497      5B74B878 
 5497      2F5B
 5498 00a6 9B997BE1 		.ascii	"\233\231{\341,x\003\361(\322\015\244G\207/J\217z\265"
 5498      2C7803F1 
 5498      28D20DA4 
 5498      47872F4A 
 5498      8F7AB5
ARM GAS  C:\Users\PUBLIC~1.LAP\AppData\Local\Temp\ccSvJTCD.s 			page 203


 5499 00b9 FB8CBA86 		.ascii	"\373\214\272\206\320\312|\021t\357=\236L\276\336(T$"
 5499      D0CA7C11 
 5499      74EF3D9E 
 5499      4CBEDE28 
 5499      5424
 5500 00cb AA293A3C 		.ascii	"\252):<\355\352k\3358|\013\244\"\264 \015\314\310\213"
 5500      EDEA6BDD 
 5500      387C0BA4 
 5500      22B4200D 
 5500      CCC88B
 5501 00de CFF332F2 		.ascii	"\317\3632\362*^d\226\2502Q@\323\303\005\250\212=\035"
 5501      2A5E6496 
 5501      A8325140 
 5501      D3C305A8 
 5501      8A3D1D
 5502 00f1 1691D5ED 		.ascii	"\026\221\325\355\021}\371\030V\330\263b\304\370\325"
 5502      117DF918 
 5502      56D8B362 
 5502      C4F8D5
 5503 0100 C3A2445F 		.ascii	"\303\242D_]C\244\266/\250\342Uf\207*S\230\017\255\210"
 5503      5D43A4B6 
 5503      2FA8E255 
 5503      66872A53 
 5503      980FAD88 
 5504 0114 E961A725 		.ascii	"\351a\247%\015\254\354'\327\230\320\027\217T\300\275"
 5504      0DACEC27 
 5504      D798D017 
 5504      8F54C0BD 
 5505 0124 F7695E65 		.ascii	"\367i^eC\2532\335{m\203|\201\335C\267\335\306\376\013"
 5505      43AB32DD 
 5505      7B6D837C 
 5505      81DD43B7 
 5505      DDC6FE0B 
 5506 0138 5B851042 		.ascii	"[\205\020B\324\376$\020\3161^E\2327t\347\200\023?\022"
 5506      D4FE2410 
 5506      CE315E45 
 5506      9A3774E7 
 5506      80133F12 
 5507 014c 08E1DC1D 		.ascii	"\010\341\334\035I\313\012\376\234\343\343\031\2002%"
 5507      49CB0AFE 
 5507      9CE3E319 
 5507      803225
 5508 015b 8E2FC77D 		.ascii	"\216/\307}\304\002?\222\373\3466\345\"\271\023\356\346"
 5508      C4023F92 
 5508      FBE636E5 
 5508      22B913EE 
 5508      E6
 5509 016c 6FDC77B4 		.ascii	"o\334w\264g\254hd\343\276\243?c\351\223i\032_\215\373"
 5509      67AC6864 
 5509      E3BEA33F 
 5509      63E99369 
 5509      1A5F8DFB 
 5510 0180 8EF43C99 		.ascii	"\216\364<\231\036\265og\273\357h\260\315\275Z?\263A"
 5510      1EB56F67 
 5510      BBEF68B0 
 5510      CDBD5A3F 
 5510      B341
ARM GAS  C:\Users\PUBLIC~1.LAP\AppData\Local\Temp\ccSvJTCD.s 			page 204


 5511 0192 EE041589 		.ascii	"\356\004\025\211\017;h\033\352fT\020\357\275K~\031\030"
 5511      0F3B681B 
 5511      EA665410 
 5511      EFBD4B7E 
 5511      1918
 5512 01a4 2B885174 		.ascii	"+\210Qt\244G\177\006\340s\333\262\204\336\221\346m\377"
 5512      A4477F06 
 5512      E073DBB2 
 5512      84DE91E6 
 5512      6DFF
 5513 01b6 18219ABC 		.ascii	"\030!\232\274k\003m8\036\366\\b\177xO%\366\267\374C"
 5513      6B036D38 
 5513      1EF65C62 
 5513      7F784F25 
 5513      F6B7FC43 
 5514 01ca 45D62A01 		.ascii	"E\326*\001\353t\2005*\300z\030\300\372$\262\266\000"
 5514      EB748035 
 5514      2AC07A18 
 5514      C0FA24B2 
 5514      B600
 5515 01dc AC8FA041 		.ascii	"\254\217\240Aa 1:\200\037\232\300\335!\205\202\027\017"
 5515      6120313A 
 5515      801F9AC0 
 5515      DD218582 
 5515      170F
 5516 01ee B59362FB 		.ascii	"\265\223b\373\376\334\3110_g\325O\233\030\037c\2439"
 5516      FEDCC930 
 5516      5F67D54F 
 5516      9B181F63 
 5516      A339
 5517 0200 B941B3E5 		.ascii	"\271A\263\345\351\254\336\311\221\311\270\030\247du"
 5517      E9ACDEC9 
 5517      91C9B818 
 5517      A76475
 5518 020f 783C7918 		.ascii	"x<y\030\252\273\031\035\262'\215\015\014\225=\307\014"
 5518      AABB191D 
 5518      B2278D0D 
 5518      0C953DC7 
 5518      0C
 5519 0220 BF154489 		.ascii	"\277\025D\211\022\012\261\030\320\212\012\301\016\235"
 5519      120AB118 
 5519      D08A0AC1 
 5519      0E9D
 5520 022e 464F2371 		.ascii	"FO#q\235\327\035\012\321\322\257YR\024\313\001\255Y"
 5520      9DD71D0A 
 5520      D1D2AF59 
 5520      5214CB01 
 5520      AD59
 5521 0240 D09388CF 		.ascii	"\320\223\210\317\355\210\341\356\275(\337\207\247T\\"
 5521      ED88E1EE 
 5521      BD28DF87 
 5521      A7545C
 5522 024f 1F9705D4 		.ascii	"\037\227\005\324r?N\1777V.Qk\333\373\254o\304{\271\226"
 5522      723F4E7F 
 5522      37562E51 
 5522      6BDBFBAC 
 5522      6FC47BB9 
ARM GAS  C:\Users\PUBLIC~1.LAP\AppData\Local\Temp\ccSvJTCD.s 			page 205


 5523 0264 7C3E3842 		.ascii	"|>8B \323\243\347Y\254\360=\310\016v\323\365\2148j\317"
 5523      20D3A3E7 
 5523      59ACF03D 
 5523      C80E76D3 
 5523      F58C386A 
 5524 0279 213EBBC2 		.ascii	"!>\273\302\"yp\356\366\203\317\360\\\202'\016\231\027"
 5524      227970EE 
 5524      F683CFF0 
 5524      5C82270E 
 5524      9917
 5525 028b E9C4EAC0 		.ascii	"\351\304\352\300\320\214y3\312+\243;\001\274\274\260"
 5525      D08C7933 
 5525      CA2BA33B 
 5525      01BCBCB0 
 5526 029b 410FCE00 		.ascii	"A\017\316\000\363\034\234\005\022\343GD\357/\314?f\347"
 5526      F31C9C05 
 5526      12E34744 
 5526      EF2FCC3F 
 5526      66E7
 5527 02ad 0B8CA010 		.ascii	"\013\214\240\020\265\277\035~\011\254\357\224\372$R"
 5527      B5BF1D7E 
 5527      09ACEF94 
 5527      FA2452
 5528 02bc 3F473A74 		.ascii	"?G:t\332O&\354\203\030\311\307yS\274\255\001\361;:C"
 5528      DA4F26EC 
 5528      8318C9C7 
 5528      7953BCAD 
 5528      01F13B3A 
 5529 02d1 53BB3323 		.ascii	"S\2733#\242\347w=\333\305\023\304\0366M\204\243v\214"
 5529      A2E7773D 
 5529      DBC513C4 
 5529      1E364D84 
 5529      A3768C
 5530 02e4 6F33D0B2 		.ascii	"o3\320\262\205\376\227\027\351\332\362\342\376#tkh}"
 5530      85FE9717 
 5530      E9DAF2E2 
 5530      FE23746B 
 5530      687D
 5531 02f6 FEA87839 		.ascii	"\376\250x9BgN\240.\177\030\232\237\330\237\2772\270"
 5531      42674EA0 
 5531      2E7F189A 
 5531      9FD89FBF 
 5531      32B8
 5532 0308 3FEC2C8C 		.ascii	"?\354,\214\210\336\237\321\036\001\274\2755\001^\"%"
 5532      88DE9FD1 
 5532      1E01BCBD 
 5532      35015E22 
 5532      25
 5533 0319 B3AC9854 		.ascii	"\263\254\230TI*\325K\244\027\313f\025\222he\022\022"
 5533      492AD54B 
 5533      A417CB66 
 5533      15926865 
 5533      1212
 5534 032b 19C34573 		.ascii	"\031\303Es\331\244r:&\255\230MG('\250\247\246\343\325"
 5534      D9A4723A 
 5534      26AD984D 
 5534      472827A8 
ARM GAS  C:\Users\PUBLIC~1.LAP\AppData\Local\Temp\ccSvJTCD.s 			page 206


 5534      A7A6E3D5 
 5535 033f 8D64092B 		.ascii	"\215d\011+\223\222VL\244\022y|\262\260T\343\011E\210"
 5535      9392564C 
 5535      A412797C 
 5535      B2B054E3 
 5535      094588
 5536 0352 63F3CA8A 		.ascii	"c\363\312\212Yu\234\301\244\242b\"AX\231\324\314j*\221"
 5536      59759CC1 
 5536      A4A26222 
 5536      415899D4 
 5536      CC6A2A91 
 5537 0366 C7E40BAC 		.ascii	"\307\344\013\254)\344\214\345\361\312*\203\225I\313"
 5537      29E48CE5 
 5537      F1CA2A83 
 5537      9549CB
 5538 0375 1916AEAC 		.ascii	"\031\026\256\254\216SQM&\207\252\244u\324\005\030K\032"
 5538      8E53514D 
 5538      2687AAA4 
 5538      75D40518 
 5538      4B1A
 5539 0387 94A46024 		.ascii	"\224\244`$\025UI5\261\206F&I5\261\\ \255\232\307\251"
 5539      15554935 
 5539      B1864626 
 5539      4935B15C 
 5539      20AD9AC7 
 5540 039c 28E5B1C9 		.ascii	"(\345\261\311<B\231XJ-\225M-\226\2240TQ%\257Zd)\261"
 5540      3C429958 
 5540      4A2D954D 
 5540      2D969430 
 5540      545125AF 
 5541 03b4 96532EA2 		.ascii	"\226S.\242.\\h\341A\204\022\334\326\207\367T\302\264"
 5541      2E5C68E1 
 5541      418412DC 
 5541      D687F754 
 5541      C2B4
 5542 03c6 756E110B 		.ascii	"un\021\013\005\235\271\231\264\206\306?\251\355\372"
 5542      059DB999 
 5542      B486C63F 
 5542      A9EDFA
 5543 03d5 9393766D 		.ascii	"\223\223vm\340)\204\301\246_\321\324\223\301\265\201"
 5543      E02984C1 
 5543      A65FD1D4 
 5543      93C1B581 
 5544 03e5 7753B777 		.ascii	"wS\267w\245x.\361\232$U\317&%VkU\263\327jm\302\"=\252"
 5544      A5782EF1 
 5544      9A2455CF 
 5544      2625566B 
 5544      55B3D76A 
 5545 03fe 3E39218B 		.ascii	">9!\213t\345\003\345n\202\275\235\257RV*]\347\365\032"
 5545      74E503E5 
 5545      6E82BD9D 
 5545      AF52562A 
 5545      5DE7F51A 
 5546 0412 67358326 		.ascii	"g5\203&\200\262\250Q8\306\234ShH$HR\220$\215\001\200"
 5546      80B2A851 
 5546      38C69C53 
 5546      68482448 
ARM GAS  C:\Users\PUBLIC~1.LAP\AppData\Local\Temp\ccSvJTCD.s 			page 207


 5546      5290248D 
 5547 0428 02192A5B 		.ascii	"\002\031*[=\022\300\324U\352\244\033!)\243\244Ne\031"
 5547      3D12C0D4 
 5547      55EAA41B 
 5547      2129A3A4 
 5547      4E6519
 5548 043b 039355DA 		.ascii	"\003\223U\332\210\007\234\352&\270E\2719l\347\364\201"
 5548      88079CEA 
 5548      26B845B9 
 5548      396CE7F4 
 5548      81
 5549 044c 8D4A5469 		.ascii	"\215JTi\332\023CU\214k+\015O\254\270\364\260`\270\273"
 5549      DA134355 
 5549      8C6B2B0D 
 5549      4FACB8F4 
 5549      B060B8BB 
 5550 0460 2B579050 		.ascii	"+W\220P\201\356<>X\031w\324\033IP3\345\230v\027Z$%\326"
 5550      81EE3C3E 
 5550      581977D4 
 5550      1B495033 
 5550      E5987617 
 5551 0478 A1F502D7 		.ascii	"\241\365\002\327\221A7~\373iv\027\006jMDXBL0;/gf&\215"
 5551      9141377E 
 5551      FB697617 
 5551      066A4D44 
 5551      58424C30 
 5552 0492 43C4D496 		.ascii	"C\304\324\226\266H\216p!0HdN[\213|k\030\330\226\306"
 5552      B6488E70 
 5552      21304864 
 5552      4E5B8B7C 
 5552      6B18D896 
 5553 04a7 CA2D2CE7 		.ascii	"\312-,\347Om\027\2356$K\"\241\022.8.\023\015\254-\312"
 5553      4F6D179D 
 5553      36244B22 
 5553      A1122E38 
 5553      2E130DAC 
 5554 04bd B8BE4646 		.ascii	"\270\276FF\003\351\345\321<'\370\312\261\013\306N\215"
 5554      03E9E5D1 
 5554      3C27F8CA 
 5554      B10BC64E 
 5554      8D
 5555 04ce FD495AD1 		.ascii	"\375IZ\321m\356\366\374\323\213\017Y\263\235o\237iV"
 5555      6DEEF6FC 
 5555      D38B0F59 
 5555      B39D6F9F 
 5555      6956
 5556 04e0 3352A6E7 		.ascii	"3R\246\347\326 \021j@\244a\011n\364\214\013\306p\267"
 5556      D620116A 
 5556      40A46109 
 5556      6EF48C0B 
 5556      C670B7
 5557 04f3 5B07F5E6 		.ascii	"[\007\365\346\017\305\353\373\352AN\266\361\246$m\340"
 5557      0FC5EBFB 
 5557      EA414EB6 
 5557      F1A6246D 
 5557      E0
 5558 0504 0A0E3F16 		.ascii	"\012\016?\026\032(\326/\250\231 \271\244\243\245\015"
ARM GAS  C:\Users\PUBLIC~1.LAP\AppData\Local\Temp\ccSvJTCD.s 			page 208


 5558      1A28D62F 
 5558      A89920B9 
 5558      A4A3A50D 
 5559 0514 4BC63807 		.ascii	"K\3068\007\343\362\246\315\271\277\364{h\020H\001\253"
 5559      E3F2A6CD 
 5559      B9BFF47B 
 5559      68104801 
 5559      AB
 5560 0525 22F0007C 		.ascii	"\"\360\000|^\270Zm\0107\271\244Z\304\213\023\307\346"
 5560      5EB85A6D 
 5560      0837B9A4 
 5560      5AC48B13 
 5560      C7E6
 5561 0537 5BC4EEB4 		.ascii	"[\304\356\264\\\335\022\327\270?\252\033\327\203$,\333"
 5561      5CDD12D7 
 5561      B83FAA1B 
 5561      D783242C 
 5561      DB
 5562 0548 994708E2 		.ascii	"\231G\010\342\305\254\011\355Y\261l\255\021\027d\346"
 5562      C5AC09ED 
 5562      59B16CAD 
 5562      111764E6 
 5563 0558 42840CEA 		.ascii	"B\204\014\352\261AD\027\242\234\366N\027\363/\326\252"
 5563      B1414417 
 5563      A29CF64E 
 5563      17F32FD6 
 5563      AA
 5564 0569 E85F2A33 		.ascii	"\350_*3\205\356\360\326\034\320\254;\240\360\263\356"
 5564      85EEF0D6 
 5564      1CD0AC3B 
 5564      A0F0B3EE 
 5565 0579 BC1D3BDA 		.ascii	"\274\035;\332\310\225\205\240v\300\324X\015"
 5565      C89585A0 
 5565      76C0D458 
 5565      0D
 5566              		.text
 5567              		.section	.gnu.lto__usb_suspend.part.0.3076.840c7bcd,"e",%progbits
 5568 0000 28B52FFD 		.ascii	"(\265/\375`t\011-1\000\032Qp\022EP\234R\007K\236]\223"
 5568      6074092D 
 5568      31001A51 
 5568      70124550 
 5568      9C52074B 
 5569 0017 C006B997 		.ascii	"\300\006\271\227\321UW~Zc\177h<UG\316\211<\3637\035"
 5569      D155577E 
 5569      5A637F68 
 5569      3C5547CE 
 5569      893CF337 
 5570 002c C418476C 		.ascii	"\304\030Gl\247\030\260\246c\333\341P\276\023h\200\224"
 5570      A718B0A6 
 5570      63DBE150 
 5570      BE136880 
 5570      94
 5571 003d 5C41F3F9 		.ascii	"\\A\363\371\344\300p\322\247/VFHa`\326f\233\354\275"
 5571      E4C070D2 
 5571      A72F5646 
 5571      486160D6 
 5571      669BECBD 
ARM GAS  C:\Users\PUBLIC~1.LAP\AppData\Local\Temp\ccSvJTCD.s 			page 209


 5572 0051 A54C2906 		.ascii	"\245L)\006\001\015\001\032\001o\365'k\320\204t\1772"
 5572      010D011A 
 5572      016FF527 
 5572      6BD08474 
 5572      7F32
 5573 0063 2F9EFD3D 		.ascii	"/\236\375=\265\237oIUno\3571\013\377\372\212\270\213"
 5573      B59F6F49 
 5573      556E6FEF 
 5573      310BFFFA 
 5573      8AB88B
 5574 0076 0EFFB125 		.ascii	"\016\377\261%\327\337\312\344^\364\267F\335\213\316"
 5574      D7DFCAE4 
 5574      5EF4B746 
 5574      DD8BCE
 5575 0085 F4603DDC 		.ascii	"\364`=\334\261\235%\305\340\017\231\363\207\371k\371"
 5575      B19D25C5 
 5575      E00F99F3 
 5575      87F96BF9 
 5576 0095 2DD107EB 		.ascii	"-\321\007\353\341\303\275\303\254j{\217a\370\327=\304"
 5576      E1C3BDC3 
 5576      AC6A7B8F 
 5576      61F8D73D 
 5576      C4
 5577 00a6 FF1AFF00 		.ascii	"\377\032\377\000\374\257\373\005\340\177\335\277\352"
 5577      FCAFFB05 
 5577      E07FDDBF 
 5577      EA
 5578 00b3 EE4CEE7A 		.ascii	"\356L\356z?\346\265\245<\352\256\307\003D\347J\356)"
 5578      3FE6B5A5 
 5578      3CEAAEC7 
 5578      0344E74A 
 5578      EE29
 5579 00c5 70EF7DFC 		.ascii	"p\357}\374W;\361\370\335\261wb\216~\2218\214\205\360"
 5579      573BF1F8 
 5579      DDB17762 
 5579      8E7E9138 
 5579      8C85F0
 5580 00d8 EBEAAC13 		.ascii	"\353\352\254\023\365\267>\001\272@.\354\264\351\213"
 5580      F5B73E01 
 5580      BA402EEC 
 5580      B4E98B
 5581 00e7 AED088D4 		.ascii	"\256\320\210\324\225\013\202ok\345\224\211\016\234L"
 5581      950B826F 
 5581      6BE59489 
 5581      0E9C4C
 5582 00f6 59FDF0EC 		.ascii	"Y\375\360\354\335+_\254lMU}\334\366?\335\232\242\276"
 5582      DD2B5FAC 
 5582      6C4D557D 
 5582      DCF63FDD 
 5582      9AA2BE
 5583 0109 F0B552D4 		.ascii	"\360\265R\324\277~&2\015\222\341\270w\271\342\306\262"
 5583      BF7E2632 
 5583      0D92E1B8 
 5583      77B9E2C6 
 5583      B2
 5584 011a 04C14EA9 		.ascii	"\004\301N\251\376u\027\334\315e\0110\205r\037`1\001"
 5584      FE7517DC 
ARM GAS  C:\Users\PUBLIC~1.LAP\AppData\Local\Temp\ccSvJTCD.s 			page 210


 5584      CD650930 
 5584      85721F60 
 5584      3101
 5585 012c 539C02C9 		.ascii	"S\234\002\311\256[\240*\015\357\265RU\356\005\274+V"
 5585      AE5BA02A 
 5585      0DEFB552 
 5585      55EE05BC 
 5585      2B56
 5586 013e C5E953D6 		.ascii	"\305\351S\326\177}\241*\035\337\326\224\325\347\235"
 5586      7F7DA12A 
 5586      1DDFD694 
 5586      D5E79D
 5587 014d D7118ED8 		.ascii	"\327\021\216\330{\373K\261\336\001\274\273\367\271\377"
 5587      7BFB4BB1 
 5587      DE01BCBB 
 5587      F7B9FF
 5588 015c 0DF7B818 		.ascii	"\015\367\270\030\356A\217g\305\037\006\354\376\342\357"
 5588      EE418F67 
 5588      C51F06EC 
 5588      FEE2EF
 5589 016b 60E8E4ED 		.ascii	"`\350\344\355\275}\374\265>b\370G\351\001\377\253 \357"
 5589      BD7DFCB5 
 5589      3E62F847 
 5589      E901FFAB 
 5589      20EF
 5590 017d 4F9AE778 		.ascii	"O\232\347x\205\255\026\274\267\255\322\356\014'\353"
 5590      85AD16BC 
 5590      B7ADD2EE 
 5590      0C27EB
 5591 018c 2ED73A20 		.ascii	".\327: \370\240\246\270\346r'\016\263\017w\262\307\003"
 5591      F8A0A6B8 
 5591      E672270E 
 5591      B30F77B2 
 5591      C703
 5592 019e B20B87D9 		.ascii	"\262\013\207\331a\002\331\337\001\331\335\001\331\365"
 5592      6102D9DF 
 5592      01D9DD01 
 5592      D9F5
 5593 01ac 97BDE70F 		.ascii	"\227\275\347\017\373\177\004\020\304\336.k\357#\203"
 5593      FB7F0410 
 5593      C4DE2E6B 
 5593      EF2383
 5594 01bb 827BC9BB 		.ascii	"\202{\311\273F\345\313\376\335\337?\373u\314\247s\241"
 5594      46E5CBFE 
 5594      DDDF3FFB 
 5594      75CCA773 
 5594      A1
 5595 01cc 1A2AD1CF 		.ascii	"\032*\321\317\271P\316U\020+\371r.4\273R\225_\306\341"
 5595      B950CE55 
 5595      102BF972 
 5595      2E34BB52 
 5595      955FC6E1 
 5596 01e0 2A3732AF 		.ascii	"*72\257\260\275\267\215\277\300,\323\275\030\367\366"
 5596      B0BDB78D 
 5596      BFC02CD3 
 5596      BD18F7F6 
 5597 01f0 70C8AB36 		.ascii	"p\310\2536\201q\223\224\000ju\313^\230os\276\231\377"
ARM GAS  C:\Users\PUBLIC~1.LAP\AppData\Local\Temp\ccSvJTCD.s 			page 211


 5597      81719394 
 5597      006A75CB 
 5597      5E986F73 
 5597      BE99FF
 5598 0203 982783BC 		.ascii	"\230'\203\274\002d[\273\261\323\220\304\374lk7\250\035"
 5598      02645BBB 
 5598      B1D390C4 
 5598      FC6C6B37 
 5598      A81D
 5599 0215 F660AC26 		.ascii	"\366`\254&\246\351n\264-L\233 \206\034\346Ws\276\230"
 5599      A6E96EB4 
 5599      2D4C9B20 
 5599      861CE657 
 5599      73BE98
 5600 0228 268AED74 		.ascii	"&\212\355t\246\002X\021(\265\3008a\234\237\266\364`"
 5600      A6025811 
 5600      28B5C038 
 5600      619C9FB6 
 5600      F460
 5601 023a 5CF80787 		.ascii	"\\\370\007\207\343\261\316cv\025\204\376\027\027\316"
 5601      E3B1CE63 
 5601      761584FE 
 5601      1717CE
 5602 0249 5DA9584A 		.ascii	"]\251XJ\217\346p\225\031'\257\260.\177\346:\336\314"
 5602      8FE67095 
 5602      1927AFB0 
 5602      2E7FE63A 
 5602      DECC
 5603 025b 7DAE04BF 		.ascii	"}\256\004\277\366\336e/\346\177er\343S\203\215\374\262"
 5603      F6DE652F 
 5603      E67F6572 
 5603      E353838D 
 5603      FCB2
 5604 026d 8347D12C 		.ascii	"\203G\321,C9\241\0148\216V_NT\013R\034\007\2160\253"
 5604      4339A10C 
 5604      388E565F 
 5604      4E540B52 
 5604      1C078E30 
 5605 0282 DD6F6EFF 		.ascii	"\335on\377WM3dO\012?\310\017\370\260\366\217\213r\211"
 5605      574D3364 
 5605      4F0A3FC8 
 5605      0FF8B0F6 
 5605      8F8B7289 
 5606 0296 8AE58F72 		.ascii	"\212\345\217r#\020\275\375\343\376\251n\340~\247\316"
 5606      2310BDFD 
 5606      E3FEA96E 
 5606      E07EA7CE 
 5607 02a6 8D551126 		.ascii	"\215U\021&~?^\010\377\333\033\245\372\335\336(u\323"
 5607      7E3F5E08 
 5607      FFDB1BA5 
 5607      FADDDE28 
 5607      75D3
 5608 02b8 0C9017E5 		.ascii	"\014\220\027\345N\342\333\374|\360\372K2\001\353\217"
 5608      4EE2DBFC 
 5608      7CF0FA4B 
 5608      3201EB8F 
 5609 02c8 A2CADBBE 		.ascii	"\242\312\333\276=\224(ZX\336\031\360\253y\234\370\276"
ARM GAS  C:\Users\PUBLIC~1.LAP\AppData\Local\Temp\ccSvJTCD.s 			page 212


 5609      3D94285A 
 5609      58DE19F0 
 5609      AB799CF8 
 5609      BE
 5610 02d9 14F1DE4F 		.ascii	"\024\361\336O>\376jr\250x\365\0024Vi\236\2637\244`\333"
 5610      3EFE6A72 
 5610      A878F502 
 5610      3456699E 
 5610      B337A460 
 5611 02ee E280AB15 		.ascii	"\342\200\253\025\304j\252zC\372\032di5\231\303Bb\327"
 5611      C46AAA7A 
 5611      43FA1A64 
 5611      693599C3 
 5611      4262D7
 5612 0301 B7C6DD87 		.ascii	"\267\306\335\207@1T\316R\3707\257\371\273?h\312\203"
 5612      403154CE 
 5612      52F837AF 
 5612      F9BB3F68 
 5612      CA83
 5613 0313 FE753FC4 		.ascii	"\376u?\304r\321\376+\301~uI\361\2632\247\344\216\016"
 5613      72D1FE2B 
 5613      C17E7549 
 5613      F1B332A7 
 5613      E48E0E
 5614 0326 50EE9F4A 		.ascii	"P\356\237J\253/\011\337\317]\225\371\247\312\242Bb\347"
 5614      AB2F09DF 
 5614      CF5D95F9 
 5614      A7CAA242 
 5614      62E7
 5615 0338 C78397DD 		.ascii	"\307\203\227\335\251\303s+\302\304\017n\313\226\255"
 5615      A9C3732B 
 5615      C2C40F6E 
 5615      CB96AD
 5616 0347 583034F7 		.ascii	"X04\367\207`\255\237dzO\371\015\217\327\033J\340\265"
 5616      8760AD9F 
 5616      647A4FF9 
 5616      0D8FD71B 
 5616      4AE0B5
 5617 035a F706E1CE 		.ascii	"\367\006\341\316\342\321\2640\360\257\326\011\236\254"
 5617      E2D1B430 
 5617      F0AFD609 
 5617      9EAC
 5618 0368 3DDA768C 		.ascii	"=\332v\214~}f\344\315\030\255\273\334\263\360\227}\210"
 5618      7E7D66E4 
 5618      CD18ADBB 
 5618      DCB3F097 
 5618      7D88
 5619 037a 25D20CC7 		.ascii	"%\322\014\307\235\326\353\377\327\026\354\315|\3164"
 5619      9DD6EBFF 
 5619      D716ECCD 
 5619      7CCE34
 5620 0389 2A979ECE 		.ascii	"*\227\236\316\246\262)t\246\221\006\023\212\224\214"
 5620      A6B22974 
 5620      A6910613 
 5620      8A948C
 5621 0398 7DD9934C 		.ascii	"}\331\223L\332\030\2022\241\315\024G\345\323\371s\014"
 5621      DA188232 
ARM GAS  C:\Users\PUBLIC~1.LAP\AppData\Local\Temp\ccSvJTCD.s 			page 213


 5621      A1CD1447 
 5621      E5D3F973 
 5621      0C
 5622 03a9 4A1104F4 		.ascii	"J\021\004\364sL\332\241\\a\003\332\324H\317$\355\313"
 5622      734CDAA1 
 5622      5C6103DA 
 5622      D448CF24 
 5622      EDCB
 5623 03bb 1EE5D399 		.ascii	"\036\345\323\231\\&\217@\030|r\000\271 q\204&=\235H"
 5623      5C268F40 
 5623      187C7200 
 5623      B9207184 
 5623      263D9D48 
 5624 03cf C72367B3 		.ascii	"\307#g\263\351L\212\360e\017t\011\272L\036\2254\224"
 5624      E94C8AF0 
 5624      650F7409 
 5624      BA4C1E95 
 5624      3494
 5625 03e1 8C9247CC 		.ascii	"\214\222G\314c\322\223\203/{\230G\030\222\236G#\"\250"
 5625      63D29383 
 5625      2F7B9847 
 5625      18929E47 
 5625      2322A8
 5626 03f4 F303F39D 		.ascii	"\363\003\363\235(C\015\237\016\033\212j\364\024@*\202"
 5626      28430D9F 
 5626      0E1B8A6A 
 5626      F414402A 
 5626      82
 5627 0405 2AB99EEC 		.ascii	"*\271\236\354)\202*\015%\237\320\243\021\321\362\010"
 5627      29822A0D 
 5627      259FD0A3 
 5627      11D1F208 
 5628 0415 751E8358 		.ascii	"u\036\203X0\213\230\313\037!\237\015\032\220\232\312"
 5628      308B98CB 
 5628      1F219F0D 
 5628      1A909ACA 
 5629 0425 24A1A5A5 		.ascii	"$\241\245\245\022\323h\210(C\006!d\211\015\257\271\254"
 5629      12D36888 
 5629      28430621 
 5629      64890DAF 
 5629      B9AC
 5630 0437 FF42B672 		.ascii	"\377B\266r\352\244ZZ\245\250\273\034\200\336\220\250"
 5630      EAA45A5A 
 5630      A5A8BB1C 
 5630      80DE90A8 
 5631 0447 B55EFE33 		.ascii	"\265^\3763\237u\324\217\233\335\312z\204\324\335{o\""
 5631      9F75D48F 
 5631      9BDDCA7A 
 5631      84D4DD7B 
 5631      6F22
 5632 0459 D128CD9A 		.ascii	"\321(\315\232\250\037*\313\251\370U\245\033\3227\364"
 5632      A81F2ACB 
 5632      A9F855A5 
 5632      1BD237F4 
 5633 0469 FC7497F6 		.ascii	"\374t\227\366Cl\0220SlX1\036\355\325\227\337\251\323"
 5633      436C1230 
 5633      536C5831 
ARM GAS  C:\Users\PUBLIC~1.LAP\AppData\Local\Temp\ccSvJTCD.s 			page 214


 5633      1EEDD597 
 5633      DFA9D3
 5634 047c 52C59190 		.ascii	"R\305\221\220\365F\033!\013\020\255\017\211\235\337"
 5634      F5461B21 
 5634      0B10AD0F 
 5634      899DDF
 5635 048b D93FF5CC 		.ascii	"\331?\365\314\324L\220\217M\215M<\324\376mmd\000\377"
 5635      D44C908F 
 5635      4D8D4D3C 
 5635      D4FE6D6D 
 5635      6400FF
 5636 049e D986FAD5 		.ascii	"\331\206\372\325rS\364J\336?\037\002\200\306\250\201"
 5636      7253F44A 
 5636      DE3F1F02 
 5636      80C6A881 
 5637 04ae 2CE69461 		.ascii	",\346\224a\206HDF$I\222t\260\002\031\242\"7\022`\304"
 5637      86484446 
 5637      24499274 
 5637      B00219A2 
 5637      22371260 
 5638 04c3 592C2123 		.ascii	"Y,!#\031I\012R\177\2261\223\312W\222!\215 \247T\213"
 5638      19490A52 
 5638      7F963193 
 5638      CA579221 
 5638      8D20A754 
 5639 04d8 727FC00D 		.ascii	"r\177\300\015\323\257\262\214T\315H&F~\007\2403\273"
 5639      D3AFB28C 
 5639      54CD4826 
 5639      467E07A0 
 5639      33BB
 5640 04ea 0D12CAE0 		.ascii	"\015\022\312\340$\273\373\030\356T\376\346\377@\217"
 5640      24BBFB18 
 5640      EE54FEE6 
 5640      FF408F
 5641 04f9 43995C9C 		.ascii	"C\231\\\234\013\207i\322@\366\024\310f9\001\004~\357"
 5641      0B8769D2 
 5641      40F614C8 
 5641      66390104 
 5641      7EEF
 5642 050b 39A23C22 		.ascii	"9\242<\"\316_\014`Gg\240\334\3555\322[#o\002=\377F\233"
 5642      CE5F0C60 
 5642      4767A0DC 
 5642      ED35D25B 
 5642      236F023D 
 5643 0522 4CB253C5 		.ascii	"L\262S\305\330\210\030\201U\275~\202\006\321\345Q\177"
 5643      D8881881 
 5643      55BD7E82 
 5643      06D1E551 
 5643      7F
 5644 0533 1ED11B74 		.ascii	"\036\321\033t\246\310\266\011IdODF\364\345\226\257\031"
 5644      A6C8B609 
 5644      49644F44 
 5644      46F4E596 
 5644      AF19
 5645 0545 C1C10B33 		.ascii	"\301\301\0133\303TI$Zs\200\005\013\227\352\011\371,"
 5645      C3544924 
 5645      5A738005 
ARM GAS  C:\Users\PUBLIC~1.LAP\AppData\Local\Temp\ccSvJTCD.s 			page 215


 5645      0B97EA09 
 5645      F92C
 5646 0557 4237C418 		.ascii	"B7\304\030\242i[\315\321\257\321\325\025\014\273\200"
 5646      A2695BCD 
 5646      D1AFD1D5 
 5646      150CBB80 
 5647 0567 340EA32D 		.ascii	"4\016\243-\233d\306\010\020\265\264\205b/\367>%\025"
 5647      9B64C608 
 5647      10B5B485 
 5647      622FF73E 
 5647      2515
 5648 0579 E143E61D 		.ascii	"\341C\346\035\233w\326\314\225F\342\201E\227\331\000"
 5648      9B77D6CC 
 5648      9546E281 
 5648      4597D900 
 5649 0589 EB80D608 		.ascii	"\353\200\326\0102\241\005)\207\233\341\364M\000%:{\214"
 5649      32A10529 
 5649      879BE1F4 
 5649      4D00253A 
 5649      7B8C
 5650 059b B79361BD 		.ascii	"\267\223a\275j\006jo\221\200\217E9a\347\003\257\344"
 5650      6A066A6F 
 5650      91808F45 
 5650      3961E703 
 5650      AFE4
 5651 05ad 33905769 		.ascii	"3\220Wiq=\206p\271(\006\335\032\231K\305\347\333\017"
 5651      713D8670 
 5651      B92806DD 
 5651      1A994BC5 
 5651      E7DB0F
 5652 05c0 AB225071 		.ascii	"\253\"Pq\260\311\343\337\013\304V\004\026\243\216\215"
 5652      B0C9E3DF 
 5652      0BC45604 
 5652      16A38E8D 
 5653 05d0 9BC71034 		.ascii	"\233\307\0204DY8(\360\303\266;\336\353A*\322\361\006"
 5653      44593828 
 5653      F0C3B63B 
 5653      DEEB412A 
 5653      D2F106
 5654 05e3 0998C122 		.ascii	"\011\230\301\"G\313\217|x\0244v\314\370\241\264bA\373"
 5654      47CB8F7C 
 5654      78143476 
 5654      CCF8A1B4 
 5654      6241FB
 5655 05f6 00942107 		.ascii	"\000\224!\007\230\372A\324-\250\"\015\270R\3073\022"
 5655      98FA41D4 
 5655      2DA8220D 
 5655      B852C733 
 5655      12
 5656 0607 0AC92B8B 		.ascii	"\012\311+\213\342I\272\347B\261\256\200e\014\020\376"
 5656      E249BAE7 
 5656      42B1AE80 
 5656      650C10FE 
 5657 0617 BD2788C3 		.ascii	"\275'\210\303\250q\301o\312Az\332\240\312\316G6\250"
 5657      A871C16F 
 5657      CA417ADA 
 5657      A0CACE47 
ARM GAS  C:\Users\PUBLIC~1.LAP\AppData\Local\Temp\ccSvJTCD.s 			page 216


 5657      36A8
 5658 0629 92B8B32C 		.ascii	"\222\270\263,M\003"
 5658      4D03
 5659              		.text
 5660              		.section	.gnu.lto__usb_wakeup.part.0.3077.840c7bcd,"e",%progbits
 5661 0000 28B52FFD 		.ascii	"(\265/\375`d\001\275\016\000V\233bE\360\222(\0352\343"
 5661      606401BD 
 5661      0E00569B 
 5661      6245F092 
 5661      281D32E3 
 5662 0014 2EABBB0F 		.ascii	".\253\273\017\\\321\365\365\376\254\321\212!g\357a\312"
 5662      5CD1F5F5 
 5662      FEACD18A 
 5662      2167EF61 
 5662      CA
 5663 0025 8FBBF842 		.ascii	"\217\273\370B\330\236\366\305\312\007\345\013R\373\013"
 5663      D89EF6C5 
 5663      CA07E50B 
 5663      52FB0B
 5664 0034 F570FB05 		.ascii	"\365p\373\005\376\3332\307`y\276\273\027\320\252z\351"
 5664      FEDB32C7 
 5664      6079BEBB 
 5664      17D0AA7A 
 5664      E9
 5665 0045 F9B1C23A 		.ascii	"\371\261\302:\355\256\216\227$\222\275\245L)L\000J\000"
 5665      EDAE8E97 
 5665      2492BDA5 
 5665      4C294C00 
 5665      4A00
 5666 0057 4F00F655 		.ascii	"O\000\366U\330f\331\266\323N,\215[\266\255\300L\211"
 5666      D866D9B6 
 5666      D34E2C8D 
 5666      5BB6ADC0 
 5666      4C89
 5667 0069 6C070690 		.ascii	"l\007\006\220\335\375<\252\211\267\0165c\313\377w\017"
 5667      DDFD3CAA 
 5667      89B70E35 
 5667      63CBFF77 
 5667      0F
 5668 007a 16E37098 		.ascii	"\026\343p\230\260\030\210+\364\324\354\324\000\304^"
 5668      B018882B 
 5668      F4D4ECD4 
 5668      00C45E
 5669 0089 50410D47 		.ascii	"PA\015G\304\277\247\207X\207L\001\217#\017v\327]\210"
 5669      C4BFA787 
 5669      58874C01 
 5669      8F230F76 
 5669      D75D88
 5670 009c 9BBB6D09 		.ascii	"\233\273m\011\266#\330\327\0116vLC\230VM\347g\377\275"
 5670      B623D8D7 
 5670      0936764C 
 5670      4398564D 
 5670      E767FFBD 
 5671 00b0 942590ED 		.ascii	"\224%\220\355~(2dI\304\033)l\337\376\307\262I\374\257"
 5671      7E283264 
 5671      49C41B29 
 5671      6CDFFEC7 
ARM GAS  C:\Users\PUBLIC~1.LAP\AppData\Local\Temp\ccSvJTCD.s 			page 217


 5671      B249FCAF 
 5672 00c4 659398F5 		.ascii	"e\223\230\365\234\025\244\355\010\032\003;P2?\363W\234"
 5672      9C15A4ED 
 5672      081A033B 
 5672      50323FF3 
 5672      579C
 5673 00d6 45EB392B 		.ascii	"E\3539+{\2733\235\032\273\264\005\217v\320=\232|\000"
 5673      7BBB339D 
 5673      1ABBB405 
 5673      8F76D03D 
 5673      9A7C00
 5674 00e9 F708EFE1 		.ascii	"\367\010\357\341\036\003z\343\2338\250)\266W\006\261"
 5674      1E037AE3 
 5674      9B38A829 
 5674      B65706B1 
 5675 00f9 BDF21915 		.ascii	"\275\362\031\025\272\335\227\310\227\221\001%\243\336"
 5675      BADD97C8 
 5675      97910125 
 5675      A3DE
 5676 0107 67E13164 		.ascii	"g\3411d:U\017G\252\355\362\0271%>\222\006\354f\277\334"
 5676      3A550F47 
 5676      AAEDF217 
 5676      31253E92 
 5676      06EC66BF 
 5677 011c 454CB7BB 		.ascii	"EL\267\273\"\237\266!\345\243x\364W\334c*\201\037\237"
 5677      229FB621 
 5677      E5A378F4 
 5677      57DC632A 
 5677      811F9F
 5678 012f 2B8918C1 		.ascii	"+\211\030\301\255E\217M!\2517\326x\270\032&\201XD\015"
 5678      AD458F4D 
 5678      21A937D6 
 5678      78B81A26 
 5678      8158440D 
 5679 0143 42259613 		.ascii	"B%\226\023\017L)\245\2026\235\224R*\025\323\205\324"
 5679      0F4C29A5 
 5679      82369D94 
 5679      522A15D3 
 5679      85D4
 5680 0155 A78574FA 		.ascii	"\247\205t\372\244^>\024&\240J\250S\312H\024b\000\343"
 5680      A45E3E14 
 5680      26A04AA8 
 5680      53CA4814 
 5680      6200E3
 5681 0168 B28261A4 		.ascii	"\262\202a\244\341\244B\265\250\220@\240\021\012\204"
 5681      E1A442B5 
 5681      A89040A0 
 5681      110A84
 5682 0177 D0E1AA8D 		.ascii	"\320\341\252\215\273[\016\036.u\371:J\300\000\031O\342"
 5682      BB5B0E1E 
 5682      2E75F93A 
 5682      4AC00019 
 5682      4FE2
 5683 0189 AE866A93 		.ascii	"\256\206j\223\031]\037\320g\015\247\306\206\006\035"
 5683      195D1FD0 
 5683      670DA7C6 
 5683      86061D
ARM GAS  C:\Users\PUBLIC~1.LAP\AppData\Local\Temp\ccSvJTCD.s 			page 218


 5684 0198 0033EB63 		.ascii	"\0003\353c\025\245i\303\031o\270!\302\254\032\023\214"
 5684      15A569C3 
 5684      196FB821 
 5684      C2AC1A13 
 5684      8C
 5685 01a9 5E30C3E6 		.ascii	"^0\303\346Y\333\360\032.(v\015$`z)9\340\356\023\004"
 5685      59DBF01A 
 5685      2E28760D 
 5685      24607A29 
 5685      39E0EE13 
 5686 01be 0494901D 		.ascii	"\004\224\220\035\305\012x\017\240p\3318\247\031(\301"
 5686      C50A780F 
 5686      A070D938 
 5686      A71928C1 
 5687 01ce 329E25DD 		.ascii	"2\236%\335g,\316X\342.O\325$Ma~m\301\003"
 5687      672CCE58 
 5687      E22E4FD5 
 5687      244D617E 
 5687      6DC103
 5688              		.text
 5689              		.section	.gnu.lto_.symbol_nodes.840c7bcd,"e",%progbits
 5690 0000 28B52FFD 		.ascii	"(\265/\375`d\006\235\032\000\226\354\245H\200ZR\007"
 5690      6064069D 
 5690      1A0096EC 
 5690      A548805A 
 5690      5207
 5691 0012 31942A21 		.ascii	"1\224*!\306-v\206\360\215\326\006G\021\221\014\255\026"
 5691      C62D7686 
 5691      F08DD606 
 5691      4711910C 
 5691      AD16
 5692 0024 D80D5C11 		.ascii	"\330\015\\\021\376\275\363\373\206\310q-{\267\363\324"
 5692      FEBDF3FB 
 5692      86C8712D 
 5692      7BB7F3D4 
 5693 0034 E4977271 		.ascii	"\344\227rq\236\204@\200u`\035\230\0149\361v\370\020"
 5693      9E844080 
 5693      75601D98 
 5693      0C39F176 
 5693      F810
 5694 0046 4134F25A 		.ascii	"A4\362Zk\033\251\2461\212q\266\277\211$\031\221\000"
 5694      6B1BA9A6 
 5694      318A71B6 
 5694      BF892419 
 5694      9100
 5695 0058 91009700 		.ascii	"\221\000\227\000\357l\034\342\235\014\014\210\367\261"
 5695      EF6C1CE2 
 5695      9D0C0C88 
 5695      F7B1
 5696 0066 E8877728 		.ascii	"\350\207w(\036\336\305n\232S\230\252\016\357a\034\336"
 5696      1EDEC56E 
 5696      9A5398AA 
 5696      0EEF611C 
 5696      DE
 5697 0077 C136BC3F 		.ascii	"\3016\274?\321\360\356$\303\373\022\303{\223\013\357"
 5697      D1F0EE24 
 5697      C3FB12C3 
ARM GAS  C:\Users\PUBLIC~1.LAP\AppData\Local\Temp\ccSvJTCD.s 			page 219


 5697      7B930BEF 
 5698 0087 CAA27726 		.ascii	"\312\242w&\026\336\277r\025<I\301\261h\372^6~M\360+"
 5698      16DEBF72 
 5698      153C49C1 
 5698      B168FA5E 
 5698      367E4DF0 
 5699 009c 9A8E46A3 		.ascii	"\232\216F\243mD\357ZD\321\350\031\011\357^\021\336\227"
 5699      6D44EF5A 
 5699      44D1E819 
 5699      09EF5E11 
 5699      DE97
 5700 00ae 2021BC77 		.ascii	" !\274wU=xWr\277X\226u\360\316\225+\036\267\032\274"
 5700      553D7857 
 5700      72BF5896 
 5700      75F0CE95 
 5700      2B1EB71A 
 5701 00c3 6F0DFDAA 		.ascii	"o\015\375\252\364\303\026\213KC`r \031\374j\\\360\236"
 5701      F4C3168B 
 5701      4B436072 
 5701      2019FC6A 
 5701      5CF09E
 5702 00d6 44C7168B 		.ascii	"D\307\026\213G\255{\377^\263#\247,\313\262\012\336\233"
 5702      47AD7BFF 
 5702      5EB323A7 
 5702      2CCBB20A 
 5702      DE9B
 5703 00e8 72F7DE9D 		.ascii	"r\367\336\235Q-l\011\330\264\033}N\346(\265v\254\307"
 5703      512D6C09 
 5703      D8B41B7D 
 5703      4EE628B5 
 5703      76ACC7
 5704 00fb A67BAD80 		.ascii	"\246{\255\200\232\3469\325%\347|4{\254\015\250\351#"
 5704      9AE639D5 
 5704      25E77C34 
 5704      7BAC0DA8 
 5704      E923
 5705 010d E3CFAE79 		.ascii	"\343\317\256y\332\337\256ym\200]\3478}t\302\264u\311"
 5705      DADFAE79 
 5705      6D805DE7 
 5705      387D74C2 
 5705      B475C9
 5706 0120 4E758CC1 		.ascii	"Nu\214\301\226Y\312\210\220\253\236\\\353\240\234{Z"
 5706      9659CA88 
 5706      90AB9E5C 
 5706      EBA09C7B 
 5706      5A
 5707 0131 3DA171CA 		.ascii	"=\241q\312-\000\356\"\236\333G\357\316\031\357p2\336"
 5707      2D00EE22 
 5707      9EDB47EF 
 5707      CE19EF70 
 5707      32DE
 5708 0143 B118BD5B 		.ascii	"\261\030\275[\211\361\236\005\306\373\363\305\273\026"
 5708      89F19E05 
 5708      C6FBF3C5 
 5708      BB16
 5709 0151 17EF712D 		.ascii	"\027\357q-\336\337X\274\267\255x\257\242\342\235\231"
 5709      DEDF58BC 
ARM GAS  C:\Users\PUBLIC~1.LAP\AppData\Local\Temp\ccSvJTCD.s 			page 220


 5709      B7AD78AF 
 5709      A2E29D99 
 5710 0161 E23D0DC5 		.ascii	"\342=\015\305;\332\211w*&\336\315J\274\227\221x\237"
 5710      3BDA8977 
 5710      2A26DECD 
 5710      4ABC9791 
 5710      789F
 5711 0173 32E27D0B 		.ascii	"2\342}\013\263G\366^\037\021\001\336\273\244\216_\272"
 5711      B347F65E 
 5711      1F1101DE 
 5711      BBA48E5F 
 5711      BA
 5712 0184 532273BF 		.ascii	"S\"s\277F\2022P\034\333\216\235\224F\213`\247\205\306"
 5712      46823250 
 5712      1CDB8E9D 
 5712      94468B60 
 5712      A785C6
 5713 0197 9F7387A8 		.ascii	"\237s\207\250\323\273\226\331\314\220h\3300\247\177"
 5713      D3BB96D9 
 5713      CC9068D8 
 5713      30A77F
 5714 01a6 C58BD339 		.ascii	"\305\213\3239J\037N\377\212\367\246s\224\334]\2420\217"
 5714      4A1F4EFF 
 5714      8AF7A673 
 5714      94DC5DA2 
 5714      308F
 5715 01b8 F46E847C 		.ascii	"\364n\204|\355[\036\3505gA\2717\206\213MM\031I\222u"
 5715      ED5B1EE8 
 5715      356741B9 
 5715      37868B4D 
 5715      4D194992 
 5716 01cd 4A6F5F6A 		.ascii	"Jo_jZ\203\311AL)\246\232\346\220\306\241\332\271\251"
 5716      5A83C941 
 5716      4C29A69A 
 5716      E690C6A1 
 5716      DAB9A9
 5717 01e0 2551ED1C 		.ascii	"%Q\355\034T\3135QE\230\200\324\346\250\223i\232P\260"
 5717      54CB3551 
 5717      459880D4 
 5717      E6A89369 
 5717      9A50B0
 5718 01f3 026AF317 		.ascii	"\002j\363\027'\003\233\234\304\030P\233\237-\343x\375"
 5718      27039B9C 
 5718      C418509B 
 5718      9F2DE378 
 5718      FD
 5719 0204 800B529B 		.ascii	"\200\013R\233\211@\331\250-lr\015\032\225\027V\003\327"
 5719      8940D9A8 
 5719      2D6C720D 
 5719      1A951756 
 5719      03D7
 5720 0216 07CA778D 		.ascii	"\007\312w\215\354y\025L\203L,\364\264\002\022L\205\355"
 5720      EC79154C 
 5720      834C2CF4 
 5720      B402124C 
 5720      85ED
 5721 0228 30D83C4E 		.ascii	"0\330<Nb\260yMf_\260\237\311F\222/\230\232\322\021\230"
ARM GAS  C:\Users\PUBLIC~1.LAP\AppData\Local\Temp\ccSvJTCD.s 			page 221


 5721      62B0794D 
 5721      665FB09F 
 5721      C946922F 
 5721      989AD211 
 5722 023d 262D87C0 		.ascii	"&-\207\300N2\362}Z=\225\021\201\215\004\305\254\314"
 5722      4E32F27D 
 5722      5A3D9511 
 5722      818D04C5 
 5722      ACCC
 5723 024f 2AE3EC01 		.ascii	"*\343\354\001\233\007\212U\244\026\226\017\330>(3\216"
 5723      9B078A55 
 5723      A416960F 
 5723      D83E2833 
 5723      8E
 5724 0260 2EB8A935 		.ascii	".\270\2515\3351\317\326\224\275|k3U\223o\333\231\030"
 5724      DD31CFD6 
 5724      94BD7C6B 
 5724      3355936F 
 5724      DB9918
 5725 0273 536FED1B 		.ascii	"So\355\033\275\265\221\224|\225[K[\276\265{\355pm\236"
 5725      BDB59194 
 5725      7C955B4B 
 5725      5BBEB57B 
 5725      ED706D9E 
 5726 0287 93998BCB 		.ascii	"\223\231\213\313\322\215\2706\257\310|E\012\231\247"
 5726      D28DB836 
 5726      AFC87C45 
 5726      0A99A7
 5727 0296 BAB6AEE5 		.ascii	"\272\266\256\345N\2606\027\231\221<\202\270u_\250a\014"
 5727      4EB03617 
 5727      99913C82 
 5727      B8755FA8 
 5727      610C
 5728 02a8 42604F44 		.ascii	"B`OD&\222\221\230\024\322\001\340\0021\332T\007\021"
 5728      26929198 
 5728      14D201E0 
 5728      0231DA54 
 5728      0711
 5729 02ba 801C891C 		.ascii	"\200\034\211\034\024\210\210\004\022\311X \017tq6\""
 5729      14888804 
 5729      12C95820 
 5729      0F747136 
 5729      22
 5730 02cb 72D78E6E 		.ascii	"r\327\216n\230\3728\354\336\250~\366\021w\336\306\314"
 5730      98FA38EC 
 5730      DEA87EF6 
 5730      1177DEC6 
 5730      CC
 5731 02dc 0C173766 		.ascii	"\014\0277fe\014\266\231\3701c\026X\332\217\331H\377"
 5731      650CB699 
 5731      F8316316 
 5731      58DA8FD9 
 5731      48FF
 5732 02ee 802E49AF 		.ascii	"\200.I\257*VnRf\331\027|-cK\230/\330\2103\312\214X\244"
 5732      2A566E52 
 5732      66D9177C 
 5732      2D634B98 
ARM GAS  C:\Users\PUBLIC~1.LAP\AppData\Local\Temp\ccSvJTCD.s 			page 222


 5732      2FD88833 
 5733 0306 27201AB1 		.ascii	"' \032\261\322\257z\033J\024\222o\311\225\226\270r\221"
 5733      D2AF7A1B 
 5733      4A14926F 
 5733      C99596B8 
 5733      7291
 5734 0318 532E691D 		.ascii	"S.i\035\237\005\013\322\267\211\354\221\020\353|\226"
 5734      9F050BD2 
 5734      B789EC91 
 5734      10EB7C96 
 5735 0328 672AB166 		.ascii	"g*\261f\213J!\202!\315|\001\372\033V\036\260ur\206\365"
 5735      8B4A2182 
 5735      21CD7C01 
 5735      FA1B561E 
 5735      B0757286 
 5736 033d 95800146 		.ascii	"\225\200\001FL\030\240\021\001\265\021\236\345/\025"
 5736      4C18A011 
 5736      01B5119E 
 5736      E52F15
 5737 034c 572E0C3E 		.ascii	"W.\014>\353\262\037#\352\030\361\005\033\316\327A\005"
 5737      EBB21F23 
 5737      EA18F105 
 5737      1BCED741 
 5737      05
 5738              		.text
 5739              		.section	.gnu.lto_.refs.840c7bcd,"e",%progbits
 5740 0000 28B52FFD 		.ascii	"(\265/\375  \001\001\000\034\000\000\000\005\012\002"
 5740      20200101 
 5740      001C0000 
 5740      00050A02 
 5741 0010 0BBB0100 		.ascii	"\013\273\001\000\002\014\315\001\000\002\015\326\001"
 5741      020CCD01 
 5741      00020DD6 
 5741      01
 5742 001d 00020CE3 		.ascii	"\000\002\014\343\001\000\002\015\354\001\000\000"
 5742      0100020D 
 5742      EC010000 
 5743              		.text
 5744              		.section	.gnu.lto_.decls.840c7bcd,"e",%progbits
 5745 0000 28B52FFD 		.ascii	"(\265/\375`VI\375(\001\032\357\255kV JY9\351\"\007'"
 5745      605649FD 
 5745      28011AEF 
 5745      AD6B5620 
 5745      4A5939E9 
 5746 0017 C6E7F49C 		.ascii	"\306\347\364\234\243\220\215\013]A=\\\350\230\236m\313"
 5746      A3908D0B 
 5746      5D413D5C 
 5746      E8989E6D 
 5746      CB
 5747 0028 1186930F 		.ascii	"\021\206\223\017\235n':>\026T\267\302\001p\004-\261"
 5747      9D6E273A 
 5747      3E1654B7 
 5747      C2017004 
 5747      2DB1
 5748 003a A82CEF6D 		.ascii	"\250,\357m \365\272\255\343b\2706y\327Y\331\363\030"
 5748      20F5BAAD 
 5748      E362B836 
ARM GAS  C:\Users\PUBLIC~1.LAP\AppData\Local\Temp\ccSvJTCD.s 			page 223


 5748      79D759D9 
 5748      F318
 5749 004c 86F33CCE 		.ascii	"\206\363<\316c\234\333\310\200-\353\263\234\025]\017"
 5749      639CDBC8 
 5749      802DEBB3 
 5749      9C155D0F 
 5750 005c 7D2886FB 		.ascii	"}(\206\373\023\262\267\334)\303\005\254\006\002\007"
 5750      13B2B7DC 
 5750      29C305AC 
 5750      060207
 5751 006b E6EFF1EB 		.ascii	"\346\357\361\353\210\363\334\3158s\244\221 \357\016"
 5751      88F3DCCD 
 5751      3873A491 
 5751      20EF0E
 5752 007a 385F607D 		.ascii	"8_`}\177a8r}\340_\032\370w\252\211\374\325N\255\353"
 5752      7F613872 
 5752      7DE05F1A 
 5752      F877AA89 
 5752      FCD54EAD 
 5753 008f 2EA23527 		.ascii	".\2425'b\214t}\010PX\0168w\372\266\020dT\316y\002\234"
 5753      628C747D 
 5753      0850580E 
 5753      3877FAB6 
 5753      106454CE 
 5754 00a6 86CB9A32 		.ascii	"\206\313\2322}o\353\3405\032^\307\032\215\005\343\010"
 5754      7D6FEBE0 
 5754      351A5EC7 
 5754      1A8D05E3 
 5754      08
 5755 00b7 A5A5B424 		.ascii	"\245\245\264$\253]\347\270\277y\264\217\376\321=\032"
 5755      AB5DE7B8 
 5755      BF79B48F 
 5755      FED13D1A 
 5756 00c7 4867B556 		.ascii	"Hg\265V\303\320[\035\244\212\345h\035\277H\022W=\216"
 5756      C3D05B1D 
 5756      A48AE568 
 5756      1DBF4812 
 5756      573D8E
 5757 00da 758DAAAD 		.ascii	"u\215\252\255\240\034+\236\232\247\252\331\2546\264"
 5757      A01C2B9E 
 5757      9AA7AAD9 
 5757      AC36B4
 5758 00e9 A6264E05 		.ascii	"\246&N\005\373\333\351\251]\004Ee\310RU\332\216\325"
 5758      FBDBE9A9 
 5758      5D044565 
 5758      C85255DA 
 5758      8ED5
 5759 00fb 0E57EFA8 		.ascii	"\016W\357\250q\326\311Ht\325\302.\2313\362 \374\355"
 5759      71D6C948 
 5759      74D5C22E 
 5759      9933F220 
 5759      FCED
 5760 010d F4E6EAA9 		.ascii	"\364\346\352\251\252\026\364\204\314<4\2509\333\221"
 5760      AA16F484 
 5760      CC3C34A8 
 5760      39DB91
 5761 011c 55973312 		.ascii	"U\2273\022\004\010\020 &\000\201\363\304\2611\343po"
ARM GAS  C:\Users\PUBLIC~1.LAP\AppData\Local\Temp\ccSvJTCD.s 			page 224


 5761      04081020 
 5761      260081F3 
 5761      C4B131E3 
 5761      706F
 5762 012e B3706BD5 		.ascii	"\263pk\325\015\246\006\325\310l\033}\243\212}h\034@"
 5762      0DA606D5 
 5762      C86C1B7D 
 5762      A38A7D68 
 5762      1C40
 5763 0140 7658BCBC 		.ascii	"vX\274\274\351{{\205_?|0oa\340\333'\374\266kc\2651\026"
 5763      E97B7B85 
 5763      5F3F7C30 
 5763      6F61E0DB 
 5763      27FCB66B 
 5764 0158 47D5F7FD 		.ascii	"G\325\367\375\006\277\212\365\214*\014\322\2441k\031"
 5764      06BF8AF5 
 5764      8C2A0CD2 
 5764      A4316B19 
 5765 0168 EF2ADE8B 		.ascii	"\357*\336\2132e\254\372v\014\342\334\332X\337\313i\030"
 5765      3265ACFA 
 5765      760CE2DC 
 5765      DA58DFCB 
 5765      6918
 5766 017a FF79BC30 		.ascii	"\377y\2740h0j\364\355\027<7r\324\202\364}\247\301\357"
 5766      68306AF4 
 5766      ED173C37 
 5766      72D482F4 
 5766      7DA7C1EF 
 5767 018e 37FC5EC3 		.ascii	"7\374^\303o+\370o\027\335\202'\005\310XZ\337\216\022"
 5767      6F2BF86F 
 5767      17DD8227 
 5767      05C8585A 
 5767      DF8E12
 5768 01a1 72DB42E5 		.ascii	"r\333B\345\246\244\241\210\340\014\235\357.\032)\270"
 5768      A6A4A188 
 5768      E00C9DEF 
 5768      2E1A29B8 
 5769 01b1 2A3D75CF 		.ascii	"*=u\317P\227\026c\346\364}\337\300z^\253\276Z\264\365"
 5769      50971663 
 5769      E6F47DDF 
 5769      C07A5EAB 
 5769      BE5AB4F5 
 5770 01c5 7DC7C06F 		.ascii	"}\307\300o'<\201\036\334\271n01\240\303\037\350^\347"
 5770      273C811E 
 5770      DCB96E30 
 5770      31A0C31F 
 5770      E85EE7
 5771 01d8 FC75AE26 		.ascii	"\374u\256&/\327Z@U]S\372\326\030H\274\322\015\025\331"
 5771      2FD75A40 
 5771      555D53FA 
 5771      D61848BC 
 5771      D20D15D9 
 5772 01ec BA71D6D7 		.ascii	"\272q\326\327\214\303\025\256n0=T#\363g\325\310M}\223"
 5772      8CC315AE 
 5772      6E303D54 
 5772      23F367D5 
 5772      C84D7D93 
ARM GAS  C:\Users\PUBLIC~1.LAP\AppData\Local\Temp\ccSvJTCD.s 			page 225


 5773 0200 A28A5A98 		.ascii	"\242\212Z\230\276\257c\334\274r\301\207\253F\346_\343"
 5773      BEAF63DC 
 5773      BC72C187 
 5773      AB46E65F 
 5773      E3
 5774 0211 8E366425 		.ascii	"\2166d%\0064i}_\321pES\323T\261\267U5\347E!\211\210"
 5774      0634697D 
 5774      5FD17045 
 5774      53D354B1 
 5774      B75535E7 
 5775 0229 8A1CC144 		.ascii	"\212\034\301D\365}\035\303\257o3\211\356\356\356\356"
 5775      F57D1DC3 
 5775      AF6F3389 
 5775      EEEEEEEE 
 5776 0239 EADBCC57 		.ascii	"\352\333\314W)\370q\325\310\254ej\250\341\321\323\367"
 5776      29F871D5 
 5776      C8AC656A 
 5776      A8E1D1D3 
 5776      F7
 5777 024a 15097E15 		.ascii	"\025\011~\025\253d\336|\266\352\314\320\271\275\276"
 5777      AB64DE7C 
 5777      B6EACCD0 
 5777      B9BDBE
 5778 0259 BD8D0439 		.ascii	"\275\215\0049\317\3119{\360q\303\302\246F\337\313\251"
 5778      CFC9397B 
 5778      F071C3C2 
 5778      A646DFCB 
 5778      A9
 5779 026a 6DFF7943 		.ascii	"m\377yC]v\004I\323\367\257mu\014Q\02562\316\372\376"
 5779      5D760449 
 5779      D3F7AF6D 
 5779      750C5115 
 5779      3632CEFA 
 5780 027f AF62754C 		.ascii	"\257buL\025\223'\0002\363\003mJ\337\327 \3705\013\377"
 5780      15932700 
 5780      32F3036D 
 5780      4ADFD720 
 5780      F8350BFF 
 5781 0293 15CC2BDB 		.ascii	"\025\314+\333_\327j\227\212\366\201\234\243r\316\000"
 5781      5FD76A97 
 5781      8AF6819C 
 5781      A372CE00 
 5782 02a3 305FDCC1 		.ascii	"0_\334\3012\243o\375B\342\025\214\021/\012\231\353r"
 5782      32A36FFD 
 5782      42E2158C 
 5782      112F0A99 
 5782      EB72
 5783 02b5 CE442D04 		.ascii	"\316D-\004\306\026\247\276>\325\310|\275\201\217\254"
 5783      C616A7BE 
 5783      3ED5C87C 
 5783      BD818FAC 
 5784 02c5 1B4C5C8D 		.ascii	"\033L\\\215\314'\253\221Y\263T-U\354\250ny\215R\241"
 5784      CC27AB91 
 5784      59B3542D 
 5784      55ECA86E 
 5784      798D52A1 
 5785 02d9 BC7C42E6 		.ascii	"\274|B\34699#\211\204\346\264\220s}_e\340\327#\323\336"
ARM GAS  C:\Users\PUBLIC~1.LAP\AppData\Local\Temp\ccSvJTCD.s 			page 226


 5785      39392389 
 5785      84E6B490 
 5785      737D5F65 
 5785      E0D723D3 
 5786 02ee DDD523F3 		.ascii	"\335\325#\363\325\005\276\010\360\010\013\352\331?\010"
 5786      D505BE08 
 5786      F0080BEA 
 5786      D93F08
 5787 02fd E1D6692C 		.ascii	"\341\326i,'sF\022Y#qs\310\364\275\012\374%\374\272j"
 5787      27734612 
 5787      59237173 
 5787      C8F4BD0A 
 5787      FC25FCBA 
 5788 0312 6422A06E 		.ascii	"d\"\240n0+\231\317\0216P\356\372\276\003\270N\251T\252"
 5788      302B99CF 
 5788      113650EE 
 5788      FABE03B8 
 5788      4EA954AA 
 5789 0326 581DFB3F 		.ascii	"X\035\373?\010\341\025\0117\225\314\031)T\315\344t\364"
 5789      08E11509 
 5789      3795CC19 
 5789      2954CDE4 
 5789      74F4
 5790 0338 E81B64E2 		.ascii	"\350\033d\342\025\371\244\247\034\302\207\360\253\005"
 5790      15F9A4A7 
 5790      1CC287F0 
 5790      AB05
 5791 0346 66BDAB16 		.ascii	"f\275\253\026\230o\334\325\310\254\271\032\231\031\352"
 5791      986FDCD5 
 5791      C8ACB91A 
 5791      9919EA
 5792 0355 06F3AF4F 		.ascii	"\006\363\257O\376\352\244\202Yp\307\264r]\316\310\242"
 5792      FEEAA482 
 5792      5970C7B4 
 5792      725DCEC8 
 5792      A2
 5793 0366 1F216172 		.ascii	"\037!ar@\372bP7\230\267\032\231'\234\354\002E\377\355"
 5793      40FA6250 
 5793      3798B71A 
 5793      99279CEC 
 5793      0245FFED 
 5794 037a 52E16EE9 		.ascii	"R\341n\351\270\232\232\325\246\376\374\203\277L\341"
 5794      B89A9AD5 
 5794      A6FEFC83 
 5794      BF4CE1
 5795 0389 6EF5A982 		.ascii	"n\365\251\202\337n\360\327\243\263#\357\201\203\015"
 5795      DF6EF0D7 
 5795      A3B323EF 
 5795      81830D
 5796 0398 BC017F69 		.ascii	"\274\001\177i\342\257Ov\010\251\245\231T\370\353\012"
 5796      E2AF4F76 
 5796      08A9A599 
 5796      54F8EB0A 
 5797 03a8 7F0DFE56 		.ascii	"\177\015\376V\203\226\263\003\330\300=\324\012\374\225"
 5797      8396B303 
 5797      D8C03DD4 
 5797      0AFC95
ARM GAS  C:\Users\PUBLIC~1.LAP\AppData\Local\Temp\ccSvJTCD.s 			page 227


 5798 03b7 F8365773 		.ascii	"\3706Ws\022\376\362\001\377\335\376\026\201\363\376"
 5798      12FEF201 
 5798      FFDDFE16 
 5798      81F3FE
 5799 03c6 2BE4BFDB 		.ascii	"+\344\277\333\337*\004j\211\033\375\327G\232\004\374"
 5799      DF2A046A 
 5799      891BFDD7 
 5799      479A04FC 
 5800 03d6 7F63872A 		.ascii	"\177c\207*\003\266\324\022\037\341/K\370k\211\367_2"
 5800      03B6D412 
 5800      1FE12F4B 
 5800      F86B89F7 
 5800      5F32
 5801 03e8 40AD0159 		.ascii	"@\255\001Y\011\3202\202\216\240\277\014\201\312\205"
 5801      09D03282 
 5801      8EA0BF0C 
 5801      81CA85
 5802 03f7 15C00C1B 		.ascii	"\025\300\014\033\004\370\333\204\315\240G`1\250YbU\033"
 5802      04F8DB84 
 5802      CDA04760 
 5802      31A85962 
 5802      551B
 5803 0409 FCA5057F 		.ascii	"\374\245\005\177\025\252C0\376\372BF\003f\324'\251\222"
 5803      15AA4330 
 5803      FEFA4246 
 5803      0366D427 
 5803      A992
 5804 041b 08AEDED0 		.ascii	"\010\256\336\320\361\327\034\177\305\372\226\372\341"
 5804      F1D71C7F 
 5804      C5FA96FA 
 5804      E1
 5805 0428 1BA8596C 		.ascii	"\033\250Yl^\301_\326\377n\177\213\3009\250%~\301\177"
 5805      5EC15FD6 
 5805      FF6E7F8B 
 5805      C039A825 
 5805      7EC17F
 5806 043b D9FE2A54 		.ascii	"\331\376*T\207\320\354\005\0218\007~\276\341\277]\240"
 5806      87D0EC05 
 5806      1138077E 
 5806      BEE1BF5D 
 5806      A0
 5807 044c D41B5500 		.ascii	"\324\033U\000\255\304\006\340\257T\177\223P-8\272\333"
 5807      ADC406E0 
 5807      AF547F93 
 5807      502D38BA 
 5807      DB
 5808 045d DF6A56FD 		.ascii	"\337jV\375P\303X\013l\005\177-\361\002\374W\354n\177"
 5808      50C3580B 
 5808      6C057F2D 
 5808      F102FC57 
 5808      EC6E7F
 5809 0470 7BC05F3B 		.ascii	"{\300_;\370k\010C\266\303o\001\360\367\334\206\337\032"
 5809      F86B0843 
 5809      B6C36F01 
 5809      F0F7DC86 
 5809      DF1A
 5810 0482 55A20700 		.ascii	"U\242\007\000\360_)\177\035\341\257\015\250%\374U\001"
ARM GAS  C:\Users\PUBLIC~1.LAP\AppData\Local\Temp\ccSvJTCD.s 			page 228


 5810      F05F297F 
 5810      1DE1AF0D 
 5810      A825FC55 
 5810      01
 5811 0493 FFE92AB1 		.ascii	"\377\351*\261\304\205\376\253\344o\014\330\242\337\377"
 5811      C485FEAB 
 5811      E46F0CD8 
 5811      A2DFFF
 5812 04a2 2251AB42 		.ascii	"\"Q\253Bu\350o\2676\233\241\233,\221\035b\300_\207\374"
 5812      75E86FB7 
 5812      369BA19B 
 5812      2C911D62 
 5812      C05F87FC 
 5813 04b6 56E8AF30 		.ascii	"V\350\2570\3746\350\257]\177m\341?\362\257\303\337\002"
 5813      FC36E8AF 
 5813      5D7F6DE1 
 5813      3FF2AFC3 
 5813      DF02
 5814 04c8 4D40847A 		.ascii	"M@\204z\200\212\302_I\260\370?\007\376\016SQl\240v\340"
 5814      808AC25F 
 5814      49B0F83F 
 5814      07FE0E53 
 5814      516CA076 
 5815 04dd AF44EBF3 		.ascii	"\257D\353\363\377\350\277\007k\332\376\355\377\336\363"
 5815      FFE8BF07 
 5815      6BDAFEED 
 5815      FFDEF3
 5816 04ec B7DDDF78 		.ascii	"\267\335\337x\376\266\3637\235\277\351\376\226\363\367"
 5816      FEB6F337 
 5816      9DBFE9FE 
 5816      96F3F7
 5817 04fb 5C899AC2 		.ascii	"\\\211\232\302\177\013\374\267\355\257'\324\023\025"
 5817      7F0BFCB7 
 5817      EDAF27D4 
 5817      1315
 5818 0509 F857A610 		.ascii	"\370W\246\020\376\273\375\215\244\232P\027\360\037\014"
 5818      FEBBFD8D 
 5818      A49A5017 
 5818      F01F0C
 5819 0518 8ABF126B 		.ascii	"\212\277\022k\211s\370o\216\277\275\334\374]B\230\377"
 5819      8973F86F 
 5819      8EBFBDDC 
 5819      FC5D4298 
 5819      FF
 5820 0529 E67F6DFC 		.ascii	"\346\177m\374\335\346\3574\177\237\371\033\356o2\177"
 5820      DDE6EF34 
 5820      7F9FF91B 
 5820      EE6F327F 
 5821 0539 BBFDEDE5 		.ascii	"\273\375\355\345\357\265\277\325\376\326\3627\226\277"
 5821      EFB5BFD5 
 5821      FED6F237 
 5821      96BF
 5822 0547 D3FE9EF2 		.ascii	"\323\376\236\362w\224\277\241\374\015\366w\223\277\227"
 5822      7794BFA1 
 5822      FC0DF677 
 5822      93BF97
 5823 0556 FC8DE46F 		.ascii	"\374\215\344o#\177\303\3607\220\277\271\376F\372[\205"
ARM GAS  C:\Users\PUBLIC~1.LAP\AppData\Local\Temp\ccSvJTCD.s 			page 229


 5823      237FC3F0 
 5823      3790BFB9 
 5823      FE46FA5B 
 5823      85
 5824 0567 BFB5FEEE 		.ascii	"\277\265\376\356\361w\326\337:\376\266\361w\325\337"
 5824      F177D6DF 
 5824      3AFEB6F1 
 5824      77D5DF
 5825 0576 527FE7BF 		.ascii	"R\177\347\277_\370[\305\337\350\337L\177\247\370\033"
 5825      5FF85BC5 
 5825      DFE8DF4C 
 5825      7FA7F81B 
 5826 0586 F8F707FE 		.ascii	"\370\367\007\376\366\300\337\032\370;\003\177_\340\357"
 5826      F6C0DF1A 
 5826      F83B037F 
 5826      5FE0EF
 5827 0595 0AFC3D81 		.ascii	"\012\374=\201\277%\360W\000\374\265\352o\022\376\272"
 5827      BF25F057 
 5827      00FCB5EA 
 5827      6F12FEBA 
 5828 05a5 E36F14FE 		.ascii	"\343o\024\376z\364\367\011\177u\341\257\021\370\353"
 5828      7AF4F709 
 5828      7F75E1AF 
 5828      11F8EB
 5829 05b4 D3DF26FC 		.ascii	"\323\337&\374\365\367w\011\377\325\374/\363\377\355"
 5829      F5F77709 
 5829      FFD5FC2F 
 5829      F3FFED
 5830 05c3 FF9BFF6D 		.ascii	"\377\233\377m\376v\300\177\261\377\034\374\367\360\367"
 5830      FE76C07F 
 5830      B1FF1CFC 
 5830      F7F0F7
 5831 05d2 02FEFAF3 		.ascii	"\002\376\372\363\377\354?\331\377-\177+\340\357\021"
 5831      FFEC3FD9 
 5831      FF2D7F2B 
 5831      E0EF11
 5832 05e1 FE4EC05F 		.ascii	"\376N\300_g\374\215\200\277f\375\225\310_\177\374g\363"
 5832      67FC8D80 
 5832      BF66FD95 
 5832      C85F7FFC 
 5832      67F3
 5833 05f3 57AEFF4B 		.ascii	"W\256\377K\177\335\372\253\326_}\374\265\307_y\374\365"
 5833      7FDDFAAB 
 5833      D65F7DFC 
 5833      B5C75F79 
 5833      FCF5
 5834 0605 C35F8D7F 		.ascii	"\303_\215\177]\361W\025\177-\376\225\370\327\364\257"
 5834      5DF15715 
 5834      7F2DFE95 
 5834      F8D7F4AF 
 5835 0615 E85F4BFC 		.ascii	"\350_K\374\007\373\257\364\277\313\377\016wwww\277P"
 5835      07FBAFF4 
 5835      BFCBFF0E 
 5835      77777777 
 5835      BF50
 5836 0627 8D1F88EA 		.ascii	"\215\037\210\352'\321AW\310Ura\270G.\223\333u\207\334"
 5836      27D14157 
ARM GAS  C:\Users\PUBLIC~1.LAP\AppData\Local\Temp\ccSvJTCD.s 			page 230


 5836      C8557261 
 5836      B8472E93 
 5836      DB7587DC 
 5837 063b 2677C945 		.ascii	"&w\311Er\277n\221k\344\036\253\330\365j<\277\\\367\207"
 5837      72BF6E91 
 5837      6BE41EAB 
 5837      D8F56A3C 
 5837      BF5CF787 
 5838 064f D78DB265 		.ascii	"\327\215\262e\326\311\270B\2208\326\313\036\255\022"
 5838      D6C9B842 
 5838      9038D6CB 
 5838      1EAD12
 5839 065e 19C910AC 		.ascii	"\031\311\020\254\033\013\007\011\235\353\325I\354\\"
 5839      1B0B0709 
 5839      9DEBD549 
 5839      EC5C
 5840 066c 11BB84C9 		.ascii	"\021\273\204\311\236c\316H\013f\253\330,]m\222q\256"
 5840      9E63CE48 
 5840      0B66ABD8 
 5840      2C5D6D92 
 5840      71AE
 5841 067e D70572B9 		.ascii	"\327\005r\271+C\2229#A\\:7fvhp\017\004\206/\\\335`\036"
 5841      2B439239 
 5841      23415C3A 
 5841      37667668 
 5841      700F0486 
 5842 0697 CB6F8FAB 		.ascii	"\313o\217\253u}T\261\273\025u\267n\226-\013\022\206"
 5842      757D54B1 
 5842      BB1575B7 
 5842      6E962D0B 
 5842      1286
 5843 06a9 C4DDBA3C 		.ascii	"\304\335\272<l\026,\307\273u\215wG\256\241A\233X\007"
 5843      6C162CC7 
 5843      BB758D77 
 5843      47AEA141 
 5843      9B5807
 5844 06bc 102040F4 		.ascii	"\020 @\364\224\261n\012\337\003)\301\0072\202\257\260"
 5844      94B16E0A 
 5844      DF0329C1 
 5844      073282AF 
 5844      B0
 5845 06cd 19313FEC 		.ascii	"\0311?\354\334\033\026I\325\0170(\327\306\221#\016\213"
 5845      DC1B1649 
 5845      D50F3028 
 5845      D7C69123 
 5845      0E8B
 5846 06df BC3682A2 		.ascii	"\2746\202\242\220\271G\010\311=k`:.\326\315Q\305.\216"
 5846      90B94708 
 5846      C93D6B60 
 5846      3A2ED6CD 
 5846      51C52E8E 
 5847 06f3 6BF52BE3 		.ascii	"k\365+\343VM0tDr\205\006\276\007\032\202\377k\343\326"
 5847      564D3074 
 5847      44728506 
 5847      BE071A82 
 5847      FF6BE3D6 
 5848 0707 A09BE2D6 		.ascii	"\240\233\342\326\325\367\352\215\025\"k\372\036\250"
ARM GAS  C:\Users\PUBLIC~1.LAP\AppData\Local\Temp\ccSvJTCD.s 			page 231


 5848      D5F7EA8D 
 5848      15226BFA 
 5848      1EA8
 5849 0715 06BE34AE 		.ascii	"\006\2764\256U~#eG\337\003=\341\377\344\301\377\261"
 5849      557E2365 
 5849      47DF033D 
 5849      E1FFE4C1 
 5849      FFB1
 5850 0727 830F5737 		.ascii	"\203\017W7\230A\325\310\2740\256\213K\325\301\0163J"
 5850      9841D5C8 
 5850      BC30AE8B 
 5850      4BD5C10E 
 5850      334A
 5851 0739 92753746 		.ascii	"\222u7F\025\2730\356\013\240\035F\314\262\334\373\237"
 5851      15BB30EE 
 5851      0BA01D46 
 5851      CCB2DCFB 
 5851      9F
 5852 074a 2254533F 		.ascii	"\"TS?na\240\352L])\012\334\314Q\365\375\217\017\374"
 5852      6E61A0EA 
 5852      4C5D290A 
 5852      DCCC51F5 
 5852      FD8F0FFC 
 5853 075e 9F2CFC1F 		.ascii	"\237,\374\037,\374\037+\374_\250\373\324\005\013\014"
 5853      2CFC1F2B 
 5853      FC5FA8FB 
 5853      D4050B0C 
 5854 076e B7BED749 		.ascii	"\267\276\327IK\030\231V\337\377@\341\233\355\035\220"
 5854      4B189956 
 5854      DFFF40E1 
 5854      9BED1D90 
 5855 077e 184DBCFA 		.ascii	"\030M\274\372\2367\007\237\027G\217\035[\225\232\265"
 5855      9E37079F 
 5855      17478F1D 
 5855      5B959AB5 
 5856 078e BE4DA78A 		.ascii	"\276M\247\212\214\253\276\366N\333;\027\330\345\374"
 5856      8CABBEF6 
 5856      4EDB3B17 
 5856      D8E5FC
 5857 079d 64F1D83C 		.ascii	"d\361\330<\267wl]\255\031\324\232\001QP\332\323\334"
 5857      B7776C5D 
 5857      AD19D49A 
 5857      015150DA 
 5857      D3DC
 5858 07af 9579CF93 		.ascii	"\225y\317\223\303\347\245\301\347\275\341\337\322\261"
 5858      C3E7A5C1 
 5858      E7BDE1DF 
 5858      D2B1
 5859 07bd 73B8D4DA 		.ascii	"s\270\324\332\312\372Z96\206*\326\201\2453\215X\310"
 5859      CAFA5A39 
 5859      36862AD6 
 5859      81A5338D 
 5859      58C8
 5860 07cf 6C       		.ascii	"l"
 5861 07d0 973392A8 		.ascii	"\2273\222\250\364JrG\247\357yk\370\265\003s\004\265"
 5861      F44A7247 
 5861      A7EF796B 
ARM GAS  C:\Users\PUBLIC~1.LAP\AppData\Local\Temp\ccSvJTCD.s 			page 232


 5861      F8B50373 
 5861      04B5
 5862 07e2 03F33C2C 		.ascii	"\003\363<,qn\2208!>\372\236G\206\355\233\030ak\326\372"
 5862      716E9038 
 5862      213EFA9E 
 5862      4786ED9B 
 5862      18616BD6 
 5863 07f7 9E1786CF 		.ascii	"\236\027\206\317c\202\255\334O\235\036&1\364=\317\010"
 5863      6382ADDC 
 5863      4F9D1E26 
 5863      31F43DCF 
 5863      08
 5864 0808 3E6F0876 		.ascii	">o\010v\273\234\214\343\030\333\206\226u\314\031\311"
 5864      BB9C8CE3 
 5864      18DB8696 
 5864      75CC19C9 
 5865 0818 C57A8172 		.ascii	"\305z\201r\314\031\251f\225\240]I\346\214$c6\367\305"
 5865      CC19A966 
 5865      95A05D49 
 5865      E68C2463 
 5865      36F7C5
 5866 082b 8AE93A6E 		.ascii	"\212\351:n\261N\332\314\3304V\215=c\327X6\266\214ES"
 5866      B14EDACC 
 5866      D834568D 
 5866      3D63D758 
 5866      36B68C45 
 5867 0840 C52CDC0F 		.ascii	"\305,\334\017\002\234}\263b4\2703#D\255.\347\334\001"
 5867      029C7DB3 
 5867      6234B833 
 5867      2344AD2E 
 5867      E7DC01
 5868 0853 C40F9C30 		.ascii	"\304\017\2340`\332h\270\307r\370\030\016\037\213\301"
 5868      60DA68B8 
 5868      C772F818 
 5868      0E1F8BC1 
 5869 0863 BF6DCB53 		.ascii	"\277m\313Sx\264H\353{\334\005[0\226\255\212\371\330"
 5869      78B448EB 
 5869      7BDC055B 
 5869      3096AD8A 
 5869      F9D8
 5870 0875 30BF2DCC 		.ascii	"0\277-\314\366\330\351{\234\005\263\3109\347\352c\372"
 5870      F6D8E97B 
 5870      9C05B3C8 
 5870      39E7EA63 
 5870      FA
 5871 0886 F898C755 		.ascii	"\370\230\307U\360o\275\330.sdPc\372v\261k\245\261\213"
 5871      F06FBDD8 
 5871      2E736450 
 5871      63FA76B1 
 5871      6BA5B18B 
 5872 089a 1A307CFC 		.ascii	"\0320|\374\205\217\211\340\343\037\370x\013\237a\331"
 5872      858F89E0 
 5872      E31FF878 
 5872      0B9F61D9 
 5873 08aa 42E3A3EF 		.ascii	"B\343\243\357A\270b\241\330\264 ^\316Q\356`\251b\366"
 5873      41B862A1 
 5873      D8B4205E 
ARM GAS  C:\Users\PUBLIC~1.LAP\AppData\Local\Temp\ccSvJTCD.s 			page 233


 5873      CE51EE60 
 5873      A962F6
 5874 08bd 8AB5F28B 		.ascii	"\212\265\362\213\314 &(\325\330\3364\271i\026\355\010"
 5874      CC202628 
 5874      D5D8DE34 
 5874      B96916ED 
 5874      08
 5875 08ce 8D1C6CFA 		.ascii	"\215\034l\372\236\371\\\3159v\365=\306af\255\3306u@"
 5875      9EF95CCD 
 5875      3976F53D 
 5875      C66166AD 
 5875      D8367540 
 5876 08e2 CAFA1ECF 		.ascii	"\312\372\036\317\300\307RX\212y\027wud\314\212U1Kf\303"
 5876      C0C75258 
 5876      8A791777 
 5876      7564CC8A 
 5876      55314B66 
 5877 08f7 9096CA8C 		.ascii	"\220\226\312\214c\316H2\013\305R\251\310\263\014\205"
 5877      63CE4832 
 5877      0BC552A9 
 5877      C8B30C85 
 5878 0907 E6C317DC 		.ascii	"\346\303\027\334\236\265:\036\031\225(T\314{\037,\370"
 5878      9EB53A1E 
 5878      19952854 
 5878      CC7B1F2C 
 5878      F8
 5879 0918 B754A6C0 		.ascii	"\267T\246\300q\003\346\324W\312\217\033\252\264\253"
 5879      7103E6D4 
 5879      57CA8F1B 
 5879      AAB4AB
 5880 0927 BEF711B3 		.ascii	"\276\367\021\263Ql\230\020#s\316\364\275\017\030\276"
 5880      516C9810 
 5880      2373CEF4 
 5880      BD0F18BE 
 5881 0937 8F127C1F 		.ascii	"\217\022|\037\"xD52\233\360\264D\311\202\325\367>=\360"
 5881      22784435 
 5881      329BF0B4 
 5881      44C982D5 
 5881      F73E3DF0 
 5882 094b 7D6C6004 		.ascii	"}l`\004(I\342\345\306\207S_\233\304~\021\315\361\242"
 5882      2849E2E5 
 5882      C687535F 
 5882      9BC47E11 
 5882      CDF1A2
 5883 095e 4BD3F73E 		.ascii	"K\323\367>1\360}\242\260=\322W6\322\342\364\275i\207"
 5883      31F07DA2 
 5883      B03DD257 
 5883      36D2E2F4 
 5883      BD6987
 5884 0971 6FD2E123 		.ascii	"o\322\341#m\021KdLk\355I\337\036\003\204cF\327[\337"
 5884      6D114B64 
 5884      4C6BED49 
 5884      DF1E0384 
 5884      6346D75B 
 5885 0986 8310A4AE 		.ascii	"\203\020\244\256)2%\304vU1;d\210\205\301BU\344Y\206"
 5885      293225C4 
 5885      7655313B 
ARM GAS  C:\Users\PUBLIC~1.LAP\AppData\Local\Temp\ccSvJTCD.s 			page 234


 5885      648885C1 
 5885      4255E459 
 5886 099b 4AD3C117 		.ascii	"J\323\301\027\222\256n\002\020u\216\227=U\314{3\011"
 5886      92AE6E02 
 5886      10758E97 
 5886      3D55CC7B 
 5886      3309
 5887 09ad BE4904FF 		.ascii	"\276I\004\377\026\210\205\372\271\002E\213\306\0172"
 5887      168885FA 
 5887      B902458B 
 5887      C60F32
 5888 09bc 7488DC71 		.ascii	"t\210\334q\221!j\013\022\346d\253\315\307\211\325\224"
 5888      91216A0B 
 5888      12E664AB 
 5888      CDC789D5 
 5888      94
 5889 09cd 2BAB15F7 		.ascii	"+\253\025\367\003\347\244\245\211\365q9k%\216\210\233"
 5889      03E7A4A5 
 5889      89F57139 
 5889      6B258E88 
 5889      9B
 5890 09de ED6179B4 		.ascii	"\355ay\264\236!w`\226\207\315\312\262\242\243\352[\367"
 5890      9E217760 
 5890      9687CDCA 
 5890      B2A2A3EA 
 5890      5BF7
 5891 09f0 5C296C31 		.ascii	"\\)l1\254\365}\005\273\252k\332l\215\272f\313\015K\243"
 5891      ACF57D05 
 5891      BBAA6BDA 
 5891      6C8DBA66 
 5891      CB0D4BA3 
 5892 0a04 C695B137 		.ascii	"\306\225\2617\254\215\037sG{\243\357X\032h\336$\261"
 5892      AC8D1F73 
 5892      477BA3EF 
 5892      581A68DE 
 5892      24B1
 5893 0a16 2C0E9BC3 		.ascii	",\016\233\303\356\260:\252\230\275\021\204fD\312U\320"
 5893      EEB03AAA 
 5893      98BD1184 
 5893      6644CA55 
 5893      D0
 5894 0a27 BDF903DF 		.ascii	"\275\371\003\337\314\3027o\340\233F\374[+c\331\245\215"
 5894      CCC2376F 
 5894      E09B46FC 
 5894      5B2B63D9 
 5894      A58D
 5895 0a39 CE4CDFDF 		.ascii	"\316L\337\337\032og\230\275\210J\322\267\243\354\226"
 5895      1A6F6798 
 5895      BD884AD2 
 5895      B7A3EC96 
 5896 0a49 312BB7BE 		.ascii	"1+\267\276N\026\012\312\313R\331)4Q\242\032\213l\210"
 5896      4E160ACA 
 5896      CB52D929 
 5896      3451A21A 
 5896      8B6C88
 5897 0a5c 6DD1583F 		.ascii	"m\321X?\262\222\226\252\357\330L\366\304\312\260/l\225"
 5897      B29296AA 
ARM GAS  C:\Users\PUBLIC~1.LAP\AppData\Local\Temp\ccSvJTCD.s 			page 235


 5897      EFD84CF6 
 5897      C4CAB02F 
 5897      6C95
 5898 0a6e 8D616154 		.ascii	"\215aaT1K\365[\027V\012\204yDJ\321\012\2727\241p\325"
 5898      314BF55B 
 5898      17560A84 
 5898      79444AD1 
 5898      0ABA37A1 
 5899 0a84 AA1B4C09 		.ascii	"\252\033L\011\252\221\371\322\016\277\254\203\177\013"
 5899      AA91F9D2 
 5899      0EBFAC83 
 5899      7F0B
 5900 0a92 659F889C 		.ascii	"e\237\210\234\015)\322\027Y\221L\271\011\353\3732\211"
 5900      0D29D217 
 5900      59914CB9 
 5900      09EBFB32 
 5900      89
 5901 0aa3 FFDED377 		.ascii	"\377\336\323w\346\034\261!d}_\276a=@\200\324\271\323"
 5901      E61CB121 
 5901      647D5FBE 
 5901      613D4080 
 5901      D4B9D3
 5902 0ab6 D7AEACE3 		.ascii	"\327\256\254\343\203\216\027\334y\032O\243\345\220\212"
 5902      838E17DC 
 5902      791A4FA3 
 5902      E5908A
 5903 0ac5 EAFB320D 		.ascii	"\352\3732\015\277$\303\177\327u\327PZ\030\016+;GO\254"
 5903      BF24C37F 
 5903      D775D750 
 5903      5A180E2B 
 5903      3B474FAC 
 5904 0ad9 EEBED4A9 		.ascii	"\356\276\324\251c\366\012\332\333\032:qo\230\234\301"
 5904      63F60ADA 
 5904      DB1A3A71 
 5904      6F989CC1 
 5905 0ae9 CDA19B0A 		.ascii	"\315\241\233\012k3\322\305\300\346G\232\026\215\244"
 5905      6B33D2C5 
 5905      C0E6479A 
 5905      168DA4
 5906 0af8 C37064E9 		.ascii	"\303pd\351\271\206\323\311\216S\305\234\332\215\227"
 5906      B986D3C9 
 5906      8E53C59C 
 5906      DA8D97
 5907 0b07 E6717C53 		.ascii	"\346q|S\341\220\034\315t\033\254\343\232\234N\353.f"
 5907      E1901CCD 
 5907      741BACE3 
 5907      9A9C4EEB 
 5907      2E66
 5908 0b19 458E3923 		.ascii	"E\2169#'\000\001\002\004\010\336\231$u\322~\356\313"
 5908      27000102 
 5908      0408DE99 
 5908      2475D27E 
 5908      EECB
 5909 0b2b 28B8E6BA 		.ascii	"(\270\346\272\301\214k96Be?\310\234\372\276D\022w6`"
 5909      C18C6B39 
 5909      3642653F 
 5909      C89CFABE 
ARM GAS  C:\Users\PUBLIC~1.LAP\AppData\Local\Temp\ccSvJTCD.s 			page 236


 5909      44127736 
 5910 0b40 7024215B 		.ascii	"p$![\363f\323N\332\324\000\315\335\221\363J\363\237"
 5910      F366D34E 
 5910      DAD400CD 
 5910      DD91F34A 
 5910      F39F
 5911 0b52 F75336C3 		.ascii	"\367S6\303,\367m4C;\344|y\353\373\022H\237)w\220\351"
 5911      2CF76D34 
 5911      433BE47C 
 5911      79EBFB12 
 5911      489F2977 
 5912 0b68 326FD58E 		.ascii	"2o\325\216\207\021I\337\227Sd\336\204\350\272\004\221"
 5912      871149DF 
 5912      975364DE 
 5912      84E8BA04 
 5912      91
 5913 0b79 EBDB6F6E 		.ascii	"\353\333onmG\207\013\025\267\266F\0233sDL\217\301j\272"
 5913      6D47870B 
 5913      15B7B646 
 5913      13337344 
 5913      4C8FC16A 
 5914 0b8e E460E011 		.ascii	"\344`\340\021\323l\265\315\207\211\324\015\270\276\015"
 5914      D36CB5CD 
 5914      8789D40D 
 5914      B8BE0D
 5915 0b9d A61A8734 		.ascii	"\246\032\2074q\323\267\277T\264\377<!6_\3069\265\377"
 5915      71D3B7BF 
 5915      54B4FF3C 
 5915      21365FC6 
 5915      39B5FF
 5916 0bb0 3CA43076 		.ascii	"<\2440vg\372\376\306q\3515\265\237\251:\"G\372\376\206"
 5916      67FAFEC6 
 5916      71E935B5 
 5916      9FA93A22 
 5916      47FAFE86 
 5917 0bc4 E1A2F6A5 		.ascii	"\341\242\366\245C\215\227+o\265\326BD\015\214\036}["
 5917      438D972B 
 5917      6FB5D642 
 5917      440D8C1E 
 5917      7D5B
 5918 0bd6 4B7796DE 		.ascii	"Kw\226\336\362\326\322X\376A\010\017\212j-7\347\247"
 5918      F2D6D258 
 5918      FE41080F 
 5918      8A6A2D37 
 5918      E7A7
 5919 0be8 5A3318AA 		.ascii	"Z3\030\2525\003\033#K\225:\346\375]\303W\014\377\215"
 5919      35031B23 
 5919      4B953AE6 
 5919      FD5DC357 
 5919      0CFF8D
 5920 0bfb 761694B9 		.ascii	"v\026\224\271\366\320\365\235\200(L\224!X}\303\244\324"
 5920      F6D0F59D 
 5920      80284C94 
 5920      21587DC3 
 5920      A4D4
 5921 0c0d B22CC927 		.ascii	"\262,\311'\365N\023\011\212\312\220\263\0207\307\234"
 5921      F54E1309 
ARM GAS  C:\Users\PUBLIC~1.LAP\AppData\Local\Temp\ccSvJTCD.s 			page 237


 5921      8ACA90B3 
 5921      1037C79C 
 5922 0c1d B399CAA6 		.ascii	"\263\231\312\246\306Q\345 \321Ij\231\324\225\264+\025"
 5922      C651E520 
 5922      D1496A99 
 5922      D495B42B 
 5922      15
 5923 0c2e CDE6E310 		.ascii	"\315\346\343\020\0159)\3118r\250\250\254T,O\2169#\303"
 5923      0D3929C9 
 5923      3872A8A8 
 5923      AC542C4F 
 5923      8E3923C3 
 5924 0c42 98748DF1 		.ascii	"\230t\215\361j\253\362W+f\025\015\215K?\251^*\233\315"
 5924      6AABF257 
 5924      2B66150D 
 5924      8D4B3FA9 
 5924      5E2A9BCD 
 5925 0c56 C715E48C 		.ascii	"\307\025\344\214$\351\364\223Z\247\316\261NF$)<\311"
 5925      24E9F493 
 5925      5AA7CEB1 
 5925      4E462429 
 5925      3CC9
 5926 0c68 9C735D7B 		.ascii	"\234s]{\322E\252Z\320S\206,%\244\214\334\377A\010\375"
 5926      D245AA5A 
 5926      D053862C 
 5926      25A48CDC 
 5926      FF4108FD 
 5927 0c7c A4B6A970 		.ascii	"\244\266\251p\202\2342d)*\031Gd\233\365\224&k\261\226"
 5927      829C3264 
 5927      292A1947 
 5927      649BF594 
 5927      266BB196 
 5928 0c90 D24E1AAC 		.ascii	"\322N\032\254\2534\224\036\353(m\245\303\232J7\351\262"
 5928      AB34941E 
 5928      EB286DA5 
 5928      C39A4A37 
 5928      E9B2
 5929 0ca2 2AD64FAA 		.ascii	"*\326O\252\230\267\222^R\315\234\251k\320xpyR\303T8"
 5929      98B7925E 
 5929      52CD9CA9 
 5929      6BD07870 
 5929      7952C354 
 5930 0cb7 EB6424A2 		.ascii	"\353d$\242!\327\225$\361\244\215\364\227\324\226d\316"
 5930      21D79524 
 5930      F1A48DF4 
 5930      97D49664 
 5930      CE
 5931 0cc8 481E9A31 		.ascii	"H\036\2321\271(\015\356o\023\214\265\352\006\263FU\243"
 5931      B9280DEE 
 5931      6F138CB5 
 5931      EA06B346 
 5931      55A3
 5932 0cda 71687C29 		.ascii	"qh|)\345^\266\231\263Cn\365-\343j[U\0027\226\354[\262"
 5932      E55EB699 
 5932      B3436EF5 
 5932      2DE36A5B 
 5932      55023796 
ARM GAS  C:\Users\PUBLIC~1.LAP\AppData\Local\Temp\ccSvJTCD.s 			page 238


 5933 0cf1 69182D97 		.ascii	"i\030-\227\007\307\217\2700q\342\302\240\301\024\304"
 5933      07C78FB8 
 5933      3071E2C2 
 5933      A0C114C4 
 5934 0d01 A54953DF 		.ascii	"\245IS\337\356\034\251b\350\362\005W`v\346LWe\241B{"
 5934      EE1CA962 
 5934      E8F20557 
 5934      6076E64C 
 5934      5765A142 
 5935 0d16 12A4AD0C 		.ascii	"\022\244\255\014WP\006\016\256\253>\340|'\313T2g\254"
 5935      5750060E 
 5935      AEAB3EE0 
 5935      7C27CB54 
 5935      3267AC
 5936 0d29 0F44459C 		.ascii	"\017DE\234\000\251\321\367FI0\005H\310\220)\335\364"
 5936      00A9D1F7 
 5936      46493005 
 5936      48C89029 
 5936      DDF4
 5937 0d3b 1CB354B1 		.ascii	"\034\263T\261\365\275Q\026\246\340\012\314\017\246t"
 5937      F5BD5116 
 5937      A6E00ACC 
 5937      0FA674
 5938 0d4a AB40CD33 		.ascii	"\253@\3153\244\334\354IR\265\201\362*\303\274t+\333"
 5938      A4DCEC49 
 5938      52B581F2 
 5938      2AC3BC74 
 5938      2BDB
 5939 0d5c EE60F1E1 		.ascii	"\356`\361\341\326\267\034\343\000\2470V\372\336\250"
 5939      D6B71CE3 
 5939      00A73056 
 5939      FADEA8
 5940 0d6b AA1453B2 		.ascii	"\252\024S\262\331\301\035\362x\361\"\343\247\012\030"
 5940      D9C11DF2 
 5940      78F122E3 
 5940      A70A18
 5941 0d7a B82F6B70 		.ascii	"\270/kp\0074kk1\216A5\326\340\332\372^\203\027LA\036"
 5941      07346B6B 
 5941      318E4135 
 5941      D6E0DAFA 
 5941      5E83174C 
 5942 0d90 35B5AECA 		.ascii	"5\265\256\312\002\243B\335a\205\351{\015d\270\202+-"
 5942      02A342DD 
 5942      6185E97B 
 5942      0D64B882 
 5942      2B2D
 5943 0da2 5AB2BCE8 		.ascii	"Z\262\274\350\270\030uP\372^\303\027\256\300\016\026"
 5943      B8187550 
 5943      FA5EC317 
 5943      AEC00E16 
 5944 0db2 2C763BB2 		.ascii	",v;\262\326^\260\341\351{\0158\260\007.\344\3132d\231"
 5944      D65EB0E1 
 5944      E97B0D38 
 5944      B0072EE4 
 5944      CB326499 
 5945 0dc6 66D704E5 		.ascii	"f\327\004\345\247\261\334\303\354\322\201\344F]\236"
 5945      A7B1DCC3 
ARM GAS  C:\Users\PUBLIC~1.LAP\AppData\Local\Temp\ccSvJTCD.s 			page 239


 5945      ECD281E4 
 5945      465D9E
 5946 0dd5 C2FA60A6 		.ascii	"\302\372`\246\271\203&\306\354e\332K4\271\2411*\\`\316"
 5946      B98326C6 
 5946      EC65DA4B 
 5946      34B9A131 
 5946      2A5C60CE 
 5947 0de9 7E5EA3BD 		.ascii	"~^\243\275\321\221\322\367Em\270\264r9\323k.\017\233"
 5947      D191D2F7 
 5947      456DB8B4 
 5947      7239D36B 
 5947      2E0F9B
 5948 0dfc BE6595BB 		.ascii	"\276e\225\273\001EyR&\246\034{I\366\363xk=\202p\365"
 5948      01457952 
 5948      26A61C7B 
 5948      49F6F378 
 5948      6B3D8270 
 5949 0e11 7D5117FC 		.ascii	"}Q\027\374\227bkv\034\373\276H\013~\221\031\366\360"
 5949      97626B76 
 5949      1CFBBE48 
 5949      0B7E9119 
 5949      F6F0
 5950 0e23 62CA94AE 		.ascii	"b\312\224\256\312s\\+b5\246\357\213\276\260\2073Q\242"
 5950      CA735C2B 
 5950      6235A6EF 
 5950      8BBEB087 
 5950      3351A2
 5951 0e36 D4EDC8AA 		.ascii	"\324\355\310\252\273\310/\271d\337\027\001\301\036\306"
 5951      BBC82FB9 
 5951      64DF1701 
 5951      C11EC6
 5952 0e45 A040B96C 		.ascii	"\240@\271l\037\264\240\314`\300\226D\310\224\222\014"
 5952      1FB4A0CC 
 5952      60C09644 
 5952      C894920C 
 5953 0e55 8D325964 		.ascii	"\2152Yd\260\007:``\365\2553 \245\256\314\035s\306\372"
 5953      B0073A60 
 5953      60F5AD33 
 5953      20A5AECC 
 5953      1D73C6FA 
 5954 0e69 004445AE 		.ascii	"\000DE\256K\233\032\266`\252I\223\313\026gG\226\311"
 5954      4B9B1AB6 
 5954      60AA4993 
 5954      CB166747 
 5954      96C9
 5955 0e7b 26861829 		.ascii	"&\206\030)d\330C\332\327W\271\344\203\026\224\231\014"
 5955      64D843DA 
 5955      D757B9E4 
 5955      83169499 
 5955      0C
 5956 0e8c 7C88DD2D 		.ascii	"|\210\335-\021\302\023\245N\230R\311\313%\036X\342\244"
 5956      11C213A5 
 5956      4E9852C9 
 5956      CB251E58 
 5956      E2A4
 5957 0e9e 6F99C4B6 		.ascii	"o\231\304\266\031\241bR&\346?\217\267\203\213\015\236"
 5957      19A16252 
ARM GAS  C:\Users\PUBLIC~1.LAP\AppData\Local\Temp\ccSvJTCD.s 			page 240


 5957      26E63F8F 
 5957      B7838B0D 
 5957      9E
 5958 0eaf 26B8831A 		.ascii	"&\270\203\032\022$\365\255\307r\217z\005\317\216\254"
 5958      1224F5AD 
 5958      C7728F7A 
 5958      05CF8EAC 
 5959 0ebf F36D6E4B 		.ascii	"\363mnK\337g\340\302\025\0241\361\277\034R\016)\215"
 5959      DF67E0C2 
 5959      151431F1 
 5959      BF1C520E 
 5959      298D
 5960 0ed1 7CD08232 		.ascii	"|\320\2022\263\201\217\257\273%u9c}\360\241\001\346"
 5960      B3818FAF 
 5960      BB257539 
 5960      637DF0A1 
 5960      01E6
 5961 0ee3 CCABF47A 		.ascii	"\314\253\364zi\304\007L\222\031a}\313\"\226HKO\230\""
 5961      69C4074C 
 5961      9219617D 
 5961      CB229648 
 5961      4B4F9822 
 5962 0ef7 7D2FA724 		.ascii	"}/\247$\262\366F\215\255o\331U*y\221\006\326\367Dn\370"
 5962      B2F6468D 
 5962      AD6FD955 
 5962      2A799106 
 5962      D6F7446E 
 5963 0f0c 4466D802 		.ascii	"Df\330\002+\030`\240\342\303\324AC\210\2320lA\027 @"
 5963      2B1860A0 
 5963      E2C3D441 
 5963      43889A30 
 5963      6C411720 
 5964 0f21 A464D998 		.ascii	"\244d\331\230\353ru\304\001\330\342\342\352\252'gAZ"
 5964      EB7275C4 
 5964      01D8E2E2 
 5964      EAAA2767 
 5964      415A
 5965 0f33 6943ACB8 		.ascii	"iC\254\270\360\0052\264\264\302\034\277\346\230\025"
 5965      F00532B4 
 5965      B4C21CBF 
 5965      E69815
 5966 0f42 C1812F40 		.ascii	"\301\201/@\322\243G}Cr\314XY\037xM\312\\\341\351{\""
 5966      D2A3477D 
 5966      4372CC58 
 5966      591F784D 
 5966      CA5CE1E9 
 5967 0f58 2A7C8159 		.ascii	"*|\201YVV\251\203\011U\233\330\2328;\030\203*\034/q"
 5967      5656A983 
 5967      09559BD8 
 5967      9A383B18 
 5967      832A1C2F 
 5968 0f6d 943A3A67 		.ascii	"\224::g%a\222ew\240\300\2259^\352(}\314\001\363\246"
 5968      25619265 
 5968      77A0C095 
 5968      395EEA28 
 5968      7DCC01F3 
 5969 0f82 6F89F5A1 		.ascii	"o\211\365\2415\030\203/\245\2614\2266X(\321q,\331\336"
ARM GAS  C:\Users\PUBLIC~1.LAP\AppData\Local\Temp\ccSvJTCD.s 			page 241


 5969      3518832F 
 5969      A5B13496 
 5969      365828D1 
 5969      712CD9DE 
 5970 0f96 A80952E3 		.ascii	"\250\011R\343\245\015\241){\362"
 5970      A50DA129 
 5970      7BF2
 5971 0fa0 90E95B5E 		.ascii	"\220\351[^\321\260\032\2033\340*\251J\252\262*\353K"
 5971      D1B01A83 
 5971      33E02AA9 
 5971      4AAAB22A 
 5971      EB4B
 5972 0fb2 4C72688C 		.ascii	"Lrh\214UT\227\214\227U\345\033T\232\221\276e\214\022"
 5972      5554978C 
 5972      9755E51B 
 5972      549A91BE 
 5972      658C12
 5973 0fc5 46F9620B 		.ascii	"F\371b\013\316`\256|*\237J\251-z\216\274\033o\334\354"
 5973      CE60AE7C 
 5973      2A9F4AA9 
 5973      2D7A8EBC 
 5973      1B6FDCEC 
 5974 0fd9 942E5E4A 		.ascii	"\224.^J\225C\230\200\271\323\267l\001\004\347\312\232"
 5974      95439880 
 5974      B9D3B76C 
 5974      0104E7CA 
 5974      9A
 5975 0fea 207DCB28 		.ascii	" }\313(\274\307I\226\236\276%\224\205j)D\202\\I\301"
 5975      BCC74996 
 5975      9EBE2594 
 5975      856A2944 
 5975      825C49C1 
 5976 0ffe 0240E6C9 		.ascii	"\002@\346\311S\346-G\222D<\256\\\264\271w/sP\235\034"
 5976      53E62D47 
 5976      92443CAE 
 5976      5CB4B977 
 5976      2F73509D 
 5977 1013 C6A8BE77 		.ascii	"\306\250\276wO\3053VV\327\367\352i\030h\366\360\320"
 5977      4FC53356 
 5977      56D7F7EA 
 5977      691868F6 
 5977      F0D0
 5978 1025 D2F7DAD5 		.ascii	"\322\367\332\325\270\312\203\206\021\264\272\346Efc"
 5978      B8CA8386 
 5978      11B4BAE6 
 5978      456663
 5979 1034 EBFB212F 		.ascii	"\353\373!/\334!\212\211k\247\336;w\334\216=:X1q\347"
 5979      DC218A89 
 5979      6BA7DE3B 
 5979      77DC8E3D 
 5979      3A583171 
 5980 1049 D45BA7CE 		.ascii	"\324[\247\316\225s\233\363\323\333\321\210\257\234\036"
 5980      95739BF3 
 5980      D3DBD188 
 5980      AF9C1E
 5981 1058 927174C9 		.ascii	"\222qt\311$IK\366\355\220\304\304\225S/\235\330\245"
 5981      24494BF6 
ARM GAS  C:\Users\PUBLIC~1.LAP\AppData\Local\Temp\ccSvJTCD.s 			page 242


 5981      ED90C4C4 
 5981      95532F9D 
 5981      D8A5
 5982 106a BB7226B8 		.ascii	"\273r&\270nm\311l\254A\200\0179\341+\247\205\366\034"
 5982      6E6DC96C 
 5982      AC41800F 
 5982      39E12BA7 
 5982      85F61C
 5983 107d F1AE6869 		.ascii	"\361\256hiy\261OUv\272\314\270s\277\311\241.:6\214\364"
 5983      79B14F55 
 5983      76BACCB8 
 5983      73BFC9A1 
 5983      2E3A368C 
 5984 1092 FD80C4EF 		.ascii	"\375\200\304\357\334\215\312\255\257\027/\372n\260\006"
 5984      DC8DCAAD 
 5984      AF172FFA 
 5984      6EB006
 5985 10a1 E7705AAD 		.ascii	"\347pZ\255s\316Y\215H\352\207WR(\016\036\200\225\033"
 5985      73CE598D 
 5985      48EA8757 
 5985      52280E1E 
 5985      80951B
 5986 10b4 37F5ADED 		.ascii	"7\365\255\355\347\213\217#b\304\340\001p9s\346\312e"
 5986      E78B8F23 
 5986      62C4E001 
 5986      703973E6 
 5986      CA65
 5987 10c6 C132915D 		.ascii	"\3012\221]5\336n\334\257\234\361\356\211\256\357e\223"
 5987      35DE6EDC 
 5987      AF9CF1EE 
 5987      89AEEF65 
 5987      93
 5988 10d7 86C7465B 		.ascii	"\206\307F[\337\273\306\004\363\365%\243\357\345\\5\377"
 5988      DFBBC604 
 5988      F3F525A3 
 5988      EFE55C35 
 5988      FF
 5989 10e8 790D66F5 		.ascii	"y\015f\365#\211\2324r\\1\340Z\010r\212\312\211\232\276"
 5989      23899A34 
 5989      725C31E0 
 5989      5A08728A 
 5989      CA899ABE 
 5990 10fc 17CD19D6 		.ascii	"\027\315\031\326\340\005\034\\}\273\002V\241\350\200"
 5990      E0051C5C 
 5990      7DBB0256 
 5990      A1E880
 5991 110b 58F5BD10 		.ascii	"X\365\275\020\022k\220\326\326v\311\274 \027'\024\007"
 5991      126B90D6 
 5991      D676C9BC 
 5991      20172714 
 5991      07
 5992 111c 06306B6F 		.ascii	"\0060ko\277d\210d\264\020\363\321\367\272\325\240\032"
 5992      BF648864 
 5992      B410F3D1 
 5992      F7BAD5A0 
 5992      1A
 5993 112d 746E56FA 		.ascii	"tnV\372^N\177\375\347\335-0Sk\234\340\015\204\210\021"
ARM GAS  C:\Users\PUBLIC~1.LAP\AppData\Local\Temp\ccSvJTCD.s 			page 243


 5993      5E4E7FFD 
 5993      E7DD2D30 
 5993      536B9CE0 
 5993      0D848811 
 5994 1141 53DFA034 		.ascii	"S\337\2404X\013\244\232\276\027\352\302\033\240\201"
 5994      580BA49A 
 5994      BE17EAC2 
 5994      1BA081
 5995 1150 3998CB86 		.ascii	"9\230\313\206s\316O\031\262\024Z\017\233\345\015\007"
 5995      73CE4F19 
 5995      B2145A0F 
 5995      9BE50D07 
 5996 1160 9BCBF965 		.ascii	"\233\313\371e\013\272s\223fk\355zY\343b\242\313\365"
 5996      0BBA7393 
 5996      666BED7A 
 5996      59E362A2 
 5996      CBF5
 5997 1172 D2A5BED5 		.ascii	"\322\245\276\325l\314y\010\213'9\216\031\013\353C\011"
 5997      6CCC7908 
 5997      8B27398E 
 5997      190BEB43 
 5997      09
 5998 1183 47B8A8FA 		.ascii	"G\270\250\372^\310\006\276\320\023\276\026-\365\315"
 5998      5EC806BE 
 5998      D013BE16 
 5998      2DF5CD
 5999 1192 CCB9915A 		.ascii	"\314\271\221Z=\214\031\313\370!\000r[\256\332\226\372"
 5999      3D8C19CB 
 5999      F8210072 
 5999      5BAEDA96 
 5999      FA
 6000 11a3 D6592B67 		.ascii	"\326Y+g5\",'P\222\031\013\353\003\321\015\262$o\372"
 6000      35222C27 
 6000      5092190B 
 6000      EB03D10D 
 6000      B2246FFA 
 6001 11b7 3E880E7E 		.ascii	">\210\016~\220\031\274\201\035,X\352\333\220\014e\306"
 6001      9019BC81 
 6001      1D2C58EA 
 6001      DB900C65 
 6001      C6
 6002 11c8 005F4E68 		.ascii	"\000_Nh\242\004qa\016\306\230\270V\256\331\357\331\317"
 6002      A2047161 
 6002      0EC698B8 
 6002      56AED9EF 
 6002      D9CF
 6003 11da 6EDA35E4 		.ascii	"n\3325\344\234[\344\034\305\210\017\016.T\226\324e,"
 6003      9C5BE41C 
 6003      C5880F0E 
 6003      2E5496D4 
 6003      652C
 6004 11ec E387FFA2 		.ascii	"\343\207\377\242\375\246Y1\226\215\213,i\372^\216\305"
 6004      FDA65931 
 6004      968D8B2C 
 6004      69FA5E8E 
 6004      C5
 6005 11fd 32C48C61 		.ascii	"2\304\214a\303\031*\362'\301\270\341?\020\335\230\335"
ARM GAS  C:\Users\PUBLIC~1.LAP\AppData\Local\Temp\ccSvJTCD.s 			page 244


 6005      C3192AF2 
 6005      27C1B8E1 
 6005      3F10DD98 
 6005      DD
 6006 120e 909C739D 		.ascii	"\220\234s\235\343\363\242,\007\216\2765\223\200A\316"
 6006      E3F3A22C 
 6006      078EBE35 
 6006      938041CE 
 6007 121e 359E9C32 		.ascii	"5\236\2342\344\234\363T\024\227U\235*\343r\312Q\\\311"
 6007      E49CF354 
 6007      1497559D 
 6007      2AE372CA 
 6007      515CC9
 6008 1231 A2A9322E 		.ascii	"\242\2512.\253\2512-c\006SH.\0329J\313Xs\324\223q\012"
 6008      ABA9322D 
 6008      63065348 
 6008      2E1A394A 
 6008      CB5873D4 
 6009 1248 997351CE 		.ascii	"\231sQ\316Zy\252\214\313\252(#\237\214\031\231s\005"
 6009      5A79AA8C 
 6009      CBAA2823 
 6009      9F8C1999 
 6009      7305
 6010 125a 8BD2CA53 		.ascii	"\213\322\312SY\313X\2472W\3169k\025MEi9\3452.\253\232"
 6010      59CB58A7 
 6010      3257CE39 
 6010      6B154D45 
 6010      6939E532 
 6011 1271 CBB88C53 		.ascii	"\313\270\214Se\\\306\242)\344S\316\310'\247\014r~2N"
 6011      655CC6A2 
 6011      29E453CE 
 6011      C827A70C 
 6011      727E324E 
 6012 1285 951D3116 		.ascii	"\225\0351\026\345(.\247\251\262'+\022rv\012\263s\252"
 6012      E5282EA7 
 6012      A9B2272B 
 6012      1272760A 
 6012      B373AA
 6013 1298 4E506442 		.ascii	"NPdBr\331S\2146Ne\0359\347\034\025\031\225\261r\216"
 6013      72D9538C 
 6013      364E651D 
 6013      39E71C15 
 6013      1995B172 
 6014 12ad D2EA90C9 		.ascii	"\322\352\220\311\264\246\334\240\264\2102X\325\221*"
 6014      B4A6DCA0 
 6014      B4883258 
 6014      D5912A
 6015 12bc E76CE69C 		.ascii	"\347l\346\234s\022\035Ej\371\351\230\341\260\236(0\346"
 6015      73121D45 
 6015      6AF9E998 
 6015      E1B09E28 
 6015      30E6
 6016 12ce ACC30999 		.ascii	"\254\303\011\231u\230\310LA\206;\346\234\235\340*\022"
 6016      7598C84C 
 6016      41863BE6 
 6016      9C9DE02A 
 6016      12
ARM GAS  C:\Users\PUBLIC~1.LAP\AppData\Local\Temp\ccSvJTCD.s 			page 245


 6017 12df 2E3BA945 		.ascii	".;\251E\345\\\325r\306r\221s\316\220\205r\024\215\030"
 6017      E55CD572 
 6017      C6729173 
 6017      CE908572 
 6017      148D18
 6018 12f2 503FB482 		.ascii	"P?\264\202\\@iI\345%[5\347\234\255\246\312~h\221\340"
 6018      5C406949 
 6018      E5255B35 
 6018      E79CADA6 
 6018      CA7E6891 
 6019 1307 62A5EC98 		.ascii	"b\245\354\230\241\220Nu*\206V>\3468.#.sB\346\263\234"
 6019      A1904E75 
 6019      2A86563E 
 6019      E6382E23 
 6019      2E7342E6 
 6020 131d 73A50B3A 		.ascii	"s\245\013:\362\366e\013\262\355\215+\331\027i\206!\351"
 6020      F2F6650B 
 6020      B2ED8D2B 
 6020      D9176986 
 6020      21E9
 6021 132f C070C9D8 		.ascii	"\300p\311\330\314(e\336\274\306\304\210\214\3061v\372"
 6021      CC2865DE 
 6021      BCC6C488 
 6021      8CC63176 
 6021      FA
 6022 1340 CE01458A 		.ascii	"\316\001E\212\214\365\275S.\225_\344\2219\231s\276H"
 6022      8CF5BD53 
 6022      2E955FE4 
 6022      91399973 
 6022      BE48
 6023 1352 0368E5FC 		.ascii	"\003h\345\374t\221Dv9?\021]*fl\226\230\310\333\304\215"
 6023      74914476 
 6023      393F115D 
 6023      2A666C96 
 6023      98C8DBC4 
 6024 1367 6C46142E 		.ascii	"lF\024.\025\207]\231\213\033\346\006\312\007=oNO}\377"
 6024      15875D99 
 6024      8B1BE606 
 6024      CA073D6F 
 6024      4E4F7DFF 
 6025 137b FB04ECED 		.ascii	"\373\004\354\355\211KV\337W\261\013v\235\214\345\201"
 6025      894B56DF 
 6025      57B10B76 
 6025      9D8CE581 
 6026 138b 23D6D7CE 		.ascii	"#\326\327\316\347,\306\013=\311\036\3118\333\306\346"
 6026      E72CC60B 
 6026      3DC91EC9 
 6026      38DBC6E6 
 6027 139b E3100D21 		.ascii	"\343\020\015!Q\222u,\235\034I0\373\304\226u\325\035"
 6027      5192752C 
 6027      9D1C4930 
 6027      FBC49675 
 6027      D51D
 6028 13ad 8D582439 		.ascii	"\215X$9\366\\\250*y\2229#\275\356\214\273U\221ge\220"
 6028      F65CA82A 
 6028      79923923 
 6028      BDEE8CBB 
ARM GAS  C:\Users\PUBLIC~1.LAP\AppData\Local\Temp\ccSvJTCD.s 			page 246


 6028      55916765 
 6029 13c2 B7241E3B 		.ascii	"\267$\036;V\217\331T\222\216\026\013\367v\\kqa\310\375"
 6029      568FD954 
 6029      928E160B 
 6029      F7765C6B 
 6029      7161C8FD 
 6030 13d6 37C84D72 		.ascii	"7\310Mr\211\004&N\246\"z\256P\204\252\020\364\241\303"
 6030      8904264E 
 6030      A6227AAE 
 6030      5084AA10 
 6030      F4A1C3
 6031 13e9 221E1090 		.ascii	"\"\036\020\220\220\022q\270b\251\227\236(x@\302\242"
 6031      901271B8 
 6031      62A9979E 
 6031      287840C2 
 6031      A2
 6032 13fa 041A8242 		.ascii	"\004\032\202B\026$p\201\010\024\236\275^\020\217\210"
 6032      16247081 
 6032      08149EBD 
 6032      5E108F88 
 6033 140a 027B4C43 		.ascii	"\002{LC\342\211^\212\3370\250\341K!\320\027P\020\226"
 6033      E2895E8A 
 6033      DF30A8E1 
 6033      4B21D017 
 6033      501096
 6034 141d 7E195640 		.ascii	"~\031V@2\3014$B \305o8\001\364\005\244\245\020\277\037"
 6034      32C13424 
 6034      4220C56F 
 6034      3801F405 
 6034      A4A510BF 
 6035 1432 8A1E0A44 		.ascii	"\212\036\012D\231L\2108\211\303\023D \231@J\341\004"
 6035      994C8838 
 6035      89C31344 
 6035      2099404A 
 6035      E104
 6036 1444 1129AC50 		.ascii	"\021)\254P\202\210\224\305I\201S\010\014\012\201=\364"
 6036      828894C5 
 6036      49815308 
 6036      0C0A813D 
 6036      F4
 6037 1455 05DF8AA0 		.ascii	"\005\337\212\240O\310\005\"\260'\324T\364i\020\022\002"
 6037      4FC80522 
 6037      B027D454 
 6037      F4691012 
 6037      02
 6038 1466 D3A6B338 		.ascii	"\323\246\2638\354\241\305\023\005\007!\220\350;\203"
 6038      ECA1C513 
 6038      05072190 
 6038      E83B83
 6039 1475 3F21B017 		.ascii	"?!\260\027\014\026\207\275`\320\227\242E\250R\207/\205"
 6039      0C1687BD 
 6039      60D097A2 
 6039      45A85287 
 6039      2F85
 6040 1487 68A10560 		.ascii	"h\241\005`\222\357\364\340\024\016\205\0360\021}-\030"
 6040      92EFF4E0 
 6040      140E851E 
ARM GAS  C:\Users\PUBLIC~1.LAP\AppData\Local\Temp\ccSvJTCD.s 			page 247


 6040      30117D2D 
 6040      18
 6041 1498 40841528 		.ascii	"@\204\025(\204@\246\026\320\027P\246^\012&\027Z\030"
 6041      8440A616 
 6041      D01750A6 
 6041      5E0A2617 
 6041      5A18
 6042 14aa 41098460 		.ascii	"A\011\204`\260(\024\016\205>+\206\304\245t(\3649\341"
 6042      B028140E 
 6042      853E2B86 
 6042      C4A57428 
 6042      F439E1
 6043 14bd 3B83373D 		.ascii	";\2037=Q\246\223\311<{)P\010\334\3204L\321/\205PZ\372"
 6043      51A693C9 
 6043      3C7B2950 
 6043      08DCD034 
 6043      4CD12F85 
 6044 14d4 A106403A 		.ascii	"\241\006@:\203E\245s\351\207\236+,\375\220\226~\031"
 6044      8345A573 
 6044      E9879E2B 
 6044      2CFD9096 
 6044      7E19
 6045 14e6 52A22F05 		.ascii	"R\242/\005\006\2318\231\212\350\271BP\317\350K!\320"
 6045      06993899 
 6045      8AE8B942 
 6045      50CFE84B 
 6045      21D0
 6046 14f8 B417F4A9 		.ascii	"\264\027\364\251 \236\251\020\210\276\200\012!\245\305"
 6046      209EA910 
 6046      88BE800A 
 6046      21A5C5
 6047 1507 E1C904BC 		.ascii	"\341\311\004\274\300\322\005\226~\022\244\305!\220\020"
 6047      C0D20596 
 6047      7E12A4C5 
 6047      219010
 6048 1516 F833A2E9 		.ascii	"\3703\242\351\024JO\364$\376\244\350\260D\006\222\320"
 6048      144A4FF4 
 6048      24FEA4E8 
 6048      B0440692 
 6048      D0
 6049 1527 A2503018 		.ascii	"\242P0\030\014&\241E\240$\264\370c\342\002E&\316\025"
 6049      0C26A145 
 6049      A024B4F8 
 6049      63E20245 
 6049      26CE15
 6050 153a 329C2A80 		.ascii	"2\234*\200\351\317'\204\026\323\240oI\350\265\321\342"
 6050      E9CF2784 
 6050      16D3A06F 
 6050      49E8B5D1 
 6050      E2
 6051 154b 90788600 		.ascii	"\220x\206\000\350\357^\032,\372N\234JD&\3203\230\344"
 6051      E8EF5E1A 
 6051      2CFA4E9C 
 6051      4A4426D0 
 6051      3398E4
 6052 155e 43812824 		.ascii	"C\201($\241E\011Ldh\032\372\244D_\212\224\204\026q\012"
 6052      A145094C 
ARM GAS  C:\Users\PUBLIC~1.LAP\AppData\Local\Temp\ccSvJTCD.s 			page 248


 6052      64681AFA 
 6052      A4445F8A 
 6052      94841671 
 6053 1573 149A5021 		.ascii	"\024\232P!\011-\012\245@\241\211$\264\350\003\324T<"
 6053      092D0AA5 
 6053      40A18924 
 6053      B4E803D4 
 6053      543C
 6054 1585 53F85668 		.ascii	"S\370Vh\010\032\021\"%\372\232B\240\275$\264\3303\372"
 6054      081A1122 
 6054      25FA9A42 
 6054      A0BD24B4 
 6054      D833FA
 6055 1598 07BDF444 		.ascii	"\007\275\364D\201\276\024\002(\364 %\212\010\372\320"
 6055      81BE1402 
 6055      28F42025 
 6055      8A08FAD0 
 6056 15a8 A188A06F 		.ascii	"\241\210\240o\011IIx6\241E\244\013\004}\350P\303G0y"
 6056      09494978 
 6056      36A145A4 
 6056      0B047DE8 
 6056      50C34730 
 6057 15bd C0E24C89 		.ascii	"\300\342L\211\303\337\317\231<@EP\301D\364\361.\002"
 6057      C3DFCF99 
 6057      3C404550 
 6057      C144F4F1 
 6057      2E02
 6058 15cf 091B1C0E 		.ascii	"\011\033\034\016\233\230\312\024\005\006o9\004\032\275"
 6058      9B98CA14 
 6058      05066F39 
 6058      041ABD
 6059 15de 90028943 		.ascii	"\220\002\211C \261\251\267\364+j2\211JK\366K!N\342\360"
 6059      20B1A9B7 
 6059      F42B6A32 
 6059      894A4BF6 
 6059      4B214EE2 
 6060 15f3 B7F41391 		.ascii	"\267\364\023\221\202\007\"\250Ha\205\022\204C&\246\341"
 6060      820722A8 
 6060      48618512 
 6060      844326A6 
 6060      E1
 6061 1604 AF01298B 		.ascii	"\257\001)\2133\025\016\177A,\322_*\004\366R\342\260"
 6061      33150E7F 
 6061      412CD25F 
 6061      2A04F652 
 6061      E2B0
 6062 1616 09A8096D 		.ascii	"\011\250\011m\026\351\317\022\315\264't\376\204\276"
 6062      16E9CF12 
 6062      CDB42774 
 6062      FE84BE
 6063 1625 1415027B 		.ascii	"\024\025\002{\350\260\267\364\033\"\236\302\025\303"
 6063      E8B0B7F4 
 6063      1B229EC2 
 6063      15C3
 6064 1633 92E85BFA 		.ascii	"\222\350[\372\335\223\311'\274'\352K\362\2550\323\236"
 6064      DD93C927 
 6064      BC27EA4B 
ARM GAS  C:\Users\PUBLIC~1.LAP\AppData\Local\Temp\ccSvJTCD.s 			page 249


 6064      F2AD30D3 
 6064      9E
 6065 1644 100530E8 		.ascii	"\020\0050\350K\221\242?J\302\323\267\242L{)N{\247\322"
 6065      4B91A23F 
 6065      4AC2D3B7 
 6065      A24C7B29 
 6065      4E7BA7D2 
 6066 1658 9029F541 		.ascii	"\220)\365AQ\370\202'\312\264\207\2368\211\251\017z\342"
 6066      51F88227 
 6066      CAB4879E 
 6066      3889A90F 
 6066      7AE2
 6067 166a 24DEDF09 		.ascii	"$\336\337\011\202\244\341\001P\240L/(\021\315Si\370"
 6067      82A4E101 
 6067      50A04C2F 
 6067      2811CD53 
 6067      69F8
 6068 167c 4B812C4E 		.ascii	"K\201,N\334\004\202\244a\272\302l\"\246\351\2122\355"
 6068      DC0482A4 
 6068      61BAC26C 
 6068      22A6E98A 
 6068      32ED
 6069 168e A140994A 		.ascii	"\241@\231J\024(S*<Q\237\2238\\j\3621\235ho\351\027\324"
 6069      1428532A 
 6069      3C519F93 
 6069      385C6AF2 
 6069      319D686F 
 6070 16a5 C474A2E9 		.ascii	"\304t\242\351\012\263\211E\312\224\2560S\240>\246\025"
 6070      0AB38945 
 6070      CA94AE30 
 6070      53A03EA6 
 6070      15
 6071 16b6 A759AC69 		.ascii	"\247Y\254i\217\227\242\300`o\351\347\203B\010L\201\276"
 6071      8F97A2C0 
 6071      606FE9E7 
 6071      8342084C 
 6071      81BE
 6072 16c8 153E5F0A 		.ascii	"\025>_\012\201\246(0\270\364K\211!\2508\211M7\355\375"
 6072      81A62830 
 6072      B8F44B89 
 6072      21A83889 
 6072      4D37EDFD 
 6073 16dc F4967EF7 		.ascii	"\364\226~\367,\236E\027P\240L8\355\245@}L@(\204@%\341"
 6073      2C9E4517 
 6073      50A04C38 
 6073      EDA5407D 
 6073      4C402884 
 6074 16f3 D9746216 		.ascii	"\331tb\026gZd\352-\375p\212\002\203,R&\237\2647\004"
 6074      675A64EA 
 6074      2DFD708A 
 6074      02832C52 
 6074      269FB437 
 6075 1708 129B529F 		.ascii	"\022\233R\237!\220\330\024\364\235D\374\245\020\247"
 6075      2190D814 
 6075      F49D44FC 
 6075      A510A7
 6076 1717 5231F813 		.ascii	"R1\370\023\002E@!\004\022S\264\247T\344\235!\000\242"
ARM GAS  C:\Users\PUBLIC~1.LAP\AppData\Local\Temp\ccSvJTCD.s 			page 250


 6076      02454021 
 6076      041253B4 
 6076      A754E49D 
 6076      2100A2
 6077 172a 3DA5A20F 		.ascii	"=\245\242\017\232\246hbA4\211Db)<\203i\212\246\024\365"
 6077      9AA66862 
 6077      41348944 
 6077      62293C83 
 6077      698AA614 
 6078 173f 0559A441 		.ascii	"\005Y\244A\251\231\012\177,\322\362D1\211EZ\246\275"
 6078      A9990A7F 
 6078      2CD2F244 
 6078      3189455A 
 6078      A6BD
 6079 1751 F3273C89 		.ascii	"\363'<\211\347\211\223\250!\355\341\336\322\217\247"
 6079      E78993A8 
 6079      21EDE1DE 
 6079      D28FA7
 6080 1760 E43B894B 		.ascii	"\344;\211K\251\231\364\353\235\030\242f\332K\372\005"
 6080      A999F4EB 
 6080      9D18A266 
 6080      DA4BFA05 
 6081 1770 A54968F1 		.ascii	"\245Ih\361'\351\327K\205\247\212\023\247=\245\364D\221"
 6081      27E9D74B 
 6081      85A78A13 
 6081      A73DA5F4 
 6081      4491
 6082 1782 841635A0 		.ascii	"\204\0265\240`\002\022\013BI\277\036q\2306\001\211?"
 6082      6002120B 
 6082      4249BF1E 
 6082      71983601 
 6082      893F
 6083 1794 F454EAA5 		.ascii	"\364T\352\245'\212\242\264G<\203JB\337\222\013'1\011"
 6083      278AA2B4 
 6083      473C834A 
 6083      42DF920B 
 6083      273109
 6084 17a7 2D120587 		.ascii	"-\022\005\207C\023ze\322\257\227b8\\\352\241)z\026]"
 6084      43137A65 
 6084      D2AF9762 
 6084      385CEAA1 
 6084      297A165D 
 6085 17bb 38891952 		.ascii	"8\211\031R\026\247\260\307t25\235?\245\011H,\360L\024"
 6085      16A7B0C7 
 6085      7432359D 
 6085      3FA50948 
 6085      2CF04C14 
 6086 17cf 42609A02 		.ascii	"B`\232\002\231P\241\217\230\006\241\020\002U\000\317"
 6086      9950A18F 
 6086      9806A110 
 6086      025500CF 
 6087 17df DF49E49D 		.ascii	"\337I\344\235`\002\022\013E_\012\241\024\014\366H\250"
 6087      6002120B 
 6087      455F0AA1 
 6087      140CF648 
 6087      A8
 6088 17f0 30018905 		.ascii	"0\001\211\005\021(L`\002\">\000\001\351\001\"\320\224"
ARM GAS  C:\Users\PUBLIC~1.LAP\AppData\Local\Temp\ccSvJTCD.s 			page 251


 6088      11284C60 
 6088      02223E00 
 6088      01E90122 
 6088      D094
 6089 1802 386C4A02 		.ascii	"8lJ\002\022S\341\360\004\017T8QL\352\361\322\336\007"
 6089      1253E1F0 
 6089      040F5438 
 6089      514CEAF1 
 6089      D2DE07
 6090 1815 209C4A43 		.ascii	" \234JC\246^\323\351\223\364\353\341\244_O\010,\211"
 6090      A65ED3E9 
 6090      93F4EBE1 
 6090      A45F4F08 
 6090      2C89
 6091 1827 D29E4FD2 		.ascii	"\322\236O\322\257\227\026\207\246\020\370s\206\000\210"
 6091      AF971687 
 6091      A610F873 
 6091      860088
 6092 1836 B2F031F5 		.ascii	"\262\3601\365\322\342\020Hh\302\004$\0264\010\201\370"
 6092      D2E21048 
 6092      68C20424 
 6092      16340881 
 6092      F8
 6093 1847 4C7D2952 		.ascii	"L})R*\004\016\233\224\204\017H\213*\230\200\304\202"
 6093      2A040E9B 
 6093      94840F48 
 6093      8B2A9880 
 6093      C482
 6094 1859 515A1CF2 		.ascii	"QZ\034\362P\342y\342D1\251\327t\376\374\232N+\004\362"
 6094      50E279E2 
 6094      4431A9D7 
 6094      74FEFC9A 
 6094      4E2B04F2 
 6095 186d 50261FD1 		.ascii	"P&\037\321\327\324K\213\303\237\264\227\204\026\205"
 6095      D7D44B8B 
 6095      C39FB497 
 6095      841685
 6096 187c 46349D38 		.ascii	"F4\2358eq\012G4\235>i\357\014\001\0205\205#\232\316"
 6096      65710A47 
 6096      349D3E69 
 6096      EF0C0110 
 6096      3585239A 
 6097 1891 9BF652FC 		.ascii	"\233\366R\374|I\301\240\357\227\204\026\205\210\247"
 6097      7C49C1A0 
 6097      EF978416 
 6097      8588A7
 6098 18a0 0A201105 		.ascii	"\012 \021\005\023\220X\340%\375\224\204\347\210\246"
 6098      139058E0 
 6098      25FD9484 
 6098      E788A6
 6099 18af 133715D3 		.ascii	"\0237\025\323\023-\323\236\010$R!\260\210\321b\352K"
 6099      132DD39E 
 6099      08245221 
 6099      B088D162 
 6099      EA4B
 6100 18c1 5113454F 		.ascii	"Q\023EO\242\222\222\317'\355! \025\002\213>\302!0\365"
 6100      A29292CF 
ARM GAS  C:\Users\PUBLIC~1.LAP\AppData\Local\Temp\ccSvJTCD.s 			page 252


 6100      27ED2120 
 6100      15028B3E 
 6100      C22130F5 
 6101 18d5 118B2880 		.ascii	"\021\213(\200'\204\303\237P\332KB\213?\367\2158!\202"
 6101      2784C39F 
 6101      50DA4B42 
 6101      8B3FF78D 
 6101      382182
 6102 18e8 013E483A 		.ascii	"\001>H:\021\302\350\007 q\002\006,P \002\370\027\"\011"
 6102      11C2E807 
 6102      20710206 
 6102      2C502002 
 6102      F8172209 
 6103 18fc 2DF682BE 		.ascii	"-\366\202\276%\021?\"*\"\350[\022\201\016E \251\000"
 6103      25113F22 
 6103      2A22E85B 
 6103      12810E45 
 6103      20A900
 6104 190f 4C022E9D 		.ascii	"L\002.\235\320\202\010\037\220hb:\323\026^X*\002\203"
 6104      D082081F 
 6104      9068623A 
 6104      D3165E58 
 6104      2A0283
 6105 1922 3DDF8811 		.ascii	"=\337\210\021-\214\200\002\2113\365\245hO\351T\341C"
 6105      2D8C8002 
 6105      8933F5A5 
 6105      684FE954 
 6105      E143
 6106 1934 818E9C23 		.ascii	"\201\216\234#\325\225\303N\337/\261+\\\200\264\361\211"
 6106      D595C34E 
 6106      DF2FB12B 
 6106      5C80B4F1 
 6106      89
 6107 1945 423323EB 		.ascii	"B3#\353\207\224\251%\344\206\023\256\233V\244&\011\223"
 6107      8794A925 
 6107      E48613AE 
 6107      9B56A426 
 6107      0993
 6108 1957 AD0CA427 		.ascii	"\255\014\244'\014\256\215V\231&\244\246\205\233\231"
 6108      0CAE8D56 
 6108      9926A4A6 
 6108      859B99
 6109 1966 8F720995 		.ascii	"\217r\011\225!D\304\372r\240\304\344a\3660y\224K\252"
 6109      2144C4FA 
 6109      72A0C4E4 
 6109      61F63079 
 6109      944BAA
 6110 1979 314C0687 		.ascii	"1L\006\207:\314\301\035s\207\231e\3560\333\234\250,"
 6110      3ACCC11D 
 6110      73879965 
 6110      EE30DB9C 
 6110      A82C
 6111 198b E1B0061F 		.ascii	"\341\260\006\037\231\2319L\035f\216/1\264\321\001\306"
 6111      9999394C 
 6111      1D668E2F 
 6111      31B4D101 
 6111      C6
ARM GAS  C:\Users\PUBLIC~1.LAP\AppData\Local\Temp\ccSvJTCD.s 			page 253


 6112 199c C10D1FE5 		.ascii	"\301\015\037\3450q\230X&\016\323\007\027*K8\250\341"
 6112      30719858 
 6112      260ED307 
 6112      172A4B38 
 6112      A8E1
 6113 19ae A32FD386 		.ascii	"\243/\323\206y\303\264!f\215C\031>\2622\257\314\032"
 6113      79C3B421 
 6113      668D4319 
 6113      3EB232AF 
 6113      CC1A
 6114 19c0 E6951227 		.ascii	"\346\225\022'\016M\360o\322\270lxdT\221\322\3677\255"
 6114      0E4DF06F 
 6114      D2B86C78 
 6114      645491D2 
 6114      F737AD
 6115 19d3 4AB72D30 		.ascii	"J\267-027m\274r\200\264\322`\335\3655g\374\365K\255"
 6115      32376DBC 
 6115      7280B4D2 
 6115      60DDF535 
 6115      67FCF54B 
 6116 19e8 62EF08C9 		.ascii	"b\357\010\311\031\363#J_d\335W\224\020c\337\241\037"
 6116      19F3234A 
 6116      5F64DD57 
 6116      941063DF 
 6116      A11F
 6117 19fa 57C91E7D 		.ascii	"W\311\036}+Z\014G&}M\252zwg\227\363\223IE4U\246\225"
 6117      2B5A0C47 
 6117      267D4DAA 
 6117      7A776797 
 6117      F3934945 
 6118 1a12 F39309C3 		.ascii	"\363\223\011\303|q\223\352\271\267\270n|\231\3677\247"
 6118      7C7193EA 
 6118      B9B7B86E 
 6118      7C99F737 
 6118      A7
 6119 1a23 AA5AD61B 		.ascii	"\252Z\326\033\031u\372r0\303\2142\245\314(\323E\211"
 6119      1975FA72 
 6119      30C38C32 
 6119      A5CC28D3 
 6119      4589
 6120 1a35 1F235F37 		.ascii	"\037#_7[\334tQ\325\302\314\300\210\301\301\013\037\225"
 6120      5BDC7451 
 6120      D5C2CCC0 
 6120      88C1C10B 
 6120      1F95
 6121 1a47 319F4C28 		.ascii	"1\237L(\363\251\014\007-|\264\305\314\246\223\231M\253"
 6121      F3A90C07 
 6121      2D7CB4C5 
 6121      CCA69399 
 6121      4DAB
 6122 1a59 2F0E30F0 		.ascii	"/\0160\360\321\326\236\362n\217\035\032\033\352\360"
 6122      D1D69EF2 
 6122      6E8F1D1A 
 6122      1BEAF0
 6123 1a68 91935DA9 		.ascii	"\221\223]\251\307\316\211\231\015h\360\021\235;e\236"
 6123      C7CE8999 
 6123      0D68F011 
ARM GAS  C:\Users\PUBLIC~1.LAP\AppData\Local\Temp\ccSvJTCD.s 			page 254


 6123      9D3B659E 
 6124 1a78 12CF1D2E 		.ascii	"\022\317\035.46\200\301Gl\354\224uv.\033\317I\313\021"
 6124      343680C1 
 6124      476CEC94 
 6124      75762E1B 
 6124      CF49CB11 
 6125 1a8c 0B3E62A3 		.ascii	"\013>b\243S\326\241sg\245$\271\341\011>\352\242+\347"
 6125      53D6A173 
 6125      67A524B9 
 6125      E1093EEA 
 6125      A22BE7
 6126 1a9f D05D369E 		.ascii	"\320]6\236S\316O\310\334\243\312I\322F\007\330\034|"
 6126      53CE4FC8 
 6126      DCA3CA49 
 6126      D24607D8 
 6126      1C7C
 6127 1ab1 4425A78C 		.ascii	"D%\247\214\241\224s\331\256\341\311\313d\362%\201\031"
 6127      A19473D9 
 6127      AEE1C9CB 
 6127      64F22581 
 6127      19
 6128 1ac2 7C04A74C 		.ascii	"|\004\247L\226s%\234\313V\032\215h\012\320e\354\214"
 6128      9673259C 
 6128      CB561A8D 
 6128      680AD065 
 6128      EC8C
 6129 1ad4 9732CECF 		.ascii	"\2272\316\3173\263\310\306`\364\275\004Q\370Fu\360_"
 6129      33B3C8C6 
 6129      60F4BD04 
 6129      51F84675 
 6129      F05F
 6130 1ae6 BE298D94 		.ascii	"\276)\215\224\000s\266\325\227\202+k\326\224m\356\216"
 6130      0073B6D5 
 6130      97822B6B 
 6130      D6946DEE 
 6130      8E
 6131 1af7 7401851E 		.ascii	"t\001\205\036\250\363a\323\232P.\2460%\225A\310\024"
 6131      A8F361D3 
 6131      9A502EA6 
 6131      30259541 
 6131      C814
 6132 1b09 D19426E9 		.ascii	"\321\224&\3513\026@P@L\030\024\317\205\275\036\023\300"
 6132      33164050 
 6132      404C1814 
 6132      CF85BD1E 
 6132      13C0
 6133 1b1b 038C0BA5 		.ascii	"\003\214\013\245\251\032\344\244B\310\214\210\210\004"
 6133      A91AE4A4 
 6133      42C88C88 
 6133      8804
 6134 1b29 12880449 		.ascii	"\022\210\004I\012\012\222\014\007\244M\016\014;\\\023"
 6134      0A0A920C 
 6134      07A44D0E 
 6134      0C3B5C13 
 6135 1b39 4C4EE1E7 		.ascii	"LN\341\347\235\313\3320.3wI\013uc[\016\347\300l\241"
 6135      9DCBDA30 
 6135      2E337749 
ARM GAS  C:\Users\PUBLIC~1.LAP\AppData\Local\Temp\ccSvJTCD.s 			page 255


 6135      0B75635B 
 6135      0EE7C06C 
 6136 1b4e CE5DA4CA 		.ascii	"\316]\244\312\316'2\316\365\004)d\263BK\300n\344\220"
 6136      CE2732CE 
 6136      F5042964 
 6136      B3424BC0 
 6136      6EE490
 6137 1b61 D9924237 		.ascii	"\331\222B7\320Q3\335\"n(Y\032\261;\021\334\362\234T"
 6137      D05133DD 
 6137      226E2859 
 6137      1AB13B11 
 6137      DCF29C54 
 6138 1b75 EB7965FF 		.ascii	"\353ye\377\026B3\024\222\233\244y.\250\306\016\3406"
 6138      16423314 
 6138      929BA479 
 6138      2EA8C60E 
 6138      E036
 6139 1b87 2DA89987 		.ascii	"-\250\231\207\336,\262\177\011\034_wT\354\007#\320\261"
 6139      DE2CB27F 
 6139      091C5F77 
 6139      54EC0723 
 6139      D0B1
 6140 1b99 3D6C37E6 		.ascii	"=l7\346=j\016-\035\204t#w\371MD\351\330\247z_H?Y\302"
 6140      3D6A0E2D 
 6140      1D847423 
 6140      77F94D44 
 6140      E9D8A77A 
 6141 1bb2 05EAD751 		.ascii	"\005\352\327Q\275'\323\347 \316H\003\026\255\273YrR"
 6141      BD27D3E7 
 6141      20CE4803 
 6141      16ADBB59 
 6141      7252
 6142 1bc4 04E48AB7 		.ascii	"\004\344\212\267\307\3641`D\020\365'q\277\353%-\\`S"
 6142      C7F43160 
 6142      4410F527 
 6142      71BFEB25 
 6142      2D5C6053 
 6143 1bd8 AD10EAA5 		.ascii	"\255\020\352\245;\342\233d\\%1_\340N\007\233\230\026"
 6143      3BE29B64 
 6143      5C25315F 
 6143      E04E079B 
 6143      9816
 6144 1bea BF58D9BC 		.ascii	"\277X\331\274J\241J\274\237\022Hg\307\365\006t\340w"
 6144      4AA14ABC 
 6144      9F124867 
 6144      C7F50674 
 6144      E077
 6145 1bfc 785580E0 		.ascii	"xU\200\340\313\210\245\234G\366\254\326\177\270\004"
 6145      CB88A59C 
 6145      47F6ACD6 
 6145      7FB804
 6146 1c0b B33E635F 		.ascii	"\263>c_\033\251\240\356\277\023\030+\027\232\377\332"
 6146      1BA9A0EE 
 6146      BF13182B 
 6146      179AFFDA 
 6147 1c1b ADC5201F 		.ascii	"\255\305 \037C\267$;xX-\024\336\353\003]\227\256H\232"
 6147      43B7243B 
ARM GAS  C:\Users\PUBLIC~1.LAP\AppData\Local\Temp\ccSvJTCD.s 			page 256


 6147      78582D14 
 6147      DEEB035D 
 6147      97AE489A 
 6148 1c2f 24364911 		.ascii	"$6I\021\311\353\205]nY\303\004\225l\036\033L\035\002"
 6148      C9EB855D 
 6148      6E59C304 
 6148      956C1E1B 
 6148      4C1D02
 6149 1c42 F77A2A22 		.ascii	"\367z*\"<\033IY\311L\271\272\217\207RE\373WL\274\222"
 6149      3C1B4959 
 6149      C94CB9BA 
 6149      8F875245 
 6149      FB574CBC 
 6150 1c57 9A9A804E 		.ascii	"\232\232\200N\254|\312\315\202\022r\177\261u\341\022"
 6150      AC7CCACD 
 6150      8212727F 
 6150      B175E112 
 6151 1c67 5D294ED5 		.ascii	"])N\325N\014c\264\022h4J|\023@\347\204\372~O\274\220"
 6151      4E0C63B4 
 6151      1268344A 
 6151      7C1340E7 
 6151      84FA7E4F 
 6152 1c7d F416A5C6 		.ascii	"\364\026\245\306\341A\313\275>\356\004R\356\002\032"
 6152      E141CBBD 
 6152      3EEE0452 
 6152      EE021A
 6153 1c8c A149C5F3 		.ascii	"\241I\305\363\265\367\006\277\266\201\304\304\316\342"
 6153      B5F706BF 
 6153      B681C4C4 
 6153      CEE2
 6154 1c9a 716037D5 		.ascii	"q`7\325\015vu\372M\247\360\241\266\335\304\233\236r"
 6154      0D7675FA 
 6154      4DA7F0A1 
 6154      B6DDC49B 
 6154      9E72
 6155 1cac 173B16AD 		.ascii	"\027;\026\255A\206\345\271\014\036;[B\013\245\254\235"
 6155      4186E5B9 
 6155      0C1E3B5B 
 6155      420BA5AC 
 6155      9D
 6156 1cbd A8A72668 		.ascii	"\250\247&h\334O\322W\224\203\216\3655]\374\264\231\275"
 6156      DC4FD257 
 6156      94838EF5 
 6156      355DFCB4 
 6156      99BD
 6157 1ccf 8A1B2668 		.ascii	"\212\033&h\323\304\273+!;\315\304\377>\263\246\347_"
 6157      D3C4BB2B 
 6157      213BCDC4 
 6157      FF3EB3A6 
 6157      E75F
 6158 1ce1 4C76613A 		.ascii	"Lva:$!Xk}b(SU\246O\021Q\204\342\011\324b`Y\226C\267"
 6158      2421586B 
 6158      7D622853 
 6158      55A64F11 
 6158      5184E209 
 6159 1cfc D40D0DAF 		.ascii	"\324\015\015\2578\204\310\233\327\364\"\351\351\030"
 6159      3884C89B 
ARM GAS  C:\Users\PUBLIC~1.LAP\AppData\Local\Temp\ccSvJTCD.s 			page 257


 6159      D7F422E9 
 6159      E918
 6160 1d0a 57069214 		.ascii	"W\006\222\024\035\243+\302\263\346\276?[\200@\030\360"
 6160      1DA32BC2 
 6160      B3E6BE3F 
 6160      5B804018 
 6160      F0
 6161 1d1b C72CB889 		.ascii	"\307,\270\211.\321\315+(ApU\321\351\310\325R\345g\322"
 6161      2ED1CD2B 
 6161      28417055 
 6161      D1E9C8D5 
 6161      52E567D2 
 6162 1d2f 0A097C24 		.ascii	"\012\011|$\253\242\363v\227`\2277\307:@\211\300\246"
 6162      ABA2F376 
 6162      97609737 
 6162      C73A4089 
 6162      C0A6
 6163 1d41 863A87D4 		.ascii	"\206:\207\324\247\001\240\265-\"3\251C\317s4\012(\231"
 6163      A701A0B5 
 6163      2D2233A9 
 6163      43CF7334 
 6163      0A2899
 6164 1d54 34ADED45 		.ascii	"4\255\355E&#h?\003\337\363\311+\013\301@\010\215$\001"
 6164      2623683F 
 6164      03DFF3C9 
 6164      2B0BC140 
 6164      088D2401 
 6165 1d68 29385CEB 		.ascii	")8\\\353N\237\011`\323\264\262\374\335\357\301~B~\235"
 6165      4E9F0960 
 6165      D3B4B2FC 
 6165      DDEFC17E 
 6165      427E9D
 6166 1d7b 4B588C1D 		.ascii	"KX\214\035\356\306\342\370c\016\271\365\354\343\024"
 6166      EEC6E2F8 
 6166      630EB9F5 
 6166      ECE314
 6167 1d8a 48EE59CA 		.ascii	"H\356Y\312\273\314{\225\337\026\212\303\326\216F\243"
 6167      BBCC7B95 
 6167      DF168AC3 
 6167      D68E46A3 
 6168 1d9a 2269346E 		.ascii	"\"i4nq\027\\\264\033\305_\375\021Oz\330_M\230\3524i"
 6168      71175CB4 
 6168      1BC55FFD 
 6168      114F7AD8 
 6168      5F4D98EA 
 6169 1db0 5B406367 		.ascii	"[@cgVQ\300$\015<\3761S\011\267\230_\010\262\205c\231"
 6169      5651C024 
 6169      0D3CFE31 
 6169      5309B798 
 6169      5F08B285 
 6170 1dc6 F579605C 		.ascii	"\365y`\\\271m(\232\210\303\213\375.\267e50\344\313\362"
 6170      B96D289A 
 6170      88C38BFD 
 6170      2EB76535 
 6170      30E4CBF2 
 6171 1dda 5E6C0D4C 		.ascii	"^l\015Ll\270\340h\361\204\205\332\364\267}/\252\370"
 6171      6CB8E068 
ARM GAS  C:\Users\PUBLIC~1.LAP\AppData\Local\Temp\ccSvJTCD.s 			page 258


 6171      F18485DA 
 6171      F4B77D2F 
 6171      AAF8
 6172 1dec EE5DC4E4 		.ascii	"\356]\304\344\206\022\354\232\326s\2262>\022\264\224"
 6172      8612EC9A 
 6172      D6739632 
 6172      3E12B494 
 6173 1dfc E3412E58 		.ascii	"\343A.X\250\217\004\270\036=\257\312\317\\\2562\346"
 6173      A88F04B8 
 6173      1E3DAFCA 
 6173      CF5CAE32 
 6173      E6
 6174 1e0d 9E775F69 		.ascii	"\236w_i\255}\203\3624\332\350,\300\356\341Zfx\246\300"
 6174      AD7D83F2 
 6174      34DAE82C 
 6174      C0EEE15A 
 6174      6678A6C0 
 6175 1e21 AB983361 		.ascii	"\253\2303a\371\331pB\206WQf\320\320\315{\374\255la\310"
 6175      F9D97042 
 6175      86575166 
 6175      D0D0CD7B 
 6175      FCAD6C61 
 6176 1e36 59588530 		.ascii	"YX\2050]\331\027.\314,\375'@e\026}\316\222\200\200!"
 6176      5DD9172E 
 6176      CC2CFD27 
 6176      4065167D 
 6176      CE928080 
 6177 1e4b 7E51995F 		.ascii	"~Q\231_\030\364\357X'\022\243\002\213\267\037\331\037"
 6177      18F4EF58 
 6177      2712A302 
 6177      8BB71FD9 
 6177      1F
 6178 1e5c E0BAEA9D 		.ascii	"\340\272\352\235a\3724`\000V\321\031!)\260:\270\362"
 6178      61FA3460 
 6178      0056D119 
 6178      2129B03A 
 6178      B8F2
 6179 1e6e 62BDDFCF 		.ascii	"b\275\337\317o\220|[\205\010A\211\022_\230xq\330\320"
 6179      6F907C5B 
 6179      85084189 
 6179      125F9878 
 6179      71D8D0
 6180 1e81 C0CFF333 		.ascii	"\300\317\3633\242\345\346\000\300ia`4'*K\033\205\032"
 6180      A2E5E600 
 6180      C0696160 
 6180      34272A4B 
 6180      1B851A
 6181 1e94 AC5E5DA3 		.ascii	"\254^]\243z\263\265/\344\326K\334\303\0341\361\026\235"
 6181      7AB3B52F 
 6181      E4D64BDC 
 6181      C31C31F1 
 6181      169D
 6182 1ea6 62CE4A69 		.ascii	"b\316Ji\306a1\352}\350(<R\233N&N\236G\256\006|\270:"
 6182      C66131EA 
 6182      7DE8283C 
 6182      529B4E26 
 6182      4E9E47AE 
ARM GAS  C:\Users\PUBLIC~1.LAP\AppData\Local\Temp\ccSvJTCD.s 			page 259


 6183 1ebe EEE41078 		.ascii	"\356\344\020x\2609n.\364#\021\322M\255 n\274\012\245"
 6183      B0396E2E 
 6183      F42311D2 
 6183      4DAD206E 
 6183      BC0AA5
 6184 1ed1 F04F1C3E 		.ascii	"\360O\034>dC\377\355\337\322\2130\370\350\367\373\000"
 6184      6443FFED 
 6184      DFD28B30 
 6184      F8E8F7FB 
 6184      00
 6185 1ee2 7758729A 		.ascii	"wXr\232\2640\261j\355\363[P)\2464M\012Y\002\304\204"
 6185      B430B16A 
 6185      EDF35B50 
 6185      29A6344D 
 6185      0A5902C4 
 6186 1ef7 1A6116B0 		.ascii	"\032a\026\260\312\013\346\200\267U\201\037\370l\276"
 6186      CA0BE680 
 6186      B755811F 
 6186      F86CBE
 6187 1f06 09648E38 		.ascii	"\011d\21688\342\024\355\256VI\340c\273\251\237\007\272"
 6187      38E214ED 
 6187      AE5649E0 
 6187      63BBA99F 
 6187      07BA
 6188 1f18 910E7A5B 		.ascii	"\221\016z[\266\036^\312\275I\346\200\0154<\006\372\373"
 6188      B61E5ECA 
 6188      BD49E680 
 6188      0D343C06 
 6188      FAFB
 6189 1f2a 3369E0CC 		.ascii	"3i\340\314h'\275\334\206\244]\301\241Zb\301i\263h\200"
 6189      6827BDDC 
 6189      86A45DC1 
 6189      A15A62C1 
 6189      69B36880 
 6190 1f3e 04ED     		.ascii	"\004\355"
 6191 1f40 D8E7CBE5 		.ascii	"\330\347\313\345\372&\317o,\275\273-\320\267\240DKB"
 6191      FA26CF6F 
 6191      2CBDBB2D 
 6191      D0B7A044 
 6191      4B42
 6192 1f52 D9958257 		.ascii	"\331\225\202W\225\025\372\325$\355\330\027\315\213g"
 6192      9515FAD5 
 6192      24EDD817 
 6192      CD8B67
 6193 1f61 CEF9165F 		.ascii	"\316\371\026_a\326\275\027\216\265\310!*uy\027L`\265"
 6193      61D6BD17 
 6193      8EB5C821 
 6193      2A757917 
 6193      4C60B5
 6194 1f74 9DD0AB85 		.ascii	"\235\320\253\205\000\034\210K\236\312\205\252\257\231"
 6194      001C884B 
 6194      9ECA85AA 
 6194      AF99
 6195 1f82 D36398B7 		.ascii	"\323c\230\267\365#\361\025\361\251\253\361\355\236\177"
 6195      F523F115 
 6195      F1A9ABF1 
 6195      ED9E7F
ARM GAS  C:\Users\PUBLIC~1.LAP\AppData\Local\Temp\ccSvJTCD.s 			page 260


 6196 1f91 3E256138 		.ascii	">%a8\360\360C\015\276qX\251,j\2612\300\360\321e\"\""
 6196      F0F0430D 
 6196      BE7158A9 
 6196      2C6AB132 
 6196      C0F0D165 
 6197 1fa7 355A188E 		.ascii	"5Z\030\216\341\303\207sV\0251\234\375\203^\006\247\021"
 6197      E1C38773 
 6197      5615319C 
 6197      FD835E06 
 6197      A711
 6198 1fb9 E74BC0C3 		.ascii	"\347K\300\3038\304v\235\024\240\004\023g\373\211T\240"
 6198      38C4769D 
 6198      14A00413 
 6198      67FB8954 
 6198      A0
 6199 1fca 9FFFC1E4 		.ascii	"\237\377\301\344[S{x\030\235\237\235\201`\263\246\246"
 6199      5B537B78 
 6199      189D9F9D 
 6199      8160B3A6 
 6199      A6
 6200 1fdb 73209F41 		.ascii	"s \237A\026\036E\020y\200\2503'P\036\374\327Q\347?f"
 6200      161E4510 
 6200      7980A833 
 6200      27501EFC 
 6200      D751E73F 
 6201 1ff0 0188DD4A 		.ascii	"\001\210\335J)P\345\221w\250\370 l\200\364\203\277\330"
 6201      2950E591 
 6201      77A8F820 
 6201      6C80F483 
 6201      BFD8
 6202 2002 6412779F 		.ascii	"d\022w\237\226\262\363r/I\360\221.\240G\312\022\001"
 6202      96B2F372 
 6202      2F49F091 
 6202      2EA047CA 
 6202      1201
 6203 2014 162D337A 		.ascii	"\026-3zx;\227=~T\222\221\366\351ux/\"\227\350\323\267"
 6203      783B973D 
 6203      7E549291 
 6203      F6E97578 
 6203      2F2297E8 
 6204 202a D8E1E51F 		.ascii	"\330\341\345\037\362G\345\001\244\307\\E\372\016\277"
 6204      F247E501 
 6204      A4C75C45 
 6204      FA0EBF
 6205 2039 79397305 		.ascii	"y9s\005,\307\233\"\351\301\250\022$\221!A\034B\253\006"
 6205      2CC79B22 
 6205      E9C1A812 
 6205      24912141 
 6205      1C42AB06 
 6206 204d 7F509CA2 		.ascii	"\177P\234\242h\343\225w\015\254\336\232\327\013@\360"
 6206      68E39577 
 6206      0DACDE9A 
 6206      D70B40F0 
 6207 205d FBCA8518 		.ascii	"\373\312\205\030\351\246AE\233\304\337\335\361I\377"
 6207      E9A64145 
 6207      9BC4DFDD 
 6207      F149FF
ARM GAS  C:\Users\PUBLIC~1.LAP\AppData\Local\Temp\ccSvJTCD.s 			page 261


 6208 206c A78E8B1B 		.ascii	"\247\216\213\033\354\013\354\0249u\263\314\374c\374"
 6208      EC0BEC14 
 6208      3975B3CC 
 6208      FC63FC
 6209 207b 606F2726 		.ascii	"`o'&\212\311\363=w~\370\330\350\333\303 g0W\2370\021"
 6209      8AC9F33D 
 6209      777EF8D8 
 6209      E8DBC320 
 6209      6730579F 
 6210 2091 726D20D0 		.ascii	"rm \320b\210\214d\213\372\221[\354)\2235\307\230\203"
 6210      62888C64 
 6210      8BFA915B 
 6210      EC299335 
 6210      C79883
 6211 20a4 1EBE9FA8 		.ascii	"\036\276\237\250\235\023_\235\032}\253r5T\356S\332\013"
 6211      9D135F9D 
 6211      1A7DAB72 
 6211      3554EE53 
 6211      DA0B
 6212 20b6 5C21A726 		.ascii	"\\!\247&\352;e\321\226O\212\227\037\214wn`7\030U\024"
 6212      EA3B65D1 
 6212      964F8A97 
 6212      1F8C776E 
 6212      60371855 
 6213 20cb 1A06AA5A 		.ascii	"\032\006\252ZU\000g\340\235$\003\314\302V\002\223\240"
 6213      550067E0 
 6213      9D2403CC 
 6213      C2560293 
 6213      A0
 6214 20dc 20A9A76D 		.ascii	" \251\247m8Rg\340*\367\275\001d\3744\270y\374\272\007"
 6214      385267E0 
 6214      2AF7BD01 
 6214      64FC34B8 
 6214      79FCBA07 
 6215 20f0 BD2C1BCF 		.ascii	"\275,\033\317o\3469\037\276n(Cc\353\327\367\2017\256"
 6215      6FE6391F 
 6215      BE6E2843 
 6215      63EBD7F7 
 6215      8137AE
 6216 2103 57118561 		.ascii	"W\021\205a\345\323\2637\377\223\031,\237\343\203\215"
 6216      E5D3B337 
 6216      FF93192C 
 6216      9FE3838D 
 6217 2113 1AB56D86 		.ascii	"\032\265m\206l}1\362if\357,\327\361\362{\000u\021s\231"
 6217      6C7D31F2 
 6217      6966EF2C 
 6217      D7F1F27B 
 6217      00751173 
 6218 2128 9D8FECAF 		.ascii	"\235\217\354\257\231I\220\275\335\333\303+\305r{\204"
 6218      994990BD 
 6218      DDDBC32B 
 6218      C5727B84 
 6219 2138 4D275D75 		.ascii	"M']uv\371\210\301\323\014\271\\@\372\376\020eP/\304"
 6219      76F988C1 
 6219      D30CB95C 
 6219      40FAFE10 
 6219      65502FC4 
ARM GAS  C:\Users\PUBLIC~1.LAP\AppData\Local\Temp\ccSvJTCD.s 			page 262


 6220 214c E2ECCCA1 		.ascii	"\342\354\314\241\334\010\227\014-\3125=@\306\036\372"
 6220      DC08970C 
 6220      2DCA353D 
 6220      40C61EFA 
 6221 215c 72EB8606 		.ascii	"r\353\206\006\206I\324\325\257\235\3207\266Q\212?v~"
 6221      8649D4D5 
 6221      AF9DD037 
 6221      B6518A3F 
 6221      767E
 6222 216e 77FBE70B 		.ascii	"w\373\347\013\015A\261\030\353#\201jy\2523l\353\277"
 6222      0D41B118 
 6222      EB23816A 
 6222      79AA336C 
 6222      EBBF
 6223 2180 6BA943D4 		.ascii	"k\251C\324\243t\024\262\370G\324d9\373\200\275\221\342"
 6223      A37414B2 
 6223      F847D464 
 6223      39FB80BD 
 6223      91E2
 6224 2192 A350C7F3 		.ascii	"\243P\307\3630%\373\020\356\303m\375N\334\012\246\316"
 6224      3025FB10 
 6224      EEC36DFD 
 6224      4EDC0AA6 
 6224      CE
 6225 21a3 E99DCF57 		.ascii	"\351\235\317W\322\2523/\000\036\256\341\023\007\330"
 6225      D2AA332F 
 6225      001EAEE1 
 6225      1307D8
 6226 21b2 7FF131F9 		.ascii	"\177\3611\371\266\\\350\201\032o\322\253lM\006^\364"
 6226      B65CE881 
 6226      1A6FD2AB 
 6226      6C4D065E 
 6226      F4
 6227 21c3 019EB524 		.ascii	"\001\236\265$\235\335*\346\020`\003\362\316\273_\372"
 6227      9DDD2AE6 
 6227      106003F2 
 6227      CEBB5FFA 
 6228 21d3 275EF0F3 		.ascii	"'^\360\363\372a\305\207\204\206n\244\352#\016\244\326"
 6228      FA61C587 
 6228      84866EA4 
 6228      EA230EA4 
 6228      D6
 6229 21e4 234FAF54 		.ascii	"#O\257T\225\334gY\360\017\335D|\256\022\235\224\340"
 6229      95DC6759 
 6229      F00FDD44 
 6229      7CAE129D 
 6229      94E0
 6230 21f6 A9FBC7B9 		.ascii	"\251\373\307\271\200C#is\024\030 \247\230t\362\252\361"
 6230      80432369 
 6230      73141820 
 6230      A79874F2 
 6230      AAF1
 6231 2208 BB79330E 		.ascii	"\273y3\016\245\227\026\306qm@\023d\313\216\343\231N"
 6231      A59716C6 
 6231      716D4013 
 6231      64CB8EE3 
 6231      994E
ARM GAS  C:\Users\PUBLIC~1.LAP\AppData\Local\Temp\ccSvJTCD.s 			page 263


 6232 221a F91E4182 		.ascii	"\371\036A\202\215A)\365\1771;dl\253,\275\035RP&\337"
 6232      8D4129F5 
 6232      7F313B64 
 6232      6CAB2CBD 
 6232      1D525026 
 6233 222f 41003019 		.ascii	"A\0000\031\360\273\364r\267)7\225\274\266\354I\212\243"
 6233      F0BBF472 
 6233      B7293795 
 6233      BCB6EC49 
 6233      8AA3
 6234 2241 D117CF13 		.ascii	"\321\027\317\023$\373\333\264\210\250@X\366\313\000"
 6234      24FBDBB4 
 6234      88A84058 
 6234      F6CB00
 6235 2250 243152C1 		.ascii	"$1R\301\201a\037}a7\014W2d4\211\302\366\367Wb\317\266"
 6235      81611F7D 
 6235      61370C57 
 6235      32643489 
 6235      C2F6F757 
 6236 2267 D42C0324 		.ascii	"\324,\003$\024\364\213\006\000\331\335\007\002\314\251"
 6236      14F48B06 
 6236      00D9DD07 
 6236      02CCA9
 6237 2276 2B92DADA 		.ascii	"+\222\332\332\3008\275\011\345\327Q\242\277`N\230\302"
 6237      C038BD09 
 6237      E5D751A2 
 6237      BF604E98 
 6237      C2
 6238 2287 19694CC2 		.ascii	"\031iL\302\024\005y-\206\306\327\216\327H \373\355u"
 6238      1405792D 
 6238      86C6D78E 
 6238      D74820FB 
 6238      ED75
 6239 2299 A136CFD6 		.ascii	"\2416\317\326?\027z\306\233\350|\271\342\000T\321Ga"
 6239      3F177AC6 
 6239      9BE87CB9 
 6239      E20054D1 
 6239      4761
 6240 22ab 155FE522 		.ascii	"\025_\345\"\261\017\215'g\363\264Q\020\271\021Z8\006"
 6240      B10F8D27 
 6240      67F3B451 
 6240      10B9115A 
 6240      3806
 6241 22bd 8B0038D5 		.ascii	"\213\0008\325\214\307\253s\247\351\012\337v&\211@\020"
 6241      8CC7AB73 
 6241      A7E90ADF 
 6241      76268940 
 6241      10
 6242 22ce 19040189 		.ascii	"\031\004\001\211[ak\301#wif\004\354\256Wx%8\354O\021"
 6242      5B616BC1 
 6242      23776966 
 6242      04ECAE57 
 6242      782538EC 
 6243 22e4 A71BEE29 		.ascii	"\247\033\356)Z\354\251g\264\226]2s0<\260\337=\202\342"
 6243      5AECA967 
 6243      B4965D32 
 6243      73303CB0 
ARM GAS  C:\Users\PUBLIC~1.LAP\AppData\Local\Temp\ccSvJTCD.s 			page 264


 6243      DF3D82E2 
 6244 22f8 EC5C6F7C 		.ascii	"\354\\o|[:&\005\3363s\242\031\363\360\276\334\220\030"
 6244      5B3A2605 
 6244      DE3373A2 
 6244      19F3F0BE 
 6244      DC9018
 6245 230b 59052AF3 		.ascii	"Y\005*\363W\\\223t\301\350\270\002\345\213\037Z\242"
 6245      575C9374 
 6245      C1E8B802 
 6245      E58B1F5A 
 6245      A2
 6246 231c D235E345 		.ascii	"\3225\343E\247\\\0058\351\001X\376\007\330\317\376\275"
 6246      A75C0538 
 6246      E90158FE 
 6246      07D8CFFE 
 6246      BD
 6247 232d 56BBBAFC 		.ascii	"V\273\272\374X/\260\375\007\220\027Ol\267<\316\037E"
 6247      582FB0FD 
 6247      0790174F 
 6247      6CB73CCE 
 6247      1F45
 6248 233f A59BEAE5 		.ascii	"\245\233\352\3455\030\340'\332\032\005B\374\251v]\363"
 6248      3518E027 
 6248      DA1A0542 
 6248      FCA9765D 
 6248      F3
 6249 2350 E6F44E28 		.ascii	"\346\364N(}g=\036\020\307\340\245\322\254\213\242^\025"
 6249      7D673D1E 
 6249      10C7E0A5 
 6249      D2AC8BA2 
 6249      5E15
 6250 2362 BF130D7D 		.ascii	"\277\023\015}\343\336\237\031\343\365[^\327'\250\217"
 6250      E3DE9F19 
 6250      E3F55B5E 
 6250      D727A88F 
 6251 2372 A2D9B95B 		.ascii	"\242\331\271[\300\333\017\012\271\0362)\360\353\366"
 6251      C0DB0F0A 
 6251      B91E3229 
 6251      F0EBF6
 6252 2381 FA58E8F6 		.ascii	"\372X\350\366f\020\366\357\010]\034\326\000\252\363"
 6252      6610F6EF 
 6252      085D1CD6 
 6252      00AAF3
 6253 2390 433D06DF 		.ascii	"C=\006\337\374\221\202\277\015\361;\327c\234\343\016"
 6253      FC9182BF 
 6253      0DF13BD7 
 6253      639CE30E 
 6254 23a0 0DBCB4FC 		.ascii	"\015\274\264\374\364\362N\323\366\274\302\003\264^\013"
 6254      F4F24ED3 
 6254      F6BCC203 
 6254      B45E0B
 6255 23af B33FBB15 		.ascii	"\263?\273\025\275\005\360\005\010\277\004\224\267a\334"
 6255      BD05F005 
 6255      08BF0494 
 6255      B761DC
 6256 23be AD08B806 		.ascii	"\255\010\270\006\355\015\374g\021\331\016\276\377\335"
 6256      ED0DFC67 
ARM GAS  C:\Users\PUBLIC~1.LAP\AppData\Local\Temp\ccSvJTCD.s 			page 265


 6256      11D90EBE 
 6256      FFDD
 6257 23cc AEF88C4E 		.ascii	"\256\370\214N?@J\236\250\"\244_\332<OA\267\343\273/"
 6257      3F404A9E 
 6257      A822A45F 
 6257      DA3C4F41 
 6257      B7E3BB2F 
 6258 23e0 C776A448 		.ascii	"\307v\244H\347\332va\326]\022\376-g\236v\226\267\254"
 6258      E7DA7661 
 6258      D65D12FE 
 6258      2D679E76 
 6258      96B7AC
 6259 23f3 829F3DE1 		.ascii	"\202\237=\341\211\005\235\031\343'\213\240un~\303\235"
 6259      89059D19 
 6259      E3278BA0 
 6259      756E7EC3 
 6259      9D
 6260 2404 D75BF029 		.ascii	"\327[\360)\232\017\271\342\274\341V\345\375@K\233\371"
 6260      9A0FB9E2 
 6260      BCE156E5 
 6260      FD404B9B 
 6260      F9
 6261 2415 E1BFCBA4 		.ascii	"\341\277\313\244\347\234\251\015\240\255\366\031\264"
 6261      E79CA90D 
 6261      A0ADF619 
 6261      B4
 6262 2422 65FF17A6 		.ascii	"e\377\027\246\036y\273\257\332'\334{*z0\355\325\244"
 6262      1E79BBAF 
 6262      DA27DC7B 
 6262      2A7A30ED 
 6262      D5A4
 6263 2434 1740E6A1 		.ascii	"\027@\346\241\256<I\222\363\271\361\256\233\372P\264"
 6263      AE3C4992 
 6263      F3B9F1AE 
 6263      9BFA50B4 
 6264 2444 AF935A8D 		.ascii	"\257\223Z\215\036\267\013\377\254\\\357\267\203g\034"
 6264      1EB70BFF 
 6264      AC5CEFB7 
 6264      83671C
 6265 2453 72D3D070 		.ascii	"r\323\320p\224\353\036\245\310\003\230\035\345\340\245"
 6265      94EB1EA5 
 6265      C803981D 
 6265      E5E0A5
 6266 2462 C06727AF 		.ascii	"\300g'\257\224\352\2307\253\274\015\321\354\311\030"
 6266      94EA9837 
 6266      ABBC0DD1 
 6266      ECC918
 6267 2471 BA6E93FD 		.ascii	"\272n\223\375\216A\003\001\367\342\351x\324\235X_+\373"
 6267      8E410301 
 6267      F7E2E978 
 6267      D49D585F 
 6267      2BFB
 6268 2483 7CCB0010 		.ascii	"|\313\000\020L\022\237\005X>\376\331\265\265|\377\363"
 6268      4C129F05 
 6268      583EFED9 
 6268      B5B57CFF 
 6268      F3
ARM GAS  C:\Users\PUBLIC~1.LAP\AppData\Local\Temp\ccSvJTCD.s 			page 266


 6269 2494 7C658D85 		.ascii	"|e\215\205\375\\t\003\374M\346\272\263:\233\374\266"
 6269      FD5C7403 
 6269      FC4DE6BA 
 6269      B33A9BFC 
 6269      B6
 6270 24a5 9C48F13E 		.ascii	"\234H\361><\300\015\376.\376\334@;\012\363Ro\007\240"
 6270      3CC00DFE 
 6270      2EFEDC40 
 6270      3B0AF352 
 6270      6F07A0
 6271 24b8 B7327CFB 		.ascii	"\2672|\373\350-\234^\333,\222<j1\014\251\021t\\EZ\005"
 6271      E82D9C5E 
 6271      DB2C923C 
 6271      6A310CA9 
 6271      11745C45 
 6272 24ce 66B06A97 		.ascii	"f\260j\227\233\227\"G\264y\220\362|\241\361\025\327"
 6272      9B972247 
 6272      B47990F2 
 6272      7CA1F115 
 6272      D7
 6273 24df B27923E6 		.ascii	"\262y#\346\266\357\255\360\021\365\360\205\252\017\256"
 6273      B6EFADF0 
 6273      11F5F085 
 6273      AA0FAE
 6274 24ee 833A1798 		.ascii	"\203:\027\230\367K\377Cs\023n\317\226\244\377\177\373"
 6274      F74BFF43 
 6274      73136ECF 
 6274      96A4FF7F 
 6274      FB
 6275 24ff 3C5A1660 		.ascii	"<Z\026`]\327\2053\367\372\366\266\262\216D\370\004\356"
 6275      5DD78533 
 6275      F7FAF6B6 
 6275      B28E44F8 
 6275      04EE
 6276 2511 AB01F043 		.ascii	"\253\001\360C}\222\332\232\302G6G\246\214\255p\315\237"
 6276      7D92DA9A 
 6276      C2473647 
 6276      A68CAD70 
 6276      CD9F
 6277 2523 D42EA14A 		.ascii	"\324.\241J\272\002"
 6277      BA02
 6278              		.text
 6279              		.section	.gnu.lto_.symtab.840c7bcd,"e",%progbits
 6280 0000 75736249 		.ascii	"usbInit\000"
 6280      6E697400 
 6281 0008 00       		.ascii	"\000"
 6282 0009 00       		.ascii	"\000"
 6283 000a 00       		.ascii	"\000"
 6284 000b 00000000 		.ascii	"\000\000\000\000\000\000\000\000"
 6284      00000000 
 6285 0013 57020000 		.ascii	"W\002\000\000"
 6286 0017 7573624F 		.ascii	"usbObjectInit\000"
 6286      626A6563 
 6286      74496E69 
 6286      7400
 6287 0025 00       		.ascii	"\000"
 6288 0026 00       		.ascii	"\000"
ARM GAS  C:\Users\PUBLIC~1.LAP\AppData\Local\Temp\ccSvJTCD.s 			page 267


 6289 0027 00       		.ascii	"\000"
 6290 0028 00000000 		.ascii	"\000\000\000\000\000\000\000\000"
 6290      00000000 
 6291 0030 59020000 		.ascii	"Y\002\000\000"
 6292 0034 75736253 		.ascii	"usbStart\000"
 6292      74617274 
 6292      00
 6293 003d 00       		.ascii	"\000"
 6294 003e 00       		.ascii	"\000"
 6295 003f 00       		.ascii	"\000"
 6296 0040 00000000 		.ascii	"\000\000\000\000\000\000\000\000"
 6296      00000000 
 6297 0048 5E020000 		.ascii	"^\002\000\000"
 6298 004c 75736253 		.ascii	"usbStop\000"
 6298      746F7000 
 6299 0054 00       		.ascii	"\000"
 6300 0055 00       		.ascii	"\000"
 6301 0056 00       		.ascii	"\000"
 6302 0057 00000000 		.ascii	"\000\000\000\000\000\000\000\000"
 6302      00000000 
 6303 005f 60020000 		.ascii	"`\002\000\000"
 6304 0063 75736249 		.ascii	"usbInitEndpointI\000"
 6304      6E697445 
 6304      6E64706F 
 6304      696E7449 
 6304      00
 6305 0074 00       		.ascii	"\000"
 6306 0075 00       		.ascii	"\000"
 6307 0076 00       		.ascii	"\000"
 6308 0077 00000000 		.ascii	"\000\000\000\000\000\000\000\000"
 6308      00000000 
 6309 007f 69020000 		.ascii	"i\002\000\000"
 6310 0083 75736244 		.ascii	"usbDisableEndpointsI\000"
 6310      69736162 
 6310      6C65456E 
 6310      64706F69 
 6310      6E747349 
 6311 0098 00       		.ascii	"\000"
 6312 0099 00       		.ascii	"\000"
 6313 009a 00       		.ascii	"\000"
 6314 009b 00000000 		.ascii	"\000\000\000\000\000\000\000\000"
 6314      00000000 
 6315 00a3 6B020000 		.ascii	"k\002\000\000"
 6316 00a7 75736253 		.ascii	"usbStartReceiveI\000"
 6316      74617274 
 6316      52656365 
 6316      69766549 
 6316      00
 6317 00b8 00       		.ascii	"\000"
 6318 00b9 00       		.ascii	"\000"
 6319 00ba 00       		.ascii	"\000"
 6320 00bb 00000000 		.ascii	"\000\000\000\000\000\000\000\000"
 6320      00000000 
 6321 00c3 80020000 		.ascii	"\200\002\000\000"
 6322 00c7 75736253 		.ascii	"usbStartTransmitI\000"
 6322      74617274 
 6322      5472616E 
ARM GAS  C:\Users\PUBLIC~1.LAP\AppData\Local\Temp\ccSvJTCD.s 			page 268


 6322      736D6974 
 6322      4900
 6323 00d9 00       		.ascii	"\000"
 6324 00da 00       		.ascii	"\000"
 6325 00db 00       		.ascii	"\000"
 6326 00dc 00000000 		.ascii	"\000\000\000\000\000\000\000\000"
 6326      00000000 
 6327 00e4 87020000 		.ascii	"\207\002\000\000"
 6328 00e8 75736252 		.ascii	"usbReceive\000"
 6328      65636569 
 6328      766500
 6329 00f3 00       		.ascii	"\000"
 6330 00f4 00       		.ascii	"\000"
 6331 00f5 00       		.ascii	"\000"
 6332 00f6 00000000 		.ascii	"\000\000\000\000\000\000\000\000"
 6332      00000000 
 6333 00fe 8E020000 		.ascii	"\216\002\000\000"
 6334 0102 75736254 		.ascii	"usbTransmit\000"
 6334      72616E73 
 6334      6D697400 
 6335 010e 00       		.ascii	"\000"
 6336 010f 00       		.ascii	"\000"
 6337 0110 00       		.ascii	"\000"
 6338 0111 00000000 		.ascii	"\000\000\000\000\000\000\000\000"
 6338      00000000 
 6339 0119 95020000 		.ascii	"\225\002\000\000"
 6340 011d 75736253 		.ascii	"usbStallReceiveI\000"
 6340      74616C6C 
 6340      52656365 
 6340      69766549 
 6340      00
 6341 012e 00       		.ascii	"\000"
 6342 012f 00       		.ascii	"\000"
 6343 0130 00       		.ascii	"\000"
 6344 0131 00000000 		.ascii	"\000\000\000\000\000\000\000\000"
 6344      00000000 
 6345 0139 9A020000 		.ascii	"\232\002\000\000"
 6346 013d 75736253 		.ascii	"usbStallTransmitI\000"
 6346      74616C6C 
 6346      5472616E 
 6346      736D6974 
 6346      4900
 6347 014f 00       		.ascii	"\000"
 6348 0150 00       		.ascii	"\000"
 6349 0151 00       		.ascii	"\000"
 6350 0152 00000000 		.ascii	"\000\000\000\000\000\000\000\000"
 6350      00000000 
 6351 015a 9C020000 		.ascii	"\234\002\000\000"
 6352 015e 75736257 		.ascii	"usbWakeupHost\000"
 6352      616B6575 
 6352      70486F73 
 6352      7400
 6353 016c 00       		.ascii	"\000"
 6354 016d 00       		.ascii	"\000"
 6355 016e 00       		.ascii	"\000"
 6356 016f 00000000 		.ascii	"\000\000\000\000\000\000\000\000"
 6356      00000000 
ARM GAS  C:\Users\PUBLIC~1.LAP\AppData\Local\Temp\ccSvJTCD.s 			page 269


 6357 0177 9E020000 		.ascii	"\236\002\000\000"
 6358 017b 5F757362 		.ascii	"_usb_reset\000"
 6358      5F726573 
 6358      657400
 6359 0186 00       		.ascii	"\000"
 6360 0187 00       		.ascii	"\000"
 6361 0188 00       		.ascii	"\000"
 6362 0189 00000000 		.ascii	"\000\000\000\000\000\000\000\000"
 6362      00000000 
 6363 0191 A0020000 		.ascii	"\240\002\000\000"
 6364 0195 5F757362 		.ascii	"_usb_suspend\000"
 6364      5F737573 
 6364      70656E64 
 6364      00
 6365 01a2 00       		.ascii	"\000"
 6366 01a3 00       		.ascii	"\000"
 6367 01a4 00       		.ascii	"\000"
 6368 01a5 00000000 		.ascii	"\000\000\000\000\000\000\000\000"
 6368      00000000 
 6369 01ad 4F020000 		.ascii	"O\002\000\000"
 6370 01b1 5F757362 		.ascii	"_usb_wakeup\000"
 6370      5F77616B 
 6370      65757000 
 6371 01bd 00       		.ascii	"\000"
 6372 01be 00       		.ascii	"\000"
 6373 01bf 00       		.ascii	"\000"
 6374 01c0 00000000 		.ascii	"\000\000\000\000\000\000\000\000"
 6374      00000000 
 6375 01c8 53020000 		.ascii	"S\002\000\000"
 6376 01cc 5F757362 		.ascii	"_usb_ep0setup\000"
 6376      5F657030 
 6376      73657475 
 6376      7000
 6377 01da 00       		.ascii	"\000"
 6378 01db 00       		.ascii	"\000"
 6379 01dc 00       		.ascii	"\000"
 6380 01dd 00000000 		.ascii	"\000\000\000\000\000\000\000\000"
 6380      00000000 
 6381 01e5 A2020000 		.ascii	"\242\002\000\000"
 6382 01e9 5F757362 		.ascii	"_usb_ep0in\000"
 6382      5F657030 
 6382      696E00
 6383 01f4 00       		.ascii	"\000"
 6384 01f5 00       		.ascii	"\000"
 6385 01f6 00       		.ascii	"\000"
 6386 01f7 00000000 		.ascii	"\000\000\000\000\000\000\000\000"
 6386      00000000 
 6387 01ff A4020000 		.ascii	"\244\002\000\000"
 6388 0203 5F757362 		.ascii	"_usb_ep0out\000"
 6388      5F657030 
 6388      6F757400 
 6389 020f 00       		.ascii	"\000"
 6390 0210 00       		.ascii	"\000"
 6391 0211 00       		.ascii	"\000"
 6392 0212 00000000 		.ascii	"\000\000\000\000\000\000\000\000"
 6392      00000000 
 6393 021a A6020000 		.ascii	"\246\002\000\000"
ARM GAS  C:\Users\PUBLIC~1.LAP\AppData\Local\Temp\ccSvJTCD.s 			page 270


 6394 021e 63685468 		.ascii	"chThdSuspendTimeoutS\000"
 6394      64537573 
 6394      70656E64 
 6394      54696D65 
 6394      6F757453 
 6395 0233 00       		.ascii	"\000"
 6396 0234 02       		.ascii	"\002"
 6397 0235 00       		.ascii	"\000"
 6398 0236 00000000 		.ascii	"\000\000\000\000\000\000\000\000"
 6398      00000000 
 6399 023e AD020000 		.ascii	"\255\002\000\000"
 6400 0242 7573625F 		.ascii	"usb_lld_set_address\000"
 6400      6C6C645F 
 6400      7365745F 
 6400      61646472 
 6400      65737300 
 6401 0256 00       		.ascii	"\000"
 6402 0257 02       		.ascii	"\002"
 6403 0258 00       		.ascii	"\000"
 6404 0259 00000000 		.ascii	"\000\000\000\000\000\000\000\000"
 6404      00000000 
 6405 0261 AF020000 		.ascii	"\257\002\000\000"
 6406 0265 63685468 		.ascii	"chThdResumeI\000"
 6406      64526573 
 6406      756D6549 
 6406      00
 6407 0272 00       		.ascii	"\000"
 6408 0273 02       		.ascii	"\002"
 6409 0274 00       		.ascii	"\000"
 6410 0275 00000000 		.ascii	"\000\000\000\000\000\000\000\000"
 6410      00000000 
 6411 027d B4020000 		.ascii	"\264\002\000\000"
 6412 0281 7573625F 		.ascii	"usb_lld_init\000"
 6412      6C6C645F 
 6412      696E6974 
 6412      00
 6413 028e 00       		.ascii	"\000"
 6414 028f 02       		.ascii	"\002"
 6415 0290 00       		.ascii	"\000"
 6416 0291 00000000 		.ascii	"\000\000\000\000\000\000\000\000"
 6416      00000000 
 6417 0299 B6020000 		.ascii	"\266\002\000\000"
 6418 029d 7573625F 		.ascii	"usb_lld_start\000"
 6418      6C6C645F 
 6418      73746172 
 6418      7400
 6419 02ab 00       		.ascii	"\000"
 6420 02ac 02       		.ascii	"\002"
 6421 02ad 00       		.ascii	"\000"
 6422 02ae 00000000 		.ascii	"\000\000\000\000\000\000\000\000"
 6422      00000000 
 6423 02b6 B8020000 		.ascii	"\270\002\000\000"
 6424 02ba 63685363 		.ascii	"chSchRescheduleS\000"
 6424      68526573 
 6424      63686564 
 6424      756C6553 
 6424      00
ARM GAS  C:\Users\PUBLIC~1.LAP\AppData\Local\Temp\ccSvJTCD.s 			page 271


 6425 02cb 00       		.ascii	"\000"
 6426 02cc 02       		.ascii	"\002"
 6427 02cd 00       		.ascii	"\000"
 6428 02ce 00000000 		.ascii	"\000\000\000\000\000\000\000\000"
 6428      00000000 
 6429 02d6 BA020000 		.ascii	"\272\002\000\000"
 6430 02da 7573625F 		.ascii	"usb_lld_stop\000"
 6430      6C6C645F 
 6430      73746F70 
 6430      00
 6431 02e7 00       		.ascii	"\000"
 6432 02e8 02       		.ascii	"\002"
 6433 02e9 00       		.ascii	"\000"
 6434 02ea 00000000 		.ascii	"\000\000\000\000\000\000\000\000"
 6434      00000000 
 6435 02f2 BC020000 		.ascii	"\274\002\000\000"
 6436 02f6 7573625F 		.ascii	"usb_lld_init_endpoint\000"
 6436      6C6C645F 
 6436      696E6974 
 6436      5F656E64 
 6436      706F696E 
 6437 030c 00       		.ascii	"\000"
 6438 030d 02       		.ascii	"\002"
 6439 030e 00       		.ascii	"\000"
 6440 030f 00000000 		.ascii	"\000\000\000\000\000\000\000\000"
 6440      00000000 
 6441 0317 BE020000 		.ascii	"\276\002\000\000"
 6442 031b 7573625F 		.ascii	"usb_lld_disable_endpoints\000"
 6442      6C6C645F 
 6442      64697361 
 6442      626C655F 
 6442      656E6470 
 6443 0335 00       		.ascii	"\000"
 6444 0336 02       		.ascii	"\002"
 6445 0337 00       		.ascii	"\000"
 6446 0338 00000000 		.ascii	"\000\000\000\000\000\000\000\000"
 6446      00000000 
 6447 0340 CC020000 		.ascii	"\314\002\000\000"
 6448 0344 7573625F 		.ascii	"usb_lld_stall_out\000"
 6448      6C6C645F 
 6448      7374616C 
 6448      6C5F6F75 
 6448      7400
 6449 0356 00       		.ascii	"\000"
 6450 0357 02       		.ascii	"\002"
 6451 0358 00       		.ascii	"\000"
 6452 0359 00000000 		.ascii	"\000\000\000\000\000\000\000\000"
 6452      00000000 
 6453 0361 CE020000 		.ascii	"\316\002\000\000"
 6454 0365 7573625F 		.ascii	"usb_lld_stall_in\000"
 6454      6C6C645F 
 6454      7374616C 
 6454      6C5F696E 
 6454      00
 6455 0376 00       		.ascii	"\000"
 6456 0377 02       		.ascii	"\002"
 6457 0378 00       		.ascii	"\000"
ARM GAS  C:\Users\PUBLIC~1.LAP\AppData\Local\Temp\ccSvJTCD.s 			page 272


 6458 0379 00000000 		.ascii	"\000\000\000\000\000\000\000\000"
 6458      00000000 
 6459 0381 D0020000 		.ascii	"\320\002\000\000"
 6460 0385 7573625F 		.ascii	"usb_lld_clear_out\000"
 6460      6C6C645F 
 6460      636C6561 
 6460      725F6F75 
 6460      7400
 6461 0397 00       		.ascii	"\000"
 6462 0398 02       		.ascii	"\002"
 6463 0399 00       		.ascii	"\000"
 6464 039a 00000000 		.ascii	"\000\000\000\000\000\000\000\000"
 6464      00000000 
 6465 03a2 D2020000 		.ascii	"\322\002\000\000"
 6466 03a6 7573625F 		.ascii	"usb_lld_clear_in\000"
 6466      6C6C645F 
 6466      636C6561 
 6466      725F696E 
 6466      00
 6467 03b7 00       		.ascii	"\000"
 6468 03b8 02       		.ascii	"\002"
 6469 03b9 00       		.ascii	"\000"
 6470 03ba 00000000 		.ascii	"\000\000\000\000\000\000\000\000"
 6470      00000000 
 6471 03c2 D4020000 		.ascii	"\324\002\000\000"
 6472 03c6 7573625F 		.ascii	"usb_lld_get_status_out\000"
 6472      6C6C645F 
 6472      6765745F 
 6472      73746174 
 6472      75735F6F 
 6473 03dd 00       		.ascii	"\000"
 6474 03de 02       		.ascii	"\002"
 6475 03df 00       		.ascii	"\000"
 6476 03e0 00000000 		.ascii	"\000\000\000\000\000\000\000\000"
 6476      00000000 
 6477 03e8 DC020000 		.ascii	"\334\002\000\000"
 6478 03ec 7573625F 		.ascii	"usb_lld_get_status_in\000"
 6478      6C6C645F 
 6478      6765745F 
 6478      73746174 
 6478      75735F69 
 6479 0402 00       		.ascii	"\000"
 6480 0403 02       		.ascii	"\002"
 6481 0404 00       		.ascii	"\000"
 6482 0405 00000000 		.ascii	"\000\000\000\000\000\000\000\000"
 6482      00000000 
 6483 040d DE020000 		.ascii	"\336\002\000\000"
 6484 0411 7573625F 		.ascii	"usb_lld_start_out\000"
 6484      6C6C645F 
 6484      73746172 
 6484      745F6F75 
 6484      7400
 6485 0423 00       		.ascii	"\000"
 6486 0424 02       		.ascii	"\002"
 6487 0425 00       		.ascii	"\000"
 6488 0426 00000000 		.ascii	"\000\000\000\000\000\000\000\000"
 6488      00000000 
ARM GAS  C:\Users\PUBLIC~1.LAP\AppData\Local\Temp\ccSvJTCD.s 			page 273


 6489 042e E0020000 		.ascii	"\340\002\000\000"
 6490 0432 7573625F 		.ascii	"usb_lld_start_in\000"
 6490      6C6C645F 
 6490      73746172 
 6490      745F696E 
 6490      00
 6491 0443 00       		.ascii	"\000"
 6492 0444 02       		.ascii	"\002"
 6493 0445 00       		.ascii	"\000"
 6494 0446 00000000 		.ascii	"\000\000\000\000\000\000\000\000"
 6494      00000000 
 6495 044e E2020000 		.ascii	"\342\002\000\000"
 6496 0452 7573625F 		.ascii	"usb_lld_reset\000"
 6496      6C6C645F 
 6496      72657365 
 6496      7400
 6497 0460 00       		.ascii	"\000"
 6498 0461 02       		.ascii	"\002"
 6499 0462 00       		.ascii	"\000"
 6500 0463 00000000 		.ascii	"\000\000\000\000\000\000\000\000"
 6500      00000000 
 6501 046b E4020000 		.ascii	"\344\002\000\000"
 6502 046f 7573625F 		.ascii	"usb_lld_read_setup\000"
 6502      6C6C645F 
 6502      72656164 
 6502      5F736574 
 6502      757000
 6503 0482 00       		.ascii	"\000"
 6504 0483 02       		.ascii	"\002"
 6505 0484 00       		.ascii	"\000"
 6506 0485 00000000 		.ascii	"\000\000\000\000\000\000\000\000"
 6506      00000000 
 6507 048d EA020000 		.ascii	"\352\002\000\000"
 6508              		.text
 6509              		.section	.gnu.lto_.ext_symtab.840c7bcd,"e",%progbits
 6510 0000 01       		.ascii	"\001"
 6511 0001 01       		.ascii	"\001"
 6512 0002 00       		.ascii	"\000"
 6513 0003 01       		.ascii	"\001"
 6514 0004 00       		.ascii	"\000"
 6515 0005 01       		.ascii	"\001"
 6516 0006 00       		.ascii	"\000"
 6517 0007 01       		.ascii	"\001"
 6518 0008 00       		.ascii	"\000"
 6519 0009 01       		.ascii	"\001"
 6520 000a 00       		.ascii	"\000"
 6521 000b 01       		.ascii	"\001"
 6522 000c 00       		.ascii	"\000"
 6523 000d 01       		.ascii	"\001"
 6524 000e 00       		.ascii	"\000"
 6525 000f 01       		.ascii	"\001"
 6526 0010 00       		.ascii	"\000"
 6527 0011 01       		.ascii	"\001"
 6528 0012 00       		.ascii	"\000"
 6529 0013 01       		.ascii	"\001"
 6530 0014 00       		.ascii	"\000"
 6531 0015 01       		.ascii	"\001"
ARM GAS  C:\Users\PUBLIC~1.LAP\AppData\Local\Temp\ccSvJTCD.s 			page 274


 6532 0016 00       		.ascii	"\000"
 6533 0017 01       		.ascii	"\001"
 6534 0018 00       		.ascii	"\000"
 6535 0019 01       		.ascii	"\001"
 6536 001a 00       		.ascii	"\000"
 6537 001b 01       		.ascii	"\001"
 6538 001c 00       		.ascii	"\000"
 6539 001d 01       		.ascii	"\001"
 6540 001e 00       		.ascii	"\000"
 6541 001f 01       		.ascii	"\001"
 6542 0020 00       		.ascii	"\000"
 6543 0021 01       		.ascii	"\001"
 6544 0022 00       		.ascii	"\000"
 6545 0023 01       		.ascii	"\001"
 6546 0024 00       		.ascii	"\000"
 6547 0025 01       		.ascii	"\001"
 6548 0026 00       		.ascii	"\000"
 6549 0027 01       		.ascii	"\001"
 6550 0028 00       		.ascii	"\000"
 6551 0029 01       		.ascii	"\001"
 6552 002a 00       		.ascii	"\000"
 6553 002b 01       		.ascii	"\001"
 6554 002c 00       		.ascii	"\000"
 6555 002d 01       		.ascii	"\001"
 6556 002e 00       		.ascii	"\000"
 6557 002f 01       		.ascii	"\001"
 6558 0030 00       		.ascii	"\000"
 6559 0031 01       		.ascii	"\001"
 6560 0032 00       		.ascii	"\000"
 6561 0033 01       		.ascii	"\001"
 6562 0034 00       		.ascii	"\000"
 6563 0035 01       		.ascii	"\001"
 6564 0036 00       		.ascii	"\000"
 6565 0037 01       		.ascii	"\001"
 6566 0038 00       		.ascii	"\000"
 6567 0039 01       		.ascii	"\001"
 6568 003a 00       		.ascii	"\000"
 6569 003b 01       		.ascii	"\001"
 6570 003c 00       		.ascii	"\000"
 6571 003d 01       		.ascii	"\001"
 6572 003e 00       		.ascii	"\000"
 6573 003f 01       		.ascii	"\001"
 6574 0040 00       		.ascii	"\000"
 6575 0041 01       		.ascii	"\001"
 6576 0042 00       		.ascii	"\000"
 6577 0043 01       		.ascii	"\001"
 6578 0044 00       		.ascii	"\000"
 6579 0045 01       		.ascii	"\001"
 6580 0046 00       		.ascii	"\000"
 6581 0047 01       		.ascii	"\001"
 6582 0048 00       		.ascii	"\000"
 6583 0049 01       		.ascii	"\001"
 6584 004a 00       		.ascii	"\000"
 6585 004b 01       		.ascii	"\001"
 6586 004c 00       		.ascii	"\000"
 6587              		.text
 6588              		.section	.gnu.lto_.opts,"e",%progbits
ARM GAS  C:\Users\PUBLIC~1.LAP\AppData\Local\Temp\ccSvJTCD.s 			page 275


 6589 0000 272D666E 		.ascii	"'-fno-openmp' '-fno-openacc' '-fno-pie' '-fcf-prote"
 6589      6F2D6F70 
 6589      656E6D70 
 6589      2720272D 
 6589      666E6F2D 
 6590 0033 6374696F 		.ascii	"ction=none' '-g' '-mcpu=cortex-m0' '-mthumb' '-mflo"
 6590      6E3D6E6F 
 6590      6E652720 
 6590      272D6727 
 6590      20272D6D 
 6591 0066 61742D61 		.ascii	"at-abi=soft' '-mlibarch=armv6s-m' '-march=armv6s-m'"
 6591      62693D73 
 6591      6F667427 
 6591      20272D6D 
 6591      6C696261 
 6592 0099 20272D4F 		.ascii	" '-Os' '-fomit-frame-pointer' '-falign-functions=16"
 6592      73272027 
 6592      2D666F6D 
 6592      69742D66 
 6592      72616D65 
 6593 00cc 2720272D 		.ascii	"' '-ffunction-sections' '-fdata-sections' '-fno-com"
 6593      6666756E 
 6593      6374696F 
 6593      6E2D7365 
 6593      6374696F 
 6594 00ff 6D6F6E27 		.ascii	"mon' '-flto' '-Xassembler' '-alms=./build/lst/hal_u"
 6594      20272D66 
 6594      6C746F27 
 6594      20272D58 
 6594      61737365 
 6595 0132 73622E6C 		.ascii	"sb.lst'\000"
 6595      73742700 
 6596              		.text
 6597              		.comm	__gnu_lto_slim,1,1
 6598              		.ident	"GCC: (GNU) 12.2.0"
ARM GAS  C:\Users\PUBLIC~1.LAP\AppData\Local\Temp\ccSvJTCD.s 			page 276


DEFINED SYMBOLS
                            *ABS*:00000000 hal_usb.c
C:\Users\PUBLIC~1.LAP\AppData\Local\Temp\ccSvJTCD.s:41     .gnu.debuglto_.debug_info:00000000 hal_usb.c.fb246f0a
                            *COM*:00000001 __gnu_lto_slim

NO UNDEFINED SYMBOLS
