ARM GAS  C:\Users\PUBLIC~1.LAP\AppData\Local\Temp\ccazXeXn.s 			page 1


   1              		.cpu cortex-m0
   2              		.arch armv6s-m
   3              		.fpu softvfp
   4              		.eabi_attribute 20, 1
   5              		.eabi_attribute 21, 1
   6              		.eabi_attribute 23, 3
   7              		.eabi_attribute 24, 1
   8              		.eabi_attribute 25, 1
   9              		.eabi_attribute 26, 1
  10              		.eabi_attribute 30, 4
  11              		.eabi_attribute 34, 0
  12              		.eabi_attribute 18, 4
  13              		.file	"md_uart.c"
  14              		.file 1 "d:\\qmk_msys\\mingw64\\arm-none-eabi\\include\\machine\\_default_types.h"
  15              		.file 2 "d:\\qmk_msys\\mingw64\\arm-none-eabi\\include\\sys\\_stdint.h"
  16              		.file 3 "D:\\00a_liuhy\\temp126\\ChibiOS-Contrib/os/common/ext/CMSIS/ES32/FS026/FS026/reg_uart.h"
  17              		.file 4 "D:\\00a_liuhy\\temp126\\ChibiOS-Contrib/os/common/ext/CMSIS/ES32/FS026/md/md_uart.h"
  18              		.file 5 "D:\\00a_liuhy\\temp126\\ChibiOS-Contrib/os/common/ext/CMSIS/ES32/FS026/md/md_uart.c"
  19              		.file 6 "D:\\00a_liuhy\\temp126\\ChibiOS-Contrib/os/common/ext/CMSIS/ES32/FS026/system_fs026.h"
  20              		.section	.gnu.debuglto_.debug_info,"e",%progbits
  21              	.Ldebug_info0:
  22              		.hidden	md_uart.c.8d5af067
  23              		.weak	md_uart.c.8d5af067
  24              	md_uart.c.8d5af067:
  25 0000 D8040000 		.4byte	0x4d8
  26 0004 0500     		.2byte	0x5
  27 0006 01       		.byte	0x1
  28 0007 04       		.byte	0x4
  29 0008 00000000 		.4byte	.Ldebug_abbrev0
  30 000c 0F       		.uleb128 0xf
  31 000d 93000000 		.4byte	.LASF61
  32 0011 1D       		.byte	0x1d
  33 0012 94020000 		.4byte	.LASF62
  34 0016 7A010000 		.4byte	.LASF63
  35 001a 00000000 		.4byte	.Ldebug_line0
  36 001e 03       		.uleb128 0x3
  37 001f 01       		.byte	0x1
  38 0020 06       		.byte	0x6
  39 0021 CA010000 		.4byte	.LASF0
  40 0025 07       		.uleb128 0x7
  41 0026 98040000 		.4byte	.LASF5
  42 002a 01       		.byte	0x1
  43 002b 2B       		.byte	0x2b
  44 002c 18       		.byte	0x18
  45 002d 31000000 		.4byte	0x31
  46 0031 03       		.uleb128 0x3
  47 0032 01       		.byte	0x1
  48 0033 08       		.byte	0x8
  49 0034 F1020000 		.4byte	.LASF1
  50 0038 03       		.uleb128 0x3
  51 0039 02       		.byte	0x2
  52 003a 05       		.byte	0x5
  53 003b 2C000000 		.4byte	.LASF2
  54 003f 03       		.uleb128 0x3
  55 0040 02       		.byte	0x2
  56 0041 07       		.byte	0x7
  57 0042 97030000 		.4byte	.LASF3
ARM GAS  C:\Users\PUBLIC~1.LAP\AppData\Local\Temp\ccazXeXn.s 			page 2


  58 0046 03       		.uleb128 0x3
  59 0047 04       		.byte	0x4
  60 0048 05       		.byte	0x5
  61 0049 1A020000 		.4byte	.LASF4
  62 004d 07       		.uleb128 0x7
  63 004e 7A020000 		.4byte	.LASF6
  64 0052 01       		.byte	0x1
  65 0053 4F       		.byte	0x4f
  66 0054 19       		.byte	0x19
  67 0055 59000000 		.4byte	0x59
  68 0059 03       		.uleb128 0x3
  69 005a 04       		.byte	0x4
  70 005b 07       		.byte	0x7
  71 005c 1B040000 		.4byte	.LASF7
  72 0060 03       		.uleb128 0x3
  73 0061 08       		.byte	0x8
  74 0062 05       		.byte	0x5
  75 0063 80000000 		.4byte	.LASF8
  76 0067 03       		.uleb128 0x3
  77 0068 08       		.byte	0x8
  78 0069 07       		.byte	0x7
  79 006a FF020000 		.4byte	.LASF9
  80 006e 10       		.uleb128 0x10
  81 006f 04       		.byte	0x4
  82 0070 05       		.byte	0x5
  83 0071 696E7400 		.ascii	"int\000"
  84 0075 03       		.uleb128 0x3
  85 0076 04       		.byte	0x4
  86 0077 07       		.byte	0x7
  87 0078 38030000 		.4byte	.LASF10
  88 007c 07       		.uleb128 0x7
  89 007d 75040000 		.4byte	.LASF11
  90 0081 02       		.byte	0x2
  91 0082 18       		.byte	0x18
  92 0083 13       		.byte	0x13
  93 0084 25000000 		.4byte	0x25
  94 0088 07       		.uleb128 0x7
  95 0089 2F030000 		.4byte	.LASF12
  96 008d 02       		.byte	0x2
  97 008e 30       		.byte	0x30
  98 008f 14       		.byte	0x14
  99 0090 4D000000 		.4byte	0x4d
 100 0094 11       		.uleb128 0x11
 101 0095 88000000 		.4byte	0x88
 102 0099 12       		.uleb128 0x12
 103 009a 94000000 		.4byte	0x94
 104 009e 13       		.uleb128 0x13
 105 009f 5E040000 		.4byte	.LASF64
 106 00a3 06       		.byte	0x6
 107 00a4 43       		.byte	0x43
 108 00a5 15       		.byte	0x15
 109 00a6 75000000 		.4byte	0x75
 110 00aa 14       		.uleb128 0x14
 111 00ab 44       		.byte	0x44
 112 00ac 03       		.byte	0x3
 113 00ad A302     		.2byte	0x2a3
 114 00af 09       		.byte	0x9
ARM GAS  C:\Users\PUBLIC~1.LAP\AppData\Local\Temp\ccazXeXn.s 			page 3


 115 00b0 81010000 		.4byte	0x181
 116 00b4 05       		.uleb128 0x5
 117 00b5 91040000 		.4byte	.LASF13
 118 00b9 A502     		.2byte	0x2a5
 119 00bb 99000000 		.4byte	0x99
 120 00bf 00       		.byte	0
 121 00c0 05       		.uleb128 0x5
 122 00c1 7D040000 		.4byte	.LASF14
 123 00c5 A602     		.2byte	0x2a6
 124 00c7 94000000 		.4byte	0x94
 125 00cb 04       		.byte	0x4
 126 00cc 06       		.uleb128 0x6
 127 00cd 42525200 		.ascii	"BRR\000"
 128 00d1 A702     		.2byte	0x2a7
 129 00d3 94000000 		.4byte	0x94
 130 00d7 08       		.byte	0x8
 131 00d8 05       		.uleb128 0x5
 132 00d9 17000000 		.4byte	.LASF15
 133 00dd A802     		.2byte	0x2a8
 134 00df 94000000 		.4byte	0x94
 135 00e3 0C       		.byte	0xc
 136 00e4 05       		.uleb128 0x5
 137 00e5 4C040000 		.4byte	.LASF16
 138 00e9 A902     		.2byte	0x2a9
 139 00eb 94000000 		.4byte	0x94
 140 00ef 10       		.byte	0x10
 141 00f0 05       		.uleb128 0x5
 142 00f1 8E020000 		.4byte	.LASF17
 143 00f5 AA02     		.2byte	0x2aa
 144 00f7 94000000 		.4byte	0x94
 145 00fb 14       		.byte	0x14
 146 00fc 05       		.uleb128 0x5
 147 00fd 7A000000 		.4byte	.LASF18
 148 0101 AB02     		.2byte	0x2ab
 149 0103 94000000 		.4byte	0x94
 150 0107 18       		.byte	0x18
 151 0108 06       		.uleb128 0x6
 152 0109 4C494E00 		.ascii	"LIN\000"
 153 010d AC02     		.2byte	0x2ac
 154 010f 94000000 		.4byte	0x94
 155 0113 1C       		.byte	0x1c
 156 0114 05       		.uleb128 0x5
 157 0115 61030000 		.4byte	.LASF19
 158 0119 AD02     		.2byte	0x2ad
 159 011b 94000000 		.4byte	0x94
 160 011f 20       		.byte	0x20
 161 0120 05       		.uleb128 0x5
 162 0121 FC030000 		.4byte	.LASF20
 163 0125 AE02     		.2byte	0x2ae
 164 0127 94000000 		.4byte	0x94
 165 012b 24       		.byte	0x24
 166 012c 05       		.uleb128 0x5
 167 012d F7030000 		.4byte	.LASF21
 168 0131 AF02     		.2byte	0x2af
 169 0133 99000000 		.4byte	0x99
 170 0137 28       		.byte	0x28
 171 0138 06       		.uleb128 0x6
ARM GAS  C:\Users\PUBLIC~1.LAP\AppData\Local\Temp\ccazXeXn.s 			page 4


 172 0139 49455200 		.ascii	"IER\000"
 173 013d B002     		.2byte	0x2b0
 174 013f 94000000 		.4byte	0x94
 175 0143 2C       		.byte	0x2c
 176 0144 06       		.uleb128 0x6
 177 0145 49445200 		.ascii	"IDR\000"
 178 0149 B102     		.2byte	0x2b1
 179 014b 94000000 		.4byte	0x94
 180 014f 30       		.byte	0x30
 181 0150 06       		.uleb128 0x6
 182 0151 49565300 		.ascii	"IVS\000"
 183 0155 B202     		.2byte	0x2b2
 184 0157 99000000 		.4byte	0x99
 185 015b 34       		.byte	0x34
 186 015c 06       		.uleb128 0x6
 187 015d 52494600 		.ascii	"RIF\000"
 188 0161 B302     		.2byte	0x2b3
 189 0163 99000000 		.4byte	0x99
 190 0167 38       		.byte	0x38
 191 0168 06       		.uleb128 0x6
 192 0169 49464D00 		.ascii	"IFM\000"
 193 016d B402     		.2byte	0x2b4
 194 016f 99000000 		.4byte	0x99
 195 0173 3C       		.byte	0x3c
 196 0174 06       		.uleb128 0x6
 197 0175 49435200 		.ascii	"ICR\000"
 198 0179 B502     		.2byte	0x2b5
 199 017b 94000000 		.4byte	0x94
 200 017f 40       		.byte	0x40
 201 0180 00       		.byte	0
 202 0181 15       		.uleb128 0x15
 203 0182 EA030000 		.4byte	.LASF22
 204 0186 03       		.byte	0x3
 205 0187 B602     		.2byte	0x2b6
 206 0189 03       		.byte	0x3
 207 018a AA000000 		.4byte	0xaa
 208 018e 16       		.uleb128 0x16
 209 018f 14       		.byte	0x14
 210 0190 04       		.byte	0x4
 211 0191 3F       		.byte	0x3f
 212 0192 09       		.byte	0x9
 213 0193 CF010000 		.4byte	0x1cf
 214 0197 08       		.uleb128 0x8
 215 0198 71000000 		.4byte	.LASF23
 216 019c 41       		.byte	0x41
 217 019d 88000000 		.4byte	0x88
 218 01a1 00       		.byte	0
 219 01a2 08       		.uleb128 0x8
 220 01a3 58030000 		.4byte	.LASF24
 221 01a7 43       		.byte	0x43
 222 01a8 88000000 		.4byte	0x88
 223 01ac 04       		.byte	0x4
 224 01ad 08       		.uleb128 0x8
 225 01ae 66030000 		.4byte	.LASF25
 226 01b2 46       		.byte	0x46
 227 01b3 88000000 		.4byte	0x88
 228 01b7 08       		.byte	0x8
ARM GAS  C:\Users\PUBLIC~1.LAP\AppData\Local\Temp\ccazXeXn.s 			page 5


 229 01b8 08       		.uleb128 0x8
 230 01b9 1C000000 		.4byte	.LASF26
 231 01bd 49       		.byte	0x49
 232 01be 88000000 		.4byte	0x88
 233 01c2 0C       		.byte	0xc
 234 01c3 08       		.uleb128 0x8
 235 01c4 5E010000 		.4byte	.LASF27
 236 01c8 4C       		.byte	0x4c
 237 01c9 88000000 		.4byte	0x88
 238 01cd 10       		.byte	0x10
 239 01ce 00       		.byte	0
 240 01cf 07       		.uleb128 0x7
 241 01d0 49000000 		.4byte	.LASF28
 242 01d4 04       		.byte	0x4
 243 01d5 4F       		.byte	0x4f
 244 01d6 03       		.byte	0x3
 245 01d7 8E010000 		.4byte	0x18e
 246 01db 03       		.uleb128 0x3
 247 01dc 08       		.byte	0x8
 248 01dd 04       		.byte	0x4
 249 01de E5020000 		.4byte	.LASF29
 250 01e2 03       		.uleb128 0x3
 251 01e3 01       		.byte	0x1
 252 01e4 08       		.byte	0x8
 253 01e5 72030000 		.4byte	.LASF30
 254 01e9 0D       		.uleb128 0xd
 255 01ea DC010000 		.4byte	.LASF34
 256 01ee AC       		.byte	0xac
 257 01ef 0A       		.byte	0xa
 258 01f0 88000000 		.4byte	0x88
 259 01f4 1C020000 		.4byte	0x21c
 260 01f8 02       		.uleb128 0x2
 261 01f9 C4010000 		.4byte	.LASF32
 262 01fd 05       		.byte	0x5
 263 01fe AC       		.byte	0xac
 264 01ff 31       		.byte	0x31
 265 0200 1C020000 		.4byte	0x21c
 266 0204 0A       		.uleb128 0xa
 267 0205 62727200 		.ascii	"brr\000"
 268 0209 AE       		.byte	0xae
 269 020a 0E       		.byte	0xe
 270 020b 88000000 		.4byte	0x88
 271 020f 17       		.uleb128 0x17
 272 0210 85020000 		.4byte	.LASF31
 273 0214 05       		.byte	0x5
 274 0215 AE       		.byte	0xae
 275 0216 13       		.byte	0x13
 276 0217 88000000 		.4byte	0x88
 277 021b 00       		.byte	0
 278 021c 0B       		.uleb128 0xb
 279 021d 81010000 		.4byte	0x181
 280 0221 09       		.uleb128 0x9
 281 0222 C1030000 		.4byte	.LASF36
 282 0226 99       		.byte	0x99
 283 0227 58020000 		.4byte	0x258
 284 022b 02       		.uleb128 0x2
 285 022c C4010000 		.4byte	.LASF32
ARM GAS  C:\Users\PUBLIC~1.LAP\AppData\Local\Temp\ccazXeXn.s 			page 6


 286 0230 05       		.byte	0x5
 287 0231 99       		.byte	0x99
 288 0232 2B       		.byte	0x2b
 289 0233 1C020000 		.4byte	0x21c
 290 0237 02       		.uleb128 0x2
 291 0238 8E000000 		.4byte	.LASF33
 292 023c 05       		.byte	0x5
 293 023d 99       		.byte	0x99
 294 023e 3B       		.byte	0x3b
 295 023f 58020000 		.4byte	0x258
 296 0243 0E       		.uleb128 0xe
 297 0244 6C656E00 		.ascii	"len\000"
 298 0248 99       		.byte	0x99
 299 0249 4A       		.byte	0x4a
 300 024a 88000000 		.4byte	0x88
 301 024e 0A       		.uleb128 0xa
 302 024f 6900     		.ascii	"i\000"
 303 0251 9B       		.byte	0x9b
 304 0252 09       		.byte	0x9
 305 0253 6E000000 		.4byte	0x6e
 306 0257 00       		.byte	0
 307 0258 0B       		.uleb128 0xb
 308 0259 7C000000 		.4byte	0x7c
 309 025d 0D       		.uleb128 0xd
 310 025e 23020000 		.4byte	.LASF35
 311 0262 8B       		.byte	0x8b
 312 0263 09       		.byte	0x9
 313 0264 7C000000 		.4byte	0x7c
 314 0268 79020000 		.4byte	0x279
 315 026c 02       		.uleb128 0x2
 316 026d C4010000 		.4byte	.LASF32
 317 0271 05       		.byte	0x5
 318 0272 8B       		.byte	0x8b
 319 0273 27       		.byte	0x27
 320 0274 1C020000 		.4byte	0x21c
 321 0278 00       		.byte	0
 322 0279 09       		.uleb128 0x9
 323 027a B0010000 		.4byte	.LASF37
 324 027e 79       		.byte	0x79
 325 027f B0020000 		.4byte	0x2b0
 326 0283 02       		.uleb128 0x2
 327 0284 C4010000 		.4byte	.LASF32
 328 0288 05       		.byte	0x5
 329 0289 79       		.byte	0x79
 330 028a 28       		.byte	0x28
 331 028b 1C020000 		.4byte	0x21c
 332 028f 02       		.uleb128 0x2
 333 0290 8E000000 		.4byte	.LASF33
 334 0294 05       		.byte	0x5
 335 0295 79       		.byte	0x79
 336 0296 38       		.byte	0x38
 337 0297 58020000 		.4byte	0x258
 338 029b 0E       		.uleb128 0xe
 339 029c 6C656E00 		.ascii	"len\000"
 340 02a0 79       		.byte	0x79
 341 02a1 47       		.byte	0x47
 342 02a2 88000000 		.4byte	0x88
ARM GAS  C:\Users\PUBLIC~1.LAP\AppData\Local\Temp\ccazXeXn.s 			page 7


 343 02a6 0A       		.uleb128 0xa
 344 02a7 6900     		.ascii	"i\000"
 345 02a9 7B       		.byte	0x7b
 346 02aa 09       		.byte	0x9
 347 02ab 6E000000 		.4byte	0x6e
 348 02af 00       		.byte	0
 349 02b0 09       		.uleb128 0x9
 350 02b1 51040000 		.4byte	.LASF38
 351 02b5 69       		.byte	0x69
 352 02b6 D3020000 		.4byte	0x2d3
 353 02ba 02       		.uleb128 0x2
 354 02bb C4010000 		.4byte	.LASF32
 355 02bf 05       		.byte	0x5
 356 02c0 69       		.byte	0x69
 357 02c1 21       		.byte	0x21
 358 02c2 1C020000 		.4byte	0x21c
 359 02c6 02       		.uleb128 0x2
 360 02c7 8E000000 		.4byte	.LASF33
 361 02cb 05       		.byte	0x5
 362 02cc 69       		.byte	0x69
 363 02cd 30       		.byte	0x30
 364 02ce 7C000000 		.4byte	0x7c
 365 02d2 00       		.byte	0
 366 02d3 09       		.uleb128 0x9
 367 02d4 84040000 		.4byte	.LASF39
 368 02d8 4D       		.byte	0x4d
 369 02d9 F6020000 		.4byte	0x2f6
 370 02dd 02       		.uleb128 0x2
 371 02de C4010000 		.4byte	.LASF32
 372 02e2 05       		.byte	0x5
 373 02e3 4D       		.byte	0x4d
 374 02e4 21       		.byte	0x21
 375 02e5 1C020000 		.4byte	0x21c
 376 02e9 02       		.uleb128 0x2
 377 02ea 0A020000 		.4byte	.LASF40
 378 02ee 05       		.byte	0x5
 379 02ef 4D       		.byte	0x4d
 380 02f0 3E       		.byte	0x3e
 381 02f1 F6020000 		.4byte	0x2f6
 382 02f5 00       		.byte	0
 383 02f6 0B       		.uleb128 0xb
 384 02f7 CF010000 		.4byte	0x1cf
 385 02fb 09       		.uleb128 0x9
 386 02fc 61020000 		.4byte	.LASF41
 387 0300 41       		.byte	0x41
 388 0301 29030000 		.4byte	0x329
 389 0305 02       		.uleb128 0x2
 390 0306 C4010000 		.4byte	.LASF32
 391 030a 05       		.byte	0x5
 392 030b 41       		.byte	0x41
 393 030c 2D       		.byte	0x2d
 394 030d 1C020000 		.4byte	0x21c
 395 0311 02       		.uleb128 0x2
 396 0312 85020000 		.4byte	.LASF31
 397 0316 05       		.byte	0x5
 398 0317 41       		.byte	0x41
 399 0318 3D       		.byte	0x3d
ARM GAS  C:\Users\PUBLIC~1.LAP\AppData\Local\Temp\ccazXeXn.s 			page 8


 400 0319 88000000 		.4byte	0x88
 401 031d 0A       		.uleb128 0xa
 402 031e 62727200 		.ascii	"brr\000"
 403 0322 43       		.byte	0x43
 404 0323 0E       		.byte	0xe
 405 0324 88000000 		.4byte	0x88
 406 0328 00       		.byte	0
 407 0329 0C       		.uleb128 0xc
 408 032a 77030000 		.4byte	.LASF42
 409 032e F006     		.2byte	0x6f0
 410 0330 88000000 		.4byte	0x88
 411 0334 45030000 		.4byte	0x345
 412 0338 01       		.uleb128 0x1
 413 0339 C4010000 		.4byte	.LASF32
 414 033d F006     		.2byte	0x6f0
 415 033f 48       		.byte	0x48
 416 0340 1C020000 		.4byte	0x21c
 417 0344 00       		.byte	0
 418 0345 0C       		.uleb128 0xc
 419 0346 2D040000 		.4byte	.LASF43
 420 034a BF06     		.2byte	0x6bf
 421 034c 88000000 		.4byte	0x88
 422 0350 61030000 		.4byte	0x361
 423 0354 01       		.uleb128 0x1
 424 0355 C4010000 		.4byte	.LASF32
 425 0359 BF06     		.2byte	0x6bf
 426 035b 47       		.byte	0x47
 427 035c 1C020000 		.4byte	0x21c
 428 0360 00       		.byte	0
 429 0361 04       		.uleb128 0x4
 430 0362 4B020000 		.4byte	.LASF45
 431 0366 B102     		.2byte	0x2b1
 432 0368 85030000 		.4byte	0x385
 433 036c 01       		.uleb128 0x1
 434 036d C4010000 		.4byte	.LASF32
 435 0371 B102     		.2byte	0x2b1
 436 0373 3A       		.byte	0x3a
 437 0374 1C020000 		.4byte	0x21c
 438 0378 01       		.uleb128 0x1
 439 0379 D6010000 		.4byte	.LASF44
 440 037d B102     		.2byte	0x2b1
 441 037f 4A       		.byte	0x4a
 442 0380 88000000 		.4byte	0x88
 443 0384 00       		.byte	0
 444 0385 04       		.uleb128 0x4
 445 0386 33020000 		.4byte	.LASF46
 446 038a 9302     		.2byte	0x293
 447 038c A9030000 		.4byte	0x3a9
 448 0390 01       		.uleb128 0x1
 449 0391 C4010000 		.4byte	.LASF32
 450 0395 9302     		.2byte	0x293
 451 0397 35       		.byte	0x35
 452 0398 1C020000 		.4byte	0x21c
 453 039c 01       		.uleb128 0x1
 454 039d 6D030000 		.4byte	.LASF47
 455 03a1 9302     		.2byte	0x293
 456 03a3 45       		.byte	0x45
ARM GAS  C:\Users\PUBLIC~1.LAP\AppData\Local\Temp\ccazXeXn.s 			page 9


 457 03a4 88000000 		.4byte	0x88
 458 03a8 00       		.byte	0
 459 03a9 04       		.uleb128 0x4
 460 03aa 5E000000 		.4byte	.LASF48
 461 03ae 7502     		.2byte	0x275
 462 03b0 CD030000 		.4byte	0x3cd
 463 03b4 01       		.uleb128 0x1
 464 03b5 C4010000 		.4byte	.LASF32
 465 03b9 7502     		.2byte	0x275
 466 03bb 37       		.byte	0x37
 467 03bc 1C020000 		.4byte	0x21c
 468 03c0 01       		.uleb128 0x1
 469 03c1 44020000 		.4byte	.LASF49
 470 03c5 7502     		.2byte	0x275
 471 03c7 47       		.byte	0x47
 472 03c8 88000000 		.4byte	0x88
 473 03cc 00       		.byte	0
 474 03cd 04       		.uleb128 0x4
 475 03ce 45010000 		.4byte	.LASF50
 476 03d2 5D02     		.2byte	0x25d
 477 03d4 E5030000 		.4byte	0x3e5
 478 03d8 01       		.uleb128 0x1
 479 03d9 C4010000 		.4byte	.LASF32
 480 03dd 5D02     		.2byte	0x25d
 481 03df 3D       		.byte	0x3d
 482 03e0 1C020000 		.4byte	0x21c
 483 03e4 00       		.byte	0
 484 03e5 04       		.uleb128 0x4
 485 03e6 16030000 		.4byte	.LASF51
 486 03ea 5202     		.2byte	0x252
 487 03ec FD030000 		.4byte	0x3fd
 488 03f0 01       		.uleb128 0x1
 489 03f1 C4010000 		.4byte	.LASF32
 490 03f5 5202     		.2byte	0x252
 491 03f7 3D       		.byte	0x3d
 492 03f8 1C020000 		.4byte	0x21c
 493 03fc 00       		.byte	0
 494 03fd 04       		.uleb128 0x4
 495 03fe 45030000 		.4byte	.LASF52
 496 0402 7A01     		.2byte	0x17a
 497 0404 15040000 		.4byte	0x415
 498 0408 01       		.uleb128 0x1
 499 0409 C4010000 		.4byte	.LASF32
 500 040d 7A01     		.2byte	0x17a
 501 040f 37       		.byte	0x37
 502 0410 1C020000 		.4byte	0x21c
 503 0414 00       		.byte	0
 504 0415 04       		.uleb128 0x4
 505 0416 D8030000 		.4byte	.LASF53
 506 041a 7001     		.2byte	0x170
 507 041c 2D040000 		.4byte	0x42d
 508 0420 01       		.uleb128 0x1
 509 0421 C4010000 		.4byte	.LASF32
 510 0425 7001     		.2byte	0x170
 511 0427 36       		.byte	0x36
 512 0428 1C020000 		.4byte	0x21c
 513 042c 00       		.byte	0
ARM GAS  C:\Users\PUBLIC~1.LAP\AppData\Local\Temp\ccazXeXn.s 			page 10


 514 042d 04       		.uleb128 0x4
 515 042e 36000000 		.4byte	.LASF54
 516 0432 5B01     		.2byte	0x15b
 517 0434 45040000 		.4byte	0x445
 518 0438 01       		.uleb128 0x1
 519 0439 C4010000 		.4byte	.LASF32
 520 043d 5B01     		.2byte	0x15b
 521 043f 37       		.byte	0x37
 522 0440 1C020000 		.4byte	0x21c
 523 0444 00       		.byte	0
 524 0445 04       		.uleb128 0x4
 525 0446 68010000 		.4byte	.LASF55
 526 044a 5101     		.2byte	0x151
 527 044c 5D040000 		.4byte	0x45d
 528 0450 01       		.uleb128 0x1
 529 0451 C4010000 		.4byte	.LASF32
 530 0455 5101     		.2byte	0x151
 531 0457 36       		.byte	0x36
 532 0458 1C020000 		.4byte	0x21c
 533 045c 00       		.byte	0
 534 045d 0C       		.uleb128 0xc
 535 045e F5010000 		.4byte	.LASF56
 536 0462 2B01     		.2byte	0x12b
 537 0464 88000000 		.4byte	0x88
 538 0468 79040000 		.4byte	0x479
 539 046c 01       		.uleb128 0x1
 540 046d C4010000 		.4byte	.LASF32
 541 0471 2B01     		.2byte	0x12b
 542 0473 3D       		.byte	0x3d
 543 0474 1C020000 		.4byte	0x21c
 544 0478 00       		.byte	0
 545 0479 04       		.uleb128 0x4
 546 047a 06040000 		.4byte	.LASF57
 547 047e 2001     		.2byte	0x120
 548 0480 9D040000 		.4byte	0x49d
 549 0484 01       		.uleb128 0x1
 550 0485 C4010000 		.4byte	.LASF32
 551 0489 2001     		.2byte	0x120
 552 048b 39       		.byte	0x39
 553 048c 1C020000 		.4byte	0x21c
 554 0490 01       		.uleb128 0x1
 555 0491 85020000 		.4byte	.LASF31
 556 0495 2001     		.2byte	0x120
 557 0497 49       		.byte	0x49
 558 0498 88000000 		.4byte	0x88
 559 049c 00       		.byte	0
 560 049d 18       		.uleb128 0x18
 561 049e AA030000 		.4byte	.LASF58
 562 04a2 04       		.byte	0x4
 563 04a3 EB       		.byte	0xeb
 564 04a4 16       		.byte	0x16
 565 04a5 C2040000 		.4byte	0x4c2
 566 04a9 02       		.uleb128 0x2
 567 04aa C4010000 		.4byte	.LASF32
 568 04ae 04       		.byte	0x4
 569 04af EB       		.byte	0xeb
 570 04b0 3B       		.byte	0x3b
ARM GAS  C:\Users\PUBLIC~1.LAP\AppData\Local\Temp\ccazXeXn.s 			page 11


 571 04b1 1C020000 		.4byte	0x21c
 572 04b5 02       		.uleb128 0x2
 573 04b6 25000000 		.4byte	.LASF59
 574 04ba 04       		.byte	0x4
 575 04bb EB       		.byte	0xeb
 576 04bc 4A       		.byte	0x4a
 577 04bd 7C000000 		.4byte	0x7c
 578 04c1 00       		.byte	0
 579 04c2 19       		.uleb128 0x19
 580 04c3 00000000 		.4byte	.LASF60
 581 04c7 04       		.byte	0x4
 582 04c8 B4       		.byte	0xb4
 583 04c9 19       		.byte	0x19
 584 04ca 7C000000 		.4byte	0x7c
 585 04ce 02       		.uleb128 0x2
 586 04cf C4010000 		.4byte	.LASF32
 587 04d3 04       		.byte	0x4
 588 04d4 B4       		.byte	0xb4
 589 04d5 3E       		.byte	0x3e
 590 04d6 1C020000 		.4byte	0x21c
 591 04da 00       		.byte	0
 592 04db 00       		.byte	0
 593              		.section	.gnu.debuglto_.debug_abbrev,"e",%progbits
 594              	.Ldebug_abbrev0:
 595 0000 01       		.uleb128 0x1
 596 0001 05       		.uleb128 0x5
 597 0002 00       		.byte	0
 598 0003 03       		.uleb128 0x3
 599 0004 0E       		.uleb128 0xe
 600 0005 3A       		.uleb128 0x3a
 601 0006 21       		.uleb128 0x21
 602 0007 04       		.sleb128 4
 603 0008 3B       		.uleb128 0x3b
 604 0009 05       		.uleb128 0x5
 605 000a 39       		.uleb128 0x39
 606 000b 0B       		.uleb128 0xb
 607 000c 49       		.uleb128 0x49
 608 000d 13       		.uleb128 0x13
 609 000e 00       		.byte	0
 610 000f 00       		.byte	0
 611 0010 02       		.uleb128 0x2
 612 0011 05       		.uleb128 0x5
 613 0012 00       		.byte	0
 614 0013 03       		.uleb128 0x3
 615 0014 0E       		.uleb128 0xe
 616 0015 3A       		.uleb128 0x3a
 617 0016 0B       		.uleb128 0xb
 618 0017 3B       		.uleb128 0x3b
 619 0018 0B       		.uleb128 0xb
 620 0019 39       		.uleb128 0x39
 621 001a 0B       		.uleb128 0xb
 622 001b 49       		.uleb128 0x49
 623 001c 13       		.uleb128 0x13
 624 001d 00       		.byte	0
 625 001e 00       		.byte	0
 626 001f 03       		.uleb128 0x3
 627 0020 24       		.uleb128 0x24
ARM GAS  C:\Users\PUBLIC~1.LAP\AppData\Local\Temp\ccazXeXn.s 			page 12


 628 0021 00       		.byte	0
 629 0022 0B       		.uleb128 0xb
 630 0023 0B       		.uleb128 0xb
 631 0024 3E       		.uleb128 0x3e
 632 0025 0B       		.uleb128 0xb
 633 0026 03       		.uleb128 0x3
 634 0027 0E       		.uleb128 0xe
 635 0028 00       		.byte	0
 636 0029 00       		.byte	0
 637 002a 04       		.uleb128 0x4
 638 002b 2E       		.uleb128 0x2e
 639 002c 01       		.byte	0x1
 640 002d 03       		.uleb128 0x3
 641 002e 0E       		.uleb128 0xe
 642 002f 3A       		.uleb128 0x3a
 643 0030 21       		.uleb128 0x21
 644 0031 04       		.sleb128 4
 645 0032 3B       		.uleb128 0x3b
 646 0033 05       		.uleb128 0x5
 647 0034 39       		.uleb128 0x39
 648 0035 21       		.uleb128 0x21
 649 0036 16       		.sleb128 22
 650 0037 27       		.uleb128 0x27
 651 0038 19       		.uleb128 0x19
 652 0039 01       		.uleb128 0x1
 653 003a 13       		.uleb128 0x13
 654 003b 00       		.byte	0
 655 003c 00       		.byte	0
 656 003d 05       		.uleb128 0x5
 657 003e 0D       		.uleb128 0xd
 658 003f 00       		.byte	0
 659 0040 03       		.uleb128 0x3
 660 0041 0E       		.uleb128 0xe
 661 0042 3A       		.uleb128 0x3a
 662 0043 21       		.uleb128 0x21
 663 0044 03       		.sleb128 3
 664 0045 3B       		.uleb128 0x3b
 665 0046 05       		.uleb128 0x5
 666 0047 39       		.uleb128 0x39
 667 0048 21       		.uleb128 0x21
 668 0049 13       		.sleb128 19
 669 004a 49       		.uleb128 0x49
 670 004b 13       		.uleb128 0x13
 671 004c 38       		.uleb128 0x38
 672 004d 0B       		.uleb128 0xb
 673 004e 00       		.byte	0
 674 004f 00       		.byte	0
 675 0050 06       		.uleb128 0x6
 676 0051 0D       		.uleb128 0xd
 677 0052 00       		.byte	0
 678 0053 03       		.uleb128 0x3
 679 0054 08       		.uleb128 0x8
 680 0055 3A       		.uleb128 0x3a
 681 0056 21       		.uleb128 0x21
 682 0057 03       		.sleb128 3
 683 0058 3B       		.uleb128 0x3b
 684 0059 05       		.uleb128 0x5
ARM GAS  C:\Users\PUBLIC~1.LAP\AppData\Local\Temp\ccazXeXn.s 			page 13


 685 005a 39       		.uleb128 0x39
 686 005b 21       		.uleb128 0x21
 687 005c 13       		.sleb128 19
 688 005d 49       		.uleb128 0x49
 689 005e 13       		.uleb128 0x13
 690 005f 38       		.uleb128 0x38
 691 0060 0B       		.uleb128 0xb
 692 0061 00       		.byte	0
 693 0062 00       		.byte	0
 694 0063 07       		.uleb128 0x7
 695 0064 16       		.uleb128 0x16
 696 0065 00       		.byte	0
 697 0066 03       		.uleb128 0x3
 698 0067 0E       		.uleb128 0xe
 699 0068 3A       		.uleb128 0x3a
 700 0069 0B       		.uleb128 0xb
 701 006a 3B       		.uleb128 0x3b
 702 006b 0B       		.uleb128 0xb
 703 006c 39       		.uleb128 0x39
 704 006d 0B       		.uleb128 0xb
 705 006e 49       		.uleb128 0x49
 706 006f 13       		.uleb128 0x13
 707 0070 00       		.byte	0
 708 0071 00       		.byte	0
 709 0072 08       		.uleb128 0x8
 710 0073 0D       		.uleb128 0xd
 711 0074 00       		.byte	0
 712 0075 03       		.uleb128 0x3
 713 0076 0E       		.uleb128 0xe
 714 0077 3A       		.uleb128 0x3a
 715 0078 21       		.uleb128 0x21
 716 0079 04       		.sleb128 4
 717 007a 3B       		.uleb128 0x3b
 718 007b 0B       		.uleb128 0xb
 719 007c 39       		.uleb128 0x39
 720 007d 21       		.uleb128 0x21
 721 007e 0E       		.sleb128 14
 722 007f 49       		.uleb128 0x49
 723 0080 13       		.uleb128 0x13
 724 0081 38       		.uleb128 0x38
 725 0082 0B       		.uleb128 0xb
 726 0083 00       		.byte	0
 727 0084 00       		.byte	0
 728 0085 09       		.uleb128 0x9
 729 0086 2E       		.uleb128 0x2e
 730 0087 01       		.byte	0x1
 731 0088 3F       		.uleb128 0x3f
 732 0089 19       		.uleb128 0x19
 733 008a 03       		.uleb128 0x3
 734 008b 0E       		.uleb128 0xe
 735 008c 3A       		.uleb128 0x3a
 736 008d 21       		.uleb128 0x21
 737 008e 05       		.sleb128 5
 738 008f 3B       		.uleb128 0x3b
 739 0090 0B       		.uleb128 0xb
 740 0091 39       		.uleb128 0x39
 741 0092 21       		.uleb128 0x21
ARM GAS  C:\Users\PUBLIC~1.LAP\AppData\Local\Temp\ccazXeXn.s 			page 14


 742 0093 06       		.sleb128 6
 743 0094 27       		.uleb128 0x27
 744 0095 19       		.uleb128 0x19
 745 0096 01       		.uleb128 0x1
 746 0097 13       		.uleb128 0x13
 747 0098 00       		.byte	0
 748 0099 00       		.byte	0
 749 009a 0A       		.uleb128 0xa
 750 009b 34       		.uleb128 0x34
 751 009c 00       		.byte	0
 752 009d 03       		.uleb128 0x3
 753 009e 08       		.uleb128 0x8
 754 009f 3A       		.uleb128 0x3a
 755 00a0 21       		.uleb128 0x21
 756 00a1 05       		.sleb128 5
 757 00a2 3B       		.uleb128 0x3b
 758 00a3 0B       		.uleb128 0xb
 759 00a4 39       		.uleb128 0x39
 760 00a5 0B       		.uleb128 0xb
 761 00a6 49       		.uleb128 0x49
 762 00a7 13       		.uleb128 0x13
 763 00a8 00       		.byte	0
 764 00a9 00       		.byte	0
 765 00aa 0B       		.uleb128 0xb
 766 00ab 0F       		.uleb128 0xf
 767 00ac 00       		.byte	0
 768 00ad 0B       		.uleb128 0xb
 769 00ae 21       		.uleb128 0x21
 770 00af 04       		.sleb128 4
 771 00b0 49       		.uleb128 0x49
 772 00b1 13       		.uleb128 0x13
 773 00b2 00       		.byte	0
 774 00b3 00       		.byte	0
 775 00b4 0C       		.uleb128 0xc
 776 00b5 2E       		.uleb128 0x2e
 777 00b6 01       		.byte	0x1
 778 00b7 03       		.uleb128 0x3
 779 00b8 0E       		.uleb128 0xe
 780 00b9 3A       		.uleb128 0x3a
 781 00ba 21       		.uleb128 0x21
 782 00bb 04       		.sleb128 4
 783 00bc 3B       		.uleb128 0x3b
 784 00bd 05       		.uleb128 0x5
 785 00be 39       		.uleb128 0x39
 786 00bf 21       		.uleb128 0x21
 787 00c0 1A       		.sleb128 26
 788 00c1 27       		.uleb128 0x27
 789 00c2 19       		.uleb128 0x19
 790 00c3 49       		.uleb128 0x49
 791 00c4 13       		.uleb128 0x13
 792 00c5 01       		.uleb128 0x1
 793 00c6 13       		.uleb128 0x13
 794 00c7 00       		.byte	0
 795 00c8 00       		.byte	0
 796 00c9 0D       		.uleb128 0xd
 797 00ca 2E       		.uleb128 0x2e
 798 00cb 01       		.byte	0x1
ARM GAS  C:\Users\PUBLIC~1.LAP\AppData\Local\Temp\ccazXeXn.s 			page 15


 799 00cc 3F       		.uleb128 0x3f
 800 00cd 19       		.uleb128 0x19
 801 00ce 03       		.uleb128 0x3
 802 00cf 0E       		.uleb128 0xe
 803 00d0 3A       		.uleb128 0x3a
 804 00d1 21       		.uleb128 0x21
 805 00d2 05       		.sleb128 5
 806 00d3 3B       		.uleb128 0x3b
 807 00d4 0B       		.uleb128 0xb
 808 00d5 39       		.uleb128 0x39
 809 00d6 0B       		.uleb128 0xb
 810 00d7 27       		.uleb128 0x27
 811 00d8 19       		.uleb128 0x19
 812 00d9 49       		.uleb128 0x49
 813 00da 13       		.uleb128 0x13
 814 00db 01       		.uleb128 0x1
 815 00dc 13       		.uleb128 0x13
 816 00dd 00       		.byte	0
 817 00de 00       		.byte	0
 818 00df 0E       		.uleb128 0xe
 819 00e0 05       		.uleb128 0x5
 820 00e1 00       		.byte	0
 821 00e2 03       		.uleb128 0x3
 822 00e3 08       		.uleb128 0x8
 823 00e4 3A       		.uleb128 0x3a
 824 00e5 21       		.uleb128 0x21
 825 00e6 05       		.sleb128 5
 826 00e7 3B       		.uleb128 0x3b
 827 00e8 0B       		.uleb128 0xb
 828 00e9 39       		.uleb128 0x39
 829 00ea 0B       		.uleb128 0xb
 830 00eb 49       		.uleb128 0x49
 831 00ec 13       		.uleb128 0x13
 832 00ed 00       		.byte	0
 833 00ee 00       		.byte	0
 834 00ef 0F       		.uleb128 0xf
 835 00f0 11       		.uleb128 0x11
 836 00f1 01       		.byte	0x1
 837 00f2 25       		.uleb128 0x25
 838 00f3 0E       		.uleb128 0xe
 839 00f4 13       		.uleb128 0x13
 840 00f5 0B       		.uleb128 0xb
 841 00f6 03       		.uleb128 0x3
 842 00f7 0E       		.uleb128 0xe
 843 00f8 1B       		.uleb128 0x1b
 844 00f9 0E       		.uleb128 0xe
 845 00fa 10       		.uleb128 0x10
 846 00fb 17       		.uleb128 0x17
 847 00fc 00       		.byte	0
 848 00fd 00       		.byte	0
 849 00fe 10       		.uleb128 0x10
 850 00ff 24       		.uleb128 0x24
 851 0100 00       		.byte	0
 852 0101 0B       		.uleb128 0xb
 853 0102 0B       		.uleb128 0xb
 854 0103 3E       		.uleb128 0x3e
 855 0104 0B       		.uleb128 0xb
ARM GAS  C:\Users\PUBLIC~1.LAP\AppData\Local\Temp\ccazXeXn.s 			page 16


 856 0105 03       		.uleb128 0x3
 857 0106 08       		.uleb128 0x8
 858 0107 00       		.byte	0
 859 0108 00       		.byte	0
 860 0109 11       		.uleb128 0x11
 861 010a 35       		.uleb128 0x35
 862 010b 00       		.byte	0
 863 010c 49       		.uleb128 0x49
 864 010d 13       		.uleb128 0x13
 865 010e 00       		.byte	0
 866 010f 00       		.byte	0
 867 0110 12       		.uleb128 0x12
 868 0111 26       		.uleb128 0x26
 869 0112 00       		.byte	0
 870 0113 49       		.uleb128 0x49
 871 0114 13       		.uleb128 0x13
 872 0115 00       		.byte	0
 873 0116 00       		.byte	0
 874 0117 13       		.uleb128 0x13
 875 0118 34       		.uleb128 0x34
 876 0119 00       		.byte	0
 877 011a 03       		.uleb128 0x3
 878 011b 0E       		.uleb128 0xe
 879 011c 3A       		.uleb128 0x3a
 880 011d 0B       		.uleb128 0xb
 881 011e 3B       		.uleb128 0x3b
 882 011f 0B       		.uleb128 0xb
 883 0120 39       		.uleb128 0x39
 884 0121 0B       		.uleb128 0xb
 885 0122 49       		.uleb128 0x49
 886 0123 13       		.uleb128 0x13
 887 0124 3F       		.uleb128 0x3f
 888 0125 19       		.uleb128 0x19
 889 0126 3C       		.uleb128 0x3c
 890 0127 19       		.uleb128 0x19
 891 0128 00       		.byte	0
 892 0129 00       		.byte	0
 893 012a 14       		.uleb128 0x14
 894 012b 13       		.uleb128 0x13
 895 012c 01       		.byte	0x1
 896 012d 0B       		.uleb128 0xb
 897 012e 0B       		.uleb128 0xb
 898 012f 3A       		.uleb128 0x3a
 899 0130 0B       		.uleb128 0xb
 900 0131 3B       		.uleb128 0x3b
 901 0132 05       		.uleb128 0x5
 902 0133 39       		.uleb128 0x39
 903 0134 0B       		.uleb128 0xb
 904 0135 01       		.uleb128 0x1
 905 0136 13       		.uleb128 0x13
 906 0137 00       		.byte	0
 907 0138 00       		.byte	0
 908 0139 15       		.uleb128 0x15
 909 013a 16       		.uleb128 0x16
 910 013b 00       		.byte	0
 911 013c 03       		.uleb128 0x3
 912 013d 0E       		.uleb128 0xe
ARM GAS  C:\Users\PUBLIC~1.LAP\AppData\Local\Temp\ccazXeXn.s 			page 17


 913 013e 3A       		.uleb128 0x3a
 914 013f 0B       		.uleb128 0xb
 915 0140 3B       		.uleb128 0x3b
 916 0141 05       		.uleb128 0x5
 917 0142 39       		.uleb128 0x39
 918 0143 0B       		.uleb128 0xb
 919 0144 49       		.uleb128 0x49
 920 0145 13       		.uleb128 0x13
 921 0146 00       		.byte	0
 922 0147 00       		.byte	0
 923 0148 16       		.uleb128 0x16
 924 0149 13       		.uleb128 0x13
 925 014a 01       		.byte	0x1
 926 014b 0B       		.uleb128 0xb
 927 014c 0B       		.uleb128 0xb
 928 014d 3A       		.uleb128 0x3a
 929 014e 0B       		.uleb128 0xb
 930 014f 3B       		.uleb128 0x3b
 931 0150 0B       		.uleb128 0xb
 932 0151 39       		.uleb128 0x39
 933 0152 0B       		.uleb128 0xb
 934 0153 01       		.uleb128 0x1
 935 0154 13       		.uleb128 0x13
 936 0155 00       		.byte	0
 937 0156 00       		.byte	0
 938 0157 17       		.uleb128 0x17
 939 0158 34       		.uleb128 0x34
 940 0159 00       		.byte	0
 941 015a 03       		.uleb128 0x3
 942 015b 0E       		.uleb128 0xe
 943 015c 3A       		.uleb128 0x3a
 944 015d 0B       		.uleb128 0xb
 945 015e 3B       		.uleb128 0x3b
 946 015f 0B       		.uleb128 0xb
 947 0160 39       		.uleb128 0x39
 948 0161 0B       		.uleb128 0xb
 949 0162 49       		.uleb128 0x49
 950 0163 13       		.uleb128 0x13
 951 0164 00       		.byte	0
 952 0165 00       		.byte	0
 953 0166 18       		.uleb128 0x18
 954 0167 2E       		.uleb128 0x2e
 955 0168 01       		.byte	0x1
 956 0169 03       		.uleb128 0x3
 957 016a 0E       		.uleb128 0xe
 958 016b 3A       		.uleb128 0x3a
 959 016c 0B       		.uleb128 0xb
 960 016d 3B       		.uleb128 0x3b
 961 016e 0B       		.uleb128 0xb
 962 016f 39       		.uleb128 0x39
 963 0170 0B       		.uleb128 0xb
 964 0171 27       		.uleb128 0x27
 965 0172 19       		.uleb128 0x19
 966 0173 01       		.uleb128 0x1
 967 0174 13       		.uleb128 0x13
 968 0175 00       		.byte	0
 969 0176 00       		.byte	0
ARM GAS  C:\Users\PUBLIC~1.LAP\AppData\Local\Temp\ccazXeXn.s 			page 18


 970 0177 19       		.uleb128 0x19
 971 0178 2E       		.uleb128 0x2e
 972 0179 01       		.byte	0x1
 973 017a 03       		.uleb128 0x3
 974 017b 0E       		.uleb128 0xe
 975 017c 3A       		.uleb128 0x3a
 976 017d 0B       		.uleb128 0xb
 977 017e 3B       		.uleb128 0x3b
 978 017f 0B       		.uleb128 0xb
 979 0180 39       		.uleb128 0x39
 980 0181 0B       		.uleb128 0xb
 981 0182 27       		.uleb128 0x27
 982 0183 19       		.uleb128 0x19
 983 0184 49       		.uleb128 0x49
 984 0185 13       		.uleb128 0x13
 985 0186 00       		.byte	0
 986 0187 00       		.byte	0
 987 0188 00       		.byte	0
 988              		.section	.gnu.debuglto_.debug_line,"e",%progbits
 989              	.Ldebug_line0:
 990 0000 5F000000 		.4byte	.LELT0-.LSLT0
 991              	.LSLT0:
 992 0004 0500     		.2byte	0x5
 993 0006 04       		.byte	0x4
 994 0007 00       		.byte	0
 995 0008 57000000 		.4byte	.LELTP0-.LASLTP0
 996              	.LASLTP0:
 997 000c 01       		.byte	0x1
 998 000d 01       		.byte	0x1
 999 000e 01       		.byte	0x1
 1000 000f F6       		.byte	0xf6
 1001 0010 F2       		.byte	0xf2
 1002 0011 0D       		.byte	0xd
 1003 0012 00       		.byte	0
 1004 0013 01       		.byte	0x1
 1005 0014 01       		.byte	0x1
 1006 0015 01       		.byte	0x1
 1007 0016 01       		.byte	0x1
 1008 0017 00       		.byte	0
 1009 0018 00       		.byte	0
 1010 0019 00       		.byte	0
 1011 001a 01       		.byte	0x1
 1012 001b 00       		.byte	0
 1013 001c 00       		.byte	0
 1014 001d 01       		.byte	0x1
 1015 001e 01       		.byte	0x1
 1016 001f 01       		.uleb128 0x1
 1017 0020 1F       		.uleb128 0x1f
 1018 0021 06       		.uleb128 0x6
 1019 0022 0C010000 		.4byte	.LASF65
 1020 0026 51000000 		.4byte	.LASF66
 1021 002a 00000000 		.4byte	.LASF67
 1022 002e 93010000 		.4byte	.LASF68
 1023 0032 BF000000 		.4byte	.LASF69
 1024 0036 D7010000 		.4byte	.LASF70
 1025 003a 02       		.byte	0x2
 1026 003b 01       		.uleb128 0x1
ARM GAS  C:\Users\PUBLIC~1.LAP\AppData\Local\Temp\ccazXeXn.s 			page 19


 1027 003c 1F       		.uleb128 0x1f
 1028 003d 02       		.uleb128 0x2
 1029 003e 0B       		.uleb128 0xb
 1030 003f 07       		.uleb128 0x7
 1031 0040 42010000 		.4byte	.LASF71
 1032 0044 00       		.byte	0
 1033 0045 FB000000 		.4byte	.LASF72
 1034 0049 04       		.byte	0x4
 1035 004a 47000000 		.4byte	.LASF73
 1036 004e 05       		.byte	0x5
 1037 004f B4000000 		.4byte	.LASF74
 1038 0053 01       		.byte	0x1
 1039 0054 F1000000 		.4byte	.LASF75
 1040 0058 02       		.byte	0x2
 1041 0059 AA000000 		.4byte	.LASF76
 1042 005d 02       		.byte	0x2
 1043 005e 9B000000 		.4byte	.LASF77
 1044 0062 03       		.byte	0x3
 1045              	.LELTP0:
 1046              	.LELT0:
 1047              		.section	.gnu.debuglto_.debug_str,"eMS",%progbits,1
 1048              	.LASF60:
 1049 0000 6D645F75 		.ascii	"md_uart_get_recv_data8\000"
 1049      6172745F 
 1049      6765745F 
 1049      72656376 
 1049      5F646174 
 1050              	.LASF15:
 1051 0017 4C434F4E 		.ascii	"LCON\000"
 1051      00
 1052              	.LASF26:
 1053 001c 53746F70 		.ascii	"StopBits\000"
 1053      42697473 
 1053      00
 1054              	.LASF59:
 1055 0025 54784461 		.ascii	"TxData\000"
 1055      746100
 1056              	.LASF2:
 1057 002c 73686F72 		.ascii	"short int\000"
 1057      7420696E 
 1057      7400
 1058              	.LASF54:
 1059 0036 6D645F75 		.ascii	"md_uart_disable_tx\000"
 1059      6172745F 
 1059      64697361 
 1059      626C655F 
 1059      747800
 1060              	.LASF28:
 1061 0049 6D645F75 		.ascii	"md_uart_init_typedef\000"
 1061      6172745F 
 1061      696E6974 
 1061      5F747970 
 1061      65646566 
 1062              	.LASF48:
 1063 005e 6D645F75 		.ascii	"md_uart_set_parity\000"
 1063      6172745F 
 1063      7365745F 
ARM GAS  C:\Users\PUBLIC~1.LAP\AppData\Local\Temp\ccazXeXn.s 			page 20


 1063      70617269 
 1063      747900
 1064              	.LASF23:
 1065 0071 42617564 		.ascii	"BaudRate\000"
 1065      52617465 
 1065      00
 1066              	.LASF18:
 1067 007a 53434152 		.ascii	"SCARD\000"
 1067      4400
 1068              	.LASF8:
 1069 0080 6C6F6E67 		.ascii	"long long int\000"
 1069      206C6F6E 
 1069      6720696E 
 1069      7400
 1070              	.LASF33:
 1071 008e 64617461 		.ascii	"data\000"
 1071      00
 1072              	.LASF61:
 1073 0093 474E5520 		.ascii	"GNU C17 12.2.0 -mcpu=cortex-m0 -mthumb -mfloat-abi="
 1073      43313720 
 1073      31322E32 
 1073      2E30202D 
 1073      6D637075 
 1074 00c6 736F6674 		.ascii	"soft -march=armv6s-m -ggdb -Os -fomit-frame-pointer"
 1074      202D6D61 
 1074      7263683D 
 1074      61726D76 
 1074      36732D6D 
 1075 00f9 202D6661 		.ascii	" -falign-functions=16 -ffunction-sections -fdata-se"
 1075      6C69676E 
 1075      2D66756E 
 1075      6374696F 
 1075      6E733D31 
 1076 012c 6374696F 		.ascii	"ctions -fno-common -flto\000"
 1076      6E73202D 
 1076      666E6F2D 
 1076      636F6D6D 
 1076      6F6E202D 
 1077              	.LASF50:
 1078 0145 6D645F75 		.ascii	"md_uart_set_bitorder_msb\000"
 1078      6172745F 
 1078      7365745F 
 1078      6269746F 
 1078      72646572 
 1079              	.LASF27:
 1080 015e 44617461 		.ascii	"DataWidth\000"
 1080      57696474 
 1080      6800
 1081              	.LASF55:
 1082 0168 6D645F75 		.ascii	"md_uart_enable_tx\000"
 1082      6172745F 
 1082      656E6162 
 1082      6C655F74 
 1082      7800
 1083              	.LASF63:
 1084 017a 443A5C30 		.ascii	"D:\\00a_liuhy\\temp126\\ChibiOS-Contrib\\demos\\ES3"
 1084      30615F6C 
ARM GAS  C:\Users\PUBLIC~1.LAP\AppData\Local\Temp\ccazXeXn.s 			page 21


 1084      69756879 
 1084      5C74656D 
 1084      70313236 
 1085 01a8 325C4653 		.ascii	"2\\FS026\000"
 1085      30323600 
 1086              	.LASF37:
 1087 01b0 6D645F75 		.ascii	"md_uart_send_string\000"
 1087      6172745F 
 1087      73656E64 
 1087      5F737472 
 1087      696E6700 
 1088              	.LASF32:
 1089 01c4 55415254 		.ascii	"UARTx\000"
 1089      7800
 1090              	.LASF0:
 1091 01ca 7369676E 		.ascii	"signed char\000"
 1091      65642063 
 1091      68617200 
 1092              	.LASF44:
 1093 01d6 77696474 		.ascii	"width\000"
 1093      6800
 1094              	.LASF34:
 1095 01dc 6D645F75 		.ascii	"md_uart_getting_baudrate\000"
 1095      6172745F 
 1095      67657474 
 1095      696E675F 
 1095      62617564 
 1096              	.LASF56:
 1097 01f5 6D645F75 		.ascii	"md_uart_get_baudrate\000"
 1097      6172745F 
 1097      6765745F 
 1097      62617564 
 1097      72617465 
 1098              	.LASF40:
 1099 020a 55415254 		.ascii	"UART_InitStruct\000"
 1099      5F496E69 
 1099      74537472 
 1099      75637400 
 1100              	.LASF4:
 1101 021a 6C6F6E67 		.ascii	"long int\000"
 1101      20696E74 
 1101      00
 1102              	.LASF35:
 1103 0223 6D645F75 		.ascii	"md_uart_receive\000"
 1103      6172745F 
 1103      72656365 
 1103      69766500 
 1104              	.LASF46:
 1105 0233 6D645F75 		.ascii	"md_uart_set_stop\000"
 1105      6172745F 
 1105      7365745F 
 1105      73746F70 
 1105      00
 1106              	.LASF49:
 1107 0244 70617269 		.ascii	"parity\000"
 1107      747900
 1108              	.LASF45:
ARM GAS  C:\Users\PUBLIC~1.LAP\AppData\Local\Temp\ccazXeXn.s 			page 22


 1109 024b 6D645F75 		.ascii	"md_uart_set_datawidth\000"
 1109      6172745F 
 1109      7365745F 
 1109      64617461 
 1109      77696474 
 1110              	.LASF41:
 1111 0261 6D645F75 		.ascii	"md_uart_setting_baudrate\000"
 1111      6172745F 
 1111      73657474 
 1111      696E675F 
 1111      62617564 
 1112              	.LASF6:
 1113 027a 5F5F7569 		.ascii	"__uint32_t\000"
 1113      6E743332 
 1113      5F7400
 1114              	.LASF31:
 1115 0285 62617564 		.ascii	"baudrate\000"
 1115      72617465 
 1115      00
 1116              	.LASF17:
 1117 028e 52533438 		.ascii	"RS485\000"
 1117      3500
 1118              	.LASF62:
 1119 0294 443A5C30 		.ascii	"D:\\00a_liuhy\\temp126\\ChibiOS-Contrib/os/common/e"
 1119      30615F6C 
 1119      69756879 
 1119      5C74656D 
 1119      70313236 
 1120 02c4 78742F43 		.ascii	"xt/CMSIS/ES32/FS026/md/md_uart.c\000"
 1120      4D534953 
 1120      2F455333 
 1120      322F4653 
 1120      3032362F 
 1121              	.LASF29:
 1122 02e5 6C6F6E67 		.ascii	"long double\000"
 1122      20646F75 
 1122      626C6500 
 1123              	.LASF1:
 1124 02f1 756E7369 		.ascii	"unsigned char\000"
 1124      676E6564 
 1124      20636861 
 1124      7200
 1125              	.LASF9:
 1126 02ff 6C6F6E67 		.ascii	"long long unsigned int\000"
 1126      206C6F6E 
 1126      6720756E 
 1126      7369676E 
 1126      65642069 
 1127              	.LASF51:
 1128 0316 6D645F75 		.ascii	"md_uart_set_bitorder_lsb\000"
 1128      6172745F 
 1128      7365745F 
 1128      6269746F 
 1128      72646572 
 1129              	.LASF12:
 1130 032f 75696E74 		.ascii	"uint32_t\000"
 1130      33325F74 
ARM GAS  C:\Users\PUBLIC~1.LAP\AppData\Local\Temp\ccazXeXn.s 			page 23


 1130      00
 1131              	.LASF10:
 1132 0338 756E7369 		.ascii	"unsigned int\000"
 1132      676E6564 
 1132      20696E74 
 1132      00
 1133              	.LASF52:
 1134 0345 6D645F75 		.ascii	"md_uart_disable_rx\000"
 1134      6172745F 
 1134      64697361 
 1134      626C655F 
 1134      727800
 1135              	.LASF24:
 1136 0358 4269744F 		.ascii	"BitOrder\000"
 1136      72646572 
 1136      00
 1137              	.LASF19:
 1138 0361 52544F52 		.ascii	"RTOR\000"
 1138      00
 1139              	.LASF25:
 1140 0366 50617269 		.ascii	"Parity\000"
 1140      747900
 1141              	.LASF47:
 1142 036d 73746F70 		.ascii	"stop\000"
 1142      00
 1143              	.LASF30:
 1144 0372 63686172 		.ascii	"char\000"
 1144      00
 1145              	.LASF42:
 1146 0377 6D645F75 		.ascii	"md_uart_is_active_flag_rfnempty\000"
 1146      6172745F 
 1146      69735F61 
 1146      63746976 
 1146      655F666C 
 1147              	.LASF3:
 1148 0397 73686F72 		.ascii	"short unsigned int\000"
 1148      7420756E 
 1148      7369676E 
 1148      65642069 
 1148      6E7400
 1149              	.LASF58:
 1150 03aa 6D645F75 		.ascii	"md_uart_set_send_data8\000"
 1150      6172745F 
 1150      7365745F 
 1150      73656E64 
 1150      5F646174 
 1151              	.LASF36:
 1152 03c1 6D645F75 		.ascii	"md_uart_receive_string\000"
 1152      6172745F 
 1152      72656365 
 1152      6976655F 
 1152      73747269 
 1153              	.LASF53:
 1154 03d8 6D645F75 		.ascii	"md_uart_enable_rx\000"
 1154      6172745F 
 1154      656E6162 
 1154      6C655F72 
ARM GAS  C:\Users\PUBLIC~1.LAP\AppData\Local\Temp\ccazXeXn.s 			page 24


 1154      7800
 1155              	.LASF22:
 1156 03ea 55415254 		.ascii	"UART_TypeDef\000"
 1156      5F547970 
 1156      65446566 
 1156      00
 1157              	.LASF21:
 1158 03f7 53544154 		.ascii	"STAT\000"
 1158      00
 1159              	.LASF20:
 1160 03fc 52455345 		.ascii	"RESERVED0\000"
 1160      52564544 
 1160      3000
 1161              	.LASF57:
 1162 0406 6D645F75 		.ascii	"md_uart_set_baudrate\000"
 1162      6172745F 
 1162      7365745F 
 1162      62617564 
 1162      72617465 
 1163              	.LASF7:
 1164 041b 6C6F6E67 		.ascii	"long unsigned int\000"
 1164      20756E73 
 1164      69676E65 
 1164      6420696E 
 1164      7400
 1165              	.LASF43:
 1166 042d 6D645F75 		.ascii	"md_uart_is_active_flag_tfempty\000"
 1166      6172745F 
 1166      69735F61 
 1166      63746976 
 1166      655F666C 
 1167              	.LASF16:
 1168 044c 4D434F4E 		.ascii	"MCON\000"
 1168      00
 1169              	.LASF38:
 1170 0451 6D645F75 		.ascii	"md_uart_send\000"
 1170      6172745F 
 1170      73656E64 
 1170      00
 1171              	.LASF64:
 1172 045e 53797374 		.ascii	"SystemFrequency_APBClk\000"
 1172      656D4672 
 1172      65717565 
 1172      6E63795F 
 1172      41504243 
 1173              	.LASF11:
 1174 0475 75696E74 		.ascii	"uint8_t\000"
 1174      385F7400 
 1175              	.LASF14:
 1176 047d 54584441 		.ascii	"TXDATA\000"
 1176      544100
 1177              	.LASF39:
 1178 0484 6D645F75 		.ascii	"md_uart_init\000"
 1178      6172745F 
 1178      696E6974 
 1178      00
 1179              	.LASF13:
ARM GAS  C:\Users\PUBLIC~1.LAP\AppData\Local\Temp\ccazXeXn.s 			page 25


 1180 0491 52584441 		.ascii	"RXDATA\000"
 1180      544100
 1181              	.LASF5:
 1182 0498 5F5F7569 		.ascii	"__uint8_t\000"
 1182      6E74385F 
 1182      7400
 1183              		.section	.gnu.debuglto_.debug_line_str,"eMS",%progbits,1
 1184              	.LASF67:
 1185 0000 443A5C30 		.ascii	"D:\\00a_liuhy\\temp126\\ChibiOS-Contrib/os/common/e"
 1185      30615F6C 
 1185      69756879 
 1185      5C74656D 
 1185      70313236 
 1186 0030 78742F43 		.ascii	"xt/CMSIS/ES32/FS026/md\000"
 1186      4D534953 
 1186      2F455333 
 1186      322F4653 
 1186      3032362F 
 1187              	.LASF73:
 1188 0047 5F737464 		.ascii	"_stdint.h\000"
 1188      696E742E 
 1188      6800
 1189              	.LASF66:
 1190 0051 443A5C30 		.ascii	"D:\\00a_liuhy\\temp126\\ChibiOS-Contrib/os/common/e"
 1190      30615F6C 
 1190      69756879 
 1190      5C74656D 
 1190      70313236 
 1191 0081 78742F43 		.ascii	"xt/CMSIS/ES32/FS026/FS026\000"
 1191      4D534953 
 1191      2F455333 
 1191      322F4653 
 1191      3032362F 
 1192              	.LASF77:
 1193 009b 73797374 		.ascii	"system_fs026.h\000"
 1193      656D5F66 
 1193      73303236 
 1193      2E6800
 1194              	.LASF76:
 1195 00aa 6D645F75 		.ascii	"md_uart.c\000"
 1195      6172742E 
 1195      6300
 1196              	.LASF74:
 1197 00b4 7265675F 		.ascii	"reg_uart.h\000"
 1197      75617274 
 1197      2E6800
 1198              	.LASF69:
 1199 00bf 643A5C71 		.ascii	"d:\\qmk_msys\\mingw64\\arm-none-eabi\\include\\mach"
 1199      6D6B5F6D 
 1199      7379735C 
 1199      6D696E67 
 1199      7736345C 
 1200 00ed 696E6500 		.ascii	"ine\000"
 1201              	.LASF75:
 1202 00f1 6D645F75 		.ascii	"md_uart.h\000"
 1202      6172742E 
 1202      6800
ARM GAS  C:\Users\PUBLIC~1.LAP\AppData\Local\Temp\ccazXeXn.s 			page 26


 1203              	.LASF72:
 1204 00fb 5F646566 		.ascii	"_default_types.h\000"
 1204      61756C74 
 1204      5F747970 
 1204      65732E68 
 1204      00
 1205              	.LASF65:
 1206 010c 443A5C30 		.ascii	"D:\\00a_liuhy\\temp126\\ChibiOS-Contrib\\demos\\ES3"
 1206      30615F6C 
 1206      69756879 
 1206      5C74656D 
 1206      70313236 
 1207 013a 325C4653 		.ascii	"2\\FS026\000"
 1207      30323600 
 1208              	.LASF71:
 1209 0142 443A5C30 		.ascii	"D:\\00a_liuhy\\temp126\\ChibiOS-Contrib/os/common/e"
 1209      30615F6C 
 1209      69756879 
 1209      5C74656D 
 1209      70313236 
 1210 0172 78742F43 		.ascii	"xt/CMSIS/ES32/FS026/md/md_uart.c\000"
 1210      4D534953 
 1210      2F455333 
 1210      322F4653 
 1210      3032362F 
 1211              	.LASF68:
 1212 0193 443A5C30 		.ascii	"D:\\00a_liuhy\\temp126\\ChibiOS-Contrib/os/common/e"
 1212      30615F6C 
 1212      69756879 
 1212      5C74656D 
 1212      70313236 
 1213 01c3 78742F43 		.ascii	"xt/CMSIS/ES32/FS026\000"
 1213      4D534953 
 1213      2F455333 
 1213      322F4653 
 1213      30323600 
 1214              	.LASF70:
 1215 01d7 643A5C71 		.ascii	"d:\\qmk_msys\\mingw64\\arm-none-eabi\\include\\sys\000"
 1215      6D6B5F6D 
 1215      7379735C 
 1215      6D696E67 
 1215      7736345C 
 1216              		.text
 1217              		.section	.gnu.lto_.profile.840c235b,"e",%progbits
 1218 0000 28B52FFD 		.ascii	"(\265/\375 \0061\000\000\002\000\000\000\000\000"
 1218      20063100 
 1218      00020000 
 1218      000000
 1219              		.text
 1220              		.section	.gnu.lto_.icf.840c235b,"e",%progbits
 1221 0000 28B52FFD 		.ascii	"(\265/\375 \341\305\003\000\024\005\325\000\011\000"
 1221      20E1C503 
 1221      001405D5 
 1221      000900
 1222 000f 929DCBEA 		.ascii	"\222\235\313\352\014\004\002\000\002\001\001\347\267"
 1222      0C040200 
 1222      020101E7 
ARM GAS  C:\Users\PUBLIC~1.LAP\AppData\Local\Temp\ccazXeXn.s 			page 27


 1222      B7
 1223 001c ACC30502 		.ascii	"\254\303\005\002\214\367\202\270\003\004\002\000\002"
 1223      8CF782B8 
 1223      03040200 
 1223      02
 1224 0029 0104A0FE 		.ascii	"\001\004\240\376\354\373\011&\003\001\003\001\005\227"
 1224      ECFB0926 
 1224      03010301 
 1224      0597
 1225 0037 AEC8B906 		.ascii	"\256\310\271\006\004\006\311\254\330\305\016\006\002"
 1225      0406C9AC 
 1225      D8C50E06 
 1225      02
 1226 0044 04020407 		.ascii	"\004\002\004\007\326\262\245\347\010\260\245\313\262"
 1226      D6B2A5E7 
 1226      08B0A5CB 
 1226      B2
 1227 0051 0409E89E 		.ascii	"\004\011\350\236\275\371\003\002\002\002\000\020\000"
 1227      BDF90302 
 1227      02020010 
 1227      00
 1228 005e 6028E094 		.ascii	"`(\340\224\242\366\221I\214N\302\216\232\000\334\001"
 1228      A2F69149 
 1228      8C4EC28E 
 1228      9A00DC01 
 1229 006e 97812EBB 		.ascii	"\227\201.\273|+;\004U\010\027\270\314*\273\2206\200"
 1229      7C2B3B04 
 1229      550817B8 
 1229      CC2ABB90 
 1229      3680
 1230 0080 05       		.ascii	"\005"
 1231              		.text
 1232              		.section	.gnu.lto_.ipa_sra.840c235b,"e",%progbits
 1233 0000 28B52FFD 		.ascii	"(\265/\375 \242\315\002\0004\003\226\000\011\000\002"
 1233      20A2CD02 
 1233      00340396 
 1233      00090002 
 1234 0010 00010102 		.ascii	"\000\001\001\002\004\005\002\005\002\000\000\004\001"
 1234      04050205 
 1234      02000004 
 1234      01
 1235 001d 04080C10 		.ascii	"\004\010\014\020\004\001\000\000\000\000\001\001\000"
 1235      04010000 
 1235      00000101 
 1235      00
 1236 002a 00010506 		.ascii	"\000\001\005\006\003\001\007\001\003\010\003\001\011"
 1236      03010701 
 1236      03080301 
 1236      09
 1237 0037 01000000 		.ascii	"\001\000\000\000\000\003\000\021\000\200\000\210\241"
 1237      00030011 
 1237      00800088 
 1237      A1
 1238 0044 12030200 		.ascii	"\022\003\002\000\202UX\22639Ts\000\013\030\007\206\251"
 1238      82555896 
 1238      33395473 
 1238      000B1807 
ARM GAS  C:\Users\PUBLIC~1.LAP\AppData\Local\Temp\ccazXeXn.s 			page 28


 1238      86A9
 1239 0056 440457C0 		.ascii	"D\004W\300\276.\033\203L6\200\005"
 1239      BE2E1B83 
 1239      4C368005 
 1240              		.text
 1241              		.section	.gnu.lto_.inline.840c235b,"e",%progbits
 1242 0000 28B52FFD 		.ascii	"(\265/\375`\256\001\245\012\000\266\02084Pm\222\016"
 1242      60AE01A5 
 1242      0A00B610 
 1242      3834506D 
 1242      920E
 1243 0012 2480DC82 		.ascii	"$\200\334\202V\331\204\025TmG\376\011%\340\300i\273"
 1243      56D98415 
 1243      546D47FE 
 1243      0925E0C0 
 1243      69BB
 1244 0024 1C600DC8 		.ascii	"\034`\015\310\034U\334\037\264?\376\347g9\3633\263\310"
 1244      1C55DC1F 
 1244      B43FFEE7 
 1244      6739F333 
 1244      B3C8
 1245 0036 EBC21996 		.ascii	"\353\302\031\226\212\261\244\265F\210\334)%\000(\000"
 1245      8AB1A4B5 
 1245      4688DC29 
 1245      25002800 
 1246 0046 2B00588D 		.ascii	"+\000X\215\011\004\273b\357i\241\314\254\020\232E7\247"
 1246      0904BB62 
 1246      EF69A1CC 
 1246      AC109A45 
 1246      37A7
 1247 0058 BDB7D3B2 		.ascii	"\275\267\323\262\32323\251\366OE\304\361\240a\231\371"
 1247      D33233A9 
 1247      F64F45C4 
 1247      F1A06199 
 1247      F9
 1248 0069 FE724701 		.ascii	"\376rG\001\357\276MCRJ\242~\335\351t\257km\335\015Z"
 1248      EFBE4D43 
 1248      524AA27E 
 1248      DDE974AF 
 1248      6B6DDD0D 
 1249 007e EF699699 		.ascii	"\357i\226\231\030\353L\026\\\267\257\206\030Hu\001\277"
 1249      18EB4C16 
 1249      5CB7AF86 
 1249      18487501 
 1249      BF
 1250 008f 1A220345 		.ascii	"\032\"\003EU!\002S?\307\2376t\224d\257*~\252\201b\341"
 1250      55210253 
 1250      3FC79F36 
 1250      749464AF 
 1250      2A7EAA81 
 1251 00a5 F19E34A1 		.ascii	"\361\2364\2415\241\376\000\255\211\231\311\270\335\346"
 1251      35A1FE00 
 1251      AD8999C9 
 1251      B8DDE6
 1252 00b4 3A839240 		.ascii	":\203\222@\220\260\376~\234\221\273\001\377=\351\243"
 1252      90B0FE7E 
 1252      9C91BB01 
ARM GAS  C:\Users\PUBLIC~1.LAP\AppData\Local\Temp\ccazXeXn.s 			page 29


 1252      FF3DE9A3 
 1253 00c4 A7615F44 		.ascii	"\247a_D>\034*.T\0366\006FJ\024\242\200_\365\234\335"
 1253      3E1C2A2E 
 1253      541E3606 
 1253      464A14A2 
 1253      805FF59C 
 1254 00d9 A7198B44 		.ascii	"\247\031\213D\313{PA\"H\031\230~q\004ue\"3\0111 \200"
 1254      CB7B5041 
 1254      22481998 
 1254      7E710475 
 1254      65223309 
 1255 00f0 02A1AA32 		.ascii	"\002\241\2522\017\016\"\230m\263i\323\212\235dA\377"
 1255      0F0E2298 
 1255      6DB369D3 
 1255      8A9D6441 
 1255      FF
 1256 0101 30AD0B84 		.ascii	"0\255\013\204]ri\303?V\002\020\002\240\177\204\367x"
 1256      5D7269C3 
 1256      3F560210 
 1256      02A07F84 
 1256      F778
 1257 0113 B50D7A58 		.ascii	"\265\015zX\347^o\325\015K\2031\024\252\004\240l\344"
 1257      E75E6FD5 
 1257      0D4B8331 
 1257      14AA04A0 
 1257      6CE4
 1258 0125 669FB648 		.ascii	"f\237\266H\264\004\0320[\201\366\302/\330\277vh\322"
 1258      B4041A30 
 1258      5B81F6C2 
 1258      2FD8BF76 
 1258      68D2
 1259 0137 9CF5B27E 		.ascii	"\234\365\262~\305'\260\310f\357\314.\213\231\270\333"
 1259      C527B0C8 
 1259      66EFCC2E 
 1259      8B99B8DB 
 1260 0147 DBE025B8 		.ascii	"\333\340%\270V\275Q+5\347K\202q\267g\311uq\274\330\025"
 1260      56BD512B 
 1260      35E74B82 
 1260      71B767C9 
 1260      7571BCD8 
 1261 015c 6008     		.ascii	"`\010"
 1262              		.text
 1263              		.section	.gnu.lto_.jmpfuncs.840c235b,"e",%progbits
 1264 0000 28B52FFD 		.ascii	"(\265/\375 \335\205\002\000B\004\015\025\300%\035\377"
 1264      20DD8502 
 1264      0042040D 
 1264      15C0251D 
 1264      FF
 1265 0011 9B76FDFF 		.ascii	"\233v\375\377\356U\365\371\277\241\2374\322\366\336"
 1265      EE55F5F9 
 1265      BFA19F34 
 1265      D2F6DE
 1266 0020 32C9BC9C 		.ascii	"2\311\274\234\037\014.\347E\325H\370\007\020E\356\356"
 1266      1F0C2EE7 
 1266      45D548F8 
 1266      071045EE 
 1266      EE
ARM GAS  C:\Users\PUBLIC~1.LAP\AppData\Local\Temp\ccazXeXn.s 			page 30


 1267 0031 A6C2A94C 		.ascii	"\246\302\251L\322\210\246\244^\265k\344\313\301!\012"
 1267      D288A6A4 
 1267      5EB56BE4 
 1267      CBC1210A 
 1268 0041 008044CE 		.ascii	"\000\200D\316\245\3237\203\030\355\352(4\2309\033\270"
 1268      A5D33783 
 1268      18EDEA28 
 1268      3498391B 
 1268      B8
 1269 0052 03907581 		.ascii	"\003\220u\201\037\006X"
 1269      1F0658
 1270              		.text
 1271              		.section	.gnu.lto_.pureconst.840c235b,"e",%progbits
 1272 0000 28B52FFD 		.ascii	"(\265/\375  \001\001\000\034\000\000\000\011\000\232"
 1272      20200101 
 1272      001C0000 
 1272      0009009A 
 1273 0010 04019A04 		.ascii	"\004\001\232\004\002\232\004\004\232\004\005\232\004"
 1273      029A0404 
 1273      9A04059A 
 1273      04
 1274 001d 069A0407 		.ascii	"\006\232\004\007\232\004\010\232\004\011\232\004"
 1274      9A04089A 
 1274      04099A04 
 1275              		.text
 1276              		.section	.gnu.lto_.ipa_modref.840c235b,"e",%progbits
 1277 0000 28B52FFD 		.ascii	"(\265/\375`\251\000\375\004\000\002G\024\033\260%\351"
 1277      60A900FD 
 1277      04000247 
 1277      141BB025 
 1277      E9
 1278 0011 0C240C60 		.ascii	"\014$\014`\202M\311\036\206a\030\006\366a\360i\266\221"
 1278      824DC91E 
 1278      86611806 
 1278      F661F069 
 1278      B691
 1279 0023 6665234D 		.ascii	"fe#M\312\024\36774\345\212\316P\364g)\014\260\337G\011"
 1279      CA14F737 
 1279      34E58ACE 
 1279      50F46729 
 1279      0CB0DF47 
 1280 0038 A7A0A1BD 		.ascii	"\247\240\241\275\252\230\216\202H$\311\006\365\333&"
 1280      AA988E82 
 1280      4824C906 
 1280      F5DB26
 1281 0047 B803E47F 		.ascii	"\270\003\344\177\020\226\224fp\033E\344Zu\362\336\206"
 1281      10969466 
 1281      701B45E4 
 1281      5A75F2DE 
 1281      86
 1282 0058 BBE0106E 		.ascii	"\273\340\020n\236 \" \320\"\031\333\015'Y\200A\302/"
 1282      9E202220 
 1282      D02219DB 
 1282      0D275980 
 1282      41C22F
 1283 006b 831C0D3A 		.ascii	"\203\034\015:\3269\304a\000r&\303\270#\315%\353\013"
 1283      D639C461 
ARM GAS  C:\Users\PUBLIC~1.LAP\AppData\Local\Temp\ccazXeXn.s 			page 31


 1283      007226C3 
 1283      B823CD25 
 1283      EB0B
 1284 007d DAE8C205 		.ascii	"\332\350\302\005Rk}\265H\\x\2214vc\240!3\266+\014\217"
 1284      526B7DB5 
 1284      485C7891 
 1284      347663A0 
 1284      2133B62B 
 1285 0093 4A47AD7C 		.ascii	"JG\255|d\027\246,u\214D=\"/\021\220\230u\030\321\302"
 1285      6417A62C 
 1285      758C443D 
 1285      222F1190 
 1285      987518D1 
 1286 00a8 10       		.ascii	"\020"
 1287              		.text
 1288              		.section	.gnu.lto_.lto.840c235b,"e",%progbits
 1289 0000 0C000000 		.ascii	"\014\000\000\000\001\000\001\000"
 1289      01000100 
 1290              		.text
 1291              		.section	.gnu.lto_md_uart_set_parity.77.840c235b,"e",%progbits
 1292 0000 28B52FFD 		.ascii	"(\265/\375`\362\000\035\015\000&\231]D\020\221[8\024"
 1292      60F2001D 
 1292      0D002699 
 1292      5D441091 
 1292      5B3814
 1293 0013 F1D329BA 		.ascii	"\361\323)\272*\361\004F\200xX\346\355N\245\005\331\347"
 1293      2AF10446 
 1293      807858E6 
 1293      ED4EA505 
 1293      D9E7
 1294 0025 C243AC74 		.ascii	"\302C\254tx\256\201\236%\014\300\214\324\276E\232\362"
 1294      78AE819E 
 1294      250CC08C 
 1294      D4BE459A 
 1294      F2
 1295 0036 30546B95 		.ascii	"0Tk\225<\200\257\264X]\030\366\367\346\362\031\\E\340"
 1295      3C80AFB4 
 1295      585D18F6 
 1295      F7E6F219 
 1295      5C45E0
 1296 0049 600DD668 		.ascii	"`\015\326hi\023)S\012D\000F\000I\000i?\305U\244>\323"
 1296      69132953 
 1296      0A440046 
 1296      00490069 
 1296      3FC555A4 
 1297 005f 62CE6EAB 		.ascii	"b\316n\253\306\213]\021\304#\334\263\002'\240=\303\356"
 1297      C68B5D11 
 1297      C423DCB3 
 1297      0227A03D 
 1297      C3EE
 1298 0071 A13D73CA 		.ascii	"\241=s\312\246q\261\304\206@\340\250\321\261\273\235"
 1298      A671B1C4 
 1298      8640E0A8 
 1298      D1B1BB9D 
 1299 0081 9278EA99 		.ascii	"\222x\352\231\362\277\342\234\025\313\345\2715\330]"
 1299      F2BFE29C 
 1299      15CBE5B9 
ARM GAS  C:\Users\PUBLIC~1.LAP\AppData\Local\Temp\ccazXeXn.s 			page 32


 1299      35D85D
 1300 0090 E78AD5E1 		.ascii	"\347\212\325\341\326\3336`;\264/\022\312aA\223\243?"
 1300      D6DB3660 
 1300      3BB42F12 
 1300      CA614193 
 1300      A33F
 1301 00a2 5C32666C 		.ascii	"\\2fl\356\260E\227\324\021\366\261U\031\373\255\177"
 1301      EEB04597 
 1301      D411F6B1 
 1301      5519FBAD 
 1301      7F
 1302 00b3 FBCCAF69 		.ascii	"\373\314\257i\032\323\264j:5}N\200\221\003\353!r\354"
 1302      1AD3B46A 
 1302      3A357D4E 
 1302      809103EB 
 1302      2172EC
 1303 00c6 C6BC6ED6 		.ascii	"\306\274n\326&\203q\302\366\001\330\233H\222-\015\330"
 1303      268371C2 
 1303      F601D89B 
 1303      48922D0D 
 1303      D8
 1304 00d7 8055B988 		.ascii	"\200U\271\210)q\3176\024$\017%\242N'\304\340\001\005"
 1304      2971CF36 
 1304      14240F25 
 1304      A24E27C4 
 1304      E00105
 1305 00ea 718FADCA 		.ascii	"q\217\255\312\230s\331\260y\321\027cZ\363\325\015\232"
 1305      9873D9B0 
 1305      79D11763 
 1305      5AF3D50D 
 1305      9A
 1306 00fb 1C15D3AB 		.ascii	"\034\025\323\253<\350\035C\333T\365\033n`r\264\200\327"
 1306      3CE81D43 
 1306      DB54F51B 
 1306      6E6072B4 
 1306      80D7
 1307 010d EBE5FA87 		.ascii	"\353\345\372\207vM\275\352\003L\216\266U.\242\270]\021"
 1307      764DBDEA 
 1307      034C8EB6 
 1307      552EA2B8 
 1307      5D11
 1308 011f 1FBFC529 		.ascii	"\037\277\305)\003g\342\231\337\242={,\341w\022\245h"
 1308      0367E299 
 1308      DFA23D7B 
 1308      2CE17712 
 1308      A568
 1309 0131 56F0E95C 		.ascii	"V\360\351\\\020%\030-\0109\361X\031\251\340\300BfRH"
 1309      1025182D 
 1309      0839F158 
 1309      19A9E0C0 
 1309      42665248 
 1310 0145 7812A14A 		.ascii	"x\022\241JF`7\002\273\217\247\343E\350<\010<\010\235"
 1310      46603702 
 1310      BB8FA7E3 
 1310      45E83C08 
 1310      3C089D
 1311 0158 27C19B00 		.ascii	"'\301\233\000\352\302\025\224\256d\002A\323I\247b\352"
ARM GAS  C:\Users\PUBLIC~1.LAP\AppData\Local\Temp\ccazXeXn.s 			page 33


 1311      EAC21594 
 1311      AE640241 
 1311      D349A762 
 1311      EA
 1312 0169 4CBE5358 		.ascii	"L\276SX2\201@<\221\317\344#\201B\037\317\201\024\020"
 1312      3281403C 
 1312      91CFE423 
 1312      81421FCF 
 1312      811410
 1313 017c 250CB190 		.ascii	"%\014\261\220P\037\206\020\000\031M\2122\241q\034\030"
 1313      501F8610 
 1313      00194D8A 
 1313      32A1711C 
 1313      18
 1314 018d 170E0193 		.ascii	"\027\016\001\223\"\341\302\004\244\231\330x_\310\256"
 1314      22E1C204 
 1314      A499D878 
 1314      5FC8AE
 1315 019c 89E4B3B0 		.ascii	"\211\344\263\260\26306(\374BM\031wx\321N2"
 1315      B3303628 
 1315      FC424D19 
 1315      7778D14E 
 1315      32
 1316              		.text
 1317              		.section	.gnu.lto_md_uart_set_stop.79.840c235b,"e",%progbits
 1318 0000 28B52FFD 		.ascii	"(\265/\375`\360\000\025\015\000\306\330\\D\000\2234"
 1318      60F00015 
 1318      0D00C6D8 
 1318      5C440093 
 1318      34
 1319 0011 1CA40988 		.ascii	"\034\244\011\210Jm\200\366y\340_\016\277\257i\0134\277"
 1319      4A6D80F6 
 1319      79E05F0E 
 1319      BFAF690B 
 1319      34BF
 1320 0023 ADA966FB 		.ascii	"\255\251f\373\\\324(\315Q\240\206Q\305M\027\233\333"
 1320      5CD428CD 
 1320      51A08651 
 1320      C54D179B 
 1320      DB
 1321 0034 2A04D122 		.ascii	"*\004\321\"\374\2111E\355\251<`\367\275\035nQ\335\364"
 1321      FC893145 
 1321      EDA93C60 
 1321      F7BD1D6E 
 1321      51DDF4
 1322 0047 1F3ADF6F 		.ascii	"\037:\337o\333{\357-eJ\001C\000D\000I\000\276\213\277"
 1322      DB7BEF2D 
 1322      654A0143 
 1322      00440049 
 1322      00BE8BBF 
 1323 005b 501D86C5 		.ascii	"P\035\206\305\233]\327\216\032\273c\210I\272k\005N`"
 1323      9B5DD78E 
 1323      1ABB6388 
 1323      49BA6B05 
 1323      4E60
 1324 006d BB969DB3 		.ascii	"\273\226\235\263]\263\312~}L\261!\0227dz\354\256\247"
 1324      5DB3CA7E 
ARM GAS  C:\Users\PUBLIC~1.LAP\AppData\Local\Temp\ccazXeXn.s 			page 34


 1324      7D4CB121 
 1324      1237647A 
 1324      ECAEA7
 1325 0080 28AE7AAA 		.ascii	"(\256z\252\374\303\370\206\325jyr\015v\327\311j\205"
 1325      FCC3F886 
 1325      D56A7972 
 1325      0D76D7C9 
 1325      6A85
 1326 0092 B8F5B60D 		.ascii	"\270\365\266\015\330>\331\037\011\0113\310k&\307\246"
 1326      D83ED91F 
 1326      090933C8 
 1326      6B26C7A6 
 1327 00a2 0F7B6C49 		.ascii	"\017{lI=a?[}\261\357\372\271\303\374\233\2463M\253\246"
 1327      3D613F5B 
 1327      7DB1EFFA 
 1327      B9C3FC9B 
 1327      A6334DAB 
 1328 00b7 53D3DF04 		.ascii	"S\323\337\004XA\243u\025:v?\304j\226F\263\321\302\366"
 1328      5841A375 
 1328      153A763F 
 1328      C46A9646 
 1328      B3D1C2F6 
 1329 00cb 01D85C89 		.ascii	"\001\330\\\211\222tm\310\006\354j\206\007Sw\215\003"
 1329      92746DC8 
 1329      06EC6A86 
 1329      0753778D 
 1329      03
 1330 00dc 51F2749D 		.ascii	"Q\362t\235N\210\301\003\012\343>[}q\367\302A\343\242"
 1330      4E88C103 
 1330      0AE33E5B 
 1330      7D71F7C2 
 1330      41E3A2
 1331 00ef 2ECE54E6 		.ascii	".\316T\346,\0361\011\323L\277\022\221\367\314\306\251"
 1331      2C1E3109 
 1331      D34CBF12 
 1331      91F7CCC6 
 1331      A9
 1332 0100 EA3BD408 		.ascii	"\352;\324\010\210\305b?\016\262]S\277\032\301!a\266"
 1332      88C5623F 
 1332      0EB25D53 
 1332      BF1AC121 
 1332      61B6
 1333 0112 511F53DD 		.ascii	"Q\037S\335\256\211\217/\343\224\241cq\315g\331\256]"
 1333      AE898F2F 
 1333      E394A163 
 1333      71CD67D9 
 1333      AE5D
 1334 0124 37316202 		.ascii	"71b\002*\241\210\312\254\340\323\271 J0Z \202\302Y!"
 1334      2AA188CA 
 1334      ACE0D3B9 
 1334      204A305A 
 1334      2082C259 
 1335 0139 A9E0C082 		.ascii	"\251\340\300\202f\222\210x\022\245LF\2407\002\275\217"
 1335      66928878 
 1335      12A54C46 
 1335      A03702BD 
 1335      8F
ARM GAS  C:\Users\PUBLIC~1.LAP\AppData\Local\Temp\ccazXeXn.s 			page 35


 1336 014a A7F345F0 		.ascii	"\247\363E\360<\010>\010\336'\341\233\000\362\304\225"
 1336      3C083E08 
 1336      DE27E19B 
 1336      00F2C495 
 1337 015a 14CF1482 		.ascii	"\024\317\024\202`\210\342\241B\357\244t\022M!(\344\033"
 1337      6088E2A1 
 1337      42EFA474 
 1337      124D2128 
 1337      E41B
 1338 016c 299D9448 		.ascii	")\235\224H\240\320\307s@\005L\021C\032H\251\022\006"
 1338      A0D0C773 
 1338      40054C11 
 1338      431A48A9 
 1338      1206
 1339 017e 13511100 		.ascii	"\023Q\021\000\031M\2122\241q\034\030\027\016\001\223"
 1339      194D8A32 
 1339      A1711C18 
 1339      170E0193 
 1340 018e 22E1C204 		.ascii	"\"\341\302\004\234\031\2246A\360\276\220]\023\311ga"
 1340      9C199436 
 1340      41F0BE90 
 1340      5D13C967 
 1340      61
 1341 019f 67616C50 		.ascii	"galP\370\205\2322\356\360\242\235d"
 1341      F8859A32 
 1341      EEF0A29D 
 1341      64
 1342              		.text
 1343              		.section	.gnu.lto_md_uart_setting_baudrate.276.840c235b,"e",%progbits
 1344 0000 28B52FFD 		.ascii	"(\265/\375`^\002\325\022\000&#~H\340\360\2501\030X\007"
 1344      605E02D5 
 1344      12002623 
 1344      7E48E0F0 
 1344      A8311858 
 1345 0015 B821F8C7 		.ascii	"\270!\370\307!\252\021\307Z\305NX\271Z\202\2472NTa\""
 1345      21AA11C7 
 1345      5AC54E58 
 1345      B95A82A7 
 1345      324E5461 
 1346 002a D3A3EACE 		.ascii	"\323\243\352\316Q\263\037\345\354\366\342\232\260D^"
 1346      51B31FE5 
 1346      ECF6E29A 
 1346      B0445E
 1347 0039 937D10D1 		.ascii	"\223}\020\321\345l\001\257S\232X\235g\242\035\3005E"
 1347      E56C01AF 
 1347      539A589D 
 1347      67A21DC0 
 1347      3545
 1348 004b 882F4B06 		.ascii	"\210/K\006E\267\225rK\231Rd\000b\000h\000/{7\023\326"
 1348      45B79572 
 1348      4B995264 
 1348      00620068 
 1348      002F7B37 
 1349 0061 F004C841 		.ascii	"\360\004\310A\002\341toY\340\325\035\302W\333\366\274"
 1349      02E1746F 
 1349      59E0D51D 
 1349      C257DBF6 
ARM GAS  C:\Users\PUBLIC~1.LAP\AppData\Local\Temp\ccazXeXn.s 			page 36


 1349      BC
 1350 0072 A66E8687 		.ascii	"\246n\206\207K\370j=\274>\355\253\370\012\334s4N\335"
 1350      4BF86A3D 
 1350      BC3EEDAB 
 1350      F80ADC73 
 1350      344EDD
 1351 0085 ABA3F1E2 		.ascii	"\253\243\361\342\336R\304(\341\353\352\002\354+\370"
 1351      DE52C428 
 1351      E1EBEA02 
 1351      EC2BF8
 1352 0094 0FFB6A9C 		.ascii	"\017\373j\234m\343\245\205\333\324\353=\335{E\212\342"
 1352      6DE3A585 
 1352      DBD4EB3D 
 1352      DD7B458A 
 1352      E2
 1353 00a5 B84F9C7F 		.ascii	"\270O\234\177\243\247tzj>Q\016\356\275\236:=\"nz\333"
 1353      A3A7747A 
 1353      6A3E510E 
 1353      EEBD9E3A 
 1353      3D226E7A 
 1354 00ba 20B697EC 		.ascii	" \266\227\354\271\022>x\351\220\375\334\217\372\356"
 1354      B9123E78 
 1354      E990FDDC 
 1354      8FFAEE
 1355 00c9 B6D7FD20 		.ascii	"\266\327\375 8M\353\364\004\247\237\262@M\003d\334\273"
 1355      384DEBF4 
 1355      04A79FB2 
 1355      404D0364 
 1355      DCBB
 1356 00db D363C765 		.ascii	"\323c\307e\2520R|\367\333\367\217\356\263U\276\275\364"
 1356      AA30527C 
 1356      F7DBF78F 
 1356      EEB355BE 
 1356      BDF4
 1357 00ed 919E74E2 		.ascii	"\221\236t\342S\365x^s\276\247\233\221pm\232B\316[\335"
 1357      53F5785E 
 1357      73BEA79B 
 1357      91706D9A 
 1357      42CE5BDD 
 1358 0101 940D5237 		.ascii	"\224\015R7\257\317\363n\317\321\200\345\025\"@\244\224"
 1358      AFCFF36E 
 1358      CFD180E5 
 1358      152240A4 
 1358      94
 1359 0112 93E3E9D5 		.ascii	"\223\343\351\325?\272\331\252\327\3338\337\310*\033"
 1359      3FBAD9AA 
 1359      D7DB38DF 
 1359      C82A1B
 1360 0121 141ABE34 		.ascii	"\024\032\2764\206\367\232h\371-^h~\021\215}M\001\361"
 1360      86F79A68 
 1360      F92D5E68 
 1360      7E118D7D 
 1360      4D01F1
 1361 0134 E6CFF71D 		.ascii	"\346\317\367\035@\014\022O\372}F\360\354\334\300\321"
 1361      400C124F 
 1361      FA7D46F0 
 1361      ECDCC0D1 
ARM GAS  C:\Users\PUBLIC~1.LAP\AppData\Local\Temp\ccazXeXn.s 			page 37


 1362 0144 43D1F3BE 		.ascii	"C\321\363\276\"KX\372\335W\344\324a\220Rj\351]\340\344"
 1362      224B58FA 
 1362      DD57E4D4 
 1362      6190526A 
 1362      E95DE0E4 
 1363 0158 263DA5F4 		.ascii	"&=\245\3648B\276\322Yx\206_d\0160\363:0\366u\322\020"
 1363      3842BED2 
 1363      5978865F 
 1363      640E30F3 
 1363      3A30F675 
 1364 016e A21F72FE 		.ascii	"\242\037r\376l\340 =\265I8?\233\371\263\375\231>\237"
 1364      6CE0203D 
 1364      B549383F 
 1364      9BF9B3FD 
 1364      993E9F
 1365 0181 1A77EAB0 		.ascii	"\032w\352\260K\233IO8n\251\325b\224\305\006\253\311"
 1365      4B9B494F 
 1365      386EA9D5 
 1365      6294C506 
 1365      ABC9
 1366 0193 6260B1D0 		.ascii	"b`\261\320\012Z\254\014\260\004\262\005#\0372(\027\036"
 1366      0A5AAC0C 
 1366      B004B205 
 1366      231F3228 
 1366      171E
 1367 01a5 60A85E19 		.ascii	"`\250^\031\261\325`1*\262Q\224\215b\213\204\3452\021"
 1367      B1D56031 
 1367      2AB25194 
 1367      8D628B84 
 1367      E53211
 1368 01b8 4910B822 		.ascii	"I\020\270\"\210\256\011.\012%\242M\206Et\241\215#mE"
 1368      88AE092E 
 1368      0A25A24D 
 1368      864574A1 
 1368      8D236D45 
 1369 01cc 84A189B1 		.ascii	"\204\241\211\261Y\315\346B+\021qU\230\305f-%)-\222\003"
 1369      59CDE642 
 1369      2B117155 
 1369      98C5662D 
 1369      25292D92 
 1370 01e1 2F238B2D 		.ascii	"/#\213-\345\326\0223\333\240\002c\261R\030@8)\311\323"
 1370      E5D61233 
 1370      DBA00263 
 1370      B1521840 
 1370      3829C9D3 
 1371 01f5 219B0431 		.ascii	"!\233\0041\221\224\264\177\243\203\204\370\340D\372"
 1371      9194B47F 
 1371      A38384F8 
 1371      E044FA
 1372 0204 1C262040 		.ascii	"\034& @\002\203\224e\017\233\037\352\214\254Fl\333\233"
 1372      02839465 
 1372      0F9B1FEA 
 1372      8CAC466C 
 1372      DB9B
 1373 0216 C65190EC 		.ascii	"\306Q\220\354\271\342\2642\320X{\002\264\335\376g\326"
 1373      B9E2B432 
 1373      D0587B02 
ARM GAS  C:\Users\PUBLIC~1.LAP\AppData\Local\Temp\ccazXeXn.s 			page 38


 1373      B4DDFE67 
 1373      D6
 1374 0227 67CD8EF1 		.ascii	"g\315\216\361\322\027\260\222\204\0051d\345\215\230"
 1374      D217B092 
 1374      84053164 
 1374      E58D98
 1375 0236 CEC4C44F 		.ascii	"\316\304\304O\"&\022\330\327\020\031\013\340^\236\355"
 1375      222612D8 
 1375      D710190B 
 1375      E05E9EED 
 1376 0246 AFC0AF17 		.ascii	"\257\300\257\027WZ\264+\000\211cPOEo\307\306\010v\265"
 1376      575AB42B 
 1376      00896350 
 1376      4F456FC7 
 1376      C60876B5 
 1377 025a 5F71B153 		.ascii	"_q\261S\244\207\027\255!\003"
 1377      A48717AD 
 1377      2103
 1378              		.text
 1379              		.section	.gnu.lto_md_uart_init.277.840c235b,"e",%progbits
 1380 0000 28B52FFD 		.ascii	"(\265/\375`M\011E)\000\312A\354\016Gp\032R:\207\337"
 1380      604D0945 
 1380      2900CA41 
 1380      EC0E4770 
 1380      1A523A87 
 1381 0015 0178019A 		.ascii	"\001x\001\232\030-\033\265\334\"r\010\030\242\010\222"
 1381      182D1BB5 
 1381      DC227208 
 1381      18A20892 
 1382 0025 818E4188 		.ascii	"\201\216A\210\3328' \251\313C\277\243&\354t\363Mjpw"
 1382      DA382720 
 1382      A9CB43BF 
 1382      A326EC74 
 1382      F34D6A70 
 1383 003a 1501588F 		.ascii	"\025\001X\217@\010B5\327'4\226\365\223+\260h\000/i\221"
 1383      40084235 
 1383      D7273496 
 1383      F5932BB0 
 1383      68002F69 
 1384 004f A4DF1342 		.ascii	"\244\337\023B\266L2\321\000\323\000\330\000\3150\335"
 1384      B64C32D1 
 1384      00D300D8 
 1384      00CD30DD 
 1385 005f 5898D4BB 		.ascii	"X\230\324\273\252P\344-R\344e\011\027)\346\365Z\250"
 1385      AA50E42D 
 1385      52E46509 
 1385      1729E6F5 
 1385      5AA8
 1386 0071 5E857FE5 		.ascii	"^\205\177\345Y\200l\\\367\336\025\014\313TS\011\355"
 1386      59806C5C 
 1386      F7DE150C 
 1386      CB545309 
 1386      ED
 1387 0082 83619912 		.ascii	"\203a\231\0222\246;\262\207\205\234\200L\360Tm\243\364"
 1387      32A63BB2 
 1387      87859C80 
 1387      4CF0546D 
ARM GAS  C:\Users\PUBLIC~1.LAP\AppData\Local\Temp\ccazXeXn.s 			page 39


 1387      A3F4
 1388 0094 3E92EA5D 		.ascii	">\222\352]U\033\356\225\032\237\224\267\032r\315\247"
 1388      551BEE95 
 1388      1A9F94B7 
 1388      1A72CDA7 
 1389 00a4 7C2B54CC 		.ascii	"|+T\314\353S\236\2259}Sj\257\030sP\272\247i\031\245"
 1389      EB539E95 
 1389      397D536A 
 1389      AF187350 
 1389      BAA76919 
 1390 00b9 37F3B93E 		.ascii	"7\363\271>\305\352]U\274\273\327\253\313\330\275H\005"
 1390      C5EA5D55 
 1390      BCBBD7AB 
 1390      CBD8BD48 
 1390      05
 1391 00ca 1C42F7B4 		.ascii	"\034B\367\264\367!\365)z\236\372\224\255\230\331\034"
 1391      F721F529 
 1391      7A9EFA94 
 1391      AD98D91C 
 1392 00da F9E12AC3 		.ascii	"\371\341*\303di\336{\1776\311\255\236\242\266\255\370"
 1392      6469DE7B 
 1392      7F36C9AD 
 1392      9EA2B6AD 
 1392      F8
 1393 00eb 5F3F0E24 		.ascii	"_?\016$[bG\031O\315n4\004N\353\350\343\350\325nD\004"
 1393      5B624719 
 1393      4FCD6E34 
 1393      044EEBE8 
 1393      E3E8D56E 
 1394 0101 69C54DEC 		.ascii	"i\305M\354\350\343\026EPd\255\307\317\021\013\035Rn"
 1394      E8E31645 
 1394      5064ADC7 
 1394      CF110B1D 
 1394      526E
 1395 0113 B5F9D7FB 		.ascii	"\265\371\327\373\306\361\252\233\207\302\275\227[\353"
 1395      C6F1AA9B 
 1395      87C2BD97 
 1395      5BEB
 1396 0121 B8E3AC9E 		.ascii	"\270\343\254\236\231\231\230\371\214y\267\006*\370N"
 1396      999998F9 
 1396      8C79B706 
 1396      2AF84E
 1397 0130 AAD4A740 		.ascii	"\252\324\247@vW\005K\317\361\331\336\203fg\3712?\220"
 1397      7657054B 
 1397      CFF1D9DE 
 1397      836667F9 
 1397      323F90
 1398 0143 1F7472C4 		.ascii	"\037tr\304\305\321\331\257\275gl'\367\226\263#\032d"
 1398      C5D1D9AF 
 1398      BD676C27 
 1398      F796B323 
 1398      1A64
 1399 0155 CBDB4E66 		.ascii	"\313\333Nf\344U[$\314G\257\335b^\233\213\326f\003k3"
 1399      E4555B24 
 1399      CC47AFDD 
 1399      625E9B8B 
 1399      D666036B 
ARM GAS  C:\Users\PUBLIC~1.LAP\AppData\Local\Temp\ccazXeXn.s 			page 40


 1400 016a D1DA5C60 		.ascii	"\321\332\\`m&\2606\017X\233\207\326f\001k3om\026Z\233"
 1400      6D26B036 
 1400      0F589B87 
 1400      D666016B 
 1400      336F6D16 
 1401 0180 03ACCD41 		.ascii	"\003\254\315Ak3\320\332\374\2636\373\334\353\337\275"
 1401      6B33D0DA 
 1401      FCB336FB 
 1401      DCEBDFBD 
 1402 0190 EBD7ADCD 		.ascii	"\353\327\255\315\351\332\214\256\315vm\356\265\371F"
 1402      E9DA8CAE 
 1402      CD766DEE 
 1402      B5F946
 1403 019f 3C3B9444 		.ascii	"<;\224Du\356\315\361\224\273mi\031\024~\333\335V,\201"
 1403      75EECDF1 
 1403      94BB6D69 
 1403      19147EDB 
 1403      DD562C81 
 1404 01b3 674D6596 		.ascii	"gMe\226r\205\263m\005\231\263\015\313\000\317\326\270"
 1404      7285B36D 
 1404      0599B30D 
 1404      CB00CFD6 
 1404      B8
 1405 01c4 D6867054 		.ascii	"\326\206pT\310\014\321\256FL\263\307d2-I\374B#\222\335"
 1405      C80CD1AE 
 1405      464CB3C7 
 1405      64322D49 
 1405      FC422392 
 1406 01d9 CCC5187B 		.ascii	"\314\305\030{\\k\226\3610\313\\8\210\302\204\314\305"
 1406      5C6B96F1 
 1406      30CB5C38 
 1406      88C284CC 
 1406      C5
 1407 01ea 978B890A 		.ascii	"\227\213\211\012\003<\303\005\306\010\230\2505_\242"
 1407      033CC305 
 1407      C60898A8 
 1407      355FA2
 1408 01f9 B85C4CAA 		.ascii	"\270\\L\252\013\320LA\021-\343\310\366\226:W\331\332"
 1408      0BD04C41 
 1408      112DE3C8 
 1408      F6963A57 
 1408      D9DA
 1409 020b 8CED3CD3 		.ascii	"\214\355<\323\230\012\260\317\347\323\314}*\317\012"
 1409      980AB0CF 
 1409      E7D3CC7D 
 1409      2ACF0A
 1410 021a 3063E1E5 		.ascii	"0c\341\345xfjc\314\312\3363~=\303\326\024\033p\232l"
 1410      78666A63 
 1410      CCCADE33 
 1410      7E3DC3D6 
 1410      141B709A 
 1411 022f 8EF2082A 		.ascii	"\216\362\010*d\235\275\373\324\000V\310\276F\0175\026"
 1411      649DBDFB 
 1411      D40056C8 
 1411      BE460F35 
 1411      16
 1412 0240 BE4E00B5 		.ascii	"\276N\000\265_I\232g\332\205\230i\234\311\367\000l1"
ARM GAS  C:\Users\PUBLIC~1.LAP\AppData\Local\Temp\ccazXeXn.s 			page 41


 1412      5F499A67 
 1412      DA859869 
 1412      9CC9F700 
 1412      6C31
 1413 0252 F3275A45 		.ascii	"\363'ZE\332\254E\362O\251mO\200\275au\0343\217\270\234"
 1413      DAAC45F2 
 1413      4FA96D4F 
 1413      80BD6175 
 1413      1C338FB8 
 1414 0267 299DAEED 		.ascii	")\235\256\355\201%k\274\276\325Yf\022&\372Z\334\233"
 1414      81256BBC 
 1414      BED55966 
 1414      1226FA5A 
 1414      DC9B
 1415 0279 612F332F 		.ascii	"a/3/\375\315T\257\271\367&\361\231,\230\222\224\334"
 1415      FDCD54AF 
 1415      B9F726F1 
 1415      992C9892 
 1415      94DC
 1416 028b 7B63A84F 		.ascii	"{c\250OowU\214=\307j\232\262I\026\363\307\272\231\363"
 1416      6F77558C 
 1416      3DC76A9A 
 1416      B24916F3 
 1416      C7BA99F3 
 1417 029f B13F6E2C 		.ascii	"\261?n,<\234\217\333{\222q\313\037\010\0209\312\367"
 1417      3C9C8FDB 
 1417      7B9271CB 
 1417      1F081039 
 1417      CAF7
 1418 02b1 54B4FFEB 		.ascii	"T\264\377\353FL\262\230A\366\355Zp\200\236w\236\317"
 1418      464CB298 
 1418      41F6ED5A 
 1418      70809E77 
 1418      9ECF
 1419 02c3 FB54201B 		.ascii	"\373T \033d_#\310\025\013\237\006\205\356\336#I|4P\001"
 1419      645F23C8 
 1419      150B9F06 
 1419      85EEDE23 
 1419      497C3450 
 1420 02d8 4EC5A6A7 		.ascii	"N\305\246\247\251\224\235\212B\251\027\305`\361\011"
 1420      A9949D8A 
 1420      42A917C5 
 1420      60F109
 1421 02e7 8AC31210 		.ascii	"\212\303\022\020CHBJ\301\364\240)\302\021\017F\010\020"
 1421      4348424A 
 1421      C1F4A029 
 1421      C2110F46 
 1421      0810
 1422 02f9 1544A42C 		.ascii	"\025D\244,<*\276`\222Zj\032\376\232\206\277$\006H\301"
 1422      3C2ABE60 
 1422      925A6A1A 
 1422      FE9A86BF 
 1422      240648C1 
 1423 030d 0C3F060D 		.ascii	"\014?\006\015\202\030~A\016\301\016\026~E\030(~P\304"
 1423      82187E41 
 1423      0EC10E16 
 1423      7E451828 
ARM GAS  C:\Users\PUBLIC~1.LAP\AppData\Local\Temp\ccazXeXn.s 			page 42


 1423      7E50C4
 1424 0320 E19028FC 		.ascii	"\341\220(\374E\021\177'\236^\024\241\210\026\024\004"
 1424      45117F27 
 1424      9E5E14A1 
 1424      88161404 
 1425 0330 3D3C9D78 		.ascii	"=<\235xr\262P\"\211\301\202\026C\024\305\022TNRO,\226"
 1425      72B25022 
 1425      89C18216 
 1425      4314C512 
 1425      544E524F 
 1426 0346 9890904A 		.ascii	"\230\220\220JH\270\000D\032\217^\273\245\201G\233\321"
 1426      48B80044 
 1426      1A8F5EBB 
 1426      A581479B 
 1426      D1
 1427 0357 1AC3B298 		.ascii	"\032\303\262\230\003\354\217\017\331\001bX\330<\206"
 1427      03EC8F0F 
 1427      D9016258 
 1427      D83C86
 1428 0366 C4BC2779 		.ascii	"\304\274'y\026f\014\314{<:\2267\314J\001{\354{\357S"
 1428      16660CCC 
 1428      7B3C3A96 
 1428      37CC4A01 
 1428      7BEC7BEF 
 1429 037b 09D80262 		.ascii	"\011\330\002b,l\034\004\304\336\203\226\354R\0266\227"
 1429      2C6C1C04 
 1429      C4DE8396 
 1429      EC521636 
 1429      97
 1430 038c 76F0D037 		.ascii	"v\360\3207~\251sy\221^Y\314\"k\303\200Em\221\334}*\221"
 1430      7EA97379 
 1430      915E59CC 
 1430      226BC380 
 1430      456D91DC 
 1431 03a3 35A08585 		.ascii	"5\240\205\205M\203H\313\257\004.\271\274Y.\304\204+"
 1431      4D8348CB 
 1431      AF042EB9 
 1431      BC592EC4 
 1431      842B
 1432 03b5 CB111707 		.ascii	"\313\021\027\007\265\007{\317\210|\317\310\300\306r"
 1432      B5077BCF 
 1432      887CCFC8 
 1432      C0C672
 1433 03c4 B066D7B4 		.ascii	"\260f\327\264\001\200\310\250QL\011\221\232\021\221"
 1433      0180C8A8 
 1433      514C0991 
 1433      9A1191
 1434 03d3 912449A5 		.ascii	"\221$I\245\320\001\360\002\021\031*n\022\340\3241\013"
 1434      D001F002 
 1434      11192A6E 
 1434      12E0D431 
 1434      0B
 1435 03e4 3AC55420 		.ascii	":\305T R\331\252\375\337\375\217b\303\2102\202\325@"
 1435      52D9AAFD 
 1435      DFFD8F62 
 1435      C3883282 
 1435      D540
ARM GAS  C:\Users\PUBLIC~1.LAP\AppData\Local\Temp\ccazXeXn.s 			page 43


 1436 03f6 5640F63F 		.ascii	"V@\366?\313\376\350\010+s\364\\|\315+\"\223\342\322"
 1436      CBFEE808 
 1436      2B73F45C 
 1436      7CCD2B22 
 1436      93E2D2
 1437 0409 6476B844 		.ascii	"dv\270D\220Atd!Uv\377|\215^\333\363\335\320\335\361"
 1437      90417464 
 1437      215576FF 
 1437      7C8D5EDB 
 1437      F3DDD0DD 
 1438 041e 98002283 		.ascii	"\230\000\"\203[\027\305 \234\362\276\272\005\213\027"
 1438      5B17C520 
 1438      9CF2BEBA 
 1438      058B17
 1439 042d DB8CF94E 		.ascii	"\333\214\371N\326\270\274\304\376Z\300\202\2646\177"
 1439      D6B8BCC4 
 1439      FE5AC082 
 1439      B4367F
 1440 043c 85A05704 		.ascii	"\205\240W\004\031\370\371\342\264\241\024\332=W\037"
 1440      19F8F9E2 
 1440      B4A114DA 
 1440      3D571F
 1441 044b D89D6E32 		.ascii	"\330\235n2\377\037\306\3332\015\036\257=\267\335\367"
 1441      FF1FC6DB 
 1441      320D1EAF 
 1441      3DB7DDF7 
 1442 045b 1A5664BF 		.ascii	"\032Vd\277rHe$MIp\205\215I>N!G\270*\2748$\3218\202u"
 1442      72486524 
 1442      4D497085 
 1442      8D493E4E 
 1442      2147B82A 
 1443 0476 28F7C2A8 		.ascii	"(\367\302\250\001\025\310\337\341\331lL\330\202rK\323"
 1443      0115C8DF 
 1443      E1D96C4C 
 1443      D882724B 
 1443      D3
 1444 0487 1BF20A4E 		.ascii	"\033\362\012N\021\236a\265A\230\312\326?$\300_4./\305"
 1444      119E61B5 
 1444      4198CAD6 
 1444      3F24C05F 
 1444      342E2FC5 
 1445 049b 8F5F8A65 		.ascii	"\217_\212e\000\333\325\323\320u\3612\000\344\312@.\344"
 1445      00DBD5D3 
 1445      D075F132 
 1445      00E4CA40 
 1445      2EE4
 1446 04ad 123413E7 		.ascii	"\0224\023\347F\003\231\014<\033\371\351-\26479\216_"
 1446      4603990C 
 1446      3C1BF9E9 
 1446      2DB43739 
 1446      8E5F
 1447 04bf DED60FC8 		.ascii	"\336\326\017\310,8\271\234\3109\310] )J\014\307\276"
 1447      2C38B99C 
 1447      C839C85D 
 1447      20294A0C 
 1447      C7BE
 1448 04d1 C419C960 		.ascii	"\304\031\311`c\303\330\230!r\324\233\203CL\351x{\033"
ARM GAS  C:\Users\PUBLIC~1.LAP\AppData\Local\Temp\ccazXeXn.s 			page 44


 1448      63C3D898 
 1448      2172D49B 
 1448      83434CE9 
 1448      787B1B
 1449 04e4 1239647C 		.ascii	"\0229d| \320\370\350D4\373\373\376\372\213\001\236V"
 1449      20D0F8E8 
 1449      4434FBFB 
 1449      FEFA8B01 
 1449      9E56
 1450 04f6 E547901B 		.ascii	"\345G\220\033\037\304\033\260\202\034\333)a!\326\213"
 1450      1FC41BB0 
 1450      821CDB29 
 1450      6121D68B 
 1451 0506 718C033F 		.ascii	"q\214\003?R0\223\305\307n\320.\221R\261\261Ag\\\025"
 1451      523093C5 
 1451      C76ED02E 
 1451      9152B1B1 
 1451      41675C15 
 1452 051a 17959F76 		.ascii	"\027\225\237v\017\261\223%\"\342\334\305\361\037b\224"
 1452      0FB19325 
 1452      22E2DCC5 
 1452      F11F6294 
 1453 052a 20460398 		.ascii	" F\003\230\275\200^\015"
 1453      BD805E0D 
 1454              		.text
 1455              		.section	.gnu.lto_md_uart_send.278.840c235b,"e",%progbits
 1456 0000 28B52FFD 		.ascii	"(\265/\375`\035\003\355\026\000\226(\225L\240\022V:"
 1456      601D03ED 
 1456      16009628 
 1456      954CA012 
 1456      563A
 1457 0012 1855A686 		.ascii	"\030U\246\206\003\220|KF\217\035\017P\366\367\274\216"
 1457      03907C4B 
 1457      468F1D0F 
 1457      50F6F7BC 
 1457      8E
 1458 0023 BC74FB69 		.ascii	"\274t\373i\212\201\3518\201F\323\215\022\034\347\003"
 1458      8A81E938 
 1458      8146D38D 
 1458      121CE703 
 1459 0033 75AFCE39 		.ascii	"u\257\3169C\247\326\317\302k\340l^$\2225 \224z\255\336"
 1459      43A7D6CF 
 1459      C26BE06C 
 1459      5E249235 
 1459      20947AAD 
 1460 0048 F97E226F 		.ascii	"\371~\"o\001\373\371\005\303\372\026y\232%\233\354\235"
 1460      01FBF905 
 1460      C3FA1679 
 1460      9A259BEC 
 1460      9D
 1461 0059 647A007E 		.ascii	"dz\000~\000|\000\326v\323R\202?\352\364\3159iG\015\354"
 1461      007C00D6 
 1461      76D35282 
 1461      3FEAF4CD 
 1461      3969470D 
 1462 006e 181B71B7 		.ascii	"\030\033q\267\335Oz\213\340\215\300\036\311\371\030"
 1462      DD4F7A8B 
ARM GAS  C:\Users\PUBLIC~1.LAP\AppData\Local\Temp\ccazXeXn.s 			page 45


 1462      E08DC01E 
 1462      C9F918
 1463 007d 4523E7F5 		.ascii	"E#\347\365\244]`\307\262\013@\217\317\227\240\307\035"
 1463      A45D60C7 
 1463      B20B408F 
 1463      CF97A0C7 
 1463      1D
 1464 008e ECE6F1F5 		.ascii	"\354\346\361\365B\306\362\361\324\225sNo\211\2766\370"
 1464      42C6F2F1 
 1464      D495734E 
 1464      6F89BE36 
 1464      F8
 1465 009f 135F1BEC 		.ascii	"\023_\033\354\033\030\0222,\356\374\014\240\"\350\370"
 1465      1B181232 
 1465      2CEEFC0C 
 1465      A022E8F8 
 1466 00af 7CF91051 		.ascii	"|\371\020Q\220\024{N\033sI\025+\372\330\373\245\237"
 1466      90147B4E 
 1466      1B734915 
 1466      2BFAD8FB 
 1466      A59F
 1467 00c1 48433886 		.ascii	"HC8\206\305\240\333\327\203\234s\333a\361\303\033}w"
 1467      C5A0DBD7 
 1467      839C73DB 
 1467      61F1C31B 
 1467      7D77
 1468 00d3 C774378C 		.ascii	"\307t7\214n\233#D\335\330\366\013\333F\261m\374\343"
 1468      6E9B2344 
 1468      DDD8F60B 
 1468      DB46B16D 
 1468      FCE3
 1469 00e5 7FDEF8DF 		.ascii	"\177\336\370\337\221\327\021\213@U\316\304\"D\362\025"
 1469      91D7118B 
 1469      4055CEC4 
 1469      2244F215 
 1470 00f5 A64AD157 		.ascii	"\246J\321W^*'\352N\375\200Bk@\345\334\010\024R\011R"
 1470      5E2A27EA 
 1470      4EFD8042 
 1470      6B40E5DC 
 1470      08145209 
 1471 010a 4499D31D 		.ascii	"D\231\323\035{\362w\246~\323\237Z\266bH'\035\331\316"
 1471      7BF277A6 
 1471      7ED39F5A 
 1471      B6624827 
 1471      1DD9CE
 1472 011d 6A5B81B3 		.ascii	"j[\201\263\366\310\246\245\374\356\2443 \3634!P&a\307"
 1472      F6C8A6A5 
 1472      FCEEA433 
 1472      20F33421 
 1472      502661C7 
 1473 0131 DDFD55D6 		.ascii	"\335\375U\326\263\252\254\011\216G\214p\267_\1777\002"
 1473      B3AAAC09 
 1473      8E478C70 
 1473      B75F7F37 
 1473      02
 1474 0142 CF358728 		.ascii	"\3175\207(\240\303\352\307F\327q\337\305\257;vlc\335"
 1474      A0C3EAC7 
ARM GAS  C:\Users\PUBLIC~1.LAP\AppData\Local\Temp\ccazXeXn.s 			page 46


 1474      46D771DF 
 1474      C5AF3B76 
 1474      6C63DD
 1475 0155 F8052E4A 		.ascii	"\370\005.JO?\010\"\022\361\210\353\274G^&\\/\263J\245"
 1475      4F3F0822 
 1475      12F188EB 
 1475      BC475E26 
 1475      5C2FB34A 
 1476 016a F316F57F 		.ascii	"\363\026\365\177\225U>E\334&(zm\220Z=v\310\277\364\003"
 1476      95553E45 
 1476      DC26287A 
 1476      6D905A3D 
 1476      76C8BFF4 
 1477 017f 5640CB33 		.ascii	"V@\3133\347\233\240\370\242\367?B<\315\273\014\017\260"
 1477      E79BA0F8 
 1477      A2F73F42 
 1477      3CCDBB0C 
 1477      0FB0
 1478 0191 9C49D4FA 		.ascii	"\234I\324\3721|7\375\023@\364\030_\022-&'\333\354K\375"
 1478      317C37FD 
 1478      1340F418 
 1478      5F122D26 
 1478      27DBEC4B 
 1479 01a6 465B4159 		.ascii	"F[AY\217z\311T\217&\361\210\353\336C]&\264\314n0\"["
 1479      8F7AC954 
 1479      8F26F188 
 1479      EBDE435D 
 1479      26B4CC6E 
 1480 01bd E6CF9C73 		.ascii	"\346\317\234s\276m\225,\262\262ev\257<\366\026u\337"
 1480      BE6D952C 
 1480      B2B26576 
 1480      AF3CF616 
 1480      75DF
 1481 01cf 6682B9EC 		.ascii	"f\202\271\354\033jOe\361\271\240M\243\366\324\334\331"
 1481      1B6A4F65 
 1481      F1B9A04D 
 1481      A3F6D4DC 
 1481      D9
 1482 01e0 0C6A330D 		.ascii	"\014j3\015jJ\316\206R\342s\301\000!\003n\031\224\236"
 1482      6A4ACE86 
 1482      52E273C1 
 1482      0021036E 
 1482      19949E
 1483 01f3 8D8A0393 		.ascii	"\215\212\003\223\333\245\271]Z\243\315n\022R\332\202"
 1483      DBA5B95D 
 1483      5AA3CD6E 
 1483      1252DA82 
 1484 0203 5B84F446 		.ascii	"[\204\364F\341Va%\355\371f\322\032\336n\307\223Ioxi"
 1484      E1566125 
 1484      EDF966D2 
 1484      1ADE6EC7 
 1484      93496F78 
 1485 0218 8CCEA657 		.ascii	"\214\316\246W\303[9\271Y\320\305\350hV^j4\005\035v3"
 1485      C35B39B9 
 1485      59D0C5E8 
 1485      68565E6A 
 1485      34051D76 
ARM GAS  C:\Users\PUBLIC~1.LAP\AppData\Local\Temp\ccazXeXn.s 			page 47


 1486 022d BD971F0D 		.ascii	"\275\227\037\015\216\216\003\214:\233\2758`iY\205\277"
 1486      8E8E038C 
 1486      3A9BBD38 
 1486      60695985 
 1486      BF
 1487 023e 443D61E9 		.ascii	"D=a\351Jx\2057\200\226\257\373do\370\324\016\226\263"
 1487      4A788537 
 1487      8096AFFB 
 1487      646FF8D4 
 1487      0E96B3
 1488 0251 880F819C 		.ascii	"\210\017\201\234\367u\377\323\024\332f?y\0003\0028 "
 1488      F775FFD3 
 1488      14DA663F 
 1488      79003302 
 1488      3820
 1489 0263 40024210 		.ascii	"@\002B\020\302vM\013\325\214\244Q6\034\331d\023\267"
 1489      C2764D0B 
 1489      D58CA451 
 1489      361CD964 
 1489      13B7
 1490 0275 C8E50201 		.ascii	"\310\345\002\001)\220a\200\214n\200\330\217\312F\330"
 1490      29906180 
 1490      8C6E80D8 
 1490      8FCA46D8 
 1491 0285 B04CCDC1 		.ascii	"\260L\315\301\014\206\323\014\241`\304\\\302\214[\025"
 1491      0C86D30C 
 1491      A160C45C 
 1491      C28C5B15 
 1492 0295 A8ACE03A 		.ascii	"\250\254\340:\205\202^\250~\273\021\353\324m\351X\311"
 1492      85825EA8 
 1492      7EBB11EB 
 1492      D46DE958 
 1492      C9
 1493 02a6 60A94A43 		.ascii	"`\251JC\000W_&v\345(\021\036\356\025b,T2\334\201xL_"
 1493      00575F26 
 1493      76E52811 
 1493      1EEE1562 
 1493      2C5432DC 
 1494 02be 3AFC69F8 		.ascii	":\374i\370\316^\3200\010\027\0360l\021._%W\032/\312"
 1494      CE5ED030 
 1494      08171E30 
 1494      6C112E5F 
 1494      25571A2F 
 1495 02d3 29474BAE 		.ascii	")GK\256\267vq,o\263\024R\370\027GDaj\003\031"
 1495      B776712C 
 1495      6FB31452 
 1495      F8174744 
 1495      616A0319 
 1496              		.text
 1497              		.section	.gnu.lto_md_uart_send_string.279.840c235b,"e",%progbits
 1498 0000 28B52FFD 		.ascii	"(\265/\375`\317\0045\037\000\3267\307J\220\330Q:\221"
 1498      60CF0435 
 1498      1F00D637 
 1498      C74A90D8 
 1498      513A91
 1499 0013 910B1C7C 		.ascii	"\221\013\034|E\303\230%8\300I\354\257\216\020\326\336"
 1499      45C39825 
ARM GAS  C:\Users\PUBLIC~1.LAP\AppData\Local\Temp\ccazXeXn.s 			page 48


 1499      38C049EC 
 1499      AF8E10D6 
 1499      DE
 1500 0024 0B9E003A 		.ascii	"\013\236\000:\352\005\325,\332\343\327\352\360\337\376"
 1500      EA05D52C 
 1500      DAE3D7EA 
 1500      F0DFFE
 1501 0033 F8CCFD29 		.ascii	"\370\314\375)\330\371\251\340W\255\024\024\361\227\242"
 1501      D8F9A9E0 
 1501      57AD1414 
 1501      F197A2
 1502 0042 04AEEB97 		.ascii	"\004\256\353\227\220UV4\263'\301\370\020\037\354\227"
 1502      90555634 
 1502      B327C1F8 
 1502      101FEC97 
 1503 0052 7C4288DC 		.ascii	"|B\210\334I\006\256\000\251\000\261\000(3Zc\327W)\316"
 1503      4906AE00 
 1503      A900B100 
 1503      28335A63 
 1503      D75729CE 
 1504 0066 9B6BCC42 		.ascii	"\233k\314B\376\220;k\265b\014I=\212\026w\267\314?r$"
 1504      FE903B6B 
 1504      B5620C49 
 1504      3D8A1677 
 1504      B7CC3F72 
 1505 007b C32B9798 		.ascii	"\303+\227\230v\257\325\225)\367\256\013XH=\212\273\200"
 1505      76AFD595 
 1505      29F7AE0B 
 1505      58483D8A 
 1505      BB80
 1506 008d F4E8799C 		.ascii	"\364\350y\234\364(\017\231\277|\345p\267\244\321\032"
 1506      F4280F99 
 1506      BF7CE570 
 1506      B7A4D11A 
 1507 009d BBF7E6BA 		.ascii	"\273\367\346\272\0077\317\232\315f\363\347zF{\370Y\212"
 1507      0737CF9A 
 1507      CD66F3E7 
 1507      7A467BF8 
 1507      598A
 1508 00af 9EB456ED 		.ascii	"\236\264V\355\220o}d9&\231>\033\362$e\323\263\261\230"
 1508      906F7D64 
 1508      3926993E 
 1508      1BF22465 
 1508      D3B3B198 
 1509 00c3 5FB7A4F1 		.ascii	"_\267\244\361\004Rr\244\352\313\333\027I'\213\326\204"
 1509      045272A4 
 1509      EACBDB17 
 1509      49278BD6 
 1509      84
 1510 00d4 C0F87923 		.ascii	"\300\370y#$\352\264s\306\002\011\344\226l:\177\310\304"
 1510      24EAB473 
 1510      C60209E4 
 1510      966C3A7F 
 1510      C8C4
 1511 00e6 A87C7903 		.ascii	"\250|y\003C\236f\330V\243\256~\371\0048\304\034\223"
 1511      439E66D8 
 1511      56A3AE7E 
ARM GAS  C:\Users\PUBLIC~1.LAP\AppData\Local\Temp\ccazXeXn.s 			page 49


 1511      F90438C4 
 1511      1C93
 1512 00f8 306E6713 		.ascii	"0ng\023\356\275l\217I\250s\355\314\274\204\231\275\230"
 1512      EEBD6C8F 
 1512      49A873ED 
 1512      CCBC8499 
 1512      BD98
 1513 010a 4F9EFC34 		.ascii	"O\236\3744\0133\010\367\0243\315\362\215f\331\206f\271"
 1513      0B3308F7 
 1513      1433CDF2 
 1513      8D66D986 
 1513      66B9
 1514 011c C676E55F 		.ascii	"\306v\345_\373\325O\273\325\257~=\237\252\345\266\226"
 1514      FBD54FBB 
 1514      D5AF7E3D 
 1514      9FAAE5B6 
 1514      96
 1515 012d EDCCF26F 		.ascii	"\355\314\362oj1\266\024\370\272\027\331Ls\265\240T\202"
 1515      6A31B614 
 1515      F8BA17D9 
 1515      4C73B5A0 
 1515      5482
 1516 013f 7CFD99CF 		.ascii	"|\375\231\317\207\362(\277.4\331\344J\253p\375\256\\"
 1516      87F228BF 
 1516      2E34D9E4 
 1516      4AAB70FD 
 1516      AE5C
 1517 0151 92022AD3 		.ascii	"\222\002*\323\3741\333\276\305lc\341\261\370L\356\244"
 1517      FC31DBBE 
 1517      C56C63E1 
 1517      B1F84CEE 
 1517      A4
 1518 0162 A16CC337 		.ascii	"\241l\3037\011\342\230\326\237\";\324\236\311;=\302"
 1518      09E298D6 
 1518      9F223BD4 
 1518      9EC93B3D 
 1518      C2
 1519 0173 37090EB8 		.ascii	"7\011\016\270\305\345\001&\024\276\026\256i\005Zs\216"
 1519      C5E50126 
 1519      14BE16AE 
 1519      69055A73 
 1519      8E
 1520 0184 D2AA76B7 		.ascii	"\322\252v\267\327\022^\271t\256\367\006\201.X\214c\306"
 1520      D7125EB9 
 1520      74AEF706 
 1520      812E588C 
 1520      63C6
 1521 0196 8EF2B384 		.ascii	"\216\362\263\204\314\266\243\366K\266\241=v\314+\203"
 1521      CCB6A3F6 
 1521      4BB6A13D 
 1521      76CC2B83 
 1522 01a6 A94C4F00 		.ascii	"\251LO\000\234\246\320\210\335{s\216\262P}\375U\301"
 1522      9CA6D088 
 1522      DD7B738E 
 1522      B2507DFD 
 1522      55C1
 1523 01b8 CFB6F59D 		.ascii	"\317\266\365\235n\024m\031\3670\321\204]\346\005\036"
ARM GAS  C:\Users\PUBLIC~1.LAP\AppData\Local\Temp\ccazXeXn.s 			page 50


 1523      6E146D19 
 1523      F730D184 
 1523      5DE6051E 
 1524 01c8 2E6EFD2D 		.ascii	".n\375-&\272\025#\365^\035?\216\351\276\365\215e\304"
 1524      26BA1523 
 1524      F55E1D3F 
 1524      8EE9BEF5 
 1524      8D65C4
 1525 01db ADD7A424 		.ascii	"\255\327\244$q\362\313@\032Ar!\323}\346qD\255\343j\236"
 1525      71F2CB40 
 1525      1A417221 
 1525      D37DE671 
 1525      44ADE36A 
 1526 01f0 44595E8B 		.ascii	"DY^\213g3\277X@\321\020\2446\375\035Y^\232\354\231\177"
 1526      6733BF58 
 1526      40D110A4 
 1526      36FD1D59 
 1526      5E9AEC99 
 1527 0205 F90C534D 		.ascii	"\371\014SM\027b\347\275G\220\326\264M\337(U\344\021"
 1527      1762E7BD 
 1527      4790D6B4 
 1527      4DDF2855 
 1527      E411
 1528 0217 F7EAA9F7 		.ascii	"\367\352\251\367\362\360\341O!Q\202\377c)=Z\3237/WX"
 1528      F2F0E14F 
 1528      215182FF 
 1528      63293D5A 
 1528      D3372F57 
 1529 022c B68C1FE5 		.ascii	"\266\214\037\345\257\012\023\025\366\256\343x\201)C"
 1529      AF0A1315 
 1529      F6AEE378 
 1529      812943
 1530 023b 722153EB 		.ascii	"r!S\353s\035\027\300\330\374y\357\275\335T\374\377\370"
 1530      731D17C0 
 1530      D8FC79EF 
 1530      BDDD54FC 
 1530      FFF8
 1531 024d 2013531F 		.ascii	" \023S\037\240\311\371\327\363\344 Z2\266L3a\327\222"
 1531      A0C9F9D7 
 1531      F3E4205A 
 1531      32B64C33 
 1531      61D792
 1532 0260 31AF45DB 		.ascii	"1\257E\333T\034< \257\202\222P\312G\275#\031\231h\036"
 1532      541C3C20 
 1532      AF829250 
 1532      CA47BD23 
 1532      1999681E 
 1533 0274 905774B2 		.ascii	"\220Wt\262\003\037\035\021\274\236\242\037\0068JB\036"
 1533      031F1D11 
 1533      BC9EA21F 
 1533      06384A42 
 1533      1E
 1534 0285 287C4099 		.ascii	"(|@\231\210\001\020\005/\010\242\310\227+\362\345|v"
 1534      88011005 
 1534      2F08A2C8 
 1534      972BF2E5 
 1534      7C76
ARM GAS  C:\Users\PUBLIC~1.LAP\AppData\Local\Temp\ccazXeXn.s 			page 51


 1535 0297 74741772 		.ascii	"tt\027r;<:\0139\035\006\235\206\240\034P\311(\207\224"
 1535      3B3C3A0B 
 1535      391D069D 
 1535      86A01C50 
 1535      C9288794 
 1536 02ab E4F32511 		.ascii	"\344\363%\021\345~I\271\020=\024@\244\244\240\005\272"
 1536      E57E49B9 
 1536      103D1440 
 1536      A4A4A005 
 1536      BA
 1537 02bc 0DBD10BD 		.ascii	"\015\275\020\275\243\240!\237\235\006'|F\300\241\024"
 1537      A3A0219F 
 1537      9D06277C 
 1537      46C0A114 
 1538 02cc 47C19E09 		.ascii	"G\301\236\011\020<\035\235!\010\025:\254\304\367T\006"
 1538      103C1D9D 
 1538      2108153A 
 1538      ACC4F754 
 1538      06
 1539 02dd 195A884D 		.ascii	"\031Z\210M\2345\025\323\372`M\366LG\340\312\002K\233"
 1539      9C3515D3 
 1539      FA604DF6 
 1539      4C47E0CA 
 1539      024B9B
 1540 02f0 8A6D94A7 		.ascii	"\212m\224\247\255\373\211\315\371\331\307`\332m\225"
 1540      ADFB89CD 
 1540      F9D9C760 
 1540      DA6D95
 1541 02ff 595FBE54 		.ascii	"Y_\276T\004\325\037\374\025\351\321n\333\365\202F\253"
 1541      04D51FFC 
 1541      15E9D16E 
 1541      DBF58246 
 1541      AB
 1542 0310 6DFB4E44 		.ascii	"m\373ND\212\266\254\273ky\324\306\216\263'\020-\331"
 1542      8AB6ACBB 
 1542      6B79D4C6 
 1542      8EB32710 
 1542      2DD9
 1543 0322 25B4C0C2 		.ascii	"%\264\300\302\201\262-Z\250Q(\005\0353\244\214\214\210"
 1543      81B22D5A 
 1543      A8512805 
 1543      1D33A48C 
 1543      8C88
 1544 0334 04421225 		.ascii	"\004B\022%\035p\002\221\"\323:\022\3006\316\222\024"
 1544      1D700291 
 1544      22D33A12 
 1544      C036CE92 
 1544      14
 1545 0345 19F6D9FF 		.ascii	"\031\366\331\3773[\177K\031Y\211kw\305I\011:Hn\301\034"
 1545      335B7F4B 
 1545      1959896B 
 1545      77C54909 
 1545      3A486EC1 
 1546 035a 8314A2D1 		.ascii	"\203\024\242\321 sd\310\367\234-\302zy\353\212\232 "
 1546      207364C8 
 1546      F79C2DC2 
 1546      7A79EB8A 
ARM GAS  C:\Users\PUBLIC~1.LAP\AppData\Local\Temp\ccazXeXn.s 			page 52


 1546      9A20
 1547 036c C8AEB03E 		.ascii	"\310\256\260>\353\324,\312(\350\261\341C\025,S9\235"
 1547      EBD42CCA 
 1547      28E8B1E1 
 1547      43152C53 
 1547      399D
 1548 037e 85A2A349 		.ascii	"\205\242\243I\347Q\367]r\312\310\347\263gAgy.\343p\346"
 1548      E751F75D 
 1548      72CAC8E7 
 1548      B3674167 
 1548      792EE370 
 1549 0393 8636EAB8 		.ascii	"\2066\352\270Rt\022T\020\237\021n\201\353\344\3232|"
 1549      52741254 
 1549      109F116E 
 1549      81EBE4D3 
 1549      327C
 1550 03a5 BF69EA93 		.ascii	"\277i\352\223\006\"$\022\0325T1E\3337\245\364M\002\303"
 1550      06222412 
 1550      1A355431 
 1550      45DB37A5 
 1550      F44D02C3 
 1551 03b9 5DB32EA8 		.ascii	"]\263.\250\361\230}\350~\201NS\254\351t\273t\272\273"
 1551      F1987DE8 
 1551      7E814E53 
 1551      ACE974BB 
 1551      74BABB
 1552 03cc F5A5C346 		.ascii	"\365\245\303F\216\371\345>^d\246\202\270\230\377\312"
 1552      8EF9E53E 
 1552      5E64A682 
 1552      B898FFCA 
 1553 03dc 0042A8A0 		.ascii	"\000B\250\240\2300\0178\266\037L\326\211\206\355\221"
 1553      98300F38 
 1553      B61F4CD6 
 1553      8986ED91 
 1554 03ec 8ECC5001 		.ascii	"\216\314P\001"
 1555              		.text
 1556              		.section	.gnu.lto_md_uart_receive.280.840c235b,"e",%progbits
 1557 0000 28B52FFD 		.ascii	"(\265/\375`\245\002\375\023\000&\343\202I\300RRc\223"
 1557      60A502FD 
 1557      130026E3 
 1557      8249C052 
 1557      526393
 1558 0013 557D6E20 		.ascii	"U}n '|4\013\346\345^s\365\210\2630\221+P\037$\346X\304"
 1558      277C340B 
 1558      E6E55E73 
 1558      F588B330 
 1558      912B501F 
 1559 002b 660B0036 		.ascii	"f\013\0006R!\026u\026\003\002\020\264@\215~\216\230"
 1559      52211675 
 1559      16030210 
 1559      B4408D7E 
 1559      8E98
 1560 003d 0AD1FEAF 		.ascii	"\012\321\376\257\264\307)(\036\351[w\216\327P\201KB"
 1560      B4C72928 
 1560      1EE95B77 
 1560      8ED75081 
 1560      4B42
ARM GAS  C:\Users\PUBLIC~1.LAP\AppData\Local\Temp\ccazXeXn.s 			page 53


 1561 004f 61AC766F 		.ascii	"a\254vo\271\245L)i\000h\000k\000,\224\332'\272\214\234"
 1561      B9A54C29 
 1561      69006800 
 1561      6B002C94 
 1561      DA27BA8C 
 1562 0064 FF7416B9 		.ascii	"\377t\026\271\327\350\011\352\336\323\304+\254\333\327"
 1562      D7E809EA 
 1562      DED3C42B 
 1562      ACDBD7
 1563 0073 0390B7E3 		.ascii	"\003\220\267\343]\344m\014%\307:\003x\345\016P\015\244"
 1563      5DE46D0C 
 1563      25C73A03 
 1563      78E50E50 
 1563      0DA4
 1564 0085 AA7B4FB3 		.ascii	"\252{O\263\256p\245:\037m\245:\376\3177\304\247\367"
 1564      AE70A53A 
 1564      1F6DA53A 
 1564      FECF37C4 
 1564      A7F7
 1565 0097 E1230018 		.ascii	"\341#\000\030A\267c\311\373qA\322\343\031S\212\304a"
 1565      41B763C9 
 1565      FB7141D2 
 1565      E319538A 
 1565      C461
 1566 00a9 ABC7A3F5 		.ascii	"\253\307\243\365E\037c\370\250|zA\247e\203{\257\251"
 1566      451F63F8 
 1566      A87C7A41 
 1566      A765837B 
 1566      AFA9
 1567 00bb 4F0FE826 		.ascii	"O\017\350&o;\306v\320\246\270E\242\253\012\233\244."
 1567      6F3BC676 
 1567      D0A6B845 
 1567      A2AB0A9B 
 1567      A42E
 1568 00cd 2D3569A9 		.ascii	"-5i\251\255\245\036\377\373+k\004\212\207\001\037\367"
 1568      ADA51EFF 
 1568      FB2B6B04 
 1568      8A87011F 
 1568      F7
 1569 00de FE0C1172 		.ascii	"\376\014\021rw\330\341\013\377\350I8\244:t\022\222D"
 1569      77D8E10B 
 1569      FFE84938 
 1569      A43A7412 
 1569      9244
 1570 00f0 42DC7F3A 		.ascii	"B\334\177:\022\257 ?\216pv\353g\356F~\260\016\237\252"
 1570      12AF203F 
 1570      8E7076EB 
 1570      67EE467E 
 1570      B00E9FAA 
 1571 0104 EEBDAD03 		.ascii	"\356\275\255\003\307\273tK\341\201[\021'\026J\017\314"
 1571      C7BB744B 
 1571      E1815B11 
 1571      27164A0F 
 1571      CC
 1572 0115 FDA71BCF 		.ascii	"\375\247\033\317{\202@\322T\217Q\325\255?#g\267n\251"
 1572      7B8240D2 
 1572      548F51D5 
ARM GAS  C:\Users\PUBLIC~1.LAP\AppData\Local\Temp\ccazXeXn.s 			page 54


 1572      AD3F2367 
 1572      B76EA9
 1573 0128 9D63B7EC 		.ascii	"\235c\267\354q*/\321\224\003\370\027e\012\216U\310\177"
 1573      712A2FD1 
 1573      9403F817 
 1573      650A8E55 
 1573      C87F
 1574 013a 55C2C1EB 		.ascii	"U\302\301\353Y\227\220\266\332\010\245x\250\325_\364"
 1574      599790B6 
 1574      DA08A578 
 1574      A8D55FF4 
 1575 014a 02264010 		.ascii	"\002&@\020Y\367%\344Xm}\317\210\035\327\276dc\335;$"
 1575      59F725E4 
 1575      586D7DCF 
 1575      881DD7BE 
 1575      6463DD3B 
 1576 015f F395703A 		.ascii	"\363\225p:\370-t\225D\012xD\257\374\244\337Gu#\352H"
 1576      F82D7495 
 1576      440A7844 
 1576      AFFCA4DF 
 1576      477523EA 
 1577 0174 77D9A082 		.ascii	"w\331\240\202\022a\005\244\326\013\377\332\321\242\027"
 1577      126105A4 
 1577      D60BFFDA 
 1577      D1A217
 1578 0183 A4B8B4F8 		.ascii	"\244\270\264\370\361\336{\253)SQ\324\245E\373\334\241"
 1578      F1DE7BAB 
 1578      295351D4 
 1578      A545FBDC 
 1578      A1
 1579 0194 55C87E0A 		.ascii	"U\310~\012\213\246Q \203exA\221I9q\341\254\\p\200\301"
 1579      8BA65120 
 1579      83657841 
 1579      91493971 
 1579      E1AC5C70 
 1580 01aa 3AE6E466 		.ascii	":\346\344f\363r\343\"S3ej\246,\006\233E0c\011f\020\314"
 1580      F372E322 
 1580      5333656A 
 1580      A62C069B 
 1580      45306309 
 1581 01c1 D9841905 		.ascii	"\331\204\031\005\025\363\2063c\326\330j5[\214\351\301"
 1581      15F38633 
 1581      63D6D86A 
 1581      355B8CE9 
 1581      C1
 1582 01d2 66C2D06C 		.ascii	"f\302\320ln56\025\223Y\005\032\014\215F\245E\026C\300"
 1582      6E353615 
 1582      9359051A 
 1582      0C8D46A5 
 1582      451643C0 
 1583 01e6 A136736B 		.ascii	"\2416sk\311\321\334\3206\270\274\300`-\014\036X8w/\353"
 1583      C9D1DCD0 
 1583      36B8BCC0 
 1583      602D0C1E 
 1583      5838772F 
 1584 01fb 6B577712 		.ascii	"kWw\022\206P\204 \222\265\254\357\321s\265;\255\341"
 1584      86508420 
ARM GAS  C:\Users\PUBLIC~1.LAP\AppData\Local\Temp\ccazXeXn.s 			page 55


 1584      92B5ACEF 
 1584      D173B53B 
 1584      ADE1
 1585 020d 34C82AC0 		.ascii	"4\310*\300w~\244IG\360\0010 `\002\021C\350\003\376\216"
 1585      777EA449 
 1585      47F00130 
 1585      20600211 
 1585      43E803FE 
 1586 0222 2E23A889 		.ascii	".#\250\211\255\3755\241\220X\322\031\210`:\202\235,"
 1586      ADFD35A1 
 1586      9058D219 
 1586      88603A82 
 1586      9D2C
 1587 0234 4D01110D 		.ascii	"M\001\021\015C3\312F;\204\326\200}\3712\356\324@c\203"
 1587      4333CA46 
 1587      3B84D680 
 1587      7DF932EE 
 1587      D4406383 
 1588 0248 E3323EE4 		.ascii	"\3432>\344\302\372\233\300\027[\021C\324liV\022[\242"
 1588      C2FA9BC0 
 1588      175B1143 
 1588      D46C6956 
 1588      125BA2
 1589 025b DA308055 		.ascii	"\3320\200U\226}e1\3436C\220\035\261h\311\030\323\332"
 1589      967D6531 
 1589      E3364390 
 1589      1DB168C9 
 1589      18D3DA
 1590 026e 87899BF2 		.ascii	"\207\211\233\362i\230J\227\333\023\241j\365q\013{X\201"
 1590      69984A97 
 1590      DB13A16A 
 1590      F5710B7B 
 1590      5881
 1591 0280 415A1DC7 		.ascii	"AZ\035\307\2150]\201\014"
 1591      8D305D81 
 1591      0C
 1592              		.text
 1593              		.section	.gnu.lto_md_uart_receive_string.281.840c235b,"e",%progbits
 1594 0000 28B52FFD 		.ascii	"(\265/\375`B\004u\034\000\006s\266J\220\232Q:\3016a"
 1594      60420475 
 1594      1C000673 
 1594      B64A909A 
 1594      513AC136 
 1595 0015 0FCAF907 		.ascii	"\017\312\371\007nu\014\027\251~\030M\210\312\373\243"
 1595      6E750C17 
 1595      A97E184D 
 1595      88CAFBA3 
 1596 0025 7B4E693A 		.ascii	"{Ni:\317\203:\034\244>M\214\004\343\322C/g\337\2705"
 1596      CF833A1C 
 1596      A43E4D8C 
 1596      04E3D243 
 1596      2F67DFB8 
 1597 003a 281132C0 		.ascii	"(\0212\300\336\365\3247l`I\365\223\321\250.:W\336\213"
 1597      DEF5D437 
 1597      6C6049F5 
 1597      93D1A82E 
 1597      3A57DE8B 
ARM GAS  C:\Users\PUBLIC~1.LAP\AppData\Local\Temp\ccazXeXn.s 			page 56


 1598 004e C550764B 		.ascii	"\305PvK\010!D\356$\003\235\000\227\000\244\000/\231"
 1598      082144EE 
 1598      24039D00 
 1598      9700A400 
 1598      2F99
 1599 0060 C9295B4B 		.ascii	"\311)[K\275 q\256o\212G\013%6\033\005C\215\016}I>\331"
 1599      BD2071AE 
 1599      6F8A470B 
 1599      25361B05 
 1599      438D0E7D 
 1600 0077 6E99BFE4 		.ascii	"n\231\277\344L\212\036$\342\327\275QX\246\334\273*`"
 1600      4C8A1E24 
 1600      E2D7BD51 
 1600      58A6DCBB 
 1600      2A60
 1601 0089 11E84BD9 		.ascii	"\021\350K\331\005\230/\311\347\230/\271\2109\314\327"
 1601      05982FC9 
 1601      E7982FB9 
 1601      8839CCD7 
 1602 0099 0F976B8B 		.ascii	"\017\227k\213\012\315\275\227\326B\270\371<\036\217"
 1602      0ACDBD97 
 1602      D642B8F9 
 1602      3C1E8F
 1603 00a8 C793EBB9 		.ascii	"\307\223\353\271\354\242\233%\211\366i\213\370\026J"
 1603      ECA29B25 
 1603      89F6698B 
 1603      F8164A
 1604 00b7 CB0F28E3 		.ascii	"\313\017(\343f\222\245\001\364\331\022\300\221\033'"
 1604      6692A501 
 1604      F4D912C0 
 1604      911B27
 1605 00c6 718E2C1D 		.ascii	"q\216,\035%O$\245\"1\340\021\331c,f]x\003Hj\350\260"
 1605      254F24A5 
 1605      2231E011 
 1605      D9632C66 
 1605      5D780348 
 1606 00dd 8D2EFDBC 		.ascii	"\215.\375\274\360\010\236\310\374\2007nO\012\367^\266"
 1606      F0089EC8 
 1606      FC80376E 
 1606      4F0AF75E 
 1606      B6
 1607 00ee 3FA08DF3 		.ascii	"?\240\215\363\353\314\374\304\314C\346\026\006F\346"
 1607      EBCCFCC4 
 1607      CC43E616 
 1607      0646E6
 1608 00fd D5C87613 		.ascii	"\325\310v\023\363M\343\321\0107\023\363i\371\306\264"
 1608      F34DE3D1 
 1608      083713F3 
 1608      69F9C6B4 
 1609 010d 1C332DDB 		.ascii	"\0343-\333\230\226a\351\243\376\327\203?z\251\377\374"
 1609      989661E9 
 1609      A3FED783 
 1609      3F7AA9FF 
 1609      FC
 1610 011e 7A6ED3B2 		.ascii	"zn\323\262\265\226\217\223\342\3402\323\272W\351\270"
 1610      B5968F93 
 1610      E2E032D3 
ARM GAS  C:\Users\PUBLIC~1.LAP\AppData\Local\Temp\ccazXeXn.s 			page 57


 1610      BA57E9B8 
 1611 012e E66E29B3 		.ascii	"\346n)\263\214|\375\231\317\217rboX\332\320re.\271\352"
 1611      8C7CFD99 
 1611      CF8F7262 
 1611      6F58DAD0 
 1611      72652EB9 
 1612 0143 3D48B443 		.ascii	"=H\264Cv\346K\224\036sz+\346\224\207\376\204_u\252]"
 1612      76E64B94 
 1612      1E737A2B 
 1612      E69487FE 
 1612      845F75AA 
 1613 0158 523E95EC 		.ascii	"R>\225\354h\225\260\316^\276\260l\267\247\032z\220\210"
 1613      6895B0CE 
 1613      5EBEB06C 
 1613      B7A71A7A 
 1613      9088
 1614 016a 5CAF8F02 		.ascii	"\\\257\217\002Ub|e\320\274\344O\0151\247/\355\205\234"
 1614      55627C65 
 1614      D0BCE44F 
 1614      0D31A72F 
 1614      ED859C
 1615 017d 925836E6 		.ascii	"\222X6\346\225\267P\0315n\222\234\232\024\357\275\263"
 1615      95B75019 
 1615      356E929C 
 1615      9A14EFBD 
 1615      B3
 1616 018e 973C8406 		.ascii	"\227<\204\006(`_\240\3700\314\227v\314\257\214j\273"
 1616      28605FA0 
 1616      F830CC97 
 1616      76CCAF8C 
 1616      6ABB
 1617 01a0 3A205DCD 		.ascii	": ]\315(\306\372\246\357\305\327\245Z1\356Y\261\036"
 1617      28C6FAA6 
 1617      EFC5D7A5 
 1617      5A31EE59 
 1617      B11E
 1618 01b2 40C4EA00 		.ascii	"@\304\352\000\210Y\252\376\036\304+T\227\365\253\337"
 1618      8859AAFE 
 1618      1EC42B54 
 1618      97F5ABDF 
 1619 01c2 B62A2909 		.ascii	"\266*)\011\214\270dy5\"\033\212\026\022\020=`\332\364"
 1619      8CB86479 
 1619      35221B8A 
 1619      1612103D 
 1619      60DAF4
 1620 01d5 834C8139 		.ascii	"\203L\2019\262i~\341589\231QT\357\017\230\260\266\351"
 1620      B2697EE1 
 1620      35383999 
 1620      5154EF0F 
 1620      98B0B6E9 
 1621 01e9 FB741871 		.ascii	"\373t\030q\212c\345\320{\235x\370Rt;>\024\221\371\022"
 1621      8A63E5D0 
 1621      7B9D78F8 
 1621      52743B3E 
 1621      1491F912 
 1622 01fd D6313052 		.ascii	"\32610ROl\027\237\370\023!c\205\353\303\347P!3E\311"
 1622      4F6C179F 
ARM GAS  C:\Users\PUBLIC~1.LAP\AppData\Local\Temp\ccazXeXn.s 			page 58


 1622      F8132163 
 1622      85EBC3E7 
 1622      50213345 
 1623 0212 8B19B47F 		.ascii	"\213\031\264\177uY\200\337\361\344\275\367v7\361\337"
 1623      755980DF 
 1623      F1E4BDF7 
 1623      7637F1DF 
 1624 0222 33C4583C 		.ascii	"3\304X<!\250\231\375\353\033\000Q\255\221\355\360\014"
 1624      21A899FD 
 1624      EB1B0051 
 1624      AD91EDF0 
 1624      0C
 1625 0233 D7B5012C 		.ascii	"\327\265\001,\204\273.HE\337x7 \222\037\360\350\234"
 1625      84BB2E48 
 1625      45DF7837 
 1625      20921FF0 
 1625      E89C
 1626 0245 B83900EA 		.ascii	"\2709\000\352Y\220\343BD\210\012#J6\261\200\307\342"
 1626      5990E342 
 1626      44880A23 
 1626      4A36B180 
 1626      C7E2
 1627 0257 D6230194 		.ascii	"\326#\001\224\243\001\345h<;:5\014\264\235\006\265\013"
 1627      A301E568 
 1627      3C3B3A35 
 1627      0CB49D06 
 1627      B50B
 1628 0269 B45A861A 		.ascii	"\264Z\206\032\007\037\032\317E\020M\267\313\345v&h-"
 1628      071F1ACF 
 1628      45104DB7 
 1628      CBE57626 
 1628      682D
 1629 027b 76B41238 		.ascii	"v\264\0228\026<\335\316GA\315\003\256\004N\310\347\207"
 1629      163CDDCE 
 1629      4741CD03 
 1629      AE044EC8 
 1629      E787
 1630 028d 6787C18A 		.ascii	"g\207\301\212\\\020\357\347\205P\017\247\202\304MG\347"
 1630      5C10EFE7 
 1630      85500FA7 
 1630      82C44D47 
 1630      E7
 1631 029e 27820510 		.ascii	"'\202\005\020\253\372f\342\0159\266\250\255\232\335"
 1631      ABFA66E2 
 1631      0D39B6A8 
 1631      AD9ADD
 1632 02ad C467904C 		.ascii	"\304g\220L\273\207v\366\356_\333\366\331:\262i\270\333"
 1632      BB8776F6 
 1632      EE5FDBF6 
 1632      D93AB269 
 1632      B8DB
 1633 02bf F67D5DAA 		.ascii	"\366}]\252\360\244V\220n\012\2525~\002\223\361G\311"
 1633      F0A45690 
 1633      6E0AAA35 
 1633      7E0293F1 
 1633      47C9
 1634 02d1 697FBD2C 		.ascii	"i\177\275,\301\273\323~\222\017#\333\305\004\206jn\232"
ARM GAS  C:\Users\PUBLIC~1.LAP\AppData\Local\Temp\ccazXeXn.s 			page 59


 1634      C1BBD37E 
 1634      920F23DB 
 1634      C504866A 
 1634      6E9A
 1635 02e3 5F25464F 		.ascii	"_%FO\2501 \305\234C\306 3\023\214\320H\233t\240\002"
 1635      A83120C5 
 1635      9C43C620 
 1635      33138CD0 
 1635      489B74A0 
 1636 02f8 11223B0F 		.ascii	"\021\";\017\022`\3475C\212\230Y\273\376\237\001[_K\031"
 1636      1260E735 
 1636      438A9859 
 1636      BBFE9F01 
 1636      5B5F4B19 
 1637 030c D18A4DED 		.ascii	"\321\212M\355\037g\033|\027Eg9zn]\262-4s-\202G9\334"
 1637      1F671B7C 
 1637      17456739 
 1637      7A6E5DB2 
 1637      2D34732D 
 1638 0324 DE699DA2 		.ascii	"\336i\235\242\013\322\210\003\341\006)\256\212\322f"
 1638      0BD28803 
 1638      E10629AE 
 1638      8AD266
 1639 0333 AD02BC42 		.ascii	"\255\002\274B\251\0037\035\005\304#@\247\227\346\312"
 1639      A903371D 
 1639      05C42340 
 1639      A797E6CA 
 1640 0343 2DC0924F 		.ascii	"-\300\222O \305\227\0212v\004\213pA\270\011\244\015"
 1640      20C59711 
 1640      3276048B 
 1640      7041B809 
 1640      A40D
 1641 0355 6A5BD6EB 		.ascii	"j[\326\353\327\375<\310\335n\225pC\342x\267\225p$\230"
 1641      D7FD3CC8 
 1641      DD6E9570 
 1641      43E278B7 
 1641      95702498 
 1642 0369 E3DE47FF 		.ascii	"\343\336G\377\255\205|\013\035\315b\201t\3566L\226\352"
 1642      AD857C0B 
 1642      1DCD6281 
 1642      74EE364C 
 1642      96EA
 1643 037b C89C2E05 		.ascii	"\310\234.\005\302E\375OV\302\274l\320 \203E,s\271\260"
 1643      C245FD4F 
 1643      56C2BC6C 
 1643      D0208345 
 1643      2C73B9B0 
 1644 038f F427D0EB 		.ascii	"\364'\320\353\025w&\235\012"
 1644      1577269D 
 1644      0A
 1645              		.text
 1646              		.section	.gnu.lto_md_uart_getting_baudrate.282.840c235b,"e",%progbits
 1647 0000 28B52FFD 		.ascii	"(\265/\375`\011\002\375\021\000\326\241{J\300\224Q:"
 1647      600902FD 
 1647      1100D6A1 
 1647      7B4AC094 
 1647      513A
ARM GAS  C:\Users\PUBLIC~1.LAP\AppData\Local\Temp\ccazXeXn.s 			page 60


 1648 0012 59AAD725 		.ascii	"Y\252\327%(\225\027\217\323\006\002Q\021\014\371`\255"
 1648      2895178F 
 1648      D3060251 
 1648      110CF960 
 1648      AD
 1649 0023 3C0569AF 		.ascii	"<\005i\257\352\007\016Va\247\017V6\202L\207\303\030"
 1649      EA070E56 
 1649      61A70F56 
 1649      36824C87 
 1649      C318
 1650 0035 D87C2D4A 		.ascii	"\330|-J\316U~\020\0359\036\201\364\256\213W\322BF\313"
 1650      CE557E10 
 1650      1D391E81 
 1650      F4AE8B57 
 1650      D24246CB 
 1651 0049 8E74C803 		.ascii	"\216t\310\003 \005\250\"\322b\333d\357\224\002c\000"
 1651      2005A822 
 1651      D262DB64 
 1651      EF940263 
 1651      00
 1652 005a 5D006700 		.ascii	"]\000g\000+\236\243\020\252WPGf\373v\252\033\023\003"
 1652      2B9EA310 
 1652      AA575047 
 1652      66FB76AA 
 1652      1B1303
 1653 006d 784B419C 		.ascii	"xKA\234v\313\004\257\216\241O\2629\337\2531\200]_\323"
 1653      76CB04AF 
 1653      8EA14FB2 
 1653      39DFAB31 
 1653      805D5FD3 
 1654 0081 D16EC9F2 		.ascii	"\321n\311\362\212\352\325\266_\343?6\336U\020qB\324"
 1654      8AEAD5B6 
 1654      5FE33F36 
 1654      DE551071 
 1654      42D4
 1655 0093 C248CED3 		.ascii	"\302H\316\323n)\256N \365\012\036%\365Ja|\367\271\363"
 1655      6E29AE4E 
 1655      20F50A1E 
 1655      25F54A61 
 1655      7CF7B9F3 
 1656 00a7 2F74F027 		.ascii	"/t\360'\006\020\336\316\315\347I\204\335\365\344\355"
 1656      0610DECE 
 1656      CDE74984 
 1656      DDF5E4ED 
 1657 00b7 9CB8E96D 		.ascii	"\234\270\351m\037\260\315\303\236a.q&}a\037\\\352\302"
 1657      1FB0CDC3 
 1657      9E612E71 
 1657      267D611F 
 1657      5CEAC2
 1658 00ca AED3F5BE 		.ascii	"\256\323\365\276\033|\357\247\340\364S\341\217!\254"
 1658      1B7CEFA7 
 1658      E0F453E1 
 1658      8F21AC
 1659 00d9 23BB3A4D 		.ascii	"#\273:M\230\254\220\332C\306}\277}\177\350Evh\335K\237"
 1659      98AC90DA 
 1659      43C67DBF 
 1659      7D7FE845 
ARM GAS  C:\Users\PUBLIC~1.LAP\AppData\Local\Temp\ccazXeXn.s 			page 61


 1659      7668DD4B 
 1660 00ee 88CE48F2 		.ascii	"\210\316H\362\263\273\341\353\017\334\034\253\"\"\233"
 1660      B3BBE1EB 
 1660      0FDC1CAB 
 1660      22229B
 1661 00fd F33FDD7B 		.ascii	"\363?\335{5`\271<\006z\222H,yz\365\207tv\370z\333\306"
 1661      3560B93C 
 1661      067A9248 
 1661      2C797AF5 
 1661      877476F8 
 1662 0114 07BA9043 		.ascii	"\007\272\220C0Gf\007\355\002\276\257H\012\322+\031\321"
 1662      30476607 
 1662      ED02BEAF 
 1662      480AD22B 
 1662      19D1
 1663 0126 C39951F6 		.ascii	"\303\231Q\366u|\207\223|\037w\030\347y\257\376\230z"
 1663      757C8793 
 1663      7C1F7718 
 1663      E779AFFE 
 1663      987A
 1664 0138 3D45D094 		.ascii	"=E\320\224\202\234Q\236FHJ\225>\350\027\272\312\022"
 1664      829C519E 
 1664      46484A95 
 1664      3EE817BA 
 1664      CA12
 1665 014a 530927B2 		.ascii	"S\011'\262\310\267\343\000Q\200i\227\305\313\277A#\343"
 1665      C8B7E300 
 1665      51806997 
 1665      C5CBBF41 
 1665      23E3
 1666 015c FBD4A45E 		.ascii	"\373\324\244^+\025\320\023\364\233Q~\321\003 \331P:"
 1666      2B15D013 
 1666      F49B517E 
 1666      D10320D9 
 1666      503A
 1667 016e D1AF0205 		.ascii	"\321\257\002\005\015\235\"H(\375\357+rB9<\232F@J;\241"
 1667      0D9D2248 
 1667      28FDEF2B 
 1667      7242393C 
 1667      9A46404A 
 1668 0184 1C86C1E1 		.ascii	"\034\206\301\341h\364%7\303\325ff4\225\033\274Z\034"
 1668      68F42537 
 1668      C3D56666 
 1668      34951BBC 
 1668      5A1C
 1669 0196 660C6A0E 		.ascii	"f\014j\016RPhV4H\330P\355\222\222\303\315fZj\243X\033"
 1669      52506856 
 1669      3448D850 
 1669      ED9292C3 
 1669      CD665A6A 
 1670 01ad C597AB15 		.ascii	"\305\227\253\025S\021]\013b\024\304\230\205\330\005"
 1670      53115D0B 
 1670      6214C498 
 1670      85D805
 1671 01bc 9898A379 		.ascii	"\230\230\243y\021cn\343xs\021en\"\315\206\313\305\334"
 1671      11636EE3 
 1671      78731165 
ARM GAS  C:\Users\PUBLIC~1.LAP\AppData\Local\Temp\ccazXeXn.s 			page 62


 1671      6E22CD86 
 1671      CBC5DC
 1672 01cf 60AC1806 		.ascii	"`\254\030\006\033\315\006\003cy\271\024|\030_r,:\230"
 1672      1BCD0603 
 1672      6379B914 
 1672      7C185F72 
 1672      2C3A98
 1673 01e2 199B8796 		.ascii	"\031\233\207\226Y\253\305\002aB\206\222\274\015\322"
 1673      59ABC502 
 1673      61428692 
 1673      BC0DD2
 1674 01f1 072B484A 		.ascii	"\007+HJz\032\371\000\351\003\036\000\233\017\2503\232"
 1674      7A1AF900 
 1674      E9031E00 
 1674      9B0FA833 
 1674      9A
 1675 0202 6A64DA06 		.ascii	"jd\332\006#\204-\376\303\\\003Z\015\204 .\016 \215!"
 1675      23842DFE 
 1675      C35C035A 
 1675      0D84202E 
 1675      0E208D21 
 1676 0216 548DE91A 		.ascii	"T\215\351\032c1\015\321\264\264\322\274\013\331\020"
 1676      63310DD1 
 1676      B4B4D2BC 
 1676      0BD910
 1677 0225 5A3B3AB3 		.ascii	"Z;:\263bc\205h6@\035c\\qj<\330\001\344\220\020ZQY:\212"
 1677      62638568 
 1677      36401D63 
 1677      5C716A3C 
 1677      D801E490 
 1678 023f 2C51F7FD 		.ascii	",Q\367\375\317\334\246v\222\001"
 1678      CFDCA676 
 1678      9201
 1679              		.text
 1680              		.section	.gnu.lto_.symbol_nodes.840c235b,"e",%progbits
 1681 0000 28B52FFD 		.ascii	"(\265/\375`\020\000e\004\000T\006\014\001\000\000\000"
 1681      60100065 
 1681      04005406 
 1681      0C010000 
 1681      00
 1682 0011 02CD007F 		.ascii	"\002\315\000\177\015\200\200\200\200\004\001\220\316"
 1682      0D808080 
 1682      80040190 
 1682      CE
 1683 001e 00007F00 		.ascii	"\000\000\177\000\000\271\220\202\202\200\006\317\000"
 1683      00B99082 
 1683      828006CF 
 1683      00
 1684 002b 7F0E9402 		.ascii	"\177\016\224\002\177\017\272\220\202\002\000\000\000"
 1684      7F0FBA90 
 1684      82020000 
 1684      00
 1685 0038 059B0210 		.ascii	"\005\233\002\020`\225\002\177\021\002\226\002\177\022"
 1685      6095027F 
 1685      11029602 
 1685      7F12
 1686 0046 F0FAA838 		.ascii	"\360\372\2508\227\002\177\023\257\307\337\006\230\002"
ARM GAS  C:\Users\PUBLIC~1.LAP\AppData\Local\Temp\ccazXeXn.s 			page 63


 1686      97027F13 
 1686      AFC7DF06 
 1686      9802
 1687 0054 7F149902 		.ascii	"\177\024\231\002\177\025\257\377\372\232\002\177\026"
 1687      7F15AFFF 
 1687      FA9A027F 
 1687      16
 1688 0061 03040282 		.ascii	"\003\004\002\202\013\003\004\001\302\026\003\004\000"
 1688      0B030401 
 1688      C2160304 
 1688      00
 1689 006e A21E000F 		.ascii	"\242\036\000\017\000`h\227\241u\206\301c\232\200\331"
 1689      00606897 
 1689      A17586C1 
 1689      639A80D9 
 1690 007e 4C451380 		.ascii	"LE\023\200x\207\004\031\223#*\003\340\310WA\002\007"
 1690      78870419 
 1690      93232A03 
 1690      E0C85741 
 1690      0207
 1691 0090 01457276 		.ascii	"\001Erv:\001"
 1691      3A01
 1692              		.text
 1693              		.section	.gnu.lto_.refs.840c235b,"e",%progbits
 1694 0000 28B52FFD 		.ascii	"(\265/\375 \021\211\000\000\015\000\000\000\001\002"
 1694      20118900 
 1694      000D0000 
 1694      000102
 1695 000f 00030400 		.ascii	"\000\003\004\000\001\011\000\003\012\000\000"
 1695      01090003 
 1695      0A0000
 1696              		.text
 1697              		.section	.gnu.lto_.decls.840c235b,"e",%progbits
 1698 0000 28B52FFD 		.ascii	"(\265/\375`\257\022eP\000\232\202d\035R0\222\312I\007"
 1698      60AF1265 
 1698      50009A82 
 1698      641D5230 
 1698      92CA4907 
 1699 0014 65B2160C 		.ascii	"e\262\026\014'\036\320'\26146v\221\304\274Ub\241\263"
 1699      271ED027 
 1699      B1343676 
 1699      91C4BC55 
 1699      62A1B3
 1700 0027 48E55F3D 		.ascii	"H\345_=\034\273\270\340\204Q\373\202\222G\375&\337\334"
 1700      1CBBB8E0 
 1700      8451FB82 
 1700      9247FD26 
 1700      DFDC
 1701 0039 3FF35059 		.ascii	"?\363PY\237\274\200\37415\256\353n\254_\263\336c\314"
 1701      9FBC80FC 
 1701      3135AEEB 
 1701      6EAC5FB3 
 1701      DE63CC
 1702 004c 3F772B0E 		.ascii	"?w+\016j\026]\003C\207X\351\204MC\334l\021+e\012\203"
 1702      6A165D03 
 1702      438758E9 
 1702      844D43DC 
ARM GAS  C:\Users\PUBLIC~1.LAP\AppData\Local\Temp\ccazXeXn.s 			page 64


 1702      6C112B65 
 1703 0062 01B001D9 		.ascii	"\001\260\001\331\001\013\267@l\020+f\313\354\020\233"
 1703      010BB740 
 1703      6C102B66 
 1703      CBEC109B 
 1704 0072 2E997FBD 		.ascii	".\231\177\275l\017?\323\356cw\017ua\313\301\255\014"
 1704      6C0F3FD3 
 1704      EE63770F 
 1704      7561CBC1 
 1704      AD0C
 1705 0084 971DB054 		.ascii	"\227\035\260T\261\002&m\014\027\035\272\\is\333\342"
 1705      B102266D 
 1705      0C171DBA 
 1705      5C6973DB 
 1705      E2
 1706 0095 A50C6D88 		.ascii	"\245\014m\2102'd\232jb\262h\351a\215\312\236\371\300"
 1706      3227649A 
 1706      6A62B268 
 1706      E9618DCA 
 1706      9EF9C0
 1707 00a8 EC96BB82 		.ascii	"\354\226\273\202\345\313\222\375\2736eJl\216\331\035"
 1707      E5CB92FD 
 1707      BB36654A 
 1707      6C8ED91D 
 1708 00b8 E62EFEAD 		.ascii	"\346.\376\255\362%\263l+e\323\265\266\212s@\354\015"
 1708      F225B36C 
 1708      2B65D3B5 
 1708      B68A7340 
 1708      EC0D
 1709 00ca 4B8B5D77 		.ascii	"K\213]w\030\006~\030\330i\201\207\344\012\010\234_\266"
 1709      18067E18 
 1709      D8698187 
 1709      E40A089C 
 1709      5FB6
 1710 00dc 7A2A3745 		.ascii	"z*7E\357M\265\372\205R\277e\365\213C\255a\365\373U}"
 1710      EF4DB5FA 
 1710      8552BF65 
 1710      F58B43AD 
 1710      61F5FB55 
 1711 00f1 BCEAD748 		.ascii	"\274\352\327H\375\201\241~\265\352\212\015R\277>*\320"
 1711      FD81A17E 
 1711      B5EA8A0D 
 1711      52BF3E2A 
 1711      D0
 1712 0102 9EE8758D 		.ascii	"\236\350u\215C\243\203\302\347\227G\375\032\253P\012"
 1712      43A383C2 
 1712      E79747FD 
 1712      1AAB500A 
 1713 0112 75CDF6C9 		.ascii	"u\315\366\311\246@\033\345:\3074\265\353\206\353\361"
 1713      A6401BE5 
 1713      3AC734B5 
 1713      EB86EBF1 
 1714 0122 359D0449 		.ascii	"5\235\004I\371<ZyJ\370B\271\011q\375\342\275\372\005"
 1714      F93C5A79 
 1714      4AF842B9 
 1714      0971FDE2 
 1714      BDFA05
ARM GAS  C:\Users\PUBLIC~1.LAP\AppData\Local\Temp\ccazXeXn.s 			page 65


 1715 0135 EAF52C50 		.ascii	"\352\365,P\357\\c\244{\242\311\277cK\006t\236)\333\256"
 1715      EF5C63A4 
 1715      7BA2C9BF 
 1715      634B0674 
 1715      9E29DBAE 
 1716 0149 3B2DB171 		.ascii	";-\261q\336\214U|\256\330\024\275sO\364\346\366g\302"
 1716      DE8C557C 
 1716      AED814BD 
 1716      734FF4E6 
 1716      F667C2
 1717 015c 49FCBCF4 		.ascii	"I\374\274\364\177\314\215\177k\000\011\370o\342=?\207"
 1717      7FCC8D7F 
 1717      6B0009F8 
 1717      6FE23D3F 
 1717      87
 1718 016d F09F0C18 		.ascii	"\360\237\014\030\016\376\325 \201\015\336\374w\363\""
 1718      0EFED520 
 1718      810DDEFC 
 1718      77F322
 1719 017c FEC3F9B7 		.ascii	"\376\303\371\267D\006\377\343,\006\377\316\370\267\350"
 1719      4406FFE3 
 1719      2C06FFCE 
 1719      F8B7E8
 1720 018b 5FA27F2D 		.ascii	"_\242\177-\370\227\002\011>\300\317D\377\347~6\202\357"
 1720      F8970209 
 1720      3EC0CF44 
 1720      FFE77E36 
 1720      82EF
 1721 019d FCCC02C5 		.ascii	"\374\314\002\305\002\377\345|?\277\370w\350\337\240"
 1721      02FFE57C 
 1721      3FBFF877 
 1721      E8DFA0
 1722 01ac 7F1BF837 		.ascii	"\177\033\3707\201\177W\374\373\363\257\212\177Q\374"
 1722      817F57FC 
 1722      FBF3AF8A 
 1722      7F51FC
 1723 01bb 6BE27F94 		.ascii	"k\342\177\224\377#\374W\373O\304\2779\377\025\370\217"
 1723      FF23FC57 
 1723      FB4FC4BF 
 1723      39FF15F8 
 1723      8F
 1724 01cc E6DFDEBF 		.ascii	"\346\337\336\277\373\237\356\277\231\377d\377\003\370"
 1724      FB9FEEBF 
 1724      99FF64FF 
 1724      03F8
 1725 01da BFE5FF88 		.ascii	"\277\345\377\210\273\273\273\273\237\243\376s\352\347"
 1725      BBBBBBBB 
 1725      9FA3FE73 
 1725      EAE7
 1726 01e8 190B5861 		.ascii	"\031\013Xa<\334\370\374\231M\363_\247\347\270\302\033"
 1726      3CDCF8FC 
 1726      994DF35F 
 1726      A7E7B8C2 
 1726      1B
 1727 01f9 73AEFA6C 		.ascii	"s\256\372l\372_\220Laff\203\032\337\217\346\013[|n_"
 1727      FA5F904C 
 1727      61666683 
ARM GAS  C:\Users\PUBLIC~1.LAP\AppData\Local\Temp\ccazXeXn.s 			page 66


 1727      1ADF8FE6 
 1727      0B5B7C6E 
 1728 020e C0DD4665 		.ascii	"\300\335Fe\262D\247\315e\022\331\313\255E6\227Y\310"
 1728      B244A7CD 
 1728      6512D9CB 
 1728      AD453697 
 1728      59C8
 1729 0220 E6D2C8C8 		.ascii	"\346\322\310\310fUV\262\227\306\332\312\254nv/\262\253"
 1729      665556B2 
 1729      97C6DACA 
 1729      AC6E762F 
 1729      B2AB
 1730 0232 BA04F2D8 		.ascii	"\272\004\362\330Y;\351\262;\2552\326\264*\331\335U\213"
 1730      593BE9B2 
 1730      3BAD32D6 
 1730      B42AD9DD 
 1730      558B
 1731 0244 4C97ED83 		.ascii	"L\227\355\203<.\263\026\331\354d\037;i\002\331\235\325"
 1731      3C2EB316 
 1731      D9EC641F 
 1731      3B6902D9 
 1731      9DD5
 1732 0256 CDE59945 		.ascii	"\315\345\231E\3662\211l*\263|\212<1\256\321\012\355"
 1732      F632896C 
 1732      2AB37C8A 
 1732      3C31AED1 
 1732      0AED
 1733 0268 4837AB80 		.ascii	"H7\253\200p\022\331]\335\375\302\246\307\346\352>*\005"
 1733      7012D95D 
 1733      DDFDC2A6 
 1733      C7E6EA3E 
 1733      2A05
 1734 027a 683425F2 		.ascii	"h4%\362\213\225\262\247\311\260\230>\272\273\247\244"
 1734      8B95B2A7 
 1734      C9B0983E 
 1734      BABBA7A4 
 1735 028a AB445B57 		.ascii	"\253D[W1\033\216\253j\200dw\2271\355\256^\332=@\303"
 1735      311B8EAB 
 1735      6A806477 
 1735      9731EDAE 
 1735      5EDA3D40 
 1736 029f 31BBDB08 		.ascii	"1\273\333\010\267)\\\033\333\216\335\333\326\315u\325"
 1736      B7295C1B 
 1736      DB8EDDDB 
 1736      D6CD75D5 
 1737 02af DD3EDD4D 		.ascii	"\335>\335M\242\217Z@\254dP\362\\Y){4\023#\233\205l\312"
 1737      A28F5A40 
 1737      AC6450F2 
 1737      5C59297B 
 1737      3413239B 
 1738 02c6 A01CCAA2 		.ascii	"\240\034\312\242\326d\266Uj\\$\020e3{n\231\254Mc\332"
 1738      D664B655 
 1738      6A5C2410 
 1738      65337B6E 
 1738      99AC4D63 
 1739 02db 6BDDBD69 		.ascii	"k\335\275ixnx\323\001\013\367\270\002@\015\315\017T"
 1739      786E78D3 
ARM GAS  C:\Users\PUBLIC~1.LAP\AppData\Local\Temp\ccazXeXn.s 			page 67


 1739      010BF7B8 
 1739      02400DCD 
 1739      0F54
 1740 02ed F8642B3E 		.ascii	"\370d+>nZ\000\363x\213\027\347\031\317\232\216\0076"
 1740      6E5A00F3 
 1740      788B17E7 
 1740      19CF9A8E 
 1740      0736
 1741 02ff A7068C94 		.ascii	"\247\006\214\224\372-\240\267w[@\357\347*6v\021\242"
 1741      FA2DA0B7 
 1741      775B40EF 
 1741      E72A3676 
 1741      11A2
 1742 0311 8B0D9FDC 		.ascii	"\213\015\237\334;[\266\350\204\360y\236\0224/\260\361"
 1742      3B5BB6E8 
 1742      84F0799E 
 1742      12342FB0 
 1742      F1
 1743 0322 B146052E 		.ascii	"\261F\005.j|\272\007\032\026\323\205\233m\263ix\216"
 1743      6A7CBA07 
 1743      1A16D385 
 1743      9B6DB369 
 1743      788E
 1744 0334 6917F1A1 		.ascii	"i\027\361\241\301\260\225|\263w\013g\343l\021\233\256"
 1744      C1B0957C 
 1744      B3770B67 
 1744      E36C119B 
 1744      AE
 1745 0345 9B7FEBD6 		.ascii	"\233\177\353\326\356g\331\240\221\253\3439\317;\324"
 1745      EE67D9A0 
 1745      91ABE339 
 1745      CF3BD4
 1746 0354 45C16CF5 		.ascii	"E\301l\365\334\254g\263\232\366\354\300\261\302\205"
 1746      DCAC67B3 
 1746      9AF6ECC0 
 1746      B1C285
 1747 0363 0C93FAEF 		.ascii	"\014\223\372\357\231\273\371\306\262\236\260\300\347"
 1747      99BBF9C6 
 1747      B29EB0C0 
 1747      E7
 1748 0370 BF74664E 		.ascii	"\277tfN.3\250U\361\271D\374\234cc\270\250\341\363|\244"
 1748      2E33A855 
 1748      F1B944FC 
 1748      9C6363B8 
 1748      A8E1F37C 
 1749 0385 0EF17065 		.ascii	"\016\361pe\314\306\355\017+\304\206\331\267\365a\347"
 1749      CCC6ED0F 
 1749      2BC486D9 
 1749      B7F561E7 
 1750 0395 F6CB8259 		.ascii	"\366\313\202Y\271T\270\012\025\366\222\342VW\177\236"
 1750      B954B80A 
 1750      15F692E2 
 1750      56577F9E 
 1751 03a5 A275B625 		.ascii	"\242u\266%w\205O_\034)\274&\305\015\020\265\202\245"
 1751      77854F5F 
 1751      1C29BC26 
 1751      C50D10B5 
ARM GAS  C:\Users\PUBLIC~1.LAP\AppData\Local\Temp\ccazXeXn.s 			page 68


 1751      82A5
 1752 03b7 B15A5A59 		.ascii	"\261ZZY\226\352cC\343&\232\031Y\365\311E\341\263(l\266"
 1752      96EA6343 
 1752      E3269A19 
 1752      59F5C945 
 1752      E1B3286C 
 1753 03cc A486186A 		.ascii	"\244\206\030ju\001\012\247P\346\230\276 \265\246\225"
 1753      75010AA7 
 1753      50E698BE 
 1753      20B5A695 
 1754 03dc F1933236 		.ascii	"\361\22326\3231VA\302tr6\363=\021\242\015\334\233\332"
 1754      D3315641 
 1754      C2747236 
 1754      F33D11A2 
 1754      0DDC9BDA 
 1755 03f0 0BD38473 		.ascii	"\013\323\204sh\222\024\323\223\253\265\315\030\223\215"
 1755      689214D3 
 1755      93ABB5CD 
 1755      18938D
 1756 03ff B1968E71 		.ascii	"\261\226\216qg\312\332V\322\256\327Vyb\226,a\261\264"
 1756      67CADA56 
 1756      D2AED756 
 1756      7962962C 
 1756      61B1B4
 1757 0412 2F3B6144 		.ascii	"/;aD\276\354\230\234\3056M\017\023 S\260\214\325\323"
 1757      BEEC989C 
 1757      C5364D0F 
 1757      132053B0 
 1757      8CD5D3
 1758 0425 4858187F 		.ascii	"HX\030\177mS\2455\031\001\246u\004KY\317700N\302m=W"
 1758      6D53A535 
 1758      1901A675 
 1758      044B59CF 
 1758      3730304E 
 1759 043d 5E43E8BC 		.ascii	"^C\350\274\340xI\336pN\302W\354c\213\232\032\306\252"
 1759      E07849DE 
 1759      704EC257 
 1759      EC638B9A 
 1759      1AC6AA
 1760 0450 399CCD59 		.ascii	"9\234\315Y\341\363\275d=\333\0349\302_mxm\344LJ\015"
 1760      E1F3BD64 
 1760      3DDB1C39 
 1760      C25F6D78 
 1760      6DE44C4A 
 1761 0465 E7AF9C38 		.ascii	"\347\257\234831 a\254\021B\352\322&\237L\003\367\260"
 1761      33312061 
 1761      AC1142EA 
 1761      D2269F4C 
 1761      03F7B0
 1762 0478 A04CCC56 		.ascii	"\240L\314V\016\234\232\303\\.\331\313\013\363\254K^"
 1762      0E9C9AC3 
 1762      5C2ED9CB 
 1762      0BF3AC4B 
 1762      5E
 1763 0489 6599E1EC 		.ascii	"e\231\341\354\265\246\0064K>Y\006\306\252`\206\037="
 1763      B5A60634 
 1763      4B3E5906 
ARM GAS  C:\Users\PUBLIC~1.LAP\AppData\Local\Temp\ccazXeXn.s 			page 69


 1763      C6AA6086 
 1763      1F3D
 1764 049b AE76CA44 		.ascii	"\256v\312D\351\241\313L\315\331\322\325\305\312%m$\326"
 1764      E9A1CB4C 
 1764      CDD9D2D5 
 1764      C5CA256D 
 1764      24D6
 1765 04ad DC90C589 		.ascii	"\334\220\305\211\341\254\344}yY#\307'\027\251?\274@"
 1765      E1ACE47D 
 1765      795923C7 
 1765      2717A93F 
 1765      BC40
 1766 04bf 49C2447A 		.ascii	"I\302Dz<\202H\263\201\010\014;o`\302\250\015\341\256"
 1766      3C8248B3 
 1766      81080C3B 
 1766      6F60C2A8 
 1766      0DE1AE
 1767 04d2 5C2E14F1 		.ascii	"\\.\024\361aHN\\\335\"%\234\271R\346\272[\006J\2538"
 1767      61484E5C 
 1767      DD22259C 
 1767      B952E6BA 
 1767      5B064AAB 
 1768 04e7 08C29863 		.ascii	"\010\302\230c\234\330uwi\000\000\"G0*u5\347\215\020"
 1768      9CD87577 
 1768      69000022 
 1768      47302A75 
 1768      35E78D10 
 1769 04fb 21AC55D3 		.ascii	"!\254U\323.\362\023\226\374\241\313\256\271\270\200"
 1769      2EF21396 
 1769      FCA1CBAE 
 1769      B9B880
 1770 050a 72826421 		.ascii	"r\202d!a\343\363'\220\352\343\321B\013\254\2654L\211"
 1770      61E3F327 
 1770      90EAE3D1 
 1770      420BACB5 
 1770      344C89
 1771 051d 7D31796F 		.ascii	"}1yo\252\017I\011\214d\037\347\037\377\301Z\010t\367"
 1771      AA0F4909 
 1771      8C641FE7 
 1771      1FFFC15A 
 1771      0874F7
 1772 0530 8FDE3364 		.ascii	"\217\3363dK\312\3205W\022\350\347\025\316Z?'9\353cP"
 1772      4BCAD035 
 1772      5712E8E7 
 1772      15CE5A3F 
 1772      2739EB63 
 1773 0545 74ABE96E 		.ascii	"t\253\351n\002H`\265Q\302\344\323gS\364xO\364X\005\306"
 1773      024860B5 
 1773      51C2E4D3 
 1773      6753F478 
 1773      4FF45805 
 1774 055a E269F9B8 		.ascii	"\342i\371\270\013\303\012\302;\334@\307f\211\360\321"
 1774      0BC30AC2 
 1774      3BDC40C7 
 1774      6689F0D1 
 1775 056a A0644818 		.ascii	"\240dH\030>\031\310\277\001B4Hd\222\012*\241xj\"\036"
 1775      3E19C8BF 
ARM GAS  C:\Users\PUBLIC~1.LAP\AppData\Local\Temp\ccazXeXn.s 			page 70


 1775      01423448 
 1775      64920A2A 
 1775      A1786A22 
 1776 057f B0438883 		.ascii	"\260C\210\203\012\215r\0226\241@\034A\035M@\341\216"
 1776      0A8D7212 
 1776      36A1401C 
 1776      411D4D40 
 1776      E18E
 1777 0591 21BA1404 		.ascii	"!\272\024\004\026\207\006\304P1E4Q\0342\231P*:)\025"
 1777      168706C4 
 1777      50314534 
 1777      511C3299 
 1777      502A3A29 
 1778 05a6 7500A1D0 		.ascii	"u\000\241\320\341\317\024q\012\005\012u(\005\237\204"
 1778      E1CF1471 
 1778      0A050A75 
 1778      28059F84 
 1779 05b6 255008A2 		.ascii	"%P\010\242A\246\0248~T\010w\014\205KBb\017\216\247!"
 1779      41A61438 
 1779      7E540877 
 1779      0C854B42 
 1779      620F8EA7 
 1780 05cb 112D024F 		.ascii	"\021-\002O0=\011\2130Z\010\025\233\200E$\023t\024\311"
 1780      303D098B 
 1780      305A0815 
 1780      9B804524 
 1780      137414C9 
 1781 05df B84104A4 		.ascii	"\270A\004\244Zz\022J\235 $\322p\022\242E*$\025_\022"
 1781      5A7A124A 
 1781      9D2024D2 
 1781      7012A245 
 1781      2A24155F 
 1782 05f4 A2412293 		.ascii	"\242A\"\223TP\011\210\343i\210\376DA\241E\237( *,\232"
 1782      54500988 
 1782      E36988FE 
 1782      4441A145 
 1782      9F28202A 
 1783 060a B890138B 		.ascii	"\270\220\023\213)!J\204Z\032q'\026E\030;\234\210A\235"
 1783      29214A84 
 1783      5A1A7127 
 1783      1645183B 
 1783      9C88419D 
 1784 061e C318E2A1 		.ascii	"\303\030\342\241\300\030\276&!\2230\212\012\005\242"
 1784      C018BE26 
 1784      2193308A 
 1784      0A05A2
 1785 062d C3A72110 		.ascii	"\303\247!\020\305sx\220\003e\032\206\020D\203F:B4\370"
 1785      C5737890 
 1785      03651A86 
 1785      10448346 
 1785      3A4234F8 
 1786 0641 63920ACA 		.ascii	"c\222\012\312\250D!\023\321\006:\224Q\251\320!1x\243"
 1786      A8442113 
 1786      D1063A94 
 1786      51A9D021 
 1786      3178A3
 1787 0654 57448732 		.ascii	"WD\2072\242\240P\244\332$4\022FQ%\001\223~D\037\360"
ARM GAS  C:\Users\PUBLIC~1.LAP\AppData\Local\Temp\ccazXeXn.s 			page 71


 1787      A2A050A4 
 1787      DA243412 
 1787      46512501 
 1787      937E441F 
 1788 0669 3C070E21 		.ascii	"<\007\016!\361\203_\321\021\357\327#J\"2\022!\251\367"
 1788      F1835FD1 
 1788      11EFD723 
 1788      4A223212 
 1788      21A9F7
 1789 067c FBC9E0D5 		.ascii	"\373\311\340\325\260Q\304\301Y\303FQ\007\347\213\030"
 1789      B051C4C1 
 1789      59C34651 
 1789      07E78B18 
 1790 068c 1020FD72 		.ascii	"\020 \375r\214~DEH95\2168\340\375l$\375N!\243\031 \374"
 1790      8C7E4445 
 1790      4839358E 
 1790      38E0FD6C 
 1790      24FD4E21 
 1791 06a4 6620CDF8 		.ascii	"f \315\370\351$\021%!\235\277\031G\274\237\321\021\017"
 1791      E9241125 
 1791      219DBF19 
 1791      47BC9FD1 
 1791      110F
 1792 06b6 0984231E 		.ascii	"\011\204#\036\215\243\037\017\005\266p\201>\015\245"
 1792      8DA31F0F 
 1792      05B67081 
 1792      3E0DA5
 1793 06c5 EA238021 		.ascii	"\352#\200!\324\024|\301\024\343\201\023\217`\250h\305"
 1793      D4147CC1 
 1793      14E38113 
 1793      8F60A868 
 1793      C5
 1794 06d6 073530A8 		.ascii	"\00750\250K\017\240\304\240\024\220\311)\210\311)\010"
 1794      4B0FA0C4 
 1794      A01490C9 
 1794      2988C929 
 1794      08
 1795 06e7 460B2124 		.ascii	"F\013!$\032A-\\ \315\010B:B\352\240(\010\235\022\006"
 1795      1A412D5C 
 1795      20CD0842 
 1795      3A42EAA0 
 1795      28089D12 
 1796 06fc 3D413939 		.ascii	"=A99A-\005\025\241\202\224\206D\364\011\252\210\005"
 1796      412D0515 
 1796      A1829486 
 1796      44F409AA 
 1796      8805
 1797 070e 928DA1D2 		.ascii	"\222\215\241\3220G\021\0110Z\014E9\011Q\022\250rH\015"
 1797      30471109 
 1797      305A0C45 
 1797      39095112 
 1797      A872480D 
 1798 0722 75008342 		.ascii	"u\000\203BB$L`t\243\003\032G\274\3277-\274E\013\213"
 1798      42244C60 
 1798      74A3031A 
 1798      47BCD737 
 1798      2DBC450B 
ARM GAS  C:\Users\PUBLIC~1.LAP\AppData\Local\Temp\ccazXeXn.s 			page 72


 1799 0737 4D716302 		.ascii	"Mqc\002Q{H\3328K[\335\\\263\352\234]a,W8\011+\225X^"
 1799      517B48DA 
 1799      384B5BDD 
 1799      5CB3EA9C 
 1799      5D612C57 
 1800 0751 64E82A58 		.ascii	"d\350*X\355Ya6+,\206\300qn\315\035]\305\252:D\002\201"
 1800      ED596136 
 1800      2B2C86C0 
 1800      716ECD1D 
 1800      5DC5AA3A 
 1801 0768 75A8C12C 		.ascii	"u\250\301,\345\2303\"2\"\"\222$I:\221\005\204 'a\326"
 1801      E5983322 
 1801      32222292 
 1801      24493A91 
 1801      05842027 
 1802 077e 01122004 		.ascii	"\001\022 \004=\332jC#\"IJR\252\261\263\031\030\365\231"
 1802      3DDA6A43 
 1802      2322494A 
 1802      52AAB1B3 
 1802      1918F599 
 1803 0792 25CAD393 		.ascii	"%\312\323\223\350\235\334\237\354\200\346\356A\273\301"
 1803      E89DDC9F 
 1803      EC80E6EE 
 1803      41BBC1
 1804 07a1 5B67F49D 		.ascii	"[g\364\235\232 v\005\223\240\346M\302k\372\244\\\224"
 1804      9A207605 
 1804      93A0E64D 
 1804      C26BFAA4 
 1804      5C94
 1805 07b3 F43C7C11 		.ascii	"\364<|\021\230\331\220bm8t1\273\374p)Mc\343\177\210"
 1805      98D99062 
 1805      6D387431 
 1805      BBFC7029 
 1805      4D63E37F 
 1806 07c8 F56B03DB 		.ascii	"\365k\003\333\214\373\254t"
 1806      8CFBAC74 
 1807 07d0 BE4D3C10 		.ascii	"\276M<\0207\203\305\226\337\310o!\357od\322\335x\031"
 1807      3783C596 
 1807      DFC86F21 
 1807      EF6F64D2 
 1807      DD7819
 1808 07e3 A4561F57 		.ascii	"\244V\037W\235\331u\350\312!\321\352\357\215\312\352"
 1808      9DD975E8 
 1808      CA21D1EA 
 1808      EF8DCAEA 
 1809 07f3 86532FE3 		.ascii	"\206S/\343iR%\332K\003\256\322\177W\236\242(8\251eT"
 1809      695225DA 
 1809      4B03AED2 
 1809      7F579EA2 
 1809      2838A965 
 1810 0808 650266D5 		.ascii	"e\002f\325\260\241\021<\344h\360\016\352\375t8i!\211"
 1810      B0A1113C 
 1810      E468F00E 
 1810      EAFD7438 
 1810      692189
 1811 081b C06AB431 		.ascii	"\300j\2641\357\037\277\320\3327\360\300!O\205\371=L"
 1811      EF1FBFD0 
ARM GAS  C:\Users\PUBLIC~1.LAP\AppData\Local\Temp\ccazXeXn.s 			page 73


 1811      DA37F0C0 
 1811      214F85F9 
 1811      3D4C
 1812 082d 89970E90 		.ascii	"\211\227\016\220\330\237\206[.\023\254CTQ1|\003\031"
 1812      D89F865B 
 1812      2E13AC43 
 1812      5451317C 
 1812      0319
 1813 083f A705CBB6 		.ascii	"\247\005\313\266\367\223\3000\250\272\002\364;\210M"
 1813      F793C030 
 1813      A8BA02F4 
 1813      3B884D
 1814 084e 4877C463 		.ascii	"Hw\304cr\241\366\350z\037\022\301t[\\8\327\242(\"\023"
 1814      72A1F6E8 
 1814      7A1F12C1 
 1814      745B5C38 
 1814      D7A22822 
 1815 0863 DB788B92 		.ascii	"\333x\213\222Y\260\012|\311c\341V\017X9C2\237\246\234"
 1815      59B00A7C 
 1815      C963E156 
 1815      0F583943 
 1815      329FA69C 
 1816 0877 083BA14B 		.ascii	"\010;\241K\204-{\301\2103h\004f\231m.Z\303\253\303\353"
 1816      842D7BC1 
 1816      88336804 
 1816      66996D2E 
 1816      5AC3ABC3 
 1817 088c 55988093 		.ascii	"U\230\200\223C)E\207\335\375\000\276\032\241\007\203"
 1817      43294587 
 1817      DDFD00BE 
 1817      1AA10783 
 1818 089c 3E951A95 		.ascii	">\225\032\225\336\254\257\306\365\215O7\261\323v\023"
 1818      DEACAFC6 
 1818      F58D4F37 
 1818      B1D37613 
 1819 08ac EAC02E67 		.ascii	"\352\300.g^\323ZK\010>\233\376\244\254\306%\363\255"
 1819      5ED35A4B 
 1819      083E9BFE 
 1819      A4ACC625 
 1819      F3AD
 1820 08be 207A1A14 		.ascii	" z\032\024\207\244'\004\365'\177\022\342\200Y\247\221"
 1820      87A42704 
 1820      F5277F12 
 1820      E28059A7 
 1820      91
 1821 08cf FE22F8A3 		.ascii	"\376\"\370\243\323\376\262[\247'\364\240)(9f\242Z6c"
 1821      D3FEB25B 
 1821      A727F4A0 
 1821      29283966 
 1821      A25A3663 
 1822 08e3 4738DD7E 		.ascii	"G8\335~\247J\201\230\200U\220\002\216\240\322\224\377"
 1822      A74A8198 
 1822      80559002 
 1822      8EA0D294 
 1822      FF
 1823 08f4 58D3E829 		.ascii	"X\323\350)!$\375\253,\215V\302]J6\025]\303\236d\202"
 1823      2124FDAB 
ARM GAS  C:\Users\PUBLIC~1.LAP\AppData\Local\Temp\ccazXeXn.s 			page 74


 1823      2C8D56C2 
 1823      5D4A3615 
 1823      5DC39E64 
 1824 0909 13B50F97 		.ascii	"\023\265\017\227\270\320\347\2403~\031\033\247:\341"
 1824      B8D0E7A0 
 1824      337E191B 
 1824      A73AE1
 1825 0918 50FC071E 		.ascii	"P\374\007\036\361\013\220\0160\225\\\203\351\036,\301"
 1825      F10B900E 
 1825      30955C83 
 1825      E91E2CC1 
 1826 0928 02A1BD6C 		.ascii	"\002\241\275lE\241G\242\247{K\227\0006;\362\223G\346"
 1826      45A147A2 
 1826      A77B4B97 
 1826      00363BF2 
 1826      9347E6
 1827 093b BFAD3D8E 		.ascii	"\277\255=\216\220\320v#\322\252t\037\307\361\001T\214"
 1827      90D07623 
 1827      D2AA741F 
 1827      C7F10154 
 1827      8C
 1828 094c 49973CC0 		.ascii	"I\227<\300\007D:\277\310uo\203\317\032?H\3347\356#\301"
 1828      07443ABF 
 1828      C8756F83 
 1828      CF1A3F48 
 1828      DC37EE23 
 1829 0961 A7E6BDF5 		.ascii	"\247\346\275\365cE?\367R\270\235gnU\343\227\030v\207"
 1829      63453FF7 
 1829      52B89D67 
 1829      6E55E397 
 1829      187687
 1830 0974 2496A7C4 		.ascii	"$\226\247\304\305\237\311\236\202\015\372\336\365@\233"
 1830      C59FC99E 
 1830      820DFADE 
 1830      F5409B
 1831 0983 DAF636FF 		.ascii	"\332\3666\377\227\263\246\340\375\343O&\255\223\237"
 1831      97B3A6E0 
 1831      FDE34F26 
 1831      AD939F
 1832 0992 485DB461 		.ascii	"H]\264a\023\275\024\235w\317\316b\016\034JEA\030\022"
 1832      13BD149D 
 1832      77CFCE62 
 1832      0E1C4A45 
 1832      411812
 1833 09a5 E839E566 		.ascii	"\3509\345f\201\357\212\311\016\214x\017\020\347\225"
 1833      81EF8AC9 
 1833      0E8C780F 
 1833      10E795
 1834 09b4 E7FA1970 		.ascii	"\347\372\031p\242\034{\007{wWe\354\3229\326?\277\327"
 1834      A21C7B07 
 1834      7B775765 
 1834      ECD239D6 
 1834      3FBFD7
 1835 09c7 2FE53FF1 		.ascii	"/\345?\361,\336o\316q\001;\254~\233o\337\177\254\247"
 1835      2CDE6FCE 
 1835      71013BAC 
 1835      7E9B6FDF 
ARM GAS  C:\Users\PUBLIC~1.LAP\AppData\Local\Temp\ccazXeXn.s 			page 75


 1835      7FACA7
 1836 09da E7DD5198 		.ascii	"\347\335Q\230*\204\330\026~\246\023'\374\343:\033xx"
 1836      2A84D816 
 1836      7EA61327 
 1836      FCE33A1B 
 1836      7878
 1837 09ec AB9F1F36 		.ascii	"\253\237\0376\370\200E\276\000\267\010>Gx1~\0126gxf"
 1837      F88045BE 
 1837      00B7083E 
 1837      4778317E 
 1837      0A366778 
 1838 0a01 0ECFED05 		.ascii	"\016\317\355\005q\236])n\302S\274\251.;\363\033\004"
 1838      719E5D29 
 1838      6EC253BC 
 1838      A92E3BF3 
 1838      1B04
 1839 0a13 665701   		.ascii	"fW\001"
 1840              		.text
 1841              		.section	.gnu.lto_.symtab.840c235b,"e",%progbits
 1842 0000 6D645F75 		.ascii	"md_uart_setting_baudrate\000"
 1842      6172745F 
 1842      73657474 
 1842      696E675F 
 1842      62617564 
 1843 0019 00       		.ascii	"\000"
 1844 001a 00       		.ascii	"\000"
 1845 001b 00       		.ascii	"\000"
 1846 001c 00000000 		.ascii	"\000\000\000\000\000\000\000\000"
 1846      00000000 
 1847 0024 16010000 		.ascii	"\026\001\000\000"
 1848 0028 6D645F75 		.ascii	"md_uart_init\000"
 1848      6172745F 
 1848      696E6974 
 1848      00
 1849 0035 00       		.ascii	"\000"
 1850 0036 00       		.ascii	"\000"
 1851 0037 00       		.ascii	"\000"
 1852 0038 00000000 		.ascii	"\000\000\000\000\000\000\000\000"
 1852      00000000 
 1853 0040 20010000 		.ascii	" \001\000\000"
 1854 0044 6D645F75 		.ascii	"md_uart_send\000"
 1854      6172745F 
 1854      73656E64 
 1854      00
 1855 0051 00       		.ascii	"\000"
 1856 0052 00       		.ascii	"\000"
 1857 0053 00       		.ascii	"\000"
 1858 0054 00000000 		.ascii	"\000\000\000\000\000\000\000\000"
 1858      00000000 
 1859 005c 25010000 		.ascii	"%\001\000\000"
 1860 0060 6D645F75 		.ascii	"md_uart_send_string\000"
 1860      6172745F 
 1860      73656E64 
 1860      5F737472 
 1860      696E6700 
 1861 0074 00       		.ascii	"\000"
 1862 0075 00       		.ascii	"\000"
ARM GAS  C:\Users\PUBLIC~1.LAP\AppData\Local\Temp\ccazXeXn.s 			page 76


 1863 0076 00       		.ascii	"\000"
 1864 0077 00000000 		.ascii	"\000\000\000\000\000\000\000\000"
 1864      00000000 
 1865 007f 2B010000 		.ascii	"+\001\000\000"
 1866 0083 6D645F75 		.ascii	"md_uart_receive\000"
 1866      6172745F 
 1866      72656365 
 1866      69766500 
 1867 0093 00       		.ascii	"\000"
 1868 0094 00       		.ascii	"\000"
 1869 0095 00       		.ascii	"\000"
 1870 0096 00000000 		.ascii	"\000\000\000\000\000\000\000\000"
 1870      00000000 
 1871 009e 2F010000 		.ascii	"/\001\000\000"
 1872 00a2 6D645F75 		.ascii	"md_uart_receive_string\000"
 1872      6172745F 
 1872      72656365 
 1872      6976655F 
 1872      73747269 
 1873 00b9 00       		.ascii	"\000"
 1874 00ba 00       		.ascii	"\000"
 1875 00bb 00       		.ascii	"\000"
 1876 00bc 00000000 		.ascii	"\000\000\000\000\000\000\000\000"
 1876      00000000 
 1877 00c4 31010000 		.ascii	"1\001\000\000"
 1878 00c8 6D645F75 		.ascii	"md_uart_getting_baudrate\000"
 1878      6172745F 
 1878      67657474 
 1878      696E675F 
 1878      62617564 
 1879 00e1 00       		.ascii	"\000"
 1880 00e2 00       		.ascii	"\000"
 1881 00e3 00       		.ascii	"\000"
 1882 00e4 00000000 		.ascii	"\000\000\000\000\000\000\000\000"
 1882      00000000 
 1883 00ec 35010000 		.ascii	"5\001\000\000"
 1884 00f0 53797374 		.ascii	"SystemFrequency_APBClk\000"
 1884      656D4672 
 1884      65717565 
 1884      6E63795F 
 1884      41504243 
 1885 0107 00       		.ascii	"\000"
 1886 0108 02       		.ascii	"\002"
 1887 0109 00       		.ascii	"\000"
 1888 010a 00000000 		.ascii	"\000\000\000\000\000\000\000\000"
 1888      00000000 
 1889 0112 18010000 		.ascii	"\030\001\000\000"
 1890              		.text
 1891              		.section	.gnu.lto_.ext_symtab.840c235b,"e",%progbits
 1892 0000 01       		.ascii	"\001"
 1893 0001 01       		.ascii	"\001"
 1894 0002 00       		.ascii	"\000"
 1895 0003 01       		.ascii	"\001"
 1896 0004 00       		.ascii	"\000"
 1897 0005 01       		.ascii	"\001"
 1898 0006 00       		.ascii	"\000"
 1899 0007 01       		.ascii	"\001"
ARM GAS  C:\Users\PUBLIC~1.LAP\AppData\Local\Temp\ccazXeXn.s 			page 77


 1900 0008 00       		.ascii	"\000"
 1901 0009 01       		.ascii	"\001"
 1902 000a 00       		.ascii	"\000"
 1903 000b 01       		.ascii	"\001"
 1904 000c 00       		.ascii	"\000"
 1905 000d 01       		.ascii	"\001"
 1906 000e 00       		.ascii	"\000"
 1907 000f 02       		.ascii	"\002"
 1908 0010 01       		.ascii	"\001"
 1909              		.text
 1910              		.section	.gnu.lto_.opts,"e",%progbits
 1911 0000 272D666E 		.ascii	"'-fno-openmp' '-fno-openacc' '-fno-pie' '-fcf-prote"
 1911      6F2D6F70 
 1911      656E6D70 
 1911      2720272D 
 1911      666E6F2D 
 1912 0033 6374696F 		.ascii	"ction=none' '-g' '-mcpu=cortex-m0' '-mthumb' '-mflo"
 1912      6E3D6E6F 
 1912      6E652720 
 1912      272D6727 
 1912      20272D6D 
 1913 0066 61742D61 		.ascii	"at-abi=soft' '-mlibarch=armv6s-m' '-march=armv6s-m'"
 1913      62693D73 
 1913      6F667427 
 1913      20272D6D 
 1913      6C696261 
 1914 0099 20272D4F 		.ascii	" '-Os' '-fomit-frame-pointer' '-falign-functions=16"
 1914      73272027 
 1914      2D666F6D 
 1914      69742D66 
 1914      72616D65 
 1915 00cc 2720272D 		.ascii	"' '-ffunction-sections' '-fdata-sections' '-fno-com"
 1915      6666756E 
 1915      6374696F 
 1915      6E2D7365 
 1915      6374696F 
 1916 00ff 6D6F6E27 		.ascii	"mon' '-flto' '-Xassembler' '-alms=./build/lst/md_ua"
 1916      20272D66 
 1916      6C746F27 
 1916      20272D58 
 1916      61737365 
 1917 0132 72742E6C 		.ascii	"rt.lst'\000"
 1917      73742700 
 1918              		.text
 1919              		.comm	__gnu_lto_slim,1,1
 1920              		.ident	"GCC: (GNU) 12.2.0"
ARM GAS  C:\Users\PUBLIC~1.LAP\AppData\Local\Temp\ccazXeXn.s 			page 78


DEFINED SYMBOLS
                            *ABS*:00000000 md_uart.c
C:\Users\PUBLIC~1.LAP\AppData\Local\Temp\ccazXeXn.s:24     .gnu.debuglto_.debug_info:00000000 md_uart.c.8d5af067
                            *COM*:00000001 __gnu_lto_slim

NO UNDEFINED SYMBOLS
